Churn,Children,Income,Outage_sec_perweek,Yearly_equip_failure,Phone,Multiple,OnlineSecurity,OnlineBackup,DeviceProtection,TechSupport,StreamingTV,StreamingMovies,PaperlessBilling,Tenure,InternetService_DSL,InternetService_Fiber_Optic,Gender_Female,Marital_Divorced,Marital_Married,Marital_Never_Married,Marital_Separated,Contract_Monthly,Contract_One_Year
0,0,28561.99,7.978322947,1,1,0,1,1,0,0,0,1,1,6.795512947,0,1,0,0,0,0,0,0,1
1,1,21704.77,11.69907956,1,1,1,1,0,0,0,1,1,1,1.156680997,0,1,1,0,1,0,0,1,0
0,4,9609.57,10.75280028,1,1,1,0,0,0,0,0,1,1,15.75414408,1,0,1,0,0,0,0,0,0
0,1,18925.23,14.91353964,0,1,0,1,0,0,0,1,0,1,17.08722662,1,0,0,0,1,0,0,0,0
1,0,40074.19,8.147416533,1,0,0,0,0,0,1,1,0,0,1.670971726,0,1,0,0,0,0,1,1,0
1,0,11467.5,11.18272453,1,1,0,0,0,0,1,1,1,0,13.23677381,1,0,0,0,0,0,0,1,0
1,2,26759.64,7.791632265,0,0,0,0,1,0,0,0,0,1,4.26425515,1,0,1,0,1,0,0,1,0
0,1,50231.4,8.707823904,0,1,0,1,0,1,0,0,1,1,3.422086139,0,1,1,0,1,0,0,0,0
0,7,22580.7,9.341631685,2,1,1,1,1,0,0,1,0,0,19.26726194,1,0,1,0,0,0,1,1,0
0,2,18342.12,6.68082638,1,1,0,0,0,1,0,1,0,0,10.52199781,0,1,1,0,1,0,0,1,0
0,0,83671.08,8.273875452,0,1,0,0,0,0,0,1,0,0,13.01149229,0,1,0,1,0,0,0,1,0
1,1,64256.81,11.79073041,0,0,1,0,1,0,1,0,0,1,10.06019902,1,0,0,0,0,0,1,1,0
1,3,89061.45,10.79846973,0,1,0,1,0,0,0,1,1,1,13.87001293,0,0,0,1,0,0,0,0,1
1,0,31659.3,13.52284721,0,1,1,0,1,1,0,0,1,1,15.78214958,1,0,1,0,1,0,0,1,0
1,2,44142.81,9.831166695,0,1,0,1,0,1,1,1,1,0,2.303331273,0,0,0,0,0,0,1,0,0
0,3,39262.14,9.57470568,0,1,0,0,1,1,1,1,0,1,17.10995632,0,0,1,0,0,0,0,0,0
1,3,19494.75,10.92246098,0,1,1,0,0,0,0,1,0,1,12.80615845,1,0,0,1,0,0,0,1,0
0,3,27442.03,9.372975594,1,1,0,0,0,0,1,0,0,1,6.652298992,0,1,0,0,0,0,0,1,0
0,2,79699.62,7.109002592,0,1,0,0,0,0,1,1,0,1,8.543717478,0,1,0,1,0,0,0,0,1
1,3,28520.32,13.74777955,0,1,1,1,0,1,0,0,1,0,5.770390256,0,0,1,0,0,0,0,1,0
1,1,12558.83,9.767668044,0,1,0,0,0,0,0,0,0,0,4.157658837,1,0,0,0,0,0,1,1,0
1,1,8762.23,15.8626095,1,1,0,1,0,1,0,1,1,0,10.40566091,0,1,1,0,1,0,0,1,0
1,0,43882.72,14.73616645,0,1,0,0,1,1,0,1,0,1,1.392421597,0,0,1,0,0,0,0,1,0
1,3,10482.52,13.43558029,0,1,0,0,0,1,0,1,1,0,1.430386349,1,0,1,0,0,0,1,0,1
1,4,33442.79,10.61771118,0,1,1,1,1,1,0,1,1,1,5.425864884,1,0,0,0,0,1,0,0,0
0,0,21793.88,4.450171647,0,1,1,0,1,0,1,0,0,0,3.586184954,0,0,1,0,0,1,0,0,0
1,5,25942.1,11.13156721,1,1,1,1,1,0,0,1,0,0,20.89923386,1,0,0,0,0,0,1,1,0
1,4,11211.59,5.540788887,0,1,1,1,0,1,1,1,1,0,3.471329958,0,1,0,0,0,0,0,0,1
1,1,8283.29,13.80362698,1,1,1,1,1,0,1,0,0,1,5.478588204,1,0,0,0,0,1,0,1,0
1,2,10114.81,16.31017089,1,1,1,1,1,1,1,0,1,1,3.312991809,0,1,1,0,0,1,0,1,0
0,1,25397.44,16.84100845,0,1,0,1,1,0,1,0,1,0,9.847563364,0,1,1,1,0,0,0,0,0
0,1,50336.5,7.972937227,1,1,0,0,1,1,0,0,0,0,16.04202196,0,1,0,1,0,0,0,0,0
1,4,12003.33,12.54780492,2,1,1,1,0,0,1,1,1,0,3.924254455,0,1,0,1,0,0,0,0,0
1,0,15137.93,13.156514,0,1,1,1,0,0,0,1,1,1,8.798394712,0,1,1,0,0,1,0,0,0
0,2,76430.83,12.43563329,1,1,0,0,0,0,1,0,0,1,11.56938439,0,0,1,0,1,0,0,1,0
1,2,4662.37,8.957166926,0,1,1,0,0,1,1,0,1,0,3.343811019,1,0,1,0,0,0,1,1,0
1,5,43820.85,8.015021713,0,1,0,0,0,1,0,1,1,1,7.338869531,0,0,1,1,0,0,0,1,0
1,0,44137.6,11.13960534,0,1,1,0,0,0,0,1,0,1,1.55278221,0,1,1,0,0,0,1,0,1
0,1,62359.91,10.91594785,1,1,0,0,0,1,0,1,0,0,13.98666226,1,0,1,0,0,0,1,0,1
1,1,82634.86,8.387624096,1,1,0,0,1,0,0,0,0,1,9.563362997,1,0,0,0,1,0,0,1,0
0,1,15690.25,11.4487514,1,1,0,1,0,1,1,0,1,1,6.732948946,0,0,1,0,0,0,0,0,0
1,1,14568.7,10.22013704,0,1,1,0,0,0,1,1,1,1,15.72071086,0,0,0,0,0,0,1,0,0
0,0,29207.46,8.425458142,0,1,0,0,0,1,0,0,0,1,7.233605493,0,1,1,0,0,1,0,0,0
0,1,55319.23,8.386280619,0,1,0,1,1,0,1,0,1,1,2.871017037,1,0,1,0,0,1,0,0,1
0,1,81831.49,9.565924291,0,1,1,0,0,1,1,1,0,0,2.344875382,0,1,0,0,0,0,0,1,0
1,0,100076.65,10.79349982,0,1,0,1,1,0,0,0,1,1,7.960490246,1,0,1,0,0,0,1,1,0
0,1,69965.65,6.081975067,0,1,0,0,0,1,0,0,0,0,12.25062113,0,0,0,0,0,0,0,1,0
0,1,34883.69,13.55065547,0,1,0,0,0,1,0,0,1,1,9.634946079,0,0,1,1,0,0,0,1,0
0,2,45634.2,9.470419821,0,1,1,0,1,1,0,1,0,0,7.916533093,1,0,0,0,0,1,0,0,0
1,3,10964.73,6.194985909,1,1,1,0,0,1,1,1,1,1,4.471254161,0,1,1,0,1,0,0,1,0
1,1,22365.28,10.80393657,0,1,0,0,0,0,0,1,1,0,10.79028074,0,1,0,0,0,0,0,1,0
0,0,52636.6,7.903964267,1,1,1,1,0,0,0,1,0,0,12.24190682,1,0,0,0,0,0,1,1,0
1,1,19048.13,11.27443693,1,1,0,0,0,1,0,1,1,1,2.203859443,1,0,1,0,0,0,1,1,0
1,4,42784.82,6.129509309,0,1,0,1,1,0,1,1,1,0,23.92132231,0,0,1,0,1,0,0,0,1
1,0,77996.88,7.969277912,0,1,1,0,1,0,1,1,1,1,3.7311787,1,0,0,1,0,0,0,0,1
0,3,47507.3,4.368120492,0,1,0,0,1,0,0,0,0,1,7.980015371,0,1,1,0,1,0,0,0,0
1,3,7724.73,6.258356398,1,1,0,0,1,1,1,1,1,1,9.190009376,0,1,0,1,0,0,0,1,0
1,1,1509.52,12.92303286,0,1,1,0,1,1,0,0,1,0,2.378630018,0,1,0,0,0,1,0,1,0
1,2,81124.71,12.43301273,0,1,1,1,1,1,1,1,1,1,5.43464555,1,0,1,0,1,0,0,0,1
1,4,11795.57,7.607663559,0,0,0,0,0,1,1,1,1,1,1.092361222,0,0,1,0,0,0,0,0,0
0,1,74794.84,7.442789019,1,1,0,0,1,0,0,0,1,0,20.13981517,1,0,0,0,0,1,0,0,0
1,1,19038.78,13.04429298,0,1,1,0,0,0,0,1,1,1,24.64873861,0,1,1,0,0,1,0,1,0
0,0,79167.77,14.89762162,0,1,0,1,0,1,0,0,0,1,9.677739656,0,1,0,1,0,0,0,1,0
1,1,37428.26,13.79387475,1,1,0,0,0,0,0,1,1,0,9.82814183,1,0,1,0,1,0,0,0,1
0,0,45148.38,15.66367593,0,1,1,0,0,1,1,0,0,0,7.832238337,0,1,0,1,0,0,0,1,0
0,5,74855.47,8.513410306,0,1,1,0,0,0,1,0,1,0,19.45250317,0,1,1,0,0,0,1,0,0
0,4,45323.86,8.265002035,0,1,0,1,0,1,1,0,0,1,14.34766616,1,0,0,1,0,0,0,1,0
0,0,10389.95,6.03993035,0,1,0,1,0,0,0,1,0,1,2.358129018,0,1,0,0,0,1,0,0,1
0,3,19657.14,14.6040829,0,1,0,0,1,0,1,0,0,1,4.650578623,0,0,0,0,0,0,0,1,0
1,0,27827.03,7.274007029,1,1,1,0,0,0,0,1,1,0,3.721772616,0,0,1,1,0,0,0,1,0
1,4,15609.05,8.913898759,0,1,0,0,0,0,0,1,1,1,3.76663012,1,0,1,0,0,0,1,1,0
1,2,15841.19,6.942719201,1,1,1,0,1,1,0,0,0,0,19.75096265,1,0,0,0,0,1,0,0,0
1,0,24270.88,11.0596826,0,1,0,1,1,1,0,1,1,1,4.672610857,0,1,1,1,0,0,0,1,0
0,0,54466.33,8.834079073,1,1,0,0,0,1,0,0,0,0,6.796299371,0,1,1,0,1,0,0,1,0
0,5,103311.26,9.394961367,0,1,0,1,1,1,1,0,0,1,20.31163945,0,1,0,0,0,1,0,1,0
1,0,58077.38,10.68311773,1,0,0,0,1,1,1,1,1,1,14.46288204,0,0,0,0,0,0,1,1,0
1,0,23289.77,12.40165307,0,1,1,0,0,1,0,1,1,1,2.542296644,0,0,1,1,0,0,0,1,0
0,2,49158.49,10.24782033,0,1,0,0,1,0,0,0,1,1,17.22596021,0,1,0,0,0,0,1,0,0
1,0,3805.84,14.86100819,2,0,1,0,1,1,0,1,0,1,22.79214163,0,1,0,1,0,0,0,1,0
1,3,30550.42,8.124258176,0,1,1,1,1,0,0,1,1,0,10.77094687,1,0,1,0,0,0,0,1,0
1,2,12154.01,14.60903837,2,1,1,0,1,0,1,1,0,1,13.08671185,0,0,0,1,0,0,0,1,0
1,0,30649.31,12.65015936,2,0,1,0,0,0,1,0,1,0,14.76468813,1,0,0,0,1,0,0,1,0
1,3,31417.33,12.0281501,0,1,1,0,0,1,1,1,0,1,9.473091121,0,1,0,0,1,0,0,1,0
1,1,9044.26,11.30421466,1,1,1,0,0,1,0,0,1,1,6.577552683,0,1,1,0,0,0,0,0,0
1,0,25381.66,10.26646787,0,1,0,0,0,0,1,0,1,0,3.174571918,0,1,1,0,0,1,0,1,0
0,1,65064.31,7.56618217,0,1,0,0,0,0,0,0,0,1,17.88002366,0,1,0,0,0,0,0,1,0
1,0,12527.51,10.40677369,0,1,0,1,1,0,1,1,0,1,13.12190056,0,1,0,1,0,0,0,1,0
0,0,35499.06,7.146124361,0,1,0,1,1,0,0,1,0,0,23.34617699,0,1,1,1,0,0,0,1,0
1,3,64222.21,5.785085772,1,1,0,0,0,0,0,0,1,0,7.120096363,1,0,0,0,1,0,0,1,0
1,0,11014.98,9.062879297,0,1,0,0,1,0,1,1,1,0,9.344886869,0,0,0,1,0,0,0,0,0
0,4,21172.49,16.54443477,0,1,1,0,1,0,0,0,0,1,22.37815032,1,0,1,1,0,0,0,0,0
0,1,36478.21,7.251198724,0,1,0,0,1,0,1,0,0,1,10.04672315,0,0,0,0,0,0,0,1,0
0,2,37103.18,12.57884215,1,1,1,0,0,1,0,1,0,0,7.992791229,0,0,1,0,0,0,1,0,0
0,0,34281.1,11.75681641,0,0,1,0,1,1,1,0,0,0,10.05306287,1,0,0,0,0,1,0,0,0
0,0,36240.81,9.173739977,1,1,0,1,0,1,1,0,0,0,4.171044392,1,0,0,0,0,0,1,0,0
1,3,87354.99,5.290318715,0,1,1,0,0,1,0,1,1,1,9.743201772,0,1,0,1,0,0,0,1,0
0,2,76567.85,5.258274954,0,1,0,0,0,0,0,0,0,1,9.482919033,0,1,0,0,0,0,1,1,0
0,1,30663.52,7.157580014,0,1,1,0,1,1,0,0,0,1,8.447988841,0,1,0,0,1,0,0,0,0
0,1,31600.92,4.978546291,0,1,1,0,1,1,1,1,0,1,7.251397592,1,0,0,0,0,0,0,0,1
1,4,74638.78,6.547676875,1,0,1,1,0,1,0,1,1,1,14.64011644,0,1,1,0,0,1,0,0,1
0,4,63650.54,11.39765385,1,1,1,0,0,1,1,0,0,1,4.13273503,0,1,1,1,0,0,0,0,0
1,1,28622.6,11.29945603,0,1,1,0,1,0,0,1,0,1,2.887429547,0,1,1,0,0,0,0,1,0
0,3,50252.79,11.30748265,2,1,0,0,1,1,0,0,1,0,3.303030246,0,1,0,0,0,1,0,1,0
0,3,19800.81,10.31551212,1,1,0,0,0,1,0,0,1,0,5.15825129,1,0,0,1,0,0,0,0,1
1,1,48715.53,11.9664542,0,1,0,0,1,0,1,1,1,1,3.180102025,0,0,0,1,0,0,0,0,0
0,1,23204.98,10.18046877,0,0,0,0,0,0,1,0,0,1,15.85983755,1,0,0,1,0,0,0,0,0
1,1,35302.52,14.01485542,1,1,1,0,1,0,0,1,1,0,11.73724209,0,1,0,0,0,0,1,1,0
1,2,60398.06,10.90517581,0,1,1,1,0,0,1,0,1,0,5.562130367,1,0,1,0,0,1,0,0,1
0,2,8115.88,8.894475174,1,1,0,0,0,0,1,1,1,1,14.53027663,0,1,1,0,0,1,0,0,1
1,3,29950.47,12.34250072,1,1,1,1,1,0,0,0,1,1,3.260462654,1,0,1,0,1,0,0,1,0
0,4,49421.69,10.29380879,0,1,1,1,1,1,0,0,1,1,18.91276578,0,1,0,0,0,0,1,0,1
0,1,11061.05,8.512650562,1,1,0,0,0,0,1,1,1,0,14.25617986,0,1,1,0,1,0,0,0,0
1,0,15388.32,7.82671592,2,1,0,0,0,0,1,1,1,1,7.983887266,0,0,1,0,0,0,1,0,1
1,0,47877.81,11.40449185,0,1,1,0,0,1,0,1,1,1,19.95277818,0,1,0,0,1,0,0,0,0
1,3,10403.59,10.68024546,1,1,1,0,0,1,0,1,0,1,11.92299244,0,1,1,0,1,0,0,1,0
0,3,22412.6,10.62439366,0,1,0,0,1,0,0,1,0,1,5.972864167,1,0,1,0,1,0,0,0,0
1,6,19476.27,10.91642397,0,1,0,0,0,1,1,1,1,0,10.87555535,0,0,1,0,0,0,0,0,0
1,3,96382.76,8.580626195,0,1,0,1,0,1,1,1,1,0,16.00330155,0,0,0,0,1,0,0,0,0
0,1,28022.56,8.996933306,1,1,0,0,0,0,1,0,1,0,12.63074989,0,1,1,1,0,0,0,0,0
0,1,35478.4,7.602570192,0,1,0,0,0,0,1,1,0,1,8.4944392,0,1,1,0,1,0,0,1,0
0,3,87537.25,9.591529444,1,1,1,0,0,0,1,0,0,0,12.07358377,1,0,0,1,0,0,0,0,0
1,4,34112.1,13.36027908,0,1,0,0,0,1,0,1,1,1,10.21634248,0,0,0,0,0,1,0,0,1
1,0,32653.51,4.372034777,0,1,1,1,0,1,0,1,0,0,15.50354683,1,0,0,0,1,0,0,1,0
1,0,37297.82,3.767298987,0,1,1,0,1,0,1,1,0,0,10.01771765,0,1,1,0,0,0,0,0,0
1,3,24702.68,11.2369761,2,1,0,0,0,1,1,1,0,0,12.64742067,0,1,1,1,0,0,0,1,0
0,1,87535.71,8.54892416,1,1,0,1,0,0,0,1,0,0,8.850426839,1,0,0,1,0,0,0,0,0
1,6,63166.87,6.094109902,0,1,0,0,0,0,0,1,1,0,3.701557118,0,1,1,1,0,0,0,0,1
0,4,11856.81,13.9077275,0,1,1,0,1,1,1,0,1,1,2.976033785,0,0,1,0,0,0,1,0,1
0,0,27326.79,7.905333122,0,1,0,1,1,1,0,1,0,1,5.522376826,0,1,0,0,0,0,0,0,0
1,4,25519.91,12.8219418,1,1,1,0,0,0,0,1,1,1,23.00764441,0,1,0,0,0,1,0,1,0
0,7,46871.21,8.941553742,0,1,0,0,1,1,1,0,0,1,17.24924155,1,0,0,1,0,0,0,0,1
1,1,47395.3,11.86384439,0,1,1,1,1,1,1,0,1,1,5.104082209,1,0,1,1,0,0,0,0,0
0,2,90977.74,10.76051016,0,1,1,0,1,0,0,0,0,0,3.521499924,1,0,1,0,0,0,0,0,0
1,1,47726.25,8.174495258,0,1,0,1,1,1,0,0,1,1,1.875430489,0,0,1,0,0,0,1,1,0
0,1,51721.64,10.05388383,0,1,0,0,0,0,0,0,0,0,5.587484456,0,0,1,0,0,1,0,0,1
0,0,33504.8,8.957297136,0,1,0,0,0,0,0,1,0,1,1.408375942,1,0,1,1,0,0,0,0,1
1,0,32097.17,13.62135046,1,1,1,0,1,0,0,0,1,1,3.892407013,0,1,1,0,0,0,0,1,0
1,1,23424.88,14.95912113,1,1,0,1,0,0,0,1,1,0,3.226996711,0,1,0,0,0,1,0,0,0
0,1,35988.24,11.741245,0,1,0,1,1,0,0,0,1,0,15.87685513,0,0,1,0,0,0,1,0,1
0,4,35539.7,7.765121655,1,1,0,0,0,1,0,0,1,0,5.874064017,1,0,0,0,0,1,0,0,0
0,1,27959.34,7.130431693,0,1,0,0,0,0,0,1,0,1,3.756359276,0,1,0,0,0,0,1,1,0
0,6,52232.97,8.359515606,0,1,0,0,1,0,0,0,0,0,2.905283283,0,0,1,0,0,0,0,1,0
1,1,18198.59,9.42799205,0,1,1,0,0,1,0,1,1,1,1.474810061,0,1,0,0,0,1,0,1,0
1,0,16851.94,10.95510131,1,1,1,0,1,1,1,0,1,1,18.56165869,0,0,0,0,0,0,0,1,0
1,1,16440.05,10.8621377,0,1,1,0,1,0,0,1,1,0,12.39088509,1,0,0,0,0,1,0,1,0
0,3,44223.58,7.352533505,0,1,0,0,1,0,0,1,0,0,14.17192333,0,0,1,0,0,0,0,1,0
0,0,33343.73,11.38860234,0,1,0,1,1,0,0,1,0,1,3.86023041,0,0,0,0,0,0,0,0,0
0,0,31934.04,10.79191234,0,1,0,1,1,1,0,1,0,1,3.043063167,0,1,0,1,0,0,0,1,0
0,1,26676.4,9.982341124,0,1,1,0,0,0,0,1,0,0,5.827112819,0,1,1,0,0,0,0,0,1
1,1,67211.95,6.511921085,1,1,1,1,0,1,0,0,1,0,4.648958177,0,0,0,0,0,1,0,1,0
0,2,31136.77,10.70500472,0,1,0,1,0,0,0,1,0,1,11.96274778,1,0,1,0,0,0,0,1,0
0,5,40660.84,11.58410296,1,0,0,0,0,0,0,1,0,0,4.525864256,0,1,0,0,0,0,0,1,0
0,0,10606.59,8.01651453,1,1,1,1,1,0,1,1,0,0,8.038308899,0,1,1,1,0,0,0,0,0
0,3,92447.71,15.12148226,0,1,1,1,1,0,0,0,0,1,1.416592892,1,0,1,1,0,0,0,0,1
1,3,13765.39,16.68178185,0,0,1,0,0,1,0,1,1,1,15.85002222,1,0,1,0,0,0,0,1,0
0,0,42523.02,12.99948061,1,1,1,0,0,0,1,0,0,1,11.94550648,1,0,0,0,0,0,1,1,0
0,5,19097.94,7.369412654,1,1,1,0,0,0,0,0,0,0,21.29342532,1,0,1,0,0,0,0,0,0
1,1,22533.05,13.53989069,1,0,0,1,1,1,0,1,1,0,4.973046104,0,1,1,0,0,0,0,0,1
1,3,19974.4,5.458806701,0,1,1,1,0,1,0,1,1,0,10.28430068,0,1,1,0,0,1,0,1,0
1,3,10330.1,6.918984305,0,1,1,0,0,0,0,0,1,0,6.945736396,1,0,0,0,1,0,0,1,0
0,0,15281.28,14.84155042,0,1,1,1,0,0,1,0,0,1,9.999416271,1,0,0,0,0,1,0,1,0
1,1,11217.96,12.66717474,0,1,1,0,0,0,0,0,1,0,6.035737465,0,1,0,1,0,0,0,1,0
0,1,17516,11.43786808,1,0,0,0,1,1,0,0,0,1,9.004964377,1,0,1,0,0,0,1,1,0
1,2,20566.64,6.915228797,0,1,1,0,0,1,0,1,1,0,5.071456681,1,0,1,0,1,0,0,0,1
1,1,36128.68,11.30215199,1,1,1,1,1,1,1,0,0,1,12.02106494,0,1,0,0,1,0,0,1,0
0,1,25985.06,9.497106973,0,1,0,1,0,0,0,0,1,0,18.17247008,0,1,1,0,0,1,0,0,0
1,1,10909.79,12.21852573,0,1,1,0,0,0,0,1,1,1,15.31997698,1,0,1,0,0,0,0,0,0
0,1,41151.14,8.272244827,0,1,1,0,0,1,0,0,0,0,16.0708543,0,1,1,1,0,0,0,1,0
0,4,64063.23,10.24857935,0,1,0,0,0,0,1,0,1,0,7.873371451,0,0,1,0,1,0,0,0,0
0,1,20414.07,6.743431946,1,1,0,0,1,1,0,1,0,1,23.62866494,0,0,1,0,0,1,0,0,0
1,0,41412.1,12.4703522,0,1,1,0,1,1,0,1,1,1,25.8634566,1,0,0,0,0,0,0,1,0
0,0,18408.94,9.362849722,0,1,1,0,1,0,1,0,0,1,12.84490034,0,1,1,0,1,0,0,1,0
1,3,15930.45,17.41324465,1,0,1,0,0,1,1,1,0,1,16.59325254,1,0,0,0,0,0,1,1,0
0,0,25611.29,13.43700846,0,1,0,0,0,0,0,1,1,0,20.35456039,1,0,0,1,0,0,0,1,0
0,4,9428.86,11.95206054,1,1,0,0,1,0,0,0,1,1,12.00925702,0,1,1,1,0,0,0,1,0
0,1,3810.16,4.550449856,1,1,1,1,0,0,0,0,0,0,2.861423443,0,0,1,0,0,1,0,1,0
1,1,51992.79,10.2863601,1,1,0,0,0,0,0,1,1,1,4.98152586,0,1,1,0,1,0,0,1,0
0,0,37706.85,14.12145884,0,1,0,0,0,0,1,1,1,1,6.307178205,1,0,0,0,0,0,0,0,0
0,4,16608.27,7.122072827,0,1,1,0,1,0,0,0,0,0,12.00466914,0,0,1,0,1,0,0,0,0
0,2,25146.14,9.329902365,0,1,0,0,0,0,0,0,1,0,2.243757398,0,1,0,1,0,0,0,0,1
0,2,58882.35,7.509389052,0,1,1,1,0,1,1,1,0,0,1.583394702,0,1,0,1,0,0,0,0,1
0,4,31809.46,15.06990851,0,1,1,1,1,1,1,0,0,1,14.23487852,0,0,1,0,0,1,0,0,1
1,3,70476.82,3.564651961,0,1,1,0,1,0,1,0,0,0,4.135827839,1,0,0,0,1,0,0,1,0
1,0,49396.09,7.779622319,0,0,0,1,0,1,0,1,1,1,9.740709475,0,0,0,0,0,0,0,1,0
1,6,35060.94,10.74985413,1,1,0,1,0,1,0,1,1,0,1.213704886,1,0,1,0,0,1,0,0,0
0,0,66055.53,7.738373361,0,1,0,0,1,0,0,0,0,1,11.86252419,0,1,1,1,0,0,0,1,0
0,7,91335.76,12.01267388,0,1,0,1,1,1,1,0,0,1,2.416685985,1,0,0,0,0,0,0,0,1
0,3,54349.75,14.04748759,1,1,0,0,1,1,0,0,0,1,6.73327535,0,0,0,0,0,0,0,1,0
1,4,44426.28,6.269792565,0,0,1,0,1,0,0,0,1,1,3.379756569,0,1,0,0,0,0,0,1,0
0,0,63284.16,9.803905459,1,1,1,0,0,0,1,0,0,1,8.959047529,0,0,1,1,0,0,0,0,0
0,3,14039.21,8.571019738,0,1,1,0,0,1,1,1,0,0,10.23679934,1,0,0,0,0,0,0,0,0
1,0,12453.24,10.00344746,1,0,0,1,1,1,0,1,1,1,14.96503088,1,0,0,1,0,0,0,1,0
1,1,15934.12,4.255224068,1,1,1,0,1,1,0,1,1,0,23.79323993,0,1,1,0,0,1,0,0,1
1,4,5511.77,8.477982632,0,1,0,1,0,0,0,1,1,0,11.04076215,0,0,0,0,1,0,0,1,0
1,3,10701.11,9.753145376,1,0,1,0,0,0,0,1,1,0,7.425503428,1,0,1,0,0,1,0,1,0
1,1,10767.15,14.57387887,0,1,1,1,1,1,1,0,1,1,2.411712843,0,0,0,1,0,0,0,0,1
0,4,13493.63,13.134415539999999,1,1,1,1,0,0,1,0,1,0,2.009542213,0,1,1,0,0,0,1,0,1
1,0,25071.58,11.62771397,0,1,0,0,0,0,0,1,1,1,9.068119482,0,0,0,0,0,0,1,1,0
1,0,368.5,6.114030983,1,1,1,1,0,0,0,0,0,0,1.926789854,0,1,0,0,0,1,0,1,0
0,0,56154.5,6.348897952,0,1,1,0,0,1,0,0,0,0,2.585228303,0,1,1,0,1,0,0,0,1
0,0,62145.59,16.10939031,1,1,1,1,0,0,1,1,1,1,9.517703088,0,1,1,0,0,0,0,0,1
0,1,6517.94,7.151598137,0,1,0,0,0,0,0,1,0,1,9.532523799,0,1,1,0,1,0,0,0,0
0,1,19090.03,4.575363954,0,1,0,1,0,1,1,1,1,1,23.103996,0,1,0,0,0,1,0,1,0
1,0,13194.33,13.42263904,0,1,0,0,1,0,1,0,0,1,5.104873611,0,1,0,1,0,0,0,1,0
1,2,63963.36,3.559550725,0,1,1,0,0,1,0,1,1,0,6.877942744,1,0,1,0,1,0,0,1,0
1,1,34447.89,5.971214226,0,1,0,0,0,0,0,1,0,1,21.17839683,0,1,0,0,1,0,0,0,1
0,2,36315.29,7.287197615,0,1,0,0,0,0,1,1,0,1,1.586331702,1,0,1,0,0,0,1,1,0
1,0,5009.07,11.30031859,0,1,1,1,0,0,0,1,1,1,3.778174405,0,1,1,1,0,0,0,1,0
1,1,14202.72,10.26519974,0,1,0,0,0,0,0,1,1,0,11.58276897,1,0,1,0,0,1,0,1,0
0,1,36453.31,10.96553586,0,1,1,0,0,0,1,0,1,1,20.78013031,0,0,0,1,0,0,0,0,1
0,0,65951.35,2.98020454,0,1,0,0,0,1,1,0,0,1,11.38099891,0,1,1,0,0,0,1,1,0
1,0,17080.57,10.32744663,1,1,1,1,1,1,1,0,1,1,6.253919786,1,0,1,1,0,0,0,0,0
0,2,68122.23,9.22949351,0,1,1,1,1,0,0,0,0,1,18.9537053,0,1,1,0,0,0,1,0,1
0,2,39468.79,10.02758972,1,1,1,1,1,0,1,0,1,1,9.640061615,1,0,1,0,0,0,0,0,0
1,1,84301.44,10.97274944,1,1,1,0,1,1,1,0,1,1,12.42120946,1,0,0,0,0,0,1,1,0
0,2,42469.81,11.87042081,0,1,1,1,0,1,0,0,0,1,8.134438503,0,1,0,0,0,1,0,1,0
0,0,75458.79,9.531063533,0,1,1,1,0,0,0,0,0,1,14.86764776,0,1,1,0,0,0,1,0,0
0,3,60345.9,8.798065013,0,1,0,0,0,1,0,0,1,1,5.548652108,0,0,0,0,0,1,0,0,0
0,4,76066.77,15.27146446,1,1,0,0,1,1,0,1,0,0,18.35541838,0,0,0,0,0,0,1,1,0
1,2,42755.27,7.014445177,1,1,0,0,0,1,0,1,1,1,7.62779591,0,1,1,1,0,0,0,1,0
0,5,76874.25,10.62019312,0,1,1,0,1,0,1,0,1,0,4.439685675,0,1,0,0,0,0,0,0,1
0,1,41075.64,10.04585562,1,1,0,0,0,1,1,0,1,0,11.16903388,0,0,1,0,0,0,0,0,1
1,4,82131.87,9.975481565,0,1,1,0,1,0,0,0,1,1,3.212400569,0,1,1,0,0,0,1,0,0
0,2,28502.33,7.248946018,2,1,0,0,0,1,1,0,1,1,16.84928353,0,1,0,1,0,0,0,1,0
1,4,9450.84,9.53003591,1,1,1,0,0,0,0,1,0,1,3.834727471,0,0,0,0,0,0,1,1,0
0,1,44977.06,6.592317798,0,1,0,0,0,0,0,1,0,0,6.198230305,0,0,0,0,1,0,0,0,0
0,0,42093.64,11.44655577,0,0,0,0,0,1,1,0,1,1,4.355064781,0,0,0,0,1,0,0,0,1
0,3,55398.87,10.1755818,0,1,0,1,0,1,1,1,0,1,4.030250374,1,0,0,0,0,0,0,0,0
0,0,22362.59,13.7362126,2,1,0,0,1,1,0,0,0,1,9.915959247,0,0,1,0,0,1,0,0,1
1,0,40271.47,13.93422217,0,1,1,1,1,0,0,0,1,1,9.821728297,0,0,0,0,1,0,0,1,0
0,0,56178.63,3.405050602,0,1,0,0,0,1,0,0,0,0,9.183905417,0,1,0,1,0,0,0,1,0
0,0,21053.35,10.69284712,1,1,0,1,0,1,1,0,1,1,8.892893007,0,1,0,0,0,1,0,1,0
1,7,35102.93,13.357551,0,1,1,0,0,1,0,0,1,0,2.462148717,0,1,0,0,0,1,0,1,0
1,1,26391.1,14.04061351,0,1,0,0,0,0,1,1,1,0,14.09942339,0,1,0,0,0,1,0,0,1
1,1,29982.49,4.586902043,0,1,0,1,1,0,0,1,1,1,7.272649386,0,1,1,1,0,0,0,1,0
0,1,51154.34,11.03563726,0,1,1,1,0,0,0,1,1,0,3.999030359,0,0,1,1,0,0,0,0,1
0,1,37583.97,11.32768159,1,1,0,1,0,0,0,0,0,1,3.115945151,0,1,1,0,0,1,0,0,1
0,1,28654.87,5.307097721,0,1,0,1,1,0,1,0,0,0,13.67931764,0,1,1,1,0,0,0,1,0
0,4,11591.09,11.05733159,0,1,0,1,0,1,0,1,0,1,5.953547112,1,0,0,0,1,0,0,1,0
0,1,8495.04,7.045651851,2,1,0,0,0,0,1,0,0,1,5.954024226,0,0,0,0,0,0,0,0,0
1,5,17191.02,12.61411193,0,1,1,0,0,0,0,1,1,1,22.8577804,1,0,1,0,0,0,0,0,1
1,2,24732.09,9.703658153,1,1,0,1,0,1,0,0,0,0,1.407866545,1,0,0,1,0,0,0,1,0
0,0,27282.21,8.220453321,1,1,1,0,1,0,0,0,1,0,21.08265979,0,0,1,1,0,0,0,0,0
1,0,87568.16,11.11756812,0,1,0,0,0,1,0,1,1,1,9.734064703,1,0,1,0,1,0,0,1,0
1,0,69327.78,13.07119875,1,1,1,0,1,0,0,1,1,0,12.21754865,0,1,0,1,0,0,0,1,0
1,1,5194.22,12.10865222,0,1,1,1,0,0,1,1,0,0,2.423722078,0,0,0,0,1,0,0,1,0
0,1,12951.51,9.681031902,0,1,0,1,0,0,1,1,1,0,13.66061487,1,0,0,0,1,0,0,0,1
0,0,47288.09,7.535866122,0,1,0,0,1,1,1,0,0,0,4.844060027,0,1,0,1,0,0,0,1,0
0,3,42386.84,12.2870805,0,1,0,0,0,1,0,0,0,0,7.69213424,1,0,0,0,0,0,0,0,0
1,3,38864.57,10.66015784,0,1,1,1,1,0,0,0,1,1,13.73012915,0,1,0,0,0,0,0,1,0
0,1,9302.3,12.14893118,0,1,0,1,0,1,0,0,0,1,6.68894661,0,0,1,0,0,0,0,0,0
0,0,45225.74,12.71107869,0,1,0,0,1,0,0,0,1,0,9.475983046,0,1,1,1,0,0,0,0,1
1,0,29976.15,9.759360165,0,1,1,0,1,1,1,0,1,0,4.893221514,1,0,0,1,0,0,0,1,0
0,1,13155.79,2.816821044,1,0,0,0,1,0,1,0,0,1,2.656915117,0,0,1,1,0,0,0,1,0
1,4,14980.5,9.617602049,0,1,1,0,0,1,0,1,1,1,8.381515693,1,0,1,1,0,0,0,1,0
1,3,27978.78,13.97477268,0,0,1,1,0,0,1,1,0,0,1.281566108,0,0,0,0,0,1,0,1,0
1,0,34419.26,10.18921185,0,1,0,0,0,1,0,1,1,1,5.397827503,1,0,1,0,1,0,0,1,0
0,3,64420.19,11.01996949,2,1,1,0,0,0,1,0,1,1,10.9750814,0,1,0,0,1,0,0,0,0
1,3,64446.9,11.17971961,0,1,0,0,1,1,1,1,1,0,14.12966281,0,0,0,0,1,0,0,1,0
0,1,20647.83,12.16826675,0,1,0,0,1,0,0,0,0,0,14.66914461,1,0,1,0,0,1,0,0,0
1,0,23956.91,17.39213562,0,1,0,0,1,0,1,0,1,1,5.388165017,0,1,0,0,0,0,1,1,0
0,1,56003.36,12.02476736,0,1,0,1,0,0,1,0,0,0,2.810825808,0,0,0,0,0,0,1,0,0
0,4,70023.28,7.846521648,0,1,1,0,0,0,0,1,1,1,6.10108047,0,0,0,0,0,0,0,0,1
1,1,40728.96,5.670110512,0,1,0,0,0,0,1,1,1,1,4.950398978,0,1,1,0,0,0,1,0,0
0,1,69248.13,13.37036883,0,1,1,0,0,0,0,1,0,1,10.16660427,0,0,1,0,0,0,1,0,0
1,1,65187.42,9.826229752,0,1,0,0,0,1,0,0,1,0,12.29558653,0,1,1,0,0,0,0,1,0
0,2,10423.75,15.42491471,1,1,0,1,1,0,1,0,0,1,9.660361769,1,0,0,0,0,0,0,0,1
1,4,28909.96,8.601959705,0,1,1,0,0,0,0,0,0,0,7.663625954,0,0,0,1,0,0,0,1,0
0,2,28219.28,8.787582345,0,1,0,0,0,1,0,0,1,1,5.25445262,0,0,0,0,1,0,0,0,1
0,2,67319.27,6.362190982,2,1,0,0,0,1,1,1,0,1,13.59137366,0,1,0,0,0,0,0,0,0
1,0,71348.1,9.507249087,1,0,0,1,1,0,1,1,0,0,12.3492819,1,0,0,1,0,0,0,1,0
0,4,39231.99,12.06831191,1,1,1,0,0,1,1,1,0,1,18.37317391,0,1,0,0,0,1,0,0,0
0,7,69104.9,13.15969677,0,1,0,1,1,0,0,1,0,1,22.33583015,0,1,0,0,1,0,0,0,0
0,1,31282.78,6.18537496,0,1,0,1,0,0,0,1,0,1,1.541545443,0,0,1,0,0,1,0,0,0
1,0,65229.24,9.089998883,0,1,0,1,0,1,0,0,1,1,12.78453216,1,0,0,0,0,0,1,1,0
0,0,66922.3,5.868957217,0,1,1,0,0,1,0,0,0,1,7.065506244,0,0,0,1,0,0,0,1,0
1,3,1666.59,2.657311067,0,1,1,1,0,0,1,0,0,1,4.258552081,1,0,0,1,0,0,0,1,0
0,6,50258.38,13.75498892,0,1,0,0,0,0,0,0,0,0,4.801969514,0,1,1,0,0,0,1,1,0
1,4,54373.35,11.07079287,0,1,0,1,1,0,0,1,1,1,5.204853319,1,0,1,1,0,0,0,0,0
0,5,33588.84,10.74788638,1,1,0,0,1,1,0,0,1,1,32.0730133,0,1,1,0,0,0,0,1,0
1,1,23629.05,15.68552752,2,1,1,0,0,0,0,0,1,0,11.16847385,1,0,1,0,1,0,0,0,1
0,0,91186.03,10.08605721,0,1,0,1,1,1,0,1,1,0,16.8000196,0,1,1,0,0,0,1,0,0
1,1,37703.83,4.946414499,0,1,0,0,1,1,1,1,0,1,17.18829795,0,1,0,1,0,0,0,1,0
0,2,29117.32,14.19610787,0,1,0,0,0,0,0,0,0,1,17.52138221,1,0,1,0,0,1,0,1,0
0,4,52531.72,15.83394061,0,1,1,0,0,0,0,1,0,1,10.4103675,1,0,1,0,0,0,0,1,0
1,4,25742.72,7.663279641,0,1,1,0,1,0,0,0,0,1,3.310281145,0,1,0,0,0,1,0,1,0
1,7,21072.82,7.43893815,1,1,1,1,1,1,1,0,1,0,2.993625911,0,0,1,0,1,0,0,1,0
1,1,37774.81,11.70582668,0,1,0,1,1,0,1,0,1,1,16.26037537,0,0,1,0,1,0,0,1,0
1,3,81388.6,8.273678516,0,1,0,1,0,1,0,1,1,1,5.940902789,0,0,0,1,0,0,0,1,0
1,0,78272.96,9.424686492,0,0,1,1,1,1,1,1,0,0,5.988505209,0,0,0,0,0,0,0,1,0
0,4,37773.19,12.69711858,1,1,0,0,0,0,1,0,0,1,8.951793883,1,0,0,0,0,0,0,1,0
1,1,40183.01,10.3853182,0,1,1,0,0,1,0,1,1,1,4.221959275,1,0,0,0,0,1,0,1,0
1,0,10331.57,13.43076227,0,1,1,1,1,0,1,1,1,1,10.90397471,0,1,0,1,0,0,0,0,1
0,1,37096.85,7.951590644,0,1,0,0,0,0,0,0,0,1,1.665591776,0,1,1,0,1,0,0,1,0
1,2,26004.59,9.100502767,0,1,0,0,0,0,1,1,1,1,8.611218573,0,1,0,0,1,0,0,0,1
1,4,77291.95,11.9086306,0,1,0,0,0,0,1,0,1,0,1.28507969,1,0,1,1,0,0,0,0,0
0,3,24462.25,5.304627269,1,1,0,1,1,1,0,0,1,1,1.379696124,0,1,1,0,0,0,0,1,0
1,0,75871.75,12.07096717,0,1,0,0,1,0,1,1,1,1,3.084376591,0,0,0,1,0,0,0,1,0
0,0,28840.47,7.336943024,0,1,0,1,0,0,1,0,1,1,2.43754565,1,0,0,1,0,0,0,0,0
0,4,25299.48,10.16142541,0,1,1,1,0,1,0,0,0,1,3.288124191,0,1,1,0,0,1,0,0,0
0,2,37631.4,9.632814549,0,1,0,1,0,0,1,0,0,1,32.30772134,0,1,0,0,1,0,0,0,0
0,2,23014.69,6.346778536,1,1,0,1,1,0,0,1,0,0,13.46565415,0,1,0,0,0,1,0,0,0
0,1,31300.68,12.1986895,0,1,0,0,1,1,0,1,0,1,19.244458,0,1,1,0,0,0,0,1,0
0,3,55840.35,6.444558317,0,1,1,1,0,1,0,1,1,1,8.69085131,0,1,1,0,0,0,0,0,0
0,1,33217.64,11.10996233,1,1,0,0,1,0,1,1,0,0,5.254442453,0,1,1,0,0,1,0,0,0
0,1,45562.97,9.301929385,0,1,0,0,0,1,1,1,1,0,5.2551003,0,0,0,0,0,0,0,0,0
0,1,15380.9,8.5355787930000009,2,1,0,0,1,0,1,0,0,1,6.417132666,1,0,1,1,0,0,0,1,0
0,4,57900.98,9.581508542,0,1,1,1,0,1,1,0,1,0,4.924623699,0,1,0,1,0,0,0,0,1
0,2,60476.86,8.763218085,0,1,0,0,1,0,0,0,1,1,6.325942162,0,1,1,0,0,0,1,0,0
0,1,26875.13,12.72077056,0,1,0,0,1,1,0,1,0,1,17.22220989,1,0,0,0,0,1,0,0,1
0,2,24447.03,5.304635517,0,1,0,0,1,1,0,0,1,0,3.238699239,1,0,1,0,0,0,1,0,1
1,2,14817.22,11.18732698,0,1,0,0,0,1,0,1,1,1,6.437878909,1,0,1,0,1,0,0,1,0
0,2,33620.38,9.83612847,1,1,0,0,0,1,0,0,0,1,7.484425045,0,1,1,0,0,0,0,0,1
0,3,31466.9,6.187489206,0,1,0,0,1,1,0,0,0,0,11.69875604,0,1,1,1,0,0,0,1,0
0,1,76984.15,9.320914781,0,1,0,1,0,1,0,0,1,0,10.03363969,1,0,1,0,0,0,0,1,0
0,4,11612.88,4.964218639,1,1,0,0,0,0,0,0,1,1,13.83290937,0,0,0,0,0,0,0,1,0
1,0,71215.87,6.702458265,1,1,0,1,1,1,0,0,1,1,5.02568958,0,1,1,0,0,1,0,1,0
0,2,18113.33,8.623296005,0,1,0,0,1,0,0,0,0,0,2.644787483,0,1,1,0,0,1,0,1,0
1,3,6574.36,9.173811061,0,1,0,0,0,1,0,1,0,0,11.50651216,0,1,0,0,1,0,0,1,0
0,2,10342.14,9.553427818,1,1,0,1,0,1,0,0,0,1,10.96319721,0,0,0,0,0,0,0,0,1
1,1,23028.48,6.007630739,1,1,1,1,1,1,0,1,1,0,5.505247606,0,0,1,0,0,0,1,0,0
0,2,31920.88,14.02031408,1,1,1,1,0,1,1,0,1,1,10.27782059,0,1,0,0,1,0,0,0,0
1,6,54961.9,12.07594948,0,1,0,1,1,1,0,1,1,0,3.364993591,0,1,0,0,0,0,0,1,0
1,1,21897.41,13.1215267,0,0,1,0,0,1,0,1,0,1,1.171557288,0,1,1,0,0,1,0,1,0
1,4,72129.01,10.4523599,2,0,1,0,1,1,1,1,1,0,7.262579715,1,0,1,0,0,0,0,1,0
0,1,16368.02,10.07963518,0,1,0,1,1,0,0,0,0,0,17.06899012,0,0,1,0,0,0,0,1,0
1,1,65900.37,9.086330232,2,0,1,0,0,0,0,1,1,0,16.48065356,0,1,1,0,0,0,0,0,1
0,6,69369.36,10.04912841,0,1,1,0,0,0,0,0,0,1,10.85041661,1,0,0,1,0,0,0,0,0
1,1,23382.74,8.431329813,0,1,0,0,0,0,0,0,1,1,4.85576672,1,0,0,0,0,1,0,1,0
0,2,25886.2,8.961461799,0,0,1,0,0,1,1,0,0,1,1.715329149,0,1,1,0,0,0,0,1,0
0,0,93039.69,7.236546463,0,1,1,0,1,1,0,0,0,1,3.470685398,0,1,0,0,0,0,0,1,0
0,0,37852.37,7.048563699,0,1,0,0,1,0,0,0,0,0,1.914386255,0,1,0,1,0,0,0,0,1
0,1,54727.46,13.17156155,1,1,1,0,1,0,0,1,0,1,9.16272705,0,1,1,0,0,1,0,0,0
0,2,47944.46,11.11418795,0,1,1,0,1,0,0,1,0,1,7.457173484,1,0,0,0,0,1,0,0,0
1,0,43631.75,10.08565191,0,1,0,0,0,0,0,1,1,1,10.5903229,0,0,1,0,0,1,0,1,0
0,6,31392.97,4.843029288,0,1,0,0,0,1,0,0,1,0,14.68216127,0,1,1,0,0,0,1,1,0
0,0,20197.89,7.940679007,1,1,1,0,1,0,1,0,0,1,11.92300936,0,1,1,1,0,0,0,1,0
1,2,99482.26,12.94031641,0,1,1,0,0,0,1,1,1,1,9.461939857,0,1,1,0,0,0,1,1,0
0,0,48005.75,7.794425904,0,1,0,1,0,0,1,0,0,0,13.90000955,0,0,1,1,0,0,0,0,0
1,4,50666.54,4.88644359,2,1,1,0,0,0,0,1,1,0,13.99579075,0,1,0,0,0,0,0,0,1
0,4,7953.27,9.879617841,1,1,1,0,0,0,1,1,0,1,3.179043613,0,1,0,0,1,0,0,0,0
0,0,10882.02,13.28523257,0,0,1,0,0,0,0,0,0,1,17.24908083,0,1,1,1,0,0,0,1,0
1,3,69156.25,15.62909771,0,1,0,0,0,0,0,1,1,1,2.760467902,1,0,1,0,0,0,1,0,0
0,0,19563.77,11.31172944,1,1,0,0,0,1,0,1,0,1,20.04140358,1,0,1,0,1,0,0,0,1
0,0,27113,11.06959212,0,1,0,1,1,0,0,1,0,0,8.001673351,0,0,0,1,0,0,0,0,1
0,2,13378.22,11.56147327,0,1,0,0,0,1,0,1,0,1,4.135515169,0,0,0,0,0,1,0,0,0
0,2,5337.97,13.49663107,0,1,0,0,0,1,0,0,1,0,9.086633107,0,1,1,1,0,0,0,0,1
1,2,72490.86,7.581534683,0,0,0,1,1,1,1,1,0,0,9.493585403,1,0,1,0,1,0,0,1,0
1,2,12476.24,10.67669456,0,1,0,0,0,1,0,1,0,0,5.372758028,1,0,1,0,0,0,0,1,0
0,1,64584.13,11.74759925,0,1,0,0,1,1,0,1,0,0,13.82188875,0,0,0,1,0,0,0,0,1
0,6,32885.95,9.044025424,0,1,0,0,0,1,0,0,0,1,2.598489694,0,1,0,1,0,0,0,1,0
1,1,80862.03,7.949846907,2,1,0,0,1,1,1,1,1,1,12.9401487,0,1,0,0,0,0,0,1,0
0,4,49800.1,11.35513416,1,0,0,0,1,0,0,1,1,0,4.957713222,0,1,0,0,0,1,0,0,0
1,2,19133.76,9.993073346,1,1,1,1,0,1,0,1,1,1,7.176411327,0,1,0,1,0,0,0,0,1
0,1,11957.82,9.818276662,0,1,1,0,0,1,0,0,0,0,3.956375328,1,0,0,0,0,0,0,0,0
1,5,31250.41,14.32006623,0,1,1,0,1,0,0,0,0,0,1.033067819,0,1,0,0,1,0,0,1,0
1,7,13533.47,12.67439697,1,1,1,0,1,1,1,1,1,1,3.820262172,0,1,1,0,1,0,0,0,1
1,3,46533.08,11.95689175,0,0,1,0,1,0,0,0,0,0,2.640977982,0,1,1,0,0,0,1,1,0
1,1,14393.72,12.55052929,0,1,1,1,0,0,0,1,1,1,1.634394387,0,1,0,0,0,0,1,0,0
1,2,4102.64,13.71586929,1,0,0,1,0,1,0,0,1,1,2.012075635,0,0,0,0,0,0,1,1,0
0,4,75276.52,3.602721856,0,1,0,1,1,0,0,1,1,1,15.56741347,0,1,0,1,0,0,0,0,0
1,3,97761.18,9.442505655,0,1,0,0,0,1,0,1,1,1,8.573785357,0,1,1,0,1,0,0,1,0
1,0,20789.86,2.760749024,0,1,1,0,0,1,0,1,1,1,13.86188691,0,1,0,0,1,0,0,0,1
1,0,34038.71,13.2491569,0,1,0,1,1,0,0,1,0,0,10.77929667,1,0,0,1,0,0,0,1,0
0,0,16051.94,13.4911859,0,1,0,1,0,0,0,0,0,0,16.88097916,1,0,1,0,0,0,1,0,1
1,0,24266.04,7.779828793,0,1,0,0,1,0,0,1,1,1,16.92163398,1,0,0,0,0,0,1,0,0
0,0,28712.86,10.68579941,0,1,0,0,0,0,0,0,0,0,11.91663193,1,0,1,0,0,0,0,1,0
1,2,18966.81,9.905787776,0,1,0,0,1,1,1,0,1,0,2.81822785,0,1,0,0,0,0,1,1,0
0,2,67530.44,11.62388139,0,1,0,1,1,0,1,0,0,0,5.100566529,1,0,0,1,0,0,0,0,0
1,4,38866.92,12.19296315,1,1,0,0,1,1,0,1,1,0,4.806882153,0,1,1,0,0,0,1,0,0
1,2,44314.39,6.892345443,0,0,0,1,1,1,1,0,1,0,5.658327457,0,1,0,0,0,0,0,0,0
1,0,26929.55,8.482252615,0,1,1,0,1,0,0,1,1,0,2.649525158,1,0,1,0,0,0,1,1,0
0,1,50643.95,9.179212931,2,1,0,0,1,0,0,1,0,1,18.76976086,1,0,1,1,0,0,0,0,1
0,3,4803.58,9.321060469,0,1,0,0,0,0,0,0,0,0,13.04542381,0,1,1,0,0,0,0,1,0
1,1,21278.71,13.24354261,0,1,1,0,1,1,0,0,1,0,1.534192133,0,0,0,0,0,1,0,1,0
0,0,16874.68,14.7376853,0,1,1,1,0,0,0,0,1,0,9.039309605,0,0,1,1,0,0,0,1,0
1,0,28908.4,8.27152774,1,1,0,1,1,1,0,1,1,1,1.542556879,1,0,0,0,0,0,1,0,1
1,0,47370.85,6.964656883,1,1,1,0,0,0,0,1,1,0,5.165404738,0,0,0,0,0,0,0,0,1
1,0,39802.79,3.262720061,1,1,0,0,1,1,0,1,1,0,1.557206083,0,1,0,0,0,0,1,0,1
0,5,50195.66,13.69828326,0,1,0,1,1,0,1,0,1,0,7.226076469,0,1,1,0,0,0,1,1,0
0,1,52946.65,8.363844619,0,1,1,0,1,0,0,0,1,0,20.91720893,1,0,0,0,0,1,0,1,0
0,1,5192.16,7.423384386,0,1,1,0,0,0,1,0,0,1,9.709171662,0,1,1,0,1,0,0,0,1
0,0,60897.92,8.827647599,0,1,1,1,0,1,1,0,0,1,1.939549257,1,0,1,0,0,0,1,0,0
1,3,35939.37,12.48417719,0,1,0,0,0,1,1,0,1,1,1.502124145,0,0,0,0,0,0,1,1,0
1,0,24091.33,10.56592379,0,1,0,0,0,0,1,0,1,1,1.906368477,1,0,0,0,0,0,1,1,0
1,4,41209.8,11.60110678,1,1,0,0,0,0,0,1,0,0,15.60605339,1,0,0,0,1,0,0,1,0
0,0,14185.42,12.13702885,0,1,0,1,1,0,1,0,0,1,1.781895205,0,1,0,0,0,0,0,0,1
1,0,12765.41,8.088906499,0,1,1,0,0,1,0,1,0,0,2.050742411,0,0,0,0,0,0,0,1,0
0,3,11386.53,10.16305189,1,1,1,0,0,0,1,1,0,0,2.447649309,0,0,0,1,0,0,0,0,0
0,2,56131.21,10.14030426,1,1,1,0,0,0,1,0,1,1,10.81997919,1,0,0,0,0,1,0,1,0
0,1,1668.97,11.24744549,0,1,1,1,1,0,0,0,1,0,2.359067126,0,1,0,0,0,0,1,0,0
0,0,36973.83,8.503805869,1,1,0,1,0,1,0,0,1,1,6.811759674,0,1,1,0,0,1,0,0,1
1,1,17218.09,14.78936522,0,1,1,0,1,0,0,1,0,1,5.207179461,0,0,1,0,0,0,1,1,0
0,4,34228.9,14.24429679,0,1,1,1,1,0,0,0,0,1,9.450195459,0,1,1,0,1,0,0,0,1
0,0,36121.33,8.397331803,0,1,1,0,0,0,0,0,1,0,1.815836226,0,1,0,0,0,0,1,0,1
0,4,76136.04,12.1663565,1,1,1,0,1,0,0,0,0,1,8.932053699,0,1,0,1,0,0,0,1,0
1,0,33559.74,13.04068054,1,1,1,0,0,1,1,1,0,0,14.71424943,0,1,0,0,0,0,1,1,0
0,1,21663.69,12.35764261,0,1,1,1,0,0,1,0,0,0,1.597765127,1,0,0,0,0,1,0,1,0
1,3,31006.39,14.35467948,0,1,1,1,1,0,1,0,1,0,22.76986341,1,0,1,0,0,1,0,1,0
1,2,28580.25,9.431168696,0,1,1,1,1,0,0,0,0,1,2.519975147,1,0,1,1,0,0,0,1,0
1,1,23706.94,11.27381764,0,0,1,0,0,1,1,0,1,1,5.915247686,0,1,0,0,0,0,1,0,0
0,0,49693.17,10.93898196,0,1,0,1,1,1,0,0,1,1,7.793733508,0,0,0,0,0,1,0,0,1
1,3,77622.97,6.464103552,1,1,0,1,1,0,1,1,1,0,20.44846104,1,0,0,0,0,1,0,0,0
0,1,62359.81,10.26897415,0,1,0,1,0,1,0,0,1,1,7.604093453,0,1,1,0,0,1,0,0,0
0,0,19942.74,10.11933502,1,1,0,0,0,0,0,1,0,1,12.85397739,0,0,1,0,0,0,0,0,0
1,1,51203.14,8.776451212,1,1,0,0,1,0,0,0,1,1,1.410971237,0,1,1,0,0,0,0,1,0
1,3,10818.08,9.011401399,0,1,0,0,1,0,0,1,0,1,8.874920206,0,1,0,0,0,0,0,1,0
0,0,33165.9,10.91857997,1,1,1,1,1,0,1,0,1,1,6.013261132,0,1,0,0,0,1,0,0,0
1,1,25819.56,7.298432418,0,0,1,0,0,1,1,1,1,1,9.306233406,1,0,1,0,0,1,0,1,0
0,1,54674.22,9.311560353,0,0,0,0,1,0,0,0,0,1,1.375013189,0,1,0,0,0,0,1,1,0
0,4,16706.02,11.13291822,1,1,0,0,0,0,0,0,1,1,1.387575524,1,0,0,1,0,0,0,0,1
0,0,31980.81,12.236238,0,1,0,1,1,1,0,0,1,1,2.685677496,0,1,1,0,0,0,1,0,1
0,4,41955.27,12.03070714,0,1,1,0,0,0,0,1,0,0,5.511437756,0,0,1,0,0,1,0,0,1
1,0,57107.43,5.33893117,2,1,1,0,1,0,0,0,1,1,16.58244758,1,0,1,0,0,0,1,1,0
1,0,6769.7,15.39425705,0,1,1,0,1,1,0,1,0,1,14.17620441,0,0,1,0,0,0,1,1,0
0,1,65191.79,7.879092117,0,1,0,1,1,1,1,0,0,0,10.81527088,0,1,0,0,0,0,1,1,0
1,6,23022.97,10.9783735,0,1,1,0,0,0,0,1,1,0,6.956508263,1,0,0,0,0,1,0,0,1
1,0,33529.19,9.023888498,1,0,1,0,0,1,0,0,1,1,8.274610767,0,0,0,0,1,0,0,1,0
1,3,73378.99,6.599742586,0,1,1,0,1,0,0,1,0,1,6.786723844,0,0,0,0,0,0,0,1,0
1,1,3504.7,8.863330522,0,1,1,0,1,1,0,1,1,1,3.605888824,0,1,0,0,1,0,0,1,0
0,0,20125.41,8.842692082,0,1,1,1,1,0,0,1,0,1,10.19243185,0,1,1,0,0,0,0,0,0
0,0,10299.94,6.048302665,1,1,1,1,0,0,0,0,0,1,1.084656113,0,1,1,0,0,1,0,1,0
0,1,80906.28,17.23011599,0,1,1,1,1,1,1,0,0,0,2.140387928,1,0,0,0,1,0,0,0,1
0,1,39281.35,14.68014234,0,0,1,0,1,1,0,1,0,1,7.931439645,0,1,0,0,1,0,0,0,0
0,0,14536.31,13.12045068,0,1,0,1,0,0,0,1,1,0,14.08939653,0,1,0,0,0,0,1,0,0
0,6,43044.31,7.173629507,1,1,0,0,1,1,1,1,0,1,9.232644617,0,1,0,1,0,0,0,1,0
1,1,19373.31,13.25882319,1,1,0,0,0,0,1,1,1,1,6.951491551,1,0,1,0,0,0,0,0,0
0,0,46426,9.408080299,0,1,0,0,0,0,0,0,1,1,3.137169138,0,0,1,0,0,1,0,1,0
0,3,82554.24,4.12236456,0,1,0,0,0,0,1,0,0,0,3.113737885,0,0,1,0,0,0,1,0,1
0,0,48163.8,13.08013867,0,1,1,0,0,1,0,0,0,0,4.985175451,1,0,0,1,0,0,0,0,0
1,0,25331.3,8.194610203,1,1,1,0,0,1,0,0,0,1,11.41238102,1,0,1,0,0,1,0,1,0
0,3,2374.22,11.91761523,0,1,0,1,0,0,0,0,0,1,3.775528995,0,1,1,0,1,0,0,1,0
1,3,88915.15,7.344740595,1,1,0,0,0,0,0,1,1,1,5.30268427,0,1,1,0,1,0,0,1,0
1,4,21168.49,7.325364653,0,1,0,0,1,0,0,0,0,1,2.843930975,0,1,0,0,1,0,0,1,0
1,2,74026.91,8.200222508,1,1,1,0,0,0,0,1,1,0,13.70230727,0,1,1,0,0,0,0,0,1
0,2,21064.75,10.4962468,0,1,0,1,0,0,0,0,1,1,4.768869377,0,1,0,0,0,0,1,1,0
0,2,42659.99,8.461081572,0,1,0,0,1,0,0,0,0,0,14.57312339,0,1,0,0,0,1,0,0,0
1,1,35089.38,9.647132151,1,1,0,0,1,0,0,1,0,1,2.437089876,1,0,1,1,0,0,0,1,0
0,4,75443.13,10.91251295,2,1,0,0,1,0,0,1,1,0,5.822867455,0,0,1,0,0,0,1,0,0
0,0,55081.63,8.442478548,0,1,0,1,0,1,0,1,0,0,16.18199957,0,1,1,0,1,0,0,0,0
0,0,16581.74,10.21682783,0,1,0,1,0,0,0,1,0,1,14.46037646,0,1,1,0,1,0,0,0,0
1,2,29361.24,16.82309021,1,1,1,1,1,1,1,0,1,1,1.504124801,0,1,1,0,1,0,0,1,0
1,2,60231.84,9.712856304,1,1,1,0,0,0,0,0,1,1,4.109952242,1,0,0,0,0,1,0,1,0
1,2,20191.76,9.741346714,1,1,1,0,0,0,0,1,1,1,2.566196093,0,1,0,0,0,0,0,1,0
1,0,44316.41,15.26191649,0,1,1,0,1,0,0,1,0,1,4.440328327,1,0,0,0,0,1,0,1,0
1,1,51090.87,14.12126974,0,1,1,0,1,0,0,0,1,0,12.3848312,0,0,0,0,0,1,0,1,0
1,0,58324.01,12.35356432,2,1,0,0,0,1,0,1,0,1,6.396338897,0,1,0,0,1,0,0,1,0
0,2,48137.75,11.20346894,0,1,0,0,1,0,0,0,0,1,10.03212915,0,1,1,0,0,0,0,1,0
0,1,19639.83,5.489232783,1,1,0,0,0,1,0,0,1,1,2.62036784,0,1,1,0,0,0,0,0,1
1,1,27259.78,12.74662948,1,1,1,0,0,1,0,1,1,1,3.795086086,1,0,0,1,0,0,0,1,0
0,1,86897.5,11.58210776,0,1,0,0,0,1,0,1,0,0,3.149071183,0,1,0,0,0,0,1,1,0
1,0,8690.46,12.55174668,0,1,1,0,1,1,0,0,1,1,5.770302149,0,0,1,0,0,0,0,1,0
0,1,29823.06,16.27747113,0,1,0,0,0,0,1,0,1,1,2.981008475,0,1,1,0,0,0,0,0,0
0,0,28790.03,9.95126762,1,1,0,0,0,0,0,0,1,1,9.14991493,0,1,1,0,1,0,0,0,1
1,1,63725.44,10.8901854,0,1,1,1,0,0,0,1,1,1,11.38939562,0,1,0,1,0,0,0,0,1
1,1,15621.76,10.75643368,0,1,0,1,0,1,1,1,0,1,2.08299524,1,0,1,0,0,0,0,1,0
1,0,12782.07,5.330342998,1,1,1,1,1,1,0,0,0,0,7.110141173,0,0,1,0,0,0,0,1,0
1,2,14331.34,10.54615588,0,1,1,0,1,1,0,1,1,1,3.041138012,0,1,0,0,0,0,0,0,0
0,4,25934.55,6.569174155,0,1,0,1,0,1,0,0,1,1,15.37394197,0,0,0,0,0,0,1,1,0
0,0,99007.42,5.114864238,2,0,0,0,1,1,0,0,1,1,3.838043219,0,0,1,0,0,0,0,0,1
1,1,49915.86,12.67661786,1,0,0,1,1,1,0,0,1,1,5.141923371,0,1,0,0,0,1,0,1,0
0,0,67019.55,12.29322885,0,1,0,0,0,1,0,1,1,0,14.28414317,0,1,1,0,0,0,1,0,1
1,1,83705.06,8.36802634,0,1,0,1,0,1,1,0,1,0,9.126959742,1,0,0,0,0,1,0,0,1
0,6,58187.53,8.645688486,1,1,1,1,0,0,1,0,0,1,2.684151079,1,0,1,1,0,0,0,0,1
1,2,26942.28,11.06173556,1,1,0,0,0,0,0,1,1,1,4.676474348,1,0,1,1,0,0,0,1,0
1,1,15638.87,7.48309773,1,0,0,0,0,1,0,0,1,1,4.065555679,0,1,1,0,0,1,0,1,0
1,3,49252.56,13.31601627,1,1,1,0,1,0,0,1,0,1,19.95372925,0,1,0,0,1,0,0,0,1
1,1,8497.8,10.34957334,1,1,1,0,1,0,0,1,0,0,4.241019424,1,0,0,0,0,0,1,1,0
0,2,56574.39,10.38237508,1,1,1,1,1,0,0,0,1,0,14.02310297,0,1,0,0,1,0,0,1,0
1,2,24940.07,9.542022573,0,1,0,0,0,0,1,0,1,0,4.483251529,0,1,1,0,0,0,0,1,0
1,2,100626.29,13.90587666,0,1,0,0,0,1,0,1,1,0,7.748370205,0,0,0,0,0,0,1,0,0
0,1,24166.24,13.36710209,0,1,0,1,0,0,1,0,0,1,11.80191083,0,1,0,0,0,0,0,0,0
0,2,40667.47,7.842029127,0,1,0,1,0,1,0,0,1,1,10.57261422,0,1,1,0,0,1,0,1,0
1,1,29876.17,8.063885304,0,1,1,0,0,1,1,1,1,1,5.260136013,1,0,1,0,1,0,0,1,0
1,3,22790.72,9.957204622,0,1,1,1,0,0,0,0,1,1,28.38835566,1,0,0,0,0,0,1,1,0
1,5,67828.98,13.32489174,0,1,0,0,1,1,0,0,1,1,2.451160296,0,0,0,0,0,1,0,1,0
0,1,94520.02,3.507354765,0,1,1,1,0,0,0,0,0,0,7.243986575,0,1,1,1,0,0,0,0,0
0,1,45301.07,16.35739677,0,1,0,0,0,1,1,0,1,1,7.29973843,0,1,0,0,0,1,0,0,0
1,0,13673.66,3.629351785,0,1,0,0,0,1,0,1,1,1,11.24483017,1,0,1,0,1,0,0,0,1
0,0,33731.69,10.73698075,0,1,0,0,0,0,0,0,0,0,6.735352382,1,0,0,0,0,0,1,0,1
1,1,47738.37,11.284594,0,1,1,0,1,1,0,0,1,0,5.991017375,0,1,0,0,0,0,1,1,0
0,3,26633,10.40270813,0,1,0,0,1,0,0,1,0,1,16.67574291,0,0,1,0,0,0,1,1,0
0,0,70806.33,15.0905113,0,1,0,1,0,1,0,1,0,0,10.28281832,0,0,1,0,0,1,0,0,1
1,4,73566.21,12.95955778,1,1,0,0,1,0,0,1,1,0,19.21689293,1,0,1,0,0,1,0,0,0
1,1,50601.07,10.05136169,0,1,0,1,1,1,1,0,0,0,11.34954445,1,0,0,0,0,1,0,1,0
0,1,30774.73,10.7459413,0,1,1,0,0,0,0,1,0,1,14.86270396,0,0,1,0,0,0,0,0,1
0,0,12428.24,3.43357667,0,1,0,0,1,0,0,0,0,1,2.216583602,0,1,0,0,0,1,0,1,0
0,1,43677.48,8.220782475,1,1,0,0,0,0,0,1,0,0,16.53708435,0,0,0,0,1,0,0,1,0
0,3,50806.21,12.11791408,0,1,0,0,1,0,0,0,0,0,3.7013893,0,0,1,0,1,0,0,1,0
1,4,32796.83,13.23925733,2,1,0,1,0,1,0,0,1,1,5.261502169,0,1,1,0,0,0,0,1,0
1,1,43636.68,8.670379621,0,1,1,0,0,1,0,0,1,1,7.279044337,0,0,1,0,0,1,0,1,0
0,3,44349.71,8.82164481,0,1,0,0,0,0,0,0,0,1,13.80323806,1,0,1,0,0,1,0,0,0
1,2,37376.03,11.35680475,0,1,1,1,0,1,0,1,1,1,15.92219451,0,1,0,0,1,0,0,0,1
1,4,60317.8,9.271105349,1,1,0,0,1,1,1,0,0,1,3.525858481,0,1,1,0,0,0,0,1,0
1,2,72436.33,7.92301547,0,1,1,0,0,0,0,1,0,1,9.85591776,0,1,1,0,0,1,0,1,0
0,3,4739.77,10.10753133,0,1,0,1,0,1,0,0,0,1,5.506476096,0,0,0,0,0,0,1,1,0
0,1,48037.69,15.4360432,0,1,1,0,1,0,0,0,0,1,6.999864982,0,0,0,0,0,1,0,0,0
0,0,37415.85,8.319615273,0,1,0,0,0,0,0,0,0,1,19.50833872,0,1,0,0,1,0,0,0,1
1,1,90059.86,8.862064813,0,1,0,0,0,0,0,0,1,1,8.886453729,1,0,0,0,1,0,0,1,0
0,0,19288.27,11.97665938,0,1,1,0,0,0,0,0,0,0,7.847288476,0,0,1,1,0,0,0,1,0
0,1,16593.59,6.306089367,1,1,0,0,1,0,0,0,1,0,9.586248224,1,0,1,0,1,0,0,0,0
1,3,18326.88,9.479801512,0,1,0,0,0,1,1,1,1,1,9.428767036,0,1,1,0,0,0,1,0,1
1,2,5850.56,9.883677574,0,1,1,0,1,1,0,0,1,0,5.78988794,1,0,0,0,0,0,0,1,0
0,4,16064.99,10.2900353,2,1,0,0,0,0,0,0,1,0,23.02862012,0,0,1,0,0,0,0,1,0
0,3,66365.07,14.34431543,0,1,1,0,1,1,1,0,0,1,2.72317525,0,1,1,0,0,1,0,0,1
0,0,53562.86,8.936042397,0,1,0,1,0,1,0,1,0,0,18.92157073,0,1,1,1,0,0,0,0,0
0,4,28937.89,8.950709439,1,1,0,1,1,0,1,1,0,0,11.90088632,1,0,0,0,1,0,0,0,0
0,1,62952.13,14.9103207,1,1,0,0,0,1,0,0,0,1,28.93788212,0,1,1,0,0,1,0,1,0
1,2,45777.4,12.37429389,1,1,0,0,1,0,1,1,0,0,1.570209934,1,0,0,0,0,1,0,1,0
1,1,6396.98,5.896054877,0,1,0,0,0,1,1,1,1,1,10.85959186,0,1,1,0,0,0,1,1,0
1,0,23311.73,8.375886131,0,0,1,0,1,0,0,1,1,1,2.995498523,1,0,1,0,0,1,0,0,1
1,1,65056,10.7721728,1,1,1,0,1,0,0,0,1,0,10.56061324,0,1,0,0,0,0,0,1,0
1,2,46111.61,6.987857557,0,1,0,0,1,1,1,1,0,0,5.759265746,0,1,1,1,0,0,0,1,0
0,1,81170.43,13.08571695,1,1,0,0,1,0,0,1,0,1,7.979145258,0,0,1,0,1,0,0,0,0
0,1,18893.5,8.367217945,0,1,1,1,0,1,0,1,0,1,19.28424826,0,1,1,0,0,1,0,0,0
0,2,11583.37,15.29183368,0,1,1,1,1,0,1,1,1,0,13.57977305,0,1,1,0,1,0,0,0,0
1,3,16852.05,8.824004704,0,1,0,0,1,1,0,1,0,1,3.520675631,0,1,0,0,0,1,0,1,0
1,7,26569.28,15.22907333,0,1,0,1,1,1,0,1,0,1,1.72479919,0,1,1,0,0,0,0,0,1
0,0,23775.33,11.02449018,1,1,0,1,0,0,0,0,1,0,3.976305626,0,1,0,0,0,1,0,0,1
1,1,52875.82,10.83227898,0,1,1,1,1,0,1,1,1,1,5.759571228,0,1,0,0,0,0,1,0,0
0,4,46786.18,10.0934549,1,1,1,0,0,0,0,0,0,1,3.613513424,0,0,0,0,0,1,0,1,0
1,2,84826.6,7.612812481,0,0,1,0,1,1,0,1,1,0,16.75922789,0,1,0,1,0,0,0,1,0
1,0,42305.68,7.167928889,0,1,1,0,1,0,0,0,0,1,13.85187885,1,0,0,0,0,0,0,1,0
1,2,18301.98,14.32600086,1,1,1,0,1,0,1,1,0,0,9.472450618,0,1,1,0,0,0,1,1,0
0,1,46647.99,14.28125681,1,1,0,0,0,0,1,0,1,1,6.636312277,0,0,0,0,0,0,0,1,0
0,0,28330.55,10.86134286,0,1,0,0,0,1,0,1,0,0,2.904448825,1,0,1,0,0,1,0,0,1
1,6,11661.07,6.858268186,2,1,1,0,1,0,0,1,1,0,4.800346852,1,0,0,0,0,1,0,0,1
1,0,96022.76,8.025412394,0,1,1,0,1,0,0,0,1,1,9.758067608,1,0,0,0,0,0,1,1,0
1,3,52856.4,9.730159336,0,1,1,0,0,0,0,0,1,0,9.820011726,1,0,1,0,0,0,0,1,0
0,0,37772.16,13.09411393,1,1,1,0,0,1,0,0,0,0,8.458573247,0,1,1,0,0,0,1,0,0
0,4,53135.08,2.992013152,1,1,0,0,0,0,1,1,0,0,8.508626757,1,0,1,0,0,0,1,0,1
1,2,25100.17,8.07133879,1,1,0,1,0,1,0,1,1,1,29.8284414,0,1,0,0,0,0,0,1,0
0,1,9080.2,11.64143982,0,1,0,1,0,1,0,0,1,0,7.004427474,0,1,1,0,0,0,1,1,0
1,0,24518.97,3.5419259,1,1,1,0,1,0,1,1,0,1,21.05353987,0,1,1,0,0,0,0,1,0
0,1,57938.27,8.788051372,0,1,0,0,0,1,0,0,1,1,6.050060777,1,0,0,0,0,0,0,0,1
0,4,24865.85,6.72503168,0,1,1,1,0,0,0,0,1,1,7.599617029,0,1,1,0,0,0,0,0,0
0,1,16091.65,8.241378511,0,1,0,1,1,0,0,0,0,0,5.473564746,0,0,0,0,0,0,1,1,0
1,2,48226.58,6.164653674,0,0,0,0,0,0,1,1,1,1,4.803306414,0,1,0,0,0,1,0,1,0
1,3,5694.61,7.094794839,0,1,0,1,0,1,1,0,1,0,6.051428262,1,0,1,0,0,0,0,1,0
0,3,15603.09,9.263024683,0,0,0,1,1,0,0,1,0,0,6.503513341,1,0,0,0,1,0,0,0,1
1,0,46988.4,9.55444436,0,1,0,0,0,0,0,0,1,0,1.650263525,0,1,0,0,0,0,1,1,0
0,2,65540.61,6.674303144,0,1,0,0,0,0,1,1,1,0,15.70393958,0,1,1,0,0,0,1,1,0
0,1,18534.37,8.586124112,0,1,0,1,0,1,0,0,0,0,1.322671871,0,0,1,0,0,0,1,1,0
0,2,27588.53,11.18777585,1,1,0,1,0,1,0,0,1,1,12.11795763,0,1,0,0,0,0,0,0,1
1,1,3563.55,9.545907757,0,1,1,0,0,0,0,0,1,0,9.539962975,1,0,0,1,0,0,0,1,0
1,0,59930.95,7.482298411,0,1,1,1,1,0,0,0,1,1,3.736763788,0,0,0,0,0,0,1,1,0
0,0,38656.75,12.11561244,0,1,0,0,1,0,0,0,1,1,22.39935475,0,1,1,0,0,0,0,1,0
0,1,23806.03,9.098009816,1,0,0,0,1,1,0,0,0,0,20.07541432,0,1,1,0,0,0,0,1,0
0,3,23507.1,7.607841769,0,1,1,1,1,1,1,0,0,1,14.08292576,0,1,0,0,0,0,0,0,0
0,2,37837.28,9.830658025,1,1,0,0,1,0,0,1,0,1,11.14672304,0,0,0,0,1,0,0,0,1
1,3,9994.08,13.98915649,2,0,0,1,1,1,0,1,1,0,6.343374736,0,1,1,1,0,0,0,1,0
1,0,31779,7.999794525,1,1,0,0,0,1,0,1,1,1,21.1875693,0,1,0,0,0,1,0,0,1
0,1,18938.33,9.685619611,0,1,0,0,0,0,0,0,1,1,19.9441873,0,1,1,0,0,0,0,0,0
1,1,29459.16,8.157311089,1,1,1,0,1,0,1,1,1,1,3.196943016,0,1,1,0,0,0,1,0,1
1,4,17520.23,4.407345296,1,1,1,0,0,0,1,1,0,1,3.248169927,1,0,1,0,0,0,1,1,0
0,5,15615.89,5.147134775,1,1,0,0,0,0,1,0,0,0,6.248150471,0,1,1,0,0,0,1,0,1
0,1,48557.08,11.30766093,0,1,0,0,0,1,1,0,0,1,11.48773622,0,1,0,0,0,0,0,0,1
0,1,12366.21,11.42897436,0,1,0,0,1,0,1,1,0,1,7.603357235,0,1,0,1,0,0,0,1,0
0,1,11232.67,9.281101985,0,1,0,1,0,0,0,0,0,0,2.084118551,0,1,1,1,0,0,0,0,0
1,6,14999.93,12.49098641,0,1,1,0,1,0,0,0,1,1,6.587201276,0,1,0,1,0,0,0,1,0
0,3,12339.69,12.76368534,1,1,1,1,1,0,1,1,0,0,6.541066702,1,0,0,0,0,0,0,0,0
0,3,9297.37,14.4902121,0,1,1,0,0,0,1,0,0,0,4.332134531,0,1,1,0,0,0,0,0,1
1,2,27581.84,10.58136361,1,1,0,0,0,1,1,1,1,0,2.279259145,1,0,0,0,0,1,0,1,0
1,4,45553.16,14.4386161,0,1,1,0,0,1,0,0,1,0,9.043575718,1,0,0,0,0,1,0,0,1
0,0,78642.15,13.54202523,0,1,0,1,1,0,0,0,0,1,8.446160069,0,0,1,1,0,0,0,0,1
0,1,11408.67,8.696229317,0,1,0,0,1,0,0,0,0,1,3.990895779,0,1,0,0,0,1,0,1,0
0,3,15872.36,7.831185802,0,1,1,1,0,0,0,0,1,1,16.97529426,0,0,1,0,0,0,0,1,0
0,3,30446.44,10.02846403,0,1,1,1,1,0,1,0,0,0,25.77611616,0,1,0,0,1,0,0,0,0
1,2,75130.89,7.92468528,1,0,0,0,1,0,0,1,1,1,3.189179387,1,0,0,0,0,0,0,0,1
0,2,18455.86,10.85798773,0,1,0,0,0,1,1,1,0,1,6.49110882,0,0,1,0,0,1,0,0,1
1,1,10589.74,7.892007202,0,1,1,1,0,0,1,0,1,0,8.908332009,0,1,1,0,0,1,0,1,0
0,3,7868.29,12.48033844,0,1,0,0,1,1,1,0,0,1,15.37107894,1,0,0,0,0,0,1,0,0
1,0,33329.83,9.783917847,2,1,1,0,1,0,0,1,1,1,9.715065141,0,1,1,0,0,0,1,0,0
1,0,27798.01,11.87926178,0,1,1,0,1,0,1,1,1,1,9.582004744,1,0,0,0,0,0,0,0,1
0,3,45427.24,9.862233728,1,1,0,0,1,0,0,0,0,0,2.968358466,1,0,0,0,0,1,0,1,0
0,0,59333.32,12.78434846,0,1,0,1,1,1,0,0,0,0,9.294088005,1,0,0,0,0,1,0,0,0
1,4,49740.98,9.051251778,0,0,0,1,1,1,0,0,0,0,12.96208301,1,0,1,0,1,0,0,1,0
0,0,15543.8,7.458066464,0,1,0,1,0,0,0,0,0,0,2.831804349,0,1,0,0,0,1,0,0,1
1,0,6972.84,9.751202613,0,1,0,1,1,0,1,0,1,1,11.75027091,1,0,1,0,1,0,0,1,0
1,4,54471.65,8.278970561,1,1,1,0,1,0,1,0,0,1,6.509951549,1,0,0,0,1,0,0,1,0
0,2,1425.61,12.48971668,1,1,1,1,0,1,0,0,0,0,3.087125795,0,1,0,0,0,0,0,1,0
1,1,5149.97,13.84635691,0,0,0,0,1,1,0,1,1,1,4.208227552,1,0,0,0,0,0,1,1,0
1,0,57559.65,10.02798635,0,1,1,0,1,1,0,1,0,0,4.933319572,0,1,0,0,0,1,0,0,1
1,3,14824.71,7.363525885,0,1,0,0,1,0,1,1,0,1,6.284107728,0,1,0,0,0,0,0,1,0
1,2,74381.07,15.15657239,0,1,1,0,0,0,0,1,1,1,2.179548523,1,0,1,1,0,0,0,1,0
1,4,62905.7,8.441192512,0,1,1,0,0,0,1,1,0,0,9.289517752,0,0,1,0,1,0,0,1,0
0,2,36678.72,10.35866414,0,1,0,0,1,0,1,1,0,0,28.86969715,1,0,0,0,0,0,1,0,1
1,4,17089.24,10.39432745,0,1,1,1,0,0,0,1,1,1,4.612099351,1,0,0,1,0,0,0,0,0
1,2,50264.01,12.76255256,1,1,0,1,1,1,1,0,1,0,5.044076415,0,0,0,0,1,0,0,1,0
0,3,10231.67,5.031953948,1,1,0,0,1,1,0,1,1,0,13.55218661,0,1,1,0,1,0,0,0,1
0,0,51937.51,12.63331903,0,1,1,1,0,0,0,0,1,1,7.748288711,0,1,0,0,0,0,1,1,0
1,1,35808.85,10.84787976,0,1,1,0,1,0,1,0,0,1,9.162445307,0,1,0,1,0,0,0,1,0
1,0,43329.35,8.222455858,2,1,1,0,1,0,1,1,1,0,5.823321565,1,0,0,0,1,0,0,0,1
1,1,25435.29,12.9775086,0,1,0,0,1,1,0,0,1,1,8.294910436,0,1,1,0,0,0,0,1,0
0,1,33809.72,3.908365171,1,1,0,0,1,0,0,1,0,1,29.10639477,0,0,0,0,0,1,0,1,0
1,1,98173.49,6.483393995,0,1,0,0,0,0,0,1,1,0,5.786960464,0,1,1,0,0,1,0,1,0
1,0,6990.37,5.729464009,2,1,0,1,1,0,0,0,0,0,19.70266217,1,0,0,0,0,1,0,1,0
0,0,21616.35,14.37269379,0,1,1,1,1,0,1,0,1,0,9.44860885,0,1,1,0,0,0,0,0,1
1,1,29736.31,3.461555254,1,1,1,0,0,1,1,1,1,0,4.986528165,1,0,1,0,0,0,1,1,0
0,0,15842.09,6.69907945,0,1,0,0,1,0,1,1,0,0,10.26390461,0,1,1,0,0,0,1,0,1
1,2,41717.46,7.544577618,0,1,1,1,1,0,0,1,1,1,1.525343103,0,0,1,0,0,1,0,0,0
1,0,29907.64,9.891516764,0,0,0,0,0,0,0,0,1,1,11.78880203,0,1,1,0,0,1,0,1,0
0,3,47300.07,12.47369418,2,1,0,0,0,1,1,1,1,1,1.128335443,1,0,1,0,1,0,0,0,0
1,2,42440.36,14.81572883,0,0,0,1,1,1,0,1,0,1,5.691421867,1,0,1,0,0,0,0,1,0
1,3,35223.63,7.647106164,2,1,0,1,1,1,0,1,0,0,6.492246879,1,0,1,0,0,0,1,1,0
1,1,78944.18,9.263624334,0,1,1,0,0,1,1,1,0,1,8.654535873,0,1,0,1,0,0,0,1,0
0,4,21878.12,11.0781516,0,1,0,0,1,1,0,0,0,0,5.179004124,0,0,1,0,0,0,0,0,1
1,1,29005.1,11.97165632,0,1,1,0,0,0,0,1,1,1,1.440416687,0,0,0,1,0,0,0,1,0
0,1,3401.06,11.05079611,2,1,0,0,1,0,1,0,1,0,4.607336316,0,1,1,0,0,1,0,0,1
0,0,20070.17,6.486151578,1,1,0,1,1,0,0,1,0,1,15.747634680000001,1,0,1,0,0,0,0,1,0
0,3,37119.33,5.64473528,0,1,1,0,0,1,0,0,0,1,4.310152224,0,1,1,0,0,0,0,0,0
1,4,14219.58,11.16404955,1,1,0,0,1,1,0,0,1,1,17.37839741,0,1,1,0,1,0,0,1,0
1,2,48525.16,8.096814588,0,1,0,0,0,1,1,1,1,1,5.130341596,1,0,1,1,0,0,0,1,0
0,0,42076.21,7.428239784,1,1,0,1,1,0,1,0,0,0,6.588311936,0,1,0,0,0,1,0,0,0
0,1,69595.62,13.52402765,2,1,0,1,1,0,0,1,0,1,4.222122394,0,0,1,0,0,1,0,0,1
1,5,71049.68,12.28484802,0,1,0,1,0,1,0,0,1,1,1.078815111,1,0,1,1,0,0,0,1,0
1,0,80844.48,6.325988402,0,1,0,1,0,1,0,1,0,1,7.161869147,1,0,1,0,0,0,0,1,0
0,2,22864.34,12.50317843,1,1,0,0,1,1,0,0,1,1,4.313377262,0,0,1,1,0,0,0,1,0
1,0,58126.33,16.58995671,0,1,1,0,0,0,0,1,1,1,11.38490458,0,1,1,0,1,0,0,1,0
1,1,47218.76,13.27497461,1,0,0,0,1,0,0,1,1,1,26.01552533,0,1,1,0,0,0,0,1,0
1,1,24829.93,13.12937988,0,1,1,0,0,0,1,0,1,1,5.110718131,0,0,1,0,0,1,0,1,0
0,1,69238.83,8.023586737,0,1,0,1,1,0,0,0,0,1,8.802527803,1,0,0,0,0,0,0,1,0
1,1,11969.69,8.023097117,0,1,1,1,0,1,1,1,1,1,4.667703398,1,0,1,0,0,1,0,0,0
1,0,9124.29,14.87070352,1,1,1,1,1,0,1,0,1,1,7.455148937,0,0,0,1,0,0,0,0,1
1,2,17280.24,10.65786656,0,1,1,1,1,1,0,1,1,1,17.28550612,0,1,0,0,0,1,0,1,0
0,3,32389.5,10.67064745,2,1,0,1,0,0,0,0,1,0,5.028564472,0,1,1,0,0,1,0,1,0
0,0,26728.25,13.3713819,1,0,1,0,0,0,1,0,1,1,11.09808176,1,0,1,1,0,0,0,0,1
1,4,67100.14,6.780313334,0,0,1,0,0,1,1,0,0,1,2.010353461,0,1,1,0,1,0,0,1,0
0,1,24147.42,10.60676299,1,1,1,1,0,1,0,0,1,0,3.414733275,0,1,0,0,1,0,0,0,0
1,1,18653.61,10.60701919,0,1,1,1,0,0,1,1,1,1,1.901532614,1,0,0,1,0,0,0,0,1
1,5,37922.51,8.441465412,0,1,0,0,1,0,1,1,1,0,5.541384803,0,1,0,1,0,0,0,1,0
1,2,23330.47,10.79373083,0,1,0,1,1,1,0,0,0,1,5.62805389,0,0,0,0,0,0,0,1,0
0,0,2978.04,12.13409749,0,1,1,0,0,0,0,0,1,1,3.11643578,0,1,0,0,0,0,0,0,0
1,0,9441.99,11.11012751,1,1,0,0,1,0,0,1,0,1,2.086431077,1,0,1,0,0,0,1,0,0
0,6,34901.12,11.31808678,0,1,0,0,0,0,1,0,0,1,12.84560044,0,0,0,0,0,1,0,1,0
1,0,13359.18,8.925549447,1,1,0,0,0,0,1,1,0,0,2.704019894,0,0,1,0,1,0,0,1,0
1,0,20761.43,10.01977372,0,1,1,1,1,1,0,1,0,1,1.656338685,1,0,0,0,0,0,1,0,1
1,3,21486.46,5.349482623,0,1,0,1,1,1,0,1,1,0,14.89720747,1,0,0,0,0,0,0,0,0
0,2,44831.61,12.24849045,0,0,0,0,1,1,0,0,1,1,18.66504433,0,0,1,1,0,0,0,1,0
1,2,36574.2,4.771959745,0,1,1,1,0,0,0,0,1,0,13.01023159,0,1,1,1,0,0,0,1,0
1,3,32746,11.90094641,0,1,0,0,0,1,1,0,1,1,5.295927221,1,0,1,0,0,1,0,1,0
0,0,73919.79,14.34560232,1,1,1,1,0,1,1,0,1,0,2.463011656,0,1,0,0,1,0,0,0,0
1,3,64292.47,8.659099436,0,1,0,1,0,1,1,0,1,1,14.04985628,1,0,1,1,0,0,0,1,0
0,2,73331.45,12.27991447,0,1,0,1,1,0,0,0,0,1,4.849677072,0,1,1,1,0,0,0,0,0
0,0,50561.44,6.573582085,1,1,1,1,1,1,0,1,0,1,9.595456517,0,1,1,0,0,1,0,1,0
0,0,39478.06,10.47189661,1,1,0,0,0,0,0,1,0,1,15.16937697,0,1,1,0,0,1,0,0,1
0,1,71916.6,8.989389393,1,0,0,0,0,0,0,1,0,1,6.471903209,0,1,1,1,0,0,0,0,0
1,4,38692.31,10.9725355,0,1,1,1,0,1,1,1,1,0,9.923586914,0,1,0,0,0,0,0,1,0
0,1,8882.51,16.53887592,0,1,1,0,0,0,1,0,0,1,5.36237356,0,1,0,1,0,0,0,1,0
0,1,36384.62,15.56284947,0,1,0,1,1,1,0,1,0,1,3.317348927,1,0,0,0,0,0,0,0,1
0,4,22107.4,8.121051317,0,1,0,0,0,0,0,1,0,0,10.79186592,1,0,1,0,0,0,1,0,1
0,2,25472.79,5.921988779,0,1,0,1,1,0,1,1,0,1,11.7391369,0,0,1,0,0,0,0,1,0
0,1,45020.08,11.61603945,0,1,0,1,1,0,0,1,0,1,13.00962018,0,1,1,0,0,0,0,1,0
0,0,33543.36,11.08657399,1,0,1,0,0,0,0,0,0,0,4.709035899,0,1,1,0,1,0,0,0,0
1,5,40108.38,13.05019837,0,1,0,0,0,1,0,1,0,1,11.55987401,1,0,0,0,1,0,0,1,0
1,1,18762.01,12.017333,1,1,0,1,1,0,1,1,1,0,5.261212465,0,0,0,0,0,0,1,1,0
0,3,70372.16,10.51532824,0,1,0,0,0,0,0,1,0,1,15.806584,0,0,1,0,0,0,1,0,0
0,1,6424.15,6.056073185,1,1,1,1,0,0,0,0,0,1,13.17849974,0,1,1,0,0,0,0,0,1
0,0,67012.93,5.900461334,1,1,1,0,1,0,0,0,0,0,11.58317216,0,0,0,0,0,0,1,1,0
1,2,34090.24,4.455529019,1,1,0,0,0,1,0,0,1,0,12.05713486,0,0,1,0,1,0,0,1,0
1,0,46728.49,10.13094024,1,1,0,0,0,1,0,1,1,1,3.105139512,0,1,0,0,0,0,0,1,0
0,0,20841.67,10.02323853,1,1,0,0,1,1,1,1,0,0,9.137809439,0,1,0,0,0,0,1,1,0
0,2,29812.92,6.988268456,0,1,0,1,1,1,1,0,0,1,9.637781398,0,1,1,0,0,0,1,0,1
0,4,70419.88,12.36821127,0,1,0,1,1,1,0,1,1,1,9.651065829,0,0,1,1,0,0,0,0,1
1,0,70133.7,10.87926101,0,1,1,1,1,0,1,1,1,0,8.730405893,1,0,0,0,1,0,0,1,0
1,1,78537.66,15.55101617,0,1,0,0,1,1,0,1,1,0,4.173314039,1,0,0,0,0,0,0,1,0
0,7,42917.45,8.211187999,0,1,0,1,0,1,0,1,0,1,15.42700763,0,1,0,1,0,0,0,1,0
1,4,18414.04,6.911626144,2,1,0,1,1,0,1,1,0,1,3.679255472,0,0,0,0,0,0,0,1,0
1,0,8716.12,10.52545349,1,1,1,0,1,0,0,1,0,1,5.451895614,0,0,0,1,0,0,0,1,0
1,1,97592.52,9.699996141,0,1,1,1,1,0,0,1,0,1,12.81881129,0,1,1,0,0,1,0,1,0
0,3,43995.62,13.86336803,0,1,0,0,1,1,0,0,1,1,14.31596419,0,1,1,0,0,1,0,0,0
0,0,12571.62,12.58586084,1,1,0,1,0,1,0,1,0,1,14.44810037,0,0,1,0,0,0,0,0,1
1,3,53713.12,7.054722377,0,1,1,0,0,1,1,0,1,1,4.035770971,0,0,0,0,0,1,0,0,1
1,1,7598.57,7.14125345,0,1,1,1,1,1,0,1,1,1,6.434280902,0,1,0,1,0,0,0,1,0
1,3,23773.72,5.965254402,0,1,1,0,1,1,0,1,1,1,5.425068599,0,1,0,0,1,0,0,0,1
0,0,29810.9,8.159988366,0,1,1,1,0,1,1,0,0,1,2.729451922,1,0,0,0,0,1,0,0,0
1,4,39770.82,10.86747966,0,1,0,0,1,1,1,1,0,1,4.816592997,0,1,1,0,0,1,0,1,0
0,0,83953.98,10.56770254,0,1,0,1,1,0,1,0,0,0,3.861708438,1,0,1,0,0,0,1,0,1
1,5,76785.63,9.718721513,1,1,1,0,1,0,1,1,1,1,11.58576976,0,1,1,0,0,0,0,1,0
0,2,18073.86,8.606588238,0,1,1,1,0,0,0,0,0,0,4.906579535,0,0,0,1,0,0,0,1,0
0,2,45860.11,10.01552859,0,0,1,0,1,0,0,1,0,1,15.90065569,0,1,0,0,0,1,0,1,0
1,1,24499.96,11.30041277,0,0,0,0,0,1,0,0,1,0,1.276890621,1,0,1,0,1,0,0,1,0
1,1,17649.89,7.694429352,1,1,1,0,1,0,0,1,0,1,2.646328849,0,0,0,0,0,0,1,1,0
1,4,9035.25,12.37922958,2,1,0,0,1,0,0,1,0,1,13.7944302,1,0,1,1,0,0,0,1,0
1,3,60251.75,13.65070244,0,1,0,1,0,0,0,1,1,1,1.550579619,0,0,0,1,0,0,0,1,0
1,1,47573.47,13.03239121,0,1,0,0,1,0,1,1,0,0,14.63294721,0,1,1,0,1,0,0,1,0
1,0,47529.47,13.17617062,0,1,0,0,0,0,1,1,0,1,7.380291282,0,0,1,0,1,0,0,1,0
1,3,17714.64,7.639596437,0,1,0,0,1,0,0,0,1,1,1.59959844,0,1,0,0,0,1,0,1,0
1,4,21128.1,10.28840622,0,1,0,1,0,1,0,1,1,1,27.46106977,0,1,0,0,0,0,1,1,0
1,2,17104.94,11.22141288,1,1,0,0,0,0,1,1,1,1,1.457335487,1,0,0,0,1,0,0,1,0
1,0,6953.72,10.35968528,0,1,0,1,0,0,0,1,1,1,9.759495559,1,0,0,1,0,0,0,1,0
0,4,68776.91,9.42589315,0,1,0,0,0,1,0,1,0,1,16.66814552,0,0,0,0,0,0,1,1,0
0,0,55859.65,8.978754052,0,1,0,1,0,0,1,0,1,1,14.38485335,1,0,0,0,1,0,0,1,0
1,1,44520,14.17316345,0,1,1,0,1,1,0,1,1,0,9.349597147,0,1,1,0,0,0,0,0,0
0,3,88584.08,7.336069408,0,1,0,0,1,0,1,0,0,1,18.09905454,0,1,1,0,0,0,1,1,0
1,1,6274.49,7.98755916,2,1,0,0,0,1,1,0,1,0,2.625315241,0,0,0,0,0,0,0,1,0
1,1,7371.1,8.397641269,1,1,0,1,0,0,0,1,1,1,11.20984456,1,0,0,1,0,0,0,1,0
1,1,20377.63,10.72236279,1,1,1,1,0,0,0,1,1,1,5.566520625,1,0,1,0,1,0,0,0,1
0,4,20412.53,9.957228621,0,1,0,1,1,0,0,0,1,0,2.380500918,0,0,0,0,1,0,0,0,1
0,1,47154.41,11.7318828,0,1,0,0,0,1,0,1,1,1,8.979360083,1,0,0,0,0,0,0,0,1
0,0,49397.46,11.24862413,0,1,0,0,1,0,1,1,0,1,8.840888613,0,1,1,1,0,0,0,0,1
1,1,22303.29,9.565152901,0,1,1,0,0,0,0,1,1,1,1.591333405,0,1,1,1,0,0,0,1,0
0,0,7211.12,8.482888636,0,0,0,1,0,1,0,1,0,1,7.918062789,0,1,0,1,0,0,0,0,1
1,1,58333.09,9.652139761,0,1,0,0,1,0,1,1,1,1,1.515452465,0,0,1,0,1,0,0,1,0
1,0,46257.12,8.539641939,0,0,0,1,1,1,0,1,0,1,3.857300987,1,0,0,0,0,0,0,1,0
0,3,94363.97,10.64291697,2,1,0,0,0,0,0,0,1,1,7.882710227,1,0,1,1,0,0,0,0,1
1,0,15902.97,11.20520071,0,1,0,0,1,0,1,0,1,1,3.950587999,1,0,0,0,0,1,0,1,0
0,3,11586.87,8.063335935,0,1,0,0,1,0,0,1,1,0,14.02849733,0,1,1,0,0,0,0,0,1
1,2,29621.97,13.31380475,0,1,1,0,1,0,0,1,1,1,6.721823696,0,1,0,0,0,0,0,0,1
1,2,30594.26,8.081619837,0,1,0,0,0,0,0,1,1,0,12.51401968,1,0,1,0,0,1,0,0,1
0,2,19287.42,12.51549843,0,1,0,0,0,1,0,0,0,0,9.485268741,1,0,0,1,0,0,0,0,0
1,4,48925.7,8.86985406,1,1,0,1,0,0,1,1,1,1,19.02547148,0,1,0,0,1,0,0,1,0
1,2,13622.77,15.54783164,0,1,1,1,0,1,0,1,1,1,2.506101194,0,1,0,0,0,1,0,0,1
1,2,23162.08,10.53236725,0,1,1,1,1,1,1,0,1,0,1.692982143,0,1,1,0,1,0,0,1,0
0,0,25593.92,13.85111325,1,1,0,0,0,0,1,1,0,1,6.069124406,0,1,1,0,0,0,0,1,0
1,1,45252.03,8.140661137,0,1,0,0,0,1,0,1,1,1,3.079467822,0,1,0,0,0,0,1,1,0
0,2,18394.86,12.33741082,1,1,0,0,0,1,0,1,0,0,6.240783682,0,1,0,0,0,1,0,0,0
1,1,64017.78,12.45682505,0,1,0,1,0,1,0,1,1,1,11.76491612,0,0,1,0,0,0,0,0,0
0,3,10365.43,11.72006175,0,1,1,0,1,0,1,0,0,0,4.868716415,0,1,0,0,0,0,0,1,0
1,0,47719.56,9.757158826,0,1,0,0,1,0,0,1,1,0,15.27829427,0,1,1,0,0,0,1,1,0
0,4,29527.2,11.13463155,0,1,1,1,0,1,0,1,0,0,9.618627021,0,0,0,1,0,0,0,0,1
0,7,59990.91,9.604665557,0,1,0,0,0,0,1,1,0,1,4.952763872,0,1,1,1,0,0,0,0,0
1,0,48587.84,9.312625685,0,1,1,0,0,1,1,1,1,1,1.819217843,0,1,0,0,1,0,0,0,0
1,3,6315.99,10.75310595,0,1,1,0,1,0,0,0,0,1,6.429025787,0,1,1,0,0,0,0,1,0
0,0,66392.52,13.66391306,1,1,0,1,0,0,1,1,1,1,5.31868521,0,0,0,0,0,0,0,0,0
1,1,16469.29,12.73263489,1,1,1,0,1,1,0,1,1,0,16.4659765,0,0,0,0,0,0,1,1,0
1,1,37938.69,10.75719664,0,1,0,1,0,1,0,1,0,0,9.188837964,1,0,0,0,0,0,0,1,0
0,1,15202.61,5.678334284,2,1,0,1,0,0,0,1,0,1,13.3771743,0,1,1,1,0,0,0,1,0
1,2,22880.13,9.256839293,2,1,0,0,0,0,0,1,1,1,5.688867768,0,1,1,1,0,0,0,0,1
0,3,71860.3,6.005716686,0,1,0,0,0,0,0,1,0,0,2.049006759,0,0,0,0,1,0,0,1,0
0,0,33323.68,8.449531886,0,1,1,0,0,0,1,0,1,0,22.11524673,1,0,0,1,0,0,0,0,0
1,1,35681.35,13.62253111,0,1,1,0,1,1,0,0,0,0,3.976063151,0,1,0,0,0,1,0,1,0
0,1,43506.03,9.555432535,1,1,0,0,0,0,0,1,0,0,24.64624542,0,1,0,0,0,1,0,0,0
0,3,60953.64,11.21221327,0,1,0,0,1,0,0,1,0,0,7.852675802,0,0,1,0,0,0,1,1,0
1,4,27475.94,9.407074462,0,1,0,0,1,0,0,1,1,0,6.745272795,1,0,1,0,0,1,0,1,0
1,0,59702.94,6.086629667,2,0,0,1,0,0,1,1,1,0,11.42508906,0,1,1,0,0,1,0,1,0
0,3,18203.4,9.304463636,0,1,1,1,0,1,1,0,0,1,3.328266165,0,1,1,0,0,0,0,1,0
0,6,38166.25,6.981877587,0,0,0,0,0,1,0,1,0,0,9.907505405,0,0,1,1,0,0,0,1,0
1,0,3836.01,12.9482381,0,1,1,0,1,1,1,1,1,1,4.319159918,0,1,1,0,1,0,0,0,0
0,3,35426.36,7.951655098,0,1,1,1,0,1,0,0,0,0,11.34544436,1,0,1,1,0,0,0,1,0
1,1,28797.05,8.830393232,0,1,1,0,0,0,0,0,0,0,18.39607984,1,0,0,0,0,0,0,1,0
0,1,14508.23,5.862004423,0,1,1,0,0,1,0,0,0,1,8.8469510240000009,0,1,0,0,0,0,1,0,0
0,7,25312.29,8.98242621,0,1,0,1,1,0,1,0,0,0,18.33393114,1,0,1,0,0,0,1,1,0
1,1,35357.64,10.94456682,1,1,0,0,1,0,1,0,1,0,4.303849456,0,1,1,0,0,0,1,1,0
0,1,9033.82,5.870348986,0,1,0,0,1,1,0,0,1,1,9.539729035,0,1,1,1,0,0,0,0,0
0,1,50934.88,9.299530649,0,1,0,1,0,0,1,1,0,0,6.339774346,1,0,1,0,0,0,0,0,0
1,5,20916.69,8.430997077,0,1,1,0,1,1,1,1,1,0,4.969645421,0,1,0,0,0,0,1,0,1
0,2,47114.13,7.728340502,0,1,1,1,1,1,0,0,0,1,5.376652863,1,0,1,0,0,0,1,0,1
0,3,74091.67,11.71374732,1,1,1,0,1,0,1,0,0,1,24.71916223,0,1,1,0,0,1,0,0,0
1,0,55625.04,6.245748922,2,1,0,0,0,1,1,0,1,1,4.354733929,0,1,0,0,0,1,0,1,0
0,1,6904.02,13.68107774,0,1,0,1,0,0,0,0,0,1,10.11019941,0,0,1,0,1,0,0,1,0
0,0,14547.9,13.31528474,1,1,1,0,0,0,0,0,0,1,2.39088492,1,0,1,0,0,0,1,0,0
0,3,67235.07,12.78736044,0,0,0,1,1,1,0,0,0,0,2.606228436,1,0,0,1,0,0,0,0,0
1,5,48597.51,13.41327327,0,1,0,1,0,1,0,1,1,1,13.08606275,0,1,0,1,0,0,0,1,0
1,3,33823.17,13.93273371,1,1,1,1,0,0,1,1,1,1,3.644232332,0,1,0,0,0,0,1,1,0
1,1,58384.68,9.290332689,0,1,0,1,1,0,0,0,1,1,1.415346194,0,1,1,0,1,0,0,1,0
1,1,20614.28,9.983403111,0,1,0,0,0,1,1,1,1,0,2.601455981,0,1,0,1,0,0,0,1,0
1,4,36486.42,12.37242269,0,0,1,0,1,1,0,1,0,0,13.37654004,1,0,0,0,0,0,1,1,0
1,0,86396.3,12.232234,0,1,1,1,0,0,0,0,0,1,7.904120653,0,0,1,0,0,0,1,1,0
0,5,1443.16,9.306097105,1,1,0,1,1,0,1,1,0,0,2.017579009,0,0,1,0,0,0,1,1,0
0,0,17782.67,9.65902772,0,1,0,0,1,0,1,0,0,0,9.716257401,0,1,1,0,0,0,1,0,0
0,1,89527.4,14.72092154,0,1,0,0,0,0,0,0,0,0,18.05033087,1,0,1,0,1,0,0,1,0
0,2,5387.61,11.80636108,0,1,1,0,0,0,0,0,1,0,8.700517617,0,1,1,0,0,0,0,0,0
1,3,10842.41,12.27786817,0,1,1,1,1,1,1,1,1,0,7.25493599,1,0,1,0,1,0,0,0,0
0,0,71322.77,7.729323128,0,1,0,0,0,0,1,0,0,1,4.929637705,0,0,0,1,0,0,0,1,0
1,0,25434.15,8.316451322,0,1,0,0,0,1,1,1,1,0,8.713385365,0,1,1,0,0,1,0,1,0
0,0,28589.45,6.867261371,0,1,0,1,1,0,0,1,1,1,14.45990083,0,1,1,0,0,0,1,0,1
0,4,36472.91,10.28039766,0,0,0,0,0,0,0,0,0,0,5.837241927,0,0,0,0,1,0,0,0,1
1,5,91252.07,13.33611658,1,1,1,0,0,0,1,0,1,1,10.81815085,1,0,0,1,0,0,0,0,0
0,1,24600.9,3.98804545,1,1,0,0,1,1,0,0,1,1,4.764739683,0,1,1,0,0,0,1,1,0
1,2,60420.05,7.478384978,2,1,0,0,1,0,1,1,1,1,4.056889119,0,1,0,1,0,0,0,0,1
0,1,76994.63,9.949410035,2,1,1,0,1,1,1,0,0,1,1.018519598,0,0,1,0,1,0,0,0,1
1,0,78661.45,10.20451845,1,1,1,0,0,0,1,0,0,1,4.187033385,0,1,1,0,0,0,0,1,0
0,1,31578.17,8.504581001,2,1,1,0,0,1,0,1,0,0,14.7804282,1,0,1,0,0,0,0,0,0
0,4,37747.34,5.36030216,0,0,0,1,0,0,0,1,1,1,15.24536909,0,1,1,0,0,1,0,0,0
0,3,20372.35,14.82711414,0,1,1,0,0,0,0,0,0,0,4.218778557,0,1,0,0,1,0,0,1,0
0,3,15878.23,8.131344693,0,1,1,1,0,1,0,1,0,1,2.205915318,1,0,1,0,1,0,0,0,0
1,1,70711.36,8.225714709,0,1,1,0,0,1,1,1,1,1,11.18792763,1,0,1,0,0,0,0,1,0
0,4,7966.08,10.38958279,0,1,0,1,0,0,1,0,0,1,1.929621761,1,0,1,0,0,0,0,0,1
1,1,81748.07,13.77280014,0,1,0,1,0,0,1,0,1,1,16.64037206,1,0,1,0,0,0,1,1,0
1,5,61256.3,11.10202866,0,1,0,0,1,1,0,1,1,1,3.218751358,0,1,1,0,0,1,0,1,0
0,0,74719.96,6.771224401,0,1,1,0,1,1,0,0,0,0,10.03360917,0,0,1,1,0,0,0,1,0
0,0,36934.53,13.12198645,0,1,0,0,1,0,0,0,0,1,8.853636698,0,0,1,0,1,0,0,1,0
0,6,51529.04,8.102372401,2,1,0,0,1,1,0,1,0,0,3.523994671,0,1,1,1,0,0,0,0,0
1,1,28727.43,10.55414085,0,1,0,0,1,1,1,0,0,1,19.58895462,1,0,1,0,1,0,0,1,0
0,4,80892.92,10.99234942,0,1,0,0,0,1,1,0,0,1,7.292787239,1,0,1,0,0,0,0,1,0
1,2,13376.86,9.973647103,0,1,1,0,1,0,1,0,1,0,8.458121948,0,1,0,0,0,0,0,0,1
0,0,20840.13,8.825929291,1,1,1,0,1,0,0,0,1,0,17.48396291,0,1,1,0,0,0,0,1,0
1,1,27222.52,7.649443176,0,1,0,1,0,1,1,1,1,1,8.92504512,0,0,1,0,0,1,0,1,0
1,0,64088.93,10.10186417,0,1,0,1,0,1,0,1,1,1,6.681362911,1,0,0,1,0,0,0,1,0
1,1,40548.91,9.898208583,0,1,1,0,0,1,0,1,0,1,18.97328429,0,1,0,1,0,0,0,1,0
0,4,27775.18,4.963308626,0,1,1,0,0,1,0,0,1,1,17.41856593,0,1,0,0,0,1,0,0,1
1,0,9843.69,9.646498667,1,0,0,0,0,0,1,0,1,1,6.791270714,1,0,0,1,0,0,0,1,0
0,1,39504.22,5.92932879,0,0,0,1,0,1,1,1,0,1,7.172070851,1,0,1,0,0,1,0,0,1
0,3,43677.84,14.77952062,1,1,1,1,0,1,0,1,0,0,8.960033031,0,1,1,0,0,0,1,0,1
1,2,37952.49,2.870798009,0,1,0,0,1,0,0,1,1,1,13.76430574,1,0,1,0,0,0,0,1,0
1,1,31964,3.749430281,0,1,1,1,1,0,1,1,0,1,2.440923609,1,0,0,0,0,0,0,1,0
0,7,70461.04,12.51140348,0,0,0,1,1,1,1,0,0,1,8.279774899,1,0,0,0,0,1,0,0,1
0,1,28269.35,10.16339628,0,1,0,1,0,0,0,0,1,1,9.2766412,0,1,1,0,1,0,0,0,1
0,0,68188.8,11.11635259,0,0,0,0,0,1,0,0,0,0,6.435331488,0,1,0,0,0,0,1,0,0
0,5,25313.42,9.938971667,0,1,1,0,1,0,1,0,1,1,15.40849216,0,1,1,1,0,0,0,0,1
0,3,30567.39,10.72919005,0,1,0,1,1,0,0,0,1,0,13.46926706,1,0,1,0,0,1,0,1,0
1,3,57778.05,12.1464948,0,1,1,0,0,0,0,1,1,0,6.867358844,0,0,0,0,0,0,1,0,0
1,2,38465.4,10.15007074,0,1,1,0,0,0,1,1,0,0,7.522520984,0,0,1,0,0,0,0,1,0
1,4,26031.22,6.884662093,1,1,0,0,0,1,0,0,1,1,4.611940238,0,1,0,1,0,0,0,1,0
1,0,46393.66,14.39565424,0,1,1,0,1,0,1,0,0,0,10.30304569,1,0,0,0,1,0,0,1,0
1,2,19439.54,15.9111278,1,1,0,0,0,0,1,0,1,0,5.901029789,1,0,0,0,1,0,0,1,0
1,0,16117.26,9.320031526,0,0,0,1,0,0,0,1,1,0,8.691329205,0,1,0,1,0,0,0,1,0
1,0,11828.76,5.64360936,1,1,0,1,1,1,0,1,1,1,20.70165955,1,0,0,0,0,0,0,1,0
0,0,8085.85,8.415407057,1,1,0,1,0,0,0,0,0,1,3.147892285,0,0,1,0,0,1,0,1,0
1,0,47757.95,7.550902576,1,0,1,1,1,0,0,0,1,1,1.456262249,1,0,1,0,0,1,0,1,0
1,1,21861.69,11.28505526,0,1,1,0,1,0,0,0,1,1,2.072317222,0,1,0,0,0,0,0,0,0
0,1,41446.86,7.990639758,0,1,0,0,0,1,0,0,1,1,3.475168025,0,1,1,0,0,1,0,1,0
0,1,22032.37,10.78273936,0,1,1,0,1,0,0,0,0,0,9.5109937510000009,0,1,0,0,1,0,0,0,1
0,1,52729.59,11.02320782,0,1,0,1,0,0,0,0,0,0,22.16579367,0,1,1,1,0,0,0,0,1
0,1,31026.92,11.10415291,0,1,1,1,0,0,1,0,0,1,6.19002424,0,1,0,0,0,0,1,1,0
0,1,11252.3,17.5602198,0,0,1,0,1,1,1,0,0,0,9.067061096,0,0,0,1,0,0,0,0,1
0,1,97479.21,4.122791832,0,1,1,0,0,0,0,1,0,1,1.845003373,0,0,1,0,1,0,0,0,1
0,4,13288.17,12.84976081,1,1,1,1,0,1,0,0,1,1,3.12313921,0,1,0,0,0,1,0,0,0
1,0,10245.51,7.077339857,0,1,1,0,0,1,0,1,1,1,1.491763776,0,0,1,1,0,0,0,1,0
1,5,10530.09,6.033340156,0,1,1,0,1,0,0,0,0,0,18.66406554,1,0,1,0,0,1,0,1,0
1,3,22898.91,12.13656325,1,1,1,0,0,1,0,1,1,1,8.721905501,0,1,1,0,0,1,0,1,0
1,0,30814.46,4.840632447,0,1,1,1,1,1,0,1,0,0,14.58313517,1,0,0,0,0,0,0,1,0
0,1,53777.29,9.242340847,0,1,1,0,0,1,0,0,0,0,4.255080878,1,0,0,0,1,0,0,0,1
0,2,44064.71,6.471033904,1,1,0,0,1,1,1,0,1,1,9.343807204,0,0,1,1,0,0,0,1,0
1,0,87315.7,8.352797526,1,1,1,0,1,0,0,1,1,1,4.153793775,1,0,1,0,0,1,0,1,0
1,1,16937.26,13.44315297,0,1,1,1,0,1,1,1,1,0,1.583634587,0,1,0,0,0,0,1,1,0
0,2,30434.99,4.316379108,0,1,1,1,0,1,1,1,1,0,13.98469679,0,0,1,0,0,0,1,0,0
1,3,87428.18,7.92642809,0,1,1,1,1,0,0,0,0,1,3.072369855,0,1,0,0,0,0,1,1,0
1,1,19821.7,9.032895096,1,1,1,0,0,0,0,0,1,1,12.81011786,1,0,1,0,0,0,0,1,0
0,2,45546.55,15.15496322,1,1,0,1,0,0,1,0,0,1,8.417226873,0,0,1,0,0,1,0,0,1
0,7,57343.6,11.57637613,1,1,0,0,1,1,0,1,0,0,17.35804942,0,1,0,1,0,0,0,0,1
1,3,15777.93,11.55879323,1,1,0,1,1,1,1,1,0,1,7.95236848,0,1,1,0,0,0,1,1,0
1,3,50109.93,11.98080538,0,1,0,1,0,0,1,1,1,0,8.889790813,1,0,1,1,0,0,0,1,0
0,0,39585.8,8.280154685,2,1,0,0,0,1,0,0,0,0,17.67252758,1,0,1,0,0,0,1,0,1
0,0,81833.68,13.65973236,0,1,0,1,0,1,0,0,0,0,9.716052195,0,0,0,1,0,0,0,0,1
1,3,23288.22,7.643621222,1,0,0,0,1,0,1,1,0,0,14.87120712,1,0,0,0,0,0,0,1,0
0,7,27430.39,9.919678232,1,1,0,1,1,1,0,1,0,1,7.077999389,1,0,0,0,1,0,0,0,0
0,3,53862.8,2.944771091,0,1,1,0,0,1,0,0,1,1,10.39427126,0,1,1,0,0,1,0,0,0
0,1,55264.57,12.84598904,0,1,1,1,0,1,1,0,1,0,10.22370845,0,1,1,0,1,0,0,0,1
0,5,27937.54,8.578166103,1,1,0,0,1,1,1,0,1,0,8.098851806,0,0,1,0,0,0,1,1,0
0,0,14629.71,11.32174569,2,1,0,0,0,1,1,1,0,1,19.16163631,0,1,1,0,0,0,0,0,0
1,3,60109.62,15.75679649,0,1,0,0,1,0,1,1,1,1,9.932932319,1,0,0,0,0,0,1,1,0
1,0,99100.1,9.908849616,0,1,0,0,1,0,1,1,1,0,9.26064585,1,0,1,0,0,0,0,0,0
0,0,28987.95,7.553373948,1,1,1,1,0,1,1,0,1,0,8.634921784,0,1,0,0,0,0,0,0,0
0,0,48455.85,10.30256804,1,1,0,0,1,0,0,1,0,0,26.16514147,1,0,0,0,0,1,0,0,1
0,6,90596.15,7.899801255,1,1,1,1,0,0,1,0,0,1,7.245906912,0,1,0,1,0,0,0,0,0
1,3,82251.92,7.059012011,0,0,0,1,1,0,0,1,0,0,6.133827574,0,1,0,0,0,1,0,1,0
1,7,41210.5,10.59857436,1,1,0,0,1,0,1,1,0,1,3.816472249,1,0,1,0,1,0,0,1,0
0,1,24969.71,9.109696707,0,1,0,1,1,0,0,0,1,1,11.47456181,0,0,1,0,0,0,0,1,0
1,0,8669.16,15.32731181,0,1,1,0,0,1,0,1,1,0,3.61323465,0,1,1,0,0,0,1,1,0
1,0,3551.89,11.64764999,1,1,1,0,1,0,0,1,1,1,6.126946607,1,0,0,0,1,0,0,1,0
1,0,68738.07,7.595319178,0,1,1,0,1,0,0,1,1,1,5.679317142,0,1,1,1,0,0,0,0,0
0,3,21671.58,9.227166445,0,1,0,1,0,0,0,0,0,1,9.314854212,1,0,0,0,0,0,0,1,0
0,1,25597.36,9.140364793,0,1,0,1,0,1,0,1,0,0,5.597557242,0,0,0,0,1,0,0,0,1
1,2,40133.04,14.95030399,1,1,1,0,1,0,1,1,1,0,6.195470215,0,1,0,0,0,1,0,0,0
0,0,3998.85,12.47176454,0,1,0,0,1,1,0,1,0,0,8.509499576,0,0,0,0,0,1,0,0,1
0,2,12061.92,10.94680764,0,1,1,0,0,0,0,0,0,1,9.045537332,0,1,0,0,1,0,0,0,0
0,3,6132.5,13.32229504,0,1,0,0,1,0,1,1,0,1,17.70570806,0,1,0,0,0,0,0,0,1
1,4,78238.99,15.54569939,0,1,0,0,1,0,1,1,1,1,5.958420709,1,0,1,0,0,1,0,1,0
1,1,15048.63,8.440399216,0,1,1,0,0,0,0,1,1,1,7.570075544,1,0,0,0,0,1,0,1,0
0,2,101771.45,9.010061624,1,1,0,0,0,0,0,0,1,1,5.873359501,1,0,1,0,0,1,0,0,0
0,2,12998.92,12.9088807,0,1,0,0,1,0,0,1,0,1,19.37622206,1,0,0,0,0,0,1,0,0
0,2,58997.61,6.783649349,1,1,0,0,1,1,0,1,0,1,13.66699636,0,1,0,0,0,0,0,1,0
0,1,57062.8,8.455302586,0,1,1,1,1,1,0,1,0,1,10.7468963,1,0,1,0,0,1,0,0,1
0,0,7945.24,13.64460159,1,1,0,0,1,0,0,0,0,1,6.691537735,0,1,0,0,1,0,0,0,1
0,1,26131.54,10.39492135,0,1,0,0,0,0,1,0,1,0,12.41932486,0,0,1,1,0,0,0,1,0
1,6,45869.12,10.58093125,1,1,1,1,0,1,0,0,1,1,2.5238884,0,1,0,0,0,1,0,1,0
0,0,3223.21,12.07896744,0,1,1,0,0,1,1,0,0,1,9.764790968,0,1,1,0,0,0,1,1,0
0,1,12411.88,10.94484319,1,1,1,1,0,1,1,0,0,1,6.695029374,1,0,1,0,0,0,1,0,1
1,3,48154.12,16.63376919,0,1,0,0,0,0,1,0,1,0,1.723983897,1,0,0,0,0,1,0,1,0
0,3,85147.06,7.540632126,0,0,0,0,0,0,1,1,0,0,3.811416865,1,0,1,1,0,0,0,0,0
0,2,49691.34,8.173622417,0,1,1,1,0,0,1,0,0,1,1.784103787,0,1,0,0,0,1,0,0,1
0,0,49106.35,10.24327363,0,1,0,0,0,0,0,0,0,1,13.3451101,1,0,1,1,0,0,0,1,0
1,3,11306.37,12.834729,0,1,1,0,0,1,0,1,1,1,5.441479864,1,0,0,0,0,1,0,1,0
0,2,12851.22,9.503889638,0,1,0,0,1,0,0,0,1,0,3.550421402,0,1,0,0,0,0,0,0,1
0,4,95197.4,9.255314336,0,1,1,1,0,0,0,1,0,0,19.9235245,0,1,1,0,0,0,1,0,0
1,0,29348.16,8.954899011,2,1,0,1,1,1,1,0,0,0,1.374911824,1,0,0,1,0,0,0,1,0
0,4,5028.44,11.81175528,0,1,1,0,1,0,0,1,0,0,3.106980528,0,1,1,0,0,0,0,0,0
1,0,85717.14,2.110606916,0,1,0,0,0,1,0,1,1,0,5.550110436,0,0,1,0,0,1,0,1,0
1,3,34407.99,11.46370907,0,1,1,1,1,1,0,1,1,1,9.38712707,0,1,1,0,0,0,1,0,1
1,3,5874.73,9.928856736,0,1,1,0,0,0,1,0,0,1,4.005780287,0,1,1,0,0,1,0,0,0
0,7,68836.53,11.57554015,0,1,0,1,1,0,1,1,0,1,12.40889924,1,0,1,0,1,0,0,0,0
0,3,35105.32,13.27478996,2,1,0,1,0,0,1,0,1,1,7.60247544,0,1,0,0,0,0,0,0,1
0,0,15002.6,8.508595449,0,1,1,0,0,1,0,1,0,1,10.08463748,0,1,0,0,0,0,0,0,1
0,2,51988.65,8.844986609,0,1,1,1,1,1,1,0,0,1,6.169035922,0,1,0,0,0,1,0,1,0
1,0,18692.53,12.25982132,0,1,1,1,0,0,0,0,1,0,12.09641389,0,0,0,0,0,0,1,1,0
1,3,20896.4,10.03906526,0,1,1,1,0,0,1,0,0,1,23.32691904,1,0,0,0,0,1,0,1,0
1,0,22274.11,8.620125009,1,1,0,1,0,0,0,1,1,0,15.82334026,1,0,1,0,0,0,1,0,0
0,4,45642.1,10.24268185,0,1,1,0,1,0,1,1,0,1,6.832965812,1,0,1,1,0,0,0,0,1
0,2,13802.12,13.65545074,1,1,1,0,1,0,0,0,1,1,6.109999694,0,1,0,0,0,0,1,0,0
1,7,9237.79,10.62473397,1,1,1,0,1,1,0,0,0,1,12.74748675,1,0,1,0,0,0,0,1,0
1,3,49350.86,12.50834927,0,1,1,0,1,0,1,0,1,1,18.81607435,1,0,1,0,0,1,0,1,0
0,4,31644.7,15.76975133,0,1,1,0,1,1,1,0,1,1,11.96148946,0,1,0,1,0,0,0,1,0
0,0,26312.33,13.46868109,0,1,0,0,1,0,0,1,0,0,15.48651522,0,1,0,1,0,0,0,1,0
1,1,78370.93,4.471635302,0,1,1,0,1,0,1,1,0,1,21.10862922,1,0,0,0,0,0,0,1,0
1,2,6088.74,10.14904497,0,1,1,1,1,1,0,0,1,1,8.825774698,0,1,0,0,0,0,0,1,0
0,3,73646.38,7.568122559,0,1,1,0,1,0,0,1,0,0,8.000279417,1,0,0,1,0,0,0,0,0
0,3,32974.25,7.641160647,0,1,1,1,0,0,0,1,0,1,15.16346403,0,0,1,0,0,0,1,1,0
1,1,3955.88,10.62427045,1,1,0,1,1,1,0,0,1,1,10.43448006,0,1,1,0,0,0,0,1,0
1,1,53513.98,6.922666965,0,1,1,0,0,1,0,1,1,0,8.550692097,1,0,1,1,0,0,0,1,0
1,0,42002.93,10.20539198,0,0,1,0,0,1,0,0,1,0,9.323157168,1,0,1,1,0,0,0,1,0
0,0,18159.87,5.205660364,0,1,1,0,1,1,0,1,0,0,17.63783701,0,0,1,0,0,1,0,0,1
1,4,82924.09,9.816727691,0,1,1,0,0,1,0,0,0,1,2.694014031,0,1,0,0,0,0,1,1,0
0,4,11824.7,8.717398286,1,1,1,0,1,0,0,0,0,1,2.937852035,0,1,0,0,0,0,0,0,1
0,1,73624.07,13.75454575,0,0,0,0,0,1,0,0,0,1,9.566169913,1,0,1,0,0,0,1,0,0
1,1,51606.19,15.61280724,1,1,0,1,0,1,0,1,0,1,2.163284177,0,1,1,0,0,0,0,1,0
0,1,36352.23,11.69866136,1,1,1,1,0,1,0,0,0,0,14.06970055,0,0,1,0,0,1,0,0,0
0,2,33589.11,13.56647971,0,1,0,1,1,0,0,0,0,1,13.13159395,1,0,0,0,0,1,0,0,1
0,3,25866.44,7.697547282,1,1,1,0,0,0,0,0,1,1,11.55776139,0,1,1,0,0,1,0,0,0
1,1,30090.22,10.51097693,0,1,0,1,1,1,0,1,1,1,8.255617012,1,0,0,0,1,0,0,1,0
0,0,3811.96,7.518278856,0,1,0,0,0,0,1,0,0,1,5.174032539,1,0,1,0,0,0,0,0,1
0,0,35130.18,12.69971233,0,1,0,0,0,1,0,0,1,1,14.96689418,1,0,0,0,0,0,0,0,1
0,2,67940.02,12.26691686,0,1,0,0,0,0,1,1,0,1,18.95221637,0,0,1,0,0,0,0,1,0
1,0,20078.44,14.82798335,1,1,0,1,0,0,1,1,1,1,5.011735021,0,0,1,0,0,1,0,0,1
1,1,27692.11,10.39540448,0,1,0,0,0,0,0,0,1,0,2.728247011,0,1,1,0,0,1,0,1,0
1,3,18895.42,9.064004874,0,1,0,0,0,1,0,0,1,0,7.138985437,0,0,1,0,0,1,0,1,0
0,0,22536.48,8.420093797,0,1,1,1,0,0,1,1,0,0,22.71649048,0,1,1,0,1,0,0,1,0
1,2,35730.59,9.420067912,0,1,1,0,1,0,1,0,1,0,13.28051861,0,1,0,0,0,0,1,1,0
0,2,79669.11,11.20745718,1,0,1,0,0,1,0,0,1,0,27.96096319,0,0,1,0,1,0,0,0,0
1,1,36901.24,7.436719685,0,1,1,0,0,1,1,1,0,0,4.61174735,0,1,1,0,0,0,1,1,0
0,2,39092.7,7.79720649,1,1,1,1,0,0,0,0,0,1,15.71358455,0,0,0,0,0,0,1,1,0
1,4,43436.42,7.584336396,0,1,0,0,1,0,1,1,1,0,12.60420397,0,1,0,0,0,1,0,0,0
0,1,56327.41,14.18701742,0,1,0,0,0,1,1,0,1,0,17.92733138,1,0,0,1,0,0,0,0,0
1,0,16762.99,11.54198689,0,1,1,1,1,1,0,0,1,0,6.818705821,0,1,1,0,1,0,0,1,0
0,0,46854.5,10.51853461,0,1,1,0,1,1,0,0,0,1,15.97494301,1,0,0,0,0,0,0,0,0
1,3,34372.27,7.871451091,1,1,1,0,1,0,0,0,1,1,14.39399314,0,0,0,0,0,0,0,1,0
1,0,24378.22,10.67112794,0,0,0,1,0,1,1,1,1,1,9.983052758,1,0,0,0,0,1,0,0,0
0,1,31198.52,12.01473007,1,1,0,0,0,1,0,1,1,0,2.704950495,0,0,1,0,0,0,1,0,1
1,3,36333.77,10.48393458,0,1,1,0,1,0,0,1,0,1,1.225588884,0,1,0,0,0,0,0,1,0
0,2,13288.6,12.67159952,1,0,0,0,1,1,0,1,0,1,10.44973947,1,0,0,0,0,1,0,0,1
0,3,25446.01,8.414092289,1,1,0,0,0,0,0,1,1,0,3.418302206,0,1,1,1,0,0,0,0,0
0,4,26129.83,6.292455476,0,1,0,1,0,0,1,0,1,0,4.837990763,0,1,0,0,0,1,0,0,1
1,1,54981.51,15.09456492,1,1,0,0,1,0,0,0,1,1,1.156719701,0,0,1,0,0,0,0,1,0
0,1,69444.54,7.207577411,0,1,1,0,0,0,0,0,1,1,3.124488057,0,0,0,0,0,1,0,1,0
1,1,57844.94,13.72595127,0,1,1,1,1,0,1,0,1,1,6.958063425,1,0,1,0,1,0,0,1,0
1,3,36772.35,7.987261514,0,1,1,0,1,0,1,0,0,1,7.010189312,0,1,0,1,0,0,0,1,0
1,3,22853.63,13.96678169,0,1,0,0,1,1,0,0,0,1,2.447985699,0,1,0,1,0,0,0,1,0
0,3,27546.33,16.41256411,0,1,0,0,1,0,1,0,1,1,8.343625652,1,0,0,0,0,0,0,1,0
0,3,65377.87,9.863350742,0,1,0,0,0,0,0,0,1,0,4.845060681,0,1,1,0,1,0,0,1,0
1,0,23514.45,10.6945716,0,1,0,0,0,0,1,0,0,1,11.19078648,1,0,0,0,0,0,0,1,0
1,1,35556.27,12.2300724,0,0,0,0,1,1,0,0,1,0,21.16641251,0,1,1,0,0,0,0,1,0
0,1,42326.58,9.953164978,0,0,0,1,0,1,1,1,0,1,25.88644227,0,1,1,1,0,0,0,1,0
0,0,4523.8,13.69110294,0,1,0,0,1,1,0,0,0,1,15.59096202,1,0,0,1,0,0,0,0,1
0,0,7128.27,8.71758667,0,1,0,0,1,1,0,0,1,0,13.03099332,0,0,0,0,0,0,0,1,0
0,4,29093.29,8.249879184,1,1,0,1,1,0,0,0,0,1,1.124656757,0,1,1,0,0,1,0,0,0
0,0,65477.76,12.97906926,1,1,0,1,1,1,0,0,1,1,3.551651444,1,0,1,0,0,0,0,0,0
0,1,18185.88,12.57260598,0,1,0,1,1,1,0,1,0,1,7.925553778,1,0,1,0,0,0,0,1,0
0,0,34217.69,13.58758162,0,1,1,1,0,1,0,0,0,1,3.685081574,0,1,0,0,0,1,0,0,1
0,0,56034.16,5.615789376,0,1,0,0,1,1,0,0,1,0,2.659423565,0,1,1,0,0,0,1,0,1
1,4,16526.81,10.86355397,0,1,0,0,0,1,0,1,0,1,1.355493769,0,0,0,0,0,0,0,1,0
1,3,40392.47,9.73677222,0,1,0,1,1,0,0,0,1,1,11.03162791,0,1,0,0,0,0,0,1,0
0,0,43889.69,8.332567184,0,0,0,1,1,0,0,1,0,1,9.141192423,0,0,1,0,0,1,0,1,0
0,3,30101.28,5.210753949,2,1,0,0,0,1,1,0,1,1,4.633545041,0,0,0,0,1,0,0,0,0
0,2,26569.81,10.43343891,1,0,0,1,0,0,0,0,0,0,9.22316707,1,0,1,1,0,0,0,0,1
1,3,62441.01,4.87057775,2,1,0,1,1,1,1,1,0,1,7.771315315,0,1,0,0,0,1,0,1,0
0,0,19165.73,5.221173325,1,1,1,1,0,0,0,1,0,1,5.7018635,0,1,1,0,0,0,1,0,0
1,3,33846.23,8.106603381,0,1,1,0,1,0,1,1,1,0,2.456217972,0,1,1,0,1,0,0,1,0
0,0,24892.78,8.546096292,1,0,1,0,0,1,1,1,0,0,2.849622074,0,1,1,0,0,0,0,1,0
0,0,77107.03,14.90633873,0,1,0,0,0,0,0,0,0,1,12.61694943,0,1,1,1,0,0,0,0,0
1,0,35108.41,14.54049442,1,1,0,1,1,0,0,0,1,0,2.967533379,0,0,0,0,0,0,1,1,0
0,2,32296.27,8.627473352,0,1,0,1,1,0,1,1,1,1,4.44463064,0,1,0,0,1,0,0,0,1
0,4,27019.83,11.27833464,0,1,0,0,1,0,1,0,1,1,10.92247392,1,0,1,0,0,0,0,0,0
1,2,12353.15,10.92368132,0,1,0,0,1,0,0,0,1,0,5.696461819,0,1,0,0,1,0,0,1,0
0,3,35982.39,10.6224092,0,1,0,0,1,1,0,1,0,0,5.173463744,0,0,0,0,1,0,0,1,0
0,0,42104.6,9.271510114,0,1,1,0,0,0,0,0,0,1,9.339307484,0,1,0,1,0,0,0,0,0
1,1,48881.55,9.095661093,0,1,1,1,1,1,0,0,1,0,3.955928538,1,0,0,0,0,0,0,1,0
1,5,32000.75,7.686998495,0,1,1,0,0,1,0,1,1,1,9.652842643,0,0,0,0,0,0,0,0,1
1,1,29822.31,11.72310409,0,1,0,0,0,0,0,0,1,1,16.53244292,0,1,0,0,0,0,0,1,0
1,0,27669.39,8.498824483,0,1,1,0,1,0,0,0,0,0,22.57289049,1,0,0,0,1,0,0,1,0
0,0,42027.65,7.723994889,0,1,0,0,0,1,0,0,0,1,8.571860106,1,0,1,0,0,1,0,1,0
1,0,69014.19,10.58554141,0,1,1,0,0,0,0,1,1,1,7.195810535,1,0,1,0,0,0,0,0,0
0,5,16502.68,9.457948968,0,1,1,1,0,1,0,0,0,1,2.661961707,0,1,0,0,0,1,0,1,0
1,7,45181.64,6.974510376,0,1,1,0,0,0,0,1,1,1,2.834098048,0,1,0,0,0,1,0,0,0
1,3,45244.57,11.5455462,0,1,1,1,0,1,0,1,1,0,8.637184433,0,1,0,0,0,0,1,0,1
1,1,27457.73,10.28781284,0,1,1,0,0,0,0,1,1,1,10.46190099,1,0,1,0,0,1,0,1,0
0,0,7326.3,9.24582929,1,1,0,0,0,1,1,1,0,1,4.861047755,1,0,0,0,0,0,0,0,0
1,0,60631.73,6.336266086,1,1,1,0,0,0,0,0,1,1,9.62893496,0,1,1,0,0,0,0,1,0
0,2,36635.39,5.245083025,0,1,0,1,1,1,1,1,0,0,7.912612583,0,1,0,0,0,1,0,1,0
1,2,11435.62,8.931385159,0,1,0,0,0,1,0,0,1,1,3.135848347,0,0,0,0,1,0,0,1,0
0,0,3381.33,8.350691799,0,1,0,0,0,1,1,1,0,0,9.31669305,0,1,1,0,1,0,0,1,0
1,3,57644.66,13.18140871,1,1,1,0,0,1,0,0,0,1,6.485770796,1,0,0,0,0,1,0,1,0
0,1,27990.52,8.304302989,1,1,0,0,0,1,1,0,1,0,19.43267321,0,1,0,1,0,0,0,0,1
0,4,33315.46,14.81141178,0,1,1,1,1,1,1,1,0,1,16.08842518,1,0,0,0,1,0,0,0,1
1,1,42506.64,10.95303334,0,1,1,0,0,1,1,0,1,0,4.860645308,0,0,0,0,1,0,0,1,0
0,4,6878.84,8.61275076,0,1,0,1,0,0,0,0,0,0,18.88610542,0,0,1,0,0,0,1,0,1
1,1,11856.64,15.95494909,0,1,0,0,1,0,1,0,1,0,11.73492964,0,1,0,0,1,0,0,1,0
1,0,19017.34,12.03501573,0,1,0,0,1,0,0,1,1,0,9.841085026,0,0,0,0,0,0,1,1,0
1,2,62781.25,11.66278135,0,1,1,1,0,1,0,0,1,0,7.819783852,1,0,0,0,1,0,0,1,0
1,4,5601.94,13.63078539,1,1,0,0,1,1,1,1,0,1,29.70527547,1,0,1,1,0,0,0,1,0
1,0,41527.17,11.51565844,0,0,1,0,1,1,1,0,1,0,2.478012402,1,0,0,0,0,0,0,1,0
1,0,11098.51,4.48844021,0,1,1,0,1,0,1,1,1,1,4.089115347,1,0,0,0,0,1,0,1,0
1,4,50670.27,12.69180844,0,1,0,1,1,0,0,1,0,0,20.96092159,1,0,0,1,0,0,0,1,0
1,4,12704.28,12.02547979,0,1,1,0,1,0,1,1,1,1,2.876901531,0,1,0,1,0,0,0,0,1
1,0,41979.65,6.209819263,0,1,1,0,0,0,1,0,1,1,5.146834768,1,0,0,0,0,0,0,1,0
0,1,40057.18,14.81848646,0,1,1,0,0,0,0,0,1,0,21.63512984,0,1,0,1,0,0,0,1,0
0,2,56342.23,9.899590419,0,1,0,1,1,0,0,0,0,0,2.62860278,0,0,0,0,1,0,0,1,0
0,1,57826.31,7.233747171,0,1,0,0,0,0,0,1,0,0,2.045299662,0,1,0,0,0,0,0,0,0
1,4,36220.07,12.30730362,2,1,0,1,0,1,1,1,1,0,7.677039536,0,1,0,0,0,0,1,1,0
0,0,47229.76,13.27653911,1,1,0,1,1,0,0,0,0,1,5.427546075,1,0,0,1,0,0,0,0,0
0,3,33168.88,10.98310848,0,1,0,0,0,0,1,1,0,1,31.10956637,1,0,0,0,0,1,0,1,0
0,5,42479,8.229564778,0,1,1,0,1,0,0,1,0,1,5.812856338,0,0,1,1,0,0,0,0,1
0,3,31781.03,9.016531101,0,1,0,0,0,0,1,0,1,0,1.67735795,0,1,1,0,0,0,0,0,1
1,3,47256.46,9.066791953,1,1,1,0,0,1,0,0,1,1,10.55675189,0,1,0,0,0,0,1,1,0
0,2,81622.91,9.04153153,1,0,0,0,0,1,1,1,1,1,12.48678964,0,0,0,0,0,0,1,0,1
0,1,21817.19,9.215937432,0,1,0,0,0,0,1,0,1,1,6.307898491,0,1,1,0,0,1,0,0,1
0,1,38135.76,8.071539004,0,1,1,0,1,0,0,0,0,1,7.195646567,0,0,0,0,0,0,0,1,0
1,4,28438.52,10.1125551,1,1,0,0,0,0,0,1,1,1,15.15825465,0,0,1,0,0,1,0,1,0
0,0,13935.17,12.24888394,0,1,0,1,0,0,1,0,1,1,2.619468979,0,1,1,0,1,0,0,0,0
0,0,15433.62,13.41929614,0,1,1,0,0,0,0,0,0,0,7.321650003,0,0,1,0,0,1,0,0,1
1,4,48038.44,9.5872321,0,1,0,0,0,0,0,0,1,1,17.88183906,0,0,1,0,0,0,1,1,0
0,4,27950.05,8.088610041,0,1,0,0,1,0,0,1,0,0,17.12047934,1,0,0,0,0,0,1,0,1
1,0,43525.94,10.55912151,2,1,1,1,0,1,0,1,0,1,4.32321356,0,1,0,1,0,0,0,1,0
1,3,31003.45,9.234299939,0,1,1,0,1,1,0,1,1,0,12.71183755,1,0,0,0,1,0,0,0,1
1,2,55523,10.21011328,0,1,0,0,1,0,0,0,1,0,3.868738215,0,1,1,0,0,0,1,1,0
0,0,47596.81,9.923698853,0,1,1,0,0,0,1,1,1,0,3.871799525,0,1,1,0,0,1,0,0,1
0,4,24216.4,13.09191109,0,0,0,1,0,0,1,1,0,0,9.331730104,1,0,0,0,0,1,0,0,0
1,1,10429.51,8.102739551,1,1,1,1,0,0,0,1,1,0,17.01228541,1,0,0,0,1,0,0,1,0
0,3,34905.9,13.49890874,0,1,1,1,0,1,1,1,0,1,4.556801333,0,0,0,0,0,0,1,1,0
1,3,17888.07,14.62580855,0,0,0,0,0,0,1,1,0,1,2.495010749,1,0,1,0,0,0,0,1,0
0,4,30398.93,10.79945853,0,1,0,1,0,1,1,1,0,0,4.452382314,1,0,1,1,0,0,0,0,0
1,0,8657.1,10.75378608,1,1,1,0,0,1,1,0,0,0,3.847102787,1,0,1,0,1,0,0,1,0
0,3,46183.9,6.399633802,2,1,0,0,0,0,1,0,1,1,3.688657724,0,1,1,0,1,0,0,1,0
1,2,9106.57,12.29278948,0,1,1,0,0,1,1,0,1,1,21.13118502,1,0,0,0,0,0,0,1,0
0,1,50103.36,6.223741222,0,1,0,1,0,0,1,0,0,1,23.44153546,0,1,1,0,0,1,0,0,1
1,1,1193.19,12.00707872,0,1,0,1,0,0,1,1,0,1,4.594946825,1,0,1,0,0,0,0,1,0
1,2,57322.77,16.89111923,0,1,1,0,1,0,0,1,0,0,8.085917091,0,1,0,0,0,0,1,1,0
0,3,66945.1,11.91191765,0,1,0,0,1,0,0,1,0,1,2.354138635,1,0,0,0,0,0,0,0,1
1,1,38227.48,8.849510435,0,1,0,0,1,1,0,1,0,1,5.68109955,0,0,1,0,0,0,1,1,0
0,1,60150.88,8.637279441,1,1,0,1,1,0,1,0,0,0,16.96762986,0,1,0,1,0,0,0,1,0
1,7,49128.48,13.3037367,0,1,0,0,0,0,0,0,1,1,4.544027018,0,1,0,1,0,0,0,1,0
1,0,23702.37,12.77224032,0,1,0,0,1,0,0,0,1,0,10.3444125,1,0,0,0,1,0,0,1,0
1,1,25368.71,8.6548926,0,1,0,1,0,0,0,0,1,1,4.672608309,1,0,1,0,0,0,1,1,0
0,2,1593.76,10.617244,0,0,1,0,0,1,0,0,0,0,11.44470291,1,0,0,0,0,0,1,1,0
1,3,24984.75,9.103936329,1,1,1,0,1,1,0,1,0,1,16.78883402,0,1,1,1,0,0,0,1,0
1,1,29315.24,7.420757697,0,1,1,1,1,1,1,1,1,1,10.27733324,1,0,0,1,0,0,0,1,0
0,5,13262.8,9.694498267,0,1,0,0,1,0,0,0,1,1,15.98515564,0,1,0,0,1,0,0,1,0
1,0,20617.44,9.460602685,2,1,1,0,1,0,0,1,1,0,3.19677148,0,1,1,0,0,0,0,0,1
1,4,96112.52,11.02362934,0,1,0,1,0,0,1,1,0,1,1.915736733,0,0,1,0,1,0,0,1,0
1,0,23194.97,13.28231537,0,1,1,0,0,1,1,1,1,0,14.02688588,1,0,0,0,0,0,1,0,1
0,0,23781.26,6.476262682,1,0,0,0,0,0,0,0,1,1,16.48377098,1,0,1,1,0,0,0,0,0
1,0,77548.98,11.47612243,0,1,0,0,1,0,0,0,1,0,7.989151046,0,0,1,0,0,0,0,1,0
1,1,99754.87,6.093961352,0,1,0,0,0,1,1,1,0,0,10.99225739,0,0,1,0,0,1,0,1,0
0,0,49399.04,6.536106461,1,1,0,0,0,1,1,1,0,1,1.550200335,0,1,0,0,0,1,0,1,0
1,4,29216.14,9.047716037,1,1,1,0,1,0,1,0,1,0,7.840871292,0,0,0,1,0,0,0,1,0
0,4,65864.17,12.2946551,0,0,1,1,0,0,1,0,0,0,7.349883172,0,0,1,0,0,0,0,0,1
0,1,25126.23,14.66578819,0,1,1,1,1,1,1,1,0,1,5.414586898,0,0,1,0,1,0,0,0,0
0,0,39373.92,4.817687941,0,1,1,1,0,1,0,0,0,1,9.605264775,0,1,1,0,0,1,0,1,0
0,1,47514.11,8.89730623,1,1,0,0,0,0,0,0,0,1,13.24581884,0,1,0,0,0,0,1,0,1
1,3,12599.71,13.35764807,0,1,0,0,0,0,0,1,0,1,3.330819942,0,1,1,0,0,0,1,1,0
0,0,44739.96,10.20266008,1,1,1,1,0,0,0,0,0,1,1.84918194,0,1,1,0,1,0,0,0,0
0,2,53103.72,7.406220732,1,1,1,0,0,0,1,0,0,1,9.07813252,0,0,1,0,1,0,0,0,1
0,3,75066.56,11.23380581,0,1,0,1,0,1,0,1,0,1,6.585140105,0,0,0,0,0,1,0,1,0
0,3,61773.61,3.93506187,0,1,0,0,1,0,0,1,0,1,10.11687657,1,0,1,0,0,0,0,0,1
1,3,53853.79,10.06689273,1,1,0,0,1,1,0,1,1,0,2.181372893,0,1,0,0,1,0,0,0,1
1,1,27235.84,6.681633242,0,1,0,0,1,1,0,0,0,0,14.26615817,1,0,1,0,0,0,0,1,0
0,0,33945.2,6.608008759,0,1,0,0,1,0,0,0,0,1,6.203299256,0,1,1,1,0,0,0,0,1
0,0,13724.61,12.08833226,0,1,0,1,0,0,1,0,0,1,3.354127023,0,1,0,0,1,0,0,1,0
0,0,71603.66,13.82562816,1,1,0,1,1,1,0,0,1,0,8.831489129,0,0,1,0,1,0,0,0,0
0,4,34035.83,15.75142268,0,1,0,0,0,0,1,1,0,1,3.507044017,1,0,0,0,0,1,0,0,1
0,1,8721.22,9.594895726,0,1,1,1,0,1,0,1,0,0,2.1806134680000002,0,1,1,0,1,0,0,1,0
0,0,97057.93,11.34414273,1,1,0,0,1,0,1,0,0,0,4.002381804,0,0,0,0,0,0,0,0,0
1,1,19696.86,8.052655017,0,0,0,1,0,1,0,1,1,0,2.698284625,0,1,1,0,0,1,0,1,0
1,0,19254.52,15.09579419,0,1,0,1,0,0,1,1,0,1,2.934758008,0,1,0,0,0,0,0,1,0
0,7,46946.24,7.531513534,0,1,0,1,1,0,1,1,0,1,17.5841798,1,0,1,0,0,0,0,1,0
0,3,90956.64,2.737931836,0,0,1,0,0,1,1,1,0,1,13.23888382,0,0,1,0,0,0,0,1,0
1,3,26473.71,10.89250998,0,1,1,0,1,1,1,0,0,1,10.44223446,0,1,1,0,1,0,0,1,0
1,0,21808.87,10.46391733,0,1,0,0,1,1,0,1,1,1,2.38395716,1,0,0,0,1,0,0,0,1
1,4,89037.69,5.771579921,0,1,0,1,0,1,0,1,1,0,10.404813,0,1,1,1,0,0,0,1,0
1,4,22183.52,15.26331077,1,1,0,0,1,1,0,0,1,1,12.42216588,0,0,0,0,0,0,0,1,0
1,1,14953.78,13.83450553,0,0,0,0,0,1,0,1,1,1,3.784962992,1,0,1,0,0,1,0,0,0
1,0,8888.06,10.35503587,0,1,1,1,1,1,0,0,1,1,7.154371452,0,1,1,0,0,0,0,1,0
0,3,12622.46,9.291799333,0,1,0,0,0,1,0,0,0,1,7.822562679,0,0,1,1,0,0,0,0,1
0,0,21812.08,11.23258518,1,1,1,0,0,0,1,1,0,1,14.38025496,0,1,0,0,0,0,0,0,1
0,1,70607.91,9.046129393,0,1,0,0,1,0,0,1,1,1,7.517405581,0,1,1,1,0,0,0,0,0
0,1,55322.08,16.23771062,0,1,0,0,0,1,0,0,0,1,11.44196811,0,1,1,0,0,0,1,0,1
1,1,16307.08,15.54568189,1,1,1,0,1,0,0,0,1,0,7.413563684,1,0,1,1,0,0,0,1,0
1,3,62616.43,12.75213898,0,1,1,0,0,0,0,1,0,0,4.279464865,0,0,0,0,0,0,0,1,0
0,4,24859.24,10.31760367,0,1,0,0,0,0,0,1,0,0,2.744401393,0,0,0,0,0,0,1,0,1
0,4,77152.84,12.42061751,1,1,1,0,0,0,0,0,0,1,14.60426293,0,1,1,0,0,1,0,0,1
1,2,24897.26,9.523802161,0,1,0,0,0,1,1,1,1,0,4.955415304,0,1,1,0,0,0,0,1,0
1,0,9966.89,13.78001485,0,1,1,0,1,1,0,0,1,1,13.31283015,0,1,0,0,0,0,0,1,0
0,2,42991.1,10.11260574,0,1,1,0,1,1,0,1,0,1,2.656111103,0,1,0,1,0,0,0,0,0
0,4,39432.05,7.102593738,0,1,1,0,0,1,1,0,0,1,18.02281027,0,1,1,0,1,0,0,1,0
1,1,25576.73,5.087255805,0,1,0,1,1,0,1,1,1,1,11.71980152,0,1,0,0,1,0,0,0,1
0,7,48623.32,6.261594795,1,0,0,1,0,0,0,0,0,0,6.22226629,0,1,1,0,0,0,1,0,0
0,2,19887.32,5.659084819,0,1,1,1,0,1,0,0,0,0,16.24273454,0,1,0,0,0,1,0,0,0
0,1,61714.39,2.746480274,2,1,0,0,0,0,0,0,0,1,23.42878979,0,0,0,1,0,0,0,0,1
0,1,44165.21,7.143133915,0,1,0,0,0,0,0,0,0,1,6.7464384,1,0,1,0,0,0,1,0,0
0,2,33735.54,6.373342678,2,1,1,0,0,0,0,0,0,1,11.70414173,0,1,0,0,1,0,0,0,0
0,1,46078.58,10.23339712,0,1,1,1,0,0,0,1,0,1,4.909764597,1,0,0,0,0,1,0,0,0
0,3,34179.49,8.925221032,0,1,1,1,0,1,1,0,1,0,19.43430735,0,0,1,0,1,0,0,1,0
1,5,72563.64,9.492638901,1,0,1,0,0,0,0,1,1,0,7.080759052,0,1,1,0,0,1,0,1,0
1,0,93561.74,7.94076683,0,1,0,0,1,0,1,0,1,0,9.808669685,0,1,1,0,1,0,0,1,0
0,3,21394.21,9.477521787,0,1,0,1,0,0,1,1,0,0,2.101748234,1,0,0,0,0,1,0,0,1
0,0,9336.88,9.171665689,0,1,1,1,1,1,1,0,1,0,6.910330858,0,1,1,1,0,0,0,1,0
0,3,15694.8,7.423334085,0,1,0,0,1,0,1,0,0,1,15.54691331,0,1,1,0,0,0,0,1,0
1,1,5984.94,16.72529341,0,1,0,0,0,0,0,1,0,0,7.175063445,1,0,0,0,0,0,1,0,0
1,1,19826.08,7.61600943,0,1,0,0,1,1,0,1,0,1,4.089399488,0,0,1,0,0,1,0,1,0
0,0,18426.49,14.39528085,1,1,0,0,0,0,0,0,0,0,2.170567319,0,1,1,1,0,0,0,0,1
0,0,47034.88,8.929622575,0,0,1,0,0,0,0,1,0,0,12.94334524,1,0,1,0,0,1,0,1,0
0,2,33691.63,12.03362399,0,1,0,0,1,1,0,1,0,0,9.117084502,0,1,1,0,1,0,0,0,1
1,3,39683.73,11.90156254,0,1,1,0,1,0,0,1,0,1,7.843263617,0,1,1,0,0,1,0,1,0
1,3,8515.02,8.985947449,0,1,1,0,1,0,1,0,1,1,11.75090487,0,1,1,0,0,0,0,0,0
1,3,44086.35,7.943538816,0,1,1,1,0,0,1,1,1,1,14.92730216,0,0,0,0,0,0,1,1,0
0,3,28776.49,8.745070841,0,1,1,0,0,1,1,1,0,0,11.48699577,1,0,1,0,0,1,0,0,0
0,0,29803.77,2.533696725,0,1,0,1,0,0,0,1,0,1,2.067992783,1,0,0,0,0,0,1,0,0
0,1,27294.82,8.111219363,0,1,0,0,0,0,0,0,0,1,5.1563291510000004,0,1,1,0,0,0,1,0,0
0,3,16232.47,10.09976546,1,1,1,1,0,1,0,1,0,0,3.569000983,0,1,1,0,0,0,1,0,0
0,1,11087.89,11.92666547,0,1,1,0,1,1,1,0,1,0,1.897261446,0,1,1,0,1,0,0,1,0
0,4,22173.37,8.049521055,0,1,1,1,0,1,0,0,0,0,11.71308191,0,1,0,0,0,1,0,0,0
1,1,28822.56,6.572112158,1,1,1,0,0,0,1,0,0,0,1.992846597,1,0,1,0,0,1,0,1,0
1,1,20827.61,13.75238289,1,1,0,0,1,0,0,1,1,1,2.701548767,0,1,0,1,0,0,0,0,1
1,0,17982.42,7.637367057,0,1,0,1,1,0,0,1,0,0,1.665089598,0,0,1,0,0,0,0,1,0
1,0,70493.36,6.658362671,0,1,1,1,0,1,1,0,1,0,16.68190528,0,0,0,0,0,0,1,1,0
1,0,51266.47,8.913392702,0,1,0,0,0,0,0,1,1,0,12.77495667,0,1,0,0,0,1,0,1,0
1,0,7086.19,11.91525643,1,1,1,0,1,0,1,0,0,1,10.61383322,0,1,1,0,1,0,0,1,0
0,2,24260.11,10.1263974,0,0,1,0,1,0,0,0,0,1,5.836790126,1,0,0,1,0,0,0,0,0
0,0,26169.39,9.799122634,0,1,0,1,0,0,0,1,0,1,2.965166415,0,1,0,0,1,0,0,0,1
0,0,59689.49,11.24745547,0,1,1,0,0,0,1,0,0,0,12.63923748,1,0,1,0,0,0,1,0,0
1,2,28528.32,11.15167976,0,1,1,0,0,0,0,1,1,1,8.460086502,0,1,1,0,0,0,0,1,0
0,3,13389.11,10.3868905,0,0,1,0,1,1,0,1,0,1,11.32593703,0,0,1,1,0,0,0,0,0
1,1,14075.36,10.29101591,1,1,0,1,0,1,0,0,1,0,10.12123118,0,1,0,0,0,0,0,1,0
0,1,49781.85,10.58941533,0,1,1,0,0,0,0,0,0,1,8.249941923,0,0,0,0,0,1,0,0,0
1,3,87367.88,6.172326327,0,1,1,1,1,1,0,1,1,0,9.300517617,1,0,0,0,0,0,0,1,0
1,3,8253.96,8.983435185,0,1,0,1,1,1,0,1,0,1,2.427380647,0,0,0,0,1,0,0,1,0
0,1,26404.76,11.41922534,0,1,0,1,1,0,0,0,1,0,23.27091932,1,0,0,1,0,0,0,1,0
0,1,73656.97,3.19378035,0,1,0,0,1,1,0,0,1,1,2.916144419,1,0,0,1,0,0,0,1,0
0,1,36461.2,13.03421755,1,1,1,0,0,0,0,1,0,0,8.245809832,1,0,1,0,0,1,0,0,0
0,1,49518.71,9.622553575,1,1,1,1,0,0,0,0,0,0,11.45756486,1,0,0,1,0,0,0,1,0
1,1,40189.23,10.90971891,0,1,0,0,0,1,0,1,1,0,3.943033602,0,0,0,1,0,0,0,1,0
1,4,10934.28,7.493478513,0,1,1,0,1,0,0,1,0,0,8.926271021,0,0,1,0,0,0,0,1,0
1,4,16073.46,10.07234257,1,1,1,0,0,1,0,0,0,1,8.699764172,0,1,0,0,1,0,0,1,0
0,3,21317.81,5.980381113,0,1,0,0,0,0,0,1,0,1,7.8976606049999996,0,1,1,0,0,0,0,1,0
0,4,14007.48,10.31682421,0,1,0,0,1,0,1,1,0,1,9.098041235,0,1,1,0,0,0,1,1,0
0,0,52634.87,6.842059381,0,1,0,0,1,1,0,0,1,1,3.098560266,0,1,0,0,0,1,0,0,0
0,2,18384.77,14.03130715,0,1,0,0,0,0,0,0,0,0,5.784022533,0,1,1,0,0,0,0,0,0
0,0,57881.2,8.051881131,2,1,0,0,1,0,1,0,0,1,2.722761372,0,0,1,0,1,0,0,0,0
1,0,79304.79,10.22159613,0,1,1,0,1,0,1,1,1,0,11.53737155,0,0,0,0,1,0,0,0,1
1,0,9088.08,6.335681954,0,1,1,0,1,1,0,1,1,1,1.760409672,0,0,1,0,1,0,0,0,1
1,4,23424.87,9.170276294,0,1,0,0,0,0,0,1,1,1,17.78302494,0,0,1,0,1,0,0,1,0
1,3,80269.13,12.3404636,0,0,1,1,0,1,0,0,1,0,18.55974516,1,0,1,1,0,0,0,1,0
0,4,14236.42,3.258152314,0,1,1,0,0,0,1,0,0,1,2.593102097,0,0,1,0,0,1,0,1,0
1,0,79322.08,8.127926454,0,1,1,1,1,0,1,0,1,0,5.105265612,0,0,0,1,0,0,0,1,0
0,2,55160.57,12.6218555,1,1,1,1,0,0,0,1,0,1,5.110208414,0,1,0,1,0,0,0,0,0
1,3,19676.77,2.737192144,0,1,1,0,1,1,0,1,1,0,2.840343779,0,0,0,1,0,0,0,0,1
0,1,37639.9,10.93132736,0,1,0,0,0,0,0,0,0,0,8.344516765,0,1,1,0,0,0,0,0,1
1,1,8543.01,14.08561195,0,1,1,1,0,1,0,0,1,1,11.07800251,0,1,1,0,0,0,1,1,0
0,2,80127.15,7.583881177,0,1,0,1,0,0,1,1,0,1,16.52190477,0,1,1,0,0,0,0,0,0
1,4,30976.34,3.500092565,0,0,1,1,0,0,0,0,1,1,1.738486682,0,1,1,0,0,0,1,1,0
0,3,45412.84,11.07379392,0,1,0,0,1,1,0,1,0,1,8.659495781,0,1,1,0,0,0,1,0,1
1,4,42526.92,10.6510171,1,1,0,1,1,0,0,0,1,0,13.99605863,0,0,0,0,0,0,0,1,0
0,4,9041.08,8.877390965,2,1,1,0,0,1,1,1,0,0,6.605815722,0,1,0,0,0,1,0,0,0
0,1,9703.25,6.863563999,0,1,1,0,0,0,0,0,0,1,3.195246168,0,1,0,0,0,0,1,1,0
0,1,21409.33,10.89909265,0,1,1,0,0,0,1,0,0,0,14.87053577,1,0,1,0,0,0,1,1,0
1,3,34722.76,9.013658897,1,1,0,0,1,1,0,0,1,1,7.521160625,0,1,1,1,0,0,0,1,0
1,7,24686.12,7.163430764,0,1,1,0,1,1,1,1,0,1,3.845852341,1,0,0,0,0,0,0,1,0
0,3,4813.52,10.50347629,1,1,1,0,0,0,1,0,0,0,2.731606393,0,1,1,0,0,0,1,1,0
1,0,30334.52,14.89095018,0,1,0,0,1,1,1,0,1,1,3.954689282,0,0,0,0,0,0,1,0,0
0,4,15660.93,5.34790696,0,1,1,0,1,0,1,0,0,1,13.77689046,0,1,1,0,1,0,0,1,0
1,1,47169.83,10.33803214,0,1,0,0,1,1,0,1,1,1,3.700907475,1,0,1,0,0,1,0,0,0
1,2,20802.1,10.84469394,0,1,1,0,1,0,0,1,1,1,11.21152941,0,1,1,0,1,0,0,0,1
0,0,61106.43,9.39206185,1,1,0,0,0,0,0,1,0,0,4.448210386,0,0,0,1,0,0,0,1,0
1,2,65891.79,5.259228749,0,1,1,1,1,0,0,1,1,0,4.753020774,1,0,0,1,0,0,0,1,0
1,1,59532,12.54222267,0,1,0,1,1,0,0,1,1,1,21.20445421,1,0,0,0,0,1,0,1,0
0,2,30756.94,5.149963811,0,0,0,1,1,1,0,0,1,1,9.217596711,0,1,1,0,0,1,0,0,1
0,1,63134.48,12.73517485,1,0,0,0,0,0,0,1,0,1,7.336939062,0,1,0,0,1,0,0,0,1
0,0,18470.04,6.683151371,1,1,1,0,1,0,0,0,1,1,21.04742054,0,1,0,0,1,0,0,0,1
1,1,23711.3,17.11399723,0,1,1,0,1,0,1,1,1,1,5.136076177,1,0,1,0,0,0,0,0,0
1,2,25044.85,9.368606843,1,1,0,0,1,1,0,1,1,1,1.548600048,0,1,0,0,1,0,0,1,0
0,2,80667.11,8.78020639,1,1,1,0,1,1,1,0,0,1,11.30820237,0,0,0,0,0,0,1,0,0
0,3,14970.89,14.75151191,0,1,1,1,1,0,0,0,0,1,18.36209103,1,0,1,0,0,0,1,0,1
1,1,13157.91,10.58651971,1,1,0,0,1,1,1,0,1,1,11.71117991,0,0,0,1,0,0,0,1,0
0,5,82960.42,9.885701354,1,1,0,1,0,0,1,0,0,0,4.589210527,0,0,0,0,0,0,0,1,0
0,2,3949.33,13.98169147,0,1,0,1,0,0,0,0,0,1,5.810822315,0,0,1,1,0,0,0,1,0
0,1,20881.22,6.312280543,1,1,1,1,0,0,0,1,0,0,7.00096668,0,1,0,0,0,1,0,0,1
0,2,9514.35,6.977990294,0,1,0,0,0,0,1,0,1,0,4.882004458,0,0,0,1,0,0,0,1,0
0,0,26268.58,9.903990927,1,0,0,1,1,1,1,1,0,0,12.27728241,1,0,0,1,0,0,0,0,0
1,2,21000.61,8.901128259,0,1,1,1,0,0,1,1,0,0,8.284579203,0,1,0,0,0,0,0,1,0
1,1,45664.79,11.53924648,0,0,0,1,1,0,0,0,1,1,1.609325308,0,1,0,0,0,0,1,1,0
0,1,9267.97,13.55747919,0,0,1,0,0,1,0,1,1,0,12.17994263,1,0,1,1,0,0,0,0,0
1,4,47502.66,11.73060772,1,1,0,1,0,0,1,1,1,0,3.453443904,1,0,1,0,1,0,0,0,1
0,2,83382.41,15.04128691,0,0,0,0,1,1,0,0,1,1,5.070551439,0,1,1,0,0,0,0,0,0
1,3,11464.33,9.142773531,0,1,0,1,0,1,1,1,1,1,12.30462572,1,0,1,0,0,0,1,0,1
0,4,29720.95,14.03281402,0,1,0,1,1,1,0,1,0,1,4.261408572,0,0,0,0,1,0,0,0,1
0,0,30106.96,8.653938933,0,1,1,0,1,1,0,1,0,1,19.28013343,0,1,0,0,0,1,0,0,1
0,1,18571,8.044259405,1,1,1,0,1,1,0,1,0,1,4.300271811,0,1,1,0,0,1,0,0,1
0,1,11999.43,8.301200914,0,0,1,0,0,1,1,0,1,0,11.07083425,0,0,1,1,0,0,0,0,0
1,2,30088.13,11.71398312,1,1,1,0,1,0,0,1,0,1,4.5093299590000004,0,1,0,0,1,0,0,1,0
1,1,34415,10.9085806,0,1,0,0,1,0,1,1,1,1,2.162477942,0,0,1,0,1,0,0,0,0
1,2,82080.92,10.04784815,0,1,0,0,0,1,0,1,1,0,14.5222363,1,0,1,0,0,1,0,1,0
1,2,16337.64,2.292587755,0,1,1,1,1,0,0,0,1,0,1.849371568,1,0,0,0,0,0,1,0,0
0,2,6959.92,13.03933816,1,1,1,0,0,0,0,0,0,1,6.526670837,0,0,1,0,0,0,1,1,0
0,1,35504.27,9.588349767,0,1,0,0,1,0,0,0,0,0,11.06628519,1,0,1,1,0,0,0,0,0
0,4,1277.42,9.96958238,0,1,0,1,1,0,1,0,1,0,11.82576277,0,0,1,0,0,0,0,1,0
1,0,15045.78,7.560275883,1,1,0,0,1,0,0,1,1,1,12.23362353,0,1,0,0,0,0,1,0,1
1,4,78085.72,7.372127002,0,1,0,0,1,1,0,0,0,1,2.552193205,1,0,1,1,0,0,0,1,0
1,0,56537.88,11.51744058,1,1,0,0,0,0,0,0,1,0,13.79138076,1,0,0,1,0,0,0,1,0
0,0,21058.64,12.92843595,0,0,1,0,1,1,0,0,0,1,8.734707597,0,0,0,0,0,0,0,0,0
0,5,63304.25,12.35525457,0,1,1,0,0,1,0,1,0,1,5.260793737,0,0,0,0,1,0,0,0,1
0,1,37130.15,11.54247891,0,1,0,1,0,1,0,0,1,1,3.810228199,0,0,0,0,0,1,0,1,0
0,3,38369.68,6.832060399,0,0,1,1,1,1,0,1,0,0,11.72200614,0,0,1,0,1,0,0,0,0
0,3,20283.95,14.4845473,2,1,0,1,1,0,0,0,0,0,4.304076015,1,0,0,0,0,0,0,0,0
1,1,23703.95,6.159072244,0,1,1,1,0,0,1,1,0,1,3.060553536,0,0,1,1,0,0,0,1,0
1,1,47658.67,13.03330701,0,1,1,1,0,1,0,0,1,0,6.549842666,0,1,0,1,0,0,0,1,0
0,1,49750.1,13.78711309,0,1,0,0,0,0,0,0,1,1,9.373705128,0,1,0,0,0,1,0,1,0
1,2,31203.12,13.22904885,0,1,1,0,1,1,0,1,1,1,8.397776839,0,1,1,0,0,1,0,0,1
1,3,33458.05,10.38784781,2,1,0,1,0,0,1,0,1,1,1.019306038,0,1,0,0,1,0,0,1,0
0,0,39225.15,9.296558028,0,0,1,0,1,0,1,0,0,0,6.525380768,0,1,1,0,1,0,0,0,1
0,2,32659.08,6.736876666,0,1,0,0,1,0,1,0,1,1,16.08388872,0,1,1,0,0,0,0,1,0
1,1,13870.96,8.792014962,0,1,0,1,1,1,0,1,1,1,12.95969924,0,1,0,0,0,0,1,1,0
0,1,45101.92,3.4237416449999998,1,1,0,1,1,1,1,0,0,1,7.355635728,1,0,0,0,1,0,0,0,0
1,3,30450.19,13.24531173,0,1,0,0,1,1,0,1,0,0,5.705926395,1,0,0,0,0,0,0,1,0
1,4,54750.08,9.892901128,1,1,1,1,0,1,1,1,1,1,6.70301496,0,1,1,0,0,0,1,1,0
1,0,24095.07,8.278493187,0,1,1,0,1,1,1,0,1,1,7.367492072,0,1,1,0,1,0,0,0,1
1,1,53817.02,13.34913229,0,1,0,0,0,0,0,0,1,0,1.030630574,0,1,0,0,0,0,0,1,0
1,7,36790.23,10.45355154,0,1,0,0,0,1,0,1,1,1,7.506056361,0,1,1,0,0,1,0,1,0
0,4,12802.32,7.819201487,0,1,1,1,0,1,0,0,0,0,7.387393996,1,0,0,0,0,0,0,0,0
1,0,27149.34,10.11721314,0,1,1,0,0,1,1,1,0,1,2.613920398,0,1,1,0,1,0,0,1,0
0,4,102080.72,10.14600151,0,1,1,1,0,1,1,0,0,1,11.57257501,1,0,1,0,0,0,0,0,1
0,1,10852.14,6.236748796,0,1,1,0,0,1,0,0,1,1,14.28406007,1,0,1,0,0,0,1,0,1
1,3,52352.24,7.219910689,0,1,1,1,0,0,1,0,1,1,4.759938908,0,1,0,1,0,0,0,1,0
0,3,57874.62,8.759756787,0,1,0,0,0,1,0,0,0,1,2.758173633,0,1,1,1,0,0,0,0,1
1,3,54587.66,14.60495207,0,1,1,0,1,0,0,1,1,1,7.441432103,1,0,0,0,1,0,0,0,0
1,2,51419.56,8.11725589,0,1,0,0,1,1,1,1,0,0,16.37219797,0,1,1,1,0,0,0,1,0
0,0,20917.65,12.39190153,1,1,0,0,0,0,0,0,1,1,2.160066882,0,1,0,0,0,1,0,0,1
1,4,48597.98,10.84404672,1,1,1,1,0,0,1,1,1,0,1.871917709,0,1,0,0,0,0,1,1,0
1,3,34497.95,7.583070893,0,1,1,0,0,0,0,0,1,1,16.75283806,1,0,1,0,0,0,1,1,0
1,2,19080.13,11.02448303,0,1,0,0,1,0,0,1,1,0,20.16532013,1,0,0,1,0,0,0,1,0
0,0,21210.4,8.510124671,0,1,1,1,0,0,1,1,0,1,7.753271168,1,0,0,0,0,1,0,0,0
1,1,38028.33,7.823397558,1,1,0,1,0,0,1,1,0,1,11.4488726,0,1,1,0,0,0,1,1,0
1,0,29940.45,7.065505359,0,1,1,0,0,0,0,1,0,1,8.315973557,0,1,0,0,0,1,0,1,0
0,3,84597.17,8.407938599,2,1,0,0,1,1,0,0,1,1,9.324505434,0,1,1,0,0,0,0,0,0
1,1,29579.69,4.708283677,0,1,1,0,1,0,0,0,1,1,10.16298067,0,1,1,0,0,1,0,0,0
0,1,76046.62,9.004832636,0,1,1,0,1,0,0,0,0,0,2.667736094,0,0,0,0,0,0,1,0,1
0,0,29759.61,6.802850752,1,1,0,1,1,1,0,1,0,0,10.68004106,1,0,0,0,1,0,0,1,0
0,3,73746.35,15.0321318,0,1,0,0,1,1,0,0,1,0,8.133269102,0,1,1,0,1,0,0,1,0
0,0,54109.79,7.276553998,0,0,1,0,1,1,0,1,0,1,1.789830613,0,1,0,0,1,0,0,1,0
1,2,34414.89,10.5336786,1,1,1,0,0,1,0,1,1,1,2.699998442,0,0,0,1,0,0,0,1,0
1,4,5920.06,12.56737024,0,1,1,1,0,0,1,1,1,1,2.661310881,0,0,1,1,0,0,0,0,1
0,3,46973.08,10.99110627,0,1,0,1,1,1,0,1,0,1,23.10105854,1,0,0,0,0,0,0,0,1
1,2,5875.01,11.36888104,1,0,0,1,1,0,0,1,0,1,6.856207666,1,0,0,1,0,0,0,1,0
0,1,14289.15,10.14631572,0,1,1,1,1,0,0,1,0,1,24.3036064,0,1,0,0,1,0,0,0,0
1,0,2488.36,7.446156322,0,1,0,1,0,1,1,0,1,1,6.027648047,1,0,1,0,0,1,0,1,0
1,1,10494.28,10.7481104,1,1,0,0,1,0,1,0,1,0,9.490754438,0,0,1,1,0,0,0,1,0
1,0,15537.16,11.6424418,0,1,1,1,1,0,0,1,1,0,9.727109482,1,0,0,0,0,0,0,0,0
0,0,40743.83,12.81300692,0,1,1,0,0,0,1,1,0,0,19.93726012,0,1,1,1,0,0,0,0,1
0,4,63963.83,6.784802038,0,1,1,0,0,0,0,0,0,0,1.662826246,0,1,0,0,0,1,0,1,0
1,0,78249.99,6.462473731,0,1,1,0,0,1,0,1,1,1,8.406444381,0,0,1,0,1,0,0,1,0
1,1,48376.42,8.55142407,0,1,1,0,1,0,1,1,1,0,14.10031907,1,0,0,1,0,0,0,1,0
0,1,57730.91,8.943037777,0,1,0,0,0,0,0,0,0,1,4.186523762,1,0,1,0,0,1,0,0,0
1,3,30861.42,6.3246769,1,1,0,1,0,0,0,1,0,0,14.93006551,0,0,0,0,1,0,0,1,0
1,2,51510.02,12.55061484,2,1,0,1,0,1,1,1,1,1,17.34018575,0,1,0,0,0,0,0,0,1
1,1,7833.53,11.14280011,0,1,1,0,0,1,0,1,1,1,7.858862202,0,1,0,0,0,0,1,1,0
1,0,29709.19,10.58657312,0,1,0,1,1,0,0,0,1,1,8.482460246,1,0,1,0,0,0,0,1,0
1,4,37041.5,7.1113897,0,1,0,0,1,1,0,0,1,1,7.644184483,1,0,0,0,1,0,0,0,1
0,4,11638.79,10.41978703,0,1,0,0,0,0,0,0,0,0,13.82541752,1,0,1,0,0,0,0,0,0
0,3,8523.51,11.72281518,0,1,0,0,0,1,0,0,1,0,7.772523197,0,1,1,0,0,0,0,0,1
1,1,73422.83,10.25266403,0,1,1,1,0,1,1,0,1,1,6.403155881,0,0,1,0,0,0,0,1,0
1,0,66702.94,12.9605554,0,1,1,0,1,1,0,1,1,0,15.08846657,0,0,0,0,0,0,1,0,0
1,1,37670.96,7.789802026,0,1,0,1,0,0,1,1,1,0,8.785452901,1,0,1,0,0,0,0,1,0
1,1,79432.6,9.985414526,0,0,0,0,0,0,1,1,1,0,6.820250541,0,0,0,0,0,0,0,1,0
0,4,44610.48,8.965640601,1,1,0,0,1,1,1,0,1,0,16.15614223,0,1,0,0,1,0,0,0,0
1,3,53591.84,7.587447184,1,1,1,0,1,0,0,1,1,0,7.860641328,1,0,1,1,0,0,0,1,0
1,3,39181.25,10.38437058,1,1,1,0,0,0,0,1,0,1,5.402712746,0,0,1,0,0,0,1,1,0
1,1,25777.88,14.67675595,0,1,0,0,0,1,1,1,1,1,2.066037377,0,1,0,1,0,0,0,0,0
1,2,59418.66,9.8699522,0,1,0,1,0,1,1,0,1,0,3.752354376,1,0,0,0,0,1,0,1,0
1,1,38306.27,16.75470959,0,1,1,0,1,1,0,0,1,1,11.32652677,1,0,0,0,0,0,1,1,0
1,3,37526.82,12.1859369,0,1,1,1,1,1,1,1,1,1,1.051188042,0,0,0,1,0,0,0,0,1
0,6,3050.98,8.242312444,0,1,0,1,1,0,0,1,0,1,13.63916478,0,1,1,0,0,0,1,0,0
0,2,6284.19,9.217002771,0,1,0,0,0,0,0,0,0,1,16.64092048,1,0,0,0,1,0,0,1,0
1,2,53247.58,9.75859429,1,1,1,1,1,0,0,0,1,0,1.042724425,1,0,1,0,0,0,1,1,0
1,2,25019.9,11.34236064,0,1,1,1,0,0,0,1,0,1,17.1001258,0,1,0,0,0,0,1,1,0
0,0,16301.48,9.415068375,1,1,0,0,0,0,0,0,0,1,2.779431223,0,1,1,1,0,0,0,1,0
0,3,12134.83,10.65731963,1,1,0,1,1,1,0,0,0,1,15.12166154,0,1,1,0,1,0,0,1,0
0,0,32396.94,7.011648779,0,1,0,1,0,0,1,0,1,1,2.661325529,0,1,1,0,0,1,0,1,0
1,1,88000.08,8.349506731,0,1,0,0,1,1,0,0,0,1,5.118556082,1,0,1,0,0,0,1,1,0
1,0,18406.73,9.299310376,0,1,0,0,1,0,0,1,0,1,7.217041327,0,0,1,0,0,0,1,1,0
1,1,7655.2,12.84944852,0,1,1,0,0,0,0,1,1,1,2.693860703,0,1,0,0,0,0,0,1,0
0,1,49545.55,11.15775194,1,1,0,0,1,1,1,1,0,1,10.2452503,0,1,0,1,0,0,0,0,1
1,5,77423.32,8.127707725,0,1,1,1,0,0,0,1,1,1,15.18036042,0,1,1,0,1,0,0,0,1
1,3,27690.11,9.910027332,0,1,1,0,0,0,1,1,1,0,21.61213506,1,0,0,0,0,1,0,0,1
0,2,27219.87,13.29565706,0,1,0,0,1,0,1,0,1,1,4.576705489,0,0,1,0,1,0,0,0,1
1,0,32951.46,17.60288873,1,0,0,1,0,1,0,1,1,0,23.68987753,1,0,0,0,1,0,0,1,0
1,1,19832.1,15.36169948,0,0,1,0,1,1,1,1,1,1,10.73057042,0,1,1,0,1,0,0,0,1
0,1,8979.6,10.89022868,0,1,1,0,0,0,0,0,0,1,9.46447702,0,1,1,0,1,0,0,0,1
0,7,47618.81,12.65695134,0,1,0,1,1,0,1,0,0,1,4.106981469,1,0,1,1,0,0,0,0,0
0,4,40031.03,14.74975124,0,1,0,1,0,0,0,0,1,1,2.851017432,0,0,1,0,0,0,0,0,1
1,1,9134.48,11.20443812,0,1,1,0,1,0,0,1,1,1,17.56134872,0,0,0,0,0,1,0,1,0
0,1,12146.64,8.244134358,1,0,0,0,0,0,1,0,0,1,5.867164261,0,1,1,0,0,0,0,0,0
1,1,3730.38,10.73059843,0,0,1,1,0,1,1,1,1,1,2.095488213,1,0,1,0,1,0,0,1,0
1,0,56143.59,7.415363166,0,1,0,0,0,0,1,0,1,1,3.312263064,0,1,1,0,0,0,0,1,0
1,1,22812,8.735591454,1,0,1,0,0,0,0,1,1,1,6.766267697,0,0,1,0,1,0,0,1,0
1,2,12908.78,7.781912069,0,1,1,1,0,1,1,1,1,1,2.542844079,1,0,1,0,0,0,1,1,0
1,0,18189.38,10.0345016,2,1,1,0,1,1,1,0,1,1,1.796607335,1,0,0,0,0,0,1,1,0
1,0,61039.69,8.247672688,1,1,0,0,1,0,0,1,1,1,1.921647847,0,1,0,0,1,0,0,1,0
0,2,60671.21,13.82901227,1,1,0,1,1,1,1,0,1,1,8.248755691,1,0,0,0,1,0,0,0,0
1,3,31369.76,12.48448983,1,1,0,0,1,1,1,1,1,0,14.42671843,1,0,1,0,0,0,0,0,0
0,2,27353.22,12.65398405,0,1,1,0,0,0,1,1,0,1,22.89696344,1,0,1,1,0,0,0,0,1
1,1,20872.03,6.672058888,0,1,0,0,0,0,0,1,1,1,9.273178876,0,1,0,0,0,0,1,1,0
0,1,87308.01,9.246170832,0,1,1,1,1,1,0,0,0,1,8.154668093,0,1,0,0,1,0,0,1,0
0,1,28837.52,12.17182137,0,1,0,1,0,0,1,0,0,0,2.932159225,1,0,1,0,0,0,1,1,0
1,3,48675.51,4.586984142,0,1,1,1,0,0,0,0,1,1,10.25226518,0,0,1,0,0,0,0,0,1
0,4,53420.34,8.120857113,1,1,1,1,0,0,0,0,0,1,11.89492044,0,1,1,1,0,0,0,1,0
0,0,84232.11,10.2831545,1,1,1,0,1,0,1,0,0,1,8.884543585,0,1,1,0,1,0,0,1,0
0,0,45404.63,11.77757836,1,1,1,0,0,1,1,0,1,0,2.92969581,0,1,0,0,1,0,0,0,1
1,1,5418.19,10.72904959,1,1,1,0,1,1,1,1,1,1,8.013365588,0,0,1,0,0,0,0,0,1
0,3,25428.86,12.20196178,0,1,1,1,1,1,0,0,0,1,1.84841935,0,0,0,0,0,0,1,0,1
1,0,21087.24,9.024293001,1,1,1,0,0,0,0,0,1,0,1.884992328,0,1,0,0,0,1,0,0,1
0,0,21795.9,7.456656063,1,1,1,0,0,1,0,1,1,1,12.70583343,0,0,0,0,1,0,0,0,1
0,0,47285.08,13.7342759,0,1,1,1,0,1,1,0,0,1,9.705809585,1,0,0,1,0,0,0,1,0
0,0,45429.68,9.929214278,0,1,1,0,0,1,0,0,0,1,15.12645563,0,1,0,0,1,0,0,1,0
0,1,12234.89,9.116878941,1,1,0,0,1,0,0,0,0,0,7.179893502,0,1,1,0,1,0,0,0,0
0,1,46705.86,11.10048066,0,1,0,0,1,0,0,0,0,0,9.984220981,0,0,0,0,0,0,0,1,0
1,0,11523.97,5.953348075,0,1,1,0,0,1,0,0,0,1,3.024806192,1,0,0,0,1,0,0,1,0
0,2,19534.42,7.519178592,1,1,0,1,1,1,0,0,1,1,10.27742832,0,1,0,0,0,1,0,0,0
0,1,82629.53,9.816712399,2,1,1,1,1,0,0,0,0,1,12.92578188,0,1,1,0,0,1,0,0,1
0,4,28420.39,5.282356868,0,1,0,1,0,1,1,0,0,1,9.585621689,0,0,1,0,0,0,0,0,0
0,4,69506.73,9.773871134,0,1,0,1,0,0,0,0,0,0,12.54841227,0,1,1,1,0,0,0,0,1
1,3,15944.32,9.724391204,1,1,0,0,0,0,1,1,0,0,3.999140345,1,0,1,0,0,0,0,0,1
1,1,38328.57,8.082617212,0,1,1,1,1,0,0,0,1,1,1.251588197,0,1,0,0,0,0,0,0,0
1,3,82560.95,7.495673471,0,1,0,0,0,1,1,1,1,0,12.16872039,0,0,0,0,0,0,0,1,0
1,0,37667.37,8.337747682,0,1,1,0,1,0,0,1,1,1,6.624439911,0,1,1,0,0,0,1,0,0
1,4,89752.5,8.940681932,0,1,1,0,1,0,0,1,1,0,5.643360294,0,1,1,0,0,0,1,0,0
1,1,24958.97,9.170210546,0,1,0,0,0,1,0,1,1,0,4.499945782,0,1,0,0,0,0,0,1,0
1,3,51848.11,4.307800217,2,1,0,0,1,1,0,1,1,1,6.57513059,0,1,1,0,1,0,0,1,0
1,4,32443.11,6.969585746,1,0,1,0,1,0,0,1,0,1,11.76797971,0,1,0,1,0,0,0,1,0
0,1,76175.36,7.859430948,2,1,1,0,0,0,1,0,1,1,13.22141934,0,1,1,0,0,1,0,1,0
0,1,24946.75,7.779697022,0,1,0,0,0,1,0,0,1,1,1.997833268,0,1,0,0,1,0,0,0,1
0,4,18620.79,4.989775216,0,1,1,1,1,0,0,0,0,1,16.00167972,1,0,0,0,0,1,0,0,0
0,1,19224.29,10.38217336,0,1,0,1,0,1,0,1,1,1,11.34130832,0,1,0,0,1,0,0,0,0
1,0,22433.84,14.16841333,0,1,1,1,1,0,0,1,1,0,5.252073829,0,1,0,0,1,0,0,1,0
1,0,27130.52,11.12796555,0,0,1,1,0,0,1,0,1,1,18.00704355,0,1,0,0,0,1,0,1,0
0,1,39874.59,5.371697235,0,1,0,1,0,0,0,1,0,1,18.29765062,0,1,0,0,0,0,1,1,0
0,6,13969.34,4.373591494,2,1,0,0,0,0,0,0,0,1,12.24494477,1,0,0,1,0,0,0,1,0
0,0,4109.01,10.40233023,0,1,0,1,0,1,1,0,0,1,11.46566243,1,0,0,0,1,0,0,1,0
0,2,93637.19,6.626472191,0,1,0,0,0,0,0,0,0,1,9.858971643,0,1,0,0,0,1,0,0,0
0,1,45245.92,6.605688237,0,1,0,1,1,0,0,1,0,1,6.811138598,0,1,1,1,0,0,0,0,0
1,0,36034.73,13.54754868,0,1,0,0,0,0,0,0,1,0,14.26734448,0,1,1,0,0,0,0,1,0
1,0,11667.32,12.32023424,1,1,1,0,1,1,0,1,0,1,1.360201959,0,1,0,0,1,0,0,1,0
0,2,25598.66,16.60350748,1,0,1,0,0,1,0,0,0,0,11.59782994,0,1,1,0,0,1,0,1,0
1,0,96624.28,7.865190806,0,1,0,1,0,0,0,1,1,1,7.399248624,1,0,0,0,1,0,0,1,0
0,1,36705.32,6.256478572,1,1,1,0,0,1,1,0,1,1,1.358818331,0,1,0,0,0,0,0,0,1
0,1,68430.88,8.470105611,1,1,0,0,1,1,1,0,0,1,10.5309984,0,1,1,1,0,0,0,0,1
1,0,26838.3,9.556655457,0,1,0,0,0,0,1,1,1,1,9.630236452,0,0,0,0,0,0,0,0,1
0,0,20768.72,9.957815194,0,1,1,0,1,0,1,1,0,1,19.79804917,0,1,0,0,1,0,0,1,0
0,3,14032.23,10.45011354,0,1,0,0,0,0,0,0,0,0,16.86058234,0,1,1,1,0,0,0,1,0
0,4,39933.38,11.38646956,1,1,0,0,0,0,0,0,0,0,8.703568707,1,0,0,0,0,0,0,0,1
0,0,9964.37,8.334967001,0,1,1,0,1,1,0,1,1,1,20.40555252,0,0,0,0,1,0,0,0,0
1,4,25447.24,10.03692527,2,0,1,0,0,0,1,0,0,1,1.747076331,1,0,0,0,0,1,0,1,0
0,0,72841.97,7.65593436,0,1,0,1,0,0,1,0,0,1,24.02275725,0,1,0,0,1,0,0,0,0
0,4,1441.97,11.28908676,1,1,1,1,0,0,0,0,0,1,8.006997906,1,0,1,0,0,1,0,1,0
0,3,23134.96,5.772508536,0,1,1,0,0,0,0,0,1,1,6.5630386529999996,0,0,0,0,1,0,0,1,0
1,1,36250.96,7.732225598,0,1,1,0,1,0,0,0,1,1,5.291754183,0,0,0,0,0,1,0,1,0
0,4,15395.09,7.73492925,1,1,0,0,0,0,0,1,0,0,15.18780416,0,1,0,0,0,1,0,0,1
0,2,14379.3,13.60282892,0,1,0,1,0,0,0,0,0,1,10.38039309,0,1,1,0,0,0,0,1,0
0,6,57776.5,12.79857643,0,1,0,1,1,0,1,0,0,1,14.45556293,0,1,1,0,1,0,0,0,0
1,7,57622.01,10.83103688,1,1,0,1,0,0,0,1,1,0,7.32906366,1,0,1,1,0,0,0,0,1
0,5,19430.58,10.57996614,0,1,0,1,1,0,1,1,0,1,9.351000629,0,1,1,0,0,0,1,0,0
1,3,42920.9,11.97456051,1,1,1,1,0,1,0,0,1,1,10.86852566,0,0,0,0,0,1,0,1,0
0,3,69004.81,12.23746964,0,1,0,0,0,0,0,1,0,1,3.997019354,0,0,0,1,0,0,0,0,0
1,2,13805.45,15.43208187,0,1,1,1,1,0,0,1,0,1,2.231526082,1,0,1,1,0,0,0,1,0
1,4,1753.08,11.76568434,0,1,1,0,0,0,1,1,1,0,2.384942381,0,1,0,0,0,1,0,1,0
1,3,55200.2,5.649781948,1,0,1,0,0,1,0,0,0,0,4.992706522,0,1,1,0,0,0,0,1,0
0,3,4592.51,10.96531534,1,1,0,0,0,1,0,0,1,1,7.827055149,0,0,1,1,0,0,0,0,1
1,1,9582.53,12.34162424,0,1,1,0,1,0,1,1,1,0,2.153167182,0,1,0,1,0,0,0,0,1
0,3,21599.91,10.12925966,0,1,1,0,0,1,0,0,1,1,8.209710913,0,0,1,0,0,1,0,1,0
1,1,80120.44,10.35620722,0,1,1,0,0,1,1,0,1,1,7.19812868,0,0,0,0,1,0,0,1,0
1,4,67228.71,11.41693893,0,1,0,0,0,1,1,1,1,1,7.40216226,1,0,0,0,0,0,0,0,0
1,0,18651.96,10.78909418,1,1,1,0,1,1,0,1,0,1,18.37212028,0,1,1,0,0,1,0,0,1
0,2,97463.9,7.1972748,0,1,1,0,0,1,1,0,0,1,5.731198479,0,1,0,0,0,0,0,0,0
1,4,14638.17,9.713763237,0,1,1,0,0,1,0,0,1,1,2.497790261,1,0,0,1,0,0,0,1,0
0,0,24371.34,5.46295328,0,1,0,1,0,1,0,0,1,0,2.745220008,0,1,0,1,0,0,0,0,1
1,3,49939.39,6.398169663,0,1,1,1,0,1,1,0,1,0,3.032321354,0,1,1,0,1,0,0,1,0
0,1,10584.2,11.55394954,2,1,1,0,0,0,0,0,1,1,2.678577227,0,1,0,0,1,0,0,0,1
0,1,46984.61,10.1309532,0,0,0,1,0,0,0,1,0,0,6.678176681,0,1,0,1,0,0,0,0,1
0,1,48971.18,14.67533687,0,0,1,1,1,0,1,0,0,0,6.211504434,0,1,0,0,0,1,0,0,1
1,1,7723.17,9.45902039,0,1,0,0,1,1,1,1,1,0,13.56958731,1,0,1,0,0,1,0,0,1
1,5,55593.6,9.155612168,0,1,1,1,1,1,0,0,0,1,7.18546062,1,0,0,0,1,0,0,1,0
1,2,77658.11,9.622151061,0,1,0,0,1,1,0,0,1,0,15.73628072,1,0,1,0,0,1,0,1,0
1,0,61901.7,8.064807,0,1,1,0,0,1,1,1,0,0,7.434237932,0,1,0,0,1,0,0,1,0
1,4,17526.85,12.94388838,0,0,1,0,1,1,0,1,1,1,16.3364928,0,0,1,1,0,0,0,0,0
0,2,21062.25,15.34568423,0,0,0,1,0,0,0,0,0,0,2.596050259,1,0,0,0,1,0,0,1,0
1,2,31766.78,14.18102134,1,1,1,0,1,1,0,0,1,1,2.389328443,0,0,0,0,1,0,0,1,0
0,3,24045.19,14.47410001,0,1,0,1,0,0,1,0,0,0,3.56722345,0,0,0,0,1,0,0,1,0
0,0,94655.92,7.516773254,0,1,1,1,0,0,1,1,0,0,6.044266101,0,0,1,1,0,0,0,0,0
1,3,19982.5,8.560207521,0,1,0,1,1,1,0,0,0,1,6.531735637,0,1,1,0,0,0,0,1,0
1,1,100033.86,7.104001873,2,1,0,0,1,0,0,1,0,0,1.512791057,0,0,1,0,1,0,0,1,0
1,5,33297.61,10.87571686,1,1,1,1,0,1,1,1,0,1,10.91916339,0,1,0,0,0,0,0,1,0
1,3,80430.99,8.713781981,0,1,1,0,0,1,0,1,0,0,6.775594861,0,1,0,0,0,1,0,1,0
0,3,15423.53,12.18665298,1,1,0,1,0,1,1,0,0,0,15.71428993,0,1,0,1,0,0,0,1,0
0,2,8465.02,6.410275409,2,1,1,0,0,0,1,0,0,1,3.005659256,0,0,0,0,1,0,0,1,0
1,0,23107.22,5.546944946,0,1,0,1,1,1,0,1,1,1,2.811977672,0,1,1,1,0,0,0,1,0
1,1,65329.46,13.34580773,0,1,0,1,1,0,0,1,1,1,12.85056526,0,1,0,0,0,0,0,1,0
0,0,12650.67,6.411211074,0,1,1,1,0,0,0,1,0,0,4.385448215,0,1,0,0,0,1,0,1,0
0,3,99787.78,8.866549026,0,0,1,1,1,0,0,0,0,1,5.798532598,0,0,0,1,0,0,0,1,0
1,0,22840.68,6.318907115,1,1,1,1,0,0,1,1,0,1,5.037146238,1,0,1,0,1,0,0,1,0
1,7,29742.47,12.14896261,1,1,1,0,1,0,1,0,0,1,3.259826777,1,0,0,0,0,0,0,1,0
1,2,22139.13,15.08558131,0,1,1,0,0,1,0,1,1,1,12.52485764,1,0,0,0,1,0,0,0,0
0,4,26760.18,3.410169776,0,0,1,1,0,1,1,0,0,1,5.220501553,0,1,1,0,1,0,0,0,0
1,5,23613.85,14.06427534,2,1,0,0,0,1,0,0,1,1,10.4843853,0,1,1,0,0,0,0,1,0
0,3,38691.84,6.89303513,0,1,0,0,0,1,1,0,1,1,3.835182255,0,1,1,0,1,0,0,0,1
0,3,39163.32,12.08205854,0,1,1,0,1,0,0,0,1,1,7.918255804,0,0,1,1,0,0,0,1,0
0,3,8539.27,7.233561718,0,1,1,1,0,1,0,0,1,0,6.136751688,1,0,0,0,1,0,0,0,0
0,1,17054.95,11.10109124,0,1,1,0,1,1,0,0,0,0,20.00794461,0,0,0,0,0,0,1,0,0
1,2,23101.13,4.743877362,0,0,1,1,1,0,0,1,1,1,17.05603447,0,1,0,0,1,0,0,0,1
0,1,49323.19,7.869279288,0,1,1,0,0,0,0,1,0,0,2.48527604,0,1,0,1,0,0,0,0,1
1,2,32459.53,14.20149723,0,1,1,0,0,1,0,1,0,1,10.1127187,0,1,0,0,1,0,0,1,0
1,3,91605.19,6.716026988,2,0,0,1,0,1,0,1,1,1,15.21980082,1,0,1,0,0,1,0,1,0
1,4,10349.38,10.42980353,0,0,1,0,1,1,0,1,0,1,2.24841574,1,0,0,1,0,0,0,1,0
1,4,23026.89,5.706642926,0,1,1,0,0,1,1,1,1,0,3.637134041,0,1,1,0,0,0,0,0,0
1,0,13719.94,7.560121916,1,1,1,1,0,0,0,1,0,1,9.660168743,1,0,1,0,0,0,1,0,0
1,1,49270.7,13.29065491,1,0,1,1,1,0,0,0,1,1,24.37711744,0,1,0,1,0,0,0,1,0
0,3,8507.14,8.089726776,0,0,0,0,0,1,0,0,0,1,3.892424053,0,1,1,0,0,0,1,0,0
0,0,21084.49,6.413780429,0,0,0,0,1,1,0,0,0,0,21.6132385,1,0,0,0,0,0,0,1,0
0,3,99199.26,12.90458773,0,1,0,0,0,1,1,0,0,1,4.238632927,0,1,0,0,0,0,0,0,1
1,4,32720.43,10.00892011,0,1,0,1,0,1,0,1,1,0,22.04436191,1,0,0,0,1,0,0,1,0
1,1,8228.16,13.57970425,0,1,1,0,1,0,0,1,1,0,1.770031252,0,0,0,1,0,0,0,1,0
0,3,96126.76,9.654031047,1,1,0,0,0,1,1,0,0,1,21.1307851,0,1,1,0,0,0,1,1,0
1,3,10907.78,9.595766472,1,1,0,1,1,1,0,1,1,0,21.4708673,0,0,0,0,1,0,0,1,0
0,3,37816.75,9.249991739,0,1,0,0,1,0,1,0,0,0,16.56587766,0,0,1,0,0,1,0,1,0
0,1,20429.65,12.79582565,0,1,0,0,0,0,0,1,1,1,23.11577242,0,0,0,0,1,0,0,0,1
1,2,12895.65,7.960834129,0,1,1,1,1,0,1,1,1,1,14.21751959,0,1,0,0,0,0,0,0,0
1,1,29653.48,4.630760428,0,1,0,0,0,0,0,1,1,0,11.42145103,1,0,0,1,0,0,0,1,0
0,2,15369.78,8.574863899,1,1,0,0,1,0,0,0,0,0,2.867284438,0,0,0,0,0,1,0,0,0
1,2,45577.26,7.754485939,0,1,1,1,1,1,1,0,1,0,8.205103396,0,1,0,0,0,0,1,1,0
0,4,38137.48,9.296497381,0,1,0,0,1,1,1,0,0,0,3.27055489,1,0,1,0,1,0,0,1,0
0,2,17762.55,15.78937082,0,1,0,0,0,0,0,0,0,1,13.59949293,1,0,0,0,1,0,0,1,0
1,1,18493.34,9.278437133,0,1,0,0,1,1,0,1,1,1,7.757685471,1,0,0,0,0,0,1,0,0
1,0,43296.9,11.98468923,0,1,1,1,0,1,1,1,1,1,10.98734966,1,0,0,0,1,0,0,0,0
0,1,17172.32,10.209012,1,1,1,0,0,0,1,1,0,0,7.98560378,1,0,0,0,0,0,0,0,1
1,0,27687.94,11.87237678,0,1,0,0,0,0,0,1,1,1,3.391969552,0,1,0,0,0,0,1,1,0
0,0,29613.46,8.985344623,0,1,1,0,0,1,0,0,1,1,6.393598693,1,0,1,0,0,1,0,0,0
0,1,20926.46,3.577496502,0,1,0,0,1,0,0,0,1,0,19.13168856,0,0,1,0,1,0,0,0,0
1,0,9758.3,7.552930534,1,1,1,0,1,0,0,0,1,0,10.98841039,0,0,1,0,1,0,0,1,0
1,3,24805.02,8.856522955,0,1,1,0,0,0,0,1,1,1,1.268992493,0,1,0,0,0,0,1,1,0
0,3,31324.12,11.21140731,1,1,0,1,1,1,0,0,1,1,11.23691953,1,0,0,0,0,1,0,0,0
1,0,54561.94,7.083133504,0,1,1,0,0,0,1,1,0,1,4.266309981,0,0,0,1,0,0,0,1,0
0,1,9202.1,7.979875858,0,1,1,1,0,0,1,1,0,1,14.51274009,1,0,0,0,0,1,0,0,1
0,1,27720,12.17826323,1,1,0,1,1,0,1,0,0,0,16.01233793,1,0,0,0,0,0,0,0,0
0,0,33748.05,14.00503607,1,1,1,0,1,0,0,0,1,1,14.7212152,0,0,1,0,1,0,0,0,1
1,2,83416.9,14.05737023,0,1,1,0,1,1,0,1,0,1,5.947501617,1,0,0,0,0,1,0,1,0
0,0,67448.07,15.63302492,0,1,0,1,0,1,0,1,0,0,26.68008793,0,1,0,0,0,1,0,0,1
0,0,17105.07,8.556630945,0,1,1,0,0,0,0,0,1,1,24.77325806,0,1,0,0,1,0,0,1,0
0,0,48915.51,10.51538905,1,1,1,1,0,0,0,0,1,0,8.856546048,1,0,1,0,0,0,0,0,0
1,5,45631.91,6.980525959,0,1,0,0,1,0,0,0,1,1,8.69123648,0,1,0,0,0,1,0,0,0
0,3,26049.03,14.69431857,1,1,0,1,1,1,0,1,0,1,7.443067222,0,1,1,0,0,1,0,1,0
0,1,24717.71,10.7511092,1,1,0,0,1,0,1,0,0,1,1.277136149,0,1,0,0,0,1,0,1,0
1,0,28162.54,7.901812987,0,1,0,1,0,1,1,0,1,1,1.722680046,0,0,1,0,0,1,0,1,0
0,2,3666.35,12.12132108,0,1,1,1,1,1,1,1,0,0,20.93887792,1,0,0,0,0,0,1,0,1
0,1,34264.02,6.259396187,2,0,0,1,0,0,1,1,0,0,5.794641025,0,0,1,0,1,0,0,1,0
0,0,13655.62,10.34140063,1,1,1,0,1,1,1,1,0,1,6.093194674,0,1,0,1,0,0,0,0,0
1,3,74915.44,10.27858,0,1,1,0,1,1,0,1,1,1,10.50826,0,0,0,1,0,0,0,1,0
0,0,8809.37,12.27326,0,1,0,1,0,0,0,1,0,0,13.29584,0,1,1,1,0,0,0,1,0
1,5,84914.28,11.20146,0,1,1,1,0,0,0,1,1,0,7.976237,0,1,1,1,0,0,0,1,0
0,0,19789.59,4.681246,0,1,1,0,0,0,0,0,0,1,1.293553,0,1,1,1,0,0,0,0,0
0,4,19091.73,11.99276,1,1,1,0,1,1,0,1,1,1,5.982479,0,1,1,0,1,0,0,0,0
1,1,30898.32,7.713017,0,0,0,0,1,1,1,1,1,0,1.26105,1,0,1,0,0,1,0,0,1
1,3,60536.56,9.013523,1,1,1,1,0,1,1,1,0,1,7.698157,1,0,0,0,0,0,0,0,1
1,3,65062.28,8.44455,1,1,0,0,0,1,0,0,1,1,2.175619,1,0,0,0,0,0,0,1,0
1,4,10305.73,9.749636,0,1,0,0,1,1,0,0,1,1,9.390135,1,0,1,1,0,0,0,1,0
0,1,36381.36,12.46495,0,0,0,1,0,1,0,0,1,1,20.16124,0,0,1,0,0,0,1,0,1
1,3,23978.67,8.4926,0,0,0,0,1,1,0,1,0,1,8.433722,0,1,1,0,0,0,0,1,0
1,5,10315.72,13.15703,0,1,1,0,1,1,1,0,0,0,14.80885,1,0,0,0,0,0,1,1,0
1,4,40783.52,7.346236,1,1,0,1,1,1,0,1,1,1,3.151239,0,1,1,0,1,0,0,1,0
1,3,19920.22,9.531669,0,0,0,0,1,0,0,1,1,1,16.81532,0,1,1,1,0,0,0,1,0
1,2,80176.6,10.62558,0,1,1,0,0,0,1,1,1,0,1.954899,0,1,1,0,1,0,0,1,0
0,2,8803.4,12.42693,2,1,1,0,0,0,1,0,1,0,5.111408,0,1,0,0,0,1,0,1,0
0,1,76063.08,9.885262,1,1,0,0,0,0,0,1,0,0,11.42056,1,0,1,0,0,0,0,0,0
0,1,50159.71,14.12411,1,1,1,0,1,0,0,1,0,1,8.954465,1,0,1,0,0,1,0,0,1
0,0,29467.49,9.108143,0,1,0,0,1,1,0,0,1,0,7.387825,1,0,0,0,0,0,1,0,0
0,1,28790.92,7.737367,0,1,0,0,1,1,0,1,0,1,3.943222,0,0,1,0,0,1,0,0,0
0,3,44485.5,9.905191,2,1,0,0,0,1,0,0,0,0,10.47338,1,0,0,0,0,0,1,0,0
1,1,61142.96,9.643592,0,0,1,0,0,1,0,0,0,1,4.510318,1,0,0,0,0,1,0,1,0
1,1,74948.35,10.95793,1,1,1,0,1,1,0,1,1,1,11.38469,0,1,0,0,0,0,1,0,1
0,3,25686.47,8.591792,0,1,1,0,0,0,0,1,0,0,3.434965,0,1,0,0,0,0,0,0,0
0,4,3640.46,5.837482,0,1,0,0,0,0,1,0,0,0,11.93639,1,0,1,0,0,0,1,1,0
0,3,68631.52,6.146665,2,1,0,1,0,0,0,0,0,1,2.155733,0,1,1,0,0,1,0,0,0
0,3,55306.54,8.904816,0,0,0,0,0,1,0,0,1,0,4.600655,0,1,0,0,0,0,1,0,0
1,7,32058.65,8.965014,0,1,0,0,1,0,0,0,1,1,7.376158,1,0,0,0,0,1,0,1,0
1,0,10533.21,12.32574,1,1,1,0,0,0,0,1,0,1,7.231407,1,0,0,0,1,0,0,1,0
0,1,10879.84,8.215309,0,1,0,0,0,0,0,1,0,1,6.204958,0,0,1,0,1,0,0,1,0
0,4,29149.35,9.117724,0,1,0,0,1,1,0,1,0,1,8.962444,0,1,1,0,0,0,0,0,0
0,1,43121.53,13.33801,1,1,1,0,0,0,0,0,0,1,8.716735,0,1,0,1,0,0,0,1,0
1,1,53952.59,11.02404,0,0,1,1,1,1,0,1,1,0,11.71454,0,1,0,0,0,0,1,0,0
1,0,37794.12,7.365321,1,1,1,0,1,0,1,0,0,0,3.08799,1,0,1,0,0,0,0,1,0
1,1,101907.8,9.485065,1,1,0,0,1,0,1,1,1,1,2.051002,0,1,1,0,1,0,0,1,0
0,1,24218.05,8.256042,1,1,1,1,0,1,0,0,0,0,25.17478,0,1,1,0,0,1,0,1,0
1,0,32075.69,11.47946,0,1,0,1,1,1,0,1,0,1,19.50558,0,1,0,0,0,0,1,1,0
0,0,12429.48,11.81668,2,0,0,0,0,1,1,0,1,1,6.645141,1,0,0,0,1,0,0,0,0
0,0,39939.55,12.20892,1,1,0,0,0,0,0,1,0,0,7.793232,1,0,0,0,0,0,0,0,0
1,1,34531.07,10.73901,0,1,0,0,1,0,0,1,1,0,13.37596,0,1,1,0,0,0,0,1,0
1,4,14646.58,16.47207,0,0,1,0,0,0,1,0,1,1,11.5352,1,0,1,0,1,0,0,1,0
0,0,630.24,9.50503,0,1,0,1,0,1,0,1,0,0,6.025694,0,1,0,0,0,0,1,0,1
1,2,48476.58,12.13919,1,1,1,0,1,0,0,1,1,0,2.051657,1,0,0,0,1,0,0,0,1
0,1,7591.68,10.40481,0,1,1,0,0,0,1,1,0,1,8.082833,0,0,1,0,0,0,0,0,0
0,2,6923.8,7.872117,1,1,0,0,0,1,0,1,0,0,2.104985,0,0,0,0,0,0,1,0,0
0,3,99291.94,9.056277,0,1,0,0,1,0,1,0,0,0,16.59389,1,0,0,0,1,0,0,1,0
0,4,18610.56,10.65375,0,1,0,1,0,0,0,1,0,1,31.32024,0,0,0,0,1,0,0,1,0
0,1,22745.33,5.006946,1,1,0,0,1,0,0,0,0,1,21.03542,0,0,1,0,1,0,0,1,0
1,2,14987.31,12.89594,0,1,1,0,0,0,1,1,1,1,3.465896,1,0,1,1,0,0,0,0,1
1,2,54531.53,9.127013,0,1,0,0,1,1,0,1,1,1,12.4962,1,0,1,0,0,0,0,1,0
0,4,22067.94,10.76672,0,1,1,0,1,1,0,0,1,0,13.63369,0,1,1,0,0,1,0,0,0
0,0,10440.87,6.855385,0,1,0,0,0,0,0,0,1,1,11.75027,1,0,1,0,0,0,1,0,0
0,4,38257.1,10.44859,0,1,0,0,1,1,0,1,0,1,10.32943,0,0,0,0,1,0,0,1,0
0,1,8626.93,13.16243,0,1,1,1,0,0,0,1,0,0,8.333131,0,1,0,0,1,0,0,1,0
1,1,41169.69,11.49389,1,1,1,1,1,1,0,1,1,1,9.602383,1,0,0,0,1,0,0,1,0
0,3,51251.22,10.41256,0,1,1,0,0,0,0,1,0,1,22.37984,0,1,1,0,0,1,0,0,1
0,0,53267.14,8.197798,0,1,0,0,1,1,0,1,0,1,9.061231,0,1,1,0,0,1,0,1,0
0,1,67172.04,11.07391,1,1,0,1,1,0,0,1,0,0,12.85483,1,0,0,0,0,0,1,0,1
1,3,15872.85,11.707090000000001,0,0,1,0,0,0,0,1,1,0,5.430488,0,0,1,0,0,0,1,1,0
0,1,26385.01,8.478086,0,1,0,0,0,1,0,0,0,0,5.26792,0,1,0,0,0,0,0,0,0
0,4,44236.12,8.489595,0,1,1,1,0,1,0,1,0,1,8.084289,0,1,0,0,0,0,1,0,1
0,5,48112.75,13.10202,0,1,0,0,0,1,0,0,0,0,7.978289,0,0,1,0,1,0,0,1,0
0,1,60384.01,11.50735,1,1,0,0,1,0,1,0,0,1,26.27061,0,0,0,0,0,0,0,0,0
0,2,41867.94,12.10717,1,1,0,0,0,0,0,1,0,1,14.86711,0,1,1,0,1,0,0,0,0
1,0,16827.22,7.598834,0,1,0,0,0,1,1,1,1,1,12.47887,0,0,1,0,0,0,0,1,0
1,2,86877.95,14.83322,1,1,0,1,0,1,0,0,1,1,2.958575,0,1,1,1,0,0,0,1,0
1,0,21951.91,7.554437,0,1,1,1,0,0,1,0,1,1,12.12823,0,1,0,0,0,0,1,1,0
1,1,10120.05,4.271704,0,1,1,0,0,0,0,1,1,0,3.737401,0,1,0,1,0,0,0,1,0
0,0,2715.32,7.706983,1,1,1,0,1,0,0,0,0,1,4.791566,1,0,0,0,1,0,0,0,0
0,4,100861.7,11.24791,1,1,1,0,0,1,0,0,1,0,22.04122,0,1,1,0,0,0,1,0,0
0,2,27938.89,12.9485,1,1,0,0,0,1,0,0,0,1,6.86392,1,0,1,0,0,0,0,0,0
1,0,41676.3,9.800684,1,1,1,0,1,0,0,1,0,0,5.855847,0,1,1,0,0,0,0,1,0
1,1,61915.61,10.74621,0,1,0,0,1,0,0,1,1,1,30.1778,0,1,1,0,0,0,0,1,0
1,3,17492.71,9.977086,0,1,1,1,1,1,0,0,1,0,6.818283,0,1,0,1,0,0,0,1,0
1,1,19410.35,13.37836,0,1,0,1,1,1,0,0,1,0,10.48149,1,0,1,0,0,1,0,1,0
0,4,4425.26,9.711712,0,1,1,1,0,1,1,0,0,1,5.459489,0,1,1,0,1,0,0,0,1
1,0,13909.89,15.13968,0,1,1,0,1,0,0,1,0,0,6.363764,0,0,1,1,0,0,0,1,0
0,1,53954.51,8.92305,0,1,0,0,1,0,1,1,0,0,12.03582,0,0,0,0,0,0,1,0,0
1,0,13929.56,15.04815,0,0,1,0,0,0,0,1,1,1,13.0511,0,1,1,0,0,0,1,0,0
1,1,30997.05,9.25069,0,1,0,1,0,1,0,0,0,1,11.87278,1,0,1,0,0,1,0,1,0
1,5,53235.48,5.432771,0,1,1,0,1,1,0,1,0,0,8.182907,0,0,1,0,0,1,0,1,0
0,3,34098.95,7.228889,0,1,1,0,0,0,0,1,0,0,6.765777,0,0,1,0,0,0,0,0,0
1,1,38302.75,13.2422,1,1,0,1,1,0,0,1,0,1,12.31839,1,0,0,1,0,0,0,1,0
1,1,34604.65,9.493989,0,1,1,0,0,1,0,1,1,1,5.173292,1,0,1,0,1,0,0,1,0
1,3,23646.52,5.512588,0,1,0,0,1,0,1,1,0,1,6.23273,0,1,1,0,0,0,1,1,0
1,3,101807.8,9.767021,2,1,0,0,1,0,1,1,1,0,4.252913,0,1,0,0,0,0,0,1,0
1,7,48531.85,5.985983,0,1,1,0,0,0,1,1,1,0,10.99952,0,0,0,0,0,0,1,0,0
1,5,103435.7,10.72873,0,0,1,0,0,1,0,0,1,1,7.831744,0,0,1,0,1,0,0,1,0
0,4,6740.05,8.173993,0,1,1,0,0,1,0,1,1,0,19.72758,0,1,0,1,0,0,0,0,1
1,2,78026.55,2.902962,0,1,0,0,1,0,0,1,1,0,5.003409,0,0,1,0,0,0,0,1,0
1,3,9790.18,11.13286,1,1,1,0,0,1,1,1,0,1,11.53174,1,0,0,0,0,0,1,1,0
0,0,83234.64,8.055983,2,1,1,0,0,0,1,1,0,0,28.28911,0,1,1,0,0,0,0,0,1
0,2,29681.02,11.47448,0,1,0,0,0,0,1,0,0,0,27.98865,1,0,1,1,0,0,0,1,0
0,1,66031.23,12.53895,1,1,0,1,0,0,0,1,1,1,15.2109,0,1,0,1,0,0,0,0,0
0,3,31486.98,7.401544,0,0,0,0,1,0,0,0,0,1,16.85088,0,1,0,0,1,0,0,0,1
1,4,42345,7.706837,0,0,0,1,1,1,1,1,1,1,8.275832,1,0,0,0,1,0,0,1,0
1,0,40134.85,8.568928,1,1,1,1,1,0,1,1,0,1,1.789614,0,1,0,1,0,0,0,1,0
1,3,68269.35,12.54175,0,1,1,0,1,0,0,1,0,0,11.4255,0,1,0,1,0,0,0,1,0
1,0,22823.11,9.521566,1,1,1,1,1,0,1,1,1,1,29.35795,0,1,0,0,0,0,0,1,0
1,3,61362.22,13.1638,1,0,1,0,0,0,0,1,0,1,3.543665,1,0,1,0,1,0,0,1,0
1,1,36887.34,11.78195,0,1,0,0,0,1,0,1,1,0,1.75453,0,1,0,0,0,0,1,0,1
1,4,14048.76,6.210987,1,0,0,1,0,1,1,1,1,1,9.637159,0,0,0,0,1,0,0,0,0
1,0,67252.64,7.576687,0,1,1,1,1,0,1,1,1,0,7.658218,0,1,1,0,0,0,1,1,0
1,1,35925.24,8.398662,0,1,1,1,0,0,0,1,1,1,2.465822,0,1,1,0,0,0,0,1,0
0,1,25895.26,8.494806,0,1,0,1,0,0,0,1,0,1,8.353798,0,1,0,0,1,0,0,1,0
1,1,31637.52,12.46389,0,1,0,0,1,1,1,1,1,1,9.37017,0,1,1,1,0,0,0,0,1
0,3,18708.42,9.543086,0,1,1,0,1,0,1,1,0,1,8.394454,1,0,0,0,1,0,0,0,0
1,1,68822.79,3.866889,0,1,0,1,0,1,0,0,0,1,2.432366,1,0,1,1,0,0,0,1,0
1,0,50160.82,8.386358,0,1,0,1,0,1,0,0,0,1,13.17391,0,1,1,0,0,0,1,1,0
1,1,22622.48,14.93471,0,1,0,1,0,1,1,1,1,1,1.375567,0,1,0,0,0,0,1,0,0
1,1,30303.35,14.58236,0,1,0,1,1,1,0,1,1,1,2.301376,1,0,1,1,0,0,0,0,0
0,2,27135,10.01972,0,1,0,0,0,0,0,0,0,0,16.64818,1,0,1,0,1,0,0,0,0
0,1,21345.51,8.245298,1,1,0,0,1,0,0,0,1,1,4.564096,1,0,1,1,0,0,0,1,0
1,1,36532.31,7.841697,0,0,0,1,1,0,0,1,1,1,5.099454,1,0,1,0,0,0,0,1,0
0,1,42912.49,8.992821,1,1,0,0,0,1,0,0,0,1,6.03955,0,1,0,0,0,0,0,1,0
0,1,4855.88,17.03765,1,0,1,0,0,0,0,0,0,1,4.749684,1,0,1,1,0,0,0,0,1
0,0,30543.93,8.376945,0,1,1,0,0,0,0,0,0,0,21.61867,0,1,1,1,0,0,0,0,1
0,4,44107,17.14612,0,1,0,1,0,0,0,1,0,0,1.319201,0,0,0,0,0,1,0,0,0
0,2,32849.77,6.618072,0,1,1,1,0,1,0,0,0,1,8.66647,0,1,1,0,0,1,0,1,0
1,0,4795.94,10.61107,0,0,0,1,0,1,1,1,1,0,2.748652,0,1,0,0,1,0,0,1,0
1,0,44034.11,5.574893,0,1,1,0,0,0,0,1,1,0,2.830635,0,1,1,0,1,0,0,1,0
1,1,55836.3,10.29493,0,1,1,0,1,0,1,1,0,0,5.423869,1,0,0,0,0,0,1,0,0
1,1,7321.37,8.805561,0,1,1,1,0,0,0,1,1,1,12.09638,1,0,1,1,0,0,0,0,1
0,1,70673.64,13.65356,1,1,0,1,1,0,0,0,0,0,7.117565,1,0,1,0,0,1,0,1,0
1,1,62998.7,12.10685,1,1,0,0,1,0,0,1,0,1,6.575242,0,1,1,0,0,0,0,1,0
1,0,60751.35,13.35871,0,1,1,0,1,0,0,1,1,0,9.951059,0,1,1,0,1,0,0,0,0
1,2,26284.13,13.22236,0,1,0,1,0,0,0,1,1,0,7.890163,0,1,1,0,0,0,0,1,0
0,3,64117.45,10.7445,0,1,1,0,0,0,0,0,1,1,1.230987,0,0,1,0,0,1,0,1,0
1,1,17274.61,14.3374,1,1,1,0,1,1,1,1,0,0,5.237873,1,0,0,0,0,0,0,1,0
0,0,52089.36,14.15632,1,1,1,1,0,1,0,0,1,1,17.13556,0,1,1,0,0,0,1,0,0
1,0,102090.5,6.212355,0,1,0,1,1,0,0,1,1,1,5.582839,0,0,0,0,0,0,0,1,0
1,0,4033.46,8.615047,2,1,1,1,1,1,0,0,1,0,3.523461,1,0,1,0,0,0,0,1,0
1,2,11970.69,12.02949,1,1,0,0,0,0,0,0,1,0,7.535729,0,0,0,0,0,0,1,1,0
1,0,18205.32,12.47818,1,1,1,0,1,0,1,1,0,0,9.759887,0,0,0,0,1,0,0,1,0
0,0,27386.37,11.98767,1,1,0,1,0,1,0,1,1,0,12.43721,1,0,1,1,0,0,0,0,0
0,0,24728.28,9.452414,1,1,1,1,1,1,0,1,1,1,6.739405,0,0,1,0,0,1,0,0,0
0,6,35022.32,8.976742,0,1,0,0,0,1,0,0,0,1,1.900671,0,1,1,0,1,0,0,0,0
1,3,27252.38,13.47294,0,1,1,0,0,0,1,1,1,0,6.074592,0,0,1,0,0,0,1,1,0
0,0,72603.49,12.66401,1,1,0,0,1,0,0,0,0,1,16.04075,0,1,1,0,0,1,0,1,0
1,4,78989.36,15.51053,1,1,0,0,1,0,0,1,0,0,10.46977,0,1,1,0,0,0,0,1,0
0,4,36649.03,11.8295,0,0,1,1,1,0,0,0,1,0,11.00764,1,0,0,1,0,0,0,0,1
0,4,65762.88,11.69911,0,1,1,0,1,0,1,0,1,1,17.55138,1,0,0,0,0,1,0,0,1
0,1,42200.98,14.23604,0,1,1,1,1,0,0,1,0,1,7.675218,1,0,1,0,0,0,0,0,0
1,0,3456.77,9.462635,0,1,1,1,0,0,0,1,1,1,8.907101,1,0,1,0,0,1,0,1,0
1,1,9011.25,10.45334,0,0,1,1,0,1,0,1,0,1,4.275019,0,1,1,0,0,1,0,1,0
1,1,52409.75,10.99266,2,0,1,0,0,0,0,0,1,1,17.98438,1,0,0,0,0,0,0,1,0
1,4,42530.46,9.512708,0,1,0,0,0,1,1,1,1,0,2.918826,1,0,0,0,1,0,0,1,0
1,0,25761.05,10.5339,0,1,1,0,0,0,1,1,0,1,2.180679,1,0,0,0,0,0,1,0,0
0,2,61145.59,9.096999,1,1,1,0,1,0,0,0,0,0,2.201845,0,1,1,0,0,1,0,0,1
0,1,91825.37,12.69755,0,1,1,0,0,1,0,0,0,1,4.418468,1,0,0,0,0,0,1,0,0
0,3,44080,16.89285,0,1,0,0,0,0,1,0,1,1,4.798977,0,0,1,0,1,0,0,1,0
1,1,18445.73,16.79023,0,1,0,1,1,1,0,1,1,1,14.1687,0,1,0,0,0,1,0,1,0
0,0,49276.44,5.081352,1,1,0,0,0,1,1,0,1,0,4.028152,0,1,0,1,0,0,0,0,1
1,1,98189.95,11.03899,0,1,1,0,0,1,1,1,1,0,26.74209,1,0,1,0,1,0,0,1,0
1,6,18199.63,9.061046,0,1,0,0,0,0,1,1,1,0,19.68549,1,0,1,0,1,0,0,1,0
0,2,38683.31,12.90631,1,1,1,1,0,0,1,0,1,1,6.17382,0,1,1,0,0,0,0,0,0
0,1,18593.16,10.30058,1,1,0,0,1,0,0,0,0,1,3.990716,0,1,0,0,0,0,1,0,1
1,3,16752.3,13.05828,0,1,1,1,1,0,0,1,1,0,7.394788,0,1,0,0,0,0,1,1,0
0,0,75769.12,5.946073,0,1,0,0,0,0,0,0,0,1,8.696181,0,1,1,0,0,0,1,1,0
0,0,51427.43,10.54611,0,1,1,1,1,1,1,0,0,0,6.840972,0,1,1,0,0,0,1,1,0
0,1,65499.28,9.965158,0,1,1,0,1,0,0,0,0,1,20.43585,0,0,0,0,0,0,1,0,1
0,2,38914.87,9.078682,1,1,1,1,1,1,1,1,0,0,2.707119,0,0,0,0,0,1,0,0,0
0,7,44522.71,10.27753,0,1,0,0,0,0,0,0,0,1,6.280617,1,0,1,0,0,1,0,1,0
1,1,13622.45,8.051613,0,1,1,0,1,0,1,0,1,0,7.458443,0,1,1,1,0,0,0,1,0
1,3,26894.86,10.03504,0,1,1,0,0,1,0,1,1,1,4.465592,1,0,0,0,0,0,1,0,0
0,1,4032.31,7.144377,0,1,1,0,0,1,0,1,0,0,13.14986,0,1,1,0,0,0,0,0,0
1,0,32731.53,13.23481,0,1,0,1,1,1,0,1,1,0,25.69631,1,0,1,0,1,0,0,0,0
0,2,33578.92,7.548639,0,0,0,1,1,0,1,0,0,0,3.089663,0,1,0,0,0,0,0,0,0
0,0,58563.96,9.182092,0,1,1,0,0,0,0,0,0,0,7.94384,0,1,1,0,0,0,0,1,0
0,3,60432.79,10.72004,0,1,0,0,0,1,1,0,0,0,13.31739,1,0,1,0,0,1,0,0,0
0,2,9774.33,11.48171,2,1,1,0,0,1,0,1,0,0,10.57654,1,0,0,0,0,0,0,0,0
1,3,60537.01,9.320336,0,1,1,0,1,0,0,0,1,1,10.37052,1,0,0,0,0,0,1,1,0
1,3,24324.5,9.195938,0,1,1,0,0,0,1,0,1,0,10.36313,1,0,0,0,0,0,0,0,0
0,4,37615.69,17.80133,1,1,1,1,0,0,0,1,1,0,10.269,0,1,1,0,0,1,0,0,0
1,0,8233.96,11.18965,2,1,0,0,0,0,0,1,1,0,10.32825,1,0,1,1,0,0,0,1,0
1,1,48228.96,15.47441,1,1,0,0,1,1,0,1,1,1,13.85765,0,1,0,0,0,0,0,1,0
1,4,16662.12,7.201032,0,1,1,0,1,0,0,1,0,1,4.338536,1,0,0,0,0,0,1,0,1
0,2,35433.48,12.099,0,1,0,0,1,0,0,0,1,1,8.492867,0,0,1,0,0,0,0,0,0
1,4,34422.88,5.908518,1,1,1,0,1,1,0,1,0,0,2.649474,1,0,0,1,0,0,0,1,0
0,4,25712.78,7.390473,0,1,0,0,0,0,1,1,1,1,18.5303,0,1,1,0,0,1,0,0,1
1,0,70459.21,14.7789,2,1,0,0,1,1,1,1,1,0,4.970731,1,0,1,1,0,0,0,0,0
0,0,18086,12.92213,0,1,0,0,1,1,1,0,0,0,25.26752,0,1,0,0,0,1,0,1,0
0,4,43598.48,11.57569,2,1,0,0,0,1,1,1,0,1,3.020801,0,0,0,0,1,0,0,1,0
1,0,24165.59,7.739305,0,1,0,1,0,0,0,1,1,1,1.366478,0,1,0,1,0,0,0,1,0
0,0,52417.3,11.16641,0,1,0,0,1,1,0,0,0,1,5.26283,1,0,0,0,1,0,0,1,0
1,5,44650.63,5.521606,0,1,1,1,0,1,0,0,1,1,2.734669,1,0,0,0,0,1,0,1,0
0,4,38794.93,10.52082,1,1,0,0,1,0,1,0,1,0,12.02081,0,0,0,0,0,0,0,0,1
1,2,45161.45,13.64856,1,1,0,1,0,0,0,1,1,0,2.548892,1,0,0,1,0,0,0,1,0
0,1,6975.47,10.50011,0,1,1,1,1,0,0,0,0,1,3.459881,1,0,1,0,0,1,0,0,1
1,0,15635.66,8.163008,0,1,0,0,0,0,0,0,1,1,1.703799,1,0,1,0,0,0,0,1,0
0,0,12233.26,7.309462,0,1,0,0,1,0,0,0,0,1,5.229738,0,0,1,0,0,0,0,1,0
1,2,33976.92,8.742106,0,1,1,1,0,1,0,1,1,0,1.4946,0,1,0,0,0,0,0,1,0
0,0,6288.9,10.92378,0,1,0,1,0,0,1,0,1,1,12.51454,0,0,0,0,0,1,0,0,1
1,1,11520.48,15.30999,0,1,1,0,0,0,0,1,0,1,12.85929,0,1,0,1,0,0,0,1,0
0,5,16359.9,11.10706,0,1,0,0,0,0,0,1,0,0,12.72079,0,1,0,1,0,0,0,1,0
1,3,41037.45,8.003539,0,1,0,0,0,0,0,1,1,0,19.98033,0,1,1,0,0,1,0,1,0
0,1,32479.8,12.1254,0,1,1,0,0,1,0,1,0,0,11.53977,0,1,0,0,0,1,0,0,0
1,2,11075.25,15.50087,0,1,1,0,1,0,0,1,1,1,10.77918,0,1,1,1,0,0,0,1,0
0,3,20698.04,9.71297,1,1,1,1,1,1,0,1,1,1,25.32558,0,1,0,1,0,0,0,0,1
0,4,16592.25,7.090931,0,1,0,1,0,1,0,0,1,0,7.80313,1,0,0,1,0,0,0,0,0
1,1,43824.26,9.086285,0,1,0,1,1,0,1,1,1,0,7.944389,0,0,0,0,1,0,0,1,0
1,0,81110.33,11.55219,0,0,0,0,0,1,0,0,1,1,2.977062,1,0,1,0,0,0,1,1,0
0,1,6707.83,10.60544,1,1,0,0,0,0,1,0,1,1,6.542299,0,0,0,0,1,0,0,0,1
0,1,12076.88,5.306158,0,1,0,0,0,0,0,0,0,1,17.66747,1,0,0,1,0,0,0,1,0
0,3,81564.77,12.9755,0,1,0,0,0,1,0,0,1,0,5.63873,0,1,1,1,0,0,0,1,0
0,2,28965.25,9.708487,0,1,1,0,1,0,0,0,0,1,9.307673,0,1,1,0,0,0,1,1,0
0,0,44819.67,14.67669,1,1,1,1,1,1,1,1,0,1,4.582941,0,1,0,0,0,0,1,0,1
0,2,14406.17,9.660222,1,1,1,0,0,0,1,0,0,1,9.557096,0,1,0,0,0,0,1,1,0
0,0,46986.55,5.711911,1,0,0,1,1,0,1,0,0,1,5.219974,0,1,1,0,1,0,0,0,0
0,0,20029.65,10.38533,0,1,1,1,0,0,0,1,0,0,18.13802,0,1,1,1,0,0,0,1,0
1,2,26838.78,10.74227,0,1,1,0,1,1,1,0,1,1,9.049865,0,0,0,0,0,1,0,1,0
1,4,66758.56,8.941573,0,1,0,0,1,1,1,1,0,1,5.596602,1,0,1,0,0,1,0,0,1
0,0,91903.25,9.877819,0,1,0,0,0,1,0,0,0,0,3.908371,1,0,0,0,0,0,0,1,0
0,0,41398.21,12.62231,0,1,0,0,1,1,0,1,0,0,1.739449,1,0,1,0,0,0,0,0,0
1,1,53245.7,12.51589,1,0,1,1,1,0,0,1,0,1,6.002744,0,1,1,0,0,1,0,1,0
0,5,18450.35,9.35093,0,1,0,0,1,1,0,0,0,0,3.180149,0,0,0,0,0,0,0,1,0
0,2,63900.46,11.6577,0,1,0,0,0,1,0,0,0,1,7.409149,0,0,1,0,0,0,1,0,0
0,1,7514.44,10.25643,0,1,0,1,1,0,0,0,1,1,5.111421,0,1,0,0,0,0,1,1,0
1,3,22570.85,11.96338,0,0,1,0,0,1,1,1,1,0,4.770815,1,0,1,0,1,0,0,1,0
1,0,1980.3,9.299708,0,1,1,0,1,0,0,0,1,0,2.65459,0,1,0,0,0,1,0,1,0
1,1,50428.1,9.962708,1,1,0,1,1,1,0,1,1,1,13.71891,1,0,1,0,1,0,0,0,1
1,2,34994.57,7.96371,1,1,1,0,0,1,1,1,0,1,12.69435,0,1,1,1,0,0,0,1,0
0,3,63289.55,5.566561,0,1,0,0,0,0,0,1,0,1,6.324505,0,0,0,0,0,1,0,1,0
1,3,20821.39,11.2307,1,1,0,1,0,0,0,1,0,0,13.8206,1,0,0,0,0,0,1,1,0
1,0,2991.27,9.700795,0,1,1,0,0,1,1,1,1,1,2.130946,1,0,0,0,0,0,0,0,1
1,0,46635.98,11.12455,2,1,1,0,1,1,0,1,1,1,12.77209,0,0,1,0,0,0,0,1,0
1,1,54639.21,7.711119,1,1,1,0,1,1,1,0,0,1,3.112447,0,0,0,0,0,0,1,1,0
1,3,11926.59,8.06957,0,1,1,1,1,0,1,1,1,1,6.816014,1,0,0,0,0,1,0,0,0
1,3,46256.13,4.131287,1,1,0,1,0,1,1,0,1,1,7.367806,1,0,0,0,0,0,0,1,0
1,0,56003,9.257301,0,0,1,1,1,1,0,1,0,0,21.08084,0,1,1,0,0,0,1,1,0
0,1,6754.78,9.73327,0,1,0,0,1,0,0,0,0,1,13.15232,0,1,1,0,0,0,1,0,1
1,6,38691.98,8.719019,0,1,1,0,0,0,0,0,0,1,1.270546,1,0,1,0,0,0,0,0,0
1,4,14924.39,5.353483,0,1,0,1,1,1,1,1,0,1,16.56118,1,0,1,0,0,0,1,1,0
0,2,20648.53,5.099569,0,1,0,1,1,0,0,0,1,1,6.137692,0,0,1,0,0,0,0,1,0
0,3,34628.88,10.37097,1,1,0,0,0,1,0,0,1,1,12.82428,0,1,0,0,1,0,0,0,1
0,1,54250.18,7.828963,1,1,1,0,1,1,0,1,0,1,7.458099,0,0,0,0,0,1,0,0,1
1,3,34515.01,7.908108,0,1,1,1,1,0,1,1,1,1,14.98386,1,0,0,0,1,0,0,1,0
0,1,27727,10.17344,1,1,0,1,0,1,1,1,0,1,12.27217,0,0,0,0,1,0,0,0,1
1,1,26064.31,7.160613,0,1,1,0,1,0,1,1,1,1,9.23286,1,0,0,1,0,0,0,1,0
1,0,49233.98,9.267577,1,1,1,0,0,0,0,1,1,1,2.497434,0,0,1,0,0,0,1,1,0
0,0,23302.39,10.02228,0,0,0,0,1,1,0,0,0,0,3.99954,1,0,1,0,0,0,1,0,0
0,0,23511.45,13.6576,0,1,1,1,1,0,0,0,1,1,8.133191,0,1,0,1,0,0,0,0,0
1,1,59560.13,7.614454,0,1,1,0,0,1,1,1,1,0,8.970035,1,0,1,0,0,0,0,0,1
0,1,13814.44,11.57698,0,1,0,1,0,1,1,0,1,1,7.88215,1,0,0,0,1,0,0,0,0
1,0,47185.23,14.56169,0,1,1,1,1,1,0,0,1,1,18.65137,0,1,1,1,0,0,0,1,0
0,0,13564.03,16.22817,0,1,0,1,0,1,1,0,0,1,3.399281,0,0,0,1,0,0,0,1,0
0,0,15693.82,10.0764,0,1,0,1,1,1,0,0,0,0,9.594746,0,0,0,0,0,0,0,1,0
1,2,37749.42,13.5599,0,1,0,0,1,0,0,1,0,1,13.24052,0,1,1,0,1,0,0,1,0
1,0,24002.4,11.98918,1,1,1,0,0,0,1,1,0,0,9.584536,0,0,1,1,0,0,0,1,0
1,2,17758.1,9.409715,0,1,0,0,0,1,0,1,1,0,1.135161,0,1,1,1,0,0,0,1,0
1,6,31534.3,16.88379,0,1,1,1,0,1,0,1,1,1,1.835282,0,0,0,1,0,0,0,1,0
0,0,5365.64,14.06327,0,1,0,0,1,1,0,1,0,1,14.76538,0,1,0,0,1,0,0,1,0
0,2,10986.24,9.270527,0,1,1,1,1,1,1,0,0,1,14.95975,0,1,1,1,0,0,0,1,0
0,2,4280.65,12.80286,1,1,0,1,1,0,0,1,0,1,8.487326,0,1,0,0,0,0,1,0,0
0,0,10684.8,11.17461,1,1,0,1,1,0,0,0,1,1,16.25256,1,0,0,0,0,1,0,0,1
1,1,40410.46,8.4836,0,1,0,0,1,0,0,1,0,0,17.4028,1,0,1,0,0,0,0,1,0
1,5,47987.84,13.99538,0,1,0,0,1,0,1,0,1,1,5.850283,0,1,0,0,0,1,0,1,0
0,4,59885.19,4.528985,0,1,1,0,0,1,1,0,1,0,20.43277,1,0,0,0,0,0,1,0,1
1,4,60271.58,5.147124,0,1,1,0,1,1,1,1,0,0,2.763224,1,0,0,0,1,0,0,0,0
1,1,81586.06,9.204904,0,1,1,0,0,0,0,0,1,1,1.482474,1,0,0,0,1,0,0,1,0
0,0,34844.99,11.63888,0,0,1,0,0,0,1,0,0,0,3.437502,0,1,0,0,1,0,0,1,0
0,4,64697.57,9.326198,0,1,1,0,0,0,1,0,0,1,8.327722,0,0,1,0,0,0,1,0,0
0,7,15053.56,15.65819,1,1,1,0,0,0,0,0,0,1,2.225465,0,1,0,0,0,0,1,0,0
0,2,49782.7,3.978796,1,1,1,0,1,1,0,0,0,1,9.25848,0,0,0,0,0,0,1,0,0
1,2,15715.88,10.22095,1,1,0,0,0,0,1,1,1,1,11.14615,0,1,1,0,0,1,0,1,0
0,3,34688.33,7.732668,0,0,0,1,0,0,1,0,0,0,1.5183,0,1,0,0,1,0,0,0,0
1,1,23438.89,11.913,0,1,1,0,0,0,0,0,1,0,2.734057,0,0,0,1,0,0,0,1,0
1,0,24908.78,12.46778,0,1,0,0,1,1,0,1,1,0,10.17576,0,0,0,0,0,0,0,1,0
1,0,38009.71,6.933869,1,1,0,0,1,1,1,0,1,1,1.582585,1,0,1,0,0,0,1,1,0
0,0,11720.58,10.40504,1,1,0,1,0,1,0,1,1,1,10.85537,0,1,1,0,0,0,0,0,1
1,2,49271.35,10.51146,1,1,1,0,0,0,0,1,1,0,7.400769,1,0,1,0,1,0,0,1,0
0,2,38069.49,15.77718,0,1,0,0,0,0,1,1,0,1,2.590677,0,1,0,1,0,0,0,0,0
1,0,43839.96,15.85825,0,1,1,0,0,0,0,1,1,0,9.933523,1,0,1,0,0,0,1,1,0
1,2,38886.05,13.56065,0,1,0,0,0,0,1,0,0,1,2.992589,1,0,0,0,0,0,1,1,0
1,1,31935.51,8.929747,0,1,0,1,0,0,0,0,1,0,7.749595,1,0,1,1,0,0,0,1,0
0,3,47060.9,10.55112,2,1,0,0,0,0,0,1,0,0,9.713544,0,1,0,0,0,1,0,0,0
0,2,7079.02,8.082,0,1,0,0,1,0,0,1,0,1,14.21143,1,0,0,0,0,1,0,0,0
1,2,38883.92,14.67215,0,1,1,0,0,0,1,0,1,1,12.26499,1,0,1,0,0,1,0,1,0
0,1,37869.23,9.39907,1,0,0,1,0,0,1,0,0,0,9.388962,1,0,1,0,0,0,1,1,0
1,1,57329.53,8.079021,0,1,0,0,0,1,1,0,1,1,2.061636,0,1,0,0,1,0,0,1,0
0,2,8408.2,9.40182,0,1,1,0,1,0,1,0,0,1,2.687062,0,1,1,0,0,1,0,0,0
1,0,56488.39,9.726798,0,1,1,1,0,0,1,1,1,1,1.854011,0,1,0,0,0,0,0,1,0
1,3,12245.9,14.36615,2,1,0,1,1,1,0,1,1,0,11.36938,1,0,0,0,0,0,0,1,0
0,1,77894.5,7.663075,0,0,1,1,1,1,0,0,0,1,5.533288,1,0,0,0,0,0,0,0,0
1,3,65472.96,10.4255,0,1,0,0,1,0,0,1,1,1,10.18679,1,0,1,0,0,1,0,1,0
0,3,21708.36,10.18198,0,0,0,1,0,1,0,1,1,1,5.857544,0,0,0,1,0,0,0,0,0
0,2,5523.04,10.22727,0,1,0,1,1,1,0,1,0,1,4.348554,0,1,0,0,1,0,0,0,1
1,3,6377.91,6.152569,0,1,0,0,0,1,0,1,1,1,5.494536,1,0,0,1,0,0,0,0,1
0,0,31299.73,14.61583,0,1,1,0,0,1,0,0,0,1,15.07508,0,1,1,0,0,0,0,0,1
1,2,25584.35,9.807188,1,1,0,1,0,0,0,1,1,0,4.235635,0,1,0,0,0,1,0,1,0
0,1,24729.42,8.729509,0,1,0,0,0,1,0,1,0,1,5.792794,1,0,1,0,0,1,0,0,0
1,3,7614.82,10.9733,0,1,0,0,0,1,0,1,1,1,3.919919,0,0,0,1,0,0,0,1,0
0,1,26231.41,10.31976,1,1,0,1,0,1,0,1,0,1,13.67733,0,1,1,1,0,0,0,0,1
1,2,37853.52,8.783413,1,1,1,0,1,0,0,1,0,1,1.813049,0,1,0,0,0,1,0,1,0
0,7,58347.69,7.403382,0,1,1,0,0,0,0,0,0,1,4.867834,0,1,0,0,0,1,0,1,0
0,0,58912.81,6.51399,1,1,1,1,1,0,0,1,0,0,17.76511,0,0,0,1,0,0,0,1,0
0,3,6703.29,11.45158,0,1,1,0,0,0,0,0,0,1,19.14395,0,0,1,0,0,1,0,1,0
1,0,8549.54,9.461247,1,0,0,0,0,0,0,1,1,1,15.41637,1,0,0,1,0,0,0,0,0
0,4,3850.53,8.608975,0,1,1,0,1,1,0,0,0,0,6.452058,1,0,0,0,0,0,0,0,0
0,1,18575.29,10.31889,1,1,0,1,1,1,0,0,1,1,10.55177,0,0,0,0,0,0,0,0,0
0,0,39012.26,6.566599,0,1,1,0,1,0,1,0,0,0,13.87203,1,0,1,0,0,1,0,1,0
1,1,27755.77,12.06638,0,1,0,0,1,0,0,1,1,1,15.98627,0,1,0,0,0,1,0,1,0
0,1,98298.22,7.11372,0,1,0,0,1,0,1,0,0,1,8.440774,0,0,0,0,1,0,0,1,0
1,0,32253.8,10.31167,0,1,0,0,0,1,0,0,1,1,5.706255,0,0,0,0,1,0,0,1,0
1,2,47956.52,7.709204,0,1,1,0,1,0,1,1,1,1,11.63009,0,1,0,1,0,0,0,1,0
1,3,34508.61,10.23565,0,0,1,1,1,0,0,1,0,0,11.11794,0,1,0,0,0,1,0,1,0
1,2,15264.99,9.134223,2,1,0,0,0,0,0,0,1,1,3.664542,1,0,0,0,0,1,0,1,0
1,2,78456.37,9.346821,0,1,0,1,1,1,1,1,1,1,14.10183,1,0,0,1,0,0,0,0,1
0,0,26944.14,12.94729,0,1,0,0,0,0,0,0,0,1,13.20294,0,1,0,1,0,0,0,0,1
0,2,28435.83,9.41977,0,1,0,1,1,0,0,0,1,0,13.12966,1,0,0,1,0,0,0,0,1
0,4,64651.67,7.352338,0,1,1,0,0,0,0,1,1,0,15.07394,1,0,1,0,1,0,0,0,1
1,1,21196.66,9.520453,1,1,1,0,0,0,0,0,1,1,20.5514,0,1,1,0,0,0,0,0,1
1,7,41959.76,11.16575,0,1,1,0,0,0,1,0,1,1,1.704751,1,0,1,0,0,0,1,0,1
0,2,29743.38,14.77223,0,1,1,1,0,0,1,0,0,0,11.13625,1,0,1,0,1,0,0,0,1
1,1,27766.98,6.35624,1,1,0,1,1,0,1,0,1,0,7.948145,1,0,0,0,1,0,0,1,0
0,1,30756.71,11.07762,1,1,1,0,0,1,0,0,0,1,12.0068,0,1,0,0,0,1,0,1,0
1,1,55663.41,9.871425,0,1,0,0,0,0,1,1,1,0,20.22191,1,0,1,0,0,1,0,1,0
1,3,79846.9,9.358906,0,1,1,0,0,0,1,1,0,0,1.932155,0,1,0,0,1,0,0,1,0
1,2,44078.45,8.546853,0,1,0,0,0,1,0,0,1,0,5.620998,1,0,1,0,1,0,0,1,0
1,2,64027.82,8.71185,0,1,1,0,0,0,0,1,0,0,6.446079,0,1,1,0,1,0,0,1,0
0,4,8996.2,9.355553,0,1,0,1,1,1,0,0,1,1,7.633753,0,1,0,0,0,1,0,0,0
1,7,43467.62,10.48505,0,1,0,0,1,1,0,1,1,0,2.420905,1,0,0,0,0,0,1,1,0
1,0,59419.82,13.83841,1,1,1,1,0,0,0,1,1,0,2.608423,1,0,1,1,0,0,0,0,1
1,1,35143.78,10.43682,0,1,1,0,1,0,0,1,1,0,9.248419,1,0,0,0,0,0,1,1,0
0,1,50968.3,10.39103,0,1,1,0,0,0,0,0,1,0,1.652127,0,1,1,0,0,1,0,0,0
1,0,35587.78,13.52535,0,1,0,0,1,1,1,1,1,1,2.077466,1,0,0,0,0,0,1,1,0
1,3,46121.72,10.10656,0,0,1,0,1,0,0,1,1,1,19.06753,0,1,0,0,0,1,0,1,0
0,6,53008.8,9.31867,1,1,0,0,0,1,0,0,0,1,1.805094,0,0,1,0,0,0,1,0,1
1,4,76411.65,9.649624,0,1,0,1,1,1,0,1,1,1,5.886238,0,0,1,0,0,0,0,1,0
1,1,21542.79,6.551988,1,1,0,0,1,0,0,1,0,0,4.336113,1,0,0,0,0,0,0,1,0
1,1,54215.89,13.0395,0,1,0,0,1,0,1,1,1,0,2.930277,0,1,0,0,1,0,0,1,0
1,3,20415.05,11.15686,0,1,0,0,0,0,1,1,0,0,1.293544,1,0,1,0,0,0,0,1,0
1,1,28911.98,14.29507,0,1,0,0,0,1,0,0,1,0,1.76478,1,0,0,0,0,1,0,1,0
1,0,32193.76,3.464197,0,1,1,0,1,0,0,0,1,0,15.4459,1,0,1,0,0,0,1,1,0
0,3,22663.77,14.68158,0,1,0,0,1,0,1,0,0,1,16.56317,1,0,1,0,1,0,0,1,0
1,3,43925.68,10.67296,0,0,0,1,1,1,0,1,0,0,8.939477,1,0,1,1,0,0,0,1,0
0,0,68335.57,9.589426,0,1,0,0,1,0,0,0,0,1,26.15019,0,1,1,0,0,0,0,0,0
0,0,16170.08,7.935518,1,1,1,0,0,0,0,0,0,0,11.49687,0,0,1,0,0,1,0,0,1
1,0,58940.98,9.320977,1,1,1,1,1,0,1,0,1,1,3.761061,1,0,1,0,0,0,0,1,0
0,2,19498.34,16.12913,1,1,0,0,0,1,0,1,0,0,16.39747,1,0,0,0,0,0,0,1,0
0,1,69988.77,13.15586,2,1,1,1,1,0,1,0,1,0,11.61284,1,0,1,0,0,1,0,0,0
1,1,37908.68,6.985784,2,1,0,0,0,0,0,1,1,1,19.12428,1,0,1,0,0,1,0,1,0
1,2,21594.91,11.18568,1,1,1,0,1,0,0,1,0,1,13.85176,0,1,0,0,1,0,0,1,0
0,1,31529.9,8.554768,0,1,1,0,0,0,0,1,0,1,18.8572,0,0,1,0,0,0,1,0,0
0,4,35706.95,14.26456,1,1,0,0,0,0,1,0,1,1,10.08697,1,0,0,0,0,0,1,0,0
1,3,25408.07,15.88055,0,1,0,1,1,1,0,0,1,0,1.895979,0,0,0,0,1,0,0,1,0
1,4,29602.2,12.79546,0,1,1,0,1,0,1,0,1,1,2.446064,1,0,0,0,1,0,0,1,0
1,4,37471.31,9.731762,0,1,1,0,0,1,1,1,0,1,2.464275,1,0,0,0,0,0,0,1,0
1,1,5923.37,15.21575,0,1,1,0,0,1,0,0,1,0,14.80349,0,1,0,1,0,0,0,1,0
1,0,30227.9,9.63933,2,1,1,0,1,1,0,0,1,1,8.040278,0,0,1,1,0,0,0,1,0
1,1,75295.21,12.49263,0,1,1,1,1,1,0,0,1,0,20.13722,0,1,1,0,0,0,1,1,0
0,3,31294.84,13.01594,1,1,1,0,0,0,0,0,1,0,7.42363,0,0,1,0,0,0,1,0,0
0,4,33348.43,11.04209,1,1,0,0,0,0,0,1,0,0,20.87424,1,0,0,0,0,0,1,0,0
0,1,53517.12,7.405469,0,1,1,0,1,0,0,0,1,0,14.44636,0,1,0,0,1,0,0,0,0
0,4,58015.78,10.66838,0,1,1,1,0,1,0,0,0,0,9.000396,1,0,0,0,0,1,0,0,0
0,0,90699.09,12.3917,0,1,1,0,0,1,0,1,0,0,7.194779,1,0,0,0,0,0,1,0,1
1,0,27140.05,16.19038,0,1,1,0,1,0,1,1,1,1,12.86551,1,0,1,0,1,0,0,1,0
1,1,81491.12,8.669476,0,1,0,0,0,0,1,1,1,0,15.92001,1,0,0,0,0,0,0,1,0
1,4,33192.8,9.237382,0,1,0,0,0,1,1,1,1,1,4.85088,0,0,1,0,0,0,0,0,0
1,3,42866.35,10.99018,0,1,0,0,0,1,1,1,1,1,2.758575,0,1,1,0,0,0,0,1,0
0,0,35939.16,7.095061,0,1,0,0,1,0,1,0,0,0,6.116652,1,0,0,0,0,1,0,1,0
1,0,101534,6.548344,1,1,0,0,1,0,0,1,1,1,16.87028,1,0,1,0,1,0,0,1,0
0,2,28100.13,7.891279,0,1,1,0,0,0,0,0,1,1,16.66123,0,1,0,1,0,0,0,0,1
0,5,55888.81,10.58295,0,1,0,1,1,1,0,1,0,0,12.61471,1,0,1,0,0,0,1,0,0
0,2,24604.91,7.787876,0,1,0,0,1,0,1,0,1,1,5.714937,0,1,0,0,0,0,0,0,0
1,3,8137.46,13.14319,0,1,0,0,1,1,0,1,1,1,2.301772,1,0,1,1,0,0,0,1,0
0,1,36643.74,13.36184,1,1,0,1,1,0,0,0,0,1,3.627104,0,1,1,0,1,0,0,1,0
0,1,7332.51,14.06909,0,1,0,0,0,1,1,1,0,0,24.14282,0,1,1,0,0,0,0,0,1
0,2,14741.19,7.832718,1,0,1,0,0,0,0,1,0,1,19.14656,0,1,1,0,0,1,0,1,0
0,4,51673.68,9.183616,1,1,0,0,0,1,1,1,0,0,22.14611,0,1,1,0,0,1,0,0,1
0,7,29958.36,13.88216,0,1,0,1,0,1,0,0,1,1,5.585004,0,1,1,0,0,0,1,1,0
0,1,33929.5,10.63565,0,0,1,0,0,1,0,1,0,1,8.940085,0,1,0,0,0,1,0,1,0
0,1,5782.82,11.35287,1,1,0,1,0,0,0,1,0,1,17.82124,1,0,0,1,0,0,0,0,1
0,0,47245.51,10.42305,0,1,1,1,1,0,1,0,0,0,8.522053,0,1,0,0,0,1,0,0,1
0,1,35261.47,9.83124,0,1,0,0,1,0,1,0,0,1,8.386909,0,1,1,1,0,0,0,0,1
1,0,53116.06,8.183544,0,1,0,0,1,0,0,1,0,1,10.52249,0,1,0,0,0,0,0,0,1
1,1,32014.25,4.649681,0,1,0,0,1,1,1,1,0,0,9.836216,1,0,1,0,1,0,0,1,0
1,4,18846.03,9.447787,0,1,1,0,1,1,0,0,1,1,10.85169,1,0,1,0,0,0,0,1,0
1,2,26639.43,8.834633,0,1,1,0,0,0,0,1,1,1,8.973181,0,1,1,0,0,1,0,1,0
1,0,31155.68,7.499758,0,1,1,1,0,0,0,1,1,0,14.17599,0,1,1,0,0,1,0,0,0
1,0,17089.71,4.280086,0,1,0,0,0,1,0,1,1,1,8.619877,1,0,1,0,1,0,0,1,0
1,1,67354.4,6.965079,1,1,1,0,0,0,0,1,0,0,17.91527,1,0,0,0,1,0,0,1,0
0,1,43415.81,11.16639,1,1,1,0,0,0,1,1,0,0,8.113307,0,0,0,0,1,0,0,0,0
0,0,57549.87,10.34504,0,1,1,0,0,1,0,0,1,1,9.303687,1,0,0,0,0,0,0,0,1
1,0,14876.32,8.80007,0,1,1,0,1,0,1,0,0,1,3.840589,1,0,1,0,0,0,1,1,0
1,2,16419.87,13.25797,0,1,1,0,0,1,1,1,1,0,5.142628,0,0,0,0,1,0,0,0,0
1,0,21028.18,14.10578,1,1,1,1,0,1,0,1,1,1,2.067128,0,1,1,1,0,0,0,1,0
0,0,901.21,12.38127,1,1,1,0,1,0,1,0,0,0,18.96848,0,1,1,1,0,0,0,1,0
1,3,25340.62,7.603034,2,0,0,1,0,0,1,0,1,0,16.81789,1,0,1,0,0,0,0,1,0
1,1,38566.88,7.062036,0,1,1,0,1,1,0,1,1,0,18.529,1,0,1,0,0,1,0,1,0
1,4,55179.21,6.529096,0,1,0,1,0,1,0,1,1,1,14.39213,0,0,0,0,0,0,0,1,0
1,6,39328.19,12.72846,1,0,0,0,0,1,0,1,1,1,8.457034,0,1,0,0,0,0,0,0,1
0,2,27800.88,13.85374,2,1,0,0,0,0,0,0,0,1,9.24589,0,0,1,0,1,0,0,0,1
1,4,62362.09,8.889321,2,1,0,0,0,0,0,1,0,0,3.680185,0,1,0,0,0,1,0,1,0
0,0,34835.04,7.255194,0,1,0,0,0,0,0,0,1,1,16.82081,0,1,1,0,0,0,0,0,1
1,2,23000.55,5.6162,2,1,1,1,0,1,0,1,0,1,1.025579,0,1,0,0,0,0,0,0,0
0,0,13683.98,9.842896,0,1,0,0,0,0,0,1,0,1,15.02441,0,0,1,1,0,0,0,0,1
0,1,20236.81,12.15458,0,1,1,0,1,0,1,0,0,0,2.440244,0,1,0,0,1,0,0,0,1
0,0,40019.17,8.978709,0,1,0,0,1,1,0,0,0,0,7.409027,1,0,1,0,0,1,0,0,1
1,2,28664.45,5.071108,0,1,0,0,1,0,0,0,1,0,3.148665,1,0,0,0,0,0,1,1,0
0,0,22793.73,11.98305,1,1,1,1,1,1,0,1,0,1,29.62966,0,1,0,1,0,0,0,0,1
1,0,20985.69,8.552086,0,1,0,1,1,0,1,1,1,0,4.044209,0,1,0,0,0,0,1,0,0
0,0,10072.69,12.96774,0,1,1,1,1,1,0,0,0,1,22.73656,0,1,0,0,0,0,0,1,0
1,2,20613.16,6.252401,0,1,0,1,0,0,1,1,0,0,2.917886,1,0,1,0,1,0,0,1,0
0,2,56002.38,5.707982,0,1,0,0,1,1,0,1,0,0,13.08213,0,1,0,0,0,0,0,0,1
1,2,24372.17,8.613955,0,1,1,0,1,1,0,1,1,0,1.740144,0,0,0,0,0,0,0,0,0
1,1,59010.69,12.671569999999999,0,1,1,1,0,0,0,1,1,1,9.470798,0,1,0,0,1,0,0,1,0
0,1,46199.89,10.45992,1,1,1,1,0,0,0,0,0,0,2.476217,0,1,1,0,0,0,1,0,0
0,3,17306.82,6.847776,0,1,1,0,1,0,1,1,0,1,9.05316,0,0,1,0,0,0,0,0,0
0,1,8257.65,13.93304,1,1,0,1,1,1,1,1,0,1,10.86199,0,0,1,0,0,0,1,0,1
1,1,45016.56,10.94745,0,1,0,0,1,0,1,1,1,0,7.990345,1,0,0,0,1,0,0,1,0
1,0,37928.26,6.726035,0,0,1,1,0,1,0,1,1,0,1.442102,0,0,0,0,0,0,1,0,1
0,4,40826.44,7.683895,1,1,0,0,0,0,0,0,1,1,10.89683,0,1,1,0,0,0,1,0,0
1,3,49535.29,13.56355,0,1,1,1,1,1,1,1,0,1,6.905862,1,0,1,0,1,0,0,1,0
0,4,14113.73,10.59909,0,1,1,1,0,0,1,1,0,1,22.31932,0,0,1,1,0,0,0,1,0
1,0,63348.18,7.353978,0,0,1,0,0,1,0,0,1,1,4.984918,1,0,1,0,0,1,0,1,0
1,0,17104.77,8.738173,0,1,1,1,0,0,0,1,0,0,10.45497,0,0,0,0,0,0,0,1,0
0,3,23481.88,6.923674,0,1,0,1,1,0,1,0,1,0,18.81683,0,1,1,1,0,0,0,0,0
0,1,17100.24,9.040639,0,0,0,0,0,1,0,0,1,1,9.817033,0,0,1,0,1,0,0,0,0
0,1,12652.67,8.2494980000000009,0,1,0,1,0,0,0,1,0,1,1.280324,0,1,0,0,1,0,0,0,0
1,4,19685.04,15.8001,0,1,1,0,0,1,1,1,0,1,13.43811,1,0,0,0,0,0,1,1,0
0,0,42613.78,11.10537,0,1,1,1,1,0,1,0,0,0,12.50419,1,0,1,1,0,0,0,0,1
0,0,4397.39,11.2971,1,1,0,0,1,0,1,0,1,0,7.35817,0,1,1,0,0,1,0,1,0
1,0,27105.8,7.526996,1,1,1,0,1,0,0,0,0,0,7.744129,0,1,1,0,1,0,0,1,0
0,4,20552.64,11.71667,0,1,0,1,1,0,0,0,1,1,16.79677,0,0,0,1,0,0,0,0,1
0,3,12188.82,8.063233,1,1,0,1,0,0,1,1,0,1,1.311693,0,1,0,1,0,0,0,0,0
1,4,24625.37,10.06942,1,1,1,0,0,1,0,1,0,1,6.960522,1,0,0,0,0,0,1,1,0
1,3,7418.73,8.417611,0,0,1,1,1,1,0,1,1,1,5.525134,0,1,1,0,0,1,0,1,0
1,6,25696.67,7.655763,1,1,1,0,1,1,0,0,1,1,10.29048,1,0,0,0,0,0,0,1,0
0,1,26594.83,8.578558,0,1,0,0,1,0,1,0,1,1,18.32904,1,0,1,0,0,1,0,0,1
1,2,24431.39,9.044468,0,1,1,0,0,1,1,1,0,1,1.794202,1,0,0,0,1,0,0,0,1
0,0,67833.88,10.84353,0,1,0,1,1,1,1,0,0,0,16.38978,1,0,1,0,0,0,1,0,1
0,4,39258.2,12.23081,0,1,1,1,0,0,1,0,1,0,22.34478,0,1,1,0,0,0,1,1,0
1,0,51872.86,10.35484,0,1,1,1,1,0,1,0,1,0,12.91538,0,1,0,0,0,0,1,1,0
0,4,38585.6,12.38931,0,1,1,0,1,0,0,0,0,0,15.2121,0,1,0,0,1,0,0,0,1
0,0,60239.95,6.304689,0,1,0,1,0,1,0,0,1,1,11.64744,0,1,0,0,0,1,0,0,0
0,1,47017.43,12.82818,0,1,0,0,0,1,0,0,0,1,25.72493,0,1,0,1,0,0,0,0,1
1,1,11250.31,10.42511,0,1,1,0,0,0,0,1,1,1,1.393262,0,1,1,1,0,0,0,0,1
1,0,70435.61,12.17307,0,1,1,0,0,0,0,1,0,1,12.173,1,0,0,1,0,0,0,1,0
0,2,12861.54,9.308406,1,1,1,1,0,0,1,0,0,0,8.909806,1,0,1,0,1,0,0,0,1
0,2,40879.22,10.82274,0,1,0,0,0,0,0,0,0,1,10.48608,0,1,0,0,0,0,1,1,0
0,4,44462.77,13.03399,0,1,0,0,0,0,1,0,0,0,19.26465,1,0,1,1,0,0,0,1,0
1,1,31614.26,14.64439,1,1,0,0,0,0,0,1,1,0,6.24751,0,0,0,0,0,0,0,1,0
1,0,20306.89,9.811647,0,1,0,0,1,1,1,0,1,1,10.02603,0,0,0,0,0,1,0,1,0
1,0,61478.9,13.91858,1,1,0,0,0,1,0,0,1,0,28.22989,1,0,0,1,0,0,0,1,0
0,1,81376.2,9.650519,2,0,1,0,1,0,1,0,0,1,7.617535,1,0,0,0,0,0,1,0,0
0,6,46435.57,13.58247,0,1,0,1,0,1,1,0,0,0,20.58561,0,1,1,1,0,0,0,0,0
0,5,40402.71,6.136428,0,1,1,0,1,1,0,0,0,1,12.359,1,0,0,0,1,0,0,1,0
0,0,11476.29,9.656318,0,1,0,1,0,0,0,0,0,1,8.437873,0,0,0,0,0,0,0,0,1
1,2,9336.09,14.27424,0,1,1,0,1,1,1,0,1,1,14.01692,1,0,1,0,1,0,0,1,0
0,0,71113.67,11.26128,0,1,0,0,0,1,0,0,0,1,4.148103,0,1,1,0,0,1,0,0,0
1,0,46183.09,8.650145,0,1,1,0,0,1,0,1,1,1,8.867664,0,1,1,0,0,0,1,1,0
1,0,90253.73,10.96431,0,1,0,0,1,0,1,0,1,1,6.663036,1,0,0,0,0,1,0,1,0
0,4,57292.08,9.906298,0,1,1,0,0,0,0,0,0,1,1.563383,1,0,1,0,0,0,0,0,0
1,2,42550.92,9.513517,1,1,1,1,1,0,1,1,1,1,13.75426,0,1,0,1,0,0,0,1,0
1,0,38411.45,8.846501,0,1,1,0,0,1,0,1,1,0,2.367066,1,0,0,0,1,0,0,1,0
0,1,51136.82,4.791388,0,1,0,1,0,1,1,0,0,1,2.333094,0,1,0,0,0,1,0,1,0
1,0,31609.92,8.776267,1,1,1,0,0,0,1,1,1,1,1.768753,0,0,1,0,0,0,0,0,1
1,2,61843.65,7.89302,2,1,1,0,1,0,1,0,1,0,18.25291,0,0,0,0,0,0,0,1,0
0,4,5952.44,8.355446,0,1,0,1,0,1,1,0,0,0,1.275948,0,0,0,1,0,0,0,1,0
1,1,54507.42,6.322552,0,1,1,1,0,0,1,1,1,0,29.95876,0,1,1,1,0,0,0,1,0
0,4,62656.2,9.916894,0,1,0,0,0,1,0,1,0,0,2.073632,1,0,1,0,0,0,0,0,1
0,2,41577.62,10.1125,0,1,0,0,1,0,0,1,0,1,10.49402,1,0,1,0,0,1,0,0,0
1,2,24128.19,10.53533,0,1,0,0,1,1,1,0,1,1,7.674186,0,0,1,0,0,0,0,1,0
0,1,40835.59,8.848665,0,1,1,0,0,1,0,0,1,0,16.75789,1,0,1,0,1,0,0,0,1
0,2,27065.94,10.79675,0,1,1,0,0,1,1,1,0,1,30.82191,0,0,0,0,1,0,0,1,0
1,5,47950.33,11.70586,1,1,0,0,0,0,0,0,1,1,7.8432,0,1,1,1,0,0,0,1,0
1,1,36598.52,10.76274,1,1,1,1,0,1,1,1,0,1,5.150963,0,0,0,0,0,1,0,1,0
1,3,20980.42,9.720452,1,1,1,0,1,1,0,1,1,1,24.2732,0,1,1,0,0,1,0,1,0
0,3,6315.61,7.590769,1,0,1,1,0,1,0,1,1,1,9.38517,0,1,1,0,1,0,0,0,0
1,2,36966.64,8.401275,0,1,0,0,0,1,0,1,1,1,1.37258,0,0,0,1,0,0,0,0,1
0,4,18377.18,13.42037,0,1,0,0,0,1,1,0,0,0,1.84687,0,1,1,0,1,0,0,0,0
0,0,21200.76,13.4046,1,1,1,1,0,0,1,0,0,1,6.554584,0,0,0,0,0,0,1,0,0
1,0,47958.56,10.47559,0,1,1,0,0,1,0,1,0,1,2.599617,0,0,1,1,0,0,0,1,0
1,0,30462.45,10.7882,0,1,0,0,1,1,1,1,0,0,2.827378,1,0,0,0,1,0,0,1,0
1,2,20382.46,9.545723,0,1,1,1,1,1,0,0,1,1,16.12971,1,0,0,0,0,0,1,1,0
0,0,41658.22,12.06193,0,1,1,0,0,1,0,0,0,0,23.9038,1,0,1,0,1,0,0,1,0
0,0,35311.08,11.88241,1,1,0,1,1,0,1,0,1,0,1.73409,0,1,0,1,0,0,0,1,0
0,2,9961.23,16.08459,2,0,0,0,0,1,0,0,0,1,17.45182,0,1,0,0,0,0,1,0,0
0,4,6742.39,10.33351,0,1,0,0,1,1,0,1,0,1,10.00949,0,0,0,0,0,0,0,0,1
0,4,39377.62,8.983351,1,1,0,1,1,1,1,0,0,0,15.81095,1,0,0,0,1,0,0,0,0
1,4,77380.28,10.7808,0,1,1,0,0,0,0,1,1,1,4.310974,0,1,1,1,0,0,0,0,1
1,0,40628.46,12.11645,0,1,0,1,0,1,1,1,0,1,1.200106,0,1,1,0,0,0,1,1,0
1,5,29680.81,8.997143,0,1,1,0,0,1,1,1,0,1,1.99818,0,1,1,1,0,0,0,1,0
0,1,35023.76,6.530306,1,1,0,1,1,0,0,0,0,1,16.93745,0,1,1,0,0,0,1,0,0
1,3,14527.8,9.976783,0,1,0,0,0,0,1,1,1,0,13.05373,0,1,0,0,0,0,0,1,0
0,3,38936.96,10.54543,1,1,1,0,0,1,0,1,0,1,3.533323,0,1,0,0,1,0,0,1,0
0,0,27832.64,9.824765,1,1,0,0,1,0,0,0,0,1,2.888303,0,1,1,0,0,0,0,0,0
1,3,44711.74,11.79632,0,1,0,1,0,0,0,1,0,0,6.307859,0,0,1,0,0,0,0,1,0
1,0,7004.93,6.914264,0,1,1,0,1,1,1,0,0,1,4.812563,1,0,1,0,0,1,0,1,0
0,1,52374.17,12.83511,1,1,1,0,0,1,0,1,1,1,6.652608,0,1,1,0,1,0,0,0,0
1,2,20246.17,9.072518,0,1,1,1,0,1,0,1,0,1,7.900866,0,1,1,0,1,0,0,1,0
0,3,18373.26,6.015014,0,1,0,0,0,0,0,0,1,1,4.245295,0,1,0,0,0,0,1,1,0
0,3,35087.57,4.641244,1,1,0,0,1,0,1,1,1,1,10.0496,0,0,1,0,0,0,0,0,0
1,6,4566.8,12.25739,0,1,1,0,0,1,0,0,1,1,4.469398,0,0,0,0,0,0,0,1,0
0,3,77277.55,13.77913,0,1,0,1,1,0,1,0,1,1,10.59491,0,1,1,0,0,0,0,1,0
1,1,15205.14,15.12772,0,1,1,0,1,1,1,1,1,0,6.71156,0,0,1,1,0,0,0,0,0
0,1,32982.82,14.32552,0,1,0,0,0,0,0,0,1,1,5.25157,1,0,1,0,0,0,0,0,1
0,3,13139.33,9.181711,0,0,1,0,1,1,0,0,0,1,16.4299,0,1,0,0,1,0,0,1,0
1,1,48293.12,11.58885,0,1,0,1,0,1,0,1,1,0,7.896371,1,0,0,0,0,1,0,1,0
1,2,10487.07,9.235801,0,0,1,0,0,0,1,1,1,1,3.700985,0,1,0,0,0,0,0,1,0
0,0,25280.79,12.03055,1,1,0,0,0,0,0,0,1,0,17.26451,1,0,0,0,1,0,0,0,0
0,2,58622.05,7.701754,0,1,1,0,1,0,0,0,1,0,16.5852,1,0,0,0,0,0,0,0,1
1,3,70321.71,12.99114,1,1,0,1,1,1,1,1,0,0,4.617824,0,1,0,0,0,0,1,1,0
0,2,16538.08,11.55503,0,1,0,0,1,0,1,1,0,1,2.237975,0,0,1,0,0,0,0,0,0
0,1,60280.07,5.547264,2,1,0,1,0,0,1,1,0,1,23.86996,1,0,0,0,0,1,0,1,0
0,4,23624.9,9.360451,2,1,0,0,0,0,1,1,0,1,8.756923,0,1,0,0,0,1,0,1,0
0,0,46431.14,5.272185,0,1,1,0,1,1,0,0,1,0,5.874949,1,0,1,1,0,0,0,0,0
0,2,58988.72,12.18282,0,0,0,1,1,0,1,1,0,1,7.238006,1,0,0,1,0,0,0,0,0
0,5,67537.98,10.68361,0,1,0,1,0,1,0,1,0,0,5.449246,0,0,1,1,0,0,0,1,0
0,1,4480.29,7.043901,0,0,0,0,0,0,0,0,1,1,5.614074,1,0,1,0,1,0,0,0,1
1,4,80674.2,11.83935,1,1,1,0,0,1,0,1,1,1,10.06395,0,0,0,1,0,0,0,0,0
0,2,67090.95,16.16998,0,1,1,1,0,0,0,0,0,0,22.12945,0,1,0,1,0,0,0,0,1
0,0,22420.64,9.097873,0,0,0,0,0,0,0,0,0,1,15.51392,0,0,0,0,0,0,1,0,1
1,1,75633.41,12.41174,1,1,0,1,1,1,0,0,1,0,4.526424,1,0,0,0,1,0,0,0,0
1,1,18944.96,11.64528,1,1,0,0,1,1,0,1,0,1,6.183692,0,1,0,1,0,0,0,1,0
1,0,8840.8,8.721081,0,1,0,1,1,1,1,1,1,1,17.27999,0,1,1,0,0,0,0,1,0
0,0,40316.05,15.35399,0,1,0,0,1,1,1,1,0,1,3.628867,0,1,0,0,0,1,0,0,1
0,1,29693.07,12.20093,0,1,0,0,1,0,1,0,0,1,4.888977,0,1,0,1,0,0,0,1,0
0,0,18677.06,5.566881,0,1,0,0,0,0,1,1,0,1,4.431604,0,0,0,1,0,0,0,1,0
0,1,18549.91,15.31929,0,1,1,0,0,0,0,1,1,1,8.377189,0,1,1,0,0,1,0,0,1
1,0,50263.94,10.2098,1,1,1,1,0,1,0,0,1,1,21.09953,1,0,0,0,0,0,0,1,0
1,1,18967.02,8.659247,0,1,1,1,1,1,0,0,1,1,1.989684,0,1,1,1,0,0,0,0,1
1,3,57675.63,12.84399,0,1,1,0,0,1,1,0,1,1,17.55759,1,0,0,0,0,0,0,1,0
0,1,40279.05,10.19629,1,1,1,1,1,0,0,0,0,0,10.55294,0,1,0,0,0,1,0,0,0
1,4,33868.71,14.47447,1,1,0,1,1,0,0,1,0,0,8.436679,0,0,1,0,0,0,0,1,0
1,1,48969.64,9.289829,0,1,0,0,0,0,0,0,1,0,15.2198,0,1,1,0,0,1,0,1,0
1,4,22041.71,10.00097,0,0,0,1,0,0,0,0,1,1,9.436909,0,1,0,0,0,0,0,1,0
1,3,25491.07,17.44685,0,1,1,0,0,1,0,0,1,0,13.50244,0,1,0,0,0,0,1,1,0
1,2,23705.5,10.81239,1,1,0,0,1,1,0,1,0,0,1.717359,1,0,0,0,0,0,0,0,1
1,0,16680.61,4.06556,1,1,1,1,0,0,0,0,1,1,2.199825,0,1,1,1,0,0,0,1,0
1,4,18347.2,11.30999,0,1,1,0,0,1,0,1,1,1,10.39542,0,0,1,0,0,0,0,0,1
1,3,41305.01,10.98554,0,1,1,0,1,1,0,0,1,0,9.026366,0,0,1,0,0,0,1,1,0
0,0,66284.45,10.44775,1,1,0,0,0,1,1,0,0,1,1.500082,0,0,1,0,1,0,0,0,0
1,3,68024.79,6.654657,0,1,0,0,0,1,1,1,1,0,4.243723,0,1,1,0,0,0,1,1,0
1,1,53148.58,10.27957,0,1,0,0,0,0,0,1,0,1,1.736879,0,0,1,0,1,0,0,1,0
1,5,20473.21,16.84547,0,1,1,1,0,1,0,1,0,0,7.359812,0,0,1,0,0,0,0,0,1
0,2,42461.74,14.62764,1,1,0,1,1,1,1,0,1,1,17.98715,0,0,1,0,0,0,0,0,0
0,5,18437.44,9.653367,0,1,0,1,1,1,0,1,0,1,25.68869,0,1,0,0,0,1,0,1,0
0,2,30615.01,12.1002,0,0,0,0,1,0,0,0,1,0,16.21818,0,1,0,0,0,0,1,0,0
1,1,22641.64,8.90737,0,1,1,1,1,1,0,1,0,0,1.13143,0,1,0,0,0,1,0,1,0
1,3,19713.67,11.38017,0,1,1,0,1,1,0,0,1,0,6.472433,0,0,0,0,0,0,1,1,0
0,0,34970.28,7.131124,0,1,1,1,0,0,0,0,1,1,3.155929,1,0,1,0,0,0,0,0,1
0,2,23901.05,9.31691,0,1,1,0,1,1,0,1,0,1,4.448953,0,0,0,0,0,0,1,0,1
1,4,23089.13,12.33102,0,1,0,0,0,1,0,0,1,1,8.962034,0,1,0,0,0,1,0,0,1
1,5,45251.32,9.532535,0,0,1,1,1,0,1,1,1,0,1.796113,0,0,1,0,0,0,0,0,1
1,0,52581.07,8.855708,0,1,1,1,0,0,1,0,1,0,2.972634,0,1,1,0,0,1,0,1,0
1,0,5676.28,7.427575,0,1,1,1,1,0,0,1,1,0,2.945436,0,1,1,1,0,0,0,0,1
0,2,56144.7,9.093452,2,1,0,0,1,1,1,0,0,1,5.294527,0,0,1,0,1,0,0,0,1
0,2,34476.83,13.64111,0,1,1,0,0,0,0,1,0,0,6.128314,0,0,1,0,1,0,0,0,1
0,5,39968.02,11.86197,0,0,0,0,1,0,1,1,0,1,4.213099,0,0,0,0,0,0,0,0,0
0,3,23584.78,7.88571,1,1,1,1,1,1,1,1,0,1,23.22012,1,0,1,0,0,0,0,0,0
0,5,23841.62,13.207090000000001,0,1,0,0,0,0,0,0,1,1,13.81356,0,1,0,1,0,0,0,0,0
1,1,7858.21,10.3891,0,1,0,0,0,0,0,1,0,0,7.923777,0,0,0,1,0,0,0,1,0
0,4,30262.99,6.228557,0,0,0,1,0,0,0,1,1,0,1.992273,0,1,0,0,0,0,1,0,0
0,3,31246.64,11.28384,0,1,0,0,0,0,0,1,1,0,14.60084,0,1,1,0,0,1,0,0,0
1,1,23454.98,5.371834,0,1,0,1,1,0,0,1,1,1,6.512117,0,1,1,0,0,0,1,0,1
1,1,28125.61,6.185,0,0,1,1,0,1,1,1,0,1,16.15139,0,1,1,1,0,0,0,1,0
1,2,20465.98,10.10886,1,1,0,0,0,0,1,0,1,1,8.257765,0,0,1,0,0,0,0,1,0
1,1,22540.94,5.269672,0,1,0,0,0,0,0,0,1,0,7.193929,1,0,1,0,0,1,0,0,0
1,0,21497.29,12.15104,1,1,1,0,0,1,0,1,1,1,8.527084,0,1,0,0,0,0,0,0,0
0,1,24700.6,6.162241,0,1,0,1,0,0,1,1,0,0,11.84082,0,1,0,0,1,0,0,0,0
1,3,20319.77,9.217962,0,0,0,0,0,1,1,1,1,1,3.660516,0,1,0,0,1,0,0,0,1
1,1,46273.12,12.10772,0,1,0,1,0,0,1,1,0,0,12.22942,1,0,0,1,0,0,0,0,1
0,2,34257.36,11.78093,0,1,1,0,1,1,0,1,0,1,16.57284,0,1,0,0,0,0,1,0,1
0,1,34162.04,5.57327,1,1,0,0,1,0,0,1,1,1,8.295192,0,1,1,0,0,0,0,0,0
1,0,66664.82,3.27964,0,1,1,1,0,1,1,1,1,1,11.38275,0,1,0,1,0,0,0,1,0
1,1,40411.35,3.059459,0,1,0,1,0,1,0,1,1,1,6.780515,0,1,0,0,0,0,1,1,0
1,4,70844.17,9.367555,1,1,1,0,0,0,0,1,0,1,8.27839,0,1,1,1,0,0,0,1,0
0,0,58049.87,12.01958,0,1,1,1,0,0,0,1,0,1,1.835564,0,1,1,0,1,0,0,0,0
0,2,32423.61,12.7185,0,1,1,1,0,0,0,0,1,0,10.44767,1,0,0,0,0,0,1,0,0
0,1,9534.08,5.737969,1,1,0,1,1,1,0,0,0,1,3.122125,0,1,1,1,0,0,0,0,1
1,0,16895.6,7.618887,0,1,1,0,0,1,0,0,1,1,10.49269,1,0,1,1,0,0,0,1,0
1,1,23624.66,11.26555,0,1,1,0,0,1,1,0,1,1,5.679237,0,1,0,1,0,0,0,1,0
1,6,13332.2,8.304309,1,1,1,0,0,0,1,0,0,1,10.68972,0,1,0,0,0,0,1,1,0
0,3,27065.38,4.823366,0,1,1,0,1,1,1,1,0,1,2.210399,0,1,0,0,0,0,1,0,0
1,4,34193.65,10.67666,0,1,1,0,1,0,0,0,0,1,13.09427,1,0,0,0,0,1,0,1,0
0,1,5189.69,8.630403,1,1,1,0,0,0,0,0,1,1,6.246939,0,1,0,0,0,1,0,0,0
1,1,80678.93,4.509935,0,1,0,0,1,1,0,1,0,1,9.30555,0,1,0,1,0,0,0,1,0
1,0,31249.18,5.959998,0,1,1,1,1,0,0,1,1,0,18.55263,0,0,0,0,0,0,1,1,0
0,2,35453.68,10.90456,0,1,0,1,0,0,0,1,0,0,13.12228,1,0,1,0,0,1,0,1,0
0,3,25946,11.44963,0,0,0,0,0,0,0,0,0,0,10.51089,1,0,1,0,0,0,0,0,0
1,1,35334.17,11.17062,1,1,1,1,1,0,1,0,1,1,12.81579,1,0,1,0,0,1,0,1,0
0,3,15826.38,7.365589,0,1,1,1,1,0,0,0,0,0,11.16354,0,1,0,0,0,0,1,1,0
0,4,21603.64,11.35748,0,1,1,1,0,1,0,1,0,1,12.01983,1,0,1,0,0,1,0,0,1
0,0,51354.08,9.635516,0,1,0,0,1,0,0,0,1,1,6.021823,0,1,1,0,0,0,1,1,0
0,1,17993.91,13.45991,0,1,1,0,0,0,1,0,1,1,23.99384,1,0,0,1,0,0,0,0,1
0,0,18914.81,9.22053,1,1,1,1,0,0,0,0,0,1,18.47356,1,0,0,0,1,0,0,1,0
0,0,63735.08,8.63279,2,1,0,1,0,1,0,1,0,0,14.62117,0,0,1,0,0,0,1,0,1
0,1,82308.64,11.48109,0,1,1,0,0,0,0,1,0,1,12.95415,0,0,0,0,0,0,0,0,1
0,1,9120.65,9.850349,1,1,1,0,0,0,1,0,0,0,3.588245,0,0,1,0,0,1,0,0,0
0,4,27485.23,6.257899,1,1,0,0,1,1,1,1,0,0,14.36866,0,1,0,0,0,0,0,0,0
1,3,73686.44,10.45045,0,1,0,0,1,1,1,0,0,1,6.30655,1,0,0,1,0,0,0,1,0
0,2,58508.34,9.21677,0,1,0,0,1,0,1,1,1,0,18.94429,0,0,0,0,0,0,0,1,0
0,1,45196.73,10.30116,0,1,0,0,1,1,0,1,0,0,3.474901,0,1,0,0,0,0,1,1,0
1,0,50520.8,11.91801,1,1,1,0,1,1,1,0,1,1,3.341126,0,1,1,0,0,1,0,1,0
0,1,38764.7,8.73353,1,1,0,0,1,0,0,0,0,1,6.487048,0,0,1,1,0,0,0,0,0
0,3,52141.38,4.984535,2,1,0,0,0,1,1,0,1,1,20.32585,0,0,0,0,0,0,1,0,0
1,2,62480.22,9.818035,0,1,0,0,1,0,1,1,0,0,12.24637,1,0,0,1,0,0,0,0,1
0,2,51380.67,12.22851,1,1,0,1,1,0,0,0,1,1,4.833414,0,1,1,0,0,1,0,1,0
0,3,29305.72,11.64795,0,1,1,1,0,0,1,0,0,1,5.705638,0,1,1,1,0,0,0,1,0
1,0,8716.91,10.37839,0,1,0,0,1,0,1,0,1,1,12.55315,0,1,0,0,0,0,0,1,0
1,1,9423.78,7.319997,0,1,0,1,0,1,0,0,1,1,1.059865,0,0,1,0,0,0,1,1,0
0,0,9396.05,12.55328,0,1,0,0,1,0,1,1,0,1,9.887746,0,0,1,0,1,0,0,0,1
1,2,61325.92,10.5802,0,0,0,0,0,0,0,1,0,1,5.954975,1,0,1,0,0,0,1,0,0
1,0,32202.44,14.08029,0,1,0,1,0,0,1,1,1,1,5.000016,1,0,0,0,0,0,0,0,0
1,4,68517.92,10.35591,2,1,0,0,0,0,1,1,1,1,3.469341,1,0,1,0,0,0,1,0,0
0,3,47120.5,12.24189,0,1,0,0,0,1,0,0,0,1,11.70115,0,1,1,0,0,0,1,0,1
1,1,29321.34,11.6262,0,1,1,1,1,0,0,1,1,0,4.995373,0,1,1,0,0,0,0,0,0
0,0,21988.64,10.25116,0,1,1,0,1,0,1,0,1,1,11.56278,0,1,1,0,0,0,1,0,1
0,2,32355.4,11.57381,0,1,1,1,1,1,0,0,0,1,13.03957,0,0,0,1,0,0,0,0,1
1,3,6624.45,13.42022,2,1,1,0,1,0,1,1,0,0,2.108436,0,0,1,0,1,0,0,1,0
0,0,97763.56,11.02021,0,1,0,1,1,0,1,0,0,1,4.848049,0,1,1,0,1,0,0,1,0
1,2,21837.62,12.5508,1,1,1,0,0,1,0,1,1,1,12.67943,0,0,0,0,0,1,0,0,1
0,2,44055.54,2.874643,0,1,0,0,1,0,0,1,1,0,7.837878,0,1,1,0,0,0,1,1,0
1,0,17442.95,6.80751,0,1,0,1,0,1,0,1,1,1,4.845811,0,1,0,1,0,0,0,1,0
0,5,24923.55,4.628556,1,1,1,1,0,0,0,0,1,1,3.852241,0,0,1,0,0,0,1,0,0
0,4,13638.96,9.108418,0,1,0,1,1,0,0,1,0,0,5.389466,1,0,1,0,1,0,0,0,0
0,0,14921.92,12.52668,1,1,0,1,0,0,1,1,0,0,10.93329,0,1,0,1,0,0,0,1,0
1,1,69293.12,12.84461,1,1,1,1,0,1,0,1,1,0,8.259716,0,1,0,0,1,0,0,0,0
1,0,3004.46,6.597598,0,1,0,1,1,0,0,0,1,0,3.157767,0,1,0,1,0,0,0,0,0
1,2,59780.22,14.413,0,1,1,0,0,0,1,0,1,1,2.185047,0,0,1,0,0,1,0,1,0
0,0,49295.81,11.05648,1,1,0,0,0,0,1,1,0,1,10.75614,0,0,1,1,0,0,0,1,0
0,0,23567.27,8.758616,2,1,0,0,1,0,0,1,1,0,5.447689,0,1,1,0,1,0,0,0,1
0,4,9612.82,9.329583,0,1,0,0,0,1,0,0,0,1,12.57563,0,1,1,1,0,0,0,1,0
0,4,15164.29,6.029026,1,0,0,1,1,0,1,0,1,1,7.606099,0,0,0,0,0,1,0,0,0
1,3,25315.36,9.909339,0,1,0,1,0,0,1,1,1,0,6.79324,0,0,1,0,0,0,0,1,0
0,1,48327.1,9.570126,0,1,1,0,0,1,1,1,0,1,21.0878,1,0,0,0,1,0,0,0,1
1,0,38793.75,11.31573,0,1,0,1,1,0,0,1,1,1,15.33274,0,1,1,0,0,0,0,1,0
0,2,58157.76,12.76234,1,1,1,0,0,0,0,1,0,1,11.47008,0,1,1,0,0,1,0,0,1
0,0,23706.3,7.834846,0,1,0,0,0,0,0,0,0,1,3.631024,0,1,0,0,0,1,0,1,0
1,3,30493.16,11.09531,0,0,0,0,0,0,1,1,1,1,27.0293,0,1,0,1,0,0,0,1,0
1,2,37555.8,5.561109,0,1,1,0,0,0,0,1,1,0,13.21554,1,0,1,1,0,0,0,1,0
0,3,68284.56,6.101071,0,1,1,0,0,0,1,0,0,0,8.0239,0,1,0,0,0,0,0,1,0
0,3,37185.6,12.98257,0,1,0,1,0,1,1,1,0,0,8.306218,0,1,0,1,0,0,0,0,1
1,1,56243.26,9.983208,0,1,1,0,0,0,0,1,1,0,3.600682,0,0,1,0,0,0,1,0,1
1,4,27102.45,11.61411,1,1,1,0,1,0,0,0,1,1,12.86853,0,0,1,0,0,0,1,1,0
0,1,27803.88,11.33707,0,1,1,0,1,0,1,1,0,1,9.546909,0,1,0,0,0,0,0,0,0
1,3,34421.07,9.974199,0,1,1,1,1,0,1,1,1,1,4.424083,0,0,0,1,0,0,0,1,0
1,3,43334.45,7.681019,0,1,1,0,0,0,0,1,0,0,1.462471,0,1,0,0,0,0,1,0,1
1,3,27777.59,6.327621,0,0,1,0,1,1,0,0,1,1,9.952476,0,0,0,1,0,0,0,1,0
0,0,19366.57,14.11844,0,1,0,1,1,0,0,1,1,0,1.133367,1,0,0,1,0,0,0,0,1
1,1,29044.8,9.651896,0,1,1,0,0,1,1,0,1,0,4.300397,0,1,1,0,1,0,0,1,0
0,7,63171.36,12.77256,0,1,1,0,0,0,1,1,0,1,8.24734,1,0,1,1,0,0,0,0,0
1,4,52931.37,11.35043,0,1,0,1,1,0,0,0,1,1,10.8754,1,0,0,1,0,0,0,1,0
1,3,35615.92,8.270725,1,1,1,0,1,1,1,0,0,1,6.067975,0,1,1,0,0,1,0,1,0
0,0,13002.99,11.39269,0,1,0,1,0,0,0,1,0,0,5.602813,0,1,0,1,0,0,0,1,0
0,2,17542.52,6.726676,0,1,1,0,1,1,1,0,1,0,9.938487,0,0,1,0,0,1,0,0,1
1,1,71560.17,8.989551,0,1,0,0,0,0,1,0,1,0,13.96391,1,0,0,0,0,0,1,0,0
0,1,10457.56,9.818493,0,1,0,0,1,0,1,1,1,1,9.841833,0,0,1,1,0,0,0,0,1
0,1,47106.04,12.54048,0,1,0,1,0,1,0,0,0,1,5.129029,0,0,0,0,0,0,0,0,1
0,4,6402.95,7.580234,1,1,1,0,0,0,0,1,0,1,3.612294,1,0,0,0,0,0,0,0,1
0,3,45142.5,13.1997,0,1,0,0,1,0,0,1,0,1,9.430096,0,1,1,0,1,0,0,0,1
0,4,38759.29,4.527242,1,1,1,0,0,0,1,0,1,1,6.699323,0,1,1,0,0,1,0,0,0
0,7,41195.08,14.83341,0,1,0,0,0,1,0,0,1,0,6.895966,0,0,0,1,0,0,0,0,1
1,1,45989.68,12.09619,1,0,1,0,1,1,0,1,1,1,16.56847,1,0,1,0,1,0,0,0,0
0,0,62894.22,6.601125,0,1,0,0,0,0,0,0,0,1,16.71459,1,0,0,1,0,0,0,0,1
0,4,66357.52,16.09553,0,1,1,0,1,0,0,0,0,1,2.458795,1,0,0,0,1,0,0,1,0
0,0,89957.16,10.32418,0,1,1,0,0,0,0,1,0,1,6.6307,0,1,0,0,0,0,1,1,0
0,4,9856.89,10.80585,0,1,1,0,0,1,0,0,0,1,2.984004,1,0,0,0,0,0,0,0,0
1,4,14834.59,8.868239,1,1,0,1,1,1,1,1,1,0,4.646695,1,0,1,0,1,0,0,0,0
0,1,13210.96,8.733741,0,0,0,0,0,1,1,0,0,1,22.24529,0,1,0,0,0,0,1,0,0
0,4,18608.64,7.364011,0,1,0,1,0,1,1,0,0,1,14.89363,0,0,0,1,0,0,0,1,0
0,1,11923.86,6.889062,1,1,0,0,0,1,1,0,0,1,19.6274,0,1,1,0,1,0,0,1,0
0,1,12005.02,7.580987,0,1,0,0,0,1,0,0,1,1,13.49323,0,0,1,0,1,0,0,0,0
0,2,31540.93,9.653612,0,1,0,0,0,0,0,0,1,0,12.69289,0,0,0,1,0,0,0,1,0
0,2,60364.04,10.82253,1,1,0,1,0,0,1,1,1,0,18.58829,0,1,1,0,0,0,0,0,1
1,2,5092.67,8.059068,1,1,0,0,0,1,0,1,1,1,14.34935,0,0,0,0,0,0,0,1,0
1,0,14973.52,8.226403,0,1,1,0,0,1,1,1,0,1,7.881289,1,0,1,1,0,0,0,1,0
0,2,33504.33,10.36695,0,1,0,1,1,0,1,0,1,0,10.76391,0,1,0,1,0,0,0,0,0
0,1,44312.5,11.00923,0,1,0,0,0,0,0,0,1,0,12.47148,0,1,1,0,0,0,0,0,0
0,4,29125.59,13.03944,0,1,0,1,1,1,0,1,0,1,8.387102,0,1,1,0,0,0,0,0,1
1,0,34797.6,11.76312,1,1,1,0,1,1,0,0,1,0,12.89076,0,1,0,0,0,1,0,1,0
1,1,29268.79,6.146076,1,0,1,0,1,0,0,0,0,0,6.726078,1,0,1,0,1,0,0,1,0
0,1,14468.95,9.92622,0,1,0,1,0,1,0,0,0,1,14.72164,0,0,1,0,0,0,0,0,1
1,5,54794.23,2.747035,1,1,1,0,1,1,1,0,1,1,6.915354,0,1,1,0,0,0,0,0,0
1,3,45288.02,12.2307,2,1,1,0,1,0,0,0,1,1,12.23126,0,0,0,0,0,0,0,0,0
0,2,22137.33,6.018375,0,1,0,1,0,1,0,1,0,1,11.26136,0,1,1,1,0,0,0,1,0
1,0,32713.07,12.54931,0,1,1,0,0,1,0,1,1,1,9.448434,0,1,1,0,0,1,0,1,0
0,4,29090.38,12.76686,0,1,0,0,1,1,0,0,1,1,21.25517,0,1,0,1,0,0,0,1,0
0,3,30454.69,6.407701,0,1,0,1,0,0,1,0,0,0,5.669803,1,0,1,0,0,1,0,1,0
0,3,17549.51,6.838437,1,0,0,0,1,1,0,1,0,0,13.09678,0,0,0,0,0,0,1,1,0
0,2,2439.79,5.754038,0,1,0,0,0,0,1,1,0,1,6.224413,0,1,1,0,0,0,1,0,1
0,4,38731.74,12.99932,0,1,0,0,1,0,0,1,0,1,16.25655,0,0,0,1,0,0,0,0,1
1,3,19739.42,9.995799,0,1,0,0,0,0,1,1,1,0,10.74959,0,1,0,1,0,0,0,1,0
0,1,17241.1,9.959938,1,1,1,0,1,1,1,1,0,1,16.42222,0,1,0,1,0,0,0,0,0
0,1,36384.55,8.967992,0,1,1,1,1,1,1,0,0,0,5.585075,0,1,1,1,0,0,0,1,0
0,5,8168.76,6.991807,0,1,0,0,1,0,0,1,0,0,3.583025,0,1,1,0,0,0,1,1,0
1,3,79117.6,11.14249,0,1,0,0,0,0,0,0,0,0,2.457741,1,0,0,0,1,0,0,1,0
1,0,36415.41,5.620259,0,1,0,1,1,0,1,0,1,1,5.006746,1,0,1,1,0,0,0,1,0
1,0,6528.33,5.902462,0,1,1,1,1,1,1,1,0,1,17.53363,1,0,0,0,0,0,0,1,0
0,0,47375.49,11.62995,1,1,1,1,1,1,0,1,1,0,11.9781,0,0,1,0,1,0,0,0,1
0,1,26040.67,12.19992,0,1,0,1,0,1,0,0,0,1,21.06329,0,1,1,0,0,0,0,1,0
0,1,29321.73,9.702895,2,1,0,0,1,1,1,0,1,0,3.109148,0,1,0,0,1,0,0,0,1
0,4,13029.09,4.575379,0,0,1,1,1,0,0,1,0,0,10.16511,1,0,1,0,0,0,0,0,0
0,0,39940.05,10.06356,1,1,1,0,1,0,0,0,0,1,1.717806,1,0,0,0,0,0,1,0,1
0,1,34293.99,8.327232,0,1,0,1,1,1,1,0,1,1,2.224742,1,0,1,0,0,0,0,0,0
1,0,98436.93,11.2239,0,1,1,1,1,1,1,1,0,1,4.847252,0,1,0,0,0,1,0,1,0
0,1,23241.01,12.80332,1,0,1,0,1,1,0,0,1,0,1.200249,1,0,1,0,0,0,1,0,1
1,2,65905.54,12.21062,0,1,0,1,1,1,0,0,1,1,5.656086,0,0,1,0,0,0,1,1,0
1,3,24271.95,7.262788,1,1,1,1,0,0,1,0,1,0,8.840599,0,1,0,0,0,0,1,1,0
0,4,10192.04,8.601513,0,1,1,0,0,1,0,0,0,0,22.38582,0,1,0,0,1,0,0,1,0
1,3,6932.32,8.665467,0,1,1,0,0,1,1,1,1,0,9.417302,1,0,0,0,0,0,1,1,0
0,4,23502.47,10.65341,1,1,0,1,0,0,0,0,1,1,4.278907,0,0,0,0,0,0,1,1,0
0,2,33172.33,12.47288,0,1,0,1,1,1,0,1,0,0,4.799511,0,1,1,0,0,0,1,0,1
1,1,16447.16,8.521897,0,1,0,0,0,1,0,1,0,1,32.97693,0,1,1,0,1,0,0,1,0
0,0,41899.29,9.283462,0,1,0,0,0,1,1,1,1,1,12.05316,1,0,0,1,0,0,0,0,1
0,3,9791.48,11.15522,0,1,0,1,0,0,0,0,0,0,7.129721,0,1,0,1,0,0,0,1,0
0,4,13656.87,6.471399,0,1,1,0,0,1,0,0,1,0,15.23335,0,1,1,0,0,0,1,0,0
0,1,33138.54,7.197275,0,1,1,0,1,0,1,0,0,1,4.273105,0,0,0,0,0,0,0,1,0
0,1,23661.52,11.34425,0,1,0,0,1,1,0,0,1,1,13.19046,1,0,1,0,0,0,0,0,1
0,1,91022.36,15.16412,0,1,0,0,1,1,1,0,0,0,10.91353,0,1,1,0,0,1,0,1,0
1,1,17670.66,6.969893,0,1,0,0,1,0,1,1,1,1,10.3362,1,0,1,0,0,0,1,1,0
1,3,34492.59,6.850694,0,1,1,0,0,1,1,0,1,1,12.24574,1,0,0,0,0,0,1,0,1
0,3,12530.16,4.585813,2,1,0,0,1,0,0,0,1,0,13.62126,0,1,0,1,0,0,0,0,0
0,1,55438.14,11.02008,1,1,0,0,0,1,1,0,1,1,12.73029,1,0,1,1,0,0,0,0,1
0,1,1722.01,5.672009,1,1,1,1,0,0,0,0,0,0,15.38202,0,1,1,0,0,0,0,0,0
0,0,55046.63,11.41187,0,0,0,0,1,0,1,0,1,0,7.513611,0,0,1,0,1,0,0,0,0
0,3,15469,9.593637,1,1,1,1,0,0,1,0,1,1,6.611955,0,1,0,0,1,0,0,1,0
0,2,78059.33,6.165032,0,1,0,1,1,1,1,0,1,0,9.040057,0,1,0,0,0,1,0,0,1
0,2,50656.38,14.37122,1,1,1,0,0,1,0,0,0,1,25.11299,0,0,0,0,0,0,1,0,1
0,0,59871.53,11.64537,0,1,1,1,1,1,0,0,0,1,10.92196,0,1,0,1,0,0,0,1,0
0,4,33035.98,5.881182,0,1,0,1,1,0,0,0,0,0,10.41798,1,0,1,0,1,0,0,0,0
0,2,20697.37,11.27574,1,1,0,1,0,0,0,1,0,0,9.561875,0,0,1,0,0,1,0,1,0
1,4,35404.27,6.599123,0,1,1,1,0,1,1,0,0,1,5.464488,0,1,1,0,1,0,0,1,0
0,6,40588.2,4.868079,0,1,1,0,0,0,1,1,0,1,5.966695,0,0,1,1,0,0,0,0,0
0,1,49071.14,10.5775,1,1,0,0,1,0,0,0,1,1,4.899911,0,1,1,0,0,0,0,0,1
0,7,26019.32,12.25489,0,1,0,0,1,0,1,0,0,0,11.16749,1,0,1,0,0,0,1,1,0
1,2,70043.21,11.40364,0,1,0,0,1,0,0,1,1,1,13.16571,1,0,0,0,0,0,0,1,0
0,0,25667.66,6.799101,0,1,1,1,0,1,1,0,0,0,4.367739,1,0,1,1,0,0,0,0,0
0,2,30253.76,6.244769,0,1,0,0,0,1,0,0,0,0,12.78697,0,0,1,0,1,0,0,1,0
0,3,42972.18,10.17557,1,1,0,0,0,0,1,0,1,1,6.8425840000000004,1,0,1,0,0,0,0,0,1
0,3,35849.72,14.35913,0,1,1,0,0,1,1,0,0,0,10.29318,0,0,0,0,1,0,0,0,1
0,1,55794.29,7.619574,0,1,0,0,0,1,0,0,0,1,13.8101,1,0,1,0,0,0,0,0,0
0,1,25877.54,8.018422,0,1,1,0,0,0,0,0,0,1,6.039499,1,0,0,0,0,0,0,0,0
0,2,41848.9,12.74478,0,1,1,0,1,0,1,0,0,0,10.11079,0,0,0,0,0,0,1,1,0
0,0,13360.17,14.75288,1,1,1,0,0,1,0,0,0,1,1.602966,1,0,0,0,1,0,0,0,0
1,3,50965.27,14.22707,0,1,1,0,0,1,1,1,1,0,2.251237,1,0,1,0,0,0,1,0,1
1,0,96753.8,11.13605,1,1,0,0,0,1,1,1,1,0,10.94284,0,1,0,0,0,1,0,1,0
0,0,45633.91,7.412049,0,1,1,0,0,1,0,0,0,1,17.25514,1,0,0,0,0,1,0,1,0
1,2,86896.2,8.212326,1,1,0,0,0,1,0,0,1,0,9.349103,0,0,1,0,0,0,1,1,0
0,1,8249.6,8.561303,0,1,0,0,0,0,0,0,0,0,7.066142,0,1,0,1,0,0,0,1,0
1,5,18493.95,11.00436,0,1,0,1,0,1,1,1,0,0,4.327078,0,1,1,0,0,0,0,1,0
1,1,19427.81,6.718432,0,1,1,1,1,0,0,1,1,1,2.080255,0,1,0,1,0,0,0,1,0
1,1,5317.94,6.133776,0,1,1,0,1,1,0,0,0,0,2.847117,1,0,0,0,0,1,0,1,0
1,1,84399.36,12.85535,0,1,1,1,0,0,0,1,0,0,2.1782,1,0,1,0,0,0,0,1,0
1,2,66148.83,7.718284,0,1,0,0,1,1,1,1,1,1,3.000251,1,0,0,0,0,0,1,1,0
1,7,26190.19,9.88811,1,1,1,0,0,1,1,1,0,1,7.916586,0,0,0,0,0,1,0,1,0
0,1,25806.54,12.93786,1,1,0,1,1,1,1,1,1,0,5.519258,0,0,0,0,0,0,1,0,0
1,3,48267.33,6.566714,0,1,1,1,0,1,0,1,0,1,5.944147,1,0,1,0,0,0,0,1,0
1,1,15864.7,14.3962,0,1,0,0,1,1,0,1,1,0,3.255652,0,1,1,0,0,1,0,1,0
1,0,37734.22,16.64886,0,0,0,1,1,1,0,1,1,1,1.868309,0,1,1,0,0,1,0,1,0
1,0,14433.56,8.733939,0,1,1,0,1,0,1,1,1,1,13.46637,1,0,0,1,0,0,0,1,0
0,4,89441.6,6.862006,1,1,0,1,1,1,0,0,0,0,22.54598,0,1,1,0,0,0,0,0,0
0,4,74252.79,9.091339,0,1,0,0,1,0,0,0,1,1,5.787415,0,1,0,0,0,0,0,0,0
0,4,16149.85,10.01143,0,1,0,0,1,1,0,0,1,0,6.548905,0,0,1,0,0,0,1,1,0
0,3,25979.07,9.135272,0,0,0,1,1,0,0,0,0,1,1.799293,1,0,1,0,0,1,0,0,0
0,0,34356.62,8.70624,0,1,1,1,0,0,0,0,1,1,7.012788,0,1,0,0,0,0,0,0,0
1,1,44779.1,6.280831,0,1,1,0,1,1,0,1,1,1,9.539097,1,0,1,0,0,0,1,0,0
0,4,103306.6,11.73966,0,1,1,0,0,0,1,0,1,1,8.58684,0,1,0,1,0,0,0,0,0
1,0,5505.74,6.224176,0,1,1,1,0,1,0,0,1,1,7.179432,1,0,1,0,1,0,0,1,0
1,3,58836.68,13.62664,1,1,0,0,1,1,0,1,1,0,6.971589,0,0,0,0,0,0,1,1,0
0,1,23086.45,7.483489,0,1,0,0,0,0,0,0,1,1,14.26274,0,0,0,1,0,0,0,0,0
0,0,12100.28,7.683526,0,1,1,0,0,0,0,0,0,0,5.867453,1,0,1,0,1,0,0,0,1
0,3,11068.12,10.36729,1,1,1,0,0,0,0,1,0,1,17.32489,0,0,1,0,0,1,0,0,0
0,0,10270.29,5.261171,1,1,0,0,0,1,0,1,0,1,2.80856,0,1,1,0,0,1,0,1,0
0,7,26803.44,7.024192,0,0,0,1,0,0,1,1,1,1,19.77964,0,1,0,0,0,0,1,0,0
1,0,44900.84,10.03005,0,1,1,0,1,0,0,1,1,1,7.342789,0,1,0,0,0,0,0,0,0
1,4,67156.75,7.163319,1,1,0,1,0,0,0,0,1,1,1.813125,0,1,1,0,0,0,0,1,0
1,4,28738.5,10.653,1,1,0,0,0,1,0,1,1,0,20.95648,1,0,0,0,1,0,0,1,0
0,3,32221.49,9.399095,0,1,0,0,0,0,1,0,1,1,1.571176,0,1,0,0,0,0,1,0,1
0,1,45594.27,6.125568,1,1,0,1,1,0,0,1,0,1,8.74736,0,1,1,1,0,0,0,0,1
1,2,27157.3,13.14802,0,1,0,1,1,0,1,0,1,1,7.311512,0,1,0,1,0,0,0,1,0
1,0,36149.29,4.48145,0,1,1,0,0,1,0,1,1,1,18.24928,1,0,1,0,0,0,0,1,0
0,4,17615.71,9.249754,0,1,0,0,1,0,0,1,0,1,3.101413,0,1,1,0,0,0,0,1,0
0,4,40599.16,7.813956,1,1,0,0,1,0,1,1,0,0,6.150351,0,1,1,0,0,1,0,1,0
1,3,43618.17,8.917382,0,1,1,0,0,1,0,1,1,1,7.72199,0,1,0,0,0,1,0,0,1
1,2,75452.77,7.876098,0,1,1,0,1,1,1,1,0,0,2.10678,0,1,1,0,0,0,0,0,1
1,7,43098.2,9.071716,0,1,0,1,0,0,0,1,1,1,3.518534,0,1,0,1,0,0,0,1,0
0,0,35388.48,8.587338,1,1,1,1,0,1,1,0,0,0,3.172425,0,1,1,0,0,0,0,0,0
1,2,37993.51,12.03535,1,1,0,0,0,1,1,1,1,0,2.266934,1,0,0,0,0,0,1,0,0
1,2,13138.02,12.50981,0,1,0,0,0,1,0,1,1,0,7.5636,0,0,1,1,0,0,0,0,0
1,0,27675.71,4.656974,1,1,1,0,1,1,1,1,1,0,12.00194,1,0,0,0,1,0,0,0,0
0,0,29581.15,8.620715,0,1,1,0,0,0,0,1,0,1,15.64015,0,0,1,0,0,0,1,0,1
1,2,52558.45,5.932274,0,1,1,0,0,1,1,1,1,0,21.13934,0,0,1,0,0,0,1,1,0
0,3,19508.33,8.224676,0,1,0,0,0,0,1,0,0,1,4.462414,0,1,0,0,0,0,1,0,0
0,1,40528.85,8.964938,0,1,1,0,1,0,0,0,1,1,15.77942,0,1,1,0,0,1,0,0,0
0,1,61541.53,8.128102,0,1,0,0,0,0,0,0,0,1,3.678847,0,0,1,0,1,0,0,0,0
1,4,94836.83,11.47009,0,1,1,1,1,0,1,1,1,1,6.967998,1,0,1,0,0,1,0,0,1
1,1,65435.46,4.834122,0,1,1,0,0,0,1,0,0,1,6.515297,1,0,0,1,0,0,0,1,0
0,4,28593.48,8.597035,0,1,0,0,0,1,0,0,1,1,15.6265,0,1,0,0,0,0,1,0,1
1,0,34127.24,13.31608,0,1,0,0,1,1,1,1,0,0,7.296904,1,0,1,0,0,1,0,1,0
1,2,42517.98,10.58815,0,1,1,1,1,0,0,1,1,1,7.032433,1,0,0,0,0,0,1,0,1
1,0,61879.76,10.58433,0,1,0,1,1,0,0,1,1,1,17.09722,1,0,1,1,0,0,0,1,0
1,1,78712.17,8.473613,0,1,1,1,0,0,0,1,0,1,8.287531,1,0,1,0,0,0,1,1,0
0,1,97694.83,10.18788,0,1,1,0,0,0,0,0,0,0,11.81853,0,0,0,0,0,1,0,1,0
1,1,41550.85,10.53385,1,0,1,0,1,0,0,0,1,1,10.02202,0,1,1,0,0,0,1,1,0
0,3,34940.98,9.397798,0,1,0,1,0,1,1,0,1,1,4.731989,0,1,1,0,0,0,1,0,1
0,0,50629.79,2.732357,0,1,0,0,0,0,1,0,1,1,16.01922,0,0,1,0,1,0,0,0,0
0,3,72764.42,6.900504,1,1,1,1,0,0,0,0,0,1,7.220079,0,1,1,1,0,0,0,1,0
0,0,32017.56,14.66079,0,0,1,0,0,0,1,1,0,1,4.454344,1,0,1,0,0,0,0,0,1
0,0,64315.91,13.48535,1,1,0,1,0,1,0,1,1,1,7.899007,0,1,0,0,1,0,0,0,0
0,1,48178.83,8.200607,2,0,0,1,0,0,0,0,1,1,10.52622,0,1,1,1,0,0,0,0,0
1,1,22985.19,10.82436,0,1,1,0,0,1,0,1,0,0,11.15074,1,0,1,0,0,0,1,1,0
0,2,13131.39,11.77423,0,1,0,0,1,0,0,0,1,0,8.922175,0,1,1,0,0,1,0,0,0
1,1,38867.93,4.711767,0,1,1,0,0,0,1,0,1,0,4.267801,1,0,0,1,0,0,0,1,0
1,3,54741.36,10.85027,2,1,1,0,1,1,1,1,0,0,1.294635,1,0,1,0,0,0,0,1,0
1,0,62709.94,11.19605,0,1,1,0,0,0,0,0,1,0,2.168042,1,0,0,1,0,0,0,1,0
1,0,53227.7,15.29979,1,1,0,1,1,0,0,1,1,0,8.268061,0,1,1,1,0,0,0,1,0
0,0,20089.1,11.98454,0,1,1,0,0,0,1,0,0,0,5.538303,0,0,1,0,0,0,1,0,0
1,6,18946.77,10.89639,1,0,0,0,0,0,1,1,0,1,7.733033,0,1,1,1,0,0,0,1,0
1,3,27134.99,11.3254,0,1,0,0,0,1,0,1,0,1,6.446693,1,0,0,0,0,0,1,1,0
0,3,6196.02,6.715052,0,1,0,0,0,0,0,0,0,1,20.72068,1,0,0,0,1,0,0,1,0
1,4,24130.48,6.425239,0,1,1,0,1,1,1,1,1,0,20.74516,1,0,0,0,0,0,1,1,0
0,0,28588.01,4.380817,1,1,0,0,1,1,0,0,1,1,16.88185,1,0,0,0,0,0,1,0,0
0,5,34364.84,10.76239,0,1,1,0,0,0,0,0,1,1,10.12304,0,0,1,0,0,0,0,0,0
1,3,35801.05,11.04908,0,1,1,0,1,0,1,1,0,0,3.046588,0,1,0,0,0,0,0,1,0
0,1,50382.25,11.54934,1,1,0,0,0,1,1,0,0,1,11.34636,0,0,0,0,0,1,0,0,1
0,3,69658.99,10.96556,1,1,0,0,0,1,1,0,0,1,19.77218,0,1,0,0,0,0,1,0,0
0,2,35531.41,8.920519,1,1,1,1,0,0,0,1,0,1,16.17631,1,0,0,0,1,0,0,0,0
1,4,29712.43,5.453667,0,1,1,0,1,1,0,0,0,0,10.31129,0,1,0,0,0,1,0,1,0
0,0,16284.04,7.716878,0,1,1,0,1,1,0,0,1,0,8.33073,0,0,0,0,0,1,0,0,1
1,0,8191.55,9.5481,1,1,1,0,0,1,1,0,1,0,1.891666,0,0,1,0,0,1,0,1,0
1,0,65905.06,8.642574,0,1,1,0,0,0,0,0,0,0,2.290777,1,0,1,1,0,0,0,1,0
0,2,80392.41,9.736413,1,1,0,0,1,0,0,0,1,1,7.53282,1,0,1,0,1,0,0,0,1
1,1,15539.98,10.54741,0,1,0,0,0,0,0,1,1,1,9.27204,1,0,1,0,1,0,0,1,0
0,2,37204.88,12.01598,1,1,1,1,1,1,0,0,0,0,6.725815,0,1,1,0,0,0,1,0,1
0,2,75961.5,8.804879,0,1,0,0,0,0,1,0,1,0,2.320115,1,0,0,1,0,0,0,0,1
1,0,19734.93,9.326261,0,1,1,0,0,0,0,0,1,1,1.304537,1,0,0,0,1,0,0,0,0
0,1,35061.97,15.24347,0,0,0,1,1,0,1,0,0,0,23.77384,1,0,0,0,0,1,0,1,0
1,0,14589.73,11.31727,1,1,1,0,1,0,0,1,1,1,3.213888,1,0,0,0,0,0,1,0,0
1,1,44039.11,11.02812,2,1,0,0,1,1,0,1,0,1,11.00718,0,1,0,0,1,0,0,1,0
1,2,29538.29,11.87094,1,1,0,1,1,1,0,1,1,1,10.18298,1,0,0,0,0,0,0,1,0
1,1,35976.11,12.63329,1,1,0,1,0,0,1,0,1,1,3.62899,0,1,0,1,0,0,0,1,0
0,0,12234.1,12.96527,1,1,1,1,1,0,0,0,1,1,1.598975,0,1,0,0,0,0,0,0,0
0,4,69885.69,14.51569,0,1,0,1,0,0,1,1,0,0,8.161424,1,0,0,0,0,1,0,1,0
1,1,54010.14,10.53608,0,1,1,0,0,1,1,1,1,1,8.201372,1,0,1,0,0,0,1,1,0
1,4,48487.99,9.437887,0,1,0,0,0,0,1,1,1,0,4.606587,0,1,0,0,0,0,0,1,0
0,1,44250.65,8.673822,1,1,0,1,1,0,0,0,0,0,7.469813,1,0,0,1,0,0,0,0,1
1,1,88400.03,14.57549,0,1,0,0,1,0,1,1,1,1,6.21102,1,0,1,1,0,0,0,0,1
1,0,59983.38,9.493706,0,1,0,1,0,1,1,1,1,1,2.048055,0,1,0,0,1,0,0,1,0
1,0,40760.02,12.14774,0,1,1,0,0,1,1,1,1,1,9.389883,1,0,1,0,0,0,1,1,0
0,2,17373.47,9.587984,0,1,1,1,0,0,1,1,1,1,8.718999,0,1,1,1,0,0,0,0,1
1,4,88294.82,13.60515,0,1,0,0,1,0,1,1,1,0,5.43842,1,0,1,0,0,1,0,1,0
1,2,90583.52,5.539493,0,1,0,1,0,0,0,1,1,1,2.518069,0,0,0,1,0,0,0,1,0
0,0,44844.68,12.85748,0,1,1,1,0,0,0,0,0,0,4.433189,1,0,1,0,1,0,0,1,0
1,4,36899.75,16.87597,1,1,0,0,1,0,0,1,1,1,9.873195,1,0,1,0,0,1,0,1,0
1,0,97020.52,6.686068,0,1,0,1,0,1,1,0,0,0,3.876369,1,0,1,0,1,0,0,1,0
1,0,19297.41,8.97627,0,1,1,1,0,0,1,0,1,0,7.713222,0,0,0,0,0,0,1,1,0
0,2,7396.95,13.51253,0,1,0,1,0,1,0,1,0,1,9.075014,0,1,0,0,0,0,0,1,0
0,7,99411.44,4.802614,1,1,1,0,1,1,0,0,0,1,7.802142,1,0,0,1,0,0,0,0,0
0,4,9119.54,9.409854,0,1,1,0,0,1,0,0,0,0,10.16083,1,0,1,0,0,0,0,0,1
0,2,30891.62,10.46074,0,1,0,1,0,1,0,0,0,0,10.44121,0,1,0,0,0,0,0,0,0
0,3,63754.19,7.364671,0,1,0,1,0,1,0,1,0,0,2.923404,0,1,1,0,0,0,1,1,0
1,3,52174.46,5.638287,0,1,1,0,1,1,1,1,0,1,7.930205,1,0,0,0,0,0,0,1,0
0,1,39653.88,14.70902,0,1,1,1,0,1,1,0,0,1,7.194486,0,1,1,0,1,0,0,0,0
0,1,55755.9,11.08379,0,1,0,0,0,0,0,1,0,1,5.664193,0,1,1,0,0,1,0,0,0
0,0,11020.25,3.727902,0,0,0,0,1,0,0,0,0,1,3.41763,0,1,0,0,0,1,0,0,0
1,2,13631.29,10.70974,0,1,1,0,1,1,1,1,1,0,3.589597,0,1,0,1,0,0,0,1,0
0,0,8615,12.15921,0,1,1,1,1,1,1,1,0,0,3.769755,0,1,0,0,0,1,0,0,1
1,3,78517.82,9.566023,0,1,1,0,0,0,0,1,1,0,2.312021,0,1,1,0,0,1,0,1,0
0,4,76990.4,8.156206,1,1,1,1,0,1,1,0,0,1,4.540275,0,1,1,0,0,0,0,0,1
1,0,9302.37,9.578665,1,1,1,0,1,1,1,1,0,0,15.12639,1,0,0,0,0,0,0,1,0
1,1,9443.85,10.05121,0,1,1,1,1,0,1,1,0,0,6.894406,0,0,1,0,0,1,0,1,0
0,2,26026.91,6.282281,0,1,0,1,0,0,0,1,0,0,8.989805,0,1,1,0,0,0,1,0,1
1,2,70138.08,6.566112,0,1,1,1,1,0,1,1,0,1,22.60375,1,0,1,0,0,0,0,1,0
1,2,21183.28,10.97771,0,1,1,0,0,1,1,0,1,0,1.597599,0,1,0,0,0,0,1,1,0
0,0,82809.36,13.13153,2,1,1,1,0,1,1,0,0,1,9.705314,0,0,0,0,0,1,0,1,0
1,1,30511.85,6.796972,0,1,1,1,1,0,1,0,1,0,9.254257,1,0,0,0,1,0,0,1,0
1,0,42504.3,8.178814,0,1,1,1,0,0,1,1,1,0,13.262,0,0,0,1,0,0,0,1,0
0,1,13325.5,8.91016,0,1,0,0,0,0,0,1,0,1,10.65826,1,0,1,1,0,0,0,1,0
1,3,40668.61,5.730434,0,1,1,0,0,1,1,0,1,1,12.05486,0,1,1,1,0,0,0,1,0
0,1,22626.98,11.34087,0,1,1,0,0,1,0,0,0,0,5.623623,1,0,0,0,0,0,1,0,1
0,3,31777.28,5.042263,0,1,1,0,1,1,0,0,1,1,16.31066,1,0,1,0,0,0,1,0,0
1,1,12750.09,12.80149,0,1,0,1,0,0,0,0,1,1,1.324008,0,0,1,0,0,0,1,1,0
1,2,80536.9,13.15184,1,1,1,0,1,1,0,1,0,0,9.000072,0,0,0,0,0,1,0,1,0
0,1,25891.09,6.564067,0,1,1,0,0,1,1,0,1,1,13.51008,0,1,1,0,0,1,0,1,0
0,3,5919.03,11.66989,0,1,0,1,0,0,0,0,1,0,16.27138,0,1,0,0,0,0,1,1,0
1,1,57025.5,11.24987,0,1,0,0,1,0,0,1,0,1,1.453865,1,0,0,1,0,0,0,1,0
0,0,32559.23,5.317716,0,1,1,0,1,1,1,0,0,1,3.949032,1,0,0,0,0,1,0,0,1
1,3,24740.03,6.926083,0,1,0,0,1,0,0,1,1,0,9.343412,1,0,1,1,0,0,0,0,0
1,6,32733.34,8.516783,1,1,1,1,0,1,1,1,0,0,6.735348,1,0,0,0,0,1,0,1,0
1,0,20657.67,6.382829,1,1,1,1,0,1,0,1,1,0,8.373701,0,0,0,1,0,0,0,0,0
0,0,12565.71,15.41346,0,1,0,0,1,0,1,0,1,0,5.998405,0,1,1,0,0,1,0,1,0
0,3,7657.12,10.24791,0,0,0,1,1,0,1,0,0,1,3.052755,0,1,1,0,1,0,0,1,0
1,0,40651.57,17.70648,0,1,1,0,1,0,0,0,1,0,11.93299,1,0,0,1,0,0,0,1,0
0,3,22342.54,9.714093,0,1,1,1,0,0,0,0,1,1,14.84017,0,0,0,0,0,0,0,1,0
0,3,18025.4,10.62357,0,1,1,0,1,0,1,0,1,1,14.71926,0,0,0,0,1,0,0,0,0
0,2,10832.11,8.042797,0,1,0,0,0,0,0,0,0,0,7.542197,0,0,0,0,0,0,0,1,0
1,4,19228.48,13.46555,0,1,1,0,0,1,0,1,1,0,4.525491,1,0,1,1,0,0,0,1,0
0,0,36779.84,10.03056,1,0,0,1,1,1,1,0,0,1,3.83138,0,1,0,1,0,0,0,1,0
0,5,37089.25,14.7226,0,1,1,1,1,0,0,0,1,1,1.113741,0,1,0,1,0,0,0,1,0
0,0,35562.1,13.20452,0,1,0,0,1,1,0,1,0,1,4.532646,0,0,0,0,0,0,1,0,0
0,0,21294.79,14.88825,0,1,0,1,0,1,1,0,1,0,10.49454,0,1,1,0,1,0,0,0,1
1,1,22667.79,9.57821,0,1,0,0,1,0,0,1,0,1,3.212519,1,0,1,0,0,0,0,1,0
1,1,66420.62,10.15947,1,0,1,0,0,1,0,0,0,1,2.54348,1,0,0,1,0,0,0,1,0
0,0,22140.82,12.93507,2,1,0,1,1,1,0,0,0,1,6.976028,0,0,1,0,0,1,0,1,0
1,4,41877.51,12.9092,1,0,0,1,0,1,1,1,0,1,5.288444,1,0,0,0,0,1,0,1,0
1,1,17768.57,3.093082,0,1,0,1,0,1,1,1,0,0,1.832601,0,0,0,0,0,0,1,1,0
0,2,15662.37,9.092051,0,1,0,0,0,0,0,1,1,1,9.688639,0,1,1,0,0,0,0,0,1
0,4,32643.06,4.180656,0,1,0,0,0,1,0,0,1,1,13.61564,0,1,1,0,0,0,1,0,0
1,4,38472.15,8.947076,1,1,1,0,1,0,0,0,1,1,15.51348,1,0,0,0,0,0,0,0,0
1,3,22517.47,5.610881,0,1,0,1,1,0,0,1,1,1,9.556572,1,0,0,0,0,0,1,1,0
1,0,28937.58,10.64353,2,1,1,0,0,0,0,1,1,1,7.035161,0,0,1,0,0,0,0,1,0
0,4,2492.8,7.709487,0,1,1,0,1,1,1,0,0,1,15.84051,0,0,0,1,0,0,0,0,1
1,0,4631.67,6.383836,0,1,1,0,0,0,1,1,1,1,13.31462,1,0,1,0,0,0,0,1,0
1,2,37535.82,11.74644,0,1,1,0,1,0,0,1,0,0,1.862828,0,1,0,0,1,0,0,0,0
0,7,6225.4,14.13784,1,1,0,0,0,0,0,1,0,0,15.14561,0,0,1,0,0,0,1,0,0
0,1,12457.3,10.56362,0,1,0,0,0,0,1,0,1,0,5.902195,0,1,1,0,0,0,0,1,0
1,1,18863.86,8.25657,0,1,1,1,1,0,1,1,1,1,2.339183,0,0,0,0,0,0,0,0,1
1,3,71364.52,9.265037,0,1,1,1,1,1,0,1,1,0,10.71719,1,0,1,0,1,0,0,1,0
0,1,17625.52,8.495274,0,1,0,0,0,1,0,0,0,0,2.19437,0,1,0,0,1,0,0,1,0
1,1,98555.98,3.199247,0,1,1,0,0,0,1,1,0,0,8.539485,0,1,1,0,1,0,0,1,0
0,1,19275.26,9.852096,0,1,1,0,0,1,1,0,0,1,8.664975,0,1,0,0,0,1,0,0,1
0,0,61913.12,14.33729,0,1,0,0,1,0,0,1,0,1,1.567389,0,1,1,0,1,0,0,1,0
1,1,56961.06,7.753207,0,0,1,0,0,1,0,1,1,1,4.14274,0,0,1,0,0,0,0,0,0
1,1,38960.89,10.25011,1,1,0,1,0,0,1,1,0,1,5.18336,0,1,0,0,0,0,0,0,1
0,2,37354.74,6.886832,0,1,0,1,0,1,0,0,0,0,10.34256,0,0,0,0,0,1,0,1,0
1,1,48318.32,6.346383,2,1,1,0,0,0,0,1,0,1,3.1741,0,1,1,0,1,0,0,1,0
1,5,68325.35,12.25181,2,1,1,1,0,0,1,0,1,0,3.209982,0,1,1,0,1,0,0,0,0
1,2,43121.79,12.06657,0,1,1,1,0,0,0,0,1,1,13.02762,0,1,1,1,0,0,0,1,0
1,1,71340.92,11.39258,0,1,0,0,1,0,0,1,1,1,1.625652,0,0,1,0,1,0,0,1,0
0,3,36209.68,10.02146,0,1,0,0,1,1,0,0,0,0,1.201284,0,1,0,0,1,0,0,0,1
1,3,20761.5,6.827248,0,1,0,0,1,0,0,0,1,1,6.645392,0,0,0,0,0,0,1,1,0
0,1,77235.23,11.07961,0,0,1,0,1,0,0,0,0,0,16.23853,1,0,1,1,0,0,0,0,1
0,2,1443.24,12.29069,1,1,1,0,1,1,0,0,1,1,16.12056,0,1,0,0,1,0,0,0,0
0,1,80104.26,7.98482,0,1,0,0,0,1,1,0,0,0,4.157726,0,1,0,1,0,0,0,1,0
1,0,3174.98,7.394984,1,1,1,0,1,1,1,1,0,0,9.880576,1,0,0,0,1,0,0,1,0
1,2,9437.06,11.11128,0,1,0,0,0,0,0,1,1,1,11.63547,1,0,0,0,0,1,0,1,0
1,1,8698.92,4.821467,1,1,0,1,0,1,0,1,1,1,5.929212,0,1,0,0,0,1,0,1,0
1,1,48448.03,9.823796,0,1,1,1,1,0,1,1,1,1,5.875553,0,1,1,0,1,0,0,0,0
0,3,18955.08,10.49797,0,1,0,0,0,1,0,1,0,1,3.695049,1,0,0,0,1,0,0,1,0
0,0,38487.58,9.175744,0,1,0,0,0,0,1,0,0,0,2.590681,0,1,0,0,0,1,0,1,0
0,2,24481.75,7.545047,1,1,0,0,1,0,0,0,0,0,3.352593,0,1,1,0,0,0,0,1,0
0,0,37715.18,10.67816,0,1,0,0,0,1,0,0,1,1,9.93773,0,1,1,0,0,0,1,0,1
1,0,3514.8,5.808195,0,1,0,1,1,0,1,1,0,0,7.988116,1,0,0,0,1,0,0,1,0
1,0,30388.27,12.16211,0,1,1,0,0,0,0,0,1,0,10.47789,0,0,0,0,0,0,1,1,0
0,3,4441.06,11.62501,0,1,0,1,1,1,0,1,0,0,1.611266,0,1,0,0,0,1,0,0,1
1,4,17202.87,10.43721,1,1,0,1,1,0,1,1,0,1,1.916489,0,1,1,0,0,0,0,1,0
0,2,26319.53,8.382585,1,1,0,0,0,1,0,0,1,1,28.57082,1,0,1,0,0,1,0,0,0
1,1,71453.49,13.10218,1,1,1,0,0,0,0,0,0,1,1.532436,1,0,1,0,1,0,0,1,0
1,2,38594.93,10.22177,1,1,1,1,0,1,1,1,1,1,12.7895,0,1,1,0,0,1,0,0,0
1,1,11257.58,13.42202,0,1,1,0,0,0,1,0,0,1,8.640886,0,1,1,1,0,0,0,1,0
0,3,16749.24,7.749499,0,1,1,0,1,0,1,0,1,0,6.465898,0,1,0,0,1,0,0,0,0
0,0,53808.11,10.77733,1,1,0,1,1,1,0,0,0,1,9.416447,0,1,1,0,1,0,0,1,0
0,0,95843.1,11.26231,2,1,1,1,0,0,1,1,0,1,3.062161,1,0,1,1,0,0,0,0,0
1,1,34784.01,15.60533,1,0,1,1,1,0,0,0,1,1,8.692007,0,1,1,0,0,0,0,1,0
0,7,43134.57,17.13207,0,1,0,0,0,0,0,0,0,0,11.07503,1,0,1,1,0,0,0,1,0
1,1,35168.77,12.45757,1,1,0,0,0,0,0,1,1,1,1.524132,0,1,0,0,0,0,0,1,0
0,1,17555.47,7.096983,0,1,1,1,0,0,1,1,0,1,10.70349,0,1,0,1,0,0,0,1,0
1,0,20179.28,6.955194,0,1,1,1,0,1,1,0,1,1,2.327566,1,0,0,0,0,0,1,0,0
1,6,29491.37,9.924365,0,1,1,0,0,1,0,0,1,1,1.764563,0,1,1,0,0,1,0,1,0
0,2,40453.58,11.82011,0,1,0,0,0,1,0,1,0,1,1.190018,1,0,1,1,0,0,0,0,0
0,4,3853.35,10.29605,0,1,1,1,0,0,1,0,1,1,2.049307,0,0,0,1,0,0,0,0,0
0,1,24847.04,8.76533,0,1,0,1,0,0,1,1,1,0,16.7247,1,0,0,0,1,0,0,0,0
1,0,41443.9,12.894590000000001,0,1,0,0,1,0,0,0,1,0,5.599131,0,0,0,1,0,0,0,1,0
0,7,83140.55,4.804521,1,1,1,0,0,0,0,0,1,0,2.71724,0,0,1,0,0,1,0,0,1
1,2,14413.03,6.292876,1,1,0,0,0,0,0,1,1,0,5.207616,0,1,0,0,0,0,0,0,1
0,3,90839.09,5.576787,0,1,0,0,0,0,0,0,1,0,14.66848,0,1,1,0,0,1,0,0,0
1,1,44641.21,11.64702,1,1,1,0,0,1,0,0,1,1,1.932645,1,0,0,0,0,1,0,0,1
1,4,6992.92,10.66418,1,1,0,0,1,1,0,0,1,1,22.25056,0,1,1,0,0,0,0,1,0
0,5,46369.85,7.69635,2,1,0,0,0,0,1,0,1,1,1.356734,0,1,1,0,0,0,1,1,0
0,3,24173.97,12.81088,0,1,0,0,1,0,1,0,0,0,20.45201,1,0,0,0,0,0,0,1,0
0,3,41158.63,9.93131,1,1,0,0,0,0,0,0,0,1,13.84669,1,0,1,0,0,0,0,1,0
1,0,32865.97,13.09743,0,1,0,0,1,1,0,1,1,0,6.207517,0,1,1,0,0,1,0,0,1
0,0,67295.09,5.96154,0,1,1,1,1,0,0,1,0,1,7.603445,0,1,0,0,0,1,0,0,0
1,2,80363.72,10.34705,1,1,1,0,1,1,0,1,0,0,7.182107,0,1,1,0,1,0,0,1,0
1,0,54417.19,4.879655,0,1,1,0,1,0,0,0,0,0,9.961602,0,1,0,0,0,0,0,0,1
1,4,23753.54,7.064722,0,1,0,0,0,0,0,0,0,0,3.088732,1,0,1,0,0,0,0,1,0
1,4,72873.27,12.13928,0,1,1,1,1,1,0,1,1,0,2.645653,0,0,1,0,1,0,0,1,0
0,0,57295.46,13.02587,1,1,1,1,0,1,1,0,0,1,16.41429,0,0,1,0,0,0,0,0,1
0,2,42546.5,9.002874,0,1,1,0,0,1,0,0,1,1,7.006647,1,0,1,0,0,0,0,0,1
0,1,23947.08,14.86104,0,1,1,0,0,1,0,0,0,0,14.56261,0,1,1,0,0,0,0,0,0
0,2,54416.48,12.79584,0,0,0,0,1,1,0,0,0,1,12.73703,0,1,0,1,0,0,0,0,0
1,4,16577.49,11.40334,0,1,1,1,1,1,0,1,0,0,14.24378,1,0,0,0,1,0,0,1,0
1,2,49844.68,11.28003,0,1,0,0,1,0,0,0,1,1,4.189207,0,0,1,0,1,0,0,1,0
1,1,11960.32,13.96143,0,1,1,0,0,0,1,1,1,0,4.95874,0,1,1,0,1,0,0,1,0
1,4,29217.49,8.928833,1,1,1,0,0,1,1,1,1,1,7.010649,0,1,1,0,0,0,0,0,0
1,4,24005.64,8.330352,0,1,1,0,0,1,1,1,1,0,15.3889,0,1,1,0,0,0,0,1,0
0,0,45094.63,4.715269,2,1,1,0,1,1,0,0,0,1,10.88204,0,1,0,0,0,1,0,0,0
1,0,16288.42,9.475122,1,0,0,0,1,0,1,1,1,0,6.908158,0,1,1,0,0,1,0,0,0
1,7,28911.74,7.731174,0,1,0,0,1,0,0,1,1,1,7.146126,0,1,0,0,0,0,1,1,0
1,0,30663.14,6.69772,2,0,0,0,1,1,1,1,1,0,4.656535,0,1,0,0,1,0,0,0,0
0,0,18982.37,14.06247,1,1,0,1,0,1,0,1,0,1,14.65682,0,0,0,0,0,0,1,1,0
0,2,14764.79,14.4014,0,1,1,0,0,0,1,0,0,0,24.26165,0,1,1,1,0,0,0,0,0
1,3,62238.79,12.01782,0,1,1,0,0,1,1,1,1,0,1.683285,0,1,1,0,0,0,1,0,1
0,1,51224.64,12.04113,0,1,0,0,1,1,0,1,0,1,10.13511,0,1,0,1,0,0,0,1,0
1,3,34132.82,9.622636,0,1,1,1,0,0,1,1,1,1,1.786765,1,0,1,0,0,0,1,0,0
0,2,30533.59,10.23625,1,1,0,0,0,1,0,0,0,1,7.685124,1,0,1,0,0,0,0,1,0
0,4,64916.19,6.065054,0,1,0,0,0,0,1,1,0,1,10.00078,0,1,0,1,0,0,0,1,0
0,2,28284.38,17.51312,2,1,1,0,0,1,0,0,1,1,23.18508,1,0,0,0,1,0,0,0,1
0,1,51784.5,5.790141,0,1,1,0,0,0,1,0,0,0,7.602068,0,0,1,0,0,0,0,0,1
0,4,14471.8,11.21693,1,1,1,0,1,1,0,1,0,1,4.461349,0,0,0,0,0,0,0,0,0
0,1,15130.44,6.146386,0,1,0,0,0,1,1,0,0,0,5.881307,0,0,1,1,0,0,0,0,0
0,3,20068.93,6.173848,0,1,0,1,1,0,0,0,0,0,4.043506,0,1,0,0,1,0,0,0,0
0,7,93936.05,12.63119,1,1,0,1,1,0,0,1,1,0,8.301576,0,1,0,0,1,0,0,0,1
1,5,13642.29,13.94164,0,1,0,0,1,0,1,0,1,0,7.891654,0,1,1,0,1,0,0,1,0
0,5,77001.42,15.75223,1,1,1,0,0,1,1,1,0,1,4.672744,1,0,0,0,1,0,0,1,0
1,3,95261.66,8.596007,0,1,0,0,0,1,0,0,1,0,8.997315,1,0,0,0,0,1,0,1,0
1,6,48511.64,7.602007,0,1,1,0,1,1,0,0,1,0,20.0119,1,0,1,0,0,1,0,0,1
1,1,38577.14,9.556195,1,1,1,1,0,1,0,1,1,0,4.060006,1,0,0,0,0,0,0,1,0
1,0,58555.84,11.86282,0,0,1,0,1,0,1,1,0,1,9.176772,1,0,1,0,0,0,0,0,1
1,3,63955.4,7.043024,0,1,0,0,1,1,0,1,1,1,1.822794,0,0,0,1,0,0,0,0,0
0,0,14937.87,5.663947,0,1,0,0,0,0,1,0,0,1,15.45104,1,0,1,0,0,0,0,1,0
0,4,43426.86,9.023573,0,1,0,1,1,1,0,0,1,1,8.399966,0,1,1,0,0,1,0,1,0
1,4,20652.62,10.5114,0,1,1,0,1,0,1,1,1,0,5.179771,0,1,0,1,0,0,0,1,0
1,2,5288.46,9.197331,1,1,1,0,0,0,1,1,0,0,7.439729,0,0,1,0,0,0,1,1,0
0,2,35023.77,5.879101,1,1,0,1,1,0,0,1,0,0,11.85169,0,1,1,0,0,1,0,1,0
1,1,71043.31,15.13755,0,1,0,0,0,0,0,0,1,0,1.1426,0,1,0,0,1,0,0,1,0
1,1,6034.37,10.00402,0,0,1,1,0,1,0,1,1,0,9.873117,1,0,1,0,0,0,0,0,1
0,0,27694.81,11.76058,0,1,0,1,0,1,0,0,0,0,1.034561,0,1,0,0,0,0,0,1,0
0,4,6508.31,6.611603,1,1,0,0,0,0,1,0,0,0,9.348659,0,1,1,0,0,0,0,1,0
0,0,37935.6,9.643868,2,1,0,1,0,0,0,0,1,1,7.114816,0,0,0,1,0,0,0,1,0
0,4,37647.9,8.329338,1,1,0,0,1,0,0,0,0,1,6.907426,0,1,1,0,0,1,0,1,0
1,0,39434.88,14.79074,0,1,1,0,1,0,1,1,1,0,7.869508,0,1,0,1,0,0,0,1,0
0,0,28581.48,5.827855,0,1,0,0,0,1,0,0,0,1,15.67732,1,0,1,0,0,0,1,1,0
1,3,2260.89,9.632999,0,1,0,1,0,0,0,1,1,1,10.3665,0,1,0,0,0,0,0,1,0
1,2,29224.99,2.589804,0,1,0,0,0,0,1,0,0,0,9.060745,1,0,1,0,0,0,0,1,0
0,7,72905.23,8.048795,0,1,0,1,1,0,0,0,1,0,11.32725,0,0,0,0,1,0,0,0,0
0,2,37466.03,10.19121,0,1,1,1,0,0,1,1,1,0,5.8078,0,1,1,0,1,0,0,0,1
1,1,23856.19,7.636536,0,0,0,0,0,0,0,0,1,1,4.38777,1,0,1,0,1,0,0,1,0
0,6,16735.53,8.663723,0,1,0,1,1,1,1,1,0,0,9.091454,0,1,1,0,1,0,0,1,0
1,0,45571.68,4.211338,1,1,1,0,1,1,0,1,1,1,5.624237,1,0,0,0,0,0,0,1,0
1,1,29094.86,5.907805,1,1,0,0,0,0,0,0,0,1,8.53275,1,0,1,0,0,0,1,1,0
0,1,4803.08,14.33897,1,0,0,0,1,1,1,1,0,1,6.029814,1,0,1,0,0,0,1,0,1
0,1,55492.69,7.42634,1,1,0,0,1,0,0,0,0,1,23.91177,0,1,1,0,0,0,1,1,0
0,0,18585.86,15.34082,0,1,1,0,1,1,0,1,0,0,2.644504,0,1,1,0,0,0,1,0,1
1,3,25057.85,16.48878,0,0,1,1,1,0,0,1,1,1,2.543632,1,0,1,0,0,0,1,0,1
1,2,74396.6,8.955496,0,1,1,0,1,1,0,0,1,1,1.320603,1,0,1,0,0,1,0,1,0
1,3,45840.55,8.898744,0,1,0,0,0,0,0,1,0,0,12.15758,1,0,1,1,0,0,0,1,0
0,0,25281.46,9.029372,0,1,1,1,1,1,1,0,1,1,10.90461,1,0,1,0,0,0,1,0,0
0,1,54873.74,11.60977,1,1,1,0,1,1,0,1,0,1,13.0257,0,0,1,0,1,0,0,1,0
0,0,28936.68,7.259021,0,0,0,1,0,1,1,0,0,0,14.08217,1,0,0,0,1,0,0,1,0
0,1,20110.67,7.780212,0,0,1,0,0,0,0,1,0,1,1.668767,0,1,1,0,0,0,0,1,0
0,2,16297.64,7.33468,0,1,1,0,1,0,0,0,0,0,26.90099,0,1,0,1,0,0,0,1,0
1,1,31515.73,11.28383,1,1,1,0,0,1,0,0,1,0,3.239188,0,0,1,0,0,0,0,1,0
1,0,7489.53,11.43976,0,0,1,0,1,1,0,1,1,0,4.947213,0,0,1,0,0,1,0,1,0
1,1,4769.63,9.05247,1,1,0,0,1,0,1,1,1,0,3.409799,0,1,1,1,0,0,0,1,0
0,4,24650.49,10.88979,0,1,0,1,0,1,0,0,0,1,8.741017,0,1,0,0,1,0,0,1,0
1,0,53519.74,9.550764,0,1,1,0,0,1,0,1,1,1,5.996824,0,1,0,0,0,0,1,1,0
0,1,37838.55,8.918474,2,0,0,0,1,0,0,1,0,0,7.831837,0,0,1,0,0,0,0,0,0
1,2,47190.38,12.94384,1,1,0,1,1,1,1,1,1,1,10.07068,1,0,1,1,0,0,0,0,0
1,4,17558.9,8.628832,0,1,1,0,0,1,0,0,0,0,4.116596,0,1,0,0,0,0,1,1,0
0,4,27196.91,8.712155,0,1,0,0,0,1,0,1,0,1,7.348696,0,1,1,1,0,0,0,0,1
0,0,5548.62,10.68929,0,1,1,0,0,0,0,0,1,0,7.756546,0,0,0,1,0,0,0,0,0
1,0,20091.91,9.556514,1,1,1,0,0,0,1,1,0,0,14.17544,0,0,0,0,0,0,0,0,1
0,1,21997.12,7.131512,0,1,0,1,1,0,1,0,0,0,5.750643,0,0,1,0,0,1,0,0,0
0,0,10272.73,6.712062,0,1,1,1,0,1,1,0,1,1,9.767357,1,0,1,1,0,0,0,0,0
0,5,72962.35,13.56923,1,1,1,0,1,1,0,0,0,1,9.29979,0,1,1,0,0,0,1,1,0
1,1,44802.98,10.77758,0,1,1,0,1,1,0,0,0,1,5.879094,0,1,1,0,0,1,0,1,0
0,3,18238.62,10.5694,1,1,0,0,1,0,0,1,0,0,3.699808,1,0,0,0,0,0,0,0,1
1,0,52736.32,10.82567,0,1,1,0,1,0,0,1,1,0,2.579229,0,0,0,1,0,0,0,0,1
1,0,35979.55,10.98304,1,1,1,0,1,0,0,0,0,1,5.360993,1,0,0,0,0,1,0,1,0
1,5,23707.83,9.62737,0,1,0,1,1,1,0,1,1,1,7.151009,0,1,0,0,0,1,0,0,0
0,1,26989.82,14.25237,0,1,0,1,1,0,0,1,0,1,6.671684,0,0,0,0,0,0,0,0,1
1,1,13755.56,14.35104,0,1,1,0,1,0,1,0,1,0,8.016341,0,0,0,0,0,1,0,0,0
0,1,100685.6,11.73134,0,1,0,0,0,0,0,1,0,1,4.14344,0,1,0,1,0,0,0,1,0
0,4,15869.36,3.015583,1,1,1,0,0,1,1,0,1,0,9.39804,0,1,1,1,0,0,0,1,0
1,0,31038.27,9.217836,1,1,1,1,0,1,1,0,1,0,4.741795,0,1,1,0,1,0,0,1,0
1,0,13616.82,11.92718,0,1,1,1,0,1,1,1,1,0,10.28514,1,0,0,0,0,1,0,0,1
0,5,54482.53,10.28464,1,1,1,1,0,1,0,1,0,0,7.158287,1,0,0,1,0,0,0,0,1
1,2,56077.86,5.736246,0,1,1,0,1,0,0,1,1,1,5.387532,0,0,1,0,0,0,1,0,0
0,4,11204.06,11.84623,1,1,0,0,0,1,1,1,0,1,9.204657,1,0,1,0,1,0,0,0,0
0,3,34953.83,5.416477,0,1,1,0,0,1,0,0,1,0,15.56801,0,1,0,0,0,1,0,0,1
0,0,37218.44,10.03651,1,1,0,0,1,1,1,0,1,1,15.43828,0,0,0,0,0,0,0,0,1
0,4,90696.33,12.5181,0,1,0,1,1,0,1,0,1,0,10.56862,1,0,1,0,0,0,1,0,1
0,1,57667.86,7.787263,1,1,1,0,0,0,1,0,1,1,11.64763,1,0,0,0,0,0,0,1,0
1,3,5508.83,12.86713,0,1,1,0,0,1,0,0,1,1,4.638114,0,1,1,1,0,0,0,1,0
1,0,34538.89,5.275573,0,1,0,0,1,1,0,0,1,1,5.358251,1,0,1,0,1,0,0,1,0
0,3,28695.86,10.92665,1,1,0,1,0,0,0,0,0,0,2.526565,0,1,0,0,0,0,1,0,1
0,0,72718.86,6.855824,0,1,0,0,0,1,0,1,0,1,1.776605,0,1,0,0,0,0,1,0,0
0,4,28788.06,12.65971,0,1,0,0,0,0,0,1,0,1,4.762508,0,0,0,0,0,0,0,0,1
0,0,47800.15,11.11976,1,1,0,0,0,0,1,1,0,1,8.612943,0,1,0,1,0,0,0,1,0
0,1,22740.18,9.515036,1,0,1,0,1,0,0,1,0,0,19.19435,0,1,0,0,0,0,1,0,0
0,3,33916.31,8.18883,0,1,0,1,0,0,1,0,1,1,9.62756,0,0,0,0,0,1,0,1,0
1,0,40386,10.75178,0,1,0,0,0,1,1,1,1,1,5.360574,1,0,1,1,0,0,0,0,0
1,1,41141.29,10.53942,0,1,0,1,0,1,0,1,0,1,6.416264,0,1,0,0,1,0,0,1,0
1,4,36679.13,10.47542,0,1,0,0,1,0,0,1,0,1,3.924177,0,0,0,0,0,1,0,1,0
0,2,57552.27,13.07187,2,1,1,1,1,0,0,0,1,1,23.08359,0,0,0,0,1,0,0,1,0
0,1,17724.54,11.96023,1,1,1,0,1,0,0,0,0,1,3.424062,1,0,0,0,0,1,0,1,0
0,4,25209.97,11.4665,0,1,1,1,0,0,0,1,0,1,11.84721,0,1,1,0,1,0,0,0,1
0,4,58435.78,12.58439,0,1,1,0,0,0,1,0,0,1,17.19789,0,1,0,0,1,0,0,1,0
1,0,69335.71,5.619559,0,1,1,1,0,1,1,0,1,1,7.732188,0,1,1,0,0,0,1,1,0
0,0,25560.03,9.696893,1,0,1,0,0,1,1,1,0,1,7.621099,0,1,1,0,0,0,1,0,0
0,3,45662.68,7.832277,0,1,1,1,1,1,1,0,0,0,21.45305,0,0,1,0,0,0,0,0,0
1,1,31719.35,6.021087,1,1,1,1,0,0,0,0,1,1,3.648755,1,0,0,0,0,0,0,1,0
0,2,44295.41,9.984016,1,1,1,0,0,0,0,0,0,0,4.597088,1,0,1,0,0,0,1,1,0
0,1,60633.22,10.85863,0,1,0,0,1,1,1,0,1,0,18.80644,0,1,0,0,0,0,0,0,1
1,0,19167.82,12.08713,2,0,1,0,0,1,1,1,0,0,1.450971,0,0,1,0,0,0,0,1,0
1,1,59610.65,5.672413,0,1,0,1,1,0,0,1,0,0,3.152098,0,1,0,0,0,0,0,1,0
0,4,42496.34,8.34686,0,1,0,0,0,1,0,1,0,1,5.318865,1,0,1,0,0,0,0,0,1
1,1,1616.02,8.845497,0,1,1,0,1,1,0,0,1,1,19.6617,0,1,0,1,0,0,0,1,0
1,2,11673.7,15.51193,1,1,1,1,0,1,0,1,0,0,5.4817920000000004,0,1,0,0,0,0,0,1,0
1,3,80780.17,14.93255,0,1,0,0,1,0,1,1,1,0,6.038648,1,0,0,0,0,0,1,1,0
0,1,31592.8,15.22636,0,1,0,0,0,1,1,1,0,1,4.529842,0,0,0,0,1,0,0,0,0
0,2,62026.58,11.16644,1,1,0,0,1,0,1,0,0,0,18.08688,0,1,1,0,0,0,1,1,0
1,3,32386.97,12.22531,0,1,1,1,1,1,0,1,0,1,15.71625,1,0,0,0,0,0,0,0,1
0,0,43810.04,5.280207,0,1,1,0,1,1,0,1,0,0,27.44938,0,1,1,0,1,0,0,1,0
1,0,22418.92,13.73809,1,1,1,0,0,0,0,1,1,1,8.351399,0,1,1,0,0,0,0,0,1
1,0,26817.82,12.55686,2,1,1,0,0,0,0,0,1,1,2.569515,1,0,0,0,0,0,1,1,0
1,0,91355.72,17.41601,0,1,1,0,1,0,0,0,1,1,11.4264,0,1,1,0,1,0,0,1,0
1,0,16288.49,10.28871,1,1,1,1,0,1,0,0,1,0,13.163,1,0,1,1,0,0,0,1,0
1,4,15953.2,10.4603,0,1,1,0,0,0,0,0,1,0,2.057502,0,1,1,0,0,0,0,1,0
0,3,22413.89,12.20707,0,1,1,1,0,0,0,0,0,1,16.49093,1,0,0,0,0,0,1,1,0
1,4,7985.88,12.10548,1,1,1,0,1,1,1,0,1,1,1.359104,0,0,0,0,0,0,0,1,0
0,0,13308.45,13.26916,0,1,0,0,1,1,0,0,0,0,21.56869,0,1,1,0,0,1,0,1,0
0,1,37556.53,11.40316,0,1,1,0,1,1,0,0,0,1,11.21716,1,0,1,0,0,0,1,0,0
0,5,6484.19,4.472395,1,1,1,0,0,1,1,0,0,0,1.740498,0,1,1,0,0,0,0,0,1
0,2,5549.06,3.592153,0,1,0,1,1,0,0,0,0,1,6.023347,0,1,0,0,0,0,1,0,1
0,1,20755.11,10.37579,0,1,0,1,0,0,0,0,0,1,3.986525,0,1,0,0,1,0,0,1,0
1,1,33953.37,12.00063,1,1,1,1,1,0,0,1,1,1,2.857213,0,0,1,0,0,0,1,1,0
1,0,17165.11,14.57009,0,1,1,0,0,1,1,0,0,1,8.187262,0,1,0,0,1,0,0,1,0
1,2,4048.78,10.85527,0,1,0,0,1,0,1,1,1,1,3.155188,0,1,0,0,1,0,0,1,0
0,0,39335.12,7.186402,0,1,1,1,0,0,0,0,1,0,6.896176,0,1,1,1,0,0,0,1,0
0,2,97691.33,9.035069,0,0,0,0,0,1,1,0,0,0,13.9749,0,1,0,0,0,0,0,0,0
0,1,22788.79,12.97048,0,1,0,0,0,1,0,0,0,0,5.73054,0,0,0,0,0,0,0,1,0
0,4,20071.49,9.725327,1,1,0,0,1,0,1,0,0,1,9.068923,0,1,1,0,0,0,1,1,0
1,1,20297.39,11.52687,0,1,0,0,1,0,0,1,0,1,4.444135,1,0,0,0,1,0,0,1,0
0,0,42555.36,7.104746,1,1,0,0,1,0,0,0,0,1,2.921217,1,0,0,0,1,0,0,1,0
1,1,71843.2,6.911112,0,1,0,0,1,1,0,1,0,0,8.346499,1,0,1,0,0,0,0,1,0
0,0,23360.41,7.53133,0,1,0,0,0,0,0,0,0,1,3.662342,0,1,1,0,0,1,0,0,1
0,2,10331.03,8.754248,2,1,1,1,0,0,0,0,0,0,3.084418,0,1,0,0,0,1,0,1,0
1,3,39369.75,10.85287,0,1,1,0,0,0,1,1,0,1,11.16386,0,1,1,0,0,0,1,1,0
1,0,24813.82,10.86587,0,0,0,1,1,0,0,1,1,1,4.380312,0,1,1,0,0,1,0,1,0
1,1,7111.66,10.51656,0,1,1,0,1,0,0,1,0,1,8.096457,0,0,1,0,0,1,0,1,0
0,2,38862.22,11.39353,1,1,1,0,0,0,0,0,1,1,19.28984,0,1,0,1,0,0,0,0,0
0,1,51970.63,7.888059,1,0,0,1,0,0,0,1,0,1,21.20428,1,0,1,0,1,0,0,0,0
0,6,85194.69,8.566319,0,1,0,0,0,0,0,0,1,0,14.70766,1,0,0,0,1,0,0,0,1
1,0,37585.88,11.89774,0,1,1,1,1,0,0,1,1,1,12.00677,1,0,0,0,1,0,0,0,0
0,6,1109.71,13.24338,0,1,1,1,0,0,1,0,1,1,17.35639,1,0,0,0,0,0,0,1,0
1,1,79280.36,13.42226,1,1,0,0,1,0,1,1,0,0,5.886852,0,1,1,1,0,0,0,1,0
0,0,28384.6,13.01342,0,1,0,1,1,1,0,0,1,0,4.733989,0,1,1,0,1,0,0,0,1
0,0,103112.3,8.45345,1,1,1,0,1,0,1,1,0,0,7.281658,1,0,0,0,1,0,0,0,1
1,3,28758.05,8.656392,1,0,1,1,0,1,1,1,1,1,19.70229,1,0,0,1,0,0,0,0,0
0,0,98660.88,9.756543,2,1,1,0,1,0,0,0,0,0,9.543016,0,1,0,1,0,0,0,0,1
1,1,4647.27,9.062396,0,1,0,0,1,1,1,0,1,0,10.06945,0,1,1,0,0,0,0,1,0
0,3,87583.09,9.6815,0,0,1,1,1,1,0,0,0,0,10.6052,1,0,0,0,0,1,0,0,1
0,2,32719.05,9.566777,0,1,0,0,0,0,1,0,1,0,10.78369,0,1,0,0,0,0,1,1,0
0,2,28965.11,11.99308,0,0,0,1,0,1,1,0,0,1,1.453022,1,0,1,0,1,0,0,0,0
1,4,18071.91,11.29955,0,1,0,0,0,1,0,1,0,0,7.138798,1,0,0,0,1,0,0,0,0
1,0,57982.69,7.607505,0,0,1,1,0,1,0,1,1,0,3.59353,0,1,1,0,1,0,0,0,1
0,1,12281.76,17.50485,0,0,0,1,0,0,1,1,0,0,7.150962,0,0,0,0,0,1,0,1,0
0,0,6574.26,10.82807,1,1,1,1,0,1,1,1,0,1,4.740006,1,0,0,0,0,1,0,0,1
0,1,49074.95,12.04308,0,1,0,0,0,0,0,1,1,1,14.74415,0,1,1,0,0,0,0,0,0
1,3,42118.19,13.48891,0,1,0,0,0,1,1,1,1,1,6.933201,0,1,0,1,0,0,0,0,0
0,4,64478.9,9.983428,0,1,1,1,0,0,0,0,0,0,8.846877,1,0,1,0,0,0,1,0,1
0,0,84147.24,10.91458,0,1,0,1,0,1,0,0,0,0,16.26349,0,1,1,0,0,0,0,0,1
0,1,24395.37,6.311405,0,1,1,1,1,0,0,0,0,0,14.74297,1,0,0,1,0,0,0,0,1
0,4,86105.44,10.90014,0,0,1,0,0,0,0,1,0,1,9.298353,0,1,0,0,0,0,1,0,0
1,2,32710.04,6.272973,0,1,1,1,0,0,1,1,1,0,7.83307,1,0,0,0,1,0,0,0,1
0,1,33413.26,9.736163,2,1,0,0,0,0,0,0,0,1,1.773271,1,0,1,0,0,0,1,0,1
0,2,57341.94,10.8713,1,0,0,1,1,1,0,1,0,1,9.396957,1,0,0,1,0,0,0,0,1
0,3,22358.24,11.49192,0,1,1,0,1,1,1,0,0,0,19.95038,0,1,1,0,0,0,0,0,1
0,3,10280.98,11.56647,0,1,1,0,1,0,1,0,1,1,19.13997,0,1,0,0,0,1,0,1,0
0,4,90112.25,10.66691,0,1,1,1,1,0,0,0,1,0,8.631838,1,0,0,0,1,0,0,0,0
0,1,20471.67,12.82303,0,1,1,1,1,1,0,0,1,1,6.597395,0,1,0,0,1,0,0,0,1
0,1,22267.09,9.686691,0,1,1,0,0,1,0,0,0,1,10.8378,0,0,0,0,0,0,1,0,1
0,2,15896.91,8.919655,0,1,0,1,0,1,1,1,0,0,9.986555,0,0,1,0,0,0,0,1,0
0,0,77348.17,5.099722,0,1,1,0,0,0,1,0,0,0,5.27717,1,0,0,0,0,1,0,0,0
0,1,25600.39,10.95046,1,1,0,1,1,0,0,0,1,1,12.90094,1,0,0,0,0,0,0,0,1
1,0,63127.05,9.433863,0,1,0,0,0,0,0,1,1,1,7.303501,1,0,1,0,1,0,0,1,0
0,4,31393.24,11.95891,0,1,0,0,1,0,1,0,0,0,4.10653,1,0,0,0,0,0,0,1,0
1,1,44776.03,5.891678,1,1,1,1,0,1,1,1,0,1,24.848020000000002,0,1,0,0,1,0,0,1,0
1,2,15584.37,10.72976,0,1,0,0,0,0,1,1,1,0,8.443528,0,1,0,0,1,0,0,1,0
0,3,29334.74,11.05431,1,0,1,0,0,0,1,0,0,1,13.33383,0,1,0,1,0,0,0,0,1
1,0,4191.82,7.351756,0,1,1,0,0,1,0,1,1,0,1.280342,0,0,0,0,0,0,1,0,0
1,1,7582.93,15.43566,1,1,0,1,1,0,0,0,1,1,16.76542,0,1,0,0,0,0,0,1,0
0,1,43187.68,10.67355,0,1,0,1,0,0,0,1,0,1,16.03441,0,0,1,0,0,0,0,0,1
0,0,5391.05,8.964173,0,0,0,1,0,0,1,0,1,1,10.85354,1,0,1,1,0,0,0,0,1
1,0,32617.88,3.630705,0,0,1,1,1,0,1,1,0,1,6.394005,1,0,1,1,0,0,0,1,0
1,0,51544.62,8.39742,0,1,1,1,1,1,1,0,0,1,5.72421,1,0,1,1,0,0,0,1,0
0,2,28082.58,8.593495,0,1,0,0,1,0,0,1,1,0,2.317456,0,0,1,0,0,1,0,0,1
0,1,43656.7,7.144546,0,1,0,0,0,0,0,0,0,0,3.895605,0,1,0,0,0,1,0,1,0
1,3,38742.66,11.66628,0,1,1,0,1,1,0,0,1,1,2.840185,0,1,0,0,0,0,1,0,0
0,1,53940.16,12.71615,0,1,1,1,0,1,0,1,0,0,5.63355,0,0,0,0,0,1,0,0,0
0,1,33917.44,10.55797,1,1,0,1,0,0,0,0,1,1,2.021619,0,1,1,0,0,0,1,1,0
1,7,35820.71,7.873264,2,1,1,1,1,0,1,0,0,1,14.60884,0,1,0,0,0,0,1,1,0
0,1,22872.65,5.936265,0,1,0,0,0,1,0,0,0,1,6.38998,0,1,1,0,1,0,0,0,0
1,4,31660.74,11.94572,1,0,0,1,1,1,1,0,1,0,23.12261,0,0,1,0,0,1,0,1,0
0,2,24031.87,9.04486,0,1,0,1,0,1,0,1,0,0,9.521766,0,0,0,1,0,0,0,0,1
1,2,35764.01,11.36004,0,1,1,1,0,1,0,1,1,0,8.642257,0,1,1,1,0,0,0,1,0
1,0,9823.4,8.527507,0,1,0,0,1,0,0,1,1,1,5.760318,0,0,1,0,0,0,0,1,0
0,0,25103.37,7.705577,0,1,0,1,0,0,0,0,1,0,16.05802,0,1,1,0,0,1,0,1,0
1,0,3492.34,10.19444,0,0,1,1,1,0,0,1,1,1,10.56737,0,1,0,0,0,0,1,1,0
0,2,23460.04,13.7038,1,0,1,0,0,1,1,0,0,0,9.570397,1,0,1,0,0,1,0,0,0
0,4,31889.03,14.24164,0,1,0,1,0,0,0,1,0,1,11.29098,1,0,0,0,0,1,0,0,1
0,0,30213.21,7.913408,1,1,0,0,0,0,0,1,0,0,2.407697,0,1,0,0,1,0,0,0,1
0,1,18846.09,12.56004,0,1,0,0,0,1,0,1,1,1,6.391286,0,1,1,0,1,0,0,0,0
0,1,18247.04,13.14072,1,1,1,0,1,0,1,0,0,0,10.92718,0,1,0,1,0,0,0,1,0
1,2,67258,10.36244,0,0,1,0,1,1,1,0,0,1,11.18714,0,1,1,0,0,0,1,1,0
1,3,44238.22,9.252428,0,1,0,1,1,0,0,1,0,0,2.368597,0,1,1,0,0,0,0,1,0
1,4,46451.52,11.48758,0,0,1,0,0,0,0,1,0,0,1.364515,1,0,0,0,0,0,0,0,0
1,0,26074.94,9.27668,0,1,0,0,0,1,1,1,1,1,13.77358,0,1,0,0,1,0,0,0,1
0,1,28367.56,10.94208,0,1,0,1,0,0,0,1,0,1,4.415788,0,1,1,0,0,0,1,0,0
0,4,64727.28,14.06211,0,1,0,0,0,0,1,0,0,1,5.855481,1,0,0,1,0,0,0,0,0
0,1,14224.4,11.16205,0,1,1,1,0,0,0,0,1,1,1.216309,0,0,1,0,0,0,0,0,0
0,0,32185.18,8.802883,0,1,1,1,0,1,0,1,0,0,5.638782,0,1,0,0,1,0,0,1,0
0,0,16494.19,8.43273,0,1,0,1,1,0,0,0,0,0,9.534696,0,1,1,0,1,0,0,0,1
1,2,56844.86,12.18916,0,1,1,1,1,0,0,0,1,0,15.37783,0,0,1,0,0,1,0,1,0
0,5,26072.74,12.1069,0,1,1,1,0,0,0,1,0,0,3.857792,1,0,1,0,1,0,0,0,0
1,2,18231.57,10.52034,0,1,0,0,0,0,0,1,1,0,13.57249,0,0,1,0,0,0,0,1,0
1,4,35924.8,2.924418,1,1,1,1,1,0,0,0,0,0,7.565171,1,0,0,0,0,1,0,1,0
1,3,43471.21,13.65097,1,1,1,1,0,1,0,1,1,0,19.49059,1,0,1,0,0,0,1,0,1
0,0,48188.1,10.77322,0,1,0,0,0,1,0,0,1,0,17.39814,0,1,0,0,0,1,0,1,0
1,4,40957.31,3.977098,0,1,1,1,1,0,1,1,1,1,1.273256,0,0,0,0,1,0,0,0,0
1,6,54411.48,9.078472,0,1,0,0,0,1,1,0,1,0,2.871903,1,0,0,1,0,0,0,0,1
0,3,30261.27,11.14141,1,1,0,0,0,0,0,1,0,0,3.443373,0,1,1,0,0,0,1,1,0
1,1,23804.97,10.1896,0,0,0,0,1,1,0,1,1,1,1.110729,0,0,1,0,0,1,0,1,0
0,3,15137.08,10.21358,0,1,1,0,0,0,0,0,1,0,10.45425,0,1,1,0,1,0,0,0,0
1,1,27953.84,9.577273,0,1,1,0,0,1,1,0,1,0,3.613491,0,1,0,0,0,0,0,1,0
1,0,24008.52,14.56157,0,1,1,0,1,1,0,0,0,1,5.799929,0,1,1,0,0,0,1,1,0
0,2,24799.72,14.69987,0,1,0,0,0,1,1,0,0,0,3.636783,0,1,1,0,0,0,1,1,0
0,4,29696.18,15.15798,0,1,0,1,0,1,0,1,0,0,2.149118,0,0,0,0,0,1,0,0,1
1,3,47854.43,11.04991,1,0,0,0,0,1,1,1,0,0,11.6573,0,1,0,1,0,0,0,1,0
0,0,22879.56,12.2544,0,1,0,0,1,0,0,0,1,0,4.283128,1,0,0,0,1,0,0,0,1
0,4,12002.38,13.54895,1,1,0,0,0,0,0,1,0,1,18.21715,1,0,1,0,1,0,0,1,0
1,2,71254.24,11.303,1,1,0,1,0,0,0,1,1,1,20.87125,0,0,0,0,1,0,0,1,0
0,0,21061,7.908634,1,1,0,1,0,0,1,0,1,1,8.83974,0,1,0,0,1,0,0,0,1
0,2,1062.32,6.742667,1,0,0,0,1,1,1,0,0,1,10.86612,0,0,0,0,0,1,0,1,0
1,1,7401.68,5.864437,0,1,0,0,1,1,0,1,0,0,12.38916,1,0,0,0,0,0,1,1,0
1,7,15012.17,9.70902,0,1,1,1,0,0,0,0,0,0,7.934658,0,1,1,1,0,0,0,1,0
0,2,46991.33,11.70459,0,1,0,0,0,0,0,0,1,1,28.31146,0,0,0,1,0,0,0,0,0
0,0,12174.49,14.81462,0,1,1,0,1,1,0,0,0,0,10.55165,1,0,1,0,1,0,0,1,0
1,1,17570.65,11.75305,0,1,1,0,0,1,1,0,0,1,2.353582,0,1,1,0,0,0,0,1,0
0,7,23216.52,9.369939,0,1,0,0,0,1,1,0,0,1,1.295137,0,0,0,0,1,0,0,1,0
0,0,50827.4,5.274854,1,1,1,1,0,0,1,0,0,1,7.863565,0,0,1,0,0,1,0,0,0
1,1,30433.22,7.860547,0,1,1,1,1,0,1,0,0,0,9.321719,1,0,0,0,1,0,0,1,0
0,1,30034.37,10.4704,1,1,1,1,1,1,0,0,0,0,4.561449,0,1,0,0,0,0,1,1,0
0,3,55271.5,11.07053,0,1,0,0,1,0,1,0,0,0,4.278123,0,1,1,1,0,0,0,1,0
0,0,18107.56,12.86633,1,1,0,0,1,0,1,0,0,1,5.876252,0,0,0,1,0,0,0,1,0
0,3,60246.56,14.88587,1,1,1,0,0,0,0,0,0,0,4.674127,0,0,1,0,1,0,0,1,0
0,2,31991.43,10.94084,0,0,0,1,1,0,0,0,0,1,2.912281,0,1,1,0,0,0,1,1,0
0,7,38154.75,10.34109,0,1,0,1,1,1,0,0,0,1,5.115763,0,0,0,1,0,0,0,0,1
0,4,29179.15,7.449366,0,1,1,1,1,0,0,0,1,1,3.911083,0,0,0,0,0,0,1,0,0
1,0,20454.49,8.80106,0,1,0,0,0,0,0,1,0,0,5.096104,1,0,0,1,0,0,0,1,0
0,2,52531.68,4.033514,1,0,1,0,0,0,0,0,0,1,11.30129,0,0,1,0,0,0,0,1,0
0,0,18346.56,11.63789,0,1,0,1,0,0,1,0,1,1,33.6803,0,0,1,0,0,0,0,1,0
0,1,21741.59,10.03618,0,1,0,1,1,0,0,0,0,1,16.66607,1,0,1,0,1,0,0,0,0
0,3,35306.17,7.902938,0,1,0,0,1,0,0,0,1,1,16.15713,0,1,0,0,0,0,0,0,0
0,5,30933.38,5.692916,0,1,1,0,1,1,0,1,0,1,2.976407,0,1,0,0,0,1,0,1,0
1,1,14917.11,12.14053,0,1,1,1,0,0,0,0,0,1,3.235443,1,0,0,0,0,0,0,1,0
0,3,22963.6,11.96522,0,1,0,0,1,1,0,1,1,0,13.59261,0,0,0,0,0,0,0,0,1
0,1,46339.12,5.257295,1,1,1,1,0,0,0,0,1,1,4.560311,1,0,1,0,0,0,1,0,1
0,0,21918.44,8.818958,0,1,0,1,0,1,0,1,0,1,20.34377,0,0,0,0,0,0,0,0,0
0,0,19384.87,11.31459,0,1,0,0,0,1,0,1,0,0,20.86192,0,1,1,0,0,0,1,0,0
0,5,30113.06,10.23011,0,1,1,1,1,0,0,0,0,0,11.92723,0,1,1,1,0,0,0,0,0
1,2,34620.48,7.164228,1,1,1,1,0,0,0,1,0,0,8.116071,0,1,1,0,1,0,0,1,0
1,3,17176.57,8.619073,0,1,1,1,1,1,0,0,0,1,7.490867,0,1,1,0,0,0,0,1,0
0,2,12498.28,9.032718,0,0,1,1,0,0,1,1,0,0,9.447103,0,0,1,0,0,0,1,0,0
0,0,41250.17,10.2122,0,1,0,0,1,0,1,0,1,1,5.848803,0,1,0,1,0,0,0,1,0
1,2,26175.98,13.23246,0,1,0,0,0,0,1,0,1,0,7.283366,1,0,0,0,0,0,1,1,0
1,1,66253.35,7.499925,0,1,0,0,1,0,1,0,1,0,1.866832,0,0,0,0,0,0,0,1,0
1,1,17835.23,10.52728,0,1,0,0,0,1,0,1,1,1,2.240146,0,0,1,0,1,0,0,1,0
0,2,78748.75,7.292793,0,0,0,1,0,1,0,1,0,0,1.671807,0,0,1,0,0,1,0,0,1
1,1,10124.99,5.058771,2,1,0,0,0,0,0,0,1,1,10.35779,1,0,0,0,0,1,0,1,0
0,0,8058.36,13.70368,0,1,0,0,1,1,1,0,1,0,22.52336,1,0,1,0,0,0,0,1,0
0,3,36755.73,11.41099,0,1,1,0,1,1,0,1,0,0,15.84313,0,0,0,0,0,0,1,0,1
1,4,31693.07,12.21299,0,1,1,0,1,0,0,0,1,0,16.64015,1,0,1,0,0,1,0,1,0
1,4,85352.98,11.02262,0,1,1,0,1,1,0,1,1,1,17.18815,1,0,0,0,0,0,1,0,1
1,7,10773.24,7.381825,0,1,0,0,0,1,0,0,0,1,2.14479,1,0,1,0,1,0,0,0,0
1,1,25009.73,12.10369,0,1,0,1,0,1,0,0,1,1,5.88788,0,1,1,0,1,0,0,1,0
1,4,41831.89,13.45145,1,1,1,0,1,1,0,1,1,1,11.21368,0,0,0,1,0,0,0,1,0
0,3,61022.41,10.38191,0,1,0,0,1,0,1,0,0,1,5.213752,0,1,1,0,0,1,0,1,0
0,0,17116.5,15.09047,0,1,0,0,1,0,1,1,0,0,1.215614,1,0,1,1,0,0,0,0,0
0,0,45150.63,14.61731,0,1,0,1,0,0,0,1,0,1,11.70321,1,0,0,1,0,0,0,1,0
1,0,7141.05,15.96237,0,1,0,1,0,1,1,1,0,0,7.2247,0,1,0,0,0,0,1,1,0
1,4,36983.01,7.872305,0,1,1,1,1,0,1,0,0,0,4.548296,1,0,1,0,0,1,0,1,0
1,1,84067.95,7.742301,0,1,1,0,0,0,1,0,1,1,19.2087,0,1,0,0,0,0,1,1,0
0,0,25338.56,11.62413,2,1,1,0,0,0,0,1,0,0,4.087832,1,0,0,0,0,0,1,0,1
0,2,42848.92,10.08263,0,1,0,1,0,0,0,0,0,1,1.177776,0,0,0,0,0,1,0,1,0
0,4,1987.78,4.234589,0,1,0,0,0,1,0,0,1,1,12.75835,1,0,0,0,0,0,1,0,0
0,0,12050.23,9.250838,0,1,0,0,0,1,0,0,0,0,3.079288,1,0,1,0,1,0,0,0,0
0,1,20318.27,4.533903,1,1,0,0,0,0,0,0,0,1,7.116216,0,1,1,0,1,0,0,1,0
0,4,35738.68,7.875203,0,1,0,0,1,1,1,0,1,1,7.735821,0,1,1,0,0,0,0,1,0
1,0,62575.22,4.259613,0,1,0,1,0,0,1,0,1,0,4.473582,1,0,1,0,0,1,0,1,0
1,0,19168.31,9.946962,0,1,1,0,1,1,1,0,1,1,4.926111,0,1,1,0,0,1,0,1,0
1,2,17038.61,12.52276,0,1,0,0,1,0,0,1,1,1,16.22394,0,0,0,0,0,0,0,0,1
0,1,55120.82,13.50565,1,0,1,0,0,1,0,0,1,1,13.05964,1,0,1,0,1,0,0,0,0
0,4,94629.64,10.30866,0,1,0,0,1,1,0,0,0,0,20.87922,1,0,0,0,0,1,0,1,0
0,0,40870.51,11.86638,0,1,0,0,1,0,0,0,1,0,13.07421,1,0,1,1,0,0,0,0,0
1,0,13813.36,11.5956,0,1,1,1,0,0,1,0,1,1,5.645298,1,0,1,0,0,0,0,1,0
0,4,28894.68,5.672909,0,1,0,0,0,1,1,1,0,0,19.91179,0,1,0,0,0,1,0,0,0
0,5,55714.69,14.17798,0,1,1,1,1,1,0,1,0,1,7.488398,0,1,1,0,0,1,0,0,1
0,1,59346.15,8.316636,1,0,1,0,1,1,0,1,0,1,10.07156,0,1,0,0,0,0,0,0,0
0,3,22780.89,8.278435,1,1,1,0,1,0,1,0,1,1,22.7117,0,0,0,1,0,0,0,0,0
1,4,20592.92,9.591346,0,0,1,0,0,0,1,1,0,1,14.7094,0,1,1,0,0,0,0,1,0
0,0,25857.74,6.996759,0,1,0,0,1,0,1,0,0,1,17.02059,0,1,0,0,1,0,0,1,0
0,3,8528.16,9.760727,2,1,1,1,0,1,0,0,0,0,18.81173,0,1,1,0,0,0,0,0,0
1,2,68426.04,9.128286,0,1,1,1,1,1,0,1,1,1,16.55879,1,0,1,0,0,1,0,0,1
1,4,77751.56,9.30537,0,1,1,0,0,0,1,1,1,0,2.657783,0,1,1,0,0,0,1,0,1
1,4,74229.42,3.936842,1,1,1,1,1,0,0,0,1,1,12.29093,0,1,0,0,0,0,1,1,0
1,0,15905.44,12.18608,0,0,1,0,1,1,1,1,1,0,5.962119,0,1,1,0,0,1,0,1,0
1,3,39804.48,4.167453,1,1,0,1,1,1,1,1,1,0,3.831822,0,1,1,0,0,1,0,0,1
0,7,40512.96,5.835383,0,1,1,1,0,0,0,1,0,1,7.374499,0,1,1,0,1,0,0,0,0
1,3,9708.23,11.22367,0,1,1,1,0,0,0,1,1,1,8.980916,1,0,0,0,1,0,0,1,0
1,2,38186.34,14.66477,0,1,0,0,0,0,0,1,0,1,16.05745,1,0,0,0,0,0,1,1,0
0,0,96898.83,9.063174,0,1,1,0,0,0,0,1,0,0,20.7012,0,1,0,0,1,0,0,0,1
0,2,16964.77,16.37914,0,1,0,0,0,0,1,0,1,0,8.462066,0,1,0,0,0,0,1,1,0
1,3,40195.57,11.82811,1,1,0,0,0,0,0,0,1,1,7.646165,0,0,0,0,0,1,0,1,0
0,6,31997.45,10.77527,1,1,0,1,0,0,0,1,0,1,7.704545,1,0,0,1,0,0,0,0,0
0,2,11529.46,12.26166,0,1,1,0,0,1,1,0,0,1,3.767302,0,1,1,0,0,1,0,1,0
1,2,8406.68,6.042225,0,1,1,0,0,0,0,1,1,0,2.560691,0,0,0,1,0,0,0,1,0
0,3,9030.67,6.801813,1,1,0,0,1,0,0,0,0,1,5.095356,1,0,0,1,0,0,0,0,0
0,1,7382.53,2.431461,0,1,0,0,1,1,0,0,0,0,2.531394,1,0,1,0,1,0,0,1,0
1,3,2842.7,9.6523,0,1,0,0,0,1,1,1,1,1,3.811111,0,0,0,0,1,0,0,0,0
0,1,73952.76,15.99328,0,1,1,0,0,1,0,1,0,0,12.80172,0,1,0,0,0,0,0,1,0
1,1,14666.27,13.62518,0,1,1,0,1,1,0,1,0,1,4.610249,1,0,0,0,0,1,0,1,0
0,0,12191.65,10.17652,0,1,0,0,1,0,0,0,1,1,16.69091,0,1,1,0,0,1,0,1,0
1,4,23838.68,8.892449,0,1,1,0,0,1,0,0,1,1,8.249394,0,1,0,1,0,0,0,0,1
0,1,5660.44,9.636285,1,1,0,0,0,1,1,1,0,0,11.70988,1,0,1,0,0,1,0,0,1
1,4,64905.5,10.93233,1,1,1,0,1,0,0,1,1,1,10.33785,1,0,1,0,0,0,1,1,0
1,1,31192.93,9.422323,1,1,1,1,1,1,1,1,1,0,10.81182,0,1,0,0,0,0,1,0,1
0,2,9467.94,7.494062,0,1,1,1,0,0,0,0,1,0,6.864699,1,0,0,0,0,0,0,0,1
1,1,29614.14,14.90844,0,1,1,0,1,1,0,0,1,1,4.745801,1,0,0,1,0,0,0,0,1
1,0,20532.13,12.76985,0,1,0,0,1,1,0,1,1,1,3.613493,1,0,0,1,0,0,0,0,0
1,0,43579.88,12.00434,1,1,1,0,0,1,0,1,1,0,6.830372,0,1,1,0,0,1,0,0,1
0,3,39954.22,9.261979,1,1,1,1,1,1,0,1,0,0,12.50785,0,0,0,0,0,0,0,1,0
0,1,50525.8,5.491044,0,1,0,1,1,0,0,1,0,1,14.1842,1,0,0,0,0,0,1,1,0
1,2,26317.3,11.67333,0,0,1,1,1,0,0,1,1,0,17.16447,1,0,1,0,0,0,0,1,0
1,4,17942.27,10.35534,1,1,0,0,0,1,1,1,1,0,4.297488,1,0,0,0,0,0,1,1,0
1,5,59065.06,7.908482,1,1,0,0,1,1,0,0,1,1,5.306649,0,1,1,1,0,0,0,1,0
1,4,11989.65,13.48068,0,1,1,0,1,1,1,0,1,1,10.13181,1,0,0,0,0,1,0,0,0
1,7,17656.58,11.14381,1,1,0,1,0,1,1,1,1,1,9.345696,0,0,0,0,0,0,0,0,0
1,6,13760.2,9.606129,0,1,0,1,1,1,1,1,1,1,1.124104,0,1,1,0,0,0,0,1,0
0,0,62496.87,11.76887,0,1,0,0,0,1,0,1,0,0,1.361282,0,0,0,1,0,0,0,0,1
1,2,73661.69,10.27807,0,1,0,0,0,1,1,1,1,1,2.555762,0,0,1,0,0,0,1,1,0
0,0,29693.06,14.58138,0,0,0,1,0,0,0,1,1,0,27.84191,1,0,0,0,0,0,1,0,0
0,3,7016.66,6.913914,0,1,1,0,0,1,0,0,0,0,18.2864,0,1,1,0,0,1,0,1,0
1,1,94926.96,12.63304,0,1,0,1,0,1,0,1,1,1,2.002856,0,1,1,1,0,0,0,1,0
1,2,24989.2,12.70325,1,0,1,1,1,0,1,0,1,0,17.05378,0,1,1,0,1,0,0,0,1
1,0,34547.55,11.26004,1,1,1,0,1,1,0,0,0,1,3.998314,1,0,1,1,0,0,0,1,0
0,1,62362.97,11.98742,0,1,1,0,1,1,1,1,0,0,4.636111,0,0,1,0,0,0,1,0,1
0,2,90486,13.54487,0,1,1,1,1,0,0,0,0,0,9.573255,0,1,0,0,0,1,0,1,0
0,2,46336.84,8.760632,1,1,1,1,0,0,1,0,0,1,6.483314,0,1,1,0,1,0,0,1,0
0,0,23660.53,13.85192,2,1,0,0,0,0,1,0,1,1,18.76931,1,0,0,0,1,0,0,1,0
1,1,27942.44,10.55184,1,1,1,0,0,0,0,1,0,1,14.09379,0,1,0,0,0,0,0,1,0
1,0,12181.61,12.17617,0,1,1,0,1,0,0,1,0,0,12.00591,0,1,1,1,0,0,0,1,0
0,0,8080.22,11.35664,0,1,0,0,0,1,1,1,0,0,14.56715,0,0,0,1,0,0,0,1,0
0,2,50653.9,15.81564,0,1,0,1,1,0,1,0,0,1,3.263347,0,1,0,0,0,1,0,1,0
0,0,52962.98,10.77601,1,0,0,0,1,0,0,0,0,0,9.147346,0,0,0,0,0,0,0,0,1
1,3,80948.63,10.16394,0,1,1,0,1,0,1,0,1,0,7.61586,1,0,1,0,1,0,0,1,0
0,1,12259.5,6.119731,0,1,0,0,0,0,1,0,0,1,21.97517,0,1,0,1,0,0,0,1,0
0,3,14480.31,6.722515,0,1,0,1,0,0,0,0,1,0,8.249104,0,0,1,1,0,0,0,1,0
1,0,33371.16,13.89541,0,1,1,1,0,0,1,1,1,0,5.738405,0,1,1,1,0,0,0,0,1
1,6,24940.42,14.0011,0,1,1,0,1,1,1,0,1,1,7.232429,1,0,0,0,1,0,0,1,0
1,2,53627.3,9.206239,1,1,0,1,1,1,0,1,1,1,3.895892,1,0,1,0,0,0,0,1,0
0,0,49870.24,7.574928,0,1,1,0,1,1,1,0,0,1,2.440105,0,0,0,0,1,0,0,0,1
0,0,20931.13,11.41193,1,1,0,0,0,0,0,1,0,1,2.110607,0,0,0,0,0,0,0,1,0
1,3,38734.57,14.65844,0,1,0,1,1,0,0,1,0,0,11.62388,0,1,1,0,1,0,0,1,0
1,2,77124.99,9.069088,0,1,0,0,1,1,0,1,0,1,9.932123,1,0,1,0,0,1,0,1,0
0,2,38202.86,7.721245,1,1,0,0,0,0,0,1,0,0,21.06092,1,0,1,1,0,0,0,0,1
0,3,51404.81,4.399978,1,1,1,1,1,1,0,1,0,0,12.13947,0,1,1,0,1,0,0,0,0
0,2,38178.91,8.610443,1,1,0,0,0,0,0,1,0,0,6.192078,0,1,1,0,0,0,1,1,0
0,1,33561.56,10.10955,0,1,1,0,0,0,0,0,0,1,10.52734,1,0,0,0,0,1,0,1,0
0,4,31243.64,7.3971730000000004,2,1,1,1,0,0,0,0,1,1,17.78769,0,0,1,1,0,0,0,1,0
0,1,16230.41,11.35369,0,1,1,0,0,0,0,1,0,1,18.59752,1,0,1,0,1,0,0,0,0
0,1,25532.43,11.43322,0,1,0,0,0,0,0,1,0,0,8.284386,1,0,0,0,0,0,1,0,0
0,1,9204.72,11.13231,0,1,0,0,1,1,0,0,0,1,21.47001,1,0,0,0,1,0,0,1,0
0,0,31776.75,6.8073,0,1,1,0,0,0,0,1,0,1,4.534691,0,1,0,0,0,0,1,0,1
1,0,37494.5,9.773637,0,1,1,1,1,1,0,0,1,1,10.86482,1,0,0,0,0,0,1,0,0
0,2,45904.79,10.30529,1,1,1,0,0,0,1,0,0,0,2.138612,0,1,0,0,1,0,0,1,0
1,3,7920.44,8.638334,1,1,1,0,1,0,0,1,1,1,2.771756,1,0,0,0,0,0,1,1,0
0,4,78568.26,12.7259,0,1,0,0,0,0,0,0,0,1,12.31648,0,1,0,0,1,0,0,0,1
0,1,39163.8,13.8026,0,1,1,1,1,1,1,0,0,1,10.33427,0,1,0,0,0,0,0,0,0
1,5,50083.6,11.1957,2,1,1,0,1,0,0,1,1,1,9.742042,0,0,0,0,0,1,0,0,1
1,1,41299.07,11.97677,0,1,0,0,1,0,0,1,1,1,7.852216,0,0,0,1,0,0,0,1,0
1,5,70822.64,7.594165,0,1,1,0,0,0,0,1,1,1,10.03423,0,1,1,0,0,0,0,1,0
1,4,33347.6,12.42915,0,1,1,0,1,0,0,1,0,1,2.93932,0,1,0,0,0,0,0,0,0
0,2,26987.5,10.83217,0,1,1,0,1,0,0,0,0,0,6.893142,1,0,1,1,0,0,0,1,0
0,2,70775.57,11.17967,0,1,1,1,1,0,1,0,1,0,2.719751,0,0,1,0,0,0,0,0,1
1,0,23953.2,3.779416,1,1,0,0,1,1,0,1,0,1,12.674,0,0,1,1,0,0,0,1,0
0,3,72791.51,9.218716,1,1,1,0,1,0,1,0,0,1,5.446201,0,1,1,0,0,0,1,1,0
1,1,36269.92,14.1032,0,0,0,1,1,0,0,1,1,1,14.26858,0,1,0,0,1,0,0,1,0
1,2,54288.64,13.25958,0,1,1,0,0,0,1,1,1,0,2.504861,0,1,1,0,0,0,0,1,0
0,1,21405.99,9.854506,0,1,1,0,0,1,1,0,0,1,7.100883,0,1,0,0,1,0,0,1,0
1,0,57641.23,8.776299,0,1,1,1,0,1,1,1,0,0,10.45843,0,1,0,0,0,0,0,1,0
1,0,57667.78,10.59311,1,1,1,0,1,0,0,1,0,0,21.42092,0,1,0,1,0,0,0,1,0
0,0,14746.24,13.24212,0,1,0,1,0,0,0,0,0,1,34.49234,1,0,0,0,0,0,1,1,0
0,1,30805.5,7.379511,0,1,0,0,0,1,0,1,1,0,5.799375,0,0,1,1,0,0,0,0,1
0,2,48176.26,10.19102,0,1,0,0,0,0,0,1,0,1,6.072026,1,0,1,0,0,0,0,1,0
0,2,8519.2,11.45584,0,1,1,0,0,1,0,0,1,0,14.36438,0,1,1,1,0,0,0,0,0
1,1,54406.78,11.22655,1,1,1,1,0,0,0,1,1,0,2.017622,0,1,0,1,0,0,0,0,0
1,4,16156.43,5.511326,0,1,0,0,1,0,0,1,1,0,9.643609,1,0,1,0,0,0,1,0,1
1,4,16383.33,10.8419,1,1,0,0,0,0,1,1,1,0,9.373591,0,1,1,0,0,1,0,1,0
0,2,13162.55,15.68142,0,1,0,0,0,0,0,0,1,1,1.481935,0,1,0,0,0,1,0,0,1
0,0,21122.11,6.158194,2,1,0,0,0,1,0,1,0,1,14.8386,0,0,0,1,0,0,0,1,0
1,2,36227.83,7.029407,0,1,1,0,0,0,0,0,0,0,4.180338,1,0,1,0,0,1,0,1,0
0,0,23599.71,12.83477,0,1,0,0,1,0,0,1,0,0,2.664026,0,1,1,0,0,0,0,0,1
0,1,41467.24,5.287302,0,1,1,1,1,1,0,0,0,0,9.621889,0,1,1,0,1,0,0,0,1
0,3,4196.99,8.949569,2,1,0,0,0,0,0,0,1,0,11.09994,0,1,0,0,0,0,1,0,1
1,1,102089.7,12.09225,0,1,0,0,1,0,1,1,1,0,7.623523,0,1,0,0,0,0,1,1,0
0,3,28902.72,9.046658,0,1,0,0,1,1,0,0,0,0,12.7637,0,1,1,0,0,1,0,1,0
1,1,34945.56,6.281176,0,1,1,0,1,1,0,0,1,1,31.44123,0,1,1,1,0,0,0,1,0
0,0,41481.81,9.593068,0,1,0,0,0,0,1,0,0,1,7.097053,0,1,1,0,0,0,0,1,0
0,4,30783.19,14.14099,0,0,1,0,1,1,1,1,0,0,4.570915,1,0,0,0,0,1,0,0,1
1,4,29559.75,7.408283,0,1,1,1,0,1,1,1,1,1,3.590398,0,1,0,0,0,1,0,1,0
1,1,13233.4,12.4846,0,1,1,1,1,0,0,0,1,1,12.5247,0,1,1,0,0,0,1,1,0
0,1,16550.24,13.58291,0,1,0,0,1,1,0,0,0,1,1.005104,0,0,0,1,0,0,0,0,0
1,4,13597.74,7.9416079999999996,0,1,0,0,1,1,1,0,1,1,6.165028,0,1,0,1,0,0,0,0,1
1,1,68443.57,9.884995,0,1,0,0,0,0,0,1,1,0,20.66493,1,0,1,1,0,0,0,1,0
0,1,33013.26,5.663218,1,1,0,1,0,0,1,1,0,0,15.39326,1,0,0,0,0,1,0,0,1
0,0,28814.47,6.900384,0,1,1,0,0,1,0,0,0,0,28.2824,1,0,1,0,0,1,0,1,0
0,3,49497.16,15.81274,1,1,1,0,0,0,0,1,0,0,4.72236,0,1,0,0,1,0,0,0,0
0,3,5986.91,9.781433,0,1,0,1,1,0,0,1,0,1,8.386574,1,0,1,0,0,1,0,0,0
0,0,17264.79,11.91904,0,1,0,0,0,0,1,0,0,1,14.6317,1,0,0,1,0,0,0,0,1
0,6,44877.7,7.85726,0,1,0,0,1,1,0,0,0,0,13.72584,1,0,1,0,1,0,0,0,1
0,2,57182.71,10.54632,0,1,1,1,0,1,0,0,0,0,1.302103,0,1,0,0,0,0,0,1,0
1,1,93343.17,11.52428,1,1,1,0,0,0,0,1,0,0,7.495947,0,1,1,1,0,0,0,1,0
1,2,13626.49,10.39457,0,1,0,0,1,1,0,1,0,0,15.88445,1,0,0,0,0,0,0,1,0
0,2,19029.8,14.5768,0,1,1,0,0,1,0,0,0,1,8.666281,0,1,0,0,0,0,0,0,0
1,0,22021.4,9.36669,1,1,1,1,0,0,1,0,1,1,2.970609,0,1,0,0,0,0,1,0,1
0,0,20611.13,8.780371,0,1,1,0,1,1,0,0,0,0,11.00328,0,1,0,0,0,0,0,0,0
0,4,49150.41,13.19067,0,1,1,0,1,1,0,0,1,0,5.21614,0,1,0,0,0,0,0,0,0
0,1,68622.59,8.326264,0,1,0,0,0,1,0,1,0,1,8.813715,1,0,1,1,0,0,0,0,1
1,0,32464.51,13.01916,0,1,1,1,0,0,1,1,1,1,13.04025,0,1,0,0,1,0,0,1,0
1,0,100860.9,10.24432,0,1,0,1,1,1,0,1,0,0,21.29638,1,0,1,0,0,1,0,1,0
0,3,3450.88,10.74957,0,1,1,1,1,0,0,0,0,1,4.86918,0,0,1,0,0,0,0,0,0
0,0,85180.31,8.799383,0,1,0,1,0,0,0,1,0,1,17.22292,0,0,1,1,0,0,0,1,0
0,1,12211.05,11.69401,0,1,0,1,1,0,0,0,0,1,2.348003,0,0,0,1,0,0,0,1,0
1,4,16585.68,11.84814,0,1,1,0,0,1,0,1,0,1,9.197686,1,0,0,1,0,0,0,1,0
1,2,32524.56,12.78424,0,1,1,1,1,1,0,1,0,1,7.816759,0,1,0,0,0,1,0,0,1
1,2,74249.58,8.414471,0,1,1,0,1,0,1,1,0,1,3.230823,1,0,0,0,1,0,0,1,0
0,0,26092.38,13.70512,0,1,0,0,1,1,0,0,0,1,8.931572,0,0,0,0,0,0,1,1,0
1,2,101628.9,10.50151,2,1,0,1,1,1,0,0,1,1,2.567035,0,1,0,0,1,0,0,1,0
1,0,60781.41,14.55915,1,1,0,1,1,1,0,1,0,1,4.066843,1,0,1,0,1,0,0,1,0
0,3,5831.16,10.56848,0,1,0,0,1,1,1,0,1,1,10.86326,0,1,1,1,0,0,0,1,0
0,1,16990.72,10.42906,0,1,0,1,1,1,1,1,1,1,32.73358,0,1,0,1,0,0,0,1,0
0,0,88741.41,13.70652,1,1,0,0,0,0,1,0,1,1,4.422442,0,0,1,0,1,0,0,1,0
0,1,85485.94,9.908836,1,1,1,0,1,0,0,0,1,0,6.611696,0,1,1,0,0,1,0,0,0
0,6,15278.16,10.33061,0,1,1,1,0,1,1,1,0,1,6.247141,0,1,1,0,0,0,1,0,1
0,2,30023.57,7.660265,0,1,0,0,1,0,0,0,0,1,8.920338,0,0,0,0,0,0,1,0,1
1,0,48131.25,14.59806,1,0,1,0,1,0,0,0,1,1,8.30949,0,1,1,0,1,0,0,1,0
1,3,34638.98,13.91424,0,1,0,0,0,0,0,1,1,1,7.626943,0,1,0,0,0,0,1,0,0
1,0,11611.46,5.824936,0,1,0,1,0,1,0,1,1,0,2.326316,0,1,0,0,0,0,1,1,0
1,0,6228.97,13.53181,0,1,1,1,0,1,0,0,1,0,2.142469,1,0,1,1,0,0,0,1,0
1,0,12501.26,9.501785,0,1,1,0,0,0,1,1,1,0,7.233075,0,1,1,0,0,0,1,1,0
1,2,26826.72,8.73874,0,1,0,0,1,1,1,1,1,0,13.41057,0,0,0,0,0,0,0,1,0
1,7,17667.81,8.993714,0,1,1,0,0,1,0,1,1,1,25.43212,0,1,0,1,0,0,0,1,0
1,3,63932.89,7.540891,0,1,0,0,1,1,1,0,1,1,11.38257,0,0,0,0,0,0,1,1,0
1,0,68509.1,12.56449,0,1,0,0,1,1,1,0,0,1,13.25185,1,0,1,0,1,0,0,1,0
0,0,45530.8,5.25407,1,1,0,0,1,0,1,0,0,0,5.733719,1,0,1,1,0,0,0,1,0
0,1,7162.12,10.19024,0,1,0,0,0,0,0,0,0,0,11.9008,0,1,1,0,0,0,1,0,0
0,1,62968.8,13.00084,0,1,1,1,1,0,1,1,0,1,7.022294,1,0,1,0,0,1,0,0,1
0,0,13383.49,6.157267,0,1,0,0,0,0,1,1,1,1,8.770703,0,0,0,0,0,0,0,0,0
1,3,60325.3,13.42292,0,1,0,0,1,0,1,1,1,0,3.08219,1,0,1,0,0,1,0,0,0
1,0,41624.04,9.651504,0,1,0,0,0,1,0,0,1,0,8.525122,0,0,1,1,0,0,0,1,0
1,3,58974.46,8.895333,1,1,0,0,0,0,0,1,1,0,2.09202,0,1,1,0,0,0,0,1,0
0,3,84405.81,14.01608,0,0,0,0,0,0,1,0,0,1,9.312768,0,0,0,0,0,0,0,1,0
0,2,15293.02,14.55933,1,1,0,0,0,1,0,0,1,1,6.162825,0,0,1,1,0,0,0,1,0
0,0,26493.5,9.948834,1,1,0,0,1,1,0,1,0,1,1.578151,0,1,1,1,0,0,0,1,0
1,0,55556.96,8.429886,0,1,1,0,0,1,1,1,1,1,10.29135,1,0,0,0,0,1,0,0,1
0,3,44172.66,6.951936,1,1,0,0,0,0,0,0,1,1,4.01663,0,1,0,0,0,0,0,0,0
1,2,20638.11,8.61041,0,1,1,1,0,0,1,1,0,0,7.890442,1,0,0,0,0,0,1,1,0
0,3,14540.8,11.77268,0,1,0,0,0,1,0,1,1,1,11.5365,1,0,0,0,0,0,1,0,0
1,3,28665.69,8.174687,2,1,0,1,0,1,1,1,1,1,10.88054,0,1,1,0,1,0,0,1,0
1,1,24485.6,11.81952,0,0,0,1,0,1,1,1,1,0,4.198245,0,1,0,0,0,0,0,1,0
0,5,25220.46,12.36764,2,1,0,1,1,0,1,1,0,1,5.500175,1,0,0,0,0,0,0,0,1
0,2,10204.37,13.24075,0,1,0,1,0,0,0,0,1,1,15.37432,1,0,1,0,0,0,1,0,0
1,1,65782.7,9.664338,0,1,1,0,1,0,0,1,1,1,5.377803,1,0,0,0,0,0,0,1,0
1,3,50562.37,4.900081,0,1,0,0,0,1,1,0,1,1,4.418665,1,0,0,0,0,0,0,1,0
1,0,26943.66,5.200476,0,1,1,0,1,1,1,1,1,1,3.430472,0,1,0,0,0,1,0,1,0
1,0,72504.63,7.547212,0,0,0,0,0,0,1,1,1,1,9.104003,0,1,0,0,0,1,0,0,0
1,0,78193.51,13.00676,0,1,0,0,0,0,1,1,0,1,3.932102,1,0,1,0,0,0,0,1,0
0,7,16859.67,12.55796,1,1,0,1,0,0,0,1,0,1,2.473299,0,1,0,0,0,0,1,0,1
0,1,5864.01,11.07131,1,1,0,0,0,0,0,0,1,0,9.8256,1,0,1,0,0,1,0,0,1
0,3,42998.95,11.87557,1,1,1,0,0,0,0,0,0,1,5.614935,0,1,0,0,0,0,1,0,0
0,1,93137.85,13.96763,2,1,1,1,1,1,0,0,0,1,8.475773,0,0,0,0,0,0,0,0,1
0,1,15534.13,11.29188,0,1,1,0,0,1,0,1,0,1,14.14568,0,1,1,1,0,0,0,0,0
0,2,67376.63,15.74148,0,1,1,0,1,1,0,0,0,1,7.62689,0,1,1,1,0,0,0,1,0
0,4,57503.75,9.00959,0,1,1,0,0,0,1,0,1,1,3.199643,0,0,1,0,0,1,0,0,0
1,3,64821.36,10.32806,1,1,0,0,1,0,0,1,1,0,3.250618,0,0,1,0,1,0,0,1,0
1,1,25832.88,7.75167,0,1,1,0,0,0,0,1,0,1,9.820347,0,1,0,0,0,0,0,1,0
1,7,16720.22,7.231501,1,0,1,0,0,1,1,1,1,0,3.488459,0,1,1,1,0,0,0,1,0
0,0,64868.33,6.131562,0,1,0,0,0,1,1,0,0,1,2.758928,1,0,1,0,0,0,0,1,0
1,2,22227.6,10.05201,0,1,1,0,1,1,0,0,0,1,1.399445,1,0,1,0,0,0,1,0,1
1,2,77013.22,12.35651,1,1,1,0,1,1,0,1,0,1,15.91192,1,0,1,0,1,0,0,1,0
0,1,39124.98,11.36728,0,1,0,0,0,1,0,0,1,1,17.30249,1,0,0,0,0,0,1,1,0
1,3,13424.34,9.29595,1,1,1,0,0,1,0,0,1,0,26.06474,1,0,1,0,0,0,0,1,0
0,1,23263.37,6.610095,0,1,0,0,0,1,0,1,0,1,5.018901,0,1,0,0,0,0,1,1,0
1,2,49705.64,9.060003,0,1,0,0,1,0,0,0,1,1,6.053801,0,1,0,0,0,0,1,1,0
0,4,71323.38,10.22148,1,1,0,0,0,0,0,1,1,1,2.366635,0,1,1,0,0,0,1,1,0
1,0,73571.78,4.391327,0,1,0,1,1,0,0,1,1,1,7.038169,0,0,1,0,0,0,1,1,0
0,5,28900.31,13.56912,1,1,1,1,0,0,0,0,0,1,11.40214,0,1,0,0,0,0,0,1,0
0,0,12261.86,12.20515,1,1,0,0,0,1,0,1,0,1,33.19612,0,1,1,0,0,0,1,0,0
0,0,21896.48,8.156063,0,1,1,1,0,0,0,1,0,0,2.198687,0,1,0,0,0,1,0,1,0
1,0,36113.68,10.72443,1,1,0,1,1,1,0,1,1,1,14.16299,0,0,1,0,0,1,0,0,0
0,0,16375.5,9.762926,0,1,0,1,0,1,1,1,0,0,6.408823,0,0,1,1,0,0,0,0,1
1,1,27504.76,4.125868,0,1,0,0,1,0,1,1,0,0,2.438513,0,0,1,0,1,0,0,1,0
0,1,7019,6.239127,0,1,0,1,1,0,1,0,0,0,2.235315,0,1,0,0,0,0,1,0,0
1,1,41192.07,11.75093,1,0,1,0,1,1,1,0,1,0,4.541407,0,1,0,1,0,0,0,0,1
0,3,19839.57,11.26452,0,0,0,0,0,0,1,1,0,0,5.107455,1,0,1,0,1,0,0,1,0
1,1,43660.04,14.66262,0,1,1,0,1,1,0,1,0,1,2.09057,1,0,1,0,0,1,0,1,0
0,0,81116.37,15.78884,0,1,0,0,1,1,1,0,0,1,7.235576,0,1,1,1,0,0,0,0,0
1,6,43187.75,8.936454,0,1,0,0,1,0,1,0,1,0,7.368353,1,0,0,0,0,0,1,1,0
1,4,52230.66,11.36485,0,0,1,0,1,1,1,0,0,0,8.334589,1,0,1,0,1,0,0,1,0
0,3,56176.47,15.6492,0,1,1,1,0,0,0,0,0,1,10.30326,1,0,1,0,0,0,1,1,0
0,1,20770.05,8.180859,0,1,0,0,0,1,0,1,0,0,15.49592,1,0,0,0,0,0,0,1,0
0,2,21302.51,9.986819,0,0,1,0,1,1,0,0,0,0,15.19686,1,0,0,1,0,0,0,1,0
0,3,34235.37,10.39631,1,1,0,0,0,0,0,0,0,1,14.91488,1,0,0,0,0,1,0,1,0
1,1,6908.55,4.826642,0,1,1,0,1,0,1,1,0,1,8.710976,1,0,1,1,0,0,0,1,0
0,3,56188.74,8.959582,0,1,1,0,1,1,1,0,1,1,14.17125,0,1,0,0,0,1,0,0,1
1,0,1779.33,8.907172,0,1,0,1,1,1,0,0,1,0,16.96026,0,1,1,0,0,0,0,1,0
1,0,89377.1,14.11831,0,1,0,0,1,0,0,0,1,1,1.115115,0,1,1,0,0,0,1,1,0
0,2,39855.47,9.217675,0,1,1,0,0,0,0,1,0,0,3.983529,0,1,0,0,0,0,0,0,0
0,1,47053.09,13.98017,0,1,0,0,0,1,0,0,0,1,25.43027,0,1,1,1,0,0,0,1,0
0,1,55691.37,11.19035,1,1,0,1,0,0,1,1,0,0,20.21413,0,1,0,0,0,1,0,0,1
0,4,8435.92,9.069204,0,1,0,0,0,1,0,1,0,1,5.911652,0,1,1,0,0,1,0,0,1
0,1,61970.01,8.815017,0,1,0,1,1,0,0,0,0,0,1.479514,1,0,0,0,1,0,0,0,0
1,7,51518.48,15.35795,2,1,1,0,0,1,0,0,1,1,1.25577,1,0,0,0,0,0,0,0,0
0,1,54101.82,7.708801,0,1,0,1,1,1,1,1,0,1,15.85633,1,0,1,0,0,1,0,0,0
0,0,84724.98,9.993042,0,0,1,0,1,1,1,1,0,1,14.9206,0,0,1,0,0,0,0,0,1
1,3,31936.02,16.85843,1,1,0,0,1,1,1,1,0,1,12.98383,0,1,0,1,0,0,0,1,0
0,0,19460.56,10.06905,0,1,1,1,1,0,0,0,0,0,15.09343,0,0,1,0,0,0,0,0,1
1,1,57786.83,7.519369,0,1,1,0,0,1,0,1,0,0,10.52332,0,1,1,0,0,0,1,1,0
1,0,76658.88,7.975836,1,1,1,0,1,0,0,1,0,0,2.343134,0,1,0,0,0,0,1,1,0
0,1,2477.91,8.67997,1,0,0,0,1,1,0,0,0,1,7.91447,0,1,0,0,0,1,0,0,1
1,3,5289.83,12.23484,1,1,1,0,1,1,0,1,1,0,14.71579,0,0,1,0,0,0,1,0,1
1,2,35337.11,11.42866,1,1,1,1,0,1,0,0,1,1,3.319565,1,0,0,0,0,1,0,0,1
1,0,30928.21,13.92957,0,1,0,0,0,0,0,1,0,1,4.557348,0,1,0,0,0,0,1,1,0
1,1,9399.04,13.2598,0,1,0,1,1,0,0,0,1,1,8.635904,0,1,0,0,0,0,0,1,0
1,0,16970.75,9.621132,0,0,1,1,1,0,0,1,1,0,11.44954,0,1,1,0,0,0,0,1,0
1,7,45395.08,7.659602,0,1,1,1,1,1,1,1,1,1,12.51669,1,0,1,0,0,0,0,1,0
0,4,43487.16,13.82812,0,1,0,1,0,0,0,0,0,0,6.811035,0,0,1,0,0,0,1,1,0
0,3,26699.84,8.689995,1,1,0,0,1,0,0,0,0,1,12.35438,1,0,0,0,0,0,1,0,1
1,1,18071.31,7.704948,1,1,0,1,0,0,1,1,1,0,4.825693,0,0,1,0,0,0,1,1,0
0,0,61510.96,8.006475,0,1,0,0,1,0,0,0,1,0,11.69113,1,0,1,0,1,0,0,0,0
0,1,24844.03,4.714235,1,1,0,1,1,1,0,1,0,0,19.46465,1,0,0,0,1,0,0,0,1
1,1,58887.16,16.42306,0,1,1,1,1,0,0,1,1,1,2.415421,0,1,1,0,0,0,1,1,0
1,3,26190.71,7.755985,0,1,1,0,0,0,1,0,1,1,3.245848,0,0,0,0,0,1,0,1,0
1,7,3360.57,10.40927,0,1,1,0,1,0,0,1,1,1,16.53338,0,1,1,0,1,0,0,0,0
1,1,21018.6,8.416539,0,1,0,0,0,0,0,1,1,0,13.14021,1,0,1,1,0,0,0,1,0
1,0,27147.53,8.759495,0,1,1,0,1,0,0,0,1,0,4.736816,1,0,0,0,0,0,0,1,0
1,1,55025.02,9.725427,0,1,1,1,1,1,0,1,1,1,8.839856,1,0,1,0,0,1,0,1,0
0,0,4464.62,3.954662,0,1,0,0,1,1,0,0,0,1,11.37064,0,1,1,0,0,0,1,0,0
1,1,13715.57,10.00211,1,1,1,1,1,0,0,1,0,1,8.761313,1,0,0,1,0,0,0,1,0
1,2,68836.22,8.653267,0,1,1,0,0,0,0,1,1,1,7.269016,1,0,1,0,0,1,0,0,0
1,0,85712.06,9.18135,0,0,1,1,1,1,0,0,1,0,1.426775,0,1,0,0,0,0,1,1,0
0,3,37622.41,12.27167,1,1,1,0,0,1,1,1,0,0,12.57306,0,1,0,0,0,1,0,0,1
0,2,23406.73,8.50057,0,1,0,0,1,0,0,0,1,1,11.76752,0,1,1,0,0,0,0,1,0
1,2,20655.49,6.544083,0,1,0,0,1,1,0,0,1,1,1.690026,1,0,0,0,0,0,1,1,0
1,7,91961.79,10.25189,0,1,1,0,1,0,0,0,0,1,4.91638,1,0,1,1,0,0,0,1,0
0,4,34597.28,13.76209,1,1,1,0,0,0,0,1,0,0,6.971251,1,0,1,0,0,1,0,1,0
1,3,46745.03,7.199791,0,1,1,1,1,1,0,1,1,1,2.779089,0,1,1,0,0,0,1,1,0
0,0,43184.08,4.272572,2,1,0,1,0,0,0,0,1,1,7.128376,1,0,1,0,1,0,0,0,0
0,0,49614.23,6.244054,1,1,1,0,0,0,1,0,0,1,3.033303,1,0,0,0,0,1,0,0,0
0,0,17736.57,11.61228,0,1,0,0,0,1,0,0,1,1,3.211508,0,1,0,0,0,1,0,0,1
0,4,50390.91,13.94531,0,1,1,0,0,1,1,0,0,1,11.88029,0,1,1,0,0,0,0,0,0
1,1,11247.62,10.35743,2,1,1,1,0,0,0,1,0,0,9.062033,0,1,0,0,0,0,0,1,0
1,0,14828.39,5.318294,0,1,1,1,0,0,0,0,1,1,7.462849,1,0,0,1,0,0,0,1,0
0,7,86449.72,10.15265,0,1,0,0,0,0,0,0,0,1,5.951276,0,1,0,0,1,0,0,1,0
0,3,8705.79,10.65674,2,1,1,0,1,0,0,1,0,0,17.92442,0,1,0,0,0,1,0,1,0
0,6,20724.48,11.99485,0,1,0,0,0,1,1,0,1,1,11.36049,0,1,0,0,0,1,0,1,0
0,4,40643.06,14.47622,2,1,0,0,0,0,0,1,0,0,18.44164,0,1,1,0,0,1,0,0,1
1,4,16035.67,2.265527,0,1,1,0,1,0,0,1,1,0,6.218071,0,0,1,0,0,0,1,1,0
1,1,27967.87,7.389506,0,0,1,0,0,1,0,1,0,1,14.87149,0,1,1,0,0,1,0,1,0
1,4,7458.91,10.58898,1,0,1,0,0,1,0,1,1,0,7.032789,0,0,1,0,0,0,0,0,1
0,1,18073.63,13.6305,0,1,1,0,0,1,0,0,1,0,20.80434,0,1,0,0,0,0,1,0,1
1,3,17931.97,6.216824,1,1,1,0,1,0,1,1,1,0,27.47595,1,0,1,0,0,0,1,0,1
1,1,23618.18,5.769435,0,1,0,1,1,0,1,1,1,1,11.75829,0,1,0,0,0,1,0,1,0
0,0,14790.79,11.97118,0,1,0,0,0,0,0,0,0,0,3.346632,1,0,0,0,1,0,0,0,0
1,2,4289.84,11.76163,2,1,0,0,1,0,1,0,1,1,10.15472,0,1,1,0,0,0,1,1,0
0,0,11555.49,4.796898,0,1,1,1,1,0,1,1,0,0,18.85404,0,1,1,0,0,1,0,1,0
0,0,84655.31,12.2004,1,0,1,0,0,1,1,0,0,0,15.82734,0,0,1,0,1,0,0,0,0
1,0,43528.14,8.861688,0,1,1,1,1,1,0,0,0,1,2.54657,0,1,0,0,0,0,0,1,0
0,4,31559.08,8.84265,0,1,0,0,0,0,1,0,1,0,6.623366,0,0,0,0,1,0,0,0,1
0,0,13342.18,6.544685,0,1,0,0,1,0,1,1,0,0,9.710957,0,0,0,0,1,0,0,1,0
1,3,1404.19,4.973597,0,1,0,0,0,1,0,1,1,1,12.64925,0,0,1,0,0,0,0,1,0
0,0,55736.72,4.68229,1,1,0,0,1,1,0,0,0,0,11.72569,0,1,0,0,0,1,0,1,0
1,1,37552.63,10.80374,0,1,1,0,0,1,0,0,1,1,17.25428,0,0,1,0,0,0,0,1,0
0,3,22428.12,7.176,1,1,0,1,1,0,1,0,0,0,4.143229,0,0,0,0,0,0,0,1,0
1,4,9693.38,7.2995660000000004,1,1,1,1,0,1,0,1,1,0,6.468187,1,0,1,0,1,0,0,0,1
0,2,19745.98,2.698874,0,1,0,0,0,0,0,0,1,0,4.827032,1,0,1,0,0,0,1,0,1
1,3,47393.32,9.238339,0,1,1,0,0,0,0,1,0,1,8.032262,0,0,0,0,0,1,0,1,0
1,0,15719.1,8.301488,1,1,1,0,0,0,1,0,1,0,4.245048,1,0,1,0,1,0,0,1,0
1,1,40877,9.082762,1,1,1,0,0,0,0,1,1,1,18.61815,0,1,1,0,0,0,0,1,0
0,1,17217.29,10.09361,0,1,0,0,1,1,0,1,1,0,6.63265,1,0,0,1,0,0,0,0,0
0,1,15666.43,12.72884,0,1,1,0,0,0,0,1,0,1,14.61014,1,0,0,0,0,1,0,0,1
1,1,3379.82,12.36091,0,1,1,0,1,0,1,1,1,1,22.13831,0,0,0,0,0,1,0,1,0
0,3,43886.72,13.93891,0,1,0,1,0,1,0,0,0,0,5.325642,0,0,0,0,0,0,1,1,0
0,3,28683.49,10.35052,0,1,1,0,0,0,0,0,0,0,10.05766,0,1,0,0,0,0,0,1,0
0,0,42739.62,12.93123,0,1,1,0,0,0,0,0,1,0,17.21579,0,1,0,0,1,0,0,0,0
0,1,22986.69,8.081848,0,1,0,0,1,1,0,0,1,1,4.984488,1,0,0,1,0,0,0,0,0
0,0,28963.75,11.7278,2,1,0,0,0,0,0,1,0,1,24.94225,0,1,0,0,0,0,1,1,0
0,2,12211.88,12.2056,0,1,0,0,1,0,1,1,0,1,1.887597,0,1,0,0,0,1,0,0,0
0,0,82481.35,17.1044,0,0,0,0,0,0,0,1,0,1,6.592291,0,1,1,0,1,0,0,1,0
1,0,25859.59,7.868103,0,1,1,0,0,0,0,1,0,1,10.42248,0,0,1,1,0,0,0,1,0
0,3,13836.46,12.19131,0,1,0,0,0,0,1,0,0,0,5.65315,1,0,0,0,0,1,0,1,0
0,3,91563.15,11.94875,1,1,0,0,0,0,0,0,1,1,2.647286,1,0,1,1,0,0,0,1,0
0,4,61117.27,10.46827,1,1,0,1,0,1,0,0,0,1,10.573,0,1,1,0,1,0,0,0,1
0,2,81945.11,4.736819,0,1,1,0,1,1,1,0,0,1,5.814507,0,1,1,0,0,0,0,0,1
0,7,47066.46,10.93225,1,1,0,1,0,1,0,0,0,1,19.94322,0,1,0,0,0,0,0,0,0
1,1,22447.98,10.72646,0,1,1,0,0,1,0,1,0,1,3.988032,0,1,1,0,1,0,0,1,0
1,1,37438.69,10.95022,1,1,0,1,0,0,0,1,1,1,2.459304,0,0,1,0,0,0,1,0,0
1,0,18370.06,5.139013,0,1,1,1,0,1,0,0,0,1,5.877819,1,0,1,0,0,0,0,1,0
1,1,11091.57,7.74801,0,1,0,0,0,0,0,0,1,0,3.850863,0,0,1,0,0,0,1,1,0
0,0,45396.13,8.011715,1,1,1,0,0,1,1,0,1,1,17.62624,0,0,1,1,0,0,0,0,0
1,4,47792.78,9.011614,0,1,1,0,0,0,1,1,0,1,2.735806,0,1,0,0,0,1,0,1,0
0,0,70094.06,13.60726,1,1,0,0,0,0,0,0,0,0,5.131207,1,0,1,0,1,0,0,1,0
1,3,29318.96,14.74096,0,1,1,1,0,1,0,1,0,0,4.618962,0,0,0,0,0,0,0,1,0
1,3,25502.9,8.709293,0,1,1,0,0,0,0,0,0,1,5.606293,1,0,0,1,0,0,0,1,0
1,5,41521.95,8.8086,0,1,1,0,0,1,0,0,0,1,6.941165,0,0,1,1,0,0,0,1,0
1,0,938.81,10.48756,1,1,1,0,0,1,0,1,0,0,10.91791,0,1,0,1,0,0,0,1,0
0,2,51755.55,7.527191,0,1,1,0,0,0,0,0,0,0,7.33513,1,0,1,0,0,1,0,1,0
0,7,23042.88,10.52017,0,1,0,0,0,0,1,0,0,0,5.062073,0,1,1,0,1,0,0,1,0
0,3,98147.26,8.776288,0,0,0,1,1,0,0,0,0,1,24.79814,0,0,1,0,0,0,1,1,0
0,1,58006.93,12.05053,2,1,0,0,1,0,1,0,0,1,10.31681,0,0,1,0,0,0,0,0,1
0,4,44106.66,13.34936,0,1,1,0,0,0,0,0,0,0,13.70911,1,0,0,0,0,1,0,1,0
0,0,29556.6,8.367848,0,1,1,1,1,0,0,0,0,0,9.102322,0,1,1,0,0,1,0,1,0
1,4,52638.57,7.121593,0,1,1,1,1,0,0,1,1,0,1.60558,0,0,0,0,0,0,0,0,0
0,2,11109.83,10.46768,1,1,0,0,0,0,0,1,1,1,8.450712,0,1,0,0,1,0,0,0,0
1,3,86060.95,13.53186,1,1,0,0,1,1,0,1,1,0,12.3548,1,0,0,0,0,0,1,1,0
0,0,60646.06,17.44644,1,1,0,1,0,1,0,1,0,1,4.892174,0,1,0,0,0,1,0,1,0
1,0,7826.14,6.754316,2,1,0,0,1,0,0,1,1,1,2.586551,0,0,0,0,0,0,0,1,0
0,0,32125.5,16.15631,0,1,0,0,1,0,0,0,1,1,3.226415,0,1,0,1,0,0,0,0,0
0,0,50730.53,14.22008,0,1,0,0,1,0,1,0,1,1,2.980706,0,1,1,0,0,0,1,0,1
1,0,28799.35,11.44896,1,0,1,0,0,1,0,1,0,0,23.40043,1,0,0,0,0,0,1,1,0
0,3,100585.1,11.01403,0,1,1,0,0,1,0,0,0,1,4.109741,1,0,0,0,1,0,0,0,1
1,2,68697.59,9.186841,0,1,0,0,0,0,1,1,1,1,3.479316,1,0,0,0,0,1,0,1,0
1,1,24385.38,11.77549,0,1,1,0,1,1,1,1,1,0,1.743805,0,0,0,0,0,0,1,1,0
1,0,77706.42,11.85505,0,1,1,0,0,1,1,1,1,1,23.38469,0,1,1,1,0,0,0,0,1
0,3,26393.26,9.238425,1,1,1,0,0,0,0,1,1,1,16.19111,0,1,0,0,0,0,0,0,0
1,0,26053.32,11.25811,1,1,1,0,0,1,1,0,1,0,14.10279,0,1,0,1,0,0,0,1,0
0,1,28423.59,2.478962,1,1,0,1,0,1,0,1,0,1,5.102617,1,0,1,1,0,0,0,0,1
0,2,3168.14,13.6307,1,1,0,0,1,0,0,0,1,1,4.61822,0,1,1,1,0,0,0,0,0
1,2,36821.9,13.84738,1,1,0,1,1,0,0,1,1,1,1.474087,0,0,1,0,1,0,0,0,0
1,2,46328.01,4.370972,0,1,1,0,0,1,0,0,0,1,2.885895,1,0,1,1,0,0,0,1,0
1,1,35207,6.636853,0,1,0,0,0,0,0,1,1,0,19.48432,0,1,1,0,0,0,1,1,0
1,3,11121.39,8.962651,0,0,1,0,1,1,1,1,1,1,4.073125,1,0,0,0,0,0,0,1,0
0,0,39149.61,10.34257,0,1,0,0,0,1,0,0,0,1,4.784022,0,1,0,1,0,0,0,1,0
0,1,12114.71,7.95348,1,1,0,0,0,1,0,0,1,0,11.66425,1,0,1,0,1,0,0,1,0
1,0,25598.66,9.390076,0,1,1,0,1,0,1,1,0,1,1.070145,1,0,0,0,0,1,0,1,0
1,2,25223.93,11.87416,2,0,1,0,0,0,0,1,1,1,9.664222,0,1,0,0,1,0,0,1,0
1,4,31574.68,5.49158,2,1,1,0,1,0,1,1,0,1,3.921335,1,0,1,0,0,0,1,0,1
1,0,33406.38,9.677547,0,0,0,0,1,1,1,1,0,0,8.925564,1,0,1,1,0,0,0,1,0
0,0,12155.81,10.51222,1,1,0,1,1,1,0,0,0,0,7.610924,0,1,1,0,1,0,0,1,0
1,2,25939.02,8.084497,0,1,0,1,0,0,0,0,1,0,11.59641,0,1,1,1,0,0,0,1,0
1,0,18774.29,10.4476,0,1,1,0,1,1,0,0,1,0,5.540815,1,0,1,0,0,0,1,1,0
0,1,55241.85,9.205984,0,1,0,1,0,1,1,0,1,1,5.527407,0,1,0,1,0,0,0,0,1
0,0,24810.37,10.52577,0,1,0,1,1,1,1,0,1,0,14.93552,0,0,1,0,1,0,0,1,0
0,0,39034.91,16.34933,1,1,0,0,0,1,0,1,0,1,2.106961,0,1,0,0,1,0,0,1,0
1,0,38136.49,11.94896,0,1,1,1,1,0,1,1,0,0,8.11277,0,0,1,1,0,0,0,1,0
0,6,31817.36,11.48473,0,1,0,1,1,0,1,0,0,1,1.923729,0,1,1,1,0,0,0,1,0
0,6,5853.02,11.25133,1,1,0,1,0,0,1,0,0,0,3.542704,0,0,1,0,0,0,0,0,0
1,0,48206.11,8.583463,0,0,1,0,1,1,0,1,0,0,4.192662,0,1,1,0,0,1,0,1,0
0,1,10048.03,11.73569,1,1,0,1,0,0,1,1,0,1,3.817742,0,1,1,0,0,1,0,0,0
0,2,37252.55,5.023832,0,0,1,0,0,0,0,0,1,1,14.48515,0,1,1,1,0,0,0,0,0
1,3,8330.58,15.84283,2,1,1,0,1,1,1,1,1,1,19.39623,0,1,1,0,0,1,0,1,0
1,7,60909.21,5.981761,0,1,1,0,1,1,0,0,0,0,3.367927,0,1,0,0,0,0,0,1,0
1,1,55801.79,15.00214,0,1,0,1,1,1,0,0,0,1,10.77389,1,0,1,1,0,0,0,1,0
0,0,36057.73,14.84998,1,1,1,0,0,0,0,0,1,0,8.526865,0,1,1,0,0,0,0,1,0
1,0,86274.26,9.824278,0,1,0,0,1,1,0,1,1,1,3.761516,0,1,0,0,0,0,1,1,0
1,1,33554.09,9.504751,0,1,0,0,1,1,1,0,1,1,10.1408,1,0,0,0,0,0,1,1,0
0,0,31150.04,10.259,1,0,1,0,0,0,0,0,1,0,13.33556,0,1,0,0,1,0,0,0,1
0,0,56532.82,8.887465,0,1,0,0,0,0,1,0,1,1,14.61254,0,0,0,0,1,0,0,0,0
1,0,47991.88,6.923717,0,1,1,1,1,0,0,0,1,0,4.098818,1,0,1,0,0,0,0,0,1
0,0,21152.89,11.98448,0,1,1,1,0,0,0,0,1,1,10.99657,1,0,1,1,0,0,0,0,0
0,1,50673.99,10.14014,0,1,1,1,1,0,0,0,0,0,8.361438,0,0,0,0,0,1,0,0,0
0,2,16374.21,10.63058,0,1,0,0,0,1,0,1,0,1,4.816947,0,1,0,0,0,0,1,1,0
0,1,17778.12,12.99445,0,1,1,1,0,1,1,1,0,0,6.470869,0,0,1,1,0,0,0,0,0
0,4,9479.49,9.64554,0,1,0,0,1,1,0,0,0,1,9.079335,0,1,1,0,0,0,1,0,0
1,0,86019.75,6.989908,0,1,1,0,1,0,1,1,0,1,3.984772,1,0,1,0,0,0,1,1,0
0,0,8122.26,10.37913,0,1,1,0,0,0,0,1,0,0,17.13675,0,1,0,0,1,0,0,0,0
1,1,9954.05,11.17271,0,1,0,0,1,1,0,0,1,1,12.48694,1,0,0,0,0,0,1,1,0
1,1,60866.81,9.527678,0,1,1,0,1,0,1,0,1,0,9.022068,0,1,1,0,0,0,1,1,0
0,0,70716.07,6.554147,0,1,1,0,1,1,0,0,0,1,13.99745,1,0,1,0,0,1,0,1,0
1,3,41302.92,14.76788,0,1,0,1,0,1,1,1,1,1,6.322807,0,1,1,1,0,0,0,0,1
1,2,6119.53,9.411397,1,1,0,0,0,0,0,1,0,0,1.31809,0,0,1,1,0,0,0,1,0
0,2,56607.8,11.78232,0,1,1,1,0,0,0,0,0,0,20.52789,0,0,1,0,1,0,0,1,0
0,0,66737.35,8.88295,0,1,0,0,0,0,0,0,1,0,16.53241,0,0,0,0,0,1,0,0,1
1,0,63033.65,12.91437,1,1,1,1,0,0,0,1,1,1,3.402225,1,0,1,0,0,0,1,0,1
0,0,9683.56,13.87763,0,0,0,1,0,0,0,1,0,0,3.160399,0,1,1,0,0,0,0,0,0
1,1,67600.28,8.903042,1,1,1,0,1,1,1,1,0,0,7.218929,0,1,1,0,0,0,0,1,0
1,4,90633.74,11.15366,0,1,1,0,0,0,0,1,1,0,4.072959,0,1,0,0,1,0,0,0,1
1,0,47989.95,10.73681,2,1,1,1,0,0,0,0,1,0,15.98922,0,1,0,0,0,0,1,1,0
0,2,13386.4,9.541203,0,1,0,0,1,1,0,1,1,0,28.31929,1,0,1,1,0,0,0,0,0
1,2,23757.46,11.89332,0,0,1,0,1,0,0,0,1,1,7.816831,1,0,1,0,0,0,1,1,0
0,1,70250.39,6.441951,0,1,1,0,0,0,1,0,0,1,5.321365,0,1,0,0,0,0,1,1,0
1,5,23638.05,7.073792,0,1,0,0,1,0,1,1,1,0,5.493065,0,1,1,0,0,0,0,1,0
0,0,2716.95,11.58123,0,1,0,1,1,0,1,1,0,1,24.09793,0,0,1,0,0,1,0,0,0
0,1,13106.6,12.87327,0,1,0,0,0,0,0,0,1,1,3.30098,0,0,0,0,0,0,1,0,1
0,0,51814.85,12.20018,1,1,1,0,0,0,0,0,0,0,9.468306,1,0,1,0,0,0,1,0,0
1,3,76134.13,8.987011,2,1,1,1,0,1,0,0,1,1,1.52349,1,0,1,0,0,0,0,1,0
0,2,54290.34,12.09389,0,1,0,0,1,1,0,0,1,0,10.15451,0,0,1,1,0,0,0,0,0
1,1,58516.37,10.01688,0,1,1,0,0,1,1,1,1,0,6.418936,0,1,0,0,0,1,0,0,1
0,3,14725.39,3.363527,2,1,1,1,1,1,1,0,0,1,22.05456,1,0,0,0,0,0,1,1,0
0,0,37261.82,8.923032,2,1,0,0,1,0,0,1,0,1,4.164919,0,1,1,0,0,0,1,0,1
0,2,44060.25,9.531096,1,1,0,0,0,0,1,1,1,1,7.518447,0,1,1,0,0,1,0,1,0
1,2,17995.63,14.8479,1,1,0,0,0,0,1,1,1,1,6.602711,1,0,0,0,1,0,0,0,0
1,1,72462.36,12.22761,0,1,1,0,1,0,0,1,1,1,19.56071,1,0,1,0,1,0,0,0,0
0,2,6827.15,13.72064,2,0,0,1,1,1,1,0,0,0,5.458881,1,0,1,0,0,1,0,0,1
1,1,37146.88,6.518242,1,1,1,1,0,1,1,1,1,1,18.601,0,0,0,0,0,0,1,1,0
1,3,41973.28,10.61869,0,1,0,0,0,0,0,1,0,0,19.48354,0,1,0,0,0,0,1,1,0
0,3,17429.01,15.97282,1,1,0,0,1,0,0,0,1,1,9.274687,0,1,0,0,0,0,1,1,0
1,1,28181.92,9.427912,0,1,0,1,0,0,1,1,0,1,14.55246,0,0,0,0,0,0,0,1,0
1,0,11222.72,7.228077,1,1,0,1,0,1,1,1,0,1,9.517804,0,1,0,0,0,1,0,1,0
0,0,49718.59,7.839192,2,1,0,0,1,1,0,0,1,0,25.46342,0,1,0,0,1,0,0,1,0
0,0,29622.06,11.62614,2,1,0,1,1,1,0,1,0,0,12.69881,0,1,1,0,0,1,0,1,0
0,4,61571.39,6.001994,1,1,0,0,0,0,0,0,1,0,4.661936,1,0,1,1,0,0,0,0,0
1,4,10744.48,13.3429,1,1,0,0,0,0,0,1,1,0,20.10599,1,0,0,1,0,0,0,1,0
0,5,38396,13.0675,0,1,0,0,1,0,0,1,0,1,19.9534,0,0,0,0,0,1,0,1,0
1,3,13226.92,15.54324,0,1,1,1,1,1,0,1,1,1,2.141515,0,1,0,0,0,0,0,0,1
0,3,46770.27,10.5871,1,1,1,0,1,0,0,0,0,0,7.2942920000000004,0,0,0,0,0,0,1,1,0
0,2,54315.92,9.805529,0,1,1,0,0,0,1,0,0,0,14.69884,1,0,1,1,0,0,0,1,0
1,1,31063.83,8.289713,0,1,1,1,0,1,0,1,1,0,3.260154,0,1,1,1,0,0,0,1,0
1,0,94296.35,11.46299,0,1,1,0,0,0,0,0,1,0,3.23817,0,0,1,0,0,0,1,1,0
1,0,66409.47,7.716619,0,1,0,0,0,1,0,0,1,1,1.865935,0,1,0,0,0,0,1,1,0
0,4,82955.59,10.64343,0,1,0,1,0,1,0,0,0,0,15.10612,1,0,0,0,0,0,1,1,0
0,0,41557.24,7.930553,0,1,0,0,1,1,0,0,0,1,11.12611,0,1,1,0,1,0,0,1,0
1,4,15762.73,7.343718,0,0,1,1,0,0,1,1,1,0,14.40375,1,0,0,0,1,0,0,1,0
0,1,54883,12.81224,1,1,0,0,0,0,0,0,0,0,9.121337,0,1,0,0,0,0,0,1,0
1,1,39224.01,6.924097,0,1,1,1,1,0,0,1,1,1,1.11588,0,0,1,0,1,0,0,0,1
0,0,88324.05,8.128263,0,1,0,0,0,1,0,0,1,1,5.126165,0,0,1,1,0,0,0,1,0
0,4,46472.71,9.487624,0,1,1,1,1,1,1,1,0,0,13.61148,1,0,1,0,0,0,0,1,0
1,0,47866.24,11.2053,0,1,0,0,1,0,0,1,1,0,7.283667,0,1,1,0,1,0,0,1,0
1,0,47862.33,11.63333,0,0,0,0,1,1,0,0,1,1,5.560793,1,0,1,0,0,0,1,1,0
0,2,23513.12,12.24838,1,1,0,0,0,0,0,0,0,0,6.246694,0,0,0,0,0,1,0,0,0
0,0,2781.14,13.17201,1,1,1,1,0,1,1,0,1,1,5.682535,0,1,1,0,1,0,0,0,0
1,2,10325.85,9.491469,2,1,1,0,0,1,0,1,1,1,4.51753,0,1,0,0,1,0,0,1,0
1,2,26965.24,9.883011,0,1,0,1,1,1,0,0,1,0,3.656765,0,1,0,1,0,0,0,1,0
1,2,22380.45,10.94774,1,1,0,1,0,0,0,1,1,0,1.946824,0,1,1,0,0,0,1,1,0
0,3,12845.65,10.63877,0,1,0,0,0,1,0,1,0,0,12.70316,0,1,1,0,0,0,1,1,0
0,0,54174.87,6.931743,0,1,0,0,0,1,0,0,1,0,1.347728,1,0,0,0,0,0,1,0,0
1,1,65207.61,12.62228,0,1,0,0,0,1,1,1,0,1,3.922369,0,0,1,0,0,1,0,1,0
1,2,65564.74,6.33742,1,1,0,0,1,0,0,1,1,1,13.21733,0,1,1,1,0,0,0,1,0
1,2,42523.79,10.2902,0,1,0,0,1,1,0,1,0,1,12.12501,0,0,1,1,0,0,0,1,0
0,1,16314.59,10.16254,0,1,0,0,1,0,1,0,0,0,12.18592,1,0,0,0,0,0,1,0,0
1,2,18620.8,10.97789,0,0,0,0,0,1,0,0,1,0,17.95225,1,0,0,1,0,0,0,1,0
0,1,44526.16,11.69889,1,1,0,1,1,1,0,0,1,1,19.78766,1,0,1,0,0,0,1,0,1
0,4,23184.49,11.52769,0,1,1,0,1,0,0,1,0,0,11.20643,0,0,0,0,0,0,0,0,0
1,0,38363.26,11.95007,0,1,1,1,0,0,1,1,0,0,2.582668,1,0,1,0,0,0,1,1,0
1,1,45125.98,6.895659,1,1,0,1,0,1,1,1,1,0,5.402848,1,0,1,0,0,1,0,1,0
1,7,24050.09,10.49746,0,1,1,0,0,0,1,1,1,0,7.969762,1,0,0,1,0,0,0,0,1
0,1,18014.85,12.38772,0,1,1,0,0,1,0,0,0,0,6.463724,0,1,1,0,0,0,1,0,1
0,1,11737.67,12.53943,0,1,0,1,0,1,0,1,1,0,17.7076,0,1,0,1,0,0,0,0,0
0,0,49662.82,12.33405,1,1,0,1,1,0,0,1,0,1,31.81602,0,0,1,0,0,1,0,0,1
0,3,21902.4,12.75802,0,1,0,1,0,0,1,0,0,0,23.55037,0,1,1,0,0,0,0,1,0
1,3,20223.8,12.50019,1,1,1,0,0,0,1,1,0,1,22.30566,0,1,0,0,0,1,0,1,0
1,2,63155.68,8.52773,0,0,1,0,0,1,0,0,1,0,9.975367,1,0,1,0,0,0,0,1,0
1,0,8568.21,8.580878,0,1,1,1,0,1,0,1,0,1,2.222289,0,1,1,0,1,0,0,1,0
1,1,44309.72,10.93373,0,1,1,1,1,0,1,1,0,0,7.539374,1,0,1,0,0,0,0,0,1
1,3,89882.52,7.462184,0,1,0,0,1,0,1,1,1,0,11.86797,0,1,0,1,0,0,0,0,1
0,3,86374.11,10.5045,0,0,0,0,1,1,1,0,1,1,7.649477,0,1,1,0,1,0,0,0,0
0,3,34260.52,15.8889,0,0,0,0,1,0,0,1,1,0,16.60351,0,1,0,0,0,1,0,0,0
1,4,27361.04,9.241986,0,1,1,0,0,0,0,0,1,1,4.030411,1,0,0,0,0,0,0,0,0
1,2,31680.85,6.006855,0,1,0,1,0,1,1,1,1,0,19.30476,1,0,0,1,0,0,0,1,0
1,4,30324.88,11.14727,1,1,0,0,1,1,1,1,0,1,1.849221,0,0,0,0,0,1,0,1,0
1,0,33471.07,11.92715,0,1,1,1,1,0,1,0,1,1,6.708628,1,0,1,0,0,0,0,0,0
1,4,40869.93,7.401076,0,1,1,1,0,1,1,1,1,0,10.28653,0,1,1,0,0,0,0,0,0
0,2,60826.49,11.90071,0,1,0,0,0,1,0,0,1,0,11.32663,0,0,1,0,0,0,1,0,1
0,1,32783.94,10.11537,2,1,0,0,1,1,0,0,1,1,6.574699,0,0,0,0,0,0,1,0,0
0,2,49993.51,8.962113,1,1,1,1,0,0,0,0,0,1,6.91807,0,1,0,0,0,1,0,1,0
0,1,42037.97,13.79652,0,1,1,0,0,0,1,0,0,0,10.03914,0,0,0,0,1,0,0,1,0
1,0,1193.66,7.364702,0,0,1,1,1,1,0,1,0,0,21.50913,0,1,0,0,0,1,0,1,0
0,4,10093.3,13.54602,0,1,0,0,0,1,1,0,0,0,20.88324,0,0,0,1,0,0,0,0,1
0,3,38056.65,12.30736,1,1,0,1,1,1,1,1,0,1,15.95966,1,0,1,1,0,0,0,0,0
1,2,48432.85,4.63584,0,1,1,0,1,1,0,0,1,1,1.925345,1,0,0,0,0,0,0,0,1
0,2,79402.83,10.51982,1,1,0,1,0,1,1,1,1,0,21.19498,0,1,0,0,1,0,0,0,0
0,3,30421.01,14.08044,0,1,0,0,0,0,1,0,1,1,23.04458,0,1,1,0,0,1,0,1,0
1,0,66698.79,10.76198,0,1,0,0,1,1,0,1,1,0,9.900853,1,0,0,1,0,0,0,1,0
0,0,18275.19,6.990118,0,1,1,1,0,0,1,1,0,0,1.15025,1,0,1,0,1,0,0,0,0
0,0,40406.98,16.36612,1,1,0,0,0,1,0,0,0,1,3.794103,0,0,0,1,0,0,0,1,0
0,5,6327.17,10.88222,0,1,0,0,1,1,0,0,0,0,10.44433,0,1,1,1,0,0,0,1,0
0,1,76765.17,10.32391,0,1,0,0,0,0,1,0,1,0,10.35635,0,1,0,0,0,1,0,1,0
0,0,28326.47,10.94525,0,1,0,0,1,0,0,0,0,0,4.908846,0,1,0,0,0,1,0,0,0
0,0,42506.46,7.041544,0,1,1,0,0,0,0,0,1,1,2.637164,0,1,0,0,0,0,1,0,1
0,1,8874.14,7.749421,0,1,1,0,1,1,0,0,0,0,8.547698,0,1,0,0,1,0,0,0,0
1,0,17844.64,9.519197,0,0,1,1,0,0,0,1,1,1,7.465071,1,0,1,1,0,0,0,1,0
1,3,34923.5,9.022046,0,1,1,1,1,1,0,1,0,0,2.681114,0,1,0,0,0,0,1,1,0
1,3,29101.96,5.924693,0,1,0,0,0,0,1,0,1,0,6.979961,0,1,1,0,0,1,0,1,0
1,3,57578.24,10.34662,0,1,1,0,0,0,0,0,1,0,5.436971,0,1,1,0,0,0,0,1,0
1,1,55903.55,10.67552,0,1,0,1,1,0,1,0,1,1,8.671709,0,0,0,0,0,0,1,1,0
0,2,18970.04,6.212122,1,1,1,0,0,0,0,1,0,1,13.84934,0,1,1,0,1,0,0,1,0
0,1,37947.15,11.59418,0,1,1,0,0,1,1,0,0,0,4.055418,1,0,1,1,0,0,0,0,1
0,0,88219.46,3.468567,0,1,0,1,0,0,0,0,0,1,13.00557,1,0,1,0,1,0,0,1,0
0,1,39719.11,12.20313,0,1,1,0,0,0,1,0,0,0,6.92143,0,1,0,0,1,0,0,1,0
1,3,20456.18,14.07349,0,1,0,0,0,1,0,0,0,0,8.324816,0,0,0,0,0,0,0,1,0
0,6,77498.99,7.725473,1,1,1,1,1,1,1,1,0,1,16.27572,0,0,1,0,0,0,0,1,0
0,2,14345.87,7.484153,1,1,0,0,1,0,0,1,0,0,21.52164,0,1,0,0,0,1,0,0,0
0,6,36562.75,10.57671,1,1,0,0,0,1,1,0,1,1,7.332162,0,0,0,1,0,0,0,0,0
0,1,1143.18,7.338118,0,1,0,1,1,0,1,0,1,0,3.318059,0,0,0,0,0,1,0,1,0
0,1,41079.27,10.47477,1,1,0,0,0,0,0,1,0,1,3.059231,1,0,1,0,0,0,0,0,1
1,1,40941.58,9.705754,1,1,0,1,0,0,0,1,1,1,9.49754,0,0,1,0,0,0,1,0,1
1,0,87527.27,11.90177,0,1,1,0,0,1,1,0,1,1,15.22417,0,0,0,0,0,0,1,1,0
0,1,5678.51,10.69562,1,1,0,0,1,0,0,1,0,1,1.970645,1,0,0,1,0,0,0,0,0
1,2,9121.25,15.4471,0,1,0,1,0,1,1,1,1,0,12.44495,0,1,1,0,0,1,0,1,0
1,2,22041.68,5.919886,0,1,0,1,1,0,1,1,0,0,5.147213,1,0,0,0,1,0,0,1,0
1,1,11574.18,9.20065,0,1,0,0,0,0,1,1,1,1,2.382538,0,0,1,1,0,0,0,1,0
0,4,35553.18,15.36682,0,1,0,1,0,0,1,0,0,0,8.454096,1,0,1,0,1,0,0,1,0
0,3,46506.9,17.50097,0,1,0,1,0,1,0,0,1,1,2.176948,0,0,1,0,1,0,0,1,0
0,0,28522.56,11.02093,0,0,1,0,0,0,0,1,0,0,12.36516,0,1,0,1,0,0,0,1,0
1,2,8641.78,7.491292,0,1,1,0,1,0,1,1,0,1,4.023413,1,0,1,0,0,0,1,1,0
1,3,38294.57,8.095364,0,1,1,1,0,1,0,1,0,0,8.209844,1,0,1,0,0,0,0,1,0
1,5,10046.87,9.489342,1,1,1,1,0,0,1,0,1,1,3.713732,0,1,1,0,0,0,1,1,0
1,3,23693.41,8.186941,1,1,1,0,0,1,0,0,1,0,10.42522,1,0,1,0,0,0,1,1,0
0,0,26577.44,11.78952,2,1,1,0,1,0,0,1,0,1,14.47965,0,1,0,1,0,0,0,1,0
1,7,57546.52,12.58628,1,1,1,0,1,0,0,1,1,0,1.081032,0,0,0,0,1,0,0,0,1
0,1,62893.96,9.291642,0,1,1,1,0,0,0,0,0,0,21.36386,0,0,1,0,0,0,1,0,0
0,2,25376.01,9.078331,0,1,1,0,0,0,0,1,0,0,12.45303,0,0,0,0,1,0,0,0,0
0,4,19623.2,8.688645,0,1,1,0,1,0,0,0,0,0,9.05217,0,1,1,1,0,0,0,0,0
0,1,23188.83,10.05346,0,1,0,0,0,1,0,0,1,1,1.210715,0,1,1,0,0,0,1,0,1
0,3,15377.23,7.024459,0,1,1,1,0,0,0,0,1,1,2.509742,1,0,0,1,0,0,0,0,1
1,4,23813.32,8.927502,0,1,0,0,1,1,0,1,1,0,6.736871,1,0,1,0,0,0,1,1,0
1,3,32383.92,13.74408,0,1,0,1,0,0,1,0,1,1,3.033312,0,1,0,1,0,0,0,0,1
0,2,5570.57,8.931718,0,1,0,0,0,1,1,0,1,0,5.891019,1,0,0,0,0,0,0,1,0
0,3,47890.17,12.17482,1,1,1,0,1,0,0,0,0,1,5.452285,1,0,1,0,1,0,0,0,0
0,3,58187.04,12.12404,0,1,0,0,1,0,0,0,0,1,8.342325,1,0,0,1,0,0,0,0,0
1,1,12122.59,6.665106,1,1,1,1,0,1,1,0,1,1,6.203352,0,0,0,0,0,1,0,1,0
0,1,25130.75,7.739914,0,1,0,1,1,1,1,0,1,1,8.867984,0,1,1,0,0,0,0,0,0
0,0,25947.16,10.71589,0,0,0,0,0,0,0,1,0,1,9.131577,1,0,1,0,0,0,1,1,0
0,1,71686.32,8.313798,0,1,0,0,0,0,1,0,0,1,23.78115,0,1,1,0,1,0,0,0,1
1,4,14912.08,5.486343,0,1,0,1,1,1,0,1,1,1,3.575214,1,0,0,0,0,0,1,1,0
0,1,45856.05,10.51064,1,1,1,0,1,0,0,0,0,1,16.77025,1,0,0,1,0,0,0,0,1
0,3,8894.87,10.09739,0,1,1,0,0,0,0,0,0,0,2.546083,1,0,1,1,0,0,0,0,0
1,7,37029.52,13.04395,1,0,0,1,0,1,1,1,1,1,1.871066,1,0,1,1,0,0,0,1,0
1,2,28823.65,15.08815,0,1,0,1,1,1,0,1,1,1,6.403708,1,0,0,0,0,0,0,1,0
0,2,98176.66,6.115071,0,1,0,1,0,1,1,0,1,1,10.4983,1,0,1,0,1,0,0,0,1
0,7,41931.72,6.77211,2,0,1,0,1,0,1,0,1,1,9.894265,0,1,1,0,0,0,0,0,1
1,1,20057.8,7.383215,2,1,1,1,0,0,0,1,1,0,2.426747,1,0,0,0,0,0,1,1,0
1,7,33338.52,12.58951,0,1,0,0,0,1,0,1,0,0,4.419844,0,1,0,0,1,0,0,0,0
1,4,1405.18,6.808472,1,1,0,0,0,1,1,0,1,1,8.26392,1,0,1,1,0,0,0,1,0
0,1,67129.6,12.25073,0,1,0,1,1,1,0,0,0,0,8.157412,0,1,1,0,0,1,0,1,0
0,2,22082.05,9.874838,0,1,0,1,1,0,1,1,0,0,6.681836,0,0,1,0,1,0,0,1,0
1,4,32253.23,9.303316,0,1,1,1,1,1,0,0,1,1,2.589118,1,0,0,1,0,0,0,1,0
1,0,100785.5,8.334039,0,1,1,0,0,0,0,0,1,1,8.902965,1,0,0,0,0,0,1,1,0
0,2,21395.1,12.17483,0,0,0,0,0,1,0,0,0,0,5.892496,0,1,1,0,1,0,0,1,0
0,2,22922.41,12.30949,1,1,0,1,0,0,0,1,0,1,2.577535,0,1,1,0,0,0,1,0,0
1,4,7588.08,6.421434,0,1,1,0,0,0,1,1,0,0,2.820837,0,1,1,0,0,0,0,1,0
1,0,57737.27,3.267635,0,1,1,0,1,1,0,1,1,0,2.005733,0,1,1,0,0,1,0,1,0
0,0,35194.3,13.15165,0,1,0,0,0,1,0,1,0,0,11.30633,0,1,1,0,0,0,1,1,0
1,0,12409.38,11.16634,0,1,0,0,1,1,1,1,0,1,5.364815,0,0,0,0,0,0,0,1,0
0,0,14146.51,5.627745,1,1,0,0,0,0,0,0,0,0,11.17891,1,0,1,0,0,1,0,1,0
0,1,14821.76,11.14208,0,1,0,1,0,1,0,1,0,0,7.326372,0,1,1,0,0,1,0,0,0
1,0,39382.66,11.89241,0,1,1,0,0,0,0,1,1,0,10.96384,0,1,0,1,0,0,0,0,0
1,4,14738.27,10.02031,0,0,1,0,0,1,0,1,0,1,1.1518,0,1,0,0,0,0,1,1,0
1,1,83027.06,8.288306,0,0,1,1,0,0,1,0,1,0,11.94283,0,1,1,0,0,0,0,1,0
1,0,25700.68,12.4173,0,1,1,1,1,1,1,1,1,1,2.147261,1,0,0,0,0,1,0,1,0
1,0,18148.08,11.04506,1,1,1,1,0,1,0,1,1,0,21.72982,1,0,1,0,0,1,0,0,1
1,0,8457.83,7.457158,0,1,0,0,1,1,1,0,0,0,7.042459,1,0,1,0,0,1,0,1,0
1,3,29924.06,6.583497,1,1,0,1,0,0,0,1,0,1,3.592376,1,0,0,0,0,1,0,1,0
0,4,48521.27,9.273629,1,1,0,1,0,0,0,1,1,1,15.73713,0,0,1,0,0,0,0,0,0
0,1,45091.73,11.1808,0,1,1,0,0,0,0,0,0,1,12.94793,0,1,1,0,0,0,0,1,0
1,1,55861.93,9.014014,1,1,0,0,0,1,1,1,1,1,2.284487,1,0,0,1,0,0,0,0,1
1,0,13133.15,12.2074,0,1,1,1,0,0,1,0,0,0,12.2964,1,0,1,0,0,0,0,1,0
1,3,16966.71,10.5572,0,1,0,0,0,0,0,1,0,0,1.655301,1,0,0,1,0,0,0,1,0
1,3,30502.48,8.034529,1,1,1,0,1,0,0,1,0,1,7.521969,0,1,0,1,0,0,0,0,1
1,1,17739.09,12.15506,1,1,1,0,1,1,0,0,1,1,5.123883,1,0,0,0,0,0,1,0,0
1,0,348.67,10.36876,0,1,0,1,0,0,1,1,1,1,14.86376,1,0,0,0,0,1,0,1,0
0,1,70656.34,10.97367,0,0,1,1,1,1,0,0,0,1,5.141927,0,1,1,0,0,0,1,0,0
0,4,9447.9,10.66131,1,1,0,0,0,0,1,1,0,0,5.113589,1,0,0,0,1,0,0,1,0
1,0,25990.9,15.40713,0,1,0,0,0,0,0,0,1,1,10.88666,0,1,0,0,1,0,0,1,0
0,1,22492.61,9.284367,0,1,0,0,1,0,0,1,0,1,4.343093,1,0,1,0,1,0,0,0,0
0,7,23346.19,9.896438,0,1,0,0,0,0,0,1,0,1,7.470963,1,0,0,0,0,1,0,0,1
0,3,84035.13,12.94275,0,1,0,0,0,0,1,1,0,0,13.36689,0,0,0,0,0,0,0,1,0
0,1,30351.92,4.990463,1,1,0,1,0,0,1,0,0,1,7.685406,1,0,1,1,0,0,0,0,1
1,7,22290.4,8.76195,1,1,1,1,1,0,1,1,1,1,5.379951,1,0,1,0,0,0,0,0,0
1,3,21768.05,14.60563,0,1,0,1,1,1,0,1,0,1,8.387889,0,1,0,1,0,0,0,1,0
0,0,17072.33,11.32238,0,1,0,1,1,0,1,0,1,1,8.561641,0,1,0,1,0,0,0,0,0
1,2,15625.86,10.74617,1,1,0,1,0,0,0,0,0,0,4.457562,1,0,0,0,0,0,0,1,0
0,1,38644,12.26333,0,1,1,0,0,0,0,0,1,1,29.30064,0,0,0,0,0,0,0,0,0
0,2,72453.23,8.236332,0,1,1,0,1,1,0,0,1,1,10.32752,0,1,1,0,0,0,0,1,0
1,1,23660.82,10.79999,0,1,1,0,1,0,1,0,1,0,7.668017,0,1,0,1,0,0,0,1,0
0,3,12526.34,12.17705,0,1,0,0,0,0,1,1,0,0,7.461144,1,0,1,0,0,0,0,1,0
0,2,79125.31,8.854371,0,1,1,0,1,0,0,0,0,1,10.07469,1,0,0,0,1,0,0,1,0
1,0,15840.4,7.194451,0,1,0,1,1,1,0,1,0,1,1.692565,1,0,0,1,0,0,0,0,0
0,2,48364.58,6.220807,0,1,0,0,0,0,0,0,1,1,4.18206,1,0,0,0,0,1,0,0,0
1,1,94353.42,16.97213,1,1,0,1,1,0,1,0,0,0,5.260996,1,0,0,0,0,1,0,1,0
1,0,33004.01,3.719308,0,1,1,0,1,0,1,1,1,1,7.957264,0,0,0,0,0,0,1,1,0
0,1,10992.6,7.997377,1,1,0,0,0,0,0,0,0,1,15.4522,0,1,1,0,0,0,0,0,0
1,4,43769.45,10.21531,0,1,1,0,1,1,0,1,0,0,18.07558,0,0,1,0,0,0,0,1,0
0,1,42889.58,11.2842,0,1,1,0,0,0,0,0,0,1,21.55836,0,1,0,0,0,1,0,1,0
0,0,12204.42,7.210462,0,1,1,0,0,0,1,0,1,1,14.0669,0,1,0,1,0,0,0,0,0
1,0,41895.1,10.9305,0,1,1,0,0,1,0,0,1,1,14.54834,0,0,1,0,0,0,0,1,0
0,4,14233.75,8.080637,1,1,0,0,1,0,0,0,1,0,8.592449,0,0,1,0,0,0,1,0,0
0,1,22935.18,11.97204,0,1,0,0,0,0,0,0,0,1,19.84947,1,0,0,0,0,0,0,1,0
1,2,21579.33,9.419642,1,1,0,1,1,1,1,1,1,1,4.83427,0,1,1,0,0,1,0,1,0
1,0,26811.22,10.9973,0,1,0,1,1,1,0,1,1,0,3.11391,1,0,0,1,0,0,0,0,0
0,2,3598.04,12.82092,0,1,1,0,1,0,1,1,0,0,10.35346,1,0,0,0,0,1,0,0,1
0,4,69497.03,10.46818,0,1,0,1,1,0,1,0,0,1,6.506483,0,1,1,0,0,0,1,0,1
0,3,41207.42,9.044706,0,1,1,0,0,0,1,1,0,1,17.95045,1,0,1,0,1,0,0,0,0
1,0,14825.22,6.946114,1,1,0,0,1,1,1,0,1,1,6.214398,1,0,0,0,0,1,0,1,0
0,1,60288.26,14.288,0,1,1,0,0,0,0,1,0,0,10.5771,1,0,1,0,0,0,1,0,0
1,4,55582,7.601803,0,1,1,1,1,1,1,0,1,0,11.42464,0,0,1,0,0,1,0,1,0
1,4,12224.95,9.780193,0,1,1,0,0,1,0,0,0,1,3.367303,0,1,1,0,0,0,1,1,0
1,4,6980.4,9.55673,1,1,0,0,1,0,0,0,0,1,3.071976,0,0,1,0,0,0,0,1,0
0,4,64963.05,8.54284,0,1,0,0,1,0,1,0,0,1,13.23966,1,0,1,0,0,0,1,1,0
0,0,23918.86,12.09121,0,1,0,1,0,0,1,1,0,1,2.941261,0,1,1,0,0,0,1,1,0
0,1,33281.77,3.919237,1,1,0,0,1,1,0,0,1,1,21.07565,1,0,0,0,0,0,1,0,1
1,1,71503.36,10.95217,0,1,0,1,1,1,1,1,1,0,11.76248,1,0,1,0,0,0,0,1,0
0,5,68629.48,8.266471,0,1,1,0,1,1,0,0,0,0,3.896108,0,1,1,0,0,0,0,1,0
1,3,59242.86,7.998222,0,1,1,1,1,1,0,1,1,1,6.564797,1,0,0,0,0,1,0,0,0
1,0,48114.78,10.03556,0,1,1,0,0,0,0,0,1,1,13.72738,1,0,0,0,0,0,1,1,0
1,2,7543.45,15.41425,1,1,1,0,1,0,1,1,0,0,2.804449,0,0,1,0,1,0,0,1,0
0,2,8328.28,13.71415,1,1,1,0,0,0,0,1,0,0,14.41688,0,1,0,1,0,0,0,0,1
1,0,48219.15,7.933312,0,1,1,0,1,0,1,0,1,0,6.186874,1,0,1,0,0,0,1,1,0
1,3,10607.43,16.32484,0,1,1,0,0,0,1,1,1,1,8.380626,1,0,0,0,0,1,0,0,1
0,3,66156.08,12.95024,1,1,1,0,0,0,1,1,0,0,4.899337,1,0,1,1,0,0,0,0,0
0,6,23334.38,15.41725,0,1,1,0,0,0,0,1,0,1,8.574964,0,1,0,0,0,0,0,0,1
1,1,31012.18,13.08416,0,1,0,0,1,0,0,0,1,1,7.84461,0,0,0,0,1,0,0,1,0
1,1,37461.63,9.424779,0,1,1,0,1,0,0,1,1,1,14.31807,0,1,1,0,0,0,1,0,0
0,0,42139.77,9.838314,0,1,0,0,1,0,1,1,0,1,21.43457,0,1,1,0,1,0,0,1,0
0,0,19161.27,6.776805,1,1,1,0,1,0,0,1,0,0,3.147832,0,0,1,1,0,0,0,0,1
1,1,62028.51,7.150882,1,1,1,0,0,0,1,1,0,1,10.83268,0,0,1,0,0,1,0,1,0
1,2,23055.92,7.604163,0,1,0,1,0,0,0,1,1,1,7.812114,0,0,0,0,0,0,1,0,1
1,3,52984.07,7.37357,1,1,0,0,1,0,0,1,0,0,8.850759,0,0,1,0,1,0,0,1,0
0,3,41637.08,9.542495,2,1,1,1,0,0,0,1,0,1,5.933094,0,1,0,0,0,0,0,0,1
0,1,81068.69,9.040251,0,1,0,1,0,0,0,1,0,0,23.08203,0,1,0,0,0,0,0,0,0
0,6,51251.01,9.909877,1,1,0,0,0,0,0,0,0,1,3.080084,0,0,0,0,0,0,0,1,0
0,0,11943.45,8.642754,1,1,0,0,0,1,1,1,1,1,14.41788,0,1,0,1,0,0,0,0,0
0,1,38916.4,11.03946,1,1,0,0,1,1,1,1,0,0,6.2061,0,1,1,1,0,0,0,0,0
1,2,42780.53,10.17393,1,1,1,1,0,0,1,0,1,1,17.38432,1,0,0,1,0,0,0,1,0
0,4,79890.24,7.279879,2,1,0,0,0,1,0,1,1,0,2.893617,1,0,0,0,0,0,1,0,1
0,1,24929.75,9.282026,0,1,1,0,0,0,0,0,0,1,7.634806,0,1,0,0,0,0,1,0,0
0,4,58884.99,8.164724,1,1,0,0,0,0,1,0,0,0,3.794574,1,0,1,0,1,0,0,1,0
0,1,48618.33,7.121114,0,1,0,0,1,1,0,0,1,1,6.905799,0,1,1,0,0,1,0,1,0
0,0,23367.98,13.79996,0,1,0,0,1,0,0,0,0,0,21.26763,1,0,1,0,0,1,0,0,1
0,3,27558.14,9.700117,1,1,1,0,0,0,0,0,0,0,2.507107,0,1,1,0,0,1,0,0,0
0,3,54862.38,6.890953,0,1,0,0,1,0,0,1,0,1,2.886437,0,1,1,0,0,1,0,0,1
1,2,84113.15,9.224349,0,1,0,0,0,0,1,1,0,0,8.093081,1,0,1,0,0,1,0,1,0
0,6,22467.91,11.76153,0,1,0,0,0,0,0,0,0,0,12.1891,0,0,0,0,0,0,0,0,0
0,1,69433.42,4.386127,2,1,1,1,0,1,0,0,0,0,11.3031,0,1,1,1,0,0,0,1,0
0,0,82130.46,8.158876,0,1,0,0,1,0,0,0,1,0,7.445235,1,0,0,0,1,0,0,0,1
0,1,59532.16,12.73982,1,1,1,0,0,1,0,1,0,1,1.877939,0,1,1,1,0,0,0,1,0
0,0,23080.06,8.421514,0,1,0,1,1,1,1,1,0,1,2.347884,0,1,1,0,0,0,0,1,0
1,4,52137.85,10.12355,1,0,0,0,0,0,0,0,0,1,24.69325,1,0,0,0,0,1,0,1,0
1,3,15091.63,6.649137,0,1,0,1,0,1,1,1,0,1,8.824037,1,0,1,0,0,1,0,1,0
0,3,8510.91,6.262471,0,1,1,0,0,1,0,0,1,0,11.72692,0,0,0,1,0,0,0,0,1
1,3,54864.24,5.236974,0,1,1,0,1,1,0,0,1,1,2.987316,0,1,1,1,0,0,0,1,0
1,3,51379.67,6.454722,0,1,1,0,0,0,0,1,1,1,12.04581,0,1,0,0,0,0,1,1,0
0,1,42452.02,14.39916,0,1,0,0,1,0,1,1,0,0,1.76975,0,1,0,1,0,0,0,0,1
1,2,99168.2,12.64257,0,1,1,1,1,0,1,0,0,1,9.613541,0,0,1,0,0,0,1,1,0
0,1,15200.71,9.12824,0,1,0,0,0,0,0,0,1,1,12.22703,1,0,0,1,0,0,0,0,0
0,1,23583.59,16.83197,0,1,1,1,0,1,0,0,1,0,9.517342,0,1,0,0,0,0,0,0,0
0,1,7500.54,9.19204,1,1,1,0,0,1,0,0,0,1,3.27379,1,0,0,0,0,1,0,0,1
1,0,3717.97,10.12336,1,1,0,0,1,0,1,1,1,0,13.55138,1,0,1,0,0,0,0,0,0
0,4,19089.26,6.574956,0,1,0,0,0,0,0,0,0,1,10.14235,0,0,1,0,0,0,0,0,0
0,4,54929.43,10.96282,0,1,1,0,0,1,0,0,1,1,17.74303,0,1,1,0,0,1,0,1,0
1,0,1055.12,10.39479,1,1,0,0,0,1,0,0,0,1,2.241794,0,1,0,1,0,0,0,1,0
0,3,36545.88,5.93514,0,1,0,1,1,0,0,0,0,1,6.974284,1,0,0,0,1,0,0,0,0
1,0,50321.62,8.865855,0,1,0,1,0,1,0,0,1,1,12.67469,0,0,0,0,1,0,0,0,0
1,1,32854.92,6.482152,0,0,0,0,0,0,0,1,1,1,12.65954,1,0,0,0,0,1,0,0,1
1,0,20545,8.222102,0,1,0,0,0,1,0,1,1,0,4.254025,0,1,1,1,0,0,0,1,0
1,2,33029.84,12.609680000000001,1,1,1,0,1,1,1,0,1,1,12.4341,1,0,1,0,0,0,0,0,1
0,1,6960.12,10.52956,0,1,0,1,1,0,0,0,0,1,13.16047,0,0,1,1,0,0,0,0,0
1,1,30638.08,9.208445,0,1,1,1,1,0,0,1,0,1,3.171487,0,1,0,0,1,0,0,1,0
1,1,18308.7,9.649235,0,1,0,1,0,0,0,0,1,1,1.817421,0,0,0,0,0,0,0,1,0
0,2,44087.97,5.587786,1,1,0,1,0,0,1,1,0,0,7.813168,0,1,1,1,0,0,0,0,0
1,2,77615.02,9.242393,0,1,1,0,1,0,0,1,1,1,11.61194,0,0,1,0,0,0,1,0,0
1,1,42123.52,11.89732,1,1,1,0,1,1,0,1,1,1,7.502506,1,0,0,0,0,0,0,1,0
1,0,12363.22,7.581507,0,1,1,1,1,0,0,1,1,0,15.61752,1,0,0,1,0,0,0,0,0
1,2,25303.83,12.56211,0,1,0,0,0,0,0,1,1,1,7.276075,0,1,1,0,1,0,0,1,0
0,0,34999.62,6.706765,2,1,0,1,0,1,0,1,1,0,7.965702,0,0,1,1,0,0,0,0,0
1,4,50636.27,13.78311,2,1,1,0,1,0,1,1,0,0,2.605757,0,0,0,0,0,1,0,1,0
0,3,50156.65,13.2393,2,0,0,0,0,0,0,0,0,0,10.13859,0,0,0,0,0,0,1,1,0
1,4,22842.54,9.343359,0,1,1,0,0,0,1,1,1,0,5.464636,0,0,0,0,0,0,0,0,1
1,0,50135.13,8.698426,1,0,0,0,0,0,0,1,1,1,8.747794,0,1,0,0,0,1,0,0,1
1,0,62214.19,12.69049,0,1,0,0,1,1,0,0,1,0,7.019257,0,1,1,0,0,1,0,1,0
1,2,7377.09,12.84627,0,0,1,0,0,1,0,0,1,0,13.69077,0,1,0,0,0,1,0,1,0
0,1,32032.54,8.081871,0,1,1,1,0,0,1,0,0,0,4.208515,1,0,0,0,0,0,0,0,0
0,0,23761.42,11.2072,0,1,1,0,1,0,1,1,0,1,18.34508,1,0,0,1,0,0,0,0,0
0,2,12975.69,12.13152,0,1,0,0,1,1,0,0,0,1,5.188006,1,0,0,0,0,1,0,0,1
0,0,24570.19,3.609651,0,1,1,0,0,0,1,1,0,0,10.76731,1,0,0,0,0,1,0,0,0
0,4,11269.01,10.87695,0,0,0,1,0,1,0,0,1,1,2.284566,0,0,0,0,0,1,0,0,0
1,2,64494.71,14.09036,2,1,0,0,0,1,1,1,0,0,4.946157,0,0,1,0,0,0,1,1,0
0,0,22361.08,10.82392,0,1,0,0,0,0,1,1,1,1,14.07058,1,0,1,0,0,0,1,0,1
1,1,27995.48,8.486542,0,1,0,0,1,0,0,1,1,0,10.99037,0,0,1,0,0,0,0,1,0
0,4,16787.14,8.38306,0,1,1,0,1,0,1,0,0,0,5.833919,1,0,1,0,0,0,1,1,0
0,0,32910.92,8.955689,0,1,0,1,0,0,0,0,0,0,14.28503,0,1,0,0,1,0,0,1,0
1,6,8148.12,8.530991,1,1,1,1,1,1,1,1,1,1,7.821554,1,0,1,0,0,0,1,0,1
1,3,47347.97,8.141997,2,1,1,0,0,1,0,1,1,1,5.429608,0,1,1,0,0,0,1,0,0
0,3,27647.13,9.164022,0,1,1,0,1,1,1,0,0,0,9.914638,0,0,0,1,0,0,0,1,0
1,0,40598.75,7.277557,0,1,1,0,1,0,0,1,1,0,6.588658,1,0,1,0,1,0,0,1,0
0,2,40690.6,3.942126,0,1,0,1,1,0,0,0,0,1,1.556238,0,0,0,0,1,0,0,1,0
1,7,40977.93,15.67211,0,1,1,0,1,0,0,1,1,0,7.820202,0,0,1,1,0,0,0,1,0
1,7,31168.17,9.976411,0,0,1,1,0,1,1,1,1,0,10.06351,0,1,1,0,0,0,1,0,0
0,0,11548.26,4.170516,1,0,0,0,1,0,1,0,1,0,11.89464,0,0,1,0,0,0,1,0,0
0,0,32382.9,10.29131,1,1,1,0,0,1,0,0,1,0,14.0795,0,0,0,0,0,0,0,0,0
0,4,2606.74,14.8463,1,1,1,1,0,1,0,1,0,0,3.422801,1,0,0,0,0,0,0,0,1
0,4,9694.63,8.331754,0,1,0,0,1,0,0,0,0,0,6.264945,0,1,0,0,0,1,0,0,0
1,2,18927.94,9.524691,0,1,0,1,0,0,0,1,1,0,8.675197,1,0,1,0,1,0,0,1,0
0,0,44031.24,6.112396,0,0,0,1,0,0,0,0,0,1,2.856149,1,0,0,0,0,0,0,1,0
1,1,29749.39,11.91957,0,1,1,1,0,1,0,1,1,0,12.62182,0,1,0,0,1,0,0,1,0
1,0,67585.42,9.767413,0,1,0,1,0,1,0,1,1,1,16.37611,0,1,1,0,0,0,0,0,1
1,4,52866.31,10.19732,0,1,1,1,1,1,0,1,1,1,4.581601,0,1,0,0,0,0,1,1,0
0,0,82673.37,7.690174,1,1,0,1,0,0,0,0,1,1,12.14985,0,1,1,1,0,0,0,0,1
1,2,38159.22,4.460194,1,1,0,1,1,1,0,1,1,1,11.739,1,0,1,0,0,0,1,1,0
1,4,82818.2,8.884019,0,0,1,1,1,1,0,0,1,1,12.53901,0,1,0,0,0,0,1,1,0
1,0,21594.76,17.05296,0,0,1,1,0,1,0,1,0,1,7.766899,0,1,0,1,0,0,0,1,0
0,4,64951.03,9.946647,1,1,1,0,1,0,0,0,0,1,18.75702,0,1,0,1,0,0,0,1,0
0,1,36500.99,11.5963,0,1,0,0,0,1,0,0,0,1,9.875391,1,0,0,1,0,0,0,1,0
1,1,68023.12,13.28373,0,1,1,0,1,1,1,0,0,1,10.48384,1,0,1,0,0,0,1,1,0
1,0,9626.88,9.902107,0,1,1,0,0,1,1,0,1,1,6.027061,0,1,1,1,0,0,0,1,0
0,1,13773.86,9.876501,0,1,0,1,0,0,1,0,1,0,18.84228,0,1,0,0,0,0,1,1,0
0,2,20358.54,8.927855,1,1,0,1,1,0,1,1,0,0,7.895618,1,0,1,0,0,1,0,0,1
0,1,39839.69,11.69477,1,1,0,0,1,0,1,0,1,0,15.37459,0,1,1,0,0,0,1,1,0
0,4,28008.97,10.64089,0,0,0,1,0,0,0,0,0,1,9.260977,0,1,0,1,0,0,0,1,0
1,3,84637.15,13.78681,0,1,1,1,0,0,1,0,1,1,12.13697,0,1,1,0,1,0,0,1,0
0,0,59958.03,7.998634,0,1,1,1,0,0,0,1,0,0,5.793869,0,1,0,0,0,0,0,0,1
1,2,32331.8,8.532065,0,0,0,0,1,1,0,0,1,0,2.246214,0,1,1,0,0,1,0,1,0
1,0,21580.42,9.278282,0,1,0,0,1,1,0,1,1,0,1.999262,0,1,1,1,0,0,0,0,0
0,1,21810.7,10.05819,0,1,1,1,1,1,0,0,1,1,4.685087,0,1,1,0,1,0,0,0,1
0,1,18513.69,8.783005,0,1,1,1,0,1,1,0,1,1,15.75222,0,1,0,0,1,0,0,1,0
0,2,32753.3,9.308357,0,1,0,0,0,1,0,0,0,0,2.680333,0,1,1,1,0,0,0,0,1
1,0,15037.18,13.1051,1,1,1,0,0,1,0,0,1,0,9.283599,1,0,1,0,0,0,1,1,0
1,0,38532.04,10.48815,0,0,1,1,0,0,0,1,0,1,5.70629,1,0,0,0,0,0,1,1,0
0,1,44241.07,13.18243,0,1,0,1,0,0,1,1,0,1,12.79286,1,0,1,0,0,0,1,1,0
0,0,64075.52,10.21228,2,1,1,1,0,1,1,1,0,1,12.2982,0,1,1,0,0,0,1,1,0
1,4,26656.35,9.311431,0,1,0,0,0,0,0,1,0,0,3.665202,0,0,0,0,1,0,0,1,0
0,1,49425.3,7.762996,1,1,0,0,1,0,1,0,1,1,5.971951,0,1,0,0,1,0,0,0,0
1,2,79152.4,10.08354,0,1,1,0,0,0,0,1,1,1,5.364231,0,1,0,0,0,1,0,1,0
0,0,40368.33,12.18052,2,1,0,0,1,0,1,1,0,1,14.86565,1,0,1,0,1,0,0,0,1
1,0,24164.69,11.71123,0,1,0,0,1,1,1,0,0,1,10.10287,0,1,1,0,1,0,0,1,0
1,4,43643.67,12.63747,0,1,1,0,1,0,0,1,1,0,10.15649,1,0,0,0,0,0,1,0,0
1,0,951.96,5.896488,1,1,1,1,1,0,1,0,0,0,8.031947,0,1,1,0,1,0,0,1,0
1,0,48571.22,7.21113,0,1,0,0,1,1,0,1,1,1,6.723311,1,0,1,0,0,0,0,1,0
0,5,67620.64,9.925225,0,1,0,0,0,0,1,0,0,1,9.712168,0,0,1,0,0,0,1,0,1
1,0,41327.38,9.927361,0,1,1,0,1,1,0,0,0,1,4.731685,0,1,1,0,0,1,0,1,0
0,7,56589.81,8.385577,2,1,0,1,0,1,0,0,1,1,3.407577,0,0,0,0,0,0,0,0,0
1,1,73225.47,11.65736,0,0,1,1,1,0,1,1,1,1,9.986348,1,0,1,1,0,0,0,1,0
1,0,52810.57,9.877495,0,1,0,1,0,0,0,1,1,0,9.651306,1,0,1,0,0,0,1,1,0
0,3,53187.32,12.1183,1,1,1,0,1,0,1,0,0,1,17.88722,0,1,0,0,0,0,0,0,0
1,4,66989.79,13.3593,1,1,1,0,1,0,0,1,1,0,13.85859,0,0,0,0,0,0,1,1,0
0,2,46775.2,5.645543,0,0,0,1,1,1,0,0,0,0,23.59578,1,0,1,0,0,1,0,1,0
0,2,19746.8,6.549501,1,1,0,0,0,1,1,0,0,1,4.115815,0,1,1,1,0,0,0,0,0
0,1,12854.97,2.542536,0,1,0,0,1,0,0,0,0,0,7.751707,0,1,0,1,0,0,0,1,0
1,0,24376.36,8.974674,0,0,1,0,0,1,0,1,1,1,13.89557,0,0,1,1,0,0,0,1,0
1,0,19271.85,12.22514,0,1,1,0,0,0,0,0,0,1,5.792269,0,1,1,0,0,0,0,1,0
0,2,22257.83,10.66071,0,1,0,0,1,0,1,1,0,0,11.89052,1,0,0,0,0,0,0,1,0
1,0,19620.4,10.30722,0,1,0,0,0,0,0,1,1,1,6.971587,0,1,0,0,0,0,0,0,0
1,1,14377.15,7.024602,1,1,1,0,1,0,0,0,1,0,17.30262,1,0,0,0,0,1,0,0,0
0,2,60598.33,7.001953,0,1,0,0,1,0,0,0,0,0,11.42868,1,0,1,0,0,1,0,1,0
1,0,26097.52,10.61878,0,1,0,0,0,0,0,1,1,0,3.199579,0,1,0,0,0,0,0,1,0
1,0,14612.3,13.17154,0,1,0,1,1,1,0,0,1,1,5.73926,0,1,0,0,1,0,0,1,0
0,1,7882.5,4.865293,0,1,1,0,0,1,0,0,1,0,5.506063,0,1,0,1,0,0,0,0,0
1,0,37680.14,8.306336,0,1,1,1,0,0,1,1,0,1,10.89731,0,1,1,0,0,1,0,1,0
0,0,31749.22,12.74248,0,1,0,0,1,0,0,0,0,0,3.770144,0,1,0,1,0,0,0,0,0
0,4,61087.44,10.40439,1,1,1,1,0,1,0,1,0,1,9.312734,0,0,1,0,1,0,0,0,0
1,1,93748.65,12.10227,1,1,0,0,0,0,1,1,1,0,4.370713,0,1,0,1,0,0,0,1,0
1,7,30255.22,12.2246,1,1,1,0,0,1,0,1,1,1,2.006646,0,1,0,1,0,0,0,1,0
1,4,32228.53,13.08518,0,1,0,0,0,0,0,1,1,1,10.62816,1,0,1,0,0,1,0,0,1
0,0,73162.55,9.399999,0,1,0,1,0,1,0,0,0,1,6.033703,0,0,0,0,0,0,0,1,0
0,2,94990.56,5.378491,0,1,0,0,0,0,1,0,0,0,7.660409,0,0,0,0,0,1,0,1,0
1,1,76161.71,11.05412,1,0,1,1,1,1,0,0,0,1,7.354812,0,0,0,0,0,0,1,1,0
1,2,74084.32,8.536876,0,1,1,0,1,0,1,1,0,1,3.872474,0,1,0,1,0,0,0,1,0
1,0,17528.05,6.921287,2,1,0,0,1,0,0,0,1,0,3.309503,1,0,0,1,0,0,0,1,0
1,0,31036.82,6.530692,0,1,1,1,0,1,0,0,1,1,10.12764,0,1,1,0,0,1,0,1,0
0,4,41971.12,9.254731,0,1,0,0,0,1,0,1,0,1,18.01409,0,1,1,0,0,0,1,0,0
0,1,36514.93,11.7274,0,1,0,1,0,1,0,0,0,0,1.90586,0,1,1,0,0,0,1,0,0
1,0,5406.51,9.621544,1,1,0,0,0,0,1,1,1,1,7.329775,1,0,1,1,0,0,0,1,0
1,0,44202.8,13.36673,1,1,1,0,0,0,0,0,1,1,11.21881,1,0,1,0,0,0,1,1,0
0,2,36991.79,6.666431,0,1,1,0,1,1,0,0,0,1,13.17784,0,1,1,0,1,0,0,0,0
0,6,23803,7.350413,0,1,1,0,1,1,0,1,0,0,7.03957,0,1,0,0,0,1,0,0,0
1,1,37577.46,13.80285,0,1,1,0,0,1,1,1,1,0,2.77885,1,0,1,0,1,0,0,0,0
0,1,32555.42,12.89791,0,1,1,1,0,0,1,0,1,0,12.9557,1,0,1,1,0,0,0,0,0
1,3,38869.47,8.345417,0,0,1,1,1,1,1,1,1,1,21.39532,1,0,1,0,0,0,0,0,0
1,1,78090.5,4.472985,1,1,0,0,0,1,1,0,1,1,7.334657,1,0,1,0,0,0,1,1,0
0,2,23935.48,7.28865,1,1,1,1,0,1,1,0,0,1,19.48914,1,0,1,0,0,0,1,1,0
0,0,56792.26,10.03734,1,1,1,0,0,0,1,1,0,1,4.546842,1,0,1,1,0,0,0,0,0
1,0,10979.8,6.638957,0,1,1,1,1,0,0,0,1,0,9.553951,0,1,0,0,0,1,0,1,0
0,2,31096.42,8.347688,0,1,1,0,0,1,0,1,0,0,22.01734,1,0,0,0,0,1,0,0,0
1,1,50335.96,13.16758,0,0,0,1,0,1,1,1,1,0,7.041709,1,0,0,0,0,0,0,0,1
0,0,48042.7,12.37853,0,0,1,1,0,0,1,0,0,0,7.295203,0,0,1,0,0,0,1,1,0
0,4,33572.8,5.067851,2,1,0,0,1,1,1,1,0,1,17.19189,1,0,1,0,1,0,0,0,1
0,2,60326.6,7.451031,0,0,0,0,0,1,0,1,0,1,7.560138,1,0,0,0,1,0,0,0,0
0,0,5540.89,8.484833,0,1,1,0,1,0,0,0,1,1,15.62643,0,1,0,1,0,0,0,0,0
0,2,29379.05,15.15124,2,1,0,1,1,0,0,0,0,0,6.142753,0,1,0,0,0,0,0,1,0
1,1,76333.6,11.52986,0,1,1,0,0,1,0,0,1,0,8.696148,1,0,1,0,0,0,0,0,1
1,3,14676.6,10.42719,0,1,0,0,1,1,1,1,1,1,21.49074,1,0,1,0,0,0,1,0,1
0,1,42839.99,5.020165,0,1,1,1,1,1,0,1,0,1,13.21887,0,1,1,1,0,0,0,0,0
1,4,77598.76,6.246844,0,1,1,0,1,0,1,0,1,0,13.74701,0,1,0,0,1,0,0,1,0
0,4,26278.72,9.694195,0,1,0,0,1,1,1,0,1,0,19.48387,0,1,0,0,0,0,1,1,0
1,2,20954.8,12.6649,0,1,0,0,0,1,0,1,1,1,5.067354,0,1,1,0,0,0,1,0,1
1,1,10331.34,11.96519,1,1,1,1,0,0,1,0,0,1,6.386027,1,0,1,0,0,0,1,1,0
0,2,24090.59,9.379254,1,1,0,0,1,0,0,1,0,0,5.387209,0,1,0,0,0,1,0,0,0
1,0,29125.57,12.36111,0,1,0,0,0,0,1,0,0,1,3.94227,1,0,0,1,0,0,0,1,0
1,1,39053.35,11.20557,0,1,0,0,1,0,0,1,1,1,5.664023,0,1,1,0,0,1,0,0,0
1,3,11423.37,8.979059,1,1,0,0,0,1,0,1,1,1,1.329981,1,0,1,0,0,1,0,1,0
0,2,33426.12,8.885438,0,1,0,0,1,0,0,0,0,1,29.58658,1,0,1,0,1,0,0,1,0
0,4,19536.56,12.30036,0,1,1,1,1,0,0,1,0,1,13.34222,1,0,0,1,0,0,0,0,0
1,1,43797.53,9.718608,0,1,1,0,0,1,1,1,0,0,13.63405,1,0,1,0,1,0,0,1,0
1,0,35409.41,9.777012,0,0,0,1,0,1,1,0,1,1,8.171806,1,0,1,0,0,0,0,1,0
0,1,41444.72,10.1175,0,1,0,1,1,1,1,1,0,1,25.76718,1,0,0,1,0,0,0,1,0
1,1,20474.19,10.46793,0,1,1,1,1,0,1,0,1,1,3.876069,1,0,0,0,0,0,0,0,0
0,2,2335.14,6.963828,0,1,1,0,0,1,1,1,0,1,29.71753,0,1,1,0,0,0,0,1,0
1,0,33004,6.995567,0,1,1,0,1,1,0,1,0,0,1.116305,1,0,0,1,0,0,0,0,0
0,0,68987.09,7.685351,0,1,0,1,1,0,1,0,0,0,4.054345,0,1,1,1,0,0,0,0,0
0,1,29998.04,9.210381,0,1,0,0,1,0,0,0,1,1,5.156634,0,1,0,0,1,0,0,1,0
1,2,79645.56,7.695657,0,1,1,0,1,1,0,0,1,1,5.976743,1,0,1,0,1,0,0,0,0
0,0,69312.83,9.216926,0,1,1,1,0,1,0,1,0,1,23.63005,0,0,0,0,0,0,1,1,0
0,2,28805.26,10.25645,0,1,0,1,1,0,1,0,0,0,6.42531,0,1,1,1,0,0,0,0,1
0,0,37864.06,17.21943,1,1,1,1,0,0,1,0,0,0,6.088456,0,1,0,1,0,0,0,0,0
0,0,39557.83,5.923618,1,1,1,1,0,0,1,0,0,1,17.93561,0,1,0,0,0,0,0,1,0
0,1,51302.78,9.942413,0,1,1,0,1,0,1,0,0,1,9.389007,0,1,1,0,0,1,0,0,1
1,0,34094.81,8.109012,0,1,0,0,0,0,0,1,1,0,15.06895,0,0,0,0,0,0,0,1,0
1,3,28022.35,14.58334,1,1,1,1,1,0,1,1,0,1,13.11297,0,1,1,0,0,0,0,1,0
1,2,8015.32,12.94733,0,1,1,0,0,0,1,1,1,1,7.579944,0,0,0,0,1,0,0,0,0
1,6,40203.66,13.04143,0,1,1,0,1,1,1,0,1,1,6.913925,1,0,0,0,0,0,0,0,1
0,4,24538.69,3.429724,0,1,0,1,1,1,1,0,0,0,2.429677,0,0,1,0,0,0,0,1,0
0,2,21790,12.83596,0,1,1,0,1,0,1,0,0,1,9.187823,0,1,0,0,0,0,1,1,0
1,2,18210.97,7.868489,1,1,0,0,1,0,0,0,1,0,8.71167,0,0,0,1,0,0,0,1,0
1,1,22918.99,12.59919,0,1,1,0,0,0,0,0,0,1,16.57839,1,0,1,0,0,0,0,1,0
1,1,18054.15,9.016916,0,1,1,1,0,1,1,0,0,0,2.780924,1,0,1,0,0,1,0,1,0
0,2,8091.21,9.335603,0,1,0,0,0,0,1,1,0,0,2.924951,0,0,0,1,0,0,0,1,0
0,0,13476.42,5.93299,0,0,0,0,1,1,0,0,0,1,4.579843,1,0,1,1,0,0,0,0,0
1,3,42800.66,9.733557,0,1,1,0,0,0,0,1,1,0,2.250238,0,1,1,0,0,1,0,0,0
1,4,5362.71,7.571298,1,1,0,0,1,0,1,1,1,1,5.236648,0,0,1,0,0,0,0,0,0
1,1,17134.4,6.583504,0,1,0,0,0,1,0,0,1,0,5.695207,1,0,1,1,0,0,0,1,0
1,1,19937.92,8.998128,1,1,1,1,0,0,0,1,1,0,6.649321,0,1,1,0,0,1,0,1,0
1,2,56733.5,11.8323,0,1,1,0,1,1,1,0,1,1,15.1631,0,1,0,0,1,0,0,1,0
1,0,68204.46,9.399937,1,1,1,0,0,1,0,0,1,1,5.124495,0,1,0,0,0,1,0,1,0
1,1,35775.82,12.08935,1,1,1,1,1,1,0,1,0,1,5.111844,0,1,1,1,0,0,0,0,1
1,2,23303.89,8.820956,1,1,1,0,0,0,0,1,0,0,10.02376,1,0,0,0,0,1,0,0,1
1,2,55365.37,11.13796,2,1,0,0,1,0,0,0,0,0,11.61657,1,0,1,0,0,1,0,1,0
0,3,31263.34,10.8229,0,1,0,0,0,0,0,1,0,1,6.275924,1,0,0,1,0,0,0,0,0
0,0,43010.56,8.116261,0,1,0,1,0,0,0,0,1,0,12.9765,0,1,1,0,1,0,0,0,0
0,2,41799.98,10.25329,0,1,1,1,1,0,0,1,0,1,12.70321,0,1,1,0,0,1,0,0,0
1,2,21512.56,8.957051,0,0,0,0,0,0,0,1,1,0,6.431215,1,0,0,0,0,0,1,0,0
0,0,94788.34,14.55317,0,1,0,0,0,0,0,1,0,1,1.74299,0,0,0,0,1,0,0,1,0
0,2,10595.27,9.88484,0,1,0,0,0,1,0,0,1,1,2.825046,0,0,0,0,1,0,0,0,0
0,0,16587.43,8.412486,1,1,0,1,1,1,1,0,0,1,2.237136,1,0,1,1,0,0,0,0,1
1,0,41911.7,4.76345,0,1,0,0,0,1,0,0,0,0,6.749571,1,0,0,0,0,0,1,1,0
1,1,17638.9,11.14084,2,0,1,0,0,1,0,0,1,1,15.33595,1,0,1,0,0,1,0,1,0
0,1,16409.81,9.692251,0,1,1,1,0,0,0,1,0,0,1.40024,1,0,0,1,0,0,0,0,0
0,0,6407.88,8.202833,0,1,0,1,0,0,0,1,0,0,6.093746,0,0,0,0,1,0,0,0,0
0,1,31396.27,9.344839,1,1,1,0,1,1,0,0,0,0,3.384599,0,0,0,0,0,0,1,1,0
1,0,16013.09,7.696462,0,1,1,1,1,0,1,0,1,0,6.398242,1,0,1,0,1,0,0,1,0
1,0,35805.47,14.47842,0,1,1,0,0,1,1,0,1,1,2.223563,1,0,0,0,0,0,0,1,0
0,0,32153.72,12.26177,2,0,1,0,0,1,0,1,0,1,7.277274,0,1,0,0,0,1,0,0,0
1,0,16161.27,12.44948,0,0,0,0,1,0,1,0,1,0,3.4187,0,1,0,1,0,0,0,1,0
0,1,20845.79,2.53911,0,1,0,1,1,1,1,0,1,0,17.58224,0,1,0,0,0,0,0,0,1
0,2,11830.39,8.293752,0,1,1,0,0,0,0,0,0,1,8.423652,0,1,1,0,0,1,0,0,1
1,0,50391.85,9.518609,0,1,1,0,0,1,0,1,1,0,6.739064,0,1,1,0,1,0,0,0,1
0,3,40398.47,8.644175,0,1,0,1,0,1,1,1,1,0,6.56131,0,1,1,1,0,0,0,0,1
1,1,24165.62,4.565566,1,1,1,1,0,0,0,1,0,1,1.726822,1,0,0,0,0,1,0,1,0
1,6,83334.79,7.213508,2,1,1,0,1,1,1,1,0,1,6.495239,1,0,0,0,1,0,0,1,0
1,0,11009.87,7.889232,0,1,1,0,0,1,0,0,0,1,5.778279,0,0,0,1,0,0,0,1,0
1,5,59960,9.638076,0,1,1,0,1,0,0,0,1,0,8.324111,1,0,1,0,0,0,1,1,0
0,0,87320.1,10.18997,0,1,0,0,0,0,1,0,0,1,4.484822,1,0,1,0,1,0,0,1,0
0,1,68793.34,12.17642,1,1,0,0,1,1,0,0,0,0,6.994401,0,1,0,0,1,0,0,1,0
0,3,33055.59,8.318932,0,1,0,1,1,0,0,1,0,1,6.597117,1,0,1,0,1,0,0,0,0
0,0,22588.39,13.60153,1,1,1,1,1,1,0,0,0,0,11.12081,0,1,1,0,0,1,0,1,0
1,0,38845.48,7.208078,1,1,1,0,0,0,0,1,1,0,4.377435,0,0,1,0,0,0,1,0,1
1,1,19819.81,8.875116,1,1,1,0,1,0,1,1,1,1,15.35499,0,0,0,0,0,0,1,1,0
1,0,68709.62,10.20829,2,0,0,1,1,0,0,1,1,1,2.696846,0,1,0,0,0,0,1,1,0
1,3,1263.57,11.58924,0,1,1,0,0,0,0,1,0,1,9.648973,0,1,0,0,1,0,0,1,0
0,1,24074.11,10.72033,0,1,1,0,0,1,0,0,0,0,20.16597,0,1,0,1,0,0,0,0,0
1,2,45427.7,9.030524,0,1,0,1,1,1,0,0,1,1,2.553094,1,0,0,1,0,0,0,1,0
1,4,38045.21,6.040015,0,1,1,0,0,1,0,1,1,1,21.19755,0,0,0,0,0,0,0,1,0
1,1,12531.29,7.545931,0,1,1,1,0,1,0,1,0,0,20.52701,1,0,1,1,0,0,0,1,0
1,3,33533.36,10.01287,1,1,1,1,0,1,1,1,1,1,9.696166,1,0,0,0,0,0,1,1,0
1,0,13148.1,11.72484,0,1,1,1,1,0,0,1,0,1,6.135015,0,1,0,0,0,0,1,0,0
1,1,68091.97,9.366618,0,1,1,0,1,0,1,1,1,1,11.69119,1,0,1,0,0,1,0,1,0
1,3,87277.75,13.35351,0,1,1,1,1,1,1,0,0,1,4.301967,1,0,1,0,0,0,0,1,0
1,1,43369.94,8.7759,0,1,0,0,0,0,0,0,1,0,5.119045,0,1,0,0,0,0,1,1,0
0,1,16717.1,16.76653,1,0,0,1,1,0,0,0,1,0,7.663799,0,1,0,1,0,0,0,1,0
1,3,61166.68,6.336278,0,1,0,0,1,0,0,1,1,0,4.614124,0,0,1,0,0,0,0,0,1
1,1,60004.46,12.74256,0,1,1,0,0,1,0,0,0,1,10.15306,0,1,0,0,0,1,0,1,0
1,0,13216.99,8.308668,0,1,0,1,0,1,1,1,0,0,4.64085,1,0,1,0,0,0,1,1,0
0,1,58621.81,11.8131,1,1,1,0,0,1,0,0,0,1,2.919224,0,1,1,0,0,0,1,1,0
1,1,34481.06,12.16474,1,1,0,0,0,0,1,1,1,1,22.39748,0,0,0,0,0,0,1,1,0
0,0,63027.8,6.501013,0,1,0,1,0,1,1,1,1,0,5.337342,0,0,1,0,0,0,0,0,0
1,2,26375.76,11.19425,0,1,1,1,0,0,1,0,1,1,7.704074,1,0,0,1,0,0,0,1,0
0,1,12416.94,11.85073,1,1,1,0,0,0,0,1,1,0,14.13869,0,1,0,0,0,0,1,0,0
1,1,61291.33,7.978417,1,1,1,0,1,0,0,1,0,1,17.61732,1,0,1,1,0,0,0,0,0
1,1,22611.29,7.681675,1,1,1,1,1,1,1,1,1,1,3.179833,0,1,1,0,1,0,0,0,0
1,3,38317.73,10.62687,0,1,1,1,0,0,1,1,1,1,17.5331,0,0,1,0,0,1,0,1,0
0,3,13500.74,10.85047,1,1,1,0,1,0,1,0,0,1,9.448515,0,1,0,0,0,0,1,0,0
1,0,21413.24,9.757323,0,1,1,1,1,0,1,1,1,0,6.422331,0,1,1,0,0,0,1,1,0
0,1,10832.15,6.973723,0,1,1,0,1,1,0,0,0,1,8.91671,0,1,0,0,0,0,0,0,1
0,3,84674.6,9.809836,0,1,1,0,0,1,1,0,0,1,11.51972,1,0,1,0,0,0,1,0,1
1,0,6204.51,11.15744,1,1,1,0,1,1,1,0,1,0,2.184299,0,0,0,0,0,0,0,0,0
0,0,8086.98,14.11524,0,1,0,0,0,1,0,0,1,1,9.060452,1,0,1,0,0,0,0,0,0
0,3,8348.29,3.232997,0,1,0,0,1,0,1,0,0,1,12.27603,0,0,0,1,0,0,0,1,0
0,0,13744.9,7.488474,0,1,1,1,0,0,0,0,0,1,11.7516,0,1,1,0,0,0,1,0,0
1,2,8231.55,8.741825,1,1,0,1,1,1,0,1,1,1,10.59224,0,1,0,0,0,0,0,0,0
1,1,13312.53,14.13918,0,1,1,0,1,1,0,0,1,1,18.08315,0,0,1,0,0,0,1,1,0
0,2,29977.3,9.662482,0,1,0,1,1,0,0,0,1,1,6.214633,0,1,0,0,0,0,0,1,0
0,0,28827.57,12.27876,0,1,0,1,1,0,0,1,1,0,3.595204,0,1,1,0,0,1,0,0,1
0,2,29950.17,8.468778,0,1,0,1,0,0,1,0,0,1,8.596064,0,1,0,0,0,0,1,1,0
1,0,73010.37,13.73496,0,0,0,0,0,0,1,0,1,1,3.184209,1,0,1,0,0,0,0,1,0
1,1,53256.9,5.939411,1,1,1,0,1,1,0,1,0,0,4.171617,0,1,1,0,0,0,0,1,0
1,2,32955.23,12.21135,1,1,1,0,0,1,1,0,0,0,1.312447,0,0,1,1,0,0,0,1,0
1,1,23170.27,5.774549,0,1,1,0,1,0,1,0,1,0,10.17149,0,1,0,0,0,1,0,0,1
0,3,10219.32,7.751726,1,1,0,1,0,0,0,0,0,0,4.771263,0,1,1,0,0,1,0,1,0
1,0,14624.56,10.61552,0,1,0,0,1,1,0,1,1,0,19.52917,1,0,0,0,0,0,1,0,1
0,0,16057.58,11.17837,0,1,1,1,1,0,1,0,1,1,6.383328,0,1,0,1,0,0,0,0,0
1,2,15207.5,8.795566,0,0,1,0,1,1,0,1,1,0,10.70911,1,0,0,0,0,0,1,0,0
0,1,44881.42,9.898238,0,1,0,0,0,1,0,0,1,0,18.83056,0,0,0,0,0,1,0,1,0
1,3,67829.44,10.34444,0,0,1,0,0,1,0,1,1,1,10.90429,0,0,1,0,0,1,0,1,0
1,0,18634.17,10.6092,0,1,1,1,1,0,0,0,0,0,5.461422,1,0,0,0,0,0,1,1,0
1,2,20659.21,10.87952,0,1,0,1,1,0,0,1,1,0,12.39101,1,0,0,0,0,0,1,1,0
1,0,73134.03,13.3432,1,1,1,0,1,1,0,1,0,1,7.91568,1,0,0,1,0,0,0,1,0
1,3,37461.71,10.95773,0,1,1,0,0,0,1,1,0,0,6.306379,1,0,0,0,0,0,1,1,0
1,4,25163.01,11.31745,1,1,1,1,1,1,1,1,1,0,8.05975,1,0,0,1,0,0,0,1,0
1,1,70500.42,13.43679,0,1,1,1,1,0,0,0,1,1,19.34604,1,0,0,0,0,0,1,1,0
1,2,18046.41,10.04183,0,1,1,1,1,0,1,0,1,1,2.397122,0,0,1,0,0,0,1,1,0
0,4,55267.18,9.223376,2,1,0,0,1,1,0,1,0,0,5.533306,0,1,0,0,0,0,0,0,1
0,4,9083.29,7.553372,1,1,0,1,0,1,0,1,0,1,2.745106,0,0,1,0,1,0,0,0,1
0,0,17228.14,7.676215,0,1,1,1,1,1,1,0,0,1,2.348386,1,0,1,0,0,1,0,1,0
1,2,38599.07,7.178201,1,1,1,0,0,0,1,1,1,0,14.74826,1,0,0,0,0,1,0,0,1
1,4,41685.06,8.560666,0,1,1,0,1,0,0,1,0,1,11.94546,0,1,0,0,1,0,0,1,0
0,1,15629.94,10.25342,1,1,1,1,0,1,0,0,0,1,11.54316,1,0,1,0,0,0,0,0,1
1,1,2405.39,13.40189,0,1,1,0,0,0,0,1,1,1,8.930383,0,1,0,1,0,0,0,1,0
1,3,51082.1,11.48824,0,1,1,0,1,1,1,1,1,1,6.62916,0,1,0,0,0,1,0,1,0
1,3,35497.4,11.20268,1,1,1,1,1,0,0,1,1,0,8.004483,0,1,1,1,0,0,0,1,0
0,2,100171.6,9.570705,1,1,0,1,1,0,1,0,1,0,2.146247,1,0,1,0,1,0,0,0,0
0,3,46256.01,7.65807,1,1,0,1,1,0,0,0,0,1,2.63695,0,1,0,0,0,0,0,0,0
0,3,12377.36,6.157922,0,1,1,1,0,0,0,0,0,0,9.309073,1,0,0,1,0,0,0,0,1
1,4,45217.59,6.072082,0,1,0,0,0,0,1,1,1,1,19.9897,1,0,0,0,0,1,0,1,0
0,0,41922.65,10.92542,2,1,0,0,1,1,1,0,0,0,8.599092,0,0,1,0,1,0,0,1,0
1,2,60302.79,8.426883,0,1,0,0,1,0,1,1,1,1,13.288,0,1,1,1,0,0,0,1,0
1,3,42634.06,9.884699,0,1,1,0,1,0,0,1,1,1,6.487239,0,0,0,0,1,0,0,0,0
0,1,54264.21,11.60691,0,1,0,0,1,0,0,1,1,1,6.984409,0,0,1,0,0,1,0,1,0
1,0,27065.02,11.37858,1,1,0,0,1,1,1,0,1,1,15.59169,0,0,1,0,0,1,0,1,0
0,2,10050.85,7.018821,1,1,0,0,0,0,0,0,1,0,13.02184,0,0,0,0,0,0,1,0,1
0,0,25519.32,12.86848,0,1,0,1,1,0,1,0,1,0,8.268405,0,0,0,0,1,0,0,0,0
1,3,64534.56,9.186491,0,1,1,0,1,0,0,0,1,0,9.035721,0,0,1,0,0,1,0,1,0
0,7,94691.1,12.69026,0,1,0,1,1,1,0,0,0,0,8.330395,0,1,0,0,0,0,1,0,0
0,2,20940.34,4.827944,1,1,1,0,1,1,0,0,0,1,6.482702,1,0,1,1,0,0,0,0,0
0,2,15908.91,11.47451,1,1,1,0,0,0,1,1,0,0,5.368306,0,1,1,0,0,0,1,0,1
0,2,15963.97,12.1699,0,1,1,1,1,0,0,0,0,1,41.88907,0,1,1,0,0,0,0,1,0
0,1,62174.76,8.081801,1,1,1,0,1,0,0,0,1,0,61.5999,0,0,0,0,0,1,0,1,0
0,1,14461.21,9.531672,0,1,0,0,0,0,0,1,0,1,44.72802,0,1,1,0,0,1,0,1,0
0,3,49040.36,10.35485,0,1,1,0,1,0,1,0,0,0,58.30317,0,1,1,1,0,0,0,0,0
0,0,9409.95,15.05851,1,1,1,0,0,0,1,1,0,1,38.69991,1,0,1,0,1,0,0,0,0
0,0,55448.47,16.09504,0,1,0,1,1,0,0,0,0,1,69.33909,1,0,0,0,0,0,0,1,0
0,4,21637.87,8.405153,0,1,0,1,0,0,0,1,0,0,70.51996,0,1,0,0,0,0,1,0,1
0,2,15960.73,7.861619,0,1,0,0,0,0,0,0,1,0,63.47384,1,0,1,0,0,0,1,0,0
0,3,47565.61,11.69011,1,1,1,0,0,1,0,1,0,1,70.19733,1,0,0,1,0,0,0,1,0
0,7,29391.86,3.925298,0,1,0,0,1,1,0,0,1,1,63.77246,0,0,0,0,0,1,0,0,1
0,0,10651.08,10.25863,2,1,1,0,0,0,0,1,0,0,66.44552,0,1,0,0,0,0,1,0,1
0,0,13172.44,3.191798,2,1,0,1,1,1,1,0,0,0,50.73425,1,0,0,1,0,0,0,0,1
0,3,27270.24,10.91065,0,1,0,1,1,0,0,0,1,0,71.66705,1,0,1,0,0,0,0,1,0
0,0,24238.16,14.22653,0,1,0,0,0,1,0,0,1,1,63.14574,0,0,0,1,0,0,0,1,0
0,2,46059.68,8.198304,0,1,1,1,1,0,0,1,0,1,55.11148,0,0,1,0,0,1,0,0,1
0,3,18949.61,8.912366,0,1,0,1,0,0,1,1,1,0,66.50412,1,0,1,1,0,0,0,1,0
0,2,52798.88,8.51921,1,1,0,1,1,1,1,1,1,0,67.15579,0,1,0,0,0,1,0,1,0
0,3,68898,4.46616,2,1,0,0,0,0,1,0,0,1,60.46946,1,0,0,0,0,0,0,1,0
0,3,48366.56,6.528798,1,1,0,0,0,0,0,0,1,1,65.57643,1,0,1,1,0,0,0,0,1
0,2,8893.59,10.65214,0,1,0,0,1,0,0,0,1,1,71.09621,1,0,0,0,0,1,0,1,0
0,3,15652.5,9.0983,0,1,0,1,0,1,0,0,1,0,56.63931,0,0,1,0,0,0,1,0,1
0,0,74989.44,8.300567,1,1,1,0,0,0,0,1,1,0,56.30647,0,1,1,1,0,0,0,0,1
0,4,11672.97,12.14009,0,1,0,0,1,0,0,1,0,0,60.14645,0,1,0,0,0,0,1,0,1
0,6,14960.01,15.67128,1,1,0,0,0,1,0,0,1,1,45.4868,0,1,1,0,0,0,0,0,1
0,1,50881.49,3.854347,0,0,0,1,1,0,0,0,1,1,55.87684,0,0,0,1,0,0,0,1,0
0,3,39706.57,16.28343,0,1,0,1,1,1,1,0,1,1,64.71488,0,1,0,0,1,0,0,1,0
0,0,12611.76,11.6702,0,1,1,0,1,0,1,0,1,0,66.77924,1,0,1,0,0,0,0,0,0
0,4,59664.26,8.551016,0,1,0,0,1,0,1,0,1,0,42.19555,1,0,0,1,0,0,0,1,0
0,1,9174.42,4.592344,2,1,0,0,1,0,0,0,1,0,67.11782,0,0,1,0,0,0,0,0,1
0,5,23720.93,9.35689,0,1,0,0,0,0,0,1,1,0,64.01205,0,0,1,0,0,0,0,0,0
0,0,14405.88,7.65097,2,1,0,0,0,1,1,1,1,1,64.9788,1,0,0,1,0,0,0,0,1
0,3,35986.11,7.179323,0,1,1,0,1,0,0,0,0,1,71.106,0,1,1,0,1,0,0,0,0
0,1,31904.93,12.43822,1,1,1,1,1,1,1,0,1,1,48.57163,0,0,0,0,0,1,0,0,0
0,1,26439.2,14.45756,0,1,1,1,0,1,1,0,1,0,44.98551,0,1,1,1,0,0,0,0,1
0,0,15756.81,12.8013,0,1,0,0,0,1,0,1,0,0,70.47897,0,1,1,0,0,0,1,0,1
0,2,8137.37,11.62695,0,1,1,1,0,1,1,1,1,1,64.30623,0,1,0,0,1,0,0,0,0
0,0,79502.96,12.47838,1,1,0,0,1,1,1,1,0,1,65.90363,0,1,0,0,0,0,1,1,0
0,1,26249.7,8.347242,0,1,1,1,0,1,0,1,1,1,64.01652,0,1,0,0,0,0,0,0,0
0,0,7596.94,10.93778,1,1,1,1,0,1,0,0,0,0,71.37293,0,0,0,1,0,0,0,1,0
0,3,13695.83,13.83282,1,1,1,1,0,1,1,1,1,0,56.3686,0,1,1,0,0,0,0,0,0
0,2,75927.18,9.454681,0,1,0,0,1,1,0,1,1,1,67.47739,0,1,1,0,0,0,0,0,0
0,3,24097.08,9.570788,0,1,1,0,0,1,1,0,1,1,65.4294,0,0,1,1,0,0,0,1,0
0,2,6494.55,9.470573,2,1,0,1,0,0,0,1,0,1,70.09214,0,1,0,0,0,1,0,0,1
0,6,48582.37,11.52973,0,0,1,0,1,0,0,0,0,0,61.78014,1,0,1,0,1,0,0,0,1
0,1,68105.34,8.799767,0,0,0,0,0,1,1,0,1,1,65.15989,0,1,0,0,0,0,1,0,0
0,0,6969.6,16.53335,0,1,0,1,0,1,1,1,1,0,71.53343,0,1,0,0,0,1,0,0,0
0,1,15867.48,6.776195,1,1,1,0,1,1,0,1,0,0,56.23842,1,0,0,0,0,0,1,1,0
0,0,17092.77,14.62128,0,0,1,0,0,0,0,1,1,1,69.87041,1,0,0,0,0,0,0,0,1
0,0,33436.51,4.86844,0,1,0,0,0,0,1,0,1,0,62.9209,0,1,1,0,0,1,0,1,0
0,1,24475.2,7.660563,0,1,0,0,0,0,0,1,1,0,71.66261,0,1,1,0,0,0,1,1,0
0,0,20706.43,13.91677,1,1,0,0,0,0,1,0,1,0,69.03413,1,0,0,0,0,0,0,0,1
0,0,19164.1,3.032327,0,1,1,0,0,1,0,0,1,1,51.20818,1,0,1,0,0,0,1,1,0
0,0,21531.67,8.759984,0,1,1,0,0,1,0,0,1,1,69.07545,1,0,1,0,0,0,0,1,0
0,0,9228.24,9.481238,0,1,0,0,0,1,0,1,0,0,70.34008,0,0,1,0,0,0,1,0,1
0,5,44016.3,11.24877,0,1,0,0,0,1,0,0,1,0,69.2139,0,1,1,0,0,0,0,0,0
1,0,27824.15,12.13663,0,1,1,0,0,1,1,1,1,0,42.74672,1,0,1,0,0,0,1,1,0
0,3,75598.51,13.44801,1,1,1,0,1,1,1,1,1,1,64.09564,0,1,1,0,0,0,1,0,1
0,2,55921.75,7.02401,0,1,0,1,0,0,0,1,1,1,58.75447,1,0,0,1,0,0,0,1,0
0,3,39894.55,11.46498,0,1,0,0,0,0,0,1,0,1,70.38153,0,0,1,0,0,0,0,1,0
0,1,30874.05,6.520003,0,1,0,0,1,0,1,0,1,0,66.95875,1,0,0,0,0,1,0,0,1
0,0,17244.42,12.4286,1,1,1,1,1,0,0,1,1,1,64.15566,0,1,1,1,0,0,0,1,0
0,3,84232.65,11.91924,0,1,0,0,0,1,0,1,0,0,68.22296,1,0,1,0,1,0,0,1,0
0,0,36091.7,12.18643,1,1,0,1,0,0,0,1,0,1,56.35343,0,1,1,0,1,0,0,1,0
1,2,17784.55,14.5524,0,1,1,0,1,0,0,1,1,1,59.61465,1,0,1,0,0,0,0,1,0
0,0,13154.05,13.8576,1,0,1,0,0,0,0,1,0,1,64.08432,0,1,1,0,0,0,1,1,0
0,0,66923.76,13.47098,0,1,0,0,1,1,1,0,1,1,61.98982,0,1,0,0,0,1,0,0,0
0,1,31670.94,9.311366,1,1,0,0,0,0,0,0,1,1,61.79462,0,1,0,0,0,1,0,0,0
0,1,22206.84,9.240966,0,1,0,1,0,0,0,0,1,1,58.43587,0,1,1,0,0,1,0,1,0
0,1,79206.11,9.666671,2,1,1,0,1,1,0,0,0,1,70.49957,1,0,1,0,0,0,1,1,0
0,0,70285.78,10.94527,0,1,0,0,0,1,1,1,0,0,58.04694,0,1,1,0,0,0,1,0,0
0,4,22831.25,7.665977,0,1,1,1,0,0,1,1,0,1,48.1707,0,0,0,1,0,0,0,1,0
0,1,27303.52,5.256893,0,1,0,0,0,0,0,0,1,1,66.75709,0,1,1,1,0,0,0,1,0
0,3,20971.45,14.98374,1,1,1,0,0,1,0,0,1,0,70.42389,0,1,0,0,0,1,0,0,0
0,1,29240.82,6.291111,0,1,1,1,1,0,1,1,1,1,51.31462,1,0,0,0,1,0,0,0,1
0,3,53034.08,9.758121,1,1,1,0,1,0,0,1,1,1,52.76082,0,0,0,0,0,1,0,0,1
0,0,21736.61,10.73533,0,1,0,1,1,1,0,0,1,1,67.04233,0,1,0,0,1,0,0,0,0
0,0,42429.53,11.43603,0,1,0,1,1,1,0,1,1,0,61.57078,1,0,1,0,0,0,0,0,1
0,1,22455.73,9.829165,0,1,0,0,0,1,0,0,0,1,67.56096,0,0,0,0,0,1,0,0,0
0,5,49397.39,11.74755,1,1,0,1,0,0,1,0,0,1,55.34066,0,1,0,1,0,0,0,1,0
0,0,29462.18,15.35675,0,1,1,1,1,1,0,0,1,1,70.33634,0,0,1,1,0,0,0,1,0
1,4,24660.29,10.76463,0,1,1,0,0,0,0,1,1,0,47.92804,0,1,1,0,0,1,0,1,0
0,2,26634.93,11.30136,0,1,0,0,1,1,1,1,0,1,58.51566,0,1,1,0,1,0,0,1,0
0,3,13662.88,12.01335,0,0,1,1,0,0,0,0,0,1,50.85526,0,1,0,1,0,0,0,1,0
0,0,28850.5,10.03198,0,1,1,0,0,1,0,0,1,0,64.17623,0,1,1,0,0,0,1,0,0
0,2,8952.88,7.350533,0,1,0,0,1,1,0,1,0,0,53.07379,1,0,1,0,0,0,0,0,1
0,1,40646.53,11.93472,0,0,1,0,1,0,0,1,0,1,52.88029,0,1,1,1,0,0,0,1,0
0,0,84047.13,9.766784,0,1,0,0,1,0,0,1,1,1,58.16576,0,1,0,0,0,0,1,0,0
0,1,23308.57,10.83305,0,1,0,0,0,1,0,1,1,1,56.61608,1,0,0,0,1,0,0,0,1
0,3,29847.48,6.026286,0,1,1,0,1,1,0,0,0,0,53.61316,0,0,1,0,0,0,0,0,1
0,1,50090.84,7.301377,0,1,1,0,1,1,0,0,0,1,68.05033,1,0,0,0,0,0,1,0,0
0,1,24588.03,8.08692,0,1,0,0,1,0,1,1,0,1,42.36211,0,0,0,1,0,0,0,0,1
0,1,30299.76,11.01782,0,1,0,0,1,1,0,0,0,1,69.86769,1,0,1,1,0,0,0,0,0
0,0,11810.84,9.949737,1,1,0,0,0,1,0,0,0,1,62.76356,0,1,0,0,0,1,0,1,0
0,3,12236.83,12.9493,0,1,0,0,1,1,1,1,1,1,54.55822,1,0,1,0,0,1,0,1,0
0,4,49842.25,10.92606,0,1,0,1,1,1,1,0,0,1,69.71458,1,0,1,0,0,0,1,1,0
0,3,62710.74,11.95284,0,0,0,0,0,0,0,1,0,0,39.23416,0,1,0,0,0,0,0,1,0
0,3,36747.32,6.172422,2,1,0,0,0,0,0,0,1,0,44.0309,1,0,1,0,0,0,1,0,0
0,0,23332.27,12.75014,1,1,0,0,0,0,1,1,0,0,67.76579,0,1,1,0,0,0,0,0,0
0,3,23447.42,6.719404,0,0,0,0,0,1,1,0,0,1,70.52235,0,1,1,0,0,0,1,1,0
0,4,31760.65,7.497455,0,1,1,0,0,1,0,0,0,1,67.18331,0,0,1,0,1,0,0,0,0
0,4,24026.7,7.072618,0,1,0,1,1,0,0,1,0,1,60.38138,0,1,1,0,0,1,0,1,0
0,0,73958.51,10.46924,1,1,0,0,0,1,1,1,1,1,67.94243,1,0,0,0,1,0,0,0,1
0,4,35835.58,11.41217,0,1,0,1,1,0,0,1,0,1,56.69146,0,1,0,0,0,0,1,0,0
0,4,74776.99,12.35944,0,1,1,0,0,1,0,0,1,1,68.00474,1,0,0,0,0,0,0,0,0
0,2,24149.71,8.245283,0,0,1,0,1,1,1,0,0,1,69.91306,1,0,1,0,0,1,0,1,0
0,0,43632.29,10.67464,1,0,1,0,0,1,0,1,1,1,64.1621,0,1,0,0,0,1,0,0,0
0,1,31121.82,6.342824,0,1,0,1,0,1,1,0,0,1,45.45067,0,0,0,1,0,0,0,1,0
1,1,65986.37,11.7468,2,1,1,1,1,0,0,1,1,1,60.93197,1,0,1,0,0,0,1,1,0
0,0,22376.88,8.56117,0,1,1,1,0,0,0,1,1,0,58.83809,0,1,0,0,0,1,0,0,0
0,0,31429.51,9.708299,1,1,1,0,1,0,0,1,1,0,61.35427,0,1,0,0,0,1,0,1,0
0,3,13722.8,8.413749,0,1,0,1,1,0,0,1,1,1,51.21873,1,0,0,0,0,0,1,1,0
0,4,29189.81,10.08782,0,1,1,1,0,0,0,0,0,0,56.12834,0,1,1,0,0,1,0,1,0
0,2,30701.55,15.024,0,1,1,1,0,1,1,1,0,1,63.656,0,1,1,0,0,1,0,0,0
0,1,9508.97,10.00317,0,1,1,1,0,1,0,0,0,1,54.09422,0,1,0,0,0,1,0,0,0
0,1,85066.22,11.34395,0,1,0,1,0,1,1,1,1,0,71.36133,0,1,1,0,0,0,1,1,0
0,3,19114.71,8.644135,0,1,1,1,0,1,0,0,1,0,52.61686,0,1,1,0,0,0,1,1,0
0,1,18832.51,14.32986,1,1,0,0,1,1,0,0,0,0,60.28236,0,1,0,0,0,0,0,1,0
0,4,44089.97,8.533249,0,1,0,1,1,1,0,0,1,1,68.6711,0,1,1,0,0,0,0,1,0
0,4,9410.18,13.67766,0,1,0,0,0,0,1,0,1,1,50.18296,0,0,0,0,0,1,0,0,0
1,3,34919.68,14.55526,0,0,1,1,1,1,0,1,1,1,64.62378,1,0,0,0,0,1,0,1,0
0,0,20849.37,10.8566,0,1,1,1,0,0,0,1,1,1,68.76541,0,1,0,0,0,0,0,1,0
0,0,61704.19,7.04916,0,1,0,0,0,0,1,0,0,1,71.34414,1,0,0,0,0,0,0,1,0
1,7,24971.54,8.938447,0,1,1,0,0,0,0,1,1,0,49.26434,1,0,0,0,0,1,0,1,0
0,0,51728.3,14.10584,1,1,1,0,1,1,0,0,1,1,46.28759,1,0,0,0,0,1,0,1,0
0,2,45551.32,9.169596,1,1,1,0,0,0,1,0,1,0,50.69979,1,0,1,0,1,0,0,1,0
0,1,56540.16,6.999282,0,1,0,0,0,0,1,1,1,1,70.59531,1,0,1,0,0,0,0,0,1
0,3,28799.3,5.767712,0,1,0,0,1,1,1,1,0,0,51.4346,0,1,1,1,0,0,0,0,1
0,3,14875.78,3.774342,1,1,1,0,1,0,1,0,1,1,58.67524,1,0,0,0,0,1,0,0,0
0,0,53227.89,14.31488,0,1,1,0,0,0,1,0,0,1,69.17356,0,1,1,0,0,0,1,0,1
0,0,14260.84,8.445707,1,1,0,1,0,1,0,0,1,0,71.84774,0,0,1,1,0,0,0,1,0
0,3,26669.32,13.75076,1,1,0,0,1,1,0,0,0,0,52.55673,1,0,0,0,0,1,0,0,0
0,4,33690.02,11.61319,0,1,1,0,0,0,0,1,1,1,59.29981,0,1,0,0,0,1,0,0,1
0,0,33024.18,11.35147,0,1,1,1,1,0,1,0,0,1,60.46007,0,1,1,1,0,0,0,0,1
0,7,26013.93,6.213658,0,0,0,1,1,1,1,0,0,1,66.76084,0,1,1,0,0,1,0,0,1
1,0,91633.01,12.59861,1,0,1,0,1,0,0,1,1,1,54.97784,0,1,1,0,0,0,1,0,0
0,1,16957.75,10.40864,0,1,0,1,0,0,0,0,1,1,71.57982,0,0,1,1,0,0,0,0,1
0,6,21008.54,9.382813,1,0,0,1,1,1,0,0,1,1,40.35625,0,0,1,0,0,0,1,1,0
0,2,48983.82,5.233566,0,1,0,0,0,0,0,0,1,1,66.13511,1,0,1,1,0,0,0,0,1
1,3,12520.32,11.35495,1,1,1,0,1,0,0,1,0,0,52.62121,1,0,0,0,0,1,0,1,0
0,4,35851.6,15.29426,0,1,1,0,0,0,0,1,0,0,53.96248,0,0,0,0,1,0,0,0,1
0,1,6594.2,9.316329,0,1,0,0,1,0,0,1,1,0,67.06371,0,0,1,0,0,0,0,0,1
0,0,25922.49,9.865503,1,0,0,0,1,1,0,0,0,1,63.68805,1,0,1,0,1,0,0,1,0
0,7,10026.66,7.4962,1,1,0,0,0,1,1,1,1,1,64.71872,0,0,0,1,0,0,0,0,0
0,2,7806.55,7.454395,0,1,0,0,0,1,1,0,0,1,45.27484,0,1,1,0,0,1,0,0,1
0,1,25167.86,12.43508,1,1,0,0,1,1,1,1,1,1,63.05897,0,1,1,0,0,1,0,0,0
0,1,93721.48,10.80713,2,0,0,0,1,1,0,1,1,1,67.24501,0,0,0,0,0,0,1,1,0
0,1,37830.82,10.93146,0,1,1,0,1,0,1,1,1,1,58.54344,0,0,1,0,0,1,0,0,0
0,1,26804.03,10.79225,0,1,1,0,1,1,0,1,1,1,67.20907,1,0,0,0,1,0,0,0,0
0,3,31973.61,4.973668,0,0,0,0,0,1,1,1,1,0,54.6947,1,0,1,0,1,0,0,0,0
0,1,44988.59,10.19477,1,0,0,0,0,0,1,0,1,0,42.22682,1,0,0,0,0,0,1,0,1
0,2,60472.35,15.62886,0,1,1,0,1,1,0,0,0,0,61.73977,0,1,1,0,1,0,0,1,0
0,3,27285.93,9.460242,1,1,1,0,0,1,1,0,1,1,69.53069,0,1,1,0,0,0,1,1,0
0,3,20626.02,10.05784,0,1,0,0,0,0,0,0,0,1,63.74924,0,0,0,0,0,0,1,1,0
0,0,56339.53,11.24743,0,1,1,1,1,0,0,0,1,1,69.05548,0,0,0,0,1,0,0,0,1
0,2,9104.94,11.17089,0,1,1,0,1,1,0,0,1,0,59.01526,0,0,0,0,0,1,0,0,1
0,0,12939.7,8.480499,0,1,0,0,0,1,1,1,1,1,47.20955,0,1,0,0,1,0,0,1,0
0,6,9664.08,11.95636,0,1,0,0,1,0,0,0,1,0,69.16302,1,0,1,0,1,0,0,1,0
0,1,23084.24,9.693526,1,1,0,1,0,0,0,0,0,1,65.28334,0,1,1,0,0,0,1,0,0
0,3,45747.52,5.898074,0,1,1,0,0,1,0,1,0,1,56.51532,0,1,1,1,0,0,0,0,1
0,7,30988.8,9.021308,0,1,0,0,1,0,0,0,0,1,46.778,0,1,1,0,0,1,0,0,0
0,3,35216.42,11.30515,0,1,1,0,1,1,0,0,1,0,69.31083,0,1,0,1,0,0,0,1,0
0,0,31126.75,16.72972,1,1,0,0,1,0,0,0,1,1,71.03326,0,1,1,0,0,0,1,1,0
0,2,5886.98,8.879706,0,1,1,1,1,0,0,1,1,1,54.0433,0,1,1,0,1,0,0,0,0
0,3,54187.79,10.49813,1,1,1,1,1,1,0,0,0,1,69.28716,0,1,0,1,0,0,0,1,0
0,1,78750.79,6.908099,1,1,1,0,1,1,1,0,0,1,64.91343,0,0,1,0,0,0,0,1,0
0,3,19269.56,11.99626,1,0,0,0,1,0,1,1,1,1,55.2288,0,1,1,1,0,0,0,0,1
0,2,23264.27,12.08807,1,1,1,0,0,0,1,1,1,1,67.49846,0,1,0,0,0,0,1,0,0
0,0,71035.64,10.29175,0,1,0,0,0,1,0,0,1,1,53.09491,1,0,1,0,0,1,0,1,0
0,0,33132.71,11.94581,0,1,0,0,1,1,0,1,0,0,60.89236,1,0,0,0,0,0,0,1,0
0,1,43155.28,8.759467,1,1,0,0,1,0,0,0,1,1,68.3703,0,1,0,0,1,0,0,0,0
0,0,12685.22,12.61882,1,1,0,0,0,1,0,1,1,1,67.97011,0,1,0,0,0,1,0,0,0
0,3,50725.09,7.418985,0,1,1,1,1,1,0,0,0,1,65.28157,0,0,1,0,0,0,0,0,0
0,5,47101.05,8.136004,1,1,0,1,0,0,0,0,0,1,71.52864,0,1,0,0,0,0,0,0,1
0,2,83714.17,13.31206,0,1,1,1,1,0,0,0,1,0,59.59391,0,0,0,0,1,0,0,0,1
0,0,14281.24,13.14435,0,1,1,1,1,1,1,1,0,0,50.09799,0,1,0,0,0,0,1,0,1
1,2,70236.87,12.8524,0,1,1,1,0,0,1,1,1,0,66.08159,1,0,1,1,0,0,0,1,0
0,3,12746.57,4.440377,0,1,0,0,1,1,0,1,0,1,48.92152,0,1,1,0,0,0,0,0,1
0,1,29898.21,5.247803,1,1,1,0,0,0,0,1,0,1,57.37611,1,0,0,0,0,1,0,1,0
1,0,17127.79,7.827218,0,1,0,0,1,0,0,1,1,1,37.45999,1,0,1,0,0,0,1,1,0
0,0,49730.51,8.49151,0,1,0,0,1,1,1,1,1,0,54.91169,1,0,0,0,1,0,0,0,1
0,4,59388.85,9.690484,0,1,0,0,1,0,0,1,1,0,65.28829,1,0,1,0,0,0,0,0,1
0,2,12673.03,13.55014,0,0,1,0,0,1,0,0,1,1,53.91548,0,1,1,0,0,0,0,1,0
0,0,58388.73,11.49632,0,1,1,0,0,1,0,1,0,1,46.23768,0,1,0,0,0,1,0,1,0
0,4,47122.74,9.060579,0,1,1,1,0,1,0,1,1,0,68.94384,0,1,1,0,1,0,0,0,0
0,1,38413.81,10.85134,2,1,0,1,0,0,0,0,1,0,67.55257,1,0,1,0,1,0,0,0,0
0,3,46120.24,10.23789,0,1,1,0,1,0,0,0,0,0,55.81582,0,1,1,0,0,0,0,0,1
0,1,34469.78,11.85962,0,1,0,0,1,0,1,0,0,0,57.95857,0,1,1,0,1,0,0,0,1
1,4,58012.2,14.33285,0,1,1,1,1,1,1,1,1,1,54.11264,1,0,1,0,0,1,0,1,0
0,2,92144.09,10.34145,0,1,1,1,0,0,0,0,1,1,56.90852,0,0,1,0,0,0,1,0,0
0,0,55419.79,12.23706,0,1,1,1,1,0,0,1,0,0,57.63594,1,0,0,0,0,0,0,1,0
0,2,39652.64,7.607985,1,1,1,0,0,0,0,1,0,0,70.54256,0,1,1,0,0,0,0,1,0
1,1,61508.68,13.5414,1,1,0,0,1,0,1,1,1,1,69.49734,1,0,0,0,1,0,0,1,0
0,2,69309,4.327137,1,0,0,0,1,1,0,0,1,0,65.61044,0,0,1,0,0,0,0,0,1
0,1,8947.57,9.048196,0,0,0,0,1,0,1,0,1,0,60.55602,0,0,1,0,0,0,1,1,0
0,0,11541.68,8.646012,0,1,0,0,0,1,0,0,1,0,70.20999,0,1,1,1,0,0,0,1,0
0,3,101766,11.27661,0,1,1,0,1,1,1,0,1,1,68.06938,0,0,0,0,0,1,0,0,0
0,1,8937.69,8.238826,0,1,0,1,0,0,1,1,1,1,50.90386,0,1,0,1,0,0,0,0,0
1,2,56462.8,11.82888,0,1,0,1,1,1,1,1,0,1,50.49072,0,0,1,1,0,0,0,1,0
0,6,68939.17,11.27782,0,1,1,1,0,0,0,1,1,1,57.6618,1,0,0,0,0,0,1,0,0
0,3,48231.57,9.604386,0,1,1,1,0,0,0,1,0,1,67.33169,1,0,1,0,0,0,1,1,0
0,1,59907.44,13.34997,1,1,1,1,1,0,1,1,0,1,43.3907,1,0,1,0,0,0,0,0,1
0,3,32205.64,10.27543,0,1,0,0,0,0,0,1,0,1,59.238,0,1,0,0,0,0,1,1,0
0,1,33341.83,7.397684,0,1,1,0,1,0,0,0,1,0,43.1183,1,0,1,0,1,0,0,1,0
0,0,61262.44,14.56695,0,1,1,0,0,1,0,0,1,1,68.95234,1,0,0,0,0,0,1,1,0
0,0,5024.61,9.35316,1,1,1,0,1,0,0,0,0,1,61.62973,0,1,0,0,0,0,0,1,0
0,1,59317.06,12.88774,0,0,0,0,0,1,0,0,1,0,63.93531,0,1,0,1,0,0,0,1,0
0,0,61544.69,10.16994,1,1,1,0,1,1,0,0,1,1,59.51347,0,1,1,0,0,0,1,1,0
0,4,22663.39,9.329606,1,0,0,0,0,1,1,1,0,1,65.36022,1,0,1,0,0,0,0,1,0
0,0,63404.51,7.689755,1,1,0,0,0,0,1,0,0,1,67.81163,0,1,0,0,0,0,0,1,0
0,0,29779.57,15.20933,1,1,0,0,1,0,0,0,1,0,52.03501,0,1,1,0,1,0,0,0,1
0,2,13257.09,8.241226,0,1,1,0,0,1,1,0,0,1,65.66869,0,1,0,0,0,0,0,1,0
0,7,57469.38,13.72489,1,0,0,0,0,1,1,0,1,1,62.10568,1,0,0,0,0,1,0,1,0
0,0,23511.16,10.81443,0,1,1,0,1,0,1,0,0,0,48.80775,0,0,0,0,1,0,0,1,0
0,3,14718.58,7.44039,1,1,0,0,1,0,1,0,1,1,64.56659,0,0,1,0,1,0,0,0,0
0,4,19974.83,11.81524,1,1,1,0,1,1,0,1,0,0,49.66569,0,0,0,0,1,0,0,0,1
0,2,22097.72,12.82879,0,1,0,0,0,1,1,0,1,1,66.91884,0,1,1,0,0,0,1,0,0
0,1,25438.16,6.295927,1,1,1,1,0,0,0,1,1,0,58.73506,0,1,1,0,0,1,0,0,0
0,3,13706.02,6.259093,1,1,1,0,0,0,0,0,1,1,47.77439,1,0,1,1,0,0,0,1,0
0,0,24065.76,14.12367,1,1,0,0,0,0,1,0,0,1,63.77494,0,1,0,0,0,0,1,1,0
0,2,25015.89,7.268816,1,1,0,0,1,0,0,0,0,1,44.23945,0,0,1,0,0,0,0,0,0
0,4,25785.57,15.05112,1,1,1,0,0,0,0,0,0,0,68.53091,0,0,0,0,0,0,1,1,0
0,1,6551.44,9.262983,1,1,1,0,1,0,1,1,0,1,45.03776,0,0,0,0,0,1,0,0,0
0,5,6918.31,13.39688,1,1,0,0,0,0,1,0,0,0,56.98256,0,0,0,0,0,0,1,1,0
0,2,30980.48,11.42347,0,1,1,0,0,1,0,0,1,1,69.54744,0,0,0,0,0,1,0,1,0
1,3,13585.86,11.34243,1,1,1,0,0,0,0,1,1,0,47.01192,0,1,0,0,0,0,1,1,0
0,4,83791.29,11.47314,1,1,1,1,1,0,0,0,0,0,49.78137,0,1,0,1,0,0,0,1,0
0,0,59112.62,8.338588,2,1,0,0,1,1,0,0,1,0,56.47713,1,0,1,0,0,0,1,1,0
0,0,17199.86,12.16386,1,0,0,1,1,1,0,0,0,1,54.7128,0,1,1,0,0,0,1,1,0
0,0,54873.78,8.39826,1,1,0,0,1,0,0,1,1,1,64.13229,1,0,0,1,0,0,0,0,0
0,1,11048.74,13.0051,0,0,1,0,1,1,0,1,1,1,71.0031,0,0,1,0,1,0,0,1,0
0,1,10827.73,6.262775,0,1,0,1,0,1,1,1,0,0,54.53026,1,0,0,0,0,0,0,1,0
0,0,35829.24,10.17359,0,1,1,1,0,0,1,1,1,1,60.11333,1,0,1,0,0,1,0,0,0
0,1,24603.58,14.27599,1,1,0,1,0,1,1,1,1,1,57.78386,0,1,1,1,0,0,0,1,0
0,7,15693.44,5.307312,0,1,0,0,0,0,1,1,1,1,70.59953,0,0,1,0,0,0,1,0,0
0,2,99537.72,8.301006,0,1,1,0,1,0,1,1,0,1,61.96895,0,1,1,0,0,0,1,1,0
0,3,65509.93,11.76569,1,1,1,1,0,0,1,0,1,0,50.66574,0,1,1,0,1,0,0,1,0
0,3,70135.92,11.64063,0,0,0,1,0,0,1,1,0,1,60.26386,1,0,1,0,0,0,1,0,0
0,0,46279.7,15.00104,0,1,1,1,1,0,1,1,1,1,44.64514,0,1,1,0,0,0,0,0,0
0,3,6649.53,5.254926,0,1,0,1,1,1,0,0,0,1,66.61872,0,1,0,0,1,0,0,0,0
0,3,28696.57,10.26758,0,1,1,0,0,0,0,0,0,1,67.24986,0,1,0,0,0,0,1,0,1
0,3,26034.88,7.782504,1,1,0,0,1,0,0,0,1,1,54.58835,0,1,1,0,0,0,1,1,0
0,4,27934.32,8.781493,1,1,1,1,0,0,0,0,0,0,54.3819,0,1,1,0,0,0,0,1,0
0,3,50420.55,8.483329,0,1,1,1,0,0,0,1,0,1,48.21972,1,0,1,0,0,1,0,0,1
0,3,43767.23,11.09561,0,1,0,0,1,0,0,0,0,1,63.44795,1,0,1,0,0,1,0,0,0
0,2,39157.83,14.46971,0,1,0,0,0,1,0,1,0,0,67.34157,0,1,1,1,0,0,0,1,0
0,1,30009.55,7.352787,0,1,1,0,0,1,0,1,0,1,52.42146,0,1,1,0,0,1,0,0,0
0,1,25697.08,14.22619,0,0,0,0,1,0,0,0,1,0,56.82113,0,1,0,0,0,1,0,1,0
0,2,52076.3,10.05372,0,1,1,0,0,0,0,1,0,1,58.7019,1,0,1,0,0,0,0,0,0
0,3,24314,12.43375,0,1,1,0,1,1,0,1,0,1,53.71087,1,0,1,0,0,0,1,0,0
0,1,11043.16,5.371609,0,1,0,0,1,1,0,0,0,1,38.85837,1,0,1,0,1,0,0,1,0
0,0,15392.91,3.116499,0,0,1,1,0,0,0,1,1,0,67.05213,1,0,0,0,0,1,0,1,0
0,3,26412.61,6.837113,0,1,0,1,1,0,0,0,1,0,52.3499,0,1,1,0,0,1,0,1,0
0,0,31313.02,4.455634,0,1,1,0,0,0,0,1,1,0,59.02827,0,0,0,1,0,0,0,1,0
0,3,8288.76,10.9674,2,1,1,0,1,0,0,0,1,0,68.57741,1,0,1,1,0,0,0,1,0
0,3,37900.97,11.95593,1,1,1,0,1,0,0,0,0,0,59.52291,1,0,1,0,0,1,0,0,1
0,1,45129.46,7.787097,0,0,1,0,1,0,0,0,1,1,61.18595,0,0,1,0,0,1,0,0,0
0,5,7128.29,8.729086,1,1,0,1,0,0,1,1,0,1,60.09421,0,1,1,0,0,0,0,0,1
0,3,16955.06,8.741713,1,1,1,1,0,1,0,1,1,0,51.28687,0,1,1,1,0,0,0,0,1
0,2,54514.78,12.0364,1,1,0,1,0,0,1,1,0,0,54.60704,0,0,1,0,1,0,0,1,0
0,2,56361.66,9.002991,0,1,1,1,0,0,1,0,1,1,54.07152,1,0,1,0,0,0,0,0,1
0,0,57938.61,13.50422,0,1,0,0,0,0,1,0,1,1,68.72852,1,0,1,0,0,1,0,1,0
0,7,50217.64,4.706556,0,1,1,1,0,0,0,1,0,0,61.04844,1,0,0,0,0,0,1,0,0
0,2,32092.18,9.357409,0,1,1,0,1,0,0,1,0,0,65.02121,1,0,0,0,0,0,0,0,1
0,0,13502.99,9.762221,1,1,0,0,1,0,0,0,0,1,39.7266,0,1,1,1,0,0,0,0,0
0,0,43597.63,8.752186,1,1,1,0,0,0,1,1,0,1,54.10768,0,0,0,1,0,0,0,1,0
0,0,18822.77,8.674461,1,1,0,1,0,0,1,0,1,0,50.93618,1,0,0,0,0,0,1,1,0
0,7,39975.25,11.55985,0,1,1,1,1,1,0,0,1,1,69.01301,0,1,1,0,0,0,1,0,1
0,4,8573.56,7.027825,0,1,0,0,1,0,0,0,0,1,45.92294,1,0,0,0,0,1,0,0,0
0,0,25898.82,9.994627,0,1,0,0,1,1,0,1,1,1,62.10157,1,0,0,0,0,0,1,0,0
0,0,73761.25,6.47772,0,1,1,0,0,1,0,0,1,1,53.45259,1,0,1,0,0,0,1,0,0
0,0,50620.18,6.037186,1,1,0,1,0,0,1,1,0,1,47.99369,0,1,0,1,0,0,0,1,0
0,4,49109.27,14.51214,0,1,0,1,0,1,0,0,0,0,69.86503,0,1,1,1,0,0,0,1,0
0,0,92252.71,7.66188,0,1,1,0,0,0,1,0,1,0,62.82387,0,1,1,0,0,0,0,1,0
0,7,98665.78,10.55549,0,1,0,0,0,0,0,1,0,1,67.77122,0,1,0,0,0,0,0,1,0
0,0,14535.4,15.44802,0,0,1,1,1,1,1,1,1,1,53.92384,1,0,0,0,0,1,0,0,0
0,5,32677.84,14.39837,1,1,1,0,1,0,1,0,0,0,58.33561,1,0,1,0,0,0,0,0,1
0,0,4174.13,7.143661,2,1,0,0,0,1,1,1,0,1,62.76753,1,0,1,0,0,0,1,1,0
0,5,16303.01,10.52149,0,0,1,1,0,0,0,1,0,0,63.38899,1,0,1,1,0,0,0,0,1
0,1,70808.33,13.33913,0,1,0,0,1,0,0,0,0,0,45.84265,0,0,1,1,0,0,0,0,1
0,2,91696,7.889969,0,0,0,0,0,0,0,1,1,1,68.14471,0,0,0,1,0,0,0,0,0
0,1,37418.19,5.607595,0,1,1,1,0,1,1,1,0,1,60.70517,0,0,1,1,0,0,0,0,1
0,0,8972.5,13.38781,0,1,0,1,0,0,0,1,0,1,59.50718,0,0,1,0,0,1,0,0,1
0,3,25201.18,8.329768,1,1,0,0,0,0,1,1,1,0,70.0669,1,0,0,0,1,0,0,1,0
0,1,54342.87,14.34346,2,1,0,0,0,1,0,1,1,0,52.20263,1,0,1,0,1,0,0,0,1
0,2,53466.67,10.64577,0,1,1,0,1,1,1,0,1,1,66.66268,0,1,0,1,0,0,0,1,0
0,0,34188.58,11.43863,0,1,1,0,1,0,0,0,0,1,71.45086,0,0,1,0,0,0,0,1,0
1,5,63774.11,10.0948,0,1,0,0,0,0,0,1,1,0,55.28921,1,0,1,0,0,1,0,1,0
0,0,28847.47,11.28389,1,0,1,0,0,1,0,0,0,0,57.56766,0,0,0,1,0,0,0,1,0
0,3,33806.39,17.55118,0,1,0,0,0,0,1,1,0,0,63.76818,0,1,1,0,0,0,0,0,0
0,6,49543.37,7.804234,2,1,1,1,1,1,1,0,0,1,67.89759,1,0,0,0,0,0,0,1,0
0,2,13371.2,2.245181,0,1,1,0,1,0,1,0,0,1,56.716,1,0,1,0,0,0,1,1,0
0,4,45064.51,11.29978,1,1,0,0,0,1,0,0,0,1,68.83942,0,0,1,0,0,1,0,1,0
0,3,9073.21,9.490555,0,1,1,0,1,1,1,0,1,1,59.21526,1,0,1,0,0,0,1,0,0
0,2,8192.25,10.78865,0,1,0,0,0,1,1,0,1,0,57.25147,0,1,0,0,1,0,0,1,0
0,1,9710.42,12.7476,0,1,1,0,1,1,0,1,0,1,61.72165,0,1,1,1,0,0,0,0,0
0,3,20562.72,10.91183,0,1,0,1,1,1,1,0,0,1,44.69494,0,1,0,1,0,0,0,0,0
0,3,53165.55,7.997538,1,1,0,0,1,1,0,1,0,1,54.50776,0,1,1,0,0,1,0,1,0
1,2,16470.19,10.05697,0,1,1,1,1,1,0,0,1,0,64.99757,0,1,0,0,0,0,0,1,0
0,2,9801.15,11.34653,1,1,0,1,0,0,1,1,1,1,66.04097,0,1,1,0,1,0,0,0,0
0,0,12587.71,8.21878,0,1,1,1,0,0,1,1,0,1,57.77873,1,0,1,0,1,0,0,0,1
0,1,18470.36,14.89325,0,1,0,0,0,0,1,1,1,0,65.04247,0,0,1,0,0,0,0,1,0
0,3,55959.96,6.266123,0,1,0,1,0,0,0,0,1,1,53.82378,0,0,0,1,0,0,0,1,0
0,4,15431.03,13.93978,0,0,0,0,1,1,1,0,1,0,45.54189,0,1,0,0,0,0,0,1,0
0,0,11609.43,10.20567,1,1,0,0,0,0,0,0,0,0,53.17302,0,0,1,0,0,0,0,1,0
0,1,87107.32,8.49259,1,1,0,0,0,1,1,1,0,1,61.50313,0,1,1,1,0,0,0,0,0
0,1,32521.54,8.387455,0,1,1,0,1,1,1,0,1,1,64.61766,0,1,1,0,0,0,1,0,1
0,0,55565.75,7.200426,0,1,1,1,0,1,1,0,0,0,65.52605,1,0,1,0,1,0,0,1,0
1,3,43915.77,9.413829,1,1,0,1,0,0,0,1,1,0,61.96091,0,1,0,0,1,0,0,1,0
0,0,60136.7,8.938938,0,1,1,0,0,0,0,1,1,1,60.91354,1,0,0,0,0,0,1,0,0
0,0,53468.72,11.24818,1,1,0,0,0,0,0,0,0,1,71.52256,0,1,0,0,0,0,0,0,0
0,1,64799.95,10.57648,0,1,0,0,1,0,0,1,1,0,67.39149,0,0,0,0,0,0,1,1,0
0,1,84596.35,8.402222,0,1,0,0,0,0,1,0,0,0,71.93473,0,1,1,0,1,0,0,0,1
0,1,35704.68,12.13201,0,1,0,0,1,0,1,0,1,1,60.18407,0,0,1,0,0,1,0,0,1
0,1,16649.73,6.824724,0,1,0,1,0,0,1,0,0,0,58.32931,0,1,1,0,0,1,0,0,0
0,2,22393.09,8.116704,0,1,1,0,1,1,0,1,1,0,50.05258,0,1,0,0,0,0,0,0,0
0,0,42617.19,8.850749,0,0,0,0,1,0,1,0,0,1,65.44764,0,0,1,1,0,0,0,1,0
0,1,25656.47,10.77254,0,1,1,0,1,0,0,1,0,0,68.65945,1,0,0,0,0,1,0,1,0
0,3,31780.88,7.779367,0,1,1,0,0,0,0,1,0,1,49.96921,0,1,0,1,0,0,0,1,0
0,1,62285.3,6.657385,0,1,0,0,0,0,1,0,0,1,70.78918,1,0,0,1,0,0,0,1,0
0,1,27052.82,12.05531,0,1,0,0,0,0,0,0,1,1,57.74783,0,1,0,1,0,0,0,0,1
0,2,23672.57,15.46065,0,0,0,0,0,1,0,0,0,1,53.77634,0,1,0,0,1,0,0,0,0
0,0,54073.62,11.16039,0,0,1,0,0,1,1,1,0,0,61.33997,0,1,1,0,0,0,1,1,0
0,0,9901.11,9.49165,1,1,0,1,1,1,0,1,1,0,66.47606,1,0,1,0,0,0,0,0,1
0,3,56591.47,7.924796,0,1,1,0,0,0,1,1,0,1,65.83332,1,0,0,0,0,1,0,1,0
0,1,44828.91,8.501293,1,1,1,0,1,0,0,1,0,0,42.31228,0,1,1,0,0,0,0,1,0
0,3,87243.94,11.52485,1,0,1,0,1,0,0,0,1,0,38.28807,0,0,1,0,0,0,0,1,0
0,1,44792.39,8.625992,1,1,1,0,0,1,0,0,1,0,49.90782,0,0,1,1,0,0,0,1,0
0,4,25315.11,12.11202,0,1,0,1,1,0,0,0,1,1,52.00223,0,1,0,0,0,1,0,0,1
0,3,60256.74,8.059137,0,1,1,0,1,0,1,1,1,1,55.26536,0,1,0,0,1,0,0,0,1
1,6,18020.93,9.609291,1,1,1,1,1,1,0,1,1,1,47.02878,0,1,0,0,0,1,0,1,0
0,4,38792.69,9.050694,0,1,0,0,1,0,1,0,1,1,57.76017,1,0,1,0,1,0,0,0,0
1,1,945.47,8.314029,0,0,1,0,1,0,1,0,1,0,58.23726,0,1,1,0,1,0,0,1,0
0,2,26451.48,9.17938,0,1,0,1,0,0,0,1,0,1,70.4859,1,0,0,1,0,0,0,1,0
0,1,36374.44,9.099766,0,1,0,1,1,0,0,1,1,1,67.82145,0,1,1,0,0,0,0,1,0
0,0,22871.91,9.241893,0,1,1,1,1,0,1,1,0,1,50.90725,0,1,0,0,0,0,1,0,0
0,1,36987.9,14.85701,0,1,0,0,0,1,1,0,0,0,48.20538,0,0,1,0,0,0,1,0,0
0,1,87206.32,12.65671,0,1,0,1,1,1,0,0,1,0,61.3125,0,0,1,0,1,0,0,1,0
0,1,44761.66,16.16919,2,1,0,0,0,0,0,1,0,0,60.25968,0,1,0,1,0,0,0,1,0
0,3,52354.35,4.939062,0,1,0,1,0,1,0,0,1,1,67.8576,0,0,0,0,1,0,0,1,0
0,2,34352.36,7.470028,0,1,1,1,0,0,1,0,0,1,51.55857,1,0,1,1,0,0,0,1,0
0,2,51591.16,15.17395,0,1,0,0,0,1,0,0,0,1,70.65651,0,1,0,0,0,0,1,0,0
0,2,14253.48,9.941965,0,1,0,0,1,1,0,1,1,1,59.23589,0,1,0,0,0,0,1,0,0
0,3,14474.74,15.72313,1,1,0,0,0,1,0,1,1,0,68.1383,1,0,0,0,0,0,1,1,0
0,7,81311.64,13.93608,0,1,0,1,0,1,0,1,0,1,59.27489,0,1,0,1,0,0,0,0,0
0,1,24925.09,10.20264,0,1,1,0,1,0,0,0,1,0,54.13164,1,0,0,0,0,0,1,0,1
0,0,28229.96,8.910387,1,1,0,0,0,1,0,0,0,1,49.8342,0,0,1,0,0,0,0,0,1
0,4,28554.11,9.52118,0,1,0,1,0,0,0,0,0,1,67.31834,0,1,0,1,0,0,0,1,0
0,2,7503.93,12.05761,0,1,0,1,1,0,0,1,1,1,50.33619,0,1,1,0,0,0,1,1,0
0,6,15548.43,10.80098,1,1,1,0,0,0,0,0,0,0,62.5003,1,0,0,0,0,0,1,0,1
0,3,39800.89,14.37339,0,1,1,0,1,0,0,1,0,0,38.54459,0,1,1,0,0,1,0,1,0
0,0,23513.42,11.21728,0,1,0,0,0,1,0,1,0,1,59.51288,0,1,1,0,0,1,0,1,0
0,3,60196.97,8.320959,1,1,1,0,1,0,1,1,0,0,53.46837,1,0,0,0,0,1,0,0,0
0,1,30352.63,9.34142,0,0,1,0,0,1,0,0,1,0,67.2235,0,1,0,0,1,0,0,1,0
0,0,60511.95,12.13357,0,1,0,0,0,0,0,1,0,1,62.16298,0,1,1,0,1,0,0,0,0
0,3,21198.04,15.29214,1,1,1,0,0,1,0,1,1,0,55.90679,0,1,0,0,0,0,1,0,0
0,1,36965.48,10.02068,1,1,0,0,1,1,0,0,1,1,63.04335,0,1,0,0,0,0,1,1,0
0,3,38139.38,12.64941,0,1,1,1,0,0,0,1,1,1,62.90729,0,0,0,1,0,0,0,1,0
0,0,46605.04,4.815435,0,1,1,0,1,1,1,0,0,0,63.42204,0,0,0,1,0,0,0,0,0
1,1,64212.33,12.25402,0,1,0,0,1,1,1,0,1,1,49.30275,1,0,0,1,0,0,0,1,0
0,4,12958.97,13.15864,1,1,0,0,0,0,1,1,1,1,70.72564,0,1,1,1,0,0,0,1,0
0,0,25702.76,3.143798,0,1,0,0,0,1,0,0,1,1,52.16336,1,0,1,0,1,0,0,1,0
0,0,57937.88,10.13562,0,1,1,1,1,0,1,0,0,1,65.52904,0,0,1,0,0,0,1,0,0
0,1,44565.15,8.432151,0,1,0,0,0,1,1,0,1,1,65.33592,0,0,0,0,0,0,1,1,0
0,0,30466.06,8.669616,0,0,0,0,1,1,0,1,1,0,68.96904,0,1,1,0,1,0,0,1,0
0,0,18848.82,10.31104,1,1,1,0,0,1,0,0,1,1,48.03427,0,0,1,0,0,0,0,1,0
0,0,9389.63,12.15902,0,1,1,1,1,0,0,1,1,1,61.38844,0,1,0,0,1,0,0,1,0
0,5,13663.98,12.57414,1,1,0,1,0,0,1,1,0,0,64.45957,0,1,1,0,1,0,0,0,1
0,0,51295.85,4.289739,0,1,0,1,0,0,1,0,0,0,57.08448,1,0,1,0,1,0,0,1,0
0,3,28986.88,13.7377,0,1,1,0,0,1,0,1,0,0,71.44192,0,0,1,0,0,1,0,1,0
0,3,67319.03,7.197183,1,1,1,0,0,1,0,0,0,1,57.37827,1,0,1,0,0,1,0,0,1
0,1,38343.18,13.03,0,1,1,0,0,1,1,1,0,1,63.96491,1,0,0,0,0,1,0,1,0
0,6,3308.31,9.696143,0,0,0,0,1,1,1,1,0,1,62.11401,0,1,0,0,0,0,0,1,0
0,6,28887.1,13.04317,1,1,0,1,1,1,1,0,0,1,48.49962,0,0,0,0,0,0,0,1,0
0,4,67999.24,8.564499,0,0,1,1,0,1,0,0,0,1,67.19559,0,0,1,0,1,0,0,1,0
0,1,47824.43,4.446464,0,1,0,1,1,1,0,1,0,1,62.40564,0,1,0,0,0,1,0,1,0
0,7,82263.4,10.6619,0,1,0,1,1,0,1,0,0,0,57.49209,1,0,0,1,0,0,0,0,1
1,3,22610.64,10.04493,0,1,1,0,1,1,0,1,1,1,67.16512,0,1,0,0,0,1,0,1,0
0,3,29516.52,4.071444,2,0,0,0,0,1,1,0,0,0,67.11808,1,0,0,0,0,1,0,0,0
0,2,60915.52,9.039072,1,1,0,1,1,0,0,0,1,1,62.01898,0,1,1,0,0,0,1,1,0
0,4,69785.23,14.24574,2,1,0,0,0,0,0,1,1,1,64.8122,0,1,0,1,0,0,0,1,0
1,4,8316.09,15.17632,0,1,1,0,1,0,0,1,1,1,64.26152,1,0,1,0,0,1,0,1,0
0,0,13238.2,12.39145,0,1,0,0,0,0,0,1,1,0,68.68481,0,1,0,0,0,0,0,1,0
0,0,34209.19,6.413823,0,1,1,0,0,0,0,0,0,1,65.64814,0,1,0,0,0,1,0,0,0
0,2,44343.75,9.817377,2,0,0,0,1,0,1,0,0,1,70.634,0,1,0,0,0,1,0,0,0
0,4,44669.47,3.521663,0,1,0,1,1,0,0,0,1,0,58.64675,1,0,0,0,0,0,1,1,0
0,0,22773.12,7.184528,1,1,0,1,1,1,1,0,1,0,58.52603,0,1,0,0,0,1,0,0,0
0,1,16185.46,12.0769,0,1,0,0,0,0,0,1,0,1,69.78436,0,1,0,0,0,0,1,1,0
0,1,77445.52,5.725979,0,1,1,1,0,1,0,0,0,1,57.81671,0,1,1,0,0,0,0,0,0
0,0,96339.25,10.17641,0,1,0,1,0,1,1,0,0,1,56.54286,0,1,0,0,1,0,0,0,0
0,2,54079.21,7.362249,0,1,1,0,0,1,0,0,0,0,59.6877,0,0,1,0,1,0,0,1,0
0,0,14788.19,14.82937,1,1,0,1,1,0,1,0,0,0,71.08539,0,1,1,0,1,0,0,0,0
0,1,50705.77,12.9098,0,1,1,0,1,1,1,1,0,1,45.18454,0,0,1,1,0,0,0,1,0
0,1,5871.1,4.141424,0,1,0,0,0,0,1,0,1,1,64.16494,0,0,0,0,0,1,0,1,0
0,0,94076.08,7.605146,1,0,1,1,0,0,0,0,1,0,44.81075,1,0,1,0,0,0,0,0,0
0,2,23553.3,9.146769,1,1,0,0,0,1,0,0,0,0,60.9767,0,1,0,0,0,0,0,0,1
0,1,44541.99,9.06755,0,1,0,1,0,0,1,1,0,0,51.32084,0,0,0,0,0,0,0,1,0
0,3,35696.39,17.38034,0,1,1,0,1,0,0,1,0,0,47.4558,0,0,1,0,1,0,0,1,0
0,1,18273.34,10.19528,0,1,0,1,0,0,1,1,1,1,65.73734,0,1,0,0,0,0,1,0,0
0,2,80683.44,11.77618,0,1,0,0,1,1,0,1,0,1,58.60767,0,1,0,1,0,0,0,0,1
0,1,12125.2,2.864423,0,1,0,1,1,1,0,0,1,1,71.9076,0,0,0,0,0,0,1,0,1
0,0,32332.63,11.82086,0,1,0,0,0,0,0,0,0,1,51.17826,0,1,0,0,0,1,0,0,0
0,2,31680.79,11.12098,2,0,0,1,0,0,0,1,0,1,63.05008,0,1,1,0,0,0,1,0,0
0,1,46701.02,6.071604,0,1,1,1,0,0,0,1,1,1,43.2487,0,1,0,0,0,1,0,1,0
0,4,10311.58,8.315119,0,1,0,0,0,0,0,0,0,1,38.71974,0,1,1,0,0,0,1,1,0
0,1,76301.97,9.058356,0,1,0,0,1,0,1,1,1,0,69.05558,1,0,0,1,0,0,0,1,0
0,1,32105.64,12.78937,1,1,0,1,1,0,0,1,1,1,56.09481,1,0,0,1,0,0,0,0,1
1,3,100029.1,16.1971,0,1,0,0,0,0,0,1,1,1,41.8312,1,0,0,0,0,0,1,1,0
0,3,6754.71,8.381855,0,1,0,0,0,1,1,0,0,0,65.33504,0,0,1,0,1,0,0,0,0
0,0,40810.36,7.466966,0,1,0,1,1,0,1,0,0,0,71.03451,0,0,1,0,0,1,0,0,0
0,3,9395.57,10.69919,0,1,0,1,0,0,1,0,1,1,71.79134,0,1,1,0,0,0,1,0,0
0,1,36531.81,13.73892,0,1,1,0,0,0,1,1,1,0,64.48138,1,0,0,1,0,0,0,1,0
0,0,13883.75,8.718083,0,1,1,0,1,1,0,1,0,0,52.98075,0,1,0,0,0,1,0,0,0
0,0,17018.27,11.55215,0,0,0,0,1,0,1,1,1,0,64.41881,0,1,0,1,0,0,0,1,0
0,0,73130.15,9.172161,0,1,0,0,1,0,0,0,0,1,62.84931,0,0,0,1,0,0,0,0,0
0,0,95564.57,8.103596,0,1,0,1,1,1,1,0,0,1,59.86174,1,0,1,0,0,0,1,1,0
0,4,30931.95,8.038547,0,1,1,1,0,0,0,0,1,1,59.2505,1,0,0,0,0,1,0,0,0
0,0,47159.92,12.98739,0,1,1,0,0,1,0,1,1,0,66.00861,0,0,1,0,0,0,1,1,0
0,1,13039.56,10.92729,0,1,0,0,1,0,0,0,1,1,41.09169,0,1,1,0,0,0,1,0,1
0,0,47659.53,9.840486,0,1,0,1,0,1,1,1,1,1,52.98033,1,0,1,1,0,0,0,0,1
0,0,58762,11.03118,0,1,0,0,0,0,1,1,1,0,58.67143,0,1,1,0,1,0,0,0,1
0,3,22326.55,10.51705,0,1,1,1,0,1,0,0,0,0,40.35976,0,1,0,0,1,0,0,1,0
0,0,50525.18,9.835454,0,1,1,1,0,1,1,0,1,0,61.02521,1,0,0,0,0,1,0,0,0
0,3,38259.59,10.94626,0,1,1,1,1,1,1,1,1,0,58.2745,1,0,0,0,0,0,1,0,0
0,6,48478.65,6.224191,0,1,0,0,1,0,0,0,1,0,65.49323,1,0,1,0,1,0,0,0,0
0,4,14208.46,10.42188,0,1,0,0,1,1,1,0,0,1,62.79035,0,0,0,0,0,1,0,1,0
0,1,62758.96,11.67521,0,1,1,1,0,1,0,0,1,1,41.58309,0,1,0,0,0,0,1,1,0
0,0,58834.68,8.796769,1,1,0,1,0,0,0,1,0,1,48.29494,0,0,1,0,0,1,0,0,1
0,4,42887.04,7.539443,2,1,0,0,0,0,0,0,1,1,43.00021,0,1,0,0,1,0,0,1,0
0,1,17824.03,11.96892,0,1,0,0,0,0,1,0,0,1,67.91991,1,0,0,0,1,0,0,1,0
0,1,42700.87,15.71134,1,0,1,1,1,1,1,0,0,1,60.40651,0,0,1,0,0,1,0,1,0
0,1,50308.74,16.29437,0,1,0,0,0,1,0,0,0,1,68.83272,0,1,1,0,1,0,0,1,0
1,0,39441.87,6.388387,1,1,1,1,1,0,1,1,1,1,57.27044,1,0,1,0,0,1,0,1,0
0,4,28253.53,8.305023,1,1,0,1,1,0,1,0,1,0,59.43102,0,1,0,0,0,1,0,0,1
0,0,41893.09,4.545308,0,1,0,0,1,1,0,1,0,1,61.47987,0,1,0,0,0,1,0,0,1
0,3,38691.22,14.09089,0,1,0,0,0,1,1,0,1,1,49.7446,1,0,0,0,0,0,0,0,0
0,0,19354.83,6.473077,0,1,0,0,1,1,0,1,1,0,60.81561,0,1,1,1,0,0,0,1,0
0,6,46288.04,5.375651,1,1,0,1,1,1,0,0,0,0,60.5779,1,0,0,0,1,0,0,1,0
0,0,32255.86,10.0547,0,0,0,1,1,0,1,1,1,0,55.31656,0,1,1,0,1,0,0,1,0
0,2,47145.15,6.182063,0,1,0,0,0,0,0,1,0,0,63.30929,0,1,0,0,0,0,0,0,1
0,2,54548.92,9.987264,2,1,0,1,0,0,0,1,1,1,60.87582,0,1,0,0,0,1,0,1,0
0,0,48724.89,12.87371,0,1,1,0,1,0,1,1,1,1,66.0517,0,0,0,0,0,0,1,0,1
0,0,11566.91,6.888013,0,1,1,1,0,1,0,0,0,1,57.31571,0,1,1,0,0,0,0,1,0
0,0,9362.64,12.49043,0,1,1,0,1,1,0,0,1,1,58.97505,1,0,0,1,0,0,0,0,1
0,3,28251.23,6.038077,0,1,0,1,1,1,1,0,1,1,70.56358,1,0,1,0,1,0,0,1,0
0,0,67379,10.444,0,1,1,0,0,0,0,0,0,1,56.20378,0,0,1,0,0,0,1,0,0
0,1,23794.39,9.368647,1,1,0,1,1,1,0,1,0,1,60.15898,0,1,0,0,1,0,0,1,0
0,4,32631.96,9.687778,0,1,0,1,1,0,1,0,1,1,61.84801,0,1,0,0,0,1,0,0,1
0,1,61763.76,8.187755,0,1,1,1,0,1,0,0,0,0,56.9978,1,0,1,0,0,0,1,1,0
0,3,27857.09,5.365486,1,1,0,0,1,1,0,1,0,0,66.7449,1,0,0,0,0,1,0,1,0
0,6,24721.14,7.323119,0,1,0,0,0,0,1,0,1,1,65.29309,1,0,1,0,0,0,0,0,0
0,4,51899.15,5.072082,0,1,0,0,0,0,1,0,0,1,58.05485,0,1,1,1,0,0,0,1,0
0,0,54397.09,12.96235,1,1,1,0,0,1,0,1,0,1,56.79909,0,0,1,0,0,1,0,1,0
0,2,21145.92,12.02273,2,1,0,1,1,1,0,0,0,0,71.93174,1,0,0,0,0,0,0,1,0
0,2,48863.25,9.966641,1,1,1,1,1,0,1,0,0,0,59.85396,0,1,0,0,0,0,1,0,0
1,2,14976,8.297271,1,1,1,0,0,1,1,0,1,1,69.32327,1,0,0,0,0,0,0,1,0
0,3,17885.01,7.935437,0,1,1,0,1,0,0,0,0,0,61.0911,1,0,1,0,0,0,1,0,1
0,2,69163.69,4.150543,0,1,0,1,1,0,0,0,1,0,64.91322,0,1,0,1,0,0,0,1,0
0,0,72121.31,7.291041,0,1,1,0,0,1,0,1,1,1,67.93291,0,1,0,1,0,0,0,0,1
0,3,16055.06,3.492741,1,1,0,0,1,0,0,0,1,1,47.64072,0,1,1,0,0,0,1,1,0
0,1,28377.8,6.516318,1,1,0,0,0,0,1,1,0,0,71.3084,0,0,1,0,0,0,0,0,1
0,0,73776.62,12.92975,0,1,0,0,0,0,1,1,1,1,65.21792,0,0,0,0,1,0,0,1,0
0,0,23445.49,8.435589,1,1,1,0,0,0,0,0,1,0,48.98002,0,0,1,0,0,0,0,1,0
0,1,44990.6,7.534976,1,1,0,1,0,1,1,0,1,0,71.71986,0,1,0,0,0,1,0,1,0
0,4,10568.63,14.19495,0,1,0,0,0,0,1,1,0,0,67.1766,1,0,0,0,1,0,0,1,0
0,1,38381.92,10.6514,0,1,0,1,0,0,1,1,1,1,61.91778,0,1,1,0,0,0,1,0,1
0,2,29547.56,11.08317,1,1,1,1,0,1,0,0,0,1,41.94323,1,0,1,0,1,0,0,0,1
0,4,11962.55,9.519194,0,1,0,0,0,1,0,0,1,1,50.58158,0,0,1,0,0,0,1,0,0
1,1,43120.73,11.4493,0,1,1,0,0,0,0,1,1,1,57.40724,1,0,1,0,0,0,1,1,0
0,0,12886.92,12.79836,0,1,0,0,1,1,1,0,1,1,71.9056,1,0,1,0,1,0,0,0,1
0,2,43202.68,10.72389,0,1,0,0,1,1,0,0,0,1,60.76709,1,0,1,1,0,0,0,0,0
0,0,43147.9,9.462909,0,1,1,1,0,0,0,0,0,1,66.22209,1,0,0,1,0,0,0,0,0
0,0,92352.67,7.82306,1,1,0,1,1,1,1,1,0,1,61.18403,0,1,1,0,1,0,0,1,0
0,1,9377.76,7.510036,1,1,1,0,0,1,0,0,1,1,66.15315,0,0,1,1,0,0,0,1,0
0,1,25377.95,7.175155,1,1,0,0,1,0,0,0,1,1,54.8774,1,0,0,0,0,0,1,0,0
0,1,60004.11,10.79749,0,1,0,0,0,1,0,1,0,0,52.14985,1,0,1,1,0,0,0,0,0
0,3,23399.32,12.01345,0,1,1,0,0,0,0,0,1,0,45.59475,1,0,0,0,0,1,0,0,0
0,0,15905.01,4.292596,0,1,1,0,1,1,1,0,1,0,58.42233,0,1,1,0,0,0,1,1,0
0,3,44378.6,10.30107,0,0,1,0,1,0,0,1,0,1,71.55357,0,1,1,1,0,0,0,1,0
0,3,48375.59,9.696499,0,1,1,0,0,0,1,1,1,1,71.04194,0,1,1,0,0,0,1,1,0
0,3,28345.06,10.1548,1,1,1,1,1,1,0,0,0,0,66.77188,1,0,1,0,1,0,0,0,1
0,1,50270.9,10.51502,0,1,1,0,0,1,0,0,0,1,57.50673,0,0,0,0,0,0,0,0,0
0,1,21981.45,7.615853,0,1,0,0,0,0,1,1,0,0,61.60654,0,1,0,0,0,0,0,0,1
0,3,20532.33,6.69757,0,1,0,0,0,1,0,0,0,1,68.00844,0,0,0,0,0,1,0,0,0
0,2,28825.12,10.7725,0,1,1,1,0,0,0,1,0,1,70.41492,0,0,1,0,1,0,0,1,0
0,0,19423.67,4.422037,0,1,1,0,1,0,0,1,0,1,54.71778,1,0,0,0,0,1,0,0,1
0,3,44804.59,8.867392,2,1,0,0,1,0,0,1,0,1,60.23114,0,0,1,1,0,0,0,0,1
0,1,19230.44,8.723478,0,1,1,0,0,0,0,1,0,1,47.55305,0,1,0,0,0,0,1,1,0
0,1,25683.78,9.444243,0,1,1,1,1,1,0,1,1,0,61.94735,0,1,0,1,0,0,0,0,0
0,2,103625.1,10.2793,0,1,0,0,0,0,0,0,1,1,70.30403,0,1,1,0,0,1,0,0,1
0,1,34214.34,16.2496,0,0,1,0,0,1,1,0,0,1,37.5005,1,0,1,1,0,0,0,1,0
0,0,26267.67,10.87855,1,1,1,0,0,0,0,1,0,1,60.34404,0,1,1,0,1,0,0,1,0
0,1,20288.57,4.295919,0,1,0,1,1,0,0,1,0,0,57.50491,1,0,1,0,0,0,1,1,0
0,1,91971.88,9.063775,0,0,1,0,0,0,1,1,0,1,63.15946,0,0,1,0,0,0,0,0,1
0,1,38723.05,11.54518,0,1,1,0,0,1,1,0,0,1,65.60287,1,0,0,0,0,0,0,1,0
0,1,37091.91,10.07092,0,1,0,0,1,0,0,0,0,1,70.70015,1,0,0,0,0,0,1,1,0
0,7,75795.76,14.51799,0,1,1,0,1,0,0,0,1,0,71.4064,0,1,1,0,1,0,0,0,0
0,0,23891.75,7.533135,1,1,0,0,0,1,1,1,1,0,51.61804,0,1,1,1,0,0,0,0,1
0,1,33366.03,11.59798,1,1,0,0,0,1,0,1,0,0,67.40482,0,0,1,0,0,1,0,0,0
0,0,15534.39,8.805078,0,1,1,1,1,0,0,1,1,1,70.64297,0,1,0,0,0,1,0,1,0
0,1,44689.55,11.77649,0,1,0,1,1,1,0,0,1,0,66.54232,0,0,0,0,0,0,0,1,0
0,1,13631.9,4.529978,0,1,0,0,0,1,0,0,0,1,63.06195,0,1,1,1,0,0,0,1,0
0,2,70312.37,11.25449,1,1,1,1,1,1,0,0,1,1,70.22928,1,0,0,0,0,0,0,1,0
0,3,8758.69,7.524412,0,0,1,1,1,1,0,0,0,1,63.06098,0,0,0,0,0,0,1,1,0
1,2,19872.48,9.445157,0,1,0,0,1,1,1,1,1,1,56.31481,0,1,0,1,0,0,0,1,0
0,0,12602.8,13.71294,0,1,1,0,0,0,0,1,1,1,66.00149,0,1,0,0,0,0,0,1,0
0,0,23021.26,5.401204,0,1,1,1,1,0,0,0,0,1,66.19811,1,0,0,0,0,0,1,0,0
0,0,87268.6,8.304825,0,1,1,1,1,1,1,1,1,1,54.69435,0,0,0,0,0,0,0,0,1
0,2,954.43,6.440184,1,1,1,0,1,0,0,1,0,1,63.05421,1,0,1,1,0,0,0,0,0
0,0,36171.71,9.638183,0,1,0,1,0,0,1,1,0,1,54.78051,1,0,0,0,0,1,0,0,0
0,1,16643.07,10.75837,0,1,0,0,1,1,1,0,0,1,55.38418,0,1,1,0,1,0,0,0,1
0,2,36242.89,11.27386,0,1,1,1,0,0,0,0,1,1,47.40586,0,0,0,0,0,0,1,1,0
0,0,19218.35,7.027042,0,1,1,1,1,1,0,1,0,0,65.45306,1,0,0,1,0,0,0,0,0
0,3,29762.63,10.76461,1,1,0,0,0,1,0,0,1,1,71.7712,0,0,0,0,0,1,0,1,0
0,1,12344.99,7.595239,0,1,0,0,0,1,1,0,0,1,69.15481,0,1,0,0,0,1,0,1,0
0,0,37586.34,11.65895,0,0,1,0,1,0,0,0,0,1,54.67054,0,1,1,0,0,0,0,0,1
0,7,33934.52,10.49951,0,1,1,0,1,0,0,0,1,1,51.48861,0,1,1,0,1,0,0,1,0
0,3,67720.61,8.291987,0,1,1,0,0,0,1,0,0,0,61.0588,0,1,1,0,0,0,0,0,0
0,0,33818.46,6.601658,0,1,0,1,1,0,0,0,0,1,57.65975,1,0,0,0,0,0,0,0,0
0,2,2526.17,6.130902,1,1,1,1,0,0,0,0,1,1,53.12753,0,1,0,0,0,0,0,1,0
0,6,28436.06,6.622338,0,1,0,0,1,0,0,1,0,1,70.49565,1,0,1,0,1,0,0,1,0
0,1,24964.32,10.04016,0,0,0,1,0,1,0,0,0,1,58.74129,0,1,1,0,1,0,0,1,0
0,3,32161.46,7.419786,0,1,1,1,1,1,0,0,0,1,52.65622,0,1,1,0,0,0,0,1,0
0,3,39496.24,11.24098,0,1,0,0,0,0,0,0,0,1,54.01225,0,0,1,1,0,0,0,1,0
0,2,33704.46,15.17072,0,1,0,0,0,1,1,1,0,1,65.95332,1,0,0,0,1,0,0,0,1
0,0,14352.01,8.54404,1,1,0,1,0,0,1,1,0,1,71.00745,1,0,0,0,0,0,1,0,1
0,0,9043.47,11.33568,2,1,0,0,0,1,0,0,0,1,71.02256,1,0,0,0,0,0,1,1,0
0,4,22112.6,12.90165,1,1,0,0,1,1,0,1,0,1,62.15286,0,1,1,0,0,0,1,1,0
0,0,71367.15,12.19855,0,0,1,1,1,1,1,0,1,0,50.89715,0,1,1,0,0,0,1,1,0
0,1,32177.35,13.70607,1,1,0,0,0,0,1,0,1,1,57.20095,0,1,0,1,0,0,0,0,0
0,3,20041.91,10.74356,1,1,1,1,0,0,0,0,1,1,64.98806,1,0,0,1,0,0,0,0,0
0,1,59338.19,10.45413,0,1,0,0,0,1,1,0,0,0,60.32779,0,1,0,0,1,0,0,0,0
0,4,29254.96,13.64677,0,0,1,0,0,0,0,0,1,0,64.47076,1,0,0,1,0,0,0,0,1
0,1,49519.95,2.818423,0,1,1,0,0,0,1,0,1,1,60.16687,1,0,1,0,0,0,0,1,0
0,6,19527.71,11.89135,1,1,1,0,0,0,0,0,0,1,64.44445,0,0,1,1,0,0,0,0,1
0,4,68192.09,13.94776,0,1,1,0,1,0,1,1,1,1,67.93006,1,0,1,0,0,1,0,0,0
1,3,51058.06,5.379363,1,1,1,1,0,0,1,1,1,0,52.51777,1,0,0,0,1,0,0,1,0
0,2,35825.11,12.10925,0,1,0,0,1,1,1,1,0,1,43.86844,0,0,0,0,0,0,1,0,0
0,2,23670,9.303023,0,1,0,0,1,1,1,0,0,1,64.12634,1,0,1,1,0,0,0,0,0
0,3,79594.91,9.604892,0,1,0,0,0,0,1,1,0,1,47.43916,1,0,1,0,0,0,1,1,0
0,0,21531.39,8.289386,0,1,0,0,1,0,0,0,0,1,62.04664,1,0,0,0,0,0,1,0,1
0,1,74885.9,4.83352,0,1,0,1,0,1,0,1,0,0,62.56058,1,0,1,0,0,1,0,1,0
0,0,26011.14,6.464209,0,1,0,1,0,1,0,1,1,1,66.05097,0,1,0,0,0,1,0,1,0
0,0,62820.43,5.416075,0,1,0,1,0,1,0,0,0,1,62.75224,1,0,0,0,0,0,1,0,1
0,0,13665.81,5.101935,1,1,1,0,1,0,0,0,0,0,57.13921,0,0,0,1,0,0,0,0,1
0,0,41102.74,11.03032,0,1,0,0,0,0,0,0,0,1,70.97645,0,1,1,0,0,0,1,0,0
0,0,17280.46,9.980935,0,0,1,0,0,0,0,0,1,0,51.27317,1,0,1,0,0,0,1,0,1
0,2,16028.17,10.79407,0,1,1,0,1,1,1,1,1,0,67.75314,1,0,0,0,1,0,0,0,0
1,2,78464.32,7.9119,1,1,0,0,0,0,0,1,1,0,52.29353,0,0,0,0,0,0,0,1,0
0,1,41237.45,9.762623,0,1,0,0,0,1,0,1,0,1,61.74103,0,1,0,0,0,0,1,0,0
0,2,5096.68,7.235107,0,1,0,1,1,1,1,1,1,0,54.76926,0,0,0,0,1,0,0,0,1
0,0,39830.33,4.789545,1,1,1,0,0,1,0,1,1,0,70.18932,1,0,1,0,0,0,0,1,0
0,2,46515.2,6.029557,0,1,0,1,1,1,0,0,0,1,61.30642,1,0,1,1,0,0,0,0,1
0,2,17602.49,7.880869,0,1,0,0,1,0,0,1,0,1,63.28674,1,0,1,0,0,0,0,0,1
0,0,38203.16,10.38934,0,1,0,1,0,0,0,0,0,0,59.1618,0,1,0,0,1,0,0,1,0
0,0,36435.66,11.71392,0,1,1,1,1,0,0,1,1,1,65.70769,0,1,1,1,0,0,0,0,1
0,3,30431.48,8.782589,1,1,1,0,1,0,1,1,0,0,63.45489,1,0,1,0,1,0,0,0,0
0,0,13599.19,7.645128,0,1,1,0,0,0,0,1,0,0,68.41013,0,1,0,0,1,0,0,0,1
0,0,53320.87,16.07996,1,1,0,0,0,0,0,0,1,1,57.67289,0,0,0,0,0,1,0,0,0
0,0,49336.26,15.38413,1,1,0,0,0,0,0,0,1,1,66.63219,1,0,0,0,0,0,0,1,0
0,7,12747.26,8.458751,1,1,0,0,1,0,0,0,0,0,61.75654,0,0,1,1,0,0,0,0,0
0,2,46466.83,10.32976,1,0,0,1,0,0,1,1,0,1,44.02354,0,0,1,0,0,1,0,1,0
0,0,10178.42,6.111571,0,1,0,1,0,1,0,0,0,0,63.66434,1,0,0,0,0,0,1,1,0
0,1,30082.5,10.47027,0,0,1,0,1,1,0,0,0,1,61.62652,0,1,1,0,0,0,0,1,0
0,0,4666.08,8.952474,0,1,1,0,1,0,0,1,0,1,70.17488,0,1,0,0,1,0,0,0,0
0,1,93285.19,7.797079,0,1,0,1,1,0,0,0,0,0,61.29358,0,0,1,0,0,0,0,1,0
0,1,52493.72,7.678366,0,1,0,0,0,0,0,0,0,0,68.01745,0,1,0,0,0,1,0,1,0
0,0,17952,11.22426,0,1,0,0,0,0,0,1,1,0,69.68705,0,1,1,0,0,0,0,0,1
0,0,35559.68,8.845809,0,0,1,1,1,1,1,0,0,1,67.65646,0,0,0,0,0,0,0,0,1
0,4,50577.25,10.31021,1,0,1,0,0,1,0,0,0,1,50.09295,1,0,0,0,0,0,0,1,0
0,1,3905.36,4.066808,1,1,0,0,0,0,0,0,1,0,65.87412,0,1,0,0,0,0,0,0,1
0,2,37283.81,8.996808,0,0,0,0,0,0,0,0,0,1,59.66274,0,1,0,0,0,0,0,0,1
0,1,27844.19,7.227551,0,1,0,1,1,1,0,1,0,1,61.54602,0,1,0,1,0,0,0,0,1
0,1,8293.64,8.113794,0,1,1,0,1,1,1,0,0,1,66.99754,0,1,1,0,1,0,0,1,0
0,3,17014.29,11.80986,0,1,0,1,0,0,0,0,1,1,69.74139,0,1,1,0,0,0,0,0,0
0,2,49525.96,10.33885,0,1,1,0,1,0,1,1,0,0,58.91354,0,1,0,0,0,0,0,0,1
0,0,21581.2,10.25287,1,1,0,1,0,0,0,0,1,1,67.61943,0,1,1,0,0,0,1,0,1
0,0,71436.4,3.522063,0,1,0,0,0,0,1,0,0,0,51.22671,1,0,1,0,0,0,1,0,0
0,2,19435.67,12.36842,1,1,1,0,0,0,1,1,0,0,59.94889,1,0,1,0,1,0,0,0,0
0,3,15263.7,16.4022,0,0,1,1,1,1,1,0,0,1,70.31022,0,0,0,0,0,0,1,0,0
0,3,58057.2,10.74677,2,1,1,0,0,1,1,1,0,1,44.89823,0,1,1,0,1,0,0,0,0
0,4,29830.87,12.83369,0,1,0,0,1,0,0,0,1,1,50.98192,0,1,1,0,0,1,0,1,0
0,3,57580.18,7.378299,0,1,1,0,1,0,0,0,1,0,56.88725,1,0,0,0,0,1,0,1,0
0,4,12621.78,2.911116,0,1,0,0,1,1,1,1,0,1,61.33886,1,0,1,0,0,0,1,1,0
0,1,48689.21,15.49091,0,1,0,1,1,1,0,0,0,1,47.96511,0,0,0,1,0,0,0,1,0
0,4,32773.01,13.44778,0,1,0,0,0,0,1,0,0,1,57.78109,0,1,1,0,1,0,0,0,0
0,3,41514.67,8.370994,1,1,0,0,0,1,0,0,0,0,62.24788,1,0,0,0,0,0,1,1,0
0,4,33247.66,17.10685,0,1,1,0,0,0,0,1,0,1,66.70369,0,0,0,0,1,0,0,0,1
0,1,17163.24,7.175714,1,1,0,1,0,1,1,0,1,1,62.32519,0,1,1,0,0,0,0,1,0
0,0,9572.9,7.144953,0,1,0,0,0,0,1,0,1,0,60.04073,0,1,1,0,0,0,1,1,0
0,2,4874.95,6.720424,1,1,0,0,0,0,0,0,1,0,68.07677,0,1,1,1,0,0,0,1,0
0,4,21616.86,14.41202,0,1,0,0,1,0,0,1,0,0,58.09895,1,0,0,0,0,0,0,0,1
0,0,13101.08,10.8327,0,1,0,1,0,0,0,0,1,1,62.11937,0,1,0,0,0,1,0,0,0
0,2,32007.27,10.72061,0,1,0,1,0,1,0,1,0,1,44.39429,0,1,0,0,0,0,1,1,0
0,0,23704.58,9.787662,1,1,1,1,0,1,1,1,1,0,71.30912,0,0,0,1,0,0,0,0,1
0,1,27450.44,11.05688,0,1,0,1,0,1,1,0,1,0,67.19295,1,0,0,0,0,1,0,1,0
0,0,39086.8,14.03612,0,1,0,0,0,1,0,1,1,1,63.28078,0,0,1,0,0,0,1,0,1
0,5,32669.61,4.866722,0,1,0,0,1,0,0,0,0,1,68.63236,1,0,0,0,0,0,0,1,0
0,6,36674.22,9.698319,0,1,1,1,0,1,1,1,0,0,65.3851,0,0,0,1,0,0,0,0,1
0,1,70057.28,9.758572,0,1,0,0,1,0,1,1,0,0,64.12772,0,0,1,0,0,1,0,1,0
0,0,24120.92,12.57727,0,1,1,0,0,1,1,1,1,1,69.97238,1,0,0,0,0,0,0,0,1
1,0,52869.22,11.26354,0,1,1,1,1,0,1,1,1,1,57.44027,0,0,1,0,0,0,0,1,0
0,0,37829.04,5.543502,0,1,0,1,1,1,1,0,1,1,50.46018,1,0,1,0,0,1,0,1,0
0,2,22328.55,8.932966,0,1,0,1,1,0,1,0,1,1,62.18037,0,1,0,0,1,0,0,0,0
0,1,33851.87,7.973509,1,0,0,0,1,1,0,0,0,0,60.69462,0,0,0,0,0,1,0,0,0
0,3,62276.09,9.675976,0,1,1,0,1,0,1,0,1,1,61.85233,0,1,1,0,0,0,1,1,0
0,0,26999.2,9.573997,0,1,0,0,0,1,0,0,0,1,57.17893,0,1,0,1,0,0,0,0,0
0,1,15215.24,8.94767,2,1,0,0,1,1,1,0,0,1,59.21586,1,0,1,0,0,0,0,1,0
1,1,51466.52,8.990901,0,1,0,0,1,1,1,1,1,1,47.83008,0,1,0,0,1,0,0,1,0
1,1,30848.77,7.908414,0,1,0,1,0,0,1,1,1,1,63.07092,0,1,0,0,0,0,0,1,0
0,0,67611.32,9.049913,0,1,0,1,0,0,1,1,1,1,53.75074,1,0,1,0,0,1,0,0,1
0,1,27938,15.10873,0,1,0,0,1,0,0,1,0,1,63.67009,0,1,0,0,0,0,1,1,0
0,1,11106.05,9.1295,0,0,0,0,0,0,1,1,0,1,62.39739,0,0,1,0,0,0,0,0,1
0,2,13256.25,10.35114,2,1,0,0,1,0,1,0,0,0,67.29466,0,0,0,0,0,1,0,1,0
0,2,38179.17,3.245984,0,1,0,0,1,1,0,0,0,0,68.14379,1,0,1,0,0,0,0,1,0
0,3,27204.24,11.6689,0,1,1,0,1,1,1,0,0,1,69.29855,0,1,1,0,0,0,0,0,0
0,0,20273.75,10.7285,0,1,0,0,1,0,1,1,0,0,47.78655,0,1,0,0,0,0,1,0,1
0,1,14730.41,14.25669,0,1,1,0,1,0,0,1,0,1,48.44746,0,1,1,0,0,0,1,0,1
1,4,36139.18,6.147368,2,1,1,1,1,1,0,1,1,1,44.99139,1,0,0,0,1,0,0,0,1
0,1,58123.92,10.28699,0,1,1,0,0,1,1,0,0,1,57.56205,0,1,1,0,0,0,0,1,0
0,0,82296.19,10.00281,1,1,0,0,1,0,1,1,0,1,70.00887,0,1,1,0,1,0,0,0,0
0,2,41536.3,9.870099,0,1,0,0,1,0,1,1,0,1,67.20585,1,0,1,0,0,1,0,0,0
0,0,38613.42,12.62845,1,1,1,0,1,1,0,0,0,1,55.3519,0,1,0,1,0,0,0,1,0
0,7,14744.58,14.67896,0,0,0,0,1,0,1,1,0,1,64.11549,1,0,1,1,0,0,0,1,0
0,1,15533,8.977927,0,1,1,1,0,1,0,0,0,0,39.5421,0,0,0,1,0,0,0,0,1
0,2,59388.62,10.62573,0,1,0,1,0,1,0,1,0,1,61.59822,0,1,0,0,0,0,0,0,0
0,3,38039.5,9.772038,0,1,0,1,1,0,1,0,0,1,71.83398,1,0,0,1,0,0,0,0,1
0,3,14078.51,13.12414,0,1,1,0,1,1,1,0,0,0,71.0114,0,1,1,0,1,0,0,0,1
1,1,26139.47,7.733155,0,1,1,0,1,0,1,1,1,1,64.60644,1,0,1,1,0,0,0,1,0
0,2,58304.48,5.7796,0,1,0,1,1,1,0,0,0,1,50.77685,1,0,1,0,0,1,0,0,1
0,4,17400.04,5.274699,1,1,1,1,1,1,1,0,1,1,61.00152,0,1,1,0,0,1,0,1,0
0,0,35738.78,10.39931,0,1,0,0,1,0,0,0,0,1,60.92178,1,0,0,0,0,0,1,1,0
0,1,62309.09,11.74663,2,1,1,0,1,0,0,1,0,0,64.63019,0,1,1,1,0,0,0,1,0
0,2,14744.09,9.358337,0,1,1,0,1,1,1,1,0,1,66.9541,0,1,0,0,0,0,1,1,0
0,4,37652.91,14.06726,1,1,0,1,1,0,0,0,0,1,71.80429,0,1,0,0,1,0,0,1,0
0,1,50465.23,10.2408,0,1,1,0,0,0,0,1,0,0,37.04125,1,0,0,0,0,0,0,0,0
1,0,6015.6,9.281327,0,1,0,0,0,0,1,1,1,1,46.55404,0,1,0,0,0,0,1,1,0
0,2,81253.97,8.241715,0,1,0,0,1,1,1,0,0,1,57.18854,0,1,1,0,1,0,0,1,0
0,0,54739.98,11.59205,0,1,1,1,0,1,0,0,0,1,58.9945,1,0,0,0,0,0,0,1,0
0,3,44042.94,14.90722,0,1,0,0,1,1,1,1,0,0,64.07956,0,1,1,0,0,0,1,0,0
0,2,65174.04,6.304058,1,1,0,0,0,1,0,1,0,1,46.55143,1,0,0,0,0,0,1,0,0
0,0,2421.1,11.51282,0,1,1,0,1,0,0,0,0,1,56.03048,0,1,0,0,0,0,1,0,1
0,1,43838.7,8.650524,0,1,0,1,0,1,0,1,0,0,68.89551,0,1,1,0,0,0,0,0,0
0,1,57738.77,12.85404,0,1,0,1,0,0,1,0,0,0,66.52284,0,1,0,0,0,0,1,1,0
0,2,31808.9,12.0039,0,1,1,0,0,1,1,1,0,0,62.11875,1,0,1,1,0,0,0,1,0
0,0,66370.29,5.10323,1,1,0,1,1,0,1,1,0,1,71.82846,0,1,0,0,0,0,0,1,0
0,2,21089.21,8.777909,2,1,0,1,0,1,0,1,1,1,40.12358,1,0,0,0,0,0,0,0,1
0,1,92162.79,12.56509,1,1,0,1,0,1,0,0,0,1,67.97028,0,1,1,0,1,0,0,1,0
0,0,37627.29,7.081915,1,1,1,0,1,1,0,0,0,0,48.31617,1,0,1,0,1,0,0,1,0
0,0,27679.48,9.291311,0,1,0,0,1,0,0,1,0,1,56.81183,0,1,1,0,0,1,0,0,0
0,1,59827.93,8.090061,0,1,0,1,0,0,1,1,0,0,58.09792,1,0,0,1,0,0,0,1,0
0,0,29957.52,12.40857,0,1,0,1,1,1,0,0,0,1,69.83332,1,0,0,0,0,0,1,1,0
0,0,11162.56,8.172079,1,1,1,1,1,0,0,0,0,1,66.31056,0,0,0,0,0,0,1,1,0
0,0,41734.27,9.4486,0,1,0,0,0,0,0,0,0,0,71.11315,1,0,1,1,0,0,0,1,0
0,4,18537.85,13.03992,0,0,0,0,0,1,1,0,0,0,51.83337,0,1,1,0,0,1,0,0,0
1,3,26310,5.4121,0,0,1,0,1,1,0,1,1,0,41.92048,0,1,0,1,0,0,0,1,0
0,0,63130.04,7.173192,1,1,0,0,1,0,0,0,0,1,69.90151,0,0,0,1,0,0,0,0,0
0,1,22295.46,9.662032,0,1,0,1,1,0,1,1,1,1,65.07074,1,0,1,0,0,0,1,1,0
0,0,19755.18,4.773365,0,1,1,0,1,1,0,0,1,1,61.109610000000004,1,0,1,0,0,1,0,1,0
1,4,54592.75,8.239249,1,1,1,1,1,1,0,1,1,0,60.97795,1,0,0,0,0,0,1,1,0
0,0,21136.06,8.297045,0,1,1,1,0,0,1,0,1,1,65.51642,0,1,0,0,1,0,0,1,0
0,1,48308.34,5.745821,0,0,0,0,0,0,0,1,0,0,61.83914,0,0,0,0,0,0,0,1,0
0,4,103476.1,11.29179,0,1,0,0,0,1,0,0,1,1,52.89423,1,0,1,0,0,0,1,0,1
0,3,41031.65,10.84131,0,1,0,0,1,0,0,1,1,0,60.04495,0,1,1,0,0,1,0,0,1
0,1,19863.77,5.715477,0,1,0,0,0,1,1,0,0,0,65.06381,0,1,1,0,0,0,0,0,1
0,1,24616.46,7.438109,0,1,1,0,1,0,0,1,1,0,53.4492,1,0,1,0,1,0,0,1,0
0,4,40557.84,7.023333,0,1,0,0,0,0,0,0,0,0,60.85074,1,0,1,1,0,0,0,1,0
0,3,57227.25,11.4115,0,0,1,1,0,0,1,0,0,0,58.25985,0,0,0,0,1,0,0,1,0
0,4,32002.74,6.628418,0,1,0,0,0,0,0,0,1,1,56.83604,1,0,1,0,0,1,0,1,0
0,0,18957.86,6.085329,2,1,0,1,0,0,0,0,1,0,70.16829,1,0,1,1,0,0,0,0,1
0,0,65952.12,13.10857,0,1,1,1,1,0,0,1,0,1,52.66447,0,1,1,1,0,0,0,0,1
0,1,26354.71,13.93974,0,1,1,0,0,0,1,0,1,1,58.238,0,1,1,0,0,0,0,0,0
0,1,59816,7.343126,0,1,0,0,0,0,1,1,1,1,54.77909,1,0,1,0,1,0,0,0,1
0,0,23515.27,9.602143,0,1,1,1,0,1,0,0,0,1,58.27269,0,1,1,0,0,0,0,1,0
0,1,58210.13,7.4493,0,1,1,1,1,0,0,0,0,1,44.75355,0,1,1,0,0,0,1,1,0
0,0,6921.31,10.61597,0,1,0,1,0,1,0,0,0,1,46.60224,1,0,1,0,0,0,0,1,0
0,3,18453.27,7.560395,1,0,0,1,0,0,0,0,0,1,67.71178,0,1,1,0,1,0,0,0,0
0,1,100352.4,12.43326,0,1,0,0,1,0,1,0,0,1,58.66502,0,0,1,0,1,0,0,1,0
0,1,68000.49,16.024,0,1,1,0,0,1,1,1,1,1,57.94445,0,0,0,0,0,0,1,1,0
0,4,44323.22,13.18074,0,1,0,0,1,1,0,0,1,1,69.96694,0,0,1,0,0,0,0,1,0
0,0,1563.64,10.18302,0,1,0,1,0,1,1,1,1,0,60.37982,1,0,0,0,0,0,0,0,1
0,2,20707.68,10.27233,1,0,1,0,0,0,0,0,0,1,66.17964,1,0,1,0,0,0,0,1,0
0,1,70622.1,5.573652,0,1,1,0,0,0,1,1,0,1,55.24695,0,0,1,1,0,0,0,0,0
0,2,40954.06,3.489549,0,1,0,0,1,0,0,0,0,1,56.53361,1,0,0,0,0,0,0,1,0
0,1,46959.04,9.642667,1,1,1,0,0,0,1,1,0,1,46.82488,1,0,1,0,0,0,0,0,1
0,2,36230.91,12.16235,0,0,1,0,0,1,1,0,0,0,66.32483,1,0,1,0,0,1,0,0,0
0,1,13467.9,9.857833,0,1,1,0,0,0,0,1,0,0,70.28188,0,0,1,0,0,1,0,0,1
0,0,95075.46,13.27497,0,1,0,0,1,0,0,0,0,0,56.12583,0,1,0,1,0,0,0,1,0
1,4,18934.36,11.82086,1,1,0,1,1,0,0,1,1,1,61.77794,1,0,1,0,0,1,0,1,0
0,7,61815.08,10.65972,0,0,1,1,0,0,0,0,1,1,69.8304,1,0,0,0,0,1,0,1,0
0,1,23572.65,5.802625,0,1,0,1,0,0,0,0,0,1,70.35146,0,1,0,0,0,0,1,1,0
0,1,32064.16,2.920273,2,1,1,1,1,1,0,1,1,0,66.69393,0,1,0,1,0,0,0,0,1
0,1,26719.24,5.417835,0,1,1,0,1,0,0,0,1,1,56.51994,1,0,1,1,0,0,0,0,1
0,4,20302.73,13.72841,0,1,0,1,1,0,0,0,1,1,47.22872,0,1,0,0,0,0,1,1,0
0,7,11251.45,6.989347,0,1,0,0,1,0,0,1,0,1,60.6298,0,1,0,0,0,0,0,1,0
0,2,102806.5,12.1474,0,1,0,0,1,0,0,0,0,1,68.37603,0,1,0,0,0,0,0,1,0
0,4,30332.37,9.58651,0,1,0,1,0,1,0,1,0,0,69.36054,1,0,0,1,0,0,0,0,0
0,3,26525.07,11.82647,0,1,1,0,1,1,1,0,1,0,61.51035,0,1,0,1,0,0,0,1,0
1,1,81454.54,6.200744,1,1,0,0,1,0,1,1,1,1,45.09378,1,0,1,0,1,0,0,1,0
0,1,10522.04,11.07187,1,1,0,0,0,0,1,1,1,1,69.37615,1,0,1,0,0,1,0,1,0
0,2,28922.97,15.33253,0,1,0,1,1,1,1,0,1,1,65.29336,0,1,0,0,0,0,1,1,0
0,0,68899.06,6.537182,0,1,1,1,1,0,1,0,0,0,67.28766,0,1,1,1,0,0,0,0,0
0,1,30943.33,16.9392,0,1,1,0,1,0,0,1,1,1,57.91581,0,0,1,1,0,0,0,0,1
0,0,16917.78,5.931143,0,1,0,0,0,1,1,1,1,1,67.6047,0,1,1,0,1,0,0,0,1
0,0,88197.14,9.893618,1,1,0,1,0,1,1,1,1,0,65.4571,0,0,0,0,0,0,0,0,1
0,2,4348.83,12.74259,0,1,1,1,0,0,1,1,1,1,47.50976,0,0,0,0,0,0,1,1,0
1,1,27358.17,7.595849,0,1,1,0,1,1,0,1,1,1,50.69944,0,1,0,0,1,0,0,1,0
0,0,18012.16,6.779737,1,1,0,0,1,1,0,1,0,0,71.66334,0,1,0,0,0,0,1,1,0
0,1,84409.23,6.279415,0,1,0,0,0,1,1,0,0,0,64.19903,0,0,0,0,0,1,0,0,0
0,1,27920.91,11.7079,1,1,1,0,0,0,0,0,0,0,47.94402,1,0,0,0,1,0,0,1,0
1,5,2447.86,5.347292,0,1,1,0,1,1,0,1,1,1,36.05308,0,0,0,0,0,0,0,1,0
0,1,43750.13,10.29854,0,1,0,0,0,1,0,0,0,1,67.18986,1,0,0,0,1,0,0,1,0
0,1,28208.48,10.20247,1,1,1,0,1,0,0,1,0,1,62.27397,0,1,0,0,0,0,1,0,1
0,3,13467.7,5.142512,1,1,0,1,1,1,0,1,1,0,67.27106,0,1,0,0,0,0,0,1,0
1,6,9039.85,11.08932,0,1,1,0,0,1,1,1,1,1,58.94486,1,0,0,1,0,0,0,1,0
0,3,28627.89,5.636932,0,1,0,0,1,0,1,0,1,1,71.88705,0,1,0,0,0,0,1,1,0
0,0,13970.62,10.44715,1,1,0,1,0,1,0,0,1,0,44.09777,0,1,1,0,1,0,0,0,0
0,2,52288.11,2.205335,0,1,0,0,1,1,0,1,0,1,63.92945,0,1,0,1,0,0,0,0,1
0,3,12346.69,9.979353,1,0,0,1,0,0,0,0,0,0,56.08957,0,1,1,1,0,0,0,1,0
0,0,13077.96,7.286688,0,1,1,1,0,0,0,1,0,1,69.30257,0,1,0,0,0,1,0,0,0
0,3,20447.16,9.188651,0,1,0,1,0,0,0,0,0,0,64.60955,0,0,0,0,0,0,1,0,1
0,0,12145.15,14.86921,1,1,1,1,0,0,1,1,1,1,54.22687,0,1,1,0,0,1,0,1,0
0,3,4998.9,11.6817,0,1,1,1,0,0,0,0,1,0,62.21334,1,0,0,1,0,0,0,1,0
0,0,56074.77,11.44484,0,0,1,0,0,1,1,1,0,0,60.52991,0,1,0,0,1,0,0,1,0
1,2,13209.19,10.90438,0,1,1,0,0,1,1,1,1,1,49.22913,0,1,1,0,1,0,0,1,0
0,0,31456.21,7.991774,1,1,1,0,1,0,1,0,0,1,50.20686,0,1,1,0,0,1,0,1,0
0,1,50822.04,12.10243,0,1,0,0,0,0,0,0,0,0,52.07024,1,0,1,1,0,0,0,0,0
0,2,10269.12,7.265188,0,1,0,1,1,0,1,0,0,1,67.99211,1,0,1,0,0,1,0,0,0
0,0,14611.28,12.75929,0,1,0,1,1,1,1,1,0,1,66.78366,1,0,0,0,0,1,0,0,0
0,0,32714.76,11.01588,1,1,0,1,1,1,0,0,0,1,54.35016,0,0,0,0,0,0,1,0,1
0,0,2682.63,13.54337,0,1,1,1,1,0,1,0,0,1,55.20008,0,1,1,0,0,1,0,1,0
1,0,9136.47,6.767055,1,1,0,0,1,1,0,1,1,1,63.47945,1,0,1,0,0,1,0,1,0
0,0,13830.68,13.62849,0,1,1,0,0,0,1,1,1,1,70.6626,0,0,0,0,0,1,0,0,0
0,0,26992.77,6.093773,2,1,1,1,1,0,0,0,0,0,61.99036,0,0,0,0,0,0,1,0,1
0,2,46932.29,10.82232,0,1,0,0,0,1,0,1,0,1,69.02601,0,1,0,0,0,0,0,1,0
0,5,59865.13,13.44264,1,1,0,1,0,1,1,0,1,0,58.43007,1,0,0,0,0,1,0,1,0
0,7,30938.57,10.39695,0,1,0,0,0,0,0,1,1,1,69.026,1,0,0,0,0,0,1,1,0
0,2,33896.9,15.97382,0,1,1,0,0,0,0,1,0,1,55.08862,1,0,0,0,0,1,0,0,0
0,1,17631.83,8.844782,0,1,1,1,0,1,0,0,1,1,68.46483,1,0,1,1,0,0,0,1,0
0,4,57748.04,14.24673,0,1,1,1,0,0,0,1,1,1,66.69757,0,1,0,0,0,0,0,0,0
0,1,52047.27,8.066926,2,1,0,0,0,1,0,1,1,0,66.50887,0,1,0,0,0,0,1,1,0
0,2,52212.6,9.109236,1,1,0,0,1,1,0,0,1,0,60.17035,0,0,0,0,0,0,1,1,0
0,1,40181.23,10.06669,1,1,0,1,0,0,1,0,1,1,52.42844,0,1,1,0,0,1,0,0,0
0,4,25212.48,12.06469,1,1,1,1,0,1,0,0,0,0,68.50196,1,0,0,1,0,0,0,1,0
0,2,57236.92,7.82051,0,1,0,0,1,1,0,0,1,1,62.09662,1,0,1,0,0,1,0,1,0
0,3,20725.92,6.897314,2,0,0,1,0,0,1,0,1,0,66.03293,0,0,1,0,0,1,0,1,0
0,1,26217.35,11.27862,0,1,0,0,0,0,0,0,1,1,48.02057,1,0,1,0,0,1,0,0,0
0,6,16280.67,11.63652,1,1,0,0,1,0,0,1,0,1,61.43691,0,1,0,0,0,0,1,1,0
0,3,44344.5,12.51964,0,1,1,0,1,0,0,1,0,0,70.04054,0,1,0,0,0,0,0,1,0
0,3,33751.2,13.54241,0,1,0,0,0,1,0,1,0,1,58.54873,0,1,1,0,0,0,1,0,0
0,0,29438.79,16.01829,1,0,1,0,0,0,1,1,0,0,50.48601,0,1,1,0,0,0,1,1,0
0,1,40030.35,12.43485,1,1,1,1,0,0,1,1,0,0,65.18605,1,0,0,0,1,0,0,1,0
0,1,24495.35,11.0488,0,1,0,0,0,0,0,0,0,1,64.20616,0,1,1,0,0,1,0,1,0
0,0,12101.41,5.199803,0,1,0,0,1,0,1,1,0,1,48.30622,0,1,1,0,0,0,0,0,1
1,1,53461.53,15.9178,1,1,1,1,1,0,1,0,1,1,61.63974,1,0,0,0,0,0,1,1,0
0,2,47557.16,15.17959,0,1,1,0,0,1,1,1,1,0,67.09106,0,0,0,0,0,0,1,0,0
0,7,9637.9,8.36261,0,1,0,0,0,0,0,1,1,0,51.0221,0,0,0,0,0,0,0,1,0
0,1,86416.45,9.665539,1,1,0,1,0,1,0,0,1,0,61.76772,1,0,1,0,0,1,0,0,1
0,1,25042.36,4.190636,0,0,1,0,1,1,1,0,0,1,71.7248,0,1,1,1,0,0,0,0,1
0,4,10979.96,14.48349,0,1,0,0,1,1,0,1,0,1,61.51052,0,1,0,0,0,0,1,0,0
0,1,13313.87,8.421258,1,1,0,0,0,0,1,1,1,1,68.2985,0,1,1,0,1,0,0,1,0
0,0,44584.01,6.207433,0,0,0,0,1,0,0,1,1,1,48.79525,1,0,0,0,0,1,0,0,0
0,4,13378.66,11.93102,0,1,1,1,0,1,1,0,1,1,57.38041,0,1,1,0,0,1,0,0,0
1,0,40248.81,5.984269,0,1,1,0,0,1,0,1,1,1,66.34669,1,0,1,0,1,0,0,1,0
1,2,55409.09,7.695864,1,1,0,1,1,0,1,1,1,1,40.94814,1,0,0,0,1,0,0,1,0
0,3,23775.65,8.221891,0,1,0,0,1,0,0,0,0,1,50.46332,0,1,1,1,0,0,0,0,0
0,3,55499.61,13.33839,0,1,0,1,1,0,1,0,0,1,68.5356,0,0,1,0,0,0,1,0,0
0,1,6313.21,11.40338,1,1,0,1,0,0,0,1,1,1,52.36613,1,0,0,1,0,0,0,0,0
0,0,24014.24,7.675199,0,1,0,1,0,1,0,1,0,1,55.90137,0,1,0,0,0,0,0,1,0
0,3,31612.9,10.81008,0,1,0,0,0,0,1,1,0,1,44.49898,1,0,0,0,1,0,0,0,1
1,1,40293.84,10.57626,0,1,1,0,1,1,1,0,1,1,45.7211,1,0,1,0,0,1,0,1,0
0,3,37477.74,16.61878,1,1,0,1,1,1,1,0,0,0,40.77723,1,0,0,0,0,0,1,0,0
0,0,2131.46,11.36512,0,1,1,0,0,1,0,0,0,1,68.66575,1,0,0,0,0,1,0,1,0
0,2,17193.14,7.453585,0,1,0,0,1,0,1,1,0,1,60.20473,1,0,1,0,0,0,0,0,0
0,2,8197.24,10.23585,0,1,0,0,1,1,0,1,1,1,69.93388,0,1,1,0,0,0,1,1,0
0,3,16226.95,10.47981,0,1,1,0,0,0,0,1,0,0,59.96515,0,1,0,1,0,0,0,0,0
1,1,26129.71,11.90577,0,1,1,0,0,1,0,1,0,0,45.62317,1,0,1,0,0,0,1,1,0
0,5,57501.66,10.11802,0,1,0,1,1,0,0,1,0,1,58.62812,0,1,0,1,0,0,0,1,0
0,0,50556,9.091231,0,1,1,0,0,0,0,0,1,0,66.94572,0,1,0,0,0,0,1,0,0
0,2,30630.9,9.312624,2,1,0,0,1,0,1,0,1,1,62.46678,1,0,0,0,0,1,0,1,0
0,2,29261.45,16.8438,0,1,1,1,1,0,0,0,1,0,71.52189,1,0,1,0,0,0,0,1,0
0,1,50181.69,7.432898,1,1,0,0,1,0,0,0,1,0,54.60066,0,0,0,0,0,1,0,1,0
0,2,19755.4,10.0507,0,1,0,0,0,0,0,0,0,1,66.58949,1,0,0,0,0,0,0,1,0
0,4,38556.54,6.464421,0,0,1,0,0,1,0,0,1,1,63.40077,1,0,1,0,1,0,0,1,0
0,3,61396.06,9.126135,1,1,0,1,1,1,0,0,1,0,61.28932,1,0,1,0,0,0,1,0,0
0,0,14571.81,13.61762,2,1,0,0,1,0,1,1,0,0,68.15887,1,0,1,0,0,0,1,1,0
1,0,25993.77,13.25194,1,1,1,1,0,1,0,1,1,0,56.95876,1,0,0,0,0,0,1,0,0
0,3,27744.81,13.90534,1,1,0,0,1,0,0,1,0,1,62.77848,0,1,1,1,0,0,0,0,1
0,2,42934.29,14.55919,0,1,1,0,1,1,0,0,1,0,64.54916,0,1,1,0,0,1,0,1,0
0,4,34424.64,9.467759,1,1,0,1,0,1,0,0,0,1,55.42423,1,0,0,0,0,0,0,1,0
0,1,39126.86,9.850163,1,1,0,0,0,0,0,0,1,0,67.15389,0,0,1,0,0,0,0,0,1
0,1,8817.04,10.47985,0,0,1,1,0,0,0,1,1,1,56.42112,1,0,1,1,0,0,0,0,1
0,1,16327.69,15.61183,0,1,0,0,0,1,1,1,0,0,64.16811,1,0,1,0,1,0,0,0,1
0,1,44373.59,6.53143,0,1,0,0,0,0,0,0,1,1,67.49275,1,0,0,0,0,0,1,0,1
0,1,23800.51,14.46492,0,1,1,0,0,0,0,0,1,0,67.99357,1,0,1,1,0,0,0,0,1
0,0,5625.39,5.290061,0,1,0,0,0,0,1,1,1,1,61.72696,1,0,0,0,0,0,1,1,0
1,2,24767.05,10.79896,0,1,1,0,1,1,1,1,1,1,63.41331,1,0,0,0,0,0,1,1,0
0,3,36890.17,11.25565,0,1,1,0,1,1,0,1,1,1,57.54902,1,0,1,0,0,0,1,1,0
0,3,38674.2,9.283484,0,1,1,1,1,0,0,0,1,1,50.22175,0,1,0,0,0,0,1,0,0
0,4,13944.19,8.590039,0,1,1,1,1,1,0,0,1,0,53.66326,1,0,0,0,0,1,0,0,1
0,1,57290.83,12.91232,0,1,1,0,1,0,0,1,1,1,40.35081,0,0,0,1,0,0,0,0,1
0,3,22121.83,10.12157,2,1,0,1,0,0,0,0,1,1,67.73428,0,1,1,0,0,1,0,0,0
0,0,55044,15.49091,1,0,0,0,0,0,0,0,1,0,55.76068,1,0,0,0,0,0,1,0,0
0,3,29803.1,12.36929,0,1,0,1,1,1,1,1,0,0,68.24302,0,1,0,1,0,0,0,1,0
0,0,28409.36,9.8446,0,1,0,0,0,0,1,0,1,1,56.736,1,0,1,0,0,0,0,0,1
0,4,35026.08,11.09976,1,1,1,0,0,0,0,0,0,1,58.6209,0,0,1,0,0,0,0,0,0
0,4,16759.04,8.06448,0,1,1,0,1,0,0,1,0,0,56.86301,1,0,0,0,0,0,1,0,1
0,1,102609.3,11.8484,0,1,0,0,0,1,0,0,0,1,58.26304,0,0,0,0,0,1,0,1,0
0,0,21294.02,2.478941,0,1,1,1,1,1,0,0,0,1,64.7292,0,1,0,0,0,0,1,1,0
0,1,45697.72,5.741968,0,1,0,1,0,1,0,0,0,0,49.28233,0,0,0,0,1,0,0,1,0
0,0,41978.12,13.47145,0,1,0,1,0,1,1,0,1,1,58.41511,1,0,1,0,0,1,0,0,1
0,0,82500.7,15.10392,0,1,0,0,1,1,0,1,0,0,71.01166,1,0,0,1,0,0,0,0,1
0,4,38645.01,11.37166,0,1,1,0,0,0,0,1,0,1,64.37976,1,0,1,0,1,0,0,0,0
1,0,38157.4,10.46838,0,1,1,1,0,1,1,1,1,0,59.16267,0,1,0,1,0,0,0,1,0
0,3,12490.92,11.98659,0,1,0,0,0,0,1,1,1,1,66.95572,0,1,1,1,0,0,0,0,0
0,0,14551.81,7.594244,0,1,1,0,0,1,1,0,1,1,57.50554,0,1,1,1,0,0,0,1,0
0,3,24503.38,9.720852,0,0,0,1,1,0,0,1,0,1,49.40477,1,0,1,0,1,0,0,0,1
0,1,69959.26,8.583757,1,0,1,1,1,1,1,1,0,1,65.79896,1,0,1,0,1,0,0,0,0
0,0,51321.51,9.718876,0,1,0,0,0,0,0,1,0,1,59.81234,0,0,1,0,0,1,0,0,0
0,1,54797.32,12.12235,0,1,1,0,1,1,1,0,0,1,63.99841,1,0,1,0,0,0,0,1,0
0,3,39713.66,11.02239,0,1,0,1,0,0,0,0,1,0,60.16638,0,1,1,0,0,0,1,0,1
0,0,38060.22,9.735735,0,1,1,0,0,1,1,0,0,1,68.96601,1,0,1,0,1,0,0,0,0
0,4,57602.95,10.31317,2,1,1,1,0,1,1,0,1,1,55.66796,0,0,0,0,0,1,0,1,0
0,1,39021.86,12.17226,0,1,0,0,1,1,0,1,1,0,60.78156,1,0,1,0,1,0,0,0,1
0,0,25767.04,8.98383,0,1,0,1,1,0,1,1,0,0,56.56567,1,0,1,0,0,1,0,1,0
1,3,20664.99,9.137722,0,1,1,0,1,0,0,1,1,0,62.36767,1,0,1,0,0,0,1,1,0
0,3,27751.19,11.38655,0,1,1,0,1,0,0,0,1,1,55.28091,0,0,1,1,0,0,0,1,0
0,1,8565.31,5.214198,1,1,1,0,0,1,1,0,0,0,64.10363,0,0,0,1,0,0,0,1,0
0,0,13080.72,10.22828,1,1,1,0,0,0,0,1,0,0,61.53705,1,0,0,0,0,0,0,1,0
0,0,26235.49,9.439823,0,1,1,1,0,0,1,0,0,1,68.33092,0,1,1,0,0,0,1,1,0
0,1,20782.65,12.48501,0,1,0,1,1,1,0,0,1,1,68.87727,0,1,1,0,0,0,1,0,0
0,1,11464.09,10.043,1,1,1,1,0,1,0,1,1,1,56.53318,0,1,0,1,0,0,0,0,1
0,1,103510.7,10.87256,0,1,0,0,1,0,1,0,0,1,63.67919,1,0,1,0,0,0,0,0,0
0,0,64728.95,11.0201,0,1,1,0,0,1,0,0,0,1,47.98288,0,1,0,1,0,0,0,0,1
0,0,12883.78,6.752764,0,1,0,0,0,0,1,0,0,1,56.37649,1,0,0,0,0,0,0,1,0
0,7,17563.99,6.408361,0,1,0,1,0,0,0,0,0,1,66.98487,1,0,1,0,0,0,1,0,0
0,2,80205.9,8.819698,1,1,0,0,1,1,1,1,1,1,50.56974,0,0,1,1,0,0,0,1,0
0,6,15095.8,7.852913,0,1,0,0,0,1,1,1,0,1,60.36546,1,0,1,0,1,0,0,0,0
0,4,53833.45,7.334084,1,1,0,1,1,0,0,1,1,1,51.34296,0,1,1,0,0,0,0,0,0
0,0,19533.69,11.93019,1,1,0,0,1,1,0,1,1,0,62.83833,1,0,1,1,0,0,0,1,0
0,0,18474.89,6.575864,1,0,0,0,1,1,1,1,0,1,58.52876,0,1,1,0,0,1,0,0,1
0,3,78123.58,10.10174,0,1,1,1,0,1,0,0,1,0,56.01033,0,0,0,1,0,0,0,1,0
0,3,28045.78,7.883046,0,1,0,0,1,1,0,1,1,0,70.67111,0,0,1,0,0,0,1,1,0
0,2,19293.1,13.1963,0,1,1,1,1,0,1,1,1,1,70.98518,0,1,1,0,0,0,0,0,0
0,2,7391.15,5.76336,0,1,0,0,0,0,1,1,1,0,62.54758,0,1,1,0,0,0,1,0,1
0,1,30546.19,10.78801,1,1,1,0,0,1,0,0,0,0,70.80297,0,0,1,0,0,0,0,1,0
0,0,8271.97,6.080936,0,1,0,0,0,0,1,0,1,0,45.50676,1,0,1,0,0,1,0,1,0
0,2,18556.35,14.35567,1,1,0,1,0,1,1,1,1,1,58.79896,0,1,0,1,0,0,0,0,0
0,2,50491.3,9.94047,0,1,1,0,0,0,1,1,0,1,62.58644,0,1,1,0,0,1,0,0,1
0,1,644.32,8.351139,0,1,1,0,1,1,0,0,0,1,68.14401,1,0,0,0,0,1,0,0,0
0,1,11150.32,11.01585,2,1,0,0,0,1,0,1,0,0,67.85251,1,0,1,0,0,1,0,1,0
0,1,38682.52,11.59313,0,1,1,1,1,0,1,1,0,1,61.20259,1,0,0,0,0,0,0,0,1
0,1,33436.08,8.171958,0,1,1,0,1,0,0,0,1,0,62.39033,0,1,1,0,0,0,0,1,0
0,2,95657.24,14.78012,0,1,1,0,0,1,0,0,1,1,56.97688,0,1,0,0,1,0,0,0,1
0,1,35180.11,7.329087,0,0,1,1,0,0,1,1,0,1,63.08784,0,0,0,0,0,0,0,1,0
0,1,58102.4,8.680968,0,1,0,0,1,0,1,0,0,1,68.6808,0,0,0,0,1,0,0,1,0
0,0,89224.24,13.7907,0,1,1,1,0,1,1,0,1,0,44.16108,0,0,0,0,0,0,0,1,0
0,3,50595.25,9.499777,0,1,1,0,1,1,0,0,1,1,45.82823,0,1,1,0,0,1,0,1,0
0,0,52745.63,6.93877,0,1,1,0,1,1,1,0,0,1,65.38502,0,1,1,1,0,0,0,1,0
0,0,18640.62,8.250739,1,1,0,1,0,1,0,0,0,0,47.67411,0,1,1,0,0,0,1,0,1
0,2,20757.95,11.68326,0,1,0,0,0,0,0,1,1,0,51.63534,0,1,0,0,0,1,0,0,1
0,3,66851.03,10.21293,0,1,1,0,0,0,0,0,1,1,70.16722,1,0,1,1,0,0,0,0,1
0,2,20544.64,7.924814,0,1,0,1,0,0,0,1,0,0,65.68601,0,0,1,0,0,0,0,0,0
0,2,80501.9,12.06772,2,1,0,0,0,0,0,0,0,0,50.24709,0,1,1,0,0,0,1,0,0
0,0,28218.54,7.784659,1,1,0,1,0,0,0,1,1,1,63.97947,1,0,1,1,0,0,0,0,0
0,6,26644.15,6.20201,0,1,0,0,1,1,0,1,0,0,71.25102,0,1,0,0,0,1,0,0,1
0,0,60163.56,10.34133,0,1,0,1,0,1,1,1,0,0,71.56158,0,1,0,0,0,1,0,1,0
0,1,84378.57,14.17634,1,1,0,0,1,1,0,0,0,0,54.03406,1,0,0,0,0,0,0,1,0
0,4,22293.87,10.06866,0,1,0,0,0,0,0,0,1,1,56.7422,0,1,1,1,0,0,0,1,0
0,0,56567.94,10.72776,0,1,1,1,0,1,1,0,1,0,62.47951,0,0,1,1,0,0,0,0,1
0,1,14325.51,12.85453,0,1,0,0,0,0,0,0,0,0,60.20609,1,0,0,0,1,0,0,0,1
0,3,30533.21,8.939435,0,1,1,0,0,0,0,1,0,0,46.00587,0,0,1,0,0,1,0,1,0
0,0,4007.53,2.304655,0,1,0,1,0,0,1,1,1,1,55.17028,0,1,1,0,0,0,0,1,0
0,0,19016.55,12.12014,0,1,0,1,1,1,0,0,1,0,51.06149,1,0,0,1,0,0,0,0,0
0,0,33920.51,8.868794,0,1,1,0,0,0,0,1,1,0,57.87341,1,0,0,0,0,0,0,0,0
0,0,15771.28,4.900186,0,1,0,1,0,0,0,1,1,1,70.37667,0,1,1,0,1,0,0,0,0
1,0,12166.43,10.34686,0,1,1,1,0,1,0,1,1,0,42.94126,0,1,0,0,0,0,1,1,0
0,2,26295.5,16.06426,0,1,0,1,1,1,0,1,1,1,67.13541,1,0,0,0,0,0,1,1,0
0,1,30011.53,10.50405,0,1,1,1,0,0,1,1,1,1,66.86003,1,0,1,1,0,0,0,0,0
0,3,3345.65,9.609746,0,1,0,0,1,0,0,0,1,0,53.5771,0,0,1,0,0,1,0,1,0
0,0,27392.87,14.95145,0,1,1,1,0,0,0,0,0,1,66.81556,0,1,0,0,0,1,0,0,0
0,2,13638.46,10.74715,1,0,0,1,1,1,0,0,1,0,63.18349,0,1,1,0,0,1,0,0,0
0,3,55285.5,10.08115,2,1,0,0,1,0,0,0,1,0,63.78741,1,0,0,1,0,0,0,1,0
1,0,22788.17,6.094281,0,1,1,0,1,0,0,1,1,1,55.20546,0,1,0,1,0,0,0,1,0
0,3,31468.83,10.60962,0,1,0,0,1,1,1,0,1,1,46.1155,0,1,0,0,0,0,1,1,0
0,0,36394.84,5.757065,0,1,0,0,0,0,0,0,0,1,62.50904,0,1,1,1,0,0,0,1,0
0,2,14392.29,13.3668,0,1,1,1,0,0,0,1,0,1,55.66379,0,0,0,0,0,0,0,0,0
0,0,34337.25,5.984456,1,1,1,0,0,0,0,1,0,0,67.09465,0,1,0,0,0,1,0,1,0
0,6,50305.65,10.20965,0,1,0,0,1,1,1,0,0,1,49.35209,1,0,1,0,1,0,0,1,0
0,2,17781.1,10.11757,0,1,0,1,0,0,0,1,0,1,71.61196,1,0,0,0,0,1,0,0,0
0,0,50058.12,9.117518,1,1,0,1,1,0,0,0,1,0,48.82198,1,0,0,0,0,1,0,0,0
0,1,6013.43,16.84798,0,1,0,0,0,1,0,1,0,0,66.85047,0,1,1,0,0,1,0,1,0
0,4,69697.68,6.491881,0,1,1,1,1,1,0,0,0,1,57.78133,1,0,0,1,0,0,0,1,0
0,4,8103.04,13.58853,2,1,1,1,0,0,0,1,0,1,61.93975,0,1,0,0,0,0,0,0,0
0,1,72212.97,12.70019,1,1,0,0,1,0,0,1,1,1,52.40318,0,1,0,0,0,0,0,0,0
0,3,26118.87,10.55385,0,1,0,1,1,0,0,1,1,1,50.47035,1,0,0,0,0,0,0,0,1
0,3,15279.99,9.330945,0,1,0,1,1,0,1,0,0,0,64.49909,0,1,0,1,0,0,0,1,0
0,3,54172.57,10.68312,0,1,0,0,0,0,0,1,0,1,56.12428,0,1,1,1,0,0,0,1,0
0,1,31397.21,10.94596,0,0,0,0,0,1,1,1,0,1,51.98679,0,1,0,0,0,0,0,0,0
0,3,38768.11,10.33083,0,1,0,0,0,0,0,1,0,0,57.04917,0,0,1,0,0,0,1,0,0
0,7,38323.22,9.037386,1,1,1,0,1,0,0,0,1,0,71.44432,0,1,1,0,1,0,0,0,1
0,2,98376.58,12.35108,0,1,0,1,0,0,0,0,0,0,66.2885,0,1,1,0,0,1,0,1,0
0,6,21714.62,16.23738,0,1,0,0,0,0,1,0,0,0,67.37641,1,0,1,0,0,1,0,0,0
0,1,16085.27,10.08506,1,1,1,0,1,0,0,1,0,0,50.62647,0,1,0,0,0,0,0,0,0
0,0,66710.72,10.20337,1,1,0,0,0,0,0,0,1,0,69.15975,1,0,1,1,0,0,0,1,0
0,3,12115.07,12.49001,0,1,0,0,1,0,0,1,1,1,64.34541,0,0,0,0,0,0,0,1,0
0,0,51856.16,8.421281,0,1,0,1,0,1,0,1,1,0,67.93831,1,0,0,0,0,0,0,1,0
0,2,64898.67,9.817537,0,1,1,1,1,0,1,1,0,0,47.56406,0,1,0,0,0,0,1,0,1
0,0,24939.72,9.231955,0,0,1,1,1,1,0,0,0,0,55.70975,0,1,1,0,0,0,1,0,0
0,3,51471.68,8.654489,1,1,1,0,1,0,0,0,0,1,56.64842,1,0,0,0,0,0,0,1,0
0,2,90643.01,6.556398,0,1,0,0,0,0,1,0,1,1,51.95172,1,0,0,0,0,1,0,0,1
0,2,11160.15,10.15084,0,1,1,0,0,1,0,1,1,1,63.73429,1,0,0,0,1,0,0,1,0
0,3,72149.15,3.835601,0,1,0,0,1,1,0,0,0,0,66.97309,1,0,1,0,1,0,0,1,0
0,0,56932.4,7.812935,1,1,0,0,0,0,1,0,1,0,68.59602,0,1,1,1,0,0,0,0,1
0,0,49512.78,13.87808,2,1,1,1,0,1,0,1,0,0,69.50311,0,1,0,1,0,0,0,1,0
0,1,36867.42,12.11232,1,1,0,0,1,0,0,1,0,1,59.51823,1,0,1,0,1,0,0,1,0
1,1,75507.18,8.954105,2,1,1,0,0,0,0,1,1,0,59.00106,0,1,1,0,1,0,0,1,0
0,4,52982,11.36732,0,1,1,0,0,0,0,0,0,1,68.22903,0,1,1,0,0,0,1,0,1
0,3,38365.83,9.704987,1,1,0,0,0,0,0,1,1,1,45.28275,0,1,1,1,0,0,0,1,0
0,1,29877.9,5.108637,0,1,0,1,1,1,0,1,0,0,69.83346,0,1,0,0,0,0,0,1,0
0,1,36514.64,11.42327,0,1,1,0,0,1,0,1,1,0,64.29998,1,0,1,0,0,0,1,1,0
0,0,7234.69,6.9305,0,1,1,1,1,1,1,0,1,1,60.63668,0,1,0,0,0,0,1,0,0
0,0,25575.05,12.40024,0,1,1,1,1,0,1,0,0,0,68.60055,0,1,0,0,0,0,0,1,0
0,2,10715.15,11.34392,0,1,1,1,0,0,0,1,0,0,65.2477,1,0,0,1,0,0,0,0,1
0,3,27770.71,17.15258,0,1,0,0,0,0,0,1,1,1,71.20584,0,1,0,0,0,0,1,1,0
0,1,40076.2,8.408516,2,1,1,0,1,1,0,0,0,0,67.57266,1,0,1,0,0,0,0,1,0
0,0,11182.43,8.998522,0,1,0,0,1,0,1,1,1,1,66.66711,1,0,1,0,1,0,0,1,0
0,2,99873.57,9.8349,0,1,0,0,0,0,1,1,1,1,55.76858,0,0,1,0,1,0,0,1,0
0,2,50268.03,9.772328,1,1,1,1,1,1,0,1,1,0,61.64252,0,1,0,0,0,1,0,1,0
0,0,15818.64,11.9571,0,1,0,1,1,0,1,0,0,1,63.00356,1,0,0,0,1,0,0,1,0
0,2,24482.09,5.103123,1,1,0,0,0,0,0,0,1,0,46.8684,1,0,0,1,0,0,0,0,0
0,1,101771,10.85535,0,0,1,0,0,0,0,0,0,0,68.17349,0,0,0,0,0,0,0,0,0
0,1,22686.88,12.40041,0,0,1,1,1,0,1,0,1,1,59.42279,0,1,1,0,1,0,0,1,0
0,0,50066.53,12.67826,1,1,0,0,0,0,0,1,0,0,45.22375,0,1,0,0,0,0,0,1,0
0,7,26387.48,13.54553,0,0,1,1,1,0,0,0,1,1,63.87447,0,1,1,1,0,0,0,0,0
0,3,29774.74,10.40023,0,1,0,0,0,0,0,1,1,0,60.72645,1,0,1,1,0,0,0,1,0
0,6,48976.94,7.558605,1,1,0,0,0,0,1,0,0,1,42.68533,1,0,0,0,0,0,0,1,0
0,0,29957.55,11.09005,0,1,0,0,1,1,0,0,0,1,48.25774,0,0,1,0,0,0,0,1,0
0,0,15037.87,9.378955,0,1,0,1,0,0,0,0,0,0,65.08131,0,1,1,0,0,1,0,1,0
0,3,42113.14,13.50203,2,1,0,0,0,1,1,0,0,1,66.65664,0,0,0,0,0,1,0,0,0
0,0,31647.65,7.117716,1,1,0,0,0,0,1,1,0,0,54.01597,0,1,1,1,0,0,0,0,0
0,1,31517.51,10.25523,0,0,1,0,1,0,0,1,0,0,57.76658,0,1,0,1,0,0,0,0,1
0,0,65583.82,16.97035,1,1,0,0,1,0,0,1,1,1,67.09561,0,0,0,0,0,0,1,0,0
0,4,70152.92,10.30488,2,1,0,0,0,1,0,1,1,1,63.27315,1,0,1,0,0,0,1,0,0
0,0,67872.22,14.48232,1,1,0,1,1,1,0,0,0,0,53.02286,1,0,0,1,0,0,0,1,0
0,1,42754.88,10.0299,0,1,1,0,1,1,1,0,1,1,70.68154,0,1,1,1,0,0,0,0,0
0,1,41074.27,12.392760000000001,0,1,0,1,1,1,1,1,0,1,55.11933,0,1,1,0,1,0,0,1,0
0,7,28216.6,6.474834,1,1,1,0,0,0,1,0,0,1,68.03514,1,0,1,0,0,0,0,0,1
0,1,31033.83,11.07606,0,1,1,0,1,0,0,0,0,1,57.29968,0,1,0,0,0,1,0,0,1
0,3,52290.12,9.799426,1,1,1,1,0,0,0,1,0,0,69.48178,0,1,1,0,0,0,0,1,0
0,1,22711.6,15.11605,0,1,0,0,0,0,1,0,1,0,69.27984,0,1,1,0,0,1,0,0,0
0,4,17766.54,9.481086,0,1,0,1,1,0,0,1,1,0,53.06256,0,1,1,0,0,0,0,1,0
0,2,99342.82,13.64304,0,1,1,0,1,0,1,1,0,1,63.1308,0,1,1,1,0,0,0,1,0
0,1,13397.57,16.10876,0,1,1,0,0,0,1,0,1,1,63.63312,0,1,0,0,0,0,0,1,0
0,0,21939.33,16.17011,0,1,0,0,0,1,1,0,0,0,67.33827,1,0,0,0,0,0,1,1,0
0,3,28644.87,10.26124,0,1,0,1,0,0,1,1,0,0,50.56908,1,0,1,0,0,1,0,0,1
0,4,38158.54,10.80053,1,1,0,0,0,1,0,0,1,0,45.95837,0,1,1,0,1,0,0,1,0
0,0,97916.45,12.48949,0,1,1,0,1,0,0,1,1,0,59.05725,1,0,0,0,0,0,0,0,0
0,2,53937.51,8.529407,0,1,1,0,0,0,0,0,0,1,62.87291,0,1,1,0,0,0,1,1,0
0,0,41417.8,7.558483,1,1,0,0,0,0,0,1,1,1,37.86885,1,0,0,0,0,1,0,0,1
1,4,14148.82,9.739276,0,1,1,0,1,0,0,1,1,1,67.95345,1,0,0,0,0,1,0,1,0
0,3,50898.88,7.677464,1,1,1,0,0,1,0,1,0,1,46.08155,0,0,1,0,0,1,0,0,0
0,1,33970.73,9.984088,0,1,1,0,1,0,0,0,0,1,64.32344,0,1,0,0,0,1,0,1,0
0,4,45289.33,14.31982,0,1,1,1,0,1,0,0,1,1,62.56252,0,1,0,1,0,0,0,1,0
0,3,17055.76,9.262147,0,1,1,0,0,0,0,0,1,1,42.64008,0,0,0,0,1,0,0,1,0
1,1,11327.01,4.802492,0,1,1,0,1,1,0,1,0,1,71.41919,0,1,1,0,0,0,0,1,0
0,2,79298.31,11.58716,0,1,0,0,1,1,0,1,0,0,67.4011,1,0,1,0,0,1,0,0,0
1,1,45572.07,7.57603,0,1,1,0,0,0,0,1,1,0,46.37208,0,1,0,1,0,0,0,1,0
0,0,51233.97,13.02596,0,0,1,0,1,0,0,1,0,1,60.46139,0,1,0,0,0,1,0,1,0
0,3,47312.43,8.076837,0,1,0,1,0,0,0,0,1,1,60.80077,0,0,1,0,0,0,0,1,0
0,1,20477.49,10.31027,0,1,1,1,0,1,1,0,1,1,65.32231,1,0,0,0,0,0,1,0,1
0,0,16382.76,7.172961,0,1,0,0,0,0,1,0,1,1,71.89548,1,0,0,1,0,0,0,1,0
0,0,13463.55,11.24384,0,1,1,1,1,1,1,0,0,1,53.4946,1,0,0,0,0,0,1,0,1
0,2,26369.97,7.069018,0,1,0,1,1,0,0,1,1,1,65.44679,0,1,0,0,0,1,0,0,1
0,1,32183.92,3.992429,1,1,0,0,0,0,1,0,1,1,46.30752,0,0,1,0,1,0,0,1,0
0,1,47658.35,12.01031,0,1,1,0,0,0,0,1,0,1,62.88109,0,0,0,0,0,0,1,0,0
0,5,21355.46,9.96723,0,0,1,0,1,1,1,0,0,1,66.41154,0,1,1,0,0,1,0,1,0
0,0,78080.83,12.68653,0,1,1,0,1,1,1,1,0,0,66.07472,0,1,0,0,0,0,0,0,0
0,1,27400.85,3.21461,0,1,0,1,0,1,0,0,1,0,48.98746,1,0,1,0,0,1,0,1,0
0,0,52053.5,7.511184,1,1,1,1,1,1,1,0,0,1,63.43732,0,1,0,0,0,1,0,0,0
0,4,63252.08,11.55712,1,1,0,1,1,1,0,1,1,0,66.31632,1,0,0,0,0,0,1,0,1
0,7,5609.56,15.4974,1,1,0,0,1,1,0,0,1,0,62.25247,0,1,1,0,1,0,0,1,0
0,0,79846.11,9.594627,1,1,1,0,0,0,0,1,1,1,60.91248,0,1,0,0,0,1,0,1,0
0,0,102544.2,12.58464,0,1,0,0,0,0,1,1,0,1,49.26183,1,0,0,0,0,1,0,1,0
0,1,39464.48,7.685325,1,1,0,0,1,1,0,1,1,1,52.68582,0,0,1,0,0,1,0,1,0
0,0,16044.85,6.200468,0,1,0,0,0,1,1,0,0,1,65.67297,1,0,1,0,0,1,0,1,0
0,0,39231.3,15.00434,0,1,1,0,0,1,1,1,0,1,45.29142,0,0,1,0,0,1,0,0,1
0,1,83330.44,10.75619,1,1,1,1,1,0,1,1,0,1,64.31881,0,1,0,0,1,0,0,1,0
0,1,29077.39,14.62681,0,1,0,0,1,1,1,1,1,0,50.30252,0,0,1,1,0,0,0,1,0
0,1,39184.05,13.06711,0,1,0,0,1,0,1,1,1,1,67.89706,1,0,0,0,1,0,0,0,0
0,4,26393.06,6.256431,1,1,0,1,0,0,0,0,0,1,63.28097,0,1,0,0,1,0,0,1,0
0,0,24707.03,11.5315,0,1,0,0,0,0,0,0,0,1,64.48925,0,1,1,0,0,1,0,1,0
0,1,4108.64,11.44113,0,1,0,1,1,1,1,0,1,0,68.10386,0,0,0,0,1,0,0,1,0
0,2,8916.93,10.84095,0,1,1,1,0,1,0,1,1,0,51.60111,0,1,1,1,0,0,0,1,0
0,0,40057.31,11.00613,0,1,0,0,1,0,1,0,0,1,48.52168,1,0,1,0,0,0,1,1,0
0,0,29056.86,9.929809,1,1,0,0,0,0,1,1,0,1,53.63969,1,0,0,0,0,0,0,1,0
0,2,25676.69,9.883909,0,1,0,0,0,0,0,0,1,0,47.17599,1,0,1,0,0,1,0,1,0
0,3,48844.65,15.41442,0,1,0,0,1,0,0,0,0,0,49.30109,1,0,0,0,0,0,0,0,0
0,0,65592.66,14.44405,0,1,1,1,0,0,1,0,0,0,49.60599,0,1,1,0,1,0,0,0,1
0,2,15745.22,11.52469,0,1,0,1,0,0,0,1,1,1,60.15131,1,0,0,0,0,0,0,0,1
0,1,24072.79,9.574804,0,1,0,1,0,0,0,0,0,1,47.98376,0,0,0,1,0,0,0,1,0
0,0,32663.78,14.43716,0,1,0,1,0,1,0,1,1,0,69.56294,1,0,0,1,0,0,0,1,0
0,2,38833.39,6.447173,1,1,1,0,0,0,1,0,0,0,64.78357,0,1,1,0,0,0,1,1,0
0,1,80087.23,13.41922,0,1,0,1,0,0,0,0,0,1,66.3094,0,0,1,0,0,1,0,0,1
0,3,23874.86,7.742007,0,1,1,0,1,1,0,0,1,0,66.34756,0,0,1,1,0,0,0,1,0
0,1,31973.73,10.86371,1,1,0,1,1,0,1,1,0,1,60.95034,1,0,0,0,0,1,0,1,0
0,1,49511.19,10.84358,0,1,0,1,0,1,0,1,1,1,52.38554,0,1,0,0,0,0,0,0,0
0,0,11791.97,7.659547,1,0,1,0,0,1,1,0,0,1,62.26072,1,0,0,0,0,0,0,0,1
1,4,5411.4,9.675355,1,1,0,0,1,0,1,1,1,0,56.57319,0,0,0,1,0,0,0,1,0
0,1,43388.31,11.79283,0,1,1,0,1,1,0,0,1,1,39.1168,1,0,1,1,0,0,0,0,1
0,4,22431.45,14.15969,1,1,0,1,1,1,1,0,0,1,65.91841,1,0,1,0,0,0,1,1,0
0,0,14242.01,14.12222,0,1,1,0,0,1,0,0,1,1,61.19826,0,1,1,0,0,0,1,0,0
0,2,21248.31,8.372429,1,1,0,0,0,1,0,0,1,0,61.9981,1,0,0,0,0,1,0,0,0
0,0,13948.49,11.96174,1,1,0,1,0,0,0,1,1,1,67.77528,0,1,0,0,1,0,0,0,0
0,0,36835.17,13.55077,0,1,0,0,0,0,0,1,1,0,64.53,0,0,0,0,0,0,1,1,0
0,0,10560.99,11.31448,0,1,0,0,0,1,0,1,0,1,59.74092,0,0,0,0,0,0,1,1,0
0,2,5911.41,8.274459,0,1,0,0,0,0,1,0,0,0,68.60052,1,0,1,0,0,0,1,0,0
0,1,27784.38,11.03858,2,0,1,1,0,0,0,1,1,0,58.46636,1,0,1,0,0,0,0,1,0
0,1,15778.64,8.079285,1,1,1,1,1,1,0,1,1,1,47.47601,0,1,1,0,1,0,0,0,1
0,0,27100.67,12.30379,1,1,1,1,0,0,0,0,1,1,61.30152,0,0,0,1,0,0,0,1,0
0,1,33727.33,6.958049,0,1,0,0,1,1,0,1,1,1,60.22359,0,0,0,0,0,1,0,1,0
0,4,92696.47,6.630274,1,1,1,0,1,0,0,0,0,1,71.77038,0,0,1,1,0,0,0,0,1
0,1,30605.32,15.23751,0,1,1,0,1,1,0,0,1,0,58.7517,0,0,0,0,1,0,0,1,0
0,0,46994.01,13.48181,1,1,0,0,0,0,0,0,0,1,65.62921,0,0,1,0,0,0,1,0,1
0,1,9806.64,9.346134,0,1,0,0,1,1,0,0,0,0,70.04547,1,0,0,0,0,1,0,0,0
0,2,70150.34,9.823973,0,1,0,1,0,0,1,0,0,1,64.25103,1,0,0,0,1,0,0,0,0
0,1,47512.7,10.18517,0,1,0,0,1,0,0,1,0,0,58.70772,1,0,1,1,0,0,0,1,0
0,0,13728.71,7.893642,1,1,0,0,0,0,1,1,0,1,50.86377,0,0,1,0,0,1,0,1,0
0,7,40281.89,12.31332,1,1,1,1,1,0,0,1,1,1,55.67304,1,0,1,0,1,0,0,0,1
0,0,87747.16,10.30752,0,1,0,1,1,1,0,0,0,0,58.7814,1,0,0,1,0,0,0,0,0
0,1,6193.94,9.843695,0,0,0,1,1,0,0,0,0,1,56.79978,0,1,1,0,0,1,0,0,1
0,0,40204.1,12.12353,0,0,0,0,1,1,0,1,0,0,49.95803,0,1,0,1,0,0,0,1,0
0,2,27301.4,16.1298,0,1,1,0,0,1,1,1,0,1,46.25154,1,0,1,0,1,0,0,1,0
0,0,17440.08,7.934951,0,1,1,1,0,0,0,1,1,1,48.38433,1,0,0,0,0,1,0,0,0
0,2,42090.01,10.70759,0,1,0,0,0,0,0,0,1,1,63.4041,0,0,1,0,0,0,0,0,0
0,3,23446.13,11.26135,0,1,0,0,0,0,0,0,0,0,68.17558,0,1,0,0,0,1,0,1,0
0,4,40143.6,16.41048,0,1,0,0,0,1,0,0,0,0,68.78168,0,0,0,0,0,1,0,0,0
0,0,21929.84,13.68768,1,1,0,1,0,0,1,0,0,1,65.05715,1,0,1,0,0,0,0,1,0
0,1,38126.15,8.61622,0,1,1,0,0,1,1,0,1,0,69.21008,0,1,1,0,1,0,0,1,0
1,0,63733.76,6.058654,0,1,1,0,1,0,1,1,1,1,67.61857,1,0,0,0,1,0,0,1,0
0,1,84100.24,8.571661,1,0,0,1,0,0,1,1,0,1,55.74968,0,1,1,0,0,0,1,0,1
0,3,24771.21,7.937239,1,1,0,0,0,0,1,1,1,0,62.12094,1,0,1,0,0,0,0,1,0
0,2,30122.01,7.003919,0,1,0,0,0,0,0,0,0,0,62.43504,1,0,0,0,0,1,0,0,1
0,3,55110.25,10.07036,0,0,0,0,0,0,0,1,0,1,55.22194,0,1,0,0,0,1,0,0,1
0,0,12071.22,13.06712,0,1,0,0,0,0,1,0,0,1,57.01834,0,1,1,0,0,1,0,0,0
1,5,16897.14,10.49636,0,1,1,1,0,0,0,1,1,0,58.01836,0,1,0,0,0,1,0,0,1
0,1,20706.94,9.723378,1,1,0,0,1,0,0,1,0,1,47.69242,0,1,1,0,0,0,0,1,0
0,0,59138.75,9.175781,0,1,1,1,1,0,1,1,0,0,68.03515,1,0,0,0,0,0,1,1,0
0,3,15422.66,9.400629,1,1,1,1,0,0,0,1,1,0,67.73639,1,0,0,0,0,0,1,1,0
0,0,34567.24,17.24156,1,1,1,1,0,0,0,0,1,0,45.72931,0,1,1,0,0,0,0,0,0
0,0,56960.58,14.57952,0,1,0,0,1,1,0,0,0,1,60.6238,1,0,1,0,1,0,0,1,0
0,3,5277.14,12.08255,1,1,0,0,1,0,0,0,0,1,66.60339,0,1,1,0,0,0,0,1,0
0,3,41795.89,9.174785,1,1,0,0,1,0,1,0,1,1,60.4218,0,1,1,0,0,1,0,0,1
0,1,35669.12,9.642833,1,1,1,1,0,1,0,0,1,0,69.02836,1,0,0,0,0,0,1,1,0
0,4,81934.59,5.616141,0,1,1,0,0,1,0,0,1,1,68.3716,1,0,1,1,0,0,0,0,0
0,2,39250.53,12.38401,1,0,1,0,1,1,1,0,0,1,55.49975,0,1,0,0,0,0,0,0,0
0,3,47986.4,9.162228,1,1,0,1,1,0,1,0,1,1,44.72714,1,0,1,0,0,0,0,0,0
0,7,23707.75,14.78077,0,1,0,1,1,0,1,0,0,0,70.85122,1,0,1,0,0,0,0,0,0
1,5,37990.93,11.73432,0,1,1,0,1,0,0,1,1,1,44.60033,1,0,0,1,0,0,0,1,0
0,2,48459.16,6.34319,0,1,1,0,1,1,1,1,0,0,70.2223,0,1,0,0,0,0,0,0,1
0,0,10542.11,10.15175,0,1,1,0,1,1,0,1,0,0,66.57869,1,0,0,0,0,0,0,1,0
0,1,57760.15,8.668032,0,1,0,1,0,0,0,0,0,0,64.5515,0,1,1,1,0,0,0,1,0
0,3,35207.1,5.996711,1,1,1,1,1,0,1,1,1,0,68.47895,0,1,0,0,0,1,0,0,0
0,0,35242.17,9.40677,0,1,0,1,0,1,0,1,0,0,71.30636,0,0,1,0,0,1,0,1,0
0,3,17176.02,3.824619,0,1,1,0,1,0,0,1,0,1,55.15375,1,0,0,1,0,0,0,0,0
0,2,25163.87,12.97823,0,1,1,1,0,1,1,1,0,1,71.82981,1,0,1,0,0,0,0,1,0
0,0,55493,8.491828,0,1,1,0,0,0,0,1,1,0,63.66597,0,1,1,0,1,0,0,1,0
0,1,48134.77,10.84393,1,1,0,0,1,0,0,1,1,1,66.38881,0,1,0,0,0,1,0,1,0
0,4,34617.96,11.52532,0,1,0,0,1,0,0,1,0,0,62.19865,0,0,1,0,0,0,0,0,1
0,1,31461.9,8.594848,0,1,1,0,1,0,0,1,0,1,65.62879,1,0,0,0,0,1,0,1,0
0,1,41944.34,9.228351,1,1,0,1,0,0,0,0,1,0,63.5876,1,0,1,0,0,0,1,0,0
0,2,29981.69,8.006529,0,1,0,0,1,0,0,1,0,1,67.43143,0,1,1,0,0,0,1,0,0
0,0,21430.34,11.65773,0,1,0,0,0,1,1,0,1,1,69.04134,1,0,1,1,0,0,0,0,1
0,0,19662.72,6.933231,0,1,1,1,1,1,1,1,1,0,51.43223,0,1,1,0,0,1,0,0,1
1,1,24901.05,12.38576,0,1,1,0,0,0,1,1,1,1,58.65834,1,0,0,0,0,0,1,0,0
0,3,35713.16,9.021117,0,1,0,1,0,1,0,1,1,1,54.61729,0,1,1,0,1,0,0,0,0
0,0,61647.47,6.977319,0,1,0,1,1,0,0,0,0,1,54.26219,0,0,0,0,0,0,1,0,0
0,2,47386.49,8.672044,2,1,0,0,1,0,0,0,0,1,39.65071,1,0,1,0,0,1,0,1,0
0,0,60981.45,11.4928,0,0,1,1,0,0,0,1,1,1,64.02167,0,1,1,0,0,0,1,0,1
1,1,84595.21,5.881302,2,1,0,1,0,1,1,0,1,1,52.83052,1,0,0,0,0,0,0,1,0
0,1,5960.43,8.696081,2,1,0,0,0,0,0,1,0,1,42.83737,0,1,1,0,0,1,0,0,1
0,5,38678.23,7.235001,1,1,0,1,1,0,0,0,0,1,42.82228,0,1,1,0,1,0,0,0,1
0,0,33311,3.786724,0,1,0,0,1,0,1,1,0,0,64.99919,0,0,1,1,0,0,0,1,0
0,0,24491.2,10.48202,1,1,0,1,0,0,1,0,1,0,60.09896,0,1,0,0,0,0,0,1,0
0,4,51434.21,14.96523,0,1,0,0,0,1,0,0,1,1,55.62195,0,0,1,0,1,0,0,0,0
0,2,9970.03,9.405326,0,0,0,1,1,0,1,0,0,0,45.30473,0,1,0,0,0,1,0,1,0
0,7,52509.41,13.40357,0,1,1,1,0,1,1,0,0,0,70.54775,0,0,0,0,0,0,1,0,1
0,4,6790.51,11.00941,0,1,0,1,0,0,1,0,0,1,60.53871,0,1,0,1,0,0,0,1,0
0,7,50514.83,16.0888,0,1,0,1,1,1,0,1,1,0,60.10344,1,0,1,0,1,0,0,1,0
0,1,62567.3,9.811251,0,1,1,0,0,0,0,1,0,1,50.45458,1,0,1,0,0,1,0,1,0
1,4,53953.4,14.53225,0,1,1,0,0,1,0,1,1,1,56.7448,1,0,1,1,0,0,0,1,0
0,4,18556.55,11.22864,0,1,1,0,0,1,0,1,0,0,54.78319,0,0,1,0,1,0,0,0,0
0,0,2047.66,8.519817,1,1,1,0,1,0,0,1,0,0,47.1164,0,1,0,0,0,1,0,1,0
0,3,74459.99,7.029845,0,1,1,0,1,0,0,1,0,1,69.10177,0,1,1,0,1,0,0,0,0
0,6,22392.05,5.71511,0,1,0,0,0,1,0,0,0,0,62.09112,0,0,0,0,0,0,0,0,0
1,3,46584.48,9.753305,1,1,1,0,0,0,0,1,1,1,36.7649,0,1,1,1,0,0,0,1,0
0,5,16709.84,10.23096,0,1,1,0,1,0,0,1,0,0,66.77022,0,1,0,1,0,0,0,1,0
0,1,79331.78,2.865785,2,1,0,1,0,0,1,1,0,1,69.76806,1,0,1,0,0,1,0,1,0
0,1,25035.79,13.77917,0,0,0,0,1,1,1,0,1,0,40.87895,1,0,0,0,1,0,0,1,0
0,0,32022.13,9.664759,1,1,0,1,1,1,1,1,0,0,56.69865,0,1,1,1,0,0,0,1,0
0,0,15801.36,9.285369,1,1,0,0,0,0,1,0,1,1,60.18695,1,0,0,0,1,0,0,0,0
0,7,44495.59,8.891296,0,1,0,1,1,1,0,1,1,0,61.44671,0,0,0,0,1,0,0,0,0
0,1,23662.64,4.615568,0,1,1,0,1,1,1,0,0,0,48.57121,0,1,1,0,0,1,0,1,0
0,6,50627.61,10.70655,1,1,1,1,1,1,0,1,1,0,47.23415,0,0,0,0,0,1,0,0,1
1,1,2374.07,5.299433,0,1,0,0,1,0,1,1,1,1,52.55226,1,0,1,0,0,0,1,1,0
0,2,34352.13,9.249944,2,1,1,1,0,0,0,0,0,0,56.04565,1,0,0,0,1,0,0,0,0
0,0,59646.13,13.34933,1,1,1,0,0,0,1,0,1,0,42.43922,0,1,0,0,0,0,1,1,0
0,1,8137.98,13.56414,1,1,1,1,0,1,0,0,1,1,50.02343,1,0,1,0,0,0,0,1,0
0,2,11450.5,15.35378,0,1,1,0,0,0,0,1,0,0,52.5986,1,0,0,0,0,0,0,1,0
0,2,99108.6,10.59251,0,1,1,0,0,0,1,1,0,0,70.95714,1,0,0,1,0,0,0,0,0
0,3,27782.86,10.75626,1,1,0,0,1,1,0,1,1,1,70.52836,0,0,1,0,1,0,0,1,0
0,2,11273.45,17.83372,0,1,1,0,0,0,0,0,0,1,70.31796,0,1,1,1,0,0,0,1,0
0,0,82551.97,11.55469,0,1,0,1,0,1,0,1,0,1,53.77815,1,0,0,0,0,0,1,0,0
0,0,27885.38,6.087081,1,1,1,0,1,0,0,0,1,1,52.36353,1,0,0,0,0,0,0,0,0
0,0,35175.65,14.03161,0,1,0,1,0,0,1,1,0,1,61.11318,1,0,0,0,0,1,0,0,0
1,3,50766.63,13.21732,0,1,1,0,1,0,0,1,1,0,66.72045,0,1,0,1,0,0,0,1,0
0,1,18056.75,5.848469,1,1,0,1,0,0,0,1,1,0,61.24602,0,1,1,0,1,0,0,1,0
0,1,64333.09,7.715579,0,1,0,1,0,0,0,1,0,0,53.83688,0,0,1,0,0,0,0,1,0
0,2,6587.88,8.292211,0,1,1,1,0,1,0,1,1,0,56.86558,0,0,0,0,0,0,1,0,1
1,4,66543.75,8.800138,0,1,1,0,1,0,1,1,0,0,38.34208,0,1,1,0,0,1,0,1,0
1,3,21495.16,11.8343,0,1,0,0,1,1,0,1,1,0,43.76523,0,1,0,0,0,1,0,1,0
0,0,5225.27,12.87664,0,1,0,0,0,0,0,0,1,0,67.76235,0,0,1,0,0,1,0,1,0
0,4,47620.86,7.80176,0,1,1,0,0,0,0,0,1,1,46.23103,0,1,0,1,0,0,0,0,1
0,3,38188.95,11.38973,0,1,0,0,1,1,0,0,1,0,58.29773,0,0,0,0,1,0,0,1,0
0,3,83714.62,9.032609,1,1,0,0,1,0,0,0,0,1,47.67299,0,0,1,1,0,0,0,0,1
0,0,10056.65,10.27047,1,1,0,0,1,0,1,1,0,1,60.36626,0,0,1,0,0,0,0,1,0
1,3,32605.98,8.850497,1,0,1,0,1,1,1,1,1,0,66.83431,0,1,0,0,0,0,1,1,0
0,6,15659.82,6.060003,1,0,0,0,1,0,1,1,0,1,62.03561,0,1,1,0,0,0,0,1,0
0,1,14328.24,11.38973,1,1,0,1,0,0,0,1,0,1,63.21825,0,0,1,0,0,0,1,1,0
0,0,85374.14,8.988367,1,1,0,0,0,1,0,0,0,0,64.31709,0,1,0,0,0,0,0,1,0
0,2,17085.1,13.74632,0,1,1,0,1,1,0,1,0,0,61.3942,1,0,1,0,0,0,0,0,1
0,3,12182.47,11.29008,0,1,0,0,1,1,0,1,0,0,67.86102,1,0,1,0,0,0,0,1,0
0,4,41735.26,7.266216,0,1,0,0,1,1,0,0,0,1,50.61987,0,1,1,1,0,0,0,1,0
0,3,16415.89,10.37741,0,0,1,0,1,1,0,1,0,1,64.01062,0,0,1,1,0,0,0,1,0
0,0,24984.03,6.749113,1,1,0,0,0,0,0,1,1,0,48.37971,0,1,1,0,0,0,1,1,0
0,2,65362.29,12.65309,1,1,1,0,0,0,0,0,0,1,71.80759,0,1,0,0,0,1,0,0,0
0,0,28833.31,11.71602,0,1,1,0,0,1,0,1,0,1,71.60143,0,1,1,0,1,0,0,0,1
0,3,22872.44,9.411937,0,1,0,1,0,0,0,1,0,0,56.46532,1,0,0,0,0,0,0,1,0
0,1,19419.61,13.73389,1,1,0,0,0,0,1,1,0,0,57.62771,1,0,1,0,1,0,0,1,0
0,3,31430.73,9.693742,0,1,0,0,0,0,1,1,0,1,70.83916,1,0,1,1,0,0,0,1,0
0,3,9637.35,8.367181,0,1,0,0,1,0,0,1,0,0,63.75133,1,0,0,0,1,0,0,0,1
0,0,10630.8,11.86527,0,1,0,1,1,0,0,1,0,0,62.54412,0,1,0,0,0,0,1,1,0
0,2,20498.13,9.453897,0,1,1,0,0,1,1,1,0,0,57.31296,0,1,0,0,0,0,0,0,0
0,0,9237.06,7.729941,0,1,1,0,1,0,1,1,0,1,68.99972,1,0,1,0,0,1,0,1,0
0,1,11910.62,6.449896,0,1,0,0,1,0,0,1,0,1,60.50578,1,0,0,0,0,0,0,0,0
0,1,25006.29,9.68227,1,1,0,0,0,1,1,0,1,1,54.66546,0,1,1,0,0,0,1,0,0
0,2,16955.9,12.10748,0,1,1,1,1,0,1,1,0,0,70.76841,0,1,1,0,0,1,0,1,0
0,0,14517.86,7.322529,1,1,1,0,0,1,0,0,0,1,54.22191,0,1,0,0,0,0,1,0,0
0,2,64891.95,8.231993,0,1,0,1,0,0,0,1,1,1,44.97976,0,0,0,0,0,1,0,1,0
1,3,3867.46,6.429379,1,1,0,0,1,1,1,1,1,1,38.7682,1,0,1,0,0,0,0,1,0
0,3,21002.95,9.093479,1,1,1,0,0,0,0,0,1,1,70.91142,0,1,1,0,0,0,0,1,0
0,1,98862.21,9.136834,1,1,1,0,0,0,0,0,1,0,65.57158,0,1,0,0,0,1,0,0,0
0,1,37634.23,10.11765,0,1,1,0,1,0,0,0,0,1,43.20929,0,1,1,0,1,0,0,0,0
0,0,6060.42,13.35951,1,1,0,0,0,0,0,1,1,0,68.7415,0,0,1,1,0,0,0,1,0
0,0,23283.91,10.15999,0,1,1,0,0,1,0,1,1,1,63.9916,1,0,0,0,0,0,0,0,1
1,0,14560.64,13.87342,1,0,1,0,1,0,1,1,1,1,52.41439,0,1,1,0,0,1,0,0,0
0,2,31833.15,10.39104,0,1,0,0,0,1,0,0,0,1,66.58209,0,1,0,0,0,0,1,1,0
0,2,24105.02,11.98229,0,1,1,1,0,0,0,1,0,1,65.62722,0,1,0,0,0,0,1,1,0
0,2,17715.03,7.333757,1,1,1,0,0,0,0,1,1,0,52.9098,0,1,1,0,0,0,0,0,1
0,1,25276.81,7.885528,1,1,1,0,0,0,0,0,1,1,63.41268,1,0,0,0,0,0,1,0,1
0,1,48089.17,3.289731,0,1,1,0,1,0,0,1,0,1,51.54386,0,1,1,0,0,1,0,1,0
0,1,9099.98,9.635521,0,1,1,1,0,0,0,1,0,1,71.27703,1,0,0,0,0,0,0,0,0
0,3,23083.13,7.210451,1,1,0,1,1,0,0,0,1,1,61.78631,0,1,0,0,0,1,0,0,1
0,3,19075.4,6.658585,0,1,1,0,0,1,0,1,0,1,55.59681,0,0,1,0,0,0,0,0,1
0,1,12894.26,9.712933,0,1,0,0,0,1,0,0,0,1,37.11912,0,0,0,0,0,0,1,0,1
0,6,53540.15,11.94078,0,1,1,1,0,1,0,1,1,1,70.70213,0,1,0,0,0,0,0,0,0
0,4,33028.84,4.93801,2,1,1,0,0,1,0,1,0,1,70.36489,1,0,0,0,1,0,0,1,0
0,5,103499.7,7.499547,0,1,0,1,0,1,0,1,1,1,36.24048,0,1,1,0,0,0,0,0,0
0,0,19300.49,7.597397,1,1,1,0,1,0,1,0,0,0,68.86592,1,0,0,0,1,0,0,1,0
0,1,35619.3,9.18202,1,1,0,0,1,1,1,1,1,1,57.0263,0,1,1,0,0,0,1,1,0
0,2,17315.37,14.79521,0,1,0,0,1,0,0,0,1,1,69.53494,0,1,0,1,0,0,0,1,0
0,1,23927.18,13.07212,2,1,1,1,1,1,0,0,1,1,61.96931,0,1,1,1,0,0,0,0,1
0,1,46453.81,11.61504,0,1,1,1,0,1,0,1,0,0,65.09908,1,0,1,1,0,0,0,1,0
0,0,14489.85,10.577209999999999,0,1,1,0,1,0,0,1,1,0,61.79083,0,1,1,0,0,0,1,0,1
0,3,7873.98,10.02478,1,1,1,0,0,0,0,1,0,0,54.97349,0,0,1,1,0,0,0,1,0
0,0,47364.6,11.77357,2,1,1,0,0,1,0,1,1,0,62.34755,0,1,0,0,0,0,0,0,0
0,0,13887.89,8.252837,2,1,1,0,0,1,1,0,0,0,59.25503,1,0,1,1,0,0,0,1,0
0,0,22602.97,8.861872,0,1,0,0,0,1,0,1,1,1,60.29534,0,1,1,0,0,1,0,1,0
0,2,32900.92,12.69755,1,1,0,0,1,1,0,1,1,1,65.65204,1,0,0,0,1,0,0,1,0
0,4,74294.77,9.491983,0,1,0,1,1,0,0,0,0,0,53.34051,0,0,0,0,0,1,0,0,0
0,1,7947.46,12.79332,0,1,0,0,0,1,0,0,0,0,59.29365,1,0,0,1,0,0,0,0,1
0,3,31785.21,7.656144,0,1,1,1,0,1,1,0,1,0,64.89527,1,0,0,1,0,0,0,0,0
0,2,78661.48,12.62813,0,1,0,0,1,1,1,0,0,1,63.61158,0,1,1,0,0,1,0,1,0
0,0,7012.42,3.806443,0,1,1,1,0,0,0,0,1,0,39.95689,0,1,0,1,0,0,0,1,0
0,4,15059.8,13.68702,0,1,1,0,1,0,0,1,1,1,55.90619,0,1,1,0,0,1,0,1,0
0,2,12271.73,6.464551,1,1,0,0,1,0,0,0,0,1,48.26544,0,1,1,0,0,0,1,1,0
0,4,48722.63,8.780902,0,1,0,0,0,0,1,1,0,0,62.30892,0,1,0,0,1,0,0,1,0
1,1,38810.68,11.36776,0,1,1,0,1,1,0,1,1,1,50.47725,0,1,0,0,0,0,0,1,0
0,1,9467.17,8.000052,2,1,0,0,1,0,0,0,0,1,57.07682,1,0,1,0,1,0,0,0,0
0,1,51474.72,14.51013,0,0,0,1,0,1,0,1,1,1,59.63287,1,0,0,0,0,1,0,0,0
0,2,31557,7.332902,1,1,1,0,0,0,0,0,1,0,55.50261,1,0,0,0,1,0,0,1,0
0,4,19869.05,11.60439,0,1,0,0,0,1,0,0,1,0,56.61898,0,1,1,0,0,0,0,0,0
0,2,89705.73,10.38278,1,1,0,0,0,0,0,1,1,1,61.37983,0,0,1,1,0,0,0,0,0
0,0,77599.57,5.919417,1,1,1,1,0,0,0,0,1,1,50.63449,0,1,0,0,1,0,0,1,0
0,0,10529.16,10.89757,0,1,0,0,0,0,0,0,1,0,55.61318,0,0,1,0,1,0,0,0,1
0,2,46780.96,9.676296,0,1,1,1,0,0,0,1,1,1,61.80438,0,1,0,0,0,0,1,0,0
0,2,56121.37,14.6661,0,1,1,0,0,0,1,1,1,0,69.10048,0,0,0,1,0,0,0,0,0
1,7,25199.87,9.853129,0,1,1,0,1,0,0,1,1,1,48.19847,1,0,1,0,0,1,0,1,0
0,1,25404.37,10.00607,2,1,0,0,0,1,1,0,0,1,71.29664,1,0,0,0,0,0,0,0,0
0,4,56855.18,8.180039,0,1,0,0,0,1,1,0,0,1,68.19429,0,1,1,0,1,0,0,1,0
0,4,20551.82,10.26686,0,1,0,1,0,0,1,1,0,0,65.34217,0,1,0,0,0,0,1,1,0
0,1,10001.35,10.73158,0,1,1,0,0,0,0,0,1,0,66.699700000000007,1,0,1,1,0,0,0,1,0
0,1,33590.24,13.34835,0,1,1,1,0,1,0,1,1,1,50.4403,0,1,0,1,0,0,0,0,0
0,1,20051.84,9.117174,0,1,0,0,0,1,1,1,1,0,53.13174,1,0,1,1,0,0,0,0,0
0,1,44501.99,9.056021,1,1,1,1,0,1,0,0,1,1,59.27056,0,1,0,0,0,0,0,0,1
0,2,23319.4,11.23294,1,1,1,1,0,0,0,0,1,1,71.57518,1,0,1,0,1,0,0,1,0
0,2,55541.84,11.76173,1,1,1,0,1,1,0,1,1,1,64.71582,1,0,1,0,1,0,0,1,0
0,1,53158.49,10.79807,0,1,0,1,1,0,0,1,1,1,68.69095,0,1,1,0,0,1,0,1,0
0,0,83878.86,11.05579,0,0,0,0,0,1,0,1,0,0,66.8244,0,0,0,0,0,0,0,0,1
0,0,43796.4,7.758156,0,1,1,1,1,0,0,1,1,1,62.78784,0,1,1,1,0,0,0,0,0
0,1,71675.09,12.55339,1,1,1,1,1,1,1,1,0,1,58.74921,0,1,1,0,0,0,1,0,0
0,3,80318.07,5.577857,1,1,0,0,0,1,0,1,0,0,56.1122,0,1,0,0,0,1,0,0,1
0,2,80224,12.51805,1,1,0,1,0,0,0,0,1,1,64.33211,0,0,0,0,1,0,0,1,0
0,3,40071.46,9.519732,1,1,1,0,0,0,1,0,1,1,59.41977,1,0,0,0,0,0,0,1,0
0,1,15870.74,9.954907,0,0,0,0,0,1,1,0,0,1,57.50229,0,0,1,0,0,0,0,0,1
0,1,8055.22,6.388698,0,1,1,1,0,0,1,1,0,1,58.85612,0,0,1,0,1,0,0,0,1
1,2,6689.37,7.86445,0,1,1,0,1,0,0,1,1,0,40.731,1,0,1,0,0,1,0,1,0
0,6,28833.23,9.782177,0,1,1,0,0,0,0,1,1,1,65.16939,1,0,0,0,0,1,0,0,1
0,1,50038.58,10.96448,0,1,1,0,1,1,0,1,0,0,64.67686,0,1,1,0,0,1,0,0,1
0,1,31333.08,8.943571,0,1,0,0,0,0,1,1,1,1,51.58781,0,0,1,0,0,0,0,0,0
0,4,51670.17,6.790997,2,1,0,0,1,0,0,0,0,1,58.89861,0,1,1,0,0,0,0,0,1
0,5,81315.45,9.483812,0,0,0,1,0,1,0,1,1,1,64.67729,1,0,1,0,0,1,0,1,0
0,5,3728.27,10.10623,1,0,0,0,1,0,1,0,1,0,71.20279,1,0,1,0,0,0,1,1,0
0,4,6791.21,9.786347,1,1,0,1,1,1,0,1,0,1,65.60019,0,1,0,0,1,0,0,0,1
0,4,24402.91,8.968177,1,1,0,0,0,1,1,0,0,0,57.86914,1,0,1,0,0,1,0,0,1
0,2,35995.19,12.77241,0,1,1,1,1,0,0,1,1,0,57.51601,1,0,0,1,0,0,0,1,0
1,1,2884.7,6.561253,1,1,1,0,1,1,0,1,1,1,58.04416,1,0,0,1,0,0,0,1,0
0,1,74153.66,13.66281,0,1,0,0,0,0,0,0,0,0,38.02352,0,1,1,0,0,0,1,0,1
0,4,20354.78,12.02191,0,1,1,0,1,1,0,0,1,0,61.76369,0,0,1,0,0,0,0,0,1
0,4,11026.5,9.951311,0,1,0,0,1,0,0,1,0,1,59.10465,0,0,0,1,0,0,0,1,0
1,1,25091.72,11.9,0,1,0,0,1,1,1,1,1,0,60.19517,1,0,0,1,0,0,0,1,0
0,0,20455.07,5.418292,0,1,1,1,1,0,1,0,0,1,51.59161,0,1,1,0,0,0,0,1,0
0,4,7462.83,10.20595,1,1,0,0,0,0,0,0,1,1,42.15567,0,1,0,0,0,0,1,0,1
0,0,25874.25,14.59495,0,1,0,0,1,0,0,1,1,0,59.15773,0,1,0,0,0,0,1,1,0
0,2,28365.3,11.05132,1,0,0,0,0,0,0,1,0,0,62.37748,0,1,1,0,0,0,0,1,0
0,0,47795.03,13.31611,0,1,1,1,0,1,1,1,0,0,62.60334,1,0,1,0,0,0,1,1,0
0,1,27970.6,13.82199,2,1,1,1,0,1,0,0,0,1,62.20783,1,0,0,0,0,0,0,0,1
0,2,31712.91,8.232622,0,1,0,0,1,1,0,0,0,0,63.00385,1,0,0,0,0,0,1,1,0
0,2,46582.29,8.43066,0,1,0,1,0,1,1,0,0,1,64.64603,0,1,0,0,0,0,1,0,0
0,2,13891.92,9.517851,0,1,0,0,0,0,1,1,0,1,58.24766,0,0,0,0,0,1,0,1,0
0,1,42590.57,9.846701,0,1,0,0,0,1,0,0,1,1,58.01991,0,1,1,0,0,0,0,1,0
0,3,7372.66,9.005599,0,1,0,1,0,0,0,0,1,0,58.83979,0,1,1,0,1,0,0,1,0
0,4,55474.59,7.280294,0,1,1,1,1,0,1,0,1,0,63.08587,0,1,0,0,0,0,0,0,0
0,0,33667.36,3.525843,0,1,0,1,1,0,0,1,1,1,45.34514,1,0,1,0,1,0,0,0,1
0,3,30474.66,6.484808,2,1,1,1,1,1,0,0,0,0,58.90864,0,0,0,1,0,0,0,1,0
0,0,643.2,5.411723,0,1,0,0,0,0,0,1,1,0,64.08645,0,1,1,0,0,0,0,0,1
0,0,67789.18,7.886543,1,1,0,1,1,0,0,0,0,1,63.17834,0,1,0,0,0,0,0,1,0
0,1,93024.74,14.68891,0,1,1,0,1,0,0,1,0,1,66.43277,1,0,0,0,0,1,0,1,0
0,0,34353.22,12.84171,0,1,0,0,0,0,0,1,0,1,46.95877,0,1,1,0,0,1,0,1,0
0,1,10941.91,15.24882,0,1,1,0,0,1,1,0,1,1,69.32507,0,1,0,1,0,0,0,1,0
0,1,23340.64,8.295806,1,0,1,0,0,0,1,1,0,0,60.85062,0,1,0,1,0,0,0,0,0
0,2,16372.68,8.403803,1,1,1,0,1,1,0,0,1,1,71.8851,0,1,1,0,0,1,0,0,0
0,4,35593.6,12.36243,0,1,0,0,0,0,0,0,0,1,58.75091,0,1,1,0,0,1,0,0,0
0,2,46676.54,13.43953,0,1,1,1,0,1,1,0,0,0,49.05868,1,0,0,0,0,0,1,0,1
0,1,5798.65,12.04946,0,0,0,1,0,0,1,1,1,0,64.16746,0,1,1,1,0,0,0,1,0
0,0,62517.82,6.428865,0,1,1,1,0,1,0,0,1,0,52.0883,1,0,1,0,1,0,0,1,0
0,0,48641.74,11.26295,1,1,1,0,1,0,0,1,0,0,69.47678,0,0,1,0,0,0,1,0,0
0,1,24076.33,16.32261,0,1,1,0,1,0,1,0,0,1,67.32648,0,1,1,0,0,0,0,0,1
0,3,47910.59,8.358218,0,1,0,0,1,0,0,0,1,1,55.91669,1,0,1,0,0,0,1,0,0
0,4,76436.8,5.653727,2,1,0,0,0,0,0,1,1,1,67.20269,0,1,0,1,0,0,0,0,1
0,0,26098.7,7.250619,0,1,0,1,0,0,1,0,1,0,71.89521,0,0,0,0,0,0,0,0,0
0,0,39966.91,14.89692,0,1,1,1,0,1,0,1,0,0,56.43742,0,1,1,0,0,1,0,1,0
0,3,77544.22,7.589851,0,1,0,0,0,0,1,1,1,1,63.30988,1,0,0,1,0,0,0,0,1
0,3,17204.03,12.67534,0,1,0,0,0,0,0,1,0,0,68.60299,1,0,1,0,0,0,1,1,0
0,1,28304.56,7.395776,2,1,1,1,1,1,0,0,0,0,65.14451,1,0,0,0,0,1,0,0,1
0,0,20597.04,6.3785,0,1,1,1,0,0,1,1,0,1,47.83726,0,1,1,1,0,0,0,0,1
0,1,69249.92,10.55058,0,1,0,1,0,1,0,1,1,1,65.54138,0,1,0,0,0,0,0,0,0
0,0,34370.46,16.26364,1,1,1,0,1,0,0,0,0,1,58.51588,0,1,1,0,1,0,0,0,1
1,3,27737.11,14.13397,1,1,1,1,0,0,0,1,1,0,62.46827,1,0,1,1,0,0,0,1,0
0,2,47385.23,8.072572,0,1,0,1,0,0,0,0,1,1,54.46857,0,1,0,0,1,0,0,0,1
0,0,61774.69,10.58657,1,1,1,1,1,1,0,0,1,0,70.53596,1,0,0,0,0,0,1,0,0
0,0,11815.18,8.290101,0,1,0,1,1,0,1,0,1,0,55.5206,1,0,0,0,1,0,0,1,0
0,4,53866.82,11.64047,1,1,1,0,1,1,0,1,0,0,66.2177,0,1,1,0,1,0,0,0,1
0,1,67334.21,8.552474,0,1,1,1,0,0,0,1,0,1,66.3883,0,1,1,0,1,0,0,1,0
0,0,25391.03,12.75451,0,1,0,0,1,0,1,1,0,1,54.91727,0,0,1,0,0,0,1,0,1
0,2,74927.45,10.14027,2,1,0,1,0,0,0,0,0,0,58.6244,0,0,1,1,0,0,0,1,0
0,1,5440.68,6.09105,0,1,1,1,1,1,1,0,0,0,44.94292,1,0,0,1,0,0,0,1,0
0,2,25834.35,7.862221,2,1,0,0,0,0,0,1,1,1,49.65691,0,1,1,0,0,0,0,1,0
0,1,29695.74,8.697285,0,1,0,1,0,0,0,0,0,0,51.6849,1,0,1,0,0,1,0,1,0
0,4,48257.2,13.29045,0,0,0,0,1,1,1,1,1,0,49.27633,0,1,0,0,1,0,0,1,0
0,0,20219.9,11.86714,0,1,0,0,1,1,1,1,1,0,53.33926,1,0,1,1,0,0,0,0,0
0,0,35193.4,10.40994,0,1,0,0,1,0,1,1,1,0,67.53496,1,0,1,1,0,0,0,1,0
0,3,24653.47,15.77985,0,1,0,0,1,0,0,0,0,1,64.56952,1,0,0,1,0,0,0,1,0
0,1,21362.66,11.58005,0,1,1,0,0,0,0,1,0,0,66.92587,1,0,1,0,0,0,1,1,0
0,0,8156.42,7.67685,1,1,1,1,0,0,0,0,0,1,64.6641,1,0,1,0,0,1,0,0,0
0,5,53224.48,10.79852,0,1,1,0,0,0,1,1,1,1,69.14141,1,0,0,0,0,0,0,0,1
0,1,12963.69,11.54196,0,1,1,0,0,0,0,0,1,1,51.01884,0,0,0,1,0,0,0,1,0
0,0,42380.25,4.606716,0,1,1,0,0,0,0,0,0,1,64.31944,0,1,1,0,0,0,0,1,0
0,0,51546.63,12.56358,0,1,1,0,1,0,0,1,1,1,54.0886,0,1,0,1,0,0,0,0,0
0,1,13133.31,17.66693,0,1,0,0,1,1,0,1,0,0,68.29079,0,1,0,0,0,0,1,0,1
0,4,30225.49,8.517377,1,0,1,0,1,0,1,0,0,1,57.2547,0,0,1,1,0,0,0,0,0
0,4,19171.71,5.713769,0,1,0,1,1,0,0,0,0,1,59.6738,1,0,0,0,0,0,0,1,0
0,3,19461.01,9.696417,0,1,0,0,0,1,0,1,0,0,54.47785,1,0,0,0,0,0,1,0,0
0,2,30717.46,9.337712,0,1,0,0,1,0,1,1,1,1,64.79346,0,1,0,0,0,1,0,1,0
1,1,4346.53,14.76822,0,1,1,0,1,1,0,1,1,1,39.4081,1,0,0,0,0,0,1,1,0
0,1,23537.87,5.640345,0,1,1,0,0,1,0,0,1,0,56.8397,1,0,1,1,0,0,0,1,0
0,6,14489.08,9.695557,0,1,1,0,0,0,1,1,0,0,69.86292,1,0,1,0,0,0,1,1,0
0,2,75957.34,4.753616,0,0,1,0,0,0,1,0,1,1,38.6818,0,0,1,0,0,1,0,0,0
0,0,40257.72,9.873164,0,1,1,0,1,1,1,0,1,0,55.09689,0,1,0,1,0,0,0,1,0
0,0,50988.01,9.355409,0,1,0,1,1,0,1,0,0,0,71.4249,0,1,0,0,0,0,0,0,0
0,1,44022.7,13.20324,1,1,1,0,1,0,0,1,0,1,55.01782,0,0,1,0,0,0,1,1,0
0,1,18223.67,10.63959,0,1,0,0,0,1,1,0,0,0,52.97231,0,0,1,0,0,0,1,0,1
0,1,85351.21,6.772134,2,1,0,0,1,1,1,0,1,1,64.88617,1,0,0,0,1,0,0,1,0
0,1,49227.4,14.95119,0,1,0,1,1,1,1,0,1,1,50.80026,0,1,1,0,1,0,0,1,0
0,0,15700.75,10.27416,0,1,1,1,0,1,1,1,1,1,60.06677,1,0,1,0,0,1,0,0,1
0,4,43885.58,6.111405,0,1,0,0,1,0,1,0,1,1,52.86347,0,0,0,1,0,0,0,1,0
0,2,52464.43,3.459167,0,1,0,1,0,1,1,1,1,1,61.9089,0,1,0,0,1,0,0,1,0
1,1,14774.37,5.14319,0,1,1,0,1,1,0,1,0,1,51.42373,0,1,0,0,0,0,1,1,0
0,0,80722.43,11.84035,0,1,1,1,0,1,0,0,1,1,57.18462,0,0,0,0,1,0,0,0,1
0,2,14146.98,11.4116,0,1,0,1,0,1,1,1,0,1,63.99811,0,1,1,0,0,0,1,1,0
0,4,19743.2,12.19116,1,1,0,0,1,1,1,1,0,1,68.4792,1,0,0,0,0,1,0,1,0
0,0,20544.61,15.22681,0,1,1,0,0,0,0,0,0,0,47.42715,0,1,1,0,0,1,0,1,0
0,2,28578.65,11.41912,0,1,0,0,0,0,1,0,0,0,53.02619,0,0,1,0,0,1,0,0,1
0,2,35853.17,9.286938,0,1,0,1,1,0,0,0,0,1,43.10629,0,0,0,0,0,0,0,1,0
0,3,10427.06,13.123,1,1,1,0,0,0,0,0,1,1,63.62938,0,0,0,0,1,0,0,1,0
0,0,12416.43,8.222393,1,0,1,0,0,0,0,0,0,0,57.22067,1,0,1,0,1,0,0,0,1
0,2,52440.69,8.196855,1,1,1,1,1,1,0,1,0,0,62.5664,1,0,1,0,0,1,0,0,0
0,0,14219.2,8.234464,0,1,0,0,1,1,0,0,1,1,64.92993,0,1,0,1,0,0,0,1,0
1,0,37287.57,6.428273,0,1,1,0,0,0,1,1,0,0,45.16032,0,0,1,0,1,0,0,1,0
0,4,29132.18,12.1769,0,1,1,1,0,1,1,0,1,1,65.52033,0,0,1,0,0,0,0,1,0
0,1,32992.04,15.33838,1,1,0,1,1,0,1,1,0,1,45.89028,0,1,1,0,0,0,0,1,0
0,1,65160.83,4.116139,0,0,0,0,1,0,0,0,0,1,68.53196,1,0,1,1,0,0,0,1,0
0,0,65217.62,15.20539,1,1,1,0,1,0,0,0,0,0,56.3245,0,0,1,0,1,0,0,1,0
0,0,37628.81,15.05826,0,1,0,0,1,0,0,0,1,1,71.39564,1,0,1,0,0,0,1,1,0
0,3,41429.32,11.98321,0,0,0,1,0,0,0,0,1,0,65.20587,0,1,1,0,0,0,0,1,0
1,1,52892.85,13.13305,0,0,1,0,0,1,0,1,1,0,58.51393,0,1,0,0,0,0,1,1,0
0,3,5470.7,7.184819,1,1,0,0,1,0,1,1,1,0,57.72932,0,0,1,0,0,0,1,1,0
0,2,5003.87,11.14927,1,1,0,1,0,0,0,1,0,0,65.0113,0,1,0,0,1,0,0,1,0
0,2,40288.03,9.022192,0,1,1,1,0,0,0,0,1,0,50.60484,0,1,1,0,0,1,0,1,0
0,1,33470.72,13.39296,1,1,1,0,0,1,0,1,0,0,61.18991,0,1,0,0,0,0,1,1,0
0,3,47972.37,17.29039,0,1,1,1,0,0,1,1,0,0,51.41461,1,0,1,0,1,0,0,1,0
0,4,38157.06,13.65079,0,1,0,0,0,0,0,1,1,1,70.62716,0,1,1,1,0,0,0,0,0
0,2,45511.46,5.256583,0,1,0,0,0,1,0,0,1,1,68.16632,0,1,1,0,0,0,1,1,0
0,0,29274.73,4.231785,0,1,0,1,0,0,0,1,1,0,64.18445,1,0,0,0,0,0,0,1,0
0,1,41344.45,9.842062,0,1,0,0,1,0,1,1,0,0,58.22037,0,1,1,0,0,0,0,0,0
0,3,76770.98,13.3042,1,1,0,0,0,0,0,0,1,0,59.003,0,1,1,0,0,1,0,1,0
0,2,53025.02,7.721097,0,0,0,0,1,1,0,1,1,1,59.42848,0,0,1,0,1,0,0,0,0
0,1,32809.47,11.15044,1,1,1,1,0,1,0,0,1,1,52.13448,1,0,0,0,0,1,0,0,0
0,0,95405.97,7.778604,0,1,0,0,1,0,1,0,1,1,51.77963,0,0,0,0,0,0,1,1,0
0,1,81345.64,3.436193,0,0,1,0,1,0,1,1,0,0,50.87987,1,0,1,1,0,0,0,0,0
0,2,39563.99,10.43377,1,1,1,0,0,0,0,1,0,0,64.89046,1,0,1,0,0,0,0,1,0
0,3,8351.9,9.005111,1,1,1,0,1,0,1,0,1,0,68.36063,0,1,0,0,0,0,1,1,0
0,2,15094.07,9.034045,1,1,0,1,0,1,0,1,0,1,65.55327,0,1,0,0,0,0,1,0,1
0,1,22079.49,9.383462,1,1,1,0,1,1,1,0,0,1,71.3009,0,1,1,0,0,0,0,1,0
0,0,23678.81,7.740895,0,1,1,1,0,1,1,0,1,1,50.07213,0,1,1,0,1,0,0,1,0
0,1,21744.9,13.57113,0,1,0,0,0,1,1,0,1,0,56.35945,1,0,1,0,1,0,0,0,0
0,6,52554.28,13.71759,1,1,1,1,1,0,1,0,1,0,62.99218,1,0,0,0,0,0,1,1,0
0,1,23963.76,9.43864,2,1,1,0,1,0,1,0,0,1,69.14112,1,0,1,0,0,0,0,1,0
0,3,11581.26,8.457924,1,1,1,0,0,0,1,1,0,1,59.6819,0,1,0,0,0,1,0,1,0
0,3,66746.67,9.889878,1,1,1,1,1,1,0,0,0,1,57.5331,1,0,0,1,0,0,0,1,0
0,2,19694.03,12.43606,0,1,1,0,1,1,0,0,1,1,58.19535,0,1,0,0,0,0,0,0,0
0,2,66377.96,13.38995,0,1,1,1,1,1,1,1,1,1,69.38285,0,1,0,0,0,1,0,1,0
0,1,52047.29,11.98224,0,1,1,0,1,1,0,1,0,1,42.72759,1,0,0,0,1,0,0,0,0
0,1,9763.48,12.29021,0,1,1,0,0,1,0,0,0,1,59.78343,0,1,0,0,0,0,0,1,0
0,1,32917.43,9.698275,0,1,0,0,0,1,0,1,0,0,55.47116,1,0,0,1,0,0,0,1,0
0,0,21232.67,13.07612,1,1,1,1,1,0,1,1,1,1,68.08911,1,0,0,0,0,0,1,0,1
0,4,13741.46,13.84188,0,1,0,0,1,1,0,0,1,0,69.26448,0,1,0,0,0,0,0,1,0
0,3,16422.53,7.206179,0,1,0,1,1,0,0,0,0,1,58.09125,0,1,1,1,0,0,0,1,0
0,2,70118.45,11.59568,0,1,0,0,0,0,1,0,0,1,44.34553,0,1,1,1,0,0,0,0,0
0,0,65243.76,10.70987,0,1,0,0,1,0,1,0,1,0,66.52106,0,1,1,0,0,0,0,1,0
0,1,42683.49,9.142933,1,0,1,0,0,1,0,0,0,1,47.98669,1,0,1,0,0,1,0,1,0
0,7,38449.96,13.199,1,1,0,0,1,1,0,1,1,1,60.4093,0,1,1,0,0,0,0,1,0
0,0,8483.31,10.91228,0,1,0,0,0,0,1,0,1,1,53.84369,0,1,0,0,0,1,0,1,0
0,7,17706.8,6.801333,1,1,0,1,0,0,0,0,1,1,68.17457,0,1,0,0,1,0,0,1,0
0,2,50426.29,11.69924,1,1,0,0,1,1,0,1,0,0,64.88325,0,0,0,0,1,0,0,1,0
0,1,50055.6,10.63783,1,1,0,1,0,0,0,1,1,1,59.34372,1,0,0,0,0,1,0,0,0
0,2,22562.87,8.499512,0,1,0,0,0,1,1,0,1,0,64.95682,1,0,1,1,0,0,0,0,0
0,1,36615.8,4.522419,0,1,0,1,0,0,1,1,0,1,60.11069,1,0,1,0,1,0,0,1,0
0,6,25683.2,11.20259,0,1,0,1,0,0,0,0,1,1,70.08722,0,1,0,0,0,0,1,1,0
0,6,53049.26,10.66709,1,1,1,1,1,0,0,1,1,1,70.43382,0,0,1,0,0,0,1,1,0
0,3,58718.7,8.750299,1,1,1,0,1,0,0,0,0,1,51.95478,0,1,1,1,0,0,0,0,1
0,0,15895.16,11.36647,1,1,0,0,0,0,1,1,1,1,70.84512,1,0,0,0,1,0,0,1,0
0,2,21071.67,11.09958,1,0,1,0,1,1,0,1,0,1,43.55176,0,1,0,0,1,0,0,0,0
0,0,21316.31,12.89776,0,1,0,0,0,1,0,1,1,1,67.70921,0,0,1,0,1,0,0,1,0
0,2,32105.56,7.467531,1,1,0,0,1,0,1,0,1,1,62.03353,0,1,1,0,1,0,0,0,0
0,4,25773.41,8.028689,0,1,0,1,1,0,0,1,0,1,65.26702,0,1,0,0,0,0,0,1,0
1,3,42171.95,11.04409,2,1,1,0,0,0,1,1,1,1,38.56823,1,0,1,0,0,1,0,1,0
0,1,52473.97,9.405701,0,1,0,0,0,1,0,0,1,1,63.25532,0,1,1,0,1,0,0,0,1
0,0,51204.25,9.800567,0,1,1,0,1,1,0,0,0,0,54.03362,0,1,0,0,0,0,0,1,0
0,0,38268,3.559159,0,1,0,0,0,0,0,0,1,1,57.53786,0,0,0,1,0,0,0,0,1
0,2,81472.37,12.52708,2,1,1,0,0,1,0,0,0,1,46.26476,1,0,1,1,0,0,0,1,0
0,2,5378.77,10.30129,0,1,1,0,0,0,0,0,0,1,42.38378,1,0,1,0,0,0,1,0,0
0,0,55977.42,5.357361,0,1,1,0,1,1,1,0,1,1,55.64232,0,0,1,1,0,0,0,0,0
0,2,8357.33,6.072944,0,1,1,0,0,0,0,0,1,1,52.62406,0,0,0,0,0,0,0,0,0
0,3,75523.18,12.56271,0,1,0,0,1,1,1,0,1,1,61.50384,0,1,1,0,0,1,0,0,0
0,0,81042.06,13.05951,1,1,0,1,1,0,0,0,0,1,70.24155,1,0,1,0,1,0,0,1,0
0,0,16352.29,11.51984,0,1,1,0,1,1,0,1,0,1,58.45536,0,0,1,0,0,1,0,0,1
0,2,22827.74,5.802821,1,1,0,0,0,0,0,0,1,0,66.005,0,1,0,0,0,0,1,1,0
0,1,79543.27,10.68081,0,1,1,1,0,1,1,0,0,0,68.13863,0,1,0,0,0,1,0,0,0
0,0,47148.85,6.063015,2,1,0,0,0,1,0,1,0,1,55.18855,0,1,1,0,0,0,0,0,1
0,0,58425.91,10.92195,0,1,1,0,0,1,0,1,0,0,61.55321,0,1,0,1,0,0,0,1,0
0,3,50680.38,10.88315,0,1,1,0,1,1,0,0,1,1,63.10955,0,1,1,0,0,0,1,1,0
0,6,21122.58,14.63487,0,1,1,0,1,0,0,0,1,0,56.46995,1,0,1,0,0,0,0,0,1
0,1,17383.96,8.585681,1,1,1,1,0,0,0,0,0,0,58.76836,1,0,0,1,0,0,0,0,0
0,3,26631.34,14.30256,0,1,1,0,1,0,1,0,0,1,42.93159,0,1,1,1,0,0,0,1,0
0,0,23589.3,10.77653,0,1,1,0,1,0,0,0,1,1,68.06711,1,0,0,0,0,1,0,0,1
0,4,59169,8.338944,0,1,0,1,0,1,1,0,0,0,66.39976,0,0,1,0,1,0,0,0,0
0,1,14947.95,10.6233,2,1,0,0,0,0,0,1,0,1,62.94622,1,0,1,0,0,0,0,0,0
0,2,43769.04,9.77871,0,1,1,0,1,0,1,1,0,0,62.83882,0,1,1,0,1,0,0,0,0
0,3,18662.94,10.81617,1,1,1,0,1,1,1,0,0,0,68.56426,1,0,1,0,1,0,0,1,0
0,0,65714.5,8.229441,0,1,0,1,1,0,0,0,1,0,65.86739,1,0,0,0,0,0,0,0,1
0,0,58015.98,13.98326,1,1,0,0,0,0,1,0,1,1,64.11078,1,0,1,1,0,0,0,0,1
0,0,31686.42,8.248608,0,1,0,0,1,0,0,1,0,1,66.49134,0,1,0,1,0,0,0,1,0
0,1,40380.17,5.274568,0,1,1,0,1,0,1,1,0,1,64.4649,1,0,1,0,0,0,0,1,0
0,0,23896.88,12.94323,1,1,0,1,0,0,1,0,1,1,61.02337,1,0,1,0,0,1,0,0,1
1,2,16895.16,12.17679,0,1,1,0,0,1,0,1,0,0,57.13562,1,0,1,0,0,1,0,1,0
0,1,56878.64,9.237631,0,1,1,0,0,0,0,0,0,0,64.11518,0,1,1,0,0,1,0,1,0
1,0,87724.62,9.874503,0,1,0,0,0,0,0,1,1,0,71.15704,1,0,0,0,0,0,1,1,0
0,2,31230.32,13.3572,1,1,1,0,1,0,0,0,0,1,55.62125,0,0,1,0,0,1,0,1,0
0,1,12381.51,9.410183,0,1,1,0,0,0,0,1,0,0,57.85206,0,1,1,0,0,0,0,1,0
0,2,102504.9,9.470361,0,1,0,0,0,1,1,1,0,0,64.63983,1,0,0,0,1,0,0,0,0
0,0,22684.9,9.647247,0,1,1,0,1,0,0,0,1,1,62.96668,0,0,0,0,0,1,0,1,0
0,1,53645.56,7.796747,0,1,0,1,0,1,0,0,1,0,67.72095,0,0,0,1,0,0,0,1,0
0,3,19406.97,15.21903,1,1,0,0,0,0,1,1,1,1,53.26798,0,1,1,1,0,0,0,1,0
0,3,19011.49,9.795444,0,1,0,1,0,1,0,0,0,0,69.71587,0,0,1,0,1,0,0,1,0
0,0,26961.29,10.7334,0,1,0,0,0,1,0,1,1,0,66.62187,0,0,1,0,0,1,0,0,0
0,3,68142.47,14.79622,0,1,0,1,1,0,0,0,0,1,65.22868,1,0,0,0,0,0,0,0,0
0,2,47545.74,13.85495,0,1,0,0,1,1,1,1,0,0,43.84471,0,0,1,0,0,0,0,0,0
0,3,10173.37,11.99407,0,1,1,1,0,1,0,0,1,0,60.22003,0,0,0,1,0,0,0,1,0
0,0,81600.16,10.93666,0,1,0,1,0,1,0,1,1,0,42.31348,1,0,1,0,0,0,0,0,0
0,4,58263.78,13.87646,2,1,0,1,1,0,0,0,0,1,39.1518,0,1,1,0,0,1,0,1,0
0,0,17065.63,8.631965,2,1,1,0,1,1,0,1,1,1,66.47977,0,0,0,0,0,0,0,1,0
0,3,34918.56,9.781826,1,1,0,0,0,0,0,0,1,1,43.13392,0,1,1,0,0,0,1,0,0
0,0,89539.21,7.402994,0,1,0,0,0,1,0,0,1,1,69.97948,1,0,0,1,0,0,0,1,0
0,2,79746.71,11.86458,1,1,0,0,0,1,0,0,1,1,67.86091,0,1,1,0,0,0,0,1,0
0,1,32491.4,3.536018,0,0,0,0,1,1,1,0,0,1,68.88402,0,1,1,0,0,0,1,0,1
0,2,30967.78,8.86894,0,1,1,0,0,0,0,0,1,1,56.19888,0,1,0,1,0,0,0,1,0
0,4,51589.54,8.267266,1,1,1,0,0,0,0,1,0,0,45.63215,0,1,0,0,0,0,0,1,0
0,1,43646.08,8.257424,1,1,0,0,1,1,0,0,0,1,65.36253,0,0,1,1,0,0,0,1,0
0,0,10737.28,10.39268,1,1,0,0,1,1,0,0,1,0,58.04214,0,1,1,1,0,0,0,1,0
0,1,60985.79,6.861589,0,0,0,1,1,0,0,0,0,0,55.83342,0,0,1,1,0,0,0,0,0
0,1,34599.01,10.36494,0,1,0,1,0,1,1,0,0,0,66.60157,0,0,1,1,0,0,0,1,0
0,0,78588.29,9.789482,1,1,1,1,0,0,0,0,0,0,65.04127,0,1,0,1,0,0,0,0,1
0,3,7611.79,10.6443,0,1,0,0,1,1,1,0,1,0,68.96214,0,1,1,1,0,0,0,1,0
0,3,101681,8.968992,0,0,0,0,1,0,1,0,1,0,65.93881,0,0,0,0,1,0,0,1,0
0,0,49882.12,7.896736,0,1,0,1,1,0,1,0,1,1,66.88716,0,1,0,0,1,0,0,0,1
0,1,83480.73,7.201881,1,1,1,0,1,0,1,1,1,0,62.87863,0,1,1,0,1,0,0,0,0
0,3,50320.87,12.05332,0,1,0,0,0,1,0,0,0,0,56.1721,1,0,1,0,0,1,0,1,0
0,1,47529.36,6.407893,0,1,0,0,0,0,1,1,1,1,36.33047,0,1,0,0,0,1,0,0,1
0,0,10924.25,8.042615,1,1,1,1,1,1,0,0,0,1,66.76266,1,0,0,0,0,0,1,0,0
0,1,39473.86,9.761578,0,1,0,0,0,1,0,0,0,1,61.78097,0,0,1,0,0,0,1,1,0
0,5,23545,10.47234,1,1,1,1,0,0,1,1,1,1,50.64337,1,0,1,0,0,0,1,0,0
0,4,34142.96,8.636125,1,1,0,0,0,1,0,0,1,0,55.6096,0,1,0,0,1,0,0,1,0
0,1,13556.03,8.981202,1,1,0,0,1,0,1,0,0,1,70.82774,0,0,0,0,1,0,0,0,1
0,4,48630.21,11.7323,0,1,0,1,1,1,0,1,1,1,70.44382,1,0,0,1,0,0,0,0,0
0,0,77120.37,8.284128,0,1,1,0,1,1,1,0,0,0,59.79789,0,0,0,0,0,0,0,1,0
0,0,22692.45,12.29288,0,1,0,1,1,0,0,0,0,1,69.39989,0,1,0,0,0,1,0,0,0
0,2,29013.48,8.996603,1,1,1,0,1,1,0,0,0,1,48.91992,1,0,1,0,0,0,1,1,0
0,2,61090.01,12.93879,0,1,1,0,1,0,0,0,1,1,70.8043,0,1,1,0,1,0,0,0,0
0,3,71151.05,11.80935,0,1,0,0,0,0,0,1,1,1,47.12803,0,0,0,0,1,0,0,1,0
0,0,48646.01,2.853094,0,1,1,0,1,0,1,0,1,1,68.74835,0,1,0,0,1,0,0,1,0
0,2,33547.8,14.1344,0,1,0,1,0,1,1,1,0,0,70.69523,1,0,0,0,0,0,1,0,1
0,1,67730.58,12.41387,0,1,1,0,0,0,0,0,0,1,68.63397,0,0,0,0,0,0,1,1,0
0,0,23856.64,11.9811,0,1,0,0,1,1,0,1,1,0,54.57985,0,0,0,1,0,0,0,0,1
0,2,53719.81,10.54,0,1,0,0,1,0,1,1,1,1,70.24121,0,1,0,1,0,0,0,0,0
0,0,30140.83,14.50243,1,1,0,1,1,1,0,1,0,0,66.52549,0,1,1,1,0,0,0,0,1
0,0,78147.45,7.235135,2,1,0,1,0,1,1,0,1,0,65.58524,0,1,0,0,0,0,0,0,1
0,1,15054.79,11.97978,0,1,0,1,0,0,0,1,1,0,59.18664,0,0,1,0,0,0,1,1,0
0,0,18533.9,6.565787,0,1,0,0,0,0,0,1,1,0,71.56031,1,0,1,0,0,0,0,1,0
0,4,31965.59,10.30846,0,1,1,1,1,1,0,1,0,0,60.52344,0,1,1,0,1,0,0,0,0
0,1,25262.27,13.48689,0,1,0,1,1,1,0,1,1,1,66.62886,1,0,1,0,0,1,0,0,1
0,1,73130.43,7.226781,0,1,0,1,1,1,0,1,1,0,54.53805,1,0,0,0,0,0,1,0,1
0,2,20255.71,13.91396,0,1,1,0,1,1,1,1,0,0,56.50306,0,1,1,0,0,0,0,0,1
0,4,12741.44,8.256443,0,1,0,1,1,0,1,0,0,0,65.89807,0,1,0,0,1,0,0,1,0
0,1,81459.82,9.226143,0,1,1,1,1,0,0,0,1,0,56.02685,0,1,0,0,1,0,0,0,0
0,3,32486.19,4.496397,0,1,0,0,1,0,0,0,0,1,70.60728,1,0,1,0,0,0,1,1,0
0,1,67676.16,7.744833,0,1,0,0,0,0,1,0,0,1,70.09961,0,1,0,0,0,0,1,0,0
0,5,8472.46,9.464164,0,0,0,1,0,0,1,1,0,1,63.49131,0,0,1,0,0,1,0,0,1
1,2,39513.49,11.42905,0,1,0,1,1,1,1,1,1,0,48.05636,1,0,1,1,0,0,0,1,0
1,0,38444.93,11.81019,1,1,1,1,1,1,0,1,1,1,66.78494,1,0,1,1,0,0,0,1,0
0,0,45617.43,9.342874,0,1,0,1,0,1,1,1,0,1,69.70806,1,0,0,0,1,0,0,0,1
1,0,31656.24,11.49427,1,1,1,0,0,0,0,1,1,0,38.25714,1,0,0,1,0,0,0,1,0
0,1,68597.31,8.631911,0,1,0,0,0,0,0,0,0,1,53.90195,1,0,0,0,0,0,1,1,0
0,1,62116.37,10.79056,0,1,0,1,0,0,0,0,1,1,71.14976,1,0,0,0,0,1,0,1,0
0,0,17485.75,11.0827,0,1,0,1,1,0,0,0,0,1,67.127440000000007,0,1,0,1,0,0,0,1,0
0,0,34934.2,10.29117,1,1,0,0,0,0,1,1,1,1,70.04427,0,1,0,0,0,1,0,1,0
0,2,31528.93,6.725939,1,1,0,0,0,0,0,0,1,1,56.94052,0,0,0,0,0,0,1,0,1
0,0,45972.59,4.674749,1,1,1,0,1,1,0,0,1,1,59.67012,1,0,0,0,0,0,0,0,0
0,1,43111.98,13.8139,0,1,0,0,1,1,0,1,0,0,56.37072,0,1,1,0,0,1,0,0,1
0,0,96442.41,8.228501,0,1,0,0,1,0,0,1,1,1,43.34462,1,0,1,0,0,0,0,1,0
0,3,3110.21,10.27024,0,1,0,0,0,0,0,0,0,1,55.54569,1,0,1,0,0,0,1,0,0
1,0,79012.74,15.36673,1,0,1,0,0,1,0,1,1,0,56.08334,1,0,0,1,0,0,0,1,0
0,3,32328.76,6.827054,1,0,0,0,1,0,1,0,0,1,41.63772,1,0,1,0,0,0,1,1,0
0,4,57253.42,17.70257,0,1,1,0,0,0,0,0,1,0,63.25058,1,0,1,1,0,0,0,0,1
0,3,14512.74,8.270887,1,1,1,0,1,1,1,1,0,1,60.2958,1,0,1,0,1,0,0,0,0
0,4,28601.03,8.426639,0,1,0,0,1,1,1,0,1,0,71.89739,0,1,1,0,0,1,0,0,1
0,1,9448.7,8.427358,0,1,0,1,0,0,0,1,0,0,64.43912,0,0,1,0,0,1,0,1,0
0,3,23258.47,11.9543,1,0,1,0,0,1,1,0,0,1,66.27571,0,1,1,0,0,1,0,0,0
0,2,56747.02,6.715067,0,1,1,0,0,1,1,1,0,0,68.6663,0,1,1,1,0,0,0,1,0
0,4,17765.33,7.951853,0,1,0,1,1,0,1,1,1,1,57.857,0,1,0,0,0,0,0,1,0
0,7,47760,7.883202,1,1,0,1,0,1,0,0,0,1,69.87869,0,1,1,0,0,0,0,1,0
0,2,49328.41,5.231391,0,1,0,1,1,0,0,0,0,0,70.42655,0,1,1,0,0,0,0,0,1
0,0,44678.29,7.22888,1,1,1,1,1,1,0,0,1,1,54.44532,0,1,1,0,1,0,0,0,1
0,0,28571.57,13.52972,1,1,1,0,0,1,1,0,0,0,70.13699,0,1,1,1,0,0,0,0,1
0,1,22633.17,11.01719,1,1,1,0,1,1,0,0,1,0,69.66427,0,0,1,0,0,1,0,0,0
0,1,46074.13,13.31621,0,1,0,0,0,1,0,0,1,0,65.11213,1,0,0,1,0,0,0,0,0
0,2,61779.92,11.40578,0,1,1,0,0,0,0,1,1,0,61.079,0,1,1,0,0,0,0,1,0
0,0,23584.17,11.25072,0,1,0,1,0,1,1,1,1,0,46.83595,0,1,1,0,0,0,1,1,0
0,1,42859.18,3.590889,0,1,1,1,0,1,1,0,1,0,71.34241,0,1,1,0,0,1,0,1,0
0,2,26458.72,16.47135,0,1,1,1,1,1,1,0,0,1,55.78809,0,1,1,0,1,0,0,0,1
0,0,73510.62,6.722093,1,1,0,0,1,0,1,0,1,1,71.19605,0,1,0,0,0,0,0,1,0
0,1,91660.43,6.623761,1,1,1,1,0,1,0,0,1,1,66.66853,0,1,1,0,0,0,1,0,0
0,0,17844.86,10.75093,1,1,1,0,0,0,0,1,0,0,65.21612,1,0,0,1,0,0,0,1,0
0,7,22736.7,5.208557,1,1,0,0,0,0,0,0,1,1,61.51103,1,0,0,1,0,0,0,0,0
0,0,73321.99,6.674947,0,1,1,0,0,0,0,0,0,1,61.04909,0,0,1,0,0,1,0,1,0
0,1,35090.13,10.35475,0,1,0,0,1,1,0,1,0,0,70.95891,0,1,1,1,0,0,0,0,0
0,2,81884.76,10.18103,0,1,0,1,0,0,0,0,0,0,61.03116,1,0,1,0,0,0,1,1,0
0,0,12942.35,9.110263,1,1,0,1,0,0,0,1,0,0,61.19712,0,1,0,0,0,0,1,0,0
0,3,31641.16,8.53421,0,1,0,0,0,1,1,0,1,1,66.82276,1,0,1,0,0,0,0,1,0
0,2,11290.41,7.195648,2,1,0,0,1,0,0,1,1,1,66.85896,0,1,1,0,0,1,0,0,0
0,1,8206.64,9.211292,0,1,1,1,0,0,1,0,0,1,63.43629,0,1,0,1,0,0,0,1,0
0,1,31003.14,13.54783,1,1,0,1,0,0,0,0,1,0,59.65149,1,0,0,0,0,0,1,0,1
0,1,31018,14.31794,0,1,0,0,0,0,0,1,0,1,66.50164,1,0,0,1,0,0,0,1,0
0,1,66002.64,10.46147,0,1,1,0,1,1,1,1,0,0,63.64488,1,0,1,1,0,0,0,0,1
0,1,34786.58,10.76073,0,1,1,1,1,0,1,0,0,1,49.26311,1,0,1,0,0,0,1,0,0
0,1,11314.53,11.26526,1,1,0,0,1,1,1,0,1,1,67.07059,0,1,0,0,0,0,1,0,0
0,2,39103.7,3.597954,0,1,0,0,0,0,1,0,1,1,43.6544,0,1,1,0,0,0,0,0,1
0,0,12804.72,13.26049,2,1,0,1,0,0,1,1,1,1,71.14613,1,0,0,1,0,0,0,0,1
1,3,9931.18,11.32031,1,1,1,0,0,1,1,0,1,0,41.71275,1,0,1,0,0,0,1,0,1
0,2,57966.56,14.13216,0,1,0,1,1,0,1,1,1,1,41.22287,0,0,0,0,0,1,0,1,0
0,1,29809.62,13.88548,1,1,1,0,0,0,0,1,1,1,64.21579,0,0,0,0,0,1,0,0,0
0,0,38077.09,12.63262,0,0,0,0,1,0,0,1,1,0,69.14122,0,0,0,0,0,1,0,0,1
0,0,21391.79,10.50442,0,1,0,0,0,0,0,0,0,0,63.73521,1,0,1,0,1,0,0,0,1
0,2,28426.39,11.44366,0,1,1,0,0,0,1,0,1,1,44.14519,1,0,1,0,1,0,0,0,0
0,0,18759.25,11.73,0,1,1,0,0,1,0,0,0,1,54.23845,0,0,0,0,0,0,0,1,0
0,0,50896.56,13.93819,0,1,0,0,0,1,0,0,1,0,70.31689,1,0,1,0,0,0,1,1,0
0,3,9231.72,4.92679,0,1,0,0,0,0,0,0,1,0,58.71889,1,0,0,0,1,0,0,1,0
0,0,59746.04,8.245576,0,1,1,0,0,0,0,1,1,1,63.22024,1,0,0,0,1,0,0,0,1
0,4,42676.34,9.026579,0,1,0,0,0,0,0,0,1,0,66.37863,0,0,0,0,0,0,1,1,0
0,3,47626.87,14.30092,0,1,0,1,0,1,0,0,0,1,44.13783,0,0,0,0,0,0,1,0,1
0,3,61481,11.45306,0,1,0,0,0,1,0,0,1,0,70.8569,1,0,1,0,0,1,0,1,0
0,1,63533.6,16.74428,0,1,1,0,1,0,0,0,1,1,71.52177,0,1,0,0,1,0,0,0,0
0,4,38151.92,8.426701,1,0,1,1,1,1,0,0,1,0,59.33894,1,0,1,0,0,1,0,1,0
0,0,26313.52,8.864157,0,1,1,1,0,1,1,0,0,0,71.83307,0,0,0,0,0,1,0,1,0
0,5,52976.87,9.998484,2,1,1,0,0,0,0,1,1,1,70.41132,0,1,0,0,1,0,0,1,0
0,3,34584.19,11.07398,0,1,1,1,1,0,1,0,1,1,53.81882,0,1,0,0,0,1,0,0,0
0,1,40422.38,14.77899,0,1,1,1,0,0,1,0,0,1,46.88518,0,0,1,0,0,0,0,1,0
0,1,44804.66,13.96589,1,1,1,0,1,0,0,0,1,0,53.92549,1,0,1,1,0,0,0,0,0
0,1,6784.27,10.51892,0,1,0,1,1,1,1,0,0,1,60.45093,1,0,1,0,1,0,0,0,1
0,3,33894.23,9.999709,0,1,0,0,0,0,1,1,1,0,59.11937,0,1,0,0,0,0,1,1,0
0,2,35699.32,9.833881,1,1,1,0,0,1,0,0,0,1,48.99429,0,1,1,1,0,0,0,0,0
0,0,37968.14,6.57799,1,1,1,1,1,0,0,0,0,1,65.15223,0,0,1,0,0,0,1,0,0
0,0,87682.33,7.915846,0,1,0,0,0,0,1,0,1,0,63.20353,1,0,1,0,0,0,1,0,0
0,3,44616.27,12.58745,0,1,0,0,0,0,0,0,0,0,55.85956,0,0,1,1,0,0,0,1,0
0,3,59802.63,12.50338,0,1,1,1,1,0,0,0,1,1,70.20428,1,0,0,0,1,0,0,0,0
0,4,73435.88,7.175928,0,1,1,0,0,1,1,1,1,1,70.69395,0,1,0,0,0,0,1,1,0
0,2,68459.58,10.70325,0,1,0,1,0,0,1,0,0,0,69.46066,0,1,0,0,0,0,1,1,0
0,4,47993.85,11.84692,1,1,0,1,1,0,0,1,1,1,63.80215,0,1,0,1,0,0,0,1,0
0,2,39569.78,9.333686,1,1,0,1,0,1,0,0,0,1,54.07728,0,0,1,0,1,0,0,0,1
0,3,11961.39,5.141561,2,1,0,0,0,0,0,1,1,0,71.11027,0,0,0,0,0,0,1,1,0
0,3,21252.51,11.65276,0,1,0,0,1,0,0,0,0,1,52.48944,0,1,1,0,0,0,1,0,1
0,0,23374.41,6.088392,0,1,1,1,1,0,0,1,0,0,69.99569,0,1,1,0,0,0,1,0,1
0,1,34832.5,9.8601,1,1,0,0,1,1,0,0,0,0,69.29186,1,0,0,0,0,0,1,0,0
0,2,81559.65,13.43642,0,1,1,0,0,1,0,1,1,1,64.94284,0,1,1,0,0,1,0,0,0
0,0,37123.95,16.28114,0,1,1,0,0,1,0,1,0,1,63.56516,0,1,0,0,0,0,1,1,0
1,3,29036.18,14.25685,0,0,0,0,0,1,0,1,1,1,56.27454,1,0,1,1,0,0,0,1,0
0,2,8781.96,10.55554,0,1,0,1,0,1,0,1,1,0,69.86009,0,1,1,0,0,0,0,0,0
0,1,25373.72,9.094714,0,0,1,0,1,1,1,0,0,0,68.28597,0,0,0,0,0,0,0,0,0
0,1,35282.1,5.123084,1,1,0,1,1,1,0,0,0,1,57.95136,1,0,1,1,0,0,0,1,0
0,4,23823.89,10.7819,1,1,1,0,1,0,0,0,0,1,44.19918,0,1,0,1,0,0,0,1,0
0,4,8223.75,13.1603,1,1,0,0,0,0,0,0,0,1,68.62845,1,0,1,0,1,0,0,0,1
0,0,27057.94,4.79622,0,1,0,0,0,1,0,0,1,1,70.64083,0,0,0,0,0,0,1,1,0
0,2,49500,14.94346,0,1,1,0,1,1,1,0,0,0,53.06217,1,0,1,0,0,0,0,1,0
0,3,24284.4,6.965337,0,1,1,0,0,1,0,1,0,0,68.93442,1,0,1,0,0,1,0,1,0
0,0,78575.26,9.753085,1,1,1,0,1,1,1,0,0,1,68.40649,0,0,0,0,0,0,0,1,0
0,1,37633.32,6.828289,0,1,0,1,1,0,1,0,0,1,66.64301,1,0,0,0,0,0,0,0,0
0,0,5563.7,8.923942,0,1,1,1,1,0,0,0,0,1,40.62433,0,1,0,0,0,0,0,1,0
0,3,29283.21,11.03563,1,0,1,0,1,1,0,0,0,0,69.35044,0,1,1,0,0,0,0,1,0
0,4,77898.38,10.64125,0,1,1,0,1,0,0,1,1,1,66.67798,0,1,0,0,1,0,0,0,0
0,1,73900.03,10.22188,1,1,0,0,1,0,0,0,0,0,63.69896,1,0,0,0,0,0,0,1,0
0,1,48291.03,5.237975,1,1,1,0,0,0,0,0,0,1,66.68874,0,1,0,1,0,0,0,1,0
0,2,29061.7,9.686337,0,1,1,0,1,1,1,0,0,1,58.99154,1,0,0,1,0,0,0,0,1
0,0,15550.06,10.35914,1,1,0,0,1,1,0,1,0,1,63.20516,0,0,1,1,0,0,0,0,1
0,1,10374.35,9.038699,0,1,1,0,1,0,1,0,0,1,63.84205,1,0,1,1,0,0,0,0,1
0,5,20870.24,10.41446,0,1,0,0,0,1,1,1,0,1,63.93709,0,0,1,0,1,0,0,1,0
0,1,47832.25,11.78588,1,1,1,0,1,0,0,1,1,1,46.41276,1,0,1,1,0,0,0,0,1
0,0,11798.33,6.917662,0,1,0,0,0,0,1,1,0,1,61.72511,0,0,0,0,0,1,0,0,1
0,1,36233.07,12.66865,0,1,1,0,0,1,0,0,1,1,64.90704,0,0,1,0,1,0,0,1,0
0,4,37276.49,4.12754,0,1,1,0,0,0,1,1,0,0,57.62165,1,0,1,0,0,0,0,0,1
0,3,25156.74,3.483945,0,1,1,0,0,0,0,0,1,0,71.09119,1,0,1,0,0,0,0,0,0
0,0,49282.33,7.138406,0,1,1,0,1,1,1,1,0,1,48.25936,1,0,1,0,0,0,0,0,1
0,4,41216.81,12.93027,0,1,1,0,1,0,0,0,1,0,64.26003,0,1,0,0,0,0,0,0,1
0,3,5331.26,8.796259,0,1,0,0,0,0,0,1,0,1,48.80395,1,0,0,0,1,0,0,1,0
0,6,25118.27,3.976308,0,1,1,1,0,0,1,1,0,1,47.95497,0,1,0,0,0,0,1,1,0
0,1,33774.23,11.12678,1,1,0,0,1,1,0,1,1,1,51.30214,0,1,1,1,0,0,0,1,0
0,2,22680.7,11.65731,2,1,0,1,0,0,1,1,1,1,62.27403,1,0,1,0,0,1,0,0,0
0,1,30281.73,14.1675,1,1,0,1,0,0,1,0,1,1,58.13955,0,1,0,1,0,0,0,1,0
0,1,14570.01,7.824535,0,1,0,0,1,0,0,1,0,1,43.59094,0,1,1,0,0,0,1,1,0
0,4,9349.55,5.569279,1,1,1,1,0,0,0,1,0,1,69.81507,1,0,0,0,1,0,0,0,1
0,6,103076.7,9.682691,0,1,0,1,0,1,1,1,0,1,48.15455,0,1,1,0,0,1,0,1,0
0,4,76518.34,10.84123,1,1,0,0,0,0,0,1,1,1,51.95009,0,1,0,0,1,0,0,0,1
0,4,7125.29,8.328368,1,1,0,1,1,1,0,1,0,1,53.77192,1,0,0,0,0,0,1,0,0
0,5,11898.85,14.80654,0,1,1,0,1,1,0,0,1,1,47.77726,0,1,1,0,0,0,0,1,0
0,0,12366.54,11.99198,0,1,1,0,0,0,0,0,1,1,69.91626,0,1,0,1,0,0,0,1,0
0,0,64333.45,12.03124,0,1,0,0,1,1,1,1,1,1,49.74162,0,1,0,0,0,1,0,0,1
0,4,25024.22,7.815643,0,1,1,1,1,0,1,0,0,1,49.40819,1,0,1,0,0,1,0,1,0
0,1,80011.9,6.616816,0,1,0,1,1,0,0,0,0,1,69.93726,0,1,1,1,0,0,0,1,0
0,0,40824.52,15.32828,0,1,1,0,0,1,0,1,0,1,64.63609,0,0,1,0,0,0,0,1,0
0,0,7908.67,10.66732,0,1,1,0,0,0,1,0,1,1,70.96989,1,0,1,0,0,0,0,1,0
0,3,25663.7,12.13843,1,1,1,0,1,1,0,0,0,0,63.69034,0,0,1,0,0,0,0,0,0
0,0,14096.28,6.059685,1,1,1,1,1,0,0,1,0,0,69.62423,1,0,0,0,0,1,0,0,1
0,1,5979.39,9.303419,1,1,0,0,0,0,0,1,0,0,71.39672,1,0,1,0,0,1,0,1,0
0,0,36414.44,9.749631,0,1,1,0,0,1,0,0,1,1,56.37128,0,1,0,0,1,0,0,0,1
0,2,15157.92,11.88224,0,1,0,1,0,1,0,1,1,1,69.03254,1,0,0,0,1,0,0,1,0
0,3,13756.92,8.452148,1,0,1,0,1,0,0,1,0,0,61.11248,1,0,0,0,0,0,0,1,0
0,2,30553.58,11.17093,1,1,1,0,1,0,0,0,1,1,66.84316,0,1,1,0,1,0,0,1,0
0,0,11000.02,11.22578,0,1,1,1,1,0,0,0,1,1,59.94749,0,0,1,0,0,1,0,1,0
0,3,40926,9.180475,0,1,0,0,0,1,0,1,0,1,52.3021,0,0,0,0,1,0,0,0,0
0,0,9771.32,7.013219,1,1,0,0,0,1,1,1,0,1,69.09962,0,1,0,0,0,0,0,0,1
0,1,67857.57,6.049731,0,1,1,1,0,0,0,1,1,0,60.76389,0,0,1,0,0,1,0,0,1
0,1,23948.23,9.919418,0,1,0,1,1,1,0,1,0,1,54.38925,0,1,1,1,0,0,0,0,0
0,1,101429.4,11.86445,0,1,0,0,0,0,1,1,0,1,60.75202,0,1,1,0,0,0,1,1,0
0,0,87721.54,3.185678,1,0,0,1,0,1,0,1,0,1,71.23368,0,0,1,0,0,0,0,0,1
0,2,26286.9,9.129574,1,1,1,0,1,1,0,0,1,1,68.61879,0,0,1,1,0,0,0,0,0
0,0,14142.98,11.01629,1,1,1,0,1,0,0,1,0,0,52.07056,0,1,1,0,0,0,1,0,0
0,4,22046.5,11.09633,0,1,0,0,0,1,0,0,1,0,70.45979,0,1,1,0,0,1,0,0,1
0,4,17020.84,11.55719,0,1,1,1,0,0,1,0,1,0,44.79742,1,0,1,1,0,0,0,1,0
0,1,42913.99,10.62932,0,1,0,0,0,1,0,0,1,1,55.98127,0,1,1,1,0,0,0,1,0
0,0,9929.57,5.323245,0,1,0,0,1,0,0,1,0,1,59.49558,0,1,1,0,0,0,0,0,0
0,2,43194.01,11.43191,2,1,1,1,0,0,0,0,0,1,70.49801,1,0,1,0,0,1,0,1,0
0,4,44832.24,10.88481,1,1,1,0,0,0,0,1,0,0,56.73616,0,1,1,1,0,0,0,1,0
1,0,22064.33,8.457343,1,1,0,0,1,1,0,0,1,1,63.09122,0,1,1,0,1,0,0,1,0
0,0,20991.61,8.098401,0,1,0,0,0,1,1,0,1,1,45.19194,0,1,1,0,0,0,1,1,0
0,7,47274.12,9.980253,0,1,0,0,0,0,1,0,1,1,53.9154,1,0,1,0,0,1,0,0,1
0,0,12035.92,11.25394,0,1,1,1,1,0,0,1,0,0,69.1503,1,0,0,0,1,0,0,0,1
0,0,94035.57,12.28782,0,0,0,1,0,1,0,1,1,1,67.19853,1,0,1,1,0,0,0,1,0
0,0,15816.63,14.67864,0,1,1,0,0,1,0,0,0,0,60.7425,0,1,0,0,0,0,1,0,0
0,2,78882.46,8.103675,1,1,1,1,1,0,0,0,1,0,59.21096,1,0,1,0,0,1,0,0,1
0,4,30989.61,4.778804,1,1,1,0,1,0,0,0,0,1,66.54966,0,0,0,0,0,0,1,1,0
0,0,8882.07,16.27782,0,1,0,0,1,0,0,1,0,0,57.50632,1,0,0,1,0,0,0,0,0
0,3,28371.99,9.628199,0,1,0,1,0,0,0,1,0,0,64.52906,0,1,1,0,1,0,0,1,0
0,1,10037.48,6.909566,0,0,1,0,0,1,1,1,0,1,59.98863,0,1,1,1,0,0,0,0,0
0,0,44577.1,13.29218,0,0,0,1,0,0,0,1,0,1,70.32865,1,0,0,0,1,0,0,1,0
0,2,46229.7,8.322149,0,1,1,0,0,0,0,1,0,0,44.52947,0,1,1,0,1,0,0,0,1
0,3,27168.77,8.03185,0,1,1,0,1,0,0,1,0,0,70.6573,0,1,1,0,1,0,0,0,0
0,4,17870.91,16.15372,1,1,1,1,1,0,1,1,0,1,54.23655,0,1,0,0,0,0,1,0,0
0,2,35807.67,10.58797,0,1,0,0,1,1,0,1,1,0,59.3991,0,0,0,0,1,0,0,1,0
0,0,8897.04,14.39939,0,1,1,0,1,0,0,0,1,0,57.41425,0,1,1,0,1,0,0,1,0
0,3,28175.21,12.13223,0,1,1,1,0,0,1,0,1,1,70.54943,0,0,0,0,1,0,0,1,0
0,1,3024.35,11.60999,2,1,1,0,1,0,0,0,1,0,63.21638,0,0,0,0,0,0,1,1,0
0,0,26580,8.925918,1,0,1,0,1,1,0,1,1,1,61.39024,0,0,1,0,0,0,1,0,0
0,0,17228.39,13.96182,0,1,0,1,1,0,0,1,1,0,63.23545,1,0,1,0,0,1,0,1,0
0,1,37334.04,9.226263,0,1,0,0,1,0,1,0,1,0,70.71182,0,1,1,0,0,0,0,1,0
0,3,32695.17,11.46998,0,1,1,1,0,0,0,0,1,0,69.88786,1,0,1,0,1,0,0,0,0
0,1,93688.1,13.2191,0,1,0,0,0,0,1,0,0,1,68.33384,0,1,1,0,1,0,0,1,0
0,1,54539.52,11.7083,0,1,1,0,0,1,0,0,0,0,55.69275,0,0,0,0,0,0,0,1,0
0,3,44270.5,10.90297,0,1,0,1,0,0,1,0,1,0,65.50792,0,1,1,0,0,0,1,0,0
0,2,61840.28,10.51096,1,0,0,0,1,0,0,1,1,1,53.53017,0,1,1,0,0,1,0,0,1
0,2,41998.76,10.70391,0,1,1,0,0,1,0,0,1,1,46.21777,0,1,1,0,0,0,0,1,0
1,0,13227.96,8.485172,0,1,1,0,0,0,1,1,1,1,57.10479,1,0,1,0,1,0,0,1,0
0,3,6218.74,11.6058,0,1,0,1,1,1,0,1,1,1,61.9635,0,0,1,0,0,0,1,0,1
0,1,53431.85,4.873074,0,1,0,0,1,1,1,1,0,1,52.53762,0,1,1,0,0,1,0,0,1
0,2,58086.96,6.945499,0,1,0,1,0,1,0,0,1,0,48.17117,1,0,0,0,0,0,1,0,0
0,1,23743.51,10.30211,0,1,1,0,0,0,1,0,0,1,66.19713,0,0,1,1,0,0,0,1,0
0,2,43271.39,6.444829,0,1,0,0,1,0,1,1,1,1,59.53825,1,0,1,0,1,0,0,1,0
0,3,100711.6,8.65099,0,1,1,0,0,0,1,1,0,1,54.01325,1,0,0,1,0,0,0,1,0
0,5,47461.38,8.637222,0,1,1,0,1,0,1,0,0,0,56.53814,0,1,0,1,0,0,0,1,0
0,3,36537.4,9.270473,0,1,0,0,1,1,0,0,1,1,64.9277,0,1,1,0,0,0,1,0,0
0,3,80551.29,10.48875,0,1,0,0,1,0,0,0,0,0,49.26265,1,0,1,0,0,0,0,1,0
0,3,25130.62,10.85783,1,1,0,0,0,1,0,0,0,1,62.64968,1,0,0,0,0,0,0,0,0
0,3,29921.91,10.83099,0,1,0,1,0,1,0,0,1,1,48.39095,0,1,1,0,0,0,1,1,0
0,6,26624.15,9.972162,1,1,1,0,1,0,1,1,1,0,59.6238,0,1,1,0,0,0,1,0,0
0,3,12515.49,6.229402,2,1,0,0,0,0,0,1,1,1,64.29382,0,1,0,1,0,0,0,1,0
0,4,42914.32,13.19651,2,1,0,1,0,0,1,1,1,0,51.62495,1,0,1,0,0,0,0,1,0
0,2,27669.81,10.29073,1,1,0,1,0,0,0,1,1,1,68.57417,1,0,1,0,0,0,1,0,0
0,2,22011.62,13.36178,0,1,1,0,1,1,0,1,1,0,63.73496,0,1,0,0,1,0,0,0,1
0,3,1737.57,10.49734,0,1,1,0,1,0,0,1,1,1,59.66552,0,0,1,0,1,0,0,0,1
0,2,93786.55,15.27078,1,1,1,1,0,1,0,1,1,0,63.7669,0,1,0,0,0,0,1,0,0
0,1,83992.54,9.988389,0,1,0,1,1,0,0,0,1,0,49.92224,1,0,1,0,0,0,0,0,1
0,1,48830.79,7.277887,0,1,1,0,1,0,0,0,0,0,69.348,0,1,1,0,0,0,0,0,0
0,1,22892.91,8.011535,0,1,1,0,0,0,0,1,1,0,66.31286,1,0,0,1,0,0,0,0,1
0,4,9566.65,14.04224,0,1,0,1,0,1,0,1,1,0,66.99456,1,0,1,0,0,0,1,0,0
0,1,45822.57,12.31779,0,1,0,0,1,0,0,0,1,0,59.90148,0,1,0,0,0,0,1,1,0
0,2,74964.31,9.513491,0,1,0,0,1,0,0,0,1,1,47.30434,1,0,0,0,0,0,1,1,0
0,1,40675.75,12.89979,1,1,0,0,0,1,0,0,0,0,52.09557,1,0,0,1,0,0,0,0,1
0,2,45020.53,8.595477,0,1,0,0,1,0,0,0,0,0,61.37365,1,0,0,0,0,0,0,0,1
0,3,24283.07,8.6976,0,1,1,0,0,0,0,0,0,1,53.96674,0,1,0,0,0,1,0,0,1
0,4,12083.45,7.774689,0,1,0,1,1,0,0,0,0,0,59.49517,0,0,0,0,0,0,0,1,0
0,1,22019.01,8.517013,0,1,1,1,0,1,1,1,0,0,47.2887,0,0,0,0,1,0,0,0,1
0,7,23372.7,12.69243,0,1,0,0,1,0,0,1,1,0,60.89564,0,1,1,0,0,0,0,0,1
0,2,50865.2,12.50796,1,1,0,0,0,0,1,0,0,0,70.32404,1,0,1,0,1,0,0,1,0
1,1,82148.12,6.273619,0,1,1,0,1,0,0,1,1,1,45.09367,1,0,0,0,1,0,0,0,0
0,1,38613.68,11.08536,0,1,1,0,0,1,1,1,0,1,58.77685,0,1,0,0,0,0,1,1,0
0,0,62262.35,15.93197,0,1,1,0,0,1,0,0,0,1,44.39952,0,1,1,0,0,0,1,1,0
0,3,12691.05,10.49766,0,1,0,0,0,0,1,1,1,1,66.60033,1,0,1,0,0,0,0,0,0
0,1,41361.07,14.38651,1,1,0,0,0,1,0,1,0,1,43.8884,0,1,0,0,0,0,1,0,0
0,4,40059.29,8.189489,0,1,0,1,0,1,1,0,1,0,66.49135,0,1,0,0,0,1,0,1,0
0,1,49188.96,15.30265,0,1,0,0,1,0,0,1,0,1,56.56864,0,1,0,1,0,0,0,1,0
0,0,11091.71,9.779993,0,1,0,0,1,1,0,1,1,1,44.92225,0,0,0,1,0,0,0,1,0
0,4,16076.21,11.22957,0,1,1,0,0,0,0,0,1,0,63.84542,1,0,1,0,0,0,0,0,0
0,3,16657.89,10.36617,0,1,0,1,1,1,1,0,0,1,66.86351,0,1,1,1,0,0,0,0,1
0,2,17355.79,9.738467,0,1,0,0,1,0,0,0,0,0,58.50292,1,0,0,0,0,1,0,0,1
1,0,26280.72,8.566455,0,1,1,0,0,1,1,1,1,0,45.91201,0,0,0,0,0,0,0,1,0
0,6,24395.72,10.11921,0,1,0,0,0,1,0,0,0,1,68.08474,1,0,0,0,1,0,0,1,0
0,3,28961.72,7.142391,1,1,1,1,1,1,0,0,0,0,42.64646,0,0,0,0,0,0,1,0,1
0,2,86114.5,12.58727,0,1,1,1,1,0,0,1,1,1,68.80222,0,0,1,1,0,0,0,1,0
0,1,66987.12,8.969212,1,1,1,0,1,1,0,1,1,1,64.29675,1,0,1,0,1,0,0,1,0
0,2,92667.03,16.70921,1,1,0,0,0,0,1,1,1,1,44.04708,1,0,1,0,1,0,0,0,0
0,0,21304.2,5.412992,0,1,0,0,1,1,0,0,0,1,44.60874,0,1,1,0,0,0,1,0,0
0,0,15849.62,9.757767,0,1,1,0,1,1,0,0,0,1,58.80144,1,0,1,0,0,1,0,1,0
0,7,34593.77,10.10075,0,1,0,0,0,0,1,0,1,1,40.91782,0,0,0,1,0,0,0,0,0
0,0,33140.57,7.638651,0,1,0,0,1,1,0,0,1,1,67.87033,0,1,1,0,1,0,0,0,1
0,0,4547.32,9.775597,0,1,1,1,0,1,1,0,1,1,61.45515,0,1,0,0,0,0,0,0,0
0,0,93783.49,10.29519,0,1,0,1,1,0,1,0,0,1,48.25673,0,1,1,0,1,0,0,0,1
0,0,55327.65,9.483539,0,1,1,0,1,0,0,0,0,0,69.05527,1,0,1,0,1,0,0,0,0
0,3,8792.33,9.838368,0,1,0,0,0,0,0,0,1,1,47.02083,0,1,0,0,0,0,0,1,0
0,4,52716.21,11.18538,1,1,0,0,1,1,1,0,1,0,44.29563,1,0,0,1,0,0,0,0,0
0,3,10093.41,14.15526,1,1,1,0,1,0,0,1,1,1,51.83423,0,0,1,0,0,1,0,1,0
0,1,62184.87,11.21132,0,1,0,0,1,0,0,1,1,1,67.96008,0,1,0,0,0,1,0,1,0
0,0,56905.46,8.430619,0,1,0,0,0,1,0,1,0,0,56.1113,1,0,0,0,0,0,1,1,0
0,4,62662.78,10.06822,0,1,1,0,0,1,1,0,0,0,59.15954,0,1,1,0,0,1,0,1,0
0,0,51063.25,8.46938,0,1,0,0,1,1,1,0,1,0,61.52081,1,0,0,0,0,0,1,1,0
0,1,3945.76,2.607278,0,1,1,1,0,0,0,1,1,1,66.72374,1,0,0,0,0,1,0,1,0
0,4,36461.2,12.25094,1,1,0,1,0,1,1,1,0,1,59.7815,1,0,0,0,0,1,0,1,0
0,2,21391.25,14.14454,0,1,0,0,1,1,0,0,0,1,50.01323,0,1,1,0,0,1,0,1,0
0,3,46593.83,10.52806,0,1,0,1,0,1,0,0,0,0,61.95264,0,1,1,0,0,0,1,1,0
0,6,47631.91,12.84811,0,1,0,1,0,1,1,1,1,1,51.58437,0,1,0,0,1,0,0,1,0
0,4,15481.45,7.750073,0,1,1,0,1,0,1,0,1,0,71.32292,1,0,1,0,1,0,0,1,0
0,0,59234.25,6.978157,1,1,0,0,0,0,0,1,0,1,46.63035,0,1,0,1,0,0,0,1,0
0,0,40202.64,9.687823,2,1,1,0,0,0,0,0,1,1,46.50319,0,0,1,0,0,1,0,1,0
0,0,34267.42,15.80681,0,1,1,0,1,1,0,1,1,1,69.9263,1,0,1,0,0,0,1,0,1
0,0,20519.11,15.63468,0,1,0,1,0,0,1,1,0,0,63.86407,0,1,1,0,0,1,0,0,1
0,1,24629.69,7.649459,0,1,0,1,0,1,1,1,1,0,63.60301,1,0,1,0,0,0,1,1,0
0,1,17036.62,8.652966,1,1,0,0,1,0,0,1,0,1,62.57813,1,0,1,0,0,0,0,1,0
0,1,45907.32,8.851285,2,1,1,0,0,1,0,1,0,0,62.56329,0,1,0,0,0,1,0,0,0
0,5,34004.09,10.0382,1,1,1,1,1,0,0,1,0,0,41.14853,0,1,0,1,0,0,0,1,0
0,4,77874.21,10.61363,1,1,1,1,0,1,1,0,0,0,42.52243,0,1,1,0,0,0,0,0,1
0,6,23180.99,7.540516,1,1,0,1,1,1,0,0,1,0,57.43857,0,1,0,0,0,1,0,1,0
0,0,12958.74,2.783453,0,1,1,1,0,0,0,1,0,0,54.84444,0,1,1,0,0,0,0,0,1
0,0,43104.69,8.639261,0,1,1,0,0,0,0,0,0,0,49.99506,1,0,0,1,0,0,0,1,0
0,0,18759.85,11.57551,0,1,0,0,0,0,0,1,1,1,69.37716,1,0,0,0,0,0,0,0,1
0,0,25971.15,14.92648,0,1,0,0,1,1,0,0,0,0,64.63454,1,0,1,1,0,0,0,0,0
0,3,34568.72,10.41068,0,1,1,0,1,0,0,1,1,1,62.32227,0,1,0,1,0,0,0,0,0
0,1,41217.44,9.093249,0,1,1,1,0,0,1,0,1,0,69.03225,0,0,1,0,0,0,0,1,0
1,2,68388.05,6.170637,0,1,1,0,0,0,0,1,1,0,38.36776,0,1,1,1,0,0,0,1,0
0,0,33535.84,10.50958,1,1,1,0,1,1,0,0,0,1,64.86671,0,1,0,0,1,0,0,0,1
0,0,46403.85,8.293686,0,1,1,1,1,1,0,1,0,0,71.25511,1,0,0,1,0,0,0,1,0
0,2,16210.49,8.699742,0,1,0,1,1,0,1,1,1,1,60.7303,0,1,1,0,0,1,0,0,1
0,2,25214.35,6.821288,0,1,0,0,0,0,0,1,0,0,68.86725,0,1,0,0,1,0,0,1,0
0,5,82784.14,8.923752,0,0,0,0,1,0,1,0,0,0,66.31705,0,1,1,0,0,1,0,1,0
0,1,51463.12,9.810217,0,1,1,0,1,0,0,0,1,1,47.91529,0,1,0,0,1,0,0,0,0
0,0,32152.08,13.29565,0,1,1,0,1,1,0,1,1,1,48.68893,0,1,0,0,0,0,0,0,0
0,0,6093.26,9.018622,1,1,1,0,0,0,0,0,0,1,67.04659,0,0,1,0,0,0,1,0,0
0,2,45399.13,10.60927,0,1,0,0,1,1,0,0,0,1,45.23339,0,0,0,0,1,0,0,0,0
1,3,22555.47,15.2165,0,1,0,1,0,1,0,1,1,1,47.57047,0,0,0,0,1,0,0,1,0
0,3,17201.71,10.99852,0,1,0,0,0,1,0,0,0,0,43.63637,1,0,1,0,0,0,0,1,0
0,2,48510.35,17.07819,0,1,1,1,0,1,0,0,1,1,55.67036,1,0,1,0,0,1,0,1,0
0,1,26029.85,10.74527,0,1,1,1,0,0,1,1,1,0,70.18772,0,1,1,0,0,0,1,1,0
0,1,8460.1,4.95574,1,1,1,0,1,0,0,1,1,0,62.281,1,0,1,0,0,0,1,0,0
0,2,54874.47,10.07715,1,1,1,0,0,1,0,1,1,1,53.13301,0,0,1,1,0,0,0,0,0
0,0,14356.43,10.76499,2,1,0,0,0,0,1,0,0,1,58.79677,0,1,1,1,0,0,0,1,0
0,3,9726.8,9.282099,0,1,0,1,0,0,0,0,0,0,64.91269,0,1,1,0,0,0,0,1,0
0,2,20656.27,7.275267,0,1,0,1,1,1,1,1,1,1,71.14876,0,0,0,0,0,0,1,0,0
1,1,23177.92,11.86676,0,1,0,1,0,1,1,1,1,1,71.20051,0,1,1,0,0,0,1,1,0
0,0,22715.5,11.34172,1,1,1,1,0,1,1,0,1,0,67.19921,0,1,1,0,0,1,0,0,0
0,1,71117.01,12.01013,1,1,0,0,0,1,1,0,0,0,41.4761,0,1,1,0,0,0,1,0,0
0,4,11422.46,5.644966,0,1,0,1,0,0,0,0,0,0,62.07668,1,0,1,0,0,0,1,1,0
0,0,41691.46,14.73499,1,1,0,1,0,1,0,0,1,0,67.65143,0,1,0,0,0,1,0,1,0
0,0,38947.81,14.64391,0,1,1,0,0,0,1,0,1,1,46.87676,1,0,0,1,0,0,0,0,1
0,2,10843,9.869142,0,1,1,1,0,1,1,0,1,0,63.71587,1,0,0,1,0,0,0,1,0
0,3,25605.4,14.22418,1,1,1,0,0,1,1,0,1,1,65.11128,0,1,1,0,1,0,0,1,0
0,1,19777.62,10.93134,1,1,0,0,1,1,1,1,0,0,68.67996,1,0,0,0,0,0,1,1,0
0,3,2855.7,8.994296,0,1,1,0,1,0,0,0,1,1,65.46719,1,0,1,0,0,0,1,1,0
0,4,8094.06,13.17715,1,1,0,0,1,0,0,0,0,1,64.91211,0,0,0,0,1,0,0,1,0
0,2,10000.11,11.93376,1,0,0,0,0,1,0,0,0,1,61.46682,0,0,1,0,0,0,0,0,1
0,0,63428.97,10.37937,2,1,1,1,0,1,0,0,1,1,62.52627,1,0,1,0,1,0,0,1,0
0,1,81149,6.209465,0,1,0,1,0,1,0,0,1,1,55.19347,0,1,0,0,0,0,1,1,0
0,1,81282.63,7.073565,0,1,1,0,0,0,1,1,0,0,56.05747,1,0,1,0,0,1,0,1,0
0,1,51475.44,14.35929,1,1,1,0,0,1,0,1,0,1,67.3458,1,0,1,0,0,1,0,0,0
0,4,52458.7,11.32763,1,1,0,0,0,0,0,1,0,1,64.15093,0,1,0,0,0,0,1,0,1
0,2,43665.61,7.99375,1,0,0,0,1,1,0,1,0,1,50.80222,1,0,0,1,0,0,0,0,0
0,2,25195.32,11.33011,0,1,0,0,1,0,1,0,0,1,50.11484,0,1,1,0,0,1,0,1,0
0,4,23142.81,11.36718,2,1,1,1,0,0,0,0,1,0,46.91449,0,0,0,0,1,0,0,1,0
0,0,29615.36,7.978277,1,1,1,0,0,1,0,0,0,0,59.50705,0,0,0,0,0,0,1,1,0
0,1,46014.14,9.462504,1,1,0,0,0,0,1,1,1,0,67.69622,0,1,1,0,1,0,0,1,0
0,1,33294.8,8.815571,2,1,1,0,1,0,0,0,0,0,67.97118,0,0,0,0,0,1,0,0,1
0,0,48838.86,11.66965,0,1,0,0,0,0,0,1,0,1,67.4709,1,0,1,0,1,0,0,0,0
0,2,31308.75,11.14597,0,1,1,1,0,0,0,1,0,1,58.12362,1,0,0,1,0,0,0,1,0
0,1,14606.55,11.64985,0,0,1,0,1,1,0,1,1,1,69.02789,1,0,1,0,0,1,0,1,0
0,0,28399.99,7.9732,0,0,0,0,1,0,0,1,0,1,56.08228,0,1,1,0,0,0,0,0,0
0,1,26524.51,12.97926,1,1,1,1,1,1,0,1,0,1,67.26256,1,0,0,0,0,0,1,1,0
0,1,40583.58,7.543264,0,1,0,0,1,1,1,1,1,0,65.02015,0,0,1,0,0,1,0,0,0
0,1,15332.39,11.04764,2,1,1,0,0,0,1,1,1,1,54.98522,0,1,1,0,0,1,0,0,1
0,7,78971.09,9.525291,1,1,0,1,0,0,0,0,0,0,70.1758,1,0,0,0,0,0,0,0,1
0,1,60744.3,4.923971,0,1,1,1,1,1,1,1,0,1,59.16562,0,1,0,0,1,0,0,1,0
0,1,96579.4,14.23961,1,0,0,0,0,1,0,0,0,1,66.89669,1,0,1,0,0,0,1,0,0
0,2,9273.52,8.497383,1,1,0,1,1,0,1,0,1,0,65.37201,0,1,0,0,0,0,0,0,0
0,2,26556.47,9.962435,0,1,0,1,1,0,0,0,0,0,49.54115,0,0,1,0,0,0,1,1,0
0,0,64782.28,11.14118,0,1,1,0,1,0,1,0,0,0,59.43728,1,0,1,0,0,0,1,1,0
0,1,16257.6,7.454729,1,0,1,1,0,0,1,0,1,0,56.37209,1,0,1,1,0,0,0,0,1
0,2,26823.13,10.38427,0,1,1,0,1,0,0,0,0,1,65.17039,0,1,1,0,0,1,0,0,0
0,3,42343.23,16.01904,1,1,0,1,1,1,0,1,0,0,66.52217,0,1,0,0,1,0,0,1,0
0,1,9898.75,4.323681,0,1,1,0,1,0,0,0,1,1,64.30983,1,0,0,1,0,0,0,1,0
0,1,28254.82,12.63006,0,1,1,0,0,1,0,1,0,1,56.56448,1,0,0,0,0,1,0,0,0
0,4,16131.26,13.89024,0,1,0,0,0,1,1,1,1,0,56.78316,0,0,0,0,0,0,1,1,0
0,1,90795.38,14.48243,1,1,1,0,0,1,0,1,1,0,65.27324,0,1,0,0,0,0,1,0,0
1,5,46231.66,15.29874,0,1,1,0,0,0,0,1,1,1,50.7426,0,0,1,0,0,0,1,1,0
0,1,14401.6,9.887125,0,1,1,0,0,0,1,1,1,1,61.56209,0,1,0,0,1,0,0,1,0
0,0,7490.58,11.63863,0,1,0,0,0,1,1,0,0,1,66.85534,0,1,0,0,1,0,0,1,0
0,2,52062.66,10.63698,0,0,1,0,0,1,1,1,1,1,64.39242,1,0,0,0,0,1,0,0,0
0,2,18517.01,6.111861,0,0,0,0,1,1,0,0,0,1,55.55453,1,0,0,0,1,0,0,0,1
0,0,83990.65,4.83372,1,1,0,1,1,1,0,0,0,1,71.20362,0,0,1,1,0,0,0,1,0
0,4,41372.75,7.095451,1,1,1,0,0,1,0,1,1,0,62.58109,1,0,1,0,0,0,1,0,0
0,0,55227.66,7.879761,0,1,0,0,1,1,0,1,1,0,45.03753,0,1,0,1,0,0,0,0,0
0,1,9906.53,4.648055,0,1,0,0,0,0,1,0,1,1,55.06506,0,1,1,0,1,0,0,0,0
0,1,70458.03,8.542428,1,1,0,0,0,1,1,1,1,0,56.9769,1,0,0,0,1,0,0,0,1
0,0,14553.16,10.31335,0,1,1,0,1,0,0,0,1,0,67.37714,1,0,1,0,0,1,0,1,0
0,0,16604,15.04532,0,1,1,0,1,0,1,0,0,0,60.37731,0,1,0,0,0,0,0,1,0
0,4,25948.52,12.03137,1,1,0,1,1,1,0,0,0,1,62.68348,0,0,0,0,0,1,0,1,0
1,2,10647.22,11.41456,1,1,0,0,0,1,1,1,1,1,38.34946,1,0,0,1,0,0,0,1,0
1,4,2475.81,8.751864,1,1,1,0,0,1,0,1,1,0,46.77756,1,0,0,0,0,0,1,1,0
0,2,29155.86,11.16452,1,1,0,0,0,0,0,0,0,0,52.74302,0,1,1,0,1,0,0,1,0
0,1,36614.77,7.994158,0,0,0,0,1,0,1,0,1,1,51.73839,0,1,0,1,0,0,0,0,1
0,1,71027.51,9.775283,0,1,0,0,0,0,1,0,0,0,61.6107,0,0,0,0,1,0,0,1,0
0,1,14630.64,16.03275,0,0,0,0,0,1,0,0,0,1,43.91775,0,0,0,0,0,0,1,1,0
0,1,82645.48,11.71395,1,1,0,0,1,1,0,1,1,1,60.45679,1,0,1,0,0,1,0,0,0
0,0,33202.57,8.5852,1,1,1,0,1,1,1,0,1,1,42.01051,0,0,0,0,0,1,0,0,1
0,0,5537.66,11.19336,0,1,0,0,1,0,0,0,1,0,62.99928,0,1,0,0,0,0,1,0,1
0,3,41620.84,10.94942,0,1,0,0,0,0,1,1,1,1,70.36179,0,1,0,0,0,0,0,1,0
1,2,18694.86,7.254755,0,0,0,0,1,0,1,1,1,0,45.12504,1,0,0,0,1,0,0,1,0
1,2,37333.83,9.36573,1,1,1,1,1,1,1,1,1,0,50.65407,1,0,1,0,0,1,0,0,0
0,4,38986.79,14.70152,0,1,1,0,1,0,0,0,0,1,62.11655,1,0,1,0,0,0,1,1,0
0,1,15824.18,6.629265,0,0,1,1,0,0,0,1,0,1,70.67216,0,1,0,1,0,0,0,1,0
0,1,25660.71,9.120844,0,1,1,1,0,1,1,0,0,0,53.48518,1,0,1,0,0,0,1,1,0
0,3,96042.29,11.90561,0,1,0,0,0,0,0,0,1,1,52.98326,0,0,0,0,1,0,0,1,0
0,2,86111.94,5.287739,0,1,1,0,1,1,1,0,0,1,55.97115,0,0,0,0,0,0,1,1,0
0,4,18056.25,7.347479,2,1,0,0,1,0,1,0,0,1,61.16662,0,1,1,1,0,0,0,1,0
1,1,52639.57,10.21389,1,1,1,0,1,0,1,1,1,1,61.68428,1,0,1,0,0,0,0,0,0
0,4,9019.07,6.336993,0,1,0,0,0,1,1,1,1,1,70.62749,1,0,0,1,0,0,0,0,0
0,6,12537.63,5.789458,0,0,0,0,0,1,1,1,0,1,65.39301,0,0,0,1,0,0,0,0,1
0,1,67871.48,5.625045,0,1,1,1,1,1,1,0,0,0,56.74758,0,1,1,0,0,0,0,0,0
0,3,10547.83,10.58659,0,1,0,0,1,0,1,0,0,1,59.22886,1,0,0,0,1,0,0,1,0
0,5,71530.36,12.42391,1,1,0,0,0,1,0,1,0,1,49.61348,0,1,0,0,0,0,0,0,0
0,0,2353.03,9.951397,2,1,1,0,0,0,0,1,0,0,66.9099,0,1,1,1,0,0,0,0,0
0,0,47612.31,13.58454,0,0,1,0,1,0,0,1,0,0,63.63151,0,0,1,0,0,1,0,1,0
0,0,44909.71,12.00753,1,1,0,0,0,1,0,1,0,1,53.42523,1,0,0,0,1,0,0,0,0
0,4,20459.07,10.25704,1,1,1,1,1,0,0,1,1,1,70.19371,0,0,1,0,1,0,0,0,1
0,1,23882.77,16.57722,0,1,1,1,0,1,0,0,1,1,54.94221,0,1,0,1,0,0,0,0,0
0,0,61449.42,5.920285,0,1,0,0,1,0,1,1,1,0,41.56439,0,1,1,0,0,1,0,1,0
0,1,80803.99,11.5752,0,1,1,1,1,1,1,1,0,0,41.95888,0,1,0,0,0,0,0,1,0
0,4,44220.48,4.685599,0,1,1,0,0,1,0,0,1,1,69.97129,0,1,0,0,0,1,0,1,0
0,3,38126.77,9.660271,1,1,1,1,1,1,0,0,1,1,71.94498,1,0,0,1,0,0,0,0,0
0,1,16493.86,8.091618,1,1,0,0,0,0,0,0,0,0,60.29081,0,1,1,0,0,0,0,1,0
0,2,24620.49,9.732859,1,1,1,0,0,0,0,0,1,1,52.24584,0,1,0,1,0,0,0,1,0
0,4,50973.42,7.976555,1,1,0,1,1,1,0,0,1,1,48.62124,0,1,0,0,0,0,0,1,0
0,4,41312.43,14.6804,1,1,0,0,1,0,0,1,0,1,63.37746,0,0,1,0,0,0,0,1,0
0,4,82714.05,8.231804,1,1,1,0,1,0,0,0,1,1,61.88348,1,0,0,0,0,0,0,0,0
0,2,54215.43,5.422522,0,1,1,1,1,1,0,0,0,1,58.31897,0,0,0,0,0,0,0,1,0
0,5,76110.3,11.31655,1,1,0,0,0,0,0,0,0,1,62.23239,1,0,1,0,1,0,0,0,0
0,0,42072.37,11.90199,1,1,0,0,0,1,0,1,0,1,52.07089,1,0,0,0,0,1,0,1,0
0,1,32833.84,17.76091,0,1,1,1,1,0,0,0,0,0,62.00464,0,1,1,1,0,0,0,0,1
0,4,75907.67,15.9948,0,1,1,0,1,1,1,1,1,1,45.84636,0,1,0,0,0,0,1,1,0
0,0,66342.21,10.54347,0,1,0,0,0,1,0,0,1,1,66.59912,1,0,0,0,1,0,0,0,1
0,7,19590.84,10.62232,0,1,0,0,0,0,1,0,0,0,52.75072,0,1,1,0,0,0,1,1,0
0,5,68520.49,10.81641,1,1,1,0,0,0,0,0,1,0,60.69402,0,1,1,0,0,1,0,1,0
0,0,4222.75,8.866215,1,0,1,0,0,0,1,0,1,1,60.44201,1,0,0,0,0,0,0,1,0
0,5,6416.11,13.56589,0,1,1,0,1,0,0,0,0,1,57.10624,0,1,1,0,1,0,0,1,0
0,1,1628.25,11.18263,0,1,0,0,0,0,0,1,0,1,65.14224,0,0,0,0,0,0,1,1,0
0,1,38479.29,8.189755,0,1,0,0,0,1,0,1,0,0,68.47904,1,0,0,0,0,1,0,1,0
0,2,78103.68,8.442682,1,1,1,0,0,0,0,0,1,1,68.83185,0,1,0,0,0,1,0,1,0
0,2,2534.94,12.71148,1,1,0,0,1,1,1,0,0,1,60.53095,0,0,1,0,0,0,1,1,0
0,1,10667.51,11.10459,1,0,1,0,0,0,0,0,1,0,68.78265,0,1,0,0,0,0,1,1,0
0,3,3167.88,13.45919,0,1,1,0,0,1,0,0,0,1,39.71501,0,1,1,1,0,0,0,1,0
0,7,31739.83,5.180471,0,1,1,0,0,0,0,0,0,0,57.90418,1,0,1,0,0,0,0,0,1
0,0,34252.86,15.53787,1,1,0,1,0,1,1,1,0,1,56.90458,0,1,1,0,0,0,1,1,0
0,2,37475.23,11.1762,1,1,1,0,1,0,0,0,1,1,71.57202,0,1,0,0,0,1,0,1,0
0,0,32889.88,9.137929,0,1,1,1,1,1,1,0,1,0,48.5611,0,1,1,1,0,0,0,1,0
0,0,54808.33,6.799417,1,1,1,1,1,0,1,1,0,0,58.2249,1,0,0,0,1,0,0,0,1
0,0,6362.26,11.48746,0,1,0,0,1,0,0,0,1,0,66.58823,0,0,1,0,0,1,0,0,1
0,0,65442.86,11.42331,0,1,1,1,1,0,1,0,1,1,61.173,0,0,0,0,0,0,0,1,0
0,0,68626.5,10.29598,0,1,1,1,1,1,0,0,1,1,56.29735,1,0,1,0,0,1,0,0,0
0,3,62132.48,5.086827,0,1,1,1,0,0,0,0,1,0,70.85782,1,0,1,0,1,0,0,1,0
0,3,35848.61,12.8388,2,1,0,0,0,0,0,1,1,0,63.52797,0,1,0,0,0,0,0,1,0
0,1,40364.46,9.444273,0,1,0,0,1,1,0,1,0,0,62.47012,0,1,1,0,0,0,1,0,0
0,0,69425.74,8.718368,1,1,0,1,1,1,0,0,0,0,71.36862,0,0,0,0,0,0,0,0,0
0,0,96190.74,9.625936,0,1,0,0,0,0,0,1,1,1,63.35604,1,0,1,0,0,1,0,1,0
0,3,77478.63,14.69711,1,1,1,1,1,0,0,1,0,1,50.09435,0,1,0,0,1,0,0,1,0
0,0,73082.67,13.14633,0,1,1,0,1,0,0,0,1,0,59.05181,1,0,1,0,0,0,1,1,0
0,1,65707.03,12.45803,2,1,1,1,0,1,0,0,0,1,68.92748,0,1,1,0,0,0,0,0,0
0,1,15846.96,11.55756,0,1,0,0,0,0,1,1,1,1,66.55543,0,0,1,1,0,0,0,0,0
0,2,9669.27,9.474113,1,1,1,1,1,0,0,1,0,1,70.90494,0,1,0,0,0,0,1,1,0
0,2,16107.44,10.64385,0,1,0,0,1,1,0,1,0,1,50.77358,0,0,0,0,0,0,1,0,1
0,1,80905.43,13.86573,0,1,0,1,0,0,0,0,1,0,68.14733,1,0,0,0,0,0,1,1,0
0,3,19425.75,9.458082,0,1,0,0,1,0,1,0,1,0,67.62049,0,0,1,0,0,0,1,0,0
0,5,70972.38,11.37766,2,1,0,0,1,0,1,0,1,0,57.37651,0,0,0,0,1,0,0,0,1
0,2,11807.8,14.60834,0,1,0,0,1,0,1,0,1,0,51.40304,1,0,1,0,1,0,0,0,1
0,3,29552.09,8.484285,0,1,0,0,0,0,0,0,0,0,68.78714,1,0,0,0,0,0,1,0,0
0,1,26974.35,12.63113,0,1,0,1,1,1,0,1,0,0,51.68219,0,1,1,1,0,0,0,1,0
0,1,26110.4,10.51358,0,1,1,0,0,0,0,1,0,1,71.44166,1,0,0,0,1,0,0,1,0
0,1,35176.64,12.05975,0,1,1,1,0,0,1,1,0,0,70.82444,1,0,1,1,0,0,0,1,0
0,3,27568.88,9.361228,0,1,0,1,0,0,0,0,0,1,67.76809,0,1,1,1,0,0,0,1,0
0,1,46457.36,9.282244,0,1,1,1,1,0,0,1,0,1,56.41476,0,1,1,0,0,1,0,0,0
0,3,2584.6,12.57747,0,1,1,1,0,0,0,1,1,0,62.13301,1,0,1,1,0,0,0,0,1
0,1,41295.47,10.10572,0,1,0,0,0,0,1,1,0,1,71.16551,0,0,1,0,0,0,0,0,1
0,0,71013.32,10.20091,0,1,0,1,1,1,0,1,0,0,56.01076,1,0,1,0,0,0,1,1,0
0,0,100608.2,9.705148,0,1,1,0,0,0,1,0,1,0,39.32461,0,1,1,0,0,0,1,1,0
0,2,13471.14,13.8318,1,1,1,1,0,0,1,0,0,1,68.526,1,0,0,0,0,1,0,1,0
0,2,35274.36,7.13163,2,1,1,0,0,0,0,1,0,1,65.36086,0,1,1,0,0,0,1,1,0
0,1,22487.36,9.629848,0,1,1,0,1,0,1,0,0,0,51.80639,0,0,1,1,0,0,0,0,1
0,0,57318.2,4.344131,0,1,1,0,0,0,1,0,0,0,66.34362,1,0,0,0,0,0,0,0,1
1,1,29701.43,11.40209,0,1,1,0,0,1,0,1,1,1,48.28818,0,1,1,1,0,0,0,1,0
1,3,80719.57,11.06909,1,1,0,0,1,1,0,1,1,0,36.82387,0,0,0,1,0,0,0,1,0
0,0,6998.45,15.45232,0,1,0,1,1,0,0,1,0,1,62.76892,1,0,1,0,1,0,0,0,0
0,1,26545.33,4.480118,0,0,0,0,0,0,0,1,0,0,55.55865,1,0,0,0,1,0,0,0,0
0,2,22189.51,9.045984,0,1,0,0,0,0,0,1,1,1,62.70376,1,0,1,1,0,0,0,1,0
0,3,36690.66,10.04996,2,1,0,0,0,0,1,0,1,1,65.25844,0,0,1,0,0,0,0,1,0
0,2,8244.17,2.482674,0,0,0,1,0,1,0,1,0,1,61.77813,0,0,0,0,0,1,0,0,0
0,1,26759.89,9.783459,0,1,1,0,1,0,0,1,1,0,65.03892,0,1,1,0,1,0,0,0,0
0,1,49740.72,4.45179,0,1,0,0,0,0,0,1,1,1,50.89092,0,0,1,0,1,0,0,1,0
0,0,21749.65,5.048002,0,1,0,0,1,0,1,0,0,1,67.40315,1,0,1,0,0,0,0,0,0
0,3,40818.2,10.09707,1,1,0,0,0,0,0,1,0,0,70.27281,0,1,0,0,1,0,0,0,1
0,7,22300.51,8.427959,0,1,1,0,0,1,0,0,0,1,41.74273,0,1,1,0,0,0,1,1,0
0,1,46153.23,11.98282,0,1,0,1,0,0,1,0,0,1,48.09099,0,1,1,0,0,1,0,0,0
0,1,27296.2,14.24573,1,1,0,0,1,0,1,1,0,1,59.84496,0,0,0,0,0,0,1,1,0
0,1,30286.85,14.75098,0,1,0,1,0,1,0,0,0,1,69.74808,0,1,0,0,0,0,1,0,0
0,3,23083.74,11.56648,0,1,1,0,1,0,0,0,1,1,63.90452,1,0,0,0,1,0,0,0,1
0,0,80782.53,11.59767,0,1,1,0,0,1,0,0,1,1,71.52133,0,1,1,0,0,1,0,0,1
0,3,27476.28,9.392826,0,1,1,1,0,0,0,0,0,0,58.55948,0,1,0,1,0,0,0,1,0
0,1,59939.02,3.849388,0,1,1,0,0,1,0,0,0,1,38.8517,0,1,0,0,0,0,1,1,0
0,0,50315.17,11.52103,0,1,0,1,0,1,0,0,0,0,68.41518,0,1,0,0,1,0,0,1,0
0,4,51383.17,5.670833,0,1,0,1,1,1,1,0,1,1,66.97927,0,1,1,0,1,0,0,1,0
0,2,49954.4,9.527582,0,1,0,0,0,1,0,1,0,0,46.58138,1,0,0,0,0,0,0,0,1
0,1,50275.96,13.77481,0,1,0,0,1,0,0,1,1,1,63.13521,0,0,1,0,0,0,0,0,0
0,0,35072.27,16.30827,0,1,1,1,1,1,0,0,1,1,68.3119,1,0,0,0,1,0,0,0,0
0,4,41697.74,7.72012,1,1,1,0,0,0,0,0,1,1,71.25643,0,1,1,0,0,1,0,0,1
0,4,32935.41,13.54555,0,1,0,1,0,0,0,1,1,1,60.89154,0,1,1,1,0,0,0,1,0
0,1,48000.45,4.031118,0,1,1,1,1,0,0,0,0,1,48.3857,1,0,1,1,0,0,0,0,0
0,0,49102.56,7.37122,1,1,1,1,1,1,0,0,1,0,61.73523,0,1,1,1,0,0,0,1,0
0,2,28813.13,14.14138,1,1,1,1,0,1,0,0,1,1,71.81426,0,0,1,0,0,1,0,0,0
0,1,6210.83,10.07854,0,1,0,0,1,0,1,0,1,1,64.88531,0,1,1,0,0,0,1,1,0
0,2,57717.41,6.809114,0,1,0,0,1,1,1,1,1,0,40.24973,0,0,1,0,0,0,1,0,1
1,4,72298.05,4.723834,1,1,0,0,0,1,1,1,1,0,69.97649,1,0,0,0,0,1,0,1,0
0,0,23353.6,9.915598,0,1,1,1,0,1,0,1,0,1,58.34647,0,1,1,0,0,0,0,1,0
0,0,37073.43,8.298192,1,1,1,0,1,0,1,0,0,0,57.11409,0,0,1,0,0,1,0,0,0
0,1,63599.94,9.339902,0,1,1,1,1,1,1,0,1,0,64.26648,0,1,1,0,0,0,0,0,1
0,5,31551.04,13.01228,1,1,1,1,0,0,0,1,1,0,69.13737,0,1,1,0,0,0,1,0,1
1,2,52730.55,12.01205,1,1,0,1,1,1,0,1,1,1,46.24205,1,0,0,1,0,0,0,1,0
0,1,20514.4,10.41502,0,1,0,1,1,1,0,0,1,0,54.26571,1,0,1,0,0,0,1,1,0
0,2,12938.03,14.0461,0,1,0,0,1,1,1,0,0,0,59.31818,1,0,1,0,1,0,0,1,0
0,0,36283.34,10.31019,0,1,1,0,0,0,0,0,0,1,69.33555,0,1,0,0,1,0,0,0,1
1,3,14128.58,11.21706,0,1,0,0,1,0,0,1,1,1,63.17917,1,0,1,0,1,0,0,1,0
1,2,7297.34,8.269757,2,1,1,0,0,0,1,1,1,1,60.45619,1,0,1,1,0,0,0,1,0
0,4,20755.29,9.705513,0,1,0,0,0,1,0,0,1,0,55.68371,0,0,0,0,0,0,1,0,1
0,1,11720.53,14.07608,0,1,1,0,0,0,1,0,0,1,38.06839,0,0,1,0,0,1,0,0,0
0,0,20907.94,10.99981,0,1,0,1,1,0,1,1,1,0,57.70698,0,0,1,0,0,0,1,0,1
0,1,55582.52,13.03031,1,1,0,1,0,1,0,0,1,0,71.28653,1,0,1,0,0,0,1,1,0
0,1,93551.94,7.152564,0,1,0,0,0,0,1,1,1,0,71.37419,0,0,0,0,0,1,0,0,1
0,0,46463.47,11.23355,0,0,0,0,0,1,0,1,1,1,50.52613,0,1,0,0,0,0,1,0,1
0,2,70140.91,14.14757,0,1,1,0,0,1,1,0,0,1,61.00511,0,1,1,0,0,0,0,1,0
0,0,8589.52,9.5756,1,1,1,0,1,0,0,0,0,0,59.93377,0,1,1,1,0,0,0,0,0
0,3,30577.74,12.01441,1,1,0,0,1,1,0,1,0,0,66.7755,0,1,1,0,0,0,0,1,0
1,1,38931.97,10.5394,0,1,1,0,1,1,0,1,1,0,61.67106,1,0,0,0,0,0,1,1,0
0,3,49285.68,13.65114,1,1,0,0,1,0,0,0,0,1,60.1778,0,0,1,0,0,0,0,0,0
0,0,38821.95,10.41941,0,1,0,0,1,0,0,0,0,0,64.36371,0,1,0,1,0,0,0,1,0
0,2,18037.76,6.255592,1,1,0,0,1,0,0,0,1,1,67.71776,1,0,1,0,1,0,0,0,1
0,4,60463.81,12.03043,0,1,0,0,1,0,1,0,1,1,59.71984,0,0,0,0,0,0,1,0,0
0,4,50599.12,12.45955,0,1,1,0,1,1,0,0,0,1,67.75523,1,0,0,0,0,0,1,0,0
0,1,46164.49,12.82752,0,1,0,0,0,0,1,0,0,0,56.26602,1,0,1,0,0,0,0,0,1
0,6,13317.33,10.45502,0,0,0,0,1,0,1,1,1,1,62.65179,0,1,0,0,0,0,0,1,0
0,4,45556.59,16.13598,1,1,1,0,1,0,0,0,1,0,49.26352,0,0,0,0,0,1,0,0,0
0,0,41695.97,13.14201,0,1,1,0,0,1,1,0,0,1,59.3332,1,0,1,0,0,1,0,0,1
0,1,13069.94,9.366187,1,1,0,0,1,0,0,1,0,0,69.54666,0,1,0,1,0,0,0,1,0
0,1,29827.09,10.50519,0,1,1,1,1,0,0,0,1,1,60.69643,0,0,1,0,0,0,0,1,0
0,2,102928.6,9.395737,1,1,0,0,0,0,0,1,1,1,66.67317,1,0,0,1,0,0,0,0,0
0,2,66644.71,7.264292,0,1,1,0,0,1,1,0,0,1,58.2078,0,1,1,0,0,0,0,1,0
0,2,40098.08,5.417149,1,1,1,0,0,1,0,0,1,1,62.98803,0,1,1,0,0,0,1,0,0
0,1,15931.18,10.28991,0,1,1,0,1,0,0,1,1,1,67.50861,0,1,0,0,0,0,0,1,0
0,4,51865.58,11.53135,1,1,0,1,1,0,1,1,0,0,67.96418,0,1,1,0,0,0,0,0,0
0,0,32893,5.725661,1,1,1,0,1,0,1,0,0,0,71.4869,0,1,1,0,0,0,1,1,0
0,4,14780,16.99335,2,1,1,1,0,1,0,1,0,1,66.63268,0,1,1,1,0,0,0,0,1
0,2,19652.74,6.640434,1,1,1,0,1,1,0,1,0,1,70.43313,0,0,1,0,0,0,0,0,1
0,0,20014.25,7.009982,1,1,1,0,0,0,0,1,0,1,70.69978,1,0,1,0,0,0,0,0,1
0,4,22409.74,13.47843,0,1,0,0,1,0,1,0,0,1,61.4665,1,0,0,0,1,0,0,1,0
0,3,73031.71,9.488845,1,1,0,0,1,0,0,0,0,1,56.77763,0,0,1,0,0,1,0,1,0
0,0,35215.76,4.71193,0,1,1,1,0,0,1,1,1,0,58.6688,0,1,1,0,1,0,0,1,0
0,0,17571.8,6.668187,1,1,0,0,0,1,0,1,1,1,54.67568,1,0,1,1,0,0,0,0,1
0,1,19256.41,9.751721,0,1,1,0,0,0,1,0,0,1,51.11345,0,1,1,1,0,0,0,0,1
0,1,8774.81,12.8072,0,1,0,0,1,1,0,1,0,0,66.81169,0,1,0,0,0,0,0,1,0
1,3,26532.74,9.608605,0,1,1,1,1,1,0,0,1,1,57.69575,1,0,0,0,1,0,0,1,0
0,2,27636.12,8.449861,1,1,1,1,0,1,0,1,1,1,68.53085,1,0,0,0,0,0,0,1,0
0,2,69230.08,11.46896,0,1,0,0,1,0,1,1,1,1,67.54816,0,0,0,0,0,0,0,0,0
0,1,11287.26,5.124854,1,1,0,0,1,0,0,1,1,0,70.1175,0,1,1,0,0,1,0,1,0
0,0,13554.79,11.62498,0,1,1,0,1,0,1,1,0,1,43.45813,1,0,1,0,1,0,0,1,0
0,1,55164.8,8.951159,0,1,1,1,1,0,0,0,1,0,70.06451,0,1,0,0,0,0,0,1,0
0,5,12521.22,10.34638,1,1,0,0,1,0,1,1,1,0,56.45798,0,0,1,0,0,0,0,0,1
0,1,72032.69,14.75424,1,1,0,1,1,0,1,1,0,0,57.47194,1,0,0,1,0,0,0,1,0
1,1,85921.6,15.90879,0,1,0,1,0,1,1,1,1,0,64.57182,0,1,0,0,0,0,1,1,0
0,0,31402.9,8.109447,0,1,0,0,1,1,0,0,1,0,58.30226,0,0,1,0,1,0,0,1,0
0,2,13893.6,10.54374,0,1,1,0,0,0,1,1,1,0,62.43485,0,1,0,0,0,0,0,1,0
0,0,93970.75,10.24788,0,1,0,1,1,1,0,0,0,1,61.20291,0,1,0,0,0,0,0,1,0
0,0,26828.46,12.34399,0,1,0,0,1,0,1,1,0,1,51.05765,0,0,1,0,0,1,0,0,1
0,1,11096.39,11.3321,0,1,1,0,1,0,0,1,0,0,61.41766,1,0,1,1,0,0,0,1,0
0,0,14493.87,9.933942,1,1,1,0,0,0,1,0,1,1,66.80803,0,1,1,0,1,0,0,1,0
0,1,28431.85,9.441826,0,1,0,1,1,0,0,0,0,1,67.78586,0,0,1,0,0,1,0,0,0
0,1,31304.23,8.044684,0,1,1,0,1,1,1,0,0,0,50.27485,0,1,1,0,1,0,0,1,0
0,3,18078.02,10.32042,0,1,0,0,0,1,1,1,1,0,54.55234,1,0,0,0,0,1,0,0,0
0,1,13642.51,11.82876,2,1,1,1,0,0,0,1,0,1,68.67008,1,0,1,0,1,0,0,1,0
0,0,27715.71,7.901381,0,0,0,0,1,1,0,0,0,0,55.591,1,0,0,0,0,0,1,1,0
0,3,45203.76,15.2604,0,1,0,0,0,1,1,1,0,1,71.98828,0,1,1,0,1,0,0,1,0
0,0,35138,7.678053,0,1,0,0,1,0,0,0,1,0,61.70653,0,0,1,0,1,0,0,1,0
0,1,28883.86,12.27053,0,1,0,0,1,0,0,1,0,1,68.23146,0,1,0,0,0,0,0,0,1
0,1,32134.66,9.85498,0,0,0,0,0,1,0,1,0,1,41.93,0,0,1,0,0,0,1,1,0
1,4,19360.56,9.936636,0,1,0,1,0,1,0,1,1,0,42.73824,1,0,1,1,0,0,0,1,0
0,4,43560.75,7.660536,2,1,0,0,1,0,0,1,0,1,47.46129,1,0,1,1,0,0,0,0,1
0,1,22016.87,12.39355,0,1,0,1,0,1,0,1,1,1,61.70332,0,0,0,0,0,0,1,1,0
1,4,73585.2,11.74964,0,1,0,0,1,0,0,1,1,1,45.6406,1,0,0,0,1,0,0,1,0
1,1,13419.4,4.457169,1,1,1,0,0,0,1,1,1,1,70.54929,1,0,1,0,0,1,0,1,0
0,3,58634.05,11.32314,0,1,1,0,1,1,0,0,0,0,49.19922,0,1,0,0,1,0,0,1,0
0,4,73871.69,11.58061,0,1,1,0,0,0,1,1,0,0,36.88048,0,1,0,0,1,0,0,0,0
0,0,42176.36,8.556186,1,1,1,0,0,0,1,0,1,1,63.86048,0,1,1,1,0,0,0,0,1
0,3,13479.83,12.42505,0,1,0,0,0,0,0,1,0,0,68.36284,0,0,1,1,0,0,0,0,0
0,1,12826.8,12.98536,1,1,1,1,1,1,0,1,0,1,66.03197,0,1,0,1,0,0,0,0,0
0,3,34128.52,8.102753,0,1,0,0,0,1,0,0,1,0,38.01787,1,0,1,0,1,0,0,1,0
0,1,5841.81,9.742158,1,1,0,0,0,1,1,0,0,0,55.13723,0,1,0,1,0,0,0,0,0
0,3,44510.61,9.519633,0,1,1,0,1,1,1,1,0,0,65.61344,0,0,1,0,1,0,0,0,1
0,1,53710.01,7.750638,1,1,0,1,0,0,0,0,0,0,54.79873,0,1,0,1,0,0,0,1,0
0,4,27210.96,13.73836,1,1,0,1,1,0,0,0,0,1,45.91152,1,0,0,0,0,0,1,1,0
0,0,7194.85,9.59364,1,1,1,0,1,0,1,0,1,0,54.79811,0,0,1,0,0,0,0,0,0
0,0,28885.46,12.10598,0,1,0,0,0,0,0,1,0,0,62.83739,1,0,0,1,0,0,0,1,0
0,3,47100.05,13.42619,1,1,0,0,0,1,0,1,0,0,54.41951,0,1,0,0,1,0,0,0,0
0,1,72477.17,13.65897,0,1,0,0,1,1,0,1,0,0,64.54829,1,0,0,1,0,0,0,0,0
0,6,18685.16,10.28292,0,0,1,0,1,1,1,1,1,1,65.52483,0,1,0,0,0,0,1,0,1
0,2,23960.61,8.549102,0,0,0,1,0,0,0,0,1,0,55.505,0,1,1,1,0,0,0,0,1
0,1,40647.66,11.06254,0,1,0,1,0,1,0,1,0,0,63.50859,0,1,1,0,0,0,0,1,0
0,0,18620.96,11.43176,0,1,0,0,0,1,0,0,1,0,67.61562,0,1,1,1,0,0,0,1,0
0,0,27601.96,4.138782,0,1,1,0,0,0,1,1,0,1,71.24628,0,1,0,0,0,1,0,1,0
0,3,33350.91,10.42876,1,1,1,0,0,0,0,1,1,1,52.53836,1,0,0,1,0,0,0,0,0
0,0,38524.15,7.3642,0,1,1,0,1,0,1,0,0,0,41.27155,0,1,1,0,1,0,0,0,0
0,1,33465.9,11.64064,0,1,1,0,1,0,0,1,0,1,71.78213,0,0,0,0,0,0,1,0,0
0,4,52101.8,14.22446,1,1,1,0,1,0,0,0,0,0,49.75092,0,0,1,0,1,0,0,1,0
0,1,35583.03,4.84294,0,1,1,1,1,0,0,1,0,1,65.40232,0,0,1,0,0,1,0,1,0
0,0,14472.75,6.067007,1,1,0,0,1,0,0,0,1,0,64.58418,0,1,1,0,0,0,0,1,0
1,3,38040.43,6.820744,0,1,0,0,1,1,1,0,1,0,53.08332,0,1,1,0,0,1,0,1,0
0,6,44455.34,10.0165,1,1,1,0,1,0,1,1,0,0,71.91339,1,0,1,0,0,1,0,1,0
0,0,20507.78,11.76257,0,1,0,0,0,0,1,1,0,1,67.25763,0,1,0,1,0,0,0,0,0
0,2,22427.56,6.547081,1,1,0,0,0,1,0,1,0,0,58.50824,0,1,1,0,0,0,1,0,1
0,3,19839.22,8.779628,0,0,1,1,0,1,1,0,0,0,71.4622,0,1,1,1,0,0,0,1,0
0,2,66681.76,8.687753,0,1,0,1,1,0,0,1,0,1,70.67499,1,0,1,0,0,0,0,1,0
0,0,19153.42,14.63696,1,1,0,1,0,0,0,0,0,1,45.25561,0,1,1,1,0,0,0,1,0
0,2,9037.43,6.715701,1,1,0,0,1,1,0,0,1,1,64.22099,0,0,0,0,0,0,1,0,0
0,2,9005.1,12.03702,1,1,1,0,0,0,0,0,0,0,70.2187,0,1,1,0,1,0,0,1,0
0,1,2842.64,9.946927,0,1,0,0,1,1,1,1,0,0,47.81985,0,1,0,0,0,1,0,1,0
0,0,50722.81,15.91057,0,0,0,0,0,1,0,1,1,1,71.5701,0,0,0,0,1,0,0,1,0
0,1,34995.55,13.09283,2,0,1,0,0,0,0,1,1,1,58.12044,0,1,0,0,0,1,0,0,1
0,2,53254.75,9.496587,0,1,1,1,0,0,0,1,1,1,65.2394,0,1,1,0,1,0,0,0,0
0,2,13880.01,9.423473,0,1,0,1,0,1,0,1,1,1,65.31873,0,1,1,1,0,0,0,0,0
0,2,16592.28,14.924010000000001,2,1,1,0,0,1,0,1,1,0,54.12731,0,1,1,0,0,0,0,0,0
0,3,39381.88,4.575053,0,1,1,0,1,0,1,1,0,0,40.73055,0,1,1,0,0,0,0,1,0
0,0,41287.82,9.953423,0,1,0,0,1,1,0,1,0,1,64.98884,1,0,0,0,0,0,0,1,0
0,2,15263.96,11.16648,0,1,1,1,0,0,0,0,0,1,71.74549,0,1,0,0,0,0,1,0,1
0,2,32724.83,14.98822,2,1,1,0,1,0,1,0,1,1,65.9436,0,0,0,0,1,0,0,0,1
0,0,19773.15,9.92043,0,1,1,0,1,1,1,0,0,0,51.54301,1,0,1,0,1,0,0,0,0
0,1,2842.85,12.92581,2,1,1,0,0,1,1,0,0,1,71.13061,0,0,1,1,0,0,0,1,0
0,3,11050.03,9.614348,1,1,1,1,1,0,0,0,0,1,62.4021,1,0,1,0,1,0,0,0,1
0,4,64328,9.559166,0,1,0,0,0,1,0,0,1,1,66.17677,0,1,0,0,1,0,0,0,1
0,0,49486.67,2.8918180000000002,0,1,1,1,0,0,1,1,1,1,66.81622,1,0,1,0,1,0,0,1,0
0,4,74086.17,9.092182,1,1,1,0,0,0,1,1,1,0,47.65766,0,1,1,0,1,0,0,0,0
0,0,27898,9.538151,0,1,0,0,1,1,0,1,1,0,66.01153,1,0,1,0,0,1,0,0,1
0,0,6556.37,13.39001,1,1,1,0,1,1,1,0,1,1,64.62103,0,1,1,0,1,0,0,1,0
0,2,42589.53,5.287479,0,1,0,0,1,0,0,1,1,1,58.97078,0,0,0,0,0,0,0,0,0
0,2,6137.14,13.42559,0,1,1,0,0,0,0,0,0,1,65.45503,0,0,1,0,0,1,0,1,0
0,2,40648.31,6.181571,0,1,1,1,1,1,1,1,0,1,66.36071,0,0,1,1,0,0,0,1,0
0,3,28282.29,7.430044,1,1,0,0,1,0,1,1,1,0,49.86477,0,1,1,0,0,0,0,1,0
0,3,43915.04,11.12242,0,1,1,0,0,0,0,0,1,1,57.55841,0,1,1,0,0,1,0,0,0
0,1,24650.65,5.923378,1,1,0,0,1,0,1,1,1,0,65.26459,1,0,1,0,1,0,0,0,1
0,1,52506.62,8.832628,0,1,0,1,0,0,1,1,1,0,68.01321,0,0,1,1,0,0,0,1,0
0,4,73611.46,11.02579,0,1,0,0,0,0,0,1,0,0,69.05044,0,0,1,0,0,0,0,1,0
0,5,41756.12,9.018827,0,1,1,1,1,1,0,1,1,0,68.90605,1,0,1,0,0,1,0,0,1
0,1,6034.69,10.80599,0,1,0,0,0,0,1,0,0,0,70.33871,0,1,1,0,0,0,1,0,0
1,1,6249.7,14.89202,1,1,1,1,1,0,0,1,1,1,59.27052,1,0,1,0,0,0,0,1,0
1,3,61425.51,12.33669,0,1,1,0,0,1,0,1,1,0,36.88134,1,0,1,1,0,0,0,1,0
0,1,28379.08,12.93227,0,0,1,1,0,0,0,0,1,1,58.42671,0,1,1,0,0,1,0,1,0
0,0,6757.33,8.179568,0,1,1,1,0,0,1,0,1,1,50.97055,1,0,1,0,0,0,0,1,0
0,0,4035.91,12.39438,0,1,0,1,0,0,0,1,0,1,62.91776,0,1,1,0,0,1,0,0,0
0,1,25263.19,10.9286,2,1,1,0,1,0,0,1,1,1,55.10455,0,1,0,0,0,0,0,0,0
0,1,12860.97,9.250737,0,1,1,0,0,0,1,1,1,0,70.39347,0,0,0,0,0,1,0,0,0
1,0,18911.43,13.97172,1,1,0,0,1,0,1,1,1,1,45.10633,1,0,0,0,0,0,0,1,0
0,2,48688.3,13.19477,1,1,0,0,1,1,0,1,0,1,62.23238,0,1,1,0,1,0,0,1,0
0,1,80149.29,12.49404,0,1,0,1,1,1,1,1,1,1,56.98279,0,1,1,0,1,0,0,1,0
0,2,28516.89,6.657538,0,1,1,0,0,0,0,1,0,0,49.59993,0,1,1,0,0,1,0,0,1
0,0,25405.05,8.915517,1,1,0,0,1,0,1,0,1,0,57.89585,0,1,0,0,0,0,0,0,0
0,0,40225.9,9.984674,0,0,0,1,0,1,0,0,1,1,63.58391,0,0,0,0,0,1,0,1,0
0,0,55580.57,10.55807,0,1,0,0,0,1,0,0,0,0,51.08011,0,1,1,0,0,1,0,0,0
0,3,13801.14,10.51378,0,1,0,1,1,1,1,0,0,1,53.79471,1,0,1,0,0,0,1,0,0
0,0,61269.37,6.938827,0,1,1,0,1,0,1,1,1,1,53.06052,0,0,1,1,0,0,0,0,1
0,3,62939.99,8.593968,0,1,1,0,0,0,0,0,1,1,62.96952,0,1,0,0,1,0,0,1,0
0,0,28238.85,6.940518,1,1,1,0,1,0,0,0,0,0,62.55541,1,0,0,1,0,0,0,1,0
0,3,31450.16,8.52111,1,1,1,0,1,0,0,1,1,0,68.31311,0,1,1,0,0,0,1,0,1
0,4,16210.46,12.88184,0,1,0,1,0,1,1,0,1,0,59.39367,0,1,0,0,0,0,0,1,0
0,3,76095.68,17.86153,0,1,1,0,1,0,1,0,0,0,52.21545,0,0,1,0,0,0,0,1,0
0,1,90706.26,7.324302,1,1,0,0,0,0,0,1,0,0,53.61209,1,0,0,1,0,0,0,1,0
0,3,29228.14,15.53974,0,1,1,1,0,0,0,0,0,1,50.54849,0,1,1,0,0,0,0,1,0
0,1,7071.85,11.68162,0,1,0,0,0,0,0,1,0,0,67.2599,1,0,0,0,0,0,0,1,0
0,3,72549.36,11.42361,0,1,1,1,1,1,1,0,1,0,54.396,0,1,0,0,1,0,0,1,0
0,0,65558.44,7.550212,0,1,1,0,0,1,0,1,0,1,40.32467,0,1,1,0,0,0,0,0,0
0,0,52985.04,7.899627,0,1,1,0,1,0,1,0,0,1,52.0997,1,0,0,0,0,1,0,0,1
0,2,28276.68,3.641921,0,1,1,0,1,1,0,1,0,0,69.97639,0,1,1,0,0,0,0,0,0
0,2,16263.98,3.814618,1,1,0,0,0,1,0,1,0,1,56.09767,1,0,0,0,1,0,0,0,1
0,0,43750.86,9.685299,1,1,0,1,0,0,1,1,0,1,52.36016,0,1,1,0,1,0,0,1,0
0,4,44318.03,10.71884,0,1,1,0,0,0,1,0,0,1,49.88118,0,0,0,0,0,0,1,1,0
0,2,38806.49,7.708065,1,1,0,1,1,1,1,0,0,0,51.39351,0,1,0,0,0,0,1,1,0
0,3,16134.75,9.704036,1,1,1,0,0,1,0,0,1,0,64.33331,0,0,0,0,0,0,1,0,0
0,2,24417.9,10.58549,0,1,0,0,1,1,0,0,1,1,58.06953,0,1,1,0,0,0,1,1,0
0,2,15231.77,10.83194,1,1,1,0,0,0,1,1,0,0,68.82747,0,1,0,1,0,0,0,0,1
0,0,44808.02,14.03414,0,1,1,0,1,0,1,0,0,1,68.26584,0,1,1,1,0,0,0,1,0
0,1,89310.12,6.188606,1,1,0,0,1,0,0,0,0,1,58.42342,0,1,1,0,0,0,1,1,0
0,0,34629.11,12.56263,0,1,0,0,1,1,0,0,0,1,50.84495,0,1,0,0,0,1,0,1,0
0,3,18998.58,12.63827,0,1,0,0,0,0,1,0,1,1,63.87305,0,1,0,0,0,0,0,0,0
0,5,12154.87,11.51328,0,1,1,0,1,1,0,1,0,0,43.18866,1,0,0,0,0,0,0,1,0
0,1,34164.73,15.53819,0,1,1,0,1,0,0,1,0,0,64.2522,0,0,0,1,0,0,0,1,0
0,1,11397.14,7.839258,0,1,0,0,0,1,0,0,1,1,48.79391,1,0,1,0,0,0,1,0,0
0,1,63363.51,9.781182,1,1,0,0,1,0,0,1,0,0,51.54883,1,0,1,1,0,0,0,1,0
0,1,64756.4,10.377,0,1,1,0,0,0,0,0,0,1,70.24032,0,1,1,0,0,0,1,0,1
0,0,17666.42,14.54649,0,1,1,0,1,1,0,0,0,1,66.8616,1,0,0,0,0,1,0,1,0
0,1,12116.02,12.60035,0,1,0,0,1,0,0,1,0,1,43.2029,1,0,0,0,0,0,0,1,0
0,0,32843.32,11.46459,1,1,1,0,1,0,1,0,0,0,46.39161,0,0,0,0,0,0,0,1,0
0,2,50998.03,10.65361,0,1,0,1,0,1,0,0,1,0,70.74092,0,1,0,0,0,0,0,0,1
0,0,47522.52,6.506202,1,1,0,1,0,0,0,1,1,1,69.78016,1,0,1,0,0,1,0,0,0
1,1,35866.89,11.24126,1,1,1,0,1,0,1,1,1,0,59.99904,1,0,1,0,0,0,1,1,0
0,4,23498.57,5.625894,1,1,1,1,0,1,0,0,1,1,58.50038,0,1,1,0,0,0,0,1,0
0,0,42924.08,13.62004,0,1,1,0,0,0,0,0,0,0,65.84668,1,0,1,0,1,0,0,1,0
0,1,12434.17,8.820682,0,1,1,1,0,0,0,1,1,1,47.40865,0,0,0,1,0,0,0,1,0
0,3,5512.35,8.677024,1,1,0,1,0,1,0,0,0,1,64.91404,1,0,1,0,1,0,0,1,0
0,0,4241.63,10.55534,0,1,0,0,1,0,0,1,1,1,69.27282,1,0,1,0,0,0,0,0,0
0,1,11320.55,9.650912,2,1,1,0,0,1,1,1,0,0,62.20392,1,0,1,1,0,0,0,0,1
1,0,8985.14,14.48734,2,1,0,0,1,1,1,1,1,0,63.07037,1,0,1,0,0,0,0,1,0
0,3,39270.14,8.28654,0,1,1,0,1,1,0,0,0,1,41.54053,0,1,0,0,0,1,0,0,1
0,0,6527.16,9.501931,0,1,1,0,0,0,0,0,0,1,55.27064,0,1,0,0,1,0,0,1,0
0,0,43854.96,12.84373,2,1,1,1,0,0,0,1,1,0,70.14056,1,0,0,0,0,1,0,0,0
0,0,33554.51,10.92276,0,1,1,1,0,0,1,0,1,0,68.53399,0,1,0,0,0,0,1,1,0
0,0,34511.01,13.28437,2,1,1,1,1,1,0,1,1,1,67.8068,1,0,0,0,1,0,0,0,0
0,0,39372.66,8.519894,0,1,0,0,0,0,1,1,1,1,70.40235,1,0,1,0,0,1,0,0,1
0,0,57201.64,9.245218,0,1,1,0,0,0,0,0,1,1,68.9214,0,1,1,0,1,0,0,1,0
0,3,32213.28,9.770236,2,1,1,0,1,1,0,1,1,0,70.33868,1,0,1,0,0,0,1,1,0
0,2,64849.52,6.613346,1,1,0,0,1,0,0,0,1,0,55.57772,0,0,1,0,0,0,1,1,0
0,1,12097.74,13.72727,0,1,1,0,0,1,0,0,0,1,48.98259,0,1,0,1,0,0,0,1,0
1,1,21066.44,12.31061,1,1,0,0,0,1,0,1,1,0,45.75966,1,0,1,0,0,0,0,0,0
0,0,23274.77,7.933279,1,1,1,1,0,0,1,0,0,1,55.16171,0,1,1,0,1,0,0,1,0
0,7,14731.91,9.918598,0,1,1,0,0,0,0,0,0,1,39.52545,1,0,1,0,0,0,1,0,0
0,2,47333.98,8.772844,0,1,0,1,1,0,1,0,1,1,71.12765,1,0,0,0,0,0,0,0,0
0,2,20496.34,7.476446,1,1,0,0,1,0,1,1,0,0,54.23761,0,0,0,0,0,0,0,0,1
0,1,51151.76,15.23668,1,1,0,0,1,1,1,0,1,1,61.08796,1,0,1,0,0,0,0,0,0
0,1,48168.63,6.238718,0,1,1,0,0,0,0,1,0,1,62.71297,1,0,1,0,0,0,0,1,0
0,4,56225.75,10.09073,0,1,0,1,0,1,1,1,0,0,65.40394,0,0,0,0,0,0,0,0,1
0,0,63841.07,11.5167,1,1,1,0,1,0,0,1,0,1,46.68593,0,1,0,0,0,0,1,0,1
0,2,45913.33,9.218559,0,1,1,0,1,1,0,1,1,1,67.5017,0,1,1,0,0,1,0,0,0
0,4,25010.43,10.0174,0,1,0,1,1,0,0,0,0,1,58.69071,0,0,0,0,0,0,1,0,1
0,3,35053.31,10.9825,0,1,0,1,0,1,1,0,1,0,67.71293,0,0,0,0,1,0,0,1,0
0,1,69158.18,9.883574,1,1,1,0,0,1,0,0,0,0,60.96912,0,0,0,0,0,1,0,0,0
0,3,16276.54,14.7633,0,1,1,1,1,1,1,0,1,0,59.9904,0,1,1,0,0,0,0,1,0
0,0,43895.22,6.471674,0,1,0,0,1,1,1,1,1,1,64.94053,0,0,0,0,1,0,0,0,1
0,3,58783.8,9.059994,1,1,0,1,0,0,0,1,0,1,60.12954,1,0,0,0,0,0,1,0,0
0,1,42369.14,12.68768,1,1,0,1,0,1,0,0,1,1,52.95931,0,1,1,0,0,0,1,1,0
0,1,18386.57,9.698516,0,0,1,1,1,1,0,0,1,1,70.28492,0,1,1,0,0,0,0,1,0
0,4,28791.24,13.67308,0,1,0,0,0,1,0,0,0,1,46.076,0,0,1,0,1,0,0,1,0
0,1,63881.41,10.8116,0,1,0,1,1,0,0,0,0,1,70.45268,1,0,1,1,0,0,0,0,0
0,3,52153.53,9.89943,0,1,1,1,1,0,0,0,1,0,62.86179,0,1,0,1,0,0,0,1,0
0,0,33067.37,9.674462,0,1,0,0,1,1,0,1,0,0,68.3486,0,1,1,0,1,0,0,0,1
0,3,15763.55,10.13542,0,1,0,0,1,0,0,0,0,0,68.04513,0,1,1,0,0,0,0,1,0
0,5,47832.37,7.75187,0,1,0,1,0,0,0,0,0,1,51.19372,1,0,1,0,0,1,0,0,1
0,2,43374.14,12.98864,0,1,0,0,1,1,0,0,1,0,63.20163,1,0,0,0,1,0,0,1,0
0,1,90756.87,8.306153,0,1,0,0,1,1,0,1,1,1,65.50762,0,1,1,0,0,0,0,1,0
0,2,7172.86,8.239022,1,1,1,0,1,1,1,0,0,1,71.805,1,0,0,0,0,0,0,1,0
0,2,98425.53,5.646236,0,1,1,0,0,0,0,1,0,1,63.83868,0,0,0,0,1,0,0,1,0
0,3,72214.56,8.595905,0,1,0,1,1,0,0,1,0,0,71.97382,1,0,0,0,1,0,0,0,1
0,0,26077.57,8.413018,1,1,0,1,0,0,0,1,0,1,51.68157,1,0,1,1,0,0,0,1,0
0,0,22875.95,7.134899,0,0,0,1,1,0,1,1,1,0,66.21743,0,1,0,1,0,0,0,1,0
0,3,37808.3,15.06607,0,1,0,1,1,0,1,0,0,0,66.29727,0,1,0,0,0,1,0,0,0
0,1,22192.77,9.432528,0,1,0,0,1,1,1,0,0,0,70.11749,1,0,1,0,0,0,0,1,0
0,0,63870.16,12.94624,0,1,1,1,1,1,0,1,0,0,70.42914,0,1,1,0,0,1,0,1,0
0,0,67694.49,7.746416,0,1,1,0,0,0,0,1,0,1,61.35472,0,1,0,0,1,0,0,1,0
0,4,64140.04,13.64852,0,1,0,0,1,1,0,0,1,1,67.08536,0,1,1,0,0,1,0,0,0
0,0,65966.95,10.11368,0,1,0,1,1,0,0,0,0,0,47.59384,0,1,1,0,0,1,0,0,0
0,1,9880.38,11.38673,1,1,1,0,0,1,0,1,1,1,64.77844,0,1,1,0,0,1,0,0,0
0,1,37513.71,8.746045,0,1,0,0,0,0,0,0,1,1,69.22361,1,0,1,1,0,0,0,1,0
0,0,61583.24,11.62325,0,1,0,0,1,0,0,1,0,0,68.78508,1,0,1,0,0,0,1,0,0
0,4,66612.08,6.216534,0,1,0,1,0,0,0,1,0,0,46.38121,0,0,1,0,0,0,0,1,0
0,5,11609.18,14.22906,0,1,1,1,0,0,0,0,1,1,40.80483,1,0,0,0,0,1,0,1,0
1,2,37588.44,7.809647,0,1,0,1,1,0,0,1,1,1,50.98888,1,0,1,0,0,1,0,1,0
0,0,72753.32,6.436341,2,1,1,1,1,1,1,0,1,1,66.19976,0,1,0,0,0,0,1,1,0
0,4,12226.89,10.47687,1,1,0,1,1,1,1,1,0,1,38.64796,0,1,1,0,0,0,1,1,0
0,2,49768.03,16.93215,2,0,1,0,0,0,1,1,1,1,51.74095,1,0,1,1,0,0,0,1,0
0,1,56969.75,7.382948,0,1,0,1,1,1,1,1,0,1,51.91699,0,1,1,1,0,0,0,1,0
0,5,49914.94,6.40204,1,1,0,1,0,0,1,1,0,0,52.66362,0,0,1,1,0,0,0,1,0
0,1,35214.65,9.584041,1,1,0,1,1,1,0,1,1,0,65.09341,1,0,0,0,1,0,0,0,0
0,0,70752.94,7.915988,1,0,0,1,1,0,0,0,1,1,60.19463,1,0,0,0,0,0,1,1,0
0,4,33733.53,11.90247,0,1,1,1,0,1,1,0,0,1,66.98322,0,1,0,0,0,0,1,1,0
0,3,83600.69,13.19842,0,0,1,1,0,0,0,0,1,1,57.67058,0,1,1,1,0,0,0,1,0
0,0,19345.8,8.549581,0,1,0,0,0,1,0,1,1,1,67.86253,0,1,1,0,0,0,1,0,0
0,4,54364.66,6.134364,2,1,0,1,0,0,1,0,1,1,63.90801,0,1,1,0,1,0,0,1,0
0,2,8930.13,12.89589,0,1,0,1,0,0,0,1,1,0,69.59294,1,0,0,1,0,0,0,1,0
0,2,41443.63,7.805258,0,1,1,1,0,1,1,1,1,1,54.06378,0,0,1,0,0,1,0,0,0
0,0,59563.85,8.739705,2,1,1,0,0,0,1,1,1,1,58.08347,1,0,1,0,0,1,0,1,0
0,1,60703.43,10.7128,0,1,1,1,0,1,0,1,0,0,51.47333,1,0,1,0,0,0,0,1,0
0,4,10937.24,14.00904,1,1,0,1,0,0,0,0,1,0,60.15609,0,1,0,0,0,0,0,0,0
0,1,11991.16,16.12716,0,1,0,1,0,0,1,1,1,1,60.49719,0,1,1,0,0,1,0,1,0
0,1,101307,11.15453,0,1,0,1,1,0,1,1,0,1,67.86978,1,0,0,0,0,0,1,0,1
0,3,14808.26,6.249562,0,0,1,1,0,1,1,1,1,0,53.62757,0,1,1,0,0,0,1,0,0
0,1,44406.69,5.227959,0,1,0,0,0,0,1,0,0,1,68.36641,0,0,1,0,0,0,1,0,0
0,1,6733.76,11.86573,1,1,1,0,0,0,0,0,0,1,65.9999,0,0,1,1,0,0,0,1,0
0,4,16834.95,7.739197,1,1,1,0,1,1,0,0,0,0,66.49538,0,1,0,0,1,0,0,1,0
0,2,33146.51,8.646262,0,1,0,0,1,0,1,0,0,1,56.53633,0,0,1,0,0,0,0,0,1
0,2,18809.09,5.659416,0,1,1,0,1,0,1,1,1,1,67.56344,1,0,1,0,1,0,0,0,1
0,3,66604.21,13.27635,0,1,1,0,1,1,1,1,0,0,68.90677,0,0,0,0,0,0,1,1,0
0,3,15872.42,9.143699,0,1,1,1,1,0,0,1,0,1,66.78392,0,1,1,0,0,0,1,0,1
0,2,50217.94,10.5792,0,1,1,0,0,0,1,0,0,1,67.50379,0,1,0,0,0,0,1,0,1
0,1,15611.4,8.117138,0,1,0,0,1,0,0,1,0,0,60.58684,0,0,0,0,0,1,0,0,0
0,0,75249.62,12.65954,1,1,0,1,0,1,0,0,0,1,44.79567,1,0,1,0,1,0,0,0,1
0,3,20901.9,5.189933,0,1,0,0,0,0,1,1,0,1,66.1916,0,1,1,0,0,0,1,0,0
0,6,24023.55,8.588839,1,1,0,0,0,1,0,0,1,0,62.4919,1,0,1,0,0,0,0,1,0
0,2,19367.71,6.949099,1,1,0,0,0,0,1,1,0,1,58.52641,1,0,1,0,1,0,0,0,0
0,3,59084.69,8.635838,0,0,1,0,0,0,0,0,1,1,57.7475,0,1,1,0,0,0,1,1,0
0,2,41983.7,10.085,0,1,1,0,1,1,0,1,1,0,64.51973,0,1,1,0,0,0,1,1,0
1,0,22514.47,8.590631,0,1,0,0,1,0,0,1,1,0,40.82315,0,0,0,0,0,0,0,1,0
0,0,94246.4,14.46154,1,1,0,1,0,0,0,1,1,0,60.49154,1,0,1,0,0,1,0,0,0
0,0,16648.35,11.51699,0,1,1,0,0,0,0,1,1,1,67.98943,0,1,0,0,1,0,0,0,0
0,0,24024.91,11.84544,1,1,0,0,1,0,0,0,0,0,53.32394,1,0,1,0,0,0,0,0,1
0,1,23375.97,12.34344,0,1,0,0,0,0,1,1,0,1,71.09348,1,0,0,1,0,0,0,1,0
0,0,15635.34,14.6305,0,1,0,0,0,0,0,1,1,0,63.36271,1,0,0,0,0,0,1,0,0
0,3,13933.32,10.77203,1,1,0,0,1,1,1,0,0,1,60.57969,0,1,1,0,0,0,1,1,0
0,3,26214.55,11.16447,0,1,1,0,1,0,1,0,1,0,55.97831,0,0,1,1,0,0,0,0,1
0,1,48074.79,7.521116,0,1,1,1,0,0,0,0,0,0,70.68617,0,1,0,0,0,1,0,1,0
0,5,13269.12,13.57171,2,1,0,0,1,0,0,0,1,1,58.73351,1,0,1,0,0,0,0,1,0
0,4,42215.28,5.148274,1,1,1,0,0,0,1,0,1,1,71.51635,1,0,1,1,0,0,0,0,1
0,7,22585.74,10.7048,2,1,0,1,0,0,0,1,1,0,68.34459,0,1,1,0,0,0,0,1,0
1,2,36841.04,12.74847,0,1,0,1,1,0,0,1,1,0,61.27787,0,1,0,0,1,0,0,1,0
0,2,28900.26,10.17943,1,1,0,0,0,0,0,0,0,1,63.08151,0,1,1,1,0,0,0,0,1
0,3,35671.63,10.93051,1,1,1,1,1,0,0,0,0,0,65.68687,0,1,1,0,0,0,1,0,1
0,4,45042.86,10.6054,0,1,1,1,0,1,1,1,0,0,60.14219,0,0,0,1,0,0,0,0,1
0,0,24225.45,10.87091,0,1,1,0,1,1,0,0,0,0,47.94936,0,1,1,1,0,0,0,1,0
0,0,11079.6,10.24287,1,1,0,1,1,1,0,0,1,1,68.22138,0,0,1,0,1,0,0,1,0
0,5,66230.63,7.477674,1,1,0,0,0,0,0,1,0,1,39.97152,0,1,0,0,0,1,0,1,0
0,0,15231.39,12.29465,1,1,1,0,0,0,0,1,1,1,64.87596,0,1,0,0,0,0,1,0,1
0,0,25888.53,5.4481019999999996,0,1,1,1,1,0,0,0,0,1,60.95525,1,0,1,0,0,1,0,0,1
0,3,41753.09,7.838764,0,1,1,1,1,0,0,1,1,0,67.21909,0,1,0,0,1,0,0,0,1
0,4,43293.26,11.51007,0,0,0,1,0,1,0,0,0,1,70.28113,0,1,1,0,0,0,1,0,1
0,4,8214.65,8.549542,1,1,1,1,0,0,0,1,0,1,47.16189,0,1,0,0,0,0,1,1,0
0,5,28019.03,8.312154,1,1,0,0,0,0,1,1,0,1,65.2185,1,0,1,1,0,0,0,1,0
0,2,34919.71,12.52796,0,1,1,1,1,1,0,1,0,1,39.70805,1,0,0,0,0,0,1,0,0
0,1,19056.07,8.898543,0,1,1,0,1,1,0,1,0,0,66.33852,0,1,0,0,1,0,0,0,0
0,3,16602.2,11.43794,0,1,1,1,0,1,1,1,1,1,58.2471,1,0,1,0,0,1,0,1,0
0,1,22549.82,10.97136,1,1,0,0,0,0,0,1,0,0,68.4249,1,0,0,1,0,0,0,0,1
0,3,17078.58,8.935074,0,1,0,0,0,1,0,1,0,0,61.16472,1,0,1,1,0,0,0,1,0
0,0,59261.2,9.279998,0,1,1,0,0,0,0,0,1,0,59.9106,1,0,0,0,0,0,0,0,0
0,0,13824.18,9.169502,0,1,1,1,0,1,0,0,1,0,67.69161,0,1,0,1,0,0,0,0,0
0,3,46769.27,16.42412,1,1,1,1,0,0,0,0,0,0,59.0652,0,1,1,0,0,1,0,1,0
0,4,34534.92,8.571698,0,1,1,0,0,0,1,1,0,1,62.58001,0,1,1,0,0,0,1,0,1
0,7,19228.8,14.40307,1,1,1,1,1,1,1,0,0,0,69.0717,0,0,1,0,0,1,0,0,1
0,6,37028.57,11.84676,2,1,0,0,1,0,0,0,1,0,68.55021,0,0,1,1,0,0,0,1,0
0,1,4522.89,7.256689,1,1,0,0,0,0,0,1,1,1,69.06918,0,0,0,0,0,1,0,1,0
0,3,7878.24,12.02012,0,1,0,0,1,0,0,1,0,1,53.89174,0,1,0,0,0,0,1,0,0
0,1,20327.16,11.27511,0,1,0,0,0,0,0,0,0,0,53.79108,0,1,0,1,0,0,0,1,0
0,1,84009.73,8.520277,0,1,1,1,0,0,0,1,1,1,63.71108,0,1,1,0,1,0,0,1,0
0,6,68395.96,13.88653,0,1,1,0,0,0,1,1,0,0,64.62702,1,0,0,0,1,0,0,0,0
0,1,33780.14,9.622541,0,1,1,0,0,0,0,1,1,0,50.02645,0,1,1,0,0,1,0,0,0
0,1,16804.27,8.484101,0,1,0,0,0,0,0,1,0,0,58.08952,0,1,1,0,0,0,1,1,0
0,4,66183.72,9.302148,1,1,0,1,1,1,0,1,1,1,70.67844,0,1,0,0,0,0,0,1,0
0,1,7564.31,9.193075,0,1,0,0,0,0,1,1,0,1,69.6864,0,1,0,1,0,0,0,1,0
0,1,27615.28,12.15309,0,1,0,1,0,0,0,0,1,1,70.74838,0,0,1,1,0,0,0,0,0
0,4,50930.19,6.947436,0,1,0,0,1,0,0,1,1,0,64.07652,0,1,1,0,1,0,0,1,0
0,4,42635.51,7.974716,1,1,0,0,0,0,0,1,1,0,41.6814,1,0,1,0,0,0,0,0,1
0,6,12734.05,7.048181,0,1,1,1,1,0,0,0,1,0,68.51142,0,1,1,0,0,0,1,1,0
0,2,58162.66,14.78396,0,0,0,0,0,0,1,1,1,1,61.60969,0,0,1,0,0,0,0,1,0
0,1,28613.3,11.51231,1,1,0,0,1,0,1,1,1,1,55.39854,0,1,1,0,1,0,0,1,0
0,4,58120.56,10.53777,0,1,1,1,0,1,1,0,0,1,71.44783,0,1,1,1,0,0,0,1,0
0,6,24835.35,8.191163,0,1,1,1,1,1,0,1,0,0,67.99043,0,1,0,0,0,1,0,1,0
0,0,26412.67,11.05068,0,1,0,0,0,0,1,1,0,1,55.63139,0,1,1,0,1,0,0,1,0
0,7,61257,10.85703,0,1,0,0,1,1,1,0,0,0,71.12548,0,1,0,0,1,0,0,1,0
0,2,44622.42,8.627751,1,1,0,1,0,1,0,1,0,0,63.48369,0,1,1,0,0,0,1,0,1
0,1,65548.03,10.05475,0,0,0,0,0,0,1,1,0,0,65.13371,1,0,1,0,1,0,0,1,0
0,5,23994.35,11.73898,0,1,1,0,1,0,0,1,1,1,44.03142,1,0,1,1,0,0,0,0,1
0,1,23441.22,9.44465,0,1,0,0,0,0,1,1,1,0,60.77973,1,0,1,0,0,0,1,0,1
0,4,11404.4,8.264893,0,1,1,0,0,0,0,1,0,1,65.61856,0,1,0,1,0,0,0,1,0
0,0,25213.39,10.63561,0,1,0,0,0,1,1,1,1,1,65.25094,1,0,1,1,0,0,0,1,0
0,3,25977.73,9.523458,0,1,1,0,1,1,0,0,1,0,53.19577,0,0,1,1,0,0,0,1,0
0,0,43778.76,7.779153,1,1,0,0,0,1,1,1,0,1,54.55457,0,1,1,1,0,0,0,0,0
0,4,51257.19,7.21347,0,1,0,0,0,0,0,0,0,1,43.51853,0,0,0,0,0,0,1,1,0
0,2,1785.94,15.1958,0,0,0,0,1,0,0,1,1,1,70.66353,0,1,1,0,0,0,1,1,0
0,7,30153.27,11.59084,0,1,0,0,1,0,1,1,1,1,55.31399,0,1,0,0,1,0,0,1,0
0,0,15393.51,11.82966,1,1,0,1,1,0,0,0,1,0,59.8036,0,1,1,0,1,0,0,0,1
0,2,28749.22,13.88509,1,1,0,0,0,0,0,1,0,0,44.59709,0,1,0,0,1,0,0,0,0
0,0,35557.53,12.25736,0,1,0,0,1,1,0,0,1,0,63.30112,1,0,1,0,1,0,0,1,0
0,1,22049.22,8.332089,2,1,1,0,1,0,1,1,0,0,69.59174,0,1,0,1,0,0,0,0,0
1,3,31881.36,9.900113,0,1,1,0,1,1,1,1,1,1,56.82842,1,0,0,0,1,0,0,0,0
0,0,31896.6,9.627499,1,1,0,0,0,1,1,1,1,1,64.82387,1,0,0,0,1,0,0,0,0
0,1,10588.62,10.43871,0,1,0,1,1,1,1,1,1,0,64.64639,0,1,0,0,0,0,1,0,0
0,1,14396.37,10.78419,0,1,1,0,0,0,1,1,0,0,65.2908,0,0,0,1,0,0,0,0,0
0,2,45926.27,6.594636,1,1,1,0,0,0,1,1,0,0,61.06693,1,0,1,0,1,0,0,0,0
0,1,73186.39,7.861612,0,1,0,0,1,1,0,0,0,0,70.87198,1,0,0,0,1,0,0,0,0
0,0,51574.81,11.20429,2,1,0,0,0,0,0,1,1,1,70.38624,1,0,0,0,1,0,0,1,0
0,2,33653.85,15.68123,2,1,0,0,1,0,1,0,0,1,56.19179,0,1,0,0,0,0,0,0,0
0,3,12430.83,10.20077,0,1,0,0,1,0,1,0,1,0,68.79253,1,0,1,0,0,0,1,0,0
0,3,31757.09,10.46515,1,1,1,0,0,0,1,1,0,1,56.36817,0,1,1,1,0,0,0,1,0
0,1,18234.2,6.499849,0,0,1,0,1,0,0,0,0,0,69.61652,0,1,0,1,0,0,0,1,0
0,5,85549.31,7.009923,0,1,0,0,1,0,1,1,0,0,40.73541,1,0,0,0,1,0,0,0,0
0,1,92095.69,5.822048,0,1,1,1,1,1,1,1,0,1,60.97847,0,1,1,1,0,0,0,0,0
0,5,36405.73,7.223478,0,1,0,0,0,1,0,1,0,1,43.18342,0,0,0,0,1,0,0,0,0
0,0,29935.05,9.663191,0,1,0,0,0,0,0,0,0,1,59.52332,1,0,0,0,1,0,0,1,0
0,2,71002.71,9.994273,1,1,1,0,1,1,0,0,0,1,63.89833,1,0,0,0,1,0,0,1,0
0,0,78356.31,3.338743,1,1,1,0,1,1,0,1,0,0,63.60495,0,1,1,0,0,0,1,1,0
0,2,12001.77,10.32568,0,1,1,1,0,0,0,0,1,1,71.023,1,0,1,1,0,0,0,1,0
0,1,61256.1,10.13592,1,0,0,1,1,1,0,0,0,1,56.03541,0,1,0,0,0,0,0,0,0
0,0,22211.67,9.321006,0,1,0,1,1,0,0,1,1,0,64.11367,0,0,1,0,0,1,0,1,0
0,3,25777.72,12.38301,0,1,0,1,0,1,0,1,1,0,67.63205,1,0,0,0,0,0,1,0,0
0,0,25046.32,10.955260000000001,0,1,0,0,0,1,1,0,0,1,70.03794,0,1,1,0,0,0,0,1,0
0,4,32735.23,11.70344,1,1,1,1,0,1,0,0,0,1,43.99275,1,0,1,0,0,0,1,1,0
0,1,29434.53,7.330071,0,1,0,0,0,0,1,1,0,0,69.25731,0,1,1,1,0,0,0,0,1
0,2,29315.85,7.238963,1,0,1,0,0,1,1,1,1,1,67.27889,0,0,1,0,0,0,1,1,0
0,3,36752.22,2.637703,0,1,0,1,0,1,0,0,0,1,56.56411,0,1,1,0,1,0,0,0,1
0,1,9183.89,7.74027,1,1,1,1,0,0,1,1,0,0,69.40052,1,0,1,0,0,0,1,0,0
0,2,11602.24,8.634479,0,1,0,1,0,0,1,0,0,1,55.72308,1,0,0,0,0,0,0,0,1
0,1,12908.92,9.530065,0,1,0,1,1,0,1,1,1,1,60.81814,0,1,1,0,0,0,0,0,1
0,0,26774.77,8.727337,0,1,1,0,0,0,0,0,0,1,68.03889,0,1,1,0,0,1,0,1,0
0,4,38674.95,8.523796,0,1,0,0,1,0,0,0,1,0,62.71338,0,1,0,0,0,0,1,1,0
0,1,60460.44,9.764736,0,1,1,0,0,1,0,1,1,0,52.11755,0,1,1,0,0,1,0,1,0
0,1,27361.32,10.27532,0,1,0,0,1,0,0,0,0,1,56.78051,0,1,0,0,0,0,0,0,0
0,1,64687.11,8.01575,0,1,1,0,0,0,0,1,0,1,44.97817,1,0,1,0,0,1,0,0,1
0,0,12197.3,12.03825,1,1,1,1,0,1,1,1,0,1,57.04063,1,0,1,0,1,0,0,1,0
1,1,26921.3,9.831078,1,1,1,1,0,0,0,1,1,1,55.15311,1,0,1,0,0,0,0,1,0
0,0,53517.26,5.083439,1,1,0,0,1,1,1,1,0,1,64.44587,0,1,1,1,0,0,0,1,0
0,1,20550.44,15.16928,1,1,0,0,1,1,0,1,1,1,68.69369,0,0,0,1,0,0,0,0,1
0,3,56876.26,10.58255,2,1,1,0,0,0,0,0,0,1,42.32324,0,1,1,1,0,0,0,0,1
0,0,64936.87,10.79421,1,0,0,1,0,0,0,0,0,0,61.0537,1,0,1,0,0,0,1,0,0
0,0,51568.29,7.473136,0,1,0,1,0,1,0,1,0,1,57.692,0,1,1,0,1,0,0,1,0
0,1,52729.62,11.38611,0,0,0,1,0,0,0,1,1,1,60.78096,0,1,1,0,1,0,0,0,0
0,3,31547.84,8.546718,0,1,0,0,0,0,0,0,0,1,63.99474,1,0,0,0,0,0,1,1,0
0,1,37021.79,9.233657,1,1,1,0,0,1,1,1,1,0,67.68938,0,0,0,0,0,0,1,0,0
0,3,95360.44,14.90809,0,1,0,0,0,1,0,1,1,0,63.79124,0,1,0,0,0,0,1,0,0
0,1,5425.34,8.827268,0,1,0,0,1,1,0,1,0,1,56.07932,1,0,0,0,1,0,0,0,0
0,1,19903.1,12.18916,0,1,1,1,1,1,0,0,1,1,68.6654,0,1,1,1,0,0,0,0,0
0,1,22058.82,8.81118,0,1,0,1,0,1,0,0,1,1,56.79773,1,0,0,0,0,0,1,0,0
1,2,4640.91,8.177195,0,1,1,1,0,1,0,1,1,1,55.04679,1,0,1,0,0,1,0,1,0
0,1,20164.01,8.878152,0,1,1,1,0,0,1,0,1,1,55.44991,0,1,0,0,0,1,0,1,0
0,4,33488.35,12.12987,0,0,1,1,0,0,1,1,1,0,60.7968,0,1,0,0,0,1,0,0,0
0,1,25750.6,11.72749,0,1,1,1,0,0,1,1,0,1,50.31252,0,1,0,0,1,0,0,1,0
0,3,21599.58,12.85761,0,1,0,0,1,1,0,0,0,0,43.50453,0,1,1,1,0,0,0,1,0
0,1,20843.03,7.246368,1,1,1,0,1,1,1,0,1,1,52.86954,0,0,1,0,0,0,1,0,0
0,0,31234.72,10.93917,0,1,1,1,1,0,0,0,0,0,57.72738,1,0,0,0,0,1,0,1,0
0,2,69232.25,3.624683,0,1,0,0,0,0,1,1,1,1,61.28236,0,1,1,0,1,0,0,1,0
0,0,71166.06,14.93768,1,0,0,1,1,0,1,1,1,1,51.87037,1,0,1,1,0,0,0,0,0
0,2,24367.72,11.56322,0,1,0,1,0,0,0,0,1,1,51.22665,1,0,1,1,0,0,0,1,0
0,1,43492.61,12.53408,1,0,0,0,1,0,1,0,1,0,58.85409,1,0,0,0,0,0,0,0,1
0,2,53458.43,15.80514,0,1,0,1,1,0,1,1,1,1,69.54041,1,0,1,0,1,0,0,0,1
0,0,12944.52,12.32015,0,1,0,0,0,0,0,0,1,0,68.54712,1,0,1,1,0,0,0,1,0
0,1,18336.35,9.438457,0,1,1,1,1,1,1,0,0,1,57.06365,0,1,1,1,0,0,0,1,0
0,1,23456.98,7.778344,1,1,1,0,0,0,1,0,1,0,50.14744,0,1,0,0,0,0,0,0,1
0,1,20316.98,8.020199,0,1,0,0,1,0,0,1,0,1,55.29606,0,1,0,0,1,0,0,0,0
0,2,68803.52,10.77725,0,0,0,0,1,0,0,1,0,0,56.3981,0,1,1,0,0,0,0,1,0
1,3,43850.44,14.02417,1,1,1,0,1,1,1,1,1,1,69.13685,0,1,1,1,0,0,0,1,0
0,3,12616.3,10.20316,0,1,1,0,1,1,0,1,1,0,70.89738,0,1,1,0,0,1,0,0,0
0,0,43468.48,7.563689,0,1,1,0,0,1,0,1,1,1,45.93241,1,0,1,0,0,0,0,0,1
0,2,20782.03,6.252582,0,1,1,0,0,1,0,1,0,0,70.14712,0,1,1,0,0,0,1,1,0
0,3,42104.22,11.67546,0,1,1,0,0,1,0,0,0,1,69.68937,0,1,0,1,0,0,0,0,0
0,0,26353.03,6.445166,0,1,0,0,1,0,0,0,1,1,63.64621,0,1,1,0,0,0,0,1,0
0,0,18498.45,7.815757,0,1,1,0,1,0,1,0,1,1,48.56433,1,0,0,0,1,0,0,0,0
0,2,43096.85,8.01759,0,1,0,0,1,0,0,1,0,1,58.06194,1,0,0,0,0,0,1,1,0
0,0,12881.49,10.51765,1,1,0,1,0,0,0,1,1,1,60.97619,0,1,0,0,0,0,0,1,0
0,4,14876.79,6.593658,0,1,0,0,1,1,0,1,1,1,61.4943,0,1,0,0,0,0,1,0,0
0,0,5156.97,11.64392,0,1,1,1,1,0,0,1,1,1,58.15583,1,0,1,0,0,0,1,0,0
0,5,4986.92,7.853321,0,1,0,0,0,0,0,0,0,0,52.39253,0,1,0,0,0,1,0,1,0
0,3,35901.58,6.406512,1,0,1,0,1,0,0,0,1,0,63.5224,0,0,0,0,0,0,1,1,0
0,0,9310.14,6.927298,0,1,1,1,1,1,1,0,1,1,63.28052,0,1,0,0,1,0,0,1,0
0,3,45249.29,9.988954,0,1,1,0,1,1,1,1,0,0,63.01044,0,1,0,0,0,0,1,1,0
0,1,48702.23,12.47071,0,1,1,1,1,0,0,1,1,0,58.28008,0,1,0,0,0,1,0,0,0
0,1,20921.95,8.623899,1,1,0,1,1,1,0,1,1,0,54.68337,0,1,1,0,0,0,1,0,1
0,1,52758.91,11.46155,0,0,1,1,1,0,1,0,0,0,69.56109,0,1,1,0,0,1,0,0,1
0,1,72870.66,13.83085,1,1,0,0,1,1,1,0,1,1,69.7211,1,0,0,1,0,0,0,1,0
0,3,19659.9,6.115623,1,1,0,0,1,1,1,1,0,1,55.15571,0,0,1,0,0,0,1,0,0
0,0,18833.25,9.430403,1,1,1,1,0,1,1,1,1,0,52.95508,0,0,1,0,0,0,1,0,1
0,0,80751.69,5.663817,0,1,1,0,0,0,1,0,0,1,57.92383,0,0,0,0,0,1,0,1,0
0,1,38131.01,6.185475,0,1,1,0,0,0,0,0,1,1,39.27289,0,1,1,1,0,0,0,0,1
0,1,63467.94,8.366414,0,1,0,0,1,0,1,1,1,0,71.67868,1,0,0,0,0,0,0,0,1
0,1,15651.78,10.09753,1,1,1,0,1,0,0,0,0,0,69.70982,0,1,0,0,1,0,0,0,1
0,1,87907.66,12.10813,0,1,1,1,0,1,1,1,1,0,67.92804,0,1,0,1,0,0,0,0,0
0,2,10471.59,9.379331,0,1,1,0,0,0,0,1,1,1,52.58546,0,1,1,0,0,0,0,0,1
0,0,43588.1,8.486165,0,1,1,0,0,1,0,1,1,0,61.85982,0,1,1,0,0,0,0,0,0
0,0,6988.17,12.73528,0,1,0,1,1,0,0,0,0,1,71.44569,0,0,1,0,0,0,1,1,0
0,2,23120.09,12.98993,0,1,0,0,0,1,0,1,0,0,71.50838,0,1,0,0,0,0,1,1,0
0,0,10064.84,4.484085,0,1,0,1,0,0,0,0,0,1,69.9386,0,1,1,0,0,0,0,1,0
0,1,19594.02,7.552433,1,1,1,0,1,0,0,1,1,1,57.81039,0,0,1,0,0,0,0,0,1
0,3,63977.13,6.008081,0,1,0,1,0,0,0,0,1,0,70.00545,0,0,1,0,0,0,0,1,0
0,1,48908.22,9.624033,0,1,0,1,0,0,0,1,1,0,64.37488,0,0,0,0,1,0,0,0,0
0,1,13549.81,8.477589,1,1,1,1,1,0,0,0,1,1,55.71809,1,0,0,1,0,0,0,0,0
0,6,31716.91,4.068396,1,1,1,0,0,1,1,1,0,0,54.73234,1,0,1,0,0,0,0,0,0
0,3,13978.55,8.952255,1,1,0,1,0,0,0,0,0,1,67.83633,0,1,1,0,0,0,0,1,0
0,2,51669.46,11.7614,2,1,1,0,0,1,0,0,1,1,61.91553,0,1,0,0,1,0,0,1,0
0,3,23095.6,11.84008,0,1,0,0,0,0,0,1,0,1,67.35636,0,1,1,0,1,0,0,1,0
0,1,26661.36,8.58683,1,1,0,0,1,1,0,0,1,0,71.92785,0,1,1,0,1,0,0,1,0
0,0,26480.5,10.85729,0,1,0,0,1,0,0,0,0,1,69.16679,1,0,0,1,0,0,0,1,0
0,2,41467.56,7.40371,0,1,1,1,0,0,0,1,1,1,65.22821,0,0,0,0,1,0,0,1,0
0,3,23519.01,8.838694,0,1,1,0,0,0,1,0,0,0,52.1213,0,1,1,0,0,0,0,0,0
0,0,25050.64,7.940397,1,1,0,0,1,0,0,0,0,0,66.29517,0,1,0,0,0,0,0,0,1
0,1,42034.08,9.158931,0,1,1,0,1,0,0,0,0,0,55.67421,0,1,0,1,0,0,0,1,0
0,0,17413.73,13.05714,0,1,0,0,0,0,0,1,1,1,67.23058,1,0,1,0,0,0,1,1,0
0,3,63708.34,7.71243,0,1,1,1,1,1,0,0,0,0,64.46474,0,0,1,1,0,0,0,1,0
1,3,19364.23,7.500922,0,0,1,1,1,0,0,1,1,1,62.08563,0,1,0,1,0,0,0,1,0
0,0,9950.46,9.093379,0,1,0,1,0,0,0,1,1,0,52.59645,0,1,0,1,0,0,0,1,0
0,5,65012.85,7.761601,0,1,0,0,0,0,1,1,0,1,60.70855,0,1,1,0,1,0,0,0,0
0,3,10922.91,13.32505,1,1,1,1,0,1,1,1,0,1,54.59144,0,0,0,1,0,0,0,0,0
0,2,54859.16,10.1755,0,0,1,0,1,0,0,1,1,1,44.21572,0,1,0,0,0,1,0,0,1
0,3,29753.9,13.19849,0,1,0,1,0,0,0,1,1,0,66.16108,0,1,1,0,0,0,1,0,1
0,1,9802.05,12.76536,2,1,1,0,0,1,0,0,1,0,43.91274,0,1,0,0,0,0,1,0,0
0,3,45166.7,8.637922,1,1,1,1,1,0,0,0,1,1,61.69408,0,1,1,0,0,0,1,1,0
0,2,14761.9,9.540415,2,1,1,1,0,0,0,0,0,1,67.02374,1,0,1,0,1,0,0,0,0
0,1,20618.01,10.08633,0,1,1,0,1,1,0,1,0,0,56.67924,0,1,1,0,0,1,0,0,1
0,3,89484.89,12.74981,0,1,0,0,0,1,0,0,0,0,53.47075,0,0,0,1,0,0,0,1,0
0,0,6825.46,12.84155,0,1,1,0,0,0,0,1,1,0,55.83128,0,0,1,0,1,0,0,0,1
0,1,29732.11,6.519561,0,1,0,0,0,0,1,0,0,0,71.31142,0,1,1,0,1,0,0,1,0
0,1,23283.85,5.819784,0,1,0,0,0,1,1,0,0,1,49.59222,1,0,0,1,0,0,0,1,0
0,1,4498.71,17.46416,0,1,1,1,0,0,1,1,0,1,63.3194,1,0,1,1,0,0,0,1,0
0,0,51371.19,12.88716,1,1,1,1,0,0,0,1,1,0,47.86746,0,1,1,0,0,0,0,0,0
0,4,16151.73,7.692979,1,1,0,0,1,1,0,1,1,0,60.45695,1,0,1,0,1,0,0,0,1
0,1,30686.01,7.070032,0,1,1,0,0,0,0,0,0,0,66.02069,1,0,0,0,0,0,1,1,0
0,3,20240.87,8.732089,0,1,1,0,0,1,0,0,0,0,66.13718,0,1,0,0,0,0,0,0,1
0,3,3157.81,15.27827,2,1,0,1,1,0,1,0,1,1,65.13745,0,1,1,1,0,0,0,0,0
0,3,62064.97,15.18246,0,1,1,0,0,0,1,1,0,1,71.68832,0,1,1,0,0,1,0,1,0
0,5,47777.77,14.62375,0,1,1,0,0,0,1,0,0,1,40.78534,0,1,1,0,1,0,0,1,0
0,1,28658.87,13.26656,1,1,0,0,1,0,0,0,1,1,70.77468,0,1,0,0,0,0,1,0,0
0,4,54091.65,8.2556,2,1,1,0,1,0,0,0,1,1,57.26943,0,0,0,0,1,0,0,0,0
0,1,11267.89,6.764861,2,1,0,1,1,0,0,0,0,0,63.71082,1,0,1,0,0,0,1,0,1
0,2,13547.69,11.58313,0,0,1,1,0,1,1,0,1,0,42.251220000000004,0,1,0,1,0,0,0,1,0
0,0,46826.7,7.802713,0,1,0,1,0,0,1,0,0,1,65.47514,0,1,0,0,0,1,0,0,0
0,0,35989.93,9.230836,0,1,1,0,0,0,0,1,0,1,52.53037,0,1,1,0,1,0,0,0,0
0,2,23449.18,9.889813,1,0,1,0,1,0,0,0,1,1,48.03223,1,0,0,0,1,0,0,0,0
0,0,74519.58,15.41723,0,1,1,1,0,1,0,0,1,1,51.41852,0,1,1,0,0,0,1,1,0
0,0,25647.81,9.021887,0,1,1,0,0,0,0,1,1,1,58.4866,0,1,1,0,0,1,0,0,1
1,1,44165.04,10.47355,0,1,1,0,1,1,1,1,0,1,48.49789,0,1,0,0,0,0,1,1,0
0,2,37694.14,8.645692,1,1,0,0,1,0,1,1,0,1,59.49864,0,0,1,1,0,0,0,0,1
0,0,21253.32,4.612988,0,1,1,0,1,1,0,0,0,0,60.08382,0,1,0,0,1,0,0,1,0
0,3,49737.57,12.54984,0,1,1,0,0,1,0,1,0,1,50.94315,1,0,1,1,0,0,0,0,0
0,0,48628.18,9.836612,0,1,1,1,1,0,0,0,1,1,45.22174,0,1,1,0,0,0,0,1,0
0,3,33056.02,10.5873,0,1,1,0,0,0,0,0,0,1,67.88471,1,0,1,0,0,1,0,1,0
0,3,20215.1,7.570833,0,1,0,0,0,0,1,1,0,0,63.59872,0,0,0,0,0,1,0,0,1
0,1,35305.34,8.135591,0,1,1,0,1,0,0,0,0,1,69.75643,0,1,0,0,0,0,1,0,0
0,0,78242.35,7.296658,0,0,1,1,1,0,1,0,0,1,43.46156,0,1,0,0,0,1,0,1,0
0,3,37955.41,4.545091,1,1,1,0,1,1,1,0,0,1,54.63591,0,1,0,0,0,1,0,1,0
0,6,22243.66,13.3254,0,0,0,0,0,0,1,0,0,1,45.88967,1,0,1,0,1,0,0,1,0
0,0,52286.02,13.08501,0,1,1,0,0,1,0,1,1,1,66.2073,0,0,1,0,1,0,0,1,0
0,3,20138.55,7.645854,1,0,0,0,1,0,0,1,1,0,57.4079,1,0,0,0,0,1,0,1,0
0,4,28226.03,7.071665,0,0,0,0,1,0,0,0,1,1,55.42229,0,1,1,0,0,1,0,0,1
0,4,12170.42,8.968022,0,1,0,1,1,1,1,1,0,0,40.96005,0,0,1,0,0,0,0,1,0
0,3,20769.65,8.318438,0,1,0,0,1,0,1,0,1,0,59.48183,1,0,0,1,0,0,0,1,0
1,4,27211.31,11.67884,0,1,0,1,0,1,0,1,1,0,39.22782,1,0,0,0,0,0,1,1,0
1,1,79248.45,11.64092,0,1,1,0,0,0,0,1,1,0,52.56715,0,1,0,0,0,1,0,0,1
0,2,43672.55,12.54155,2,1,0,0,1,0,0,0,0,1,70.01227,1,0,1,0,0,1,0,1,0
0,3,32596.51,4.332488,0,1,1,0,0,0,0,0,0,1,65.24225,1,0,0,0,1,0,0,0,0
0,0,12824.19,10.21764,0,0,1,1,1,0,0,1,0,0,48.50031,0,1,1,0,0,0,1,1,0
0,3,18785.9,10.74516,1,1,0,0,0,0,1,1,1,1,53.15277,0,1,0,0,0,1,0,1,0
0,1,25684.14,8.563528,0,1,0,0,0,0,0,1,0,0,59.35209,1,0,1,0,0,0,1,1,0
0,2,64277.43,8.619676,0,1,0,1,0,0,0,0,0,1,55.22442,1,0,1,0,0,0,0,1,0
0,5,85614.86,8.434635,1,1,0,0,0,1,0,0,0,1,62.72855,1,0,1,0,0,0,0,0,1
0,2,17300.45,6.275178,0,1,0,0,0,0,0,0,0,0,56.43572,0,0,0,0,0,0,0,1,0
0,0,70618.67,12.09357,0,1,0,1,1,0,0,0,1,0,69.38376,1,0,0,0,1,0,0,1,0
0,0,22295.17,12.83245,0,1,0,0,1,0,0,0,1,0,45.91919,0,1,0,0,0,0,1,1,0
0,0,52543.98,5.086843,0,1,1,1,1,0,1,1,0,1,63.88028,0,1,0,0,0,1,0,0,0
0,0,34471.13,10.01693,0,1,0,0,1,1,1,1,1,1,68.00942,1,0,0,0,0,0,0,0,1
0,5,39654.43,14.48531,1,1,0,1,1,0,0,1,1,1,63.04815,0,0,1,0,1,0,0,1,0
0,0,24220.94,11.50669,0,1,1,1,1,0,0,0,1,0,64.33856,0,0,1,1,0,0,0,1,0
0,4,47254.65,8.342814,0,1,1,0,1,0,0,0,1,1,59.14986,0,0,1,0,0,0,1,1,0
0,1,24040.95,12.12826,0,1,1,1,0,0,0,0,0,1,71.7825,0,1,0,0,0,0,1,0,1
0,1,72654.19,11.40682,0,1,0,0,0,1,0,0,1,0,43.93445,0,1,1,1,0,0,0,0,1
0,7,58391.65,10.14164,0,1,1,0,1,0,0,1,0,0,68.97498,0,0,1,0,0,1,0,0,0
0,3,10892.54,9.29496,1,1,0,0,0,0,0,0,1,1,43.69919,1,0,1,0,1,0,0,0,0
0,0,22554.89,2.269867,0,1,1,0,0,1,1,1,0,0,50.76631,0,0,0,0,1,0,0,1,0
0,4,57497.76,9.154572,0,1,0,0,0,1,0,1,1,1,36.98095,0,1,1,0,0,0,1,1,0
0,2,57108.11,11.07482,1,1,0,0,1,1,1,0,1,0,54.8376,0,0,0,0,0,0,1,1,0
0,6,74305.5,6.975482,0,0,0,1,0,1,0,1,1,1,48.04306,0,1,0,1,0,0,0,0,1
0,6,9275.55,9.32007,2,1,1,0,0,0,1,0,0,1,41.72598,1,0,0,1,0,0,0,0,1
0,0,19683.44,10.31058,0,1,1,1,0,0,0,1,1,1,53.86603,0,1,0,0,0,0,1,1,0
0,2,18679.11,6.584119,0,1,0,1,0,0,1,0,1,1,63.96033,0,1,0,0,0,1,0,1,0
0,3,5043.14,9.256176,0,1,0,1,0,1,1,0,1,1,58.34548,1,0,0,0,0,1,0,1,0
0,0,46656.47,14.89582,0,1,1,1,0,1,0,1,0,1,70.59181,1,0,0,0,0,0,0,1,0
0,2,13240.53,6.921566,0,1,0,0,0,0,0,0,0,1,55.62538,0,0,0,0,0,0,0,0,1
0,1,42679.8,6.950896,0,1,1,1,0,0,0,1,1,1,54.06613,0,1,1,0,0,1,0,0,0
0,3,14009.63,10.37611,0,1,1,0,1,0,0,0,1,0,60.98195,1,0,1,1,0,0,0,0,1
0,0,32076.79,8.016783,0,1,0,0,0,1,1,0,1,0,64.48611,0,1,0,0,1,0,0,0,1
0,2,27479.16,8.238358,1,1,0,1,0,1,0,1,0,1,65.63056,1,0,0,0,0,1,0,1,0
1,4,5026.38,12.23929,1,1,0,1,0,0,1,0,1,0,48.76309,0,0,0,0,1,0,0,1,0
0,2,23024.38,11.86028,0,1,1,0,0,0,0,1,1,1,71.02583,1,0,1,0,1,0,0,0,1
0,1,93186.26,8.332958,1,1,0,0,0,1,0,1,0,1,47.52483,0,0,1,1,0,0,0,0,0
0,4,61395.66,11.51296,0,1,0,0,0,0,0,1,0,0,68.03642,1,0,1,0,0,0,1,1,0
0,0,27123.66,12.32696,0,1,0,1,1,1,1,0,1,1,69.36684,0,0,1,1,0,0,0,1,0
0,1,17595.42,8.974128,0,1,0,0,0,1,0,1,1,0,64.91577,0,0,0,0,0,0,0,0,0
0,7,6695.49,10.96135,0,1,1,0,0,0,1,0,0,1,60.74742,0,1,1,0,0,0,1,0,0
0,4,34411.1,12.81844,1,1,0,1,1,0,0,0,0,1,65.25348,0,1,1,1,0,0,0,0,0
0,2,25568,11.3868,0,1,1,1,1,1,0,0,1,0,60.80126,1,0,0,0,0,0,0,0,0
0,2,73309.86,10.56199,0,1,1,1,0,0,1,1,1,1,55.75197,1,0,0,0,0,0,0,1,0
0,1,25190.07,16.01645,2,1,0,0,1,1,0,0,1,1,61.23692,0,1,0,0,0,0,0,0,0
0,5,22117.1,6.468919,0,1,0,1,0,1,0,1,1,1,42.93116,0,0,0,0,0,0,0,0,1
0,0,24526.83,8.112139,0,1,0,0,1,1,0,1,1,1,64.76289,0,1,1,0,0,0,1,0,0
0,0,80309.69,12.1242,1,1,1,0,0,0,0,0,0,1,66.74044,0,0,1,0,0,0,1,0,1
1,1,89970.37,11.44246,1,1,1,1,0,1,0,1,1,1,43.69814,1,0,1,0,0,1,0,1,0
0,0,31894.71,8.29404,1,1,1,0,1,0,1,1,0,0,61.2082,1,0,0,0,0,0,0,0,0
0,2,27472.28,6.391658,0,1,1,0,0,0,1,0,0,1,67.75127,0,0,1,0,0,0,1,0,0
0,0,39651.69,11.87438,0,1,0,0,0,1,0,0,1,0,67.11199,0,1,1,1,0,0,0,0,0
0,1,4489.66,11.84221,0,1,1,0,1,0,0,0,0,0,55.18746,1,0,0,0,0,0,1,1,0
0,7,42789.24,8.91884,1,1,0,1,1,1,0,0,1,0,71.97435,1,0,1,1,0,0,0,0,0
0,2,23279.78,10.37357,1,1,1,0,1,1,1,1,1,0,41.67396,0,1,1,0,1,0,0,0,1
0,1,35741.44,7.626861,0,1,0,0,1,1,0,0,1,1,61.13096,0,0,0,0,0,0,1,0,0
0,4,26887.33,11.00147,0,1,1,0,1,1,1,1,1,0,66.23131,0,1,0,0,0,0,1,0,0
0,3,30836.33,7.908562,1,1,0,0,0,1,1,0,0,0,70.17136,0,1,0,0,1,0,0,1,0
0,1,43088.83,10.699,1,1,1,1,0,0,0,1,1,0,56.26037,0,1,1,0,0,0,1,0,1
0,2,14038.55,15.92998,0,1,0,0,0,1,0,0,0,0,46.66033,1,0,1,0,0,0,1,0,0
0,4,13285.84,10.42544,0,1,0,1,1,1,0,0,1,1,69.06894,0,1,1,0,1,0,0,1,0
0,1,6759.91,15.28653,1,0,1,0,0,0,0,1,1,0,68.45528,0,1,1,0,0,0,1,1,0
0,3,40074.01,16.68122,0,1,0,0,1,1,1,1,1,1,65.05265,1,0,0,0,1,0,0,0,0
1,1,52797.42,17.67735,0,1,1,0,1,1,1,1,1,1,62.69829,1,0,0,0,0,0,1,0,0
0,0,17260.93,10.47784,1,1,1,0,1,1,0,0,0,1,38.58318,0,0,1,0,0,0,0,1,0
0,2,62292.07,3.406276,0,1,0,0,1,0,1,1,0,1,62.71436,1,0,0,0,1,0,0,0,1
0,0,6435.12,8.799224,1,1,1,0,1,0,0,0,1,1,70.63479,0,0,0,0,0,0,1,1,0
0,6,100257.6,13.51521,0,1,0,0,0,0,0,0,1,0,60.04717,0,1,0,0,0,1,0,0,0
0,6,52413.54,7.344589,0,1,1,1,1,1,0,0,1,1,69.86605,0,0,0,0,0,0,1,0,1
0,1,27720.47,11.63665,0,1,1,0,0,1,0,1,1,1,53.39442,0,0,0,0,0,1,0,0,1
0,0,43216.69,2.61208,0,1,1,1,1,1,1,0,0,0,61.36647,0,1,0,0,0,1,0,1,0
0,5,24029.52,4.48479,0,1,1,1,1,1,1,1,0,1,71.80608,0,1,0,0,0,1,0,1,0
0,7,60815.04,7.707569,0,0,1,1,1,1,1,0,0,1,50.40492,0,0,1,0,1,0,0,0,0
0,0,29727.21,8.575295,0,1,1,1,1,0,0,1,0,1,60.42738,0,0,0,0,0,0,1,1,0
0,0,27058.36,7.88648,0,1,1,1,0,0,0,1,1,0,71.99132,1,0,1,0,0,1,0,1,0
0,4,49125.36,16.4764,1,1,1,0,1,0,1,1,0,0,52.26662,1,0,0,0,0,0,0,1,0
0,4,33567.58,7.83842,0,1,1,0,1,0,0,0,1,1,50.44094,1,0,0,0,0,0,0,1,0
0,0,20832.66,5.828119,2,1,0,0,0,1,0,1,0,1,37.04844,1,0,1,1,0,0,0,0,0
0,0,32929.09,11.08114,1,0,0,1,0,0,0,1,0,1,46.03183,1,0,1,0,0,0,1,1,0
0,5,16465.85,6.665835,0,1,0,0,0,0,1,1,0,1,53.24575,0,1,1,1,0,0,0,0,0
0,0,22821.11,15.25427,1,0,0,1,0,1,1,0,0,1,61.35418,0,1,0,0,0,0,0,1,0
0,4,35950.39,8.081922,0,1,0,0,0,0,0,0,1,0,59.60557,1,0,0,0,0,0,0,0,1
0,3,25747.86,11.9755,0,1,1,0,0,1,0,0,1,1,71.99418,0,1,0,0,1,0,0,1,0
0,2,4978.33,10.5758,0,1,0,1,0,1,0,1,1,1,61.84543,0,0,0,0,0,0,1,0,0
0,3,30407.3,12.51342,0,1,1,0,1,0,1,1,0,1,45.34674,1,0,1,1,0,0,0,0,0
0,1,99132.61,9.073224,0,1,1,0,1,0,0,0,1,0,70.99524,0,1,1,0,0,0,1,1,0
0,0,5435.86,8.358239,0,1,1,1,1,0,0,0,1,0,66.89948,1,0,1,0,0,1,0,0,1
0,0,20406.36,8.849924,0,1,0,0,1,1,1,0,1,0,51.58987,0,1,1,0,0,1,0,1,0
0,3,67999.95,13.47448,0,1,0,1,1,0,1,0,0,1,53.91114,0,1,0,0,0,0,0,0,1
0,1,17175.88,9.008521,2,0,1,1,0,0,0,1,1,1,44.14809,0,1,0,0,1,0,0,0,0
0,1,54381.23,9.37573,0,1,1,0,0,1,1,0,1,1,52.60487,1,0,0,0,0,0,0,0,1
1,1,57498.9,5.604732,1,1,1,1,1,0,0,1,1,0,55.02676,0,1,0,1,0,0,0,1,0
0,0,15358.09,10.74978,2,1,0,0,0,1,0,0,1,0,50.60009,0,1,0,0,0,0,0,1,0
1,0,58722.42,9.914814,1,1,0,1,1,0,0,1,1,1,48.60336,1,0,0,0,0,0,1,1,0
0,0,36398.01,8.191336,0,1,0,0,0,0,1,0,0,1,70.50947,0,1,0,0,0,1,0,1,0
0,0,47833.67,10.15639,0,0,1,0,0,0,0,1,0,1,67.06183,1,0,0,0,0,0,1,0,1
0,0,5644.85,11.88471,0,1,0,1,0,1,0,1,0,1,43.02146,0,0,1,0,0,1,0,0,1
0,1,55153.17,9.091744,0,1,0,0,1,0,0,1,0,1,69.93109,0,1,0,0,1,0,0,0,0
0,1,43174.81,8.256297,0,0,1,1,0,0,0,0,0,1,68.38161,0,1,0,0,1,0,0,0,0
0,1,14976.23,12.37749,0,1,0,0,1,0,0,1,1,1,62.8566,0,0,1,0,0,0,0,0,0
0,1,7369.88,9.298875,0,1,1,0,1,1,1,1,0,1,56.24647,0,1,1,0,1,0,0,0,1
0,4,31421.54,10.19811,0,0,0,1,1,0,1,0,1,0,65.2372,1,0,0,0,0,0,0,0,0
1,2,47836.42,8.873568,0,1,1,0,1,0,0,1,1,0,55.49261,0,0,0,0,1,0,0,1,0
0,3,37720.52,8.982395,0,1,0,0,1,1,0,0,0,1,56.75264,0,1,1,0,1,0,0,0,0
0,2,26920.29,10.25356,1,1,0,0,1,0,1,0,0,0,68.70194,0,1,1,0,1,0,0,1,0
0,3,17495.04,11.71658,1,0,0,0,0,0,0,1,1,1,55.55389,0,1,0,0,0,0,0,0,1
0,3,60011.51,13.59404,0,1,1,0,0,0,0,0,1,1,67.25716,0,1,0,1,0,0,0,1,0
0,0,29453.49,3.605531,1,1,1,0,1,1,1,0,1,1,68.11166,1,0,1,0,0,0,1,1,0
0,2,13973.69,13.085,1,0,0,0,1,0,1,1,0,0,69.64918,1,0,0,0,0,0,0,0,1
0,1,27106.57,10.34783,0,1,1,0,0,0,0,1,0,0,59.56187,0,0,1,1,0,0,0,1,0
0,1,37390.82,9.457734,0,1,0,1,0,1,1,1,1,1,68.6504,0,1,1,0,0,0,0,1,0
1,1,63719.51,10.98742,0,1,1,1,1,1,0,1,1,0,45.75297,0,1,0,0,0,0,0,1,0
0,2,91629.36,6.008386,0,1,0,1,1,1,0,0,1,1,57.0815,1,0,0,0,0,1,0,0,1
0,0,51477.31,9.312883,1,1,1,1,0,1,1,0,1,0,60.0122,0,0,0,0,0,1,0,0,0
0,1,24934.12,7.006661,1,1,0,1,0,0,0,0,1,0,71.3386,0,0,0,0,0,1,0,1,0
0,1,17965.81,11.77757,0,1,1,1,0,0,0,1,1,0,61.9146,1,0,0,0,0,1,0,0,0
0,2,28702.52,10.3045,0,1,1,0,0,1,1,1,0,1,67.39326,1,0,0,0,0,1,0,1,0
0,0,20312,8.286499,0,1,0,0,0,0,0,0,0,1,52.69236,0,1,1,0,0,0,0,1,0
0,3,47909.78,9.60347,0,1,1,0,0,0,0,0,0,1,44.68507,1,0,0,0,1,0,0,0,0
1,0,23995.11,15.17134,0,1,1,1,0,1,0,1,1,1,64.5943,1,0,0,0,1,0,0,1,0
0,0,65978.69,10.30083,0,1,1,0,0,1,0,1,0,1,65.11394,1,0,0,0,0,0,1,0,1
0,2,73093.52,5.606608,0,1,0,0,1,0,0,0,1,1,66.74968,0,1,0,0,0,0,0,1,0
0,3,21303.64,7.192287,0,1,0,1,1,0,0,1,1,1,61.65935,0,0,0,0,0,0,1,0,0
0,2,37885.62,9.17978,0,1,0,0,1,1,0,0,1,1,64.02401,1,0,1,0,0,0,0,0,1
0,1,83201.51,7.617914,2,1,1,1,0,1,1,0,1,1,58.47534,0,0,1,0,1,0,0,1,0
1,0,36205.76,8.396047,0,0,1,1,0,0,0,1,0,1,49.11866,1,0,0,1,0,0,0,1,0
0,1,35791.81,4.53814,1,1,0,0,1,0,1,1,0,1,65.44262,0,1,1,0,1,0,0,1,0
0,1,28757.7,15.1263,0,1,1,0,0,1,0,1,1,0,61.09569,0,1,1,0,0,0,0,0,1
0,0,4263.18,10.19738,0,1,0,0,0,1,1,1,0,1,60.55095,0,1,0,0,0,0,1,0,0
1,1,15721.08,6.214598,1,1,0,0,0,1,1,1,1,0,43.73697,1,0,1,0,0,0,1,1,0
0,1,34759.58,6.229531,0,0,0,0,0,1,1,0,0,1,38.84886,1,0,1,0,0,0,1,0,0
0,2,19948.12,5.529764,0,1,0,0,0,0,0,0,0,1,36.19603,0,1,1,1,0,0,0,0,1
0,0,18305.22,9.316164,0,1,1,1,0,0,0,0,1,1,61.45615,1,0,1,0,0,0,0,1,0
0,2,19542.22,12.02259,2,1,0,1,0,0,1,0,0,0,48.78507,0,0,1,0,0,0,0,0,1
0,1,47027.73,10.92999,1,1,1,0,1,0,1,0,1,1,71.6524,0,1,1,0,1,0,0,0,1
0,4,71899.67,11.8857,1,1,0,0,0,1,1,0,1,1,41.09672,0,1,1,0,0,1,0,0,1
0,1,10199.44,10.81518,0,1,1,1,1,0,0,0,0,0,66.82313,0,0,0,0,0,1,0,1,0
0,1,36559.57,8.268789,0,1,1,0,0,0,0,1,0,1,59.30543,0,0,1,0,0,1,0,1,0
0,3,31545.14,14.43295,0,1,0,0,0,0,0,0,0,1,62.59775,1,0,1,0,1,0,0,1,0
0,0,20213.18,12.46116,1,1,0,1,1,0,0,0,0,1,64.34133,0,0,0,0,0,1,0,0,0
0,0,33674.02,12.18144,1,1,1,1,0,0,0,1,1,0,52.30473,0,1,1,1,0,0,0,0,1
0,0,18852.52,11.36428,1,1,1,1,0,0,1,0,1,0,48.73343,1,0,0,1,0,0,0,1,0
0,0,58131.94,8.813439,0,1,0,0,0,0,0,1,1,1,71.59338,0,1,1,0,0,0,1,1,0
0,0,41709.72,15.03023,0,1,1,0,0,1,0,1,1,0,70.90919,0,1,0,0,0,0,1,0,1
0,1,36727.38,13.26881,0,1,0,1,1,1,0,0,1,1,48.28595,0,1,1,0,0,0,0,1,0
0,0,36079.26,7.026948,1,1,0,0,1,0,0,0,0,1,45.51779,1,0,1,0,0,0,0,1,0
0,3,40217.33,11.64938,0,1,1,0,1,0,0,0,0,1,70.14609,0,1,1,1,0,0,0,1,0
0,6,81455.87,9.46119,1,1,1,1,1,1,0,1,1,0,71.2039,0,0,1,1,0,0,0,1,0
0,0,8855.67,10.52187,0,1,1,0,1,1,0,1,1,0,56.70254,0,1,0,0,0,0,0,0,0
0,2,13846.51,16.6785,0,1,0,0,0,1,0,1,1,0,65.12634,0,0,1,0,0,0,1,0,0
0,1,66525.58,8.693473,0,0,1,0,0,0,1,1,1,1,58.85834,0,1,0,0,0,0,0,0,0
0,2,14008.49,9.365159,0,1,1,0,0,0,0,0,0,1,63.82538,0,1,0,0,1,0,0,1,0
0,1,60311.48,7.405174,0,1,1,0,1,0,0,0,1,0,65.34077,0,1,1,0,1,0,0,1,0
0,3,27165.73,10.67876,1,0,0,0,1,1,0,0,1,1,71.11137,1,0,1,0,0,1,0,1,0
0,0,28333.29,9.315925,0,1,0,0,1,1,0,0,1,1,59.16197,0,1,1,1,0,0,0,0,0
0,4,32595.47,12.06092,0,1,1,0,1,0,0,1,0,0,71.74385,0,1,0,0,0,0,1,0,0
0,1,82843.95,8.732297,0,1,0,0,0,1,0,0,1,1,67.11925,0,1,0,0,0,1,0,0,0
0,4,9317.9,6.661702,2,1,0,0,0,0,1,0,1,1,68.52272,0,1,1,0,0,0,1,1,0
0,3,73613.88,6.797028,0,1,1,0,0,1,1,0,1,0,70.40991,0,0,1,1,0,0,0,0,1
0,0,15854.29,7.64925,0,1,1,0,1,0,1,0,0,1,68.50985,0,0,1,1,0,0,0,1,0
0,0,35478.83,9.216302,0,1,0,0,0,0,0,1,0,0,70.83727,0,0,0,1,0,0,0,0,0
0,1,75193.8,10.13223,0,1,0,1,1,0,0,0,1,1,64.68179,0,1,0,0,0,1,0,0,1
0,4,51630.71,4.452995,1,1,1,1,0,0,1,1,1,1,41.36314,0,1,0,0,1,0,0,0,0
0,3,24689.6,4.445847,0,1,0,0,1,0,0,0,0,0,67.87061,0,0,0,0,1,0,0,0,0
0,1,37709.27,13.64684,0,1,1,0,1,1,1,0,1,0,57.3396,1,0,1,1,0,0,0,0,0
0,3,86921.8,11.99123,0,1,0,0,1,1,0,0,1,1,48.71074,0,1,1,0,0,0,1,1,0
0,6,46561.38,8.703489,0,1,0,0,1,0,1,0,0,1,65.19543,1,0,1,0,0,0,0,0,0
0,4,17781.91,12.07096,1,0,1,0,0,0,1,0,0,1,63.47229,1,0,0,0,0,0,0,1,0
0,4,48357.93,12.56239,0,1,1,0,0,0,0,0,1,0,64.25691,0,1,1,0,0,0,0,1,0
0,1,37056.67,9.945029,0,1,0,0,1,0,1,0,0,0,61.21945,1,0,0,1,0,0,0,1,0
0,2,22977.79,8.36964,1,1,0,1,0,1,1,0,1,0,61.0763,0,1,1,0,0,0,0,0,0
0,3,16997.45,8.543635,0,1,0,0,1,0,0,1,1,1,55.40614,0,1,0,0,0,0,0,1,0
0,3,7163.05,11.89701,1,0,1,1,1,1,0,0,1,0,62.68234,1,0,0,1,0,0,0,0,1
0,4,57437.15,9.354817,1,1,1,1,1,0,0,0,0,0,59.33067,0,1,0,0,1,0,0,0,1
0,1,58809.85,6.975702,2,1,0,0,1,1,0,0,1,1,62.78671,0,1,0,1,0,0,0,0,0
0,1,23806.77,10.78835,0,1,1,1,1,0,1,0,1,1,46.65167,0,0,1,1,0,0,0,0,1
0,1,43141.58,10.52838,0,1,0,1,0,0,0,1,0,0,70.9092,0,1,1,1,0,0,0,0,0
0,0,51024.09,9.781356,1,1,1,0,0,1,0,0,1,0,53.49096,1,0,1,0,0,0,1,1,0
0,0,58528.77,9.656326,1,1,1,0,0,0,0,0,0,0,49.26867,0,1,0,0,1,0,0,0,0
0,2,10589.06,15.35408,1,1,0,1,1,1,1,1,1,0,52.27228,1,0,0,0,0,1,0,1,0
0,2,34685.97,10.26191,0,1,0,0,0,1,1,1,0,1,47.62011,0,1,1,0,1,0,0,1,0
0,0,47735.26,12.50762,1,1,0,0,0,1,0,1,1,0,58.65575,0,1,0,0,0,1,0,0,1
1,2,10759.62,13.18526,1,0,1,1,0,0,0,1,1,1,41.88419,0,1,1,1,0,0,0,1,0
0,0,54540.21,13.98197,0,1,0,1,1,0,0,0,0,0,62.80581,0,1,1,0,0,1,0,1,0
0,1,82302.01,12.03334,0,0,1,0,1,1,0,0,1,1,47.29134,0,1,1,1,0,0,0,0,1
0,1,73803.96,13.25889,0,1,1,0,1,1,0,0,1,1,70.89862,0,1,0,0,1,0,0,0,0
0,0,68058.4,9.652243,1,1,1,0,0,1,0,1,1,0,57.51975,0,1,1,0,1,0,0,0,0
0,3,14817.47,7.549896,0,1,0,1,0,1,1,1,1,1,69.4702,0,1,0,1,0,0,0,0,1
0,3,2680.5,12.16638,0,1,0,0,1,1,1,0,1,1,71.8434,0,0,0,0,1,0,0,1,0
0,2,43140.04,3.593769,1,0,1,1,1,0,1,1,0,0,67.5746,0,1,0,0,0,1,0,0,1
1,2,73725.59,14.16588,0,1,1,1,1,0,0,1,1,0,45.39565,1,0,1,0,0,0,1,1,0
0,1,27144.01,10.38318,0,1,0,0,0,0,0,0,0,1,48.45122,1,0,1,0,0,0,0,0,0
0,0,93242.18,13.11179,0,1,1,1,1,0,1,1,0,1,63.57829,1,0,1,0,0,1,0,0,1
0,1,62420.93,6.095828,1,0,0,1,0,1,1,1,0,0,71.63571,1,0,1,0,0,1,0,1,0
0,1,75451.72,10.56544,0,1,1,0,0,0,1,1,1,1,61.63116,0,1,1,0,1,0,0,0,1
0,0,25259.64,11.90975,0,1,1,1,1,1,1,0,0,1,56.21975,0,0,1,0,0,0,1,1,0
0,0,61210.24,12.68725,0,1,0,0,0,1,0,1,0,1,45.48614,0,0,0,0,0,0,1,0,0
0,0,61350.75,5.20269,0,1,1,0,1,0,0,1,0,0,65.351,0,0,1,0,0,1,0,1,0
0,0,52838.06,12.66209,0,1,1,0,0,1,0,0,0,1,54.42917,0,1,1,0,0,0,0,1,0
0,3,24407.64,13.39011,0,0,0,0,1,1,0,0,1,0,67.91936,0,0,0,1,0,0,0,0,0
0,3,58054.58,6.479447,0,1,1,0,0,0,0,1,1,1,69.22974,0,1,1,0,1,0,0,0,1
0,0,84647.54,11.43078,1,1,0,0,0,1,0,0,0,1,70.03095,1,0,0,1,0,0,0,1,0
0,3,69911.65,13.30886,0,1,0,0,0,1,0,1,1,1,71.33938,0,1,0,1,0,0,0,1,0
0,4,36844.26,12.87336,0,1,1,1,0,1,0,0,1,1,39.35678,0,1,0,0,0,0,1,0,0
0,0,25875.88,11.12514,0,1,0,0,1,0,0,1,1,1,51.39701,1,0,0,0,1,0,0,0,0
0,1,26826.69,10.92878,1,1,1,0,1,1,0,1,0,1,49.11678,0,1,1,1,0,0,0,1,0
0,1,10149.33,14.07829,0,1,0,1,1,1,1,1,0,1,49.91708,0,0,1,0,1,0,0,0,0
0,1,11920.23,13.57544,1,1,1,1,0,0,1,1,0,0,43.49892,1,0,0,0,0,0,0,0,0
0,4,27208.28,12.59401,0,1,0,0,1,0,0,1,1,1,60.41609,0,1,1,0,0,0,1,0,0
0,1,51338.06,9.305287,0,1,1,0,1,1,0,1,1,0,67.73415,1,0,0,0,0,0,1,0,1
0,0,17702.11,11.26079,0,1,1,0,1,0,1,0,0,1,57.35881,1,0,1,0,1,0,0,1,0
0,4,38645.12,10.77891,1,1,0,1,0,0,1,0,0,1,66.07094,0,1,0,0,1,0,0,1,0
0,2,49975.22,11.38322,0,1,1,1,0,0,1,1,1,1,71.31658,1,0,1,0,0,1,0,1,0
0,3,75040.63,12.08421,0,1,1,0,1,1,0,1,0,1,67.78527,0,1,0,1,0,0,0,0,0
0,0,44282.56,8.803547,0,1,1,1,1,1,1,1,0,1,59.1268,0,1,0,0,1,0,0,1,0
0,0,37631.87,9.014063,0,1,0,1,1,0,0,0,1,1,66.54637,1,0,1,0,1,0,0,1,0
0,3,14549.37,13.63409,0,1,0,0,1,1,0,0,1,0,51.98225,0,1,0,1,0,0,0,1,0
0,1,36569.31,9.20179,0,1,1,1,1,0,0,0,0,1,50.77278,0,0,1,0,1,0,0,0,1
0,0,23962,10.60652,1,1,0,0,0,0,0,0,1,0,61.8783,1,0,0,0,0,1,0,1,0
0,4,7729.12,4.868635,1,1,0,0,0,0,1,0,0,1,55.92296,0,1,1,0,1,0,0,0,0
0,1,55132.91,9.570081,0,0,0,0,0,1,1,0,0,1,70.22382,1,0,0,0,1,0,0,0,1
0,3,33550.48,12.25941,1,1,0,0,1,0,0,0,0,1,37.10779,0,1,0,0,0,1,0,1,0
0,3,10655.22,8.70545,0,1,1,0,0,0,0,1,0,1,71.85451,0,1,0,1,0,0,0,0,0
0,1,16214.75,13.69583,1,1,1,0,0,1,0,0,0,1,71.40033,0,0,1,0,1,0,0,1,0
0,0,37064.13,12.90071,0,0,0,0,0,0,1,0,1,0,48.14443,1,0,1,0,0,1,0,1,0
0,3,16959.6,11.24519,1,1,0,0,0,0,0,0,0,1,69.80263,0,1,1,0,0,1,0,1,0
0,3,53102.99,14.43743,1,1,0,1,1,1,0,1,1,0,62.90882,0,1,1,0,1,0,0,1,0
0,0,8934.54,9.528981,1,1,1,1,1,1,0,0,1,0,55.49451,0,1,0,1,0,0,0,0,0
0,2,22328.75,7.513493,1,1,1,1,0,1,1,1,0,0,57.65949,1,0,0,0,0,1,0,0,1
0,4,46018.62,12.46238,0,1,1,0,0,0,1,0,1,1,70.50313,1,0,0,0,0,0,0,1,0
0,1,4824.09,3.049819,2,1,0,0,0,0,1,1,0,0,48.20556,0,0,0,0,0,1,0,1,0
0,3,8716.7,9.498593,0,1,1,0,0,0,1,1,1,1,50.69797,0,0,0,0,0,0,0,0,1
0,4,57316.09,17.2406,0,1,0,0,1,0,1,1,1,1,66.00509,1,0,1,0,1,0,0,0,1
0,1,65542.94,10.28049,1,1,1,1,0,0,0,0,1,0,58.46541,0,0,0,0,1,0,0,0,0
0,2,18435.57,14.21641,1,1,1,1,0,0,0,1,0,0,69.35321,1,0,0,0,1,0,0,0,0
0,1,38884.17,9.733195,1,1,1,1,1,1,1,1,0,1,50.72837,0,1,1,0,0,0,1,0,0
0,0,23178.69,13.62563,0,1,0,1,0,0,0,1,1,0,46.94667,0,1,0,1,0,0,0,1,0
0,1,46509.62,13.21498,1,1,1,1,0,0,0,0,1,1,62.50486,0,1,0,0,0,0,0,0,1
0,0,29321.25,6.961508,1,1,0,0,0,1,0,0,0,1,59.94097,0,1,0,0,0,0,1,0,0
0,0,5523.47,8.695731,1,0,1,0,0,0,1,0,1,1,63.45694,1,0,1,1,0,0,0,0,0
0,0,41900.38,10.72665,0,1,0,1,1,0,0,1,0,0,62.83864,0,0,1,0,1,0,0,1,0
0,3,41617.07,13.46933,0,1,1,1,0,1,1,0,0,1,54.07581,0,1,0,0,0,1,0,0,0
0,1,25206.38,7.205236,0,1,1,0,0,1,0,1,0,1,70.33975,1,0,1,0,0,0,1,1,0
0,5,36474.65,9.177935,1,1,1,0,0,1,0,0,0,1,61.70273,1,0,0,0,0,1,0,1,0
0,4,13487.36,12.5131,0,1,0,1,1,1,1,0,1,1,55.74501,1,0,1,0,0,0,1,1,0
0,7,23171.12,12.27023,0,0,1,0,1,1,0,0,0,1,71.12475,0,1,1,0,0,0,0,0,0
0,0,46348.16,9.153981,0,1,1,1,1,0,0,1,1,0,66.96136,1,0,1,1,0,0,0,1,0
0,2,38395.52,7.593547,0,1,0,0,1,0,1,1,1,0,71.99373,1,0,0,1,0,0,0,0,0
0,3,65486.61,13.56479,1,1,0,1,0,1,0,1,0,1,60.98321,1,0,1,0,1,0,0,1,0
0,0,29267.03,11.83986,1,1,0,1,1,0,1,1,0,1,60.50817,0,1,0,0,0,0,0,1,0
0,2,38594.57,11.81333,1,1,0,1,1,0,1,0,1,1,59.53457,0,0,0,0,0,0,0,1,0
0,4,69199.04,8.647466,1,1,0,0,1,0,1,0,0,0,71.12849,0,0,0,0,0,0,0,1,0
0,0,24592.08,9.83918,1,0,0,0,1,0,0,1,1,1,67.78399,0,1,1,0,0,1,0,1,0
0,1,9743.36,9.573925,0,1,0,0,1,0,0,1,0,0,51.60705,0,1,1,0,1,0,0,1,0
0,2,39116.35,7.085401,1,1,0,1,1,1,1,1,1,1,62.4542,0,1,0,0,1,0,0,1,0
0,2,23908.68,14.86709,0,1,0,0,0,1,0,0,1,0,60.21411,0,1,0,0,1,0,0,0,0
0,6,74269.41,12.06821,0,1,0,0,0,0,1,0,1,0,47.1766,1,0,1,0,0,0,1,1,0
0,2,40818.88,7.846047,1,1,0,1,0,0,1,0,1,0,51.92063,0,1,0,0,0,0,0,0,0
0,1,43464.06,7.721397,0,1,1,0,1,0,1,1,1,0,54.09544,0,0,1,0,0,0,0,1,0
0,2,50967.01,5.43532,0,0,1,0,0,1,1,1,0,0,57.98413,1,0,0,0,0,0,0,0,0
0,1,87775.72,14.18172,0,1,1,0,1,0,0,0,0,0,62.60438,1,0,0,1,0,0,0,1,0
0,1,42200.42,15.52293,2,1,1,0,1,0,0,0,0,0,42.04904,1,0,1,0,0,1,0,1,0
1,0,8517.87,7.843571,1,0,0,0,1,1,0,1,1,1,62.71718,0,1,0,1,0,0,0,1,0
0,0,17271.98,14.32421,0,1,0,0,0,0,1,1,0,1,47.4649,1,0,0,0,1,0,0,1,0
1,0,55223.1,11.31332,1,1,1,1,1,1,0,1,1,1,63.38783,1,0,0,0,0,0,0,1,0
0,1,37327.76,11.42906,1,1,0,0,0,0,1,0,0,1,56.15392,0,1,0,0,1,0,0,1,0
0,3,26449.68,9.343467,2,1,1,0,1,1,1,1,1,1,62.13428,1,0,0,0,0,1,0,0,0
0,2,83829.32,8.890323,0,1,1,0,0,1,0,0,0,1,64.25291,1,0,0,0,1,0,0,0,0
0,4,51834.27,8.372112,0,1,1,0,0,0,0,0,0,0,46.38454,0,0,1,0,0,0,1,0,0
0,2,24548.06,7.382379,0,1,1,1,0,0,0,1,0,0,62.53352,0,1,0,0,0,0,0,0,1
0,3,35021.59,8.217405,1,1,1,0,1,1,0,1,0,1,38.29305,0,1,0,0,0,0,0,0,1
0,1,12558.05,9.257433,1,1,0,0,0,1,0,1,1,0,50.62244,0,1,0,0,0,1,0,0,1
0,4,41466.61,7.542706,2,1,1,0,0,1,1,0,0,1,64.88052,1,0,0,1,0,0,0,1,0
0,7,12835.28,5.646097,0,1,1,1,0,0,0,0,0,1,45.66396,0,1,1,1,0,0,0,1,0
0,2,30006.94,7.929892,1,1,0,0,0,0,0,1,0,1,69.59341,1,0,1,1,0,0,0,1,0
0,1,17583.94,14.38703,2,1,1,1,0,1,1,1,0,1,71.13694,0,1,1,0,0,0,1,0,0
0,7,81130.95,10.76023,1,1,1,0,0,0,0,0,0,1,41.23951,0,0,0,0,0,0,0,0,1
0,1,26005.03,13.80292,0,1,0,1,0,0,0,1,0,0,49.20691,0,1,1,0,0,0,0,1,0
0,1,71822.03,10.14717,0,1,0,1,0,0,1,0,1,1,66.31761,1,0,0,1,0,0,0,1,0
0,1,15426.3,9.718559,0,1,0,0,1,0,0,0,0,0,71.40954,0,1,1,1,0,0,0,0,1
0,2,29567.14,9.93934,0,1,1,0,0,0,1,0,1,1,58.96403,1,0,1,0,0,0,0,1,0
0,4,19869.24,13.34793,0,1,1,0,1,1,1,0,0,0,60.72007,0,1,1,0,0,0,0,0,0
0,3,18001.12,13.0464,1,1,1,0,0,1,0,0,0,1,61.46188,1,0,0,0,0,1,0,1,0
0,1,7742.36,8.372268,0,1,0,1,0,0,1,0,1,1,55.09485,1,0,0,0,1,0,0,1,0
0,0,28768.29,9.075447,1,1,0,0,1,0,0,0,0,1,40.53237,0,1,1,0,0,1,0,0,0
0,3,11311.31,5.218697,0,1,0,0,0,0,0,0,0,1,71.26615,0,1,1,0,1,0,0,0,0
0,2,13102.29,4.812688,1,1,1,0,0,0,0,0,0,1,51.36891,0,1,1,1,0,0,0,1,0
1,0,10889.01,11.07583,1,1,1,0,1,0,0,1,1,1,52.17851,1,0,1,0,0,0,0,1,0
0,2,11491.42,10.49877,0,0,1,0,1,0,0,1,1,0,66.50713,0,0,0,1,0,0,0,0,0
0,4,12537.81,12.24576,1,1,0,0,1,0,0,1,0,1,51.99282,1,0,1,0,1,0,0,1,0
0,4,29161.56,8.373351,0,1,1,0,0,1,1,0,1,1,68.93363,0,1,1,1,0,0,0,0,0
0,2,41311.65,4.859953,0,1,0,0,1,0,0,0,0,1,67.53691,0,1,0,0,0,1,0,1,0
0,4,17893.93,4.248599,0,1,0,0,1,0,0,1,0,1,65.77898,0,0,0,0,0,0,0,0,1
0,0,11575.14,13.52153,0,1,0,1,1,1,1,0,1,1,64.48578,0,1,0,0,1,0,0,0,1
0,1,37039.36,7.400824,0,1,1,0,1,0,1,1,1,1,68.68812,0,1,0,1,0,0,0,0,0
0,0,46051.44,13.84425,0,0,0,0,0,0,1,1,1,0,64.79987,1,0,0,0,1,0,0,1,0
0,2,42539.6,12.88571,0,1,0,0,0,0,1,0,1,1,66.70002,0,1,1,0,0,0,0,0,1
0,4,9374.34,5.180762,0,1,1,0,0,0,1,0,0,0,55.40847,0,1,0,0,0,0,1,1,0
0,1,20114.83,11.22071,1,1,1,0,1,0,0,1,0,1,58.52385,0,1,0,0,1,0,0,0,1
0,4,8361.24,11.75222,2,1,1,0,0,0,0,0,1,0,69.12212,0,1,0,0,0,1,0,0,0
1,7,12555.95,7.611319,0,1,1,0,1,1,0,1,1,1,70.7555,1,0,1,1,0,0,0,0,0
0,4,13837.86,11.84312,1,1,0,0,0,0,1,0,1,1,62.23897,1,0,0,1,0,0,0,1,0
0,4,22802.9,5.781365,0,1,0,0,1,0,0,1,0,1,48.27562,1,0,1,0,0,0,1,1,0
0,2,33364.77,6.946895,0,1,0,1,0,1,0,0,0,0,69.31577,0,1,0,0,0,0,0,0,0
1,0,14382.5,10.73266,1,1,1,1,1,1,0,1,0,1,43.87969,0,1,0,1,0,0,0,1,0
0,1,82983.69,10.97278,0,1,1,0,1,1,1,1,0,1,60.99965,0,1,1,1,0,0,0,1,0
0,0,57552.49,10.26236,0,1,0,1,1,0,0,0,0,0,57.60401,0,1,1,0,0,0,0,1,0
0,0,1935.7,4.188314,0,1,0,0,0,1,1,0,1,0,65.27026,0,0,0,1,0,0,0,0,1
0,3,11955.52,8.86123,0,1,1,1,0,0,0,0,1,0,68.61891,1,0,0,0,0,1,0,0,0
1,0,19329.4,6.945119,0,1,1,0,1,1,0,1,1,1,47.60481,0,1,0,1,0,0,0,1,0
0,2,34710.68,6.762606,0,1,0,0,0,0,1,0,1,0,68.47424,0,1,0,0,0,0,0,1,0
0,2,30964.02,10.67431,0,1,0,0,1,1,0,1,1,1,62.78883,0,1,1,1,0,0,0,1,0
1,0,44511.9,2.809005,0,1,1,0,1,1,0,1,1,0,61.48122,0,0,0,0,0,0,1,1,0
0,1,29670.11,14.45854,1,0,1,0,1,0,1,1,0,1,70.42068,0,1,0,0,0,0,1,1,0
0,5,21046.8,12.53937,1,1,0,1,0,0,0,0,1,0,67.10773,0,0,0,0,0,0,1,1,0
0,0,40885.91,7.489466,1,0,0,1,0,0,0,0,1,0,60.31971,0,1,1,0,0,0,1,1,0
0,1,11288.95,9.502103,1,0,0,1,0,0,0,1,0,0,70.56821,0,1,1,0,0,0,0,1,0
0,6,10795.57,17.6619,0,1,0,0,1,0,1,0,1,1,50.71608,0,0,0,0,0,0,0,0,0
0,4,18961.05,11.62638,2,1,0,0,1,0,1,0,0,0,70.77383,0,1,1,0,0,0,1,1,0
0,3,56565.69,5.95531,0,1,1,1,0,0,1,0,0,0,63.9264,0,1,0,0,1,0,0,1,0
0,0,8167.63,11.78919,0,1,0,0,0,1,0,0,1,0,71.59439,0,0,1,0,1,0,0,1,0
0,1,75515.78,5.763324,0,1,1,0,0,0,1,1,0,1,71.05361,1,0,1,1,0,0,0,0,0
0,0,37399.88,9.040573,0,1,0,0,0,0,1,1,0,0,58.73457,1,0,0,0,0,0,0,0,0
0,1,60276.48,7.338928,0,1,0,0,1,0,1,1,0,1,68.20321,0,0,1,0,0,0,0,1,0
0,1,58545.72,7.854625,1,1,0,0,1,1,1,1,0,0,60.93346,1,0,0,0,0,1,0,0,0
0,0,21423.42,13.24732,0,1,1,0,0,0,0,0,0,1,58.57249,0,0,1,1,0,0,0,1,0
0,3,53979.72,8.152813,1,1,0,0,1,0,1,0,0,1,55.68741,0,0,1,0,0,0,0,0,1
0,6,34343.05,14.22857,1,1,0,1,1,1,1,0,1,1,69.5048,0,0,1,1,0,0,0,0,1
0,0,19606.42,12.77384,0,1,0,0,1,0,0,1,1,0,62.89177,0,0,0,0,0,0,0,0,0
0,1,6025.06,12.99584,0,1,1,1,1,0,1,0,1,0,53.60305,0,1,0,0,1,0,0,1,0
0,2,24326.72,5.585927,0,1,1,0,1,0,0,1,1,1,52.71022,0,1,1,0,1,0,0,0,1
0,0,12654.73,7.979052,0,1,1,1,0,0,1,1,1,0,64.56029,0,0,1,0,0,0,1,1,0
0,2,72425.99,10.5195,2,1,0,1,1,1,0,1,0,1,51.9647,1,0,1,0,0,1,0,1,0
0,5,21326.64,7.405549,0,1,0,1,1,0,1,0,1,0,58.51928,1,0,0,1,0,0,0,1,0
0,3,8208.47,10.77795,0,1,1,1,1,0,1,1,0,0,69.24664,0,1,0,1,0,0,0,1,0
0,3,3196.26,9.954987,1,1,1,0,1,0,0,1,0,0,71.53606,1,0,0,0,1,0,0,1,0
0,1,65768.17,13.55541,0,1,1,0,1,0,0,1,1,1,69.74686,1,0,1,0,0,0,0,0,0
0,3,11624.31,11.71253,0,1,0,0,1,1,1,0,0,0,55.48531,1,0,0,1,0,0,0,1,0
0,4,19603.48,7.38333,0,1,0,0,0,0,1,0,0,0,68.69992,1,0,0,0,0,1,0,0,0
0,0,38501.46,8.890456,0,1,1,0,0,0,1,0,0,0,50.55452,0,0,0,1,0,0,0,1,0
0,2,19418.81,11.12162,0,1,0,0,0,0,1,0,1,1,58.0434,1,0,0,0,1,0,0,1,0
0,0,12262.31,9.073098,0,0,0,1,1,0,0,0,0,0,61.18471,1,0,0,0,1,0,0,0,0
0,1,11681.78,9.425466,0,1,1,1,0,0,0,1,1,1,70.19945,0,1,1,0,0,0,0,0,1
1,1,35917.89,8.024894,1,1,0,0,1,0,1,1,1,0,56.76973,0,1,1,1,0,0,0,1,0
0,1,45362.56,5.011995,0,1,0,1,1,1,0,0,0,1,42.02106,0,0,0,1,0,0,0,0,0
0,3,28435.25,11.58921,0,1,0,1,1,0,0,1,1,1,59.59171,0,1,0,0,0,0,1,1,0
0,0,44290.52,6.833444,0,1,1,0,0,0,0,0,0,0,58.90417,0,1,1,0,0,1,0,1,0
0,3,3686.27,14.55875,1,1,1,1,0,1,0,0,1,0,55.64344,1,0,0,0,0,1,0,0,1
0,0,22289.83,6.732913,1,1,1,1,0,0,1,0,0,0,37.90754,1,0,0,1,0,0,0,0,0
0,6,42242.38,7.01939,0,1,1,1,0,0,0,1,1,0,65.87966,1,0,0,1,0,0,0,1,0
0,1,13265.39,8.377711,0,1,0,0,0,0,0,1,0,0,60.05643,0,1,0,0,0,0,1,1,0
0,1,59814.41,4.794991,0,1,1,0,0,1,0,1,1,1,63.53539,1,0,0,0,0,0,0,1,0
0,1,41066.46,9.467504,0,1,0,0,1,1,1,0,0,1,59.47229,0,1,1,0,0,0,1,1,0
0,2,23288.67,15.27908,0,1,0,0,0,1,1,0,0,1,46.55186,0,1,0,0,0,0,1,0,1
0,5,49062.06,10.93632,0,1,1,1,0,0,0,0,0,1,65.28923,1,0,0,1,0,0,0,0,0
0,0,9682.42,9.161659,0,1,0,1,0,0,0,0,0,1,63.58076,0,1,1,1,0,0,0,0,0
0,1,57339.59,8.890401,0,1,1,1,0,1,0,0,1,0,71.96235,0,1,0,0,0,0,0,0,0
0,0,53330.75,12.78548,0,1,0,0,0,0,0,0,1,0,65.11343,0,1,1,0,1,0,0,1,0
0,3,56175.87,7.87323,0,1,0,1,0,0,0,0,1,1,55.42799,0,1,1,0,1,0,0,1,0
0,1,59221.64,10.37246,1,1,0,0,1,1,0,1,1,1,54.40563,0,1,1,0,1,0,0,1,0
0,3,75008.28,11.33748,0,1,0,0,1,0,0,1,0,1,52.8369,0,1,0,0,0,1,0,0,1
0,0,47386.97,6.537862,0,1,1,1,0,0,1,1,0,0,54.28949,1,0,0,0,0,1,0,0,0
0,3,41971.87,12.20292,1,1,0,0,1,1,0,1,1,1,57.87473,1,0,1,1,0,0,0,0,0
0,4,56783.12,6.337104,0,1,1,1,1,0,1,1,0,0,66.35321,1,0,1,0,1,0,0,1,0
0,1,22810.25,10.42801,1,1,0,0,0,0,0,0,0,1,46.75485,0,1,1,0,0,0,1,1,0
0,0,73067.65,10.98887,1,1,1,0,0,1,0,1,1,0,48.42652,0,1,1,0,0,0,1,0,0
0,0,11718.07,10.84742,0,1,0,1,1,1,0,1,1,0,58.89646,1,0,1,0,1,0,0,1,0
0,0,24366.76,14.98804,0,1,1,1,0,1,0,1,0,1,70.52668,1,0,1,0,0,0,0,1,0
1,4,42760.04,5.65608,0,1,0,1,1,1,0,1,1,1,71.64551,1,0,1,0,0,0,0,1,0
0,0,90780.38,10.04844,0,1,1,0,1,1,0,0,1,1,39.23505,1,0,1,0,0,1,0,0,0
0,1,40412.56,8.671001,0,1,1,1,1,0,0,1,1,1,67.15929,1,0,1,0,0,1,0,0,1
0,0,59357.03,11.37971,0,1,1,0,0,1,1,0,0,1,64.25764,0,0,0,0,0,0,0,0,0
0,1,25392.45,15.46358,1,1,1,1,0,0,0,1,0,0,67.89973,0,1,1,1,0,0,0,1,0
0,4,100050,14.12923,0,1,0,0,0,0,0,0,1,1,68.54375,0,1,0,0,0,1,0,0,0
0,0,24685.33,10.34703,2,1,1,1,1,0,0,1,1,1,56.32657,0,0,0,0,0,1,0,0,0
0,7,47296.5,10.35811,0,1,0,1,1,1,0,1,0,0,47.40118,0,0,0,1,0,0,0,1,0
0,0,10151.14,7.191449,0,1,1,0,0,0,0,1,0,1,39.83368,0,0,1,0,1,0,0,1,0
0,2,33392.44,9.789614,2,1,1,0,1,1,0,1,0,0,51.59283,0,1,0,1,0,0,0,0,1
0,3,39855.68,9.986224,0,1,0,1,0,0,0,0,0,0,71.12681,1,0,0,0,0,0,0,0,1
0,2,43029.53,14.22477,0,1,0,0,0,0,1,1,0,0,59.28121,0,0,0,0,0,1,0,0,1
0,0,11668.78,8.723293,0,1,1,1,0,0,1,0,1,0,68.14328,0,0,1,0,0,0,1,1,0
0,0,28928.83,4.360031,0,1,1,0,0,1,1,1,0,1,63.20833,1,0,1,0,0,0,0,1,0
0,3,16499.16,13.46568,1,1,1,1,1,0,1,0,1,1,71.21292,0,1,0,0,0,0,0,1,0
0,0,81087.13,13.08874,0,1,0,0,0,1,1,1,0,1,43.5663,1,0,1,1,0,0,0,1,0
0,1,22019.29,5.209809,1,1,0,1,0,0,0,0,1,1,59.78823,0,1,1,0,0,0,1,0,0
0,1,36932.56,2.355031,0,1,0,0,0,0,0,0,0,0,52.20049,1,0,0,1,0,0,0,1,0
0,5,17354.74,9.987515,1,1,0,1,0,1,0,1,0,0,55.02079,0,1,1,0,0,0,1,1,0
0,3,63080.18,12.53304,0,1,1,0,1,0,0,1,0,1,53.58396,0,1,1,0,0,1,0,1,0
0,0,26959.95,16.02815,2,1,1,0,1,0,0,0,0,1,66.22321,0,0,0,1,0,0,0,1,0
0,2,67649.91,8.818908,0,1,0,1,0,0,0,0,0,0,51.80774,0,1,1,0,1,0,0,0,0
0,3,53901.68,10.40897,1,1,0,0,0,0,0,1,0,1,65.32158,0,1,0,0,0,0,1,0,0
0,1,21224.38,10.77302,0,1,1,1,0,0,1,1,1,1,70.66533,0,1,1,1,0,0,0,0,0
0,1,14634.81,12.95729,0,1,1,0,0,0,0,1,1,1,54.11361,0,1,1,0,0,0,0,0,0
0,1,63669.74,7.691997,2,1,1,0,1,1,1,0,0,0,64.20551,0,0,1,0,0,1,0,1,0
0,1,67040.96,7.530198,1,1,0,0,0,1,0,0,1,0,58.36296,0,1,0,0,0,1,0,1,0
0,0,44847.15,13.7101,0,1,0,0,1,1,1,0,1,1,43.98704,0,0,0,1,0,0,0,1,0
0,0,93474.78,10.06,1,1,0,0,0,1,1,0,1,1,54.99066,0,0,1,1,0,0,0,1,0
0,3,67637.17,6.605824,0,1,1,1,0,1,0,1,1,0,53.62789,1,0,0,0,0,0,0,1,0
0,3,41190.38,12.75193,0,1,0,1,1,1,1,0,0,0,59.29358,0,1,1,1,0,0,0,1,0
0,0,73700.77,15.02435,1,0,0,1,0,1,0,1,1,1,71.58757,0,0,0,0,0,1,0,1,0
1,1,52772.29,7.669681,0,1,1,0,1,0,0,1,1,1,42.47353,1,0,1,0,0,0,1,1,0
0,1,57801.81,10.39446,0,1,1,0,0,1,1,1,1,0,57.68543,0,0,0,0,0,0,0,0,0
0,3,23942.2,6.48996,0,1,0,0,1,0,0,0,0,1,66.77433,0,0,1,0,1,0,0,0,1
0,2,23101.59,3.081914,0,1,0,0,1,1,1,1,1,0,63.6336,0,1,0,0,0,1,0,0,0
0,0,15397.08,9.942912,0,1,0,1,0,0,1,1,0,1,55.9975,0,0,1,0,1,0,0,1,0
0,2,63016.28,10.76049,0,1,0,1,1,0,0,1,1,0,56.841,0,0,1,0,0,0,0,0,0
0,0,15125.59,9.129946,0,1,0,0,1,1,0,1,1,0,70.47803,1,0,0,0,0,0,0,0,1
0,1,10317.99,14.34662,0,1,1,0,0,1,1,0,1,0,60.74786,1,0,1,0,0,0,1,0,1
0,6,63887.79,13.09197,1,1,1,0,1,0,0,0,1,1,60.42253,1,0,1,0,0,0,0,0,1
0,1,76930.11,13.04428,0,1,0,0,1,1,1,0,1,0,69.44504,1,0,1,0,0,0,1,0,0
0,3,21299.93,11.71373,0,1,0,0,1,1,1,0,0,0,53.25801,0,1,0,1,0,0,0,0,0
0,2,49613,7.862148,1,0,0,0,1,0,1,0,1,1,63.43387,1,0,0,0,0,0,1,1,0
0,4,68056.48,13.57908,0,1,1,0,1,1,0,0,0,0,53.48684,0,1,0,0,0,0,1,1,0
0,3,2353.79,7.814343,0,1,0,0,1,0,1,1,1,1,59.12149,0,0,1,0,0,1,0,0,0
0,1,57567.11,10.20182,1,1,1,0,1,0,1,1,1,1,70.43935,0,1,1,0,0,0,0,0,1
0,4,60053.46,6.620739,0,1,1,1,0,1,1,1,1,0,61.12237,0,1,0,0,0,0,1,0,0
0,2,51231.14,11.73621,0,1,0,1,0,0,1,1,0,0,61.17556,0,0,1,0,0,0,1,1,0
0,1,10155.82,6.419792,1,1,1,0,0,0,0,0,0,1,65.38222,0,1,1,0,0,0,1,1,0
1,0,41081.57,9.776467,0,1,1,0,0,1,1,1,1,0,67.93803,1,0,1,0,0,0,1,1,0
0,2,30174.37,13.25453,0,1,0,0,1,1,0,0,0,0,69.30616,0,1,0,1,0,0,0,1,0
0,3,12717.4,7.97879,2,1,1,0,0,0,0,0,1,1,51.77932,1,0,0,0,1,0,0,0,1
1,2,12269.77,6.464118,2,1,1,1,0,1,0,1,1,0,56.18852,0,1,1,0,0,0,0,1,0
0,2,25861.04,9.937,0,1,0,0,0,1,0,0,0,1,69.72684,0,1,0,0,0,0,1,1,0
0,0,55089.98,5.172359,0,1,0,0,0,1,1,0,0,1,62.21879,0,1,0,1,0,0,0,0,1
1,4,47598.12,11.24961,0,1,1,1,1,1,1,1,1,0,58.82987,0,0,1,1,0,0,0,1,0
0,1,29048.41,4.429676,1,1,0,0,0,0,1,0,1,1,53.13455,0,1,0,0,0,0,1,0,0
0,0,34090.55,9.479182,0,1,1,0,0,0,1,1,0,1,56.05193,0,1,1,0,0,0,0,0,0
0,0,54102.22,6.897465,0,1,0,0,0,0,1,0,0,1,71.13774,1,0,0,0,0,0,0,0,0
0,2,49645.28,7.969166,1,1,0,0,1,1,0,0,0,1,57.71425,0,0,1,0,0,1,0,1,0
0,2,57981.64,7.784294,0,1,0,1,1,0,0,1,1,0,50.3804,0,0,0,0,0,0,1,0,1
0,1,14545.96,8.644559,0,1,1,1,0,0,0,0,0,1,43.52477,0,0,0,0,1,0,0,1,0
0,0,15843.72,8.773524,0,1,1,1,0,0,0,0,0,1,63.22009,0,1,0,0,0,0,1,1,0
0,1,36472.39,8.702949,1,1,1,0,0,1,0,1,1,1,60.91995,0,0,0,0,1,0,0,0,1
0,1,15551.28,6.838102,0,1,0,0,1,0,1,1,0,1,56.71742,0,1,0,0,0,0,0,0,0
0,1,34580.07,14.8692,0,1,1,0,0,0,1,1,1,1,65.50686,1,0,1,0,1,0,0,1,0
0,3,17259.33,11.84765,0,1,0,0,0,1,0,1,0,1,46.15653,0,0,0,0,0,0,0,1,0
0,3,23005.6,12.13544,1,1,0,0,1,0,1,0,1,1,64.2738,1,0,0,0,0,0,0,1,0
0,0,43301.18,11.05814,0,1,0,0,0,1,0,1,0,1,65.44503,1,0,0,0,1,0,0,0,0
0,3,11981.42,9.015171,0,1,0,0,1,1,1,1,0,1,51.88253,0,0,1,0,0,1,0,1,0
0,1,94513.15,8.661484,2,1,1,0,0,0,0,0,1,1,50.55291,1,0,1,0,0,0,0,0,1
0,1,40248.27,10.30981,1,1,0,0,1,0,1,0,0,1,69.98687,0,1,1,0,0,1,0,0,0
0,3,38488.68,12.47355,1,1,1,0,0,0,0,0,1,1,58.72004,0,1,0,0,0,0,0,0,0
0,4,12785.8,8.489319,0,1,0,1,0,0,0,1,0,1,65.03219,0,1,1,0,0,1,0,0,0
0,3,86197.3,8.801901,0,1,0,1,0,0,0,1,1,0,60.51339,1,0,1,1,0,0,0,0,0
0,0,10040.11,11.87571,1,1,1,0,1,1,0,1,0,1,54.28874,0,1,1,0,0,0,0,1,0
0,0,28248.49,12.71852,1,1,1,0,0,1,0,0,0,1,71.12545,0,0,0,0,1,0,0,1,0
0,5,33144.92,11.41366,0,1,0,0,0,1,0,1,1,0,54.30563,0,1,0,0,0,0,0,0,0
0,4,13596.02,15.30646,0,1,1,0,0,1,1,0,1,0,48.85809,1,0,1,0,1,0,0,0,0
0,0,33855.49,14.2471,0,1,0,1,1,1,1,1,0,0,71.76656,0,1,0,0,0,1,0,1,0
0,0,9800.21,8.262437,0,1,1,0,0,0,1,0,0,1,71.65648,1,0,1,1,0,0,0,0,1
0,1,50817.75,11.02449,1,1,0,1,1,0,0,1,0,1,64.61898,0,0,1,0,0,0,0,0,1
0,1,27917.73,10.5117,0,1,1,0,0,1,0,0,0,1,69.35043,0,1,1,1,0,0,0,1,0
0,1,31172.22,11.31757,0,1,1,1,0,0,0,1,1,0,69.91998,0,1,1,1,0,0,0,1,0
0,0,25113.66,13.76494,0,1,0,0,1,1,0,0,0,1,67.11209,1,0,1,0,0,0,0,1,0
0,4,17231.33,8.967487,1,1,1,0,1,0,0,1,0,0,58.23259,0,1,0,1,0,0,0,0,0
0,0,68152.47,10.4889,0,1,0,0,0,1,0,1,1,0,52.76138,0,0,1,0,1,0,0,1,0
0,6,38482.34,4.315261,1,1,0,0,0,1,1,0,0,1,68.86595,1,0,0,1,0,0,0,1,0
0,0,41556.64,9.351682,0,1,1,0,1,0,0,0,0,1,68.99606,0,1,0,0,1,0,0,1,0
0,1,92083.74,9.295219,0,1,0,0,1,0,0,0,1,0,62.42321,0,1,1,0,1,0,0,1,0
0,7,20750.19,8.547312,1,1,0,0,0,0,1,1,1,1,46.23456,0,1,0,1,0,0,0,1,0
1,1,16316.98,11.15522,0,1,1,0,1,0,1,1,1,1,68.7816,1,0,1,0,0,1,0,1,0
0,1,59570.42,10.09755,0,1,1,0,1,1,0,1,1,0,64.1745,0,1,1,0,1,0,0,0,0
0,2,26364.52,4.838589,0,1,0,1,1,0,1,0,1,0,62.86571,1,0,1,0,1,0,0,1,0
0,2,36126.72,12.73968,0,1,1,1,0,0,0,0,0,1,67.84553,0,0,1,0,0,0,0,1,0
0,0,95509.68,6.652008,0,1,0,0,0,0,0,1,0,1,64.49231,1,0,1,0,1,0,0,1,0
0,4,67068.72,11.52123,0,0,0,0,0,0,1,0,1,1,62.70815,0,0,1,0,0,1,0,0,1
0,0,32495.96,12.69031,1,1,0,1,0,1,1,1,0,1,70.49442,1,0,1,0,0,0,0,1,0
1,1,9384.69,12.75083,0,1,0,0,1,0,0,1,1,0,48.84821,1,0,0,0,1,0,0,1,0
0,0,45316.27,11.80588,0,1,1,1,1,0,0,0,1,0,68.49174,1,0,0,0,0,1,0,0,1
0,0,12458.49,16.19881,0,1,0,1,0,1,0,1,1,0,59.48026,1,0,0,0,0,1,0,1,0
0,0,4660.45,7.757951,2,1,0,1,0,1,1,0,1,0,42.59461,0,1,0,0,0,0,1,0,1
0,3,11628.95,9.225774,0,1,1,0,0,0,0,1,0,1,57.07243,1,0,1,0,0,0,1,1,0
0,0,9193.97,14.61358,1,1,0,0,0,0,0,0,0,1,52.37668,0,1,1,0,1,0,0,1,0
0,2,7977.67,12.63277,1,1,1,0,0,0,1,0,1,0,49.45192,0,0,0,0,1,0,0,1,0
0,2,11116.97,11.06487,0,1,1,0,1,1,1,1,0,1,65.90788,0,0,0,0,1,0,0,0,1
0,4,11738.87,13.82399,0,0,0,0,0,0,0,1,1,1,68.22677,1,0,1,0,0,0,1,0,1
0,0,27422.23,10.46708,0,0,1,1,0,0,0,0,0,0,38.14529,0,1,0,1,0,0,0,1,0
0,1,31959.4,11.8759,1,1,1,0,0,0,0,0,1,0,63.03296,0,1,0,0,0,1,0,1,0
0,3,16271.47,8.690721,2,1,0,0,0,0,0,0,0,1,68.75872,0,1,1,0,0,0,0,1,0
1,3,95064.28,9.867609,1,1,1,1,1,0,1,1,1,1,70.49752,1,0,0,0,1,0,0,1,0
0,1,16283.13,8.037899,0,1,1,0,1,1,0,1,0,1,60.98712,1,0,1,0,0,1,0,0,1
0,0,81288.92,8.050811,0,0,0,0,0,0,0,0,1,1,71.45681,0,1,1,1,0,0,0,1,0
1,1,15679.34,8.840278,0,1,0,0,0,0,1,1,1,1,47.27475,1,0,0,0,1,0,0,1,0
1,2,9724.88,13.38666,1,1,0,0,0,1,1,1,0,0,63.00932,1,0,0,0,1,0,0,1,0
0,1,36088.07,8.729941,0,1,0,1,0,1,0,0,0,1,62.71074,0,0,0,1,0,0,0,0,0
0,1,53714.51,8.396286,0,1,1,0,1,0,1,0,1,0,68.59815,0,1,1,0,0,0,1,1,0
0,3,60461.6,10.88242,0,1,1,0,0,1,1,0,0,1,45.82729,0,0,1,0,1,0,0,1,0
0,2,6047.31,5.920795,0,1,1,1,1,0,0,0,1,1,64.99061,0,1,0,0,0,1,0,0,1
0,2,18143.49,8.67513,0,1,1,0,0,0,0,0,1,1,69.44118,0,1,0,0,0,1,0,1,0
0,0,34414.35,13.96183,0,1,0,0,1,0,0,0,0,1,55.7768,1,0,0,1,0,0,0,1,0
0,1,82450.93,17.44896,0,1,1,0,1,1,0,0,0,1,59.83107,0,1,1,0,0,0,1,0,1
0,1,14475.95,15.76032,0,1,0,0,1,1,0,0,0,1,41.18372,0,0,0,0,0,1,0,0,0
0,3,46184.74,15.47722,0,1,1,1,0,0,0,0,0,0,61.85639,0,1,1,0,0,0,0,1,0
0,3,48836.24,14.15469,1,1,1,0,0,0,1,1,1,1,63.13788,0,1,0,1,0,0,0,0,1
0,3,19200.57,8.027062,1,1,1,0,0,0,0,1,0,0,56.50636,1,0,1,0,1,0,0,1,0
0,0,96575.06,7.469608,1,1,0,1,0,0,0,1,1,1,66.151840000000007,0,0,0,0,1,0,0,0,0
0,1,14842.19,10.78213,0,1,0,1,1,0,1,1,1,0,62.23915,0,0,1,1,0,0,0,1,0
0,3,34315.35,13.07377,0,1,1,0,1,1,0,1,0,1,63.59084,1,0,1,0,0,0,0,0,1
0,0,17871.59,11.44228,0,1,0,0,0,1,1,1,1,0,60.3736,1,0,0,0,0,0,1,1,0
0,1,21409.9,7.793657,0,0,1,0,0,1,0,1,1,1,51.7077,0,1,1,0,0,0,1,0,0
0,0,42921.65,10.46363,0,1,1,0,0,1,0,1,1,0,66.00877,0,1,0,0,1,0,0,1,0
0,1,40909.6,13.03666,0,1,0,1,1,0,0,0,0,0,71.58237,1,0,1,1,0,0,0,0,1
0,3,53755.23,12.0758,0,1,0,1,0,1,0,0,0,1,59.9737,1,0,0,0,0,0,1,0,0
0,4,71134.21,9.067273,0,1,0,0,0,1,0,0,0,0,71.89152,0,1,0,0,0,0,1,1,0
0,1,22428.29,7.926134,0,1,0,0,1,0,1,1,1,1,67.88936,1,0,0,0,0,0,1,0,1
0,0,15189.38,9.340315,0,1,0,0,1,0,0,1,0,1,65.26684,0,1,0,0,0,1,0,1,0
0,2,32306.62,11.34692,0,1,1,0,1,0,1,0,0,1,60.50225,0,1,0,0,0,0,0,0,1
0,1,20838.47,13.30768,0,1,0,1,0,1,0,0,1,1,49.7983,0,0,0,0,0,0,0,0,1
0,1,71507.95,9.477588,1,1,0,0,1,0,1,1,0,1,62.84987,0,1,1,0,0,0,0,0,1
0,3,43073.14,7.045836,0,1,0,1,0,1,0,1,0,1,61.27781,0,0,0,0,0,1,0,0,0
0,0,27756.42,9.965984,0,1,0,0,0,0,1,0,0,0,70.00904,0,1,1,1,0,0,0,1,0
0,0,73006.35,3.916862,0,1,1,0,1,1,1,1,0,0,57.94447,0,0,0,0,1,0,0,1,0
0,1,12457.84,17.14776,0,1,0,1,0,1,0,1,1,1,64.71389,0,0,1,0,0,0,0,1,0
0,1,24495.84,8.867727,0,0,0,0,1,0,0,1,1,1,64.59202,0,1,0,0,0,0,1,1,0
0,2,62969.23,5.74758,1,1,0,1,0,0,1,1,1,1,58.18133,0,0,1,0,0,1,0,1,0
0,0,65916.74,6.818286,0,1,0,0,0,1,1,0,0,0,60.96083,1,0,0,0,0,0,0,1,0
0,2,33253.04,10.21912,0,1,1,1,0,1,1,1,0,1,62.45443,1,0,0,0,1,0,0,1,0
0,1,66840.39,11.76937,0,1,1,1,1,1,0,1,0,1,62.23643,1,0,0,0,0,0,1,0,0
0,1,69035.22,6.432641,0,1,1,0,0,0,0,1,0,0,62.83227,0,0,0,0,0,1,0,0,0
0,1,36496,12.59274,0,1,0,0,0,0,0,0,0,1,67.34697,0,1,1,1,0,0,0,1,0
0,1,36648.54,15.22905,1,1,1,0,1,1,0,0,1,1,66.82797,0,1,1,0,0,1,0,1,0
0,3,46876.55,10.56812,0,1,0,0,0,1,1,1,0,0,53.24081,1,0,1,1,0,0,0,0,1
0,7,51223.48,11.63648,0,1,1,0,0,0,1,1,1,1,64.74166,1,0,0,0,0,0,0,0,1
0,6,48175.44,8.049492,0,1,1,0,1,1,0,1,0,0,50.30932,0,0,0,0,0,0,1,0,0
0,1,47939.14,8.316257,1,1,1,0,0,1,1,0,1,1,70.87866,0,1,0,0,0,1,0,1,0
0,4,42809.29,11.07912,0,1,1,0,0,1,1,1,1,1,66.70866,1,0,1,0,0,0,1,0,0
0,1,13891.84,13.87881,1,1,1,0,0,0,1,0,0,1,42.12085,0,1,1,0,0,0,1,1,0
0,4,25648.63,11.36686,0,0,0,0,1,0,0,0,0,0,60.30709,0,1,1,0,1,0,0,0,1
0,3,7215.61,13.68359,0,1,0,0,0,1,0,0,1,1,52.04568,1,0,1,0,1,0,0,1,0
0,6,58670.53,14.73392,1,1,0,1,1,0,0,0,0,1,67.97714,1,0,0,0,1,0,0,1,0
0,3,86234.35,9.911478,1,1,1,1,0,1,1,0,1,1,68.1959,0,1,1,0,0,1,0,0,1
0,0,94338.5,8.200976,1,1,1,0,0,0,1,1,0,0,56.19141,0,0,0,0,1,0,0,1,0
0,1,17059.86,10.60332,0,1,1,1,1,1,0,1,0,0,55.44991,0,1,1,0,0,0,1,1,0
0,0,27202.17,7.441818,2,1,0,1,1,0,0,0,0,1,57.2702,0,1,1,0,0,0,0,0,1
0,5,9875.52,11.23249,1,1,0,0,0,0,0,1,1,1,62.39405,0,1,0,0,1,0,0,0,0
0,0,21294.13,8.357857,0,1,0,1,0,1,1,1,0,1,46.12627,0,1,0,0,0,1,0,1,0
0,1,25331.57,11.40933,0,0,0,1,1,0,1,1,1,1,69.93494,0,1,1,0,1,0,0,0,0
0,0,26896.04,8.096864,0,1,1,0,0,0,1,0,0,0,58.57229,0,1,1,0,0,1,0,0,1
0,0,22246.04,7.605829,0,0,1,0,1,0,1,1,0,0,60.23312,0,0,0,1,0,0,0,0,1
0,0,97729.46,14.77266,0,1,1,0,0,1,1,0,0,1,59.61692,1,0,1,0,1,0,0,1,0
0,4,10260.04,9.419488,1,0,1,1,0,1,1,1,1,1,64.03187,0,1,0,1,0,0,0,0,0
0,1,4492.36,8.853702,0,1,0,0,0,1,1,1,1,1,58.11303,0,1,0,0,1,0,0,1,0
0,0,43741.92,11.68828,0,1,1,0,1,1,0,0,0,1,49.73125,0,1,0,0,0,1,0,1,0
0,7,61023.12,7.279855,0,1,0,1,1,0,0,1,1,1,54.22814,0,1,1,0,1,0,0,1,0
0,1,27822.24,10.0308,0,0,1,0,1,1,0,1,0,1,44.83431,0,0,1,0,0,1,0,0,0
0,3,19379.79,13.84152,0,1,1,0,0,0,1,1,1,1,68.09161,0,1,1,0,0,0,1,0,0
0,2,14644.85,9.882078,0,1,1,1,0,0,1,1,1,0,66.67389,1,0,0,0,0,0,1,1,0
0,0,63248.45,10.04811,0,1,1,1,1,1,0,0,0,1,58.96026,1,0,0,0,1,0,0,0,0
0,3,14829.89,14.68473,0,1,0,1,0,0,1,1,0,0,58.4219,0,0,0,0,0,0,1,1,0
0,0,30272.58,15.736,0,1,1,0,0,1,0,1,1,1,59.54349,0,1,0,0,0,1,0,1,0
0,2,49823.86,9.34555,0,1,0,1,1,1,0,1,0,1,68.10981,0,1,1,0,1,0,0,1,0
0,4,33985.54,17.81793,1,1,1,0,0,1,1,1,1,1,64.20102,0,1,0,0,0,1,0,0,1
0,3,72397.73,12.39937,0,1,0,0,1,0,0,0,0,0,66.80646,1,0,1,0,0,0,0,1,0
1,1,7014.13,8.713419,0,1,1,1,1,0,1,1,1,1,59.84973,0,1,0,0,0,0,1,1,0
0,3,16897.23,7.991076,0,1,0,0,1,1,0,1,0,1,64.49513,1,0,0,0,0,0,0,1,0
0,1,56159.24,13.19852,1,1,1,0,1,0,0,0,1,1,68.98021,1,0,0,1,0,0,0,0,1
0,1,50395.77,11.41706,0,1,0,0,0,0,0,0,0,0,70.16029,1,0,0,1,0,0,0,1,0
0,0,45021.58,9.031147,0,1,0,0,1,1,0,0,0,0,57.86469,1,0,1,0,0,0,1,0,0
0,4,48804.01,9.649844,1,1,1,1,0,0,0,0,1,0,71.58148,1,0,0,0,1,0,0,1,0
0,0,81148.39,5.163759,1,1,0,0,1,0,0,0,1,0,46.04792,0,0,0,0,0,1,0,1,0
0,4,4115.32,11.45201,0,1,0,0,1,0,0,0,1,1,61.67004,0,1,1,0,0,0,1,0,0
0,0,59248.25,7.991317,0,1,0,1,1,1,0,1,0,0,59.40499,1,0,1,0,1,0,0,0,0
0,3,83543.98,13.06108,1,1,0,0,0,1,0,1,0,0,69.97252,1,0,0,1,0,0,0,0,1
0,0,28836.94,5.251395,1,1,1,0,1,0,0,1,1,0,71.32593,0,1,0,0,1,0,0,0,1
0,5,7228.19,12.89005,1,1,1,0,1,1,1,0,0,1,65.52,0,1,1,0,0,0,0,1,0
0,1,52251.85,15.1921,0,1,0,0,1,0,0,1,1,1,62.6237,1,0,1,1,0,0,0,0,0
0,1,22324.49,9.576327,1,1,0,1,1,1,0,0,1,0,60.18256,0,1,0,1,0,0,0,1,0
0,3,35299.63,6.213067,0,1,0,0,0,1,0,1,1,0,61.49796,1,0,1,0,1,0,0,1,0
0,3,15535.84,13.16727,0,1,0,0,1,0,0,0,1,1,62.6093,0,1,0,0,0,0,1,1,0
0,3,66034.48,10.30581,0,1,1,1,1,1,0,0,0,1,69.82129,1,0,1,1,0,0,0,1,0
0,1,24997.36,7.471035,0,1,1,0,0,0,0,0,0,1,39.72823,0,0,0,0,0,1,0,1,0
0,0,49372.8,7.789435,0,1,1,0,0,0,0,0,1,1,67.18365,1,0,1,0,0,0,0,0,0
0,1,13031.07,14.67012,1,1,0,1,1,1,0,1,0,1,56.37162,0,1,1,0,0,0,0,1,0
0,1,83813.21,13.33731,0,1,1,0,0,1,1,1,0,1,39.62761,0,1,0,0,0,0,1,0,1
0,1,79942.93,14.69877,0,1,0,1,0,0,1,0,0,1,66.57985,1,0,0,0,0,0,0,0,0
0,1,50335.34,13.21238,0,1,0,0,0,1,0,0,1,0,71.86603,1,0,0,0,1,0,0,1,0
0,0,69555.01,3.093001,0,1,1,1,0,0,0,0,0,1,67.20074,1,0,1,0,0,0,0,1,0
0,1,39798.55,8.226943,0,1,0,1,1,1,0,0,1,0,63.85056,0,1,1,0,0,1,0,1,0
0,4,11345.68,9.360835,0,1,1,0,0,0,1,1,0,1,66.27924,1,0,0,0,1,0,0,1,0
0,1,14174.86,10.61778,0,1,0,1,1,0,1,0,1,0,63.71215,1,0,1,0,0,0,0,0,0
0,1,25866.34,9.993283,1,1,1,0,1,1,0,1,1,0,67.35833,0,1,0,0,0,0,0,1,0
0,1,77381.71,11.57025,1,1,1,1,0,1,0,0,0,0,49.19446,0,0,0,0,1,0,0,0,1
0,0,42412.99,12.89898,0,1,1,0,0,0,0,0,1,0,52.79539,0,0,1,0,1,0,0,1,0
0,1,41646.4,5.185535,0,0,1,1,1,0,0,0,0,1,71.07066,1,0,0,0,0,0,1,0,1
0,2,67156.12,10.00295,0,1,1,0,0,1,1,0,1,1,46.04347,0,1,0,0,1,0,0,0,0
0,2,23826.48,12.46976,1,1,1,0,0,0,1,0,1,1,56.54849,0,1,1,0,1,0,0,1,0
0,4,56537.74,10.71363,1,1,0,0,0,0,1,0,1,0,45.62467,0,1,0,1,0,0,0,1,0
0,2,24311.42,9.713643,0,1,0,1,1,1,0,1,1,1,48.82939,0,1,1,0,1,0,0,1,0
0,1,33217.6,10.0409,0,1,0,1,0,1,0,0,0,1,61.88298,0,1,1,0,0,0,1,1,0
0,1,32703.9,4.757756,0,1,0,0,1,0,1,1,0,1,57.98641,0,1,1,0,0,1,0,1,0
0,0,30154.63,8.981113,1,1,0,0,1,0,0,0,1,1,46.66704,1,0,0,0,0,0,1,0,0
0,4,34134.21,8.947114,0,1,1,0,1,1,0,0,1,0,60.43193,0,1,0,0,0,0,1,0,0
0,0,61525.98,8.429623,0,1,0,0,1,0,1,1,1,0,68.77621,0,0,1,1,0,0,0,1,0
0,1,83675.85,5.113906,1,1,1,0,1,1,1,1,1,0,55.97317,0,1,1,1,0,0,0,0,0
0,0,48292.64,9.7879,0,1,0,0,0,1,1,0,1,1,55.27092,0,0,0,0,0,0,1,1,0
0,3,13233.7,10.49575,0,1,1,0,0,0,1,1,1,1,61.42667,1,0,1,0,0,0,1,1,0
0,2,55820.82,10.88233,0,1,0,0,1,0,0,1,0,0,67.71954,0,1,0,1,0,0,0,0,1
0,0,62475.24,12.1649,0,1,0,1,0,0,0,1,0,1,52.99707,1,0,0,0,0,0,0,1,0
0,0,27065.58,9.166549,0,1,0,0,0,0,0,1,1,0,48.61807,0,1,1,1,0,0,0,0,1
0,1,31023.93,7.945183,0,1,0,0,1,0,0,0,1,0,52.30521,1,0,0,0,0,1,0,0,1
0,0,57145.52,10.27395,0,1,0,0,1,1,0,1,0,1,71.48476,1,0,1,0,0,0,0,1,0
0,1,22280.3,8.869603,1,1,0,1,1,0,1,1,1,1,52.78111,1,0,1,0,0,1,0,0,0
0,4,26417.57,8.394378,1,1,0,0,1,0,0,1,0,1,64.82482,0,1,0,0,1,0,0,1,0
0,7,42841.97,8.682296,2,1,1,0,0,0,1,1,1,1,59.20412,0,0,0,0,0,0,1,0,0
0,3,22720.66,16.40248,0,1,1,1,1,0,1,0,0,1,59.22188,0,1,1,0,0,0,1,0,0
0,4,87926.43,4.224255,0,1,1,0,1,0,1,1,0,0,56.96287,0,0,0,0,0,1,0,0,0
0,1,90748.01,12.60495,0,1,0,0,0,1,0,1,0,1,53.01595,1,0,0,0,1,0,0,0,0
0,3,41902.08,13.05523,0,1,0,0,1,0,1,0,0,1,57.80772,0,0,0,0,0,0,0,1,0
0,0,71957.41,9.515041,0,1,0,1,1,0,0,1,0,1,64.17032,0,1,1,0,0,1,0,0,1
0,3,32340.98,9.804896,1,1,0,0,1,0,0,0,0,1,57.31788,0,1,1,0,0,0,1,1,0
0,1,11793.4,13.45927,0,1,1,1,0,1,0,1,0,0,54.67414,1,0,1,0,0,0,0,1,0
0,3,78411.45,14.06274,0,0,0,0,0,1,0,1,0,0,50.48733,1,0,1,0,0,0,1,0,1
0,0,18612.45,9.096632,0,1,0,0,0,1,1,0,0,1,51.8548,0,0,1,0,1,0,0,0,1
0,3,61042.75,12.95862,1,1,1,0,0,0,0,0,1,1,61.19516,1,0,1,0,1,0,0,1,0
0,2,33653.9,8.761838,0,1,0,0,0,0,1,0,1,1,66.94632,0,1,1,0,1,0,0,0,1
0,1,30439.25,10.41218,1,1,0,0,0,1,0,1,0,0,59.01705,1,0,0,1,0,0,0,0,1
0,4,98836.2,9.443369,1,1,0,0,0,1,0,1,1,1,43.86959,0,1,1,0,1,0,0,1,0
0,3,11369.93,10.77736,0,1,0,0,1,0,0,1,1,1,70.50786,0,0,1,0,1,0,0,1,0
0,2,35476.64,7.915823,0,1,0,0,0,1,1,1,0,0,68.00557,0,1,1,0,0,0,0,0,1
0,0,36068.74,5.547142,0,1,0,0,1,0,0,1,0,1,61.85144,1,0,0,0,0,0,0,0,0
0,1,31185.66,7.257865,0,1,0,1,1,1,1,1,0,1,59.52044,1,0,0,0,0,0,1,1,0
0,1,25484.55,9.148549,0,1,0,1,0,0,0,0,1,0,65.71442,0,1,0,0,1,0,0,0,0
0,3,49708.08,8.239255,0,1,1,1,0,1,1,1,1,1,50.84459,0,0,1,0,0,0,1,0,0
0,2,29843.26,10.29679,0,0,1,1,0,0,1,1,0,1,59.21421,1,0,0,0,0,0,0,0,1
0,1,55112.16,9.915906,0,1,1,1,1,0,1,0,1,1,61.52908,0,0,1,0,0,0,0,0,0
0,7,33241.87,6.093676,0,1,1,0,0,0,1,1,1,0,66.03306,1,0,1,0,0,0,0,0,1
0,0,50542.54,9.632954,0,1,1,0,0,0,0,0,0,1,53.80104,0,1,0,0,0,1,0,0,0
0,2,31205.95,9.690982,0,1,0,0,0,1,0,1,0,0,68.44883,0,1,1,1,0,0,0,1,0
1,5,45157.11,15.29137,1,0,0,0,1,0,1,1,1,0,66.68688,0,1,1,0,0,0,0,1,0
0,7,48299.76,3.85093,0,1,1,0,1,0,0,0,1,0,69.82047,0,1,1,0,0,1,0,1,0
0,3,7312.21,13.10561,0,1,0,0,0,1,0,0,1,0,60.59442,0,0,0,1,0,0,0,0,1
0,2,72518.47,15.37298,0,1,0,0,0,0,0,1,1,1,52.56232,0,0,1,0,1,0,0,1,0
0,3,15550.44,11.06803,0,1,0,0,0,1,1,1,0,0,70.55657,0,0,1,0,0,1,0,0,1
0,5,41512.12,12.47085,0,0,1,0,1,0,1,0,0,0,70.48211,0,1,1,0,0,0,1,1,0
0,0,16490.9,11.19187,0,1,1,1,1,0,1,0,1,1,52.68435,1,0,1,0,0,0,1,0,1
1,0,13391.68,6.367803,1,1,1,0,1,1,0,1,1,1,66.11418,0,1,0,0,0,0,0,1,0
0,5,80593.06,10.53982,0,1,0,1,1,1,0,0,0,0,67.61213,0,0,0,0,0,0,0,1,0
0,0,14944.48,11.63792,1,1,0,0,1,0,0,0,1,1,62.67099,0,1,1,0,0,0,1,1,0
0,0,50416.27,13.60982,2,1,1,0,1,0,1,0,0,1,63.11931,0,0,0,0,0,0,0,0,1
0,0,20825.08,12.2879,0,1,1,0,0,0,0,1,1,1,61.10374,1,0,0,0,0,0,0,1,0
0,6,49241.33,10.30157,1,1,1,0,0,1,0,0,1,1,65.85662,1,0,0,1,0,0,0,0,0
0,3,18517.07,8.639223,1,1,0,0,1,0,0,0,1,1,70.10448,1,0,1,0,0,1,0,1,0
0,4,53087.64,8.965315,0,1,1,1,0,1,0,0,0,0,62.17986,1,0,1,0,0,1,0,1,0
0,0,18544.26,10.12368,1,1,1,1,0,1,1,0,1,1,63.35816,1,0,0,1,0,0,0,1,0
0,0,16886.52,5.876435,0,1,1,0,1,0,1,0,1,0,64.57131,0,1,1,0,1,0,0,0,1
0,1,95706.49,10.76147,0,1,0,1,0,1,0,0,1,1,52.69603,1,0,0,1,0,0,0,1,0
0,3,23936.18,7.234753,0,1,0,0,1,0,1,0,1,0,58.8386,1,0,0,0,0,0,1,1,0
0,3,9922.11,6.824295,0,1,0,0,1,0,0,1,0,0,62.20437,0,1,0,1,0,0,0,1,0
0,1,40374.09,7.627938,1,1,0,1,0,0,0,0,1,0,50.97885,0,1,0,0,0,0,1,0,0
0,2,73916.66,10.48089,0,1,1,0,1,1,0,1,0,0,63.97683,0,1,1,0,0,0,0,0,1
0,5,9397.93,12.5176,1,1,0,0,1,1,1,0,0,1,45.94768,1,0,0,0,0,0,1,1,0
0,2,12534.97,9.515782,0,0,0,1,1,1,1,0,1,1,67.00167,0,1,1,0,0,1,0,0,1
0,3,48719.4,11.49116,0,1,1,1,0,0,1,1,1,1,69.84899,0,0,1,0,0,0,0,0,0
0,0,20539.22,13.29687,0,1,0,0,0,1,0,1,1,0,50.89975,0,1,0,1,0,0,0,0,0
0,1,12778.82,17.13733,0,1,1,1,1,0,1,1,0,0,58.58794,0,1,0,0,0,0,0,1,0
0,0,17235.21,7.865494,0,1,1,1,1,0,0,0,0,1,62.44603,0,1,0,0,0,0,0,1,0
1,0,50946.72,8.780929,0,1,1,1,0,1,1,1,1,1,52.95001,1,0,1,0,0,1,0,1,0
0,2,51864.36,14.32642,0,1,0,0,0,0,0,1,1,1,55.85553,0,1,1,0,0,1,0,0,1
0,1,22112.77,7.021583,0,1,1,0,0,1,1,0,0,1,54.21518,0,0,0,0,1,0,0,0,0
0,3,92969.94,7.877643,0,1,0,0,0,0,1,1,0,1,58.69465,0,0,0,0,0,0,1,1,0
0,0,37065.62,16.36195,0,1,1,0,1,0,0,1,0,0,70.95851,1,0,0,0,0,0,0,0,1
0,1,14441.87,7.775552,0,1,1,0,0,1,0,1,1,0,56.20288,0,0,0,1,0,0,0,1,0
0,4,28619.23,9.704564,0,1,0,1,0,1,0,0,0,0,59.36904,0,1,1,0,0,0,0,1,0
0,0,17597.41,9.867683,0,1,1,0,0,0,0,0,1,1,55.01651,0,0,1,1,0,0,0,1,0
0,4,19607.16,11.3974,0,1,0,0,1,0,0,1,1,0,51.74916,0,0,0,0,0,0,1,0,0
0,3,20977.35,4.85258,1,1,1,0,0,0,0,0,1,1,68.07527,0,1,0,0,0,0,1,0,1
0,0,81195.17,5.569496,0,1,1,1,1,0,1,1,0,0,69.71137,0,0,0,0,0,0,0,1,0
0,6,19119.85,14.57287,1,1,0,0,0,1,0,1,1,1,65.12042,0,1,1,0,0,1,0,0,0
0,1,58175.44,10.70375,1,1,0,1,1,0,1,1,0,0,64.87699,0,1,0,0,0,0,0,0,1
0,1,47553.76,10.35157,0,1,1,1,0,0,0,0,0,0,43.5742,0,0,1,0,0,0,1,1,0
0,3,24188.94,15.07977,0,1,0,1,0,1,0,1,0,0,64.40902,1,0,0,0,0,1,0,0,0
1,0,14510.63,11.54422,0,1,0,0,0,1,0,1,1,0,47.77384,1,0,1,1,0,0,0,1,0
0,2,74771.86,9.969188,1,1,0,0,0,0,1,0,0,1,70.50182,0,1,1,0,0,1,0,0,0
0,4,36315.32,9.090057,0,1,0,0,0,1,1,0,1,0,64.54595,0,1,0,1,0,0,0,1,0
0,0,17236.85,15.11505,2,1,0,1,1,1,0,1,1,1,62.45252,0,1,0,0,0,0,1,1,0
0,2,32410.95,11.66727,0,1,0,0,0,1,0,1,1,1,60.36923,0,1,1,0,0,0,0,1,0
0,2,21406.95,13.50438,0,1,1,0,1,0,1,0,1,1,71.50974,1,0,1,0,0,1,0,1,0
0,3,25515.76,7.516,2,1,0,0,1,0,1,0,1,0,69.2394,1,0,1,0,0,1,0,0,1
0,0,17152.68,5.917707,0,1,0,0,0,1,0,1,1,0,64.3165,1,0,0,0,1,0,0,1,0
0,1,23011.03,10.88926,0,0,1,0,1,1,0,1,0,0,67.53219,1,0,0,0,0,1,0,1,0
0,2,25276.46,10.59582,0,0,0,1,1,0,0,0,0,0,59.03432,0,1,0,1,0,0,0,1,0
0,1,34596.24,11.41416,1,0,0,0,0,1,0,1,0,1,66.75755,0,0,1,1,0,0,0,0,1
0,4,43211.84,7.624327,0,1,1,0,0,1,1,0,1,1,48.63086,0,1,0,1,0,0,0,0,0
1,1,1050.46,10.35594,0,1,0,1,1,0,0,1,1,1,60.58029,1,0,0,1,0,0,0,1,0
0,0,41036.59,17.59522,0,1,0,0,1,0,0,0,1,1,67.01405,1,0,1,1,0,0,0,1,0
0,1,14652.88,9.99185,0,1,0,1,0,1,0,1,1,1,70.05743,0,1,0,0,1,0,0,1,0
0,3,13363.47,12.54776,0,1,0,1,1,0,0,0,1,0,67.22133,1,0,0,0,1,0,0,1,0
0,3,65893.07,11.33648,0,1,0,0,0,0,1,1,1,1,51.426,0,1,0,1,0,0,0,1,0
0,1,19429.91,8.611381,0,0,0,0,1,0,0,0,0,1,68.02518,1,0,0,0,1,0,0,0,1
0,1,13957.71,11.24169,0,1,0,1,1,1,1,1,1,1,67.26027,0,1,1,0,0,0,0,0,0
0,0,4242.16,10.31648,0,1,0,1,0,0,1,1,0,0,71.26977,1,0,0,0,0,0,1,1,0
0,1,26248.17,7.79697,2,1,1,0,0,0,1,0,0,0,70.00933,0,1,1,1,0,0,0,1,0
0,1,35021.69,6.858262,0,1,0,0,0,1,0,0,0,1,67.00686,0,1,1,0,0,1,0,1,0
0,1,43230.88,7.845949,0,1,0,1,0,0,1,1,0,0,49.07593,0,1,0,0,0,0,0,0,0
0,0,10297.22,9.172501,0,1,0,0,0,0,0,0,1,1,64.05063,0,1,1,0,0,1,0,1,0
0,0,43716.35,9.371011,0,1,0,0,0,1,1,1,0,1,64.01003,1,0,0,0,1,0,0,0,1
0,0,7828.87,9.196199,0,1,1,0,0,0,0,0,0,0,66.79288,1,0,0,1,0,0,0,0,0
0,0,29511.28,8.685498,2,1,1,0,1,1,0,0,0,0,53.99857,1,0,0,0,0,0,1,1,0
0,3,82056.21,13.60832,0,0,0,1,0,1,1,0,1,1,37.36723,0,1,0,1,0,0,0,0,1
0,0,27474.27,3.671674,0,1,0,0,0,1,0,1,0,0,69.69574,1,0,0,0,0,1,0,1,0
0,0,20037.47,8.793558,1,0,1,0,0,0,0,1,0,1,57.23085,0,1,1,0,1,0,0,1,0
0,0,52626.1,10.84557,1,0,0,1,0,0,1,1,0,0,68.95831,0,1,1,0,0,1,0,0,1
0,0,23288.63,13.01421,1,1,1,0,0,0,1,0,0,0,53.54212,1,0,1,0,0,0,1,1,0
0,1,76573.56,3.362072,1,1,1,0,0,1,1,1,0,1,56.17179,1,0,1,0,0,1,0,1,0
1,3,13085.77,7.435907,0,1,1,1,1,0,0,1,1,0,59.6499,1,0,0,0,1,0,0,1,0
0,4,51630.69,10.61307,2,1,0,0,0,1,1,1,1,0,70.46581,0,1,0,1,0,0,0,0,1
0,0,46016.66,11.94654,0,1,0,1,0,1,0,1,1,1,71.46108,0,0,0,0,0,0,0,1,0
1,0,4436.83,3.217473,0,1,1,1,1,1,0,1,1,1,54.88836,0,0,1,0,0,0,0,1,0
0,4,24200.77,10.64494,0,1,1,0,0,0,0,1,0,1,65.43822,0,1,0,1,0,0,0,1,0
0,4,21430.63,8.930603,0,1,0,1,0,1,0,0,0,0,69.1413,0,1,1,0,0,0,1,1,0
0,0,24740.68,11.29101,0,1,1,1,0,1,1,1,0,0,42.6185,0,0,0,1,0,0,0,0,0
0,2,12110.3,6.836654,0,1,0,1,0,0,0,0,1,1,68.86185,1,0,1,0,0,1,0,0,0
0,2,53535.21,8.353363,0,1,1,0,1,1,0,1,1,0,70.81829,0,1,1,0,0,0,0,0,1
0,3,15836.26,13.66895,0,0,0,1,1,1,0,1,0,1,49.69121,0,1,1,1,0,0,0,0,1
0,1,29515.26,7.897277,0,1,1,1,1,0,0,0,0,1,60.04586,1,0,1,0,1,0,0,0,0
0,2,3899.68,5.161611,0,1,1,0,0,1,0,0,1,1,62.09703,0,0,0,0,1,0,0,1,0
0,0,17181.9,11.63485,1,1,1,0,1,0,0,1,0,1,63.29972,0,0,1,0,0,0,0,1,0
0,0,15029.89,7.889915,0,1,1,0,0,0,0,0,0,1,58.54629,1,0,1,0,1,0,0,0,0
0,1,9044.12,11.38978,1,1,0,0,1,0,1,0,1,1,51.79712,0,0,0,0,0,1,0,1,0
0,2,36779.58,7.371937,0,1,0,0,1,0,0,1,0,1,70.92476,1,0,1,0,0,0,1,1,0
0,2,65502.64,11.31872,1,1,1,0,1,0,0,1,0,0,66.13697,0,0,1,0,0,0,1,0,0
0,0,40554.25,7.930711,0,0,1,0,1,0,1,0,0,0,67.13803,0,1,1,1,0,0,0,1,0
1,5,74732.97,7.48647,0,1,0,1,1,1,0,1,1,1,59.13489,1,0,0,0,0,0,1,1,0
0,4,10046.34,4.796609,0,1,1,1,1,0,1,1,1,1,38.07335,0,0,1,0,0,1,0,0,1
0,2,52888.07,9.237924,1,1,0,0,0,1,0,0,0,1,71.96367,0,0,1,0,1,0,0,0,0
0,1,36379.65,11.57345,0,1,1,1,0,0,0,1,0,1,51.87217,0,0,1,0,0,0,1,0,0
0,3,34943.9,9.904571,0,1,1,0,0,0,1,0,0,1,69.25128,1,0,0,1,0,0,0,0,0
0,2,15954.73,11.10415,0,1,0,0,0,0,0,0,0,0,47.04565,1,0,0,0,0,1,0,1,0
0,3,32456.55,10.12587,0,1,0,0,1,1,1,1,0,1,37.23531,0,1,1,0,0,0,1,1,0
0,0,42113.2,12.12624,0,1,1,0,0,0,1,0,1,1,55.63584,1,0,1,1,0,0,0,0,0
0,0,18143.7,8.035783,0,1,1,1,1,0,0,1,1,0,71.56684,0,0,0,1,0,0,0,0,0
0,1,13043.09,8.6347,0,0,0,1,1,0,0,0,0,1,42.74967,0,0,0,0,0,0,1,0,0
0,1,36812.71,14.38138,2,1,1,0,0,0,1,1,0,0,62.91372,0,0,0,0,0,1,0,1,0
0,6,37630.22,6.368564,1,1,0,1,0,1,1,0,0,1,56.37261,0,1,1,0,0,0,1,0,0
1,0,56378.17,14.81596,0,1,0,0,0,0,1,1,1,0,56.40613,1,0,1,0,1,0,0,1,0
0,3,34515.24,11.55533,0,1,1,0,0,0,0,0,1,1,65.5396,0,0,1,0,1,0,0,1,0
0,0,35212.48,4.983086,0,1,0,0,1,0,0,0,0,1,64.81224,1,0,1,0,1,0,0,1,0
0,2,28212.68,10.87347,0,0,0,0,0,0,1,1,0,1,36.76838,0,0,1,0,0,0,0,0,1
0,4,16125.03,9.32394,0,1,0,0,1,0,1,0,0,1,50.27926,1,0,1,0,0,0,0,1,0
1,0,50927,8.259933,1,1,1,0,1,1,1,1,1,0,55.73208,1,0,1,0,0,1,0,1,0
0,0,80295.4,13.35703,1,1,1,1,0,0,0,1,0,0,57.27176,1,0,0,0,0,0,0,1,0
0,4,45373.95,13.0284,0,1,1,0,0,0,1,1,0,0,71.71756,1,0,0,1,0,0,0,1,0
0,4,33599.19,11.40089,0,1,0,1,1,1,1,1,0,1,67.95515,0,1,0,0,0,0,0,1,0
0,1,34754.46,6.304843,1,0,1,1,0,0,1,1,1,1,66.83137,0,1,1,0,0,1,0,1,0
0,2,3710.56,7.786296,2,1,0,1,1,0,0,0,1,0,65.15995,0,1,0,0,0,1,0,1,0
0,0,54955.31,6.213528,1,1,0,1,1,0,0,0,0,0,67.19978,1,0,1,1,0,0,0,0,1
0,3,10626.38,11.66757,0,1,1,0,0,1,0,0,1,0,49.72909,1,0,0,0,0,1,0,1,0
0,0,93425.87,10.64368,0,1,0,0,1,0,1,0,1,0,61.82169,1,0,1,0,0,0,0,0,1
0,6,20823.33,7.092099,0,1,1,0,1,1,0,1,1,1,62.2002,0,1,0,0,0,0,0,0,0
0,2,73912.54,12.72561,0,0,1,0,0,0,0,1,0,1,61.27483,0,1,1,0,1,0,0,1,0
0,0,25678.29,9.381688,0,1,1,0,1,0,0,0,0,1,41.17585,0,0,1,0,0,0,1,0,1
0,1,45967.1,10.19731,0,1,1,0,1,1,0,1,1,1,61.68555,0,1,1,0,1,0,0,0,1
0,0,94903.52,6.659046,0,1,1,0,0,0,0,0,1,0,58.15209,0,1,0,0,1,0,0,0,0
0,2,22292.48,10.61585,0,1,0,0,1,0,0,0,1,1,60.54294,0,0,1,0,1,0,0,1,0
0,3,54271.05,9.07607,0,1,1,0,1,1,0,0,1,0,62.313720000000004,0,1,1,0,0,0,0,0,0
0,3,61079.4,13.74043,0,1,0,1,1,1,0,1,1,1,69.7539,0,1,1,1,0,0,0,1,0
0,4,28614.43,9.020448,0,1,0,0,1,1,1,0,0,1,41.97598,0,1,1,0,0,1,0,0,1
0,1,22316.64,9.84351,0,1,1,1,0,0,0,1,1,1,69.99165,1,0,0,0,0,0,1,0,0
0,3,49987.27,6.719136,0,1,1,1,0,0,1,1,1,0,49.04173,1,0,0,0,1,0,0,0,1
0,0,2635.94,10.49267,0,1,1,0,1,0,1,1,0,0,50.58579,0,1,1,0,0,0,1,0,1
0,0,14339.8,11.78497,0,1,1,0,0,0,0,0,1,1,70.90623,0,1,1,0,0,0,1,0,1
0,1,10514.57,4.773942,1,1,0,0,0,0,1,1,1,1,56.14325,0,1,0,0,0,0,0,0,0
0,3,16658.68,8.525073,1,1,1,0,0,0,1,0,0,0,46.94705,0,1,0,1,0,0,0,0,0
0,1,22319.36,14.22713,0,1,1,1,0,1,1,0,0,0,58.01097,0,1,0,1,0,0,0,1,0
0,1,44276.29,10.49348,2,0,0,0,1,1,1,1,0,1,57.33305,1,0,0,0,0,0,0,1,0
0,3,75686.61,16.01067,0,1,0,1,0,0,1,0,1,0,71.39698,1,0,1,0,1,0,0,0,0
1,1,36658.04,10.26971,1,0,1,0,1,1,0,1,1,1,62.08608,0,0,1,0,0,0,1,1,0
0,1,85566.49,12.57676,0,1,0,1,0,1,0,0,1,0,59.20792,1,0,1,1,0,0,0,1,0
0,3,37363.3,12.24262,0,1,0,1,0,1,1,0,0,1,71.94719,0,1,0,0,0,1,0,0,1
0,3,53439.45,9.454309,0,1,0,1,1,0,0,0,0,0,43.40702,0,0,0,1,0,0,0,1,0
0,2,77398.45,13.47255,0,1,0,1,1,1,0,0,1,1,58.91402,0,0,1,0,1,0,0,0,0
0,0,36517.36,7.762278,0,1,0,1,0,0,0,1,0,1,40.8394,1,0,0,1,0,0,0,0,0
0,3,20639.23,12.2166,1,1,0,0,0,0,1,1,0,0,54.61973,0,0,1,0,0,0,1,1,0
0,2,39223.71,7.771673,1,1,1,0,1,0,0,1,0,1,64.93663,0,1,0,0,0,0,1,0,0
0,3,66665.33,10.96142,0,1,1,0,1,1,0,0,1,0,68.00653,1,0,0,0,1,0,0,1,0
0,2,18531.6,11.8535,1,0,0,1,1,0,1,0,1,0,41.84938,0,1,1,0,0,0,0,1,0
0,1,36206.69,11.67139,1,1,0,0,0,1,0,0,0,0,66.49811,0,1,1,0,0,0,1,0,0
0,2,13422.08,12.23027,0,1,0,0,1,0,0,0,1,1,54.64972,1,0,0,0,1,0,0,1,0
0,1,17612.86,8.450991,0,1,1,0,1,1,0,0,1,1,57.27183,1,0,1,0,0,0,1,1,0
1,0,73198.38,11.98358,1,0,1,1,1,0,0,1,1,0,42.47836,0,1,0,0,0,0,0,1,0
0,1,25429.84,11.73306,0,1,1,1,0,1,0,0,1,0,60.47912,0,0,1,0,0,0,0,1,0
0,1,42197.7,11.25886,0,1,1,1,1,1,1,0,0,1,39.27473,1,0,0,1,0,0,0,1,0
0,2,58578.06,7.750919,0,1,0,0,0,0,0,1,1,0,52.78874,0,1,1,1,0,0,0,0,1
0,0,47168.82,13.36237,0,1,1,0,0,1,0,0,1,1,70.63095,0,1,0,0,1,0,0,0,0
0,2,22751.38,8.301608,1,1,1,1,0,0,1,1,1,0,71.48016,0,1,1,0,0,1,0,0,1
0,1,74781.03,13.20603,0,1,0,1,0,0,1,0,0,0,71.17766,0,1,0,0,0,0,1,1,0
0,0,78317.27,14.3882,1,1,1,0,0,1,1,0,0,1,66.57294,0,0,1,0,0,1,0,0,0
0,4,32855.71,5.325493,0,1,0,0,0,0,1,1,1,1,62.90578,0,0,1,0,0,0,0,1,0
0,0,18050.48,11.77623,0,1,0,0,0,0,0,1,0,1,65.01229,0,1,0,0,1,0,0,1,0
0,1,73017.82,5.545685,0,1,0,0,1,1,0,0,0,1,63.40014,0,0,0,0,0,0,0,1,0
0,3,88325.38,11.11017,1,1,1,1,1,0,0,0,1,1,71.54844,0,1,1,0,1,0,0,0,1
0,4,49513.67,11.32677,0,1,1,0,0,0,0,1,0,0,50.26004,1,0,0,1,0,0,0,1,0
0,5,54592.6,12.16623,0,1,1,0,0,1,0,1,1,0,57.37458,0,1,1,0,1,0,0,1,0
0,1,3780.35,7.332892,1,1,1,1,0,1,0,1,0,1,68.63549,0,0,1,0,0,0,0,1,0
0,3,29281.6,9.893011,0,1,1,1,0,1,0,0,1,1,54.72683,0,1,1,0,1,0,0,1,0
0,2,14692.76,8.590983,0,1,1,1,0,1,0,0,0,0,58.87612,0,1,1,0,0,0,1,1,0
0,0,13948.3,15.89345,0,1,1,0,1,0,0,0,0,0,57.25068,0,0,0,0,0,1,0,1,0
0,4,51931.3,11.56996,1,1,1,0,0,0,1,1,1,1,48.50733,1,0,0,0,0,1,0,0,0
0,1,52999.25,8.181079,0,1,1,1,0,0,1,1,0,1,69.48387,0,1,0,1,0,0,0,1,0
0,0,15208.9,11.43391,2,1,1,1,0,1,0,1,0,1,55.87308,0,1,0,0,0,0,0,1,0
0,0,3789.83,10.59431,1,1,0,1,1,1,0,0,1,1,67.41948,1,0,1,0,0,0,0,0,0
0,4,10719.01,8.474787,0,1,0,1,1,0,0,0,0,0,54.20972,0,0,1,0,1,0,0,1,0
0,1,74220,11.27164,1,1,0,0,1,1,0,1,1,1,49.61816,0,1,1,0,0,0,1,1,0
0,7,76807.33,8.086307,0,1,1,1,1,0,0,0,1,0,51.51251,0,1,0,1,0,0,0,1,0
0,4,36886.47,13.68737,1,1,1,0,1,0,1,1,1,0,53.44438,0,1,1,0,0,0,1,1,0
1,2,16545.07,13.90412,0,1,0,0,1,0,0,1,1,0,47.48699,1,0,0,1,0,0,0,1,0
0,1,47077.88,10.28962,1,1,1,1,1,0,1,1,1,1,61.54459,1,0,0,1,0,0,0,1,0
0,0,29711.23,12.46556,0,1,0,0,0,0,1,1,0,0,61.29211,0,1,0,0,0,0,1,0,1
0,0,18703.92,9.760517,0,0,1,1,1,0,0,1,1,1,71.99928,0,0,0,0,0,1,0,1,0
0,4,13872.89,8.20146,0,1,0,0,0,1,0,1,1,1,67.74157,0,1,1,0,0,1,0,1,0
0,3,75454.23,6.579744,1,1,0,0,1,1,0,0,1,0,64.95028,0,1,1,0,1,0,0,0,1
0,2,57901.36,14.69873,0,1,1,0,1,0,1,1,0,1,68.30856,1,0,0,0,0,0,1,0,0
0,0,82584.2,9.282643,0,1,1,0,0,0,0,1,0,0,68.88449,0,1,0,0,1,0,0,0,1
0,1,58733.26,10.14357,2,0,1,0,1,0,0,0,1,1,68.96928,1,0,0,0,1,0,0,0,1
0,2,17906.48,7.283757,0,1,0,1,1,0,1,1,1,1,58.86292,0,0,1,0,1,0,0,1,0
0,1,28492.27,8.101706,0,1,0,0,1,0,0,0,0,1,58.5608,1,0,1,0,0,0,1,0,1
1,3,34642.75,10.81203,0,1,0,1,1,0,0,1,1,0,42.74753,1,0,0,0,0,0,0,1,0
1,1,25125.45,10.522,0,1,1,1,0,0,1,1,1,0,54.87013,1,0,1,0,0,0,0,1,0
0,3,45244.55,10.30218,1,1,1,0,1,0,0,1,0,0,66.75045,0,1,0,0,0,0,0,0,1
0,0,20845.55,8.162504,0,1,1,0,1,0,0,0,0,1,43.01015,0,1,0,0,1,0,0,1,0
0,0,74742.53,10.0151,0,1,1,1,1,0,0,1,0,1,55.81802,0,1,1,0,0,0,1,1,0
0,4,5951.1,5.72361,0,1,1,1,1,0,1,0,1,0,59.54373,0,1,0,0,0,0,0,1,0
0,0,46323.88,14.20174,1,1,1,0,0,0,0,1,0,0,51.43424,0,1,1,0,0,0,0,0,0
0,0,72185.15,5.15128,0,0,0,0,1,0,1,1,0,1,70.41272,0,1,1,0,1,0,0,1,0
0,0,37460.94,6.05702,1,1,1,0,1,1,0,1,0,0,65.44538,0,1,1,0,0,1,0,0,0
1,2,10570.54,9.554385,0,1,0,0,1,1,1,1,1,1,68.9536,0,1,1,1,0,0,0,1,0
0,0,50455.61,9.329676,0,1,0,1,1,0,0,1,0,1,62.07809,1,0,1,1,0,0,0,0,1
0,3,22688.87,7.670802,0,1,0,1,0,0,1,0,1,0,65.19899,0,0,0,0,0,1,0,1,0
0,0,56271.7,4.19326,1,1,0,1,0,0,0,1,0,1,64.94288,0,1,0,1,0,0,0,0,0
0,1,58485.86,9.208571,0,1,1,0,1,1,0,1,0,1,48.31275,0,1,0,0,1,0,0,1,0
0,4,31975.58,13.92475,1,1,0,0,0,1,1,1,1,1,55.87037,1,0,1,0,0,1,0,0,0
0,1,52859.9,10.78449,1,1,1,0,0,0,0,1,0,1,63.05783,0,1,0,0,0,0,0,0,1
0,2,9373.48,11.28199,0,1,0,0,1,1,0,0,0,0,62.28135,1,0,0,0,0,1,0,1,0
0,2,27419.68,11.95052,1,1,0,0,0,0,1,1,1,1,48.24148,0,0,0,1,0,0,0,0,0
0,0,13133.52,8.489095,1,1,0,0,0,0,0,1,0,0,58.66601,0,0,0,1,0,0,0,1,0
0,2,11730.68,7.049572,2,0,0,0,1,1,1,1,0,1,64.19478,0,1,1,0,1,0,0,1,0
0,4,45301.1,8.898125,1,1,1,0,1,1,0,0,1,0,67.10378,0,0,0,0,1,0,0,1,0
0,2,64695.35,11.79061,2,1,0,0,0,1,1,1,0,0,63.72204,0,1,1,0,0,0,0,0,1
0,1,18846.68,11.51417,0,1,1,1,0,0,0,0,0,0,66.896960000000007,0,1,0,0,0,0,0,0,0
0,4,29495.88,6.426418,0,1,0,0,1,1,1,0,0,1,71.23043,0,1,1,0,0,0,0,1,0
0,0,20168.84,11.6179,0,1,1,0,1,0,1,1,1,1,60.33663,0,1,1,0,0,0,1,1,0
0,5,24408.14,11.71731,1,1,0,0,1,1,0,1,1,1,67.67761,0,1,0,0,0,0,1,0,1
0,0,5062.75,7.117576,0,1,0,1,1,1,0,0,0,0,61.50738,0,1,0,0,0,0,1,1,0
0,2,81187.28,6.74053,1,1,0,0,0,1,0,1,0,0,45.65226,0,1,1,1,0,0,0,1,0
0,3,35159.56,9.592787,0,1,1,1,0,1,1,1,0,1,64.68955,0,1,0,0,0,0,0,1,0
0,5,11700.78,6.78886,0,1,1,1,1,1,0,1,1,0,61.83307,0,1,0,1,0,0,0,0,1
0,3,60088.68,13.26825,0,1,0,0,0,0,0,1,1,0,66.73461,0,1,1,0,1,0,0,0,1
0,1,26983.6,10.38436,2,1,1,0,1,1,0,0,1,1,52.38371,0,1,1,0,0,1,0,1,0
0,1,35405.96,13.38037,0,1,0,0,0,1,1,1,0,1,69.60264,1,0,0,1,0,0,0,0,0
0,1,10927.09,5.073443,0,1,1,0,1,1,1,0,0,1,58.20259,0,0,0,1,0,0,0,1,0
0,0,58106.82,11.56473,0,1,0,1,1,1,1,0,0,0,67.95509,0,0,0,0,0,0,1,1,0
0,0,7563.51,11.22831,0,1,0,0,0,1,0,1,1,1,67.6308,0,0,0,0,0,0,0,1,0
0,3,27817.23,9.702296,0,1,0,0,0,1,1,0,0,0,58.87396,1,0,0,0,0,0,1,0,0
0,1,26501.33,11.85362,0,1,0,0,0,1,0,0,1,0,56.29659,0,1,1,0,0,0,0,0,1
0,0,21569.07,9.605943,1,1,1,1,0,1,0,1,0,1,60.64369,1,0,1,0,0,0,0,1,0
0,1,20117.04,5.81173,0,1,0,0,0,0,1,0,0,1,52.78581,1,0,0,0,0,1,0,0,1
0,3,37849.41,7.831325,0,1,0,0,1,0,0,1,0,1,61.78618,0,0,1,0,1,0,0,0,0
0,4,102633.9,10.66271,1,1,0,1,0,1,0,0,0,1,56.8243,0,1,1,0,0,1,0,1,0
1,1,33126.69,12.27148,1,1,0,1,1,1,1,1,1,1,59.97134,1,0,0,1,0,0,0,1,0
0,7,84285.17,8.937648,0,1,0,1,1,0,0,0,0,1,56.31703,1,0,1,0,0,1,0,1,0
0,3,45647.43,8.773331,0,0,1,0,0,1,1,0,0,1,37.50261,0,0,0,0,0,0,0,0,0
0,3,17580.02,8.689682,0,1,0,0,0,0,0,0,0,0,64.67477,1,0,1,0,0,1,0,1,0
0,6,7266.18,12.87836,1,1,0,1,0,1,1,1,0,0,66.42151,0,1,0,1,0,0,0,1,0
0,1,20396.58,5.461552,0,1,0,0,1,0,0,1,0,0,68.03445,0,1,1,0,0,1,0,1,0
0,2,13561.91,6.691445,0,1,0,0,0,0,0,0,1,1,53.60799,0,1,1,0,0,0,0,1,0
0,3,29258.96,8.898731,0,1,0,0,0,1,0,0,1,1,67.26145,0,1,0,0,0,0,0,1,0
0,4,59794.64,4.836911,0,1,0,1,0,1,1,1,0,1,60.7205,1,0,1,0,0,0,0,1,0
0,0,40426.46,8.178866,1,0,1,0,1,0,0,1,0,0,56.10936,1,0,0,0,1,0,0,0,0
0,1,11872.63,8.819943,2,1,1,0,1,1,1,1,0,1,65.52213,1,0,1,0,0,0,1,1,0
1,2,47875.88,13.32245,0,1,0,1,1,0,1,1,1,1,55.88547,1,0,1,0,0,0,1,1,0
0,1,32418.66,4.788896,1,1,1,1,1,0,0,1,1,0,66.80152,0,1,0,0,1,0,0,0,0
0,0,18840.87,7.544732,0,1,0,0,0,1,1,0,1,0,63.9229,0,1,1,0,0,0,1,1,0
0,0,40907.98,14.87917,0,1,1,0,0,1,1,0,0,1,49.24329,0,1,0,0,0,0,0,1,0
0,2,15201.62,7.903037,1,1,0,0,1,0,1,0,0,0,51.62267,0,1,0,0,0,0,1,1,0
0,1,55779.85,9.273413,0,1,0,0,1,0,0,0,1,1,46.90599,1,0,1,0,0,1,0,1,0
0,7,42608.15,15.91261,1,1,0,1,1,0,0,0,0,1,71.24412,1,0,1,1,0,0,0,0,0
0,4,44717.94,8.318141,0,1,1,0,1,0,1,0,0,1,54.67286,1,0,1,0,0,1,0,1,0
0,0,79842.59,13.85387,0,1,1,0,0,1,1,1,0,0,40.51042,1,0,0,0,1,0,0,1,0
0,5,32800.57,12.94343,1,1,1,0,1,0,0,1,0,1,67.29135,1,0,1,0,0,0,0,0,1
0,1,18435.93,13.10254,0,1,0,1,1,0,1,0,0,1,61.50205,0,1,0,0,1,0,0,1,0
0,1,38631.12,11.1218,0,1,0,0,1,0,0,0,1,1,53.98876,0,1,1,0,0,0,1,1,0
0,0,49464.15,6.32828,0,1,1,0,0,1,0,0,1,1,64.59012,1,0,1,0,0,0,1,0,0
0,0,25727.59,13.83786,0,1,0,0,0,1,1,1,0,1,66.59987,0,1,1,0,0,0,1,1,0
0,1,15148.5,8.296729,1,1,0,0,0,1,0,0,1,0,64.69309,0,1,0,0,0,0,0,1,0
0,3,18378.44,11.20322,0,1,0,0,0,0,0,1,0,0,39.23379,0,1,1,1,0,0,0,0,0
0,1,33333.79,10.15348,0,1,1,1,0,0,1,0,0,0,59.566,0,1,0,0,0,1,0,0,1
0,4,30939.83,6.545932,1,1,0,0,1,0,1,0,0,1,66.56346,0,1,1,0,1,0,0,1,0
0,4,9187.18,9.499419,0,1,0,0,0,0,0,1,1,1,65.00498,1,0,0,0,0,0,0,0,1
0,1,10408.71,13.61479,0,1,1,0,1,1,0,1,0,0,58.53165,0,1,0,0,0,0,1,1,0
0,4,32835.55,5.864152,1,1,0,0,1,1,1,0,1,1,50.09713,1,0,0,0,0,1,0,1,0
0,0,27069.07,11.80699,1,1,0,0,0,0,0,0,0,0,62.51438,0,1,1,0,1,0,0,0,1
0,2,16462.33,9.416598,1,1,0,0,1,0,0,0,1,1,62.63117,0,1,1,0,0,1,0,1,0
0,1,71846.74,12.21574,1,1,0,0,0,0,0,0,0,0,60.30933,1,0,0,0,1,0,0,1,0
0,4,20880.14,11.90848,2,0,0,1,1,0,1,1,1,1,59.89979,0,0,0,0,0,1,0,1,0
0,1,28122.28,10.41154,0,1,1,0,1,1,1,1,0,1,58.59926,1,0,1,0,0,1,0,1,0
0,6,67650.26,10.15007,0,1,0,1,1,1,0,1,0,0,65.18501,1,0,0,1,0,0,0,1,0
0,3,27006.97,12.767,0,1,1,0,1,1,1,0,1,1,60.4105,1,0,0,0,1,0,0,1,0
0,1,11645.59,14.09779,0,0,1,0,1,1,1,0,1,1,71.53575,0,0,1,0,0,1,0,1,0
0,0,60081.33,8.310906,1,1,0,0,1,0,1,1,0,0,42.22849,0,1,0,0,0,0,0,1,0
0,0,36901.27,10.36027,1,0,0,0,1,0,0,1,0,0,64.05212,0,0,1,0,0,1,0,1,0
0,2,69043.68,7.726647,2,1,1,1,0,1,0,0,0,1,70.18387,0,1,1,0,0,1,0,1,0
0,1,47563.06,7.697496,1,1,1,0,1,0,0,0,1,0,67.50401,0,1,1,1,0,0,0,1,0
0,0,67402.55,12.0016,1,1,0,0,1,0,1,0,0,1,62.29043,0,0,1,1,0,0,0,0,0
0,3,53680.57,13.65034,0,1,1,1,1,1,0,1,1,1,51.4383,0,0,0,0,0,0,0,0,0
0,1,58726.65,10.55283,0,0,0,1,1,1,0,0,1,1,59.7267,0,0,0,0,0,0,0,1,0
1,4,47075.22,9.002155,0,1,1,0,0,0,0,1,1,1,56.16716,1,0,0,0,0,0,1,1,0
0,2,60405.56,6.155514,0,1,0,1,1,1,1,0,0,1,59.1861,1,0,0,1,0,0,0,0,1
0,5,13111.46,8.727973,1,1,0,1,1,1,0,1,1,1,66.38094,0,1,0,1,0,0,0,1,0
0,3,32250.13,14.16682,1,1,1,0,1,1,0,0,1,1,62.38737,0,1,1,0,1,0,0,1,0
0,6,7670.8,8.487369,0,1,1,1,1,1,1,0,1,0,62.12984,0,0,1,0,0,1,0,1,0
0,0,18366.04,10.38895,0,1,1,1,0,0,0,1,1,1,66.62855,1,0,0,0,0,0,1,0,1
0,1,32120.64,9.183806,0,1,0,1,0,0,1,1,0,0,63.01465,0,0,1,0,0,0,1,0,1
0,0,42180.72,9.550056,1,1,0,0,0,0,1,0,0,0,64.00501,0,1,0,0,0,0,1,0,0
0,7,19826.85,5.478988,0,1,1,0,1,0,1,1,0,0,50.74296,0,1,1,1,0,0,0,0,0
0,1,37615.99,12.88705,1,1,0,1,0,0,0,0,0,1,46.43864,1,0,0,0,0,0,1,1,0
0,1,70308.97,13.82786,2,1,0,0,1,0,0,0,1,1,71.4569,0,1,0,0,1,0,0,1,0
1,2,54831.62,8.910234,1,1,1,1,0,0,0,1,1,0,52.67702,1,0,0,0,0,0,1,1,0
1,2,10326.69,9.509801,0,1,1,0,1,1,1,1,1,1,68.37019,1,0,1,0,0,0,1,1,0
0,2,13665.54,8.483226,1,1,0,0,1,0,0,0,1,0,67.26893,1,0,0,0,0,1,0,1,0
0,0,14551.58,13.28085,0,1,0,0,1,0,0,1,1,0,52.4705,0,0,1,0,0,0,0,1,0
0,6,15411.74,9.979656,0,1,0,0,0,0,0,1,0,1,70.30088,0,1,1,1,0,0,0,1,0
0,0,32424.01,5.328414,0,1,1,0,1,1,0,0,1,1,49.4719,0,0,0,0,0,0,0,1,0
0,2,81108.99,8.991643,0,1,1,1,0,0,0,0,1,0,52.60822,1,0,0,0,0,0,1,1,0
0,1,64620.61,6.56167,0,1,1,0,1,0,0,0,0,1,68.95898,0,1,1,0,0,1,0,0,0
0,5,42900.48,6.765901,0,1,1,0,1,0,0,1,0,1,49.09017,1,0,1,1,0,0,0,0,0
0,1,34957.26,9.221422,0,1,0,0,1,0,0,0,1,1,40.46026,0,1,0,0,1,0,0,1,0
0,0,71285.56,12.09114,0,1,1,0,1,0,1,0,1,0,47.56383,0,1,1,0,1,0,0,0,1
0,4,8127.06,15.04124,0,1,1,0,0,0,0,1,1,0,66.37555,0,0,0,0,1,0,0,1,0
0,4,32917.33,10.1041,0,1,1,0,1,0,0,0,0,1,64.25108,1,0,1,0,1,0,0,1,0
0,0,45028.35,9.122923,0,0,1,0,0,0,0,0,1,1,42.2544,1,0,0,1,0,0,0,0,0
0,0,71970.6,8.50051,0,1,1,1,1,0,1,0,1,0,63.48022,1,0,1,1,0,0,0,1,0
0,1,29603.81,12.73152,0,1,0,0,0,0,0,1,1,0,58.20314,0,1,0,0,0,1,0,0,1
0,7,76026.12,14.09466,0,1,0,1,0,0,0,1,0,1,70.89101,0,1,1,0,0,1,0,0,0
0,1,81318.66,9.7339,0,0,1,0,1,0,0,1,0,0,64.17582,0,0,1,0,0,1,0,0,0
0,0,11678.22,15.06674,0,1,1,0,0,1,1,0,1,1,60.85274,0,1,1,0,1,0,0,0,1
0,2,53324.82,10.97332,0,1,0,0,0,0,0,1,1,0,41.11114,0,1,1,0,0,0,0,0,0
0,6,10551.43,13.52236,0,1,1,0,1,0,1,0,0,1,59.78701,0,1,1,0,0,1,0,1,0
0,1,22991.24,2.936454,0,1,1,0,0,0,0,0,1,1,65.85945,0,1,1,0,0,1,0,1,0
0,3,42913.97,9.642119,1,1,0,0,0,0,0,0,0,1,68.73272,0,0,0,0,0,1,0,1,0
0,3,2627.52,8.573587,0,1,1,1,0,0,0,1,0,1,50.58015,1,0,1,0,0,1,0,1,0
0,1,61082.05,10.7891,1,1,1,0,1,0,0,1,0,0,69.32718,1,0,0,1,0,0,0,1,0
0,4,55302.32,9.599153,0,0,1,0,0,1,0,0,1,1,54.64758,1,0,1,0,0,0,1,1,0
0,2,38083.17,16.71428,1,1,0,1,0,0,0,1,1,1,43.96321,0,0,0,0,0,0,0,1,0
0,1,31395.62,4.000136,1,1,0,0,1,1,0,1,0,1,65.42546,0,0,1,0,0,0,1,1,0
0,3,48050.5,5.832515,1,0,1,1,0,0,0,0,0,0,68.4414,1,0,0,0,0,0,0,1,0
0,4,88504.85,11.06695,0,1,1,0,0,0,0,0,0,0,56.49332,1,0,0,0,1,0,0,0,1
0,3,51564.85,14.39378,0,1,1,0,1,0,0,0,0,0,52.20612,1,0,1,0,0,0,0,0,1
0,3,56244.33,14.69714,0,1,1,1,1,0,1,0,1,0,46.24636,0,0,0,0,0,1,0,0,1
0,0,28810.43,10.39064,0,1,1,0,1,0,1,1,0,1,52.90819,1,0,1,0,0,1,0,0,1
0,0,13001.78,9.006661,0,1,0,0,0,1,0,0,0,0,64.92481,0,1,0,0,0,0,1,0,0
0,1,29764.16,6.952948,1,1,1,0,1,0,0,0,1,1,48.83733,0,0,1,0,0,1,0,0,1
0,3,102173.5,9.636032,2,1,0,0,1,1,0,1,1,1,71.44364,0,1,0,1,0,0,0,1,0
0,0,13623.33,9.77495,1,1,0,1,1,1,0,0,0,0,67.9711,0,1,0,0,0,1,0,0,0
0,3,31959.42,7.76613,0,1,0,1,1,0,0,1,0,1,59.67243,0,0,0,1,0,0,0,0,0
0,0,26162.53,12.50068,0,1,0,0,0,1,1,1,0,0,48.07729,0,0,1,0,0,0,0,1,0
0,3,66341.45,8.25327,1,0,0,0,0,0,0,1,0,0,52.58164,0,1,0,0,0,0,0,0,1
0,0,8771.55,10.71649,0,1,1,0,0,0,1,1,0,0,43.19701,0,1,0,0,1,0,0,0,0
0,0,98120,14.72704,0,0,0,1,1,0,0,0,1,0,60.5411,1,0,0,1,0,0,0,1,0
0,0,25846.05,7.75223,1,0,1,0,1,1,0,0,0,0,70.50969,0,1,1,0,0,0,0,1,0
0,3,12439.47,14.9084,0,1,0,1,1,0,0,1,0,1,44.92195,0,0,1,0,0,1,0,1,0
0,0,16096.75,8.952419,0,1,0,0,0,0,0,1,0,1,46.86027,0,1,1,0,1,0,0,1,0
0,1,33362.41,11.7914,0,1,0,0,0,1,1,1,0,1,55.23911,0,1,1,0,0,1,0,1,0
0,0,36171.94,10.09554,0,1,1,0,0,0,0,1,0,1,68.32444,0,0,1,1,0,0,0,0,0
0,0,28348.26,5.543435,0,1,1,0,0,1,1,0,0,1,67.94252,0,1,0,0,0,0,1,0,1
0,2,26254.4,11.32274,0,1,1,1,0,1,0,0,0,1,67.75508,1,0,1,0,1,0,0,0,1
0,3,66188.42,11.4564,0,1,1,0,0,0,1,1,1,0,65.63324,1,0,1,0,1,0,0,1,0
0,1,21357.71,14.58326,1,0,0,0,1,1,0,0,1,0,63.80541,0,1,1,0,0,0,1,0,0
0,4,32807.29,6.116148,0,1,1,0,0,0,0,0,0,1,53.9011,0,1,1,0,0,0,1,1,0
0,1,44188.48,8.924287,0,1,0,0,0,0,0,0,1,0,51.96957,1,0,1,1,0,0,0,0,1
0,2,31952.26,17.03486,0,1,0,0,0,1,0,0,1,1,51.9774,0,1,0,0,0,0,0,1,0
0,3,31486.36,7.661634,0,1,0,1,1,0,0,0,0,1,64.33534,1,0,0,0,0,0,0,0,1
0,0,19126.13,8.381372,1,0,0,0,1,1,1,0,0,1,63.18627,0,1,1,0,1,0,0,1,0
1,6,34372.77,12.2067,1,1,1,1,1,1,0,1,1,1,62.16781,0,1,1,0,0,0,0,1,0
0,3,11554.38,15.14826,0,1,1,0,0,0,0,1,0,1,71.25391,0,0,0,0,1,0,0,0,1
0,3,45249.35,4.20949,0,1,0,0,1,0,0,0,1,0,62.42366,0,1,0,0,0,0,0,1,0
0,0,9245.78,5.82842,1,1,0,0,0,0,1,0,0,1,63.03261,0,1,1,1,0,0,0,0,1
0,3,58724.25,10.45406,2,1,0,0,1,1,0,0,1,1,47.74031,0,0,0,1,0,0,0,0,0
0,4,52883.54,10.06949,1,1,0,0,1,0,1,1,0,1,71.68601,0,1,0,1,0,0,0,0,0
0,3,31713.03,9.14229,0,1,0,0,1,0,0,0,1,0,61.12409,0,1,1,0,0,0,0,1,0
0,0,28011.86,11.90146,0,0,1,0,1,1,0,1,0,1,48.98892,1,0,1,0,0,0,1,0,1
0,1,49862.25,8.031259,2,0,0,1,0,0,1,1,1,0,57.99615,1,0,0,0,0,0,0,0,0
0,1,63586.05,5.788718,0,1,1,0,0,0,1,1,0,0,53.42526,1,0,1,0,1,0,0,1,0
0,1,24614.25,5.982889,0,1,0,0,0,0,0,1,0,1,71.15468,0,1,1,1,0,0,0,0,0
1,0,38067.68,9.345099,1,1,0,1,0,0,0,1,1,1,64.6373,0,0,0,0,1,0,0,1,0
0,3,57050.83,9.601905,1,1,0,1,0,0,0,1,0,1,48.38976,0,0,1,0,0,1,0,1,0
0,6,51026.35,13.10333,0,1,1,0,0,0,1,1,0,1,71.24523,0,0,1,0,0,1,0,1,0
0,0,39573.48,10.97923,0,1,0,0,0,0,1,1,1,0,65.85431,0,1,0,1,0,0,0,0,1
1,1,6651.76,7.773419,1,1,1,1,1,1,1,1,1,1,44.42372,1,0,0,0,0,0,0,0,0
0,2,25126.76,12.24905,0,1,1,0,0,1,0,0,1,1,59.60865,0,1,0,0,0,0,1,0,0
0,3,13289.12,7.950337,0,1,1,1,0,1,1,0,0,1,63.56661,0,1,1,0,0,1,0,0,1
1,1,46835.84,8.5269,0,1,0,0,0,1,0,1,1,0,41.98389,1,0,1,0,1,0,0,1,0
0,0,7669.04,14.10881,1,1,0,0,1,1,1,0,0,1,67.71773,0,1,0,0,0,1,0,0,0
0,0,33781.57,8.008878,0,1,0,0,1,1,0,1,0,0,60.45443,0,1,0,0,0,0,0,1,0
0,1,22507.15,12.16368,0,1,0,1,1,1,1,1,0,0,61.73668,0,0,1,0,0,0,1,0,1
0,2,11593.19,8.47466,0,1,0,0,0,0,0,0,1,1,44.01106,0,0,0,0,0,0,0,1,0
0,1,2566.07,11.12424,1,1,0,1,0,0,0,1,0,1,57.1358,1,0,1,0,0,1,0,1,0
0,2,55503.23,11.76236,1,0,0,0,0,1,0,0,0,0,48.99944,0,0,1,1,0,0,0,1,0
1,2,21294.1,15.27192,1,0,0,1,1,1,0,1,1,1,57.37711,0,1,1,0,0,0,0,1,0
0,3,16570.26,15.60219,0,1,1,1,1,0,1,0,0,1,70.35289,0,1,1,1,0,0,0,0,0
0,7,39539.32,13.70624,0,1,0,0,1,1,0,1,0,0,60.08453,0,1,0,1,0,0,0,1,0
0,6,24924.4,8.983244,1,1,1,0,1,0,1,1,1,1,62.55977,0,1,1,0,0,1,0,0,1
0,1,13223.66,7.953802,0,1,0,0,0,1,0,1,0,1,51.25081,0,1,0,0,1,0,0,1,0
0,1,34425.39,12.85216,1,1,1,0,0,1,0,1,0,1,65.71379,1,0,1,0,0,0,1,0,0
0,0,83912.29,10.89877,0,1,0,1,1,1,1,0,1,1,60.48793,0,1,0,0,0,1,0,1,0
0,1,42400.24,8.934308,0,1,0,0,0,0,0,1,0,0,50.49242,0,1,0,1,0,0,0,1,0
0,6,6081.68,8.054444,1,1,1,1,1,0,0,1,1,1,69.48617,0,1,0,1,0,0,0,1,0
0,0,14192.54,10.66077,1,0,0,1,1,0,1,0,1,0,60.67808,1,0,0,0,0,0,1,1,0
0,0,53298.45,14.30687,1,1,1,0,0,1,0,0,1,0,70.40113,1,0,1,0,0,1,0,1,0
0,3,40287.93,8.296606,0,0,0,1,1,0,0,0,0,0,71.34763,1,0,1,0,0,1,0,1,0
0,1,13467.6,14.47001,0,1,1,0,0,1,0,0,0,1,46.23966,1,0,0,1,0,0,0,1,0
0,2,47134.23,6.264097,1,1,0,1,1,1,1,1,0,1,68.82603,0,0,1,0,0,1,0,1,0
0,2,9539,11.47074,0,1,1,0,0,1,1,0,1,0,48.2368,0,1,0,0,0,0,0,0,1
0,1,52074.5,9.315203,0,1,0,0,1,1,0,0,1,1,50.71914,0,1,1,0,1,0,0,0,0
0,3,45636.98,11.35962,1,1,0,1,0,1,1,0,0,0,66.62554,0,1,1,0,0,0,1,1,0
0,1,40958.69,7.409574,2,1,1,0,0,1,1,1,0,1,44.15083,0,0,1,0,1,0,0,0,0
0,0,9568.37,11.87689,1,0,0,0,0,0,1,1,0,1,71.97999,0,1,1,0,0,0,1,1,0
0,4,43778.88,9.239469,0,0,1,1,0,0,0,0,1,0,57.49156,0,1,0,0,0,0,0,1,0
0,3,54152.37,13.26554,0,1,0,0,0,0,1,0,1,0,50.09011,1,0,0,0,0,1,0,0,0
0,1,10121.38,9.247619,0,1,0,0,0,1,1,1,0,1,46.55588,0,1,0,0,0,1,0,0,0
0,3,30780.17,11.61223,1,1,1,0,1,1,0,1,1,0,64.67959,0,0,1,1,0,0,0,0,0
0,2,13475.85,7.446402,0,1,1,0,0,1,0,1,1,1,66.88596,0,0,0,0,0,1,0,0,1
0,0,30243,12.10676,0,1,0,0,1,0,0,1,0,1,68.83881,0,1,0,0,0,1,0,1,0
0,0,31930.06,11.38546,1,1,1,0,0,0,0,0,1,1,57.01956,0,1,0,1,0,0,0,0,1
0,3,68679.87,7.11688,0,1,1,1,1,0,0,0,1,1,64.39513,0,0,1,0,0,0,0,1,0
0,2,19910.19,9.700782,0,1,0,0,1,1,0,0,0,1,71.23142,0,1,1,1,0,0,0,0,0
0,2,37004.19,4.623316,1,1,0,0,0,0,0,1,0,1,69.3778,0,0,1,0,0,0,0,1,0
0,1,10530.09,12.52296,0,1,0,0,1,0,1,1,0,1,51.63569,1,0,1,0,0,0,0,1,0
0,1,54388.32,9.89274,0,1,0,0,1,1,1,1,0,1,70.18048,0,1,0,0,0,0,1,1,0
0,0,14688.94,9.731306,0,1,0,0,0,1,0,0,1,1,69.10375,1,0,1,0,0,1,0,1,0
0,3,25399.52,16.99756,1,1,0,1,0,0,0,0,0,0,62.25655,0,1,1,0,1,0,0,1,0
0,0,12929.43,13.87773,0,0,0,1,1,0,0,0,1,0,46.05744,0,1,0,0,0,1,0,1,0
0,4,9802.53,13.65911,0,1,0,1,1,1,0,1,0,1,65.0829,0,1,0,0,0,0,0,0,0
0,4,50072.5,9.004892,0,1,0,0,0,1,1,0,1,0,54.4197,1,0,0,0,0,0,1,1,0
0,1,17043.47,6.490112,1,1,1,0,1,0,0,0,0,1,70.64245,0,0,1,1,0,0,0,0,1
0,0,41699.57,7.956304,0,1,1,0,0,0,0,0,0,0,49.94733,1,0,0,0,0,1,0,1,0
0,7,11084.4,5.724732,0,0,1,0,0,1,0,1,0,0,66.16906,0,1,0,0,0,0,0,1,0
0,0,23150.47,8.214105,1,0,1,1,0,0,0,0,1,0,65.54203,0,1,0,1,0,0,0,1,0
0,2,73397.27,13.0393,0,1,1,0,0,0,0,0,0,1,70.52617,0,1,0,0,0,0,0,0,0
0,0,7415.62,9.449248,0,1,0,0,0,1,0,0,0,0,64.27877,0,1,1,1,0,0,0,1,0
0,0,26765.68,9.224247,1,1,1,0,1,1,0,1,0,1,61.47977,1,0,1,0,0,0,1,0,1
0,0,32708.23,10.57865,0,1,1,0,0,0,1,1,0,1,54.60031,0,1,0,0,0,1,0,1,0
0,0,31867.08,11.56674,2,1,0,1,0,0,1,0,1,0,61.69069,1,0,1,1,0,0,0,0,0
0,2,42972.71,11.91416,0,1,0,1,1,1,0,0,0,0,59.40963,1,0,0,0,1,0,0,1,0
0,0,10096.82,11.37672,0,1,1,1,1,0,0,1,0,0,56.68677,0,0,1,1,0,0,0,1,0
0,0,37471.73,5.312181,0,1,0,1,0,1,0,1,0,0,60.29749,1,0,0,0,0,0,1,0,0
0,4,13033.38,9.265631,0,1,0,0,0,0,1,1,0,1,59.13074,1,0,1,1,0,0,0,1,0
0,3,91572.91,8.899374,0,1,0,0,0,1,0,1,0,1,57.58191,1,0,1,0,0,1,0,0,0
0,4,19593.73,14.5605,0,0,0,0,0,0,0,0,0,0,61.30199,0,0,0,1,0,0,0,0,1
0,2,45261.26,15.49642,2,1,0,1,0,0,0,0,1,1,71.16373,1,0,0,1,0,0,0,1,0
0,0,46437.64,5.216083,0,1,0,0,0,0,1,0,1,1,62.96706,0,1,0,0,0,1,0,1,0
1,0,28966.67,12.32784,0,1,0,0,0,0,0,1,1,1,56.4945,0,1,1,0,0,0,0,1,0
0,0,38385.14,6.512468,1,1,1,0,1,0,0,1,0,1,68.61974,1,0,1,0,0,0,1,1,0
0,7,32765.97,11.31643,0,1,1,0,0,0,0,1,1,1,51.9989,0,1,0,0,0,0,1,0,1
0,2,30331.59,11.9505,0,1,0,1,0,0,0,0,1,0,50.8022,1,0,1,0,1,0,0,1,0
0,0,38941.53,6.678908,0,0,0,1,1,0,0,0,0,0,54.93761,0,1,1,0,0,1,0,0,1
0,0,19805.69,13.9319,1,0,0,0,0,0,0,0,1,1,61.10676,1,0,1,0,0,0,0,1,0
0,1,65565.99,7.291285,0,0,1,0,1,1,0,0,0,0,47.45044,1,0,0,0,0,0,1,1,0
0,1,29203.34,11.19239,0,1,1,0,1,1,0,1,0,1,58.57706,0,1,0,0,0,0,0,0,0
0,1,27714.04,5.960651,0,1,0,1,0,1,0,1,0,1,66.39293,1,0,1,0,1,0,0,0,0
0,2,20602.34,9.835139,0,1,0,0,0,1,0,0,0,1,60.10972,0,1,0,0,0,0,1,1,0
0,7,17492.86,9.561987,1,1,1,1,0,0,0,1,1,0,57.56332,0,1,1,0,1,0,0,0,0
0,3,69312.38,7.77294,0,1,0,1,0,0,0,1,0,1,54.81081,0,0,1,0,0,1,0,1,0
0,0,9278.76,9.317847,0,1,0,0,1,0,0,0,0,0,61.8401,0,1,1,0,0,0,1,0,1
0,2,46602.46,11.13317,1,1,1,1,0,1,1,0,1,0,65.07998,0,0,0,0,0,0,1,0,1
0,1,30882.87,10.99838,2,1,0,0,1,1,0,0,0,1,67.69557,0,0,1,0,0,0,0,1,0
0,3,15481.94,2.476131,0,1,0,0,0,0,0,1,0,1,60.87178,1,0,0,0,0,0,0,1,0
0,4,56408.34,6.941927,0,0,0,0,1,1,0,1,0,1,46.0622,1,0,0,0,0,1,0,1,0
0,7,52263.69,9.77949,0,1,0,1,1,0,1,0,1,1,56.01484,0,1,0,0,0,0,0,1,0
0,1,4282.41,12.23066,1,1,0,0,1,0,0,1,0,1,39.83562,1,0,1,0,0,1,0,1,0
0,2,55774.98,11.44104,1,1,1,0,0,1,1,0,1,1,49.89893,0,0,0,0,0,0,0,1,0
0,1,35520.25,9.687118,0,1,1,1,0,0,0,0,0,1,66.15837,1,0,1,0,0,0,1,1,0
0,4,16984.19,10.22821,0,1,0,0,1,1,1,0,0,1,57.89422,1,0,1,1,0,0,0,1,0
1,1,23510.78,9.459743,1,1,1,1,1,0,0,1,1,0,45.85581,0,0,0,0,0,0,1,1,0
0,2,35456.28,11.00273,0,1,1,0,1,0,1,0,1,1,69.8568,1,0,0,0,0,0,0,1,0
0,0,22080.88,5.093824,1,1,0,1,1,1,0,0,0,1,61.80927,0,1,0,0,1,0,0,0,1
0,3,23705.78,11.04239,0,1,1,1,0,0,0,0,1,1,67.76854,1,0,1,0,0,1,0,0,1
0,3,81847.44,13.34978,0,1,0,1,0,1,1,0,1,1,62.91268,0,1,1,0,0,0,1,1,0
0,0,11008.1,11.58713,1,1,0,0,0,0,1,0,0,0,64.8854,1,0,0,0,0,1,0,1,0
0,1,26912.8,10.00689,0,1,0,0,0,1,0,1,0,1,70.92371,1,0,1,0,0,1,0,1,0
0,3,35612.65,9.207029,0,1,1,0,0,0,1,0,0,0,58.61361,0,1,0,0,0,0,0,1,0
0,6,25737.47,9.434311,0,1,0,1,1,1,0,0,0,1,51.85047,0,1,0,0,0,0,1,0,1
0,0,18634.63,10.35163,0,1,0,1,0,0,0,1,1,1,56.54679,1,0,0,1,0,0,0,1,0
0,0,61664.04,12.67875,0,1,0,0,0,0,0,1,0,0,67.16337,0,0,0,0,0,1,0,1,0
1,1,22946.95,8.073099,1,1,1,0,0,1,0,1,1,1,54.74518,1,0,1,0,0,0,0,1,0
0,4,62731.56,10.75982,0,1,0,0,1,0,0,1,1,0,40.41527,0,1,0,0,0,1,0,1,0
0,3,85971.68,5.232845,1,1,1,0,1,1,1,1,1,1,54.37964,0,0,0,0,0,0,0,1,0
0,1,22643.63,9.42255,0,0,1,0,0,0,0,0,0,0,54.87071,0,0,0,0,1,0,0,0,1
0,6,42585.62,6.722832,0,0,1,1,0,1,1,1,0,1,41.72903,0,0,1,0,0,0,1,1,0
0,1,33999.88,9.39927,1,0,0,1,0,0,0,0,0,1,54.02641,0,1,0,0,0,0,1,0,0
0,1,38120.33,8.383148,1,1,0,0,0,0,0,1,1,0,58.8745,0,0,0,0,0,0,1,0,1
0,2,37184.53,11.99013,1,1,0,0,0,0,0,0,0,1,69.77542,0,1,1,1,0,0,0,1,0
0,3,24961.35,13.7486,1,1,0,0,1,0,0,1,1,1,60.12009,1,0,1,0,1,0,0,0,1
0,4,26314.99,10.83815,0,1,0,0,0,0,1,0,0,0,67.3665,0,1,0,0,0,0,0,1,0
0,4,24516.61,7.615469,0,1,1,0,0,1,1,0,0,1,54.84956,0,1,1,0,0,0,0,1,0
0,3,19023.99,10.71119,0,1,0,0,0,0,0,0,1,1,60.24089,1,0,1,0,0,0,1,1,0
0,3,39632.68,7.308628,0,1,0,0,0,0,1,1,0,1,49.27373,0,1,0,0,1,0,0,1,0
0,2,15088.76,12.00279,0,1,1,0,0,0,0,1,0,0,57.2401,0,0,1,0,1,0,0,1,0
0,0,25746.6,12.56374,2,1,0,0,0,1,0,1,0,1,40.93141,1,0,0,0,0,1,0,0,1
0,3,45544.64,9.009847,0,1,1,1,0,0,0,1,0,0,67.063,1,0,1,1,0,0,0,1,0
0,1,34619.03,7.784769,0,1,0,1,1,1,0,0,0,1,60.9855,0,0,1,0,1,0,0,0,0
0,4,34510.91,9.817191,0,1,1,1,0,1,1,1,1,1,63.19406,0,0,1,0,0,0,1,0,0
0,1,53015.75,10.42329,0,1,1,0,0,1,1,0,0,1,60.5753,1,0,1,0,1,0,0,0,0
1,0,73006.74,9.808694,0,1,1,0,0,1,1,1,1,1,66.82584,1,0,0,1,0,0,0,0,1
0,1,90742.25,10.25642,0,1,1,0,0,1,0,0,1,0,59.39468,0,1,1,0,0,1,0,1,0
0,0,48656.13,15.39942,0,1,0,1,1,1,1,0,1,1,69.76674,1,0,1,0,0,0,0,1,0
0,0,33430.29,12.73997,0,1,1,1,0,1,1,0,0,1,65.7154,0,0,1,1,0,0,0,0,1
0,1,10777.3,12.70658,0,0,0,0,0,0,0,0,0,1,67.17715,0,0,1,0,1,0,0,0,0
0,0,46803.94,11.66217,0,0,0,0,1,1,0,1,1,0,58.77002,0,1,0,1,0,0,0,1,0
0,1,32321.93,14.61724,1,1,0,0,1,0,1,1,1,1,71.54108,0,1,0,0,0,1,0,0,0
0,1,80884.8,9.470531,1,1,0,1,0,1,0,1,0,1,50.88709,1,0,0,0,0,0,0,1,0
0,6,43308.59,8.898668,0,0,0,1,0,1,1,1,0,1,49.76373,0,1,1,0,0,1,0,0,0
0,1,9547.51,10.19981,0,1,0,1,0,0,1,0,0,0,66.46085,0,0,1,0,1,0,0,0,1
0,4,25062.7,9.130749,0,1,0,0,0,1,0,1,1,0,60.04825,1,0,0,0,1,0,0,1,0
0,1,21246.03,4.759083,0,1,1,1,0,1,0,0,0,1,70.53117,1,0,0,1,0,0,0,1,0
0,3,25196.43,6.31599,0,1,1,0,1,0,0,0,1,1,66.88131,1,0,0,0,0,0,0,0,1
0,1,57595.26,9.162568,1,1,0,0,0,1,0,0,1,1,44.54138,0,1,1,1,0,0,0,0,0
0,1,10631.32,13.82528,0,1,0,0,1,1,0,0,1,1,64.34378,0,0,0,1,0,0,0,1,0
0,1,30026.56,5.880279,0,1,0,0,0,0,1,0,1,1,60.93141,1,0,1,1,0,0,0,1,0
0,1,75384.42,10.20518,0,0,1,0,0,0,1,1,1,0,69.99167,1,0,0,0,0,0,1,1,0
0,6,22910.31,11.31758,1,1,0,0,0,0,0,0,1,1,69.6182,0,0,1,0,0,0,1,0,0
0,3,27758.83,10.07036,0,1,0,1,1,0,1,0,0,0,60.03004,0,1,1,0,0,1,0,1,0
1,1,65626.75,8.989241,1,1,1,0,0,0,1,1,1,1,45.33085,1,0,0,1,0,0,0,1,0
0,3,50854.38,8.122139,0,1,1,0,0,0,1,1,0,0,65.07643,1,0,1,1,0,0,0,1,0
0,2,24142.89,5.417969,0,1,1,0,0,1,1,1,0,1,55.56204,0,1,0,0,0,0,1,1,0
0,0,42691.56,11.36499,0,1,1,1,1,1,0,1,0,1,65.58919,1,0,1,0,0,1,0,1,0
0,0,89514.55,6.987712,0,1,1,0,1,1,1,1,0,0,71.53609,0,1,0,0,0,1,0,1,0
0,4,20753.51,13.1574,0,1,0,0,0,0,1,1,0,0,58.1358,1,0,0,0,0,1,0,1,0
0,3,67050.85,7.764846,2,1,1,0,0,1,0,1,1,1,67.09737,0,0,0,1,0,0,0,1,0
0,0,30000.18,11.98166,1,1,1,0,1,0,1,0,1,0,49.07033,0,1,1,1,0,0,0,1,0
0,1,58302.74,11.17906,0,1,0,1,0,1,1,1,1,1,61.91109,1,0,1,1,0,0,0,0,1
0,1,59034.02,5.786657,0,1,0,1,1,1,1,0,1,1,36.50778,0,1,0,0,0,0,1,0,1
0,2,35233.87,10.39968,0,1,1,1,0,0,0,1,1,0,57.07531,0,0,0,0,0,1,0,0,0
0,0,33316.37,13.64283,1,1,0,0,0,1,1,0,1,1,61.46622,0,0,0,0,0,0,1,0,0
0,2,49337.37,9.790214,1,0,0,0,0,1,1,0,1,1,62.94995,0,0,1,0,0,0,0,1,0
1,1,62904.47,15.71372,0,1,1,0,1,1,0,1,1,0,55.74644,1,0,1,0,0,0,0,1,0
0,0,10242.19,11.20969,0,1,0,0,0,1,0,0,1,1,64.55211,0,1,1,0,1,0,0,1,0
0,1,57886.92,8.96244,0,1,1,0,1,0,1,1,0,1,61.85574,0,1,0,1,0,0,0,1,0
0,0,27078.33,11.26407,0,0,0,0,1,0,0,0,0,1,52.07771,1,0,1,0,0,1,0,0,0
1,1,42381.63,9.741873,0,1,1,1,1,1,0,1,1,1,58.10724,0,0,1,0,0,1,0,1,0
0,7,5265.74,14.51717,0,1,0,0,1,0,0,1,1,1,50.14317,1,0,1,1,0,0,0,0,0
0,1,5821.59,14.6783,0,1,0,0,0,0,1,0,0,0,71.67689,0,0,0,0,1,0,0,0,1
0,1,29261.65,7.528743,1,1,0,0,1,1,1,1,1,1,71.4959,1,0,0,0,1,0,0,0,0
0,0,46731.01,13.68878,0,1,0,0,0,1,1,0,1,1,59.85298,0,1,0,0,0,0,0,0,0
0,0,30077.16,12.01569,1,1,1,0,1,0,0,0,0,1,43.93121,0,0,1,0,1,0,0,1,0
0,3,80021.51,9.137266,0,1,1,1,1,1,0,1,0,0,64.41859,0,1,0,0,1,0,0,0,1
0,4,68457.74,5.233119,1,1,1,1,1,0,1,1,1,1,52.62668,0,1,1,1,0,0,0,0,0
0,0,48311.82,12.62326,0,1,1,0,1,0,0,1,0,1,71.52099,0,1,0,0,0,1,0,0,0
0,0,19807.12,11.23289,0,1,1,0,1,0,1,1,1,0,48.82626,1,0,0,1,0,0,0,0,1
0,1,10776.83,6.411316,0,1,1,0,1,0,1,0,1,0,67.0374,1,0,0,1,0,0,0,0,1
0,1,19708.53,11.8722,0,1,0,0,1,0,1,1,0,1,49.80587,0,1,0,0,0,0,0,0,0
0,1,43991.91,13.61257,2,1,1,0,1,1,0,0,1,0,59.29022,0,1,0,0,1,0,0,1,0
0,2,64901.11,7.267685,1,1,0,0,1,0,1,0,1,1,58.40629,0,1,0,0,1,0,0,1,0
0,3,87968.71,10.58203,1,1,0,0,0,0,0,1,1,0,71.71958,1,0,1,1,0,0,0,1,0
0,1,20693.32,6.510457,0,1,0,0,0,1,1,0,0,1,66.06887,0,1,1,0,0,0,0,1,0
0,1,27068.65,13.61624,0,1,0,1,1,0,0,1,0,1,43.47717,0,1,0,0,0,1,0,0,1
0,0,26990.25,8.214286,1,1,0,1,1,1,0,1,0,1,54.1338,0,1,0,0,0,0,1,1,0
0,0,17845.3,9.654315,0,1,0,0,1,1,0,0,0,1,54.75767,0,1,1,1,0,0,0,1,0
0,1,13865.91,12.88305,0,1,1,0,0,1,1,0,1,1,56.40424,0,1,0,0,1,0,0,0,1
0,1,34966.43,8.471456,0,1,1,0,0,0,1,0,1,0,70.2982,1,0,0,0,0,1,0,1,0
0,0,35053.42,10.57011,0,1,1,1,1,0,0,0,1,1,61.28212,1,0,1,0,0,0,1,1,0
0,3,4846.55,4.146676,0,1,0,0,0,1,1,1,1,0,56.05929,0,0,1,0,0,0,1,0,1
0,2,54935.66,12.68772,1,1,1,0,1,1,0,0,1,1,47.32195,1,0,0,0,1,0,0,1,0
0,1,28711.17,8.567386,0,1,1,0,1,0,0,1,0,1,61.51366,0,1,1,0,0,0,1,0,1
0,1,40327,9.398203,1,1,1,0,0,1,0,0,0,1,59.14016,1,0,1,0,0,0,0,1,0
0,1,35415.05,9.041816,0,1,0,1,0,1,1,1,0,0,60.00232,1,0,1,0,0,0,1,0,0
0,1,43317.31,7.07799,0,1,1,0,1,1,1,1,1,1,70.20568,0,0,1,0,0,0,0,1,0
0,3,13910.41,8.74376,1,1,1,0,0,0,0,0,0,1,55.30151,0,1,1,0,0,0,0,1,0
0,0,58173.04,11.42202,0,1,1,1,1,0,0,1,1,1,67.57609,0,1,1,1,0,0,0,1,0
0,5,24672.87,7.404922,0,1,0,0,1,0,0,1,0,0,59.33902,0,0,1,1,0,0,0,1,0
0,0,31178.25,4.223341,0,1,1,0,0,1,0,0,1,1,54.05623,1,0,0,1,0,0,0,1,0
0,7,67377.48,15.3584,0,1,1,1,1,1,0,0,1,1,68.52825,0,0,1,0,0,0,0,0,1
0,0,24239.77,11.26271,0,1,0,0,0,1,0,0,0,0,58.54167,0,0,0,1,0,0,0,1,0
0,0,40935.12,11.06419,1,1,1,0,0,1,0,0,0,0,47.10952,0,0,1,0,0,1,0,0,0
0,1,72449.84,11.25272,0,1,0,0,1,0,1,1,1,1,48.24454,0,1,0,0,0,0,0,0,1
0,2,33813.25,8.135724,0,0,1,1,1,0,0,0,1,1,58.72868,0,1,1,0,0,0,1,1,0
0,3,102629.6,8.373844,0,1,1,0,0,1,0,1,1,0,54.54538,0,0,1,0,1,0,0,0,1
0,4,58232.67,7.174487,0,1,1,1,1,0,0,1,0,1,71.26306,0,1,0,0,1,0,0,0,0
0,0,25432.25,11.72837,2,1,0,0,1,0,1,0,0,1,54.37898,0,0,1,0,0,0,1,1,0
0,0,30724.26,10.11667,0,1,0,1,1,0,0,1,0,0,55.49816,0,1,0,1,0,0,0,0,1
0,1,35876.21,9.212993,0,1,0,0,0,0,0,1,0,1,56.47233,0,1,0,1,0,0,0,0,0
0,0,10222.73,7.73163,0,1,0,0,1,1,1,0,1,1,59.86596,0,0,1,0,0,0,1,0,0
0,1,56384.35,5.905487,0,1,0,1,0,1,0,0,1,0,49.92156,1,0,0,0,0,0,1,1,0
0,3,55723.74,9.415935,0,1,1,0,1,1,0,0,0,0,68.19713,1,0,0,0,1,0,0,1,0
0,1,45983.43,6.590911,0,1,1,1,1,0,0,0,0,1,47.41689,0,1,1,0,0,1,0,1,0
0,1,16667.58,12.07191,0,0,1,0,0,0,1,1,1,1,71.0956,0,1,0,0,0,0,1,0,0
0,1,9020.92,11.75472,0,1,1,1,1,1,0,0,1,1,63.35086,0,1,0,0,0,1,0,1,0
