Sentiment,Clean_Review
0,"['slow', 'moving', 'aimless', 'movie', 'distressed', 'drifting', 'young', 'man']"
0,"['not', 'sure', 'lost', 'flat', 'character', 'audience', 'nearly', 'half', 'walked']"
0,"['attempting', 'artiness', 'black', 'white', 'clever', 'camera', 'angle', 'movie', 'disappointed', 'became', 'even', 'ridiculous', 'acting', 'poor', 'plot', 'line', 'almost', 'non', 'existent']"
0,"['little', 'music', 'anything', 'speak']"
1,"['best', 'scene', 'movie', 'gerardo', 'trying', 'find', 'song', 'keep', 'running', 'head']"
0,"['rest', 'movie', 'lack', 'art', 'charm', 'meaning', 'emptiness', 'work', 'guess', 'empty']"
0,"['wasted', 'two', 'hour']"
1,"['saw', 'movie', 'today', 'thought', 'good', 'effort', 'good', 'message', 'kid']"
0,"['bit', 'predictable']"
1,"['loved', 'casting', 'jimmy', 'buffet', 'science', 'teacher']"
1,"['baby', 'owl', 'adorable']"
1,"['movie', 'showed', 'lot', 'florida', 'best', 'made', 'look', 'appealing']"
1,"['song', 'best', 'muppets', 'hilarious']"
1,['cool']
1,"['right', 'case', 'movie', 'delivers', 'everything', 'almost', 'right', 'face']"
0,"['average', 'acting', 'main', 'person', 'low', 'budget', 'clearly', 'see']"
1,"['review', 'long', 'overdue', 'since', 'consider', 'tale', 'two', 'sister', 'single', 'greatest', 'film', 'ever', 'made']"
1,"['put', 'gem', 'movie', 'term', 'screenplay', 'cinematography', 'acting', 'post', 'production', 'editing', 'directing', 'aspect', 'film', 'making']"
1,"['practically', 'perfect', 'true', 'masterpiece', 'sea', 'faux', 'masterpiece']"
1,"['structure', 'film', 'easily', 'tightly', 'constructed', 'history', 'cinema']"
1,"['think', 'no', 'film', 'something', 'vitally', 'important', 'occurs', 'every', 'minute']"
1,"['word', 'content', 'level', 'film', 'enough', 'easily', 'fill', 'dozen', 'film']"
1,"['how', 'anyone', 'right', 'mind', 'ask', 'anything', 'movie']"
1,"['quite', 'simply', 'highest', 'superlative', 'form', 'cinema', 'imaginable']"
1,"['yes', 'film', 'doe', 'require', 'rather', 'significant', 'amount', 'puzzle', 'solving', 'but', 'piece', 'fit', 'together', 'create', 'beautiful', 'picture']"
0,"['short', 'film', 'certainly', 'pull', 'no', 'punch']"
0,"['graphic', 'far', 'best', 'part', 'game']"
1,"['number', 'one', 'best', 'th', 'game', 'series']"
1,"['deserves', 'strong', 'love']"
1,"['insane', 'game']"
1,"['massive', 'level', 'massive', 'unlockable', 'character', 'just', 'massive', 'game']"
1,"['waste', 'money', 'game']"
1,"['kind', 'money', 'wasted', 'properly']"
1,"['actually', 'graphic', 'good', 'time']"
0,"['today', 'graphic', 'crap']"
1,"['say', 'canada', 'fun', 'game', 'aye']"
1,"['game', 'rock']"
1,"['buy', 'play', 'enjoy', 'love']"
1,"['pure', 'brilliance']"
0,"['flick', 'doomed', 'conception']"
0,"['idea', 'lame', 'take', 'minor', 'character', 'mediocre', 'pg', '13', 'film', 'make', 'complete', 'non', 'sequel', 'changing', 'tone', 'pg', 'rated', 'family', 'movie']"
0,"['wasn', 'least', 'bit', 'interested']"
0,"['not', 'confirm', 'film', 'would', 'unfunny', 'generic', 'but', 'also', 'managed', 'give', 'away', 'entire', 'movie', 'not', 'exaggerating', 'every', 'moment', 'every', 'plot', 'point', 'every', 'joke', 'told', 'trailer']"
0,"['but', 'just', 'not', 'funny']"
0,"['but', 'even', 'talented', 'carrell', 'save']"
0,"['co', 'star', 'don', 'fare', 'much', 'better', 'people', 'like', 'morgan', 'freeman', 'jonah', 'hill', 'ed', 'helm', 'just', 'wasted']"
0,"['story', 'just', 'predictable', 'lazy']"
0,"['real', 'effect', 'work', 'presence', 'animal', 'integration', 'scene', 'worst', 'obvious', 'blue', 'green', 'screen', 'work', 'ever', 'seen']"
0,"['but', 'whatever', 'cost', 'much', 'didn', 'translate', 'quality', 'sure']"
1,"['film', 'succeeds', 'despite', 'perhaps', 'obviously', 'meagre', 'budget']"
1,"['glad', 'film', 'didn', 'go', 'obvious', 'choice', 'lesser', 'film', 'certainly', 'would']"
1,"['addition', 'one', 'lovely', 'song', 'ever', 'written', 'french', 'cancan', 'also', 'boast', 'one', 'cutest', 'leading', 'lady', 'ever', 'grace', 'screen']"
1,"['hard', 'not', 'fall', 'head', 'heel', 'love', 'girl']"
0,"['negative', 'insipid', 'enough', 'cause', 'regret', 'another', '2', 'hour', 'life', 'wasted', 'front', 'screen']"
0,"['long', 'whiny', 'pointless']"
0,"['but', 'recommend', 'waiting', 'future', 'effort', 'let', 'one', 'go']"
1,"['excellent', 'cast', 'story', 'line', 'performance']"
1,"['totally', 'believable']"
1,"['anne', 'heche', 'utterly', 'convincing']"
1,"['sam', 'shepard', 'portrayal', 'gung', 'ho', 'marine', 'sobering']"
1,"['sat', 'riveted', 'tv', 'screen']"
1,"['give', 'one', 'resounding', '9', '10']"
1,"['think', 'tom', 'hank', 'good', 'actor']"
1,"['enjoyed', 'reading', 'book', 'child', 'little']"
0,"['disappointed', 'movie']"
0,"['one', 'character', 'totally', 'annoying', 'voice', 'give', 'feeling', 'fingernail', 'chalkboard']"
0,"['totally', 'unnecessary', 'train', 'roller', 'coaster', 'scene']"
0,"['absolutely', 'no', 'warmth', 'charm', 'scene', 'character']"
0,"['movie', 'totally', 'grate', 'nerve']"
0,"['performance', 'not', 'improved', 'improvisation', 'actor', 'twice', 'much', 'worry', 'not', 'whether', 'delivering', 'line', 'well', 'but', 'whether', 'line', 'good']"
0,"['quite', 'honestly', 'often', 'not', 'good']"
0,"['often', 'dialogue', 'doesn', 'really', 'follow', 'one', 'line', 'another', 'fit', 'surroundings']"
0,"['crackle', 'unpredictable', 'youthful', 'energy', 'but', 'honestly', 'found', 'hard', 'follow', 'concentrate', 'meander', 'badly']"
1,"['generally', 'great', 'thing']"
0,"['wouldn', 'say', 'worth', '2', 'hour', 'time', 'though']"
1,"['suspense', 'builder', 'good', 'just', 'cross', 'line', 'g', 'pg']"
1,"['especially', 'liked', 'non', 'cliche', 'choice', 'parent', 'movie', 'could', 'predict', 'dialog', 'verbatim', 'but', 'writing', 'movie', 'made', 'better', 'selection']"
1,"['want', 'movie', 'not', 'gross', 'but', 'give', 'chill', 'great', 'choice']"
1,"['alexander', 'nevsky', 'great', 'film']"
1,"['amazing', 'film', 'artist', 'one', 'important', 'whoever', 'lived']"
0,"['glad', 'pretentious', 'piece', 'didn', 'planned', 'dodge', 'stratus', 'big', 'shot', 'gon', 'na', 'help', 'movie', 'maker', 'restrained', 'movie', 'business', 'quebec']"
1,"['first', 'movie', 'given', '10', 'year']"
1,"['ever', 'movie', 'needed', 'word', 'mouth', 'promote']"
1,"['overall', 'film', 'interesting', 'thought', 'provoking']"
1,"['plus', 'well', 'paced', 'suited', 'relatively', 'short', 'run', 'time']"
1,"['give', 'one', 'look']"
1,"['gave', '10']"
1,"['wind', 'lion', 'well', 'written', 'superbly', 'acted']"
1,"['true', 'classic']"
1,"['actually', 'turned', 'pretty', 'decent', 'far', 'b', 'list', 'horror', 'suspense', 'film', 'go']"
1,"['definitely', 'worth', 'checking']"
0,"['problem', 'script']"
0,['horrendous']
0,"['nothing', 'believable']"
0,"['suspense', 'feeling', 'frustration', 'just', 'how', 'retarded', 'girl']"
1,"['manna', 'heaven', 'terrific', 'film', 'predictable', 'unpredictable', 'time']"
1,"['scene', 'often', 'funny', 'occasionally', 'touching', 'character', 'evaluate', 'life', 'going']"
1,"['cast', 'veteran', 'actor', 'just', 'nostalgia', 'trip']"
1,"['ursula', 'burton', 'portrayal', 'nun', 'touching', 'funny', 'time', 'making', 'fun', 'nun', 'church']"
1,"['looking', 'movie', 'terrific', 'cast', 'good', 'music', 'including', 'shirley', 'jones', 'rendition', 'way', 'look', 'tonight', 'uplifting', 'ending', 'give', 'one', 'try']"
1,"['don', 'think', 'disappointed']"
0,"['frankly', 'cotton', 'club', 'unfaithful', 'kind', 'embarrassing', 'watch', 'lane', 'gere', 'film', 'bad']"
0,"['acting', 'bad', 'dialog', 'extremely', 'shallow', 'insincere']"
0,"['predictable', 'even', 'chick', 'flick']"
0,"['politically', 'correct']"
0,['disappointing']
1,"['thing', 'really', 'worth', 'watching', 'scenery', 'house', 'beautiful']"
0,"['love', 'lane', 'but', 'never', 'seen', 'movie', 'lousy']"
0,"['hour', 'half', 'wish', 'could', 'bring', 'back']"
1,"['but', 'term', 'writing', 'fresh', 'bold']"
1,"['acting', 'help', 'writing', 'along', 'well', 'maybe', 'idiot', 'savant', 'sister', 'could', 'played', 'better', 'real', 'joy', 'watch']"
0,"['directing', 'cinematography', 'quite', 'good']"
0,"['movie', 'boring', 'sometimes', 'found', 'occupied', 'peaking', 'paper', 'instead', 'watching', 'never', 'happened', 'columbo', 'movie']"
0,"['sometimes', 'embarrassing', 'look', 'away']"
0,"['directing', 'seems', 'pretentious']"
0,"['scene', 'oh', 'mature', 'neighbour', 'girl', 'misplace']"
0,"['generally', 'line', 'plot', 'weaker', 'average', 'episode']"
0,"['scene', 'debated', 'whether', 'not', 'sack', 'trumpeter', 'falsely', 'accused', 'murder', 'pure', 'horror', 'really', 'stupid']"
1,"['applause', 'should', 'given', 'prelude', 'however']"
1,"['really', 'liked']"
1,"['great', 'film', 'great', 'director']"
1,"['movie', 'edge', 'seat', 'made', 'somewhat', 'afraid', 'go', 'car', 'end', 'night']"
1,"['music', 'film', 'really', 'nice']"
1,"['advise', 'anyone', 'go', 'see']"
1,['brilliant']
1,"['10', '10']"
1,"['liked', 'movie', 'way', 'much']"
0,"['problem', 'thought', 'actor', 'playing', 'villain', 'low', 'rent', 'michael', 'ironside']"
1,"['rocked', 'world', 'certainly', 'must', 'see', 'anyone', 'no', 'social', 'physical', 'outlet']"
0,"['however', 'didn', 'make', 'fact', 'overall', 'tremendously', 'boring', 'movie']"
0,"['no', 'chemistry', 'ben', 'affleck', 'sandra', 'bullock', 'film', 'couldn', 'understand', 'why', 'would', 'consider', 'even', 'leaving', 'wife', 'chick', 'supposedly', 'knocked']"
0,"['several', 'moment', 'movie', 'just', 'didn', 'need', 'excruciatingly', 'slow', 'moving']"
0,"['poor', 'remake', 'best', 'friend', 'wedding']"
0,"['great', 'disappointment']"
0,"['not', 'believe', 'actor', 'agreed', 'film']"
0,"['could', 'not', 'stand', 'even', 'watch', 'long', 'fear', 'losing', 'q']"
0,"['guess', 'nobody', 'network', 'aired', 'dribble', 'watched', 'putting']"
0,"['imdb', 'rating', 'go', 'low', '1', 'awful', 'time', 'get', 'negative', 'number', 'case']"
0,"['saw', 'mirrormask', 'last', 'night', 'unsatisfactory', 'experience']"
0,"['unfortunately', 'inexperience', 'direction', 'meant', 'scene', 'scene', 'passed', 'little', 'way', 'dramatic', 'tension', 'conflict']"
0,"['central', 'theme', 'film', 'handled', 'ineptly', 'stereotypically', 'no', 'depth', 'imagination']"
0,"['pretty', 'picture', 'world', 'not', 'make', 'piece', 'work', 'flawed', 'core']"
0,"['hour', 'half', 'waste', 'time', 'following', 'bunch', 'pretty', 'high', 'schoolers', 'whine', 'cry', 'life']"
0,"['relate', 'hell', 'barely', 'understand']"
1,"['definitely', 'cult', 'classic', 'well', 'worth', 'viewing', 'sharing', 'others']"
0,"['movie', 'pure', 'disaster', 'story', 'stupid', 'editing', 'worst', 'seen', 'confuses', 'incredibly']"
0,"['fish', 'badly', 'made', 'underwater', 'shot', 'repeated', 'thousand', 'time', 'film']"
0,"['truly', 'truly', 'bad', 'film']"
0,"['acting', 'terrible', 'writing', 'worse']"
0,"['possible', 'way', 'movie', 'could', 'redeemed', 'would', 'mst3k', 'fodder']"
0,"['paid', 'much']"
1,"['also', 'real', 'treat', 'see', 'anthony', 'quinn', 'playing', 'crazy', 'horse']"
0,['boring']
0,"['no', 'plot', 'whatsoever']"
0,"['no', 'plot']"
0,['horrible']
0,"['worst', 'hour', 'half', 'life', 'oh', 'gosh']"
0,"['walk', 'theatre', 'minute', 'just', 'get', 'relief']"
0,"['hate', 'movie', 'like']"
0,"['yeah', 'movie', 'pretty', 'much', 'sucked']"
0,"['no', 'plot', 'storyline']"
0,"['go', 'see', 'movie', 'bring', 'pillow', 'girlfriend', 'boyfriend', 'keep', 'occupied']"
0,['awful']
0,"['don', 'think', 'ever', 'gone', 'movie', 'disliked', 'much']"
0,"['good', 'thing', 'ticket', 'cost', 'five', 'dollar', 'would', 'mad', 'paid', '7', '50', 'see', 'crap']"
0,"['nobody', 'identifies', 'character', 'cardboard', 'cutout', 'stereotype', 'predictably', 'reverse', 'stereotype']"
0,"['bad', 'film', 'bad', 'writing', 'good', 'actor', 'ugly', 'cartoon', 'crafted', 'paul', 'haggis', 'people', 'handle', 'anything', 'but', 'bold', 'stroke', 'storytelling', 'picture', 'painted', 'crayon']"
0,"['crash', 'depressing', 'little', 'nothing', 'provokes', 'emotion', 'but', 'teach', 'nothing', 'already', 'know', 'racism', 'prejudice', 'bad', 'thing']"
1,"['still', 'like', 'movie', 'empowerment', 'woman', 'not', 'enough', 'movie', 'like', 'one']"
0,"['brain', 'attempt', 'shut', 'part', 'primal', 'impulse', 'self', 'preservation']"
0,"['left', 'shattered', 'experience', 'watching', 'film', 'took', 'good', 'two', 'hour', 'fully', 'recover']"
0,"['movie', 'join', 'revenge', 'boogeyman', 'zombiez', 'part', 'hellish', 'trinity', 'horror', 'film']"
0,"['certainly', 'not', 'mean', 'distinction', 'good', 'way']"
0,"['mean', 'terrible', 'way']"
0,"['film', 'ha', 'no', 'redeeming', 'feature']"
0,"['everything', 'appalling']"
0,"['artless', 'camera', 'work', 'endlessly', 'present', 'u', 'ugliest', 'setting', 'imaginable', 'e']"
0,"['story', 'beyond', 'stupid']"
0,['script']
0,"['kid', 'annoying']"
0,"['lead', 'man', 'charisma', 'free']"
0,"['utterly', 'without', 'merit', 'level', 'akin', 'torture']"
0,"['even', 'say', 'torture']"
0,"['maybe', 'would', 'reasonable', 'explanation', 'atrocity']"
0,"['not', 'pleasant', 'voyage', 'self', 'discovery']"
0,"['highly', 'unrecommended']"
0,"['premise', 'sound', 'stupid']"
0,"['yes', 'bad']"
0,"['nothing', 'recommend']"
1,"['excellent', 'performance']"
1,"['garbo', 'showed', 'right', 'bat', 'talent', 'could', 'carry', 'silent', 'era', 'wanted', 'see', 'silent', 'work', 'but', 'netflix', 'doesn', 'seem', 'stocking']"
1,"['also', 'great', 'see', 'renowned', 'silent', 'screenwriter', 'france', 'marion', 'hasn', 'missed', 'step', 'going', 'silent', 'sound']"
0,"['movie', 'suffered', 'writing', 'needed', 'suspense']"
0,"['many', 'close', 'ups']"
0,"['but', 'movie', 'seemed', 'drag', 'hero', 'didn', 'really', 'work', 'freedom']"
0,"['but', 'movie', 'definitely', 'average', 'rent']"
1,['love']
0,"['movie', 'bad']"
0,['bad']
0,"['film', 'way', 'long']"
0,"['definitely', 'one', 'bad', 'one']"
1,"['movie', 'received', 'great', 'quality', 'film', 'age']"
1,"['john', 'wayne', 'incredible', 'job', 'young', 'movie', 'industry']"
1,"['screen', 'presence', 'shined', 'thought', 'even', 'though', 'senior', 'actor', 'screen']"
1,"['think', 'must', 'see', 'older', 'john', 'wayne', 'film']"
0,"['really', 'don', 'see', 'how', 'anyone', 'could', 'enjoy', 'movie']"
0,"['don', 'think', 'ever', 'seen', 'movie', 'half', 'boring', 'self', 'indulgent', 'piece', 'junk']"
0,"['probably', 'would', 'better', 'director', 'hadn', 'spent', 'movie', 'showcasing', 'art', 'work', 'really', 'isn', 'noteworthy']"
0,"['another', 'thing', 'didn', 'really', 'like', 'character', 'got', 'punched', 'face', 'gallon', 'blood', 'would', 'spew', 'forth', 'soon']"
1,"['jamie', 'foxx', 'absolutely', 'ray', 'charles']"
1,"['performance', 'simply', 'genius']"
1,"['owns', 'film', 'just', 'spacek', 'owned', 'coal', 'miner', 'daughter', 'quaid', 'owned', 'great', 'ball', 'fire']"
1,"['fact', 'hard', 'remember', 'part', 'ray', 'charles', 'acted', 'not', 'played', 'man']"
1,"['ray', 'charles', 'legendary']"
1,"['ray', 'charles', 'life', 'provided', 'excellent', 'biographical', 'material', 'film', 'go', 'well', 'beyond', 'just', 'another', 'movie', 'musician']"
1,"['hitchcock', 'great', 'director']"
0,"['ironically', 'mostly', 'find', 'film', 'total', 'waste', 'time', 'watch']"
1,"['secondly', 'hitchcock', 'pretty', 'much', 'perfected', 'thriller', 'chase', 'movie']"
0,"['pandering', 'audience', 'sabotage', 'film']"
0,"['hence', 'whole', 'story', 'lack', 'certain', 'energy']"
0,"['plot', 'simply', 'rumble', 'like', 'machine', 'desperately', 'depending', 'addition', 'new', 'scene']"
0,"['usual', 'hitchcock', 'logic', 'flaw']"
0,"['mishima', 'extremely', 'uninteresting']"
0,"['chilly', 'unremarkable', 'movie', 'author', 'living', 'working', 'chilly', 'abstruse', 'culture']"
0,"['flat', 'reenactment', 'don', 'hold', 'attention', 'emotionally', 'adrift', 'stagy']"
0,"['rest', 'just', 'sits', 'awful', 'soldier', 'singing', 'song', 'masculinity', 'pledge', 'hairsplitting', 'purity', 'admiration', 'sword', 'etc']"
0,"['bore', 'piece', 'kill', 'momentum', 'movie', 'quicker', 'anyone', 'else']"
0,"['schrader', 'ha', 'made', 'resume', 'full', 'lousy', 'amateurish', 'film']"
1,"['first', 'watched', 'movie', '80', 'loved']"
1,"['totally', 'fascinated', 'music', 'dancing', 'everything']"
0,"['however', 'recently', 'watched', 'whole', 'thing', 'dvd', 'completely', 'struck', 'how', 'extremely', 'stupid', 'storyline', 'how', 'contained', 'hole', 'inconsistency', 'frankly', 'whole', 'lot', 'crap', 'how', 'horrid', 'dancing']"
0,"['mean', 'realistic', 'world', 'would', 'never', 'gotten', 'ballet', 'repertory', 'whole', 'thing', 'quite', 'pathetic']"
0,"['character', 'development', 'also', 'lacked', 'depth']"
0,"['woa', 'talk', 'awful']"
0,"['not', 'waste', 'time']"
0,"['just', 'horrible']"
0,"['worst', 'sappiest', 'dialogue', 'could', 'go']"
0,"['but', 'really', 'made', 'unwatchable', 'direction']"
0,"['poor', 'actor']"
0,"['even', 'tell', 'talent', 'not', 'pathetic', 'line', 'speak', 'but', 'director', 'gave', 'no', 'action']"
0,"['check', 'director', 'filmography', 'site', 'see', 'why', 'film', 'didn', 'chance']"
0,"['would', 'not', 'even', 'good', 'made', 'tv', 'flick']"
1,"['good', 'intention', 'made', 'film', 'great', 'film', 'might', 'one', 'greatest', 'film', 'ever', 'made']"
1,"['film', 'ha', 'great', 'actor', 'master', 'director', 'significant', 'theme', 'least', 'would', 'significant', 'theme', 'undertone', 'fifty', 'existential', 'world', 'weariness', 'aerial', 'scene', 'ought', 'thrilled', 'sens', 'imagination', 'character', 'one', 'might', 'deeply', 'care']"
0,"['regrettably', 'film', 'fails']"
0,"['movie', 'lack', 'visual', 'interest', 'drama', 'expression', 'feeling', 'celebration', 'patriotism', 'underline', 'narrative']"
0,"['no', 'actress', 'ha', 'worse', 'used', 'june', 'allison', 'movie']"
1,"['yet', 'enjoy', 'watching']"
0,"['unfortunately', 'bad', 'movie', 'just', 'plain', 'bad']"
0,"['bad', 'script', 'bad', 'direction', 'horrible', 'acting', 'make', 'one', 'plain', 'bad']"
0,"['dialogue', 'sucked']"
0,"['cinematography', 'called', 'sucked']"
0,"['soundtrack', 'sucked']"
0,"['acting', 'sucked']"
0,"['concert', 'sequence', 'just', 'sucked']"
1,['nice']
1,['funny']
1,['funny']
0,"['overall', 'movie', 'cheap', 'trash']"
0,"['but', 'movie', 'not', 'funny', 'considering', 'ridiculousness']"
0,"['came', 'feeling', 'angry']"
1,"['spoiler', 'whatever', 'else', 'said', 'surface', 'superbly', 'crafted']"
1,"['cinematography', 'simply', 'stunning', 'say', 'least', 'fx', 'nothing', 'not', 'state', 'art']"
1,"['conceptually', 'show', 'offer', 'little', 'bit', 'everything', 'just', 'everybody', 'parent', 'kid', 'fantasy', 'fx', 'fan']"
1,"['wasn', 'single', 'sour', 'note', 'struck', 'acting', 'wise', 'either', 'surprisingly', 'solid', 'casting']"
1,"['thing', 'considered', 'job', 'well', 'done']"
1,"['thanks', 'good', 'movie', 'like', 'done', 'released']"
1,"['one', 'best', 'mexican', 'movie', 'ever', 'one', 'less', 'understood', 'even', 'mexican', 'no', 'matter', 'how', 'identified', 'should', 'felt']"
1,"['rank', 'highly', 'great', 'noir', 'crime', 'drama', 'incredible', 'performance', 'belmondo', 'lino', 'ventura']"
1,"['attention', 'given', 'every', 'character', 'complex', 'psychological', 'portrayal', 'detailing', 'loyalty', 'treachery', 'love', 'hope', 'tremendous']"
1,"['excellent', 'drama', 'excellent', 'thriller', 'excellent', 'film']"
1,"['best', 'melville']"
1,"['everything', 'film', 'simply', 'incredible']"
1,"['truly', 'take', 'journey', 'eye', 'soul', 'child']"
1,"['black', 'water', 'thriller', 'manages', 'completely', 'transcend', 'limitation', 'indie', 'flick', 'continually', 'subverting', 'expectation', 'emerge', 'intense', 'experience']"
1,"['performance', 'real', 'gripping', 'crocdodile', 'extremely', 'well', 'done', 'indeed', 'black', 'water', 'website', 'believed', 'used', 'real', 'crocs', 'swamp', 'location', 'fabulous']"
1,"['thoroughly', 'enjoyed', 'christopher', 'eccleston', 'took', 'control', 'tardis', 'continuation', 'series']"
0,"['not', 'sure', 'trying', 'film']"
0,"['turn', 'good', 'day', 'feeling', 'night', 'disturbing', 'memory', 'guess', 'succeeded']"
1,"['lot', 'beautiful', 'place']"
0,"['forced', 'like', 'everything', 'movie']"
0,['lame']
0,"['movie', 'really', 'pi', 'ed']"
0,"['don', 'even', 'get', 'started', 'jerky', 'camerawork']"
0,"['saw', 'theater', 'thought', 'going', 'sick']"
0,"['summary', 'witticism', 'weren', 'witty']"
0,"['plot', 'well', 'said', 'let', 'one', 'go']"
0,"['acting', 'bad']"
0,"['really', 'bad']"
0,"['even', 'billy', 'bob', 'couldn', 'rise', 'script', 'worse']"
0,"['camerawork', 'bad']"
0,"['rating', '1', '10']"
1,"['amazing', 'finale', 'possibly', 'best', 'trilogy', 'time']"
1,"['kieslowski', 'never', 'cease', 'amaze']"
1,"['one', 'favourite', 'director', 'one', 'talented', 'director', 'history', 'cinema']"
1,"['use', 'colour', 'french', 'flag', 'three', 'film', 'nothing', 'short', 'incredible', 'every', 'shot', 'every', 'scene', 'like', 'work', 'art']"
1,"['three', 'visually', 'appealing', 'movie', 'ever', 'seen']"
1,"['subtle', 'connection', 'three', 'film', 'awesome']"
1,"['mention', 'huge', 'spoiler', 'loved', 'ending', 'how', 'character', 'three', 'film', 'remaining', 'survivor', 'ferry', 'disaster', 'valentine', 'young', 'judge', 'together', 'old', 'man', 'watching', 'tv', 'solidifying', 'happiness', 'suffering', 'dealt', 'many', 'year']"
1,"['couldn', 'think', 'better', 'way', 'end', 'film', 'but', 'smile', 'face', 'great', 'way', 'wrap', 'amazing', 'film', 'trilogy']"
1,"['recommend', 'everyone', 'love', 'film', 'movie', 'anything', 'work', 'art']"
1,"['10', '10', 'movie', 'trilogy']"
0,"['literally', 'vomited', 'watching', 'film']"
1,"['think', 'one', 'people', 'found', 'another', 'one', 'roth', 'pearl']"
1,"['performance', 'awarded', 'stunning']"
1,"['story', 'told', 'eloquently', 'francis', 'ford', 'coppola', '25', 'year', 'earlier', 'really', 'unfolds', 'gradually', 'leaf', 'room', 'character', 'develop']"
1,"['wonderful', 'location', 'lie', 'story', 'contrast']"
1,"['beautiful', 'directed', 'film', 'nicola', 'roeg', 'wih', 'sublime', 'cast']"
0,"['translating', 'movie', 'living', 'first', 'movie', '5', 'year', 'working', 'experience', 'found', 'offensive', 'intelligence']"
0,"['but', 'someone', 'strives', 'greatness', 'poetry', 'but', 'delivers', 'muddled', 'often', 'ridiculous', 'story', 'bunch', 'disparate', 'scene', 'pretentious', 'dialogue', 'get', 'worst', 'kind', 'movie', 'reviewer', 'accurately', 'defined', 'pretentious', 'crap']"
0,"['find', 'movie', 'intelligent', 'even', 'masterful', 'say', 'intelligence', 'imagination', 'obviously', 'used', 'try', 'make', 'sense', 'pitiful', 'attempt', 'human', 'nature', 'try', 'make', 'sense', 'thing']"
0,"['one', 'thing', 'tolerate', 'political', 'incorrectness', 'well', 'artistic', 'freedom', 'suspension', 'disbelief', 'but', 'slavic', 'female', 'character', 'just', 'much']"
1,"['fun', 'funny', 'movie']"
1,"['highly', 'entertaining', 'angle']"
1,"['feature', 'outlandish', 'array', 'memorable', 'psychotic', 'but', 'lovable', 'nut']"
1,"['enjoyment', 'get', 'see', 'run', 'around', 'play', 'game', 'dangerous']"
1,"['even', 'ha', 'sweet', 'moment']"
1,"['telephone', 'repair', 'man', 'really', 'funny', 'reaction', 'nut', 'bitchy', 'bos', 'truly', 'genuine']"
1,"['character', 'film', 'tremendously', 'well', 'played']"
1,"['really', 'find', 'funny']"
1,"['actually', 'smart', 'movie']"
1,"['brilliant', 'twist', 'ending']"
1,['love']
1,"['ending', 'perfect', 'shed', 'tear']"
1,"['thrilled', 'seeing', 'movie', 'like']"
1,"['never', 'forget']"
1,"['not', 'just', 'cult', 'cult', 'classic']"
0,"['ha', 'depth', 'character', 'man', 'underneath']"
0,"['malta', 'setting', 'dry', 'barren', 'dialogue']"
0,"['movie', 'terrible']"
0,"['hockey', 'scene', 'terrible', 'defensemen', 'playing', 'like', '5', 'year', 'old', 'goalie', 'diving', 'shot', '10', 'foot', 'wide', 'net', 'etc']"
0,"['haven', 'seen', 'don', 'waste', 'time']"
0,"['call', 'movie', 'drama', 'ridiculous']"
0,"['started', 'watching', 'but', 'didn', 'believe', 'character']"
0,"['particular', 'relationship', 'bakery', 'assistant', 'waitress', 'just', 'didn', 'work']"
0,"['superficial', 'movie', 'gave', 'feeling', 'watching', 'play', 'rather', 'film']"
0,"['character', 'stagey', 'storyline', 'lot', 'like', 'stage', 'farce']"
0,"['time', 'pyromaniac', 'waylaid', 'assistant', 'bored', 'didn', 'care', 'happened', 'next', 'switched']"
0,"['glad', 'didn', 'pay', 'see']"
0,"['didn', 'laugh', 'even', 'smile']"
0,"['but', 'wasn', 'anything', 'just', 'one', 'big', 'yawn']"
1,"['really', 'good', 'show', 'watch']"
1,"['educational', 'child', '1', '8', 'year', 'old']"
1,"['barney', 'definitely', 'super', 'de', 'duper']"
1,"['pretty', 'funny']"
1,"['babie', 'bop', 'cute']"
1,"['kid', 'cool']"
0,"['but', 'storm', 'trooper', 'not', 'even', 'bad', 'enough', 'make', 'list', 'wonderfully', 'terrible', 'movie']"
0,"['just', 'lame']"
0,"['guy', 'said', 'better', 'dialogue', 'potted', 'plant', 'ha', 'right']"
0,"['everything', 'movie', 'stupid']"
0,"['even', 'love', 'bad', 'movie', 'not', 'watch', 'movie']"
0,['shameful']
1,"['would', 'give', 'television', 'series', '10', 'plus', 'could']"
1,"['writer', 'smack', 'think', 'best', 'actor', 'actress', 'bonus', 'show', 'character', 'real']"
1,"['must', 'say', 'taped', 'episode', 'find', 'watching']"
1,"['know', 'why', 'gave', '10']"
1,"['don', 'know', 'exactly', 'movie', 'but', 'latched', 'endearing', 'movie', 'ha', 'become', 'special', 'part', 'family', 'memory']"
1,"['totally', 'absolutely', 'recommend', 'movie', 'anyone', 'like', 'good', 'wholesome', 'family', 'movie', 'exactly']"
1,"['thing', 'four', 'kid', 'get', 'absolutely', 'hilarious', 'watch']"
1,"['one', 'best', 'movie', 'show', 'strong', 'sibling', 'bond']"
1,"['much', 'interesting', 'action', 'suspense', 'less', 'unneeded', 'controversy']"
1,"['everything', 'acting', 'cinematography', 'solid']"
1,"['definitely', 'worth', 'checking']"
1,"['damian', 'talented', 'versatile', 'many', 'way', 'writing', 'portraying', 'different', 'character', 'screen']"
1,"['movie', 'ha', 'cutting', 'edge']"
1,"['pleased', 'know', 'modern', 'day', 'genius', 'letting', 'passion', 'art', 'drive', 'taking', 'u', 'audience']"
0,"['new', 'character', 'weren', 'memorable', 'found', 'forgetting']"
0,"['felt', 'though', 'going', 'ireland', 'absolutely', 'nothing', 'whatsoever']"
0,"['didn', 'make', 'scared', 'horrified', 'make', 'sympathetic', 'towards', 'character', 'simply', 'annoying']"
0,"['jerky', 'camera', 'movement', 'also', 'annoying']"
0,"['plot', 'pretty', 'much', 'every', 'cheap', 'horror']"
0,"['pathetic', 'attempt', 'give', 'character', 'depth', 'but', 'didn', 'really', 'work', 'rest', 'plot']"
0,"['guess', 'supposed', 'clever', 'twist', 'shed', 'light', 'situation', 'but', 'just', 'stupid']"
0,"['see', 'should', 'probably', 'just', 'leave', 'shelf']"
1,"['elia', 'koteas', 'jack', 'palance', 'play', 'good', 'role', 'angelina', 'hot', 'get', 'naked', 'billy', 'drago', 'appears', 'cool', 'usual', 'cameo', 'sven', 'ole', 'thorsen', 'help', 'make', 'enjoyable', 'movie', 'good', 'acting', 'decent', 'budget']"
1,"['awesome', 'movie', 'bought', 'ebay']"
1,"['really', 'loved', 'story', 'line', 'poler', 'bear', 'kinda', 'cute', 'but', 'anyone', 'ha', 'question', 'fort', 'steele', 'just', 'ask', 'away']"
0,"['totally', 'unfunny', 'movie', 'top', 'pathetic', 'unrealistic', 'throughout', 'whole', '90', 'minute', 'utter', 'torture', 'probably', 'looked', 'watch', '70000', 'time']"
0,"['lucy', 'bell', 'much', 'higher', 'crap', 'sink', 'low', 'quite', 'depressing']"
0,"['movie', 'doe', 'make', 'sick', 'watching', 'slacker', 'make', 'excuse', 'stupid', 'action', '90', 'minute']"
0,"['god', 'never', 'get', '90', 'minute', 'back']"
1,"['think', 'wonderful', 'part', 'literally', 'full', 'wonder', 'excerpt', 'work']"
1,"['set', 'especially', 'designed', 'work', 'camera', 'amazing', 'stylized', 'beautiful', 'effective']"
1,"['could', 'used', 'exemplar', 'set', 'designer']"
1,"['story', 'powerful', 'exploration', 'nature', 'man', 'art']"
1,"['watching', 'film', 'wanted', 'learn', 'work', 'artist']"
1,"['highly', 'recommend', 'movie', 'anyone', 'interested', 'art', 'poetry', 'theater', 'politics', 'japanese', 'history']"
1,"['wind', 'lion', 'see', 'wonderful', 'rendering', 'america', 'imperial', 'age']"
1,"['make', 'story', 'different', 'terrific', 'production', 'value', 'faultless', 'photography', 'composition', 'editing', 'terrific', 'casting', 'underappreciated', 'brian', 'keith', 'playing', 'bully', 'teddy', 'vivid', 'history']"
1,"['though', 'wind', 'lion', 'told', 'largely', 'eye', 'son', 'every', 'member', 'family', 'identify', 'one', 'character', 'whether', 'sean', 'connery', 'noble', 'brigand', 'candace', 'bergen', 'feisty', 'heroine', 'john', 'huston', 'wily', 'john', 'hay', 'steve', 'kanaly', 'spiffy', 'radiant', 'ruthless', 'lieutenant', 'roosevelt', 'big', 'stick']"
1,"['high', 'adventure', 'best']"
1,"['think', 'robert', 'ryans', 'best', 'film', 'portrayed', 'someone', 'like', 'father', 'schizophrenic', 'real', 'life', 'father', 'although', 'never', 'murdered', 'anyone', 'but', 'affected', 'second', 'world', 'war', 'made', 'worse']"
1,"['humour', 'just', 'get', 'get', 'day', 'apt']"
1,"['mother', 'brother', 'saw', 'robert', 'ryan', 'portraying', 'type', 'man', 'good', 'imitation', 'type', 'individual', 'impressed']"
0,"['almost', 'song', 'cover', 'girl', 'old', 'fashioned', 'not', 'tuneful']"
0,"['annoying', 'thing', 'cover', 'girl', 'way', 'rita', 'hayworth', 'put', 'pedestal']"
0,"['unfortunately', 'cover', 'girl', 'example', 'how', 'hollywood', 'used', 'exploit', 'woman', 'financial', 'gain']"
1,"['non', 'linear', 'narration', 'thus', 'many', 'flashback', 'every', 'part', 'articulated', 'quite', 'well']"
1,"['good', 'cinematography', 'also', 'make', 'monica', 'bellucci', 'look', 'beautiful']"
1,"['good', 'commentary', 'today', 'love', 'undoubtedly', 'film', 'worth', 'seeing']"
1,"['people', 'first', 'timer', 'film', 'making', 'think', 'excellent', 'job']"
1,"['popular', 'cinema', 'good', 'house', 'good', 'reaction', 'plenty', 'laugh']"
1,"['feel', 'good', 'film', 'how', 'felt', 'came', 'cinema']"
1,"['ha', 'northern', 'humour', 'positive', 'community', 'represents']"
1,"['rather', 'enjoyed']"
1,['liked']
0,"['couldn', 'take', 'seriously']"
1,"['really', 'created', 'unique', 'feeling', 'though']"
1,"['vivian', 'schilling', 'excellent', 'job', 'script']"
1,"['world', 'better', '95', 'garbage', 'theatre', 'today']"
1,"['role', 'played', 'well']"
1,"['not', 'screamy', 'not', 'masculine', 'but', 'just', 'right']"
1,"['camera', 'really', 'like', 'movie']"
1,"['would', 'casted', 'role', 'ready', 'script']"
1,"['european', 'movie', 'nice', 'throwback', 'time', 'student', '1980', 'experience', 'living', 'abroad', 'interacting', 'nationality', 'although', 'circumstance', 'slightly', 'different']"
0,"['fan', 'movie', 'sucked', 'really', 'bad']"
0,"['even', 'worse', 'ticker']"
0,"['movie', 'bad']"
0,"['like', '3', '4', 'building', 'used', 'couple', 'location', 'maybe', 'poor', 'hummh']"
0,"['just', 'blew']"
1,"['movie', 'excellent', 'angel', 'beautiful', 'scamp', 'adorable', 'little', 'yelp', 'scared', 'funniest', 'part', 'scamp', 'caught', 'curtain', 'angel', 'scamp', 'singing', 'ive', 'never', 'feeling', 'totally', 'recommend', 'movie', 'coming', 'special', 'edition', 'june', '20', 'cover', 'ha', 'scamp', 'garbage', 'angel', 'underneath', 'lid']"
1,"['just', 'cant', 'explain', 'movie', 'romantic', 'charming', 'hilarious', 'adorable', 'junkyard', 'scene', 'funny', 'junkyard', 'dog', 'something', 'special', 'funny', 'laughed', 'kid', 'love', 'buy', 'come', 'ha', 'new', 'feature']"
0,"['chosen', 'tortured', 'disgusting', 'piece', 'blatant', 'american', 'propaganda']"
0,"['show', 'made', 'american', 'stupid', 'full', 'hatred', 'cliche', 'admitted', 'elsewhere']"
0,"['almost', 'everyone', 'involved', 'must', 'return', 'school', 'acting', 'utterly', 'predictable', 'bad', 'script', 'pile', 'garbage', 'round']"
0,"['wish', 'could', 'enter', 'negative', 'value', 'admins']"
0,"['set', 'bad', 'wouldn', 'look', 'place', 'thunderbird', 'episode']"
0,"['use', 'slow', 'motion', 'needlessly', 'repeat', 'throughout', 'movie', 'but', 'well', 'backed', 'bad', 'acting', 'bad', 'kind', 'word', 'no', 'continuity', 'scene', 'thrown', 'no', 'reason', 'whatsoever', 'vehicle', 'looked', 'like', 'made', 'corn', 'flake', 'box', 'directorial', 'style', 'bordered', 'stupidity']"
0,"['oh', 'yeah', 'storyline', 'pathetic']"
0,"['hate', 'writing', 'bad', 'review', 'film', 'especially', 'really', 'like', 'star', 'but', 'film', 'bad', 'don', 'believe', 'one', 'second', 'anyone', 'could', 'proud']"
0,"['not', 'filmmaker', 'nor', 'director', 'but', 'would', 'hide', 'head', 'sand', 'spent', 'whatever', 'amount', 'money', 'time', 'movie']"
0,"['short', 'monumental', 'waste', 'time', 'energy', 'would', 'not', 'recommend', 'anyone', 'ever', 'see', 'film']"
0,"['came', 'free', 'dvd', 'player', 'bought', 'but', 'still', 'turned', 'thing', 'halfway', 'embarrassed', 'howell']"
0,"['1', '10', 'no', 'setting', '0', '10']"
1,"['interesting', 'premise', 'billy', 'drago', 'always', 'good', 'dangerous', 'nut', 'bag', 'side', 'note', 'love', 'see', 'drago', 'stephen', 'mchattie', 'lance', 'hendrikson', 'flick', 'together', 'talk', 'raging', 'cheekbone']"
1,"['soundtrack', 'wasn', 'terrible', 'either']"
0,"['but', 'acting', 'even', 'professional', 'drago', 'debbie', 'rochon', 'terrible', 'directing', 'worse', 'perhaps', 'contributory', 'former', 'dialog', 'chimp', 'like', 'camera', 'work', 'barely', 'tolerable']"
1,"['still', 'set', 'got', 'big', '10', 'oy', 'vey', 'scale']"
0,"['yes', 'simplifying', 'thing', 'sake', 'brevity', 'really', 'core', 'problem', 'film', 'ha', 'much', 'going', 'without', 'real', 'fulfilling', 'explanation']"
1,"['good', 'job', 'quite', 'amusing']"
0,"['but', 'convoluted', 'plot', 'just', 'didn', 'convince', 'much', 'film', 'watched', 'weird', 'questioning', 'glance']"
0,"['let', 'girlfriend', 'talk', 'seeing', 'bad', 'idea', 'hated']"
1,"['last', '15', 'minute', 'movie', 'also', 'not', 'bad', 'well']"
0,"['bela', 'lugosi', 'totally', 'extraneous', 'intoning', 'odd', 'line']"
0,"['acting', 'decidely', 'wooden', 'though', 'no', 'worse', 'period', 'universal', 'b', 'movie']"
1,"['like', 'armand', 'assante', 'cable', 'company', 'summary', 'sounded', 'interesting', 'watched', 'twice', 'already', 'probably']"
1,"['believe', 'screenwriter', 'good', 'job', 'tying', 'loose', 'end']"
1,"['8', '10', 'score', 'mostly', 'plot']"
1,"['won', 'say', 'don', 'like', 'spoiler', 'don', 'want', 'one', 'but', 'believe', 'film', 'worth', 'time']"
0,"['wow', 'bad', 'film']"
0,"['not', 'frightening', 'least', 'barely', 'comprehensible']"
0,"['plot', 'doesn', 'hang', 'together', 'acting', 'absolutely', 'appalling']"
0,"['not', 'even', 'good', 'camp', 'value']"
0,"['wasn', 'expecting', 'oscar', 'material', 'but']"
0,"['iq', 'particularly', 'stupid', 'mollusk', 'not', 'see', 'one', 'coming']"
0,"['film', 'use', 'word', 'loosely', 'insult', 'movie', 'going', 'public']"
0,"['someone', 'involved', 'knew', 'how', 'string', 'together', 'narrative']"
0,"['get', '1', '10', 'simply', 'nothing', 'lower']"
0,"['one', 'not', 'but', 'watched', 'recently', 'fox', 'movie', 'channel', 'disappointed']"
0,"['know', 'contract', 'player', 'little', 'control', 'script', 'but', 'acting', 'bad', 'script']"
0,"['victor', 'mclaglen', 'even', 'bad', 'brian', 'donlevy', 'almost', 'unrecognizable']"
0,"['considering', 'relation', 'screen', 'taylor', 'stanwyck', 'surprising', 'how', 'little', 'chemistry', 'screen', 'two']"
0,"['but', 'premise', 'film', 'ridiculous', 'president', 'u']"
0,"['death', 'row', 'scene', 'entirely', 'unmoving']"
0,"['thing', 'worse', 'taylor', 'acting', 'stanwyck', 'singing']"
0,"['whatever', 'producer', 'going', 'missed', 'entirely']"
1,"['deeply', 'impressed', 'character', 'played']"
1,"['knew', 'saw', 'film', 'great', 'thing', 'come', 'gifted', 'actor']"
0,"['cheap', 'cheerless', 'heist', 'movie', 'poor', 'characterisation', 'lot', 'underbite', 'style', 'stoic', 'emoting', 'think', 'chow', 'yun', 'fat', 'better', 'tomorrow', 'cheesy', 'cliche', 'thrown', 'abandoned', 'factory', 'ready', 'poorly', 'executed', 'flying', 'judo', 'roll', 'la', 'john', 'woo']"
0,"['even', 'squib', 'look', 'awful']"
0,"['no', 'point', 'proceeding', 'doe', 'look', 'remotely', 'like', 'america']"
0,"['plot', 'derivative', 'predictable', 'ending', 'like', 'mercy', 'killing']"
0,"['awful', 'dialogue', 'hopeless', 'overacting', 'everyone', 'get', 'shot', 'top', 'real', 'waste', 'space', 'time']"
0,"['uneasy', 'how', 'bad', 'movie', 'but', 'not', 'scared']"
0,"['dialogue', 'composed', 'thing', 'make', 'little', 'sense']"
0,"['30', 'minute', 'footage', 'wasted', 'show', 'mediocre', 'elderly', 'actor', 'awkwardly', 'babbling', 'overwrought', 'pseudo', 'satanic', 'gibberish', 'corny', 'enough', 'make', 'teen', 'goth', 'blush', 'almost', 'always', 'olde', 'english', 'sometimes', 'latin', 'may', 'may', 'not', 'made', 'word']"
0,"['directing', 'sloppy', 'best']"
0,"['hackneyed', 'writing', 'certainly', 'but', 'made', 'even', 'worse', 'bad', 'directing']"
0,"['course', 'acting', 'blah']"
0,"['acting', 'whole', 'cast', 'could', 'put', 'scale', 'balanced', 'perfectly', 'overacting', 'underacting']"
0,"['finally', 'get', 'ending', 'would', 'great', 'handled', 'competent', 'people', 'not', 'jerry', 'falwell']"
1,"['loved', 'movie', 'great', 'portrayal', 'family', 'share', 'ups', 'but', 'end', 'knew', 'special', 'love']"
1,"['seen', 'many', 'movie', 'starring', 'jaclyn', 'smith', 'but', 'god', 'one', 'best', 'though', 'came', '12', 'year', 'ago']"
1,"['movie', 'contained', 'star', 'cast', 'loved', 'opened', 'eye', 'see', 'actor', 'haven', 'seen']"
1,"['movie', 'kind', 'long', 'length', 'but', 'enjoyed', 'every', 'minute']"
1,"['overall', 'rate', 'movie', '10', '1', '10', 'scale']"
1,"['lifetime', 'doe', 'not', 'air', 'enough', 'anyone', 'know', 'store', 'sell', 'let', 'know', 'must']"
0,"['particularly', 'remember', 'sens', 'assaulted', 'strident', 'cord', 'music', 'would', 'blare', 'little', 'warning', 'even', 'less', 'meaning']"
0,"['just', 'sort', 'pap', 'screened', 'afternoon', 'punish', 'unemployed', 'not', 'job']"
1,"['totally', 'different', 'load', 'understatement', 'black', 'comedy', 'film', 'get', 'see', 'but', 'remember']"
1,"['movie', 'creates', 'universe', 'fascinating', 'every', 'way']"
1,"['but', 'movie', 'really', 'got']"
1,['see']
1,"['really', 'hope', 'team', 'behind', 'movie', 'make', 'movie', 'continue', 'kinda', 'weird', 'style']"
1,"['forgot', 'casting', 'superb', 'trond', 'fausa', 'aurvag', 'perfect', 'role', 'bothersome', 'man', 'doesn', 'understand', 'why']"
1,"['movie', 'good', 'humorous', 'comment', 'life', '2006']"
1,"['found', 'move', 'beautiful', 'enjoyable', 'uplifting']"
1,"['initially', 'local', 'site', 'film', 'filmed', 'buffalo', 'intrigued']"
1,"['later', 'found', 'lost', 'power', 'film']"
1,"['entire', 'audience', 'applauded', 'conclusion', 'film']"
1,"['left', 'theater', 'lilt', 'step', 'joy', 'heart', 'hope', 'human', 'race']"
1,"['duris', 'ha', 'wholesome', 'appearance', 'give', 'fine', 'performance']"
1,"['rest', 'cast', 'also', 'play', 'well']"
1,"['cinematography', 'noteworthy', 'including', 'fine', 'view', 'barcelona', 'famed', 'gaudi', 'tower']"
0,"['ten', 'minute', 'film', 'started', 'second', 'thought']"
0,"['half', 'way', 'film', 'started', 'dislike']"
0,"['time', 'film', 'ended', 'not', 'disliked', 'despised']"
0,"['film', 'lack', 'convincing', 'script']"
0,"['script', 'look', 'rough', 'draft', 'written', 'shooting', 'began', 'finished', 'script', 'completed']"
0,"['thing', 'happen', 'character', 'personality', 'change', 'plot', 'twist', 'occur', 'no', 'real', 'reason', 'script', 'call']"
1,"['cast', 'good']"
1,"['worth', 'checking']"
0,"['probably', 'irritating', 'show', 'ever', 'seen', 'entire', 'life']"
0,"['indescribably', 'annoying', 'idiotic', 'show', 'ever', 'seen']"
0,"['everything', 'just', 'bad']"
0,"['could', 'not', 'understand', 'kind', 'idiot', 'would', 'produce', 'mess', 'first', 'place', 'not', 'mention', 'several', 'season']"
0,"['script', 'bad', 'bad', 'contains', 'cheesiness', 'unethical', 'joke', 'normally', 'see', 'rated', 'r', 'nc', '17', 'movie']"
0,"['casting', 'also', 'horrible', 'cause', 'see', 'really', 'really', 'bad', 'actor', 'period']"
0,"['final', 'word', 'show', 'real', 'torture']"
0,"['zillion', 'time', 'away', 'reality']"
0,"['watching', 'washing', 'machine', 'twirling', 'around', 'wouldn', 'hurt', 'eye', 'much', 'show']"
0,"['rating', '0', '10', 'grade', 'z', 'note', 'show', 'bad', 'even', 'mother', 'cast', 'pull', 'daughter', 'show']"
0,"['20th', 'century', 'fox', 'road', 'house', '1948', 'not', 'quite', 'silly', 'noir', 'but', 'implausible', 'unmitigated', 'bore', 'movie']"
0,"['full', 'unconvincing', 'cardboard', 'character', 'blandly', 'written', 'edward', 'chodorov', 'also', 'produced', 'surprisingly', 'directed', 'jean', 'negulesco', 'one', 'would', 'expect', 'great', 'deal']"
0,"['widmark', 'character', 'turn', 'unintentionally', 'comical']"
0,"['losing', 'marble', 'early', 'proceeding', 'totally', 'implausible', 'unconvincing']"
0,"['isn', 'enough', 'mess', 'movie', 'picture', 'also', 'marred', 'constant', 'use', 'studio', 'set', 'indoor', 'exterior']"
0,"['whatever', 'prompted', 'documentary', 'beyond']"
0,"['serious', 'spoiler', 'movie', 'huge', 'disappointment']"
0,"['many', 'problem', 'dont', 'know', 'start']"
1,"['cast', 'great']"
1,"['steve', 'martin', 'delivers', 'really', 'funny', 'performance', 'middle', 'aged', 'upper', 'class', 'uptight', 'white', 'guy']"
1,"['add', 'betty', 'white', 'jean', 'smart', 'great', 'cast', 'everyone', 'played', 'part', 'really', 'well']"
0,"['but', 'movie', 'make', 'lot', 'serious', 'mistake']"
0,"['first', 'enough', 'racial', 'stereotype', 'racial', 'joke', 'offend', 'everyone']"
0,"['movie', 'littered', 'overt', 'racial', 'slur', 'towards', 'black', 'cast', 'member', 'return', 'white', 'depicted', 'moron', 'boob']"
0,"['putting', 'race', 'card', 'aside', 'let', 'look', 'major', 'flaw', 'film', 'destroy', 'latifa', 'character']"
0,"['no', 'real', 'plot']"
0,"['wouldnt', 'see', 'movie', 'free']"
1,"['steamboat', 'willie', 'amazingly', 'important', 'film', 'cinema', 'history']"
1,"['second', 'appearance', 'mickey', 'mouse', 'following', 'silent', 'plane', 'crazy', 'earlier', 'year', 'probably', 'famous', 'film', 'mostly', 'ground', 'breaking']"
1,"['don', 'yet', 'hear', 'mickey', 'speak', 'ton', 'sound', 'effect', 'music', 'throughout', 'film', 'something', 'take', 'granted', 'but', 'huge', 'crowd', 'pleaser', '1928']"
1,"['however', 'seeing', 'short', '25', 'year', 'amazed', 'how', 'timeless', 'film', 'actually']"
1,"['just', 'adorable', 'seeing', 'mickey', 'playing', 'turkey', 'straw', 'highly', 'imaginative', 'occasionally', 'cruel', 'way']"
1,"['clever', 'real', 'crowd', 'pleaser', 'film', 'still', 'rank', 'among', 'mickey', 'best', 'film', 'even', '80', 'wonderful', 'year']"
0,"['bipolarity', 'ruthless', 'thug', 'one', 'minute', 'ruthless', 'killer', 'next', 'minute', 'luv', 'diaper', 'commercial', 'completely', 'unconvincing']"
0,"['terribly', 'disappointed', 'film', 'would', 'receive', 'many', 'award', 'accolade', 'especially', 'far', 'deserving', 'work', 'film']"
1,"['original', 'body', 'soul', '1947', 'masterpiece']"
1,"['john', 'garfield', 'ann', 'revere', 'lilli', 'plmer', 'william', 'conrad', 'canada', 'lee', 'filmed', 'one', 'greatest', 'cinematographer', 'ever', 'grace', 'screen', 'james', 'wong', 'howe']"
0,"['don', 'think', 'redeeming', 'quality', 'remake']"
0,"['may', 'bad', 'film', 'ever', 'made']"
0,"['bad', 'well', 'just', 'bad']"
0,"['movie', 'solid', 'example', 'bad', 'plot', 'bad', 'idea', 'way']"
0,"['shame', 'see', 'good', 'actor', 'like', 'thomerson', 'james', 'make', 'living', 'mess', 'like']"
0,"['thought', 'bad']"
0,"['film', 'terrible', 'but', 'credit', '1986', 'version', 'watchable']"
0,"['let', 'start', 'problem', 'acting', 'especially', 'lead', 'professor', 'bad']"
0,"['script', 'big', 'flawed', 'mess']"
0,"['best', 'example', 'how', 'dumb', 'writing', 'established', 'turn', 'zombie', 'student', 'back', 'human', 'removing', 'necklace', 'containing', 'piece', 'meteorite']"
0,"['director', 'paul', 'matthew', 'also', 'wrote', 'directed', 'weak', '1995', 'monster', 'movie', 'grim', 'clearly', 'doesn', 'know', 'how', 'pace', 'film']"
0,"['movie', 'terribly', 'boring', 'place']"
0,"['lighting', 'awful']"
0,"['film', 'look', 'cheap', 'bland']"
0,"['one', 'disappointing', 'aspect', 'lack', 'notable', 'gore']"
0,"['convention', 'never', 'worked', 'well', 'past', 'certainly', 'doesn', 'work']"
0,"['visual', 'effect', 'awful']"
0,"['cg', 'opening', 'sequence', 'space', 'looked', 'like', 'could', 'created', 'microsoft', 'slideshow', 'god', 'sake']"
0,"['explosion', 'gas', 'tank', 'end', 'just', 'awful']"
1,"['okay', 'like', 'consider', 'fair', 'critic', 'give', 'credit', 'credit', 'due', 'creature', 'effect', 'actually', 'pretty', 'cool']"
1,"['got', 'ta', 'love', 'close', 'ups', 'slimy', 'drooling', 'teeth']"
0,"['sum', 'film', 'breeder', 'terrible', 'cheaply', 'made', 'horror', 'movie', 'should', 'avoided', 'like', 'ebola', 'virus']"
0,"['not', 'recommended']"
0,"['almost', 'unbearable', 'watch', 'screen', 'ha', 'little', 'no', 'charisma', 'terrible', 'comedic', 'timing']"
0,"['aside', 'terrible', 'lead', 'film', 'ha', 'load', 'debit']"
0,"['understand', 'supposed', 'cheap', 'popcorn', 'comedy', 'but', 'doesn', 'mean', 'ha', 'completely', 'insult', 'intelligence', 'writing', 'incredibly', 'hackneyed', 'border', 'offensive']"
0,"['lewis', 'black', 'considerable', 'talent', 'wasted', 'incendiary', 'unrestrained', 'pg', '13', 'rating', 'certainly', 'won', 'allow']"
1,"['film', 'sole', 'bright', 'spot', 'jonah', 'hill', 'look', 'almost', 'unrecognizable', 'fan', 'recent', 'superbad', 'due', 'amount', 'weight', 'lost', 'interim']"
0,"['originality', 'freshness', 'first', 'movie', 'spent', 'remake', 'little', 'else', 'offer']"
0,"['budget', 'evidently', 'limited']"
0,"['reflected', 'not', 'cast', 'but', 'also', 'par', 'script', 'borrowed', 'much', 'earlier', 'classic']"
0,"['however', 'no', 'decent', 'acting', 'action', 'location', 'work', 'balance', 'thing']"
0,"['filmiing', 'less', 'expansive']"
0,"['failed', 'convey', 'broad', 'sweep', 'landscape', 'great', 'part', 'original']"
0,"['generally', 'just', 'lacked', 'imagination']"
0,"['not', 'recommended']"
0,"['possible', 'movie', 'get', 'worse']"
0,"['no', 'plot', 'keep', 'going', 'first', 'place']"
0,"['even', 'woman', 'finally', 'show', 'no', 'sign', 'improvement', 'expected', 'thing', 'happen', 'time', 'film', 'might', 'far', 'asleep']"
0,"['beware', 'not', 'trashy', 'cult', 'movie', 'trash', 'period']"
0,"['believe', 'even', 'sequel']"
0,"['precisely', 'why', 'giving', 'bad', 'review']"
1,"['90', 'child', 'truly', 'enjoyed', 'show', 'proudly', 'say', 'enjoyed', 'big', 'time', 'even', 'classical', 'wb', 'cartoon']"
1,"['but', 'tiny', 'toon', 'kept', '90', 'vibe', 'delivered', 'one', 'popular', 'funny', 'underrated', 'cartoon', 'ever', 'created']"
1,"['memory', 'murky', 'but', 'say', 'enjoyed', 'every', 'single', 'episode', 'product', 'related', 'show']"
1,"['easily', 'none', 'cartoon', 'made', 'laugh', 'tender', 'way', 'getting', 'dark', 'sitcom', 'oriented', 'teenager']"
1,"['character', 'funny', 'peculiarity', 'not', 'true', 'lead', 'character']"
1,"['every', 'single', 'character', 'hilarious', 'deserved', 'called', 'lead']"
0,"['every', 'element', 'story', 'top', 'excessively', 'phony', 'contrived', 'painful', 'sit']"
0,"['line', 'seem', 'written', 'fifteen', 'year', 'old', 'though', 'trying', 'oh', 'hard', 'sound', 'like', 'how', 'fifteen', 'year', 'old', 'would', 'really', 'um', 'know', 'well', 'talk']"
1,"['perabo', 'ha', 'nice', 'energy', 'level', 'obviously', 'comfortable', 'front', 'camera']"
0,"['simply', 'no', 'excuse', 'something', 'poorly', 'done']"
0,"['saw', 'movie', 'thought', 'stupid', 'movie']"
0,"['even', 'stupid', 'thought', 'idea', 'should', 'volcano', 'los', 'angeles']"
0,"['honest', 'unbelievable', 'nonsense', 'foolish']"
0,"['conclusion', 'not', 'bother', 'movie', 'volcano', 'los', 'angeles', 'nothing', 'but', 'nonsense']"
0,"['story', 'line', 'just', 'awful']"
0,"['just', 'painful']"
0,"['accent', 'absolutely', 'abysmal']"
0,"['also', 'enough', 'hypocrisy', 'film', 'make', 'vomit']"
0,"['don', 'waste', 'time', 'watching', 'rubbish', 'non', 'researched', 'film']"
1,"['believe', 'pitch', 'black', 'done', 'well']"
1,"['character', 'interesting', 'want', 'find', 'longer', 'movie', 'go', 'think', 'people', 'surprised', 'doe', 'doesn', 'make']"
1,"['go', 'watch']"
0,"['omit', 'watching']"
1,['funny']
0,"['rating', 'just', '3', '10']"
1,"['character', 'interesting', 'really', 'care']"
1,"['instant', 'classic', 'great', 'soundtrack', 'catchy', 'song', 'ending', 'credit']"
1,"['don', 'miss']"
1,"['masterful', 'piece', 'film', 'making', 'many', 'theme', 'simmering', 'occasionally', 'boiling', 'wart', 'study', 'poet', 'bohemian', 'self', 'indulgent', 'wartime', 'year', 'span', 'aerial', 'bombardment', 'london', 'outward', 'tranquillity', 'welsh', 'coastal', 'retreat', 'borderline', 'friendship', 'lust', 'love', 'dedication', 'art', 'experience', 'versus', 'practical', 'concern', 'jealousy', 'rivalry', 'cowardice', 'egotism', 'versus', 'heroism', 'self', 'sacrifice']"
1,"['mature', 'subtle', 'script', 'suggests', 'occasionally', 'brings', 'dramatic', 'focus', 'underlying', 'tension', 'well', 'served', 'perfect', 'performance', 'apart', 'odd', 'inappropriate', 'smiling', 'keira', 'knightley', 'prone', 'though', 'perhaps', 'direction', 'time', 'character', 'often', 'mention']"
1,"['but', 'exquisite', 'visual', 'composition', 'moment', 'inventive', 'elegant', 'use', 'close', 'camera', 'angle', 'lighting', 'including', 'pointillistic', 'faux', 'home', 'movie', 'footage', 'wonder', 'joy', 'behold']"
1,"['continuously', 'beautiful', 'look', 'bertolucci', 'but', 'relationship', 'convincing', 'narrative', 'engaging', 'master', 'work']"
0,"['basic', 'premise', 'wasted', 'since', 'sidelined', 'inexplicable', 'focus', 'documentary', 'crew']"
0,"['regardless', 'film', 'fails', 'level']"
0,"['avoid', 'cost']"
1,"['saw', 'film', 'christmas', 'great', 'film']"
1,"['thought', 'errol', 'flynn', 'brilliant', 'custer', 'ha', 'since', 'become', 'favourite', 'actor']"
1,"['acting', 'alongside', 'olivia', 'de', 'havilland', 'brilliant', 'ending', 'fantastic']"
1,"['always', 'known', 'errol', 'flynn', 'brilliant', 'actor', 'dad', 'favourite', 'actor', 'grew', 'watching', 'film', 'child']"
1,"['but', 'wasn', 'watched', 'film', 'realised', 'how', 'great', 'actually']"
1,"['give', 'film', '10', '10']"
0,"['know', 'jim', 'connor', 'energetic', 'nobody', 'could', 'much', 'but', 'george', 'well', 'dull']"
0,"['really', 'didn', 'seem', 'want', 'hosting', 'voice', 'monotonous', 'didn', 'get', 'involved', 'guest']"
1,"['lovely', 'little', 'thriller', 'hitchcock', 'lot', 'nice', 'shenanigan', 'surrounding', 'murdered', 'spy', 'kidnapped', 'child', 'nasty', 'church', 'foreign', 'plot', 'random', 'taxidermist']"
1,"['jimmy', 'stewart', 'ever', 'great', 'hero', 'hitchcock', 'story', 'rip', 'along', 'cool', 'climax', 'embassy', 'function', 'but', 'lack', 'brooding', 'menace', 'hitchcock', 'black', 'white', 'low', 'budget', 'original']"
1,"['nevertheless', 'yet', 'another', 'wonderful', 'film', 'great', 'master', 'stable']"
1,"['say', 'film', 'excellently', 'produced', 'top', 'rating', 'typical', 'sci', 'fi', 'film']"
1,"['excellently', 'produced', 'one', 'sci', 'fi', 'best', 'producer', 'scot', 'vandiver']"
1,"['but', 'entertaining', 'nonetheless']"
1,"['campy', 'sort', 'film', 'joy', 'watch']"
1,"['barely', 'boring', 'moment', 'film', 'plenty', 'humorous', 'part']"
1,"['cast', 'always', 'entertaining', 'usual']"
1,"['overall', 'delight']"
0,"['movie', 'mind', 'bendingly', 'awful', 'couldn', 'even', 'created']"
0,"['film', 'lack', 'real', 'scare', 'tension', 'medical', 'terminology', 'used', 'throughout', 'bit', 'iffy', 'say', 'least', 'say', 'insulin', 'dependant', 'diabetic']"
0,"['least', 'said', 'acting', 'better']"
1,"['movie', 'doe', 'excellent', 'job', 'revealing', 'complexity', 'task', 'incredible', 'challenge', 'facing', 'south', 'africa']"
1,"['believe', 'every', 'one', 'should', 'see', 'movie', 'think', 'people', 'outside', 'south', 'africa', 'understand', 'past', 'attempted', 'truth', 'reconciliation', 'process']"
1,"['nothing', 'short', 'magnificent', 'photography', 'cinematography', 'film']"
1,"['acting', 'fantastic', 'story', 'seamlessly', 'woven', 'together', 'dog', 'splendid', 'must', 'rent', 'view', 'see']"
1,"['don', 'afraid', 'subtitle', 'worth', 'little', 'aversion', 'therapy', '10', '10']"
1,"['excellent', 'performance']"
1,"['still', 'good', 'actor', 'around']"
1,"['also', 'great', 'directing', 'photography']"
1,"['true', 'shakespear', 'must', 'shakespear', 'fan']"
1,"['macbeth', 'jason', 'connery', 'moved', 'tear', 'final', 'monolog', 'brief', 'candle', 'gave', 'sphere', 'moral', 'decay', 'dark', 'force', 'human', 'face', 'make', 'interesting']"
1,"['helen', 'baxendale', 'credible', 'lady', 'macbeth', 'cheerfull', 'time', 'sometimes', 'just', 'look', 'like', 'naughty', 'girl', 'but', 'deadly', 'taste', 'blood', 'evil']"
1,"['love', 'death', 'decay', 'shakespears', 'lyric', 'one']"
1,"['witty', 'delightful', 'adaptation', 'dr', 'seuss', 'book', 'brilliantly', 'animated', 'upa', 'finest', 'thoroughly', 'deserving', 'academy', 'award']"
1,"['special', 'mention', 'should', 'made', 'superb', 'music', 'score', 'sound', 'effect', 'integral', 'element', 'helping', 'make', 'memorable', 'enjoyable', 'cartoon']"
1,"['however', 'paul', 'schrader', 'ha', 'indeed', 'made', 'film', 'mishima', 'superb', 'complex']"
1,"['also', 'notable', 'john', 'bailey', 'fine', 'crisp', 'beautifully', 'colored', 'cinematography', 'great', 'production', 'design', 'costume', 'eiko', 'ishioka', 'went', 'memorable', 'costume', 'coppola', 'dracula', 'received', 'well', 'deserved', 'oscar']"
0,"['even', 'allowing', 'poor', 'production', 'value', 'time', '1971', 'format', 'kind', 'mini', 'series', 'baaaaaad']"
0,"['unless', 'just', 'visually', 'collect', 'extant', 'film', 'austen', 'work', 'skip', 'one']"
1,"['watch', 'however', 'small', 'consolation', 'actress', 'playing', 'anne', 'sister', 'wonderful', 'job', 'role']"
0,"['not', 'good']"
0,"['speaking', 'music', 'unbearably', 'predictably', 'kitchy']"
0,"['film', 'just', 'dropped', 'ball']"
1,"['stunning', 'movie']"
1,"['raw', 'sublimely', 'moving']"
1,"['felt', 'like', 'gripping', 'intelligent', 'stage', 'play', 'but', 'without', 'overly', 'theatrical', 'feeling', 'one', 'actually', 'get', 'watching', 'people', 'stage', 'play', 'everyone', 'terror', 'white', 'lie', 'escalating', 'monstrous', 'consequence']"
1,"['main', 'player', 'mesmerising']"
1,"['tom', 'wilkinson', 'broke', 'heart', 'end', 'everyone', 'else', 'judging', 'amount', 'fumbling', 'hanky', 'hand', 'going', 'face', 'among', 'male', 'female', 'alike']"
1,"['julian', 'fellowes', 'ha', 'triumphed']"
1,"['national', 'treasure']"
1,"['go', 'see']"
1,"['excellent', 'film']"
1,"['aerial', 'scene', 'well', 'done']"
1,"['also', 'right', 'balance', 'war', 'love']"
1,"['film', 'give', 'meaning', 'phrase', 'never', 'history', 'human', 'conflict', 'ha', 'much', 'owed', 'many']"
1,"['kris', 'kristoffersen', 'good', 'movie', 'really', 'make', 'difference']"
1,"['good', 'film', 'great', 'director']"
1,"['definitely', 'one', 'better', 'documentary', 'seen', 'looking', 'family', 'relationship', 'marriage']"
0,"['many', 'continuity', 'error', 'one', 'user', 'commented', 'different', 'car', 'garage', 'joe', 'glass', 'one', 'got', 'fact', 'joe', 'facial', 'hair', 'configuration', 'seemed', 'change', 'scene', 'scene']"
1,"['just', 'great', 'movie']"
1,"['10', '10', 'star']"
0,"['see', 'how', 'movie', 'inspiration', 'anyone', 'come', 'overcome', 'fear', 'rejection']"
0,"['bad', 'actually', 'worth', 'seeing', 'just', 'reason']"
1,"['punishment', 'park', 'brilliant', 'piece', 'cinema']"
1,"['shot', 'southern', 'california', 'desert', 'using', 'patent', 'faux', 'documentary', 'style', 'watkins', 'creates', 'film', 'like', 'no']"
1,"['one', 'peter', 'watkins', 'accessible', 'film']"
1,"['advise', 'look']"
1,"['wont', 'regret']"
1,"['highly', 'recommended']"
0,"['well', 'just', 'keep', 'thinking', 'how', 'bad']"
0,"['mediocre', 'miserable', 'hollow', 'laughable', 'predictable', 'piece', 'garbage']"
0,"['case', 'bad', 'laughable']"
0,"['bad', 'performance', 'play', 'angela', 'bennett', 'computer', 'expert', 'home', 'time']"
0,"['film', 'nothing', 'just', 'pretext', 'show', 'ridiculous', 'action', 'scene']"
0,"['how', 'awful']"
0,"['but', 'still', 'bad', 'actress', 'repeating', 'robotic', 'face', 'move', 'picture']"
0,"['result', 'well', 'shame']"
0,"['delete', 'film', 'mind']"
0,"['one', 'worst', 'show', 'time']"
0,"['show', 'would', 'begin', 'smart', 'ed', 'comment', 'would', 'totally', 'wall', 'uncalled']"
0,"['fat', 'computer', 'geek', 'unbelievable', 'bible', 'thumper', 'bad', 'girl', 'actor']"
0,"['never', 'heard', 'except', 'cole', 'totally', 'unbelievable', 'part']"
0,"['every', 'time', 'opened', 'mouth', 'expect', 'hear', 'see', 'kid', 'pulling', 'plug', 'mercy', 'killing', 'horrible', 'show']"
0,"['story', 'unbelievable', 'actor']"
0,"['lame', 'would', 'best', 'way', 'describe']"
1,"['stanwyck', 'morgan', 'perfectly', 'cast', 'many', 'way', 'modern', 'equivalent', 'dickens', 'christmas', 'carol', 'sensibility']"
1,"['success', 'film', 'depends', 'casting', 'sydney', 'greenstreet', 'alexander', 'yardley', 'character']"
1,"['attractive', 'set', 'used', 'throughout', 'film', 'eye', 'pleasing', 'gem']"
0,"['im', 'big', 'fan', 'rpg', 'game', 'but', 'movie', 'disgrace', 'self', 'respecting', 'rpger']"
0,"['line', 'cut', 'audio', 'everything', 'wrong']"
0,"['find', 'better', 'movie', 'youtube']"
0,"['top', 'line', 'don', 'waste', 'time', 'money', 'one', 'bad', 'come']"
0,"['lassie', 'movie', 'should', 'put', 'sleep', 'forever']"
0,"['how', 'describe', 'painfully', 'dreary', 'time', 'waster', 'film']"
0,"['mediocre', 'every', 'aspect', 'just', 'becomes', 'dull', 'uninteresting', 'mess', 'one', 'forgettable', 'movie', 'seen']"
0,"['isn', 'even', 'achievement', 'bad', 'good', 'bad', 'memorable', 'movie']"
0,"['empty', 'hollow', 'shell', 'movie']"
0,"['seriously', 'not', 'worth', 'wasting', 'kid', 'time']"
0,"['avoid', 'avoid', 'avoid']"
0,"['drive', 'barking', 'mad']"
1,"['transfer', 'good']"
1,"['nice', 'relaxing', 'late', 'night', 'viewing']"
1,"['movie', 'full', 'wonderful', 'dancing', 'hence', 'title']"
1,"['great', 'music', 'terrific', 'scenery']"
1,"['handle', 'tough', 'issue', 'dignity', 'grace', 'course', 'ha', 'shocking', 'spoiler']"
1,"['happy', 'wonderful', 'feel', 'good', 'ending']"
1,"['point', 'journey', 'journey', 'touch', 'every', 'member', 'family']"
1,"['one', 'movie', 'need', 'see', 'whenever', 'come', 'tv', 'never', 'mind', 'fact', 'already', 'memorized']"
0,"['nothing', 'new']"
0,"['done', 'second', 'movie']"
0,"['movie', 'ha', 'almost', 'no', 'action', 'scene', 'little', 'comedy']"
0,"['plot', 'ha', 'hole', 'pair', 'fishnet', 'stocking', 'direction', 'editing', 'astonishingly', 'ham', 'fisted']"
0,"['earth', 'iron', 'film']"
1,"['just', 'saw', 'film', 'recommend']"
1,"['ha', 'good', 'plot', 'hold', 'complete', 'attention', 'acting', 'superb', 'tom', 'wilkinson', 'fantastic', 'emily', 'watson', 'also', 'good']"
1,"['good', 'film', 'indeed', 'great', 'unconditional', 'love']"
1,"['tom', 'wilkinson', 'character', 'man', 'not', 'prepared', 'ordeal', 'begin', 'but', 'take', 'matter', 'hand', 'story', 'progress', 'great', 'actor', 'give', 'performance', 'make', 'feel', 'character', 'anguish', 'suffering']"
1,"['emily', 'watson', 'character', 'strong', 'ha', 'give', 'quick', 'glance', 'understand', 'everything']"
1,"['despite', 'pan', 'reviewer', 'liked', 'movie']"
1,"['fact', 'liked', 'better', 'interview', 'vampire', 'liked', 'lestat', 'stuart', 'townsend', 'better', 'cruise', 'attempt']"
1,"['aailiyah', 'pretty', 'good', 'akasha', 'place', 'compelling', 'first', 'entrance', 'mini', 'dance', 'scene']"
1,"['big', 'fan', 'series', 'mostly', 'due', 'anne', 'rice', 'style', 'sensitivity', 'treatment']"
1,"['guess', 'liked', 'detail', 'dysfunction', 'believable']"
0,"['football', 'scene', 'end', 'perplexing']"
1,"['but', 'thought', 'acting', 'skilled']"
1,"['meredith', 'better', 'right']"
1,"['charming', 'film', 'wonderful', 'sentiment', 'heart']"
1,"['rare', 'film', 'maker', 'take', 'time', 'tell', 'worthy', 'moral', 'tale', 'care', 'love', 'doesn', 'fall', 'trap', 'overly', 'syrupy', 'indulgent']"
1,"['nine', 'ten', 'truly', 'lovely', 'film']"
1,"['early', 'film', 'future', 'goremeister', 'lucio', 'fulci', 'good', 'addition', 'giallo', 'sub', 'genre']"
1,"['one', 'best', 'italian', 'thriller', 'early', '70']"
1,"['standout', 'scene']"
0,"['scene', 'strong', 'unpleasant']"
1,"['technically', 'film', 'well', 'made', 'impressive', 'camera', 'work', 'solid', 'acting', 'effective', 'music', 'riz', 'ortolani', 'particularly', 'good', 'recurring', 'unaccompanied', 'female', 'vocal', 'sound', 'like', 'coming', 'distant', 'hill']"
1,"['still', 'wild', 'stuff', 'though', 'highly', 'recommended', 'fan', 'giallo', 'cinema']"
1,"['movie', 'interesting', 'beginning', 'end']"
1,"['liked', 'way', 'dustin', 'hoffman', 'character', 'ready', 'just', 'everything', 'stay', 'son']"
1,"['movie', 'also', 'revealing']"
1,"['personally', 'think', 'show', 'people', 'should', 'learn', 'find', 'compromise', 'self', 'without', 'involving', 'people', 'issue']"
0,['boring']
0,"['tired', 'cliche', 'just', 'lazy', 'writing', 'come', 'thick', 'fast']"
1,"['p', 'scene', 'movie', 'cool', 'central', 'character', 'find', 'room', 'blown']"
1,"['fresh', 'subtle', 'rather', 'sublime', 'effect']"
1,"['italian', 'reviewer', 'called', 'small', 'great', 'film', 'right']"
1,"['actor', 'give', 'wonderful', 'performance', 'especially', 'jennifer', 'rubin', 'jamie', 'harris', 'change', 'nervous', 'starlet', 'beginning', 'strange', 'event', 'part', 'cool', 'star']"
1,"['learn', 'lot', 'real', 'inside', 'emotion', 'people', 'movie', 'lot', 'movie', 'business']"
1,"['movie', 'movie', 'situation', 'beginning', 'game', 'played', 'acting', 'coach', 'fascinating']"
1,"['also', 'music', 'mark', 'snow', 'possibly', 'best', 'score', 'ever', 'heard']"
1,"['won', 'forget', 'movie']"
0,"['why', 'film', 'made']"
0,"['film', 'ha', 'ultra', 'cheap', 'look']"
0,"['result', 'film', 'just', 'don', 'look', 'right']"
0,"['none', 'engaging', 'exciting']"
0,"['plot', 'nonsense', 'doesn', 'interest', 'slightest', 'way', 'uniqueness']"
0,"['foreigner', 'not', 'worth', 'one', 'second', 'time']"
1,"['saw', 'child', 'tv', 'back', '1973', 'stranger', 'loved']"
1,"['but', 'duet', 'astronaut', 'doctor', 'beginning', 'movie', 'perfect', 'exchange', 'one', 'considers', 'movie', 'made', 'well', 'cold', 'war', 'astronaut', 'biggest', 'fear', 'ha', 'crashed', 'ussr']"
1,"['movie', 'awesome']"
1,"['loved', 'really', 'scary']"
1,"['love', 'scream', 'movie', 'horror', 'movie', 'one', 'rank', 'way']"
1,"['want', 'real', 'scare', 'rent', 'one']"
1,"['10', '10']"
1,"['extraordinary', 'film']"
1,"['courtroom', 'drama', 'compelling', 'indictment', 'american', 'justice', 'system', 'frightening']"
1,"['film', 'highlight', 'fundamental', 'flaw', 'legal', 'process', 'not', 'discovering', 'guilt', 'innocence', 'but', 'rather', 'present', 'better', 'court']"
1,"['film', 'well', 'paced', 'understated', 'one', 'best', 'courtroom', 'documentary', 'seen']"
1,"['mostly', 'routine', 'fact', 'based', 'tv', 'drama', 'get', 'boost', 'fine', 'performance', 'cole']"
1,"['predictable', 'but', 'not', 'bad', 'watch']"
1,"['clear', 'range', 'ability', 'pull', 'part']"
1,"['carry', 'movie', 'well']"
1,"['constantine', 'give', 'everything', 'right', 'intensity', 'seems', 'good', 'understanding', 'underlying', 'psychological', 'motivation']"
1,"['wonderful', 'inspiring', 'watch', 'hope', 'get', 'released', 'video', 'dvd']"
0,"['how', 'piece', 'trash', 'ever', 'released', 'beyond', 'acting', 'story', 'character', 'supposedly', 'special', 'effect', 'etc', 'wrong']"
0,"['fact', 'stinker', 'smell', 'like', 'direct', 'video', 'release']"
0,"['avoid', 'cost']"
0,"['star', 'trek', 'v', 'final', 'frontier', 'worst', 'series']"
0,"['acting', 'involved', 'includes', 'like', 'shatner', 'nimoy', 'bad', 'washed', 'making', 'seem', 'old', 'look', 'real', 'life', 'special', 'effect', 'tacky', 'like', 'spock', 'ha', 'rescue', 'kirk', 'jet', 'pack', 'fall', 'mountain']"
0,"['attempt', 'humor', 'pitiful', 'story', 'awful', 'dosen', 'bear', 'thinking', 'basically', 'involves', 'vulcan', 'stealing', 'enterprise', 'find', 'god', 'seriously', 'just', 'didn', 'care', 'film', 'oh', 'not', 'mention', 'uhura', 'doe', 'belly', 'dance', 'distract', 'male', 'guard']"
0,"['place', 'good', 'film', 'garbage']"
0,"['worst', 'one', 'series']"
1,"['editing', 'editing', 'film', 'phenomenal', 'opinion']"
1,"['song', 'could', 'explain', 'emotion', 'subject', 'better', 'jay', 'adam', 'unfortunate', 'life', 'subject', 'talk', 'song', 'old', 'man', 'neil', 'young', 'played', 'evokes', 'many', 'emotion']"
1,"['cinematography', 'film', 'shot', 'interesting', 'way']"
1,"['course', 'footage', '70', 'grainy', 'but', 'enhanced', 'film']"
1,"['film', 'offer', 'many', 'delight', 'surprise']"
1,"['achille', 'philippa', 'beautifully', 'sing', 'duet', 'don', 'giovanni', 'perfectly', 'describes', 'situation', 'movie', 'appreciate', 'subtle', 'layer', 'excellent', 'film']"
1,"['story', 'unfolds', '18th', 'century', 'jutland', 'use', 'period', 'music', 'played', 'period', 'instrument', 'just', 'one', 'fine', 'touch']"
1,"['share', 'general', 'loewenhielm', 'exquisite', 'joy', 'partaking', 'cailles', 'en', 'sarcophage', 'even', 'though', 'just', 'watching', 'movie', 'but', 'wish', 'just', 'small', 'sample', 'savor']"
1,"['but', 'understated', 'film', 'leaf', 'lasting', 'impression']"
1,"['warmth', 'generates', 'contrast', 'austere', 'backdrop']"
1,"['leave', 'theater', 'wanting', 'go', 'dance', 'star']"
1,"['acting', 'expect', 'cast', 'top', 'notch']"
1,"['character', 'fleshed', 'surprisingly', 'well', 'particularly', 'grime', 'blake', 'actor', 'deliver', 'sharply', 'scripted', 'line', 'just', 'right', 'amount', 'deadpan', 'tongue', 'cheek', 'make', 'dialogue', 'hilarious', 'realistic']"
1,"['angus', 'scrimm', 'also', 'turn', 'good', 'performance', 'somewhat', 'brief', 'but', 'memorable', 'role', 'gently', 'menacing', 'violin', 'playing', 'anatomist', 'doctor', 'quinn']"
1,"['conclusion', 'loved']"
1,"['long', 'time', 'since', 'entertained', 'movie']"
1,"['struggle', 'find', 'anything', 'bad', 'say']"
1,"['mark', 'word', 'one', 'cult', 'film', 'like', 'evil', 'dead', '2', 'phantasm', 'people', 'still', 'discovering', 'falling', 'love', '20', '30', '40', 'year', 'line']"
1,"['pretty', 'surprising', 'wonderful', 'film', 'made', '1949', 'hollywood', 'generally', 'collective', 'head', 'sand', 'concerning', 'black', 'white', 'issue', 'time']"
1,"['film', 'deserves', 'strong', 'kudos', 'taking', 'stand', 'exceptional', 'acting', 'mostly', 'lesser', 'known', 'cast', 'super', 'intelligent', 'script', 'doesn', 'insult', 'audience', 'take', 'easy', 'way', 'come', 'white', 'racism']"
1,"['plus', 'movie', 'rather', 'modest', 'budget', 'fast', 'running', 'time', 'doe', 'amazing', 'job']"
1,"['juano', 'hernandez', 'exceptional', 'actor', 'played', 'supporting', 'role', 'many', 'film', 'era', 'proud', 'black', 'man', 'accused', 'murdering', 'white', 'man', 'south']"
1,"['trumbull', 'love', 'lucy']"
1,"['see', 'kid', 'chance', 'open', 'amazing', 'dialog', 'how', 'far', 'race', 'relation', 'come', 'last', '50', 'year']"
1,"['see', 'film']"
1,"['year', 'however', 'reminded', 'u', 'huston', 'still', 'top', 'game', 'evinced', 'faithful', 'adaptation', 'james', 'joyce', 'acclaimed', 'novella', 'dead']"
1,"['feeling', 'thought', 'gabriel', 'discomfort', 'dance', 'intangible', 'leap', 'life', 'come', 'within', 'viewer', 'grasp', 'huston', 'portrayal']"
0,"['disappointed', 'wondered', 'how', 'could', 'oscar', 'shortlist']"
0,['slow']
0,"['lot', 'hole', 'plot', 'nothing', 'how', 'became', 'emperor', 'nothing', 'spend', '20', 'year', 'childhood', 'mature', 'age']"
0,"['don', 'waste', 'time']"
0,"['end', 'day', 'one', 'worst', 'big', 'budget', 'action', 'movie', 'ever', 'seen']"
0,"['surely', 'doesn', 'know', 'how', 'make', 'coherent', 'action', 'movie', 'screenwriter', 'air', 'force', 'one', 'obliged', 'write', 'script', 'just', 'big', 'sum', 'money']"
0,"['one', 'worst', 'film', 'ever', 'seen']"
0,"['still', 'trying', 'get', 'how', 'bad']"
1,"['movie', 'possibly', 'one', 'creative', 'work', 'horror', 'ever']"
1,"['ha', 'everything', 'could', 'want', 'suspense', 'drama', 'comedy', 'confusing', 'subplots', 'native', 'american', 'brain', 'eating', 'looking', 'end', 'brainsucking', 'movie', 'look', 'no']"
1,"['great', 'sound', 'effect', 'impressive', 'special', 'effect', 'recommend', 'movie', 'enough']"
1,"['call', 'nut', 'but', 'think', 'one', 'best', 'movie', 'ever']"
1,"['great', 'character', 'actor', 'telly', 'savalas', 'peter', 'boyle']"
0,"['1', 'hour', '54', 'minute', 'sheer', 'tedium', 'melodrama', 'horrible', 'acting', 'mess', 'script', 'sinking', 'feeling', 'good', 'lord', 'thinking']"
0,"['lot', 'hole', 'script']"
0,"['like', 'bad', 'two', 'hour', 'tv', 'movie']"
0,"['imagine', 'every', 'single', 'one', 'decision', 'made', 'wrong']"
0,"['dialogue', 'atrocious']"
0,"['acting', 'beyond', 'abysmal']"
0,"['everything', 'stink']"
0,"['trouble', 'writing', 'directing', 'make', 'impossible', 'establish', 'thing', 'make', 'movie', 'watchable', 'like', 'character', 'story', 'theme']"
0,"['worse', 'incredibly', 'weak', 'sub', 'plot', 'thrown', 'follows', 'little', 'band', 'latter', 'day', 'mansonites', 'go', 'reporter', 'working', 'story', 'anniversary', 'killing']"
0,"['dumb', 'pointless', 'complete', 'waste', 'time']"
0,"['short', 'don', 'bother', 'movie']"
1,"['won', 'spoil', 'but', 'ending', 'pretty', 'amazing']"
1,"['best', 'scene', 'movie', 'end', 'but', 'won', 'spoil']"
1,"['ever', 'indication', 'writer', 'director', 'ability', 'meld', 'two', 'highly', 'volatile', 'temperament', 'seamless', 'union', 'creativity']"
1,"['result', 'powerhouse', 'achievement', 'made', 'timely', 'perhaps', 'culture', 'disturbing', 'fascination', 'celebrity', 'distorted', 'interpretation', 'fame']"
1,"['film', 'not', 'easily', 'forgotten']"
1,"['but', 'kevin', 'spacey', 'excellent', 'verbal', 'tsunami', 'buddy', 'ackerman', 'totally', 'believable', 'great', 'actor']"
1,"['scripting', 'subtle', 'comedy', 'unmatched', 'movie', 'recent', 'year']"
1,"['character', 'interesting', 'even', 'bit', 'predictable']"
1,"['highly', 'recommended', 'age', 'although', 'younger', 'set', 'probably', 'not', 'appreciate', 'subtle', 'reference', 'certainly', 'appreciate', 'one', 'galley', 'scene', 'particular']"
1,"['great', 'movie']"
0,"['also', 'story', 'acting', 'weak']"
0,"['around', '4', 'pm', 'bought', 'around', '8pm', 'started', 'watch', 'around', '8', '15pm', 'fast', 'forwarded', 'remaining', 'film', 'see', 'anything', 'left', 'watchable', 'human', 'brain', 'but', 'wasn']"
0,"['either', 'way', 'suck']"
0,"['script', 'horrendously', 'stupid']"
0,"['story', 'start', 'fast', 'absolutely', 'no', 'suspense', 'build', 'slightest']"
0,"['everything', 'captain', 'howdy', 'say', 'either', 'laughable', 'just', 'plain', 'stupid']"
0,"['hell', 'kind', 'crap']"
0,"['plot', 'hole']"
0,"['could', 'drive', 'semi', 'truck', 'hole']"
1,"['linda', 'cardellini', 'thing', 'good', 'film']"
1,"['poised', 'amazing']"
0,"['dee', 'snider', 'just', 'plain', 'suck']"
0,"['act', 'one', 'least', 'scary', 'villain', 'ever', 'seen', 'write', 'write', 'damn', 'movie', 'sleep']"
0,"['bored', 'throughout', 'whole', 'damn', 'thing']"
0,"['acting', 'suck', 'music', 'suck', 'script', 'suck', 'pacing', 'suck', 'special', 'fx', 'suck', 'directing', 'suck', 'basically', 'movie', 'suck']"
0,"['film', 'try', 'serious', 'sophisticated', 'thriller', 'horror', 'flick', 'fails', 'miserably']"
0,"['probably', 'one', 'least', 'effective', 'utterly', 'unoriginal', 'film', 'ever', 'seen', 'entire', 'life']"
0,"['piece', 'cinematic', 'garbage', 'captured', 'celluloid']"
0,"['avoid', 'cost']"
0,"['rate', 'film', 'stink', 'not', 'funny', 'fulci', 'should', 'stayed', 'giallo', 'supernatural', 'zombie', 'movie']"
0,"['avoid', 'film', 'cost']"
0,"['don', 'know', 'happened', 'season', 'five', 'mess']"
0,"['consistent', 'thread', 'holding', 'series', 'together', 'amazing', 'performance', 'leni', 'parker', 'anita', 'laselva', 'two', 'taelons', 'quiet', 'idealogical', 'conflict']"
0,"['movie', 'really', 'dislike']"
0,"['one', 'boring', 'horror', 'movie', '90', 'mainly', 'start', 'slow', 'center', 'boring', 'atmosphere']"
0,"['puppet', 'look', 'really', 'cheesy', 'not', 'good', 'way', 'like', 'puppet', 'master', '80', 'flick']"
0,"['story', 'lame', 'not', 'interesting', 'never', 'really', 'explains', 'sinister', 'origin', 'puppet']"
0,"['death', 'scene', 'like', 'previous', 'movie', 'f', 'x', 'terrible']"
0,"['felt', 'asleep', 'first', 'time', 'watched', 'recommend', 'insomniac']"
1,"['fact', 'film', 'wonderful', 'heartwarming', 'tale', 'two', 'people', 'chasing', 'dream']"
1,"['best', 'part', 'nurse', 'betty', 'unpredictability']"
1,"['director', 'neil', 'labute', 'us', 'brutal', 'violence', 'seperate', 'dream', 'reality', 'along', 'touching', 'drama', 'hilarious', 'comedy', 'never', 'tell', 'going', 'happen', 'next']"
0,"['otherwise', 'don', 'even', 'waste', 'time']"
0,"['one', 'just', 'fails', 'create', 'real', 'suspense']"
0,"['killer', 'don', 'expect', 'anything', 'original', 'even', 'remotely', 'frightening']"
1,"['however', 'pretty', 'good', 'acting', 'least', 'type', 'film']"
0,"['sorry', 'but', 'really', 'recommend', 'anyone']"
0,"['one', 'boring', 'pointless', 'movie', 'ever', 'seen']"
0,"['secondary', 'plot', 'line', 'incomprehensible', 'relation', 'primary', 'plot', 'line', 'mystifying']"
0,['hated']
0,"['one', 'worst', 'sandra', 'bullock', 'movie', 'since', 'speed', '2', 'but', 'not', 'quite', 'bad']"
0,"['don', 'understand', 'how', 'garbage', 'got', 'shelf', 'movie', 'store', 'not', 'even', 'real', 'movie']"
0,"['highly', 'doubt', 'anyone', 'could', 'ever', 'like', 'trash']"
0,"['not', 'movie', 'making']"
0,"['acting', 'like', 'watching', 'wooden', 'puppet', 'moving', 'around', 'reading', 'book', 'how', 'bad']"
0,"['warn', 'not', 'rent', 'movie', 'dumbest', 'thing', 'never', 'seen']"
1,"['saw', 'short', 'film', 'hbo', 'day', 'absolutely', 'loved']"
1,"['didn', 'realize', 'how', 'wonderful', 'short', 'really', 'last', 'two', 'scene']"
1,"['excellent', 'short', 'film']"
1,"['hopefully', 'director', 'james', 'cox', 'turn', 'short', 'feature', 'length', 'film', 'cast', 'win', 'u', 'whole', 'new', 'film']"
0,"['agree', 'jessica', 'movie', 'pretty', 'bad']"
0,"['character', 'one', 'dimensional', 'even', 'good', 'guy', 'especially', 'bad', 'guy']"
0,"['story', 'line', 'totally', 'predictable']"
1,"['not', 'much', 'dialogue', 'not', 'much', 'music', 'whole', 'film', 'shot', 'elaborately', 'aesthetically', 'like', 'sculpture']"
0,"['seen', 'soap', 'opera', 'intelligent', 'movie']"
0,"['bad', 'character', 'bad', 'story', 'bad', 'acting']"
0,"['really', 'awful']"
0,"['not', 'easy', 'watch']"
1,"['funny', 'clever', 'hip', 'just', 'like', 'pray', 'previous', 'film', 'hype']"
1,"['long', 'time', 'didn', 'see', 'charismatic', 'actor', 'screen']"
1,"['paolo', 'sorrentino', 'ha', 'written', 'wonderful', 'story', 'loneliness', 'tony', 'ha', 'built', 'one', 'unforgettable', 'character', 'seen', 'movie', 'recent', 'year']"
1,"['movie', 'not', 'completely', 'perfect', 'but', 'titta', 'di', 'girolamo', 'stay', 'long', 'time', 'vision', 'movie']"
1,"['rate', 'movie', '9', '10']"
1,"['not', 'know', 'emilio', 'estevez', 'directorial', 'debut', 'but', 'pacing', 'interplay', 'development', 'character', 'well', 'clever', 'camera', 'work', 'surrounding', 'character', 'estevez', 'play', 'suggest', 'natural', 'eye']"
1,"['interplay', 'martin', 'emilio', 'contains', 'wonderful', 'chemistry', 'saw', 'wall', 'street', 'martin', 'charlie']"
1,"['kathy', 'bates', 'wonderful', 'character', 'subtle', 'desperation', 'escapism', 'variation', 'character', 'play', 'field', 'lord']"
1,"['reader', 'already', 'seen', 'one', 'miyazaki', 'film', 'still', 'top', 'form', 'made', 'another', 'worthwhile', 'experience']"
1,"['never', 'condescends', 'character', 'good', 'genuine', 'heart', 'believable', 'problem']"
1,"['two', 'main', 'character', 'may', 'two', 'believable', 'child', 'ever', 'saw', 'put', 'screen']"
1,"['easy', 'love', 'but', 'even', 'easy', 'identify']"
1,"['movie', 'great', 'especially', 'enjoy', 'visual', 'art']"
1,"['scenery', 'two', 'daughter', 'paint', 'photograph', 'beautiful']"
1,"['story', 'also', 'funny', 'poignant', 'time']"
1,"['people', 'like', 'european', 'film', 'art', 'movie', 'like', 'movie']"
1,"['truly', 'art', 'movie', 'actually', 'ha', 'lot', 'art']"
1,"['go', 'rent']"
1,"['however', 'finally', 'watching', 'film', 'realized', 'not', 'closed', 'mind', 'brilliance', 'depicts', 'also', 'found', 'watching']"
1,"['one', 'movie', 'never', 'cease', 'interest', 'simply', 'keep', 'alert', 'try', 'attempt', 'decipher', 'meaning']"
1,"['brilliance', 'indeed']"
1,"['but', 'liked', 'movie', 'like', 'matrix', 'better', 'yet', 'sequel', 'think', 'appreciate', 'thought', 'provoking', 'mindblowing', 'experience', 'film', 'give']"
1,"['think', 'film', 'like', 'dream']"
1,"['simply', 'beautiful']"
1,"['rickman', 'stowe', 'play', 'role', 'hilt', 'tale', 'childrens', 'book', 'writer', 'maybe', 'ha', 'written', 'subversive', 'tract']"
1,"['gloriously', 'fun', 'fast', 'paced', 'fairly', 'accurate', 'portrayal', 'night', 'raver']"
1,"['present', 'idyllic', 'yet', 'serious', 'portrayal', 'ups', 'character', 'life']"
0,"['just', 'whatever', 'avoid', 'groove', 'antithesis', 'good', 'human', 'traffic']"
0,"['bad', 'everyone', 'else', 'involved', 'didn', 'share', 'crowe', 'level', 'dedication', 'quality', 'far', 'better', 'film', 'hand', 'sub', 'par', 'mess']"
0,"['movie', 'seemed', 'little', 'slow', 'first']"
1,"['but', 'picked', 'speed', 'got', 'right', 'point']"
1,"['showed', 'exactly', 'how', 'government', 'scientist', 'argued', 'humanity', 'reason', 'gadget']"
1,['enjoyed']
1,"['recommended', 'friend']"
1,"['particularly', 'pleased', 'acting', 'ability', 'dwight', 'schultz']"
1,"['actor', 'truly', 'understand', 'become', 'particular', 'character', 'delivering', 'convincing', 'sincere', 'performance']"
1,"['screen', 'chemistry', 'critical', 'entire', 'film', 'genuine']"
1,"['film', 'dialogue', 'natural', 'real', 'life']"
1,"['writer', 'gorman', 'bechard', 'undoubtedly', 'homework', 'reference', 'industry', 'character', 'age', 'appropriate']"
1,"['incredible', 'soundtrack', 'truly', 'capture', 'essence', 'film']"
1,"['track', 'command', 'sentiment', 'actually', 'contributing', 'scene', 'character']"
1,"['sort', 'thought', 'provoking', 'film', 'force', 'question', 'threshold', 'loneliness']"
1,"['hayao', 'miyazaki', 'latest', 'eighth', 'film', 'studio', 'ghibili', 'gake', 'no', 'ue', 'no', 'ponyo', 'ponyo', 'cliff', 'sea', 'wonderfully', 'fun', 'imaginative', 'look', 'childhood']"
1,"['time', 'seems', 'film', 'animation', 'ha', 'dominated', 'disney', 'pixar', 'cgi', 'masterpiece', 'refreshing', 'comforting', 'know', 'miyazaki', 'still', 'relying', 'traditional', 'hand', 'drawn', 'animation', 'tell', 'charming', 'enchanting', 'story']"
1,"['enough', 'not', 'said', 'remarkable', 'animation', 'film']"
1,"['art', 'style', 'ha', 'appearance', 'crayon', 'pencil', 'drawing', 'wonderfully', 'colorful', 'fanciful']"
0,"['act', 'film', 'should', 'glad', 'gon', 'na', 'drift', 'away', 'earth', 'far', 'possible']"
0,"['one', 'want', 'surf', 'small', 'wave', 'space', 'movie', '1998', 'deep', 'impact', 'armageddon', 'one', 'fails', 'everywhere']"
0,"['haven', 'choked', 'vomit', 'end', 'cheap', 'drama', 'worthless', 'dialogue', 'must', 'bored', 'death', 'waste', 'time']"
1,"['still', 'make', 'super', 'ending', 'depicts', 'great', 'sea', 'vessel', 'taken', 'mighty', 'frost']"
1,"['just', 'consider', 'excellent', 'story', 'solid', 'acting', 'look', 'film', 'added', 'bonus']"
0,"['instead', 'got', 'bore', 'fest', 'whiny', 'spoiled', 'brat', 'babysitting']"
1,"['watched', 'two', 'sunday', 'ago', 'march', '20th', '2005', 'began', 'really', 'enjoy', 'time', 'taped', 'entire', 'thing']"
1,"['well', 'acted', 'done', 'tv', 'movie']"
1,"['judith', 'light', 'one', 'favorite', 'actress', 'think', 'doe', 'superb', 'job', 'film']"
1,"['keep', 'watching']"
1,"['sad', 'movie', 'but', 'good']"
1,"['not', 'seen', 'movie', 'definitely', 'recommend']"
1,"['lovely', 'usual', 'cutie']"
1,"['still', 'quite', 'interesting', 'entertaining', 'follow']"
1,"['recommend', 'confidence']"
1,"['movie', 'well', 'balanced', 'comedy', 'drama', 'thoroughly', 'enjoyed']"
1,"['riot', 'see', 'hugo', 'weaving', 'play', 'sex', 'obsessed', 'gay', 'real', 'estate', 'salesman', 'us', 'client', 'house', 'tryst', 'flaming', 'darren', 'tom', 'hollander']"
1,"['anyway', 'plot', 'flowed', 'smoothly', 'male', 'bonding', 'scene', 'hoot']"
1,"['opening', 'sequence', 'gem', 'classic', 'cat', 'n', 'mouse', 'game', 'follow', 'delight', 'watch']"
1,"['fan', 'genre', 'heaven']"
1,"['lange', 'become', 'great', 'actress']"
1,"['looked', 'like', 'wonderful', 'story']"
0,"['never', 'walked', 'movie', 'faster']"
0,"['just', 'got', 'bored', 'watching', 'jessice', 'lange', 'take', 'clothes']"
0,"['unfortunately', 'virtue', 'film', 'production', 'work', 'lost', 'regrettable', 'script']"
0,"['word', 'embarrassing']"
0,"['exceptionally', 'bad']"
0,"['insult', 'one', 'intelligence', 'huge', 'waste', 'money']"
1,"['wow', 'loved', 'place']"
0,"['crust', 'not', 'good']"
0,"['not', 'tasty', 'texture', 'just', 'nasty']"
1,"['stopped', 'late', 'may', 'bank', 'holiday', 'rick', 'steve', 'recommendation', 'loved']"
1,"['selection', 'menu', 'great', 'price']"
0,"['getting', 'angry', 'want', 'damn', 'pho']"
0,"['honeslty', 'didn', 'taste', 'fresh']"
0,"['potato', 'like', 'rubber', 'could', 'tell', 'made', 'ahead', 'time', 'kept', 'warmer']"
1,"['fry', 'great']"
1,"['great', 'touch']"
1,"['service', 'prompt']"
0,"['would', 'not', 'go', 'back']"
0,"['cashier', 'no', 'care', 'ever', 'say', 'still', 'ended', 'wayyy', 'overpriced']"
1,"['tried', 'cape', 'cod', 'ravoli', 'chicken', 'cranberry', 'mmmm']"
0,"['disgusted', 'pretty', 'sure', 'human', 'hair']"
0,"['shocked', 'no', 'sign', 'indicate', 'cash']"
1,"['highly', 'recommended']"
0,"['waitress', 'little', 'slow', 'service']"
0,"['place', 'not', 'worth', 'time', 'let', 'alone', 'vega']"
0,"['not', 'like']"
0,"['burrittos', 'blah']"
1,"['food', 'amazing']"
1,"['service', 'also', 'cute']"
1,"['could', 'care', 'less', 'interior', 'just', 'beautiful']"
1,['performed']
1,"['right', 'red', 'velvet', 'cake', 'ohhh', 'stuff', 'good']"
0,"['never', 'brought', 'salad', 'asked']"
1,"['hole', 'wall', 'ha', 'great', 'mexican', 'street', 'taco', 'friendly', 'staff']"
0,"['took', 'hour', 'get', 'food', '4', 'table', 'restaurant', 'food', 'luke', 'warm', 'sever', 'running', 'around', 'like', 'totally', 'overwhelmed']"
0,"['worst', 'salmon', 'sashimi']"
1,"['also', 'combo', 'like', 'burger', 'fry', 'beer', '23', 'decent', 'deal']"
0,"['like', 'final', 'blow']"
1,"['found', 'place', 'accident', 'could', 'not', 'happier']"
0,"['seems', 'like', 'good', 'quick', 'place', 'grab', 'bite', 'familiar', 'pub', 'food', 'but', 'favor', 'look', 'elsewhere']"
1,"['overall', 'like', 'place', 'lot']"
1,"['redeeming', 'quality', 'restaurant', 'inexpensive']"
1,"['ample', 'portion', 'good', 'price']"
0,"['poor', 'service', 'waiter', 'made', 'feel', 'like', 'stupid', 'every', 'time', 'came', 'table']"
1,"['first', 'visit', 'hiro', 'delight']"
0,"['service', 'suck']"
1,"['shrimp', 'tender', 'moist']"
0,"['not', 'deal', 'good', 'enough', 'would', 'drag', 'establishment']"
0,"['hard', 'judge', 'whether', 'side', 'good', 'grossed', 'melted', 'styrofoam', 'didn', 'want', 'eat', 'fear', 'getting', 'sick']"
1,"['positive', 'note', 'server', 'attentive', 'provided', 'great', 'service']"
0,"['frozen', 'puck', 'disgust', 'worst', 'people', 'behind', 'register']"
1,"['thing', 'like', 'prime', 'rib', 'dessert', 'section']"
0,"['bad', 'food', 'damn', 'generic']"
1,"['burger', 'good', 'beef', 'cooked', 'just', 'right']"
1,"['want', 'sandwich', 'just', 'go', 'firehouse']"
1,"['side', 'greek', 'salad', 'greek', 'dressing', 'tasty', 'pita', 'hummus', 'refreshing']"
1,"['ordered', 'duck', 'rare', 'pink', 'tender', 'inside', 'nice', 'char', 'outside']"
1,"['came', 'running', 'u', 'realized', 'husband', 'left', 'sunglass', 'table']"
1,"['chow', 'mein', 'good']"
0,"['horrible', 'attitude', 'towards', 'customer', 'talk', 'one', 'customer', 'don', 'enjoy', 'food']"
1,"['portion', 'huge']"
1,"['loved', 'friendly', 'server', 'great', 'food', 'wonderful', 'imaginative', 'menu']"
0,"['heart', 'attack', 'grill', 'downtown', 'vega', 'absolutely', 'flat', 'lined', 'excuse', 'restaurant']"
0,"['not', 'much', 'seafood', 'like', '5', 'string', 'pasta', 'bottom']"
1,"['salad', 'just', 'right', 'amount', 'sauce', 'not', 'power', 'scallop', 'perfectly', 'cooked']"
0,"['ripped', 'banana', 'not', 'ripped', 'but', 'petrified', 'tasteless']"
0,"['least', 'think', 'refill', 'water', 'struggle', 'wave', '10', 'minute']"
1,"['place', 'receives', 'star', 'appetizer']"
1,"['cocktail', 'handmade', 'delicious']"
1,"['definitely', 'go', 'back']"
1,"['glad', 'found', 'place']"
1,"['great', 'food', 'service', 'huge', 'portion', 'give', 'military', 'discount']"
1,"['always', 'great', 'time', 'gringo']"
1,"['update', 'went', 'back', 'second', 'time', 'still', 'just', 'amazing']"
0,"['got', 'food', 'apparently', 'never', 'heard', 'salt', 'batter', 'fish', 'chewy']"
1,"['great', 'way', 'finish', 'great']"
1,"['deal', 'included', '5', 'tasting', '2', 'drink', 'jeff', 'went', 'beyond', 'expected']"
1,"['really', 'really', 'good', 'rice', 'time']"
0,"['service', 'meh']"
0,"['took', '30', 'min', 'get', 'milkshake', 'nothing', 'chocolate', 'milk']"
0,"['guess', 'should', 'known', 'place', 'would', 'suck', 'inside', 'excalibur', 'but', 'didn', 'use', 'common', 'sense']"
0,"['scallop', 'dish', 'quite', 'appalling', 'value', 'well']"
0,"['2', 'time', 'bad', 'customer', 'service']"
1,"['sweet', 'potato', 'fry', 'good', 'seasoned', 'well']"
1,"['today', 'second', 'time', 'lunch', 'buffet', 'pretty', 'good']"
0,"['much', 'good', 'food', 'vega', 'feel', 'cheated', 'wasting', 'eating', 'opportunity', 'going', 'rice', 'company']"
0,"['coming', 'like', 'experiencing', 'underwhelming', 'relationship', 'party', 'wait', 'person', 'ask', 'break']"
0,"['walked', 'place', 'smelled', 'like', 'old', 'grease', 'trap', '2', 'others', 'eating']"
0,"['turkey', 'roast', 'beef', 'bland']"
1,"['place', 'ha']"
0,"['pan', 'cake', 'everyone', 'raving', 'taste', 'like', 'sugary', 'disaster', 'tailored', 'palate', 'six', 'year', 'old']"
1,"['love', 'pho', 'spring', 'roll', 'oh', 'yummy', 'try']"
0,"['poor', 'batter', 'meat', 'ratio', 'made', 'chicken', 'tender', 'unsatisfying']"
1,"['say', 'food', 'amazing']"
1,"['omelet', 'die']"
1,"['everything', 'fresh', 'delicious']"
0,"['summary', 'largely', 'disappointing', 'dining', 'experience']"
1,"['like', 'really', 'sexy', 'party', 'mouth', 'outrageously', 'flirting', 'hottest', 'person', 'party']"
0,"['never', 'hard', 'rock', 'casino', 'never', 'ever', 'step', 'forward']"
1,"['best', 'breakfast', 'buffet']"
0,"['say', 'bye', 'bye', 'tip', 'lady']"
0,"['never', 'go']"
1,['back']
1,"['food', 'arrived', 'quickly']"
0,"['not', 'good']"
1,"['side', 'cafe', 'serf', 'really', 'good', 'food']"
1,"['server', 'fantastic', 'found', 'wife', 'love', 'roasted', 'garlic', 'bone', 'marrow', 'added', 'extra', 'meal', 'another', 'marrow', 'go']"
1,"['good', 'thing', 'waiter', 'helpful', 'kept', 'bloddy', 'mary', 'coming']"
1,"['best', 'buffet', 'town', 'price', 'not', 'beat']"
1,"['loved', 'mussel', 'cooked', 'wine', 'reduction', 'duck', 'tender', 'potato', 'dish', 'delicious']"
1,"['one', 'better', 'buffet']"
1,"['went', 'tigerlilly', 'fantastic', 'afternoon']"
1,"['food', 'delicious', 'bartender', 'attentive', 'personable', 'got', 'great', 'deal']"
1,"['ambience', 'wonderful', 'music', 'playing']"
1,"['go', 'back', 'next', 'trip']"
1,"['sooooo', 'good']"
0,"['real', 'sushi', 'lover', 'let', 'honest', 'yama', 'not', 'good']"
0,"['least', '40min', 'passed', 'u', 'ordering', 'food', 'arriving', 'wasn', 'busy']"
1,"['really', 'fantastic', 'thai', 'restaurant', 'definitely', 'worth', 'visit']"
1,"['nice', 'spicy', 'tender']"
1,"['good', 'price']"
1,['check']
0,"['pretty', 'gross']"
0,"['better', 'atmosphere']"
0,"['kind', 'hard', 'mess', 'steak', 'but']"
0,"['although', 'much', 'liked', 'look', 'sound', 'place', 'actual', 'experience', 'bit', 'disappointing']"
0,"['just', 'don', 'know', 'how', 'place', 'managed', 'served', 'blandest', 'food', 'ever', 'eaten', 'preparing', 'indian', 'cuisine']"
0,"['worst', 'service', 'boot', 'but', 'least', 'worry']"
1,"['service', 'fine', 'waitress', 'friendly']"
1,"['guy', 'steak', 'steak', 'loving', 'son', 'ha', 'steak', 'best', 'worst', 'place', 'said', 'best', 'steak', 'ever', 'eaten']"
1,"['thought', 'venture', 'away', 'get', 'good', 'sushi', 'but', 'place', 'really', 'hit', 'spot', 'night']"
0,"['host', 'staff', 'lack', 'better', 'word', 'bitch']"
0,"['bland', 'not', 'liking', 'place', 'number', 'reason', 'don', 'want', 'waste', 'time', 'bad', 'reviewing', 'leave']"
1,"['phenomenal', 'food', 'service', 'ambiance']"
0,"['wouldn', 'return']"
1,"['definitely', 'worth', 'venturing', 'strip', 'pork', 'belly', 'return', 'next', 'time', 'vega']"
0,"['place', 'way', 'overpriced', 'mediocre', 'food']"
1,"['penne', 'vodka', 'excellent']"
1,"['good', 'selection', 'food', 'including', 'massive', 'meatloaf', 'sandwich', 'crispy', 'chicken', 'wrap', 'delish', 'tuna', 'melt', 'tasty', 'burger']"
0,"['management', 'rude']"
1,"['delicious', 'nyc', 'bagel', 'good', 'selection', 'cream', 'cheese', 'real', 'lox', 'caper', 'even']"
1,"['great', 'subway', 'fact', 'good', 'come', 'every', 'subway', 'not', 'meet', 'expectation']"
1,"['seriously', 'solid', 'breakfast']"
1,"['one', 'best', 'bar', 'food', 'vega']"
0,"['extremely', 'rude', 'really', 'many', 'restaurant', 'would', 'love', 'dine', 'weekend', 'vega']"
1,"['drink', 'never', 'empty', 'made', 'really', 'great', 'menu', 'suggestion']"
0,['don']
0,"['waiter', 'wasn', 'helpful', 'friendly', 'rarely', 'checked', 'u']"
0,"['husband', 'ate', 'lunch', 'disappointed', 'food', 'service']"
0,"['red', 'curry', 'much', 'bamboo', 'shoot', 'wasn', 'tasty']"
1,"['nice', 'blanket', 'moz', 'top', 'but', 'feel', 'like', 'done', 'cover', 'subpar', 'food']"
1,"['bathroom', 'clean', 'place', 'well', 'decorated']"
0,"['menu', 'always', 'changing', 'food', 'quality', 'going', 'service', 'extremely', 'slow']"
0,"['service', 'little', 'slow', 'considering', 'served', '3', 'people', 'server', 'food', 'coming', 'slow', 'pace']"
0,"['give', '2', 'thumb']"
0,"['watched', 'waiter', 'pay', 'lot', 'attention', 'table', 'ignore', 'u']"
1,"['fiance', 'came', 'middle', 'day', 'greeted', 'seated', 'right', 'away']"
1,"['great', 'restaurant', 'mandalay', 'bay']"
0,"['waited', 'forty', 'five', 'minute', 'vain']"
0,"['crostini', 'came', 'salad', 'stale']"
1,"['highlight', 'great', 'quality', 'nigiri']"
1,"['staff', 'friendly', 'joint', 'always', 'clean']"
1,"['different', 'cut', 'piece', 'day', 'but', 'still', 'wonderful', 'tender', 'well', 'well', 'flavored']"
1,"['ordered', 'voodoo', 'pasta', 'first', 'time', 'really', 'excellent', 'pasta', 'since', 'going', 'gluten', 'free', 'several', 'year', 'ago']"
1,"['place', 'good']"
0,"['unfortunately', 'must', 'hit', 'bakery', 'leftover', 'day', 'everything', 'ordered', 'stale']"
0,"['came', 'back', 'today', 'since', 'relocated', 'still', 'not', 'impressed']"
1,"['seated', 'immediately']"
1,"['menu', 'diverse', 'reasonably', 'priced']"
0,"['avoid', 'cost']"
1,"['restaurant', 'always', 'full', 'but', 'never', 'wait']"
1,['delicious']
1,"['place', 'hand', 'one', 'best', 'place', 'eat', 'phoenix', 'metro', 'area']"
0,"['don', 'go', 'looking', 'good', 'food']"
0,"['never', 'treated', 'bad']"
1,"['bacon', 'hella', 'salty']"
0,"['also', 'ordered', 'spinach', 'avocado', 'salad', 'ingredient', 'sad', 'dressing', 'literally', 'zero', 'taste']"
1,"['really', 'how', 'vega', 'fine', 'dining', 'used', 'right', 'menu', 'handed', 'lady', 'no', 'price', 'listed']"
1,"['waitress', 'friendly']"
1,"['lordy', 'khao', 'soi', 'dish', 'not', 'missed', 'curry', 'lover']"
1,"['everything', 'menu', 'terrific', 'also', 'thrilled', 'made', 'amazing', 'accommodation', 'vegetarian', 'daughter']"
0,"['perhaps', 'caught', 'night', 'judging', 'review', 'but', 'not', 'inspired', 'go', 'back']"
0,"['service', 'leaf', 'lot', 'desired']"
1,"['atmosphere', 'modern', 'hip', 'maintaining', 'touch', 'coziness']"
1,"['not', 'weekly', 'haunt', 'but', 'definitely', 'place', 'come', 'back', 'every']"
0,"['literally', 'sat', '20', 'minute', 'no', 'one', 'asking', 'take', 'order']"
0,"['burger', 'absolutely', 'no', 'flavor', 'meat', 'totally', 'bland', 'burger', 'overcooked', 'no', 'charcoal', 'flavor']"
0,"['also', 'decided', 'not', 'send', 'back', 'waitress', 'looked', 'like', 'verge', 'heart', 'attack']"
0,"['dressed', 'treated', 'rudely']"
0,"['probably', 'dirt']"
1,"['love', 'place', 'hit', 'spot', 'want', 'something', 'healthy', 'but', 'not', 'lacking', 'quantity', 'flavor']"
1,"['ordered', 'lemon', 'raspberry', 'ice', 'cocktail', 'also', 'incredible']"
0,"['food', 'sucked', 'expected', 'but', 'sucked', 'could', 'imagined']"
1,"['interesting', 'decor']"
1,"['really', 'like', 'crepe', 'station']"
1,"['also', 'served', 'hot', 'bread', 'butter', 'home', 'made', 'potato', 'chip', 'bacon', 'bit', 'top', 'original', 'good']"
1,"['watch', 'preparing', 'delicious', 'food']"
1,"['egg', 'roll', 'fantastic']"
0,"['order', 'arrived', 'one', 'gyro', 'missing']"
1,"['salad', 'wing', 'ice', 'cream', 'dessert', 'left', 'feeling', 'quite', 'satisfied']"
0,"['not', 'really', 'sure', 'how', 'joey', 'voted', 'best', 'hot', 'dog', 'valley', 'reader', 'phoenix', 'magazine']"
1,"['best', 'place', 'go', 'tasty', 'bowl', 'pho']"
0,"['live', 'music', 'friday', 'totally', 'blow']"
0,"['never', 'insulted', 'felt', 'disrespected']"
1,"['friendly', 'staff']"
1,"['worth', 'drive']"
1,"['heard', 'good', 'thing', 'place', 'but', 'exceeding', 'every', 'hope', 'could', 'dreamed']"
1,"['food', 'great', 'serivce']"
0,"['warm', 'beer', 'didn', 'help']"
1,"['great', 'brunch', 'spot']"
1,"['service', 'friendly', 'inviting']"
1,"['good', 'lunch', 'spot']"
0,"['lived', 'since', '1979', 'first', 'last', 'time', 'stepped', 'foot', 'place']"
0,"['worst', 'experience', 'ever']"
0,"['must', 'night', 'place']"
1,"['side', 'delish', 'mixed', 'mushroom', 'yukon', 'gold', 'puree', 'white', 'corn', 'beateous']"
0,"['bug', 'never', 'showed', 'would', 'given', '4', 'sure', 'but', 'side', 'wall', 'bug', 'climbing', 'kitchen']"
0,"['10', 'minute', 'waiting', 'salad', 'realized', 'wasn', 'coming', 'time', 'soon']"
1,"['friend', 'loved', 'salmon', 'tartar']"
0,"['won', 'go', 'back']"
1,"['extremely', 'tasty']"
1,"['waitress', 'good', 'though']"
0,"['soggy', 'not', 'good']"
1,"['jamaican', 'mojitos', 'delicious']"
0,"['small', 'not', 'worth', 'price']"
1,"['food', 'rich', 'order', 'accordingly']"
0,"['shower', 'area', 'outside', 'rinse', 'not', 'take', 'full', 'shower', 'unless', 'don', 'mind', 'nude', 'everyone', 'see']"
0,"['service', 'bit', 'lacking']"
0,"['lobster', 'bisque', 'bussell', 'sprout', 'risotto', 'filet', 'needed', 'salt', 'pepper', 'course', 'none', 'table']"
0,"['hopefully', 'bodes', 'going', 'business', 'someone', 'cook', 'come']"
0,"['either', 'cold', 'not', 'enough', 'flavor', 'just', 'bad']"
1,"['loved', 'bacon', 'wrapped', 'date']"
1,"['unbelievable', 'bargain']"
1,"['folk', 'otto', 'always', 'make', 'u', 'feel', 'welcome', 'special']"
0,"['main', 'also', 'uninspired']"
1,"['place', 'first', 'pho', 'amazing']"
1,"['wonderful', 'experience', 'made', 'place', 'must', 'stop', 'whenever', 'town']"
0,"['food', 'isn', 'bad', 'enough', 'enjoy', 'dealing', 'world', 'worst', 'annoying', 'drunk', 'people']"
1,"['fun', 'chef']"
0,"['ordered', 'double', 'cheeseburger', 'got', 'single', 'patty', 'falling', 'apart', 'picture', 'uploaded', 'yeah', 'still', 'suck']"
1,"['great', 'place', 'couple', 'drink', 'watch', 'sporting', 'event', 'wall', 'covered', 'tv']"
0,"['possible', 'give', 'zero', 'star']"
0,"['description', 'said', 'yum', 'yum', 'sauce', 'another', 'said', 'eel', 'sauce', 'yet', 'another', 'said', 'spicy', 'mayo', 'well', 'none', 'roll', 'sauce']"
1,"['say', 'would', 'hardest', 'decision', 'honestly', 'dish', 'taste', 'how', 'supposed', 'taste', 'amazing']"
0,"['not', 'rolled', 'eye', 'may', 'stayed', 'not', 'sure', 'go', 'back', 'try']"
1,"['everyone', 'attentive', 'providing', 'excellent', 'customer', 'service']"
0,"['horrible', 'don', 'waste', 'time', 'money']"
1,"['dish', 'quite', 'flavourful']"
0,"['time', 'side', 'restaurant', 'almost', 'empty', 'no', 'excuse']"
0,"['wasn', 'busy', 'either', 'also', 'building', 'freezing', 'cold']"
0,"['like', 'reviewer', 'said', 'couldn', 'pay', 'eat', 'place']"
0,"['drink', 'took', 'close', '30', 'minute', 'come', 'one', 'point']"
1,"['seriously', 'flavorful', 'delight', 'folk']"
1,"['much', 'better', 'ayce', 'sushi', 'place', 'went', 'vega']"
1,"['lighting', 'just', 'dark', 'enough', 'set', 'mood']"
0,"['based', 'sub', 'par', 'service', 'received', 'no', 'effort', 'show', 'gratitude', 'business', 'won', 'going', 'back']"
1,"['owner', 'really', 'great', 'people']"
0,"['nothing', 'privileged', 'working', 'eating']"
1,"['greek', 'dressing', 'creamy', 'flavorful']"
0,"['overall', 'don', 'think', 'would', 'take', 'parent', 'place', 'made', 'similar', 'complaint', 'silently', 'felt']"
1,"['pizza', 'good', 'peanut', 'sauce', 'tasty']"
1,"['7', 'table', 'service', 'pretty', 'fast']"
1,"['fantastic', 'service']"
0,"['well', 'would', 'given', 'godfather', 'zero', 'star', 'possible']"
1,"['know', 'how', 'make']"
0,"['tough', 'short', 'flavor']"
1,"['hope', 'place', 'stick', 'around']"
0,"['bar', 'vega', 'not', 'ever', 'recall', 'charged', 'tap', 'water']"
1,"['restaurant', 'atmosphere', 'exquisite']"
1,"['good', 'service', 'clean', 'inexpensive', 'boot']"
1,"['seafood', 'fresh', 'generous', 'portion']"
1,"['plus', '8', 'buck']"
0,"['service', 'not', 'par', 'either']"
1,"['thus', 'far', 'visited', 'twice', 'food', 'absolutely', 'delicious', 'time']"
1,"['just', 'good', 'year', 'ago']"
0,"['self', 'proclaimed', 'coffee', 'cafe', 'wildly', 'disappointed']"
1,"['veggitarian', 'platter', 'world']"
1,"['cant', 'go', 'wrong', 'food']"
1,['beat']
1,"['stopped', 'place', 'madison', 'ironman', 'friendly', 'kind', 'staff']"
1,"['chef', 'friendly', 'good', 'job']"
0,"['better', 'not', 'dedicated', 'boba', 'tea', 'spot', 'but', 'even', 'jenni', 'pho']"
1,"['liked', 'patio', 'service', 'outstanding']"
1,"['goat', 'taco', 'didn', 'skimp', 'meat', 'wow', 'flavor']"
0,"['think', 'not']"
0,"['mac', 'salad', 'pretty', 'bland', 'not', 'getting']"
1,"['went', 'bachi', 'burger', 'friend', 'recommendation', 'not', 'disappointed']"
0,"['service', 'stink']"
0,"['waited', 'waited']"
0,"['place', 'not', 'quality', 'sushi', 'not', 'quality', 'restaurant']"
1,"['would', 'definitely', 'recommend', 'wing', 'well', 'pizza']"
1,"['great', 'pizza', 'salad']"
0,"['thing', 'went', 'wrong', 'burned', 'saganaki']"
0,"['waited', 'hour', 'breakfast', 'could', 'done', '100', 'time', 'better', 'home']"
1,"['place', 'amazing']"
0,"['hate', 'disagree', 'fellow', 'yelpers', 'but', 'husband', 'disappointed', 'place']"
0,"['waited', '2', 'hour', 'never', 'got', 'either', 'pizza', 'many', 'around', 'u', 'came', 'later']"
0,"['just', 'don', 'know', 'why', 'slow']"
1,"['staff', 'great', 'food', 'delish', 'incredible', 'beer', 'selection']"
0,"['live', 'neighborhood', 'disappointed', 'won', 'back', 'convenient', 'location']"
1,"['didn', 'know', 'pulled', 'pork', 'could', 'soooo', 'delicious']"
1,"['get', 'incredibly', 'fresh', 'fish', 'prepared', 'care']"
0,"['go', 'why', 'gave', '1', 'star', 'rating', 'please', 'know', 'third', 'time', 'eating', 'bachi', 'burger', 'writing', 'review']"
1,"['love', 'fact', 'everything', 'menu', 'worth']"
0,"['never', 'dining', 'place']"
1,"['food', 'excellent', 'service', 'good']"
1,"['good', 'beer', 'drink', 'selection', 'good', 'food', 'selection']"
0,"['please', 'stay', 'away', 'shrimp', 'stir', 'fried', 'noodle']"
0,"['potato', 'chip', 'order', 'sad', 'could', 'probably', 'count', 'how', 'many', 'chip', 'box', 'probably', 'around', '12']"
0,"['food', 'really', 'boring']"
1,"['good', 'service', 'check']"
0,"['greedy', 'corporation', 'never', 'see', 'another', 'dime']"
0,"['never', 'ever', 'go', 'back']"
0,"['much', 'like', 'go', 'back', 'get', 'passed', 'atrocious', 'service', 'never', 'return']"
1,"['summer', 'dine', 'charming', 'outdoor', 'patio', 'delightful']"
1,"['not', 'expect', 'good']"
1,"['fantastic', 'food']"
0,"['ordered', 'toasted', 'english', 'muffin', 'came', 'untoasted']"
1,"['food', 'good']"
0,"['never', 'going', 'back']"
1,"['great', 'food', 'price', 'high', 'quality', 'house', 'made']"
0,"['bus', 'boy', 'hand', 'rude']"
0,"['point', 'friend', 'basically', 'figured', 'place', 'joke', 'didn', 'mind', 'making', 'publicly', 'loudly', 'known']"
1,"['back', 'good', 'bbq', 'lighter', 'fare', 'reasonable', 'pricing', 'tell', 'public', 'back', 'old', 'way']"
1,"['considering', 'two', 'u', 'left', 'full', 'happy', '20', 'just', 'go', 'wrong']"
1,"['bread', 'made', 'house']"
0,"['downside', 'service']"
0,"['also', 'fry', 'without', 'doubt', 'worst', 'fry', 'ever']"
1,"['service', 'exceptional', 'food', 'good', 'review']"
1,"['couple', 'month', 'later', 'returned', 'amazing', 'meal']"
1,"['favorite', 'place', 'town', 'shawarrrrrrma']"
1,"['black', 'eyed', 'pea', 'sweet', 'potato', 'unreal']"
1,"['won', 'disappointed']"
1,"['could', 'serve', 'just', 'vinaigrette', 'may', 'make', 'better', 'overall', 'dish', 'but', 'still', 'good']"
0,"['go', 'far', 'many', 'place', 'never', 'seen', 'restaurant', 'serf', '1', 'egg', 'breakfast', 'especially', '4', '00']"
0,"['mom', 'got', 'home', 'immediately', 'got', 'sick', 'bite', 'salad']"
0,"['server', 'not', 'pleasant', 'deal', 'don', 'always', 'honor', 'pizza', 'hut', 'coupon']"
1,"['truly', 'unbelievably', 'good', 'glad', 'went', 'back']"
1,"['fantastic', 'service', 'pleased', 'atmosphere']"
0,"['everything', 'gross']"
1,"['love', 'place']"
1,"['great', 'service', 'food']"
0,"['first', 'bathroom', 'location', 'dirty', 'seat', 'cover', 'not', 'replenished', 'just', 'plain', 'yucky']"
0,"['burger', 'got', 'gold', 'standard', '17', 'burger', 'kind', 'disappointed']"
1,"['omg', 'food', 'delicioso']"
0,"['nothing', 'authentic', 'place']"
0,"['spaghetti', 'nothing', 'special', 'whatsoever']"
1,"['dish', 'salmon', 'best', 'but', 'great']"
1,"['vegetable', 'fresh', 'sauce', 'feel', 'like', 'authentic', 'thai']"
1,"['worth', 'driving', 'tucson']"
0,"['selection', 'probably', 'worst', 'seen', 'vega', 'none']"
1,"['pretty', 'good', 'beer', 'selection']"
1,"['place', 'like', 'chipotle', 'but', 'better']"
1,"['classy', 'warm', 'atmosphere', 'fun', 'fresh', 'appetizer', 'succulent', 'steak', 'baseball', 'steak']"
1,"['5', 'star', 'brick', 'oven', 'bread', 'app']"
1,"['eaten', 'multiple', 'time', 'time', 'food', 'delicious']"
0,"['sat', 'another', 'ten', 'minute', 'finally', 'gave', 'left']"
0,['terrible']
1,"['everyone', 'treated', 'equally', 'special']"
0,"['shouldn', 'take', '30', 'min', 'pancake', 'egg']"
1,['delicious']
1,"['good', 'side', 'staff', 'genuinely', 'pleasant', 'enthusiastic', 'real', 'treat']"
0,"['sadly', 'gordon', 'ramsey', 'steak', 'place', 'shall', 'sharply', 'avoid', 'next', 'trip', 'vega']"
1,"['always', 'evening', 'wonderful', 'food', 'delicious']"
1,"['best', 'fish', 'ever', 'life']"
1,"['bathroom', 'just', 'next', 'door', 'nice']"
0,"['buffet', 'small', 'food', 'offered', 'bland']"
1,"['outstanding', 'little', 'restaurant', 'best', 'food', 'ever', 'tasted']"
1,"['pretty', 'cool', 'would', 'say']"
0,"['definitely', 'turn', 'doubt', 'back', 'unless', 'someone', 'else', 'buying']"
1,"['server', 'great', 'job', 'handling', 'large', 'rowdy', 'table']"
0,"['find', 'wasting', 'food', 'despicable', 'but', 'just', 'wasn', 'food']"
0,"['wife', 'lobster', 'bisque', 'soup', 'lukewarm']"
1,"['would', 'come', 'back', 'sushi', 'craving', 'vega']"
1,"['staff', 'great', 'ambiance', 'great']"
1,"['deserves', '5', 'star']"
0,"['left', 'stomach', 'ache', 'felt', 'sick', 'rest', 'day']"
0,"['dropped', 'ball']"
1,"['dining', 'space', 'tiny', 'but', 'elegantly', 'decorated', 'comfortable']"
1,"['customize', 'order', 'way', 'like', 'usual', 'eggplant', 'green', 'bean', 'stir', 'fry', 'love']"
0,"['bean', 'rice', 'mediocre', 'best']"
1,"['best', 'taco', 'town', 'far']"
0,"['took', 'back', 'money', 'got', 'outta']"
1,"['interesting', 'part', 'town', 'place', 'amazing']"
0,"['rude', 'inconsiderate', 'management']"
0,"['staff', 'not', 'friendly', 'wait', 'time', 'served', 'horrible', 'no', 'one', 'even', 'say', 'hi', 'first', '10', 'minute']"
0,"['won', 'back']"
1,"['great', 'dinner']"
1,"['service', 'outshining', 'definitely', 'recommend', 'halibut']"
0,"['food', 'terrible']"
0,"['never', 'ever', 'go', 'back', 'told', 'many', 'people', 'happened']"
0,"['don', 'recommend', 'unless', 'car', 'break', 'front', 'starving']"
1,"['come', 'back', 'every', 'time', 'vega']"
0,"['place', 'deserves', 'one', 'star', '90', 'ha', 'food']"
0,['disgrace']
1,"['def', 'coming', 'back', 'bowl', 'next', 'time']"
1,"['want', 'healthy', 'authentic', 'ethic', 'food', 'try', 'place']"
1,"['continue', 'come', 'lady', 'night', 'andddd', 'date', 'night', 'highly', 'recommend', 'place', 'anyone', 'area']"
1,"['several', 'time', 'past', 'experience', 'ha', 'always', 'great']"
1,"['walked', 'away', 'stuffed', 'happy', 'first', 'vega', 'buffet', 'experience']"
1,"['service', 'excellent', 'price', 'pretty', 'reasonable', 'considering', 'vega', 'located', 'inside', 'crystal', 'shopping', 'mall', 'aria']"
1,"['summarize', 'food', 'incredible', 'nay', 'transcendant', 'but', 'nothing', 'brings', 'joy', 'quite', 'like', 'memory', 'pneumatic', 'condiment', 'dispenser']"
0,"['probably', 'one', 'people', 'ever', 'go', 'ians', 'not', 'like']"
1,"['kid', 'pizza', 'always', 'hit', 'lot', 'great', 'side', 'dish', 'option', 'kiddos']"
1,"['service', 'perfect', 'family', 'atmosphere', 'nice', 'see']"
1,"['cooked', 'perfection', 'service', 'impeccable']"
0,"['one', 'simply', 'disappointment']"
0,"['overall', 'disappointed', 'quality', 'food', 'bouchon']"
0,"['don', 'accountant', 'know', 'getting', 'screwed']"
1,"['great', 'place', 'eat', 'reminds', 'little', 'mom', 'pop', 'shop', 'san', 'francisco', 'bay', 'area']"
1,"['today', 'first', 'taste', 'buldogis', 'gourmet', 'hot', 'dog', 'tell', 'ever', 'thought', 'possible']"
0,"['left', 'frustrated']"
1,"['definitely', 'soon']"
1,"['food', 'really', 'good', 'got', 'full', 'petty', 'fast']"
1,"['service', 'fantastic']"
0,"['total', 'waste', 'time']"
1,"['don', 'know', 'kind', 'but', 'best', 'iced', 'tea']"
1,"['come', 'hungry', 'leave', 'happy', 'stuffed']"
0,"['service', 'give', 'no', 'star']"
1,"['assure', 'won', 'disappointed']"
0,"['take', 'little', 'bad', 'service', 'but', 'food', 'suck']"
0,"['gave', 'trying', 'eat', 'crust', 'teeth', 'still', 'sore']"
0,"['but', 'completely', 'grossed']"
1,"['really', 'enjoyed', 'eating']"
1,"['first', 'time', 'going', 'but', 'think', 'quickly', 'become', 'regular']"
1,"['server', 'nice', 'even', 'though', 'looked', 'little', 'overwhelmed', 'need', 'stayed', 'professional', 'friendly', 'end']"
1,"['dinner', 'companion', 'told', 'everything', 'fresh', 'nice', 'texture', 'taste']"
0,"['ground', 'right', 'next', 'table', 'large', 'smeared', 'stepped', 'tracked', 'everywhere', 'pile', 'green', 'bird', 'poop']"
0,"['furthermore', 'even', 'find', 'hour', 'operation', 'website']"
0,"['tried', 'like', 'place', 'but', '10', 'time', 'think', 'done']"
0,['mistake']
1,"['no', 'complaint']"
1,"['seriously', 'good', 'pizza', 'expert', 'connisseur', 'topic']"
0,"['waiter', 'jerk']"
0,"['strike', '2', 'want', 'rushed']"
1,"['nicest', 'restaurant', 'owner', 'ever', 'come', 'across']"
0,"['never', 'come']"
1,"['loved', 'biscuit']"
1,"['service', 'quick', 'friendly']"
0,"['ordered', 'appetizer', 'took', '40', 'minute', 'pizza', 'another', '10', 'minute']"
1,"['absolutley', 'fantastic']"
0,"['huge', 'awkward', '1', '5lb', 'piece', 'cow', '3', '4ths', 'gristle', 'fat']"
1,"['definitely', 'come', 'back']"
1,"['like', 'steiner', 'dark', 'feel', 'like', 'bar']"
1,"['wow', 'spicy', 'but', 'delicious']"
1,"['not', 'familiar', 'check']"
0,"['take', 'business', 'dinner', 'dollar', 'elsewhere']"
1,"['love', 'go', 'back']"
1,"['anyway', 'f', 'restaurant', 'ha', 'wonderful', 'breakfast', 'lunch']"
0,"['nothing', 'special']"
1,"['day', 'week', 'different', 'deal', 'delicious']"
1,"['not', 'mention', 'combination', 'pear', 'almond', 'bacon', 'big', 'winner']"
0,"['not', 'back']"
0,"['sauce', 'tasteless']"
1,"['food', 'delicious', 'just', 'spicy', 'enough', 'sure', 'ask', 'spicier', 'prefer', 'way']"
1,"['ribeye', 'steak', 'cooked', 'perfectly', 'great', 'mesquite', 'flavor']"
0,"['don', 'think', 'going', 'back', 'anytime', 'soon']"
1,"['food', 'gooodd']"
0,"['far', 'sushi', 'connoisseur', 'but', 'definitely', 'tell', 'difference', 'good', 'food', 'bad', 'food', 'certainly', 'bad', 'food']"
0,['insulted']
0,"['last', '3', 'time', 'lunch', 'ha', 'bad']"
0,"['chicken', 'wing', 'contained', 'driest', 'chicken', 'meat', 'ever', 'eaten']"
1,"['food', 'good', 'enjoyed', 'every', 'mouthful', 'enjoyable', 'relaxed', 'venue', 'couple', 'small', 'family', 'group', 'etc']"
1,"['nargile', 'think', 'great']"
1,"['best', 'tater', 'tot', 'southwest']"
1,"['loved', 'place']"
0,"['definitely', 'not', 'worth', '3', 'paid']"
1,"['vanilla', 'ice', 'cream', 'creamy', 'smooth', 'profiterole', 'chou', 'pastry', 'fresh', 'enough']"
1,"['im', 'az', 'time', 'new', 'spot']"
0,"['manager', 'worst']"
1,"['inside', 'really', 'quite', 'nice', 'clean']"
1,"['food', 'outstanding', 'price', 'reasonable']"
0,"['don', 'think', 'running', 'back', 'carly', 'anytime', 'soon', 'food']"
0,"['due', 'fact', 'took', '20', 'minute', 'acknowledged', 'another', '35', 'minute', 'get', 'food', 'kept', 'forgetting', 'thing']"
1,"['love', 'margarita']"
1,"['first', 'vega', 'buffet', 'not', 'disappoint']"
1,"['good', 'though']"
0,"['one', 'note', 'ventilation', 'could', 'use', 'upgrading']"
1,"['great', 'pork', 'sandwich']"
0,"['don', 'waste', 'time']"
0,"['total', 'letdown', 'would', 'much', 'rather', 'just', 'go', 'camelback', 'flower', 'shop', 'cartel', 'coffee']"
0,"['third', 'cheese', 'friend', 'burger', 'cold']"
1,"['enjoy', 'pizza', 'brunch']"
1,"['steak', 'well', 'trimmed', 'also', 'perfectly', 'cooked']"
1,"['group', '70', 'claimed', 'would', '40', 'handled', 'u', 'beautifully']"
1,['loved']
0,"['asked', 'bill', 'leave', 'without', 'eating', 'didn', 'bring', 'either']"
1,"['place', 'jewel', 'la', 'vega', 'exactly', 'hoping', 'find', 'nearly', 'ten', 'year', 'living']"
0,"['seafood', 'limited', 'boiled', 'shrimp', 'crab', 'leg', 'but', 'crab', 'leg', 'definitely', 'not', 'taste', 'fresh']"
0,"['selection', 'food', 'not', 'best']"
1,"['delicious', 'absolutely', 'back']"
1,"['isn', 'small', 'family', 'restaurant', 'fine', 'dining', 'establishment']"
1,"['toro', 'tartare', 'cavier', 'extraordinary', 'liked', 'thinly', 'sliced', 'wagyu', 'white', 'truffle']"
0,"['dont', 'think', 'back', 'long', 'time']"
0,"['attached', 'gas', 'station', 'rarely', 'good', 'sign']"
1,"['how', 'awesome']"
1,"['back', 'many', 'time', 'soon']"
1,"['menu', 'much', 'good', 'stuff', 'could', 'not', 'decide']"
0,"['worse', 'humiliated', 'worker', 'right', 'front', 'bunch', 'horrible', 'name', 'calling']"
1,"['conclusion', 'filling', 'meal']"
1,"['daily', 'special', 'always', 'hit', 'group']"
0,"['tragedy', 'struck']"
1,"['pancake', 'also', 'really', 'good', 'pretty', 'large']"
1,"['first', 'crawfish', 'experience', 'delicious']"
1,"['monster', 'chicken', 'fried', 'steak', 'egg', 'time', 'favorite']"
1,"['waitress', 'sweet', 'funny']"
1,"['also', 'taste', 'mom', 'multi', 'grain', 'pumpkin', 'pancake', 'pecan', 'butter', 'amazing', 'fluffy', 'delicious']"
0,"['rather', 'eat', 'airline', 'food', 'seriously']"
1,"['cant', 'say', 'enough', 'good', 'thing', 'place']"
1,"['ambiance', 'incredible']"
1,"['waitress', 'manager', 'friendly']"
0,"['would', 'not', 'recommend', 'place']"
0,"['overall', 'wasn', 'impressed', 'noca']"
0,"['gyro', 'basically', 'lettuce']"
0,"['terrible', 'service']"
0,"['thoroughly', 'disappointed']"
1,"['don', 'much', 'pasta', 'but', 'love', 'homemade', 'hand', 'made', 'pasta', 'thin', 'pizza']"
1,"['give', 'try', 'happy']"
1,"['far', 'best', 'cheesecurds', 'ever']"
1,"['reasonably', 'priced', 'also']"
1,"['everything', 'perfect', 'night']"
1,"['food', 'good', 'typical', 'bar', 'food']"
0,"['drive', 'get']"
1,"['first', 'glance', 'lovely', 'bakery', 'cafe', 'nice', 'ambiance', 'clean', 'friendly', 'staff']"
0,"['anyway', 'not', 'think', 'go', 'back']"
1,"['point', 'finger', 'item', 'menu', 'order', 'won', 'disappointed']"
1,"['oh', 'thing', 'beauty', 'restaurant']"
1,"['haven', 'gone', 'go']"
0,"['greasy', 'unhealthy', 'meal']"
0,"['first', 'time', 'might', 'just', 'last']"
1,"['burger', 'amazing']"
0,"['similarly', 'delivery', 'man', 'not', 'say', 'word', 'apology', 'food', '45', 'minute', 'late']"
0,"['way', 'expensive']"
1,"['sure', 'order', 'dessert', 'even', 'need', 'pack', 'go', 'tiramisu', 'cannoli', 'die']"
1,"['first', 'time', 'wait', 'next']"
1,"['bartender', 'also', 'nice']"
1,"['everything', 'good', 'tasty']"
1,"['place', 'two', 'thumb', 'way']"
1,"['best', 'place', 'vega', 'breakfast', 'just', 'check', 'sat', 'sun']"
1,"['love', 'authentic', 'mexican', 'food', 'want', 'whole', 'bunch', 'interesting', 'yet', 'delicious', 'meat', 'choose', 'need', 'try', 'place']"
0,"['terrible', 'management']"
1,"['excellent', 'new', 'restaurant', 'experienced', 'frenchman']"
0,"['zero', 'star', 'would', 'give', 'zero', 'star']"
1,"['great', 'steak', 'great', 'side', 'great', 'wine', 'amazing', 'dessert']"
0,"['worst', 'martini', 'ever']"
1,"['steak', 'shrimp', 'opinion', 'best', 'entree', 'gc']"
1,"['opportunity', 'today', 'sample', 'amazing', 'pizza']"
0,"['waited', 'thirty', 'minute', 'seated', 'although', '8', 'vacant', 'table', 'folk', 'waiting']"
1,"['yellowtail', 'carpaccio', 'melt', 'mouth', 'fresh']"
0,"['won', 'try', 'going', 'back', 'even', 'empty']"
0,"['no', 'going', 'eat', 'potato', 'found', 'stranger', 'hair']"
1,"['just', 'spicy', 'enough', 'perfect', 'actually']"
1,"['last', 'night', 'second', 'time', 'dining', 'happy', 'decided', 'go', 'back']"
0,"['not', 'even', 'hello', 'right']"
0,"['dessert', 'bit', 'strange']"
1,"['boyfriend', 'came', 'first', 'time', 'recent', 'trip', 'vega', 'could', 'not', 'pleased', 'quality', 'food', 'service']"
1,"['really', 'recommend', 'place', 'go', 'wrong', 'donut', 'place']"
1,"['nice', 'ambiance']"
1,"['would', 'recommend', 'saving', 'room']"
0,"['guess', 'maybe', 'went', 'night', 'but', 'disgraceful']"
0,"['however', 'recent', 'experience', 'particular', 'location', 'not', 'good']"
0,"['know', 'not', 'like', 'restaurant', 'something']"
0,"['avoid', 'establishment']"
0,"['think', 'restaurant', 'suffers', 'not', 'trying', 'hard', 'enough']"
1,"['tapa', 'dish', 'delicious']"
1,"['heart', 'place']"
0,"['salad', 'bland', 'vinegrette', 'baby', 'green', 'heart', 'palm']"
0,"['two', 'felt', 'disgusting']"
1,"['good', 'time']"
1,"['believe', 'place', 'great', 'stop', 'huge', 'belly', 'hankering', 'sushi']"
1,"['generous', 'portion', 'great', 'taste']"
0,"['never', 'go', 'back', 'place', 'never', 'ever', 'recommended', 'place', 'anyone']"
0,"['server', 'went', 'back', 'forth', 'several', 'time', 'not', 'even', 'much', 'helped']"
1,"['food', 'delicious']"
0,"['hour', 'seriously']"
0,"['consider', 'theft']"
0,"['eew', 'location', 'need', 'complete', 'overhaul']"
0,"['recently', 'witnessed', 'poor', 'quality', 'management', 'towards', 'guest', 'well']"
0,"['waited', 'waited', 'waited']"
1,"['also', 'came', 'back', 'check', 'u', 'regularly', 'excellent', 'service']"
1,"['server', 'super', 'nice', 'checked', 'u', 'many', 'time']"
0,"['pizza', 'tasted', 'old', 'super', 'chewy', 'not', 'good', 'way']"
0,"['swung', 'give', 'try', 'but', 'deeply', 'disappointed']"
1,"['service', 'good', 'company', 'better']"
1,"['staff', 'also', 'friendly', 'efficient']"
1,"['service', 'fan', 'quick', 'served', 'nice', 'folk']"
0,"['boy', 'sucker', 'dry']"
0,['rated']
0,"['look', 'authentic', 'thai', 'food', 'go', 'else']"
1,"['steak', '100', 'recommended']"
0,"['pulled', 'car', 'waited', 'another', '15', 'minute', 'acknowledged']"
1,"['great', 'food', 'great', 'service', 'clean', 'friendly', 'setting']"
1,"['assure', 'back']"
0,"['hate', 'thing', 'much', 'cheap', 'quality', 'black', 'olive']"
1,"['breakfast', 'perpared', 'great', 'beautiful', 'presentation', '3', 'giant', 'slice', 'toast', 'lightly', 'dusted', 'powdered', 'sugar']"
0,"['kid', 'play', 'area', 'nasty']"
1,"['great', 'place', 'fo', 'take', 'eat']"
1,"['waitress', 'friendly', 'happy', 'accomodate', 'vegan', 'veggie', 'option']"
1,"['omg', 'felt', 'like', 'never', 'eaten', 'thai', 'food', 'dish']"
0,"['extremely', 'crumby', 'pretty', 'tasteless']"
0,"['pale', 'color', 'instead', 'nice', 'char', 'ha', 'no', 'flavor']"
1,"['crouton', 'also', 'taste', 'homemade', 'extra', 'plus']"
0,"['got', 'home', 'see', 'driest', 'damn', 'wing', 'ever']"
1,"['regular', 'stop', 'trip', 'phoenix']"
1,"['really', 'enjoyed', 'crema', 'cafe', 'expanded', 'even', 'told', 'friend', 'best', 'breakfast']"
0,"['not', 'good', 'money']"
1,"['miss', 'wish', 'one', 'philadelphia']"
0,"['got', 'sitting', 'fairly', 'fast', 'but', 'ended', 'waiting', '40', 'minute', 'just', 'place', 'order', 'another', '30', 'minute', 'food', 'arrived']"
1,"['also', 'best', 'cheese', 'crisp', 'town']"
1,"['good', 'value', 'great', 'food', 'great', 'service']"
1,"['couldn', 'ask', 'satisfying', 'meal']"
1,"['food', 'good']"
1,['awesome']
0,"['just', 'wanted', 'leave']"
1,"['made', 'drive', 'way', 'north', 'scottsdale', 'not', 'one', 'bit', 'disappointed']"
0,"['not', 'eating']"
0,"['owner', 'really', 'really', 'need', 'quit', 'soooooo', 'cheap', 'let', 'wrap', 'freaking', 'sandwich', 'two', 'paper', 'not', 'one']"
0,"['checked', 'place', 'couple', 'year', 'ago', 'not', 'impressed']"
0,"['chicken', 'got', 'definitely', 'reheated', 'ok', 'wedge', 'cold', 'soggy']"
0,"['sorry', 'not', 'getting', 'food', 'anytime', 'soon']"
1,"['absolute', 'must', 'visit']"
1,"['cow', 'tongue', 'cheek', 'taco', 'amazing']"
0,"['friend', 'not', 'like', 'bloody', 'mary']"
0,"['despite', 'how', 'hard', 'rate', 'business', 'actually', 'rare', 'give', '1', 'star']"
1,"['really', 'want', 'make', 'experience', 'good', 'one']"
0,"['not', 'return']"
0,"['chicken', 'pho', 'tasted', 'bland']"
0,['disappointing']
1,"['grilled', 'chicken', 'tender', 'yellow', 'saffron', 'seasoning']"
0,"['drive', 'thru', 'mean', 'not', 'want', 'wait', 'around', 'half', 'hour', 'food', 'but', 'somehow', 'end', 'going', 'make', 'u', 'wait', 'wait']"
1,"['pretty', 'awesome', 'place']"
1,"['ambience', 'perfect']"
0,"['best', 'luck', 'rude', 'non', 'customer', 'service', 'focused', 'new', 'management']"
0,"['grandmother', 'make', 'roasted', 'chicken', 'better', 'one']"
0,"['asked', 'multiple', 'time', 'wine', 'list', 'time', 'ignored', 'went', 'hostess', 'got', 'one']"
1,"['staff', 'always', 'super', 'friendly', 'helpful', 'especially', 'cool', 'bring', 'two', 'small', 'boy', 'baby']"
1,"['four', 'star', 'food', 'guy', 'blue', 'shirt', 'great', 'vibe', 'still', 'letting', 'u', 'eat']"
1,"['roast', 'beef', 'sandwich', 'tasted', 'really', 'good']"
0,"['evening', 'drastically', 'sick']"
1,"['high', 'quality', 'chicken', 'chicken', 'caesar', 'salad']"
0,"['ordered', 'burger', 'rare', 'came', 'done']"
1,"['promptly', 'greeted', 'seated']"
0,"['tried', 'go', 'lunch', 'madhouse']"
1,"['proven', 'dead', 'wrong', 'sushi', 'bar', 'not', 'quality', 'great', 'but', 'service', 'fast', 'food', 'impeccable']"
0,"['waiting', 'hour', 'seated', 'not', 'greatest', 'mood']"
1,"['good', 'joint']"
1,"['macarons', 'insanely', 'good']"
0,"['not', 'eating']"
1,"['waiter', 'attentive', 'friendly', 'informative']"
0,"['maybe', 'weren', 'cold', 'would', 'somewhat', 'edible']"
0,"['place', 'ha', 'lot', 'promise', 'but', 'fails', 'deliver']"
0,"['bad', 'experience']"
0,['mistake']
0,"['food', 'average', 'best']"
1,"['great', 'food']"
0,"['won', 'going', 'back', 'anytime', 'soon']"
0,"['disappointed', 'ordered', '35', 'big', 'bay', 'plater']"
1,"['great', 'place', 'relax', 'awesome', 'burger', 'beer']"
1,"['perfect', 'sit', 'family', 'meal', 'get', 'together', 'friend']"
0,"['not', 'much', 'flavor', 'poorly', 'constructed']"
1,"['patio', 'seating', 'comfortable']"
0,"['fried', 'rice', 'dry', 'well']"
1,"['hand', 'favorite', 'italian', 'restaurant']"
1,"['just', 'scream', 'legit', 'book', 'somethat', 'also', 'pretty', 'rare', 'vega']"
1,"['just', 'not', 'fun', 'experience']"
1,"['atmosphere', 'great', 'lovely', 'duo', 'violinist', 'playing', 'song', 'requested']"
1,"['personally', 'love', 'hummus', 'pita', 'baklava', 'falafel', 'baba', 'ganoush', 'amazing', 'eggplant']"
1,"['convenient', 'since', 'staying', 'mgm']"
1,"['owner', 'super', 'friendly', 'staff', 'courteous']"
1,['great']
1,"['eclectic', 'selection']"
1,"['sweet', 'potato', 'tot', 'good', 'but', 'onion', 'ring', 'perfection', 'close']"
1,"['staff', 'attentive']"
1,"['chef', 'generous', 'time', 'even', 'came', 'around', 'twice', 'take', 'picture']"
1,"['owner', 'used', 'work', 'nobu', 'place', 'really', 'similar', 'half', 'price']"
0,"['google', 'mediocre', 'imagine', 'smashburger', 'pop']"
0,"['dont', 'go']"
1,"['promise', 'won', 'disappoint']"
0,"['sushi', 'lover', 'avoid', 'place', 'mean']"
1,"['great', 'double', 'cheeseburger']"
1,"['awesome', 'service', 'food']"
1,"['fantastic', 'neighborhood', 'gem']"
1,"['wait', 'go', 'back']"
0,"['plantain', 'worst', 'ever', 'tasted']"
1,"['great', 'place', 'highly', 'recommend']"
0,"['service', 'slow', 'not', 'attentive']"
1,"['gave', '5', 'star', 'giving', '5', 'star']"
0,"['staff', 'spends', 'time', 'talking']"
1,"['dessert', 'panna', 'cotta', 'amazing']"
1,"['good', 'food', 'great', 'atmosphere', '1']"
1,"['damn', 'good', 'steak']"
0,"['total', 'brunch', 'fail']"
1,"['price', 'reasonable', 'flavor', 'spot', 'sauce', 'home', 'made', 'slaw', 'not', 'drenched', 'mayo']"
1,"['decor', 'nice', 'piano', 'music', 'soundtrack', 'pleasant']"
1,"['steak', 'amazing', 'rge', 'fillet', 'relleno', 'best', 'seafood', 'plate', 'ever']"
1,"['good', 'food', 'good', 'service']"
1,"['absolutely', 'amazing']"
0,"['probably', 'won', 'back', 'honest']"
1,"['definitely', 'back']"
1,"['sergeant', 'pepper', 'beef', 'sandwich', 'auju', 'sauce', 'excellent', 'sandwich', 'well']"
1,"['hawaiian', 'breeze', 'mango', 'magic', 'pineapple', 'delight', 'smoothy', 'tried', 'far', 'good']"
0,"['went', 'lunch', 'service', 'slow']"
0,"['much', 'say', 'place', 'walked', 'expected', 'amazing', 'but', 'quickly', 'disappointed']"
0,['mortified']
0,"['needless', 'say', 'never', 'back']"
0,"['anyways', 'food', 'definitely', 'not', 'filling', 'price', 'pay', 'should', 'expect']"
0,"['chip', 'came', 'dripping', 'grease', 'mostly', 'not', 'edible']"
0,"['wasn', 'really', 'impressed', 'strip', 'steak']"
1,"['going', 'since', '2007', 'every', 'meal', 'ha', 'awesome']"
1,"['server', 'nice', 'attentive', 'serving', 'staff']"
1,"['cashier', 'friendly', 'even', 'brought', 'food']"
0,"['work', 'hospitality', 'industry', 'paradise', 'valley', 'refrained', 'recommending', 'cibo', 'longer']"
1,"['atmosphere', 'fun']"
0,"['would', 'not', 'recommend', 'others']"
1,"['service', 'quick', 'even', 'go', 'order', 'just', 'like', 'like']"
0,"['mean', 'really', 'how', 'get', 'famous', 'fish', 'chip', 'terrible']"
1,"['said', 'mouth', 'belly', 'still', 'quite', 'pleased']"
0,"['not', 'thing']"
1,"['2', 'thumb']"
0,"['reading', 'please', 'don', 'go']"
1,"['loved', 'grilled', 'pizza', 'reminded', 'legit', 'italian', 'pizza']"
1,"['pro', 'large', 'seating', 'area', 'nice', 'bar', 'area', 'great', 'simple', 'drink', 'menu', 'best', 'brick', 'oven', 'pizza', 'homemade', 'dough']"
1,"['really', 'nice', 'atmosphere']"
0,"['tonight', 'elk', 'filet', 'special', 'sucked']"
1,"['one', 'bite', 'hooked']"
0,"['ordered', 'old', 'classic', 'new', 'dish', 'going', 'time', 'sorely', 'disappointed', 'everything']"
1,"['cute', 'quaint', 'simple', 'honest']"
1,"['chicken', 'deliciously', 'seasoned', 'perfect', 'fry', 'outside', 'moist', 'chicken', 'inside']"
1,"['food', 'great', 'always', 'compliment', 'chef']"
1,"['special', 'thanks', 'dylan', 'recommendation', 'order', 'yummy', 'tummy']"
1,"['awesome', 'selection', 'beer']"
1,"['great', 'food', 'awesome', 'service']"
1,"['one', 'nice', 'thing', 'added', 'gratuity', 'bill', 'since', 'party', 'larger', '6', '8', 'didn', 'expect', 'tip']"
0,"['fly', 'apple', 'juice', 'fly']"
1,"['han', 'nan', 'chicken', 'also', 'tasty']"
1,"['service', 'thought', 'good']"
0,"['food', 'barely', 'lukewarm', 'must', 'sitting', 'waiting', 'server', 'bring', 'u']"
0,"['ryan', 'bar', 'definitely', 'one', 'edinburgh', 'establishment', 'won', 'revisiting']"
1,"['nicest', 'chinese', 'restaurant']"
1,"['overall', 'like', 'food', 'service']"
1,"['also', 'serve', 'indian', 'naan', 'bread', 'hummus', 'spicy', 'pine', 'nut', 'sauce', 'world']"
0,"['probably', 'never', 'coming', 'back', 'wouldn', 'recommend']"
0,"['friend', 'pasta', 'also', 'bad', 'barely', 'touched']"
1,"['try', 'airport', 'experience', 'tasty', 'food', 'speedy', 'friendly', 'service']"
1,"['love', 'decor', 'chinese', 'calligraphy', 'wall', 'paper']"
1,"['never', 'anything', 'complain']"
1,"['restaurant', 'clean', 'ha', 'family', 'restaurant', 'feel']"
0,"['way', 'fried']"
0,"['not', 'sure', 'how', 'long', 'stood', 'but', 'long', 'enough', 'begin', 'feel', 'awkwardly', 'place']"
0,"['opened', 'sandwich', 'impressed', 'but', 'not', 'good', 'way']"
0,"['not', 'back']"
1,"['warm', 'feeling', 'service', 'felt', 'like', 'guest', 'special', 'treat']"
1,"['extensive', 'menu', 'provides', 'lot', 'option', 'breakfast']"
1,"['always', 'order', 'vegetarian', 'menu', 'dinner', 'ha', 'wide', 'array', 'option', 'choose']"
0,"['watched', 'price', 'inflate', 'portion', 'get', 'smaller', 'management', 'attitude', 'grow', 'rapidly']"
1,"['wonderful', 'lil', 'tapa', 'ambience', 'made', 'feel', 'warm', 'fuzzy', 'inside']"
1,"['got', 'enjoy', 'seafood', 'salad', 'fabulous', 'vinegrette']"
1,"['wonton', 'thin', 'not', 'thick', 'chewy', 'almost', 'melt', 'mouth']"
1,"['level', '5', 'spicy', 'perfect', 'spice', 'didn', 'whelm', 'soup']"
1,"['sat', 'right', 'time', 'server', 'get', 'go', 'fantastic']"
0,"['main', 'thing', 'didn', 'enjoy', 'crowd', 'older', 'crowd', 'around', 'mid', '30']"
1,"['side', 'town', 'definitely', 'spot', 'hit']"
0,"['wait', '30', 'minute', 'get', 'drink', 'longer', 'get', '2', 'arepas']"
1,"['great', 'place', 'eat']"
1,"['jalapeno', 'bacon', 'soooo', 'good']"
0,"['service', 'poor', 'thats', 'nice']"
1,"['food', 'good', 'service', 'good', 'price', 'good']"
0,"['place', 'not', 'clean', 'food', 'oh', 'stale']"
0,"['chicken', 'dish', 'ok', 'beef', 'like', 'shoe', 'leather']"
0,"['but', 'service', 'beyond', 'bad']"
1,['happy']
0,"['tasted', 'like', 'dirt']"
1,"['one', 'place', 'phoenix', 'would', 'definately', 'go', 'back']"
1,"['block', 'amazing']"
1,"['close', 'house', 'low', 'key', 'non', 'fancy', 'affordable', 'price', 'good', 'food']"
1,"['hot', 'sour', 'egg', 'flower', 'soup', 'absolutely', '5', 'star']"
0,"['sashimi', 'poor', 'quality', 'soggy', 'tasteless']"
1,"['great', 'time', 'family', 'dinner', 'sunday', 'night']"
0,"['food', 'not', 'tasty', 'not', 'say', 'real', 'traditional', 'hunan', 'style']"
0,"['bother', 'slow', 'service']"
1,"['flair', 'bartender', 'absolutely', 'amazing']"
0,"['frozen', 'margarita', 'way', 'sugary', 'taste']"
1,"['good', 'ordered', 'twice']"
0,"['nutshell', '1', 'restaraunt', 'smell', 'like', 'combination', 'dirty', 'fish', 'market', 'sewer']"
0,"['girlfriend', 'veal', 'bad']"
0,"['unfortunately', 'not', 'good']"
1,"['pretty', 'satifying', 'experience']"
1,"['join', 'club', 'get', 'awesome', 'offer', 'via', 'email']"
1,"['perfect', 'someone', 'like', 'beer', 'ice', 'cold', 'case', 'even', 'colder']"
0,"['bland', 'flavorless', 'good', 'way', 'describing', 'barely', 'tepid', 'meat']"
0,"['chain', 'no', 'fan', 'beat', 'place', 'easily']"
1,"['nacho', 'must']"
0,"['not', 'coming', 'back']"
1,"['don', 'many', 'word', 'say', 'place', 'but', 'doe', 'everything', 'pretty', 'well']"
1,"['staff', 'super', 'nice', 'quick', 'even', 'crazy', 'crowd', 'downtown', 'jury', 'lawyer', 'court', 'staff']"
1,"['great', 'atmosphere', 'friendly', 'fast', 'service']"
1,"['received', 'pita', 'huge', 'lot', 'meat', 'thumb']"
0,"['food', 'arrives', 'meh']"
0,"['paying', '7', '85', 'hot', 'dog', 'fry', 'look', 'like', 'came', 'kid', 'meal', 'wienerschnitzel', 'not', 'idea', 'good', 'meal']"
1,"['classic', 'maine', 'lobster', 'roll', 'fantastic']"
0,"['brother', 'law', 'work', 'mall', 'ate', 'day', 'guess', 'sick', 'night']"
1,"['good', 'going', 'review', 'place', 'twice', 'hereas', 'tribute', 'place', 'tribute', 'event', 'held', 'last', 'night']"
1,"['chip', 'salsa', 'really', 'good', 'salsa', 'fresh']"
1,"['place', 'great']"
0,"['mediocre', 'food']"
1,"['get', 'inside', 'impressed', 'place']"
0,"['super', 'pissd']"
1,"['service', 'super', 'friendly']"
0,"['why', 'sad', 'little', 'vegetable', 'overcooked']"
1,"['place', 'nice', 'surprise']"
1,"['golden', 'crispy', 'delicious']"
0,"['high', 'hope', 'place', 'since', 'burger', 'cooked', 'charcoal', 'grill', 'but', 'unfortunately', 'taste', 'fell', 'flat', 'way', 'flat']"
1,"['could', 'eat', 'bruschetta', 'day', 'devine']"
0,"['not', 'single', 'employee', 'came', 'see', 'ok', 'even', 'needed', 'water', 'refill', 'finally', 'served', 'u', 'food']"
1,"['lastly', 'mozzarella', 'stick', 'best', 'thing', 'ordered']"
1,"['first', 'time', 'ever', 'came', 'amazing', 'experience', 'still', 'tell', 'people', 'how', 'awesome', 'duck']"
0,"['server', 'negligent', 'need', 'made', 'u', 'feel', 'unwelcome', 'would', 'not', 'suggest', 'place']"
0,"['service', 'terrible', 'though']"
0,"['place', 'overpriced', 'not', 'consistent', 'boba', 'really', 'overpriced']"
0,['packed']
1,"['love', 'place']"
1,"['say', 'dessert', 'yummy']"
0,"['food', 'terrible']"
1,"['seasonal', 'fruit', 'fresh', 'white', 'peach', 'puree']"
0,"['kept', 'getting', 'worse', 'worse', 'officially', 'done']"
0,"['place', 'should', 'honestly', 'blown']"
0,"['but', 'definitely', 'would', 'not', 'eat']"
0,"['not', 'waste', 'money']"
1,"['love', 'put', 'food', 'nice', 'plastic', 'container', 'opposed', 'cramming', 'little', 'paper', 'takeout', 'box']"
1,"['crepe', 'delicate', 'thin', 'moist']"
0,"['awful', 'service']"
0,"['won', 'ever', 'go']"
0,"['food', 'quality', 'ha', 'horrible']"
0,"['price', 'think', 'place', 'would', 'much', 'rather', 'gone']"
0,"['service', 'fair', 'best']"
0,"['love', 'sushi', 'but', 'found', 'kabuki', 'priced', 'hip', 'service']"
0,"['favor', 'stay', 'away', 'dish']"
0,"['poor', 'service']"
0,"['no', 'one', 'table', 'thought', 'food', 'average', 'worth', 'wait']"
1,"['best', 'service', 'food', 'ever', 'maria', 'server', 'good', 'friendly', 'made', 'day']"
1,['excellent']
0,"['paid', 'bill', 'but', 'not', 'tip', 'felt', 'server', 'terrible', 'job']"
1,"['just', 'lunch', 'great', 'experience']"
0,"['never', 'bland', 'food', 'surprised', 'considering', 'article', 'read', 'focused', 'much', 'spice', 'flavor']"
0,"['food', 'way', 'overpriced', 'portion', 'fucking', 'small']"
1,"['recently', 'tried', 'caballero', 'back', 'every', 'week', 'since']"
0,"['40', 'buck', 'head', 'really', 'expect', 'better', 'food']"
1,"['food', 'came', 'good', 'pace']"
1,"['ate', 'twice', 'last', 'visit', 'especially', 'enjoyed', 'salmon', 'salad']"
0,"['won', 'back']"
0,"['could', 'not', 'believe', 'how', 'dirty', 'oyster']"
0,"['place', 'deserves', 'no', 'star']"
0,"['would', 'not', 'recommend', 'place']"
1,"['fact', 'going', 'round', '4', 'star', 'just', 'awesome']"
0,"['disbelief', 'dish', 'qualified', 'worst', 'version', 'food', 'ever', 'tasted']"
0,"['bad', 'day', 'not', 'low', 'tolerance', 'rude', 'customer', 'service', 'people', 'job', 'nice', 'polite', 'wash', 'dish', 'otherwise']"
1,"['potato', 'great', 'biscuit']"
0,"['probably', 'would', 'not', 'go']"
1,"['flavorful', 'ha', 'just', 'perfect', 'amount', 'heat']"
1,"['price', 'reasonable', 'service', 'great']"
0,"['wife', 'hated', 'meal', 'coconut', 'shrimp', 'friend', 'really', 'not', 'enjoy', 'meal', 'either']"
0,"['fella', 'got', 'huevos', 'rancheros', 'didn', 'look', 'appealing']"
1,"['went', 'happy', 'hour', 'great', 'list', 'wine']"
1,"['may', 'say', 'buffet', 'pricey', 'but', 'think', 'get', 'pay', 'place', 'getting', 'quite', 'lot']"
0,"['probably', 'won', 'coming', 'back']"
0,"['worst', 'food', 'service']"
1,"['place', 'pretty', 'good', 'nice', 'little', 'vibe', 'restaurant']"
1,"['talk', 'great', 'customer', 'service', 'course', 'back']"
0,"['hot', 'dish', 'not', 'hot', 'cold', 'dish', 'close', 'room', 'temp', 'watched', 'staff', 'prepare', 'food', 'bare', 'hand', 'no', 'glove', 'everything', 'deep', 'fried', 'oil']"
1,"['love', 'fry', 'bean']"
1,"['always', 'pleasure', 'dealing']"
1,"['plethora', 'salad', 'sandwich', 'everything', 'tried', 'get', 'seal', 'approval']"
1,"['place', 'awesome', 'want', 'something', 'light', 'healthy', 'summer']"
1,"['sushi', 'strip', 'place', 'go']"
1,"['service', 'great', 'even', 'manager', 'came', 'helped', 'table']"
0,"['feel', 'dining', 'room', 'college', 'cooking', 'course', 'high', 'class', 'dining', 'service', 'slow', 'best']"
0,"['started', 'review', 'two', 'star', 'but', 'editing', 'give', 'one']"
0,"['worst', 'sushi', 'ever', 'eat', 'besides', 'costco']"
1,"['excellent', 'restaurant', 'highlighted', 'great', 'service', 'unique', 'menu', 'beautiful', 'setting']"
1,"['boyfriend', 'sat', 'bar', 'completely', 'delightful', 'experience']"
0,"['weird', 'vibe', 'owner']"
0,"['hardly', 'meat']"
0,"['better', 'bagel', 'grocery', 'store']"
1,"['go', 'place', 'gyro']"
1,"['love', 'owner', 'chef', 'one', 'authentic', 'japanese', 'cool', 'dude']"
0,"['burger', 'good', 'pizza', 'used', 'amazing', 'doughy', 'flavorless']"
0,"['found', 'six', 'inch', 'long', 'piece', 'wire', 'salsa']"
0,"['service', 'terrible', 'food', 'mediocre']"
1,"['definately', 'enjoyed']"
0,"['ordered', 'albondigas', 'soup', 'just', 'warm', 'tasted', 'like', 'tomato', 'soup', 'frozen', 'meatball']"
0,"['three', 'different', 'occasion', 'asked', 'well', 'done', 'medium', 'well', 'three', 'time', 'got', 'bloodiest', 'piece', 'meat', 'plate']"
0,"['two', 'bite', 'refused', 'eat', 'anymore']"
0,"['service', 'extremely', 'slow']"
0,"['20', 'minute', 'wait', 'got', 'table']"
1,"['seriously', 'killer', 'hot', 'chai', 'latte']"
0,"['no', 'allergy', 'warning', 'menu', 'waitress', 'absolutely', 'no', 'clue', 'meal', 'not', 'contain', 'peanut']"
1,"['boyfriend', 'tried', 'mediterranean', 'chicken', 'salad', 'fell', 'love']"
1,"['rotating', 'beer', 'tap', 'also', 'highlight', 'place']"
0,"['pricing', 'bit', 'concern', 'mellow', 'mushroom']"
0,"['worst', 'thai', 'ever']"
1,"['stay', 'vega', 'must', 'get', 'breakfast', 'least']"
1,"['want', 'first', 'say', 'server', 'great', 'perfect', 'service']"
1,"['pizza', 'selection', 'good']"
1,"['strawberry', 'tea', 'good']"
0,"['highly', 'unprofessional', 'rude', 'loyal', 'patron']"
1,"['overall', 'great', 'experience']"
0,"['spend', 'money', 'elsewhere']"
1,"['regular', 'toasted', 'bread', 'equally', 'satisfying', 'occasional', 'pat', 'butter', 'mmmm']"
0,"['buffet', 'bellagio', 'far', 'anticipated']"
0,"['drink', 'weak', 'people']"
0,"['order', 'not', 'correct']"
0,"['also', 'feel', 'like', 'chip', 'bought', 'not', 'made', 'house']"
0,"['disappointing', 'dinner', 'went', 'elsewhere', 'dessert']"
1,"['chip', 'sals', 'amazing']"
0,"['won', 'returning']"
1,"['new', 'fav', 'vega', 'buffet', 'spot']"
0,"['seriously', 'not', 'believe', 'owner', 'ha', 'many', 'unexperienced', 'employee', 'running', 'around', 'like', 'chicken', 'head', 'cut']"
0,['sad']
0,"['felt', 'insulted', 'disrespected', 'how', 'could', 'talk', 'judge', 'another', 'human', 'like']"
0,"['how', 'call', 'steakhouse', 'properly', 'cook', 'steak', 'don', 'understand']"
0,"['not', 'impressed', 'concept', 'food']"
0,"['thing', 'wasn', 'crazy', 'guacamole', 'don', 'like', 'pureed']"
0,"['really', 'nothing', 'postinos', 'hope', 'experience', 'better']"
0,"['got', 'food', 'poisoning', 'buffet']"
0,"['brought', 'fresh', 'batch', 'fry', 'thinking', 'yay', 'something', 'warm', 'but', 'no']"
0,"['should', 'hilarious', 'yummy', 'christmas', 'eve', 'dinner', 'remember', 'biggest', 'fail', 'entire', 'trip', 'u']"
0,"['needless', 'say', 'won', 'going', 'back', 'anytime', 'soon']"
0,"['place', 'disgusting']"
1,"['every', 'time', 'eat', 'see', 'caring', 'teamwork', 'professional', 'degree']"
0,"['ri', 'style', 'calamari', 'joke']"
0,"['however', 'much', 'garlic', 'fondue', 'barely', 'edible']"
0,"['could', 'barely', 'stomach', 'meal', 'but', 'didn', 'complain', 'business', 'lunch']"
0,"['bad', 'lost', 'heart', 'finish']"
0,"['also', 'took', 'forever', 'bring', 'u', 'check', 'asked']"
0,"['one', 'make', 'scene', 'restaurant', 'but', 'just', 'don', 'get', 'definitely', 'lost', 'love', 'one']"
0,"['disappointing', 'experience']"
0,"['food', 'par', 'denny', 'say', 'not', 'good']"
0,"['want', 'wait', 'mediocre', 'food', 'downright', 'terrible', 'service', 'place']"
0,"['waaaaaayyyyyyyyyy', 'rated', 'saying']"
0,"['won', 'going', 'back']"
0,"['place', 'fairly', 'clean', 'but', 'food', 'simply', 'wasn', 'worth']"
0,"['place', 'lacked', 'style']"
0,"['sangria', 'half', 'glass', 'wine', 'full', '12', 'ridiculous']"
0,"['don', 'bother', 'coming']"
0,"['meat', 'pretty', 'dry', 'sliced', 'brisket', 'pulled', 'pork']"
0,"['building', 'seems', 'pretty', 'neat', 'bathroom', 'pretty', 'trippy', 'but', 'wouldn', 'eat']"
0,"['equally', 'awful']"
0,"['probably', 'not', 'hurry', 'go', 'back']"
0,"['slow', 'seating', 'even', 'reservation']"
0,"['not', 'good', 'stretch', 'imagination']"
0,"['cashew', 'cream', 'sauce', 'bland', 'vegetable', 'undercooked']"
0,"['chipolte', 'ranch', 'dipping', 'sause', 'tasteless', 'seemed', 'thin', 'watered', 'no', 'heat']"
0,"['bit', 'sweet', 'not', 'really', 'spicy', 'enough', 'lacked', 'flavor']"
0,['disappointed']
0,"['place', 'horrible', 'way', 'overpriced']"
0,"['maybe', 'just', 'vegetarian', 'fare', 'but', 'twice', 'thought', 'average', 'best']"
0,"['wasn', 'busy', 'know', 'why']"
0,"['table', 'outside', 'also', 'dirty', 'lot', 'time', 'worker', 'not', 'always', 'friendly', 'helpful', 'menu']"
0,"['ambiance', 'not', 'feel', 'like', 'buffet', 'setting', 'but', 'douchey', 'indoor', 'garden', 'tea', 'biscuit']"
0,"['con', 'spotty', 'service']"
0,"['fry', 'not', 'hot', 'neither', 'burger']"
0,"['but', 'came', 'back', 'cold']"
0,"['food', 'came', 'disappointment', 'ensued']"
0,"['real', 'disappointment', 'waiter']"
0,"['husband', 'said', 'rude', 'not', 'even', 'apologize', 'bad', 'food', 'anything']"
0,"['reason', 'eat', 'would', 'fill', 'night', 'binge', 'drinking', 'just', 'get', 'carbs', 'stomach']"
0,"['insult', 'profound', 'deuchebaggery', 'go', 'outside', 'smoke', 'break', 'serving', 'just', 'solidify']"
0,"['someone', 'order', 'two', 'taco', 'don', 'think', 'may', 'part', 'customer', 'service', 'ask', 'combo', 'ala', 'cart']"
0,"['quite', 'disappointed', 'although', 'blame', 'need', 'placed', 'door']"
0,"['rave', 'review', 'couldn', 'wait', 'eat', 'disappointment']"
0,"['del', 'taco', 'pretty', 'nasty', 'should', 'avoided', 'possible']"
0,"['not', 'hard', 'make', 'decent', 'hamburger']"
0,"['but', 'don', 'like']"
0,"['hell', 'no', 'go', 'back']"
0,"['gotten', 'much', 'better', 'service', 'pizza', 'place', 'next', 'door', 'service', 'received', 'restaurant']"
0,"['don', 'know', 'big', 'deal', 'place', 'but', 'won', 'back', 'ya']"
0,"['immediately', 'said', 'wanted', 'talk', 'manager', 'but', 'not', 'want', 'talk', 'guy', 'shot', 'fireball', 'behind', 'bar']"
0,"['ambiance', 'isn', 'much', 'better']"
0,"['unfortunately', 'set', 'u', 'disapppointment', 'entree']"
0,"['food', 'wasn', 'good']"
0,"['server', 'suck', 'wait', 'correction', 'server', 'heimer', 'sucked']"
0,"['happened', 'next', 'pretty', 'putting']"
0,"['bad', 'cause', 'know', 'family', 'owned', 'really', 'wanted', 'like', 'place']"
0,"['overpriced', 'getting']"
0,"['vomited', 'bathroom', 'mid', 'lunch']"
0,"['kept', 'looking', 'time', 'soon', 'become', '35', 'minute', 'yet', 'still', 'no', 'food']"
0,"['place', 'eat', 'no', 'circumstance', 'would', 'ever', 'return', 'top', 'list']"
0,"['started', 'tuna', 'sashimi', 'brownish', 'color', 'obviously', 'wasn', 'fresh']"
0,"['food', 'average']"
0,"['sure', 'doe', 'beat', 'nacho', 'movie', 'but', 'would', 'expect', 'little', 'bit', 'coming', 'restaurant']"
0,"['ha', 'long', 'bay', 'bit', 'flop']"
0,"['problem', 'charge', '11', '99', 'sandwich', 'no', 'bigger', 'subway', 'sub', 'offer', 'better', 'amount', 'vegetable']"
0,"['shrimp', 'unwrapped', 'live', '1', '2', 'mile', 'brushfire', 'literally', 'ice', 'cold']"
0,"['lacked', 'flavor', 'seemed', 'undercooked', 'dry']"
0,"['really', 'impressive', 'place', 'hasn', 'closed']"
0,"['would', 'avoid', 'place', 'staying', 'mirage']"
0,"['refried', 'bean', 'came', 'meal', 'dried', 'crusty', 'food', 'bland']"
0,"['spend', 'money', 'time', 'place', 'else']"
0,"['lady', 'table', 'next', 'u', 'found', 'live', 'green', 'caterpillar', 'salad']"
0,"['presentation', 'food', 'awful']"
0,"['tell', 'how', 'disappointed']"
0,"['think', 'food', 'should', 'flavor', 'texture', 'lacking']"
0,"['appetite', 'instantly', 'gone']"
0,"['overall', 'not', 'impressed', 'would', 'not', 'go', 'back']"
0,"['whole', 'experience', 'underwhelming', 'think', 'just', 'go', 'ninja', 'sushi', 'next', 'time']"
0,"['hadn', 'wasted', 'enough', 'life', 'poured', 'salt', 'wound', 'drawing', 'time', 'took', 'bring', 'check']"
0,"['no', 'way', 'plug', 'u', 'unless', 'go', 'converter']"
1,"['good', 'case', 'excellent', 'value']"
1,"['great', 'jawbone']"
0,"['tied', 'charger', 'conversation', 'lasting', '45', 'minute', 'major', 'problem']"
1,"['mic', 'great']"
0,"['jiggle', 'plug', 'get', 'line', 'right', 'get', 'decent', 'volume']"
0,"['several', 'dozen', 'several', 'hundred', 'contact', 'imagine', 'fun', 'sending', 'one', 'one']"
1,"['razr', 'owner', 'must']"
0,"['needless', 'say', 'wasted', 'money']"
0,"['waste', 'money', 'time']"
1,"['sound', 'quality', 'great']"
1,"['impressed', 'going', 'original', 'battery', 'extended', 'battery']"
0,"['two', 'seperated', 'mere', '5', 'ft', 'started', 'notice', 'excessive', 'static', 'garbled', 'sound', 'headset']"
1,"['good', 'quality', 'though']"
0,"['design', 'odd', 'ear', 'clip', 'not', 'comfortable']"
1,"['highly', 'recommend', 'one', 'ha', 'blue', 'tooth', 'phone']"
0,"['advise', 'everyone', 'not', 'fooled']"
1,"['far', 'good']"
1,"['work', 'great']"
0,"['click', 'place', 'way', 'make', 'wonder', 'how', 'long', 'mechanism', 'would', 'last']"
0,"['went', 'motorola', 'website', 'followed', 'direction', 'but', 'could', 'not', 'get', 'pair']"
1,"['bought', 'use', 'kindle', 'fire', 'absolutely', 'loved']"
0,"['commercial', 'misleading']"
1,"['yet', 'run', 'new', 'battery', 'two', 'bar', 'three', 'day', 'without', 'charging']"
0,"['bought', 'mother', 'problem', 'battery']"
1,"['great', 'pocket', 'pc', 'phone', 'combination']"
1,"['owned', 'phone', '7', 'month', 'say', 'best', 'mobile', 'phone']"
0,"['didn', 'think', 'instruction', 'provided', 'helpful']"
0,"['people', 'couldnt', 'hear', 'talk', 'pull', 'earphone', 'talk', 'phone']"
0,"['doesn', 'hold', 'charge']"
0,"['simple', 'little', 'phone', 'use', 'but', 'breakage', 'unacceptible']"
1,"['product', 'ideal', 'people', 'like', 'whose', 'ear', 'sensitive']"
0,"['unusable', 'moving', 'car', 'freeway', 'speed']"
0,"['two', 'year', 'left', 'contract', 'hate', 'phone']"
1,"['car', 'charger', 'well', 'ac', 'charger', 'included', 'make', 'sure', 'never', 'run', 'juice', 'highy', 'recommended']"
0,"['need', 'least', '3', 'min', 'get', 'phone', 'book', 'time', 'first', 'turn', 'phone', 'battery', 'life', 'short']"
1,"['ha', 'kept', 'well']"
0,"['poor', 'talk', 'time', 'performance']"
1,"['case', 'great', 'work', 'fine', '680']"
0,"['worthless', 'product']"
1,"['ha', 'great', 'camera', 'thats', '2mp', 'pic', 'nice', 'clear', 'great', 'picture', 'quality']"
0,"['not', 'impressed', 'product']"
1,"['nice', 'headset', 'priced', 'right']"
0,"['hear', 'garbage', 'audio']"
1,"['excellent', 'bluetooth', 'headset']"
1,"['ha', 'feature', 'want']"
0,"['right', 'mind', 'gon', 'na', 'buy', 'battery']"
0,"['arguing', 'verizon', 'regarding', 'dropped', 'call', 'returned', 'phone', 'two', 'day']"
1,"['case', 'seems', 'well', 'made']"
0,"['disappointed', 'battery']"
0,"['not', 'loud', 'enough', 'doesn', 'turn', 'like', 'should']"
1,"['good', 'protection', 'doe', 'not', 'make', 'phone', 'bulky']"
1,"['usable', 'keyboard', 'actually', 'turn', 'pda', 'real', 'world', 'useful', 'machine', 'instead', 'just', 'neat', 'gadget']"
1,"['phone', 'pretty', 'sturdy', 'never', 'large', 'problem']"
1,"['love', 'thing']"
1,"['everything', 'fine', 'reasonable', 'price', 'e']"
0,['disappointed']
1,"['even', 'dropped', 'phone', 'stream', 'submerged', '15', 'second', 'still', 'work', 'great']"
1,"['happy', '510', 'no', 'complaint', 'one', 'regarding', 'sound', 'quality', 'end']"
0,"['button', 'bad']"
0,"['essentially', 'forget', 'microsoft', 'tech', 'support']"
1,"['really', 'recommend', 'faceplate', 'since', 'look', 'nice', 'elegant', 'cool']"
1,"['headphone', 'great', 'find', 'think', 'perhaps', 'best', 'purchase', 'made', 'last', 'several', 'year', 'seriously']"
0,"['buy', 'different', 'phone', 'but', 'not']"
0,"['hold', 'phone', 'particular', 'angle', 'party', 'hear', 'clearly']"
0,"['one', 'big', 'drawback', 'mp3', 'player', 'button', 'phone', 'front', 'cover', 'let', 'pause', 'skip', 'song', 'lock', 'second']"
0,"['week', 'later', 'activated', 'suddenly', 'died']"
1,"['feel', 'comfortable', 'headset', 'wear', 'glass', 'get', 'way', 'sometimes']"
1,"['great', 'ipod']"
1,"['device', 'great', 'several', 'situation', '1']"
0,"['mic', 'doesn', 'work']"
0,"['even', 'bmw', '3', 'series', 'fairly', 'quiet', 'trouble', 'hearing', 'person', 'saying']"
1,"['great', 'choice']"
1,"['nice', 'docking', 'station', 'home', 'work']"
1,"['beautiful', 'phone']"
1,"['love', 'product']"
0,"['not', 'buy', 'd807', 'wrongly', 'advertised', 'd807']"
1,"['great', 'little', 'item']"
1,"['love', 'phone', 'handy', 'ha', 'lot', 'feature']"
0,"['purchased', 'within', '2', 'day', 'no', 'longer', 'working']"
1,"['wear', 'everyday', 'hold', 'well']"
0,"['not', 'good', 'bargain']"
1,"['well', 'packaged', 'arrived', 'time', 'work', 'intended']"
0,"['battery', 'run', 'quickly']"
0,"['item', 'worked', 'great', 'but', 'broke', '6', 'month', 'use']"
1,"['headset', 'easy', 'use', 'everyone', 'love']"
1,"['phone', 'work', 'great']"
0,"['construction', 'headset', 'poor']"
1,"['product', 'excellent', 'work', 'better', 'verizon', 'one', 'boy', 'cheaper']"
1,"['phone', 'load', 'super']"
0,"['product', 'cost', 'much', 'one', 'doe', 'expect', 'work', 'far', 'better', 'greater', 'ease', 'thing', 'doe']"
1,"['made', 'sturdy']"
1,"['worked', 'great']"
0,"['ear', 'bud', 'play', 'music', 'one', 'ear']"
0,"['dont', 'waste', 'money']"
1,['order']
0,"['plan', 'use', 'car', 'forget']"
0,"['found', 'product', 'waaay', 'big']"
1,"['best', 'found', 'far', 'tried', '2', 'bluetooths', 'one', 'ha', 'best', 'quality', 'listener', 'well', 'ease', 'using']"
0,"['disappointed', 'decision']"
1,"['integrated', 'seamlessly', 'motorola', 'razr', 'phone']"
0,"['buyer', 'beware', 'could', 'flush', 'money', 'right', 'toilet']"
1,"['definitely', 'bargain']"
1,"['price', 'good', 'free', 'shipping', 'good', 'purchase']"
0,"['received', 'supposedly', 'new', 'motorola', '375', 'apparently', 'not', 'match', 'phone', 'charger']"
1,"['pro', 'good', 'camera', 'nice', 'picture', 'also', 'ha', 'cool', 'style', 'like', 'black', 'white']"
0,"['huge', 'design', 'flaw', 'unless', 'not', 'using', 'correctly', 'don', 'think', 'case']"
1,"['love', '350', 'headset', 'jabra350', 'bluetooth', 'headset', 'great', 'reception', 'good', 'ear', 'piece', 'comfortable', 'fit']"
0,"['camera', 'although', 'rated', 'impressive', '1', '3', 'megapixels', 'render', 'image', 'fall', 'well', 'expectation', 'relatively', 'high', 'resolution']"
0,"['purcashed', 'car', 'charger', 'doe', 'not', 'work']"
1,"['sound', 'quality', 'end', 'excellent', 'use', 'headset', 'call', 'wife', 'ask', 'wife', 'use', 'headset', 'call', '2']"
1,"['phone', 'slim', 'light', 'display', 'beautiful']"
1,"['little', 'geeky', 'but', 'think', 'thats', 'sex', 'toast', 'rock', 'ooze', 'sex', 'right', 'battery', 'embedded', 'sleek', 'stylish', 'leather', 'case']"
1,"['great', 'product', 'fast', 'shipping']"
1,"['absolutely', 'great']"
1,"['keyboard', 'nice', 'compromise', 'full', 'qwerty', 'basic', 'cell', 'phone', 'number', 'keypad']"
0,"['got', 'phone', 'around', 'end', 'may', 'completely', 'unhappy']"
1,"['comfortable', 'ear']"
1,"['ha', 'winner', 'u']"
1,"['setup', 'couldn', 'simpler']"
1,"['tried', 'several', 'different', 'earpiece', 'cell', 'phone', 'jabra', 'one', 'first', 'one', 'found', 'fit', 'ear', 'comfortably']"
0,"['could', 'not', 'get', 'strong', 'enough', 'signal']"
1,"['iam', 'pleased', 'purchase']"
0,"['bad', 'quality']"
1,"['get', 'job', 'done']"
1,"['great', 'audio']"
0,"['basically', 'service', 'bad']"
0,"['not', 'work', 'cell', 'phone', 'plug', 'set', 'charger']"
1,"['bluetooth', 'week', 'but', 'really', 'like']"
0,"['bt', 'headset', 'disapoinment']"
1,"['small', 'don', 'even', 'realize', 'getting', 'used']"
1,"['accompanied', 'software', 'almost', 'brilliant']"
1,"['headset', 'work', 'great', 'packaged', 'nicely', 'avoid', 'damage']"
1,"['definitly', 'recommend']"
0,"['buyer', 'careful']"
0,"['majority', 'logitech', 'earbud', 'headset', 'failed']"
1,"['good', 'stuff', 'price']"
1,"['headset', 'work', 'just', 'peachy', 'keen']"
0,"['house', 'getting', 'dropped', 'coverage', 'upstairs', 'no', 'coverage', 'basement']"
1,"['voice', 'recognition', 'tremendous']"
0,['waste']
0,"['several', 'different', '2', 'minute', 'call', 'experienced', '5', 'drop', 'area', '5', 'bar']"
0,"['not', 'happy', 'item']"
0,['disappointed']
0,"['phone', 'take', 'forever', 'charge', 'like', '2', '5', 'hour', 'literally']"
1,"['got', 'phone', 'reccomendation', 'relative', 'glad']"
0,"['waste', 'time']"
0,"['reception', 'poor']"
0,"['item', 'stated', 'included', 'description', 'not', 'included']"
0,"['3', 'month', 'screen', 'just', 'went', 'black', 'sudden']"
0,['hoping']
0,"['audio', 'quality', 'poor', 'poor']"
1,"['absolutely', 'no', 'problem', 'headset', 'linking', '8530', 'blackberry', 'curve']"
1,"['know', 'sound', 'funny', 'but', 'seemed', 'like', 'sketchy', 'technology', 'wouldn', 'work', 'well', 'well', 'one', 'work', 'great']"
0,"['bought', '5', 'wired', 'headphone', 'sound', 'better']"
1,"['phone', 'fast', 'sending', 'kind', 'message', 'web', 'browsing', 'significantly', 'faster', 'previous', 'phone', 'used']"
1,"['nice', 'quality', 'build', 'unlike', 'cheap']"
1,"['item', 'fantastic', 'work', 'perfectly']"
1,"['just', 'love', 'color']"
1,"['w810i', 'just', 'superb']"
0,"['whine', 'internet', 'go', 'use', 'thing', 'less', 'like']"
1,"['great', 'charger']"
0,"['essentially', 'communication', 'tool', 'doe', 'not', 'communicate']"
1,"['work', 'like', 'charm', 'work', 'one', 'got', 'phone']"
0,"['still', 'maintain', 'monkey', 'shouldn', 'make', 'headphone', 'just', 'obviously', 'don', 'share', 'enough', 'dna', 'copy', 'design', 'human']"
1,"['great', 'value']"
0,"['doesn', 'work', 'bougth', 'l7c', 'not', 'working']"
1,"['look', 'sharp', 'screen', 'nice', 'clear', 'great', 'graphic']"
0,"['doesn', 'last', 'long']"
0,"['one', 'thing', 'hate', 'mode', 'set', 'button', 'side']"
1,"['excellent', 'service']"
0,"['thank', 'wasting', 'money']"
0,"['how', 'audio', 'quality', 'poor']"
1,"['igo', 'charger', 'tip', 'really', 'great']"
1,"['file', 'browser', 'offer', 'option', 'one', 'need', 'handsfree', 'great']"
1,"['superb', 'phone', 'great', 'network']"
1,"['connected', 'wife', 'bluetooth', 'motorola', 'hs850', 'phone', 'worked', 'like', 'charm', 'whether', 'phone', 'pocket', 'case']"
0,"['put', 'latest', 'v1', '15g', 'like', 'slow', 'crawl', 'lock', 'every']"
0,"['recognizes', 'phone', 'storage', 'device']"
0,"['like', 'loud', 'buzzing', 'override', 'conversation', 'phone']"
0,"['don', 'buy', 'product']"
0,"['bluetoooth', 'headset', 'time', 'still', 'not', 'comfortable', 'way', 'fit', 'ear']"
1,"['sound', 'quality', 'good', 'functionality', 'awesome']"
0,"['phone', 'thorn', 'side', 'really', 'abhor']"
0,"['recently', 'problem', 'could', 'not', 'stay', 'connected', '10', 'minute', 'disconnected']"
1,['incredible']
0,"['design', 'flaw']"
1,"['great', 'phone']"
0,"['waste', '13', 'buck']"
0,"['but', 'check', 'voice', 'mail', 'night', 'keypad', 'backlight', 'turn', 'second', 'first', 'message', 'lost']"
0,"['replacement', 'died', 'week']"
1,"['ring', 'tone', 'overall', 'good', 'phone', 'buy']"
1,"['lately', 'extremely', 'nice', 'helpful', 'phone']"
0,"['problem', 'wit', 'hit', 'dropping', 'signal']"
0,"['not', 'impressed']"
1,"['light', 'weight', 'hardly', 'notice']"
1,"['love', 'how', 'thin']"
0,"['bad', 'choice']"
0,"['pleather', 'case', 'doesn', 'fit']"
0,"['useless', 'phone', 'simply', 'deaf']"
1,"['color', 'even', 'prettier', 'thought', 'would', 'graphic', 'incredibly', 'sharp']"
1,"['think', 'good', 'investment']"
0,"['make', 'strange', 'ticking', 'noise', 'end', 'call']"
1,"['best', 'electronics', 'available', 'fm', 'transmitter']"
0,"['battery', 'last', 'hour']"
1,"['great', 'headset', 'impressed', 'h500']"
1,"['1', '2', 'mega', 'pixel', 'camera', 'part', 'phone', 'reasonably', 'good7']"
1,"['nearly', '2', 'year', 'ha', 'worked', 'great']"
1,"['good', 'transmit', 'audio']"
0,"['sending', 'back']"
0,"['not', 'bother', 'contacting', 'company', 'dollar', 'product', 'but', 'learned', 'lesson', 'should', 'not', 'bought', 'form', 'online', 'anyway']"
0,"['hate', 'earbugs', 'avoid', 'phone', 'mean']"
1,"['great', 'price', 'also']"
1,"['range', 'decent', 'able', 'roam', 'around', 'house', 'phone', 'living', 'room', 'no', 'reception', 'sound', 'quality', 'issue']"
1,"['fast', 'service']"
1,"['would', 'highly', 'recommend']"
1,"['would', 'recommend']"
0,"['also', 'didn', 'like', 'button', 'felt', 'like', 'would', 'crack', 'use']"
0,"['worst', 'phone', 'ever']"
1,"['still', 'infatuated', 'phone']"
0,"['freeze', 'frequently4']"
0,"['kind', 'embarrassing', 'use', 'how', 'look', 'mostly', 'embarrassing', 'how', 'child', 'like', 'company']"
1,"['simple', 'lightweight', 'great', 'fit']"
0,"['expected', 'better', 'consumer', 'experience', 'motorola']"
0,"['horrible', 'tick', 'sound', 'background', 'call', 'never', 'experienced']"
1,"['certainly', 'comfortable', 'functionality', 'decent']"
1,"['usually', 'don', 'like', 'headband', 'but', 'one', 'lightweight', 'doesn', 'mess', 'hair']"
0,"['bit', 'disappointed']"
0,"['phone', 'year', 'tell', 'not', 'great']"
0,"['ordered', 'sony', 'ericsson', 'w810i', 'but', 'think', 'worked', 'thats', 'first', 'used']"
0,"['battery', 'completely', 'useless']"
0,"['big', 'waste', 'time']"
0,"['don', 'waste', 'one']"
1,"['great', 'sound', 'service']"
1,"['really', 'pleased', 'product', 'far']"
1,"['one', 'favorite', 'purchase', 'ever']"
1,"['best', 'bluetooth', 'market']"
1,"['authentic', 'leather', 'nice', 'shine', 'comfort', 'recommend', 'case']"
1,"['excited', 'get', 'headset', 'thought', 'really', 'cute']"
0,"['not', 'make', 'mistake']"
0,"['big', 'disappointment', 'calendar', 'sync']"
0,"['phone', 'unusable', 'not', 'new']"
0,"['worst', 'customer', 'service', 'ever']"
0,"['no', 'additional', 'ear', 'gel', 'provided', 'no', 'instruction', 'whatsoever']"
0,"['defeat', 'purpose', 'bluetooth', 'headset']"
1,"['worth', 'every', 'penny']"
1,"['excellent', 'wallet', 'type', 'phone', 'case']"
1,"['nice', 'headphone', 'price', 'work', 'great']"
0,"['internet', 'excrutiatingly', 'slow']"
1,"['comfortable', 'wear', 'well', 'probably', 'important', 'aspect', 'using', 'case']"
1,"['fit', 'like', 'glove', 'strong', 'secure', 'durable']"
1,"['gosh', 'best', 'phone', 'ever']"
1,"['attractive', 'appears', 'good', 'quality']"
1,"['love', 'feature', 'form', 'factor']"
0,"['product', 'strong', 'rubber', 'petroleum', 'smell', 'unbearable', 'caused', 'return']"
0,"['poor', 'quality', 'service']"
0,"['cable', 'look', 'thin', 'flimsy', 'scary']"
1,"['great', 'earpiece']"
1,"['excellent', 'hand', 'free', 'tool']"
1,"['great', 'using', 'home', 'stereo']"
1,"['good', 'product', 'incredible', 'value']"
1,"['month', 'but', 'worked', 'flawlessly', 'far']"
1,"['work', 'great']"
0,"['absolutel', 'junk']"
0,"['one', 'didn', 'work', 'either']"
1,"['battery', 'life', 'real', 'good']"
0,"['returned', '8', 'hour', 'later']"
1,"['great', 'item']"
0,"['don', 'waste', 'money']"
1,"['love', 'headset']"
0,"['not', 'drain', 'player', 'but', 'may', 'also', 'potentially', 'fry']"
1,"['worked', 'perfectly']"
0,"['unreliable', 'giving']"
1,"['gave', '5', 'star', 'sound', 'quality']"
0,"['avoid', 'one']"
1,"['reversible', 'plug', 'work', 'great']"
0,"['wasted', 'little', 'money', 'earpiece']"
1,"['good', 'phone']"
1,"['best', 'rotating', 'feature', 'helpful']"
1,"['comfort', 'whole', 'family']"
1,"['good', 'product', 'good', 'seller']"
1,"['love', 'bluetooth']"
0,"['first', 'doesn', 'wear', 'well']"
1,"['impressed', 'headset', 'plantronics']"
1,"['got', 'small', 'adorable']"
1,"['great', 'phone']"
0,"['wouldn', 'recommend', 'buying', 'product']"
0,"['piece', 'junk']"
0,"['poorly', 'contstruct', 'hinge']"
1,"['item', 'great', 'installed', 'let', 'charged', 'overnite', 'ha', 'working', 'good', 'every', 'since', 'no', 'problem']"
1,"['great', 'phone']"
0,"['don', 'buy']"
1,"['excellent', 'phone']"
0,"['not', 'purchase', 'phone']"
1,"['voice', 'recognition', 'thru', 'handset', 'excellent']"
1,"['hand', 'best', 'phone', 'ever']"
1,"['work', 'great', 'cat', 'attacked', 'phone', 'scratched', 'protective', 'strip', 'instead', 'destroying', 'screen']"
1,"['one', 'work', 'priced', 'right']"
0,"['customer', 'service', 'terrible']"
0,"['battery', 'life', 'still', 'not', 'long', 'enough', 'motorola', 'razor', 'v3i']"
0,"['sending', 'back']"
1,"['know', 'made', 'wise', 'decision']"
1,"['someone', 'shouldve', 'invented', 'sooner']"
1,"['good', 'price']"
1,"['everything', 'worked', 'first', 'try', 'device', 'certainly', 'engineered', 'clever', 'way', 'construction', 'feel', 'good']"
1,"['received', 'quickly', 'work', 'great']"
1,"['ha', 'working', 'great']"
0,"['many', 'people', 'complained', 'found', 'headset', 'microphone', 'weak']"
0,"['5', 'year', 'old', 'nokia', '2160', 'tracfone', 'hold', 'charge', 'lot', 'better']"
0,"['not', 'care', 'consumer', 'one', 'bit']"
1,"['good', 'battery', 'got', 'really', 'fast']"
0,"['instruction', 'manual', 'lacking']"
1,"['also', 'slim', 'enough', 'fit', 'alarm', 'clock', 'docking', 'station', 'without', 'removing', 'case']"
1,"['phone', 'hold', 'charge', 'like', 'new']"
0,"['battery', 'unreliable', 'well', 'service', 'use', 'antena']"
0,"['uncomfortable', 'sound', 'quality', 'quite', 'poor', 'compared', 'phone', 'razr', 'previous', 'wired', 'headset', 'plugged', 'lg']"
1,"['gotten', 'lot', 'compliment']"
1,"['definitely', 'must', 'state', 'doe', 'not', 'allow', 'cell', 'phone', 'usage', 'driving']"
0,"['want', 'money', 'back']"
1,"['love', 'device']"
1,"['also', 'happy', 'price']"
0,"['ordered', 'product', 'first', 'unhappy', 'immediately']"
0,"['ngage', 'still', 'lacking', 'earbuds']"
1,"['able', 'voice', 'dialing', 'car', 'no', 'problem']"
0,"['2', '3', 'bar', 'cell', 'phone', 'home', 'but', 'cant', 'not', 'hear', 'anything']"
1,"['good', 'item', 'low', 'price']"
0,"['however', 'riingtones', 'not', 'best', 'neither', 'game']"
0,"['plug', 'not', 'work', 'well']"
0,"['amazon', 'suck']"
0,"['rip', 'charge', 'shipping']"
1,['comfortable']
1,"['battery', 'working', 'well', 'replacement', 'original', 'came', 'phone', '2', 'year', 'ago']"
1,"['reception', 'excellent']"
1,"['fit', 'comfortably', 'either', 'ear', 'sound', 'clear', 'loud', 'charge', 'last', 'couple', 'day']"
1,"['clear', 'quality', 'sound', 'don', 'mess', 'sound', 'ipod', 'since', 'sound', 'button', 'headset']"
0,"['1', 'long', 'lasting', 'battery', 'don', 'recharge', 'frequentyly', 'flip', 'phone', '2']"
0,"['obviously', 'problem', 'adhesive']"
0,['disappointing']
0,"['inexpensive', 'piece', 'but', 'would', 'still', 'expected', 'better', 'quality']"
0,"['practically', 'useless', 'not', 'add', 'kind', 'boost', 'reception', 'bought']"
1,"['excellent', 'sound', 'quality']"
0,"['not', 'happy']"
0,"['piece', 'junk', 'broke', 'phone', '2', 'day']"
1,"['new', 'battery', 'work', 'great', 'phone']"
0,"['worst', 'customer', 'service']"
1,"['dropped', 'phone', 'time', 'say', 'even', 'concrete', 'phone', 'still', 'great', 'knock', 'wood']"
0,"['reception', 'terrible', 'full', 'static']"
1,"['good', 'audio', 'quality']"
1,"['little', 'device', 'ha', 'transformed', 'organizational', 'capability', 'made', 'life', 'whole', 'lot', 'easier']"
0,"['sitting', 'vehicle', 'cradle', 'belt', 'headset', 'lost', 'signal']"
0,"['jerk', 'phone']"
1,"['work', 'like', 'charm', 'work', 'advertised']"
1,"['comfortable', 'nice', 'range', 'good', 'battery', 'life']"
0,"['network', 'coverage', 'los', 'angeles', 'horrible']"
0,"['excellent', 'starter', 'wireless', 'headset']"
0,"['loudspeaker', 'option', 'great', 'bumper', 'light', 'appealing']"
0,"['thing', 'think', 'could', 'improve', 'sound', 'leak', 'headset']"
0,"['first', 'reception', 'suck', 'never', '2', 'bar', 'ever']"
0,"['phone', 'get', 'extremely', 'hot']"
1,"['microphone', 'also', 'work', 'well', 'but', 'according', 'people', 'called', 'applifies', 'everything']"
1,"['nice', 'design', 'quality']"
0,"['also', 'phone', 'dropped', 'case', 'not', 'going', 'save', 'specially', 'dropped', 'face']"
1,"['light', 'easy', 'use', 'ha', 'clear', 'reception', 'transmission']"
0,"['bad', 'fit', 'way', 'big']"
1,"['definitely', 'not', 'good', 's11']"
1,"['awesome', 'device']"
0,"['waste', 'money']"
1,"['ordered', 'motorola', 'data', 'cable', 'got', 'well', 'finished', 'working', 'product']"
1,"['love', 'phone']"
1,"['looking', 'headset', 'long', 'time', 'got', 'couldn', 'happier']"
0,"['drivng', 'along', 'headset', 'start', 'ringing', 'no', 'reason']"
1,"['display', 'excellent', 'camera', 'good', 'year']"
1,"['battery', 'life', 'also', 'great']"
0,"['worst', 'phone', 'ever', 'month']"
0,"['not', 'good', 'item', 'worked', 'started', 'problem', 'auto', 'reverse', 'tape', 'player']"
0,"['embarassing', 'also', 'ear', 'hurt', 'try', 'push', 'ear', 'plug', 'ear']"
1,"['protects', 'phone', 'side']"
0,"['average', 'phone', 'bad', 'battery', 'life', 'operates', 'weak', 'network']"
1,"['clear', 'skype', 'call', 'long', 'battery', 'life', 'long', 'range']"
0,"['soyo', 'technology', 'suck']"
1,"['great', 'hand', 'free', 'device']"
1,"['even', 'take', 'self', 'portrait', 'outside', 'exterior', 'display', 'cool']"
0,"['problem', 'others', 'mentioned']"
1,"['trying', 'many', 'many', 'handsfree', 'gadget', 'one', 'finally', 'work', 'well']"
1,"['magical', 'help']"
0,"['worst', 'piece', 'crap', 'ever', 'along', 'verizon', 'customer', 'service']"
0,"['poor', 'sound', 'quality']"
1,"['best', 'phone', 'market']"
1,"['worked', 'well']"
1,"['company', 'shipped', 'product', 'promptly', 'work', 'well']"
1,"['exactly', 'wanted']"
0,"['picture', 'resolution', 'far', 'comparably', 'priced', 'phone', 'offering', 'today']"
1,"['great', 'deal']"
1,"['excellent', 'product', 'satisfied', 'purchase']"
1,"['highly', 'recommend', 'encourage', 'people', 'give', 'try']"
1,"['better', 'expect']"
0,"['using', 'earpiece', 'left', 'right', 'thing', 'not', 'stay', 'ear']"
1,"['great', 'product', 'price']"
1,"['sound', 'good', 'reasonably', 'priced', 'effective', 'simple']"
0,"['still', 'waiting', 'sure', 'item', 'would', 'work', 'well', 'ever', 'recieve']"
0,['disappointment']
1,"['prompt', 'service']"
1,"['excellent', 'product', 'price']"
1,"['pleased', 'headset']"
0,"['don', 'waste', 'money', 'time']"
1,"['especially', 'love', 'long', 'battery', 'life']"
0,"['stupid', 'keep', 'buying', 'new', 'charger', 'car', 'charger', 'cradle', 'headphone', 'car', 'kit', 'every', 'time', 'new', 'phone', 'come']"
1,"['work', 'great']"
1,"['plantronics', 'bluetooth', 'excelent', 'buy']"
0,"['came', 'verizon', 'cingulair', 'ha', 'nicer', 'cell', 'phone', 'first', 'thing', 'noticed', 'really', 'bad', 'service']"
0,"['looking', 'new', 'earpiece']"
1,"['highly', 'recommend', 'device', 'everyone']"
1,"['jawbone', 'era', 'awesome']"
0,"['received', 'white', 'colored', 'battery', 'go', 'dead', 'couple', 'hoursthe', 'original', 'used', 'last', 'week', 'but', 'still', 'last', 'longer', 'thereplacement']"
0,"['year', 'battery', 'went', 'completely', 'dead', 'headset']"
1,"['used', 'several', 'phone', 'two', 'year', 'but', 'one', 'best']"
1,"['awesome', 'new', 'look', 'fall', '2000']"
0,"['first', 'phone', 'ha', 'cheaply', 'made']"
0,"['att', 'not', 'clear', 'sound', 'distorted', 'yell', 'talk']"
0,"['plastic', 'break', 'really', 'easy', 'clip']"
1,"['price', 'good']"
0,"['don', 'make', 'mistake']"
0,"['oh', 'forgot', 'also', 'mention', 'weird', 'color', 'effect', 'ha', 'phone']"
1,"['using', 'iriver', 'spinn', 'case', 'fit', 'fine']"
0,"['also', 'area', 'unit', 'broke', 'not', 'fond', 'magnetic', 'strap']"
1,"['overall', 'psyched', 'phone', 'ha', 'appointment', 'contact', 'get', 'great', 'reception']"
1,"['every', 'thing', 'phone', 'work', 'perfectly', 'like']"
0,"['another', 'note', 'phone', 'appearance', 'really', 'look', 'rather', 'bland', 'especially', 'black', 'model']"
1,"['really', 'easy']"
1,"['sanyo', 'ha', 'survived', 'dozen', 'drop', 'blacktop', 'without', 'ill', 'effect']"
1,"['fantastic', 'earphone']"
1,"['find', 'cell', 'phone', 'right', 'away', 'enter', 'car']"
0,"['low', 'quality']"
1,"['highly', 'recommend', 'modest', 'priced', 'cellular', 'phone']"
1,"['but', 'doe', 'get', 'better', 'reception', 'clarity', 'phone']"
0,"['warning', 'stay', 'away']"
0,"['wish', 'could', 'return', 'unit', 'get', 'back', 'money']"
1,"['awsome', 'device', 'work', 'great']"
0,"['used', 'talk', '1', '1', '1', '2', 'hour', 'battery', 'would', 'literally', 'drained', 'dying']"
0,"['don', 'find', 'bad', 'unit', 'come', 'one', 'earpad', 'would', 'not', 'recommend', 'anyone']"
0,['displeased']
0,"['might', 'gotten', 'defect', 'but', 'would', 'not', 'risk', 'buying', 'built', 'quality', 'alone']"
0,"['made', 'case', 'small', 'difficult', 'install']"
1,"['restored', 'phone', 'like', 'new', 'performance']"
1,"['would', 'recommend', 'purchasing', 'jabra', 'jx', '10', 'series', '2', 'work', 'flawlessly', 'moto', 'q', 'go', 'figure']"
1,"['searched', 'internet', 'found', 'one', 'best', 'value']"
0,"['doe', 'not', 'fit']"
1,"['happy', 'product']"
1,"['screen', 'size', 'big', 'key', 'pad', 'lit', 'well', 'enough', 'camera', 'quality', 'excellent', 'camera', 'phone']"
0,"['really', 'nothing', 'bad', 'say', 'headset']"
1,"['glad', 'found', 'product', 'amazon', 'hard', 'find', 'wasn', 'high', 'priced']"
1,"['portable', 'work']"
1,"['colleague', 'get', 'great', 'reception', 'little', 'expensive', 'but', 'performance', 'great']"
0,"['even', 'fully', 'charged', 'went', 'bed', 'turned', 'blue', 'tooth', 'wi', 'fi', 'noticed', '20', 'left', 'morning']"
0,"['also', 'problem', 'phone', 'reading', 'memory', 'card', 'always', 'turn']"
0,"['not', 'good', 'wearing', 'hat', 'sunglass']"
1,"['timely', 'shipment', 'quality', 'product']"
1,"['nice', 'solid', 'keyboard']"
1,"['well', 'made', 'fit', 'surefire', 'gx2', 'perfectly']"
0,"['horrible', 'phone']"
0,"['bt50', 'battery', 'junk']"
1,"['would', 'recommend', 'others']"
0,"['cant', 'get', 'software', 'work', 'computer']"
0,['disappointed']
0,"['poor', 'voice', 'clarity']"
1,"['battery', 'work', 'great']"
0,"['no', 'buyer', 'remorse', 'one']"
0,"['disappointed', 'accessoryone']"
0,"['find', 'inexcusable', 'probably', 'returning', 'phone', 'perhaps', 'changing', 'carrier']"
1,"['look', 'great', 'strong']"
1,"['tmobile', 'service', '2', '3', 'year', 'pretty', 'happy']"
0,"['update', 'procedure', 'difficult', 'cumbersome']"
0,"['disappointment', 'hate', 'anything', 'go', 'ear']"
1,"['great', 'software', 'motorolas']"
1,"['delivery', 'time']"
1,"['easy', 'use']"
0,"['uncomfortable', 'ear', 'don', 'use', 'lg', 'vx9900', 'env']"
0,"['volume', 'switch', 'rocketed', 'unit', 'destination', 'unknown']"
1,"['hold', 'charge', 'long', 'time', 'reasonably', 'comfortable', 'long', 'wearing', 'condition', 'quality', 'sound', 'tremendous']"
0,"['like', 'return']"
1,"['keyboard', 'really', 'worthwhile', 'usefulness', 'sturdy', 'enough', 'don', 'expect', 'problem']"
0,"['verizon', 'bill', 'however', 'difficult', 'understand', 'even', 'though', 'pricing', 'plan', 'simple']"
1,"['charging', 'overnight', 'battery', 'work', 'great']"
1,"['won', 'regret']"
1,"['love', 'phone']"
0,['disappointment']
0,"['not', 'user', 'friendly']"
0,"['unfortunately', 'ability', 'actually', 'know', 'receiving', 'call', 'rather', 'important', 'feature', 'phone', 'pitiful', 'respect']"
0,"['exchanged', 'phone', 'even', 'problem']"
0,"['result', 'phone', 'either', 'stuck', 'max', 'volume', 'mute']"
1,"['pda', 'rock']"
1,"['super', 'charged', 'use', 'small', 'hybrid', 'palmtop', 'camera', 'cellphone', 'excels', 'role']"
1,"['would', 'definitely', 'recommend', 'jabra', 'bt250v', 'looking', 'comfort', 'clarity', 'great', 'price']"
1,"['verizon', '2', 'year', 'ago', 'really', 'liked', 'service']"
0,"['pretty', 'piece', 'junk']"
0,"['plug', 'wrong', 'size']"
1,"['work', 'described']"
0,"['save', 'money', 'item', '11', 'month']"
0,"['bad', 'purchase']"
1,"['well', 'im', 'satisfied']"
1,"['bose', 'noise', 'cancelling', 'amazing', 'important', 'nyc', 'commuter']"
1,"['battery', 'excellent', 'bargain']"
0,"['defective', 'crap']"
0,"['would', 'given', 'no', 'star', 'able']"
1,"['wear', 'glass', 'fit', 'fine']"
0,"['sound', 'quality', 'device', 'unacceptable', 'unless', 'really', 'quiet', 'area', 'almost', 'hear', 'nothing']"
0,"['would', 'not', 'recommend', 'item', 'anyone']"
0,"['holster', 'arrived', 'not', 'match', 'photo', 'ad']"
1,"['great', 'no', 'problem']"
0,"['earlier', 'review', 'noted', 'plug', 'charger', 'nothing', 'happens']"
1,"['frog', 'phone', 'charm', 'adorable', 'eye', 'catching']"
0,"['never', 'know', 'pushed', 'hard', 'enough', 'right', 'number', 'time', 'function', 'want', 'not']"
1,"['sound', 'clear', 'people', 'talk', 'amazed', 'quality']"
1,"['got', 'aluminum', 'case', 'new', 'palm', 'vx', 'worked', 'really', 'well', 'ha', 'protected', 'handheld', 'perfectly', 'far']"
1,"['good', 'product', 'well', 'made']"
1,"['mobile', 'phone', 'tool', 'must']"
1,"['impressed', 'job', 'motorola', 'sturdiness', 'phone']"
1,"['received', 'order', 'well', 'within', 'shipping', 'timeframe', 'everything', 'good', 'working', 'order', 'overall', 'excited', 'source']"
1,"['phone', 'sturdy', 'waterproof']"
0,"['not', 'impressed', 'would', 'not', 'recommend', 'item', 'anyone']"
0,"['complaint', 'standard', 'sound', 'volume', 'little', 'low', 'even', 'turned', '5', '5']"
1,"['thanks', 'amazon', 'thing', 'need', 'good', 'price']"
1,"['ended', 'sliding', 'edge', 'pant', 'back', 'pocket', 'instead']"
1,"['go', 'store', 'bought', 'new', 'nokia', 'phone', 'working', 'great']"
1,"['work', 'great']"
0,"['really', 'ugly']"
0,"['horrible', 'switch', '3', 'time']"
1,"['noise', 'shield', 'incrediable']"
0,"['no', 'real', 'improvement']"
1,"['razr', 'battery', 'good', 'buy']"
1,"['keep', 'good', 'work', 'amazon']"
0,"['refuse', 'refund', 'replace']"
0,"['unfortunately', 'easy', 'accidentally', 'activate', 'gentle', 'touch', 'button', 'accidentally', 'touch', 'phone', 'face', 'listening']"
0,"['basically', 'threw', 'money', 'window', 'nothing']"
1,"['great', 'case', 'price']"
0,"['took', 'one', 'drop', '6', 'inch', 'kitchen', 'counter', 'cracked', 'not', 'impressed', 'not', 'laughing']"
1,"['bluetooth', 'range', 'good', 'day', 'ago', 'left', 'phone', 'trunk', 'got', 'call', 'carried', 'conversation', 'without', 'hitch']"
1,"['small', 'sleek', 'impressive', 'looking', 'practical', 'setup', 'ample', 'storage', 'place']"
1,"['eargels', 'channel', 'sound', 'directly', 'ear', 'seem', 'increase', 'sound', 'volume', 'clarity']"
0,"['none', 'new', 'one', 'ever', 'quite', 'worked', 'properly']"
1,"['glad', 'purchased']"
0,"['missed', 'numerous', 'call', 'reason']"
0,"['perhaps', 'phone', 'defective', 'but', 'people', 'not', 'hear', 'use']"
0,"['don', 'buy', 'product']"
0,"['sucked', 'stuff', 'doe', 'not', 'work', 'phone']"
1,"['no', 'shifting', 'no', 'bubbling', 'no', 'peeling', 'not', 'even', 'scratch', 'nothing', 'couldn', 'happier', 'new', 'one', 'droid']"
0,"['worst', 'software', 'ever', 'used', 'could', 'give', 'zero', 'star', 'would']"
0,"['trying', 'make', 'call', 'exercise', 'frustration']"
0,"['case', 'flimsy', 'piece', 'plastic', 'ha', 'no', 'front', 'side', 'protection', 'whatsoever']"
1,"['jabra', 'earset', 'happy', 'but', 'sound', 'quality', 'especially', 'outgoing', 'better']"
1,"['love', 'camera', 'really', 'pretty', 'good', 'quality']"
1,"['thank', 'great', 'service']"
1,"['total', 'package']"
1,"['seller', 'understanding', 'patient', 'would', 'definitely', 'buy']"
0,"['give', 'wirefly', '1', 'star', 'contact', 'cingular', 'inform', 'practice']"
0,['aggravating']
1,"['great', 'product', 'price']"
1,"['purchased', 'family', 'friend', 'enjoy', 'clarity', 'ease', 'use']"
1,"['virgin', 'wireless', 'rock', 'doe', 'cheap', 'little', 'phone']"
0,"['none', 'work', 'just', 'don', 'buy']"
0,"['muddy', 'low', 'quality', 'sound', 'casing', 'around', 'wire', 'insert', 'poorly', 'super', 'glued', 'slid']"
0,"['please', 'dont', 'waste', 'money']"
1,"['quite', 'satisfied', 'purchase']"
0,"['looking', 'good', 'quality', 'motorola', 'headset', 'keep', 'looking', 'isn']"
0,"['yet', 'plantronincs', 'continues', 'use', 'flawed', 'charger', 'design']"
0,"['disapointing', 'result']"
0,"['cumbersome', 'design']"
1,"['great', 'new', 'packaged', 'nice', 'work', 'good', 'no', 'problem', 'came', 'less', 'time', 'expected']"
1,"['great', 'product']"
0,"['piece', 'crap']"
0,"['experience', 'terrible', 'fourth', 'bluetooth', 'headset', 'much', 'comfortable', 'last', 'jabra', 'hated']"
1,"['fix', 'problem']"
0,"['worst', 'ever']"
1,['happy']
1,"['no', 'trouble', 'accessing', 'internet', 'downloading', 'ringtones', 'performing', 'function']"
0,"['barely', 'ever', 'hear', 'constantly', 'saying']"
0,"['battery', 'life', 'highly', 'unacceptable']"
0,"['company', 'joke']"
1,"['doe', 'everything', 'description', 'said', 'would']"
0,"['due', 'happening', 'every', 'call', 'forced', 'stop', 'using', 'headset']"
1,"['work', 'great', 'car', 'charger', 'especially', 'not', 'plug', 'two', 'adapter', 'time']"
0,"['verizon', 'tech', 'support', 'walked', 'procedure', 'none', 'worked', 'ended', 'hard', 'set', 'wiping', 'data']"
0,"['voice', 'quality', 'signal', 'strength', 'dropped', 'call']"
1,"['play', 'louder', 'speaker', 'size', 'price', 'low', 'would', 'think', 'quality', 'lacking', 'however', 'not']"
1,"['better', 'expected']"
0,"['feel', 'poorly', 'constructed', 'menu', 'difficult', 'navigate', 'button', 'recessed', 'difficult', 'push']"
1,"['battery', 'holding', 'well']"
0,"['also', 'difficult', 'put', 'recommend', 'avoiding', 'product']"
0,"['used', 'two', 'day', 'wasn', 'always', 'easy', 'hear']"
0,"['got', 'car', 'charger', 'not', 'even', 'week', 'charger', 'broken', 'went', 'plug', 'started', 'smoking']"
0,"['sprint', 'terrible', 'customer', 'service']"
1,"['linked', 'phone', 'without', 'effort']"
1,['cool']
1,"['easy', 'use']"
1,"['better', 'new']"
0,"['possesed', 'get', 'junk', 'no', 'idea']"
0,"['piece', 'trash']"
1,"['pretty', 'good', 'product']"
1,"['great', 'phone']"
1,"['price', 'amazon', 'excellent', 'product', 'would', 'highly', 'recommend']"
1,"['research', 'development', 'division', 'obviously', 'know']"
0,"['real', 'killer', 'volume', 'course', 'breaking']"
1,"['phone', 'working', 'just', 'fine']"
1,"['happy', 'product']"
0,"['poor', 'construction']"
0,['infuriating']
1,"['overall', 'would', 'recommend', 'phone', 'new', 'walkman']"
0,"['sprint', 'charge', 'service']"
0,"['cheap', 'feel', 'look', 'just', 'cheap']"
1,"['fit', 'ear', 'well', 'comfortable']"
0,"['doesn', 'work', 'europe', 'asia']"
1,"['clipping', 'belt', 'deffinitely', 'make', 'feel', 'like', '50', 'cent', 'coming']"
1,"['like', 'design', 'look', 'jabra', 'behing', 'ear', 'headset', '5020', 'pretty', 'comfortible', 'wear', '24', 'hour', 'day', 'without', 'pain', 'ear']"
1,"['amazed', 'quick', 'arrival', 'two', 'original', 'lg', 'cell', 'phone', 'battery', 'fraction', 'price']"
0,"['worst', 'phone', 'samsung', 'crap', 'crappy', 'samsung', 'e715', 'worst', 'ever', 'seeen']"
0,"['charger', 'worked', 'week', 'completely', 'stopped', 'charging', 'phone']"
0,"['poor', 'product']"
0,"['however', 'needed', 'better', 'instruction']"
0,"['need', 'two', 'hand', 'operate', 'screen', 'software', 'interface', 'decade', 'old', 'not', 'compete', 'new', 'software', 'design']"
1,"['worked', 'well', 'paired', 'treo', '700w', 'skype', 'headset', 'pc', 'using', 'usb', 'bluetooth', 'transceiver']"
0,"['steer', 'clear', 'product', 'go', 'genuine', 'palm', 'replacementr', 'pen', 'come', 'three', 'pack']"
0,"['not', 'buy', 'not', 'buyit', 'suck']"
1,"['great', 'product', 'sure', 'beat', 'using', 'finger']"
0,"['plus', 'seriously', 'not', 'believe', 'worth', 'steep', 'price', 'point']"
1,"['case', 'tried', 'normally', 'fall', 'apart', 'month', 'but', 'one', 'seems', 'long', 'haul']"
0,"['dissapointing', 'performance']"
0,"['don', 'make', 'mistake', 'please', 'don', 'buy', 'phone']"
0,"['phone', 'might', 'well', 'worst', 'ever', 'brand']"
0,"['case', 'less', 'extra', 'originally', 'put', 'but', 'later', 'discarded', 'scratched', 'ear']"
1,"['recommend', 'igo', 'anyone', 'different', 'brand', 'cell', 'phone', 'mp3', 'player', 'family']"
0,"['don', 'bother', 'go', 'store']"
1,"['posted', 'detailed', 'comment', 'grey', 'black', 'phone', 'but', 'fire', 'red', 'great', 'color']"
1,"['not', 'problem', 'item', 'would', 'order', 'needed']"
0,"['get', 'pay', 'guess']"
1,"['not', 'software', 'great', 'job', 'could', 'also', 'make', 'ringtones', 'form', 'existing', 'cd', 'without', 'internet', 'connection']"
1,"['im', 'surprised', 'good', 'quality', 'car', 'charger', 'not', 'much', 'review']"
1,['fabulous']
0,"['however', 'bt', 'headset', 'currently', 'not', 'good', 'real', 'time', 'game', 'like', 'first', 'person', 'shooter', 'since', 'audio', 'delay', 'mess']"
1,"['used', 'bitpim', 'free', 'program', 'find', 'internet', 'transfer', 'data', 'phone', 'price', 'cable', 'excellent']"
0,"['disappointing', 'accessory', 'good', 'manufacturer']"
0,"['performed', 'awful', 'muffled', 'tinny', 'incoming', 'sound', 'severe', 'echo', 'end', 'call']"
1,"['wind', 'resistant']"
0,"['obviously', 'terrible', 'customer', 'service', 'get', 'pay']"
1,"['not', 'last', 'forever', 'but', 'not', 'overly', 'expensive', 'replace', 'easy', 'operate', 'sound', 'much', 'better', 'others', 'tried']"
0,"['contacted', 'company', 'told', 'although', 'unit', 'still', 'warranty', 'couldn', 'produce', 'receipt', 'luck']"
0,"['linksys', 'should', 'way', 'exchange', 'bad', 'phone', 'refurb', 'unit', 'something']"
1,"['phone', 'sturdy', 'nokia', 'bar', 'phone']"
1,"['great', 'phone']"
0,"['placed', 'treo', 'case', 'not', 'not', 'snug', 'but', 'lot', 'extra', 'room', 'side']"
1,['pleased']
0,"['battery', 'terrible']"
1,"['found', 'product', 'easy', 'set', 'use']"
0,"['earpiece', 'large', 'heavy', 'keep', 'falling', 'ear']"
0,"['utter', 'crap', 'sound', 'quality', 'terrible']"
0,"['charger', 'arrived', 'within', 'promised', 'timeframe', 'but', 'not', 'work']"
1,"['no', 'ear', 'loop', 'needed', 'tiny', 'sound', 'great']"
0,"['finally', 'three', 'four', 'time', 'spring', 'latch', 'broke', 'could', 'not', 'use', 'longer', 'visor']"
1,"['handsfree', 'part', 'work', 'fine', 'but', 'car', 'try', 'download', 'address', 'book', 'treo', 'reboots', 'overall', 'still', 'rate', 'device', 'high']"
0,"['talk', 'useless', 'customer', 'service']"
0,"['felt', 'light', 'tinny']"
0,"['doe', 'not', 'fit', 'palm', 'tungsten', 'e2', 'broke', 'first', 'time', 'tried', 'plug']"
1,"['happy', 'purchase', 'good', 'quality', 'low', 'price']"
1,"['love', 'look', 'feel', 'samsung', 'flipphones']"
1,"['well', 'designed', 'sharp', 'blue', 'nice', 'color']"
1,"['doe', 'everything', 'should']"
0,"['could', 'not', 'recommend']"
1,"['nice', 'sound']"
0,"['look', 'good', 'picture', 'but', 'case', 'huge', 'disappointment']"
1,"['much', 'less', 'jawbone', 'going', 'replace']"
1,"['setup', 'went', 'smoothly']"
0,"['extremely', 'slow', 'take', 'forever', 'anything']"
0,"['must', 'study', 'anyone', 'interested', 'worst', 'sin', 'industrial', 'design']"
0,"['first', 'thing', 'happened', 'tracking']"
1,"['well', 'made', 'easy', 'access', 'phone', 'ha', 'handy', 'detachable', 'belt', 'clip']"
0,"['continue', 'pairing', 'periodically', 'since', 'somehow', 'kept', 'dropping']"
0,"['upload', 'ringtones', 'third', 'party']"
0,"['bluetooth', 'doe', 'not', 'work', 'phone', 'lock', 'screen', 'just', 'flash', 'just', 'make', 'call', 'randomly', 'pocket', 'locked']"
0,"['truly', 'awful']"
1,"['work', 'fine', 'motorola', '325', 'cellphone', 'lot', 'better', 'worn', 'battery']"
1,"['volume', 'ringer', 'real', 'good', 'choice', 'how', 'loud']"
0,"['none', 'tone', 'acceptable']"
0,"['camera', 'color', 'balance', 'awful']"
0,"['product', 'clearly', 'not', 'ready', 'prime', 'time', 'don', 'care', 'how', 'cool', 'look', 'tell', 'call', 'coming', 'worthless']"
1,"['love', 'ringtones', 'upbeat']"
0,"['chinese', 'forgery', 'abound']"
1,"['easy', 'pair', 'samsung', 'cell']"
0,"['instruction', 'didn', 'explain', 'microphone', 'jack', 'could', 'used']"
0,"['would', 'advise', 'not', 'purchase', 'item', 'never', 'worked', 'well']"
0,"['bad', 'pay', 'month', 'service']"
1,"['work', 'well']"
0,"['nokia', 'ca', '42', 'usb', 'cable', 'not', 'work', 'phone']"
1,"['clear', 'crisp', 'sound']"
1,"['use', 'smallest', 'earpiece', 'provided', 'but', 'stay', 'pretty', 'well']"
0,"['biggest', 'complaint', 'battery', 'drain', 'superfast']"
0,"['design', 'might', 'ergonomic', 'theory', 'but', 'could', 'not', 'stand', 'ear']"
0,"['not', 'buy', 'want', 'use', 'holster']"
1,"['phone', 'also', 'take', 'great', 'picture', 'even', 'video', 'clip']"
0,"['doesn', 'make', 'look', 'cool']"
1,"['ear', 'occupied', 'background', 'not', 'distracting']"
1,"['comfortable', 'fit', 'need', 'headset', 'comfortable', 'least', 'hour', 'time', 'not', 'entire', 'day']"
0,"['also', 'phone', 'doesn', 'seem', 'accept', 'anything', 'except', 'cbr', 'mp3s', 'preferably', 'ripped', 'window', 'medium', 'player']"
1,"['beat', 'price']"
1,"['come', 'strong', 'light', 'use', 'light', 'camera', 'shot', 'even', 'flash', 'signal', 'seriously']"
1,"['lightweight', 'work', 'well']"
0,"['just', 'beware']"
1,"['love', 'cable', 'allows', 'connect', 'mini', 'usb', 'device', 'pc']"
0,"['anyone', 'near', 'hear', 'part', 'conversation']"
1,"['cool', 'case', 'just', 'open', 'allowing', 'screen', 'get', 'scratched']"
0,"['bought', 'phone', 'replacement', 'startac', 'regretted', 'since']"
1,"['appears', 'actually', 'outperform', 'original', 'battery', 'china', 'came', 'v325i']"
0,"['store', 'anything', 'but', 'phone', 'number', 'sim']"
0,"['last', 'less', '3o', 'minute', 'actually', 'try', 'use', 'phone', 'wife', 'ha', 'phone', 'problem']"
0,"['poor', 'quality']"
1,"['jabra', 'ear', 'gel', 'r', 'best']"
0,"['not', 'worth']"
0,"['phone', 'crashed', 'completely', 'get', 'replaced']"
1,"['quit', 'working', 'used', '18', 'month', 'just', 'purchased', 'another', 'one', 'best', 'headset', 'ever', 'owned']"
0,"['unfortunately', 'not', 'recharge', 'iphone', '4', 'despite', 'connecting', 'multiple', 'power', 'source', 'imac', 'external', 'battery', 'wall', 'outlet', 'etc']"
1,"['great', 'phone']"
0,"['simply', 'want', 'small', 'flip', 'phone', 'look', 'elsewhere', 'extra', 'bell', 'whistle', 'mediocre']"
1,"['good', 'value', 'work', 'fine', 'power', 'via', 'usb', 'car', 'wall', 'outlet']"
1,"['phone', 'doesn', 'slide', 'around', 'car', 'grip', 'prevents', 'phone', 'slipping', 'hand']"
1,"['simply', 'best', 'bluetooth', 'headset', 'sound', 'quality']"
0,"['think', 'plan', 'one', 'sure', 'last', 'moto', 'phone']"
1,"['span', 'hour', 'two', 'people', 'exclaim', 'whoa', 'new', 'phone', 'tv']"
1,"['always', 'used', 'corded', 'headset', 'freedom', 'wireless', 'helpful']"
1,"['case', 'ha', 'passed', 'one', 'year', 'mark', 'show', 'sign', 'wear', '100', 'functional']"
1,"['leather', 'nice', 'soft', 'fit', 'tight', 'cut', 'face', 'good', 'shape']"
1,"['ha', 'everything', 'need', 'couldn', 'ask']"
0,"['receiving', 'using', 'product', 'just', '2', 'day', 'broke']"
1,"['product', 'great', 'make', 'working', 'lot', 'easier', 'go', 'copier', 'waiting', 'hold', 'something']"
0,"['none', 'three', 'size', 'sent', 'headset', 'would', 'stay', 'ear']"
1,"['mobile', 'ha', 'best', 'customer', 'service', 'anywhere']"
1,"['arrived', 'quickly', 'much', 'less', 'expensive', 'others', 'sold']"
0,"['tried', '2', 'unit', 'failed', 'within', '2', 'month', 'pro']"
1,"['provides', 'good', 'protection', 'look', 'classy']"
1,"['krussel', 'always', 'good']"
1,"['tracfonewebsite', 'user', 'friendly', 'make', 'easy', 'toactivate', 'etc']"
1,"['design', 'good', '4']"
1,"['great', 'reception', 'time']"
1,"['would', 'highly', 'recommend', 'product']"
0,"['couldn', 'use', 'unit', 'sunglass', 'not', 'good', 'texas']"
0,"['dit', 'not', 'work', 'time', 'nokia', '5320']"
0,"['bought', 'mainly', 'charger', 'broke', 'soon', 'purchasing']"
0,"['like', 'loud', 'buzzing', 'override', 'conversation', 'phone']"
1,"['fantastic', 'buy', 'get', 'whatever', 'next', 'phone']"
0,"['stay', 'away', 'store', 'careful']"
1,"['blueant', 'supertooth', 'hand', 'free', 'phone', 'speaker', 'awesome']"
0,"['doe', 'not', 'fit']"
1,"['item', 'arrived', 'quickly', 'work', 'great', 'metro', 'pc', 'samsung', 'sch', 'r450', 'slider', 'phone', 'sony', 'premium', 'sound', 'ear', 'plug']"
1,"['light', 'ha', 'plenty', 'battery', 'capacity', 'confortable', 'wear', 'somewhat', 'extended', 'period', 'time']"
0,['disappointing']
1,"['blue', 'ant', 'easy', 'use']"
1,"['cheap', 'but', 'hey', 'work', 'pleasantly', 'suprised', 'given', 'low', 'cost', 'item']"
0,"['camera', 'phone', 'may', 'used', 'dustpan', 'indoors', 'rather', 'using', 'disposable']"
0,"['day', 'later', 'puff', 'smoke', 'came', 'phone', 'use']"
1,"['convenient', 'simple', 'use', 'get', 'job', 'done', 'make', 'car', 'ride', 'much', 'smoother']"
0,"['nano', 'stated', 'son', 'dissapointed']"
1,"['sound', 'quality', 'excellent', 'well']"
1,"['best', 'headset', 'used']"
0,"['would', 'not', 'reccommend']"
1,"['around', 'year', 'carry', 'highest', 'quality', 'anti', 'glare', 'screen', 'protector', 'found', 'date']"
1,"['just', 'wanted']"
0,"['particular', 'model', 'would', 'not', 'work', 'motorola', 'q', 'smartphone']"
0,"['wont', 'work', 'right', 'atleast']"
0,"['addition', 'feel', 'amp', 'look', 'phone', 'lightweight', 'cheap', 'plastic']"
0,"['but', 'warranty', 'problem', 'reoccure', 'bottom', 'line', 'put', 'money', 'somewhere', 'else', 'cingular', 'not', 'support']"
0,"['really', 'wanted', 'plantronics', '510', 'right', 'one', 'but', 'ha', 'many', 'issue', 'good']"
1,"['great', 'product']"
1,"['crisp', 'clear']"
0,"['first', 'charge', 'kept', 'going', 'dead', '12', 'minute']"
0,"['cheap', 'plastic', 'creak', 'like', 'old', 'wooden', 'floor']"
0,"['get', 'absolutely', 'horrible', 'reception', 'apartment', 'phone', 'not', 'problem']"
1,"['reception', 'ha', 'generally', 'good']"
1,"['excellent', 'sound', 'battery', 'life', 'inconspicuous', 'boot']"
1,"['great', 'bluetooth']"
1,"['highly', 'recommend', 'case']"
1,['worthwhile']
1,"['great', 'deal']"
0,"['phone', 'got', 'year', 'old', 'slowly', 'breaking', 'despite', 'much', 'care', 'part']"
0,"['sorry', 'made', 'purchase']"
0,"['bought', 'hoping', 'could', 'make', 'bluetooth', 'headset', 'fit', 'better', 'but', 'thing', 'made', 'impossible', 'wear']"
0,"['treo', 'mobile', 'refused', 'replace', 'forced', 'buy', 'another', 'phone', 'without', 'kind', 'upgrade', 'discount']"
0,['horrible']
0,"['don', 'think', 'would', 'hold', 'securly', 'belt']"
0,"['allows', 'possibility', 'double', 'booking', 'date', 'time', 'first']"
0,"['work', '2', 'week', 'break']"
1,"['simple', 'use', 'like']"
1,"['great', 'tool', 'entertainment', 'communication', 'data', 'management', 'oh', 'sure', 'use', 'activesync', '4', '2', 'optimal', 'data', 'synchronization', 'result']"
0,"['use', 'case', 'smell', 'disgusting']"
0,"['not', 'wanted']"
1,"['2', 'case', 'would', 'order', 'another']"
1,"['great', 'phone']"
1,"['bought', 'battery', 'coupon', 'amazon', 'happy', 'purchase']"
0,"['internet', 'access', 'fine', 'rare', 'instance', 'worked']"
1,"['perfect', 'ps3']"
1,"['five', 'star', 'plus', 'plus']"
1,"['good', 'quality', 'bargain', 'bought', 'bought', 'cheapy', 'big', 'lot', 'sounded', 'awful', 'people', 'end', 'couldn', 'hear']"
0,"['50', 'drain']"
0,"['tried', 'talking', 'real', 'loud', 'but', 'shouting', 'telephone', 'get', 'old', 'still', 'told', 'wasn', 'great']"
1,"['good', 'work', 'fine']"
1,"['price', 'great', 'deal']"
1,"['great', 'price']"
0,"['wind', 'completely', 'useless']"
1,"['yes', 'shiny', 'front', 'side', 'love']"
0,"['doe', 'not', 'work']"
0,"['first', 'thought', 'grtting', 'good', 'deal', '7', '44', 'plugged', 'phone', 'v3c', 'razr']"
1,"['reception', 'headset', 'excellent']"
1,"['2', 'thumb', 'seller']"
1,"['verizon', 'lg', 'phone', 'work', 'well', 'together', 'good', 'reception', 'range', 'exceeds', '20', 'foot', 'line', 'sight']"
0,"['improper', 'description', 'return']"
1,"['1', 'work', '2', 'comfortable']"
1,"['battery', 'charge', 'life', 'quite', 'long']"
1,"['jabra', 'eargels', 'fit', 'ear', 'well']"
0,"['battery', 'ha', 'no', 'life']"
0,"['checked', 'everywhere', 'no', 'feature', 'really', 'disappointing']"
1,"['product', 'exactly', 'described']"
1,"['get', 'signal', 'verizon', 'phone', 'won']"
0,"['doesn', 'job']"
1,"['would', 'recommend']"
1,"['plan', 'ordering']"
1,"['said', 'phone', 'camera', 'nice', 'many', 'cool', 'effect', 'play', 'video', 'decent', 'well']"
1,"['satisfied', 'cell', 'phone', 'day', 'one']"
1,"['keep', 'getting', 'better', 'better', 'third', 'one', 'numerous', 'palm']"
0,"['awkward', 'use', 'unreliable']"
1,"['shipping', 'time', 'also', 'quick']"
0,"['not', 'good', 'hoped']"
1,"['good', 'case']"
0,"['doesn', 'work']"
1,"['really', 'good', 'product']"
0,"['unfortunately', 'not', 'work']"
0,"['three', 'broke', 'within', 'two', 'month', 'use']"
0,"['dont', 'buy']"
0,"['father', 'ha', 'v265', 'battery', 'dying']"
0,"['however', 'ear', 'pad', 'come', 'easily', 'one', 'week', 'lost', 'one']"
0,"['call', 'drop', 'phone', 'come', 'screen', 'go', 'black', 'worst', 'stop', 'ringing', 'intermittently']"
0,"['horrible', 'horrible', 'protector']"
0,"['don', 'like', 'nokia', 'either']"
0,"['reaching', 'bottom', 'row', 'uncomfortable', 'send', 'end', 'key', 'not', 'expect', '3']"
0,"['bought', 'nokia', 'cell', 'phone', 'week', 'ago', 'nightmare']"
0,"['would', 'take', 'long', 'describe', 'how', 'bad', 'customer', 'service', 'experience', 'ha', 'amazon']"
0,"['disappointing', 'thing', 'no', 'speakerphone']"
0,"['terrible', 'car', 'not', 'accept', 'cassette']"
0,"['product', 'useless', 'since', 'doe', 'not', 'enough', 'charging', 'current', 'charge', '2', 'cellphone', 'planning', 'use']"
0,"['not', 'say']"
0,"['stay', 'away', 'q']"
0,"['used', 'dirty']"
0,"['unreliable', 'service', 'mobile']"
0,"['not', 'good', 'enough', 'price']"
0,"['bought', 'two', 'neither', 'charge']"
1,"['look', 'nice']"
1,"['excellent', 'tool', 'especially', 'paired', 'phone', 'auto', 'answer']"
1,"['read', 'review', 'but', 'haven', 'problem']"
0,"['product', 'cover', 'important', 'light', 'sensor', 'ear', 'outlet']"
1,"['comfortable', 'hand']"
0,"['just', 'doe', 'not', 'work']"
0,"['poor', 'reliability']"
1,['work']
0,"['take', 'picture', 'battery', 'drop', 'bar', 'start', 'beeping', 'letting', 'know', 'dieing']"
0,"['terrible', 'product', 'waste', 'money']"
0,"['last', 'time', 'buying']"
0,"['waste', 'money']"
1,"['far', 'ha', 'worked', 'like', 'charm']"
1,"['week', 'but', 'far', 'good']"
1,"['but', 'case', 'best', 'part', 'download', 'picture', 'laptop', 'using', 'ir', 'even', 'send', 'picture', 'laptop', 'phone']"
1,"['would', 'recommend', 'item']"
1,"['choice', 'headset', 'year', 'great', 'sound', 'good', 'volume', 'good', 'noise', 'cancellation']"
1,"['nice', 'case', 'feel', 'good', 'hand']"
0,"['item', 'received', 'counterfeit']"
1,"['just', 'really', 'good', 'far', 'probably', 'best', 'bt', 'headset', 'ever']"
1,"['work', 'fine']"
1,"['received', 'headset', 'good', 'time', 'happy']"
1,"['pleased', 'see', 'could', 'replace', 'well', 'travled', 'swivel', 'holster', 'blackberry', 'flip']"
1,"['sister', 'ha', 'one', 'also', 'love']"
1,"['good', 'quality']"
0,"['far', 'worst', 'purchase', 'made', 'amazon']"
1,"['excellent', 'dual', 'purpose', 'headset']"
1,['excellent']
0,"['doe', 'not', 'work', 'listening', 'music', 'cingular', '8125']"
1,"['seems', 'completely', 'secure', 'holding', 'belt', 'keeping', 'iphone', 'inside']"
0,"['bottowm', 'line', 'another', 'worthless', 'cheap', 'gimmick', 'sprint']"
0,"['trouble', 'volume']"
1,"['good', 'thing', 'fit', 'comfortably', 'small', 'ear']"
0,"['warning', 'not', 'buy']"
1,"['pairing', 'iphone', 'could', 'not', 'happier', 'far']"
0,"['open', 'battery', 'connection', 'broken', 'device', 'turned']"
0,"['didn', 'want', 'clip', 'going', 'top', 'ear', 'causing', 'discomfort']"
1,"['best', 'headset', 'ever']"
0,"['don', 'trust', 'website', 'don', 'expect', 'helpful', 'support']"
1,"['loud', 'glad', 'say', 'plantronics', '510', 'maintains', 'flawless', 'connection', 'cell', 'no', 'static', 'normal', 'use']"
0,"['speaker', 'low', 'quality', 'making', 'ring', 'tone', 'sound', 'cheap']"
1,"['fit', 'comfortably', 'came', 'three', 'size', 'earbud', 'tip']"
1,"['excellent', 'product', 'price']"
0,"['bad', 'reception']"
0,"['product', 'high', 'quality', 'chinese', 'crap']"
1,"['quite', 'comfortable', 'ear']"
1,"['great', 'phone']"
0,"['don', 'buy', 'product', 'fails']"
0,"['everything', 'product', 'wrong', 'first']"
1,"['pairing', 'two', 'device', 'easy', 'barely', 'took', 'couple', 'minute', 'started', 'making', 'call', 'voice', 'dialing', 'feature']"
0,"['utterly', 'confusing', 'first', 'caused', 'lose', 'couple', 'important', 'contact']"
0,"['terrible', 'phone', 'holder']"
1,"['cutout', 'button', 'placed', 'perfectly']"
1,"['love', 'able', 'use', 'one', 'headset', 'land', 'line', 'cell']"
0,"['problem', 'ear', 'loop', 'made', 'weak', 'material', 'break', 'easily']"
0,"['not', 'nearly', 'good', 'looking', 'amazon', 'picture', 'make', 'look']"
1,"['but', 'despite', 'flaw', 'case', 'exceptional', 'quality', 'well', 'worth', 'additional', 'cost', 'owning', 'official', 'oem', 'product']"
0,"['how', 'stupid']"
1,"['hear', 'driving', 'car', 'usually', 'don', 'even', 'put', 'loudest', 'setting']"
1,"['seller', 'shipped', 'quickly', 'much', 'cheaper', 'competitor']"
1,"['good', 'show', 'samsung']"
1,"['bought', '10', 'saved', 'alot', 'money']"
0,"['always', 'cut', 'make', 'beep', 'beep', 'beep', 'sound', 'say', 'signal', 'failed']"
0,"['couldn', 'figure']"
0,"['phone', 'sounded', 'ok', 'not', 'great', 'ok', 'but', 'wife', 'phone', 'almost', 'totally', 'unintelligible', 'couldn', 'understand', 'word', 'said']"
0,"['take', 'battery', 'phone', 'put', 'back', 'together', 'restart']"
0,"['managed', 'bend', 'leaf', 'spring', 'back', 'place', 'metal', 'ha', 'enough', 'stress', 'break', 'next', 'drop']"
1,"['leopard', 'print', 'wonderfully', 'wild']"
1,['work']
0,"['saggy', 'floppy', 'piece', 'junk']"
1,"['much', 'better', 'hard', 'plastic', 'case']"
0,"['also', 'new', 'problem']"
1,"['happy', 'far']"
1,"['cool', 'phone']"
1,"['work', 'good']"
1,"['motorola', 'finally', 'got', 'voice', 'quality', 'bluetooth', 'headset', 'right']"
0,"['loos', 'connection', 'phone', 'even', 'within', 'couple', 'foot', 'two']"
1,"['but', 'great', 'would', 'really', 'recommend']"
0,"['make', 'easier', 'keep', 'bluetooth', 'not', 'wearing']"
0,"['said', 'pretty', 'useless']"
0,"['never', 'got']"
0,"['pair', 'headphone', 'worst', 'ever', 'sound', 'wise']"
0,"['drain', 'weak', 'snap']"
0,"['doe', 'not', 'charge', 'cingular', 'att', '8525', 'phone']"
1,"['get', 'extra', 'minute', 'carry', 'call', 'not', 'get', 'cut']"
0,"['however', 'year', 'fliptop', 'started', 'get', 'loose', 'wobbly', 'eventually', 'screen', 'went', 'black', 'couldn', 'receive', 'place', 'call']"
0,"['kept', 'catching', 'cable', 'seat', 'pull', 'phone', 'turn']"
1,"['headset', 'fulfills', 'requirement', 'happy', 'purchase']"
1,"['logitech', 'bluetooth', 'headset', '10']"
1,"['like', 'fact', 'rest', 'lightly', 'ear', 'rather', 'inside']"
1,"['lot', 'website', 'rating', 'good', 'phone']"
1,"['tried', 'cable', 'computer', 'ipod', 'work', 'just', 'fine']"
0,"['mic', 'joke', 'volume', 'quite', 'low']"
0,['returning']
0,"['doe', 'not', 'maintain', 'connection', 'computer', 'lap']"
1,"['easy', 'turn', 'car', 'volume', 'control', 'quite', 'accessable']"
1,"['mine', 'year', 'christmas', 'bought', 'rest', 'family']"
1,"['otherwise', 'easy', 'install', 'use', 'clear', 'sound']"
1,"['nice', 'leather']"
0,"['purchase', 'different', 'case']"
1,"['joy', 'use']"
0,"['much', 'disappointed', 'company']"
1,['satisifed']
0,"['didn', 'charge']"
1,"['phone', 'get', '2005', 'just', 'bought', 's710a', 'say', 'wow']"
0,"['button', 'small']"
1,"['just', 'reading', 'spec', 'alone', 'make', 'say', 'wow']"
1,"['love', 'great', 'armband']"
1,"['really', 'like', 'product', 'motorola', 'allot', 'clearer', 'ear', 'piece', 'mic']"
0,"['however', 'keypad', 'tinny', 'sometimes', 'reach', 'wrong', 'button']"
1,"['exchanged', 'sony', 'ericson', 'z500a', 'pretty', 'happy', 'decision']"
1,"['impressed', 'price', 'case']"
1,"['also', 'make', 'easier', 'hold']"
1,"['use', 'product', 'motor', 'control', 'center', 'lot', 'high', 'voltage', 'humming', 'equipment', 'work', 'great']"
1,"['pretty', 'easy']"
0,"['not', 'make', 'call', 'certain', 'place']"
0,"['however', 'girl', 'complain', 'time', 'phone', 'doesn', 'wake', 'like', 'normal', 'phone', 'doe']"
1,"['beautiful', 'styling', 'though']"
0,"['company', 'charge', 'restocking', 'fee', 'still', 'not', 'given', 'refund', 'back']"
0,"['trying', 'return', 'refund']"
0,"['plugged', 'find', 'not', 'darn', 'thing', 'worked']"
1,"['excellent', 'product']"
0,"['earbud', 'piece', 'break', 'easily']"
0,"['lousy', 'product']"
0,"['phone', 'try', 'hard', 'everything', 'but', 'fails', 'ability', 'phone']"
1,"['best', 'charger', 'seen', 'market', 'yet']"
1,"['sweetest', 'phone']"
1,"['oh', 'charger', 'seems', 'work', 'fine']"
1,"['fit', 'securely', 'ear', 'hook', 'doe', 'not', 'even', 'need', 'used', 'sound', 'better', 'directed', 'ear', 'canal']"
0,"['not', 'enough', 'volume']"
0,"['echo', 'problem', 'unsatisfactory']"
0,"['could', 'take', '2', 'video', 'time', 'quality', 'poor']"
0,"['don', 'waste', 'money']"
0,"['going', 'first', 'negatively', 'review', 'product']"
0,"['adapter', 'doe', 'not', 'provide', 'enough', 'charging', 'current']"
0,"['much', 'hype', 'phone', 'assumed', 'best', 'mistake']"
0,"['also', 'not', 'take', 'picture', 'case', 'lense', 'covered']"
0,"['phone', 'fall', 'easily']"
0,"['didn', 'work', 'people', 'not', 'hear', 'talk']"
0,"['text', 'messaging', 'feature', 'really', 'tricky', 'use']"
0,"['really', 'disappointed', 'charger', 'doesn', 'work']"
0,"['painful', 'ear']"
0,"['lasted', 'one', 'day', 'blew']"
0,['disappointed']
0,"['kind', 'flop', 'around']"
0,"['screen', 'doe', 'get', 'smudged', 'easily', 'touch', 'ear', 'face']"
0,"['piece', 'junk', 'lose', 'call', 'phone']"
0,"['item', 'doe', 'not', 'match', 'picture']"
0,"['thing', 'disappoint', 'infra', 'red', 'port', 'irda']"
0,"['not', 'answer', 'call', 'unit', 'never', 'worked']"
