"MonthlyCharge","Tenure","Children","Age","Email","Population","Bandwidth_GB_Year","Port_modem","Tablet","InternetService_Fiber_Optic","InternetService_DSL","Phone","OnlineSecurity","OnlineBackup","DeviceProtection","TechSupport","StreamingTV","StreamingMovies"
172.455519,6.795512947,0,68,10,38,904.5361102,1,1,1,0,1,1,1,0,0,0,1
242.632554,1.156680997,1,27,12,10446,800.9827661,0,1,1,0,1,1,0,0,0,1,1
159.947583,15.75414408,4,50,9,3735,2054.706961,1,0,0,1,1,0,0,0,0,0,1
119.95684,17.08722662,1,48,15,13863,2164.579412,0,0,0,1,1,1,0,0,0,1,0
149.948316,1.670971726,0,83,16,11352,271.4934362,1,0,1,0,0,0,0,0,1,1,0
185.007692,7.000993555,3,83,15,17701,1039.357983,1,0,0,0,1,1,1,1,0,0,1
200.118516,13.23677381,0,79,10,2535,1907.242972,0,0,0,1,1,0,0,0,1,1,1
114.950905,4.26425515,2,30,16,23144,979.6127078,0,0,0,1,0,0,1,0,0,0,0
117.468591,8.220686373,2,49,20,17351,1312.874964,1,0,0,1,1,1,1,0,0,0,0
162.482694,3.422086139,1,86,18,20193,508.7637913,1,0,1,0,1,1,0,1,0,0,1
174.958118,19.26726194,7,23,9,555,2728.767869,0,0,0,1,1,1,1,0,0,1,0
149.962093,10.52199781,2,56,17,33372,1180.588788,1,0,1,0,1,0,0,1,0,1,0
137.439154,13.01149229,0,83,9,556,1196.388018,1,0,1,0,1,0,0,0,0,1,0
159.965581,10.06019902,1,30,10,8165,1582.295235,0,0,0,1,0,0,1,0,1,0,0
177.65076,13.87001293,3,39,13,2093,1840.014467,0,0,0,0,1,1,0,0,0,1,1
194.966286,15.78214958,0,63,13,50079,2070.376729,1,0,0,1,1,0,1,1,0,0,1
202.682861,2.303331273,2,60,16,7249,882.0985933,0,0,0,0,1,1,0,1,1,1,1
152.490739,17.10995632,3,61,11,9463,1833.0967,1,0,0,0,1,0,1,1,1,1,0
149.944668,12.80615845,3,23,10,3177,1954.080809,1,0,0,1,1,0,0,0,0,1,0
184.978458,20.45390977,4,38,14,69,2330.319383,0,0,1,0,1,1,1,1,0,0,1
127.495766,2.415991977,3,30,18,14440,594.1054279,0,1,1,0,1,1,0,1,0,0,0
124.964303,6.652298992,3,52,16,381,713.0633088,0,0,1,0,1,0,0,0,1,0,0
149.948316,8.543717478,2,68,9,2193,945.3802928,1,0,1,0,1,0,0,0,1,1,0
162.511928,5.770390256,3,75,15,9434,870.76398,0,1,0,0,1,1,0,1,0,0,1
92.455141,4.157658837,1,77,12,29568,774.2937069,0,1,0,1,1,0,0,0,0,0,0
222.649979,10.40566091,1,47,15,3089,1506.446527,1,0,1,0,1,1,0,1,0,1,1
139.981577,1.392421597,0,70,12,5652,419.0508708,1,0,0,0,1,0,1,1,0,1,0
200.132293,1.430386349,3,20,13,1716,1259.415493,0,0,0,1,1,0,0,1,0,1,1
257.651257,5.425864884,4,69,18,52484,1745.125956,0,1,0,1,1,1,1,1,0,1,1
230.105118,11.08287797,9,45,14,11268,1795.465729,1,0,1,0,0,0,1,0,0,1,1
147.489301,3.586184954,0,40,13,1765,492.4771472,0,1,0,0,1,0,1,0,1,0,0
230.105118,4.727388465,6,82,9,680,1013.993166,1,1,1,0,1,0,1,0,0,1,1
174.958118,20.89923386,5,74,8,136,2680.762173,0,0,0,1,1,1,1,0,0,1,0
267.664655,3.471329958,4,69,15,1517,1081.814362,1,0,1,0,1,1,0,1,1,1,1
162.483267,5.478588204,1,52,11,14103,1209.961168,1,0,0,1,1,1,1,0,1,0,0
229.993134,3.312991809,2,26,16,6394,897.5919144,1,0,1,0,1,1,1,1,1,0,1
140.00128,7.161561527,1,25,9,5059,1340.930156,1,1,0,1,1,1,0,1,0,0,0
184.964681,9.847563364,1,66,12,20450,1113.993679,1,0,1,0,1,1,1,0,1,0,1
147.473844,16.04202196,1,72,10,2123,1530.10769,1,0,1,0,1,0,1,1,0,0,0
172.457857,9.179779682,3,21,12,1164,1310.137419,0,0,1,0,1,0,1,1,0,1,0
107.481989,3.002844144,3,55,16,23,892.8964931,1,0,0,1,1,1,0,0,1,0,0
255.141716,3.924254455,4,41,11,895,1125.581944,1,0,1,0,1,1,0,0,1,1,1
192.456745,18.55959629,4,32,13,6699,2016.710031,1,1,1,0,1,0,0,0,1,0,1
242.632554,8.798394712,0,22,6,35743,1412.736809,1,0,1,0,1,1,0,0,0,1,1
245.174977,10.377366,2,44,5,320,1710.689671,1,1,0,0,1,1,1,1,0,1,1
184.964681,22.25746016,2,23,11,7870,2384.885909,1,0,1,0,1,1,1,0,1,0,1
195.006206,9.427146079,3,43,11,861,1213.940165,0,0,1,0,1,1,1,1,1,0,0
104.962874,7.760290062,1,86,11,15364,740.010722,1,0,0,0,1,0,0,0,0,1,0
92.488023,11.56938439,2,84,14,2589,897.9716153,0,1,0,0,1,0,0,0,1,0,0
184.979684,3.343811019,2,62,13,4901,1026.387172,1,0,0,1,1,0,0,1,1,0,1
187.656013,7.338869531,5,68,12,39649,1234.244324,1,0,0,0,1,0,0,1,0,1,1
149.962093,5.486534225,1,59,8,456,727.3731845,0,0,1,0,1,0,0,1,0,1,0
169.944668,1.55278221,0,31,6,94,452.8721504,0,0,1,0,1,0,0,0,0,1,0
160.00128,12.07970325,0,51,11,315,1296.674543,1,0,1,0,1,1,0,1,0,0,0
129.962093,13.98666226,1,58,11,4969,1840.628269,0,0,0,1,1,0,0,1,0,1,0
114.950905,9.563362997,1,73,11,46869,1324.330108,0,0,0,1,1,0,1,0,0,0,0
142.515576,6.732948946,1,33,11,58431,958.1397059,0,0,0,0,1,1,0,1,1,0,1
220.14775,15.72071086,1,58,15,26182,1868.864027,1,0,0,0,1,0,0,0,1,1,1
124.97808,7.233605493,0,49,9,694,676.712908,0,0,1,0,1,0,0,1,0,0,0
164.964681,2.871017037,1,26,12,3093,1086.990308,0,1,0,1,1,1,1,0,1,0,1
194.976769,2.344875382,1,25,10,2765,704.7540406,1,0,1,0,1,0,0,1,1,1,0
152.455519,7.960490246,0,42,14,3757,1416.444695,1,0,0,1,1,1,1,0,0,0,1
92.5018,12.25062113,1,81,15,4938,1095.950634,0,1,0,0,1,0,0,1,0,0,0
127.488728,9.634946079,1,43,13,3761,1083.610268,0,1,0,0,1,0,0,1,0,0,1
184.963371,7.916533093,2,63,14,1851,1570.641337,1,0,0,1,1,0,1,1,0,1,0
265.146969,4.471254161,3,70,11,38476,1007.425553,1,0,1,0,1,0,0,1,1,1,1
207.609354,10.79028074,1,78,19,13547,1323.028419,0,0,1,0,1,0,0,0,0,1,1
152.462354,12.24190682,0,48,17,7801,1808.730555,1,1,0,1,1,1,0,0,0,1,0
200.132293,2.203859443,1,63,18,17823,1120.241472,1,0,0,1,1,0,0,1,0,1,1
212.655686,23.92132231,4,60,12,20269,2676.789803,1,1,0,0,1,1,1,0,1,1,1
255.119794,3.7311787,0,87,17,30225,1268.086909,1,0,0,1,1,0,1,0,1,1,1
134.950905,7.980015371,3,54,9,5760,822.6771666,1,0,1,0,1,0,1,0,0,0,0
255.137219,9.190009376,3,35,9,61,1577.915603,1,0,1,0,1,0,1,1,1,1,1
214.966286,2.378630018,1,70,16,34359,648.7471776,0,0,1,0,1,0,1,1,0,0,1
270.160419,5.43464555,2,67,13,24693,1648.102673,1,1,0,1,1,1,1,1,1,1,1
200.165175,1.092361222,4,46,11,4235,768.0874545,0,0,0,0,0,0,0,1,1,1,1
149.937833,20.13981517,1,50,10,2193,2426.030626,0,0,0,1,1,0,1,0,0,0,1
240.114868,24.64873861,1,24,18,273,2660.503932,0,1,1,0,1,0,0,0,0,1,1
127.495766,9.677739656,0,20,17,14557,1129.549713,0,1,1,0,1,1,0,1,0,0,0
187.609354,9.82814183,1,29,13,17653,1771.286466,1,0,0,1,1,0,0,0,0,1,1
169.992756,7.832238337,0,31,6,285,943.3391244,1,0,1,0,1,0,0,1,1,0,0
192.456745,19.45250317,5,72,13,320,1907.226083,1,0,1,0,1,0,0,0,1,0,1
120.004928,14.34766616,4,71,10,2863,1885.939118,0,1,0,1,1,1,0,1,1,0,0
195.006206,2.257358355,2,32,11,1206,631.7435653,1,0,1,0,1,1,1,1,1,0,0
139.95684,2.358129018,0,33,15,35279,562.6095219,0,0,1,0,1,1,0,0,0,1,0
114.983787,4.650578623,3,67,12,1049,593.8572264,0,0,0,0,1,0,1,0,1,0,0
207.638588,3.721772616,0,66,13,32203,777.3060718,1,0,0,0,1,0,0,0,0,1,1
187.609354,3.76663012,4,21,12,25576,1393.202392,1,0,0,1,1,0,0,0,0,1,1
134.950905,4.151256695,0,61,13,319,393.6524652,1,1,1,0,1,0,1,0,0,0,0
192.470522,2.188918771,0,75,13,55519,409.7486664,0,0,1,0,1,0,0,1,0,0,1
222.628057,13.85488928,0,63,9,15210,2138.107161,1,1,0,1,0,0,1,1,0,1,1
162.468917,3.273341151,0,68,3,3499,443.984031,1,0,1,0,1,1,0,0,1,0,1
159.979358,19.75096265,2,32,7,14479,2481.385603,1,0,0,1,1,0,1,1,0,0,0
184.979684,18.38404445,0,76,7,4654,2233.567181,0,1,0,1,1,0,0,1,1,0,1
245.145743,4.672610857,0,29,13,26320,1158.91369,0,0,1,0,1,1,1,1,0,1,1
124.97808,6.796299371,0,83,17,35,529.40733,0,0,1,0,1,0,0,1,0,0,0
187.484705,12.97632235,10,23,14,521,1956.7337,0,0,1,0,1,1,1,1,1,1,0
162.500692,20.31163945,5,80,15,17600,2056.386979,0,0,1,0,1,1,1,1,1,0,0
182.467607,6.998814446,0,20,11,3324,1067.373076,0,0,1,0,1,0,0,1,0,1,0
222.660939,14.46288204,0,69,12,55122,1806.135733,0,0,0,0,0,0,1,1,1,1,1
182.467607,11.13472066,1,32,10,4038,1397.701335,0,0,1,0,1,0,0,1,0,1,0
220.161527,2.542296644,0,53,19,31927,808.4305471,0,1,0,0,1,0,0,1,0,1,1
169.937833,17.22596021,2,25,9,19904,1886.531937,0,0,1,0,1,0,1,0,0,0,1
204.963371,22.79214163,0,69,16,13000,2294.781131,1,0,1,0,0,0,1,1,0,1,0
204.963371,3.823689744,3,71,10,1444,826.3438621,0,0,1,0,1,0,1,1,0,1,0
245.128318,10.77094687,3,53,18,2158,2072.564168,0,0,0,1,1,1,1,0,0,1,1
172.473314,13.08671185,2,56,11,1800,1436.793746,0,1,0,0,1,0,1,0,1,1,0
172.456745,14.76468813,0,42,9,30,1963.332683,1,0,0,1,0,0,0,0,1,0,1
194.976769,9.473091121,3,33,14,3682,1324.164906,0,0,1,0,1,0,0,1,1,1,0
137.439154,5.197446331,1,47,16,41733,704.9375603,0,0,1,0,1,0,0,0,0,1,0
192.470522,6.577552683,1,48,18,630,888.6517305,1,1,1,0,1,0,0,1,0,0,1
159.951231,3.174571918,0,63,10,15383,377.0810282,1,0,1,0,1,0,0,0,1,0,1
112.455141,17.88002366,1,40,9,257,1606.489936,0,0,1,0,1,0,0,0,0,0,0
174.961766,13.12190056,0,67,14,1012,1431.409396,0,0,1,0,1,1,1,0,1,1,0
162.452604,23.34617699,0,56,13,20327,2253.85247,0,0,1,0,1,1,1,0,0,1,0
137.483594,6.311709178,6,24,10,69,1353.29384,1,1,0,1,1,0,0,1,0,0,0
275.133571,12.58298231,2,79,12,1130,1701.457566,0,1,1,0,1,0,1,1,0,1,1
127.442069,7.120096363,3,61,16,4210,1290.737183,1,0,0,1,1,0,0,0,0,0,1
210.138,9.344886869,0,38,11,155,1403.270091,0,0,0,0,1,0,1,0,1,1,1
147.456419,22.37815032,4,28,13,37711,2603.903672,0,0,0,1,1,0,1,0,0,0,0
242.657291,4.799514433,3,44,8,1800,1256.287854,1,1,0,0,1,0,1,1,0,1,1
114.983787,10.04672315,1,65,14,8028,980.9935923,0,1,0,0,1,0,1,0,1,0,0
187.656013,8.156552837,3,35,15,31859,1347.869205,1,1,0,0,1,0,0,1,0,1,1
149.991327,7.992791229,2,31,9,16101,1127.267848,1,0,0,0,1,0,0,1,0,1,0
124.960655,7.231032028,2,34,11,20449,1269.836202,1,1,0,1,1,0,0,0,0,0,0
220.161527,4.627672042,2,68,13,161,1038.745378,1,1,0,0,1,0,0,1,0,1,1
172.48852,10.05306287,0,62,9,29210,1531.155367,0,0,0,1,0,0,1,1,1,0,0
120.004928,4.171044392,0,52,14,821,991.2441024,1,1,0,1,1,1,0,1,1,0,0
220.161527,4.568682641,5,32,11,5846,1244.296865,0,0,0,0,1,0,0,1,0,1,1
139.965008,6.085030507,0,47,10,4476,1162.332926,1,0,0,1,1,0,0,1,0,0,1
159.951231,2.730250735,8,66,12,5529,577.1157824,1,0,1,0,1,0,0,0,1,0,1
184.949594,8.574901206,1,70,14,25328,1442.974877,1,0,0,1,1,0,1,0,1,1,0
252.637807,9.743201772,3,41,10,3736,1577.208717,1,0,1,0,1,0,0,1,0,1,1
112.455141,9.482919033,2,59,8,610,886.9398744,1,0,1,0,1,0,0,0,0,0,0
179.979358,8.447988841,1,46,12,34,1065.06443,0,0,1,0,1,0,1,1,0,0,0
202.443347,6.365998533,3,70,17,3199,951.886985,1,1,1,0,1,0,1,0,0,0,1
197.472533,7.251397592,1,89,12,1135,1404.435534,0,0,0,1,1,0,1,1,1,1,0
255.155493,14.64011644,4,75,10,1750,1925.911722,0,0,1,0,0,1,0,1,0,1,1
174.976769,11.71637124,0,26,9,1076,1805.011298,0,1,0,1,1,0,0,1,1,1,0
169.992756,4.13273503,4,25,8,1692,700.7343179,1,0,1,0,1,0,0,1,1,0,0
192.440432,2.887429547,1,84,14,43123,513.237305,0,0,1,0,1,0,1,0,0,1,0
182.460772,3.303030246,3,69,15,2396,717.3876564,0,1,1,0,1,0,1,1,0,0,1
139.965008,5.15825129,3,31,11,12914,1313.492851,0,1,0,1,1,0,0,1,0,0,1
137.461553,3.237560234,10,76,14,15171,819.4195269,0,0,0,0,1,0,1,0,0,0,1
217.472533,2.733109234,8,75,15,5157,882.1160656,0,0,1,0,1,0,1,1,1,1,0
210.138,3.180102025,1,74,17,828,724.7803356,1,1,0,0,1,0,1,0,1,1,1
104.964303,15.85983755,1,49,10,98,1829.270014,0,0,0,1,0,0,0,0,1,0,0
262.610632,11.73724209,1,47,16,15671,1668.199119,0,0,1,0,1,0,1,0,0,1,1
152.488401,7.006240694,4,20,17,2229,1124.353152,1,1,0,0,1,1,1,0,1,0,1
174.974431,5.562130367,2,26,10,4982,1316.239744,0,0,0,1,1,1,0,0,1,0,1
220.118516,14.53027663,2,72,8,18575,1637.201426,0,0,1,0,1,0,0,0,1,1,1
162.452604,5.905906389,1,41,13,15715,951.8524406,0,1,1,0,1,1,1,0,0,1,0
184.961033,3.260462654,3,26,12,6252,1248.097652,1,1,0,1,1,1,1,0,0,0,1
217.483972,18.91276578,4,55,12,3834,2220.255405,1,0,1,0,1,1,1,1,0,0,1
220.118516,14.25617986,1,46,11,19556,1669.202417,1,0,1,0,1,0,0,0,1,1,1
187.642236,7.983887266,0,87,13,47732,990.0555076,1,0,0,0,1,0,0,0,1,1,1
174.961766,5.969967132,1,39,9,86926,967.9819136,0,1,1,0,1,1,1,0,1,1,0
252.637807,19.95277818,0,81,12,69,2190.259876,0,0,1,0,1,0,0,1,0,1,1
130.024412,14.85781115,0,83,13,15033,1445.752781,1,0,0,0,1,1,1,1,1,0,0
162.482694,2.600063739,0,50,12,2673,528.6553088,0,0,1,0,1,1,0,1,0,0,1
182.467607,11.92299244,3,87,13,1879,1296.481055,1,0,1,0,1,0,0,1,0,1,0
139.934918,5.972864167,3,76,13,358,1195.393037,1,0,0,1,1,0,1,0,0,1,0
200.165175,10.87555535,6,25,13,32653,1700.121992,0,0,0,0,1,0,0,1,1,1,1
202.682861,16.00330155,3,34,14,10398,2120.673828,1,0,0,0,1,1,0,1,1,1,1
159.951231,12.63074989,1,46,11,2081,1238.421347,1,0,1,0,1,0,0,0,1,0,1
149.948316,8.4944392,1,73,7,3410,847.110799,1,0,1,0,1,0,0,0,1,1,0
149.959755,8.044444101,8,57,12,377,1112.937102,1,0,1,0,1,1,0,0,0,0,1
137.469817,12.07358377,3,58,14,1917,1623.045026,1,1,0,1,1,0,0,0,1,0,0
187.656013,10.21634248,4,70,12,2482,1479.730181,1,0,0,0,1,0,0,1,0,1,1
164.985293,15.50354683,0,53,7,902,2144.735024,1,0,0,1,1,1,0,1,0,1,0
159.965008,13.88004531,0,31,11,43714,1522.289512,1,0,1,0,1,0,0,1,0,0,1
172.462354,19.48900163,0,38,10,3066,1974.780054,0,0,1,0,1,1,0,0,0,1,0
204.949594,10.01771765,0,26,11,13365,1261.177198,0,0,1,0,1,0,1,0,1,1,0
147.473844,7.34059599,2,44,14,207,939.7181324,1,0,1,0,1,0,1,1,0,0,0
162.471255,12.64742067,3,66,11,689,1357.062854,0,0,1,0,1,0,0,1,1,1,0
119.95684,8.850426839,1,58,15,99,1456.887443,1,0,0,1,1,1,0,0,0,1,0
207.609354,3.701557118,6,51,11,509,937.5863866,0,0,1,0,1,0,0,0,0,1,1
194.999168,2.976033785,4,34,14,933,830.1193011,0,0,0,0,1,0,1,1,1,0,1
174.975543,5.522376826,0,87,14,4991,737.8564608,1,0,1,0,1,1,1,1,0,1,0
240.114868,15.64596698,1,67,9,1579,1781.854862,1,0,1,0,1,0,0,0,0,1,1
240.114868,23.00764441,4,59,12,19669,2464.577489,0,1,1,0,1,0,0,0,0,1,1
139.983006,17.24924155,7,23,10,530,2392.203409,1,0,0,1,1,0,1,1,1,0,0
240.114868,13.01107597,0,42,12,1469,1664.19271,1,0,1,0,1,0,0,0,0,1,1
209.993134,5.104082209,1,24,11,324,1433.616898,1,0,0,1,1,1,1,1,1,0,1
147.456419,3.521499924,2,81,10,10482,823.4933243,1,1,0,1,1,0,1,0,0,0,0
107.495766,8.08137067,8,78,14,3151,1468.357421,0,0,0,1,1,1,0,1,0,0,0
152.502178,1.875430489,1,51,8,1919,590.7765801,0,1,0,0,1,1,1,1,0,0,1
79.978861,5.587484456,1,70,12,241,418.6206885,1,0,0,0,1,0,0,0,0,0,0
142.482694,7.007695148,0,87,13,673,1181.991846,1,1,0,1,1,1,0,1,0,0,1
117.439154,1.408375942,0,46,14,2649,733.4036934,0,0,0,1,1,0,0,0,0,1,0
220.132293,11.64983735,8,56,14,1655,1719.173387,1,1,1,0,1,0,0,1,0,1,1
152.455519,2.964559883,4,44,11,1598,1205.956363,0,0,0,1,1,1,1,0,0,0,1
174.961766,10.25635754,0,33,9,6658,1261.032763,0,0,1,0,1,1,1,0,1,1,0
202.443347,3.892407013,0,19,14,823,741.7766988,1,0,1,0,1,0,1,0,0,0,1
210.12704,3.226996711,1,31,12,13287,932.6084359,1,0,1,0,1,1,0,0,0,1,1
139.979239,15.87685513,1,34,9,2394,1708.614019,0,1,0,0,1,1,1,0,0,0,1
139.965008,5.874064017,4,43,11,9295,1363.58603,1,1,0,1,1,0,0,1,0,0,1
137.439154,3.756359276,1,82,5,315,472.1057019,0,1,1,0,1,0,0,0,0,1,0
102.474625,2.905283283,6,36,13,2998,558.2340556,0,0,0,0,1,0,1,0,0,0,0
252.637807,1.474810061,1,48,17,178,815.194738,1,1,1,0,1,0,0,1,0,1,1
194.999168,18.56165869,0,52,11,1423,2007.303617,1,1,0,0,1,0,1,1,1,0,1
242.610632,12.39088509,1,35,16,1935,2088.48083,1,0,0,1,1,0,1,0,0,1,1
127.458638,14.17192333,3,83,15,90517,1430.761492,1,0,0,0,1,0,1,0,0,1,0
129.976324,3.86023041,0,20,14,239,822.3008694,0,1,0,0,1,1,1,0,0,1,0
240.114868,17.72593456,0,25,13,1003,2059.200998,0,0,1,0,1,0,0,0,0,1,1
174.975543,3.043063167,0,88,18,2817,617.542543,0,0,1,0,1,1,1,1,0,1,0
169.944668,5.827112819,1,54,8,884,758.4775985,1,0,1,0,1,0,0,0,0,1,0
162.511928,4.648958177,1,46,12,11245,894.6733856,1,1,0,0,1,1,0,1,0,0,1
119.95684,11.96274778,2,75,14,19215,1639.898269,1,0,0,1,1,1,0,0,0,1,0
137.439154,4.525864256,5,66,11,2733,710.7541633,0,0,1,0,0,0,0,0,0,1,0
207.46728,8.038308899,0,51,12,1204,1092.226042,1,0,1,0,1,1,1,0,1,1,0
149.974105,1.416592892,3,81,12,62430,757.0097075,0,0,0,1,1,1,1,0,0,0,0
225.178625,19.83504645,0,75,18,1028,2301.850721,0,0,0,0,1,1,1,1,1,1,1
232.637807,15.85002222,3,54,8,28666,2401.406545,1,0,0,1,0,0,0,1,0,1,1
117.472036,15.94935291,2,73,10,44451,1535.788894,1,1,0,0,1,0,0,0,1,1,0
137.469817,11.94550648,0,53,12,266,1536.589816,1,0,0,1,1,0,0,0,1,0,0
220.132293,16.03360405,8,33,14,33649,2153.778421,1,0,1,0,1,0,0,1,0,1,1
124.960655,21.29342532,5,41,13,1994,2409.195918,1,1,0,1,1,0,0,0,0,0,0
199.990219,4.95598008,1,59,11,1869,1342.862457,1,1,0,1,1,1,1,1,1,1,0
159.947583,2.73951266,3,23,14,27590,1046.054674,0,0,0,1,1,0,0,0,0,0,1
245.145743,4.973046104,1,32,13,21792,1204.479468,0,0,1,0,0,1,1,1,0,1,1
255.155493,10.28430068,3,51,10,8770,1616.908193,1,0,1,0,1,1,0,1,0,1,1
134.950905,2.581692044,1,46,11,3378,345.0099528,1,1,1,0,1,0,1,0,0,0,0
159.947583,6.945736396,3,37,9,1748,1427.088655,1,1,0,1,1,0,0,0,0,0,1
139.987503,9.999416271,0,53,8,1598,1452.334634,0,0,0,1,1,1,0,0,1,0,0
179.947583,6.035737465,1,62,15,4335,795.4957358,0,1,1,0,1,0,0,0,0,0,1
127.473844,9.004964377,1,57,13,2299,1333.894229,0,1,0,1,0,0,1,1,0,0,0
232.637807,5.071456681,2,80,10,12275,1402.20491,1,0,0,1,1,0,0,1,0,1,1
195.006206,12.02106494,1,43,12,1065,1447.196935,1,1,1,0,1,1,1,1,1,0,0
267.642733,5.049303717,1,35,10,24438,1662.510936,1,1,0,1,1,0,1,1,1,1,1
149.959755,18.17247008,1,63,11,47974,1707.641161,0,1,1,0,1,1,0,0,0,0,1
220.114868,15.31997698,1,63,15,788,2181.752793,1,0,0,1,1,0,0,0,0,1,1
157.483594,16.0708543,1,27,11,16882,1575.683555,0,0,1,0,1,0,0,1,0,0,0
127.474951,7.873371451,4,19,14,165,1029.489242,1,0,0,0,1,0,0,0,1,0,1
139.981577,23.62866494,1,40,12,109,2370.184448,0,0,0,0,1,0,1,1,0,1,0
255.133571,25.8634566,0,42,8,11116,3309.919373,0,0,0,1,1,0,1,1,0,1,1
194.966286,9.405224809,0,40,16,1083,1623.273925,0,0,0,1,1,0,1,1,0,0,1
179.965581,12.84490034,0,72,12,15604,1146.199921,1,0,1,0,1,0,1,0,1,0,0
174.976769,16.59325254,3,61,10,37,2229.268031,1,1,0,1,0,0,0,1,1,1,0
187.609354,20.35456039,0,71,11,57344,2512.36494,0,0,0,1,1,0,0,0,0,1,1
169.937833,12.00925702,4,68,7,39035,1297.388488,0,1,1,0,1,0,1,0,0,0,1
115.002061,2.861423443,1,88,17,27698,283.39178,1,0,0,0,1,1,0,0,0,0,0
152.462354,14.20349453,1,64,11,13,1947.7853,0,1,0,1,1,1,0,0,0,1,0
207.609354,4.98152586,1,63,10,3639,849.1972541,0,0,1,0,1,0,0,0,0,1,1
147.503078,23.12150846,0,53,12,2950,2131.359827,1,0,0,0,1,0,1,1,0,0,0
200.118516,6.307178205,0,41,14,15041,1464.035068,1,0,0,1,1,0,0,0,1,1,1
137.497825,12.73622643,2,63,13,5188,1381.538548,0,0,0,0,1,1,1,0,0,0,0
134.980139,12.00466914,4,56,14,1317,1248.626874,0,0,0,0,1,0,1,0,0,0,0
147.442069,2.243757398,2,27,6,4755,558.3751762,0,1,1,0,1,0,0,0,0,0,1
197.494455,1.583394702,2,47,18,3658,676.2178659,0,0,1,0,1,1,0,1,1,1,0
162.529926,14.23487852,4,42,14,30733,1641.938696,0,0,0,0,1,1,1,1,1,0,0
210.151777,15.28108311,0,72,14,2431,1811.964373,0,0,0,0,1,0,1,1,0,1,1
159.965581,4.135827839,3,58,9,529,1066.632555,0,0,0,1,1,0,1,0,1,0,0
190.173699,9.740709475,0,33,12,346,1514.131966,0,0,0,0,0,1,0,1,0,1,1
202.649979,1.213704886,6,87,8,110,1189.549671,0,0,0,1,1,1,0,1,0,1,1
134.950905,11.86252419,0,34,11,34993,1114.020282,1,0,1,0,1,0,1,0,0,0,0
142.500692,2.416685985,7,76,11,36260,1078.291303,0,0,0,1,1,1,1,1,1,0,0
114.997564,6.73327535,3,38,21,671,854.2977548,0,1,0,0,1,0,1,1,0,0,0
232.62403,6.549035393,0,47,12,41839,1489.077486,1,1,0,1,1,0,0,0,1,1,1
242.628057,10.57197066,7,84,8,16546,1649.312808,1,0,1,0,1,0,1,1,0,1,1
202.443347,3.379756569,4,19,20,4,905.1959227,1,1,1,0,0,0,1,0,0,0,1
124.993537,8.959047529,0,87,16,32603,684.6318529,0,0,0,0,1,0,0,0,1,0,0
174.976769,10.23679934,3,75,5,607,1662.533055,0,0,0,1,1,0,0,1,1,1,0
225.145743,14.96503088,0,37,14,1067,2436.57146,1,0,0,1,0,1,1,1,0,1,1
275.133571,23.79323993,1,52,12,7655,2677.74041,0,0,1,0,1,0,1,1,0,1,1
287.642733,11.45675389,0,24,14,5981,1779.309609,1,1,1,0,1,0,1,1,1,1,1
177.65076,11.04076215,4,83,19,655,1494.716409,1,0,0,0,1,1,0,0,0,1,1
220.114868,7.425503428,3,19,19,16395,1740.72604,0,0,0,1,0,0,0,0,0,1,1
197.516854,2.411712843,1,78,13,198,704.7552669,1,0,0,0,1,1,1,1,1,0,1
194.974431,2.009542213,4,61,15,3473,558.4710883,1,0,1,0,1,1,0,0,1,0,1
175.133074,9.068119482,0,38,15,2992,1282.279049,0,0,0,0,1,0,0,0,0,1,1
147.478341,1.926789854,0,79,11,2914,287.8189836,1,0,1,0,1,1,0,0,0,0,0
134.980139,11.77389421,0,49,8,617,1129.529441,0,1,0,0,1,0,1,0,0,0,0
157.483594,2.585228303,0,41,10,444,394.0148722,1,0,1,0,1,0,0,1,0,0,0
255.141716,9.517703088,0,75,9,48969,1302.230824,1,0,1,0,1,1,0,0,1,1,1
137.439154,9.532523799,1,60,13,17307,970.4682919,1,1,1,0,1,0,0,0,0,1,0
235.159141,23.103996,1,70,13,25764,2522.88913,1,0,1,0,1,1,0,1,1,1,1
147.460067,5.104873611,0,23,9,671,682.9871863,1,0,1,0,1,0,1,0,1,0,0
232.637807,6.877942744,2,84,8,3064,1537.109931,0,0,0,1,1,0,0,1,0,1,1
137.439154,21.17839683,1,63,13,25619,1961.923965,1,0,1,0,1,0,0,0,0,1,0
129.948316,1.586331702,2,88,16,22547,676.1747964,0,1,0,1,1,0,0,0,1,1,0
242.632554,3.778174405,0,44,18,545,929.2607767,0,0,1,0,1,1,0,0,0,1,1
187.609354,11.58276897,1,49,17,398,1849.484087,0,0,0,1,1,0,0,0,0,1,1
232.652038,11.62258922,8,32,14,217,1998.680227,0,0,0,0,1,1,1,0,0,1,1
159.980465,20.78013031,1,69,8,32084,1898.877878,0,0,0,0,1,0,0,0,1,0,1
159.947583,3.940297464,2,60,16,5148,992.3501481,0,0,0,1,1,0,0,0,0,0,1
137.487242,11.38099891,0,57,11,2526,994.6354785,0,0,1,0,1,0,0,1,1,0,0
245.131966,1.473304337,8,62,14,30097,954.0290712,0,0,1,0,1,1,1,0,1,1,1
117.439154,12.75609778,0,26,11,703,1775.838153,1,0,0,1,1,0,0,0,0,1,0
209.993134,6.253919786,0,85,10,7334,1297.050577,0,1,0,1,1,1,1,1,1,0,1
169.974105,18.9537053,2,82,18,61045,1746.405243,0,0,1,0,1,1,1,0,0,0,0
197.470195,9.640061615,2,40,11,117,1698.465833,0,0,0,1,1,1,1,0,1,0,1
137.516476,5.201330266,0,50,10,29426,665.4740915,1,0,0,0,1,0,0,1,1,0,0
207.475448,12.42120946,1,71,10,26659,1886.153328,0,1,0,1,1,0,1,1,1,0,1
160.00128,8.134438503,2,48,14,12478,958.6989908,0,0,1,0,1,1,0,1,0,0,0
147.478341,14.86764776,0,24,10,11294,1446.203986,1,0,1,0,1,1,0,0,0,0,0
127.488728,5.548652108,3,79,11,3264,774.6125757,1,0,0,0,1,0,0,1,0,0,1
139.981577,18.35541838,4,82,12,4926,1939.811149,0,0,0,0,1,0,1,1,0,1,0
220.132293,7.62779591,2,68,8,473,1165.564309,0,1,1,0,1,0,0,1,0,1,1
214.952509,4.439685675,5,77,10,20925,750.8768234,1,0,1,0,1,0,1,0,1,0,1
139.99789,11.16903388,1,19,14,114,1292.3206,0,0,0,0,1,0,0,1,1,0,1
270.160419,14.14101821,1,80,15,715,2335.130986,0,0,0,1,0,1,1,1,1,1,1
202.443347,3.212400569,4,31,13,110,769.8534863,1,0,1,0,1,0,1,0,0,0,1
172.47417,16.84928353,2,62,10,19869,1729.837284,0,0,1,0,1,0,0,1,1,0,1
137.468388,3.834727471,4,80,16,13768,649.3891796,0,1,0,0,1,0,0,0,0,1,0
104.962874,6.198230305,1,36,16,604,823.0046464,1,0,0,0,1,0,0,0,0,1,0
174.969934,4.216732972,0,72,12,20731,1107.882056,1,0,0,1,1,0,1,1,1,0,1
139.99789,4.355064781,0,50,11,666,683.8622599,1,0,0,0,0,0,0,1,1,0,1
144.988941,4.030250374,3,31,17,729,1301.49424,0,1,0,1,1,1,0,1,1,1,0
114.997564,9.915959247,0,22,15,19659,1079.012505,1,0,0,0,1,0,1,1,0,0,0
172.484753,9.821728297,0,50,11,22569,1283.463995,1,0,0,0,1,1,1,0,0,0,1
124.97808,9.183905417,0,28,11,2019,987.653655,1,0,1,0,1,0,0,1,0,0,0
174.991856,8.892893007,0,63,8,1566,1088.263081,0,1,1,0,1,1,0,1,1,0,1
92.488023,7.661226872,1,73,11,38579,583.0259559,1,0,0,0,1,0,0,0,1,0,0
139.965008,12.4767812,3,72,16,3232,1778.733282,1,0,0,1,1,0,0,1,0,0,1
192.470522,2.462148717,7,23,8,566,900.4043765,0,1,1,0,1,0,0,1,0,0,1
220.118516,14.09942339,1,49,10,659,1693.576099,0,1,1,0,1,0,0,0,1,1,1
232.622804,7.272649386,1,82,14,1253,1143.826239,1,1,1,0,1,1,1,0,0,1,1
210.156274,3.999030359,1,72,9,23517,886.340074,1,0,0,0,1,1,0,0,0,1,1
114.972827,3.115945151,1,45,11,5886,373.2772664,0,0,1,0,1,1,0,0,0,0,0
149.977753,13.67931764,1,73,13,24628,1245.328696,0,1,1,0,1,1,1,0,1,0,0
184.985293,14.6728104,1,78,7,582,1564.936841,1,0,1,0,0,1,0,1,0,1,0
132.479779,5.953547112,4,71,11,34669,1354.401018,0,0,0,1,1,1,0,1,0,1,0
190.12704,11.74635394,4,67,11,1286,1971.429689,0,0,0,1,1,1,0,0,0,1,1
92.488023,5.954024226,1,43,11,3032,623.7865683,1,0,0,0,1,0,0,0,1,0,0
220.114868,22.8577804,5,27,12,312,3040.553763,0,0,0,1,1,0,0,0,0,1,1
107.495766,1.407866545,2,39,13,15586,864.7036995,1,0,0,1,1,1,0,1,0,0,0
169.967067,21.08265979,0,52,13,422,2042.113893,1,0,0,0,1,0,1,0,0,0,1
222.679213,11.10356439,9,19,8,26381,1973.661316,1,0,0,0,1,1,0,1,0,1,1
200.132293,9.734064703,0,48,12,396,1755.645123,1,0,0,1,1,0,0,1,0,1,1
262.610632,12.21754865,0,22,10,4270,1758.735654,0,1,1,0,1,0,1,0,0,1,1
152.495236,2.423722078,1,69,13,3098,557.0118807,1,0,0,0,1,1,0,0,1,1,0
202.636202,13.66061487,1,31,15,20606,2205.334092,0,0,0,1,1,1,0,0,1,1,1
127.478341,8.701581043,9,79,11,5978,1451.201108,0,1,0,1,1,1,0,0,0,0,0
159.983006,4.844060027,0,65,11,340,609.0598401,0,0,1,0,1,0,1,1,1,0,0
124.960655,6.485034974,4,49,10,926,1221.100604,0,0,0,1,1,0,0,0,0,0,0
252.62403,1.14113241,6,69,10,1543,745.0493094,1,0,1,0,1,0,0,0,1,1,1
104.97808,7.69213424,3,74,9,7256,1220.452161,1,0,0,1,1,0,0,1,0,0,0
204.961033,13.73012915,3,27,10,683,1771.472597,0,1,1,0,1,1,1,0,0,0,1
245.145743,5.690013293,4,79,13,6910,1201.484293,1,0,1,0,1,1,1,1,0,1,1
95.019486,6.68894661,1,41,14,7496,764.3017535,0,1,0,0,1,1,0,1,0,0,0
169.937833,9.475983046,0,51,14,641,1022.415622,1,1,1,0,1,0,1,0,0,0,1
207.475448,4.893221514,0,57,14,2816,1284.442486,1,1,0,1,1,0,1,1,1,0,1
114.983787,2.656915117,1,66,13,58,289.9240291,0,1,0,0,0,0,1,0,1,0,0
232.637807,8.381515693,4,85,9,1277,1718.600163,1,0,0,1,1,0,0,1,0,1,1
225.131966,14.53315436,9,54,14,11472,2494.633068,1,0,0,1,1,1,1,0,1,1,1
212.641455,13.62832619,8,79,11,9762,2270.749222,1,0,0,1,1,0,0,1,1,1,1
152.495236,1.281566108,3,56,10,617,567.6177123,1,0,0,0,0,1,0,0,1,1,0
134.950905,3.365552603,1,80,10,307,380.0501404,1,0,1,0,1,0,1,0,0,0,0
200.132293,5.397827503,0,37,12,8447,1436.408211,1,0,0,1,1,0,0,1,0,1,1
197.470195,9.001231999,7,24,11,35345,1852.503069,1,0,0,1,1,1,1,0,1,0,1
192.456745,10.9750814,3,48,15,41155,1312.008382,0,0,1,0,1,0,0,0,1,0,1
162.471255,7.825845378,0,68,15,17007,863.0820861,0,1,1,0,1,0,0,1,1,1,0
222.660939,14.12966281,3,74,13,115,1854.793303,1,0,0,0,1,0,1,1,1,1,1
114.950905,14.66914461,1,37,17,1079,1778.431765,1,0,0,1,1,0,1,0,0,0,0
182.446995,5.388165017,0,54,10,22924,764.2419259,1,0,1,0,1,0,1,0,1,0,1
95.005709,2.810825808,1,84,10,3241,307.018806,1,1,0,0,1,1,0,0,1,0,0
172.456745,2.485229169,10,68,12,23155,1179.782483,0,0,0,1,1,0,0,0,1,0,1
177.65076,2.051069457,10,39,7,19324,1040.034575,1,0,0,0,1,1,0,0,0,1,1
207.638588,6.10108047,4,85,14,34460,1080.159892,1,0,0,0,1,0,0,0,0,1,1
220.118516,4.950398978,1,86,13,15900,775.5613336,0,0,1,0,1,0,0,0,1,1,1
137.468388,10.16660427,1,70,19,2945,1061.587971,1,0,0,0,1,0,0,0,0,1,0
159.965008,12.29558653,1,33,13,20450,1334.403775,1,0,1,0,1,0,0,1,0,0,1
182.465269,24.8868126,1,58,13,892,2346.143947,1,0,1,0,1,1,0,0,0,0,1
129.977753,9.660361769,2,58,12,14931,1491.768656,1,0,0,1,1,1,1,0,1,0,0
112.484375,7.663625954,4,42,9,104,927.1279646,1,1,0,0,1,0,0,0,0,0,0
127.488728,5.25445262,2,89,10,21997,686.9354616,0,0,0,0,1,0,0,1,0,0,1
162.471255,13.59137366,2,63,12,5302,1460.513443,1,1,1,0,1,0,0,1,1,1,0
154.961766,12.3492819,0,18,13,10237,1942.250203,1,0,0,1,0,1,1,0,1,1,0
194.976769,18.37317391,4,82,10,19582,1923.549943,0,1,1,0,1,0,0,1,1,1,0
192.48852,8.498042024,8,61,10,740,1239.802036,1,0,1,0,1,0,1,1,1,0,0
162.452604,22.33583015,7,36,14,51767,2499.186161,0,0,1,0,1,1,1,0,0,1,0
107.48056,1.541545443,1,87,18,2001,302.3848209,0,0,0,0,1,1,0,0,0,1,0
142.482694,12.78453216,0,48,10,482,1865.48625,0,0,0,1,1,1,0,1,0,0,1
165.018175,2.527681829,8,56,13,932,908.7910203,0,1,0,0,1,1,0,1,1,1,0
125.007314,7.065506244,0,57,12,222,790.9469893,0,1,0,0,1,0,0,1,0,0,0
139.987503,4.258552081,3,89,12,467,956.2636975,0,1,0,1,1,1,0,0,1,0,0
112.455141,4.801969514,6,30,11,7079,639.3261343,1,0,1,0,1,0,0,0,0,0,0
212.622804,5.204853319,4,54,13,32929,1572.045646,0,1,0,1,1,1,1,0,0,1,1
182.460772,32.0730133,5,55,9,6923,3099.922244,0,0,1,0,1,0,1,1,0,0,1
159.947583,11.16847385,1,46,10,19201,1599.727567,1,0,0,1,1,0,0,0,0,0,1
245.145743,16.8000196,0,18,13,2080,2188.672399,0,1,1,0,1,1,1,1,0,1,1
149.977753,17.6210362,0,58,14,5983,1586.699491,1,0,1,0,1,1,1,0,1,0,0
184.967019,17.18829795,1,60,12,46064,1828.279015,1,1,1,0,1,0,1,1,1,1,0
92.455141,17.52138221,2,62,7,32525,1866.966586,0,0,0,1,1,0,0,0,0,0,0
149.944668,10.4103675,4,30,14,9562,1718.555203,1,1,0,1,1,0,0,0,0,1,0
167.456419,3.310281145,4,75,16,883,556.2193844,0,1,1,0,1,0,1,0,0,0,0
197.516854,2.993625911,7,23,17,53,1035.183038,0,0,0,0,1,1,1,1,1,0,1
152.488401,16.26037537,1,84,11,1512,1580.43019,0,0,0,0,1,1,1,0,1,0,1
162.482694,3.045064701,3,61,6,4813,703.6927423,0,1,1,0,1,1,0,1,0,0,1
262.610632,15.35762157,0,75,11,11435,1842.258692,0,0,1,0,1,0,1,0,0,1,1
190.173699,5.940902789,3,72,7,16177,1167.271182,1,0,0,0,1,1,0,1,0,1,1
187.513939,5.988505209,0,66,10,170,1007.289786,1,1,0,0,0,1,1,1,1,1,0
212.641455,7.138784756,2,81,11,31845,1500.69101,0,0,0,1,1,0,0,1,1,1,1
104.964303,8.951793883,4,34,12,40,1404.773397,1,1,0,1,1,0,0,0,1,0,0
232.637807,4.221959275,1,82,9,586,1342.310858,1,0,0,1,1,0,0,1,0,1,1
142.499263,9.797427154,1,73,17,8303,1250.94478,0,0,0,0,1,1,1,1,0,1,0
277.63748,10.90397471,0,28,17,924,1710.958869,0,1,1,0,1,1,1,0,1,1,1
112.455141,1.665591776,1,48,5,758,169.3992798,0,0,1,0,1,0,0,0,0,0,0
220.118516,8.611218573,2,53,13,723,1261.554565,1,1,1,0,1,0,0,0,1,1,1
139.951231,1.28507969,4,52,13,39,794.9581116,1,0,0,1,1,0,0,0,1,0,1
184.978458,1.379696124,3,20,13,6250,713.364269,1,0,1,0,1,1,1,1,0,0,1
210.138,3.084376591,0,19,11,17,952.5914921,1,1,0,0,1,0,1,0,1,1,1
142.468917,2.43754565,0,70,14,2550,778.6094503,1,0,0,1,1,1,0,0,1,0,1
160.00128,3.288124191,4,48,13,512,627.0001275,0,0,1,0,1,1,0,1,0,0,0
127.481989,32.30772134,2,28,13,599,2938.319116,1,0,1,0,1,1,0,0,1,0,0
162.452604,13.46565415,2,52,8,6524,1566.001524,0,0,1,0,1,1,1,0,0,1,0
172.457857,19.244458,1,77,16,723,1889.642423,0,1,1,0,1,0,1,1,0,1,0
255.155493,8.69085131,3,71,15,4243,1420.771651,0,1,1,0,1,1,0,1,0,1,1
184.979684,3.778575882,4,22,16,18731,1254.725693,0,0,0,1,1,0,0,1,1,0,1
175.006206,10.27819073,1,88,17,955,1570.345219,0,0,0,1,1,1,1,1,1,0,0
112.455141,4.156887945,0,25,13,2338,500.4406927,0,0,1,0,1,0,0,0,0,0,0
194.958118,11.32083915,2,21,6,389,1563.848623,1,0,1,0,1,1,1,0,0,1,0
172.44408,5.254442453,1,39,17,757,787.0962355,0,0,1,0,1,0,1,0,1,1,0
200.165175,5.2551003,1,29,13,19073,1119.610001,0,0,0,0,1,0,0,1,1,1,1
127.460067,6.417132666,1,22,12,23666,1155.782468,0,1,0,1,1,0,1,0,1,0,0
147.478341,18.61278731,10,44,11,20,1995.346628,1,0,1,0,1,1,0,0,0,0,0
207.49737,4.924623699,4,74,12,5287,922.1362066,1,0,1,0,1,1,0,1,1,0,1
169.937833,6.325942162,2,84,9,5364,717.6823944,1,0,1,0,1,0,1,0,0,0,1
152.457857,17.22220989,1,65,10,3424,2223.835601,0,0,0,1,1,0,1,1,0,1,0
162.460772,3.238699239,2,29,13,19527,1143.685617,1,0,0,1,1,0,1,1,0,0,1
182.460772,15.22323989,0,40,13,7699,1614.544362,1,0,1,0,1,0,1,1,0,0,1
124.97808,7.484425045,2,49,8,1126,758.8338668,1,0,1,0,1,0,0,1,0,0,0
230.105118,7.218752772,7,61,20,584,1317.766231,1,0,1,0,0,0,1,0,0,1,1
147.473844,11.69875604,3,61,7,35100,1189.578203,1,0,1,0,1,0,1,1,0,0,0
142.482694,10.03363969,1,85,12,17872,1467.273158,1,0,0,1,1,1,0,1,0,0,1
105.010962,16.52138638,4,48,13,1003,1568.47416,1,0,0,0,1,0,0,1,1,0,0
114.965789,13.83290937,4,86,11,169,1376.095043,0,0,0,0,1,0,0,0,0,0,1
184.978458,5.02568958,0,53,13,1088,811.5600648,0,1,1,0,1,1,1,1,0,0,1
134.950905,2.644787483,2,88,18,41863,243.2617759,1,0,1,0,1,0,1,0,0,0,0
182.490006,2.522962069,1,40,17,2101,676.6465414,0,1,0,0,1,0,1,1,0,0,1
149.962093,11.50651216,3,63,11,6349,1316.145864,0,0,1,0,1,0,0,1,0,1,0
95.019486,10.96319721,2,28,8,40305,1270.217581,1,1,0,0,1,1,0,1,0,0,0
245.174977,5.505247606,1,26,16,1691,1339.709597,1,0,0,0,1,1,1,1,0,1,1
169.944668,14.16961729,2,22,11,618,1624.799349,0,0,1,0,1,0,0,0,0,1,0
207.49737,10.27782059,2,43,10,22,1400.834009,1,1,1,0,1,1,0,1,1,0,1
245.145743,3.364993591,6,70,19,655,1149.108155,0,1,1,0,1,1,1,1,0,1,1
127.478341,9.307770559,2,48,16,39616,1387.016004,0,0,0,1,1,1,0,0,0,0,0
182.467607,1.171557288,1,29,10,88349,544.12326,0,1,1,0,0,0,0,1,0,1,0
267.642733,7.262579715,4,61,15,30781,1803.917571,1,0,0,1,0,0,1,1,1,1,1
104.992311,17.06899012,1,73,14,4734,1518.747945,0,1,0,0,1,1,1,0,0,0,0
164.978458,10.8600084,2,27,11,56959,1932.20577,1,0,0,1,1,1,1,1,0,0,1
124.960655,10.85041661,6,19,12,8800,1738.71901,0,0,0,1,1,0,0,0,0,0,0
127.442069,4.85576672,1,56,12,3873,1060.026737,0,0,0,1,1,0,0,0,0,0,1
169.992756,1.715329149,2,83,15,417,250.9270047,0,1,1,0,0,0,0,1,1,0,0
169.992756,21.71097206,3,84,15,221,1916.832871,1,0,1,0,0,0,0,1,1,0,0
179.979358,3.470685398,0,62,16,10321,573.9920618,1,0,1,0,1,0,1,1,0,0,0
134.950905,1.914386255,0,67,14,1601,272.9823095,0,0,1,0,1,0,1,0,0,0,0
192.440432,9.16272705,1,21,12,1506,1233.975771,1,1,1,0,1,0,1,0,0,1,0
172.440432,7.457173484,2,31,10,7033,1552.772876,1,0,0,1,1,0,1,0,0,1,0
212.669463,4.991605214,2,25,12,1301,1259.735294,1,0,0,0,1,1,1,1,0,1,1
175.133074,10.5903229,0,60,12,117,1287.821218,1,0,0,0,1,0,0,0,0,1,1
159.965008,14.68216127,6,84,13,3345,1516.667438,1,1,1,0,1,0,0,1,0,0,1
112.484375,5.440398012,1,36,10,25854,589.9932647,0,0,0,0,1,0,0,0,0,0,0
179.965581,11.92300936,0,87,14,90,1021.482609,1,1,1,0,1,0,1,0,1,0,0
252.62403,9.461939857,2,80,12,3191,1267.634616,1,0,1,0,1,0,0,0,1,1,1
95.005709,13.90000955,0,34,9,37,1266.503765,0,0,0,0,1,1,0,0,1,0,0
240.114868,13.99579075,4,39,6,714,1877.852717,1,0,1,0,1,0,0,0,0,1,1
105.010962,13.44056701,8,42,17,31791,1541.134986,0,0,0,0,1,0,0,1,1,0,0
182.45383,3.179043613,4,36,10,34928,744.2470872,1,1,1,0,1,0,0,0,1,1,0
149.944668,14.58066686,0,18,10,17576,2023.519366,0,0,0,1,1,0,0,0,0,1,0
144.960655,17.24908083,0,66,9,746,1428.427469,1,0,1,0,0,0,0,0,0,0,0
187.609354,2.760467902,3,20,15,27479,1283.253595,0,0,0,1,1,0,0,0,0,1,1
129.962093,20.04140358,0,73,16,49612,2256.776479,0,1,0,1,1,0,0,1,0,1,0
129.976324,8.001673351,0,83,11,7286,955.0876357,0,1,0,0,1,1,1,0,0,1,0
192.440432,1.092219692,2,67,13,489,499.7170655,1,1,1,0,1,0,1,0,0,1,0
172.44408,14.68600159,2,62,10,73,1562.32774,0,1,1,0,1,0,1,0,1,1,0
117.485813,4.135515169,2,34,15,22,776.4780765,0,1,0,0,1,0,0,1,0,1,0
159.965008,9.086633107,2,28,10,9054,1118.646915,1,0,1,0,1,0,0,1,0,0,1
167.484705,9.493585403,2,26,15,2663,1781.692875,1,1,0,1,0,1,1,1,1,1,0
129.962093,5.372758028,2,82,13,18185,1086.92093,1,1,0,1,1,0,0,1,0,1,0
139.981577,13.82188875,1,59,13,7530,1551.398147,0,0,0,0,1,0,1,1,0,1,0
124.97808,2.598489694,6,46,12,28759,573.751474,1,1,1,0,1,0,0,1,0,0,0
255.137219,12.9401487,1,44,16,26744,1794.116848,1,1,1,0,1,0,1,1,1,1,1
230.105118,4.957713222,4,56,11,20818,1103.594576,1,0,1,0,0,0,1,0,0,1,1
182.460772,28.79864005,10,32,11,10025,3143.245184,0,0,1,0,1,0,1,1,0,0,1
255.155493,7.176411327,2,50,11,517,1381.802291,1,0,1,0,1,1,0,1,0,1,1
172.457857,5.709925704,7,53,11,4295,1091.10126,1,0,1,0,1,0,1,1,0,1,0
137.483594,3.956375328,1,84,10,882,891.9472856,0,0,0,1,1,0,0,1,0,0,0
167.456419,1.033067819,5,33,13,1920,538.1168657,1,1,1,0,1,0,1,0,0,0,0
127.495766,2.206152519,3,29,14,8819,497.9042695,0,0,1,0,1,1,0,1,0,0,0
287.642733,3.820262172,7,87,16,2694,1115.476658,1,0,1,0,1,0,1,1,1,1,1
167.456419,2.640977982,3,34,4,3878,522.7315686,0,0,1,0,0,0,1,0,0,0,0
164.988941,5.622660986,3,34,12,27454,961.5888385,0,0,1,0,1,1,0,1,1,1,0
242.632554,1.634394387,1,28,16,180,883.9008134,0,0,1,0,1,1,0,0,0,1,1
130.006414,2.012075635,2,68,13,294,565.3167155,0,0,0,0,0,1,0,1,0,0,1
257.63748,10.06913982,0,26,14,2958,2062.605873,1,0,0,1,1,1,1,0,1,1,1
129.977753,6.935335786,0,61,14,321,1197.080651,0,0,0,1,1,1,1,0,1,0,0
232.622804,15.56741347,4,79,12,8778,1972.725118,0,0,1,0,1,1,1,0,0,1,1
182.467607,12.75071284,1,49,8,361,1427.321538,1,1,1,0,1,0,0,1,0,1,0
220.132293,8.573785357,3,85,11,93,1218.124487,0,1,1,0,1,0,0,1,0,1,1
252.637807,13.86188691,0,25,16,20943,1874.789062,1,0,1,0,1,0,0,1,0,1,1
142.452604,10.77929667,0,19,11,110,1806.007164,1,1,0,1,1,1,1,0,0,1,0
94.972827,16.88097916,0,28,15,34488,1939.600904,0,0,0,1,1,1,0,0,0,0,0
210.105118,16.92163398,0,86,15,1096,2275.888923,1,0,0,1,1,0,1,0,0,1,1
92.455141,11.91663193,0,54,13,5549,1372.385193,1,0,0,1,1,0,0,0,0,0,0
194.969934,2.81822785,2,28,16,7278,785.6266383,1,0,1,0,1,0,1,1,1,0,1
129.977753,5.100566529,2,25,14,1204,1226.343895,0,0,0,1,1,1,1,0,1,0,0
242.628057,4.806882153,4,81,10,955,1047.361909,0,0,1,0,1,0,1,1,0,1,1
197.48762,5.658327457,2,89,15,2453,893.5446642,0,0,1,0,0,1,1,1,1,0,1
242.610632,2.649525158,0,62,14,159,1210.047397,0,1,0,1,1,0,1,0,0,1,1
139.934918,18.76976086,1,31,10,2876,2329.912456,0,0,0,1,1,0,1,0,0,1,0
112.455141,13.04542381,3,48,10,1394,1163.407505,1,1,1,0,1,0,0,0,0,0,0
182.490006,1.534192133,1,22,7,2144,736.9303356,1,0,0,0,1,0,1,1,0,0,1
149.988989,9.039309605,0,22,11,502,1134.880009,0,0,0,0,1,1,0,0,0,0,1
107.495766,10.15330548,2,20,10,12695,1561.294194,1,0,0,1,1,1,0,1,0,0,0
92.455141,8.792119046,1,58,14,2494,1216.325478,0,0,0,1,1,0,0,0,0,0,0
225.145743,1.542556879,0,81,13,19592,1192.502878,0,1,0,1,1,1,1,1,0,1,1
232.62403,13.65776694,0,26,13,12722,2140.402985,1,1,0,1,1,0,0,0,1,1,1
207.638588,5.165404738,0,89,10,473,867.2394016,1,0,0,0,1,0,0,0,0,1,1
175.133074,13.17859958,1,59,15,168,1581.016214,0,1,0,0,1,0,0,0,0,1,1
242.628057,1.557206083,0,75,16,793,724.6774743,0,0,1,0,1,0,1,1,0,1,1
184.964681,7.226076469,5,35,11,440,1123.971139,1,0,1,0,1,1,1,0,1,0,1
182.443347,20.91720893,1,28,10,2905,2633.809472,0,0,0,1,1,0,1,0,0,0,1
117.485813,7.228526307,3,48,10,508,967.7426094,0,0,0,0,1,0,0,1,0,1,0
139.99789,20.43854626,1,29,13,719,2101.344074,1,0,0,0,1,0,0,1,1,0,1
149.937833,2.915827364,0,62,13,13892,862.3199149,1,0,0,1,1,0,1,0,0,0,1
157.469817,9.709171662,1,43,10,10874,921.1401066,1,0,1,0,1,0,0,0,1,0,0
152.510442,1.939549257,0,66,13,4183,752.1641496,1,0,0,1,1,1,0,1,1,0,0
139.99789,1.502124145,3,56,12,19151,522.7806578,0,0,0,0,1,0,0,1,1,0,1
139.951231,1.906368477,0,73,10,13644,736.161108,0,0,0,1,1,0,0,0,1,0,1
117.439154,15.60605339,4,21,17,2397,2148.889242,0,0,0,1,1,0,0,0,0,1,0
235.137219,2.084396413,1,48,10,10826,1304.999684,1,0,0,1,1,0,1,1,1,1,1
149.977753,1.781895205,0,82,9,48990,292.4731737,1,0,1,0,1,1,1,0,1,0,0
149.991327,2.050742411,0,22,17,43597,655.3814577,0,0,0,0,1,0,0,1,0,1,0
149.97755,2.447649309,3,34,11,927,660.0908173,1,0,0,0,1,0,0,0,1,1,0
172.456745,10.81997919,2,56,16,242,1655.780173,1,0,0,1,1,0,0,0,1,0,1
137.439154,8.650238791,2,25,9,2604,1090.76661,0,1,1,0,1,0,0,0,0,1,0
197.494455,8.878536605,0,44,14,722,1136.118286,0,0,1,0,1,1,0,1,1,1,0
204.961033,2.359067126,1,59,8,160,673.2665835,1,1,1,0,1,1,1,0,0,0,1
162.482694,6.811759674,0,63,9,1551,831.1303039,1,1,1,0,1,1,0,1,0,0,1
159.964152,5.207179461,1,76,10,21141,729.541703,1,0,0,0,1,0,1,0,0,1,0
169.974105,9.450195459,4,41,13,1454,1163.701618,1,0,1,0,1,1,1,0,0,0,0
129.959755,10.6312597,4,25,15,130,1720.167182,1,0,0,1,1,1,0,0,0,0,1
119.989722,3.564836875,1,40,11,31101,626.5880936,0,1,0,0,1,1,0,0,1,1,0
179.947583,1.815836226,0,77,15,1341,369.7619068,0,0,1,0,1,0,0,0,0,0,1
167.456419,8.932053699,4,20,8,109,1197.180331,0,0,1,0,1,0,1,0,0,0,0
240.114868,7.349620762,0,53,7,2433,1164.240281,0,0,1,0,0,0,0,0,0,1,1
194.976769,14.71424943,0,36,11,1084,1651.424177,0,0,1,0,1,0,0,1,1,1,0
245.146969,7.073151031,0,86,11,1892,1489.301457,1,0,0,1,1,0,0,1,1,1,1
139.987503,1.597765127,1,59,10,7157,775.0343206,0,0,0,1,1,1,0,0,1,0,0
197.483972,8.054118994,3,26,16,5366,1808.311421,0,1,0,1,1,1,1,1,0,0,1
190.173699,14.96135055,3,61,9,18389,1942.452213,1,1,0,0,1,1,0,1,0,1,1
197.470195,22.76986341,3,27,7,1165,2847.700412,1,0,0,1,1,1,1,0,1,0,1
149.974105,2.519975147,2,53,10,1469,908.4356314,1,1,0,1,1,1,1,0,0,0,0
204.979684,5.915247686,1,32,14,212,973.4512833,1,0,1,0,0,0,0,1,1,0,1
152.502178,7.793733508,0,60,12,219,1097.703155,1,1,0,0,1,1,1,1,0,0,1
225.131966,20.44846104,3,25,6,4030,2936.746847,1,0,0,1,1,1,1,0,1,1,1
202.636202,10.40161068,3,52,10,18829,1883.962411,1,1,0,1,1,1,0,0,1,1,1
127.460067,11.40192641,10,32,14,3281,1808.501398,0,0,0,1,1,0,1,0,1,0,0
162.482694,7.604093453,1,88,15,74971,844.8711719,0,0,1,0,1,1,0,1,0,0,1
104.962874,12.85397739,0,59,8,1593,1215.114995,0,0,0,0,1,0,0,0,0,1,0
169.937833,1.410971237,1,54,13,11923,382.5347203,1,1,1,0,1,0,1,0,0,0,1
159.934918,8.874920206,3,83,16,36282,1043.790368,0,0,1,0,1,0,1,0,0,1,0
217.470195,6.013261132,0,88,14,26448,851.1414085,0,0,1,0,1,1,1,0,1,0,1
245.146969,9.306233406,1,68,12,46,1762.075547,0,0,0,1,0,0,0,1,1,1,1
177.48762,4.902104964,0,38,11,1123,1350.716866,0,1,0,1,1,1,1,1,1,0,1
162.465269,1.894776657,3,23,11,3067,1052.042079,0,0,0,1,1,1,0,0,0,0,1
147.456419,5.204111135,3,55,10,1547,1159.678094,0,0,0,1,1,0,1,0,0,0,0
134.950905,1.375013189,1,43,14,7216,338.2592054,0,0,1,0,0,0,1,0,0,0,0
127.442069,1.387575524,4,61,9,1012,851.811469,0,0,0,1,1,0,0,0,0,0,1
184.978458,2.685677496,0,38,11,3519,669.0040793,1,1,1,0,1,1,1,1,0,0,1
137.468388,5.511437756,4,28,9,316,910.210446,1,1,0,0,1,0,0,0,0,1,0
182.443347,16.58244758,0,84,10,1715,1981.954133,0,0,0,1,1,0,1,0,0,0,1
172.487091,14.17620441,0,22,13,2223,1695.851887,0,0,0,0,1,0,1,1,0,1,0
162.500692,10.81527088,1,34,12,463,1305.953642,0,0,1,0,1,1,1,1,1,0,0
137.439154,20.01892414,0,28,14,949,1950.886897,1,0,1,0,1,0,0,0,0,1,0
220.114868,6.956508263,6,83,17,645,1631.872719,1,1,0,1,1,0,0,0,0,1,1
159.994242,8.274610767,0,86,16,5548,954.6181316,1,0,0,0,0,0,0,1,0,0,1
159.964152,6.786723844,3,79,18,17502,957.753476,1,1,0,0,1,0,1,0,0,1,0
275.133571,3.605888824,1,56,8,944,1057.571757,1,0,1,0,1,0,1,1,0,1,1
194.958118,10.19243185,0,47,11,3242,1277.521575,0,1,1,0,1,1,1,0,0,1,0
124.97808,3.998433243,1,84,16,63318,327.6622533,1,0,1,0,1,0,0,1,0,0,0
92.455141,4.964368923,8,35,9,21763,1193.589255,0,0,0,1,0,0,0,0,0,0,0
229.993134,5.884557067,4,26,7,1110,1252.155771,0,0,1,0,1,1,1,1,1,0,1
147.478341,1.084656113,0,41,13,6257,261.1185652,1,1,1,0,1,1,0,0,0,0,0
179.947583,7.21126107,2,50,14,1627,879.6579171,0,1,1,0,1,0,0,0,0,0,1
175.006206,2.140387928,1,34,11,7080,1080.597617,0,0,0,1,1,1,1,1,1,0,0
204.963371,7.931439645,1,22,12,447,1262.007891,0,1,1,0,0,0,1,1,0,1,0
210.12704,14.08939653,0,55,10,535,1713.178075,1,1,1,0,1,1,0,0,0,1,1
184.967019,9.232644617,6,80,8,27981,1264.760574,0,1,1,0,1,0,1,1,1,1,0
200.118516,6.951491551,1,85,15,7244,1356.299478,1,0,0,1,1,0,0,0,1,1,1
114.965789,3.137169138,0,58,15,32539,386.0863102,1,0,0,0,1,0,0,0,0,0,1
134.980139,11.85998919,4,37,5,30975,1299.066214,1,0,0,0,1,0,1,0,0,0,0
92.488023,3.113737885,3,71,18,46581,278.5411418,0,0,0,0,1,0,0,0,1,0,0
137.483594,4.985175451,0,63,10,1480,1014.311651,0,1,0,1,1,0,0,1,0,0,0
137.483594,11.41238102,0,47,7,85,1511.115195,0,0,0,1,1,0,0,1,0,0,0
207.638588,15.37990405,2,80,10,61572,1795.270512,1,1,0,0,1,0,0,0,0,1,1
114.972827,3.775528995,3,26,13,11923,551.1855922,0,1,1,0,1,1,0,0,0,0,0
207.609354,5.30268427,3,28,13,4631,1051.833922,0,1,1,0,1,0,0,0,0,1,1
134.950905,2.843930975,4,38,18,6924,567.3663629,1,0,1,0,1,0,1,0,0,0,0
240.114868,13.70230727,2,79,15,1124,1614.036609,0,0,1,0,1,0,0,0,0,1,1
149.959755,4.768869377,2,48,11,221,771.6292755,0,1,1,0,1,1,0,0,0,0,1
134.950905,14.57312339,2,80,10,51069,1329.158978,1,0,1,0,1,0,1,0,0,0,0
204.963371,17.28022598,4,66,14,20696,1929.06738,1,0,1,0,0,0,1,1,0,1,0
149.977753,16.1217624,9,26,11,8144,1845.830672,0,1,1,0,1,1,1,0,1,0,0
139.934918,2.437089876,1,56,12,353,909.6827162,0,0,0,1,1,0,1,0,0,1,0
197.628838,5.822867455,4,69,12,7564,1084.807286,0,0,0,0,1,0,1,0,0,1,1
152.479779,16.18199957,0,73,12,667,1602.254193,1,0,1,0,1,1,0,1,0,1,0
139.95684,14.46037646,0,55,9,33287,1435.057667,0,0,1,0,1,1,0,0,0,1,0
229.993134,1.504124801,2,32,13,7256,729.7054333,0,0,1,0,1,1,1,1,1,0,1
142.471255,7.737353244,1,71,15,2878,1290.274294,1,0,0,1,1,0,0,1,1,1,0
159.947583,4.109952242,2,26,13,2737,1200.010955,0,1,0,1,1,0,0,0,0,0,1
240.114868,2.566196093,2,71,13,11528,774.8506663,1,1,1,0,1,0,0,0,0,1,1
172.440432,4.440328327,0,51,10,21434,1178.437008,1,0,0,1,1,0,1,0,0,1,0
169.967067,12.3848312,1,89,13,4370,1321.193696,0,0,0,0,1,0,1,0,0,0,1
149.962093,6.396338897,0,58,9,2780,821.4684599,0,1,1,0,1,0,0,1,0,1,0
134.950905,10.03212915,2,46,10,4757,986.2673645,1,0,1,0,1,0,1,0,0,0,0
159.965008,2.62036784,1,19,11,30522,587.538153,1,0,1,0,1,0,0,1,0,0,1
232.637807,3.795086086,1,18,13,1178,1517.166558,1,0,0,1,1,0,0,1,0,1,1
149.962093,3.149071183,1,78,10,9906,520.606284,1,0,1,0,1,0,0,1,0,1,0
184.963371,3.484000437,0,51,16,4278,1138.169594,1,0,0,1,1,0,1,1,0,1,0
182.490006,5.770302149,0,65,16,8307,829.9759818,1,1,0,0,1,0,1,1,0,0,1
159.951231,2.981008475,1,37,13,2909,477.2500925,0,0,1,0,1,0,0,0,1,0,1
147.442069,9.14991493,0,38,12,608,944.3304649,0,0,1,0,1,0,0,0,0,0,1
242.632554,11.38939562,1,84,14,652,1499.600891,1,0,1,0,1,1,0,0,0,1,1
162.500489,1.445148407,1,43,10,45193,524.9630078,1,0,0,0,1,0,0,1,1,1,0
172.457857,6.143856241,2,34,17,501,1035.02733,0,0,1,0,1,0,1,1,0,1,0
140.00128,5.981775914,2,48,7,319,1281.923094,0,0,0,1,1,1,0,1,0,0,0
144.988941,2.08299524,1,56,13,4946,951.3512058,0,0,0,1,1,1,0,1,1,1,0
150.020764,7.110141173,0,53,16,341,894.626194,1,0,0,0,1,1,1,1,0,0,0
275.133571,3.041138012,2,55,10,4487,1045.360604,0,0,1,0,1,0,1,1,0,1,1
130.006414,15.37394197,4,35,11,20825,1829.923575,1,1,0,0,1,1,0,1,0,0,1
197.48762,3.905351198,0,18,7,646,838.8374504,1,1,1,0,1,1,1,1,1,0,1
149.984492,3.838043219,0,38,10,3313,688.2231899,0,1,0,0,0,0,1,1,0,0,1
184.978458,5.141923371,1,55,14,27419,927.5974127,1,0,1,0,0,1,1,1,0,0,1
207.609354,19.17821675,2,81,13,4406,2031.266556,1,0,1,0,1,0,0,0,0,1,1
139.99789,12.36979696,0,55,15,1166,1241.892931,0,0,0,0,1,0,0,1,1,0,1
220.132293,14.28414317,0,64,14,24983,1662.516242,1,0,1,0,1,0,0,1,0,1,1
242.632554,3.769989038,0,80,12,2885,857.6130334,0,0,1,0,1,1,0,0,0,1,1
154.991856,9.126959742,1,36,11,6137,1640.244176,1,1,0,1,1,1,0,1,1,0,1
139.987503,2.684151079,6,42,12,1251,991.424632,1,1,0,1,1,1,0,0,1,0,0
245.145743,24.39432985,4,44,9,471,2895.881802,0,0,1,0,1,1,1,1,0,1,1
187.609354,4.676474348,2,24,11,171,1396.347808,0,1,0,1,1,0,0,0,0,1,1
159.965008,4.065555679,1,39,13,2348,640.3809858,1,0,1,0,0,0,0,1,0,0,1
192.440432,19.95372925,3,68,9,6464,2072.694492,1,1,1,0,1,0,1,0,0,1,0
172.440432,4.241019424,1,83,8,1869,1001.860025,1,0,0,1,1,0,1,0,0,1,0
204.961033,14.02310297,2,56,11,22574,1669.613093,1,1,1,0,1,1,1,0,0,0,1
222.649979,1.042140757,4,47,10,11908,878.627791,0,1,1,0,1,1,0,1,0,1,1
159.951231,4.483251529,2,59,10,54150,558.9953054,1,1,1,0,1,0,0,0,1,0,1
159.965008,2.768037617,1,28,14,30,570.1301629,0,0,1,0,1,0,0,1,0,0,1
152.510442,6.357562637,1,81,8,44647,1178.057753,0,0,0,1,1,1,0,1,1,0,0
187.656013,7.748370205,2,69,8,385,1219.21915,0,1,0,0,1,0,0,1,0,1,1
184.978458,6.90648504,1,77,10,1437,1000.051774,0,1,1,0,1,1,1,1,0,0,1
127.481989,11.80191083,1,26,10,680,1233.889856,1,1,1,0,1,1,0,0,1,0,0
220.118516,20.75499393,1,47,16,699,2245.476461,0,1,1,0,1,0,0,0,1,1,1
162.482694,10.57261422,2,50,17,13678,1243.478237,0,0,1,0,1,1,0,1,0,0,1
245.146969,5.260136013,1,46,10,3696,1502.677072,0,0,0,1,1,0,0,1,1,1,1
162.465269,28.38835566,3,40,13,24013,3249.417944,1,0,0,1,1,1,0,0,0,0,1
149.984492,2.451160296,5,52,13,2465,764.893446,1,0,0,0,1,0,1,1,0,0,1
147.478341,7.243986575,1,68,11,39641,708.0622854,0,0,1,0,1,1,0,0,0,0,0
184.963371,1.876407503,4,82,10,204,1075.001724,0,1,0,1,1,0,1,1,0,1,0
172.47417,7.29973843,1,83,17,27790,847.7321161,1,1,1,0,1,0,0,1,1,0,1
200.132293,11.24483017,0,21,13,5176,1967.957184,1,0,0,1,1,0,0,1,0,1,1
92.455141,6.735352382,0,43,14,4478,1066.193338,0,1,0,1,1,0,0,0,0,0,0
214.966286,5.991017375,1,65,11,20586,961.1315871,1,1,1,0,1,0,1,1,0,0,1
127.458638,16.67574291,3,82,10,63,1639.197703,0,1,0,0,1,0,1,0,0,1,0
120.003499,10.28281832,0,48,18,53140,1200.853937,1,0,0,0,1,1,0,1,0,1,0
210.105118,19.21689293,4,79,13,3993,2562.992759,0,0,0,1,1,0,1,0,0,1,1
142.500692,11.34954445,1,33,9,418,1766.503802,1,1,0,1,1,1,1,1,1,0,0
79.978861,1.846161288,2,37,15,1627,333.3304389,0,0,0,0,1,0,0,0,0,0,0
137.468388,14.86270396,1,35,12,791,1561.128541,0,0,0,0,1,0,0,0,0,1,0
134.950905,2.216583602,0,59,7,6407,323.972804,0,1,1,0,1,0,1,0,0,0,0
104.962874,16.53708435,1,44,8,2440,1643.91894,1,0,0,0,1,0,0,0,0,1,0
102.474625,3.7013893,3,74,11,12709,406.5230396,0,0,0,0,1,0,1,0,0,0,0
162.482694,5.261502169,4,31,19,64,932.1606254,1,0,1,0,1,1,0,1,0,0,1
159.994242,7.279044337,1,60,11,798,906.7867988,0,0,0,0,1,0,0,1,0,0,1
92.455141,13.80323806,3,18,13,8538,1737.354579,0,1,0,1,1,0,0,0,0,0,0
255.155493,15.92219451,2,84,14,1271,1986.939234,0,0,1,0,1,1,0,1,0,1,1
159.983006,3.525858481,4,68,14,1181,532.0660282,0,0,1,0,1,0,1,1,1,0,0
169.944668,9.85591776,2,86,11,11371,1014.45747,0,0,1,0,1,0,0,0,0,1,0
127.511223,9.75910234,0,73,13,46,871.2907856,0,0,0,0,1,1,0,0,1,0,0
95.019486,5.506476096,3,46,9,18617,794.8748353,0,1,0,0,1,1,0,1,0,0,0
134.980139,6.999864982,1,19,13,6328,949.785575,0,0,0,0,1,0,1,0,0,0,0
112.455141,19.50833872,0,27,14,5955,1751.748167,0,0,1,0,1,0,0,0,0,0,0
92.455141,7.320050181,1,76,9,846,954.4058631,1,0,0,1,1,0,0,0,0,0,0
127.442069,8.886453729,1,56,10,6911,1390.292533,1,1,0,1,1,0,0,0,0,0,1
112.484375,7.847288476,0,76,12,26601,625.2785223,1,0,0,0,1,0,0,0,0,0,0
212.641455,10.8040205,7,42,14,145,2129.856605,1,0,0,1,1,0,0,1,1,1,1
220.161527,7.798523158,0,32,12,2097,1307.965782,0,0,0,0,1,0,0,1,0,1,1
149.937833,9.586248224,1,27,11,25901,1554.416773,0,0,0,1,1,0,1,0,0,0,1
232.641455,9.428767036,3,74,20,7731,1328.568048,0,0,1,0,1,0,0,1,1,1,1
192.470522,8.019086021,2,64,12,2476,985.0943424,1,0,1,0,1,0,0,1,0,0,1
194.966286,5.78988794,2,30,9,1596,1503.682743,0,0,0,1,1,0,1,1,0,0,1
114.965789,23.02862012,4,23,9,31,2253.839865,0,0,0,0,1,0,0,0,0,0,1
192.48852,2.72317525,3,44,11,3645,586.1493754,0,0,1,0,1,0,1,1,1,0,0
152.479779,18.92157073,0,77,11,192,1813.614194,0,1,1,0,1,1,0,1,0,1,0
154.961766,11.90088632,4,78,10,607,1831.930109,1,0,0,1,1,1,1,0,1,1,0
152.44408,1.570209934,2,53,11,3107,930.6501084,0,1,0,1,1,0,1,0,1,1,0
232.641455,10.85959186,1,20,11,457,1561.283799,0,1,1,0,1,0,0,1,1,1,1
182.465269,1.338441957,6,82,10,6432,491.8773506,0,1,1,0,1,1,0,0,0,0,1
242.610632,2.995498523,0,43,18,659,1300.689811,0,0,0,1,0,0,1,0,0,1,1
202.443347,10.56061324,1,38,9,5931,1252.81737,0,1,1,0,1,0,1,0,0,0,1
117.487242,9.84141211,10,81,10,3854,1511.1388,1,1,0,1,1,0,0,1,1,0,0
184.979684,16.66441267,0,34,9,1651,2230.367018,1,1,0,1,1,0,0,1,1,0,1
240.114868,12.84120976,7,36,15,18579,1885.438773,0,0,1,0,1,0,0,0,0,1,1
184.967019,5.759265746,2,38,16,5490,947.6695867,0,0,1,0,1,0,1,1,1,1,0
127.458638,7.979145258,1,33,11,328,1025.701125,0,0,0,0,1,0,1,0,0,1,0
184.985293,19.28424826,1,66,16,14918,1982.131752,1,0,1,0,1,1,0,1,0,1,0
277.63748,13.57977305,2,78,11,8437,1780.791626,0,0,1,0,1,1,1,0,1,1,1
172.457857,3.520675631,3,80,14,671,700.0569426,0,0,1,0,1,0,1,1,0,1,0
194.966286,10.49916723,4,38,9,29599,1924.891176,1,0,0,1,1,0,1,1,0,0,1
174.975543,1.72479919,7,80,12,2821,704.1947645,0,1,1,0,1,1,1,1,0,1,0
149.937833,5.567028377,0,48,16,291,1207.740526,1,1,0,1,1,0,1,0,0,0,1
112.455141,11.84987964,0,20,14,2596,1064.895012,0,1,1,0,1,0,0,0,0,0,0
149.959755,3.976305626,0,18,12,1874,743.4780761,0,0,1,0,1,1,0,0,0,0,1
277.63748,5.759571228,1,49,13,30807,1251.370845,1,1,1,0,1,1,1,0,1,1,1
112.484375,3.613513424,4,80,11,1152,470.682278,1,0,0,0,1,0,0,0,0,0,0
117.439154,5.156978882,0,24,12,282,1112.686143,0,0,0,1,1,0,0,0,0,1,0
275.133571,16.75922789,2,87,12,25266,2064.474901,1,0,1,0,0,0,1,1,0,1,1
147.456419,13.85187885,0,73,14,3014,1716.888034,0,0,0,1,1,0,1,0,0,0,0
204.949594,9.472450618,2,76,11,736,1114.13669,0,0,1,0,1,0,1,0,1,1,0
129.962093,2.904448825,0,89,14,1257,800.1531959,0,1,0,1,1,0,0,1,0,1,0
242.610632,4.800346852,6,43,16,481,1680.337106,1,1,0,1,1,0,1,0,0,1,1
127.442069,10.35063785,0,50,17,5360,1416.865765,0,0,0,1,1,0,0,0,0,0,1
104.964303,14.71592037,0,64,13,93,1573.289677,1,1,0,1,1,0,0,0,1,0,0
182.443347,9.758067608,0,49,13,1380,1619.817463,0,1,0,1,1,0,1,0,0,0,1
159.947583,9.820011726,3,32,11,3895,1596.707755,1,1,0,1,1,0,0,0,0,0,1
157.483594,8.458573247,0,31,16,198,908.0504522,1,1,1,0,1,0,0,1,0,0,0
129.948316,8.508626757,4,44,12,929,1449.202089,1,1,0,1,1,0,0,0,1,1,0
139.934918,11.70347852,3,52,11,1641,1790.688379,0,0,0,1,1,0,1,0,0,1,0
222.649979,29.8284414,2,66,7,2439,3113.451696,0,1,1,0,1,1,0,1,0,1,1
162.482694,7.004427474,1,54,11,180,907.2094936,0,1,1,0,1,1,0,1,0,0,1
125.007314,7.439569893,0,36,8,376,890.4483344,1,0,0,0,1,0,0,1,0,0,0
204.949594,21.05353987,0,61,12,953,2050.67636,1,0,1,0,1,0,1,0,1,1,0
139.965008,6.050060777,1,27,10,1315,1338.110998,1,0,0,1,1,0,0,1,0,0,1
182.465269,7.599617029,4,89,13,11974,920.3847194,0,0,1,0,1,1,0,0,0,0,1
104.992311,5.473564746,1,47,8,6502,736.1743773,0,0,0,0,1,1,1,0,0,0,0
220.118516,4.803306414,2,81,8,13809,857.7406243,0,1,1,0,0,0,0,0,1,1,1
154.991856,6.051428262,3,79,10,23370,1226.543716,0,1,0,1,1,1,0,1,1,0,1
142.452604,6.503513341,3,35,12,45995,1495.554533,0,0,0,1,0,1,1,0,0,1,0
147.442069,1.650263525,0,88,16,868,248.179366,1,0,1,0,1,0,0,0,0,0,1
124.97808,2.282601557,2,55,16,52299,395.2218567,0,0,1,0,1,0,0,1,0,0,0
220.118516,15.70393958,2,34,5,14534,1857.957041,1,0,1,0,1,0,0,0,1,1,1
117.439154,11.56648604,2,35,11,200,1663.371666,1,0,0,1,1,0,0,0,0,1,0
95.019486,1.322671871,1,43,14,24622,318.0435078,1,0,0,0,1,1,0,1,0,0,0
162.482694,12.11795763,2,70,13,33484,1386.813604,0,0,1,0,1,1,0,1,0,0,1
159.947583,9.539962975,1,50,7,15,1535.462356,0,1,0,1,1,0,0,0,0,0,1
104.97808,4.303745101,1,43,14,12874,982.8832681,0,0,0,1,0,0,0,1,0,0,0
117.483475,7.607475355,9,69,12,36817,1150.859858,0,0,0,0,0,1,0,0,0,0,1
172.484753,3.736763788,0,25,12,180,866.8410599,1,1,0,0,1,1,1,0,0,0,1
169.937833,22.39935475,0,88,16,12853,1960.019242,0,0,1,0,1,0,1,0,0,0,1
147.473844,20.07541432,1,69,17,11054,1788.145063,0,0,1,0,0,0,1,1,0,0,0
175.133074,7.677648117,2,43,13,583,1166.469107,0,1,0,0,1,0,0,0,0,1,1
195.006206,14.08292576,3,79,15,1503,1559.679776,0,0,1,0,1,1,1,1,1,0,0
127.458638,11.14672304,2,86,14,23078,1103.202075,1,1,0,0,1,0,1,0,0,1,0
245.145743,6.343374736,3,84,13,96,1207.841461,1,0,1,0,0,1,1,1,0,1,1
220.132293,21.1875693,0,78,12,24257,2229.321043,0,1,1,0,1,0,0,1,0,1,1
147.442069,19.9441873,1,84,13,107,1708.75722,1,1,1,0,1,0,0,0,0,0,1
275.119794,3.196943016,1,76,14,172,830.61429,1,0,1,0,1,0,1,0,1,1,1
162.45383,3.248169927,4,74,14,4223,991.7633623,1,1,0,1,1,0,0,0,1,1,0
124.964303,6.248150471,5,76,16,17145,580.5443061,1,0,1,0,1,0,0,0,1,0,0
192.48852,3.293435643,0,55,12,3381,586.7422583,1,0,1,0,1,0,1,1,1,0,0
104.97808,1.754385394,0,57,17,13156,697.3086442,0,1,0,1,1,0,0,1,0,0,0
137.487242,11.48773622,1,63,11,966,1096.780158,0,0,1,0,1,0,0,1,1,0,0
124.97808,5.711646401,4,89,13,30377,544.0000763,0,0,1,0,1,0,0,1,0,0,0
172.44408,7.603357235,1,46,12,1108,1003.664665,0,0,1,0,1,0,1,0,1,1,0
114.972827,2.084118551,1,22,14,989,364.1402725,1,1,1,0,1,1,0,0,0,0,0
202.443347,6.587201276,6,81,14,884,1026.300872,0,0,1,0,1,0,1,0,0,0,1
159.983006,4.603347641,3,58,15,1839,704.6408647,0,0,1,0,1,0,1,1,1,0,0
187.46728,6.541066702,3,48,10,8379,1532.283357,1,0,0,1,1,1,1,0,1,1,0
157.469817,4.332134531,3,78,13,9155,427.3743388,0,0,1,0,1,0,0,0,1,0,0
212.641455,2.279259145,2,72,15,13245,1092.959251,1,0,0,1,1,0,0,1,1,1,1
172.470522,9.043575718,4,76,15,46920,1587.044822,0,0,0,1,1,0,0,1,0,0,1
104.992311,8.446160069,0,41,15,7836,886.3435693,0,0,0,0,1,1,1,0,0,0,0
134.950905,3.990895779,1,29,16,2850,598.4998978,0,0,1,0,1,0,1,0,0,0,0
187.484705,9.07068647,1,88,7,39384,1099.486982,0,1,1,0,1,1,1,1,1,1,0
149.988989,16.97529426,3,89,8,1450,1657.822806,0,0,0,0,1,1,0,0,0,0,1
182.483267,25.77611616,3,30,14,686,2593.301866,1,0,1,0,1,1,1,0,1,0,0
210.105118,3.189179387,2,19,12,28,1345.804923,1,0,0,1,0,0,1,0,0,1,1
129.994975,6.49110882,2,87,14,1363,752.9918959,1,0,0,0,1,0,0,1,1,1,0
194.974431,8.908332009,1,76,16,57511,982.2094626,0,0,1,0,1,1,0,0,1,0,1
139.983006,15.37107894,3,69,12,17349,1964.354824,0,0,0,1,1,0,1,1,1,0,0
262.610632,9.715065141,0,21,8,4950,1509.912313,1,0,1,0,1,0,1,0,0,1,1
255.119794,9.582004744,0,26,13,1259,1947.487826,1,0,0,1,1,0,1,0,1,1,1
192.470522,5.84055678,2,72,15,54,780.3612617,0,0,1,0,1,0,0,1,0,0,1
114.950905,2.968358466,3,66,13,1978,868.469474,1,0,0,1,1,0,1,0,0,0,0
129.99153,9.294088005,0,45,5,24666,1523.63262,0,0,0,1,1,1,1,1,0,0,0
129.99153,12.96208301,4,50,11,21448,1848.639719,0,0,0,1,0,1,1,1,0,0,0
114.972827,2.831804349,0,65,14,24965,335.9239723,1,1,1,0,1,1,0,0,0,0,0
159.979358,9.322934248,0,70,8,14795,1358.491904,1,0,0,1,1,0,1,1,0,0,0
164.964681,11.75027091,0,47,12,5693,1714.901159,0,1,0,1,1,1,1,0,1,0,1
159.965581,6.509951549,4,39,13,4231,1354.241904,0,0,0,1,1,0,1,0,1,0,0
160.00128,3.087125795,2,84,17,1791,513.2164776,0,0,1,0,1,1,0,1,0,0,0
149.959755,5.310878954,0,83,14,2789,639.7187297,0,0,1,0,1,1,0,0,0,0,1
222.628057,4.208227552,1,31,10,1155,1444.321124,1,0,0,1,0,0,1,1,0,1,1
204.963371,4.933319572,0,62,10,3076,854.4182496,1,0,1,0,1,0,1,1,0,1,0
172.44408,6.284107728,3,85,2,1174,829.2707102,0,1,1,0,1,0,1,0,1,1,0
220.114868,2.179548523,2,40,10,3531,1211.247766,1,1,0,1,1,0,0,0,0,1,1
149.97755,9.289517752,4,67,13,437,1096.234525,1,0,0,0,1,0,0,0,1,1,0
270.160419,12.55438733,1,33,13,1454,2312.167935,0,0,0,1,1,1,1,1,1,1,1
152.44408,28.86969715,2,77,4,6138,3088.823891,1,1,0,1,1,0,1,0,1,1,0
232.62403,8.063547235,2,20,13,1130,1810.319743,0,0,0,1,1,0,0,0,1,1,1
222.632554,4.612099351,4,75,18,31819,1479.639912,0,1,0,1,1,1,0,0,0,1,1
262.610632,14.60526414,10,24,15,7,2208.615485,1,0,1,0,1,0,1,0,0,1,1
179.979358,11.95255483,0,73,13,6366,1232.913132,1,0,1,0,1,0,1,1,0,0,0
165.01134,5.044076415,2,63,10,1067,928.4588213,1,1,0,0,1,1,1,1,1,0,1
242.628057,13.55218661,3,67,11,11455,1779.049529,1,1,1,0,1,0,1,1,0,1,1
182.465269,7.748288711,0,44,18,8589,1039.252532,1,0,1,0,1,1,0,0,0,0,1
92.455141,8.360649713,3,52,13,1024,1262.21298,0,0,0,1,1,0,0,0,0,0,0
179.965581,9.162445307,1,61,9,527,993.6031859,1,0,1,0,1,0,1,0,1,0,0
255.119794,5.823321565,0,41,15,3134,1590.329883,1,1,0,1,1,0,1,0,1,1,1
182.460772,8.294910436,1,49,11,4059,1048.128938,0,0,1,0,1,0,1,1,0,0,1
127.458638,29.10639477,1,45,13,26607,2678.418264,0,1,0,0,1,0,1,0,0,1,0
207.609354,5.786960464,1,39,15,895,993.8801154,1,0,1,0,1,0,0,0,0,1,1
117.468591,19.70266217,0,52,15,116,2268.392356,1,1,0,1,1,1,1,0,0,0,0
217.470195,9.44860885,0,29,14,27073,1243.779967,0,0,1,0,1,1,1,0,1,0,1
245.146969,4.986528165,1,52,7,1815,1460.586413,1,0,0,1,1,0,0,1,1,1,1
177.48762,12.00858052,2,80,7,28558,1774.586726,1,0,0,1,1,1,1,1,1,0,1
172.44408,10.26390461,0,83,13,1372,1022.516053,0,0,1,0,1,0,1,0,1,1,0
232.652038,1.525343103,2,73,10,11561,805.1476345,0,0,0,0,1,1,1,0,0,1,1
147.442069,11.78880203,0,34,12,110,1173.669727,1,1,1,0,0,0,0,0,0,0,1
242.61428,24.19132114,4,82,14,33168,2551.579661,1,0,1,0,1,0,1,0,1,1,1
172.487091,14.37727698,9,23,12,2498,2033.164639,1,0,0,0,1,0,1,1,0,1,0
212.641455,1.128335443,3,64,16,4102,1094.729266,0,0,0,1,1,0,0,1,1,1,1
154.975543,5.691421867,2,47,14,318,1396.977223,1,0,0,1,0,1,1,1,0,1,0
154.975543,6.492246879,3,37,7,1516,1526.166139,0,0,0,1,1,1,1,1,0,1,0
207.481057,3.831221517,0,84,15,845,767.1879493,1,0,1,0,1,1,1,1,0,1,0
127.495766,11.08306586,2,45,12,1499,1224.30253,1,0,1,0,1,1,0,1,0,0,0
127.442069,7.48578642,1,20,13,353,1311.269805,1,0,0,1,1,0,0,0,0,0,1
194.976769,8.654535873,1,56,17,76973,1120.116258,0,0,1,0,1,0,0,1,1,1,0
114.997564,5.179004124,4,80,17,225,623.8543707,1,0,0,0,1,0,1,1,0,0,0
207.638588,1.440416687,1,76,14,14796,635.4288732,0,1,0,0,1,0,0,0,0,1,1
184.971516,7.542749465,1,79,15,4711,943.6675679,0,0,1,0,1,1,0,0,1,1,0
182.446995,4.607336316,1,18,14,4990,766.7921091,0,0,1,0,1,0,1,0,1,0,1
169.944668,6.28842083,1,19,11,945,958.0823564,0,0,1,0,1,0,0,0,0,1,0
220.132293,1.532973151,0,47,11,24416,720.5035962,0,1,1,0,1,0,0,1,0,1,1
142.452604,15.74763468,0,56,11,61509,2044.73861,0,1,0,1,1,1,1,0,0,1,0
129.994975,23.956929,10,19,16,35349,2653.32821,1,1,0,0,1,0,0,1,1,1,0
139.979239,9.073819276,2,24,9,1028,1214.758985,0,0,0,0,1,1,1,0,0,0,1
200.118516,19.76529476,0,65,12,92,2441.022927,0,0,0,1,1,0,0,0,1,1,1
149.959755,17.71637154,1,43,14,1029,1732.013844,0,0,1,0,1,1,0,0,0,0,1
182.460772,17.37839741,4,70,12,5622,1815.9129,1,1,1,0,1,0,1,1,0,0,1
212.641455,5.130341596,2,60,14,1916,1404.974888,1,1,0,1,1,0,0,1,1,1,1
149.977753,6.588311936,0,62,15,868,751.8733285,1,0,1,0,1,1,1,0,1,0,0
129.976324,4.222122394,1,22,7,8376,829.1270366,0,0,0,0,1,1,1,0,0,1,0
152.466002,10.81273093,4,65,11,5924,1277.906866,0,0,1,0,1,1,0,0,1,1,0
142.482694,1.078815111,5,86,13,2205,853.3942121,1,0,0,1,1,1,0,1,0,0,1
132.479779,7.161869147,0,44,8,16888,1371.738945,1,0,0,1,1,1,0,1,0,1,0
149.984492,4.313377262,2,27,11,24615,824.8053885,0,1,0,0,1,0,1,1,0,0,1
240.114868,11.38490458,0,22,17,873,1549.466596,0,0,1,0,1,0,0,0,0,1,1
230.105118,26.01552533,1,83,11,40337,2601.095159,1,0,1,0,0,0,1,0,0,1,1
129.994975,4.784582646,9,23,17,3052,1038.488303,1,1,0,0,1,0,0,1,1,1,0
159.980465,5.110718131,1,81,11,30589,579.4447417,0,0,0,0,1,0,0,0,1,0,1
117.468591,8.802527803,1,79,9,321,1317.520342,1,0,0,1,1,1,1,0,0,0,0
247.664655,4.667703398,1,18,6,35603,1621.139508,1,0,0,1,1,1,0,1,1,1,1
184.993915,7.455148937,0,43,10,249,1116.825249,0,0,0,0,1,1,1,0,1,0,1
162.467607,4.475652318,0,18,9,14026,1233.62831,0,0,0,1,1,0,0,1,0,1,0
277.651257,17.28550612,2,83,11,3574,2195.914801,0,0,1,0,1,1,1,1,0,1,1
172.455519,2.284207057,4,55,8,622,618.3644109,0,1,1,0,1,1,1,0,0,0,1
149.959755,5.028564472,3,61,14,4250,698.7845202,1,0,1,0,1,1,0,0,0,0,1
172.456745,11.09808176,0,54,8,1457,1541.269223,0,0,0,1,0,0,0,0,1,0,1
169.992756,2.010353461,4,51,16,3738,441.5863902,1,1,1,0,0,0,0,1,1,0,0
172.440432,5.240131023,4,81,14,163,1221.696817,1,1,0,1,1,0,1,0,0,1,0
194.988208,3.414733275,1,23,15,6915,868.9523115,1,1,1,0,1,1,0,1,0,0,1
235.141716,1.901532614,1,61,6,19936,1215.412022,1,0,0,1,1,1,0,0,1,1,1
242.61428,5.541384803,5,48,13,8704,1212.756335,1,1,1,0,1,0,1,0,1,1,1
117.51525,5.62805389,2,58,16,26147,828.6984604,1,0,0,0,1,1,1,1,0,0,0
127.458638,8.791194482,1,63,14,1634,1040.933456,1,0,0,0,0,0,1,0,0,1,0
179.947583,3.11643578,0,78,17,51582,473.0515906,0,0,1,0,1,0,0,0,0,0,1
139.934918,2.086431077,0,34,10,19858,922.2958319,1,0,0,1,1,0,1,0,0,1,0
92.488023,12.84560044,6,66,10,4180,1266.982166,0,0,0,0,1,0,0,0,1,0,0
117.472036,2.704019894,0,32,10,838,476.2957809,1,1,0,0,1,0,0,0,1,1,0
187.481057,1.656338685,0,55,10,780,1097.557516,0,1,0,1,1,1,1,1,0,1,0
225.145743,14.89720747,3,32,8,797,2539.76136,0,1,0,1,1,1,1,1,0,1,1
159.965008,8.735757967,3,69,10,265,1068.543522,1,0,1,0,1,0,0,1,0,0,1
255.141716,1.161803984,10,51,14,9177,1004.100502,1,1,1,0,0,1,0,0,1,1,1
184.993915,13.76871228,5,39,17,4478,1801.182918,0,1,0,0,1,1,1,0,1,0,1
149.984492,18.66504433,2,30,9,91,1990.914106,1,1,0,0,0,0,1,1,0,0,1
182.465269,13.01023159,2,38,10,469,1469.359942,0,0,1,0,1,1,0,0,0,0,1
129.948316,5.803901847,1,87,13,8685,1041.301237,1,0,0,1,1,0,0,0,1,1,0
152.47417,5.295927221,3,73,8,313,1109.108163,1,1,0,1,1,0,0,1,1,0,1
207.49737,2.463011656,0,45,14,13970,692.3788089,1,0,1,0,1,1,0,1,1,0,1
154.991856,14.04985628,3,21,13,4260,2072.078593,0,0,0,1,1,1,0,1,1,0,1
137.468591,4.849677072,2,29,11,168,692.5685037,0,0,1,0,1,1,1,0,0,0,0
207.481057,9.595456517,0,31,9,250,1366.210807,0,0,1,0,1,1,1,1,0,1,0
137.439154,15.16937697,0,37,9,577,1476.963855,0,1,1,0,1,0,0,0,0,1,0
252.62403,9.195415365,2,57,15,3543,1321.204826,0,0,1,0,1,0,0,0,1,1,1
194.999168,13.04114417,0,26,6,830,1557.923129,1,0,0,0,1,0,1,1,1,0,1
152.509013,1.79772408,4,36,12,650,740.0368256,1,0,0,0,1,1,0,1,0,1,0
137.439154,6.471903209,1,83,16,33725,644.2789946,1,1,1,0,0,0,0,0,0,1,0
267.664655,9.923586914,4,60,11,26943,1640.006106,0,0,1,0,1,1,0,1,1,1,1
157.469817,5.36237356,1,74,10,13,545.6211065,1,0,1,0,1,0,0,0,1,0,0
154.975543,3.317348927,1,35,15,4381,1258.06366,1,0,0,1,1,1,1,1,0,1,0
117.439154,10.79186592,4,59,10,124,1582.783024,0,0,0,1,1,0,0,0,0,1,0
182.476229,3.505235526,0,55,14,5935,596.3449707,0,0,0,0,1,0,1,0,1,0,1
142.485486,11.7391369,2,66,13,17808,1335.902829,1,0,0,0,1,1,1,0,1,1,0
162.452604,13.00962018,1,49,13,44826,1460.632443,1,1,1,0,1,1,1,0,0,1,0
144.960655,4.709035899,0,22,8,8149,545.1832765,0,0,1,0,0,0,0,0,0,0,0
129.994975,1.611546284,1,32,12,278,463.6509838,0,0,0,0,1,0,0,1,1,1,0
129.962093,11.55987401,5,72,5,2618,1766.074131,1,0,0,1,1,0,0,1,0,1,0
212.655686,5.261212465,1,34,14,5467,1101.650764,1,0,0,0,1,1,1,0,1,1,1
104.962874,15.806584,3,77,12,2205,1490.383762,0,0,0,0,1,0,0,0,0,1,0
147.478341,13.17849974,1,27,8,9663,1328.747604,1,0,1,0,1,1,0,0,0,0,0
127.488728,12.05713486,2,67,8,215,1234.176575,0,0,0,0,1,0,0,1,0,0,1
220.132293,3.105139512,0,59,11,55652,809.979871,1,1,1,0,1,0,0,1,0,1,1
184.967019,9.137809439,0,42,12,1436,1196.870152,1,0,1,0,1,0,1,1,1,1,0
124.964303,7.176700824,2,75,11,15964,649.8383392,1,0,1,0,0,0,0,0,1,0,0
182.467607,6.991642782,0,48,7,2792,927.9297296,0,0,1,0,1,0,0,1,0,1,0
162.500692,9.637781398,2,87,12,2479,984.2036034,1,1,1,0,1,1,1,1,1,0,0
172.470522,2.368283285,4,43,11,13448,1148.280787,0,0,0,1,1,0,0,1,0,0,1
212.669463,9.651065829,4,20,7,25823,1719.483972,0,1,0,0,1,1,1,1,0,1,1
257.63748,8.730405893,0,48,13,4685,1880.78289,0,0,0,1,1,1,1,0,1,1,1
222.628057,4.173314039,1,21,9,1370,1560.361086,0,0,0,1,1,0,1,1,0,1,1
152.479779,15.42700763,7,34,7,224,1930.805216,1,0,1,0,1,1,0,1,0,1,0
112.455141,12.91213895,8,30,12,1439,1447.711265,0,0,1,0,1,0,0,0,0,0,0
142.485486,3.679255472,4,50,14,541,836.5749555,0,0,0,0,1,1,1,0,1,1,0
162.471255,10.34327947,0,35,10,1209,1224.604104,1,0,1,0,1,0,0,1,1,1,0
159.964152,5.451895614,0,76,10,447,765.8624235,0,0,0,0,1,0,1,0,0,1,0
194.958118,12.81881129,1,38,11,271,1553.013845,0,0,1,0,1,1,1,0,0,1,0
149.944668,8.277054038,0,75,15,197,1320.132625,0,0,0,1,1,0,0,0,0,1,0
182.460772,14.31596419,3,37,12,2475,1642.394079,1,1,1,0,1,0,1,1,0,0,1
204.949594,5.259033624,3,67,11,236,876.2446802,0,0,1,0,1,0,1,0,1,1,0
120.003499,14.44810037,0,84,11,200,1424.117227,0,0,0,0,1,1,0,1,0,1,0
164.985293,4.245035615,0,81,7,4292,1083.381195,1,1,0,1,1,1,0,1,0,1,0
172.503404,4.035770971,3,26,7,2053,900.6921852,1,1,0,0,1,0,0,1,1,0,1
277.651257,6.434280902,1,20,17,2358,1482.558282,0,1,1,0,1,1,1,1,0,1,1
275.133571,5.425068599,3,20,4,1242,1386.2317,0,0,1,0,1,0,1,1,0,1,1
152.510442,2.729451922,0,18,11,28275,970.4333183,1,0,0,1,1,1,0,1,1,0,0
184.971516,5.134989649,0,37,7,116,806.2451255,1,0,1,0,1,1,0,0,1,1,0
227.475448,6.979009919,8,41,15,8543,1258.30276,1,0,1,0,1,0,1,1,1,0,1
184.967019,4.816592997,4,36,17,6037,938.5556359,0,0,1,0,1,0,1,1,1,1,0
129.977753,3.861708438,0,64,14,142,853.1123448,1,0,0,1,1,1,1,0,1,0,0
275.119794,11.58576976,5,56,9,213,1706.688082,1,0,1,0,1,0,1,0,1,1,1
194.958118,1.740841699,1,34,8,24416,658.4234711,0,0,1,0,1,1,1,0,0,1,0
139.99789,10.50397242,9,52,6,4132,1375.909262,0,0,0,0,1,0,0,1,1,0,1
115.002061,4.906579535,2,44,8,321,708.2981607,0,0,0,0,1,1,0,0,0,0,0
192.440432,15.90065569,2,62,13,294,1729.48154,1,0,1,0,0,0,1,0,0,1,0
139.965008,1.276890621,1,32,9,2578,848.3285479,1,1,0,1,0,0,0,1,0,0,1
182.443347,5.915225146,1,34,9,1864,1302.621469,0,1,0,1,1,0,1,0,0,0,1
159.964152,2.646328849,1,26,9,4901,730.6968601,0,0,0,0,1,0,1,0,0,1,0
139.934918,13.7944302,4,46,12,2840,1965.419062,0,0,0,1,1,0,1,0,0,1,0
177.65076,1.550579619,3,57,11,1397,771.5712211,0,1,0,0,1,1,0,0,0,1,1
210.105118,10.03364243,2,54,12,1655,1830.93361,0,1,0,1,1,0,1,0,0,1,1
172.44408,14.63294721,1,60,14,1769,1486.699299,1,1,1,0,1,0,1,0,1,1,0
117.472036,7.380291282,0,43,14,7711,823.39436,0,1,0,0,1,0,0,0,1,1,0
144.960655,1.047382039,10,20,12,21044,641.845268,0,0,1,0,1,0,0,0,0,0,0
210.12704,2.371911572,0,89,10,26086,594.5451059,1,0,1,0,0,1,0,0,0,1,1
192.470522,4.905988692,1,77,8,2090,738.8929143,0,0,1,0,1,0,0,1,0,0,1
150.006987,2.253077812,1,25,16,26736,534.5843758,0,1,0,0,1,1,1,0,1,0,0
169.937833,1.59959844,3,89,15,10891,427.0934802,1,0,1,0,1,0,1,0,0,0,1
222.649979,27.46106977,4,39,13,1909,3069.566918,1,0,1,0,1,1,0,1,0,1,1
200.118516,1.457335487,2,58,15,3052,1072.481938,0,1,0,1,1,0,0,0,1,1,1
255.137219,17.34243942,10,57,16,3137,2389.270826,1,0,1,0,1,0,1,1,1,1,1
190.12704,9.759495559,0,88,14,231,1663.694612,0,0,0,1,1,1,0,0,0,1,1
117.485813,16.66814552,4,27,14,12919,1887.894567,1,0,0,0,1,0,0,1,0,1,0
220.132293,16.66213522,0,52,16,8854,1943.761302,1,1,1,0,1,0,0,1,0,1,1
142.468917,14.38485335,0,85,14,9481,1794.480836,0,1,0,1,1,1,0,0,1,0,1
142.471255,1.443775322,1,21,13,189,985.5778302,1,1,0,1,1,0,0,1,1,1,0
275.133571,9.349597147,1,23,13,1284,1589.339963,1,0,1,0,1,0,1,1,0,1,1
162.482694,4.945014197,2,72,12,29,792.520824,0,0,1,0,1,1,0,1,0,0,1
114.983787,8.015401085,0,37,11,25044,793.2826057,0,0,0,0,1,0,1,0,1,0,0
204.949594,1.153881327,2,31,12,678,580.0697389,0,0,1,0,1,0,1,0,1,1,0
147.460067,18.09905454,3,29,16,22640,1738.098524,1,0,1,0,1,0,1,0,1,0,0
139.99789,2.625315241,1,80,13,510,474.5558784,1,1,0,0,1,0,0,1,1,0,1
222.632554,5.566520625,1,70,7,5494,1434.828418,1,0,0,1,1,1,0,0,0,1,1
139.979239,2.380500918,4,41,17,649,754.4414431,0,1,0,0,1,1,1,0,0,0,1
200.132293,8.979360083,1,44,12,37464,1784.759356,1,0,0,1,1,0,0,1,0,1,1
172.44408,8.840888613,0,33,14,25619,1069.849043,0,0,1,0,1,0,1,0,1,1,0
179.947583,8.137267032,4,19,15,1875,1118.73994,1,0,1,0,1,0,0,0,0,0,1
235.141716,2.258852671,8,34,12,25420,1548.705967,0,0,0,1,1,1,0,0,1,1,1
172.440432,2.010811355,0,72,9,822,863.4623731,0,0,0,1,1,0,1,0,0,1,0
240.114868,1.591333405,1,43,13,2677,708.9358044,1,1,1,0,1,0,0,0,0,1,1
152.479779,7.918062789,0,23,13,2278,1136.110777,1,1,1,0,0,1,0,1,0,1,0
210.138,1.515452465,1,20,16,1298,804.489391,0,0,0,0,1,0,1,0,1,1,1
154.975543,3.857300987,0,56,12,8777,1202.670117,1,0,0,1,0,1,1,1,0,1,0
127.442069,7.882710227,3,69,11,638,1244.709018,1,0,0,1,1,0,0,0,0,0,1
162.446995,3.950587999,0,60,13,7291,1040.272445,1,0,0,1,1,0,1,0,1,0,1
230.105118,14.02849733,3,88,12,21408,1664.080114,0,0,1,0,1,0,1,0,0,1,1
262.610632,6.721823696,2,23,11,27543,1366.71852,1,0,1,0,1,0,1,0,0,1,1
149.99153,1.796688583,10,82,16,1042,600.0687482,1,1,1,0,1,1,1,1,0,0,0
187.609354,12.51401968,2,82,11,3622,1848.378413,1,0,0,1,1,0,0,0,0,1,1
104.97808,9.485268741,2,69,14,543,1352.986244,0,0,0,1,1,0,0,1,0,0,0
222.636202,19.02547148,4,31,11,39624,2323.778584,0,0,1,0,1,1,0,0,1,1,1
255.155493,2.506101194,2,24,13,1554,1084.371719,1,1,1,0,1,1,0,1,0,1,1
129.962093,7.55918608,9,41,5,687,1615.988955,1,0,0,1,1,0,0,1,0,1,0
229.993134,1.692982143,2,63,9,16228,643.5422493,0,0,1,0,1,1,1,1,1,0,1
149.948316,6.069124406,0,38,16,22738,732.3533606,0,0,1,0,1,0,0,0,1,1,0
220.132293,3.079467822,1,58,14,57642,841.9396981,1,0,1,0,1,0,0,1,0,1,1
149.962093,6.240783682,2,37,14,2221,939.1433243,1,0,1,0,1,0,0,1,0,1,0
190.173699,11.76491612,1,56,11,3167,1588.313232,1,0,0,0,1,1,0,1,0,1,1
179.965581,4.868716415,3,34,14,219,791.8768514,0,1,1,0,1,0,1,0,1,0,0
225.131966,5.011675804,3,74,16,828,1464.182884,0,0,0,1,1,1,1,0,1,1,1
230.105118,15.27829427,0,38,19,7751,1838.063609,1,0,1,0,1,0,1,0,0,1,1
210.156274,4.06047424,3,19,7,559,1173.76564,0,1,0,0,0,1,0,0,0,1,1
152.509013,9.618627021,4,81,13,263,1280.37995,1,0,0,0,1,1,0,1,0,1,0
149.948316,4.952763872,7,65,14,30672,767.8506996,0,0,1,0,1,0,0,0,1,1,0
265.146969,1.819217843,0,48,11,524,816.9532955,1,0,1,0,1,0,0,1,1,1,1
242.61428,16.62593689,2,67,6,16515,1919.29861,1,1,1,0,1,0,1,0,1,1,1
167.456419,6.429025787,3,44,6,47367,800.3296612,0,0,1,0,1,0,1,0,0,0,0
190.159922,5.31868521,0,33,10,932,1070.978131,1,0,0,0,1,1,0,0,1,1,1
242.657291,16.4659765,1,70,10,785,2065.398671,1,0,0,0,1,0,1,1,0,1,1
132.479779,9.188837964,1,86,13,12067,1477.960194,0,0,0,1,1,1,0,1,0,1,0
139.95684,13.3771743,1,79,13,24687,1298.399804,0,0,1,0,1,1,0,0,0,1,0
207.609354,5.688867768,2,78,11,1788,888.7604416,0,0,1,0,1,0,0,0,0,1,1
104.962874,2.049006759,3,70,14,3091,433.121911,1,1,0,0,1,0,0,0,0,1,0
172.456745,22.11524673,0,63,20,2043,2496.770215,1,0,0,1,1,0,0,0,1,0,1
124.964303,6.524843094,1,50,10,5582,561.4934455,0,0,1,0,1,0,0,0,1,0,0
179.979358,3.976063151,1,80,9,1027,587.1708313,1,0,1,0,1,0,1,1,0,0,0
137.439154,24.64624542,1,53,15,2028,2278.858365,1,1,1,0,1,0,0,0,0,1,0
127.458638,7.852675802,3,46,12,1078,1034.285556,0,0,0,0,1,0,1,0,0,1,0
210.105118,6.745272795,4,40,13,1000,1668.961962,0,0,0,1,1,0,1,0,0,1,1
222.636202,11.42508906,0,64,13,27017,1422.632058,1,0,1,0,0,1,0,0,1,1,1
172.510442,3.328266165,3,40,10,216,630.0568972,1,0,1,0,1,1,0,1,1,0,0
220.114868,2.722310392,2,72,13,9231,1150.804118,1,0,0,1,1,0,0,0,0,1,1
117.485813,9.907505405,6,65,12,2638,1223.869565,0,0,0,0,0,0,0,1,0,1,0
287.642733,4.319159918,0,49,14,204,1065.450757,0,0,1,0,1,0,1,1,1,1,1
140.00128,11.34544436,3,20,18,4436,1761.711017,0,0,0,1,1,1,0,1,0,0,0
207.46728,15.0349197,0,84,13,3096,1604.372091,0,0,1,0,1,1,1,0,1,1,0
124.960655,18.39607984,1,70,16,3408,2035.86052,0,1,0,1,1,0,0,0,0,0,0
162.460772,19.03625416,1,86,16,2639,2220.436194,0,0,0,1,1,0,1,1,0,0,1
157.483594,8.846951024,1,75,14,5278,908.6839372,1,1,1,0,1,0,0,1,0,0,0
129.977753,18.33393114,7,41,13,2247,2329.836404,0,0,0,1,1,1,1,0,1,0,0
172.47417,18.29391747,0,59,10,8431,1714.188033,0,0,1,0,1,0,0,1,1,0,1
149.948316,12.43358232,0,89,9,415,1086.632821,1,0,1,0,1,0,0,0,1,1,0
182.446995,4.303849456,1,36,13,384,682.9095847,1,1,1,0,1,0,1,0,1,0,1
182.460772,9.539729035,1,71,12,4715,1077.996673,1,1,1,0,1,0,1,1,0,0,1
132.466002,6.339774346,1,20,9,23770,1333.027522,0,0,0,1,1,1,0,0,1,1,0
287.642733,4.969645421,5,62,11,13915,1277.1051,1,1,1,0,1,0,1,1,1,1,1
162.497044,5.376652863,2,27,6,118,1312.896111,1,1,0,1,1,1,1,1,0,0,0
139.987503,11.67460124,0,38,11,4655,1638.77523,1,0,0,1,1,1,0,0,1,0,0
179.965581,24.71916223,3,55,7,271,2267.242164,0,0,1,0,1,0,1,0,1,0,0
172.47417,4.354733929,0,51,8,2856,680.5565136,0,0,1,0,1,0,0,1,1,0,1
82.496547,10.11019941,1,52,14,3879,923.420908,1,0,0,0,1,1,0,0,0,0,0
124.960655,14.69261964,1,89,11,5081,1587.826878,1,0,0,1,1,0,0,0,0,0,0
124.960655,2.39088492,0,84,11,30166,565.4577938,1,0,0,1,1,0,0,0,0,0,0
129.99153,2.606228436,3,36,11,9227,1097.505591,0,0,0,1,0,1,1,1,0,0,0
222.649979,13.08606275,5,32,15,304,1945.444997,1,1,1,0,1,1,0,1,0,1,1
255.141716,3.644232332,3,57,12,782,933.2803403,0,0,1,0,1,1,0,0,1,1,1
172.455519,1.415346194,1,41,6,7453,500.7187258,1,1,1,0,1,1,1,0,0,0,1
127.458638,15.1418246,0,57,16,242,1503.123653,0,1,0,0,1,0,1,0,0,1,0
232.641455,2.601455981,1,84,14,47645,721.8510774,1,1,1,0,1,0,0,1,1,1,1
182.460772,14.5875554,5,78,8,122,1674.078908,1,1,1,0,0,0,1,1,0,0,1
184.963371,13.37654004,4,40,11,5401,2155.00052,1,0,0,1,0,0,1,1,0,1,0
187.484705,4.486607929,6,38,16,4793,1088.786574,1,0,1,0,1,1,1,1,1,1,0
115.002061,7.904120653,0,19,17,5055,892.0207872,1,1,0,0,1,1,0,0,0,0,0
142.485486,2.017579009,5,28,15,15822,756.2815791,1,1,0,0,1,1,1,0,1,1,0
147.460067,9.716257401,0,74,12,5295,811.3375327,1,0,1,0,1,0,1,0,1,0,0
92.455141,18.05033087,1,19,8,175,2020.504216,1,0,0,1,1,0,0,0,0,0,0
179.947583,8.700517617,2,64,6,17806,955.7834668,1,0,1,0,1,0,0,0,0,0,1
270.160419,7.25493599,3,73,13,4513,1808.366194,0,0,0,1,1,1,1,1,1,1,1
267.642733,5.898536601,0,22,15,30809,1743.932853,1,0,0,1,1,0,1,1,1,1,1
92.488023,4.929637705,0,30,15,516,551.6881554,1,0,0,0,1,0,0,0,1,0,0
232.641455,8.713385365,0,85,11,15724,1141.532192,0,0,1,0,1,0,0,1,1,1,1
172.487091,13.0035986,1,82,10,10148,1480.891431,1,1,0,0,1,0,1,1,0,1,0
232.622804,14.45990083,0,18,10,18346,1911.782207,0,0,1,0,1,1,1,0,0,1,1
79.978861,5.837241927,4,83,13,86,571.1030177,0,0,0,0,0,0,0,0,0,0,0
172.456745,10.81815085,5,69,15,1983,1705.362101,0,0,0,1,1,0,0,0,1,0,1
182.460772,4.764739683,1,30,17,1634,821.1684673,0,1,1,0,1,0,1,1,0,0,1
242.61428,4.056889119,2,74,15,19001,913.521381,1,0,1,0,1,0,1,0,1,1,1
127.511223,9.876537733,0,27,14,11974,1114.016493,1,1,0,0,1,1,0,0,1,0,0
160.01224,1.018519598,1,74,17,344,286.5451139,1,0,0,0,1,0,1,1,1,0,0
184.978458,8.938308825,0,66,12,11202,1171.815364,0,0,1,0,1,1,1,1,0,0,1
157.469817,4.187033385,0,43,11,1418,437.8833399,0,0,1,0,1,0,0,0,1,0,0
162.467607,14.7804282,1,32,11,11092,2062.863163,1,0,0,1,1,0,0,1,0,1,0
210.12704,15.24536909,4,63,12,2318,1857.751688,1,0,1,0,0,1,0,0,0,1,1
199.990219,9.690818661,3,62,12,22684,1782.558347,0,0,0,1,1,1,1,1,1,1,0
144.960655,4.218778557,3,27,16,2297,577.1451549,1,0,1,0,1,0,0,0,0,0,0
164.985293,2.205915318,3,36,11,5210,1156.192762,0,1,0,1,1,1,0,1,0,1,0
245.146969,11.18792763,1,42,13,3761,2001.502073,0,1,0,1,1,0,0,1,1,1,1
107.481989,1.929621761,4,44,10,6633,789.5226439,1,0,0,1,1,1,0,0,1,0,0
142.468917,16.64037206,1,64,5,2857,1996.643218,0,0,0,1,1,1,0,0,1,0,1
187.609354,4.898445616,3,73,12,17452,1284.667114,1,1,0,1,1,0,0,0,0,1,1
242.628057,3.218751358,5,80,5,184,951.2972085,0,0,1,0,1,0,1,1,0,1,1
147.503078,10.03360917,0,43,13,8402,1091.751973,0,1,0,0,1,0,1,1,0,0,0
102.474625,8.853636698,0,69,14,373,752.7262389,0,1,0,0,1,0,1,0,0,0,0
172.457857,3.523994671,6,74,13,1940,765.3008585,1,1,1,0,1,0,1,1,0,1,0
217.483972,9.473751367,8,58,5,460,1477.859712,1,1,1,0,1,1,1,1,0,0,1
139.983006,19.58895462,1,21,11,7811,2323.477681,1,0,0,1,1,0,1,1,1,0,0
129.959755,10.19437082,4,28,8,1085,1756.819542,1,1,0,1,1,1,0,0,0,0,1
105.010962,2.871446409,9,26,16,5596,676.0809142,1,0,0,0,1,0,0,1,1,0,0
117.487242,7.292787239,4,31,15,29440,1281.533791,0,1,0,1,1,0,0,1,1,0,0
214.952509,8.458121948,2,52,11,7665,1155.865056,0,1,1,0,1,0,1,0,1,0,1
202.443347,17.48396291,0,75,8,40019,1671.835787,0,0,1,0,1,0,1,0,0,0,1
202.682861,8.92504512,1,47,16,814,1389.451264,1,0,0,0,1,1,0,1,1,1,1
255.119794,11.24061076,0,61,13,1428,1882.523799,1,0,0,1,1,0,1,0,1,1,1
190.12704,18.73450543,8,38,18,361,2809.296787,1,0,0,1,1,1,0,0,0,1,1
202.649979,6.681362911,0,40,10,61,1653.999552,0,0,0,1,1,1,0,1,0,1,1
149.944668,5.824620949,1,51,8,1938,1228.657511,1,0,0,1,1,0,0,0,0,1,0
182.446995,19.98393473,0,76,8,11100,1805.771781,0,0,1,0,0,0,1,0,1,0,1
192.470522,17.41856593,4,25,12,2377,2026.989634,1,0,1,0,1,0,0,1,0,0,1
139.951231,6.791270714,0,83,12,282,1103.633086,1,0,0,1,0,0,0,0,1,0,1
144.988941,7.172070851,1,44,13,3089,1407.682723,0,0,0,1,0,1,0,1,1,1,0
157.483594,16.99923183,7,50,10,35102,1761.052193,0,1,1,0,1,0,0,1,0,0,0
184.985293,8.960033031,3,63,8,127,1207.593093,1,1,1,0,1,1,0,1,0,1,0
225.178625,2.451256489,4,88,14,8013,910.9230162,1,0,0,0,1,1,1,1,1,1,1
210.105118,13.76430574,2,43,13,1103,2172.681118,1,0,0,1,1,0,1,0,0,1,1
187.46728,2.440923609,1,61,12,2750,1092.134853,1,0,0,1,1,1,1,0,1,1,0
142.500692,8.279774899,7,72,13,370,1571.814704,0,0,0,1,0,1,1,1,1,0,0
149.959755,9.2766412,1,33,7,21,1077.09525,0,0,1,0,1,1,0,0,0,0,1
124.97808,6.435331488,0,32,18,15099,749.3268907,0,0,1,0,0,0,0,1,0,0,0
214.952509,15.40849216,5,43,11,459,1764.939141,0,0,1,0,1,0,1,0,1,0,1
152.455519,13.46926706,3,28,6,7883,2006.076916,1,0,0,1,1,1,1,0,0,0,1
207.638588,6.867358844,3,65,14,3211,1177.735155,0,0,0,0,1,0,0,0,0,1,1
149.97755,7.522520984,2,27,12,46775,1021.026757,0,0,0,0,1,0,0,0,1,1,0
127.460067,1.763317472,0,21,9,21734,746.9528584,1,1,0,1,1,0,1,0,1,0,0
159.965008,4.611940238,4,81,15,574,722.0878256,0,0,1,0,1,0,0,1,0,0,1
152.479779,18.30915793,2,39,12,1409,1996.645842,0,1,1,0,1,1,0,1,0,1,0
119.95684,11.45319603,3,34,14,787,1763.355488,0,0,0,1,1,1,0,0,0,1,0
159.965581,10.30304569,0,29,16,111,1574.687531,1,0,0,1,1,0,1,0,1,0,0
139.951231,5.901029789,2,32,15,50288,1259.468498,1,0,0,1,1,0,0,0,1,0,1
210.12704,8.691329205,0,41,20,3052,1316.773005,1,0,1,0,0,1,0,0,0,1,1
240.114868,17.56356483,3,40,9,1523,2136.125116,0,1,1,0,0,0,0,0,0,1,1
117.487242,1.291871699,0,21,7,604,699.4793992,0,0,0,1,1,0,0,1,1,0,0
242.628057,3.638799298,4,31,15,2580,1115.58357,1,0,1,0,1,0,1,1,0,1,1
225.145743,20.70165955,0,31,10,278,2926.290256,1,0,0,1,1,1,1,1,0,1,1
114.997564,1.214622014,0,47,11,14569,284.0777847,0,1,0,0,1,0,1,1,0,0,0
142.499263,10.92511005,8,31,15,4833,1696.540148,0,1,0,0,1,1,1,1,0,1,0
82.496547,3.147892285,0,57,11,22447,305.7666287,0,0,0,0,1,1,0,0,0,0,0
132.479779,8.688984603,3,78,17,3172,1524.801731,0,0,0,1,0,1,0,1,0,1,0
184.961033,1.456262249,0,57,12,11499,906.2735981,0,0,0,1,0,1,1,0,0,0,1
202.443347,2.072317222,1,28,9,8248,676.2054121,1,1,1,0,1,0,1,0,0,0,1
159.965008,3.475168025,1,25,9,23835,637.9068136,0,0,1,0,1,0,0,1,0,0,1
167.456419,9.510993751,1,23,11,2115,1142.427499,1,0,1,0,1,0,1,0,0,0,0
114.972827,22.16579367,1,78,13,581,1825.985724,1,1,1,0,1,1,0,0,0,0,0
159.987503,6.19002424,1,39,10,5264,803.3925622,1,1,1,0,1,1,0,0,1,0,0
160.01224,9.067061096,1,80,10,702,1008.639416,0,0,0,0,0,0,1,1,1,0,0
137.468388,1.845003373,1,31,11,28,507.6007948,0,1,0,0,1,0,0,0,0,1,0
194.988208,3.12313921,4,42,10,60461,875.1196392,0,1,1,0,1,1,0,1,0,0,1
172.457857,10.24058579,0,70,8,744,1144.050351,0,1,1,0,1,0,1,1,0,1,0
220.161527,1.491763776,0,20,10,4003,830.5471719,0,1,0,0,1,0,0,1,0,1,1
147.456419,18.66406554,5,41,11,20602,2287.741972,1,0,0,1,1,0,1,0,0,0,0
252.637807,8.721905501,3,53,12,270,1407.12838,1,1,1,0,1,0,0,1,0,1,1
187.481057,14.58313517,0,75,10,20235,2091.178584,1,1,0,1,1,1,1,1,0,1,0
137.483594,4.255080878,1,60,6,2824,995.1098617,0,0,0,1,1,0,0,1,0,0,0
162.493654,9.343807204,2,27,17,20297,1241.311162,1,1,0,0,1,0,1,1,1,0,1
242.610632,4.153793775,0,82,9,151,1267.731181,0,0,0,1,1,0,1,0,0,1,1
167.484705,2.760208796,8,56,12,5819,1363.377334,1,0,0,1,1,1,1,1,1,1,0
267.664655,1.583634587,1,53,7,1639,887.2448499,1,0,1,0,1,1,0,1,1,1,1
235.188375,13.98469679,2,81,8,1165,1795.290082,0,0,0,0,1,1,0,1,1,1,1
169.974105,3.072369855,3,74,10,796,584.4226607,1,0,1,0,1,1,1,0,0,0,0
159.947583,12.81011786,1,52,12,88,1714.568513,0,0,0,1,1,0,0,0,0,0,1
95.005709,8.417226873,2,67,14,2217,770.6307096,0,1,0,0,1,1,0,0,1,0,0
172.457857,17.35804942,7,75,10,4483,1973.393367,0,1,1,0,1,0,1,1,0,1,0
187.484705,7.95236848,3,49,12,9696,1197.290608,0,1,1,0,1,1,1,1,1,1,0
202.636202,8.889790813,3,67,6,16488,1710.907598,0,0,0,1,1,1,0,0,1,1,1
277.63748,1.112321784,9,54,14,1112,1053.415573,1,0,1,0,1,1,1,0,1,1,1
104.97808,17.67252758,0,43,17,34784,1965.221779,0,0,0,1,1,0,0,1,0,0,0
95.019486,9.716052195,0,32,16,7104,1093.345316,0,0,0,0,1,1,0,1,0,0,0
152.44408,14.87120712,3,62,2,4477,2021.782055,0,0,0,1,0,0,1,0,1,1,0
154.975543,7.077999389,7,70,11,7290,1636.158987,1,0,0,1,1,1,1,1,0,1,0
217.470195,13.85473212,3,25,11,1026,1792.56277,0,0,1,0,1,1,1,0,1,0,1
192.470522,10.39427126,3,33,13,24147,1312.134316,0,0,1,0,1,0,0,1,0,0,1
207.49737,10.22370845,1,41,14,38753,1289.886774,1,0,1,0,1,1,0,1,1,0,1
162.493654,8.098851806,5,51,12,3437,1152.968935,0,0,0,0,1,0,1,1,1,0,1
162.471255,19.16163631,0,82,13,1405,1746.011415,0,1,1,0,1,0,0,1,1,1,0
222.61428,9.932932319,3,56,11,57955,1898.286119,1,1,0,1,1,0,1,0,1,1,1
125.007314,4.00803296,1,71,9,14269,525.3079814,1,1,0,0,1,0,0,1,0,0,0
92.455141,14.41890198,8,34,6,81,1971.551928,0,0,0,1,1,0,0,0,0,0,0
222.61428,9.26064585,0,20,5,41000,1821.82345,0,1,0,1,1,0,1,0,1,1,1
207.49737,8.634921784,0,23,9,128,1270.22182,0,1,1,0,1,1,0,1,1,0,1
172.487091,1.068799086,0,72,12,396,504.9814106,0,0,0,0,1,0,1,1,0,1,0
175.133074,17.39605821,3,35,14,3989,2019.788427,0,1,0,0,1,0,0,0,0,1,1
159.987503,7.245906912,6,89,11,9718,879.9008247,1,0,1,0,1,1,0,0,1,0,0
162.452604,6.133827574,3,66,11,130,950.1312316,1,0,1,0,0,1,1,0,0,1,0
152.44408,3.816472249,7,57,12,1925,1208.458932,0,0,0,1,1,0,1,0,1,1,0
139.979239,11.47456181,1,76,15,4695,1210.196851,0,0,0,0,1,1,1,0,0,0,1
252.637807,3.61323465,0,81,13,21095,804.3790601,0,0,1,0,1,0,0,1,0,1,1
242.610632,6.126946607,0,40,9,180,1614.1637,1,0,0,1,1,0,1,0,0,1,1
192.440432,9.378558244,3,85,14,79276,1150.450972,0,0,1,0,0,0,1,0,0,1,0
262.610632,5.679317142,0,34,10,10056,1136.60955,1,0,1,0,1,0,1,0,0,1,1
94.972827,9.314854212,3,30,12,19556,1487.731702,1,0,0,1,1,1,0,0,0,0,0
124.97808,6.339408608,0,38,20,8706,639.5093519,1,0,1,0,1,0,0,1,0,0,0
120.003499,5.597557242,1,78,11,947,796.4331979,1,1,0,0,1,1,0,1,0,1,0
275.119794,6.195470215,2,85,8,115,1124.637958,0,1,1,0,1,0,1,0,1,1,1
139.981577,8.509499576,0,63,11,16394,1072.213221,0,0,0,0,1,0,1,1,0,1,0
202.443347,30.03608319,1,88,14,18578,2688.491827,1,0,1,0,1,0,1,0,0,0,1
172.47417,13.34966275,1,49,16,16299,1454.923517,0,0,1,0,1,0,0,1,1,0,1
144.960655,9.045537332,2,31,6,2494,1014.854462,1,0,1,0,1,0,0,0,0,0,0
172.44408,17.70570806,3,33,14,1602,1935.621118,1,1,1,0,1,0,1,0,1,1,0
222.61428,5.958420709,4,28,9,29287,1648.155844,0,0,0,1,1,0,1,0,1,1,1
220.114868,7.570075544,1,84,9,6921,1524.945096,0,0,0,1,1,0,0,0,0,1,1
127.442069,5.873359501,2,35,12,37540,1160.756141,0,0,0,1,1,0,0,0,0,0,1
139.934918,19.37622206,2,43,15,11196,2418.099487,1,1,0,1,1,0,1,0,0,1,0
172.457857,13.66699636,2,73,7,30196,1523.590353,1,0,1,0,1,0,1,1,0,1,0
157.483594,1.87055247,2,77,15,2898,278.9942907,0,1,1,0,1,0,0,1,0,0,0
187.481057,10.7468963,1,37,10,70,1885.164449,1,0,0,1,1,1,1,1,0,1,0
134.950905,6.691537735,0,24,9,66531,805.3931837,1,0,1,0,1,0,1,0,0,0,0
127.474951,12.41932486,1,56,14,309,1188.311266,1,1,0,0,1,0,0,0,1,0,1
194.988208,2.5238884,6,75,8,17879,779.392646,1,1,1,0,1,1,0,1,0,0,1
169.992756,9.764790968,0,70,13,352,891.5354705,1,0,1,0,1,0,0,1,1,0,0
152.488401,7.629294031,0,54,18,39088,940.7924479,0,0,0,0,0,1,1,0,1,0,1
152.510442,6.695029374,1,42,12,13112,1251.289889,0,1,0,1,1,1,0,1,1,0,0
152.457857,19.25835701,9,69,7,631,2623.835938,0,1,0,1,1,0,1,1,0,1,0
139.951231,1.723983897,3,50,13,348,888.9795791,1,0,0,1,1,0,0,0,1,0,1
129.948316,3.811416865,3,47,17,43,1023.702263,0,0,0,1,0,0,0,0,1,1,0
159.987503,1.784103787,2,59,10,30927,407.5928812,1,0,1,0,1,1,0,0,1,0,0
79.978861,1.43538042,9,57,7,868,367.3059091,1,1,0,0,1,0,0,0,0,0,0
92.455141,13.3451101,0,29,14,20136,1571.397537,1,0,0,1,1,0,0,0,0,0,0
204.961033,9.676963031,3,32,11,76,1340.685724,1,0,1,0,1,1,1,0,0,0,1
95.019486,9.028422616,0,81,12,1444,876.3492188,1,1,0,0,1,1,0,1,0,0,0
232.637807,5.441479864,3,22,9,533,1700.52331,0,0,0,1,1,0,0,1,0,1,1
169.937833,3.550421402,2,37,13,941,726.6441549,1,0,1,0,1,0,1,0,0,0,1
137.469817,13.14070245,4,83,14,575,1577.015173,1,0,0,1,1,0,0,0,1,0,0
172.462354,19.9235245,4,44,13,63,2113.850791,1,1,1,0,1,1,0,0,0,1,0
142.500692,1.374911824,0,85,14,702,747.9301328,0,0,0,1,1,1,1,1,1,0,0
192.440432,3.106980528,4,58,10,10030,708.8254196,1,0,1,0,1,0,1,0,0,1,0
187.656013,5.550110436,0,80,18,87240,894.4102553,0,0,0,0,1,0,0,1,0,1,1
277.651257,9.38712707,3,28,15,1038,1712.794495,1,1,1,0,1,1,1,1,0,1,1
157.469817,4.005780287,3,31,12,2467,554.7295152,1,0,1,0,1,0,0,0,1,0,0
154.961766,12.40889924,7,87,11,7088,1889.347998,1,0,0,1,1,1,1,0,1,1,0
162.468917,7.60247544,3,36,11,291,1078.260358,0,1,1,0,1,1,0,0,1,0,1
182.467607,10.08463748,0,23,13,13961,1310.382845,1,1,1,0,1,0,0,1,0,1,0
195.006206,6.169035922,2,70,9,17248,909.9557807,1,1,1,0,1,1,1,1,1,0,0
149.988989,12.09641389,0,24,12,35824,1461.101266,0,1,0,0,1,1,0,0,0,0,1
139.987503,23.32691904,3,49,11,82,2649.830017,0,0,0,1,1,1,0,0,1,0,0
172.456745,8.886360176,0,60,11,5714,1340.373707,1,1,0,1,1,0,0,0,1,0,1
190.12704,15.82334026,0,85,10,142,2123.334993,0,0,0,1,1,1,0,0,0,1,1
255.155493,6.862244054,4,32,11,2581,1476.644914,0,0,1,0,1,1,0,1,0,1,1
137.468388,5.396647294,0,46,10,190,765.7044853,0,1,0,0,1,0,0,0,0,1,0
147.442069,18.42609229,7,47,17,32195,1890.385398,1,0,1,0,0,0,0,0,0,0,1
187.49737,4.526667855,1,34,9,2138,1259.528321,0,0,0,1,1,1,0,1,1,0,1
184.949594,6.832965812,4,47,8,853,1468.00712,0,0,0,1,1,0,1,0,1,1,0
202.443347,6.109999694,2,21,14,2317,1060.779533,1,0,1,0,1,0,1,0,0,0,1
162.500692,3.852627275,2,48,17,423,720.333405,0,0,1,0,1,1,1,1,1,0,0
159.979358,12.74748675,7,23,13,1548,2008.680996,0,1,0,1,1,0,1,1,0,0,0
162.465269,4.997365436,0,41,11,2747,1154.892024,1,1,0,1,1,1,0,0,0,0,1
182.443347,15.32475177,3,37,13,778,2207.637213,1,1,0,1,1,0,1,0,0,0,1
194.952509,18.81607435,3,58,8,1848,2346.894471,1,0,0,1,1,0,1,0,1,0,1
149.962093,7.629943705,0,34,9,37774,954.1807838,1,0,1,0,1,0,0,1,0,1,0
172.510442,9.417609509,2,77,14,1202,976.910308,1,0,1,0,1,1,0,1,1,0,0
227.475448,11.96148946,4,49,8,799,1599.474597,0,1,1,0,1,0,1,1,1,0,1
159.934918,15.48651522,0,32,14,57,1660.386663,1,1,1,0,1,0,1,0,0,1,0
184.949594,21.10862922,1,64,7,1489,2536.687205,1,0,0,1,1,0,1,0,1,1,0
217.483972,8.825774698,2,70,14,23438,1283.000223,1,0,1,0,1,1,1,1,0,0,1
172.510442,8.574105728,1,56,16,85,945.8621325,1,0,1,0,1,1,0,1,1,0,0
167.484705,15.56696462,3,45,14,1130,2247.823032,0,0,0,1,1,1,1,1,1,1,0
172.440432,8.000279417,3,88,14,18208,1441.176168,1,0,0,1,1,0,1,0,0,1,0
139.986074,15.16346403,3,22,7,271,1765.167048,0,0,0,0,1,1,0,0,0,1,0
184.978458,10.43448006,1,78,12,3801,1203.563432,0,0,1,0,1,1,1,1,0,0,1
232.637807,8.550692097,1,69,9,10987,1692.566285,1,1,0,1,1,0,0,1,0,1,1
172.470522,9.323157168,0,51,15,25744,1486.494353,0,0,0,1,0,0,0,1,0,0,1
182.45383,10.36025557,10,26,10,14928,1550.154506,1,0,1,0,1,0,0,0,1,1,0
172.487091,17.63783701,0,22,13,11537,1979.490592,0,0,0,0,1,0,1,1,0,1,0
157.483594,2.694014031,4,66,18,166,526.38731,0,0,1,0,1,0,0,1,0,0,0
167.456419,2.937852035,4,35,15,280,570.7344969,1,0,1,0,1,0,1,0,0,0,0
104.97808,9.566169913,1,39,8,6854,1344.903546,1,0,0,1,0,0,0,1,0,0,0
152.479779,2.163284177,1,37,12,8621,602.4065111,0,0,1,0,1,1,0,1,0,1,0
127.525,14.06970055,1,72,10,463,1339.377921,1,0,0,0,1,1,0,1,0,0,0
117.468591,13.13159395,2,64,13,128,1752.198908,0,0,0,1,1,1,1,0,0,0,0
179.947583,11.55776139,3,48,11,88,1273.142721,0,0,1,0,1,0,0,0,0,0,1
104.964303,14.96367107,8,51,9,318,1964.775503,0,0,0,1,1,0,0,0,1,0,0
245.128318,2.439520256,1,49,15,5367,1341.450253,0,1,0,1,1,1,1,0,0,1,1
120.003499,17.68782231,8,86,14,11631,1976.347042,0,0,0,0,0,1,0,1,0,1,0
225.145743,8.255617012,1,37,11,180,1917.60124,0,0,0,1,1,1,1,1,0,1,1
104.964303,5.174032539,0,55,15,7033,820.9557127,1,0,0,1,1,0,0,0,1,0,0
142.499263,8.16762508,0,54,10,38885,1148.911745,1,1,0,0,1,1,1,1,0,1,0
139.965008,14.96689418,0,63,12,1448,1919.921479,0,0,0,1,1,0,0,1,0,0,1
214.966286,7.537243981,2,65,15,1159,1036.324728,0,1,1,0,0,0,1,1,0,0,1
117.472036,18.95221637,2,41,8,6049,1839.699549,0,0,0,0,1,0,0,0,1,1,0
190.159922,5.011735021,0,79,12,37976,847.9561126,1,0,0,0,1,1,0,0,1,1,1
147.442069,2.728247011,1,26,10,13564,488.2811705,1,1,1,0,1,0,0,0,0,0,1
127.488728,7.138985437,3,63,12,1239,875.0932458,1,1,0,0,1,0,0,1,0,0,1
184.971516,22.71649048,0,73,11,23474,2128.80443,0,0,1,0,1,1,0,0,1,1,0
214.952509,13.28051861,2,55,17,2978,1541.165921,1,1,1,0,1,0,1,0,1,0,1
159.994242,27.96096319,2,43,14,388,2687.9401,0,0,0,0,0,0,0,1,0,0,1
194.976769,4.61174735,1,48,13,1278,768.0341067,0,1,1,0,1,0,0,1,1,1,0
112.455141,9.94963312,2,72,15,6450,882.5591385,1,0,1,0,1,0,0,0,0,0,0
115.002061,15.71358455,2,18,9,824,1679.045392,1,0,0,0,1,1,0,0,0,0,0
242.61428,12.60420397,4,33,11,39381,1809.863378,1,0,1,0,1,0,1,0,1,1,1
152.47417,17.92733138,1,33,14,1152,2295.960298,1,0,0,1,1,0,0,1,1,0,1
217.483972,6.818705821,0,76,7,18427,955.0181592,0,0,1,0,1,1,1,1,0,0,1
159.979358,15.97494301,0,55,12,14393,2035.008705,1,1,0,1,1,0,1,1,0,0,0
169.967067,14.39399314,3,48,13,1259,1681.813552,1,1,0,0,1,0,1,0,0,0,1
215.159141,9.983052758,0,87,13,2153,1774.760154,1,0,0,1,0,1,0,1,1,1,1
187.656013,2.704950495,1,74,13,19165,711.7404846,1,0,0,0,1,0,0,1,0,1,1
207.609354,20.83084927,1,55,15,256,2221.139588,0,1,1,0,1,0,0,0,0,1,1
192.440432,1.225588884,3,65,13,673,547.9869964,0,0,1,0,1,0,1,0,0,1,0
152.457857,10.44973947,2,44,13,7020,1768.55004,0,0,0,1,0,0,1,1,0,1,0
207.609354,3.418302206,3,19,10,290,926.9394553,1,1,1,0,1,0,0,0,0,1,1
162.468917,4.837990763,4,87,13,861,715.3186358,0,1,1,0,1,1,0,0,1,0,1
172.470522,1.963127209,0,85,10,490,771.9557231,0,0,0,1,1,0,0,1,0,0,1
129.948316,10.34247598,3,27,15,890,1671.469773,0,0,0,1,1,0,0,0,1,1,0
137.461553,1.156719701,1,55,12,876,358.4232611,0,0,0,0,1,0,1,0,0,0,1
175.133074,17.3999197,0,47,14,3441,1935.461046,1,1,0,0,1,0,0,0,0,1,1
147.471303,3.124488057,1,73,12,25815,520.8892347,0,0,0,0,1,0,0,0,0,0,1
197.470195,6.958063425,1,68,9,321,1356.12218,0,1,0,1,1,1,1,0,1,0,1
179.965581,7.010189312,3,50,14,1006,914.8863272,0,0,1,0,1,0,1,0,1,0,0
147.473844,2.447985699,3,23,13,6904,638.4642534,0,1,1,0,1,0,1,1,0,0,0
174.975543,4.269258862,1,36,16,17907,919.2881691,1,0,1,0,1,1,1,1,0,1,0
162.446995,8.343625652,3,53,11,4993,1515.532948,1,0,0,1,1,0,1,0,1,0,1
147.460067,4.397705634,2,62,16,655,476.4598684,0,0,1,0,1,0,1,0,1,0,0
182.45383,11.08150154,3,89,12,603,1140.151122,0,0,1,0,1,0,0,0,1,1,0
144.960655,7.273510936,3,74,10,1069,677.1757219,1,0,1,0,1,0,0,0,0,0,0
142.452604,12.01513041,10,28,13,4759,2138.553831,1,1,0,1,1,1,1,0,0,1,0
147.442069,4.845060681,3,19,12,6140,746.2481195,0,1,1,0,1,0,0,0,0,0,1
104.964303,11.19078648,0,63,17,28804,1370.012453,0,0,0,1,1,0,0,0,1,0,0
139.9678,16.91776871,0,26,10,4611,1754.601627,0,0,0,0,1,0,1,0,1,1,0
182.460772,21.16641251,1,45,12,19389,2115.906589,1,1,1,0,0,0,1,1,0,0,1
164.988941,25.88644227,1,29,13,9077,2576.783187,1,0,1,0,0,1,0,1,1,1,0
127.473844,15.59096202,0,87,11,36202,1826.678884,0,0,0,1,1,0,1,1,0,0,0
149.984492,13.03099332,0,27,5,3028,1559.824693,0,1,0,0,1,0,1,1,0,0,1
79.978861,8.034201127,10,50,13,706,961.7341695,0,1,0,0,1,0,0,0,0,0,0
137.468591,1.124656757,4,41,8,1185,409.5740796,1,1,1,0,1,1,1,0,0,0,0
164.978458,3.551651444,0,70,13,22294,1048.538032,0,0,0,1,1,1,1,1,0,0,1
154.975543,7.925553778,1,74,16,10667,1460.729298,0,0,0,1,1,1,1,1,0,1,0
160.00128,3.685081574,0,72,12,1416,539.9859818,0,0,1,0,1,1,0,1,0,0,0
182.460772,2.659423565,0,71,11,1815,483.4546178,1,0,1,0,1,0,1,1,0,0,1
117.485813,1.355493769,4,55,12,24438,541.4070913,0,0,0,0,1,0,0,1,0,1,0
159.965008,7.442451151,10,89,11,3546,1030.206721,0,0,1,0,1,0,0,1,0,0,1
172.455519,11.03162791,3,38,11,26588,1442.347357,0,0,1,0,1,1,1,0,0,0,1
129.976324,9.141192423,0,21,14,86,1204.678983,1,0,0,0,0,1,1,0,0,1,0
139.99789,4.633545041,3,71,17,949,730.1829735,0,1,0,0,1,0,0,1,1,0,1
94.972827,9.22316707,2,49,10,1826,1304.854276,1,1,0,1,0,1,0,0,0,0,0
169.937833,24.0737635,6,74,15,342,2410.11164,1,0,1,0,1,0,1,0,0,0,1
187.484705,7.771315315,3,34,13,265,1278.688937,0,0,1,0,1,1,1,1,1,1,0
172.462354,5.7018635,0,42,11,3161,831.9771606,0,0,1,0,1,1,0,0,0,1,0
275.119794,2.456217972,3,26,11,26320,995.4220744,1,0,1,0,1,0,1,0,1,1,1
194.976769,2.849622074,0,48,17,32825,592.8646912,0,0,1,0,0,0,0,1,1,1,0
112.455141,12.61694943,0,42,12,48863,1055.617042,1,0,1,0,1,0,0,0,0,0,0
139.979239,2.967533379,0,88,8,26182,525.3069851,0,1,0,0,1,1,1,0,0,0,1
245.131966,4.44463064,2,41,13,834,1128.690355,0,0,1,0,1,1,1,0,1,1,1
162.446995,10.92247392,4,55,13,16638,1668.779606,0,0,0,1,1,0,1,0,1,0,1
169.937833,5.696461819,2,20,11,53364,958.2229045,0,1,1,0,1,0,1,0,0,0,1
139.981577,5.173463744,3,83,10,19001,825.6469228,0,0,0,0,1,0,1,1,0,1,0
144.960655,9.339307484,0,42,8,8741,941.291001,0,0,1,0,1,0,0,0,0,0,0
184.978458,1.699850064,8,43,19,296,900.3977089,1,0,1,0,1,1,1,1,0,0,1
197.483972,3.955928538,1,72,9,9262,1260.12789,1,0,0,1,1,1,1,1,0,0,1
220.161527,9.652842643,5,45,18,1898,1618.259683,0,0,0,0,1,0,0,1,0,1,1
147.442069,16.53244292,1,18,14,547,1727.882293,0,0,1,0,1,0,0,0,0,0,1
164.985293,4.777862937,4,30,15,17055,1464.442974,0,0,0,1,1,1,0,1,0,1,0
147.456419,22.57289049,0,25,12,92,2588.843484,1,0,0,1,1,0,1,0,0,0,0
104.97808,8.571860106,0,58,11,5694,1170.35317,1,0,0,1,1,0,0,1,0,0,0
220.114868,7.195810535,0,86,15,25271,1409.882802,0,0,0,1,1,0,0,0,0,1,1
182.446995,2.978504665,1,88,10,1028,486.1105716,0,0,1,0,1,0,1,0,1,0,1
160.00128,2.661961707,5,48,13,13178,688.7644008,0,0,1,0,1,1,0,1,0,0,0
240.114868,2.834098048,7,86,16,933,901.5457844,0,1,1,0,1,0,0,0,0,1,1
255.155493,8.637184433,3,39,12,26340,1568.344567,0,0,1,0,1,1,0,1,0,1,1
220.114868,10.46190099,1,55,11,51447,1809.921626,1,1,0,1,1,0,0,0,0,1,1
142.471255,4.861047755,0,34,8,6610,1192.174805,0,0,0,1,1,0,0,1,1,1,0
179.947583,9.62893496,0,69,10,31736,953.8934493,0,1,1,0,1,0,0,0,0,0,1
140.004928,4.248159714,8,72,13,148,682.4871065,0,1,1,0,1,1,0,1,1,0,0
187.484705,7.912612583,2,66,13,388,1154.565474,1,0,1,0,1,1,1,1,1,1,0
127.488728,3.135848347,2,39,14,56765,677.2734494,1,0,0,0,1,0,0,1,0,0,1
162.471255,9.31669305,0,56,13,4731,1024.582571,0,0,1,0,1,0,0,1,1,1,0
137.483594,6.485770796,3,44,16,21939,1291.915318,1,0,0,1,1,0,0,1,0,0,0
149.944668,10.55505829,2,18,13,2722,1755.239032,0,0,0,1,1,0,0,0,0,1,0
172.47417,19.43267321,1,70,12,372,1884.50089,0,0,1,0,1,0,0,1,1,0,1
184.979684,2.108441505,1,46,10,4913,1029.123182,0,0,0,1,1,0,0,1,1,0,1
199.990219,16.08842518,4,30,12,4535,2489.519356,1,1,0,1,1,1,1,1,1,1,0
172.503404,4.860645308,1,76,9,25577,742.7794122,1,0,0,0,1,0,0,1,1,0,1
82.496547,18.88610542,4,33,11,3191,1797.14783,1,0,0,0,1,1,0,0,0,0,0
182.446995,11.73492964,1,74,15,69142,1249.494056,0,1,1,0,1,0,1,0,1,0,1
197.628838,9.841085026,0,21,10,7222,1495.341126,0,1,0,0,1,0,1,0,0,1,1
174.988208,7.819783852,2,71,11,3758,1516.797047,0,1,0,1,1,1,0,1,0,0,1
164.967019,29.70527547,4,66,10,8778,3293.015758,1,0,0,1,1,0,1,1,1,1,0
207.475448,2.478012402,0,66,9,2161,1057.037731,0,1,0,1,0,0,1,1,1,0,1
255.119794,4.089115347,0,35,15,4761,1467.90459,1,0,0,1,1,0,1,0,1,1,1
142.452604,20.96092159,4,25,13,1823,2743.734408,0,0,0,1,1,1,1,0,0,1,0
117.487242,4.55454522,0,43,12,408,976.9718156,0,1,0,1,1,0,0,1,1,0,0
275.119794,2.876901531,4,72,12,33049,956.9132284,1,1,1,0,1,0,1,0,1,1,1
172.47417,5.682066541,3,25,12,751,884.6278615,1,0,1,0,1,0,0,1,1,0,1
159.947583,3.187512279,9,43,10,5143,1201.898094,0,0,0,1,1,0,0,0,0,0,1
157.483594,7.93260821,1,57,10,1426,810.4941232,1,0,1,0,0,0,0,1,0,0,0
172.456745,5.146834768,0,23,9,90,1237.560637,0,1,0,1,1,0,0,0,1,0,1
179.947583,21.63512984,1,20,5,3776,2211.379038,0,0,1,0,1,0,0,0,0,0,1
149.99153,9.941798485,1,35,9,442,1144.495358,0,1,1,0,0,1,1,1,0,0,0
204.979684,15.26657624,3,81,14,1185,1558.309095,1,0,1,0,1,0,0,1,1,0,1
104.992311,2.62860278,2,57,15,312,501.0626363,0,0,0,0,1,1,1,0,0,0,0
137.439154,2.045299662,1,32,8,98,495.8370195,1,1,1,0,1,0,0,0,0,1,0
242.657291,23.05042619,4,60,15,8002,2730.054658,0,0,0,0,1,0,1,1,0,1,1
117.468591,5.427546075,0,48,17,2621,1111.834697,1,1,0,1,1,1,1,0,0,0,0
190.159922,14.05740045,4,40,9,28633,1887.197833,1,1,0,0,1,1,0,0,1,1,1
159.987503,5.791194183,1,67,9,18065,596.625449,1,0,1,0,1,1,0,0,1,0,0
169.944668,14.23594392,4,64,14,20940,1507.046722,1,0,1,0,1,0,0,0,0,1,0
200.118516,3.883156675,0,21,13,18674,1330.988714,1,0,0,1,1,0,0,0,1,1,1
129.948316,31.10956637,3,82,1,15379,3192.755309,1,0,0,1,1,0,0,0,1,1,0
130.024412,4.891651665,2,72,13,16897,644.4955303,1,0,0,0,0,1,1,1,1,0,0
159.964152,5.812856338,5,23,11,1015,1076.076012,0,0,0,0,1,0,1,0,0,1,0
159.951231,1.67735795,3,37,11,754,432.0011277,1,0,1,0,1,0,0,0,1,0,1
192.470522,10.55675189,3,24,16,2557,1437.241364,0,1,1,0,1,0,0,1,0,0,1
124.964303,10.08691319,3,40,12,128,951.5458256,0,0,1,0,1,0,0,0,1,0,0
200.165175,12.48678964,2,32,6,534,1733.107782,1,0,0,0,0,0,0,1,1,1,1
245.145743,9.553290527,3,59,20,955,1599.874839,1,0,1,0,1,1,1,1,0,1,1
159.951231,6.307898491,1,44,17,1543,726.8978219,0,0,1,0,1,0,0,0,1,0,1
134.980139,7.195646567,1,60,13,127,831.4033785,1,0,0,0,1,0,1,0,0,0,0
175.133074,15.15825465,4,56,12,1142,1798.360928,1,0,0,0,1,0,0,0,0,1,1
220.114868,22.56250894,3,23,10,975,3014.958938,0,0,0,1,1,0,0,0,0,1,1
162.468917,2.619468979,0,24,15,109,534.6671843,1,0,1,0,1,1,0,0,1,0,1
112.484375,7.321650003,0,85,12,17389,552.7011071,0,0,0,0,1,0,0,0,0,0,0
242.628057,3.469955007,2,55,10,22529,961.4921994,0,1,1,0,1,0,1,1,0,1,1
114.965789,17.88183906,4,52,10,878,1737.043258,1,0,0,0,1,0,0,0,0,0,1
124.97808,12.33304231,10,42,14,8990,1425.346946,1,0,1,0,1,0,0,1,0,0,0
139.934918,17.12047934,4,49,14,89075,2275.16632,0,1,0,1,1,0,1,0,0,1,0
184.985293,4.32321356,0,84,2,511,627.3962656,0,0,1,0,1,1,0,1,0,1,0
182.483267,7.59915732,3,45,14,10842,972.4555268,0,0,1,0,0,1,1,0,1,0,0
255.133571,12.71183755,3,24,11,560,2383.673575,0,1,0,1,1,0,1,1,0,1,1
169.937833,3.868738215,2,32,11,22273,686.8335296,0,0,1,0,1,0,1,0,0,0,1
129.959755,6.642819537,8,18,13,2653,1539.452153,1,0,0,1,1,1,0,0,0,0,1
252.62403,3.871799525,0,73,14,447,770.971694,0,0,1,0,1,0,0,0,1,1,1
245.174977,2.288223389,3,87,14,6289,937.6860638,0,1,0,0,1,1,1,1,0,1,1
132.466002,9.331730104,4,62,14,1204,1579.887065,0,1,0,1,0,1,0,0,1,1,0
222.632554,17.01228541,1,82,13,2474,2294.265591,0,0,0,1,1,1,0,0,0,1,1
165.018175,4.556801333,3,71,11,344,871.9497737,1,1,0,0,1,1,0,1,1,1,0
127.442069,1.522691557,1,71,13,20926,737.7421962,1,1,0,1,1,0,0,0,0,0,1
152.495236,2.988653862,0,55,15,1800,571.3635369,0,0,0,0,1,1,0,0,1,1,0
139.965008,9.821119931,2,61,12,41,1566.414462,1,1,0,1,1,0,0,1,0,0,1
129.948316,2.495010749,3,41,6,911,935.5106086,1,0,0,1,0,0,0,0,1,1,0
144.988941,4.452382314,4,54,10,3814,1244.404963,0,1,0,1,1,1,0,1,1,1,0
149.992756,3.847102787,0,53,12,19215,875.8840004,0,0,0,1,1,0,0,1,1,0,0
159.951231,3.688657724,3,49,14,3431,557.4590468,1,1,1,0,1,0,0,0,1,0,1
184.979684,21.13118502,2,69,4,62,2543.181756,1,1,0,1,1,0,0,1,1,0,1
127.481989,23.44153546,1,59,11,13,1997.134556,1,0,1,0,1,1,0,0,1,0,0
132.466002,4.594946825,1,18,13,743,1196.617394,1,0,0,1,1,1,0,0,1,1,0
192.440432,8.085917091,2,36,10,819,1088.288955,1,0,1,0,1,0,1,0,0,1,0
139.99789,6.086525665,1,55,14,9045,840.1259162,0,1,0,0,1,0,0,1,1,0,1
217.472533,3.295993837,1,22,15,15515,839.4587853,0,0,1,0,1,0,1,1,1,1,0
139.981577,5.68109955,1,89,14,12162,738.9464573,1,1,0,0,1,0,1,1,0,1,0
149.977753,16.96762986,1,82,11,1594,1567.544174,0,0,1,0,1,1,1,0,1,0,0
147.442069,4.544027018,7,35,10,196,874.5485738,1,1,1,0,1,0,0,0,0,0,1
149.937833,10.3444125,0,20,12,1741,1690.990907,0,0,0,1,1,0,1,0,0,0,1
129.959755,4.672608309,1,39,14,1085,1093.673208,1,0,0,1,1,1,0,0,0,0,1
137.483594,11.44470291,2,65,13,529,1598.603464,0,0,0,1,0,0,0,1,0,0,0
204.963371,16.78883402,3,28,20,46286,1982.607316,1,0,1,0,1,0,1,1,0,1,0
270.160419,10.27733324,1,86,10,725,1998.877156,1,0,0,1,1,1,1,1,1,1,1
169.937833,15.98515564,5,27,17,6292,1870.659833,1,0,1,0,1,0,1,0,0,0,1
262.610632,3.19677148,0,65,13,208,831.5573687,0,1,1,0,1,0,1,0,0,1,1
152.47417,2.256763731,5,61,16,2564,1043.284658,1,0,0,1,1,0,0,1,1,0,1
119.989722,1.915736733,4,39,12,732,587.0970427,0,0,0,0,1,1,0,0,1,1,0
245.146969,14.02688588,0,55,17,1268,2207.767111,1,0,0,1,1,0,0,1,1,1,1
214.966286,20.96098587,8,86,8,2274,2252.093831,0,0,1,0,1,0,1,1,0,0,1
127.442069,16.48377098,0,35,16,1234,1968.581014,1,0,0,1,0,0,0,0,0,0,1
137.461553,7.989151046,0,23,7,1431,992.3896521,1,0,0,0,1,0,1,0,0,0,1
124.964303,5.682395213,0,75,12,678,383.5428131,0,0,1,0,1,0,0,0,1,0,0
129.994975,10.99225739,1,24,16,20,1297.575754,0,0,0,0,1,0,0,1,1,1,0
162.471255,1.550200335,0,34,9,5288,507.3968121,0,0,1,0,1,0,0,1,1,1,0
172.47417,19.73065009,9,63,18,196,2095.858312,0,1,1,0,0,0,0,1,1,0,1
182.476229,7.840871292,4,50,9,33,1173.415489,0,0,0,0,1,0,1,0,1,0,1
127.511223,7.349883172,4,46,13,2712,885.546457,1,0,0,0,0,1,0,0,1,0,0
187.513939,5.414586898,1,46,14,3334,1009.567691,1,1,0,0,1,1,1,1,1,1,0
160.00128,9.605264775,0,24,6,193,1100.161591,0,1,1,0,1,1,0,1,0,0,0
182.490006,4.843533662,4,32,13,4912,985.3722849,1,0,0,0,1,0,1,1,0,0,1
112.455141,13.24581884,1,57,14,1611,1171.036365,0,0,1,0,1,0,0,0,0,0,0
137.439154,3.330819942,3,50,13,24580,556.6697772,0,0,1,0,1,0,0,0,0,1,0
147.478341,1.84918194,0,49,15,952,297.5330656,0,1,1,0,1,1,0,0,0,0,0
124.993537,9.07813252,2,69,14,7380,814.974232,1,0,0,0,1,0,0,0,1,0,0
120.003499,6.585140105,3,77,16,3006,942.2015895,1,0,0,0,1,1,0,1,0,1,0
147.473844,10.46452162,9,30,14,2106,1374.793483,0,0,1,0,1,0,1,1,0,0,0
139.934918,10.11687657,3,26,12,31607,1698.876321,1,0,0,1,1,0,1,0,0,1,0
242.628057,2.181372893,3,30,8,5098,1015.71304,0,0,1,0,1,0,1,1,0,1,1
127.473844,14.26615817,1,78,13,708,1696.133718,0,1,0,1,1,0,1,1,0,0,0
162.498151,19.08438023,1,73,15,253,1825.848805,0,0,0,0,1,1,0,0,1,0,1
134.950905,6.203299256,0,39,13,8660,633.9224183,1,0,1,0,1,0,1,0,0,0,0
127.481989,3.354127023,0,39,13,13680,468.2897271,0,1,1,0,1,1,0,0,1,0,0
142.452604,9.38354759,0,72,6,57800,1470.820856,0,1,0,1,1,1,1,0,0,1,0
159.979358,3.724597242,8,37,7,1263,1336.534659,0,0,0,1,1,0,1,1,0,0,0
152.502178,8.831489129,0,34,14,2688,1185.69317,0,0,0,0,1,1,1,1,0,0,1
129.948316,3.507044017,4,27,10,5342,1142.173902,1,0,0,1,1,0,0,0,1,1,0
207.609354,6.390769574,0,24,9,170,1061.749813,1,0,1,0,1,0,0,0,0,1,1
184.985293,2.180613468,1,43,15,42532,656.1054778,1,0,1,0,1,1,0,1,0,1,0
114.983787,4.002381804,0,58,13,15074,391.7847619,1,0,0,0,1,0,1,0,1,0,0
222.649979,2.698284625,1,75,5,10695,783.1189106,0,0,1,0,0,1,0,1,0,1,1
142.515576,12.13508874,9,33,16,1861,1729.34277,0,0,0,0,1,1,0,1,1,0,1
152.466002,2.934758008,0,57,17,13055,535.493169,1,1,1,0,1,1,0,0,1,1,0
227.475448,1.262037303,8,78,12,22028,668.5567922,0,0,1,0,1,0,1,1,1,0,1
154.961766,17.5841798,7,74,14,319,2356.021599,1,1,0,1,1,1,1,0,1,1,0
162.500489,13.23888382,3,51,13,5803,1526.656486,1,0,0,0,0,0,0,1,1,1,0
192.48852,10.44223446,3,32,23,13549,1257.976073,1,1,1,0,1,0,1,1,1,0,0
222.628057,2.38395716,0,84,14,1503,1176.40624,0,0,0,1,1,0,1,1,0,1,1
222.649979,10.404813,4,60,7,2348,1556.108789,0,0,1,0,1,1,0,1,0,1,1
190.173699,16.37167434,0,20,13,5292,2053.027319,0,1,0,0,1,1,0,1,0,1,1
127.506726,1.350108155,0,38,10,370,411.2961627,1,0,0,0,1,0,1,1,1,0,0
149.984492,12.42216588,4,71,15,8538,1488.81735,1,1,0,0,1,0,1,1,0,0,1
200.132293,3.797689495,2,56,13,9064,1304.571599,1,0,0,1,1,0,0,1,0,1,1
200.132293,3.784962992,1,35,9,6447,1341.595521,0,0,0,1,0,0,0,1,0,1,1
217.483972,7.154371452,0,33,15,1562,1123.503268,1,0,1,0,1,1,1,1,0,0,1
129.962093,20.13119126,0,88,11,1319,2214.953933,1,0,0,1,0,0,0,1,0,1,0
92.5018,7.822562679,3,75,13,6436,732.0802458,0,0,0,0,1,0,0,1,0,0,0
164.967019,3.160392389,0,34,14,601,1099.763014,0,0,0,1,1,0,1,1,1,1,0
182.45383,14.38025496,0,89,9,5062,1365.14372,1,1,1,0,1,0,0,0,1,1,0
230.105118,7.517405581,1,76,18,921,1108.349605,1,0,1,0,1,0,1,0,0,1,1
124.97808,11.44196811,1,69,10,79,986.7489919,0,0,1,0,1,0,0,1,0,0,0
182.443347,7.413563684,1,88,13,167,1248.345698,0,1,0,1,1,0,1,0,0,0,1
149.937833,11.32483244,3,64,14,9930,1637.132389,0,0,0,1,1,0,1,0,0,0,1
137.468388,4.279464865,3,65,8,995,704.224884,1,1,0,0,1,0,0,0,0,1,0
162.460772,3.468872554,3,51,14,40,1203.486183,1,0,0,1,1,0,1,1,0,0,1
139.983006,12.47525704,1,69,10,130,1665.50808,1,0,0,1,1,0,1,1,1,0,0
104.962874,2.744401393,4,81,11,3734,484.8207127,0,0,0,0,1,0,0,0,0,1,0
167.484705,7.608938235,1,79,13,3480,1422.716519,0,1,0,1,1,1,1,1,1,1,0
144.960655,14.60426293,4,64,11,25077,1341.412763,0,0,1,0,1,0,0,0,0,0,0
149.97755,29.68889421,0,58,10,3956,2674.084451,0,0,0,0,1,0,0,0,1,1,0
187.46728,5.497366828,1,77,11,182,1243.061143,0,1,0,1,1,1,1,0,1,1,0
232.641455,4.955415304,2,19,11,21013,1111.571623,0,1,1,0,1,0,0,1,1,1,1
214.966286,13.31283015,0,60,11,636,1546.673637,0,0,1,0,1,0,1,1,0,0,1
204.963371,2.656111103,2,30,16,733,834.3144319,0,0,1,0,1,0,1,1,0,1,0
169.992756,18.02281027,4,71,11,1169,1688.039806,1,0,1,0,1,0,0,1,1,0,0
245.131966,11.71980152,1,31,15,520,1726.803854,0,0,1,0,1,1,1,0,1,1,1
114.972827,6.22226629,7,74,5,7842,717.4300821,1,1,1,0,0,1,0,0,0,0,0
160.00128,16.24273454,2,64,17,18875,1656.731409,1,0,1,0,1,1,0,1,0,0,0
112.455141,17.64373477,2,47,14,14433,1594.963149,0,0,1,0,1,0,0,0,0,0,0
79.978861,23.42878979,1,76,15,759,1943.112927,1,0,0,0,1,0,0,0,0,0,0
92.455141,6.7464384,1,74,13,380,913.9626257,0,0,0,1,1,0,0,0,0,0,0
144.960655,11.70414173,2,54,10,898,1157.286118,1,0,1,0,1,0,0,0,0,0,0
152.462354,4.909764597,1,22,16,2370,1323.979879,1,0,0,1,1,1,0,0,0,1,0
175.02109,19.43430735,3,31,14,1353,2138.939088,1,0,0,0,1,1,0,1,1,0,1
104.962874,2.60003549,3,80,16,382,445.4856462,1,0,0,0,1,0,0,0,0,1,0
149.992756,17.4880629,0,67,12,3171,2029.97992,0,1,0,1,0,0,0,1,1,0,0
240.114868,7.080759052,5,18,15,105,1363.832113,0,0,1,0,0,0,0,0,0,1,1
182.446995,9.808669685,0,85,12,1704,942.5247889,0,1,1,0,1,0,1,0,1,0,1
232.62403,5.68349814,0,71,10,5981,1386.523823,0,0,0,1,1,0,0,0,1,1,1
232.670689,11.55805828,1,70,12,231,1526.533644,1,1,0,0,1,0,0,1,1,1,1
132.466002,2.101748234,3,29,13,14630,1064.888301,0,0,0,1,1,1,0,0,1,1,0
229.993134,6.910330858,0,58,12,302,1025.864383,0,0,1,0,1,1,1,1,1,0,1
147.460067,15.54691331,3,19,16,6932,1561.767949,0,0,1,0,1,0,1,0,1,0,0
117.439154,7.175063445,1,54,8,3956,1257.52308,1,0,0,1,1,0,0,0,0,1,0
114.972827,1.19808324,2,68,12,188,253.7938252,1,0,1,0,1,1,0,0,0,0,0
162.467607,2.689103558,4,40,13,3208,1138.251038,0,0,0,1,1,0,0,1,0,1,0
139.981577,4.089399488,1,78,13,193,644.5909961,1,1,0,0,1,0,1,1,0,1,0
192.470522,2.314052799,2,67,12,345,507.8003206,0,0,1,0,0,0,0,1,0,0,1
112.455141,2.170567319,0,18,10,2800,278.350323,0,1,1,0,1,0,0,0,0,0,0
149.944668,12.94334524,0,58,13,8381,1711.161405,0,1,0,1,0,0,0,0,0,1,0
172.457857,9.117084502,2,33,17,8774,1234.871994,0,0,1,0,1,0,1,1,0,1,0
192.440432,7.843263617,3,57,13,47493,1069.400199,1,0,1,0,1,0,1,0,0,1,0
240.114868,17.0219219,0,61,17,1227,1930.538667,1,0,1,0,0,0,0,0,0,1,1
204.979684,15.6930298,1,79,11,2382,1538.239707,0,0,1,0,1,0,0,1,1,0,1
214.952509,11.75090487,3,57,12,58129,1357.774068,0,0,1,0,1,0,1,0,1,0,1
200.132293,10.54165852,1,72,17,5492,1773.915003,0,0,0,1,1,0,0,1,0,1,1
222.665436,14.92730216,3,58,8,3224,1940.626426,0,0,0,0,1,1,0,0,1,1,1
174.976769,11.48699577,3,44,7,1104,1819.555319,0,0,0,1,1,0,0,1,1,1,0
192.470522,4.071312509,1,45,14,1331,693.1317301,1,0,1,0,1,0,0,1,0,0,1
210.105118,3.866527859,0,58,5,2112,1297.983536,0,0,0,1,1,0,1,0,0,1,1
119.95684,2.067992783,0,22,15,1491,988.3956919,0,1,0,1,1,1,0,0,0,1,0
197.48762,8.447638937,3,86,10,64,1162.715411,1,0,1,0,1,1,1,1,1,0,1
112.455141,5.156329151,1,45,14,27226,465.2586783,0,0,1,0,1,0,0,0,0,0,0
184.985293,3.569000983,3,70,10,2912,742.9131016,0,1,1,0,1,1,0,1,0,1,0
227.475448,1.897261446,1,61,8,958,560.8498056,0,1,1,0,1,0,1,1,1,0,1
160.00128,11.71308191,4,71,11,149,1324.200333,0,0,1,0,1,1,0,1,0,0,0
137.469817,1.992846597,1,38,11,357,718.7685676,0,1,0,1,1,0,0,0,1,0,0
230.105118,2.701548767,1,35,11,22840,895.2266874,1,1,1,0,1,0,1,0,0,1,1
129.976324,1.665089598,0,74,9,396,418.3354904,1,0,0,0,1,1,1,0,0,1,0
175.02109,16.68190528,0,24,18,11734,1926.295645,0,1,0,0,1,1,0,1,1,0,1
194.958118,1.934171569,2,72,16,18304,580.4609705,1,0,1,0,0,1,1,0,0,1,0
207.609354,12.77495667,0,30,11,18978,1612.238384,0,0,1,0,1,0,0,0,0,1,1
179.965581,10.61383322,0,40,13,87,1068.30748,1,1,1,0,1,0,1,0,1,0,0
214.966286,20.17588966,9,43,12,564,2359.530807,1,0,1,0,1,0,1,1,0,0,1
147.456419,5.836790126,2,56,9,11910,1177.455135,0,1,0,1,0,0,1,0,0,0,0
139.95684,2.965166415,0,28,11,30689,628.7420412,0,0,1,0,1,1,0,0,0,1,0
192.440432,1.45460211,4,44,19,42582,619.3340158,0,0,1,0,1,0,1,0,0,1,0
137.469817,12.63923748,0,46,11,3231,1534.097093,1,1,0,1,1,0,0,0,1,0,0
240.114868,8.460086502,2,47,7,1851,1289.416735,0,0,1,0,1,0,0,0,0,1,1
172.487091,11.32593703,3,75,11,839,1380.893387,1,0,0,0,0,0,1,1,0,1,0
162.482694,10.12123118,1,19,18,877,1359.631961,1,1,1,0,1,1,0,1,0,0,1
139.95684,8.915680176,0,28,15,696,1116.314298,0,0,1,0,0,1,0,0,0,1,0
112.484375,8.249941923,1,49,13,9049,859.8649518,1,0,0,0,1,0,0,0,0,0,0
157.469817,9.267785326,0,63,16,8875,788.6164497,0,0,1,0,0,0,0,0,1,0,0
257.651257,9.300517617,3,44,17,1426,2113.787891,0,1,0,1,1,1,1,1,0,1,1
142.499263,2.427380647,3,70,11,40770,718.4643309,1,0,0,0,1,1,1,1,0,1,0
152.455519,23.27091932,1,48,8,12096,2764.347068,1,1,0,1,1,1,1,0,0,0,1
162.460772,2.916144419,1,36,13,396,1145.807042,1,1,0,1,1,0,1,1,0,0,1
149.944668,8.245809832,1,70,11,25537,1317.69652,1,0,0,1,1,0,0,0,0,1,0
127.478341,11.45756486,1,75,15,45487,1526.143641,1,1,0,1,1,1,0,0,0,0,0
187.656013,3.943033602,1,56,13,113,919.2556886,1,0,0,0,1,0,0,1,0,1,1
159.964152,8.926271021,4,34,14,779,1264.332813,0,1,0,0,1,0,1,0,0,1,0
157.483594,8.699764172,4,45,9,14606,1087.336893,1,0,1,0,1,0,0,1,0,0,0
137.439154,7.897660605,3,30,15,1541,996.4395858,1,1,1,0,1,0,0,0,0,1,0
172.44408,9.098041235,4,44,14,28727,1177.993259,0,0,1,0,1,0,1,0,1,1,0
182.460772,3.098560266,0,34,10,1907,723.0321035,0,1,1,0,1,0,1,1,0,0,1
112.455141,5.784022533,2,20,10,2276,629.4411174,1,0,1,0,1,0,0,0,0,0,0
114.983787,2.722761372,0,28,16,222,389.1228621,1,0,0,0,1,0,1,0,1,0,0
162.460772,16.8649602,8,35,12,83,2425.22825,0,0,0,1,1,0,1,1,0,0,1
200.146524,2.355538593,2,80,13,2920,778.2707384,0,0,0,0,1,1,1,0,0,1,1
252.637807,3.509036092,10,53,14,38436,1242.543701,0,0,1,0,1,0,0,1,0,1,1
242.643514,11.53737155,0,83,13,32351,1507.329753,0,0,0,0,1,0,1,0,1,1,1
242.657291,1.760409672,0,43,14,15560,871.1409059,0,0,0,0,1,0,1,1,0,1,1
104.992311,11.44810825,0,25,8,21276,1267.06092,1,0,0,0,1,1,1,0,0,0,0
175.133074,17.78302494,4,69,12,727,1970.80666,1,0,0,0,1,0,0,0,0,1,1
162.45383,12.68609343,8,32,14,886,2025.927893,1,0,0,1,1,0,0,0,1,1,0
174.988208,18.55974516,3,75,12,16243,2332.190421,1,1,0,1,0,1,0,1,0,0,1
169.944668,5.970269701,5,46,8,22202,966.6292325,1,0,1,0,1,0,0,0,0,1,0
217.470195,7.208423897,5,23,11,33103,1233.819233,0,0,1,0,1,1,1,0,1,0,1
124.993537,2.593102097,4,67,11,9611,351.7314539,1,0,0,0,1,0,0,0,1,0,0
184.993915,5.105265612,0,75,10,1319,819.3644961,0,0,0,0,1,1,1,0,1,0,1
172.462354,5.110208414,2,56,12,799,760.1061976,1,0,1,0,1,1,0,0,0,1,0
242.657291,2.840343779,3,60,11,4088,1043.299446,0,0,0,0,1,0,1,1,0,1,1
112.455141,8.344516765,1,63,10,87,667.4764252,0,0,1,0,1,0,0,0,0,0,0
127.442069,7.363761345,0,32,14,84,1313.42902,1,0,0,1,1,0,0,0,0,0,1
194.988208,11.07800251,1,87,11,309,1204.745285,1,0,1,0,1,1,0,1,0,0,1
152.466002,16.52190477,2,67,16,1839,1630.52375,0,0,1,0,1,1,0,0,1,1,0
182.465269,1.738486682,4,66,11,1673,515.5449981,0,0,1,0,0,1,0,0,0,0,1
172.457857,8.659495781,3,75,14,4435,1090.460081,0,0,1,0,1,0,1,1,0,1,0
139.979239,13.99605863,4,88,18,1026,1465.984907,0,0,0,0,1,1,1,0,0,0,1
194.976769,6.605815722,4,64,5,1531,1018.373473,0,0,1,0,1,0,0,1,1,1,0
117.468591,5.78844751,1,87,9,15786,962.0380085,1,1,0,1,1,1,1,0,0,0,0
144.960655,3.195246168,1,55,12,29143,426.0222677,1,0,1,0,1,0,0,0,0,0,0
137.469817,14.87053577,1,49,11,15156,1737.873621,1,1,0,1,1,0,0,0,1,0,0
182.460772,7.521160625,3,51,12,34945,1039.74162,0,0,1,0,1,0,1,1,0,0,1
197.472533,3.845852341,7,45,14,110,1454.360571,1,0,0,1,1,0,1,1,1,1,0
157.469817,2.731606393,3,75,16,15529,306.0664281,1,0,1,0,1,0,0,0,1,0,0
162.493654,3.954689282,0,83,16,3759,636.8514545,0,0,0,0,1,0,1,1,1,0,1
179.965581,13.77689046,4,43,15,13568,1440.784345,1,0,1,0,1,0,1,0,1,0,0
222.628057,3.700907475,1,82,6,6709,1274.602374,0,0,0,1,1,0,1,1,0,1,1
149.99153,5.638280421,1,48,12,1352,749.2520943,0,0,1,0,1,1,1,1,0,0,0
139.965008,10.87372395,3,72,7,6900,1647.38223,1,1,0,1,1,0,0,1,0,0,1
262.610632,11.21152941,2,79,11,1170,1503.937766,0,0,1,0,1,0,1,0,0,1,1
172.456745,2.294386519,0,29,7,1061,901.8793581,0,0,0,1,1,0,0,0,1,0,1
104.962874,4.448210386,0,23,14,24494,691.4493988,1,0,0,0,1,0,0,0,0,1,0
212.622804,21.20445421,1,45,12,4595,2867.22601,1,0,0,1,1,1,1,0,0,1,1
184.978458,9.217596711,2,38,13,21833,1265.78479,0,0,1,0,0,1,1,1,0,0,1
137.439154,7.336939062,1,25,15,1052,952.3729916,1,0,1,0,0,0,0,0,0,1,0
202.443347,21.04742054,0,42,15,208,2154.298838,0,0,1,0,1,0,1,0,0,0,1
255.119794,5.136076177,1,66,12,335,1435.783347,0,0,0,1,1,0,1,0,1,1,1
152.510442,11.80801038,3,51,12,861,1784.584135,0,0,0,1,1,1,0,1,1,0,0
242.628057,1.548600048,2,75,14,1817,785.5416603,0,0,1,0,1,0,1,1,0,1,1
220.132293,3.508552886,3,35,12,1098,1014.075999,1,0,1,0,1,0,0,1,0,1,1
160.01224,11.30820237,2,47,12,2596,1331.25339,0,0,0,0,1,0,1,1,1,0,0
149.974105,18.36209103,3,39,12,15722,2283.190011,0,0,0,1,1,1,1,0,0,0,0
230.105118,3.105986433,10,71,15,56284,1040.342682,1,0,1,0,1,0,1,0,0,1,1
162.493654,11.71117991,1,58,15,2521,1385.152156,1,0,0,0,1,0,1,1,1,0,1
95.005709,4.589210527,5,71,5,102,618.4967851,1,1,0,0,1,1,0,0,1,0,0
197.470195,11.58448327,4,24,14,5527,2054.101088,1,0,0,1,1,1,1,0,1,0,1
82.496547,5.810822315,2,43,12,2041,631.4316327,0,0,0,0,1,1,0,0,0,0,0
172.462354,7.00096668,1,41,12,23117,933.4257317,0,0,1,0,1,1,0,0,0,1,0
127.474951,4.882004458,2,29,12,1295,772.3133729,0,0,0,0,1,0,0,0,1,0,1
167.484705,12.27728241,0,77,12,681,1828.057047,1,0,0,1,0,1,1,1,1,1,0
184.971516,8.284579203,2,52,16,1152,1123.759368,1,0,1,0,1,1,0,0,1,1,0
172.455519,1.609325308,1,82,14,38443,464.4748418,1,1,1,0,0,1,1,0,0,0,1
202.649979,2.376509223,10,84,13,333,1417.801952,1,0,0,1,1,1,0,1,0,1,1
149.948316,11.67107144,0,66,13,4884,1146.616856,0,0,1,0,1,0,0,0,1,1,0
200.165175,25.55038197,1,42,12,5100,2692.885423,1,0,0,0,1,0,0,1,1,1,1
184.963371,16.72537387,0,67,11,1612,2217.734847,0,1,0,1,1,0,1,1,0,1,0
127.460067,6.955766017,1,28,16,2246,1262.531104,0,0,0,1,1,0,1,0,1,0,0
137.439154,20.31446952,1,40,9,468,1919.490397,1,0,1,0,1,0,0,0,0,1,0
232.637807,12.17994263,1,75,8,13970,1970.26742,1,0,0,1,0,0,0,1,0,1,1
202.636202,3.453443904,4,72,12,591,1279.856552,1,0,0,1,1,1,0,0,1,1,1
157.469817,14.52416667,1,73,15,1402,1299.5973,0,0,1,0,1,0,0,0,1,0,0
182.460772,5.070551439,2,59,14,35457,781.9302227,0,1,1,0,0,0,1,1,0,0,1
215.159141,12.30462572,3,73,17,570,2056.185889,0,0,0,1,1,1,0,1,1,1,1
275.133571,10.01241216,2,41,16,2564,1615.418802,1,0,1,0,1,0,1,1,0,1,1
142.499263,4.261408572,4,88,11,8208,840.5098283,1,0,0,0,1,1,1,1,0,1,0
204.963371,19.28013343,0,35,7,1012,2118.488416,1,0,1,0,1,0,1,1,0,1,0
214.952509,9.958831629,0,18,10,217,1328.734281,0,0,1,0,1,0,1,0,1,0,1
204.963371,4.300271811,1,63,11,825,782.9998382,0,0,1,0,1,0,1,1,0,1,0
220.114868,5.045543619,8,82,14,734,1540.140383,1,1,0,1,1,0,0,0,0,1,1
169.992756,7.182441329,3,66,13,10052,785.4118808,0,0,1,0,1,0,0,1,1,0,0
172.503404,11.07083425,1,86,17,24529,1136.55652,1,0,0,0,0,0,0,1,1,0,1
192.440432,4.509329959,2,20,11,540,933.8036457,0,1,1,0,1,0,1,0,0,1,0
210.138,2.162477942,1,76,9,30576,673.9015902,1,0,0,0,1,0,1,0,1,1,1
200.132293,14.5222363,2,29,13,2270,2271.84102,1,0,0,1,1,0,0,1,0,1,1
124.97808,1.424712099,1,23,15,3192,316.7739538,1,0,1,0,1,0,0,1,0,0,0
184.961033,1.849371568,2,55,19,14534,1088.89675,0,1,0,1,1,1,1,0,0,0,1
112.484375,6.526670837,2,57,14,22925,640.9334119,0,0,0,0,1,0,0,0,0,0,0
162.471255,18.29218438,0,30,11,2337,1845.259523,1,1,1,0,1,0,0,1,1,1,0
114.950905,11.06628519,1,56,12,481,1420.927135,1,0,0,1,1,0,1,0,0,0,0
152.488401,11.82576277,4,83,15,2145,1312.700259,1,1,0,0,1,1,1,0,1,0,1
230.105118,12.23362353,0,39,14,11239,1632.365102,0,1,1,0,1,0,1,0,0,1,1
127.473844,2.552193205,4,52,13,494,913.9152886,0,0,0,1,1,0,1,1,0,0,0
194.958118,21.87100089,0,35,13,19522,2273.781965,1,0,1,0,1,1,1,0,0,1,0
242.628057,6.5443199,1,54,13,27726,1185.892988,0,1,1,0,1,0,1,1,0,1,1
242.61428,14.98166868,2,49,13,1665,1890.640168,0,1,1,0,1,0,1,0,1,1,1
127.442069,13.79138076,0,87,11,26659,1659.769248,1,0,0,1,1,0,0,0,0,0,1
147.503078,8.734707597,0,20,11,20,1143.017435,1,0,0,0,0,0,1,1,0,0,0
149.991327,5.260793737,5,88,12,608,855.939459,0,0,0,0,1,0,0,1,0,1,0
130.006414,3.810228199,1,38,9,4326,780.2278932,0,0,0,0,1,1,0,1,0,0,1
175.004777,11.72200614,3,43,10,206,1593.466069,0,0,0,0,0,1,1,1,0,1,0
117.468591,4.304076015,3,34,10,275,1071.920592,1,0,0,1,1,1,1,0,0,0,0
152.495236,3.060553536,1,44,10,16578,644.1045211,0,0,0,0,1,1,0,0,1,1,0
194.988208,6.549842666,1,70,16,103,971.7404705,1,1,1,0,1,1,0,1,0,0,1
147.442069,9.373705128,1,49,14,1771,1039.67302,0,0,1,0,1,0,0,0,0,0,1
275.133571,8.397776839,2,72,7,637,1381.481321,0,0,1,0,1,0,1,1,0,1,1
162.468917,1.019306038,3,41,8,3662,522.4564791,0,0,1,0,1,1,0,0,1,0,1
162.497044,6.864219377,0,54,11,10818,1284.691556,0,0,0,1,1,1,1,1,0,0,0
179.965581,6.525380768,0,49,14,6279,703.8007764,0,0,1,0,0,0,1,0,1,0,0
182.446995,16.08388872,2,77,14,392,1544.501137,1,0,1,0,1,0,1,0,1,0,1
245.145743,12.95969924,1,35,12,3102,1896.10656,0,0,1,0,1,1,1,1,0,1,1
232.652038,12.18544178,8,34,14,3752,1991.187997,0,1,0,0,1,1,1,0,0,1,1
245.128318,10.85865384,2,43,8,1426,2081.752385,1,1,0,1,1,1,1,0,0,1,1
277.651257,15.34839938,2,59,9,13607,2115.879744,1,0,1,0,1,1,1,1,0,1,1
142.500692,7.355635728,1,58,9,57,1357.285615,0,0,0,1,1,1,1,1,1,0,0
152.457857,5.705926395,3,75,18,5964,1308.999159,0,0,0,1,1,0,1,1,0,1,0
267.664655,6.70301496,4,63,13,10499,1319.229599,1,0,1,0,1,1,0,1,1,1,1
227.475448,7.367492072,0,57,8,3634,991.3985734,1,1,1,0,1,0,1,1,1,0,1
147.442069,1.030630574,1,63,10,46589,310.1585772,1,0,1,0,1,0,0,0,0,0,1
149.944668,6.735271694,0,42,17,20760,1254.943448,1,0,0,1,1,0,0,0,0,1,0
220.132293,7.506056361,7,37,7,39478,1411.150345,0,0,1,0,1,0,0,1,0,1,1
139.983006,20.51922799,4,60,13,163,2446.475453,0,1,0,1,1,0,1,1,1,0,0
139.9678,9.320973584,4,38,12,5943,1262.985557,1,0,0,0,1,0,1,0,1,1,0
140.00128,7.387393996,4,50,10,2835,1365.994148,0,0,0,1,1,1,0,1,0,0,0
144.960655,8.758613325,8,85,9,506,916.7201648,0,0,1,0,1,0,0,0,0,0,0
149.959755,6.289468375,0,18,15,2275,933.01364,1,1,1,0,1,1,0,0,0,0,1
194.976769,2.613920398,0,37,8,299,609.6168115,1,0,1,0,1,0,0,1,1,1,0
164.985293,11.29271486,1,37,11,5651,1882.951404,1,0,0,1,1,1,0,1,0,1,0
152.510442,11.57257501,4,74,10,36923,1638.383088,0,0,0,1,1,1,0,1,1,0,0
127.495766,15.02077659,8,76,8,39,1630.020341,0,0,1,0,1,1,0,1,0,0,0
172.470522,14.28406007,1,62,11,20195,1887.699697,1,0,0,1,1,0,0,1,0,0,1
194.974431,4.759938908,3,42,8,6017,897.6280912,1,0,1,0,1,1,0,0,1,0,1
124.97808,2.758173633,3,81,14,1387,297.4433143,0,1,1,0,1,0,0,1,0,0,0
242.610632,7.441432103,3,80,12,128,1683.078344,0,0,0,1,1,0,1,0,0,1,1
199.990219,10.06145053,0,50,14,371,1806.970628,1,0,0,1,1,1,1,1,1,1,0
184.967019,16.37219797,2,21,9,813,1873.00718,0,1,1,0,1,0,1,1,1,1,0
147.442069,2.160066882,0,41,13,314,444.0474919,1,1,1,0,1,0,0,0,0,0,1
255.141716,1.871917709,4,71,11,266,859.0587897,1,0,1,0,1,1,0,0,1,1,1
159.947583,16.75283806,3,45,8,1700,2122.146303,0,0,0,1,1,0,0,0,0,0,1
210.105118,20.16532013,2,46,12,9916,2734.384392,0,1,0,1,1,0,1,0,0,1,1
164.971516,7.753271168,0,58,11,4292,1412.478266,0,1,0,1,1,1,0,0,1,1,0
127.511223,3.663316236,0,87,13,2258,408.200312,1,0,0,0,1,1,0,0,1,0,0
152.466002,11.4488726,1,18,12,411,1344.718981,0,0,1,0,1,1,0,0,1,1,0
169.944668,8.315973557,0,50,10,8691,991.7932314,1,1,1,0,1,0,0,0,0,1,0
139.99789,1.515290738,6,31,15,47493,698.1794441,0,0,0,0,1,0,0,1,1,0,1
182.460772,9.324505434,3,27,14,206,1266.19109,0,0,1,0,1,0,1,1,0,0,1
202.443347,10.16298067,1,44,11,471,1204.39272,1,0,1,0,1,0,1,0,0,0,1
232.62403,6.215774391,3,45,17,497,1607.735971,0,0,0,1,1,0,0,0,1,1,1
134.980139,2.667736094,1,33,6,860,548.9193645,1,1,0,0,1,0,1,0,0,0,0
154.975543,10.68004106,0,36,11,1458,1827.283455,1,0,0,1,1,1,1,1,0,1,0
182.460772,8.133269102,3,47,12,247,1103.011016,0,0,1,0,1,0,1,1,0,0,1
204.963371,1.789830613,0,56,10,543,616.51937,0,0,1,0,0,0,1,1,0,1,0
220.161527,2.699998442,2,81,15,3039,838.173682,1,1,0,0,1,0,0,1,0,1,1
222.665436,2.661310881,4,26,13,2701,1024.224748,0,1,0,0,1,1,0,0,1,1,1
154.975543,23.10105854,3,33,14,384,2947.224753,1,0,0,1,1,1,1,1,0,1,0
127.442069,6.267383901,0,47,10,7122,1174.414663,0,0,0,1,1,0,0,0,0,0,1
142.452604,6.856207666,2,61,12,319,1408.424309,0,1,0,1,0,1,1,0,0,1,0
149.962093,13.72354614,1,80,11,17585,1333.444788,1,1,1,0,1,0,0,1,0,1,0
194.958118,24.3036064,1,75,9,1420,2419.797484,1,0,1,0,1,1,1,0,0,1,0
154.991856,6.027648047,0,78,15,1897,1135.519834,0,1,0,1,1,1,0,1,1,0,1
149.970715,9.490754438,1,75,14,2473,980.0465426,0,1,0,0,1,0,1,0,1,0,1
245.128318,9.727109482,0,58,5,7825,1925.341061,0,0,0,1,1,1,1,0,0,1,1
182.45383,19.93726012,0,46,12,7637,1914.400241,0,0,1,0,1,0,0,0,1,1,0
144.960655,1.662826246,4,28,12,35763,481.3363042,0,0,1,0,1,0,0,0,0,0,0
220.161527,8.406444381,0,43,7,2267,1321.712528,0,1,0,0,1,0,0,1,0,1,1
172.470522,2.405574983,1,66,10,214,901.2877149,0,0,0,1,1,0,0,1,0,0,1
255.119794,14.10031907,1,84,10,613,2158.332479,0,1,0,1,1,0,1,0,1,1,1
92.455141,4.186523762,1,69,10,1397,720.6019295,0,1,0,1,1,0,0,0,0,0,0
107.48056,14.93006551,3,20,14,3098,1727.703167,1,0,0,0,1,1,0,0,0,1,0
235.159141,17.34018575,2,35,8,719,2196.151925,1,1,1,0,1,1,0,1,1,1,1
252.637807,7.858862202,1,88,17,3547,1207.144714,0,0,1,0,1,0,0,1,0,1,1
152.455519,8.482460246,0,71,16,228,1364.133317,0,0,0,1,1,1,1,0,0,0,1
162.460772,7.644184483,4,86,17,24198,1461.63461,1,1,0,1,1,0,1,1,0,0,1
92.455141,13.82541752,4,24,13,8100,1750.284767,1,0,0,1,1,0,0,0,0,0,0
159.965008,7.772523197,3,76,13,41,884.3816817,1,0,1,0,1,0,0,1,0,0,1
204.963371,24.77634001,5,33,18,12562,2729.316361,0,0,1,0,1,0,1,1,0,1,0
190.173699,13.28713487,0,79,22,13553,1606.847228,1,1,0,0,1,1,0,1,0,1,1
175.02109,6.403155881,1,76,9,34308,862.0866469,0,0,0,0,1,1,0,1,1,0,1
242.657291,15.08846657,0,24,12,117,2072.561109,1,0,0,0,1,0,1,1,0,1,1
202.636202,8.785452901,1,77,10,1443,1608.002659,0,1,0,1,1,1,0,0,1,1,1
187.642236,6.820250541,1,62,13,170,1054.514104,1,0,0,0,0,0,0,0,1,1,1
290.160419,3.319853958,0,21,8,4389,1150.574869,0,1,1,0,0,1,1,1,1,1,1
164.978458,13.84769517,2,39,13,136,2137.666732,1,0,0,1,1,1,1,1,0,0,1
194.969934,16.15614223,4,23,14,222,1956.469091,1,1,1,0,1,0,1,1,1,0,1
242.610632,7.860641328,3,87,9,3929,1647.423104,1,0,0,1,1,0,1,0,0,1,1
124.964303,6.805071944,0,27,19,1060,715.1931007,0,0,1,0,1,0,0,0,1,0,0
222.660939,7.712199324,0,60,14,2034,1235.453213,1,0,0,0,1,0,1,1,1,1,1
137.468388,5.402712746,3,80,16,29460,700.0279564,1,0,0,0,1,0,0,0,0,1,0
232.641455,2.066037377,1,56,13,208,769.7818684,1,0,1,0,1,0,0,1,1,1,1
154.991856,3.752354376,2,20,8,24278,1283.103476,1,1,0,1,1,1,0,1,1,0,1
194.966286,11.32652677,1,39,10,18937,1897.050575,1,0,0,1,1,0,1,1,0,0,1
232.622804,17.96501147,3,30,8,21282,2299.047664,0,0,1,0,0,1,1,0,0,1,1
257.684139,1.051188042,3,47,14,24838,1018.848617,0,0,0,0,1,1,1,1,1,1,1
162.452604,13.63916478,6,35,10,18722,1712.040252,0,0,1,0,1,1,1,0,0,1,0
92.455141,16.64092048,2,66,13,907,1777.880577,0,1,0,1,1,0,0,0,0,0,0
184.961033,1.042724425,2,76,12,9022,871.6644442,0,0,0,1,1,1,1,0,0,0,1
172.462354,17.1001258,2,70,12,6871,1782.747566,1,0,1,0,1,1,0,0,0,1,0
112.455141,2.779431223,0,44,12,19100,242.9947554,0,1,1,0,1,0,0,0,0,0,0
149.99153,15.12166154,3,73,10,230,1505.903299,0,0,1,0,1,1,1,1,0,0,0
162.468917,2.661325529,0,72,13,1393,380.7222437,0,1,1,0,1,1,0,0,1,0,1
127.473844,5.118556082,1,42,13,64417,1064.629876,1,1,0,1,1,0,1,1,0,0,0
127.458638,7.217041327,0,58,10,3521,850.5053759,1,0,0,0,1,0,1,0,0,1,0
240.114868,2.693860703,1,68,6,134,764.3624669,0,0,1,0,1,0,0,0,0,1,1
162.500489,6.441555523,8,19,6,1451,1228.537824,0,0,0,0,1,0,0,1,1,1,0
184.967019,10.2452503,1,79,7,35591,1197.086571,0,1,1,0,1,0,1,1,1,1,0
242.632554,15.18036042,5,54,15,98660,1984.668288,0,0,1,0,1,1,0,0,0,1,1
232.62403,21.61213506,3,19,13,18249,2954.525101,1,0,0,1,1,0,0,0,1,1,1
149.970715,4.576705489,2,46,17,167,703.2651223,0,0,0,0,1,0,1,0,1,0,1
255.133571,8.661116617,0,63,11,2525,1745.431051,0,0,0,1,1,0,1,1,0,1,1
202.649979,23.68987753,0,85,9,27856,2900.101871,1,1,0,1,0,1,0,1,0,1,1
287.642733,10.73057042,1,64,6,140,1572.393016,1,0,1,0,0,0,1,1,1,1,1
144.960655,9.46447702,1,21,9,9400,968.8971697,1,0,1,0,1,0,0,0,0,0,0
129.977753,4.106981469,7,18,7,16169,1239.519501,0,1,0,1,1,1,1,0,1,0,0
117.483475,2.851017432,4,83,10,32000,479.0156739,0,1,0,0,1,1,0,0,0,0,1
152.479779,6.418130939,9,33,13,7462,1257.485285,0,0,1,0,1,1,0,1,0,1,0
230.134352,17.56134872,1,58,10,53431,2109.348841,1,0,0,0,1,0,1,0,0,1,1
232.670689,7.351090778,1,24,13,403,1332.641107,1,0,0,0,1,0,0,1,1,1,1
124.964303,5.867164261,1,88,13,13133,386.8447822,0,0,1,0,0,0,0,0,1,0,0
247.664655,2.095488213,1,40,18,1331,1338.247732,1,0,0,1,0,1,0,1,1,1,1
159.951231,3.312263064,0,26,14,6612,509.6727126,1,0,1,0,1,0,0,0,1,0,1
207.638588,6.766267697,1,70,14,9338,1044.435554,0,1,0,0,0,0,0,0,0,1,1
247.664655,2.542844079,2,21,8,59191,1467.981883,0,1,0,1,1,1,0,1,1,1,1
207.475448,1.796607335,0,75,14,7233,971.697137,1,0,0,1,1,0,1,1,1,0,1
230.105118,1.921647847,0,67,15,4721,695.6222319,0,0,1,0,1,0,1,0,0,1,1
177.48762,8.248755691,2,29,12,1640,1716.011284,0,0,0,1,1,1,1,1,1,0,1
154.961766,21.77701838,4,26,13,26679,2811.648182,0,0,0,1,1,1,1,0,1,1,0
235.137219,14.42671843,3,38,9,1126,2363.604752,0,0,0,1,1,0,1,1,1,1,1
92.455141,16.11472911,8,20,10,22849,2156.405261,0,0,0,1,1,0,0,0,0,0,0
162.45383,22.89696344,2,60,9,1924,2586.074672,0,0,0,1,1,0,0,0,1,1,0
207.609354,9.273178876,1,65,14,4621,1241.342647,1,1,1,0,1,0,0,0,0,1,1
182.497044,8.154668093,1,36,7,49,1062.905651,1,0,1,0,1,1,1,1,0,0,0
242.610632,7.775144828,3,79,12,2109,1713.700682,0,0,0,1,1,0,1,0,0,1,1
107.481989,2.932159225,1,68,13,533,700.6270933,1,1,0,1,1,1,0,0,1,0,0
149.988989,10.25226518,3,29,14,4827,1303.670531,0,0,0,0,1,1,0,0,0,0,1
147.478341,11.89492044,4,87,9,24653,1119.209685,0,0,1,0,1,1,0,0,0,0,0
152.47417,8.210220142,1,34,12,2931,1496.482536,0,1,0,1,1,0,0,1,1,0,1
179.965581,8.884543585,0,22,6,1827,985.6286855,1,0,1,0,1,0,1,0,1,0,0
220.132293,6.577676916,5,20,11,3898,1329.24842,0,0,1,0,1,0,0,1,0,1,1
204.979684,2.92969581,0,33,21,7156,694.7582953,0,0,1,0,1,0,0,1,1,0,1
255.166453,8.013365588,1,75,7,800,1313.686109,1,0,0,0,1,0,1,1,1,1,1
150.020764,1.84841935,3,86,9,1792,529.9370637,1,1,0,0,1,1,1,1,0,0,0
179.947583,1.884992328,0,68,10,9635,404.9361415,0,0,1,0,1,0,0,0,0,0,1
117.472036,9.783296825,1,60,12,28147,995.3392925,0,1,0,0,1,0,0,0,1,1,0
220.161527,12.70583343,0,25,10,201,1780.064534,0,0,0,0,1,0,0,1,0,1,1
152.510442,9.705809585,0,39,14,64417,1559.323963,0,0,0,1,1,1,0,1,1,0,0
157.483594,15.12645563,0,27,9,1013,1549.802896,0,0,1,0,1,0,0,1,0,0,0
134.950905,7.179893502,1,25,13,1081,790.6280344,0,1,1,0,1,0,1,0,0,0,0
102.474625,9.984220981,1,44,9,6947,1040.400476,1,0,0,0,1,0,1,0,0,0,0
137.483594,3.024806192,0,65,16,2568,847.1259509,0,1,0,1,1,0,0,1,0,0,0
184.978458,10.27742832,2,73,16,809,1234.044483,1,1,1,0,1,1,1,1,0,0,1
169.974105,12.92578188,1,48,12,43123,1333.179191,0,1,1,0,1,1,1,0,0,0,0
107.528648,9.585621689,4,39,11,25,1104.883551,1,1,0,0,1,1,0,1,1,0,0
124.964303,14.74280934,1,55,10,1691,1222.291008,1,0,1,0,1,0,0,0,1,0,0
114.972827,12.54841227,4,71,8,14,1153.262724,1,1,1,0,1,1,0,0,0,0,0
129.948316,3.999140345,3,44,18,7527,1048.919831,1,0,0,1,1,0,0,0,1,1,0
204.961033,1.251588197,1,35,7,24542,661.2094379,0,1,1,0,1,1,1,0,0,0,1
200.165175,12.16872039,3,40,10,40041,1711.601451,1,1,0,0,1,0,0,1,1,1,1
262.610632,6.624439911,0,34,8,1536,1214.05087,0,0,1,0,1,0,1,0,0,1,1
262.610632,5.643360294,4,35,15,12439,1253.523378,1,1,1,0,1,0,1,0,0,1,1
220.132293,4.499945782,1,59,13,1062,955.0519598,0,0,1,0,1,0,0,1,0,1,1
242.628057,6.57513059,3,73,12,2306,1187.692793,1,0,1,0,1,0,1,1,0,1,1
192.440432,11.76797971,4,88,13,1684,1367.183772,1,0,1,0,0,0,1,0,0,1,0
192.456745,13.22141934,1,34,14,1232,1398.114035,0,0,1,0,1,0,0,0,1,0,1
159.965008,1.997833268,1,67,13,586,461.4404406,1,1,1,0,1,0,0,1,0,0,1
92.455141,3.787548072,0,51,10,27361,798.4275185,0,0,0,1,1,0,0,0,0,0,0
149.974105,16.00167972,4,26,16,1105,2245.475959,1,0,0,1,1,1,1,0,0,0,0
222.649979,11.34130832,1,45,5,9102,1636.72261,0,0,1,0,1,1,0,1,0,1,1
265.128318,5.252073829,0,52,15,41468,1164.843819,0,0,1,0,1,1,1,0,0,1,1
194.974431,18.00704355,0,25,12,18899,1946.450068,1,0,1,0,0,1,0,0,1,0,1
139.95684,18.29765062,1,60,13,10586,1810.920999,1,1,1,0,1,1,0,0,0,1,0
95.019486,5.755833887,9,83,11,59586,878.7051436,1,0,0,0,0,1,0,1,0,0,0
129.976324,2.111376258,0,25,8,142,662.6103493,0,1,0,0,1,1,1,0,0,1,0
92.455141,12.24494477,6,58,12,637,1653.165932,1,1,0,1,1,0,0,0,0,0,0
120.004928,11.46566243,0,64,12,35151,1549.605718,0,1,0,1,1,1,0,1,1,0,0
112.455141,9.858971643,2,74,7,363,868.5732588,1,1,1,0,1,0,0,0,0,0,0
187.656013,17.31776736,3,27,17,5885,2171.802329,0,0,0,0,1,0,0,1,0,1,1
162.452604,6.811138598,1,51,10,1129,946.1849643,0,0,1,0,1,1,1,0,0,1,0
147.442069,14.26734448,0,59,13,35389,1294.790222,0,0,1,0,1,0,0,0,0,0,1
204.963371,1.360201959,0,78,8,558,509.1865112,1,1,1,0,1,0,1,1,0,1,0
157.483594,11.59782994,2,36,15,1125,1210.450532,1,0,1,0,0,0,0,1,0,0,0
190.12704,7.399248624,0,84,12,41235,1483.41562,0,0,0,1,1,1,0,0,0,1,1
204.979684,1.358818331,1,42,12,9957,567.3209248,1,0,1,0,1,0,0,1,1,0,1
159.983006,10.5309984,1,75,11,142,990.747598,0,0,1,0,1,0,1,1,1,0,0
187.642236,9.630236452,0,39,15,3841,1329.382263,1,0,0,0,1,0,0,0,1,1,1
204.949594,19.79804917,0,75,7,956,1862.842794,1,0,1,0,1,0,1,0,1,1,0
112.455141,16.86058234,3,57,6,47,1446.505628,1,0,1,0,1,0,0,0,0,0,0
144.960655,13.40891729,4,35,13,1090,1338.549194,1,0,1,0,1,0,0,0,0,0,0
220.132293,3.857491515,3,52,12,30688,939.8765686,1,0,1,0,0,0,0,1,0,1,1
92.455141,8.703568707,4,66,16,1045,1275.194778,0,0,0,1,1,0,0,0,0,0,0
242.657291,20.40555252,0,24,14,6277,2422.117328,0,0,0,0,1,0,1,1,0,1,1
137.469817,1.747076331,4,23,11,164,922.4502594,0,0,0,1,0,0,0,0,1,0,0
127.481989,24.02275725,0,54,7,9191,2112.65313,1,0,1,0,1,1,0,0,1,0,0
127.478341,8.006997906,4,81,7,26057,1233.807825,0,0,0,1,1,1,0,0,0,0,0
147.471303,6.563038653,3,21,11,486,1034.69512,0,0,0,0,1,0,0,0,0,0,1
169.967067,5.291754183,1,47,9,1045,877.7050261,0,0,0,0,1,0,1,0,0,0,1
137.439154,15.18780416,4,47,6,11658,1615.87994,1,1,1,0,1,0,0,0,0,1,0
114.972827,10.38039309,2,57,8,25998,959.951483,1,1,1,0,1,1,0,0,0,0,0
149.977753,14.45556293,6,19,9,255,1639.902323,0,0,1,0,1,1,1,0,1,0,0
190.12704,7.32906366,7,52,15,27566,1751.02003,1,0,0,1,1,1,0,0,0,1,1
174.961766,9.351000629,5,84,17,635,1173.562649,0,1,1,0,1,1,1,0,1,1,0
162.511928,10.86852566,3,80,9,20897,1354.387011,1,0,0,0,1,1,0,1,0,0,1
104.962874,3.997019354,3,58,12,1063,632.0815033,0,0,0,0,1,0,0,0,0,1,0
174.958118,2.231526082,2,61,14,13221,1054.384865,0,0,0,1,1,1,1,0,0,1,0
252.62403,2.384942381,4,47,12,547,904.5789623,0,0,1,0,1,0,0,0,1,1,1
157.483594,4.992706522,3,55,12,1662,637.7315432,1,0,1,0,0,0,0,1,0,0,0
127.488728,7.827055149,3,89,15,3628,846.2276311,1,1,0,0,1,0,0,1,0,0,1
275.119794,2.153167182,1,81,10,303,775.7502457,1,1,1,0,1,0,1,0,1,1,1
159.994242,8.209710913,3,81,13,240,975.7615787,0,0,0,0,1,0,0,1,0,0,1
172.503404,7.19812868,1,43,9,2889,1042.502776,0,0,0,0,1,0,0,1,1,0,1
212.641455,7.40216226,4,84,13,4654,1621.058909,1,0,0,1,1,0,0,1,1,1,1
204.963371,18.37212028,0,57,6,6343,1924.903884,1,1,1,0,1,0,1,1,0,1,0
169.992756,5.731198479,2,73,16,12911,695.0510444,1,0,1,0,1,0,0,1,1,0,0
172.470522,2.497790261,4,37,13,2705,1178.564131,1,0,0,1,1,0,0,1,0,0,1
162.482694,2.745220008,0,86,10,8075,504.8041713,1,0,1,0,1,1,0,1,0,0,1
124.97808,3.386665328,0,40,14,1120,391.0106655,0,1,1,0,1,0,0,1,0,0,0
207.49737,3.032321354,3,62,14,6188,693.358004,0,1,1,0,1,1,0,1,1,0,1
179.947583,2.678577227,1,69,16,173,497.4668116,0,0,1,0,1,0,0,0,0,0,1
139.95684,6.678176681,1,20,11,786,989.9918587,0,0,1,0,0,1,0,0,0,1,0
182.483267,6.211504434,1,86,6,46344,745.0467839,1,1,1,0,0,1,1,0,1,0,0
235.137219,13.56958731,1,82,9,30068,2087.543903,0,0,0,1,1,0,1,1,1,1,1
200.132293,9.727742106,0,49,11,658,1751.848426,0,0,0,1,1,0,0,1,0,1,1
162.497044,7.18546062,5,68,14,49397,1501.32182,1,0,0,1,1,1,1,1,0,0,0
175.133074,7.039839728,3,66,9,2813,1116.638366,0,0,0,0,1,0,0,0,0,1,1
172.457857,18.7939759,1,29,6,94395,2057.159348,0,0,1,0,1,0,1,1,0,1,0
149.944668,4.510537408,1,20,16,2090,1222.622089,0,1,0,1,1,0,0,0,0,1,0
162.460772,15.73628072,2,53,12,24,2089.023186,1,0,0,1,1,0,1,1,0,0,1
79.978861,10.94833173,1,27,12,25258,1081.14434,0,0,0,0,1,0,0,0,0,0,0
194.976769,7.434237932,0,56,15,195,989.3430051,1,0,1,0,1,0,0,1,1,1,0
152.457857,34.80793399,8,34,8,108,3934.848461,1,0,0,1,1,0,1,1,0,1,0
117.472036,2.871999386,4,37,15,640,596.8051649,0,0,0,0,1,0,0,0,1,1,0
242.657291,16.3364928,4,82,7,627,2060.745551,0,1,0,0,0,0,1,1,0,1,1
94.972827,2.596050259,2,57,11,29,817.8995329,1,0,0,1,0,1,0,0,0,0,0
182.490006,2.389328443,2,45,16,48133,762.3743815,1,1,0,0,1,0,1,1,0,0,1
95.005709,3.56722345,3,27,17,544,617.4480514,1,1,0,0,1,1,0,0,1,0,0
127.442069,9.626754665,4,21,7,1800,1575.771505,1,1,0,1,1,0,0,0,0,0,1
152.495236,6.044266101,0,66,13,104,785.6688028,0,0,0,0,1,1,0,0,1,1,0
149.99153,6.531735637,3,51,11,1330,874.1933216,1,0,1,0,1,1,1,1,0,0,0
127.458638,1.512791057,1,30,10,610,505.6979276,0,0,0,0,1,0,1,0,0,1,0
210.151777,3.390052702,1,25,15,4035,1022.519614,0,0,0,0,1,0,1,1,0,1,1
144.960655,25.36784311,1,53,11,4504,2167.068284,0,0,1,0,1,0,0,0,0,0,0
197.494455,10.91916339,5,79,14,15260,1428.608241,0,0,1,0,1,1,0,1,1,1,0
182.467607,6.775594861,3,41,14,1785,1072.585587,0,0,1,0,1,0,0,1,0,1,0
140.004928,15.71428993,3,63,13,23140,1579.867444,1,0,1,0,1,1,0,1,1,0,0
124.993537,3.005659256,2,70,13,2081,396.4162432,1,0,0,0,1,0,0,0,1,0,0
245.145743,2.811977672,0,58,15,25907,911.3769495,0,1,1,0,1,1,1,1,0,1,1
232.622804,12.85056526,1,63,8,11300,1710.216611,0,0,1,0,1,1,1,0,0,1,1
172.462354,4.385448215,0,46,9,32944,758.0522649,1,0,1,0,1,1,0,0,0,1,0
137.497825,5.798532598,3,89,12,1260,758.6189978,0,0,0,0,0,1,1,0,0,0,0
162.467607,15.54170472,2,49,11,1485,2100.288363,1,0,0,1,1,0,0,1,0,1,0
172.470522,11.92905011,0,30,13,1167,1851.152977,1,0,0,1,1,0,0,1,0,0,1
164.971516,5.037146238,0,86,7,540,1051.069135,1,0,0,1,1,1,0,0,1,1,0
159.965581,3.259826777,7,28,8,18281,1216.35272,1,0,0,1,1,0,1,0,1,0,0
232.637807,12.52485764,2,56,9,1421,2138.661668,1,0,0,1,1,0,0,1,0,1,1
172.510442,5.220501553,4,80,13,19414,684.7417744,1,0,1,0,0,1,0,1,1,0,0
159.965008,10.4843853,5,28,9,164,1325.529732,0,1,1,0,1,0,0,1,0,0,1
172.47417,3.835182255,3,53,12,658,641.4963126,1,0,1,0,1,0,0,1,1,0,1
169.967067,7.918255804,3,86,14,14242,944.331401,0,1,0,0,1,0,1,0,0,0,1
174.988208,6.136751688,3,27,15,28085,1553.937724,1,0,0,1,1,1,0,1,0,0,1
147.503078,20.00794461,1,77,13,35376,1824.510182,0,0,0,0,1,0,1,1,0,0,0
124.960655,22.37864487,5,85,13,3282,2353.856438,0,0,0,1,1,0,0,0,0,0,0
265.128318,17.05603447,2,47,14,96,2209.997412,0,1,1,0,0,1,1,0,0,1,1
169.944668,2.48527604,1,57,11,7215,521.8726735,1,0,1,0,1,0,0,0,0,1,0
182.467607,10.1127187,2,51,12,4705,1282.45127,1,1,1,0,1,0,0,1,0,1,0
137.487242,11.59620573,4,37,11,647,1283.266496,0,0,1,0,1,0,0,1,1,0,0
202.649979,15.21980082,3,32,13,2072,2425.149963,0,1,0,1,0,1,0,1,0,1,1
225.145743,10.19944078,1,55,12,292,2017.858499,1,1,0,1,0,1,1,1,0,1,1
255.119794,6.135854482,2,69,11,6119,1585.705665,1,1,0,1,1,0,1,0,1,1,1
159.983006,11.04013684,1,24,10,10963,1281.961793,0,0,1,0,1,0,1,1,1,0,0
184.963371,2.24841574,4,79,17,2713,1115.319187,1,0,0,1,0,0,1,1,0,1,0
159.965008,13.03967126,2,64,15,868,1324.519398,0,0,1,0,1,0,0,1,0,0,1
265.146969,3.637134041,4,26,15,39568,1114.124252,0,0,1,0,1,0,0,1,1,1,1
152.462354,9.660168743,0,60,12,33225,1510.790984,1,0,0,1,1,1,0,0,0,1,0
142.500692,8.721771003,0,69,10,3783,1402.374111,1,1,0,1,1,1,1,1,1,0,0
204.961033,24.37711744,1,37,9,5584,2463.393795,1,0,1,0,0,1,1,0,0,0,1
164.988941,7.017918254,2,65,10,2217,943.490788,0,0,1,0,1,1,0,1,1,1,0
127.506726,1.235589507,0,70,12,402,296.9963678,0,0,0,0,1,0,1,1,1,0,0
124.97808,3.892424053,3,81,8,179,390.381346,0,0,1,0,0,0,0,1,0,0,0
127.473844,21.6132385,0,42,20,1716,2467.669888,0,0,0,1,0,0,1,1,0,0,0
137.487242,4.238632927,3,55,5,15322,590.602719,1,0,1,0,1,0,0,1,1,0,0
202.649979,22.04436191,4,21,13,184,3098.243332,0,1,0,1,1,1,0,1,0,1,1
230.134352,1.770031252,1,30,18,268,907.2442013,1,1,0,0,1,0,1,0,0,1,1
187.609354,1.00025934,9,86,17,1367,1154.39778,0,0,0,1,1,0,0,0,0,1,1
137.487242,21.1307851,3,81,16,566,1807.178649,0,0,1,0,1,0,0,1,1,0,0
212.669463,21.4708673,3,81,8,1113,2504.245348,0,0,0,0,1,1,1,1,0,1,1
114.983787,16.56587766,3,19,16,2932,1645.259689,0,0,0,0,1,0,1,0,1,0,0
175.133074,23.11577242,1,41,13,35414,2454.262177,0,1,0,0,1,0,0,0,0,1,1
172.457857,8.355760951,2,76,15,1488,1031.509395,0,1,1,0,1,0,1,1,0,1,0
277.63748,14.21751959,2,70,17,42227,1906.330177,1,0,1,0,1,1,1,0,1,1,1
187.609354,11.42145103,1,22,12,47459,1971.843122,0,0,0,1,1,0,0,0,0,1,1
159.951231,10.99607752,1,41,9,1940,1120.873005,0,0,1,0,1,0,0,0,1,0,1
102.474625,2.867284438,2,32,16,39694,527.3823713,1,0,0,0,1,0,1,0,0,0,0
229.993134,8.205103396,2,54,13,5542,1288.925148,0,1,1,0,1,1,1,1,1,0,1
162.460772,9.878308737,1,57,17,26216,1647.420385,0,0,0,1,1,0,1,1,0,0,1
139.983006,3.27055489,4,72,13,1635,911.5267548,1,0,0,1,1,0,1,1,1,0,0
92.455141,13.59949293,2,48,9,1330,1587.688033,1,0,0,1,1,0,0,0,0,0,0
222.628057,7.757685471,1,46,16,48008,1772.090821,0,0,0,1,1,0,1,1,0,1,1
247.664655,10.98734966,0,41,16,450,2079.818241,1,0,0,1,1,1,0,1,1,1,1
162.45383,7.98560378,1,64,16,87,1367.4247,0,0,0,1,1,0,0,0,1,1,0
207.609354,3.391969552,0,62,11,35771,738.5002845,1,0,1,0,1,0,0,0,0,1,1
172.470522,6.393598693,0,44,10,53,1269.403112,1,0,0,1,1,0,0,1,0,0,1
137.461553,19.13168856,1,86,13,88,1729.615672,0,1,0,0,1,0,1,0,0,0,1
169.967067,10.98841039,0,36,15,6285,1267.471074,0,1,0,0,1,0,1,0,0,0,1
240.114868,1.268992493,3,66,13,505,715.7384607,1,1,1,0,1,0,0,0,0,1,1
164.978458,11.23691953,3,54,13,5344,1905.350528,0,0,0,1,1,1,1,1,0,0,1
184.978458,14.64298089,1,63,13,683,1597.578464,1,1,1,0,1,1,1,1,0,0,1
204.979684,12.57273206,1,59,18,335,1348.141984,0,1,1,0,1,0,0,1,1,0,1
149.97755,4.266309981,0,65,12,39842,615.1161821,0,0,0,0,1,0,0,0,1,1,0
164.971516,14.51274009,1,48,18,816,2029.905606,1,0,0,1,1,1,0,0,1,1,0
129.977753,16.01233793,1,49,9,745,2010.958936,0,0,0,1,1,1,1,0,1,0,0
169.967067,14.7212152,0,35,13,1144,1576.607681,1,0,0,0,1,0,1,0,0,0,1
184.963371,5.947501617,2,87,10,3929,1330.615859,1,1,0,1,1,0,1,1,0,1,0
152.479779,26.68008793,0,60,11,3747,2552.12106,1,0,1,0,1,1,0,1,0,1,0
179.947583,24.77325806,0,82,7,918,2234.450325,0,0,1,0,1,0,0,0,0,0,1
162.465269,8.856546048,0,45,12,1114,1457.990407,1,1,0,1,1,1,0,0,0,0,1
119.95684,6.12261616,2,44,12,2029,1263.008234,0,0,0,1,1,1,0,0,0,1,0
169.937833,8.69123648,5,19,13,21044,1299.240934,1,1,1,0,1,0,1,0,0,0,1
174.975543,7.443067222,3,37,15,344,1190.580006,1,0,1,0,1,1,1,1,0,1,0
192.440432,4.30774917,0,19,10,6042,811.9419618,0,0,1,0,1,0,1,0,0,1,0
147.460067,1.277136149,1,70,15,5960,246.039373,0,0,1,0,1,0,1,0,1,0,0
142.515576,1.722680046,0,51,11,14194,457.8089454,1,0,0,0,1,1,0,1,1,0,1
255.155493,6.217715978,0,71,12,1241,1125.77426,0,1,1,0,1,1,0,1,0,1,1
182.446995,5.412980331,3,30,17,10587,937.3165462,1,1,1,0,1,0,1,0,1,0,1
182.467607,21.67433467,1,27,16,24202,2230.633867,0,1,1,0,1,0,0,1,0,1,0
185.007692,3.99171522,0,36,17,1765,854.52613,1,0,0,0,1,1,1,1,0,0,1
199.990219,20.93887792,2,76,15,303,2674.568338,0,0,0,1,1,1,1,1,1,1,0
119.989722,5.794641025,1,47,14,489,786.3429747,0,1,0,0,0,1,0,0,1,1,0
174.958118,14.91152829,0,26,11,24264,2193.593711,1,0,0,1,1,1,1,0,0,1,0
275.133571,6.22614246,2,31,14,1812,1385.020283,0,0,1,0,1,0,1,1,0,1,1
217.472533,6.093194674,0,34,12,2510,1045.580948,1,1,1,0,1,0,1,1,1,1,0
150.0208,10.28304,0,56,12,19540,1144.770736,1,0,0,0,1,1,1,1,0,0,0
242.6573,10.50826,3,44,13,1547,1724.050425,1,1,0,0,1,0,1,1,0,1,1
204.961,1.229945,1,62,7,1404,570.9128348,0,1,1,0,1,1,1,0,0,0,1
139.9568,13.29584,0,39,9,20884,1392.096076,1,0,1,0,1,1,0,0,0,1,0
129.9915,2.105603,0,29,11,28717,904.795841,1,1,0,1,1,1,1,1,0,0,0
242.6326,7.976237,5,49,13,10423,1410.771138,1,0,1,0,1,1,0,0,0,1,1
144.9607,1.293553,0,18,10,34312,278.4405252,0,0,1,0,1,0,0,0,0,0,0
275.1336,5.982479,4,19,12,9092,1418.914101,0,1,1,0,1,0,1,1,0,1,1
235.1372,1.26105,1,43,12,968,1206.875735,0,1,0,1,0,0,1,1,1,1,1
177.4945,7.698157,3,28,16,2387,1683.821351,0,0,0,1,1,1,0,1,1,1,0
139.965,2.175619,3,86,10,20537,888.7773914,0,1,0,1,1,0,0,1,0,0,1
162.4608,9.390135,4,70,13,332,1574.866243,0,0,0,1,1,0,1,1,0,0,1
130.0064,20.16124,1,79,16,274,1903.284724,0,0,0,0,0,1,0,1,0,0,1
172.4579,8.433722,3,84,14,21572,1042.452905,1,1,1,0,0,0,1,1,0,1,0
169.9378,3.081551,8,46,10,28558,843.4262718,1,0,1,0,1,0,1,0,0,0,1
184.9634,18.2156,8,29,14,223,2710.705946,1,0,0,1,1,0,1,1,0,1,0
172.4885,14.80885,5,55,7,9076,2097.707886,1,1,0,1,1,0,1,1,1,0,0
245.1457,3.151239,4,86,10,2856,970.5121325,1,0,1,0,1,1,1,1,0,1,1
230.1051,16.81532,3,26,15,2725,2095.701636,1,0,1,0,0,0,1,0,0,1,1
252.624,1.954899,2,79,16,1512,655.8025029,0,1,1,0,1,0,0,0,1,1,1
192.4567,5.111408,2,72,8,35373,722.0796766,1,0,1,0,1,0,0,0,1,0,1
117.4392,11.42056,1,34,14,7278,1623.908651,1,1,0,1,1,0,0,0,0,1,0
172.4404,8.954465,1,45,15,5184,1551.718247,1,0,0,1,1,0,1,0,0,1,0
162.4608,7.387825,0,31,7,51369,1411.701061,0,0,0,1,1,0,1,1,0,0,1
139.9816,3.943222,1,20,12,22187,822.774438,1,1,0,0,1,0,1,1,0,1,0
104.9781,10.47338,3,80,14,25445,1428.669992,1,0,0,1,1,0,0,1,0,0,0
232.6378,4.773251,6,77,13,1388,1557.79907,0,1,0,1,1,0,0,1,0,1,1
167.4847,3.843142,8,73,9,21556,1349.319824,0,0,0,1,1,1,1,1,1,1,0
275.1336,11.38469,1,45,11,1448,1731.015044,1,1,1,0,1,0,1,1,0,1,1
132.4798,7.178731,1,53,11,30125,1421.45141,0,1,0,1,1,1,0,1,0,1,0
169.9447,3.434965,3,20,6,36184,782.5670721,1,0,1,0,1,0,0,0,0,1,0
104.9643,11.93639,4,85,11,7751,1399.828665,1,1,0,1,1,0,0,0,1,0,0
114.9728,2.155733,3,28,10,31990,411.9057225,0,0,1,0,1,1,0,0,0,0,0
159.965,4.600655,3,68,13,9986,733.0007061,1,0,1,0,0,0,0,1,0,0,1
149.9378,7.376158,7,18,14,7676,1669.828557,1,0,0,1,1,0,1,0,0,0,1
152.509,4.573172,8,82,13,24974,939.7724617,1,0,0,0,1,1,0,1,0,1,0
149.9447,7.231407,0,28,12,16405,1388.550492,1,1,0,1,1,0,0,0,0,1,0
212.6557,9.84106,0,29,11,786,1501.582551,1,1,0,0,1,1,1,0,1,1,1
104.9629,6.204958,1,54,12,2544,717.4865643,0,0,0,0,1,0,0,0,0,1,0
172.4579,8.962444,4,67,10,9583,1172.296779,0,0,1,0,1,0,1,1,0,1,0
159.9349,23.24675,0,28,6,29539,2309.357899,1,0,1,0,1,0,1,0,0,1,0
144.9607,8.716735,1,84,12,2145,783.3606694,1,0,1,0,1,0,0,0,0,0,0
277.6513,11.71454,1,68,7,3160,1757.837077,1,0,1,0,0,1,1,1,0,1,1
159.9656,3.08799,0,34,12,25827,884.8222735,1,0,0,1,1,0,1,0,1,0,0
242.6143,2.051002,1,21,11,68,845.0925039,0,0,1,0,1,0,1,0,1,1,1
160.0013,25.17478,1,44,12,195,2341.106117,1,0,1,0,1,1,0,1,0,0,0
174.9755,19.50558,0,54,10,30556,2077.919709,1,1,1,0,1,1,1,1,0,1,0
152.4742,6.645141,0,30,16,54829,1350.573202,1,0,0,1,0,0,0,1,1,0,1
117.4392,7.793232,0,48,11,26729,1297.061633,1,0,0,1,1,0,0,0,0,1,0
230.1051,13.37596,1,51,9,14267,1670.352435,0,0,1,0,1,0,1,0,0,1,1
172.4567,11.5352,4,60,13,11941,1680.552794,0,1,0,1,0,0,0,0,1,0,1
152.4798,6.025694,0,50,13,3718,892.5309234,1,1,1,0,1,1,0,1,0,1,0
242.6106,2.051657,2,87,7,10424,1187.716662,1,1,0,1,1,0,1,0,0,1,1
149.9776,8.082833,1,44,11,203,980.4160232,1,0,0,0,1,0,0,0,1,1,0
192.4404,2.654262,1,82,8,27981,500.6893216,1,0,1,0,1,0,1,0,0,1,0
117.4858,2.104985,2,29,19,1460,626.494018,0,0,0,0,1,0,0,1,0,1,0
127.4601,16.59389,3,23,13,399,2130.220399,0,0,0,1,1,0,1,0,1,0,0
107.4806,31.32024,4,44,11,8565,3022.776148,1,1,0,0,1,1,0,0,0,1,0
102.4746,21.03542,1,68,14,22609,1784.938558,0,1,0,0,1,0,1,0,0,0,0
232.624,3.465896,2,75,14,458,1206.219227,0,0,0,1,1,0,0,0,1,1,1
222.6281,12.4962,2,31,11,171,2193.26463,1,1,0,1,1,0,1,1,0,1,1
214.9663,13.63369,4,78,14,43116,1554.801608,0,0,1,0,1,0,1,1,0,0,1
127.4421,11.75027,0,64,17,25723,1485.647596,0,1,0,1,1,0,0,0,0,0,1
139.9816,10.32943,4,46,8,5020,1400.209666,0,1,0,0,1,0,1,1,0,1,0
172.4624,8.333131,1,23,10,36172,1187.710162,1,0,1,0,1,1,0,0,0,1,0
257.6513,9.602383,1,77,12,1225,1968.75769,0,0,0,1,1,1,1,1,0,1,1
169.9447,22.37984,3,63,7,758,2146.833629,0,0,1,0,1,0,0,0,0,1,0
172.4579,9.061231,0,32,14,2097,1172.004801,1,0,1,0,1,0,1,1,0,1,0
172.4624,2.402087,0,42,6,1894,561.6005724,0,0,1,0,1,1,0,0,0,1,0
142.4526,12.85483,1,46,16,924,1918.333346,1,0,0,1,1,1,1,0,0,1,0
207.6386,5.430488,3,55,15,1179,1045.733553,0,1,0,0,0,0,0,0,0,1,1
124.9781,5.26792,1,60,15,4027,592.6545248,1,1,1,0,1,0,0,1,0,0,0
169.9378,6.799748,1,36,10,6257,965.3809411,0,1,1,0,1,0,1,0,0,0,1
149.9598,8.954573,0,49,12,213,967.4628508,1,0,1,0,1,1,0,0,0,0,1
117.4872,2.499923,2,26,12,44139,843.6406855,0,0,0,1,1,0,0,1,1,0,0
184.9853,8.084289,4,32,7,4085,1315.312803,0,0,1,0,1,1,0,1,0,1,0
92.5018,7.978289,5,67,11,1111,832.638565,1,1,0,0,1,0,0,1,0,0,0
252.624,11.61721,8,67,18,212,1671.56323,1,0,1,0,1,0,0,0,1,1,1
114.9838,26.27061,1,36,13,11702,2405.424259,1,1,0,0,1,0,1,0,1,0,0
220.1323,9.881597,1,68,13,39234,1366.505082,1,0,1,0,1,0,0,1,0,1,1
194.9663,4.969544,3,67,9,44455,1345.940597,1,0,0,1,1,0,1,1,0,0,1
137.4392,14.86711,2,67,8,1480,1415.406657,1,0,1,0,1,0,0,0,0,1,0
200.1652,12.47887,0,52,12,189,1558.262612,0,0,0,0,1,0,0,1,1,1,1
162.4827,2.958575,2,77,14,7023,531.0770713,1,0,1,0,1,1,0,1,0,0,1
129.9778,9.955486,1,36,13,31194,1557.295826,1,0,0,1,1,1,1,0,1,0,0
149.9447,17.08264,1,48,11,1772,2160.951234,1,0,0,1,1,0,0,0,0,1,0
152.5104,9.832835,3,63,15,298,1583.398883,0,1,0,1,0,1,0,1,1,0,0
240.1149,3.737401,1,19,12,17274,1010.521133,1,0,1,0,1,0,0,0,0,1,1
147.4564,4.791566,0,39,18,364,1085.979242,0,0,0,1,1,0,1,0,0,0,0
192.4705,22.04122,4,44,11,4633,2261.179586,0,0,1,0,1,0,0,1,0,0,1
104.9781,6.86392,2,47,17,2363,1128.042592,0,0,0,1,1,0,0,1,0,0,0
192.4404,5.855847,0,71,12,6,768.3006696,0,0,1,0,1,0,1,0,0,1,0
117.4858,3.744207,8,19,11,35465,978.3026986,1,1,0,0,1,0,0,1,0,1,0
152.4624,7.809364,8,70,11,2997,1572.631084,1,0,0,1,1,1,0,0,0,1,0
230.1051,30.1778,1,72,13,3826,2978.208092,0,0,1,0,1,0,1,0,0,1,1
172.4705,5.66162,5,34,14,12153,1478.422099,1,0,0,1,0,0,0,1,0,0,1
232.6378,11.50316,4,76,15,17696,2050.942844,0,0,0,1,1,0,0,1,0,1,1
217.484,6.818283,3,30,13,4052,1280.44084,0,0,1,0,1,1,1,1,0,0,1
164.9785,10.48149,1,60,12,2846,1679.924727,0,0,0,1,1,1,1,1,0,0,1
172.5104,5.459489,4,59,11,16791,773.1752584,0,0,1,0,1,1,0,1,1,0,0
159.9642,6.363764,0,60,7,42116,845.9832801,1,0,0,0,1,0,1,0,0,1,0
139.9678,12.03582,1,55,11,2023,1337.343299,1,0,0,0,1,0,1,0,1,1,0
127.4421,11.07943,0,36,15,20234,1522.482247,1,1,0,1,1,0,0,0,0,0,1
240.1149,13.0511,0,57,14,1455,1571.238893,1,0,1,0,0,0,0,0,0,1,1
202.4433,18.381,1,49,14,46675,1943.652184,1,0,1,0,1,0,1,0,0,0,1
107.4958,11.87278,1,83,18,26,1464.845197,0,0,0,1,1,1,0,1,0,0,0
172.4871,8.182907,5,77,13,16902,1178.372362,0,0,0,0,1,0,1,1,0,1,0
137.4684,6.765777,3,29,13,10012,978.9249944,0,1,0,0,1,0,0,0,0,1,0
142.4526,12.31839,1,62,8,2028,1821.920781,1,0,0,1,1,1,1,0,0,1,0
232.6378,5.173292,1,84,10,523,1366.649837,1,1,0,1,1,0,0,1,0,1,1
172.4441,6.23273,3,44,14,6551,912.4311552,0,0,1,0,1,0,1,0,1,1,0
242.6143,4.252913,3,37,13,417,995.5630984,0,1,1,0,1,0,1,0,1,1,1
220.1478,10.99952,7,19,13,8409,1794.594938,1,0,0,0,1,0,0,0,1,1,1
159.9942,7.831744,5,78,14,1288,1016.19707,1,0,0,0,0,0,0,1,0,0,1
174.991,8.944195,4,83,11,4125,1231.728594,0,0,0,0,1,1,1,0,1,1,0
252.6378,19.72758,4,41,11,29360,2426.091797,0,0,1,0,1,0,0,1,0,1,1
197.6288,5.003409,2,23,13,1906,1106.910603,1,0,0,0,1,0,1,0,0,1,1
174.9768,11.53174,3,53,10,3316,1840.767702,1,0,0,1,1,0,0,1,1,1,0
242.6326,14.29414,4,67,14,26656,1838.646452,1,1,1,0,1,1,0,0,0,1,1
182.4538,28.28911,0,88,7,15848,2461.030222,1,1,1,0,1,0,0,0,1,1,0
104.9643,27.98865,2,77,9,2146,2679.775265,1,0,0,1,1,0,0,0,1,0,0
210.127,15.2109,1,43,9,388,1875.199655,0,0,1,0,1,1,0,0,0,1,1
92.45514,1.577215,1,73,12,21801,575.972228,1,0,0,1,1,0,0,0,0,0,0
134.9509,16.85088,3,45,11,40290,1661.330631,0,0,1,0,0,0,1,0,0,0,0
172.4441,16.6564,3,57,9,5694,1770.955679,1,0,1,0,0,0,1,0,1,1,0
237.6549,8.275832,4,36,12,118,2019.213435,0,1,0,1,0,1,1,1,1,1,1
207.4673,1.789614,0,69,13,98,568.2599017,0,0,1,0,1,1,1,0,1,1,0
159.965,5.943865,8,30,18,3076,1039.286045,1,0,1,0,1,0,0,1,0,0,1
192.4404,11.4255,3,44,15,1693,1452.597026,0,0,1,0,1,0,1,0,0,1,0
277.6375,29.35795,0,25,16,915,3232.873635,1,0,1,0,1,1,1,0,1,1,1
149.9447,3.543665,3,31,12,7862,1121.849069,0,0,0,1,0,0,0,0,0,1,0
220.1323,1.75453,1,64,16,1074,713.7053321,1,1,1,0,1,0,0,1,0,1,1
149.9378,19.87069,3,48,15,2817,2472.105638,0,0,0,1,1,0,1,0,0,0,1
202.6829,9.637159,4,31,13,37122,1639.666431,0,0,0,0,0,1,0,1,1,1,1
277.6375,7.658218,0,22,14,418,1417.62647,0,1,1,0,1,1,1,0,1,1,1
242.6326,2.465822,1,57,11,30762,809.8918631,0,1,1,0,1,1,0,0,0,1,1
139.9568,8.353798,1,23,8,2578,1117.452708,1,0,1,0,1,1,0,0,0,1,0
255.1372,9.37017,1,52,18,50137,1428.317482,1,0,1,0,1,0,1,1,1,1,1
127.4887,3.362461,3,69,12,237,545.9811422,0,0,0,0,1,0,0,1,0,0,1
184.9496,8.394454,3,61,15,4651,1566.320356,0,0,0,1,1,0,1,0,1,1,0
107.4958,2.432366,1,84,15,993,688.0396207,0,1,0,1,1,1,0,1,0,0,0
104.9629,4.044068,6,54,13,23402,694.3512691,0,0,0,0,1,0,0,0,0,1,0
127.4958,13.17391,0,67,12,2191,1179.636227,0,0,1,0,1,1,0,1,0,0,0
235.1591,1.375567,1,40,12,42,840.8676674,1,1,1,0,1,1,0,1,1,1,1
202.6362,24.34252,8,37,9,388,3276.40737,0,0,0,1,1,1,0,0,1,1,1
225.1457,2.301376,1,29,16,2304,1408.898779,0,1,0,1,1,1,1,1,0,1,1
92.45514,16.64818,2,23,8,1136,1923.285458,1,0,0,1,1,0,0,0,0,0,0
149.9378,4.564096,1,36,13,3697,1113.404715,1,0,0,1,1,0,1,0,0,0,1
132.466,5.29727,8,76,18,1583,1326.549878,1,0,0,1,1,1,0,0,1,1,0
212.6228,5.099454,1,87,7,8304,1362.860416,1,0,0,1,0,1,1,0,0,1,1
124.9781,6.03955,1,51,12,1347,685.3879681,0,0,1,0,1,0,0,1,0,0,0
124.9607,4.749684,1,25,11,38787,982.9569892,0,0,0,1,0,0,0,0,0,0,0
144.9607,21.61867,0,40,13,29015,1871.706612,0,0,1,0,1,0,0,0,0,0,0
222.65,15.51194,8,30,11,2067,2196.073405,1,0,1,0,1,1,0,1,0,1,1
160.0013,8.66647,2,21,12,25052,1094.644005,0,0,1,0,1,1,0,1,0,0,0
235.1591,2.748652,0,65,8,2562,840.6246629,1,1,1,0,0,1,0,1,1,1,1
240.1149,2.830635,0,51,9,4705,753.4677251,1,0,1,0,1,0,0,0,0,1,1
184.9496,5.423869,1,86,9,2680,1179.381802,0,0,0,1,1,0,1,0,1,1,0
222.6326,12.09638,1,52,9,43881,2028.886621,0,1,0,1,1,1,0,0,0,1,1
117.4686,7.117565,1,68,9,27541,1133.237154,1,0,0,1,1,1,1,0,0,0,0
159.9349,6.575242,1,89,11,1271,727.0646246,0,0,1,0,1,0,1,0,0,1,0
262.6106,9.951059,0,18,12,54621,1539.085061,1,0,1,0,1,0,1,0,0,1,1
210.127,7.890163,2,33,7,109,1291.871722,0,0,1,0,1,1,0,0,0,1,1
147.4713,1.230987,3,58,8,3866,394.202773,1,0,0,0,1,0,0,0,0,0,1
247.6647,1.650984,3,65,14,658,1328.483312,1,1,0,1,1,1,0,1,1,1,1
197.4725,5.237873,1,86,6,20176,1249.287563,1,0,0,1,1,0,1,1,1,1,0
194.9882,17.13556,0,80,11,10951,1693.253857,0,0,1,0,1,1,0,1,0,0,1
162.447,3.708394,1,86,14,1712,883.6816755,1,1,0,1,1,0,1,0,1,0,1
200.1465,5.582839,0,44,12,6571,1146.224262,1,0,0,0,1,1,1,0,0,1,1
117.4835,16.02992,8,45,12,18828,1806.59355,0,1,0,0,1,1,0,0,0,0,1
197.484,3.523461,0,53,14,2469,1173.915894,0,0,0,1,1,1,1,1,0,0,1
114.9658,7.535729,2,35,13,484,965.7588051,0,0,0,0,1,0,0,0,0,0,1
172.4733,9.759887,0,60,13,790,1175.631327,0,0,0,0,1,0,1,0,1,1,0
117.4835,30.7698,2,71,11,35349,2744.394944,1,0,0,0,1,1,0,0,0,0,1
202.65,12.43721,0,70,12,4868,1980.207923,1,0,0,1,1,1,0,1,0,1,1
245.175,6.739405,0,46,10,99,1344.476361,1,1,0,0,1,1,1,1,0,1,1
207.6094,3.383778,1,64,11,2820,762.0564475,0,0,1,0,1,0,0,0,0,1,1
137.4392,4.632153,10,44,13,257,945.5166208,1,0,1,0,1,0,0,0,0,1,0
124.9781,1.900671,6,21,9,676,516.253628,0,0,1,0,1,0,0,1,0,0,0
220.1478,6.074592,3,26,12,327,1197.913731,1,0,0,0,1,0,0,0,1,1,1
134.9509,16.04075,0,75,13,3755,1321.951163,1,1,1,0,1,0,1,0,0,0,0
202.4433,21.58352,0,81,13,24871,1988.072662,1,1,1,0,1,0,1,0,0,0,1
159.9349,10.46977,4,27,11,2382,1341.803325,0,0,1,0,1,0,1,0,0,1,0
184.961,11.00764,4,75,14,5060,1835.301769,1,1,0,1,0,1,1,0,0,0,1
194.9525,17.55138,4,19,16,11761,2484.205678,0,0,0,1,1,0,1,0,1,0,1
174.9581,7.675218,1,47,16,3001,1515.545459,0,0,0,1,1,1,1,0,0,1,0
222.6326,8.907101,0,81,11,1557,1641.698648,0,0,0,1,1,1,0,0,0,1,1
184.9853,4.275019,1,43,12,398,827.7165459,0,0,1,0,0,1,0,1,0,1,0
117.4872,4.836004,0,83,11,13245,786.6024394,0,0,0,1,1,0,0,1,1,0,0
107.482,7.109947,0,22,13,24682,1245.2646,1,1,0,1,1,1,0,0,1,0,0
159.9476,17.98438,1,59,12,6,2197.871959,1,0,0,1,0,0,0,0,0,0,1
212.6415,2.918826,4,81,14,51045,1263.539898,1,0,0,1,1,0,0,1,1,1,1
167.4564,2.201845,2,26,3,121,482.1944216,0,0,1,0,1,0,1,0,0,0,0
137.4836,4.418468,1,67,7,18029,985.5470101,1,1,0,1,1,0,0,1,0,0,0
127.475,4.798977,3,19,7,138,746.7953574,0,1,0,0,1,0,0,0,1,0,1
245.1457,14.1687,1,24,14,2013,2031.234186,1,0,1,0,1,1,1,1,0,1,1
114.9509,4.927273,9,82,7,5407,1075.114258,0,1,0,1,1,0,1,0,0,0,0
124.9607,10.7285,1,26,12,6572,1469.569398,0,1,0,1,1,0,0,0,0,0,0
172.4742,4.028152,0,80,11,41468,558.7166007,0,0,1,0,1,0,0,1,1,0,1
245.147,26.74209,1,89,15,266,3121.880615,0,1,0,1,1,0,0,1,1,1,1
137.4836,4.029419,8,19,11,18208,1244.250467,0,0,0,1,1,0,0,1,0,0,0
200.1185,19.68549,6,20,13,627,2766.730566,1,1,0,1,1,0,0,0,1,1,1
194.9744,6.17382,2,60,14,3587,841.3922748,1,0,1,0,1,1,0,0,1,0,1
134.9509,3.990716,1,86,11,782,411.6028202,0,0,1,0,1,0,1,0,0,0,0
172.4733,11.90634,2,35,17,1006,1495.042007,0,0,0,0,1,0,1,0,1,1,0
265.1283,7.394788,3,47,13,1330,1449.160419,0,0,1,0,1,1,1,0,0,1,1
104.9643,1.445549,10,41,9,391,869.1995017,1,0,0,1,1,0,0,0,1,0,0
112.4551,8.696181,0,41,19,6409,737.6363933,1,0,1,0,1,0,0,0,0,0,0
195.0062,6.840972,0,40,8,81789,919.5165157,0,1,1,0,1,1,1,1,1,0,0
134.9801,20.43585,1,28,14,13553,2021.193572,0,0,0,0,1,0,1,0,0,0,0
187.5139,2.707119,2,40,18,960,885.2339594,1,0,0,0,1,1,1,1,1,1,0
92.45514,6.280617,7,60,14,7901,1106.403216,0,1,0,1,1,0,0,0,0,0,0
214.9525,7.458443,1,61,11,6140,931.3751448,0,0,1,0,1,0,1,0,1,0,1
232.6378,4.465592,3,70,15,37358,1463.186559,1,0,0,1,1,0,0,1,0,1,1
159.9805,12.63822,0,39,10,42161,1385.435891,1,0,0,0,1,0,0,0,1,0,1
182.4676,13.14986,1,32,13,617,1515.763354,1,1,1,0,1,0,0,1,0,1,0
225.1457,25.69631,0,28,12,2709,3298.322775,0,0,0,1,1,1,1,1,0,1,1
149.9778,3.089663,2,29,14,21888,634.9659165,1,0,1,0,0,1,1,0,1,0,0
144.9607,7.94384,0,83,8,22939,610.2392527,1,1,1,0,1,0,0,0,0,0,0
117.4872,13.31739,3,73,16,5555,1606.689609,0,0,0,1,1,0,0,1,1,0,0
162.4676,10.57654,2,33,14,9470,1792.965757,1,0,0,1,1,0,0,1,0,1,0
182.4433,10.37052,3,46,12,678,1772.190486,1,0,0,1,1,0,1,0,0,0,1
147.4564,3.478065,0,66,10,17666,889.8305751,0,0,0,1,1,0,1,0,0,0,0
172.4567,10.36313,3,45,11,3831,1685.196727,0,0,0,1,1,0,0,0,1,0,1
242.6326,10.269,4,33,10,22187,1620.308367,1,1,1,0,1,1,0,0,0,1,1
139.9816,9.526371,2,24,13,9025,1297.915797,0,0,0,0,1,0,1,1,0,1,0
129.9621,10.39421,6,49,9,34237,1776.755229,1,0,0,1,1,0,0,1,0,1,0
187.6094,10.32825,0,59,14,119,1683.120743,1,0,0,1,1,0,0,0,0,1,1
242.6281,13.85765,1,19,13,73,1946.937264,1,0,1,0,1,0,1,1,0,1,1
172.4404,4.338536,4,70,12,5456,1230.940963,1,1,0,1,1,0,1,0,0,1,0
137.4616,8.492867,2,48,12,485,1013.266498,1,1,0,0,1,0,1,0,0,0,1
184.9634,2.649474,4,74,14,17644,1164.574248,0,0,0,1,1,0,1,1,0,1,0
220.1185,18.5303,4,32,11,2421,2157.669912,1,1,1,0,1,0,0,0,1,1,1
235.1372,4.970731,0,52,10,6050,1450.54664,1,0,0,1,1,0,1,1,1,1,1
127.482,2.493434,0,58,13,385,249.3579815,0,0,1,0,1,1,0,0,1,0,0
159.983,25.26752,0,44,9,222,2351.365618,1,0,1,0,1,0,1,1,1,0,0
129.995,3.020801,4,83,17,1330,590.380115,1,0,0,0,1,0,0,1,1,1,0
192.4404,4.905018,2,76,12,2246,782.6217803,1,0,1,0,1,0,1,0,0,1,0
169.9378,1.198203,1,81,12,867,276.5777606,1,1,1,0,1,0,1,0,0,0,1
210.127,1.366478,0,66,7,68,634.6246024,1,0,1,0,1,1,0,0,0,1,1
207.4754,8.492902,2,28,10,13535,1653.756383,0,0,0,1,1,0,1,1,1,0,1
127.4738,5.26283,0,83,18,123,993.5285482,1,0,0,1,1,0,1,1,0,0,0
174.9882,2.734669,5,60,13,16019,1228.5527,1,1,0,1,1,1,0,1,0,0,1
172.5034,7.533801,1,18,14,6976,1151.972963,0,0,0,0,1,0,0,1,1,0,1
149.9707,12.02081,4,63,11,35373,1401.33731,0,0,0,0,1,0,1,0,1,0,1
190.127,2.548892,2,57,14,1020,1236.080387,0,1,0,1,1,1,0,0,0,1,1
149.9741,3.459881,1,48,14,2164,971.0579616,0,0,0,1,1,1,1,0,0,0,0
182.497,4.674085,1,47,9,3211,745.4775132,0,1,1,0,1,1,1,1,0,0,0
192.4705,27.73225,3,77,15,470,2588.510628,1,1,1,0,1,0,0,1,0,0,1
182.4433,15.13792,8,77,14,7134,2128.992056,1,1,0,1,1,0,1,0,0,0,1
139.9349,3.374565,0,71,16,885,906.5332012,1,0,0,1,1,0,1,0,0,1,0
179.9476,6.791156,3,74,17,19980,797.3327965,1,0,1,0,1,0,0,0,0,0,1
127.4421,1.703799,0,39,14,39065,744.427424,0,1,0,1,1,0,0,0,0,0,1
102.4746,5.229738,0,45,13,5706,534.4791223,0,0,0,0,1,0,1,0,0,0,0
255.1555,1.4946,2,23,10,5090,1004.770111,0,0,1,0,1,1,0,1,0,1,1
129.9926,12.51454,0,33,10,13649,1398.226038,0,0,0,0,1,1,0,0,1,0,1
169.9447,12.85929,1,78,9,2439,1303.045672,1,1,1,0,1,0,0,0,0,1,0
137.4392,12.72079,5,64,14,16659,1388.786045,0,0,1,0,1,0,0,0,0,1,0
207.6094,19.98033,3,26,11,9489,2261.0457,1,0,1,0,1,0,0,0,0,1,1
182.4676,11.53977,1,25,11,7284,1453.840704,0,1,1,0,1,0,0,1,0,1,0
127.475,4.719731,4,63,17,3649,626.8266819,0,0,0,0,1,0,0,0,1,0,1
262.6106,10.77918,2,21,18,947,1658.673224,1,0,1,0,1,0,1,0,0,1,1
235.1591,7.667371,3,62,14,8851,1345.843812,0,1,1,0,1,1,0,1,1,1,1
277.6513,25.32558,3,74,19,15142,2914.993204,1,0,1,0,1,1,1,1,0,1,1
245.1283,16.30451,3,22,6,21681,2674.664142,0,1,0,1,1,1,1,0,0,1,1
212.6557,7.944389,1,86,7,33,1237.129631,1,0,0,0,1,1,1,0,1,1,1
139.965,2.977062,0,18,14,4465,1002.753144,1,0,0,1,0,0,0,1,0,0,1
235.1372,6.403857,2,79,14,39273,1588.073926,0,0,0,1,1,0,1,1,1,1,1
240.1149,15.88923,8,81,17,2759,2018.432674,0,0,1,0,1,0,0,0,0,1,1
152.4579,10.91296,0,78,14,72332,1586.408716,1,0,0,1,1,0,1,1,0,1,0
270.1604,16.16886,1,18,3,573,2657.509636,0,1,0,1,1,1,1,1,1,1,1
127.475,6.542299,1,57,13,725,785.7678294,0,1,0,0,1,0,0,0,1,0,1
92.45514,17.66747,1,51,16,901,1966.502807,1,0,0,1,1,0,0,0,0,0,0
159.965,5.63873,3,35,12,434,843.9673513,0,0,1,0,1,0,0,1,0,0,1
167.4564,9.307673,2,25,9,1496,1067.709253,0,0,1,0,1,0,1,0,0,0,0
219.9902,4.582941,0,57,11,47227,921.6285886,0,0,1,0,1,1,1,1,1,1,0
242.6326,7.755991,0,82,8,996,1177.660151,0,0,1,0,1,1,0,0,0,1,1
157.4698,9.557096,2,29,10,40860,1067.650921,1,0,1,0,1,0,0,0,1,0,0
149.9778,5.219974,0,58,13,124,570.5832494,1,0,1,0,0,1,1,0,1,0,0
172.4624,18.13802,0,60,12,8854,1791.953298,1,1,1,0,1,1,0,0,0,1,0
255.1372,3.935134,10,85,13,630,1151.849425,1,0,1,0,1,0,1,1,1,1,1
194.9992,9.049865,2,74,7,566,1217.367061,0,1,0,0,1,0,1,1,1,0,1
164.967,5.596602,4,21,12,5929,1465.141784,1,0,0,1,1,0,1,1,1,1,0
104.9781,3.908371,0,67,11,4642,841.0151958,0,0,0,1,1,0,0,1,0,0,0
152.4579,1.739449,0,43,16,3011,949.5030179,1,0,0,1,1,0,1,1,0,1,0
194.9581,6.002744,1,46,10,10,968.2908707,1,0,1,0,0,1,1,0,0,1,0
162.4526,24.42176,1,26,11,1012,2471.127552,1,0,1,0,1,1,1,0,0,1,0
160.0013,3.197618,0,47,14,184,499.7241703,1,0,1,0,1,1,0,1,0,0,0
114.9976,3.180149,5,86,11,360,553.4713761,0,0,0,0,1,0,1,1,0,0,0
159.9794,6.981941,3,26,12,49350,1403.290023,1,1,0,1,1,0,1,1,0,0,0
210.1051,14.7857,0,32,11,314,2230.867361,0,0,0,1,1,0,1,0,0,1,1
174.9581,9.361841,0,81,12,55222,1511.485403,0,0,0,1,1,1,1,0,0,1,0
245.132,8.079294,2,48,11,44740,1403.556394,0,1,1,0,1,1,1,0,1,1,1
265.147,9.487121,2,43,11,4175,1523.207235,1,0,1,0,1,0,0,1,1,1,1
92.5018,7.409149,2,83,9,2656,641.192229,0,0,0,0,1,0,0,1,0,0,0
172.4555,5.111421,1,85,14,562,655.4787829,0,0,1,0,1,1,1,0,0,0,1
245.147,4.770815,3,38,8,2710,1550.381641,1,0,0,1,0,0,0,1,1,1,1
202.4433,2.65459,0,67,13,9400,479.1497047,0,0,1,0,1,0,1,0,0,0,1
225.1457,13.71891,1,55,13,570,2259.182707,0,0,0,1,1,1,1,1,0,1,1
194.9768,12.69435,2,53,10,13587,1444.696816,0,1,1,0,1,0,0,1,1,1,0
104.9629,6.324505,3,52,15,5157,842.4625146,1,0,0,0,1,0,0,0,0,1,0
117.4872,14.80965,3,63,10,47791,1844.034359,0,1,0,1,0,0,0,1,1,0,0
119.9568,13.8206,3,29,11,21952,2020.782911,0,1,0,1,1,1,0,0,0,1,0
245.147,2.130946,0,81,13,40820,1147.794876,1,0,0,1,1,0,0,1,1,1,1
179.9476,5.885148,1,82,18,2000,635.2980162,0,1,1,0,1,0,0,0,0,0,1
242.6573,12.77209,0,83,10,72592,1642.269113,1,0,0,0,1,0,1,1,0,1,1
160.0122,3.112447,1,68,9,405,560.0748491,1,0,0,0,1,0,1,1,1,0,0
257.6375,6.816014,3,53,14,7531,1799.882577,1,0,0,1,1,1,1,0,1,1,1
154.9919,7.367806,3,49,16,16644,1515.049953,1,1,0,1,1,1,0,1,1,0,1
207.4811,21.08084,0,33,11,20501,2300.741445,0,0,1,0,0,1,1,1,0,1,0
134.9509,13.15232,1,49,16,1274,1201.308416,1,0,1,0,1,0,1,0,0,0,0
124.9607,1.270546,6,43,10,34119,792.7917972,0,1,0,1,1,0,0,0,0,0,0
167.4847,16.56118,4,69,12,6543,2281.384323,1,1,0,1,1,1,1,1,1,1,0
187.656,12.21802,2,19,15,22795,1749.384846,1,1,0,0,1,0,0,1,0,1,1
139.9792,6.137692,2,87,16,10189,767.624909,1,0,0,0,1,1,1,0,0,0,1
159.965,12.82428,3,22,10,5950,1557.64411,0,0,1,0,1,0,0,1,0,0,1
172.4871,7.458099,1,70,10,1346,1065.848768,0,0,0,0,1,0,1,1,0,1,0
149.9483,1.397042,4,80,12,420,295.9085258,1,0,1,0,1,0,0,0,1,1,0
257.6375,14.98386,3,60,8,1090,2446.187988,0,0,0,1,1,1,1,0,1,1,1
104.9643,19.75809,0,58,13,38932,2006.106282,0,1,0,1,1,0,0,0,1,0,0
132.5127,12.27217,1,32,9,16080,1498.47689,0,1,0,0,1,1,0,1,1,1,0
255.1198,9.23286,1,40,12,392,1903.763394,0,1,0,1,1,0,1,0,1,1,1
207.6386,2.497434,0,47,13,3479,739.280489,0,0,0,0,1,0,0,0,0,1,1
197.6288,15.91251,2,73,21,254,1883.901145,1,1,0,0,1,0,1,0,0,1,1
129.9915,4.527648,4,40,11,1526,1190.326671,0,0,0,1,1,1,1,1,0,0,0
127.4738,3.99954,0,74,8,7064,837.2390946,1,1,0,1,0,0,1,1,0,0,0
204.961,8.133191,0,46,17,17248,1158.223413,1,0,1,0,1,1,1,0,0,0,1
245.147,8.970035,1,60,13,12389,1760.757293,1,0,0,1,1,0,0,1,1,1,1
149.9928,1.589535,1,56,11,1070,711.8524934,0,0,0,1,1,0,0,1,1,0,0
154.9919,7.88215,1,55,13,7786,1475.953048,0,0,0,1,1,1,0,1,1,0,1
194.9768,4.244854,0,25,16,450,829.6494763,0,1,1,0,1,0,0,1,1,1,0
217.484,18.65137,0,82,12,2950,1904.888901,0,0,1,0,1,1,1,1,0,0,1
107.5286,3.399281,0,51,10,404,517.7918192,0,0,0,0,1,1,0,1,1,0,0
117.5152,9.594746,0,30,16,9489,1183.953112,0,0,0,0,1,1,1,1,0,0,0
162.4713,3.199682,1,83,9,189,465.629346,1,0,1,0,1,0,0,1,1,1,0
159.9349,13.24052,2,63,10,59,1389.232023,1,1,1,0,1,0,1,0,0,1,0
149.9776,9.584536,0,71,17,671,984.1544122,1,0,0,0,1,0,0,0,1,1,0
220.1323,1.135161,2,38,8,51706,731.9309009,0,0,1,0,1,0,0,1,0,1,1
222.6792,1.835282,6,32,11,12,1040.201495,1,1,0,0,1,1,0,1,0,1,1
172.4579,14.76538,0,32,16,1425,1686.444218,0,0,1,0,1,0,1,1,0,1,0
195.0062,14.95975,2,40,7,2479,1646.32071,0,0,1,0,1,1,1,1,1,0,0
162.4526,8.487326,2,45,11,3499,1181.038508,0,0,1,0,1,1,1,0,0,1,0
152.4555,16.25256,0,51,17,2423,2148.657258,1,0,0,1,1,1,1,0,0,0,1
139.9349,17.4028,1,30,11,1756,2221.185633,0,1,0,1,1,0,1,0,0,1,0
182.447,5.850283,5,42,14,40,995.3738841,1,1,1,0,1,0,1,0,1,0,1
184.9797,20.43277,4,75,14,4160,2441.738277,0,0,0,1,1,0,0,1,1,0,1
197.4725,2.763224,4,82,15,853,1151.98874,0,0,0,1,1,0,1,1,1,1,0
265.147,15.73243,10,64,13,1338,2212.360308,0,1,1,0,1,0,0,1,1,1,1
159.9476,1.482474,1,66,9,57,822.7908952,0,0,0,1,1,0,0,0,0,0,1
157.4698,3.437502,0,55,8,3757,419.4107069,1,0,1,0,0,0,0,0,1,0,0
139.965,17.20502,2,86,13,4518,2089.469335,0,1,0,1,1,0,0,1,0,0,1
124.9935,8.327722,4,49,15,1090,880.6292606,0,0,0,0,1,0,0,0,1,0,0
144.9607,2.225465,7,68,14,24694,488.6462667,0,0,1,0,1,0,0,0,0,0,0
172.4441,2.477945,1,23,16,22734,612.0541917,0,1,1,0,1,0,1,0,1,1,0
147.5031,9.25848,2,50,12,17242,1149.144476,1,0,0,0,1,0,1,1,0,0,0
169.9378,20.14176,3,53,11,239,1982.143037,1,0,1,0,0,0,1,0,0,0,1
220.1185,11.14615,2,85,14,146,1317.291468,0,1,1,0,1,0,0,0,1,1,1
127.482,1.5183,3,68,13,3410,315.1395676,1,1,1,0,0,1,0,0,1,0,0
164.9647,14.80365,3,80,17,12404,2031.533699,1,0,0,1,1,1,1,0,1,0,1
147.4713,2.734057,1,27,11,3374,639.7154381,0,0,0,0,1,0,0,0,0,0,1
210.1518,10.17576,0,62,17,41053,1473.485303,0,0,0,0,1,0,1,1,0,1,1
174.9699,1.582585,0,29,15,11294,950.7410569,0,0,0,1,1,0,1,1,1,0,1
235.1591,9.38329,4,40,18,3929,1542.3033,1,0,1,0,0,1,0,1,1,1,1
222.65,10.85537,0,67,8,2370,1446.937317,1,1,1,0,1,1,0,1,0,1,1
220.1149,7.400769,2,66,13,1181,1553.818731,0,0,0,1,1,0,0,0,0,1,1
137.4698,6.84336,3,36,7,946,1184.335827,0,1,0,1,1,0,0,0,1,0,0
242.6143,3.290431,3,24,12,271,1045.435988,1,0,1,0,0,0,1,0,1,1,1
192.4885,14.59541,3,89,12,23373,1493.681751,0,0,1,0,1,0,1,1,1,0,0
172.4705,8.882682,4,89,15,1685,1531.239282,1,0,0,1,1,0,0,1,0,0,1
142.4713,23.16242,0,32,13,336,2698.307074,1,0,0,1,1,0,0,1,1,1,0
149.9483,2.590677,2,82,10,379,325.5857485,0,0,1,0,1,0,0,0,1,1,0
159.9942,5.59356,1,55,6,830,867.3610228,0,0,0,0,1,0,0,1,0,0,1
220.1149,9.933523,0,19,14,257,1853.873709,1,0,0,1,1,0,0,0,0,1,1
104.9643,2.992589,2,47,18,27525,812.2973605,1,1,0,1,1,0,0,0,1,0,0
179.9794,19.57075,0,48,11,31056,1939.097667,1,1,1,0,1,0,1,1,0,0,0
127.4887,16.68618,0,72,12,22225,1617.794287,0,0,0,0,1,0,0,1,0,0,1
129.9598,7.749595,1,67,14,100,1253.992994,1,1,0,1,1,1,0,0,0,0,1
137.4392,9.713544,3,57,20,1474,1103.759867,0,0,1,0,1,0,0,0,0,1,0
147.5031,9.288851,0,84,7,4283,896.304005,0,1,0,0,1,0,1,1,0,0,0
139.9349,14.21143,2,72,11,29061,1813.71251,1,0,0,1,1,0,1,0,0,1,0
172.4567,12.26499,2,36,6,8469,1757.468385,0,1,0,1,1,0,0,0,1,0,1
114.9728,2.096411,1,44,12,323,293.0174607,0,0,1,0,1,1,0,0,0,0,0
204.9634,14.76922,8,65,6,1268,1849.738644,1,0,1,0,1,0,1,1,0,1,0
107.482,9.388962,1,58,9,103,1262.469988,0,1,0,1,0,1,0,0,1,0,0
172.4742,2.061636,1,28,14,24628,598.858359,1,1,1,0,1,0,0,1,1,0,1
179.9656,2.687062,2,37,13,1856,490.2102038,1,0,1,0,1,0,1,0,1,0,0
255.1417,1.854011,0,26,17,37056,881.9915619,0,0,1,0,1,1,0,0,1,1,1
114.9509,6.233177,1,67,17,15062,988.8476688,0,0,0,1,1,0,1,0,0,0,0
225.1457,11.36938,3,30,9,426,2257.255977,1,0,0,1,1,1,1,1,0,1,1
162.497,5.533288,1,20,9,42116,1400.182241,0,0,0,1,0,1,1,1,0,0,0
210.1051,10.18679,3,39,6,1330,1923.446501,0,1,0,1,1,0,1,0,0,1,1
190.1737,5.857544,3,78,15,1875,1140.769093,0,0,0,0,0,1,0,1,0,1,1
174.9755,4.348554,2,79,13,1197,815.588724,0,0,1,0,1,1,1,1,0,1,0
200.1323,5.494536,3,83,9,24,1432.922873,0,1,0,1,1,0,0,1,0,1,1
157.4836,15.07508,0,83,14,16812,1279.70353,1,1,1,0,1,0,0,1,0,0,0
210.127,4.235635,2,54,17,36062,970.6301192,1,0,1,0,1,1,0,0,0,1,1
117.4392,4.323297,0,34,9,161,1058.643568,0,0,0,1,1,0,0,0,0,1,0
129.9621,5.792794,1,76,16,94512,1110.224942,1,1,0,1,1,0,0,1,0,1,0
187.656,3.919919,3,59,13,2423,969.0951508,1,0,0,0,1,0,0,1,0,1,1
152.4798,13.67733,1,73,8,589,1427.811261,0,1,1,0,1,1,0,1,0,1,0
192.4404,1.813049,2,63,15,2596,571.8948363,0,1,1,0,1,0,1,0,0,1,0
144.9607,4.867834,7,64,8,1257,718.2708269,1,0,1,0,1,0,0,0,0,0,0
162.4818,17.76511,0,30,15,3968,2000.801151,0,0,0,0,1,1,1,0,0,1,0
112.4844,19.14395,3,74,9,13768,1649.813925,0,1,0,0,1,0,0,0,0,0,0
187.6094,15.41637,0,59,12,195,2147.084163,1,0,0,1,0,0,0,0,0,1,1
257.6513,3.978662,4,19,9,722,1790.477112,0,0,0,1,1,1,1,1,0,1,1
159.9794,6.452058,4,60,11,2348,1361.469601,0,0,0,1,1,0,1,1,0,0,0
152.5022,10.55177,1,35,14,4301,1436.441637,0,0,0,0,1,1,1,1,0,0,1
159.9656,13.87203,0,54,13,76819,1702.870167,1,1,0,1,1,0,1,0,1,0,0
230.1051,15.98627,1,70,9,2981,1868.995632,0,0,1,0,1,0,1,0,0,1,1
114.9838,8.440774,1,68,13,32653,839.5696843,0,1,0,0,1,0,1,0,1,0,0
127.4887,5.706255,0,23,6,2678,878.7758477,1,0,0,0,1,0,0,1,0,0,1
275.1198,11.63009,2,23,12,33380,1687.100467,1,0,1,0,1,0,1,0,1,1,1
184.9634,6.364903,0,72,8,5748,1352.42705,1,0,0,1,1,0,1,1,0,1,0
152.4884,9.119628,0,50,9,9635,1076.021746,1,0,0,0,1,1,1,0,1,0,1
127.482,10.55912,2,31,7,159,1064.163449,1,1,1,0,1,1,0,0,1,0,0
194.9581,11.11794,3,43,15,43,1505.877788,0,1,1,0,0,1,1,0,0,1,0
164.967,2.96972,10,18,8,4251,1444.44469,0,0,0,1,0,0,1,1,1,1,0
159.983,6.617173,1,25,7,762,916.275075,0,1,1,0,1,0,1,1,1,0,0
127.4421,3.664542,2,65,18,30922,963.6972905,1,0,0,1,1,0,0,0,0,0,1
237.6549,14.10183,2,61,14,2681,2353.047822,1,0,0,1,1,1,1,1,1,1,1
112.4551,13.20294,0,87,11,4998,1038.379263,1,0,1,0,1,0,0,0,0,0,0
220.1149,15.07394,4,89,11,58,2168.702608,0,0,0,1,1,0,0,0,0,1,1
179.9476,20.5514,1,25,11,6213,2023.901526,0,0,1,0,1,0,0,0,0,0,1
172.4567,1.704751,7,61,15,3108,964.1421939,1,0,0,1,1,0,0,0,1,0,1
139.9875,11.13625,2,28,10,24304,1606.733876,1,1,0,1,1,1,0,0,1,0,0
159.9794,5.802984,1,76,15,58123,1163.473611,0,0,0,1,1,0,1,1,0,0,0
164.9647,7.948145,1,34,14,4719,1559.056164,1,0,0,1,1,1,1,0,1,0,1
157.4836,12.0068,1,23,10,778,1338.084542,0,0,1,0,1,0,0,1,0,0,0
200.1185,20.22191,1,24,10,2345,2643.645671,1,0,0,1,1,0,0,0,1,1,1
182.4538,1.932155,3,54,6,333,552.2795704,1,0,1,0,1,0,0,0,1,1,0
242.6573,19.93923,2,69,9,124,2336.999053,1,0,0,0,1,0,1,1,0,1,1
139.965,5.620998,2,80,11,13216,1077.685443,1,1,0,1,1,0,0,1,0,0,1
169.9447,6.446079,2,30,11,1755,918.6663119,0,1,1,0,1,0,0,0,0,1,0
184.9785,7.633753,4,54,4,578,1227.405249,1,0,1,0,1,1,1,1,0,0,1
149.9776,6.582225,1,35,13,364,886.9671382,0,0,0,0,1,0,0,0,1,1,0
222.6281,2.420905,7,26,13,6082,1585.087297,1,0,0,1,1,0,1,1,0,1,1
222.6326,2.608423,0,19,15,770,1328.874126,0,0,0,1,1,1,0,0,0,1,1
242.6106,9.248419,1,73,10,6428,1792.520072,1,1,0,1,1,0,1,0,0,1,1
179.9476,1.652127,1,29,7,29903,462.2211376,1,0,1,0,1,0,0,0,0,0,1
235.1372,2.077466,0,57,12,1080,1244.139414,1,0,0,1,1,0,1,1,1,1,1
262.6106,19.06753,3,82,14,18216,2215.644479,1,0,1,0,0,0,1,0,0,1,1
117.4872,2.12851,9,32,13,590,1009.028786,0,1,0,1,1,0,0,1,1,0,0
204.9797,13.46686,1,71,9,216,1382.061516,0,1,1,0,1,0,0,1,1,0,1
92.5018,1.805094,6,22,14,15657,505.1435902,1,1,0,0,1,0,0,1,0,0,0
212.6695,5.886238,4,26,10,626,1391.330245,1,1,0,0,1,1,1,1,0,1,1
139.9349,4.336113,1,76,11,28121,1046.765683,0,0,0,1,1,0,1,0,0,1,0
230.1051,5.395611,2,28,11,320,1122.653549,1,0,1,0,1,0,1,0,0,1,1
242.6143,2.930277,1,24,12,1404,868.2420268,1,0,1,0,1,0,1,0,1,1,1
162.497,5.23657,3,55,13,5430,1322.686843,1,0,0,1,1,1,1,1,0,0,0
129.9483,1.293544,3,79,8,1488,712.4768186,1,0,0,1,1,0,0,0,1,1,0
139.965,1.76478,1,76,13,428,826.331106,0,0,0,1,1,0,0,1,0,0,1
182.4433,15.4459,0,55,12,27454,1983.907992,0,0,0,1,1,0,1,0,0,0,1
127.4601,16.56317,3,73,11,30873,1881.485804,0,0,0,1,1,0,1,0,1,0,0
154.9755,8.939477,3,79,8,706,1588.984136,1,1,0,1,0,1,1,1,0,1,0
152.4579,5.9717,2,78,11,28234,1290.155524,0,0,0,1,1,0,1,1,0,1,0
134.9509,26.15019,0,23,9,7496,2320.785912,0,0,1,0,1,0,1,0,0,0,0
140.0013,17.84058,6,49,15,10873,2373.467756,1,1,0,1,1,1,0,1,0,0,0
112.4844,11.49687,0,32,11,14892,1068.577042,0,1,0,0,1,0,0,0,0,0,0
197.4702,3.761061,0,41,10,742,1151.905186,0,0,0,1,1,1,1,0,1,0,1
129.9621,16.39747,2,30,11,763,2207.805016,0,0,0,1,1,0,0,1,0,1,0
197.4702,11.61284,1,37,18,23761,1839.162665,0,1,0,1,1,1,1,0,1,0,1
187.6094,19.12428,1,72,15,1310,2392.010213,0,0,0,1,1,0,0,0,0,1,1
192.4404,13.85176,2,55,6,197,1584.550026,0,0,1,0,1,0,1,0,0,1,0
137.4684,18.8572,1,56,11,16503,1819.57724,0,1,0,0,1,0,0,0,0,1,0
139.9512,10.08697,4,43,11,5028,1627.959422,1,0,0,1,1,0,0,0,1,0,1
152.5022,1.895979,3,57,14,371,716.6438092,0,0,0,0,1,1,1,1,0,0,1
194.9525,2.446064,4,74,12,54023,1066.183659,1,1,0,1,1,0,1,0,1,0,1
174.9768,2.464275,4,83,8,2709,1030.224777,1,1,0,1,1,0,0,1,1,1,0
192.4705,14.80349,1,43,14,212,1661.346466,1,0,1,0,1,0,0,1,0,0,1
182.49,8.040278,0,52,19,33875,1058.595152,1,0,0,0,1,0,1,1,0,0,1
149.9621,6.453124,0,54,14,1168,792.1819969,0,1,1,0,1,0,0,1,0,1,0
217.484,20.13722,1,74,7,3347,2083.650225,0,1,1,0,1,1,1,1,0,0,1
242.6281,4.355677,0,46,14,172,1002.004764,0,0,1,0,1,0,1,1,0,1,1
132.466,16.04377,1,28,12,82,2062.862632,0,1,0,1,1,1,0,0,1,1,0
147.4713,7.42363,3,43,11,332,950.7941169,1,1,0,0,1,0,0,0,0,0,1
117.4392,20.87424,4,20,9,2056,2497.717707,1,1,0,1,1,0,0,0,0,1,0
202.4433,14.44636,1,64,16,519,1572.076515,0,0,1,0,1,0,1,0,0,0,1
140.0013,9.000396,4,87,12,1903,1462.964796,0,0,0,1,1,1,0,1,0,0,0
162.4676,7.194779,0,32,19,598,1457.580613,0,1,0,1,1,0,0,1,0,1,0
142.4713,2.919931,1,84,12,34639,899.976724,1,0,0,1,1,0,0,1,1,1,0
255.1198,12.86551,0,88,6,2701,1966.201755,1,1,0,1,1,0,1,0,1,1,1
275.1336,18.8098,8,18,12,19578,2596.374524,0,0,1,0,1,0,1,1,0,1,1
200.1185,15.92001,1,59,12,899,2223.458561,0,0,0,1,1,0,0,0,1,1,1
200.1652,4.85088,4,29,10,199,1131.789188,0,1,0,0,1,0,0,1,1,1,1
147.4738,4.847411,1,50,15,2308,602.6894614,1,0,1,0,1,0,1,1,0,0,0
232.6415,2.758575,3,29,11,8489,929.5655793,0,0,1,0,1,0,0,1,1,1,1
127.4601,6.116652,0,40,8,1544,1123.647592,1,0,0,1,1,0,1,0,1,0,0
194.9581,1.757261,0,46,15,4201,589.6405069,1,1,1,0,1,1,1,0,0,1,0
210.1051,16.87028,0,54,14,1264,2329.543371,1,0,0,1,1,0,1,0,0,1,1
179.9476,16.66123,2,48,14,502,1742.811202,0,1,1,0,1,0,0,0,0,0,1
154.9755,12.61471,5,62,9,682,2007.430866,1,0,0,1,1,1,1,1,0,1,0
182.447,5.714937,2,85,14,1129,750.9484926,1,0,1,0,1,0,1,0,1,0,1
222.6281,2.301772,3,81,4,1276,1224.80823,0,0,0,1,1,0,1,1,0,1,1
137.4686,3.627104,1,60,11,18141,459.9710645,0,0,1,0,1,1,1,0,0,0,0
152.5104,12.00909,0,56,12,230,1610.027119,1,0,0,1,1,1,0,1,1,0,0
162.4713,24.14282,1,19,8,1583,2391.497324,0,0,1,0,1,0,0,1,1,1,0
169.9447,19.14656,2,75,10,845,1811.777309,1,1,1,0,0,0,0,0,0,1,0
162.4713,22.14611,4,82,14,841,2113.691713,1,0,1,0,1,0,0,1,1,1,0
162.4827,5.585004,7,66,15,30141,936.2693881,0,0,1,0,1,1,0,1,0,0,1
182.4676,8.940085,1,36,12,3033,1204.76304,1,0,1,0,0,0,0,1,0,1,0
119.9568,17.82124,1,26,12,338,2296.853164,1,1,0,1,1,1,0,0,0,1,0
162.447,27.4563,1,77,9,12407,2859.041314,1,0,0,1,1,0,1,0,1,0,1
182.4833,8.522053,0,19,14,24785,1123.252119,0,1,1,0,1,1,1,0,1,0,0
147.4601,8.386909,1,43,15,1026,834.8359967,1,1,1,0,1,0,1,0,1,0,0
159.9349,10.52249,0,31,15,1757,1256.923905,1,1,1,0,1,0,1,0,0,1,0
164.967,9.836216,1,27,13,6922,1700.500703,0,1,0,1,1,0,1,1,1,1,0
194.9663,10.85169,4,40,12,159,1864.932987,1,0,0,1,1,0,1,1,0,0,1
240.1149,8.973181,2,36,12,346,1367.523632,0,0,1,0,1,0,0,0,0,1,1
160.0013,14.04801,3,64,9,54023,1507.684892,1,0,1,0,0,1,0,1,0,0,0
242.6326,14.17599,0,80,13,6694,1663.204506,1,0,1,0,1,1,0,0,0,1,1
200.1323,8.619877,0,41,13,354,1687.301468,1,0,0,1,1,0,0,1,0,1,1
149.9447,17.91527,1,32,10,865,2281.632997,0,0,0,1,1,0,0,0,0,1,0
149.9776,8.113307,1,18,18,1691,1115.211468,1,0,0,0,1,0,0,0,1,1,0
207.4754,12.52502,8,23,12,3216,2267.526558,0,1,0,1,1,0,1,1,1,0,1
172.4705,9.303687,0,57,9,579,1547.513225,0,0,0,1,1,0,0,1,0,0,1
159.9656,3.840589,0,76,12,2931,808.7858345,0,1,0,1,1,0,1,0,1,0,0
232.6707,5.142628,2,80,14,767,1045.919275,0,1,0,0,1,0,0,1,1,1,1
255.1555,2.067128,0,47,10,24447,864.371328,0,1,1,0,1,1,0,1,0,1,1
179.9656,18.96848,0,22,15,4879,1811.884356,1,0,1,0,1,0,1,0,1,0,0
252.624,2.589165,0,74,11,6197,662.5967184,0,1,1,0,1,0,0,0,1,1,1
112.4551,2.362663,0,30,11,4981,254.7465501,0,1,1,0,1,0,0,0,0,0,0
184.9785,5.585807,1,33,14,548,1036.098256,0,0,1,0,1,1,1,1,0,0,1
142.4689,16.81789,3,67,10,1719,2062.922234,0,0,0,1,0,1,0,0,1,0,1
255.1336,18.529,1,70,8,535,2600.878739,0,0,0,1,1,0,1,1,0,1,1
190.1737,14.39213,4,84,9,3845,1765.073078,1,0,0,0,1,1,0,1,0,1,1
220.1323,8.457034,6,39,16,4649,1498.783318,0,0,1,0,0,0,0,1,0,1,1
79.97886,9.24589,2,53,10,3118,804.9040342,1,0,0,0,1,0,0,0,0,0,0
162.447,1.413033,8,74,13,2301,950.4411542,1,1,0,1,1,0,1,0,1,0,1
137.4392,3.680185,4,73,12,4832,587.7258611,0,1,1,0,1,0,0,0,0,1,0
147.4421,16.82081,0,42,11,39850,1559.752741,0,0,1,0,1,0,0,0,0,0,1
184.9853,1.025579,2,64,10,32572,570.4516207,0,0,1,0,1,1,0,1,0,1,0
104.9629,15.02441,0,55,14,364,1406.070492,1,1,0,0,1,0,0,0,0,1,0
179.9656,2.440244,1,48,10,23474,485.4228279,0,1,1,0,1,0,1,0,1,0,0
127.4738,7.409027,0,24,16,1401,1280.53691,0,1,0,1,1,0,1,1,0,0,0
149.9378,3.148665,2,62,9,684,1025.253482,0,0,0,1,1,0,1,0,0,0,1
207.4811,29.62966,0,74,13,6275,2913.842578,1,0,1,0,1,1,1,1,0,1,0
245.132,4.044209,0,54,7,10605,991.6890153,0,0,1,0,1,1,1,0,1,1,1
182.497,22.73656,0,62,12,2089,2227.799509,0,0,1,0,1,1,1,1,0,0,0
132.466,2.917886,2,62,13,7552,945.7273128,1,0,0,1,1,1,0,0,1,1,0
172.4579,13.08213,2,18,14,94,1655.992508,1,0,1,0,1,0,1,1,0,1,0
242.6573,1.740144,2,42,12,2328,981.3822842,0,0,0,0,1,0,1,1,0,1,1
242.6326,9.470798,1,67,10,3079,1398.131991,0,1,1,0,1,1,0,0,0,1,1
147.4783,2.476217,1,51,11,14918,373.1383878,1,1,1,0,1,1,0,0,0,0,0
172.4733,9.05316,3,23,12,1565,1284.333326,1,0,0,0,1,0,1,0,1,1,0
155.0084,10.86199,1,52,15,467,1364.293464,1,1,0,0,1,1,1,1,1,1,0
222.6143,7.990345,1,63,10,8189,1654.594921,1,0,0,1,1,0,1,0,1,1,1
232.6415,1.500126,0,61,10,3810,676.2344842,1,0,1,0,1,0,0,1,1,1,1
202.6829,6.732509,2,88,14,6123,1153.214047,0,0,0,0,1,1,0,1,1,1,1
222.6792,1.442102,0,54,13,14673,837.2614393,0,0,0,0,0,1,0,1,0,1,1
147.4421,10.89683,4,27,15,35,1246.67277,1,0,1,0,1,0,0,0,0,0,1
137.4698,10.69505,0,49,15,158,1364.959051,0,0,0,1,1,0,0,0,1,0,0
199.9902,6.905862,3,46,18,771,1606.823213,1,0,0,1,1,1,1,1,1,1,0
152.4952,22.31932,4,35,6,12338,2343.988024,0,0,0,0,1,1,0,0,1,1,0
172.4705,4.984918,0,58,12,13410,1108.077901,0,0,0,1,0,0,0,1,0,0,1
139.9861,10.45497,0,30,11,1316,1307.834074,0,0,0,0,1,1,0,0,0,1,0
184.9647,18.81683,3,67,12,764,1907.20649,0,0,1,0,1,1,1,0,1,0,1
167.4564,18.01018,0,35,7,227,1686.417922,0,0,1,0,1,0,1,0,0,0,0
245.1283,5.014012,1,79,10,120,1501.093332,0,1,0,1,1,1,1,0,0,1,1
127.4887,9.817033,1,87,10,7955,954.2700173,0,0,0,0,0,0,0,1,0,0,1
230.1051,7.437784,1,55,9,4204,1170.676993,1,0,1,0,1,0,1,0,0,1,1
139.9568,1.280324,1,54,14,900,436.2297665,1,1,1,0,1,1,0,0,0,1,0
174.9768,13.43811,4,72,12,1121,1965.462483,1,1,0,1,1,0,0,1,1,1,0
137.4686,3.765838,4,81,12,16398,494.8412692,0,0,1,0,1,1,1,0,0,0,0
162.4833,12.50419,0,63,14,35102,1636.48816,0,0,0,1,1,1,1,0,1,0,0
179.9476,1.798433,0,28,6,8093,528.989098,1,0,1,0,1,0,0,0,0,0,1
182.447,7.35817,0,18,12,37,961.4048126,1,0,1,0,1,0,1,0,1,0,1
167.4564,7.744129,0,73,11,2172,720.6519058,0,0,1,0,1,0,1,0,0,0,0
139.9792,16.79677,4,76,11,24163,1820.926895,1,1,0,0,1,1,1,0,0,0,1
152.466,1.311693,3,20,10,4180,530.0519539,1,0,1,0,1,1,0,0,1,1,0
162.4676,6.960522,4,61,12,13222,1466.444336,1,0,0,1,1,0,0,1,0,1,0
277.6513,5.525134,3,61,9,21314,1288.15613,1,0,1,0,0,1,1,1,0,1,1
194.9663,10.29048,6,85,10,36986,1815.26546,0,0,0,1,1,0,1,1,0,0,1
162.447,18.32904,1,48,16,14524,2206.253895,0,0,0,1,1,0,1,0,1,0,1
174.9768,1.794202,2,82,16,38865,917.029715,1,0,0,1,1,0,0,1,1,1,0
142.5007,16.38978,0,24,12,964,2095.926619,1,1,0,1,1,1,1,1,1,0,0
194.9744,22.34478,4,59,14,19855,2231.25397,1,0,1,0,1,1,0,0,1,0,1
217.4702,12.91538,0,55,16,56308,1524.881001,1,0,1,0,1,1,1,0,1,0,1
202.6362,11.59627,0,54,16,2309,1929.992785,0,1,0,1,1,1,0,0,1,1,1
167.4564,15.2121,4,82,9,871,1508.478673,1,0,1,0,1,0,1,0,0,0,0
207.4974,3.771607,10,42,14,3417,1117.284921,0,0,1,0,1,1,0,1,1,0,1
162.4827,11.64744,0,41,6,1175,1381.77131,0,1,1,0,1,1,0,1,0,0,1
124.9781,25.72493,1,34,14,1970,2354.102724,1,0,1,0,1,0,0,1,0,0,0
240.1149,1.393262,1,34,12,1024,722.2139832,0,0,1,0,1,0,0,0,0,1,1
149.9447,12.173,0,81,11,782,1619.686288,1,0,0,1,1,0,0,0,0,1,0
139.9875,8.909806,2,53,16,445,1342.337702,1,1,0,1,1,1,0,0,1,0,0
112.4551,10.48608,2,88,19,15226,874.0562063,0,1,1,0,1,0,0,0,0,0,0
104.9643,19.26465,4,23,10,7611,2203.565459,0,0,0,1,1,0,0,0,1,0,0
175.1331,6.24751,1,67,14,841,986.8685971,1,0,0,0,1,0,0,0,0,1,1
92.5018,9.063713,1,21,9,67,1031.540479,1,0,0,0,0,0,0,1,0,0,0
162.4937,10.02603,0,68,16,14018,1183.503581,0,1,0,0,1,0,1,1,1,0,1
139.965,28.22989,0,44,15,475,3068.956506,0,0,0,1,1,0,0,1,0,0,1
159.9656,7.617535,1,47,5,24,1326.411799,1,0,0,1,0,0,1,0,1,0,0
140.0049,20.58561,6,58,10,2580,2005.474189,1,0,1,0,1,1,0,1,1,0,0
159.9794,12.359,5,75,14,1283,1827.076857,1,0,0,1,1,0,1,1,0,0,0
82.49655,8.437873,0,26,6,2625,923.1400229,1,0,0,0,1,1,0,0,0,0,0
207.4754,14.01692,2,30,15,107,2099.82555,1,0,0,1,1,0,1,1,1,0,1
159.9349,1.506136,2,53,16,417,460.5286853,1,1,1,0,1,0,1,0,0,1,0
202.65,5.457127,0,29,8,4979,1589.753327,1,0,0,1,1,1,0,1,0,1,1
124.9781,4.148103,0,88,10,5295,296.0266799,0,1,1,0,1,0,0,1,0,0,0
252.6378,8.867664,0,42,10,612,1362.782508,1,0,1,0,1,0,0,1,0,1,1
162.447,6.663036,0,51,7,8618,1292.032339,1,0,0,1,1,0,1,0,1,0,1
124.9607,1.563383,4,68,10,10980,673.250968,1,1,0,1,1,0,0,0,0,0,0
277.6375,13.75426,2,46,12,12237,1947.058707,0,0,1,0,1,1,1,0,1,1,1
232.6378,2.367066,0,89,14,9145,1136.589804,0,0,0,1,1,0,0,1,0,1,1
140.0049,2.333094,1,30,15,62429,530.0667964,0,1,1,0,1,1,0,1,1,0,0
159.9512,14.86158,0,56,9,39227,1439.925812,1,1,1,0,1,0,0,0,1,0,1
220.1478,1.768753,0,31,11,5,736.3553892,1,0,0,0,1,0,0,0,1,1,1
182.4762,18.25291,2,81,13,1116,1863.348549,0,0,0,0,1,0,1,0,1,0,1
107.5286,1.275948,4,48,8,22275,476.7850753,0,0,0,0,1,1,0,1,1,0,0
255.1417,29.95876,1,41,9,274,3119.385384,0,0,1,0,1,1,0,0,1,1,1
129.9621,2.073632,4,87,9,19546,861.7738077,1,1,0,1,1,0,0,1,0,1,0
139.9349,10.49402,2,61,11,224,1584.241573,0,0,0,1,1,0,1,0,0,1,0
202.65,6.368504,8,76,13,27224,1756.610979,1,1,0,1,1,1,0,1,0,1,1
162.4937,7.674186,2,82,9,2625,924.1809843,1,0,0,0,1,0,1,1,1,0,1
172.4705,16.75789,1,65,15,2032,2080.564441,0,0,0,1,1,0,0,1,0,0,1
162.4982,8.473966,3,40,16,1034,1208.504726,0,0,0,0,1,1,0,0,1,0,1
162.5005,30.82191,2,33,12,508,3042.656083,0,1,0,0,1,0,0,1,1,1,0
147.4421,7.8432,5,55,10,2539,935.4475784,1,1,1,0,1,0,0,0,0,0,1
114.9728,8.03514,0,29,15,26902,798.0189824,0,1,1,0,1,1,0,0,0,0,0
165.0182,5.150963,1,82,12,37375,822.9997439,1,0,0,0,1,1,0,1,1,1,0
275.1336,24.2732,3,56,12,2131,2765.521967,0,0,1,0,1,0,1,1,0,1,1
255.1555,9.38517,3,76,7,2122,1461.269401,0,1,1,0,0,1,0,1,0,1,1
162.4713,13.81972,4,80,14,2684,1438.002278,0,0,1,0,1,0,0,1,1,1,0
187.656,1.37258,2,74,11,3182,680.4074741,0,0,0,0,1,0,0,1,0,1,1
137.4872,1.84687,4,18,7,11885,464.4350832,0,1,1,0,1,0,0,1,1,0,0
217.4702,12.23147,4,63,10,1485,1483.466725,1,0,1,0,1,1,1,0,1,0,1
127.5112,6.554584,0,30,11,1114,831.986868,1,1,0,0,1,1,0,0,1,0,0
149.9913,2.599617,0,23,13,281,650.0225046,1,0,0,0,1,0,0,1,0,1,0
164.967,2.827378,0,81,13,31148,965.4344564,1,1,0,1,1,0,1,1,1,1,0
197.484,16.12971,2,76,11,217,2275.291432,0,1,0,1,1,1,1,1,0,0,1
137.4836,23.9038,0,29,10,8368,2593.650846,1,0,0,1,1,0,0,1,0,0,0
184.9647,1.73409,0,88,11,7379,428.5644943,0,0,1,0,1,1,1,0,1,0,1
124.9781,17.45182,2,18,13,98,1759.464436,1,0,1,0,0,0,0,1,0,0,0
222.6143,3.82548,0,82,12,7351,1134.14173,1,0,0,1,1,0,1,0,1,1,1
139.9816,10.00949,4,88,14,3231,1236.291583,1,0,0,0,1,0,1,1,0,1,0
142.5007,15.81095,4,63,10,456,2126.056803,1,1,0,1,1,1,1,1,1,0,0
240.1149,4.310974,4,43,14,777,1024.131285,1,0,1,0,1,0,0,0,0,1,1
164.9889,1.200106,0,86,9,1001,336.3711095,0,1,1,0,1,1,0,1,1,1,0
194.9768,1.99818,5,23,8,5981,758.9886777,0,0,1,0,1,0,0,1,1,1,0
137.4686,16.93745,1,18,13,32801,1688.294747,0,0,1,0,1,1,1,0,0,0,0
220.1185,13.05373,3,21,12,8867,1761.265371,0,1,1,0,1,0,0,0,1,1,1
182.4676,3.533323,3,45,10,2226,793.8062657,0,0,1,0,1,0,0,1,0,1,0
179.9476,16.93329,10,20,12,2139,2020.896358,1,0,1,0,1,0,0,0,0,0,1
134.9509,2.888303,0,59,16,9996,296.7260391,1,0,1,0,1,0,1,0,0,0,0
107.4806,6.307859,3,54,13,647,862.6906733,0,0,0,0,1,1,0,0,0,1,0
172.4885,4.812563,0,67,9,39,1003.080929,1,0,0,1,1,0,1,1,1,0,0
149.9621,25.10781,10,63,17,1332,2646.099689,0,0,1,0,1,0,0,1,0,1,0
162.447,10.32034,0,46,9,25445,1525.81124,1,0,0,1,1,0,1,0,1,0,1
245.147,16.7433,1,32,11,8549,2536.53749,0,0,0,1,1,0,0,1,1,1,1
252.6378,6.652608,1,38,14,2192,1225.184798,0,0,1,0,1,0,0,1,0,1,1
159.9875,6.7064,0,20,12,2879,877.2126863,0,0,1,0,1,1,0,0,1,0,0
142.4827,11.96096,6,25,12,7999,2058.120961,1,0,0,1,1,1,0,1,0,0,1
184.9853,7.900866,2,71,13,17086,1063.793472,0,1,1,0,1,1,0,1,0,1,0
147.4421,4.245295,3,41,12,23867,707.2606071,1,1,1,0,1,0,0,0,0,0,1
210.138,10.0496,3,64,16,17148,1421.06817,1,0,0,0,1,0,1,0,1,1,1
132.4798,11.46674,1,56,10,24,1715.911701,1,1,0,1,1,1,0,1,0,1,0
159.9942,4.469398,6,84,13,3368,834.0925038,1,0,0,0,1,0,0,1,0,0,1
184.9647,10.59491,3,55,14,16459,1272.863604,1,1,1,0,1,1,1,0,1,0,1
182.49,2.82818,9,21,11,148,1092.512913,0,0,0,0,1,0,1,1,0,0,1
255.1665,6.71156,1,77,12,6402,1200.461726,0,1,0,0,1,0,1,1,1,1,1
127.4421,5.25157,1,38,11,414,1069.18746,1,0,0,1,1,0,0,0,0,0,1
179.9794,16.4299,3,40,15,12407,1800.326325,0,0,1,0,0,0,1,1,0,0,0
202.65,7.896371,1,58,13,8483,1725.323883,1,1,0,1,1,1,0,1,0,1,1
119.9897,15.06815,1,56,12,702,1516.686884,0,0,0,0,1,1,0,0,1,1,0
252.624,3.700985,2,55,17,6891,924.6142337,0,0,1,0,0,0,0,0,1,1,1
127.4421,17.26451,0,45,10,218,2082.052634,1,1,0,1,1,0,0,0,0,0,1
182.4433,16.5852,2,22,11,10818,2329.310551,0,0,0,1,1,0,1,0,0,0,1
195.0062,10.81514,1,20,17,727,1341.508482,0,0,1,0,1,1,1,1,1,0,0
187.4847,4.617824,3,50,10,5587,967.8404944,1,0,1,0,1,1,1,1,1,1,0
139.9678,2.237975,2,63,12,6210,492.0307787,1,0,0,0,1,0,1,0,1,1,0
159.9512,12.14453,0,34,13,2243,1289.426725,0,0,1,0,1,0,0,0,1,0,1
132.466,23.86996,1,83,12,778,2609.91314,1,0,0,1,1,1,0,0,1,1,0
127.4586,7.495281,2,62,14,8759,968.8124201,0,0,0,0,1,0,1,0,0,1,0
149.9483,8.756923,4,60,10,1833,964.5339675,1,1,1,0,1,0,0,0,1,1,0
194.9663,5.874949,0,18,14,34791,1406.140722,1,0,0,1,1,0,1,1,0,0,1
154.9618,7.238006,2,19,12,2371,1495.619695,1,0,0,1,0,1,1,0,1,1,0
120.0035,5.449246,5,25,11,1509,1034.133433,1,0,0,0,1,1,0,1,0,1,0
127.4421,5.614074,1,35,9,822,1108.726166,0,1,0,1,0,0,0,0,0,0,1
172.4555,4.534721,0,55,12,4869,761.9139877,0,0,1,0,0,1,1,0,0,0,1
220.1615,10.06395,4,25,12,12695,1686.732783,1,0,0,0,1,0,0,1,0,1,1
147.4783,22.12945,2,66,19,34,2047.373281,0,0,1,0,1,1,0,0,0,0,0
79.97886,15.51392,0,82,14,6917,1244.129071,0,0,0,0,0,0,0,0,0,0,0
164.9785,4.526424,1,23,13,5060,1395.575443,0,0,0,1,1,1,1,1,0,0,1
172.4579,6.183692,1,42,14,18465,981.2775952,0,0,1,0,1,0,1,1,0,1,0
257.6549,17.27999,0,66,14,3104,2074.948906,1,0,1,0,1,1,1,1,1,1,1
184.967,3.628867,0,86,10,49344,601.2192303,0,0,1,0,1,0,1,1,1,1,0
147.4601,4.888977,1,73,8,19151,532.1499344,1,0,1,0,1,0,1,0,1,0,0
117.472,4.431604,0,43,12,3650,542.7248776,1,0,0,0,1,0,0,0,1,1,0
240.1149,8.377189,1,83,10,40005,1133.808688,0,1,1,0,1,0,0,0,0,1,1
174.9882,21.09953,0,72,15,6608,2540.062525,1,1,0,1,1,1,0,1,0,0,1
217.484,1.989684,1,38,11,9679,714.7114049,1,0,1,0,1,1,1,1,0,0,1
184.9797,17.55759,3,76,14,19039,2258.203171,0,0,0,1,1,0,0,1,1,0,1
169.9741,10.55294,1,79,11,10450,1119.402193,0,0,1,0,1,1,1,0,0,0,0
129.9763,8.436679,4,38,12,19649,1214.354546,0,0,0,0,1,1,1,0,0,1,0
147.4421,15.2198,1,51,11,46589,1429.845787,1,1,1,0,1,0,0,0,0,0,1
149.9598,9.436909,4,68,14,17879,1150.114958,1,1,1,0,0,1,0,0,0,0,1
192.4705,13.50244,3,65,7,2277,1544.180199,1,0,1,0,1,0,0,1,0,0,1
152.4579,1.717359,2,77,10,1141,944.8425929,1,0,0,1,1,0,1,1,0,1,0
182.4653,2.199825,0,39,10,7362,518.7305953,1,0,1,0,1,1,0,0,0,0,1
159.9656,1.387769,0,73,13,77,617.6429974,1,0,0,1,1,0,1,0,1,0,0
220.1615,10.39542,4,51,11,6282,1581.59431,1,1,0,0,1,0,0,1,0,1,1
182.49,9.026366,3,78,12,337,1146.502548,1,0,0,0,1,0,1,1,0,0,1
105.011,1.500082,0,66,14,692,155.5067148,1,0,0,0,1,0,0,1,1,0,0
232.6415,4.243723,3,38,14,7186,1021.747631,0,0,1,0,1,0,0,1,1,1,1
104.9629,1.736879,1,47,12,25792,374.332233,0,0,0,0,1,0,0,0,0,1,0
194.9663,9.328119,1,59,10,40,1667.732624,0,0,0,1,1,0,1,1,0,0,1
165.0113,17.98715,2,20,12,87,2047.681612,0,0,0,0,1,1,1,1,1,0,1
174.9755,25.68869,5,38,16,44249,2790.931185,0,1,1,0,1,1,1,1,0,1,0
169.9378,16.21818,2,81,9,1442,1620.352713,1,1,1,0,0,0,1,0,0,0,1
172.4733,9.499599,1,43,14,3881,1193.771492,1,0,0,0,1,0,1,0,1,1,0
207.4811,1.13143,1,37,11,16649,730.8534585,0,1,1,0,1,1,1,1,0,1,0
182.49,6.472433,3,30,11,47974,1176.899402,1,0,0,0,1,0,1,1,0,0,1
162.4653,3.155929,0,19,13,1656,1076.138741,1,0,0,1,1,1,0,0,0,0,1
124.9643,11.88503,0,82,16,1538,868.8224639,1,0,1,0,1,0,0,0,1,0,0
172.4871,4.448953,2,31,16,3141,977.9373731,0,1,0,0,1,0,1,1,0,1,0
159.965,8.962034,4,30,9,5931,1245.735579,1,0,1,0,1,0,0,1,0,0,1
245.1612,1.796113,5,37,12,3256,1042.042108,1,0,0,0,0,1,1,0,1,1,1
194.9744,2.972634,0,84,14,18213,438.8374341,1,0,1,0,1,1,0,0,1,0,1
255.1336,10.22422,2,64,12,1980,2017.913692,0,0,0,1,1,0,1,1,0,1,1
117.4872,7.650642,0,53,9,1488,1197.872957,0,1,0,1,1,0,0,1,1,0,0
265.1283,2.945436,0,54,12,1319,922.2317794,1,0,1,0,1,1,1,0,0,1,1
127.5067,5.294527,2,35,12,4918,723.6126048,0,1,0,0,1,0,1,1,1,0,0
137.4684,6.128314,2,25,13,10692,909.0225293,1,1,0,0,1,0,0,0,0,1,0
139.9678,4.213099,5,49,10,266,839.1770355,1,0,0,0,0,0,1,0,1,1,0
192.4885,11.16116,1,55,10,12404,1262.191241,1,0,1,0,1,0,1,1,1,0,0
199.9902,23.22012,3,64,9,152,2884.562817,0,0,0,1,1,1,1,1,1,1,0
147.4421,13.81356,5,76,15,10821,1438.080654,0,0,1,0,1,0,0,0,0,0,1
104.9629,7.923777,1,84,7,190,807.0176026,1,0,0,0,1,0,0,0,0,1,0
210.127,1.992273,4,63,12,41454,818.8755109,1,0,1,0,0,1,0,0,0,1,1
207.6094,14.60084,3,51,11,40828,1738.296024,1,0,1,0,1,0,0,0,0,1,1
232.6228,6.512117,1,74,13,7885,1107.738951,0,0,1,0,1,1,1,0,0,1,1
197.4945,16.15139,1,76,8,4004,1696.96925,0,0,1,0,0,1,0,1,1,1,0
127.475,8.257765,2,72,10,200,825.6485531,0,0,0,0,1,0,0,0,1,0,1
127.4421,7.193929,1,81,14,1406,1087.358783,0,1,0,1,1,0,0,0,0,0,1
252.6378,8.527084,0,60,13,23029,1322.914498,0,0,1,0,1,0,0,1,0,1,1
152.466,11.84082,1,24,12,16350,1318.102379,0,0,1,0,1,1,0,0,1,1,0
232.6415,3.660516,3,45,16,117,998.0643375,1,0,1,0,0,0,0,1,1,1,1
132.466,12.22942,1,64,11,3519,1718.405985,1,0,0,1,1,1,0,0,1,1,0
204.9634,16.57284,2,72,9,141,1836.91871,0,1,1,0,1,0,1,1,0,1,0
210.1518,15.80736,4,28,11,17923,2083.424243,0,1,0,0,1,0,1,1,0,1,1
230.1051,8.295192,1,27,10,3988,1332.732935,0,0,1,0,1,0,1,0,0,1,1
267.6647,11.38275,0,60,13,1419,1636.428296,1,0,1,0,1,1,0,1,1,1,1
222.65,6.780515,1,77,12,748,1158.10468,1,1,1,0,1,1,0,1,0,1,1
169.9447,8.27839,4,18,12,182,1169.714886,0,0,1,0,1,0,0,0,0,1,0
242.6143,9.151288,1,53,11,49019,1369.012136,1,0,1,0,1,0,1,0,1,1,1
172.4624,1.835564,0,81,8,4634,387.3140839,1,1,1,0,1,1,0,0,0,1,0
162.4653,10.44767,2,21,17,1831,1810.906541,1,0,0,1,1,1,0,0,0,0,1
149.9447,8.612474,0,37,11,672,1425.150573,1,0,0,1,1,0,0,0,0,1,0
149.9915,3.122125,1,21,12,4993,631.6069096,1,1,1,0,1,1,1,1,0,0,0
172.4705,10.49269,0,45,11,3275,1601.994832,1,1,0,1,1,0,0,1,0,0,1
204.9797,5.679237,1,50,10,674,895.0975786,0,1,1,0,1,0,0,1,1,0,1
157.4698,1.050155,0,30,10,7900,223.4765826,0,1,1,0,1,0,0,0,1,0,0
157.4698,10.68972,6,48,9,4134,1221.300132,1,0,1,0,1,0,0,0,1,0,0
217.4725,2.210399,3,61,10,4709,731.2638925,1,0,1,0,1,0,1,1,1,1,0
207.6386,18.2103,1,33,14,5831,2150.497966,0,0,0,0,1,0,0,0,0,1,1
147.4564,13.09427,4,87,10,52454,1732.048832,1,0,0,1,1,0,1,0,0,0,0
149.9915,1.201025,4,29,15,1554,540.3210772,1,0,1,0,1,1,1,1,0,0,0
179.9476,6.246939,1,34,14,13,904.6029537,1,0,1,0,1,0,0,0,0,0,1
192.4567,4.600047,1,47,13,10218,649.075085,1,0,1,0,1,0,0,0,1,0,1
172.4579,9.30555,1,52,15,4807,1204.289565,0,0,1,0,1,0,1,1,0,1,0
232.652,18.55263,0,46,19,3895,2274.334534,1,0,0,0,1,1,1,0,0,1,1
119.9568,13.12228,2,82,6,563,1711.957507,0,1,0,1,1,1,0,0,0,1,0
92.45514,10.51089,3,73,11,12453,1287.261282,1,0,0,1,0,0,0,0,0,0,0
197.4702,12.81579,1,75,12,1478,1813.141473,1,1,0,1,1,1,1,0,1,0,1
169.9741,11.16354,3,50,11,16882,1326.083123,0,1,1,0,1,1,1,0,0,0,0
164.9853,12.01983,4,22,18,398,2037.009094,0,0,0,1,1,1,0,1,0,1,0
169.9378,6.021823,0,74,19,1702,663.9805561,0,1,1,0,1,0,1,0,0,0,1
172.4567,23.99384,1,83,15,151,2615.909854,0,1,0,1,1,0,0,0,1,0,1
182.4433,8.100668,2,33,8,1131,1598.041286,0,1,0,1,1,0,1,0,0,0,1
127.4783,18.47356,0,87,14,8112,2030.890872,1,0,0,1,1,1,0,0,0,0,0
120.0035,14.62117,0,36,9,973,1595.672481,0,0,0,0,1,1,0,1,0,1,0
137.4684,12.95415,1,32,11,2739,1461.63528,1,1,0,0,1,0,0,0,0,1,0
124.9935,3.588245,1,33,8,803,452.390983,0,0,0,0,1,0,0,0,1,0,0
184.967,14.36866,4,89,18,4906,1594.517874,0,1,1,0,1,0,1,1,1,1,0
139.983,6.30655,3,86,10,2119,1165.890091,1,0,0,1,1,0,1,1,1,0,0
210.138,18.94429,2,88,12,114,2087.462333,0,0,0,0,1,0,1,0,1,1,1
172.4579,3.474901,1,50,17,149,733.0960018,1,0,1,0,1,0,1,1,0,1,0
227.4754,3.341126,0,47,15,28596,694.2731917,0,0,1,0,1,0,1,1,1,0,1
132.466,4.761845,10,78,12,1193,1290.636519,1,1,0,1,1,1,0,0,1,1,0
127.4601,20.22924,1,59,12,497,2166.207365,1,0,0,1,1,0,1,0,1,0,0
102.4746,6.487048,1,49,9,916,655.1704765,1,0,0,0,1,0,1,0,0,0,0
139.9979,20.32585,3,79,11,942,1989.74777,0,0,0,0,1,0,0,1,1,0,1
152.4441,12.24637,2,56,17,9111,1795.595369,1,0,0,1,1,0,1,0,1,1,0
267.6647,14.63647,8,27,16,610,2210.449566,0,0,1,0,1,1,0,1,1,1,1
172.4555,4.833414,2,83,5,6818,673.8697136,0,0,1,0,1,1,1,0,0,0,1
159.9875,5.705638,3,82,7,359,602.0049206,0,0,1,0,1,1,0,0,1,0,0
182.447,12.55315,0,52,15,22201,1357.88248,1,1,1,0,1,0,1,0,1,0,1
130.0064,1.059865,1,66,9,1345,380.7812664,1,1,0,0,1,1,0,1,0,0,1
172.4885,13.47613,3,82,7,131,1838.415776,1,0,0,1,1,0,1,1,1,0,0
139.9678,9.887746,0,83,8,183,991.6943982,0,0,0,0,1,0,1,0,1,1,0
149.9741,6.853152,0,19,15,7,1313.391104,1,0,0,1,1,1,1,0,0,0,0
265.147,2.213342,4,34,14,648,1018.286618,0,1,1,0,1,0,0,1,1,1,1
117.4392,5.954975,2,76,12,34305,1069.152457,0,0,0,1,0,0,0,0,0,1,0
127.4887,8.316193,0,50,10,198,921.8193418,0,0,0,0,1,0,0,1,0,0,1
242.6281,8.081086,0,36,13,7415,1387.096942,0,1,1,0,1,0,1,1,0,1,1
202.6362,5.000016,0,26,12,302,1481.311788,1,1,0,1,1,1,0,0,1,1,1
200.1185,3.469341,4,20,12,1871,1376.444987,1,0,0,1,1,0,0,0,1,1,1
210.127,7.874579,2,56,6,10911,1215.186143,0,0,1,0,0,1,0,0,0,1,1
124.9781,11.70115,3,50,21,33960,1131.849487,0,0,1,0,1,0,0,1,0,0,0
149.9928,3.890319,2,37,14,393,993.4525617,0,0,0,1,0,0,0,1,1,0,0
124.9935,14.7867,2,57,12,11342,1404.351494,0,1,0,0,1,0,0,0,1,0,0
119.9897,11.71559,0,34,12,217,1283.330518,0,0,0,0,0,1,0,0,1,1,0
265.1283,4.995373,1,34,15,21572,1186.556596,0,1,1,0,1,1,1,0,0,1,1
214.9525,11.56278,0,34,17,14318,1325.414246,1,0,1,0,1,0,1,0,1,0,1
162.4689,18.7404,2,40,9,24780,1864.692477,1,0,1,0,1,1,0,0,1,0,1
147.5031,8.479465,2,52,15,14687,1078.756333,0,0,0,0,1,0,1,1,0,0,0
150.0208,13.03957,2,60,10,4350,1501.37548,0,0,0,0,1,1,1,1,0,0,0
174.991,4.99913,3,48,12,937,945.3922235,0,1,0,0,1,1,1,0,1,1,0
172.4733,2.108436,3,27,10,302,702.1831409,1,1,0,0,1,0,1,0,1,1,0
149.9778,4.848049,0,83,9,145,458.1425479,1,0,1,0,1,1,1,0,1,0,0
137.4872,14.06379,1,74,10,77,1271.791514,1,0,1,0,1,0,0,1,1,0,0
220.1615,12.67943,2,28,8,3739,1829.634417,1,0,0,0,1,0,0,1,0,1,1
184.9797,11.2075,8,50,11,338,1977.058574,1,0,0,1,1,0,0,1,1,0,1
230.1051,7.837878,2,80,16,3620,1152.27854,0,0,1,0,1,0,1,0,0,1,1
222.65,4.845811,0,50,11,25607,1057.31768,1,1,1,0,1,1,0,1,0,1,1
149.989,3.852241,5,81,16,4406,670.3465702,1,1,0,0,1,1,0,0,0,0,1
192.4404,11.55831,3,21,5,5264,1538.887965,1,1,1,0,1,0,1,0,0,1,0
142.4526,5.389466,4,55,18,24,1322.429941,1,0,0,1,1,1,1,0,0,1,0
152.466,10.93329,0,64,12,3417,1167.924948,0,0,1,0,1,1,0,0,1,1,0
255.1555,8.259716,1,68,13,46545,1380.765825,0,0,1,0,1,1,0,1,0,1,1
172.4555,3.157767,0,47,14,8488,675.3184526,0,0,1,0,1,1,1,0,0,0,1
159.9805,2.185047,2,50,12,15521,472.1439723,1,0,0,0,1,0,0,0,1,0,1
117.472,10.75614,0,85,14,2007,962.301603,0,0,0,0,1,0,0,0,1,1,0
172.4441,14.37481,4,49,13,3525,1593.966861,0,1,1,0,1,0,1,0,1,1,0
230.1051,5.447689,0,83,13,8225,885.0263451,1,0,1,0,1,0,1,0,0,1,1
184.9853,12.29962,2,87,14,11371,1418.813901,1,1,1,0,1,1,0,1,0,1,0
124.9781,12.57563,4,65,7,1132,1185.107111,1,0,1,0,1,0,0,1,0,0,0
152.4884,7.606099,4,76,14,9982,1072.186545,0,0,0,0,0,1,1,0,1,0,1
190.1599,6.79324,3,56,15,1788,1161.691491,0,0,0,0,1,1,0,0,1,1,1
164.967,4.753084,2,60,11,1268,1206.589518,0,1,0,1,1,0,1,1,1,1,0
174.9768,21.0878,1,45,8,1955,2588.430434,1,0,0,1,1,0,0,1,1,1,0
232.6228,15.33274,0,18,8,3867,1983.300598,1,0,1,0,1,1,1,0,0,1,1
169.9447,11.47008,2,32,13,1061,1323.764927,0,0,1,0,1,0,0,0,0,1,0
112.4551,3.631024,0,23,15,4212,463.9097938,1,0,1,0,1,0,0,0,0,0,0
220.1185,27.0293,3,55,13,2159,2794.920011,0,0,1,0,0,0,0,0,1,1,1
220.1149,13.21554,2,20,11,2467,2181.086069,0,0,0,1,1,0,0,0,0,1,1
152.4742,15.97096,0,67,8,19,1993.401196,1,1,0,1,1,0,0,1,1,0,1
157.4698,8.0239,3,61,10,2983,867.8924387,1,0,1,0,1,0,0,0,1,0,0
225.132,5.448172,3,76,15,194,1540.445045,1,1,0,1,1,1,1,0,1,1,1
164.9889,8.306218,3,84,9,568,1064.595704,0,0,1,0,1,1,0,1,1,1,0
207.6386,3.600682,1,24,16,6022,935.8715835,0,1,0,0,1,0,0,0,0,1,1
222.6654,4.459993,2,55,14,823,1014.955092,0,0,0,0,1,1,0,0,1,1,1
159.9794,11.40421,2,66,5,31758,1603.711289,1,1,0,1,1,0,1,1,0,0,0
169.9671,12.86853,4,25,15,767,1580.727843,0,1,0,0,1,0,1,0,0,0,1
204.9496,9.546909,1,37,6,5622,1264.373724,0,0,1,0,1,0,1,0,1,1,0
245.1612,4.424083,3,65,16,22127,1151.054935,0,1,0,0,1,1,1,0,1,1,1
169.9447,1.462471,3,73,12,154,447.1773574,1,1,1,0,1,0,0,0,0,1,0
182.49,9.952476,3,79,10,22425,1301.393401,1,0,0,0,0,0,1,1,0,0,1
212.6228,1.133367,0,34,11,1811,1227.924743,1,1,0,1,1,1,1,0,0,1,1
137.4836,14.40435,7,45,12,133,2060.606368,1,0,0,1,0,0,0,1,0,0,0
204.9797,4.300397,1,34,14,14386,752.2906635,1,1,1,0,1,0,0,1,1,0,1
262.6106,8.36006,3,39,12,2012,1432.224687,0,0,1,0,1,0,1,0,0,1,1
129.9598,9.693608,4,36,12,730,1607.273001,1,0,0,1,1,1,0,0,0,0,1
162.4538,8.24734,7,21,9,589,1667.506374,0,0,0,1,1,0,0,0,1,1,0
152.4555,10.8754,4,49,7,1286,1837.760704,1,0,0,1,1,1,1,0,0,0,1
192.4885,6.067975,3,86,14,190,722.5123131,1,0,1,0,1,0,1,1,1,0,0
139.9568,5.602813,0,55,8,5622,756.3419475,0,0,1,0,1,1,0,0,0,1,0
194.9992,9.938487,2,64,9,925,1240.679237,1,0,0,0,1,0,1,1,1,0,1
139.9512,13.96391,1,76,12,1430,1745.07852,0,0,0,1,1,0,0,0,1,0,1
210.138,9.841833,1,84,8,51667,1276.902314,1,0,0,0,1,0,1,0,1,1,1
95.01949,5.129029,1,18,16,28,794.1801028,0,0,0,0,1,1,0,1,0,0,0
149.9447,3.612294,4,34,13,41149,1195.475034,1,0,0,1,1,0,0,0,0,1,0
159.9349,9.430096,3,30,14,647,1215.994181,0,0,1,0,1,0,1,0,0,1,0
192.4567,6.699323,4,39,15,20501,939.6683701,0,1,1,0,1,0,0,0,1,0,1
127.4887,6.895966,7,62,15,24634,1063.884067,0,0,0,0,1,0,0,1,0,0,1
255.1336,16.56847,1,43,13,1539,2528.759994,1,0,0,1,0,0,1,1,0,1,1
92.45514,16.71459,0,55,11,487,1844.526573,1,0,0,1,1,0,0,0,0,0,0
179.9476,16.48485,8,36,10,7617,1952.410832,0,0,1,0,1,0,0,0,0,0,1
147.4564,2.458795,4,21,13,956,1076.991137,1,0,0,1,1,0,1,0,0,0,0
169.9447,6.6307,0,77,12,78,765.1823242,0,1,1,0,1,0,0,0,0,1,0
149.9776,11.52687,8,52,16,12327,1498.93018,1,0,0,0,1,0,0,0,1,1,0
137.4836,2.984004,4,27,8,390,1091.509603,0,1,0,1,1,0,0,1,0,0,0
237.6549,4.646695,4,41,8,9236,1658.402714,1,0,0,1,1,1,1,1,1,1,1
137.4872,22.24529,1,55,11,3739,2004.460047,1,0,1,0,0,0,0,1,1,0,0
107.5286,14.89363,4,70,8,11173,1520.458929,0,1,0,0,1,1,0,1,1,0,0
137.4686,6.140643,3,25,12,2090,924.5326675,1,1,1,0,1,1,1,0,0,0,0
137.4872,19.6274,1,40,16,15517,1756.84915,1,0,1,0,1,0,0,1,1,0,0
127.4887,13.49323,1,41,13,16845,1406.307337,1,0,0,0,1,0,0,1,0,0,1
114.9658,12.69289,2,32,5,1117,1398.161322,1,0,0,0,1,0,0,0,0,0,1
222.6362,18.58829,2,27,11,3769,2192.448535,0,0,1,0,1,1,0,0,1,1,1
187.656,14.34935,2,72,11,13,1750.253059,0,0,0,0,1,0,0,1,0,1,1
174.9768,7.881289,0,83,10,221,1303.89059,0,0,0,1,1,0,0,1,1,1,0
235.1417,4.63962,1,61,14,11118,1439.765003,1,0,0,1,1,1,0,0,1,1,1
184.9647,10.76391,2,33,16,2103,1410.343155,1,0,1,0,1,1,1,0,1,0,1
147.4421,12.47148,1,82,12,499,1103.016586,0,0,1,0,1,0,0,0,0,0,1
174.9755,8.387102,4,42,9,4242,1282.323667,0,1,1,0,1,1,1,1,0,1,0
214.9663,12.89076,0,49,9,6297,1548.154792,1,0,1,0,1,0,1,1,0,0,1
147.4564,6.726078,1,33,12,10977,1212.659466,1,1,0,1,0,0,1,0,0,0,0
95.01949,14.72164,1,21,11,3671,1488.056133,0,1,0,0,1,1,0,1,0,0,0
227.4754,6.915354,5,48,13,1420,1137.782472,0,0,1,0,1,0,1,1,1,0,1
169.9671,12.23126,3,82,9,20375,1393.130581,1,1,0,0,1,0,1,0,0,0,1
152.4798,11.26136,2,72,16,39,1263.915496,0,0,1,0,1,1,0,1,0,1,0
252.6378,9.448434,0,18,13,4787,1489.056859,1,0,1,0,1,0,0,1,0,1,1
182.4608,21.25517,4,38,10,2153,2320.769374,0,0,1,0,1,0,1,1,0,0,1
219.9902,7.467093,4,65,11,38753,1254.859385,0,0,1,0,1,1,1,1,1,1,0
107.482,5.669803,3,32,13,745,1104.543998,0,0,0,1,1,1,0,0,1,0,0
139.9816,13.09678,3,46,10,5025,1596.175795,0,0,0,0,0,0,1,1,0,1,0
149.9483,6.224413,2,51,5,34941,764.0244287,1,0,1,0,1,0,0,0,1,1,0
127.4586,16.25655,4,70,9,5642,1722.032536,0,1,0,0,1,0,1,0,0,1,0
220.1185,10.74959,3,45,12,2919,1493.782205,1,1,1,0,1,0,0,0,1,1,1
217.4725,16.42222,1,22,13,1692,1962.047024,0,1,1,0,1,0,1,1,1,1,0
195.0062,5.585075,1,64,13,694,768.7084381,0,1,1,0,1,1,1,1,1,0,0
159.9349,3.583025,5,54,15,62131,719.7798137,0,0,1,0,1,0,1,0,0,1,0
230.1051,10.48284,1,89,13,1051,1308.7086,1,0,1,0,1,0,1,0,0,1,1
92.45514,2.457741,3,73,15,303,709.6900125,0,0,0,1,1,0,0,0,0,0,0
164.9647,5.006746,0,29,13,9627,1221.36675,1,0,0,1,1,1,1,0,1,0,1
199.9902,17.53363,0,20,17,366,2517.584249,0,0,0,1,1,1,1,1,1,1,0
245.175,11.9781,0,67,12,97,1704.872057,1,0,0,0,1,1,1,1,0,1,1
127.4958,21.06329,1,44,9,16665,1932.26875,1,0,1,0,1,1,0,1,0,0,0
182.4538,9.453234,0,24,12,140,1174.54568,0,0,1,0,1,0,0,0,1,1,0
194.9699,3.109148,1,88,11,1075,581.9611419,1,0,1,0,1,0,1,1,1,0,1
167.4564,16.93921,9,80,13,2101,1810.474782,1,0,1,0,1,0,1,0,0,0,0
174.9581,10.16511,4,44,9,3052,1821.752133,0,0,0,1,0,1,1,0,0,1,0
127.4601,2.598272,3,18,8,4821,917.5571323,0,0,0,1,0,0,1,0,1,0,0
147.4564,1.717806,0,30,10,2778,863.6296514,0,0,0,1,1,0,1,0,0,0,0
177.4876,2.224742,1,78,15,14673,948.6927365,1,0,0,1,1,1,1,1,1,0,1
204.9797,10.7668,8,60,12,141,1412.381474,1,0,1,0,1,0,0,1,1,0,1
219.9902,4.847252,0,56,8,1012,946.5642973,0,0,1,0,1,1,1,1,1,1,0
124.9607,11.16076,4,31,19,7354,1663.235204,0,0,0,1,0,0,0,0,0,0,0
194.9663,1.200249,1,77,9,3492,860.4509841,1,0,0,1,0,0,1,1,0,0,1
204.9634,21.53238,2,30,12,46327,2380.995294,1,0,1,0,1,0,1,1,0,1,0
152.5022,5.656086,2,73,14,11595,859.2099751,1,0,0,0,1,1,1,1,0,0,1
194.9744,8.840599,3,49,14,332,1209.038145,1,1,1,0,1,1,0,0,1,0,1
157.4836,22.38582,4,63,20,1843,2149.727449,0,0,1,0,1,0,0,1,0,0,0
245.147,9.417302,3,74,15,34381,1860.127661,1,0,0,1,1,0,0,1,1,1,1
117.4835,4.278907,4,39,11,55,822.5599233,1,1,0,0,1,1,0,0,0,0,1
174.9755,4.799511,2,83,13,1547,792.3707277,0,0,1,0,1,1,1,1,0,1,0
149.9621,32.97693,1,42,13,2667,3035.613983,1,0,1,0,1,0,0,1,0,1,0
212.6415,12.05316,0,85,7,19713,1875.734695,1,0,0,1,1,0,0,1,1,1,1
159.965,3.294082,1,39,9,3766,577.1681107,0,1,1,0,1,0,0,1,0,0,1
114.9728,7.129721,3,27,15,39344,905.0282527,0,1,1,0,1,1,0,0,0,0,0
192.4705,15.23335,4,29,13,226,1752.536989,0,0,1,0,1,0,0,1,0,0,1
147.4893,4.273105,1,35,10,19649,678.2257258,1,0,0,0,1,0,1,0,1,0,0
162.4608,13.19046,1,35,16,8103,1908.654798,1,1,0,1,1,0,1,1,0,0,1
159.983,10.91353,1,32,8,64,1163.07255,0,1,1,0,1,0,1,1,1,0,0
222.6143,10.3362,1,70,9,3817,1776.804483,0,1,0,1,1,0,1,0,1,1,1
184.9797,12.24574,3,76,12,135,1822.961538,0,0,0,1,1,0,0,1,1,0,1
169.9378,13.62126,3,32,12,262,1599.005155,0,1,1,0,1,0,1,0,0,0,1
152.4742,12.73029,1,58,10,708,1705.874036,0,0,0,1,1,0,0,1,1,0,1
245.1457,8.681614,1,34,13,1253,1501.794265,1,0,1,0,1,1,1,1,0,1,1
147.4783,15.38202,1,56,9,8601,1414.219141,0,0,1,0,1,1,0,0,0,0,0
149.9707,7.513611,0,72,9,267,797.0949032,1,0,0,0,0,0,1,0,1,0,1
242.6143,11.05993,3,59,12,8261,1567.299499,1,0,1,0,1,0,1,0,1,1,1
194.9744,6.611955,3,87,5,71763,901.8396595,1,1,1,0,1,1,0,0,1,0,1
197.4876,9.040057,2,25,12,1176,1380.469032,0,0,1,0,1,1,1,1,1,0,1
125.0073,25.11299,2,74,10,40041,2275.551071,1,0,0,0,1,0,0,1,0,0,0
162.497,16.12811,2,44,11,17042,2138.11032,0,1,0,1,1,1,1,1,0,0,0
129.9778,7.845114,4,63,11,84,1305.921354,0,0,0,1,1,1,1,0,1,0,0
124.9781,7.773669,0,23,8,6274,888.4950848,0,1,1,0,1,0,0,1,0,0,0
182.497,10.92196,0,63,15,27649,1256.45775,0,0,1,0,1,1,1,1,0,0,0
184.9963,8.259385,0,22,7,56446,1262.417547,1,0,0,0,1,0,1,1,1,1,0
117.4686,10.41798,4,44,11,26238,1574.707587,0,0,0,1,1,1,1,0,0,0,0
107.4806,9.561875,2,51,13,2387,1108.368947,1,0,0,0,1,1,0,0,0,1,0
172.5104,5.464488,4,47,16,2049,812.928535,1,0,1,0,1,1,0,1,1,0,0
149.9776,5.966695,6,62,9,21038,901.932094,1,0,0,0,1,0,0,0,1,1,0
169.9378,4.899911,1,27,14,22254,756.9340947,0,1,1,0,1,0,1,0,0,0,1
127.4601,11.16749,7,46,13,450,1651.037252,0,0,0,1,1,0,1,0,1,0,0
210.1051,13.16571,2,79,9,5038,2052.656051,0,0,0,1,1,0,1,0,0,1,1
182.4608,6.249599,4,31,7,322,1114.196033,0,0,1,0,1,0,1,1,0,0,1
152.5104,4.367739,0,74,12,136,924.895642,0,0,0,1,1,1,0,1,1,0,0
92.5018,12.78697,2,18,16,298,1294.950837,1,1,0,0,1,0,0,1,0,0,0
139.9512,6.842584,3,55,7,378,1209.707399,1,1,0,1,1,0,0,0,1,0,1
162.4608,1.450219,3,75,12,6610,877.1087708,1,1,0,1,1,0,1,1,0,0,1
137.5165,10.29318,3,40,9,949,1207.830056,0,1,0,0,1,0,0,1,1,0,0
149.9483,3.326476,0,53,11,11557,505.5009987,1,0,1,0,1,0,0,0,1,1,0
104.9781,13.8101,1,56,8,19390,1636.905029,0,1,0,1,1,0,0,1,0,0,0
124.9607,6.039499,1,22,9,1126,1180.763502,0,1,0,1,1,0,0,0,0,0,0
147.4893,10.11079,2,89,5,3230,1010.291341,1,0,0,0,1,0,1,0,1,0,0
172.4742,11.17999,1,57,6,8882,1168.630192,1,1,1,0,1,0,0,1,1,0,1
124.9781,8.509962,1,38,15,335,848.1445109,0,0,1,0,1,0,0,1,0,0,0
137.4836,1.602966,0,46,12,41861,792.9175185,0,0,0,1,1,0,0,1,0,0,0
182.4676,2.117403,9,38,11,8412,885.4473166,1,0,1,0,0,0,0,1,0,1,0
245.147,2.251237,3,24,13,155,1389.833754,1,1,0,1,1,0,0,1,1,1,1
230.1344,2.089917,4,54,7,6826,900.0678019,1,1,0,0,1,0,1,0,0,1,1
232.6415,10.94284,0,69,14,28287,1423.721197,1,0,1,0,1,0,0,1,1,1,1
207.6094,15.39419,7,70,10,4846,1911.199623,1,0,1,0,1,0,0,0,0,1,1
137.4836,17.25514,0,79,18,32388,1967.228079,0,1,0,1,1,0,0,1,0,0,0
127.4887,9.349103,2,44,14,300,1087.694968,1,1,0,0,1,0,0,1,0,0,1
265.147,15.04337,0,63,11,809,1851.332322,1,0,1,0,1,0,0,1,1,1,1
112.4551,7.066142,1,84,12,644,576.1637573,0,0,1,0,1,0,0,0,0,0,0
164.9889,4.327078,5,76,12,37035,779.2981636,1,0,1,0,1,1,0,1,1,1,0
174.9755,9.25677,4,67,8,3370,1318.670361,0,0,1,0,1,1,1,1,0,1,0
162.4538,5.526815,1,29,19,244,1233.655272,1,0,0,1,1,0,0,0,1,1,0
265.1283,2.080255,1,84,16,27428,830.8201063,0,0,1,0,1,1,1,0,0,1,1
162.4653,13.44855,1,26,11,9869,1927.327764,0,0,0,1,1,1,0,0,0,0,1
159.9794,2.847117,1,29,8,6457,1075.372195,0,0,0,1,1,0,1,1,0,0,0
220.1149,10.72393,1,38,12,20935,1934.182617,0,0,0,1,0,0,0,0,0,1,1
152.4624,2.1782,1,20,11,278,1059.664803,0,1,0,1,1,1,0,0,0,1,0
162.4818,10.24306,1,31,14,121,1364.913066,0,0,0,0,1,1,1,0,0,1,0
139.983,11.65333,2,46,13,41523,1622.06829,1,1,0,1,1,0,1,1,1,0,0
235.1372,3.000251,2,59,12,3108,1374.762505,0,1,0,1,1,0,1,1,1,1,1
162.5005,7.916586,7,25,8,257,1259.881706,0,1,0,0,1,0,0,1,1,1,0
174.9919,2.258878,3,27,6,50869,755.0711809,1,0,1,0,1,1,0,1,1,0,1
225.1786,5.519258,1,77,12,6002,1153.07333,0,0,0,0,1,1,1,1,1,1,1
164.9853,5.944147,3,46,13,9583,1429.709066,0,0,0,1,1,1,0,1,0,1,0
245.1457,1.868309,0,31,12,4827,922.5780039,1,0,1,0,0,1,1,1,0,1,1
255.1198,13.46637,0,80,12,7511,2088.717973,1,0,0,1,1,0,1,0,1,1,1
149.9915,22.54598,4,85,7,1771,2105.676837,0,1,1,0,1,1,1,1,0,0,0
169.9378,5.787415,4,72,9,3803,856.755649,0,0,1,0,1,0,1,0,0,0,1
169.9928,1.125218,1,25,13,1131,444.2368102,1,0,1,0,1,0,0,1,1,0,0
149.9845,6.548905,4,82,15,1418,889.2239784,0,0,0,0,1,0,1,1,0,0,1
117.4686,1.799293,3,89,14,18090,690.1873853,1,1,0,1,0,1,1,0,0,0,0
182.4653,7.012788,0,65,9,832,910.135775,1,0,1,0,1,1,0,0,0,0,1
255.1336,9.539097,1,39,14,63,1965.90329,0,0,0,1,1,0,1,1,0,1,1
192.4567,8.58684,4,71,13,2680,1071.697033,1,0,1,0,1,0,0,0,1,0,1
174.9882,7.179432,0,68,10,1493,1330.308571,1,1,0,1,1,1,0,1,0,0,1
210.1518,6.971589,3,70,15,8008,1277.067543,1,0,0,0,1,0,1,1,0,1,1
114.9658,14.26274,1,75,13,615,1355.025651,0,1,0,0,1,0,0,0,0,0,1
182.4653,21.73641,7,28,14,54190,2371.07361,1,0,1,0,1,1,0,0,0,0,1
124.9607,5.867453,0,60,12,4996,929.0075954,0,0,0,1,1,0,0,0,0,0,0
137.4684,17.32489,3,28,14,94,1847.394712,0,0,0,0,1,0,0,0,0,1,0
149.9621,2.80856,0,26,18,341,585.3561113,0,1,1,0,1,0,0,1,0,1,0
104.9781,13.90887,0,18,13,24022,1738.801627,1,1,0,1,1,0,0,1,0,0,0
222.6362,19.77964,7,69,14,1148,2353.339235,0,1,1,0,0,1,0,0,1,1,1
262.6106,7.342789,0,64,9,910,1221.605576,1,0,1,0,1,0,1,0,0,1,1
149.9598,1.813125,4,53,14,37067,492.3321314,0,0,1,0,1,1,0,0,0,0,1
200.1323,20.95648,4,82,14,2245,2733.904187,0,0,0,1,1,0,0,1,0,1,1
132.466,18.47081,3,22,13,52078,2382.03067,0,1,0,1,1,1,0,0,1,1,0
159.9512,1.571176,3,39,11,6366,499.02956,1,0,1,0,1,0,0,0,1,0,1
187.656,17.2501,3,67,9,2962,2035.111954,0,1,0,0,1,0,0,1,0,1,1
162.4526,8.74736,1,19,15,38835,1209.751161,1,1,1,0,1,1,1,0,0,1,0
182.4433,13.36539,3,36,11,104,1968.083882,1,1,0,1,1,0,1,0,0,0,1
184.9647,7.311512,2,89,20,801,943.8571029,0,0,1,0,1,1,1,0,1,0,1
275.1336,13.98482,8,80,13,629,2044.80443,1,1,1,0,1,0,1,1,0,1,1
232.6378,18.24928,0,51,13,2301,2515.478194,0,0,0,1,1,0,0,1,0,1,1
159.9349,3.101413,4,32,15,318,721.66293,1,1,1,0,1,0,1,0,0,1,0
172.4441,6.150351,4,65,20,336,867.6145354,1,0,1,0,1,0,1,0,1,1,0
127.4783,5.97747,0,35,9,100,1177.477272,1,0,0,1,1,1,0,0,0,0,0
222.6143,14.83659,1,36,10,18856,2304.085004,0,0,0,1,1,0,1,0,1,1,1
252.6378,7.72199,3,54,14,9924,1282.858382,0,1,1,0,1,0,0,1,0,1,1
217.4725,2.10678,2,78,13,594,589.198137,0,0,1,0,1,0,1,1,1,1,0
210.127,3.518534,7,82,13,40543,973.9939163,1,0,1,0,1,1,0,0,0,1,1
172.5104,3.172425,0,61,10,7390,456.0822503,1,0,1,0,1,1,0,1,1,0,0
212.6415,2.266934,2,61,14,6289,1214.128652,1,0,0,1,1,0,0,1,1,1,1
117.4858,8.794478,8,83,15,226,1182.278269,0,0,0,0,0,0,0,1,0,1,0
187.656,7.5636,2,61,15,3263,1183.25467,1,1,0,0,1,0,0,1,0,1,1
267.6427,12.00194,0,73,8,29599,1990.707874,1,0,0,1,1,0,1,1,1,1,1
137.4684,15.64015,0,33,14,222,1600.603183,1,0,0,0,1,0,0,0,0,1,0
137.4836,2.431373,0,49,12,610,768.6735365,0,0,0,1,0,0,0,1,0,0,0
172.4885,17.29281,0,38,12,2593,2120.765903,1,0,0,1,1,0,1,1,1,0,0
232.6707,21.13934,2,27,13,2781,2483.369395,1,1,0,0,1,0,0,1,1,1,1
124.9643,4.462414,3,23,10,16503,628.7093519,1,1,1,0,1,0,0,0,1,0,0
202.4433,15.77942,1,82,15,25735,1540.003272,0,0,1,0,1,0,1,0,0,0,1
115.0021,11.31382,8,27,14,80555,1391.452254,1,1,0,0,1,1,0,0,0,0,0
79.97886,3.678847,1,58,18,6060,301.5746797,0,0,0,0,1,0,0,0,0,0,0
257.6375,6.967998,4,21,8,1075,1900.983013,1,0,0,1,1,1,1,0,1,1,1
137.4698,6.515297,1,57,19,815,1109.320307,0,1,0,1,1,0,0,0,1,0,0
159.965,15.6265,4,41,9,4403,1669.627909,0,0,1,0,1,0,0,1,0,0,1
164.967,7.296904,0,63,14,2845,1343.619348,1,0,0,1,1,0,1,1,1,1,0
245.1283,7.032433,2,42,12,1879,1818.572601,1,0,0,1,1,1,1,0,0,1,1
212.6228,17.09722,0,62,15,1968,2397.112902,0,0,0,1,1,1,1,0,0,1,1
117.4858,2.563452,8,66,17,36753,680.4044234,0,1,0,0,1,0,0,1,0,1,0
152.4624,8.287531,1,29,14,36335,1530.742396,1,0,0,1,1,1,0,0,0,1,0
169.9447,2.437932,0,75,9,410,381.1393824,0,1,1,0,1,0,0,0,0,1,0
112.4844,11.81853,1,20,16,11722,1247.347617,0,0,0,0,1,0,0,0,0,0,0
169.9671,28.06447,0,19,4,11846,2722.383309,0,1,0,0,1,0,1,0,0,0,1
202.4433,10.02202,1,57,15,41818,1150.220789,1,0,1,0,0,0,1,0,0,0,1
174.9919,4.731989,3,72,11,23354,727.8878928,1,1,1,0,1,1,0,1,1,0,1
200.1323,11.91973,1,80,13,8470,1860.602438,0,0,0,1,1,0,0,1,0,1,1
127.475,16.01922,0,25,13,11435,1554.131756,0,0,0,0,1,0,0,0,1,0,1
147.4783,7.220079,3,62,6,9145,787.3445005,1,0,1,0,1,1,0,0,0,0,0
162.4538,4.454344,0,43,10,22744,1069.09373,0,0,0,1,0,0,0,0,1,1,0
144.9607,11.20366,2,89,13,2779,919.239022,0,0,1,0,1,0,0,0,0,0,0
162.4526,9.858242,0,28,9,266,1287.535911,0,0,1,0,1,1,1,0,0,1,0
192.4567,1.689999,0,19,16,35279,553.9352596,1,0,1,0,1,0,0,0,1,0,1
222.65,7.899007,0,68,7,14182,1248.474574,1,0,1,0,1,1,0,1,0,1,1
149.9598,10.52622,1,63,15,189,1081.123619,0,0,1,0,0,1,0,0,0,0,1
162.4676,11.15074,1,31,13,31883,1768.733372,0,0,0,1,1,0,0,1,0,1,0
152.4742,17.2154,2,55,14,4909,2196.280451,1,0,0,1,1,0,0,1,1,0,1
169.9378,8.922175,2,21,16,9974,1136.966259,0,1,1,0,1,0,1,0,0,0,1
172.4567,4.267801,1,59,15,2012,1078.288288,1,0,0,1,1,0,0,0,1,0,1
197.4725,1.294635,3,40,8,6874,1091.519949,0,0,0,1,1,0,1,1,1,1,0
159.9476,2.168042,0,86,9,959,782.6074848,1,0,0,1,1,0,0,0,0,0,1
232.6228,8.268061,0,23,13,838,1388.043021,1,1,1,0,1,1,1,0,0,1,1
124.9935,5.538303,0,89,12,702,397.7861758,0,0,0,0,1,0,0,0,1,0,0
149.9483,7.733033,6,24,11,40649,1099.299416,1,1,1,0,0,0,0,0,1,1,0
129.9621,6.446693,3,19,8,10885,1459.309498,0,0,0,1,1,0,0,1,0,1,0
140.0049,11.81544,1,75,9,1668,1077.205282,1,0,1,0,1,1,0,1,1,0,0
92.45514,20.72068,3,64,15,1399,2235.623805,1,0,0,1,1,0,0,0,0,0,0
267.6427,20.74516,4,23,17,9339,3080.29312,0,0,0,1,1,0,1,1,1,1,1
107.4958,4.24454,1,86,10,20681,912.2540105,1,1,0,1,1,1,0,1,0,0,0
162.4608,16.88185,0,44,11,4470,2233.112834,1,0,0,1,1,0,1,1,0,0,1
94.97283,6.184122,9,74,10,36613,1189.368234,0,0,0,1,1,1,0,0,0,0,0
147.4713,10.12304,5,25,14,24580,1292.562403,0,0,0,0,1,0,0,0,0,0,1
204.9496,3.046588,3,37,12,7626,793.3207298,0,0,1,0,1,0,1,0,1,1,0
210.127,1.365304,10,20,11,18945,1093.192377,1,1,1,0,1,1,0,0,0,1,1
105.011,11.34636,1,62,11,236,1002.360533,1,0,0,0,1,0,0,1,1,0,0
137.4872,19.77218,3,23,18,47309,1968.304495,1,0,1,0,1,0,0,1,1,0,0
182.4433,10.59517,1,64,16,30955,1587.727149,0,1,0,1,1,0,1,0,0,0,1
152.4624,16.17631,2,69,18,39658,2123.824956,1,0,0,1,1,1,0,0,0,1,0
192.4404,3.493433,9,76,15,152,882.4522754,1,1,1,0,1,0,1,0,0,1,0
179.9794,10.31129,4,75,15,618,1128.898886,0,0,1,0,1,0,1,1,0,0,0
182.49,8.33073,0,50,15,23590,1171.237442,0,1,0,0,1,0,1,1,0,0,1
187.6094,3.267702,5,55,12,1157,1271.632278,1,0,0,1,1,0,0,0,0,1,1
172.5034,1.891666,0,60,14,1041,438.8951303,1,1,0,0,1,0,0,1,1,0,1
167.4564,6.06866,0,76,9,687,573.5316869,1,0,1,0,1,0,1,0,0,0,0
124.9607,2.290777,0,71,14,3875,599.8774496,1,1,0,1,1,0,0,0,0,0,0
149.9378,7.53282,2,31,9,218,1403.833391,0,0,0,1,1,0,1,0,0,0,1
187.6094,9.27204,1,28,11,2171,1728.999287,0,1,0,1,1,0,0,0,0,1,1
182.497,6.725815,2,63,13,3107,891.9183387,0,0,1,0,1,1,1,1,0,0,0
139.9512,2.320115,2,59,18,1560,877.5328489,1,0,0,1,1,0,0,0,1,0,1
162.4689,15.41267,8,86,11,1066,1708.202326,0,0,1,0,1,1,0,0,1,0,1
167.4564,12.55601,10,85,8,3875,1383.430229,1,0,1,0,1,0,1,0,0,0,0
127.525,20.51646,0,65,13,35061,1859.777405,1,1,0,0,1,1,0,1,0,0,0
159.9476,1.304537,0,53,11,1067,820.0487803,1,0,0,1,1,0,0,0,0,0,1
222.6143,17.15829,3,26,13,7782,2541.621959,0,0,0,1,1,0,1,0,1,1,1
129.9778,23.77384,1,75,18,14381,2561.675396,0,0,0,1,0,1,1,0,1,0,0
242.6106,3.213888,0,74,12,6571,1264.000346,0,0,0,1,1,0,1,0,0,1,1
172.4579,11.00718,1,43,14,25,1373.225547,0,0,1,0,1,0,1,1,0,1,0
225.1457,10.18298,2,44,5,998,2083.35956,1,0,0,1,1,1,1,1,0,1,1
129.9598,6.693474,3,45,14,24453,1301.156073,0,0,0,1,1,1,0,0,0,0,1
184.967,2.072617,8,39,17,165,827.0229817,0,1,1,0,0,0,1,1,1,1,0
162.4689,3.62899,1,69,14,138,582.9171773,0,0,1,0,1,1,0,0,1,0,1
204.961,1.598975,0,54,12,482,596.5947713,1,1,1,0,1,1,1,0,0,0,1
132.466,8.161424,4,18,15,1532,1628.254726,0,1,0,1,1,1,0,0,1,1,0
245.147,8.201372,1,22,15,210,1822.362908,1,0,0,1,1,0,0,1,1,1,1
220.1185,4.606587,4,84,9,30350,893.3552968,0,0,1,0,1,0,0,0,1,1,1
117.4686,7.469813,1,54,8,61045,1290.286524,0,0,0,1,1,1,1,0,0,0,0
222.6143,6.21102,1,53,7,14559,1494.533376,0,1,0,1,1,0,1,0,1,1,1
235.1591,2.048055,0,71,15,14790,763.5474617,1,0,1,0,1,1,0,1,1,1,1
184.9634,2.159586,1,50,16,27367,1110.767158,0,0,0,1,1,0,1,1,0,1,0
172.4555,2.123318,0,24,13,902,583.6805521,1,0,1,0,0,1,1,0,0,0,1
147.4738,8.220002,0,43,13,2387,871.198033,0,1,1,0,1,0,1,1,0,0,0
287.6427,6.631092,2,45,12,26539,1329.56935,0,1,1,0,1,0,1,1,1,1,1
245.147,9.389883,0,37,15,6067,1839.782656,1,1,0,1,1,0,0,1,1,1,1
255.1417,8.718999,2,69,15,31474,1318.027865,1,0,1,0,1,1,0,0,1,1,1
149.9845,9.372647,0,74,9,6454,1023.685781,1,0,0,0,1,0,1,1,0,0,1
187.4974,19.92045,1,87,12,751,2429.379449,1,0,0,1,1,1,0,1,1,0,1
222.6143,5.43842,4,42,15,1223,1559.647223,0,0,0,1,1,0,1,0,1,1,1
177.6508,2.518069,2,26,11,24112,921.6983239,0,1,0,0,1,1,0,0,0,1,1
127.4783,4.433189,0,18,14,1372,1024.393039,1,0,0,1,1,1,0,0,0,0,0
210.1051,9.873195,4,86,14,61,1774.439822,1,0,0,1,1,0,1,0,0,1,1
169.9741,12.03278,1,42,14,27661,1279.680473,1,0,1,0,1,1,1,0,0,0,0
139.965,2.408011,3,22,14,688,1117.651858,1,0,0,1,1,0,0,1,0,0,1
120.0049,3.876369,0,27,11,65123,966.7789453,0,0,0,1,1,1,0,1,1,0,0
162.4982,7.713222,0,63,12,16882,978.4083285,0,1,0,0,1,1,0,0,1,0,1
192.4885,6.566149,0,79,14,55,776.2140464,0,0,1,0,1,0,1,1,1,0,0
152.4798,9.075014,2,64,16,633,1158.054054,0,0,1,0,1,1,0,1,0,1,0
159.9794,7.802142,7,85,10,948,1482.48061,0,0,0,1,1,0,1,1,0,0,0
172.4555,6.281821,1,21,6,2138,965.039948,0,1,1,0,1,1,1,0,0,0,1
137.4836,10.16083,4,22,12,3957,1613.670166,0,0,0,1,1,0,0,1,0,0,0
127.4958,10.44121,2,42,12,2017,1181.546499,0,0,1,0,1,1,0,1,0,0,0
152.4798,2.923404,3,74,5,34119,604.9488487,1,0,1,0,1,1,0,1,0,1,0
197.4725,7.930205,3,32,13,5450,1708.507227,0,0,0,1,1,0,1,1,1,1,0
172.5104,7.194486,1,58,11,22356,826.2618071,1,0,1,0,1,1,0,1,1,0,0
137.4392,5.664193,1,74,11,32135,607.6047155,1,0,1,0,1,0,0,0,0,1,0
134.9509,3.41763,0,39,8,270,487.9567265,0,0,1,0,0,0,1,0,0,0,0
287.6427,3.589597,2,86,14,4704,992.9856288,0,0,1,0,1,0,1,1,1,1,1
190.127,4.123006,8,35,18,57181,1621.897996,1,1,0,1,1,1,0,0,0,1,1
219.9902,3.769755,0,59,11,103,848.4406611,0,1,1,0,1,1,1,1,1,1,0
240.1149,2.312021,3,19,14,13268,908.2440178,0,0,1,0,1,0,0,0,0,1,1
139.9568,11.96395,8,63,10,10011,1497.60783,1,1,1,0,1,1,0,0,0,1,0
107.4806,1.481645,3,87,6,13190,406.0999161,0,0,0,0,1,1,0,0,0,1,0
172.5104,4.540275,4,37,15,8013,769.9868737,0,0,1,0,1,1,0,1,1,0,0
197.4725,15.12639,0,87,17,33240,2025.467869,1,0,0,1,1,0,1,1,1,1,0
174.991,6.894406,1,46,14,1676,1045.674943,1,1,0,0,1,1,1,0,1,1,0
129.9621,7.994351,3,24,9,1478,1522.674203,0,0,0,1,1,0,0,1,0,1,0
139.9568,8.989805,2,59,11,510,1035.265621,0,0,1,0,1,1,0,0,0,1,0
187.4673,22.60375,2,40,13,620,2796.815399,0,1,0,1,1,1,1,0,1,1,0
175.0048,9.910534,1,21,15,3671,1502.652508,1,0,0,0,1,1,1,1,0,1,0
204.9797,1.597599,2,23,9,21141,679.9648888,0,0,1,0,1,0,0,1,1,0,1
140.0342,9.705314,0,50,12,978,1109.724061,0,0,0,0,1,1,0,1,1,0,0
197.4702,9.254257,1,84,11,54081,1574.095143,0,1,0,1,1,1,1,0,1,0,1
222.6654,13.262,0,85,15,184,1623.298167,1,0,0,0,1,1,0,0,1,1,1
117.4392,10.65826,1,72,9,316,1436.859689,0,1,0,1,1,0,0,0,0,1,0
204.9797,12.05486,3,47,13,6443,1406.621323,1,0,1,0,1,0,0,1,1,0,1
162.4833,8.915226,1,23,15,32363,1586.632329,1,0,0,1,0,1,1,0,1,0,0
137.4836,5.623623,1,21,15,1651,1235.112132,0,0,0,1,1,0,0,1,0,0,0
194.9663,16.31066,3,48,13,272,2255.21511,1,1,0,1,1,0,1,1,0,0,1
117.4835,1.324008,1,76,5,8171,284.4922663,0,1,0,0,1,1,0,0,0,0,1
172.4871,9.000072,2,86,10,259,1170.521193,0,0,0,0,1,0,1,1,0,1,0
149.9707,20.3759,0,38,12,12672,1958.648355,0,1,0,0,1,0,1,0,1,0,1
139.9512,6.815025,2,29,9,9073,1344.195225,0,1,0,1,1,0,0,0,1,0,1
142.4827,9.363006,8,35,12,30385,1874.033411,1,1,0,1,1,1,0,1,0,0,1
204.9797,13.51008,1,69,9,12846,1392.159775,0,1,1,0,1,0,0,1,1,0,1
149.9598,16.27138,3,70,14,40063,1672.775155,0,0,1,0,1,1,0,0,0,0,1
139.9349,1.453865,1,40,16,2349,928.6314289,0,0,0,1,1,0,1,0,0,1,0
172.4885,3.949032,0,19,15,2055,1171.985659,0,0,0,1,1,0,1,1,1,0,0
182.4433,5.714934,2,65,21,1499,1215.356987,1,0,0,1,1,0,1,0,0,0,1
255.1336,21.12911,8,22,18,6295,3186.79335,0,1,0,1,1,0,1,1,0,1,1
149.9621,1.875298,1,82,15,6394,403.1214716,1,0,1,0,1,0,0,1,0,1,0
210.1051,9.343412,3,85,9,51,1703.524533,1,0,0,1,1,0,1,0,0,1,1
177.4945,6.735348,6,62,10,252,1499.696874,1,0,0,1,1,1,0,1,1,1,0
157.4836,10.96818,8,25,13,3403,1461.917374,0,0,1,0,1,0,0,1,0,0,0
222.6792,8.373701,0,67,12,60408,1362.599478,1,0,0,0,1,1,0,1,0,1,1
182.447,5.998405,0,69,12,362,682.7780764,0,0,1,0,1,0,1,0,1,0,1
149.9778,3.052755,3,20,12,31560,609.9482209,0,0,1,0,0,1,1,0,1,0,0
182.4433,11.93299,0,61,10,28382,1758.68213,1,0,0,1,1,0,1,0,0,0,1
149.989,14.84017,3,77,18,5993,1604.504838,1,0,0,0,1,1,0,0,0,0,1
182.4762,14.71926,3,71,9,4425,1637.379866,1,0,0,0,1,0,1,0,1,0,1
79.97886,7.542197,2,40,10,55215,790.2154278,0,0,0,0,1,0,0,0,0,0,0
232.6378,4.525491,4,88,12,1203,1392.809918,0,0,0,1,1,0,0,1,0,1,1
162.5007,3.83138,0,84,14,15603,538.9921729,0,1,1,0,0,1,1,1,1,0,0
204.961,1.113741,5,89,15,3226,596.0068502,0,0,1,0,1,1,1,0,0,0,1
112.4551,3.878694,3,49,14,250,409.0267699,0,1,1,0,1,0,0,0,0,0,0
139.9816,4.532646,0,73,11,1855,713.5720629,1,1,0,0,1,0,1,1,0,1,0
174.9919,10.49454,0,21,15,1016,1274.915029,0,0,1,0,1,1,0,1,1,0,1
162.497,6.678303,1,77,7,219,1307.120014,0,1,0,1,1,1,1,1,0,0,0
139.9349,3.212519,1,79,14,6740,897.8110864,1,0,0,1,1,0,1,0,0,1,0
137.4836,2.54348,1,36,16,6853,933.5522742,0,0,0,1,0,0,0,1,0,0,0
117.5152,6.976028,0,36,10,1019,867.4232348,1,0,0,0,1,1,1,1,0,0,0
144.9889,5.288444,4,42,16,6756,1399.307542,0,0,0,1,0,1,0,1,1,1,0
132.5127,1.832601,1,39,15,129,620.1308589,1,0,0,0,1,1,0,1,1,1,0
127.5067,4.870047,1,75,13,7329,609.1874835,1,0,0,0,1,0,1,1,1,0,0
207.6094,9.688639,2,19,12,123,1409.932665,1,1,1,0,1,0,0,0,0,1,1
159.965,13.61564,4,46,14,26117,1492.297826,0,1,1,0,1,0,0,1,0,0,1
149.9483,4.939997,1,31,16,7397,693.5702614,1,1,1,0,1,0,0,0,1,1,0
182.4433,15.51348,4,46,15,15289,2224.378227,0,0,0,1,1,0,1,0,0,0,1
212.6228,9.556572,3,76,10,76177,1872.755243,1,1,0,1,1,1,1,0,0,1,1
179.9656,2.149435,2,28,16,18977,557.9519675,0,1,1,0,1,0,1,0,1,0,0
207.6386,7.035161,0,59,11,10827,1071.748463,0,0,0,0,1,0,0,0,0,1,1
160.0122,15.84051,4,67,7,212,1698.617842,0,1,0,0,1,0,1,1,1,0,0
232.624,13.31462,0,30,14,27734,2099.171991,0,0,0,1,1,0,0,0,1,1,1
192.4404,1.862828,2,70,11,40340,553.0231321,0,0,1,0,1,0,1,0,0,1,0
104.9629,15.14561,7,56,10,14472,1628.215009,0,0,0,0,1,0,0,0,0,1,0
159.9512,5.902195,1,71,12,2656,605.1321701,1,1,1,0,1,0,0,0,1,0,1
245.1612,2.339183,1,58,14,18353,941.6039037,1,0,0,0,1,1,1,0,1,1,1
144.9607,15.53401,0,87,12,36531,1301.332682,0,0,1,0,1,0,0,0,0,0,0
257.6513,10.71719,3,81,10,7023,2061.503839,1,1,0,1,1,1,1,1,0,1,1
184.9963,2.668217,0,76,16,14,627.2429503,1,1,0,0,1,0,1,1,1,1,0
124.9781,2.19437,1,60,15,293,340.8145206,0,1,1,0,1,0,0,1,0,0,0
182.4538,8.539485,1,58,15,332,971.9322124,1,0,1,0,1,0,0,0,1,1,0
139.9512,4.527649,0,18,14,4633,1131.268205,1,0,0,1,0,0,0,0,1,0,1
169.9928,8.664975,1,57,7,3802,957.1118873,1,0,1,0,1,0,0,1,1,0,0
159.9349,1.567389,0,62,16,6019,374.4704813,0,0,1,0,1,0,1,0,0,1,0
220.1615,4.14274,1,40,7,1181,1012.974384,0,0,0,0,0,0,0,1,0,1,1
152.466,5.18336,1,86,8,1337,655.4429632,1,0,1,0,1,1,0,0,1,1,0
142.5156,7.494128,1,83,9,45,938.8632527,1,0,0,0,1,1,0,1,1,0,1
95.01949,10.34256,2,52,14,38476,1140.676882,1,0,0,0,1,1,0,1,0,0,0
169.9447,3.1741,1,78,12,9948,462.4081269,1,1,1,0,1,0,0,0,0,1,0
194.9744,3.209982,5,86,11,21943,605.6512541,0,0,1,0,1,1,0,0,1,0,1
182.4653,13.02762,2,49,14,1680,1434.719912,1,1,1,0,1,1,0,0,0,0,1
197.6288,1.625652,1,56,9,50,691.1647876,1,1,0,0,1,0,1,0,0,1,1
147.4738,1.201284,3,72,13,34519,375.6589979,1,1,1,0,1,0,1,1,0,0,0
137.4616,6.645392,3,29,9,3643,1037.253154,0,1,0,0,1,0,1,0,0,0,1
147.4564,16.23853,1,23,14,188,2024.875698,1,1,0,1,0,0,1,0,0,0,0
214.9663,16.12056,2,80,7,21962,1772.729252,1,0,1,0,1,0,1,1,0,0,1
137.4872,4.157726,1,73,17,1429,463.388528,0,0,1,0,1,0,0,1,1,0,0
197.4725,9.880576,0,85,10,1477,1602.19464,1,1,0,1,1,0,1,1,1,1,0
187.6094,11.63547,2,70,10,29138,1862.789527,0,0,0,1,1,0,0,0,0,1,1
222.65,5.929212,1,85,13,390,1062.121627,1,0,1,0,1,1,0,1,0,1,1
277.6375,5.875553,1,28,10,1353,1282.671616,1,0,1,0,1,1,1,0,1,1,1
129.9621,3.695049,3,72,11,14850,1060.077964,1,1,0,1,1,0,0,1,0,1,0
124.9643,2.590681,0,45,16,406,310.8595496,0,0,1,0,1,0,0,0,1,0,0
134.9509,3.352593,2,38,11,32066,465.1896546,0,0,1,0,1,0,1,0,0,0,0
159.965,9.93773,0,36,10,5440,1100.58554,0,0,1,0,1,0,0,1,0,0,1
154.9618,7.988116,0,22,15,2331,1571.791129,1,1,0,1,1,1,1,0,1,1,0
147.4713,10.47789,0,22,12,2551,1259.837146,1,0,0,0,1,0,0,0,0,0,1
137.4616,8.099865,10,67,12,36613,1247.334037,1,0,0,0,1,0,1,0,0,0,1
174.9755,1.611266,3,28,13,3697,703.1820621,1,1,1,0,1,1,1,1,0,1,0
184.967,10.58401,1,80,12,586,1174.511172,0,0,1,0,1,0,1,1,1,1,0
174.9618,1.916489,4,75,11,726,563.1178513,0,0,1,0,1,1,1,0,1,1,0
139.965,28.57082,2,19,13,19593,3158.141347,0,1,0,1,1,0,0,1,0,0,1
124.9607,1.532436,1,81,10,41407,535.7389183,0,0,0,1,1,0,0,0,0,0,0
267.6647,12.7895,2,69,13,12749,1736.70174,1,1,1,0,1,1,0,1,1,1,1
157.4698,8.640886,1,52,14,262,804.0993561,1,0,1,0,1,0,0,0,1,0,0
214.9525,6.465898,3,37,21,2479,1072.590755,1,0,1,0,1,0,1,0,1,0,1
149.9915,9.416447,0,55,15,782,1005.091786,1,0,1,0,1,1,1,1,0,0,0
164.9715,3.062161,0,39,11,861,1043.339074,0,1,0,1,1,1,0,0,1,1,0
164.967,29.19298,0,64,11,988,3181.511605,1,1,0,1,1,0,1,1,1,1,0
204.961,8.692007,1,80,8,1827,1041.036664,1,1,1,0,0,1,1,0,0,0,1
92.45514,11.07503,7,46,14,10989,1545.148232,0,0,0,1,1,0,0,0,0,0,0
207.6094,1.524132,1,19,14,78,757.2197489,0,0,1,0,1,0,0,0,0,1,1
184.9715,10.70349,1,81,14,22744,1196.094746,0,1,1,0,1,1,0,0,1,1,0
187.4974,2.327566,0,38,11,642,1117.725477,1,0,0,1,1,1,0,1,1,0,1
192.4705,1.764563,6,62,9,38524,602.3082109,1,0,1,0,1,0,0,1,0,0,1
129.9621,1.190018,2,85,14,975,734.3603159,0,1,0,1,1,0,0,1,0,1,0
162.4982,2.049307,4,50,5,785,680.0803141,1,1,0,0,1,1,0,0,1,0,1
202.6362,16.7247,1,37,13,58705,2436.72717,0,1,0,1,1,1,0,0,1,1,1
137.4616,5.599131,0,71,13,2074,721.4679959,1,1,0,0,1,0,1,0,0,0,1
147.4713,2.71724,7,81,11,7439,563.7131359,1,0,0,0,1,0,0,0,0,0,1
207.6094,5.207616,2,23,8,40866,990.5923177,0,1,1,0,1,0,0,0,0,1,1
159.965,3.98008,8,77,10,211,724.2818214,0,0,1,0,1,0,0,1,0,0,1
147.4421,14.66848,3,29,13,2408,1518.371398,1,0,1,0,1,0,0,0,0,0,1
172.4705,1.932645,1,18,9,1454,1102.197408,0,0,0,1,1,0,0,1,0,0,1
204.961,16.5488,9,81,14,423,1927.803648,1,0,1,0,1,1,1,0,0,0,1
182.4608,22.25056,4,86,19,995,2162.669491,0,0,1,0,1,0,1,1,0,0,1
159.9512,1.356734,5,46,11,4777,437.7915053,1,1,1,0,1,0,0,0,1,0,1
127.4601,20.45201,3,86,10,7710,2239.792619,0,0,0,1,1,0,1,0,1,0,0
92.45514,13.84669,3,33,14,5337,1691.734997,1,0,0,1,1,0,0,0,0,0,0
242.6281,6.207517,0,71,15,40825,1071.774579,0,0,1,0,1,0,1,1,0,1,1
194.9581,7.603445,0,47,15,66053,1112.439443,1,0,1,0,1,1,1,0,0,1,0
204.9634,7.182107,2,72,8,35087,1020.408124,1,0,1,0,1,0,1,1,0,1,0
147.4738,7.266887,2,83,8,4959,805.8117417,0,1,1,0,1,0,1,1,0,0,0
104.9629,8.322733,1,72,12,1369,831.9969597,0,0,0,0,1,0,0,0,0,1,0
167.4564,9.961602,0,42,14,986,1086.270579,1,0,1,0,1,0,1,0,0,0,0
92.45514,3.088732,4,50,10,1961,785.2993593,1,1,0,1,1,0,0,0,0,0,0
245.175,2.645653,4,63,12,907,1076.444999,0,0,0,0,1,1,1,1,0,1,1
140.0342,16.41429,0,88,13,8171,1452.568552,1,0,0,0,1,1,0,1,1,0,0
127.5112,4.459961,0,65,11,7222,545.6056589,1,0,0,0,1,1,0,0,1,0,0
142.4713,5.705684,0,40,7,2123,1194.656781,1,0,0,1,1,0,0,1,1,1,0
172.4705,7.006647,2,18,19,666,1466.448878,1,0,0,1,1,0,0,1,0,0,1
157.4836,14.56261,1,49,11,745,1379.971168,0,0,1,0,1,0,0,1,0,0,0
147.4738,12.73703,2,39,11,851,1398.283635,0,0,1,0,0,0,1,1,0,0,0
187.4811,14.24378,4,54,14,5346,2255.363032,1,0,0,1,1,1,1,1,0,1,0
137.4616,4.189207,2,29,15,45763,722.927922,0,0,0,0,1,0,1,0,0,0,1
232.6228,2.443144,0,47,8,7575,879.1284854,0,0,1,0,1,1,1,0,0,1,1
252.624,4.95874,1,77,17,624,877.7033783,0,1,1,0,1,0,0,0,1,1,1
194.9768,2.326806,7,51,10,1521,755.6830943,0,0,1,0,1,0,0,1,1,1,0
187.656,6.365101,2,64,9,749,1122.270266,0,0,0,0,1,0,0,1,0,1,1
265.147,7.010649,4,51,10,135,1308.576837,1,0,1,0,1,0,0,1,1,1,1
265.147,15.3889,4,65,17,1163,1949.172062,0,1,1,0,1,0,0,1,1,1,1
179.9794,10.88204,0,24,14,3327,1305.850314,1,0,1,0,1,0,1,1,0,0,0
242.6143,6.908158,0,66,7,14334,1064.75404,0,0,1,0,0,0,1,0,1,1,1
230.1051,7.146126,7,18,16,61,1413.736327,0,0,1,0,1,0,1,0,0,1,1
255.1372,4.656535,0,66,13,394,1012.460755,1,0,1,0,0,0,1,1,1,1,1
114.9509,8.549649,1,49,12,14863,1237.669889,0,1,0,1,1,0,1,0,0,0,0
129.9598,2.138986,2,27,16,178,1038.488008,0,1,0,1,1,1,0,0,0,0,1
104.9781,4.026439,4,69,13,1015,967.2708805,0,0,0,1,1,0,0,1,0,0,0
120.0035,14.65682,0,48,10,215,1606.304191,0,0,0,0,1,1,0,1,0,1,0
157.4698,24.26165,2,83,11,443,2013.177858,1,1,1,0,1,0,0,0,1,0,0
240.1149,7.348682,2,73,10,59556,1113.10611,0,0,1,0,1,0,0,0,0,1,1
265.147,1.683285,3,37,16,192,887.1803664,1,0,1,0,1,0,0,1,1,1,1
207.4754,17.54953,2,49,17,16630,2326.985753,0,0,0,1,1,0,1,1,1,0,1
172.4579,10.13511,1,79,11,143,1097.624148,1,0,1,0,1,0,1,1,0,1,0
235.1417,1.786765,3,31,8,2408,1318.882817,0,1,0,1,1,1,0,0,1,1,1
104.9781,7.685124,2,33,12,13622,1241.231205,1,0,0,1,1,0,0,1,0,0,0
235.1417,7.131841,0,22,12,53098,1741.054382,0,1,0,1,1,1,0,0,1,1,1
149.9776,3.555031,1,31,10,56406,699.0938491,1,0,0,0,1,0,0,0,1,1,0
149.9483,10.00078,4,56,11,9491,1165.681938,1,0,1,0,1,0,0,0,1,1,0
172.4705,23.18508,2,43,17,253,2792.394717,0,0,0,1,1,0,0,1,0,0,1
182.4433,8.442986,3,71,5,11197,1450.000546,1,0,0,1,1,0,1,0,0,0,1
124.9935,7.602068,1,74,9,2379,646.8507919,0,0,0,0,1,0,0,0,1,0,0
172.4871,4.461349,4,40,10,23361,1011.014705,1,0,0,0,1,0,1,1,0,1,0
124.9935,17.4113,7,59,12,9248,1684.485758,0,0,0,0,0,0,0,0,1,0,0
105.011,5.881307,1,23,9,5041,686.2608911,1,1,0,0,1,0,0,1,1,0,0
137.4686,4.043506,3,76,15,74971,585.4873226,0,0,1,0,1,1,1,0,0,0,0
232.6228,8.301576,7,89,14,1227,1436.945723,1,1,1,0,1,1,1,0,0,1,1
182.447,7.891654,5,71,12,16514,985.2729584,1,0,1,0,1,0,1,0,1,0,1
235.1417,18.62057,4,68,10,260,2654.737765,0,1,0,1,1,1,0,0,1,1,1
174.9768,4.672744,5,29,11,3215,1419.012995,0,1,0,1,1,0,0,1,1,1,0
137.4698,18.16755,0,86,11,5060,1938.215738,1,0,0,1,1,0,0,0,1,0,0
139.965,8.997315,3,75,12,45,1483.797409,0,0,0,1,1,0,0,1,0,0,1
194.9663,20.0119,6,21,6,1246,2739.364415,0,0,0,1,1,0,1,1,0,0,1
235.1555,4.060006,1,69,10,696,1446.866289,0,0,0,1,1,1,0,1,0,1,1
184.9496,9.176772,0,51,13,1405,1523.800316,1,0,0,1,0,0,1,0,1,1,0
210.1518,1.822794,3,24,14,14472,1006.003672,1,0,0,0,1,0,1,1,0,1,1
104.9643,15.45104,0,20,9,931,1777.783534,1,0,0,1,1,0,0,0,1,0,0
184.9785,8.399966,4,33,15,29921,1276.752415,0,0,1,0,1,1,1,1,0,0,1
275.1198,5.179771,4,30,11,4543,1283.308128,1,1,1,0,1,0,1,0,1,1,1
149.9776,7.439729,2,21,11,16357,1033.91479,0,0,0,0,1,0,0,0,1,1,0
162.4526,11.85169,2,31,15,2141,1455.55459,1,0,1,0,1,1,1,0,0,1,0
162.4833,4.066766,9,57,12,1238,1241.877666,0,1,0,1,1,1,1,0,1,0,0
147.4421,1.1426,1,84,18,5779,250.4817182,0,0,1,0,1,0,0,0,0,0,1
147.4564,4.767276,1,35,13,430,1045.602146,0,1,0,1,1,0,1,0,0,0,0
182.447,1.398734,9,72,11,11937,573.1171783,0,0,1,0,1,0,1,0,1,0,1
235.1555,9.873117,1,41,15,209,1967.928007,0,0,0,1,0,1,0,1,0,1,1
127.4958,1.034561,0,68,12,317,263.971695,1,1,1,0,1,1,0,1,0,0,0
117.4392,15.65432,0,69,17,32211,1825.27674,0,1,0,1,1,0,0,0,0,1,0
124.9643,9.348659,4,86,18,5600,771.0222493,0,1,1,0,1,0,0,0,1,0,0
117.4835,7.114816,0,62,15,540,856.3808128,0,0,0,0,1,1,0,0,0,0,1
230.1344,8.924108,8,78,13,603,1504.498094,1,0,0,0,1,0,1,0,0,1,1
134.9509,6.907426,4,54,9,518,765.5762196,0,1,1,0,1,0,1,0,0,0,0
275.1198,7.869508,0,83,7,237,1206.792948,0,0,1,0,1,0,1,0,1,1,1
152.4798,5.810607,2,60,13,5019,903.6901827,1,1,1,0,1,1,0,1,0,1,0
104.9781,15.67732,0,82,16,92,1673.87195,1,0,0,1,1,0,0,1,0,0,0
207.6094,12.82008,1,31,11,8725,1643.441405,0,1,1,0,1,0,0,0,0,1,1
210.127,10.3665,3,47,16,55623,1526.714907,0,0,1,0,1,1,0,0,0,1,1
104.9643,9.060745,2,67,10,718,1161.650257,0,0,0,1,1,0,0,0,1,0,0
139.9792,11.32725,7,54,11,52669,1537.25042,1,1,0,0,1,1,1,0,0,0,1
255.1417,5.8078,2,86,15,20766,1023.75368,0,0,1,0,1,1,0,0,1,1,1
127.4783,11.59206,0,38,15,1639,1627.688937,1,0,0,1,1,1,0,0,0,0,0
127.4421,4.38777,1,71,11,64,890.2145776,1,0,0,1,0,0,0,0,0,0,1
182.4676,18.11168,1,58,14,94,1884.134154,0,0,1,0,1,0,0,1,0,1,0
187.4847,9.091454,6,55,11,1076,1363.30698,1,1,1,0,1,1,1,1,1,1,0
255.1336,5.624237,0,35,12,11573,1674.511863,1,1,0,1,1,0,1,1,0,1,1
137.4978,14.77367,2,22,13,38620,1600.620121,0,0,0,0,1,1,1,0,0,0,0
92.45514,8.53275,1,55,11,1018,1122.62327,0,0,0,1,1,0,0,0,0,0,0
164.967,6.029814,1,62,17,15,1273.860067,1,1,0,1,0,0,1,1,1,1,0
134.9509,23.91177,1,56,10,38334,2059.963787,1,1,1,0,1,0,1,0,0,0,0
204.9634,2.644504,0,51,8,674,655.8888087,0,0,1,0,1,0,1,1,0,1,0
245.1283,2.543632,3,87,14,10501,1286.962111,0,0,0,1,0,1,1,0,0,1,1
194.9663,1.320603,2,70,6,1702,924.0477339,0,1,0,1,1,0,1,1,0,0,1
117.4392,12.15758,3,73,16,15695,1618.001407,1,0,0,1,1,0,0,0,0,1,0
209.9931,10.90461,0,80,13,8979,1694.511052,0,1,0,1,1,1,1,1,1,0,1
172.4871,13.0257,1,68,13,274,1481.549539,0,0,0,0,1,0,1,1,0,1,0
120.0049,14.08217,0,30,15,967,1875.470621,0,0,0,1,0,1,0,1,1,0,0
147.4601,13.26061,0,41,15,1057,1292.234972,1,0,1,0,1,0,1,0,1,0,0
169.9447,1.668767,1,25,15,1889,512.8321486,1,1,1,0,0,0,0,0,0,1,0
167.4564,26.90099,2,24,7,350,2594.832192,0,0,1,0,1,0,1,0,0,0,0
159.9942,3.239188,1,83,14,74601,500.3610113,0,1,0,0,1,0,0,1,0,0,1
230.1051,9.151527,1,29,13,14429,1396.341948,0,1,1,0,1,0,1,0,0,1,1
242.6573,4.947213,0,79,12,5028,1014.229725,1,0,0,0,0,0,1,1,0,1,1
194.9699,9.074838,1,80,16,3078,1097.005959,1,1,1,0,1,0,1,1,1,0,1
242.6143,3.409799,1,87,9,26058,740.0394011,1,0,1,0,1,0,1,0,1,1,1
204.9634,7.557333,2,22,9,705,1262.139061,1,0,1,0,1,0,1,1,0,1,0
127.4958,8.741017,4,41,14,163,1107.083954,1,0,1,0,1,1,0,1,0,0,0
252.6378,5.996824,0,66,12,316,1009.804308,0,0,1,0,1,0,0,1,0,1,1
149.9778,4.93863,1,39,7,331,722.8952824,0,1,1,0,1,1,1,0,1,0,0
127.4586,7.831837,1,46,7,51447,971.0087147,0,0,0,0,0,0,1,0,0,1,0
152.4624,3.545553,0,59,7,6902,1060.105051,0,1,0,1,1,1,0,0,0,1,0
237.6549,10.07068,2,78,13,32564,1919.953096,1,1,0,1,1,1,1,1,1,1,1
157.4836,4.116596,4,79,12,10294,600.3283664,0,0,1,0,1,0,0,1,0,0,0
149.9621,7.348696,4,26,15,2263,1080.503708,0,0,1,0,1,0,0,1,0,1,0
147.4713,7.756546,0,31,15,19913,1007.348141,1,0,0,0,1,0,0,0,0,0,1
149.9776,14.17544,0,32,9,3502,1535.243963,0,0,0,0,1,0,0,0,1,1,0
117.5015,5.750643,1,54,10,1925,657.9643336,1,0,0,0,1,1,1,0,1,0,0
187.4974,9.767357,0,18,11,3251,1710.612591,1,0,0,1,1,1,0,1,1,0,1
179.9794,9.29979,5,71,10,949,1093.745962,0,1,1,0,1,0,1,1,0,0,0
149.9776,7.556151,2,60,14,253,962.6412103,0,0,0,0,0,0,0,0,1,1,0
179.9794,5.879094,1,64,10,1243,713.2732917,0,0,1,0,1,0,1,1,0,0,0
139.9349,3.699808,3,50,15,4480,1141.442182,1,0,0,1,1,0,1,0,0,1,0
230.1344,2.579229,0,55,11,2962,860.7975297,0,0,0,0,1,0,1,0,0,1,1
152.5104,21.37858,10,49,10,11384,2790.826119,1,0,0,1,1,1,0,1,1,0,0
220.1149,3.944467,0,50,14,4402,1261.505669,0,0,0,1,1,0,0,0,0,1,1
147.4564,5.360993,0,71,7,4585,1027.720431,0,0,0,1,1,0,1,0,0,0,0
174.9755,5.927239,1,76,10,4420,837.8796845,1,0,1,0,1,1,1,1,0,1,0
245.1457,7.151009,5,21,9,465,1589.194648,1,0,1,0,1,1,1,1,0,1,1
129.9763,6.671684,1,61,10,26358,862.9115483,0,0,0,0,1,1,1,0,0,1,0
182.4762,8.016341,1,69,13,5115,1033.144943,1,0,0,0,1,0,1,0,1,0,1
137.4392,4.14344,1,87,10,547,487.4290639,1,0,1,0,1,0,0,0,0,1,0
204.9797,9.39804,4,30,8,791,1275.449066,0,0,1,0,1,0,0,1,1,0,1
270.1604,5.685414,2,23,14,34056,1812.910095,1,0,0,1,1,1,1,1,1,1,1
242.6281,3.511593,5,20,6,1476,1172.010209,1,0,1,0,1,0,1,1,0,1,1
192.4567,4.075856,4,65,10,80489,721.7486176,0,0,1,0,1,0,0,0,1,0,1
207.4974,4.741795,0,27,14,197,855.8268713,0,1,1,0,1,1,0,1,1,0,1
247.6647,10.28514,0,76,8,910,1907.528361,0,0,0,1,1,1,0,1,1,1,1
164.9853,7.158287,5,36,9,31632,1670.602657,1,1,0,1,1,1,0,1,0,1,0
230.1344,5.387532,2,27,14,5643,1197.221097,0,0,0,0,1,0,1,0,0,1,1
142.4713,9.204657,4,55,12,20897,1555.314176,0,0,0,1,1,0,0,1,1,1,0
192.4705,15.56801,3,53,8,7477,1752.77238,0,0,1,0,1,0,0,1,0,0,1
162.4937,15.43828,0,43,12,7430,1622.823317,0,0,0,0,1,0,1,1,1,0,1
164.9647,10.56862,4,49,13,268,1734.660297,1,0,0,1,1,1,1,0,1,0,1
172.4567,11.64763,1,19,16,14644,1814.120844,0,0,0,1,1,0,0,0,1,0,1
124.9607,6.89036,10,22,5,712,1527.543295,0,0,0,1,1,0,0,0,0,0,0
210.1051,11.36757,0,57,17,632,1915.881708,0,1,0,1,1,0,1,0,0,1,1
157.4836,14.00176,0,65,11,23064,1333.059808,1,1,1,0,1,0,0,1,0,0,0
192.4705,4.638114,3,43,14,3085,807.7008528,0,0,1,0,1,0,0,1,0,0,1
162.4608,5.358251,0,28,14,483,1259.0664,0,0,0,1,1,0,1,1,0,0,1
114.9728,2.526565,3,51,8,27,449.1682295,1,0,1,0,1,1,0,0,0,0,0
127.4738,4.193947,7,21,10,1970,1242.428824,0,0,0,1,1,0,1,1,0,0,0
149.9621,1.776605,0,42,10,2226,495.3955859,0,1,1,0,1,0,0,1,0,1,0
104.9629,4.762508,4,56,9,13001,732.1459678,1,1,0,0,1,0,0,0,0,1,0
149.9483,8.612943,0,47,10,1167,958.3344749,1,0,1,0,1,0,0,0,1,1,0
192.4404,19.19435,1,41,11,44,2037.426425,1,0,1,0,0,0,1,0,0,1,0
149.9621,10.50792,3,32,7,193,1335.96148,0,0,1,0,1,0,0,1,0,1,0
129.9926,9.62756,3,75,5,378,1116.324602,0,0,0,0,1,1,0,0,1,0,1
262.6106,4.165508,1,31,10,6988,1053.191872,1,0,1,0,1,0,1,0,0,1,1
212.6415,5.360574,0,66,11,640,1342.598456,0,1,0,1,1,0,0,1,1,1,1
152.4798,6.416264,1,29,10,57955,1024.169439,0,0,1,0,1,1,0,1,0,1,0
127.4586,3.924177,4,56,14,1519,757.4450596,0,0,0,0,1,0,1,0,0,1,0
245.1283,8.977196,8,66,14,754,2036.889178,1,0,0,1,1,1,1,0,0,1,1
172.4848,23.08359,2,74,8,62382,2352.994051,1,1,0,0,1,1,1,0,0,0,1
147.4564,3.424062,1,43,15,171,991.5989798,0,0,0,1,1,0,1,0,0,0,0
172.4624,11.84721,4,57,15,37201,1409.472824,1,0,1,0,1,1,0,0,0,1,0
157.4698,17.19789,4,67,15,29219,1630.702145,1,0,1,0,1,0,0,0,1,0,0
207.4974,7.732188,0,42,12,4518,1051.673689,1,0,1,0,1,1,0,1,1,0,1
149.9845,14.12424,2,22,12,731,1727.365848,0,0,0,0,1,0,1,1,0,0,1
194.9768,7.621099,0,41,14,20681,1006.779634,1,0,1,0,0,0,0,1,1,1,0
162.5299,21.45305,3,70,11,1211,2110.79392,1,0,0,0,1,1,1,1,1,0,0
162.4653,3.648755,1,65,11,9876,1078.773197,1,0,0,1,1,1,0,0,0,0,1
79.97886,5.099943,1,33,8,1371,499.9821554,0,0,0,0,1,0,0,0,0,0,0
124.9607,4.597088,2,53,13,7190,909.4363783,1,1,0,1,1,0,0,0,0,0,0
262.6106,7.047021,1,54,12,15666,1260.9421,0,0,1,0,1,0,1,0,0,1,1
194.9699,18.80644,1,54,19,56790,1893.522906,0,0,1,0,1,0,1,1,1,0,1
162.5005,1.450971,0,85,14,9100,356.9526336,1,1,0,0,0,0,0,1,1,1,0
149.9598,27.12312,2,69,12,2057,2534.437264,1,0,1,0,1,1,0,0,0,0,1
162.4526,3.152098,1,50,8,1142,696.7035556,0,0,1,0,1,1,1,0,0,1,0
147.5031,6.523366,3,60,16,31085,840.7473935,1,0,0,0,1,0,1,1,0,0,0
152.4907,6.477458,2,23,11,40857,1102.750144,1,0,0,0,1,0,1,1,1,1,0
129.9621,5.318865,4,76,14,2889,1163.746203,0,1,0,1,1,0,0,1,0,1,0
79.97886,6.460792,1,28,20,865,627.880394,1,0,0,0,1,0,0,0,0,0,0
214.9663,19.6617,1,36,10,4,2176.358333,0,1,1,0,1,0,1,1,0,0,1
204.961,10.89627,0,62,14,25823,1332.165747,0,0,1,0,1,1,1,0,0,0,1
184.9853,5.481792,2,53,15,1551,971.649096,0,1,1,0,1,1,0,1,0,1,0
222.6143,6.038648,3,87,10,8483,1477.559089,1,0,0,1,1,0,1,0,1,1,1
129.995,4.529842,1,51,10,109,726.5900328,0,0,0,0,1,0,0,1,1,1,0
147.4601,18.08688,2,38,11,49271,1676.80832,0,0,1,0,1,0,1,0,1,0,0
117.4858,8.369827,3,40,16,2121,1134.541267,0,1,0,0,1,0,0,1,0,1,0
187.4811,15.71625,3,49,13,2077,2361.62202,0,0,0,1,1,1,1,1,0,1,0
129.9763,7.833185,0,35,13,410,1051.602727,1,0,0,0,1,1,1,0,0,1,0
204.9634,27.44938,0,86,17,5308,2573.594199,0,0,1,0,1,0,1,1,0,1,0
162.447,11.31749,1,62,13,233,1585.841616,1,0,0,1,1,0,1,0,1,0,1
240.1149,8.351399,0,34,14,32315,1261.564075,0,1,1,0,1,0,0,0,0,1,1
127.4783,2.942683,2,47,10,179,868.7530886,0,1,0,1,1,1,0,0,0,0,0
159.9476,2.569515,0,58,12,3149,907.3050831,0,0,0,1,1,0,0,0,0,0,1
127.4601,2.313262,0,24,16,784,864.4642177,1,0,0,1,1,0,1,0,1,0,0
114.9728,15.36862,1,62,11,1412,1321.498572,0,0,1,0,1,1,0,0,0,0,0
202.4433,11.4264,0,84,11,3945,1145.984358,0,1,1,0,1,0,1,0,0,0,1
174.9882,13.163,0,38,7,1677,1918.9486,1,0,0,1,1,1,0,1,0,0,1
179.9476,2.057502,4,40,9,9932,551.7257141,0,1,1,0,1,0,0,0,0,0,1
127.4783,16.49093,3,51,12,4301,2078.823247,0,0,0,1,1,1,0,0,0,0,0
172.4742,1.253929,1,67,11,32688,322.5237064,0,1,1,0,1,0,0,1,1,0,1
194.9992,1.359104,4,54,11,136,714.3448036,1,0,0,0,1,0,1,1,1,0,1
104.9923,4.565947,4,63,9,86,619.4159878,1,0,0,0,1,1,1,0,0,0,0
149.9483,7.349571,4,82,17,3801,863.2029351,0,1,1,0,1,0,0,0,1,1,0
127.4738,19.56364,3,26,10,2402,2444.542685,0,0,0,1,1,0,1,1,0,0,0
200.1323,6.081227,1,86,12,617,1409.589822,1,0,0,1,1,0,0,1,0,1,1
159.9794,11.21716,1,75,8,742,1528.092146,0,0,0,1,1,0,1,1,0,0,0
169.9928,1.740498,5,51,7,6506,450.2597019,1,0,1,0,1,0,0,1,1,0,0
124.9781,3.304515,3,59,13,52371,414.3393996,0,1,1,0,1,0,0,1,0,0,0
137.4686,6.023347,2,44,17,34496,821.8429175,0,0,1,0,1,1,1,0,0,0,0
114.9728,3.986525,1,21,5,159,605.5839866,1,1,1,0,1,1,0,0,0,0,0
232.652,2.857213,1,28,9,236,1031.032132,0,0,0,0,1,1,1,0,0,1,1
169.9928,8.187262,0,81,12,12760,808.4971819,0,0,1,0,1,0,0,1,1,0,0
179.9476,19.42268,3,49,7,8071,1996.584616,0,0,1,0,1,0,0,0,0,0,1
242.6143,3.155188,2,52,19,26473,911.7679224,0,0,1,0,1,0,1,0,1,1,1
182.4653,6.896176,0,41,14,3579,896.9821918,0,0,1,0,1,1,0,0,0,0,1
137.4872,13.9749,2,42,11,5334,1400.209069,0,1,1,0,0,0,0,1,1,0,0
92.5018,5.73054,1,43,8,595,686.2974269,1,0,0,0,1,0,0,1,0,0,0
147.4601,9.068923,4,82,11,290,855.2059629,0,1,1,0,1,0,1,0,1,0,0
139.9349,4.444135,1,69,11,653,1078.567268,1,1,0,1,1,0,1,0,0,1,0
179.9656,22.97518,3,58,9,10243,2196.794349,1,1,1,0,1,0,1,0,1,0,0
114.9509,2.921217,0,32,16,2274,883.7264825,0,1,0,1,1,0,1,0,0,0,0
152.4579,8.346499,1,63,13,20558,1456.082414,1,0,0,1,1,0,1,1,0,1,0
187.6422,3.158254,2,36,10,16760,823.4333368,0,1,0,0,1,0,0,0,1,1,1
149.9447,13.21355,5,46,14,2132,1973.622689,0,0,0,1,1,0,0,0,0,1,0
240.1149,13.27794,0,63,12,177,1570.153315,0,0,1,0,1,0,0,0,0,1,1
112.4551,3.662342,0,42,13,260,321.8958659,1,0,1,0,1,0,0,0,0,0,0
147.4783,3.084418,2,44,15,8959,558.9941784,1,0,1,0,1,1,0,0,0,0,0
192.4705,18.34717,8,62,12,2835,2022.620666,0,0,1,0,1,0,0,1,0,0,1
124.9781,2.293413,8,58,10,446,484.8655509,0,0,1,0,1,0,0,1,0,0,0
182.4538,11.16386,3,37,15,1589,1317.388693,1,0,1,0,1,0,0,0,1,1,0
232.6228,4.380312,0,30,19,3142,1046.538825,1,1,1,0,0,1,1,0,0,1,1
159.9642,8.096457,1,49,13,20312,1054.806106,0,1,0,0,1,0,1,0,0,1,0
179.9476,19.28984,2,38,16,35317,1904.865627,1,0,1,0,1,0,0,0,0,0,1
119.9568,21.20428,1,36,6,1415,2494.211424,1,1,0,1,0,1,0,0,0,1,0
127.4421,14.70766,6,44,14,481,2060.536764,0,0,0,1,1,0,0,0,0,0,1
139.9349,5.186633,10,48,13,2788,1485.319376,1,0,0,1,1,0,1,0,0,1,0
245.1283,12.00677,0,38,6,2638,2177.704307,0,0,0,1,1,1,1,0,0,1,1
174.9744,17.35639,6,37,12,6989,2451.995707,0,0,0,1,1,1,0,0,1,0,1
172.4441,5.886852,1,38,15,23526,842.193169,0,0,1,0,1,0,1,0,1,1,0
184.9785,4.733989,0,19,14,18427,899.1324428,1,0,1,0,1,1,1,1,0,0,1
184.9496,7.281658,0,45,9,51,1435.244426,1,0,0,1,1,0,1,0,1,1,0
247.6647,19.70229,3,52,18,37,2850.191042,1,0,0,1,0,1,0,1,1,1,1
167.4564,9.543016,0,72,15,26797,953.6134686,0,0,1,0,1,0,1,0,0,0,0
194.9699,10.06945,1,71,12,14645,1125.724207,1,0,1,0,1,0,1,1,1,0,1
147.4738,29.38102,4,60,12,38073,2754.774128,1,0,1,0,1,0,1,1,0,0,0
127.4421,13.25623,0,78,7,2948,1563.141746,1,1,0,1,1,0,0,0,0,0,1
220.1323,13.08183,1,85,15,940,1525.934554,0,1,1,0,1,0,0,1,0,1,1
162.497,10.6052,3,49,9,29896,1782.253032,0,1,0,1,0,1,1,1,0,0,0
159.9512,10.78369,2,75,13,27478,1105.06706,1,0,1,0,1,0,0,0,1,0,1
139.9568,5.14486,4,55,9,66,841.9569184,1,0,1,0,1,1,0,0,0,1,0
120.0049,1.453022,2,85,13,637,639.623576,1,1,0,1,0,1,0,1,1,0,0
129.9621,7.138798,4,34,12,1630,1497.624239,0,0,0,1,1,0,0,1,0,1,0
255.1555,3.59353,0,59,15,619,950.0977853,1,0,1,0,0,1,0,1,0,1,1
119.9897,7.150962,1,56,14,3081,915.023098,0,0,0,0,0,1,0,0,1,1,0
207.6094,9.49793,3,19,13,141,1472.144905,1,1,1,0,1,0,0,0,0,1,1
177.4945,4.740006,0,62,11,3239,1237.609162,0,0,0,1,1,1,0,1,1,1,0
207.6094,14.74415,1,51,10,439,1688.469176,1,0,1,0,1,0,0,0,0,1,1
232.6415,6.933201,3,41,13,89,1279.335621,0,1,1,0,1,0,0,1,1,1,1
220.1149,16.08074,1,57,11,1045,2310.814138,1,0,0,1,1,0,0,0,0,1,1
127.4783,8.846877,4,66,12,255,1351.805265,0,0,0,1,1,1,0,0,0,0,0
127.4958,16.26349,0,35,8,3884,1537.706248,0,0,1,0,1,1,0,1,0,0,0
149.9741,14.74297,1,33,14,235,2027.035214,0,1,0,1,1,1,1,0,0,0,0
169.9447,9.298353,4,87,15,2157,1074.116423,1,1,1,0,0,0,0,0,0,1,0
192.4404,11.32383,3,27,19,4996,1500.00368,0,0,1,0,1,0,1,0,0,1,0
235.1417,7.83307,2,58,13,5342,1742.049983,1,1,0,1,1,1,0,0,1,1,1
92.45514,1.773271,1,74,14,7979,506.4720015,0,0,0,1,1,0,0,0,0,0,0
169.9671,5.001663,0,29,8,17052,799.8803649,0,1,0,0,0,0,1,0,0,0,1
172.5104,9.38783,3,54,15,36184,1080.663566,0,0,1,0,1,1,0,1,1,0,0
154.9755,9.396957,2,61,13,24463,1701.75372,0,1,0,1,0,1,1,1,0,1,0
192.4885,19.95038,3,24,14,13569,2063.282237,1,0,1,0,1,0,1,1,1,0,0
214.9525,19.13997,3,37,14,27630,2111.077001,0,1,1,0,1,0,1,0,1,0,1
184.961,8.631838,4,43,15,3503,1745.550396,0,0,0,1,1,1,1,0,0,0,1
217.484,6.597395,1,51,8,94,1131.921,1,0,1,0,1,1,1,1,0,0,1
125.0073,10.8378,1,62,13,6108,1114.43184,1,1,0,0,1,0,0,1,0,0,0
132.5127,9.986555,2,33,8,44328,1291.650867,0,1,0,0,1,1,0,1,1,1,0
137.4698,5.27717,0,82,15,237,895.1202801,0,1,0,1,1,0,0,0,1,0,0
152.4555,12.90094,1,75,13,5494,1740.01586,0,0,0,1,1,1,1,0,0,0,1
187.6094,7.303501,0,46,14,237,1477.901329,1,0,0,1,1,0,0,0,0,1,1
127.4601,4.10653,4,56,12,4907,1029.623058,0,0,0,1,1,0,1,0,1,0,0
79.97886,12.95912,3,19,10,1101,1333.702402,1,0,0,0,1,0,0,0,0,0,0
197.4945,24.84802,1,63,9,4152,2499.22788,1,0,1,0,1,1,0,1,1,1,0
220.1185,8.443528,2,43,15,39090,1280.600763,0,0,1,0,1,0,0,0,1,1,1
157.4698,13.33383,3,58,14,101,1312.812193,0,0,1,0,0,0,0,0,1,0,0
194.9699,11.31189,3,27,17,324,1515.642262,1,0,1,0,1,0,1,1,1,0,1
220.1615,1.280342,0,50,10,25244,761.9185367,0,0,0,0,1,0,0,1,0,1,1
172.4555,16.76542,1,62,18,401,1771.904961,1,0,1,0,1,1,1,0,0,0,1
107.4806,16.03441,1,67,14,16629,1555.471333,1,1,0,0,1,1,0,0,0,1,0
142.4689,10.85354,0,19,11,774,1639.236491,0,0,0,1,0,1,0,0,1,0,1
175.0062,5.72421,0,50,8,29020,1208.719407,1,0,0,1,1,1,1,1,1,0,0
197.6288,2.317456,2,75,11,12414,716.3402711,1,0,0,0,1,0,1,0,0,1,1
112.4551,3.895605,1,26,8,3494,506.5377808,0,1,1,0,1,0,0,0,0,0,0
214.9663,2.840185,3,19,10,413,915.3457897,1,1,1,0,1,0,1,1,0,0,1
152.509,5.63355,1,37,10,451,1005.757327,1,0,0,0,1,1,0,1,0,1,0
149.9598,2.021619,1,39,10,279,462.9626012,0,1,1,0,1,1,0,0,0,0,1
182.4833,14.60884,7,81,11,1584,1634.207671,1,0,1,0,1,1,1,0,1,0,0
182.497,14.75827,0,77,3,4967,1524.896385,0,0,1,0,0,1,1,1,0,0,0
149.9621,12.62769,6,66,10,3149,1443.47725,0,1,1,0,1,0,0,1,0,1,0
124.9781,6.38998,1,61,11,33685,599.0290899,0,0,1,0,1,0,0,1,0,0,0
165.0113,23.12261,4,70,15,10531,2366.107617,0,0,0,0,0,1,1,1,1,0,1
120.0035,9.521766,2,34,12,186,1206.904751,1,0,0,0,1,1,0,1,0,1,0
255.1555,8.642257,2,20,13,4747,1553.215778,0,0,1,0,1,1,0,1,0,1,1
197.6288,5.760318,0,66,12,619,966.3793761,0,1,0,0,1,0,1,0,0,1,1
149.9598,16.05802,0,31,8,324,1608.519234,0,1,1,0,1,1,0,0,0,0,1
172.4567,7.431055,2,85,7,16080,1283.018595,1,0,0,1,1,0,0,0,1,0,1
265.1283,10.56737,0,75,10,75,1524.959035,0,0,1,0,0,1,1,0,0,1,1
149.9928,9.570397,2,88,13,18321,1291.655399,0,0,0,1,0,0,0,1,1,0,0
137.4392,2.407697,0,74,11,9952,270.9293518,0,0,1,0,1,0,0,0,0,1,0
117.4686,3.962302,1,87,13,26061,812.4076078,1,0,0,1,1,1,1,0,0,0,0
220.1323,6.391286,1,58,13,1165,1066.249033,0,1,1,0,1,0,0,1,0,1,1
149.9447,16.43691,0,49,12,94,2026.924358,1,0,0,1,1,0,0,0,0,1,0
179.9656,10.92718,1,41,12,39859,1203.774277,0,1,1,0,1,0,1,0,1,0,0
192.4885,11.18714,2,48,14,15119,1235.76897,0,1,1,0,0,0,1,1,1,0,0
222.65,9.349363,3,52,12,14580,1512.125761,1,0,1,0,1,1,0,1,0,1,1
132.466,2.911327,10,38,14,1121,1317.208422,0,1,0,1,1,1,0,0,1,1,0
162.4526,2.368597,3,88,9,14863,522.4324646,0,0,1,0,1,1,1,0,0,1,0
149.9447,1.364515,4,41,10,4390,988.3464184,0,0,0,1,0,0,0,0,0,1,0
232.6415,13.77358,0,64,9,2371,1672.058732,0,1,1,0,1,0,0,1,1,1,1
139.9568,4.415788,1,51,9,17694,655.9249473,0,0,1,0,1,1,0,0,0,1,0
104.9643,5.855481,4,19,11,16525,1200.247776,0,0,0,1,1,0,0,0,1,0,0
149.989,1.216309,1,56,15,19097,413.1912075,1,0,0,0,1,1,0,0,0,0,1
200.1323,3.02742,3,64,8,1187,1246.012987,0,1,0,1,0,0,0,1,0,1,1
184.9853,5.638782,0,50,13,5107,932.7790894,0,0,1,0,1,1,0,1,0,1,0
137.4686,9.534696,0,80,17,221,847.6690217,1,0,1,0,1,1,1,0,0,0,0
172.4848,15.37783,2,19,7,36455,1819.640333,0,0,0,0,1,1,1,0,0,0,1
152.4624,3.857792,5,45,15,46875,1238.459696,0,0,0,1,1,1,0,0,0,1,0
175.1331,13.57249,2,76,11,1868,1541.284939,1,0,0,0,1,0,0,0,0,1,1
220.1615,20.89442,0,84,9,76,2210.526102,1,1,0,0,0,0,0,1,0,1,1
149.9741,7.565171,4,30,15,4941,1541.0921,1,0,0,1,1,1,1,0,0,0,0
144.9607,3.048345,9,55,11,2491,577.9768805,0,1,1,0,1,0,0,0,0,0,0
139.9861,11.62262,7,73,12,427,1430.966496,1,0,0,0,1,1,0,0,0,1,0
212.6415,7.280799,2,33,9,36312,1716.755804,0,0,0,1,1,0,0,1,1,1,1
139.9875,7.567398,0,44,14,2405,1282.568064,0,0,0,1,1,1,0,0,1,0,0
235.1555,19.49059,3,74,10,23512,2709.337012,0,0,0,1,1,1,0,1,0,1,1
159.965,17.39814,0,64,19,2623,1702.35927,1,0,1,0,1,0,0,1,0,0,1
245.1612,1.273256,4,46,14,33328,985.96179,0,0,0,0,1,1,1,0,1,1,1
152.4742,2.871903,6,19,14,16079,1262.175265,0,0,0,1,1,0,0,1,1,0,1
137.4392,3.443373,3,88,15,1578,441.303964,1,0,1,0,1,0,0,0,0,1,0
210.1518,1.110729,1,59,11,7011,724.2830732,1,0,0,0,0,0,1,1,0,1,1
179.9476,10.45425,3,60,14,40837,1143.379552,1,1,1,0,1,0,0,0,0,0,1
204.9797,3.613491,1,41,10,1785,755.3426141,1,0,1,0,1,0,0,1,1,0,1
117.4835,23.28091,4,66,8,18301,2291.020179,1,0,0,0,1,1,0,0,0,0,1
179.9794,5.799929,0,56,15,188,702.2310933,0,0,1,0,1,0,1,1,0,0,0
137.4872,3.636783,2,24,11,11850,529.8555137,1,1,1,0,1,0,0,1,1,0,0
120.0035,2.149118,4,44,11,3195,717.7031752,1,0,0,0,1,1,0,1,0,1,0
162.4713,11.6573,3,28,16,21765,1447.576599,0,0,1,0,0,0,0,1,1,1,0
149.9378,4.283128,0,52,7,4988,1003.311614,1,1,0,1,1,0,1,0,0,0,1
117.4392,18.21715,4,19,10,733,2322.340226,0,1,0,1,1,0,0,0,0,1,0
147.4738,7.571234,3,37,11,25901,930.0652299,1,1,1,0,1,0,1,1,0,0,0
177.6508,20.87125,2,21,11,2216,2441.911507,0,0,0,0,1,1,0,0,0,1,1
162.4689,8.83974,0,75,8,68676,959.4182525,0,0,1,0,1,1,0,0,1,0,1
127.5067,10.86612,2,51,14,37878,1209.964607,0,0,0,0,0,0,1,1,1,0,0
152.4579,12.38916,1,69,14,266,1814.711402,0,0,0,1,1,0,1,1,0,1,0
147.4783,7.934658,7,43,11,360,1031.328337,1,0,1,0,1,1,0,0,0,0,0
157.4836,23.75492,0,62,11,900,2142.048492,0,1,1,0,1,0,0,1,0,0,0
107.4958,1.598259,10,23,12,612,1179.03962,0,0,0,1,1,1,0,1,0,0,0
120.0049,4.83659,0,72,14,141,980.2047172,1,1,0,1,1,1,0,1,1,0,0
114.9658,28.31146,2,22,14,45763,2710.699322,1,0,0,0,1,0,0,0,0,0,1
140.0049,8.161101,0,36,13,1283,874.8586177,1,0,1,0,1,1,0,1,1,0,0
159.9794,10.55165,0,71,11,12275,1455.89147,0,0,0,1,1,0,1,1,0,0,0
169.9928,2.353582,1,63,10,4654,338.0121063,0,1,1,0,1,0,0,1,1,0,0
129.995,5.317775,6,74,14,3708,822.6124438,1,0,0,0,1,0,0,1,1,1,0
105.011,1.295137,7,63,8,907,446.3286395,0,0,0,0,1,0,0,1,1,0,0
164.9715,14.70737,0,67,14,207,1905.720335,1,0,0,1,1,1,0,0,1,1,0
127.5112,7.863565,0,36,16,1871,837.2841389,0,0,0,0,1,1,0,0,1,0,0
162.4833,9.321719,1,84,13,423,1419.94259,1,0,0,1,1,1,1,0,1,0,0
182.497,4.561449,1,24,12,17058,893.9429985,1,1,1,0,1,1,1,1,0,0,0
147.4601,4.278123,3,88,18,259,412.2016012,1,1,1,0,1,0,1,0,1,0,0
114.9838,5.876252,0,39,14,23980,693.7341041,1,1,0,0,1,0,1,0,1,0,0
112.4844,4.674127,3,27,18,1697,618.2837675,1,0,0,0,1,0,0,0,0,0,0
137.4686,2.912281,2,23,10,1238,553.494246,1,0,1,0,0,1,1,0,0,0,0
142.5007,7.896421,2,57,12,3006,1435.659724,0,0,0,1,1,1,1,1,1,0,0
117.5152,5.115763,7,59,10,764,937.3671919,0,0,0,0,1,1,1,1,0,0,0
172.4848,3.911083,4,35,13,4555,971.4767445,1,0,0,0,1,1,1,0,0,0,1
117.4392,5.096104,0,77,12,8878,980.9842958,0,1,0,1,1,0,0,0,0,1,0
149.9598,2.277916,1,28,14,18518,520.0280011,1,0,1,0,1,1,0,0,0,0,1
112.4844,11.30129,2,72,13,187,982.9761431,1,0,0,0,0,0,0,0,0,0,0
129.9926,33.6803,0,78,9,25134,2902.678202,1,0,0,0,1,1,0,0,1,0,1
117.4686,16.66607,1,80,12,3498,1876.277402,1,0,0,1,1,1,1,0,0,0,0
169.9378,16.15713,3,44,11,2050,1767.444722,0,1,1,0,1,0,1,0,0,0,1
204.9634,2.976407,5,45,8,597,903.733212,0,0,1,0,1,0,1,1,0,1,0
127.4783,3.235443,1,23,11,10509,1022.929869,0,0,0,1,1,1,0,0,0,0,0
210.1518,13.59261,3,75,5,5438,1803.186158,1,1,0,0,1,0,1,1,0,1,1
172.4441,8.808902,3,71,9,4363,1034.993917,0,0,1,0,1,0,1,0,1,1,0
162.4653,4.560311,1,57,13,32901,1097.407168,1,0,0,1,1,1,0,0,0,0,1
120.0035,20.34377,0,78,7,1273,1973.92172,0,0,0,0,1,1,0,1,0,1,0
149.9621,20.86192,0,63,11,1264,1943.299733,1,0,1,0,1,0,0,1,0,1,0
182.4608,20.5032,4,71,15,276,2068.674053,0,1,1,0,1,0,1,1,0,0,1
169.9741,11.92723,5,30,10,969,1433.513815,1,0,1,0,1,1,1,0,0,0,0
137.4872,9.47414,1,39,14,24296,1010.477682,0,0,1,0,1,0,0,1,1,0,0
172.4624,8.116071,2,72,13,3378,993.0023112,1,0,1,0,1,1,0,0,0,1,0
182.497,7.490867,3,77,8,22385,939.4887657,0,0,1,0,1,1,1,1,0,0,0
152.4952,9.447103,2,59,15,593,1149.009681,0,0,0,0,0,1,0,0,1,1,0
182.447,5.848803,0,48,9,1267,821.6574124,0,0,1,0,1,0,1,0,1,0,1
139.9512,7.283366,2,89,12,3558,1185.85182,1,0,0,1,1,0,0,0,1,0,1
149.9707,1.866832,1,78,9,2435,427.8088852,1,1,0,0,1,0,1,0,1,0,1
187.656,2.240146,1,59,10,40604,722.8349685,0,0,0,0,1,0,0,1,0,1,1
152.4742,3.992629,6,21,10,34918,1261.333501,0,0,0,1,0,0,0,1,1,0,1
120.0035,1.671807,2,61,15,16578,514.2333467,0,0,0,0,0,1,0,1,0,1,0
127.4421,10.35779,1,25,12,2616,1612.488802,1,0,0,1,1,0,0,0,0,0,1
174.9699,22.52336,0,53,12,1851,2587.895755,1,0,0,1,1,0,1,1,1,0,1
172.4871,15.84313,3,30,10,38,1945.615058,0,1,0,0,1,0,1,1,0,1,0
182.4433,16.64015,4,69,13,19843,2159.000591,1,1,0,1,1,0,1,0,0,0,1
162.4676,4.434036,4,22,14,680,1301.182014,1,0,0,1,1,0,0,1,0,1,0
195.0062,6.318781,1,40,11,7169,907.5139744,1,0,1,0,1,1,1,1,1,0,0
255.1336,17.18815,4,51,15,46276,2692.714225,0,0,0,1,1,0,1,1,0,1,1
104.9781,2.14479,7,30,15,36265,951.0274665,1,0,0,1,1,0,0,1,0,0,0
142.5007,9.19773,8,41,8,939,1697.166405,0,0,0,1,1,1,1,1,1,0,0
162.4827,5.88788,1,37,13,2275,871.4588583,1,0,1,0,1,1,0,1,0,0,1
242.6573,11.21368,4,42,12,884,1819.192603,0,0,0,0,1,0,1,1,0,1,1
147.4601,5.213752,3,64,13,2455,567.5523212,0,1,1,0,1,0,1,0,1,0,0
152.4441,1.215614,0,58,14,26044,776.5788688,0,0,0,1,1,0,1,0,1,1,0
114.9976,4.226363,0,75,11,480,439.0514662,1,0,0,0,1,0,1,1,0,0,0
119.9568,11.70321,0,38,9,3758,1725.42639,0,0,0,1,1,1,0,0,0,1,0
164.9889,7.2247,0,30,15,3892,1060.670899,1,0,1,0,1,1,0,1,1,1,0
162.4833,4.548296,4,52,16,463,1143.803066,1,0,0,1,1,1,1,0,1,0,0
192.4567,19.2087,1,47,8,1063,1928.36236,0,0,1,0,1,0,0,0,1,0,1
149.9447,4.087832,0,33,15,331,1114.579555,1,0,0,1,1,0,0,0,0,1,0
82.49655,1.177776,2,47,13,1326,320.9812888,0,1,0,0,1,1,0,0,0,0,0
139.965,12.75835,4,74,9,432,1826.031678,0,0,0,1,1,0,0,1,0,0,1
104.9781,3.079288,0,62,8,351,707.1891381,1,0,0,1,1,0,0,1,0,0,0
112.4551,7.116216,1,35,10,203,658.6339621,1,1,1,0,1,0,0,0,0,0,0
232.652,5.315954,1,49,13,549,1163.644754,1,0,0,0,1,1,1,0,0,1,1
194.9699,7.735821,4,78,15,37639,1003.915085,0,0,1,0,1,0,1,1,1,0,1
142.4689,4.473582,0,19,11,2848,1116.476714,1,0,0,1,1,1,0,0,1,0,1
227.4754,4.926111,0,37,11,20300,856.9298283,1,0,1,0,1,0,1,1,1,0,1
197.6288,16.22394,2,27,14,23117,2060.236225,1,0,0,0,1,0,1,0,0,1,1
172.4705,13.05964,1,57,14,1307,1803.766672,0,0,0,1,0,0,0,1,0,0,1
127.4738,20.87922,4,71,14,52,2435.584022,1,0,0,1,1,0,1,1,0,0,0
149.9378,13.07421,0,87,13,16427,1612.709993,0,0,0,1,1,0,1,0,0,0,1
182.4608,3.284958,3,50,16,17094,778.200989,0,1,1,0,1,0,1,1,0,0,1
174.9744,5.645298,0,24,14,339,1268.042248,0,0,0,1,1,1,0,0,1,0,1
162.4713,19.91179,4,60,4,36681,2049.799984,0,0,1,0,1,0,0,1,1,1,0
159.983,24.94738,5,84,9,4825,2265.62602,0,1,1,0,1,0,1,1,1,0,0
207.4811,7.488398,5,65,9,845,1236.012715,1,0,1,0,1,1,1,1,0,1,0
204.9634,10.07156,1,33,13,1484,1401.299612,1,0,1,0,0,0,1,1,0,1,0
182.4762,22.7117,3,72,15,23438,2288.984083,0,1,0,0,1,0,1,0,1,0,1
182.4538,14.7094,4,18,10,233,1700.981258,1,0,1,0,0,0,0,0,1,1,0
147.4601,17.02059,0,58,12,48854,1544.583357,1,0,1,0,1,0,1,0,1,0,0
160.0013,18.81173,3,21,9,753,1956.709597,0,1,1,0,1,1,0,1,0,0,0
207.6094,1.481306,1,36,12,1753,650.9200141,1,0,1,0,1,0,0,0,0,1,1
257.6513,16.55879,2,81,12,838,2509.367174,0,0,0,1,1,1,1,1,0,1,1
252.624,2.657783,4,28,13,872,942.1751694,1,0,1,0,1,0,0,0,1,1,1
204.961,12.29093,4,26,6,6965,1687.611214,0,0,1,0,1,1,1,0,0,0,1
147.4601,13.02429,4,64,16,5651,1238.315929,1,0,1,0,1,0,1,0,1,0,0
162.4676,9.741749,3,58,14,8488,1626.329435,0,0,0,1,1,0,0,1,0,1,0
174.9581,15.49078,1,41,13,3227,2175.607761,0,0,0,1,1,1,1,0,0,1,0
287.6427,5.962119,0,22,18,38,1288.594508,0,0,1,0,0,0,1,1,1,1,1
257.6549,3.831822,3,45,7,5596,1134.240308,0,1,1,0,1,1,1,1,1,1,1
172.4624,7.374499,7,87,7,2272,1036.983336,0,1,1,0,1,1,0,0,0,1,0
222.6326,8.980916,3,37,16,2918,1931.414865,1,0,0,1,1,1,0,0,0,1,1
117.4392,16.05745,2,76,13,19255,1943.981469,1,0,0,1,1,0,0,0,0,1,0
169.9447,20.7012,0,77,14,15812,1918.0889,1,1,1,0,1,0,0,0,0,1,0
159.9512,8.462066,2,63,6,302,954.1821997,1,0,1,0,1,0,0,0,1,0,1
114.9658,7.646165,3,65,10,12449,907.2332556,1,0,0,0,1,0,0,0,0,0,1
119.9568,7.704545,6,27,16,2810,1618.557444,0,0,0,1,1,1,0,0,0,1,0
169.9928,3.767302,2,53,13,7017,517.420314,1,0,1,0,1,0,0,1,1,0,0
207.6386,2.560691,2,78,15,227,751.4491239,0,0,0,0,1,0,0,0,0,1,1
114.9509,5.095356,3,45,14,1547,1025.488105,1,1,0,1,1,0,1,0,0,0,0
192.4885,9.231083,0,32,10,23078,1066.382948,1,0,1,0,1,0,1,1,1,0,0
127.4738,2.531394,1,63,6,10134,783.7920101,1,0,0,1,1,0,1,1,0,0,0
200.1652,3.811111,3,81,14,2840,892.372841,0,0,0,0,1,0,0,1,1,1,1
182.4676,12.80172,1,72,10,8880,1403.146012,1,0,1,0,1,0,0,1,0,1,0
174.9882,12.66908,0,56,11,1219,1901.748017,0,1,0,1,1,1,0,1,0,0,1
162.4608,4.860179,4,49,13,44239,1354.828783,1,0,0,1,1,0,1,1,0,0,1
184.9634,4.610249,1,22,10,2052,1403.371015,1,1,0,1,1,0,1,1,0,1,0
169.9378,16.69091,0,23,13,2279,1705.393068,1,0,1,0,1,0,1,0,0,0,1
192.4705,8.249394,4,73,13,4228,1118.312856,0,1,1,0,1,0,0,1,0,0,1
107.482,14.11275,4,77,14,124,1761.872716,1,0,0,1,0,1,0,0,1,0,0
142.4713,11.70988,1,85,15,3579,1569.873827,1,0,0,1,1,0,0,1,1,1,0
242.6106,10.33785,4,39,18,10,2038.559634,1,0,0,1,1,0,1,0,0,1,1
290.1604,10.81182,1,27,7,16540,1822.617538,1,0,1,0,1,1,1,1,1,1,1
194.9768,1.24728,0,37,12,23,544.6911156,1,0,1,0,1,0,0,1,1,1,0
162.4653,6.864699,2,50,13,35489,1422.2449,0,0,0,1,1,1,0,0,0,0,1
194.9663,4.745801,1,76,6,39309,1236.530575,1,1,0,1,1,0,1,1,0,0,1
222.6281,3.613493,0,51,10,67,1385.346757,0,0,0,1,1,0,1,1,0,1,1
252.6378,6.830372,0,70,15,19706,1104.049328,0,0,1,0,1,0,0,1,0,1,1
175.0048,12.50785,3,28,5,1503,1667.975198,0,0,0,0,1,1,1,1,0,1,0
142.4526,14.1842,1,34,11,3298,2066.602785,0,0,0,1,1,1,1,0,0,1,0
159.9875,7.637611,9,80,14,1126,951.5719456,1,1,1,0,1,1,0,0,1,0,0
245.1283,17.16447,2,67,17,1926,2519.749676,0,1,0,1,0,1,1,0,0,1,1
212.6415,4.297488,4,73,10,140,1402.733623,0,0,0,1,1,0,0,1,1,1,1
182.4608,5.306649,5,67,10,16522,867.400478,0,0,1,0,1,0,1,1,0,0,1
124.9607,15.58596,1,62,14,35575,1749.548835,0,1,0,1,1,0,0,0,0,0,0
207.4754,10.13181,4,87,15,312,1738.461046,0,0,0,1,1,0,1,1,1,0,1
202.6829,9.345696,7,30,8,712,1711.417233,1,1,0,0,1,1,0,1,1,1,1
257.6549,1.124104,6,75,8,24092,906.3706236,1,0,1,0,1,1,1,1,1,1,1
169.9928,11.69762,0,40,15,1046,1230.552027,0,0,1,0,1,0,0,1,1,0,0
245.1457,3.924965,4,30,10,10211,1217.513281,1,1,1,0,1,1,1,1,0,1,1
117.4858,1.361282,0,87,8,148,313.8263132,1,0,0,0,1,0,0,1,0,1,0
200.1652,2.555762,2,19,8,15288,914.9491958,1,1,0,0,1,0,0,1,1,1,1
245.132,9.747138,8,48,15,402,1677.870071,0,1,1,0,1,1,1,0,1,1,1
190.127,27.84191,0,26,13,26177,3348.604428,0,1,0,1,0,1,0,0,0,1,1
149.9378,10.92044,3,80,12,7875,1633.825007,0,0,0,1,1,0,1,0,0,0,1
157.4836,18.2864,3,27,11,10115,1818.78969,0,1,1,0,1,0,0,1,0,0,0
222.65,2.002856,1,74,12,5601,729.4156023,1,1,1,0,1,1,0,1,0,1,1
217.4702,17.05378,2,31,17,5076,1921.943744,1,0,1,0,0,1,1,0,1,0,1
159.9794,3.998314,0,50,20,25503,987.7767172,1,1,0,1,1,0,1,1,0,0,0
184.9963,4.636111,1,35,9,3853,906.6428092,0,0,0,0,1,0,1,1,1,1,0
287.6427,12.28371,3,44,14,16352,1873.849553,1,0,1,0,1,0,1,1,1,1,1
169.9741,9.573255,2,41,15,2350,1194.501468,0,0,1,0,1,1,1,0,0,0,0
159.9875,6.483314,2,67,14,1339,684.120914,1,1,1,0,1,1,0,0,1,0,0
139.9512,18.76931,0,77,12,1404,2104.759302,0,0,0,1,1,0,0,0,1,0,1
169.9447,14.09379,1,41,12,562,1439.393149,0,0,1,0,1,0,0,0,0,1,0
184.9785,7.481549,4,49,11,95,1145.212837,1,1,1,0,1,1,1,1,0,0,1
192.4404,12.00591,0,57,13,2065,1318.124689,0,0,1,0,1,0,1,0,0,1,0
129.995,14.56715,0,62,13,129,1482.175651,1,1,0,0,1,0,0,1,1,1,0
149.9778,3.263347,2,26,15,913,659.0331885,1,0,1,0,1,1,1,0,1,0,0
102.4746,9.147346,0,83,10,36224,813.1772502,0,0,0,0,0,0,1,0,0,0,0
194.9525,7.61586,3,66,15,1747,1402.943949,0,1,0,1,1,0,1,0,1,0,1
174.9919,2.942297,1,23,6,1704,762.6142063,1,1,1,0,1,1,0,1,1,0,1
192.4404,2.357852,5,80,13,678,606.098118,1,0,1,0,1,0,1,0,0,1,0
124.9643,21.97517,1,71,11,759,1844.72312,1,0,1,0,1,0,0,0,1,0,0
117.4835,8.249104,3,33,11,35465,1054.470395,1,0,0,0,1,1,0,0,0,0,1
220.1615,2.398402,0,54,9,36047,840.4153973,0,0,0,0,1,0,0,1,0,1,1
255.1417,5.738405,0,24,8,66,1159.773784,0,0,1,0,1,1,0,0,1,1,1
207.4754,7.232429,6,83,12,2863,1575.575608,0,0,0,1,1,0,1,1,1,0,1
225.1457,3.895892,2,52,11,7004,1494.926003,0,1,0,1,1,1,1,1,0,1,1
160.0122,2.440105,0,46,11,111,546.329954,1,1,0,0,1,0,1,1,1,0,0
210.1563,26.91021,1,27,14,7797,2911.171492,0,0,0,0,1,1,0,0,0,1,1
104.9629,2.110607,0,50,12,154,411.3879952,1,0,0,0,1,0,0,0,0,1,0
162.4526,11.62388,3,47,5,26893,1415.214639,1,1,1,0,1,1,1,0,0,1,0
152.4579,9.932123,2,27,11,64,1734.8206,1,0,0,1,1,0,1,1,0,1,0
117.4392,21.06092,2,73,15,44145,2316.736557,1,0,0,1,1,0,0,0,0,1,0
207.4811,12.13947,3,59,14,113,1575.21359,1,0,1,0,1,1,1,1,0,1,0
124.9607,10.52734,1,69,17,2640,1394.391376,0,0,0,1,1,0,0,0,0,0,0
149.989,17.78769,4,65,9,21734,1833.860705,1,0,0,0,1,1,0,0,0,0,1
149.9447,18.59752,1,40,10,680,2264.252412,1,0,0,1,1,0,0,0,0,1,0
117.4392,8.284386,1,44,12,500,1381.204928,1,0,0,1,1,0,0,0,0,1,0
127.4738,21.47001,1,86,14,34675,2342.458997,0,0,0,1,1,0,1,1,0,0,0
169.9447,4.534691,0,48,11,40,688.5203813,0,0,1,0,1,0,0,0,0,1,0
197.484,6.209949,2,53,15,46041,1537.896278,1,0,0,1,1,1,1,1,0,0,1
162.4833,9.724026,1,21,13,579,1659.460954,0,1,0,1,1,1,1,0,1,0,0
257.6549,7.413447,2,23,16,3322,1469.056257,0,0,1,0,1,1,1,1,1,1,1
162.4827,8.514329,3,25,10,17,1269.863425,0,1,1,0,1,1,0,1,0,0,1
197.484,10.86482,0,47,17,1715,1877.408606,1,0,0,1,1,1,1,1,0,0,1
152.4884,22.11529,3,85,8,1130,2200.745774,1,0,0,0,1,1,1,0,1,0,1
157.4698,2.138612,2,80,14,2123,292.5858924,0,0,1,0,1,0,0,0,1,0,0
242.6106,2.771756,3,88,13,1402,1274.226078,1,1,0,1,1,0,1,0,0,1,1
112.4551,12.31648,4,69,11,14440,1147.89846,1,1,1,0,1,0,0,0,0,0,0
195.0062,10.33427,1,19,11,297,1387.672089,1,0,1,0,1,1,1,1,1,0,0
230.1344,9.742042,5,41,14,46418,1647.527241,1,0,0,0,1,0,1,0,0,1,1
197.6288,7.852216,1,48,13,6852,1274.638992,0,0,0,0,1,0,1,0,0,1,1
240.1149,10.03423,5,89,7,1070,1373.050161,1,0,1,0,1,0,0,0,0,1,1
192.4404,2.93932,4,33,14,4035,824.1074963,1,0,1,0,1,0,1,0,0,1,0
212.6415,1.20533,3,36,15,19270,1192.839844,0,1,0,1,1,0,0,1,1,1,1
147.4564,6.893142,2,35,14,13005,1250.575676,0,0,0,1,1,0,1,0,0,0,0
107.4958,10.42906,1,19,13,266,1638.668955,1,0,0,1,1,1,0,1,0,0,0
184.9939,2.719751,2,80,12,4508,586.7907291,0,0,0,0,1,1,1,0,1,0,1
139.9816,12.674,0,21,14,497,1504.092246,0,0,0,0,1,0,1,1,0,1,0
179.9656,5.446201,3,85,12,492,589.6981979,1,0,1,0,1,0,1,0,1,0,0
232.6228,14.26858,1,29,7,8778,1937.879436,1,0,1,0,0,1,1,0,0,1,1
142.4713,9.738632,3,53,11,1808,1621.89345,1,0,0,1,1,0,0,1,1,1,0
252.624,2.504861,2,18,15,315,900.8621208,0,0,1,0,1,0,0,0,1,1,1
169.9928,7.100883,1,86,13,370,733.8730965,0,0,1,0,1,0,0,1,1,0,0
197.4945,10.45843,0,78,13,395,1240.211719,0,0,1,0,1,1,0,1,1,1,0
192.4404,21.42092,0,62,11,586,2120.230349,0,0,1,0,1,0,1,0,0,1,0
94.97283,34.49234,0,64,11,3302,3346.893074,0,1,0,1,1,1,0,0,0,0,0
187.656,5.799375,1,70,14,2800,978.4054903,0,0,0,0,1,0,0,1,0,1,1
117.4392,6.072026,2,53,14,1692,1154.151996,0,1,0,1,1,0,0,0,0,1,0
192.4705,14.36438,2,82,12,5494,1445.998649,1,0,1,0,1,0,0,1,0,0,1
242.6326,2.017622,1,58,13,42041,816.9425462,1,0,1,0,1,1,0,0,0,1,1
210.1051,9.643609,4,54,9,3531,1860.544496,1,0,0,1,1,0,1,0,0,1,1
220.1185,9.373591,4,60,7,2007,1315.586731,0,0,1,0,1,0,0,0,1,1,1
169.9741,16.22349,1,29,12,865,1747.966742,1,1,1,0,1,1,1,0,0,0,0
147.4421,1.481935,2,76,13,32069,335.2998891,1,0,1,0,1,0,0,0,0,0,1
117.4858,14.8386,0,81,12,363,1437.800807,1,0,0,0,1,0,0,1,0,1,0
139.9875,18.76373,2,55,12,103,2143.189724,0,1,0,1,1,1,0,0,1,0,0
92.45514,6.101406,0,80,13,1004,810.6535635,0,0,0,1,1,0,0,0,0,0,0
275.1198,18.4468,0,77,8,4971,2046.091342,1,0,1,0,1,0,1,0,1,1,1
124.9607,4.180338,2,79,13,7789,790.0442858,1,0,0,1,1,0,0,0,0,0,0
112.4551,9.548023,8,66,9,244,1054.031935,1,0,1,0,1,0,0,0,0,0,0
159.9349,2.664026,0,27,12,955,579.0788972,0,0,1,0,1,0,1,0,0,1,0
182.497,9.621889,1,86,13,219,1023.023077,1,1,1,0,1,1,1,1,0,0,0
147.4421,11.09994,3,88,12,49836,1114.819074,1,1,1,0,1,0,0,0,0,0,1
242.6143,7.623523,1,34,14,6293,1306.124464,0,1,1,0,1,0,1,0,1,1,1
147.4738,12.7637,3,37,12,30231,1355.525049,0,1,1,0,1,0,1,1,0,0,0
129.9483,3.115729,3,27,18,5275,1079.325698,0,0,0,1,1,0,0,0,1,1,0
214.9663,31.44123,1,33,9,20269,3069.097767,0,1,1,0,1,0,1,1,0,0,1
255.1417,9.213435,3,19,11,926,1553.257429,0,0,1,0,1,1,0,0,1,1,1
242.6143,6.358996,0,86,15,325,954.1842126,0,0,1,0,0,0,1,0,1,1,1
124.9643,7.097053,0,73,13,52967,506.014128,1,0,1,0,1,0,0,0,1,0,0
230.1344,8.081693,3,22,15,4351,1512.206567,1,0,0,0,1,0,1,0,0,1,1
197.4725,4.570915,4,46,15,372,1418.137965,0,0,0,1,0,0,1,1,1,1,0
267.6647,3.590398,4,44,10,1033,1173.536496,0,0,1,0,1,1,0,1,1,1,1
204.961,12.5247,1,19,11,4476,1555.075783,1,0,1,0,1,1,1,0,0,0,1
204.9634,5.257695,6,74,13,1256,1026.361306,1,0,1,0,1,0,1,1,0,1,0
114.9976,1.005104,1,86,7,2618,252.1141473,0,0,0,0,1,0,1,1,0,0,0
194.9699,6.165028,4,85,12,1410,934.5432733,1,0,1,0,1,0,1,1,1,0,1
187.6094,20.66493,1,42,17,781,2616.607102,1,0,0,1,1,0,0,0,0,1,1
132.466,15.39326,1,81,16,1589,1921.908003,0,0,0,1,1,1,0,0,1,1,0
147.4738,8.752114,8,37,7,64,1180.747336,0,0,1,0,1,0,1,1,0,0,0
190.1599,9.882614,8,62,10,136,1596.133478,1,0,0,0,1,1,0,0,1,1,1
197.6288,3.657847,8,85,9,1033,978.0906718,1,0,0,0,0,0,1,0,0,1,1
137.4836,28.2824,0,31,13,1457,2945.865945,1,0,0,1,1,0,0,1,0,0,0
169.9447,4.72236,3,27,13,3599,865.1029349,1,1,1,0,1,0,0,0,0,1,0
142.4526,8.386574,3,74,16,5239,1474.927731,0,1,0,1,1,1,1,0,0,1,0
104.9643,14.6317,0,62,14,264,1655.231847,1,0,0,1,1,0,0,0,1,0,0
184.9797,14.55,2,48,12,6686,1990.499153,1,1,0,1,1,0,0,1,1,0,1
162.5299,10.90922,8,73,14,10235,1473.227973,0,0,0,0,0,1,1,1,1,0,0
140.0013,11.51439,1,66,7,5429,1559.33881,0,0,0,1,1,1,0,1,0,0,0
127.4738,13.72584,6,69,14,2201,1835.292593,1,0,0,1,1,0,1,1,0,0,0
160.0013,1.302103,2,40,16,9836,511.2155972,0,0,1,0,1,1,0,1,0,0,0
142.4993,1.940789,4,42,10,23247,754.1266839,0,0,0,0,1,1,1,1,0,1,0
169.9447,7.495947,1,75,11,768,826.366889,0,1,1,0,1,0,0,0,0,1,0
152.4579,15.88445,2,69,14,1788,2131.892874,1,0,0,1,1,0,1,1,0,1,0
157.4836,8.666281,2,33,9,9496,1062.367672,0,1,1,0,1,0,0,1,0,0,0
194.9744,2.970609,0,87,14,1702,511.1215788,0,0,1,0,1,1,0,0,1,0,1
179.9794,11.00328,0,57,12,15569,1207.589721,0,0,1,0,1,0,1,1,0,0,0
214.9663,5.21614,4,56,16,27766,1019.501584,1,0,1,0,1,0,1,1,0,0,1
129.9621,8.813715,1,55,10,7093,1426.604038,0,0,0,1,1,0,0,1,0,1,0
255.1417,13.04025,0,28,15,13489,1792.010429,1,0,1,0,1,1,0,0,1,1,1
154.9755,21.29638,0,64,15,1554,2558.308043,1,1,0,1,1,1,1,1,0,1,0
137.4978,4.86918,3,40,10,1920,760.8370835,0,0,0,0,1,1,1,0,0,0,0
230.1051,5.145314,2,82,12,727,972.1523011,1,0,1,0,1,0,1,0,0,1,1
107.4806,17.22292,0,22,9,34470,1769.609462,1,1,0,0,1,1,0,0,0,1,0
104.9923,2.348003,1,22,9,32739,562.038508,1,1,0,0,1,1,1,0,0,0,0
194.9992,4.629362,1,56,14,40447,801.1054209,0,0,0,0,1,0,1,1,1,0,1
162.4676,9.197686,4,50,12,2557,1685.817734,0,0,0,1,1,0,0,1,0,1,0
207.4811,7.816759,2,40,11,51275,1299.583627,1,0,1,0,1,1,1,1,0,1,0
184.9496,3.230823,2,41,10,1911,1178.011696,0,0,0,1,1,0,1,0,1,1,0
139.9792,4.655119,2,52,13,8750,843.1843931,1,0,0,0,1,1,1,0,0,0,1
114.9976,8.931572,0,53,11,375,979.002185,1,0,0,0,1,0,1,1,0,0,0
184.9785,2.567035,2,64,10,1485,717.8935328,1,0,1,0,1,1,1,1,0,0,1
154.9755,4.066843,0,50,11,5300,1192.457478,0,0,0,1,1,1,1,1,0,1,0
194.9699,10.86326,3,67,16,114,1265.450999,1,0,1,0,1,0,1,1,1,0,1
257.6549,32.73358,1,89,9,1783,3343.612596,1,0,1,0,1,1,1,1,1,1,1
127.475,4.422442,0,63,16,624,479.3287784,0,1,0,0,1,0,0,0,1,0,1
202.4433,6.611696,1,77,16,203,805.2130716,0,1,1,0,1,0,1,0,0,0,1
124.9643,7.778058,8,25,9,3199,965.4661617,0,0,1,0,1,0,0,0,1,0,0
197.4945,6.247141,6,52,12,27532,1118.046807,0,0,1,0,1,1,0,1,1,1,0
95.01949,13.10595,9,75,16,3068,1424.90105,0,0,0,0,1,1,0,1,0,0,0
102.4746,8.920338,2,38,10,41387,1003.68472,1,1,0,0,1,0,1,0,0,0,0
120.0049,7.369734,9,24,12,1045,1622.201707,1,0,0,1,0,1,0,1,1,0,0
162.4608,8.160495,3,20,9,918,1689.545339,0,1,0,1,0,0,1,1,0,0,1
202.4433,8.30949,0,26,13,1797,1080.752449,0,0,1,0,0,0,1,0,0,0,1
157.4698,20.44277,3,54,17,257,1826.132589,0,0,1,0,1,0,0,0,1,0,0
207.6094,7.626943,3,47,12,1306,1227.038436,0,0,1,0,1,0,0,0,0,1,1
222.65,2.326316,0,75,14,19669,768.9098018,0,1,1,0,1,1,0,1,0,1,1
174.9882,2.142469,0,25,11,19393,1058.572083,0,0,0,1,1,1,0,1,0,0,1
252.624,7.233075,0,50,10,10494,1121.796023,0,1,1,0,1,0,0,0,1,1,1
200.1323,23.49138,9,58,12,223,3174.219068,0,1,0,1,0,0,0,1,0,1,1
242.6326,2.086344,9,31,9,54,1110.320153,0,1,1,0,1,1,0,0,0,1,1
222.6609,13.41057,2,74,8,678,1765.087747,0,0,0,0,1,0,1,1,1,1,1
204.9634,4.008932,0,31,16,1020,880.3136958,1,0,1,0,1,0,1,1,0,1,0
252.6378,25.43212,7,78,10,29020,2864.553994,0,0,1,0,1,0,0,1,0,1,1
162.4937,11.38257,3,70,12,917,1294.33801,0,1,0,0,1,0,1,1,1,0,1
139.983,13.25185,0,62,9,999,1639.020185,1,0,0,1,1,0,1,1,1,0,0
127.4601,5.733719,0,68,9,63393,918.1830814,0,1,0,1,1,0,1,0,1,0,0
112.4551,11.9008,1,53,12,926,991.6569518,1,0,1,0,1,0,0,0,0,0,0
187.4673,7.022294,1,42,9,1108,1482.762683,1,1,0,1,1,1,1,0,1,1,0
187.6422,8.770703,0,37,15,34950,1265.511252,1,1,0,0,1,0,0,0,1,1,1
222.6143,3.08219,3,48,13,54464,1316.126296,0,0,0,1,1,0,1,0,1,1,1
142.4689,4.538742,8,19,14,861,1368.093103,1,0,0,1,1,1,0,0,1,0,1
127.4887,8.525122,0,65,9,1227,889.7590173,1,0,0,0,1,0,0,1,0,0,1
207.6094,2.09202,3,77,13,1398,628.1057927,1,1,1,0,1,0,0,0,0,1,1
92.48802,9.312768,3,36,13,2107,983.5145753,0,1,0,0,0,0,0,0,1,0,0
159.9794,16.74968,4,67,14,1949,2099.998325,0,0,0,1,1,0,1,1,0,0,0
127.4887,6.162825,2,82,12,587,702.030012,1,0,0,0,1,0,0,1,0,0,1
172.4579,1.578151,0,23,17,4907,588.3651083,0,0,1,0,1,0,1,1,0,1,0
245.147,10.29135,0,68,12,1921,1859.062929,1,0,0,1,1,0,0,1,1,1,1
147.4421,4.01663,3,27,11,5115,734.4252105,0,0,1,0,1,0,0,0,0,0,1
104.9781,10.70081,0,61,8,489,1417.244497,0,0,0,1,1,0,0,1,0,0,0
164.9715,7.890442,2,25,9,3213,1593.482092,0,0,0,1,1,1,0,0,1,1,0
114.9658,15.68627,1,82,17,42059,1448.715638,1,0,0,0,1,0,0,0,0,0,1
200.1323,11.5365,3,29,13,16943,2105.034412,1,0,0,1,1,0,0,1,0,1,1
235.1591,10.88054,3,87,14,236,1480.104233,1,0,1,0,1,1,0,1,1,1,1
235.1591,4.198245,1,38,11,9709,1078.709113,0,0,1,0,0,1,0,1,1,1,1
154.9618,5.500175,5,57,17,2674,1407.105672,0,1,0,1,1,1,1,0,1,1,0
129.9598,15.37432,2,37,14,36409,2007.890075,1,0,0,1,1,1,0,0,0,0,1
207.6386,6.435125,1,35,6,21156,1132.054698,1,0,0,0,1,0,0,0,0,1,1
242.6106,5.377803,1,76,10,3916,1465.534225,1,1,0,1,1,0,1,0,0,1,1
222.65,11.98109,9,21,10,12918,1967.055899,0,1,1,0,1,1,0,1,0,1,1
152.4742,4.418665,3,21,16,3196,1290.002306,1,0,0,1,1,0,0,1,1,0,1
152.4555,26.14972,1,36,9,2381,2957.287141,0,1,0,1,1,1,1,0,0,0,1
287.6427,3.430472,0,84,11,9339,924.9352116,0,0,1,0,1,0,1,1,1,1,1
220.1185,9.104003,0,33,13,1605,1305.935649,1,0,1,0,0,0,0,0,1,1,1
129.9483,3.932102,0,51,13,9612,928.1223375,0,0,0,1,1,0,0,0,1,1,0
139.9568,2.473299,7,33,13,143,787.5389871,1,1,1,0,1,1,0,0,0,1,0
127.4421,9.8256,1,80,6,24774,1306.270891,0,0,0,1,1,0,0,0,0,0,1
144.9607,5.614935,3,76,9,48008,617.0043032,1,0,1,0,1,0,0,0,0,0,0
150.0208,8.475773,1,47,16,2703,1139.265638,1,1,0,0,1,1,1,1,0,0,0
182.4676,14.14568,1,52,13,5455,1531.785841,1,0,1,0,1,0,0,1,0,1,0
179.9794,7.62689,2,42,11,1117,959.3986136,0,1,1,0,1,0,1,1,0,0,0
159.9805,3.199643,4,62,10,2325,577.5034833,1,1,0,0,1,0,0,0,1,0,1
159.9805,6.833364,3,76,12,21319,798.557141,1,0,0,0,1,0,0,0,1,0,1
197.6288,3.250618,3,55,13,903,889.1589238,1,0,0,0,1,0,1,0,0,1,1
169.9447,9.820347,1,81,13,11393,1044.205309,0,1,1,0,1,0,0,0,0,1,0
265.147,3.488459,7,78,11,464,1023.807054,0,0,1,0,0,0,0,1,1,1,1
207.4811,13.21976,3,42,12,4037,1680.40703,0,0,1,0,1,1,1,1,0,1,0
117.4872,2.758928,0,34,12,585,777.0645087,0,1,0,1,1,0,0,1,1,0,0
159.9794,1.399445,2,30,11,7714,901.9731056,0,0,0,1,1,0,1,1,0,0,0
184.9634,15.91192,2,52,11,6464,2214.777592,0,1,0,1,1,0,1,1,0,1,0
147.4421,5.595446,0,70,12,69,630.454611,0,0,1,0,1,0,0,0,0,0,1
139.965,17.30249,1,38,12,3463,2224.045421,0,0,0,1,1,0,0,1,0,0,1
79.97886,18.1201,5,35,10,2107,1683.407282,1,0,0,0,1,0,0,0,0,0,0
172.4705,26.06474,3,48,11,6750,2960.453451,0,1,0,1,1,0,0,1,0,0,1
149.9621,5.018901,1,40,10,270,798.4043093,0,0,1,0,1,0,0,1,0,1,0
207.6094,2.366635,4,49,13,1174,773.1936845,1,1,1,0,1,0,0,0,0,1,1
194.9744,1.669639,2,52,18,5144,498.5585239,1,0,1,0,1,1,0,0,1,0,1
200.1465,7.038169,0,25,11,46,1280.711037,1,0,0,0,1,1,1,0,0,1,1
147.4783,11.40214,5,46,10,230,1326.326983,0,0,1,0,1,1,0,0,0,0,0
149.9621,33.19612,0,61,14,57658,2960.494504,0,0,1,0,1,0,0,1,0,1,0
172.4624,2.198687,0,71,10,12968,410.7935286,1,0,1,0,1,1,0,0,0,1,0
212.6695,14.16299,0,43,9,2349,1890.634177,1,1,0,0,1,1,1,1,0,1,1
132.5127,6.408823,0,52,12,8510,874.6357853,0,0,0,0,1,1,0,1,1,1,0
139.9678,2.438513,1,50,9,6672,520.3000287,0,0,0,0,1,0,1,0,1,1,0
232.6228,21.51433,1,22,13,2988,2554.531054,0,1,1,0,1,1,1,0,0,1,1
149.9778,2.235315,1,52,10,153,458.7691639,0,0,1,0,1,1,1,0,1,0,0
227.4754,4.541407,1,50,11,83,895.8563668,0,0,1,0,0,0,1,1,1,0,1
129.9483,5.107455,3,52,10,33960,1113.503645,1,0,0,1,0,0,0,0,1,1,0
187.6094,13.79595,3,81,13,1243,2034.534213,0,1,0,1,1,0,0,0,0,1,1
194.9663,2.068518,5,30,15,2153,1291.115762,0,0,0,1,1,0,1,1,0,0,1
162.4713,2.866331,0,36,11,25048,608.6804201,0,0,1,0,1,0,0,1,1,1,0
169.9741,22.48816,8,31,16,491,2470.214952,0,1,1,0,1,1,1,0,0,0,0
159.983,7.235576,0,62,14,33420,732.5653824,1,0,1,0,1,0,1,1,1,0,0
194.9663,19.70995,3,29,13,1107,2592.211229,0,0,0,1,1,0,1,1,0,0,1
162.447,7.368353,6,72,13,34191,1379.566758,1,1,0,1,1,0,1,0,1,0,1
172.4885,8.334589,4,57,13,3417,1447.593195,0,0,0,1,0,0,1,1,1,0,0
127.4783,10.30326,3,59,14,445,1463.304212,0,1,0,1,1,1,0,0,0,0,0
182.4676,10.94068,2,32,16,1709,1326.472227,0,0,1,0,0,0,0,1,0,1,0
129.9621,15.49592,1,26,12,30228,2116.26369,1,0,0,1,1,0,0,1,0,1,0
159.9794,15.19686,2,36,17,412,2095.117873,0,0,0,1,0,0,1,1,0,0,0
92.45514,14.91488,3,36,10,165,1851.710555,1,1,0,1,1,0,0,0,0,0,0
184.9496,8.710976,1,71,13,206,1450.84591,0,0,0,1,1,0,1,0,1,1,0
227.4754,14.17125,3,21,9,15725,1841.554887,1,0,1,0,1,0,1,1,1,0,1
184.9785,16.96026,0,51,14,12349,1796.010353,1,0,1,0,1,1,1,1,0,0,1
139.9349,1.616979,4,62,6,165,962.2206823,1,0,0,1,1,0,1,0,0,1,0
169.9378,1.115115,0,40,8,1668,373.4091813,1,0,1,0,1,0,1,0,0,0,1
147.4713,17.31427,1,32,16,5493,1735.70733,0,1,0,0,1,0,0,0,0,0,1
130.0064,5.013991,2,25,13,27093,952.2685798,0,0,0,0,1,1,0,1,0,0,1
169.9447,3.983529,2,48,10,1066,704.9286558,1,0,1,0,1,0,0,0,0,1,0
124.9781,25.43027,1,49,16,16,2198.49291,1,0,1,0,1,0,0,1,0,0,0
152.466,20.21413,1,72,12,2643,1932.932484,1,0,1,0,1,1,0,0,1,1,0
149.9621,5.911652,4,85,15,36489,769.3159079,1,1,1,0,1,0,0,1,0,1,0
117.4686,1.479514,1,62,13,30211,773.2252534,0,0,0,1,1,1,1,0,0,0,0
172.4705,1.25577,7,63,12,47459,1083.905096,1,0,0,1,1,0,0,1,0,0,1
167.4847,15.85633,1,49,13,188,2196.848941,1,0,0,1,1,1,1,1,1,1,0
182.4538,3.903228,1,45,7,518,634.6695443,0,0,1,0,1,0,0,0,1,1,0
184.9963,14.9206,0,55,10,294,1652.974278,0,1,0,0,0,0,1,1,1,1,0
184.967,12.98383,3,58,12,41510,1551.900975,0,0,1,0,1,0,1,1,1,1,0
137.4978,15.09343,0,41,12,2845,1502.957327,0,1,0,0,1,1,1,0,0,0,0
182.4676,10.52332,1,47,16,3318,1251.370897,1,0,1,0,1,0,0,1,0,1,0
192.4404,2.343134,0,41,13,19403,625.8895244,0,0,1,0,1,0,1,0,0,1,0
147.4738,7.91447,1,82,20,4072,831.3672853,0,0,1,0,0,0,1,1,0,0,0
242.6573,14.71579,3,37,10,382,2044.702772,1,1,0,0,1,0,1,1,0,1,1
104.9629,8.462764,0,81,11,2824,783.1783931,1,1,0,0,1,0,0,0,0,1,0
174.9882,3.319565,2,38,10,1380,1170.139527,0,0,0,1,1,1,0,1,0,0,1
137.4392,4.557348,0,42,13,182,638.0977736,1,0,1,0,1,0,0,0,0,1,0
182.447,4.839337,2,38,9,170,833.2996999,1,0,1,0,1,0,1,0,1,0,1
275.1336,13.48223,1,79,13,929,1744.354966,0,0,1,0,1,0,1,1,0,1,1
172.4555,8.635904,1,71,9,12407,1076.282569,0,1,1,0,1,1,1,0,0,0,1
265.1283,11.44954,0,79,18,35798,1537.073388,1,0,1,0,0,1,1,0,0,1,1
270.1604,12.51669,7,59,10,321,2408.542735,0,0,0,1,1,1,1,1,1,1,1
82.49655,6.811035,4,67,12,415,696.2689909,0,0,0,0,1,1,0,0,0,0,0
114.9509,12.35438,3,61,17,6457,1653.932692,1,1,0,1,1,0,1,0,0,0,0
212.6415,2.224168,2,49,11,36539,1249.968178,0,0,0,1,1,0,0,1,1,1,1
190.1599,4.825693,1,79,12,620,863.4968708,0,1,0,0,1,1,0,0,1,1,1
149.9378,11.69113,0,19,11,9791,1722.330381,0,0,0,1,1,0,1,0,0,0,1
194.9581,20.25956,1,39,16,440,2159.414298,1,0,1,0,1,1,1,0,0,1,0
172.4871,6.979037,1,66,11,1073,992.6561706,0,0,0,0,1,0,1,1,0,1,0
154.9755,19.46465,1,37,15,12737,2574.581362,1,0,0,1,1,1,1,1,0,1,0
265.1283,2.415421,1,32,8,694,981.7181093,1,0,1,0,1,1,1,0,0,1,1
242.6326,20.84965,0,73,14,27612,2280.034122,1,0,1,0,1,1,0,0,0,1,1
159.9805,3.245848,3,35,11,208,721.3139824,1,0,0,0,1,0,0,0,1,0,1
262.6106,16.53338,7,71,13,345,2120.151113,0,0,1,0,1,0,1,0,0,1,1
187.6094,13.14021,1,40,15,556,2006.605241,0,0,0,1,1,0,0,0,0,1,1
182.4433,4.736816,0,65,14,32959,1069.814443,1,0,0,1,1,0,1,0,0,0,1
257.6513,8.839856,1,70,13,49787,1882.174515,0,1,0,1,1,1,1,1,0,1,1
152.5104,1.964781,8,69,14,207,1072.95902,0,1,0,1,1,1,0,1,1,0,0
147.4738,11.37064,0,87,8,329,985.0942314,1,0,1,0,1,0,1,1,0,0,0
174.9581,8.761313,1,78,11,1303,1549.953908,1,0,0,1,1,1,1,0,0,1,0
174.9581,14.87243,0,20,11,3241,2163.007664,1,0,0,1,1,1,1,0,0,1,0
197.484,2.558218,8,45,7,50640,1449.618401,1,0,0,1,0,1,1,1,0,0,1
220.1149,7.269016,2,27,14,13958,1670.890036,1,0,0,1,1,0,0,0,0,1,1
217.484,1.426775,0,27,14,1310,756.1541962,0,0,1,0,0,1,1,1,0,0,1
222.6792,21.31617,5,55,7,1032,2569.290158,0,1,0,0,1,1,0,1,0,1,1
207.6094,3.80496,0,44,15,375,831.3552738,1,1,1,0,1,0,0,0,0,1,1
194.9768,12.57306,3,22,10,475,1614.234523,1,0,1,0,1,0,0,1,1,1,0
169.9378,11.76752,2,68,14,4334,1216.01156,0,0,1,0,1,0,1,0,0,0,1
162.4608,1.690026,2,50,18,35952,1030.22533,0,1,0,1,1,0,1,1,0,0,1
147.4564,4.91638,7,30,10,12047,1258.92066,0,1,0,1,1,0,1,0,0,0,0
159.9476,9.873648,2,27,19,8188,1582.882748,1,0,0,1,1,0,0,0,0,0,1
149.9447,6.971251,4,44,11,2579,1390.860478,0,0,0,1,1,0,0,0,0,1,0
277.6513,2.779089,3,75,7,69,1017.250159,1,0,1,0,1,1,1,1,0,1,1
139.9979,9.112126,1,61,13,9178,1068.365286,0,0,0,0,1,0,0,1,1,0,1
137.4698,3.033303,0,21,11,312,911.2594992,1,0,0,1,1,0,0,0,1,0,0
159.965,3.211508,0,34,14,79996,638.2966688,1,0,1,0,1,0,0,1,0,0,1
169.9928,11.88029,4,25,10,32388,1335.552296,1,0,1,0,1,0,0,1,1,0,0
172.4624,9.062033,1,63,13,245,1116.289401,0,0,1,0,1,1,0,0,0,1,0
162.4653,7.462849,0,37,15,15586,1452.308983,0,0,0,1,1,1,0,0,0,0,1
112.4551,5.951276,7,29,10,151,849.8471125,0,0,1,0,1,0,0,0,0,0,0
192.4404,17.92442,3,69,15,27872,1903.138739,1,0,1,0,1,0,1,0,0,1,0
172.4742,11.36049,6,18,16,106,1547.496008,1,1,1,0,1,0,0,1,1,0,1
137.4392,18.44164,4,70,7,1550,1760.029684,1,0,1,0,1,0,0,0,0,1,0
230.1344,6.218071,4,55,12,6403,1235.041233,0,0,0,0,1,0,1,0,0,1,1
182.4676,14.87149,1,70,16,4442,1532.242102,0,0,1,0,0,0,0,1,0,1,0
245.1457,11.94952,2,67,15,13546,1692.14874,1,0,1,0,1,1,1,1,0,1,1
222.6281,5.623084,1,19,15,4500,1685.709392,1,0,0,1,0,0,1,1,0,1,1
220.1615,7.032789,4,29,9,23458,1378.197785,1,0,0,0,0,0,0,1,0,1,1
192.4705,20.80434,1,61,13,2128,2094.027389,0,0,1,0,1,0,0,1,0,0,1
159.965,15.15905,1,32,12,823,1654.594685,1,0,1,0,1,0,0,1,0,0,1
255.1198,27.47595,3,28,13,45596,3452.422228,0,0,0,1,1,0,1,0,1,1,1
245.132,11.75829,1,84,13,678,1556.189478,1,0,1,0,1,1,1,0,1,1,1
92.45514,3.346632,0,25,8,2678,847.5443814,1,0,0,1,1,0,0,0,0,0,0
182.447,10.15472,2,80,11,210,1048.841947,1,0,1,0,1,0,1,0,1,0,1
207.4673,18.85404,0,49,13,2669,1985.001327,1,0,1,0,1,1,1,0,1,1,0
162.4676,4.120579,0,61,11,6399,1063.553,1,0,0,1,1,0,0,1,0,1,0
137.5165,15.82734,0,20,13,6627,1552.219697,1,0,0,0,0,0,0,1,1,0,0
182.497,2.54657,0,61,12,26556,576.7539469,0,0,1,0,1,1,1,1,0,0,0
127.475,6.623366,4,61,10,13474,871.6497245,0,1,0,0,1,0,0,0,1,0,1
159.9642,10.98445,3,75,8,183,1267.767102,0,0,0,0,1,0,1,0,0,1,0
139.9678,9.710957,0,37,11,14119,1175.07987,0,0,0,0,1,0,1,0,1,1,0
139.9349,11.73089,0,45,17,3308,1676.476901,1,0,0,1,0,0,1,0,0,1,0
202.4433,12.50526,8,25,16,1039,1674.101146,0,0,1,0,1,0,1,0,0,0,1
187.656,12.64925,3,88,12,12530,1542.223736,0,0,0,0,1,0,0,1,0,1,1
149.9447,6.580765,3,56,9,349,1288.736573,1,0,0,1,1,0,0,0,0,1,0
147.4738,11.72569,0,56,11,1696,1198.110595,1,0,1,0,1,0,1,1,0,0,0
159.9942,17.25428,1,18,7,18181,1861.838695,1,0,0,0,1,0,0,1,0,0,1
117.5015,4.143229,3,88,14,5192,558.6380046,0,0,0,0,1,1,1,0,1,0,0
235.1555,6.468187,4,88,14,4586,1627.193453,0,0,0,1,1,1,0,1,0,1,1
127.4421,4.827032,2,39,6,164,1061.907795,1,0,0,1,1,0,0,0,0,0,1
137.4684,8.032262,3,76,16,33786,975.6560108,1,0,0,0,1,0,0,0,0,1,0
142.5007,18.03946,0,28,10,3291,2214.155609,0,1,0,1,1,1,1,1,1,0,0
172.4567,4.245048,0,64,15,8834,946.9600501,1,0,0,1,1,0,0,0,1,0,1
212.6415,8.894523,0,40,5,121,1717.407155,1,0,0,1,1,0,0,1,1,1,1
172.4404,2.847771,0,87,14,15591,929.9153923,0,1,0,1,1,0,1,0,0,1,0
240.1149,18.61815,1,55,11,11629,2064.732863,0,1,1,0,1,0,0,0,0,1,1
222.6281,6.63265,1,21,16,404,1761.873779,0,0,0,1,1,0,1,1,0,1,1
129.9598,4.351173,3,67,14,3609,1037.103018,0,1,0,1,1,1,0,0,0,0,1
149.9447,14.61014,1,71,12,446,1882.950851,0,1,0,1,1,0,0,0,0,1,0
142.4827,4.806626,0,63,14,1305,1162.614265,1,1,0,1,1,1,0,1,0,0,1
242.6435,22.13831,1,19,10,222,2616.565517,0,0,0,0,1,0,1,0,1,1,1
95.01949,5.325642,3,41,11,13920,796.4508318,0,1,0,0,1,1,0,1,0,0,0
144.9607,10.05766,3,24,12,1264,1151.520457,1,0,1,0,1,0,0,0,0,0,0
240.1149,5.140738,0,77,14,170,904.5618908,0,0,1,0,0,0,0,0,0,1,1
179.9476,17.21579,0,65,15,8784,1670.944369,0,1,1,0,1,0,0,0,0,0,1
162.4608,4.984488,1,42,16,417,1295.610833,0,1,0,1,1,0,1,1,0,0,1
114.9658,2.414,3,43,9,7380,468.36494,0,0,0,0,1,0,0,0,0,0,1
137.4392,24.94225,0,61,7,1124,2246.098296,0,0,1,0,1,0,0,0,0,1,0
172.4441,1.887597,2,27,15,73671,628.4063951,0,1,1,0,1,0,1,0,1,1,0
137.4392,6.592291,0,76,7,24,646.3090606,0,0,1,0,0,0,0,0,0,1,0
127.475,4.154665,1,86,17,645,412.7637414,1,0,0,0,1,0,0,0,1,0,1
137.4684,10.42248,0,77,9,19943,1028.818406,0,1,0,0,1,0,0,0,0,1,0
104.9643,5.65315,3,44,10,1389,1070.918591,1,0,0,1,1,0,0,0,1,0,0
127.4421,2.647286,3,22,13,90,969.8255583,0,0,0,1,1,0,0,0,0,0,1
127.4958,10.573,4,67,13,33760,1089.662539,0,0,1,0,1,1,0,1,0,0,0
127.4783,10.36378,3,58,17,36792,1471.541306,0,0,0,1,1,1,0,0,0,0,0
192.4885,5.814507,2,48,12,7368,795.5471897,1,1,1,0,1,0,1,1,1,0,0
127.4958,19.94322,7,85,9,24231,1973.062252,1,0,1,0,1,1,0,1,0,0,0
147.4421,12.63051,2,83,13,1253,1225.839629,1,0,1,0,1,0,0,0,0,0,1
182.4676,3.988032,1,34,12,760,758.5059535,1,1,1,0,1,0,0,1,0,1,0
177.6508,2.459304,1,52,14,1364,753.8000793,1,1,0,0,1,1,0,0,0,1,1
140.0013,5.877819,0,69,10,11598,1060.698386,0,0,0,1,1,1,0,1,0,0,0
114.9658,3.850863,1,32,10,3758,560.5940436,0,1,0,0,1,0,0,0,0,0,1
172.5034,17.62624,0,53,13,1166,1751.102541,1,1,0,0,1,0,0,1,1,0,1
172.4742,2.026825,2,83,12,204,364.1796625,1,0,1,0,1,0,0,1,1,0,1
182.4538,2.735806,4,88,7,1505,537.4400071,0,0,1,0,1,0,0,0,1,1,0
92.45514,5.131207,0,77,10,7742,740.9934575,0,1,0,1,1,0,0,0,0,0,0
220.1323,11.25684,1,82,13,3787,1386.235112,1,1,1,0,1,0,0,1,0,1,1
114.9509,10.52866,3,23,10,17348,1628.925715,0,0,0,1,1,0,1,0,0,0,0
184.9496,8.596278,0,79,19,27317,1431.48792,1,0,0,1,1,0,1,0,1,1,0
152.509,4.618962,3,67,15,2179,885.8344713,0,0,0,0,1,1,0,1,0,1,0
124.9607,5.606293,3,26,12,7722,1193.722344,0,0,0,1,1,0,0,0,0,0,0
149.9913,18.67357,1,31,10,16681,1971.643189,1,1,0,0,1,0,0,1,0,1,0
125.0073,6.941165,5,78,12,11158,783.5447103,1,0,0,0,1,0,0,1,0,0,0
182.4676,10.91791,0,78,17,27329,1198.334446,1,0,1,0,1,0,0,1,0,1,0
124.9607,7.33513,2,58,12,3085,1117.392471,0,1,0,1,1,0,0,0,0,0,0
124.9643,5.062073,7,39,11,1483,666.238562,0,0,1,0,1,0,0,0,1,0,0
104.9923,24.79814,3,36,7,1153,2334.936502,0,0,0,0,0,1,1,0,0,0,0
114.9838,10.31681,1,22,11,949,1061.819409,0,1,0,0,1,0,1,0,1,0,0
129.9621,2.395742,1,40,12,4022,949.9087685,0,1,0,1,0,0,0,1,0,1,0
124.9607,13.70911,4,32,15,5546,1868.762719,0,0,0,1,1,0,0,0,0,0,0
169.9741,9.102322,0,82,12,5736,877.6347728,0,0,1,0,1,1,1,0,0,0,0
232.652,1.60558,4,64,12,38272,949.8530724,0,0,0,0,1,1,1,0,0,1,1
139.9861,26.10713,0,22,13,983,2616.567484,1,0,0,0,1,1,0,0,0,1,0
207.6094,8.450712,2,59,11,33168,1224.407955,1,1,1,0,1,0,0,0,0,1,1
222.6281,12.3548,3,79,9,1087,2102.1428,0,0,0,1,1,0,1,1,0,1,1
152.4798,4.892174,0,41,13,970,829.160544,1,0,1,0,1,1,0,1,0,1,0
197.6288,2.586551,0,50,8,3908,719.7255006,1,0,0,0,1,0,1,0,0,1,1
174.9699,9.175977,3,27,11,293,1754.124518,1,0,0,1,0,0,1,1,1,0,1
169.9378,6.311363,3,44,12,7753,874.5896088,1,0,1,0,1,0,1,0,0,0,1
169.9378,3.226415,0,76,12,236,510.6595626,1,0,1,0,1,0,1,0,0,0,1
182.447,2.980706,0,73,10,45763,422.3998081,1,1,1,0,1,0,1,0,1,0,1
182.4653,6.783568,4,69,10,20077,1001.378182,0,0,1,0,1,1,0,0,0,0,1
174.9581,5.648594,4,24,14,245,1564.304827,0,0,0,1,1,1,1,0,0,1,0
197.484,6.184958,3,83,12,705,1468.274084,0,1,0,1,1,1,1,1,0,0,1
162.4676,23.40043,0,36,11,2719,2772.321832,0,0,0,1,0,0,0,1,0,1,0
137.4836,4.109741,3,39,10,4970,1027.507457,1,1,0,1,1,0,0,1,0,0,0
200.1185,3.479316,2,53,10,726,1254.551808,1,0,0,1,1,0,0,0,1,1,1
255.1665,1.743805,1,75,11,4300,847.0257353,0,0,0,0,1,0,1,1,1,1,1
265.147,23.38469,0,41,9,234,2559.878176,1,0,1,0,1,0,0,1,1,1,1
240.1149,16.19111,3,61,13,5179,1954.817992,1,0,1,0,1,0,0,0,0,1,1
204.9797,14.10279,0,45,17,1305,1570.913875,1,1,1,0,1,0,0,1,1,0,1
132.4798,5.102617,1,82,13,45910,1109.204756,0,0,0,1,1,1,0,1,0,1,0
169.9378,4.61822,2,87,11,39757,567.9194367,1,1,1,0,1,0,1,0,0,0,1
200.1465,1.474087,2,54,15,23618,791.2910428,0,1,0,0,1,1,1,0,0,1,1
164.9785,7.874401,8,20,17,90,1895.230077,0,1,0,1,1,1,1,1,0,0,1
137.4836,2.885895,2,49,18,2178,867.4854039,1,1,0,1,1,0,0,1,0,0,0
207.6094,19.48432,1,53,18,2115,2070.311565,0,1,1,0,1,0,0,0,0,1,1
119.9568,1.203982,0,75,13,4983,696.77888,0,0,0,1,1,1,0,0,0,1,0
267.6427,4.073125,3,57,11,2453,1571.964276,0,0,0,1,0,0,1,1,1,1,1
124.9781,4.784022,0,67,16,1736,499.2698644,0,0,1,0,1,0,0,1,0,0,0
139.965,11.66425,1,68,15,882,1581.415147,0,0,0,1,1,0,0,1,0,0,1
235.1417,1.063338,0,85,16,14693,990.2063632,1,0,0,1,1,1,0,0,1,1,1
184.9496,1.070145,0,50,14,7638,909.8932554,1,0,0,1,1,0,1,0,1,1,0
240.1149,9.664222,2,41,12,166,1368.692393,0,0,1,0,0,0,0,0,0,1,1
184.9496,3.921335,4,60,12,497,1186.812133,0,0,0,1,1,0,1,0,1,1,0
149.9915,7.610924,0,80,12,4885,775.1851628,1,0,1,0,1,1,1,1,0,0,0
149.9598,11.59641,2,60,12,12,1209.433597,1,0,1,0,1,1,0,0,0,0,1
194.9663,5.540815,0,72,17,2130,1201.716157,1,0,0,1,1,0,1,1,0,0,1
174.9919,5.527407,1,23,9,489,974.4325376,1,0,1,0,1,1,0,1,1,0,1
165.0113,14.93552,0,40,12,16592,1670.49598,1,1,0,0,1,1,1,1,1,0,1
149.9621,2.106961,0,30,12,19135,561.8079362,1,1,1,0,1,0,0,1,0,1,0
174.991,8.11277,0,24,19,183,1186.8504,1,1,0,0,1,1,1,0,1,1,0
149.9778,1.923729,6,30,11,2608,577.0059283,1,0,1,0,1,1,1,0,1,0,0
95.00571,3.542704,6,21,7,956,645.1788133,1,0,0,0,1,1,0,0,1,0,0
204.9634,4.192662,0,76,13,6254,700.7755614,0,1,1,0,0,0,1,1,0,1,0
232.6228,16.61624,2,56,13,21129,2025.44891,0,1,1,0,1,1,1,0,0,1,1
174.991,14.91353,3,33,13,13077,1806.936325,0,0,0,0,1,1,1,0,1,1,0
152.466,3.817742,1,83,16,9469,506.3292263,1,1,1,0,1,1,0,0,1,1,0
179.9476,14.48515,2,34,6,2534,1528.122932,1,0,1,0,0,0,0,0,0,0,1
287.6427,19.39623,3,39,12,9238,2425.973996,0,1,1,0,1,0,1,1,1,1,1
179.9794,3.367927,7,80,15,3185,722.0495418,0,0,1,0,1,0,1,1,0,0,0
114.9838,9.031197,8,41,10,1493,1109.677542,0,0,0,0,1,0,1,0,1,0,0
129.9915,10.77389,1,62,9,2424,1537.645961,0,0,0,1,1,1,1,1,0,0,0
179.9476,8.526865,0,57,6,28755,902.9358857,0,0,1,0,1,0,0,0,0,0,1
242.6281,3.761516,0,69,9,637,924.9657013,0,1,1,0,1,0,1,1,0,1,1
174.9699,10.1408,1,26,18,5863,1774.889088,1,1,0,1,1,0,1,1,1,0,1
179.9476,13.33556,0,59,8,11294,1372.679029,0,0,1,0,0,0,0,0,0,0,1
127.475,14.61254,0,83,13,11275,1330.997032,0,0,0,0,1,0,0,0,1,0,1
184.961,4.098818,0,54,17,115,1132.634807,1,1,0,1,1,1,1,0,0,0,1
162.4653,10.99657,0,49,11,14413,1620.224811,0,1,0,1,1,1,0,0,0,0,1
137.4978,8.361438,1,43,12,605,1057.86587,1,0,0,0,1,1,1,0,0,0,0
182.4653,5.058557,0,40,12,170,831.9762364,1,0,1,0,0,1,0,0,0,0,1
149.9621,4.816947,2,56,14,26671,760.1831445,1,0,1,0,1,0,0,1,0,1,0
165.0182,6.470869,1,82,8,776,884.0960804,1,1,0,0,1,1,0,1,1,1,0
147.4738,9.079335,4,75,13,43795,959.8322448,1,0,1,0,1,0,1,1,0,0,0
184.9496,3.984772,0,22,13,7349,1193.459499,0,1,0,1,1,0,1,0,1,1,0
169.9447,17.13675,0,52,7,40170,1707.991573,1,0,1,0,1,0,0,0,0,1,0
172.4404,1.741247,0,19,13,1358,1015.142572,1,1,0,1,1,0,1,0,0,1,0
162.4653,2.011058,3,55,17,8742,956.6535443,1,1,0,1,1,1,0,0,0,0,1
162.4608,12.48694,1,77,9,6878,1795.593522,0,0,0,1,1,0,1,1,0,0,1
232.6415,8.870031,0,56,15,2660,1296.501758,0,1,1,0,1,0,0,1,1,1,1
179.9656,4.082591,4,25,9,406,787.75587,0,1,1,0,1,0,1,0,1,0,0
200.1323,18.9981,0,46,12,1583,2521.277564,0,0,0,1,1,0,0,1,0,1,1
214.9525,9.022068,1,80,11,12590,997.2010554,0,0,1,0,1,0,1,0,1,0,1
159.9794,13.99745,0,70,13,3080,1741.511236,1,0,0,1,1,0,1,1,0,0,0
127.525,1.14019,2,71,9,5424,396.3110471,1,0,0,0,1,1,0,1,0,0,0
235.1591,6.322807,3,59,17,5849,1198.455198,1,0,1,0,1,1,0,1,1,1,1
149.9621,23.81965,8,76,12,44460,2389.304765,1,0,1,0,1,0,0,1,0,1,0
104.9629,1.31809,2,70,6,5450,295.3935883,1,0,0,0,1,0,0,0,0,1,0
115.0021,20.52789,2,32,15,2688,1945.332394,1,0,0,0,1,1,0,0,0,0,0
92.45514,14.86128,10,22,14,26038,2108.712631,1,1,0,1,1,0,0,0,0,0,0
114.9658,16.53241,0,36,14,20920,1638.079725,0,0,0,0,1,0,0,0,0,0,1
222.6326,3.402225,0,65,16,53552,1243.099192,1,0,0,1,1,1,0,0,0,1,1
139.9568,3.160399,0,88,8,49019,400.9668713,0,0,1,0,0,1,0,0,0,1,0
187.6422,9.658761,0,27,12,48351,1324.009256,1,1,0,0,1,0,0,0,1,1,1
127.5067,10.40415,2,19,11,619,1277.028074,1,0,0,0,1,0,1,1,1,0,0
159.9476,13.92306,1,83,15,770,1704.12272,1,0,0,1,1,0,0,0,0,0,1
172.4441,3.381603,4,70,13,1749,671.4099396,0,0,1,0,0,0,1,0,1,1,0
217.4725,7.218929,1,27,10,214,1144.50246,0,0,1,0,1,0,1,1,1,1,0
139.9861,7.244015,2,48,10,53364,1000.235232,0,0,0,0,1,1,0,0,0,1,0
240.1149,4.072959,4,33,8,21314,1084.469104,0,0,1,0,1,0,0,0,0,1,1
182.4653,15.98922,0,27,14,1292,1770.233657,1,1,1,0,1,1,0,0,0,0,1
207.6094,2.337769,1,23,11,22380,763.7190374,1,0,1,0,1,0,0,0,0,1,1
222.6281,28.31929,2,69,10,931,3365.186813,1,1,0,1,1,0,1,1,0,1,1
182.4433,7.816831,2,37,8,21394,1479.383716,1,1,0,1,0,0,1,0,0,0,1
219.9902,16.74543,1,74,5,3867,1893.24474,1,0,1,0,1,1,1,1,1,1,0
157.4698,5.321365,1,86,11,748,502.9172945,1,0,1,0,1,0,0,0,1,0,0
242.6143,5.493065,5,43,13,11461,1178.136437,0,1,1,0,1,0,1,0,1,1,1
212.6415,3.606976,0,26,8,437,1330.057877,0,1,0,1,1,0,0,1,1,1,1
142.4855,24.09793,0,23,16,63659,2427.967505,1,0,0,0,1,1,1,0,1,1,0
137.4872,11.32392,1,87,14,642,922.3842497,1,0,1,0,0,0,0,1,1,0,0
144.9607,8.06514,3,61,10,2683,866.9483546,0,0,1,0,1,0,0,0,0,0,0
114.9658,3.30098,1,33,11,9262,594.5452132,1,0,0,0,1,0,0,0,0,0,1
124.9607,9.468306,0,21,10,284,1351.920539,1,0,0,1,1,0,0,0,0,0,0
174.9882,1.52349,3,46,15,1652,1031.356925,1,0,0,1,1,1,0,1,0,0,1
149.9845,10.15451,2,51,10,32,1224.72764,1,1,0,0,1,0,1,1,0,0,1
265.147,6.418936,1,85,9,182,1103.319343,0,0,1,0,1,0,0,1,1,1,1
182.4538,8.052952,1,79,13,7514,910.2691862,0,0,1,0,1,0,0,0,1,1,0
182.49,9.688409,0,35,10,1581,1331.662313,0,0,0,0,1,0,1,1,0,0,1
175.0062,22.05456,3,56,15,1541,2701.761153,1,0,0,1,1,1,1,1,1,0,0
159.9349,4.164919,0,65,10,814,577.4706172,1,0,1,0,1,0,1,0,0,1,0
220.1185,7.518447,2,73,20,16894,1059.388627,0,1,1,0,1,0,0,0,1,1,1
200.1185,6.602711,2,35,14,20631,1569.491526,1,0,0,1,1,0,0,0,1,1,1
242.6106,19.56071,1,35,13,324,2715.021658,1,0,0,1,1,0,1,0,0,1,1
142.5007,5.458881,2,31,14,3368,1238.891522,1,1,0,1,0,1,1,1,1,0,0
235.1884,18.601,1,50,15,13229,2291.446991,1,1,0,0,1,1,0,1,1,1,1
137.4392,19.48354,3,45,8,36923,1943.635982,1,0,1,0,1,0,0,0,0,1,0
169.9378,9.274687,3,54,15,5449,1170.725967,0,1,1,0,1,0,1,0,0,0,1
184.9853,8.172776,3,37,17,3667,1275.385401,0,0,1,0,1,1,0,1,0,1,0
119.9897,14.55246,1,81,11,1565,1439.519609,0,0,0,0,1,1,0,0,1,1,0
164.9889,9.517804,0,74,15,1680,1104.302871,1,0,1,0,1,1,0,1,1,1,0
137.5165,1.649887,1,24,12,12,490.5057336,0,1,0,0,1,0,0,1,1,0,0
182.4608,25.46342,0,25,12,2350,2585.068343,1,1,1,0,1,0,1,1,0,0,1
174.9755,12.69881,0,55,12,39523,1469.854845,1,0,1,0,1,1,1,1,0,1,0
187.6094,2.865504,2,62,12,2336,1123.372604,1,1,0,1,1,0,0,0,0,1,1
127.4421,4.661936,4,89,16,32029,946.0176525,0,0,0,1,1,0,0,0,0,0,1
187.6094,20.10599,4,77,18,12920,2595.464531,0,1,0,1,1,0,0,0,0,1,1
152.4555,7.633263,0,77,13,261,1357.166073,0,0,0,1,1,1,1,0,0,0,1
127.4586,19.9534,5,57,10,27345,2098.351216,1,1,0,0,1,0,1,0,0,1,0
277.6513,2.141515,3,50,12,17536,1094.028517,0,0,1,0,1,1,1,1,0,1,1
134.9801,7.294292,3,35,17,56642,983.0214047,0,1,0,0,1,0,1,0,0,0,0
137.4698,14.69884,2,64,12,5835,1705.410653,0,0,0,1,1,0,0,0,1,0,0
255.1555,3.260154,1,79,16,8761,887.9936218,0,1,1,0,1,1,0,1,0,1,1
149.9778,15.05177,0,87,12,2830,1281.098493,0,0,1,0,1,1,1,0,1,0,0
257.6513,9.564915,1,57,18,30609,1984.206498,1,0,0,1,1,1,1,1,0,1,1
147.4713,3.23817,0,65,15,1770,443.3624779,0,0,0,0,1,0,0,0,0,0,1
159.965,1.865935,0,38,9,3150,514.9287886,1,0,1,0,1,0,0,1,0,0,1
107.4958,15.10612,4,52,9,978,2006.056116,1,0,0,1,1,1,0,1,0,0,0
147.4738,11.12611,0,83,9,308,978.1726612,1,0,1,0,1,0,1,1,0,0,0
235.1417,14.40375,4,42,11,764,2394.464952,0,0,0,1,0,1,0,0,1,1,1
112.4551,9.121337,1,76,10,695,770.7911152,1,0,1,0,1,0,0,0,0,0,0
232.652,1.11588,1,27,9,13762,891.6297776,1,0,0,0,1,1,1,0,0,1,1
127.4887,5.126165,0,37,13,27842,703.0576657,0,1,0,0,1,0,0,1,0,0,1
199.9902,13.61148,4,81,17,8979,2072.299479,0,1,0,1,1,1,1,1,1,1,0
127.5112,21.72968,2,45,13,4634,2087.790899,1,0,0,0,1,1,0,0,1,0,0
230.1051,7.283667,0,74,16,16182,1064.970201,0,1,1,0,1,0,1,0,0,1,1
162.4608,5.560793,0,37,14,670,1246.154559,0,0,0,1,0,0,1,1,0,0,1
79.97886,6.246694,2,54,6,35523,638.1637463,0,0,0,0,1,0,0,0,0,0,0
207.4974,5.682535,0,24,11,10790,942.7449518,0,0,1,0,1,1,0,1,1,0,1
252.6378,4.51753,2,20,9,10489,1187.095148,0,0,1,0,1,0,0,1,0,1,1
159.965,4.723073,0,40,16,1246,660.1932315,1,1,1,0,1,0,0,1,0,0,1
184.9785,3.656765,2,72,15,24475,780.9545758,1,1,1,0,1,1,1,1,0,0,1
210.127,1.946824,2,79,14,4420,654.0700617,0,1,1,0,1,1,0,0,0,1,1
160.0122,5.111561,4,85,12,38028,678.2091311,0,1,0,0,1,0,1,1,1,0,0
149.9621,12.70316,3,72,13,34624,1337.6353,0,0,1,0,1,0,0,1,0,1,0
139.965,1.347728,0,48,11,611,767.0616095,0,0,0,1,1,0,0,1,0,0,1
162.4833,13.19063,8,33,16,746,2119.656047,0,0,0,1,0,1,1,0,1,0,0
139.9875,21.42226,1,22,19,2074,2520.720283,0,1,0,1,1,1,0,0,1,0,0
150.007,6.186286,8,23,13,14279,1165.027263,1,1,0,0,1,1,1,0,1,0,0
129.995,3.922369,1,71,11,30305,564.188439,1,0,0,0,1,0,0,1,1,1,0
230.1051,13.21733,2,78,11,517,1599.616413,1,0,1,0,1,0,1,0,0,1,1
149.9621,9.938448,9,43,17,13568,1390.888939,1,0,1,0,1,0,0,1,0,1,0
139.9816,12.12501,2,52,11,1204,1419.040968,0,1,0,0,1,0,1,1,0,1,0
200.1652,15.10828,1,86,11,2838,1740.076162,1,1,0,0,0,0,0,1,1,1,1
117.4835,11.19005,8,54,6,48833,1380.517356,0,0,0,0,1,1,0,0,0,0,1
127.4601,12.18592,1,44,10,4641,1638.620437,1,1,0,1,1,0,1,0,1,0,0
139.965,17.95225,2,74,7,7972,2190.039608,1,0,0,1,0,0,0,1,0,0,1
164.9785,19.78766,1,74,10,98,2396.551383,0,0,0,1,1,1,1,1,0,0,1
159.9642,11.20643,4,48,10,4049,1452.316701,0,0,0,0,1,0,1,0,0,1,0
164.9715,2.582668,0,81,14,10434,866.3476333,0,0,0,1,1,1,0,0,1,1,0
124.9781,8.152935,0,83,14,90675,722.8531617,1,0,1,0,1,0,0,1,0,0,0
215.1591,5.402848,1,68,10,14305,1445.492967,0,0,0,1,1,1,0,1,1,1,1
107.4958,6.106821,3,54,11,2845,1149.045043,1,0,0,1,1,1,0,1,0,0,0
157.4836,6.463724,1,41,14,3709,742.5950937,0,0,1,0,1,0,0,1,0,0,0
277.6513,8.285158,10,32,10,42,1824.879678,1,0,1,0,1,1,1,1,0,1,1
222.65,17.7076,1,27,12,553,2217.378277,0,0,1,0,1,1,0,1,0,1,1
129.9763,31.81602,0,47,19,2138,2977.360531,1,0,0,0,1,1,1,0,0,1,0
127.482,23.55037,3,50,18,1988,2097.12893,1,0,1,0,1,1,0,0,1,0,0
182.4538,22.30566,3,26,13,35157,2313.442726,1,0,1,0,1,0,0,0,1,1,0
172.4705,9.975367,2,89,6,5036,1476.916161,0,0,0,1,0,0,0,1,0,0,1
230.1051,1.358678,4,40,11,4976,861.1555834,0,1,1,0,1,0,1,0,0,1,1
184.9853,2.222289,0,83,12,569,497.5901263,1,0,1,0,1,1,0,1,0,1,0
194.9744,7.028485,0,71,11,925,896.0733804,0,0,1,0,1,1,0,0,1,0,1
267.6647,19.04207,2,89,9,2238,2183.450856,1,0,1,0,1,1,0,1,1,1,1
265.147,7.848542,3,25,14,124,1478.745798,0,1,1,0,1,0,0,1,1,1,1
187.4673,7.539374,1,40,16,217,1531.68836,0,0,0,1,1,1,1,0,1,1,0
242.6143,11.86797,3,70,10,57,1597.444059,1,1,1,0,1,0,1,0,1,1,1
194.9699,7.649477,3,81,12,265,956.2196954,1,0,1,0,0,0,1,1,1,0,1
230.1051,16.60351,3,70,11,20759,1981.140361,1,1,1,0,0,0,1,0,0,1,1
159.9476,4.030411,4,74,10,39786,1097.688317,1,1,0,1,1,0,0,0,0,0,1
255.1555,14.34892,2,79,13,3535,1874.421389,1,0,1,0,0,1,0,1,0,1,1
215.1591,19.30476,2,66,8,15059,2668.981332,0,0,0,1,1,1,0,1,1,1,1
112.4844,8.584144,6,38,10,615,1077.237101,1,0,0,0,1,0,0,0,0,0,0
152.4907,1.849221,4,25,13,15129,778.5344798,1,0,0,0,1,0,1,1,1,1,0
200.1323,9.51775,2,34,12,62491,1892.444874,1,1,0,1,1,0,0,1,0,1,1
197.4702,6.708628,0,42,13,16785,1390.143881,1,0,0,1,1,1,1,0,1,0,1
267.6647,10.28653,4,79,11,2181,1560.396967,0,0,1,0,1,1,0,1,1,1,1
127.4887,11.32663,2,26,11,14632,1308.744827,1,0,0,0,1,0,0,1,0,0,1
149.9845,6.574699,1,83,4,1589,877.990892,1,1,0,0,1,0,1,1,0,0,1
200.1185,1.126364,4,86,5,4295,1015.130356,1,0,0,1,1,0,0,0,1,1,1
147.4783,6.91807,2,55,12,786,837.0503656,0,0,1,0,1,1,0,0,0,0,0
157.4836,18.32428,1,31,13,1837,1747.20978,1,0,1,0,1,0,0,1,0,0,0
207.6094,22.98475,1,55,14,90,2350.571509,1,0,1,0,1,0,0,0,0,1,1
187.4673,6.31339,1,87,13,10552,1324.19186,0,0,0,1,1,1,1,0,1,1,0
124.9935,10.03914,1,84,16,10232,896.0387666,1,1,0,0,1,0,0,0,1,0,0
139.965,17.77264,1,48,13,15142,2229.782748,0,0,0,1,1,0,0,1,0,0,1
207.4811,21.50913,0,21,11,39376,2422.231415,0,1,1,0,0,1,1,1,0,1,0
105.011,20.88324,4,42,12,13720,2027.833188,0,0,0,0,1,0,0,1,1,0,0
167.4847,15.95966,3,82,10,529,2158.69019,0,0,0,1,1,1,1,1,1,1,0
194.9663,1.925345,2,31,11,5684,1183.751805,0,0,0,1,1,0,1,1,0,0,1
235.1591,5.698156,3,19,19,4242,1325.472004,0,0,1,0,1,1,0,1,1,1,1
192.4885,4.225661,1,30,7,497,693.5913883,1,1,1,0,1,0,1,1,1,0,0
235.1591,21.19498,2,25,11,39,2458.677481,1,0,1,0,1,1,0,1,1,1,1
159.9512,23.04458,3,26,8,843,2218.850381,1,0,1,0,1,0,0,0,1,0,1
222.6281,9.900853,0,57,11,5912,1880.847695,1,0,0,1,1,0,1,1,0,1,1
164.9715,1.15025,0,56,11,40336,830.9443469,0,0,0,1,1,1,0,0,1,1,0
92.5018,3.794103,0,89,11,1132,346.0280123,1,1,0,0,1,0,0,1,0,0,0
182.4433,7.579193,1,84,16,21767,1275.031579,0,0,0,1,1,0,1,0,0,0,1
147.4738,10.44433,5,56,15,3161,1164.755978,1,0,1,0,1,0,1,1,0,0,0
159.9512,10.35635,1,52,16,285,1114.676099,0,1,1,0,1,0,0,0,1,0,1
134.9509,4.908846,0,78,12,1153,482.2768453,0,0,1,0,1,0,1,0,0,0,0
179.9476,2.637164,0,33,12,94,581.3197743,1,0,1,0,1,0,0,0,0,0,1
179.9794,8.547698,1,48,14,35142,1066.677081,1,0,1,0,1,0,1,1,0,0,0
207.4811,2.681114,3,87,13,176,755.4687511,0,1,1,0,1,1,1,1,0,1,0
124.9781,2.780152,0,49,11,22548,311.8065152,0,1,1,0,1,0,0,1,0,0,0
159.9512,6.979961,3,37,13,81,866.4850145,1,1,1,0,1,0,0,0,1,0,1
179.9476,5.436971,3,18,11,370,869.9774936,0,0,1,0,1,0,0,0,0,0,1
152.4884,8.671709,1,70,9,443,1086.818163,1,1,0,0,1,1,1,0,1,0,1
169.9447,13.84934,2,51,14,73671,1456.422162,0,0,1,0,1,0,0,0,0,1,0
149.9928,4.055418,1,29,14,86,1002.424825,0,0,0,1,1,0,0,1,1,0,0
94.97283,13.00557,0,29,14,8800,1618.779462,0,0,0,1,1,1,0,0,0,0,0
157.4698,6.92143,1,29,11,736,820.9054953,0,1,1,0,1,0,0,0,1,0,0
92.5018,8.324816,3,89,8,478,809.618878,0,1,0,0,1,0,0,1,0,0,0
149.9915,3.985217,3,76,13,780,583.5711218,0,0,1,0,0,1,1,1,0,0,0
187.5139,16.27572,6,19,9,622,2141.951697,0,0,0,0,1,1,1,1,1,1,0
159.9349,21.52164,2,26,11,14802,2150.01852,0,1,1,0,1,0,1,0,0,1,0
139.9979,7.332162,6,21,8,18,1207.587701,1,1,0,0,1,0,0,1,1,0,1
152.4884,3.318059,1,77,14,25339,625.201163,0,1,0,0,1,1,1,0,1,0,1
117.4392,3.059231,1,29,16,2387,955.1927172,0,1,0,1,1,0,0,0,0,1,0
255.1555,15.1242,1,33,10,10119,2057.979176,1,0,1,0,1,1,0,1,0,1,1
177.6508,9.49754,1,21,11,940,1432.135681,0,1,0,0,1,1,0,0,0,1,1
172.5034,15.22417,0,73,11,191,1570.995815,0,0,0,0,1,0,0,1,1,0,1
139.9349,1.970645,1,75,13,244,856.222981,0,0,0,1,1,0,1,0,0,1,0
119.9568,1.78963,1,77,6,15184,816.0468833,0,1,0,1,1,1,0,0,0,1,0
179.9476,7.007574,7,73,11,20,941.4829653,0,0,1,0,1,0,0,0,0,0,1
220.1323,7.457111,0,62,10,4637,1109.681229,0,0,1,0,1,0,0,1,0,1,1
235.1591,12.44495,2,35,16,3612,1747.993101,0,0,1,0,1,1,0,1,1,1,1
154.9618,5.147213,2,24,11,16974,1394.025763,0,0,0,1,1,1,1,0,1,1,0
187.6422,2.382538,1,18,12,38016,788.1036301,1,0,0,0,1,0,0,0,1,1,1
107.482,8.454096,4,26,15,2596,1383.139451,0,0,0,1,1,1,0,0,1,0,0
130.0064,2.176948,3,21,12,30478,681.4206312,1,1,0,0,1,1,0,1,0,0,1
169.9447,12.36516,0,85,14,516,1208.822377,1,0,1,0,0,0,0,0,0,1,0
184.9496,4.023413,2,32,11,82,1225.408596,0,0,0,1,1,0,1,0,1,1,0
172.4441,1.709971,3,63,15,3519,479.5519429,1,0,1,0,1,0,1,0,1,1,0
164.9853,8.209844,3,40,8,142,1635.02715,0,0,0,1,1,1,0,1,0,1,0
194.9744,3.713732,5,31,7,10314,827.2524803,1,0,1,0,1,1,0,0,1,0,1
172.4705,10.42522,3,66,19,830,1619.969692,0,0,0,1,1,0,0,1,0,0,1
182.4833,4.849803,1,72,8,197,679.3728327,0,1,1,0,1,1,1,0,1,0,0
192.4404,14.47965,0,42,13,17486,1617.050793,1,0,1,0,1,0,1,0,0,1,0
230.1344,1.081032,7,64,7,2144,924.0234298,1,0,0,0,1,0,1,0,0,1,1
115.0021,21.36386,1,27,12,1604,1999.438675,0,0,0,0,1,1,0,0,0,0,0
137.4684,12.45303,2,74,17,81,1313.657019,0,0,0,0,1,0,0,0,0,1,0
167.4564,9.05217,4,45,9,17356,1042.770459,0,0,1,0,1,0,1,0,0,0,0
159.965,1.210715,1,57,16,13991,347.446058,0,1,1,0,1,0,0,1,0,0,1
162.4653,2.509742,3,38,15,5402,1135.537453,1,0,0,1,1,1,0,0,0,0,1
222.65,1.193519,3,46,8,689,863.525358,1,1,1,0,1,1,0,1,0,1,1
222.6281,6.736871,4,42,10,7519,1746.862212,0,1,0,1,1,0,1,1,0,1,1
162.4689,3.033312,3,62,6,31178,618.6284163,0,0,1,0,1,1,0,0,1,0,1
152.4742,5.891019,2,47,9,650,1294.614623,1,0,0,1,1,0,0,1,1,0,1
147.4564,5.452285,3,38,16,17107,1153.463764,0,1,0,1,1,0,1,0,0,0,0
114.9509,8.342325,3,45,12,69589,1377.652033,0,0,0,1,1,0,1,0,0,0,0
114.9509,19.22796,9,77,12,2,2267.103404,1,0,0,1,1,0,1,0,0,0,0
175.0211,6.203352,1,48,15,599,1019.803014,0,0,0,0,1,1,0,1,1,0,1
197.4876,8.867984,1,75,12,1585,1089.367201,0,0,1,0,1,1,1,1,1,0,1
117.4392,9.131577,0,18,14,1083,1458.027932,1,0,0,1,0,0,0,0,0,1,0
124.9643,23.78115,1,36,13,1641,2025.167432,0,0,1,0,1,0,0,0,1,0,0
225.1457,3.575214,4,40,14,1704,1616.617211,0,0,0,1,1,1,1,1,0,1,1
147.4564,16.77025,1,55,13,226,2045.813243,0,0,0,1,1,0,1,0,0,0,0
124.9607,2.546083,3,18,14,589,886.9184762,1,0,0,1,1,0,0,0,0,0,0
232.652,2.477662,0,61,10,18043,860.9528478,0,0,0,0,1,1,1,0,0,1,1
215.1591,1.871066,7,62,8,4455,1360.486206,1,1,0,1,0,1,0,1,1,1,1
225.1457,6.403708,2,82,15,48099,1649.105838,0,1,0,1,1,1,1,1,0,1,1
154.9919,10.4983,2,39,16,447,1691.271964,1,0,0,1,1,1,0,1,1,0,1
149.989,15.85774,3,31,13,16371,1756.414097,0,1,0,0,1,1,0,0,0,0,1
214.9525,9.894265,7,54,11,42650,1338.619611,0,0,1,0,0,0,1,0,1,0,1
222.6326,2.426747,1,21,14,21462,1385.269228,1,0,0,1,1,1,0,0,0,1,1
137.4392,9.790274,1,49,14,5849,1027.652777,0,0,1,0,1,0,0,0,0,1,0
149.9621,4.419844,7,42,10,1992,927.4696678,0,0,1,0,1,0,0,1,0,1,0
152.4742,8.26392,4,33,16,687,1514.229261,1,1,0,1,1,0,0,1,1,0,1
149.9915,8.157412,1,62,8,2123,909.7634001,0,1,1,0,1,1,1,1,0,0,0
184.967,11.42705,2,88,8,889,1209.083545,0,1,1,0,1,0,1,1,1,1,0
142.4855,6.681836,2,36,15,135,1019.877653,1,1,0,0,1,1,1,0,1,1,0
197.484,2.589118,4,38,9,13719,1351.962079,0,0,0,1,1,1,1,1,0,0,1
159.9476,8.902965,0,82,11,20676,1347.567075,0,1,0,1,1,0,0,0,0,0,1
124.9781,5.892496,2,22,9,30035,716.9177978,1,0,1,0,0,0,0,1,0,0,0
139.9568,2.577535,2,46,9,2474,552.480335,1,0,1,0,1,1,0,0,0,1,0
182.4538,2.820837,4,37,12,33014,664.5638593,0,1,1,0,1,0,0,0,1,1,0
275.1336,2.005733,0,22,11,15,960.0935745,0,1,1,0,1,0,1,1,0,1,1
149.9621,11.30633,0,51,16,296,1199.678982,1,0,1,0,1,0,0,1,0,1,0
152.4907,5.364815,0,73,15,4075,786.0813559,1,0,0,0,1,0,1,1,1,1,0
92.45514,11.17891,0,84,15,25903,1213.57856,0,1,0,1,1,0,0,0,0,0,0
152.4798,7.326372,1,88,13,729,858.2482994,0,0,1,0,1,1,0,1,0,1,0
197.5169,1.204999,4,64,13,6032,744.1347048,0,0,0,0,1,1,1,1,1,0,1
240.1149,10.96384,0,72,19,29608,1398.087425,1,1,1,0,1,0,0,0,0,1,1
202.4433,12.75395,0,28,8,13981,1438.364422,0,1,1,0,1,0,1,0,0,0,1
182.4676,1.1518,4,25,9,20163,695.0268746,0,0,1,0,0,0,0,1,0,1,0
194.9744,11.94283,1,58,8,14328,1289.865177,0,0,1,0,0,1,0,0,1,0,1
270.1604,2.147261,0,74,15,199,1341.275592,1,1,0,1,1,1,1,1,1,1,1
139.983,7.042459,0,32,11,4870,1228.595252,0,1,0,1,1,0,1,1,1,0,0
119.9568,3.592376,3,27,16,2713,1189.261161,1,0,0,1,1,1,0,0,0,1,0
177.6508,15.73713,4,61,9,94,1904.60275,0,0,0,0,1,1,0,0,0,1,1
232.6415,6.831686,9,30,11,3837,1491.790762,0,0,1,0,1,0,0,1,1,1,1
144.9607,12.94793,1,60,12,15420,1126.457158,0,1,1,0,1,0,0,0,0,0,0
212.6415,2.284487,1,81,11,827,1119.209524,0,0,0,1,1,0,0,1,1,1,1
139.9875,12.2964,0,83,10,3211,1459.899487,0,1,0,1,1,1,0,0,1,0,0
117.4392,1.655301,3,63,14,788,837.3072679,1,0,0,1,1,0,0,0,0,1,0
172.5104,19.69566,1,50,16,2464,1876.809732,1,0,1,0,0,1,0,1,1,0,0
192.4404,7.521969,3,45,9,58,1129.471568,1,0,1,0,1,0,1,0,0,1,0
194.9663,5.123883,1,30,18,1753,1418.327071,1,1,0,1,1,0,1,1,0,0,1
202.6362,14.86376,0,87,17,1089,2089.529125,1,0,0,1,1,1,0,0,1,1,1
182.497,5.141927,1,70,15,9282,708.4028154,1,0,1,0,0,1,1,1,0,0,0
172.4441,1.554749,0,28,11,570,489.2316753,0,1,1,0,1,0,1,0,1,1,0
114.9658,10.50995,2,45,15,11268,1176.673652,1,1,0,0,1,0,0,0,0,0,1
167.4847,15.12559,1,35,9,1776,2229.929037,0,1,0,1,1,1,1,1,1,1,0
129.9483,5.113589,4,37,12,314,1241.024324,1,1,0,1,1,0,0,0,1,1,0
147.4421,10.88666,0,50,15,37360,1129.578351,0,0,1,0,1,0,0,0,0,0,1
139.9349,4.343093,1,34,12,1823,1137.986536,0,0,0,1,1,0,1,0,0,1,0
117.4392,7.470963,7,58,15,442,1453.3619,1,0,0,1,1,0,0,0,0,1,0
117.472,13.36689,3,42,11,10895,1456.609727,0,0,0,0,1,0,0,0,1,1,0
127.5067,2.596868,2,63,12,7934,410.7703918,0,0,0,0,1,0,1,1,1,0,0
107.482,7.685406,1,78,9,3231,1057.31153,0,0,0,1,1,1,0,0,1,0,0
257.6375,5.379951,7,89,11,47757,1640.268544,1,0,0,1,1,1,1,0,1,1,1
174.9755,8.387889,3,18,10,57886,1377.344633,1,1,1,0,1,1,1,1,0,1,0
184.9647,8.561641,0,89,13,15836,984.7206752,1,0,1,0,1,1,1,0,1,0,1
132.466,17.24595,10,66,9,3357,2399.954293,0,0,0,1,1,1,0,0,1,1,0
94.97283,4.457562,2,53,5,1012,983.5423493,0,0,0,1,1,1,0,0,0,0,0
104.9629,22.28926,1,44,10,60033,2068.186228,1,0,0,0,1,0,0,0,0,1,0
182.4676,3.77596,4,66,8,1767,775.6207448,0,1,1,0,1,0,0,1,0,1,0
147.4713,29.30064,1,85,13,1926,2626.362759,0,0,0,0,1,0,0,0,0,0,1
214.9663,10.32752,2,62,12,756,1274.789671,0,1,1,0,1,0,1,1,0,0,1
214.9525,7.668017,1,28,15,9417,1139.028165,0,0,1,0,1,0,1,0,1,0,1
129.9483,7.461144,3,55,10,548,1296.523969,1,0,0,1,1,0,0,0,1,1,0
147.4564,10.07469,2,55,6,231,1527.978319,1,0,0,1,1,0,1,0,0,0,0
154.9755,1.692565,0,59,13,422,1015.460451,1,0,0,1,1,1,1,1,0,1,0
204.9634,15.54856,0,28,10,8851,1835.681416,0,0,1,0,1,0,1,1,0,1,0
127.4421,4.18206,2,38,15,27606,1094.624835,0,0,0,1,1,0,0,0,0,0,1
129.9778,5.260996,1,79,10,13202,945.5437173,0,1,0,1,1,1,1,0,1,0,0
149.9447,4.480346,1,34,7,518,1127.193482,0,0,0,1,1,0,0,0,0,1,0
142.4526,8.652909,9,61,9,44103,1771.134878,1,0,0,1,1,1,1,0,0,1,0
232.624,10.65198,2,71,10,2333,1855.20004,0,1,0,1,0,0,0,0,1,1,1
242.6435,7.957264,0,89,11,3027,1194.31166,0,1,0,0,1,0,1,0,1,1,1
112.4551,15.4522,1,74,16,60,1213.799389,1,0,1,0,1,0,0,0,0,0,0
172.4871,18.07558,4,39,14,1085,2082.760575,1,0,0,0,1,0,1,1,0,1,0
144.9607,21.55836,1,84,14,37042,1835.575859,1,0,1,0,1,0,0,0,0,0,0
192.4567,14.0669,0,57,13,4242,1443.483853,0,0,1,0,1,0,0,0,1,0,1
159.9942,14.54834,0,64,17,388,1458.518135,0,0,0,0,1,0,0,1,0,0,1
137.4616,8.592449,4,43,5,239,1099.38854,0,1,0,0,1,0,1,0,0,0,1
92.45514,19.84947,1,76,13,540,2063.325487,1,0,0,1,1,0,0,0,0,0,0
257.6549,4.83427,2,53,17,80,1159.364961,0,0,1,0,1,1,1,1,1,1,1
225.1457,3.11391,0,75,12,4246,1340.927976,0,0,0,1,1,1,1,1,0,1,1
197.6288,22.05688,9,30,11,3632,2696.777135,0,1,0,0,1,0,1,0,0,1,1
184.9496,10.35346,2,78,6,521,1640.315966,0,1,0,1,1,0,1,0,1,1,0
149.9778,6.506483,4,22,12,2050,917.1665939,1,0,1,0,1,1,1,0,1,0,0
162.4538,17.95045,3,32,13,1741,2303.354723,1,0,0,1,1,0,0,0,1,1,0
174.9699,6.214398,0,78,11,29213,1251.894626,1,0,0,1,1,0,1,1,1,0,1
184.9715,14.66847,10,56,9,2924,1880.004543,1,0,1,0,1,1,0,0,1,1,0
182.447,5.628186,1,79,6,20935,650.4414677,0,0,1,0,0,0,1,0,1,0,1
149.9447,10.5771,1,68,11,274,1515.274871,0,1,0,1,1,0,0,0,0,1,0
157.4836,3.367303,4,48,7,29268,558.284596,0,1,1,0,1,0,0,1,0,0,0
102.4746,3.071976,4,70,12,365,398.8495205,1,0,0,0,1,0,1,0,0,0,0
117.472,3.246478,3,67,9,7878,545.3992275,0,1,0,0,0,0,0,0,1,1,0
187.656,5.798779,1,24,8,17493,1129.173931,1,0,0,0,1,0,0,1,0,1,1
127.4601,13.23966,4,44,12,4101,1735.029687,1,0,0,1,1,0,1,0,1,0,0
129.9598,18.44435,1,51,5,14464,2182.755951,0,0,0,1,1,1,0,0,0,0,1
152.466,2.941261,0,54,7,240,498.8080579,1,0,1,0,1,1,0,0,1,1,0
162.4608,21.07565,1,24,13,162,2673.10157,0,0,0,1,1,0,1,1,0,0,1
112.4844,12.09048,2,39,13,474,1155.835028,0,0,0,0,1,0,0,0,0,0,0
237.6549,11.76248,1,75,7,1372,2037.626802,0,0,0,1,1,1,1,1,1,1,1
167.4564,2.691911,1,70,8,539,347.3046722,0,0,1,0,1,0,1,0,0,0,0
232.6415,6.999666,0,36,13,8684,1161.766944,0,0,1,0,1,0,0,1,1,1,1
179.9794,3.896108,5,47,12,275,729.6672295,0,0,1,0,1,0,1,1,0,0,0
257.6513,6.564797,3,71,8,26565,1801.105672,1,0,0,1,1,1,1,1,0,1,1
159.9476,13.72738,0,51,8,6412,1844.506934,1,0,0,1,1,0,0,0,0,0,1
172.4733,2.804449,2,85,12,240,538.267259,1,1,0,0,1,0,1,0,1,1,0
169.9447,14.41688,2,79,16,2800,1458.177149,0,1,1,0,1,0,0,0,0,1,0
194.9525,6.186874,0,69,17,501,1183.666028,0,0,0,1,1,0,1,0,1,0,1
232.624,8.380626,3,32,15,83,1827.741525,1,0,0,1,1,0,0,0,1,1,1
117.4858,11.88328,0,32,10,48438,1309.247153,0,1,0,0,1,0,0,1,0,1,0
162.4538,4.899337,3,65,15,14942,1125.779521,0,0,0,1,1,0,0,0,1,1,0
169.9447,8.574964,6,20,15,2180,1296.081512,1,1,1,0,1,0,0,0,0,1,0
255.1198,31.79027,0,70,9,263,3575.871459,1,0,0,1,1,0,1,0,1,1,1
137.4616,7.84461,1,44,14,4745,1024.765594,1,0,0,0,1,0,1,0,0,0,1
262.6106,14.31807,1,19,8,2678,1924.414895,1,0,1,0,1,0,1,0,0,1,1
172.4441,21.43457,0,21,13,1786,2141.091982,0,1,1,0,1,0,1,0,1,1,0
197.4876,4.439464,1,74,11,365,729.7825005,1,0,1,0,1,1,1,1,1,0,1
159.9642,3.147832,0,66,9,28016,562.8048829,1,0,0,0,1,0,1,0,0,1,0
149.9776,10.83268,1,31,10,2388,1248.354542,0,1,0,0,1,0,0,0,1,1,0
177.6508,7.812114,2,18,13,3744,1381.709993,0,1,0,0,1,1,0,0,0,1,1
184.9496,9.042296,8,37,13,516,1852.013833,0,0,0,1,1,0,1,0,1,1,0
127.4586,8.850759,3,35,16,29522,1152.131327,1,0,0,0,1,0,1,0,0,1,0
172.4624,5.933094,3,78,12,2016,786.1863432,0,0,1,0,1,1,0,0,0,1,0
139.9568,23.08203,1,61,9,24613,2199.664389,0,0,1,0,1,1,0,0,0,1,0
114.9509,13.45113,1,57,14,27938,1613.057137,1,0,0,1,1,0,1,0,0,0,0
79.97886,3.080084,6,74,10,3521,436.2644992,1,1,0,0,1,0,0,0,0,0,0
232.6415,14.41788,0,19,8,171,1872.389857,1,0,1,0,1,0,0,1,1,1,1
184.967,6.2061,1,53,15,324,904.3179865,1,0,1,0,1,0,1,1,1,1,0
174.9744,17.38432,2,69,15,30996,2140.11456,1,0,0,1,1,1,0,0,1,0,1
202.65,4.490588,2,38,11,15133,1542.618812,0,0,0,1,1,1,0,1,0,1,1
200.1323,2.893617,4,74,10,2946,1280.101622,0,0,0,1,1,0,0,1,0,1,1
144.9607,7.634806,1,66,13,319,753.7251984,0,0,1,0,1,0,0,0,0,0,0
104.9643,3.794574,4,87,9,1883,726.148196,1,0,0,1,1,0,0,0,1,0,0
182.4608,6.905799,1,55,15,13128,914.6362933,0,0,1,0,1,0,1,1,0,0,1
114.9509,21.26763,0,25,11,5586,2327.656652,0,0,0,1,1,0,1,0,0,0,0
144.9607,2.507107,3,20,10,1194,463.6732561,1,1,1,0,1,0,0,0,0,0,0
174.9755,7.721518,3,82,9,3219,1065.856964,0,0,1,0,1,1,1,1,0,1,0
159.9349,2.886437,3,89,11,1025,486.381294,1,1,1,0,1,0,1,0,0,1,0
169.9671,10.35845,2,39,15,7285,1349.872551,0,0,0,0,1,0,1,0,0,0,1
129.9483,8.093081,2,48,14,11762,1340.469295,1,1,0,1,1,0,0,0,1,1,0
79.97886,12.1891,6,24,14,1826,1346.569879,1,1,0,0,1,0,0,0,0,0,0
160.0013,11.3031,1,40,17,624,1217.604663,1,0,1,0,1,1,0,1,0,0,0
149.9378,7.445235,0,21,11,55857,1450.159924,1,0,0,1,1,0,1,0,0,0,1
182.4676,1.877939,1,59,8,176,503.6435762,1,0,1,0,1,0,0,1,0,1,0
187.4847,2.347884,0,58,10,156,616.2094946,0,0,1,0,1,1,1,1,1,1,0
92.45514,24.69325,4,33,9,9499,2693.549899,1,0,0,1,0,0,0,0,0,0,0
139.9349,4.768185,0,35,15,7602,1138.754327,0,1,0,1,1,0,1,0,0,1,0
144.9889,8.824037,3,24,13,1827,1670.183322,0,1,0,1,1,1,0,1,1,1,0
184.9715,7.364002,8,79,16,3903,1144.514093,0,1,1,0,1,1,0,0,1,1,0
159.9942,16.58054,1,40,4,30076,1734.504367,0,0,0,0,1,0,0,1,0,0,1
159.9875,1.921112,3,75,13,3300,397.1455126,1,0,1,0,1,1,0,0,1,0,0
159.9942,11.72692,3,73,11,870,1372.468821,1,0,0,0,1,0,0,1,0,0,1
214.9663,2.987316,3,21,15,3274,838.558113,0,1,1,0,1,0,1,1,0,0,1
240.1149,12.04581,3,75,10,25328,1569.259659,0,0,1,0,1,0,0,0,0,1,1
149.9913,1.574932,8,68,12,4949,711.8546388,1,0,0,0,1,0,0,1,0,1,0
172.4441,1.76975,1,59,15,128,483.0491679,0,1,1,0,1,0,1,0,1,1,0
150.007,9.613541,2,52,15,657,1083.774656,0,0,0,0,1,1,1,0,1,0,0
127.4421,12.22703,1,20,11,4277,1782.043347,0,0,0,1,1,0,0,0,0,0,1
194.9882,9.517342,1,86,11,439,1162.432794,0,0,1,0,1,1,0,1,0,0,1
124.9643,2.611838,1,27,9,10218,320.1072613,0,1,1,0,1,0,0,0,1,0,0
137.4836,3.27379,1,67,10,22115,891.754556,0,1,0,1,1,0,0,1,0,0,0
222.6143,13.55138,0,37,11,4644,2117.66,0,0,0,1,1,0,1,0,1,1,1
79.97886,10.14235,4,41,9,1841,979.2710238,0,0,0,0,1,0,0,0,0,0,0
192.4705,17.74303,4,29,14,59,1958.174563,0,0,1,0,1,0,0,1,0,0,1
220.1149,10.52104,9,31,13,10228,2186.78593,0,1,0,1,1,0,0,0,0,1,1
124.9781,2.241794,0,57,12,2816,323.751566,0,1,1,0,1,0,0,1,0,0,0
199.9902,8.828042,10,55,11,224,1997.36133,1,0,0,1,1,1,1,1,1,1,0
179.9476,15.46234,8,36,9,14990,1786.342426,1,1,1,0,1,0,0,0,0,0,1
117.4686,6.974284,3,77,12,3278,1235.844622,0,0,0,1,1,1,1,0,0,0,0
124.9781,19.6447,0,85,13,6470,1657.906578,0,0,1,0,1,0,0,1,0,0,0
130.0064,12.67469,0,40,14,624,1469.220521,0,1,0,0,1,1,0,1,0,0,1
159.9349,5.924783,4,54,12,1780,880.8737878,0,0,1,0,1,0,1,0,0,1,0
187.6094,12.65954,1,77,11,34,1892.964163,0,0,0,1,0,0,0,0,0,1,1
220.1323,4.254025,0,34,14,2029,939.0291358,0,0,1,0,1,0,0,1,0,1,1
207.4754,12.4341,2,21,15,57775,1999.64045,0,1,0,1,1,0,1,1,1,0,1
165.0182,10.97775,1,32,12,7194,1417.312047,1,0,0,0,1,1,0,1,1,1,0
104.9923,13.16047,1,80,15,3067,1175.542116,0,0,0,0,1,1,1,0,0,0,0
194.9581,3.171487,1,49,14,15,773.5217752,1,0,1,0,1,1,1,0,0,1,0
117.4835,1.817421,1,33,11,265,548.1888179,0,0,0,0,1,1,0,0,0,0,1
152.466,7.813168,2,65,6,182,923.5059358,0,0,1,0,1,1,0,0,1,1,0
124.9607,20.91805,8,25,13,12449,2523.250672,1,0,0,1,1,0,0,0,0,0,0
255.1336,7.502506,1,29,17,217,1878.869681,1,0,0,1,1,0,1,1,0,1,1
159.9349,13.21297,8,25,14,950,1743.325286,0,0,1,0,1,0,1,0,0,1,0
245.1283,15.61752,0,80,12,25503,2335.858768,0,0,0,1,1,1,1,0,0,1,1
147.4421,9.74066,3,76,13,2634,1042.786672,0,0,1,0,1,0,0,0,0,0,1
207.6094,7.276075,2,40,13,3929,1143.400963,0,0,1,0,1,0,0,0,0,1,1
190.1737,7.965702,0,36,10,12478,1311.801862,1,0,0,0,1,1,0,1,0,1,1
172.4733,2.605757,4,87,13,11634,624.0528147,1,0,0,0,1,0,1,0,1,1,0
159.9476,8.542338,2,21,12,470,1497.298277,0,1,0,1,0,0,0,0,0,0,1
79.97886,10.13859,3,29,9,441,1069.807995,1,0,0,0,0,0,0,0,0,0,0
220.1478,5.464636,4,77,5,5012,1058.563314,0,0,0,0,1,0,0,0,1,1,1
242.6281,1.712499,1,62,5,304,763.7549084,1,0,1,0,1,0,1,1,0,1,1
179.9476,8.512387,8,38,11,440,1292.607065,1,0,1,0,1,0,0,0,0,0,1
207.6094,8.747794,0,41,13,21137,1246.19633,0,1,1,0,0,0,0,0,0,1,1
182.4608,7.019257,0,23,13,34135,998.0645117,0,0,1,0,1,0,1,1,0,0,1
192.4705,13.69077,2,76,9,29809,1492.762296,0,0,1,0,0,0,0,1,0,0,1
139.9875,4.208515,1,69,12,2006,956.1671721,1,1,0,1,1,1,0,0,1,0,0
184.9496,18.34508,0,37,9,19637,2281.87219,1,1,0,1,1,0,1,0,1,1,0
117.4392,8.873645,4,47,18,345,1512.005651,1,0,0,1,1,0,0,0,0,1,0
127.4738,5.188006,2,86,11,26695,1039.131091,1,0,0,1,1,0,1,1,0,0,0
162.4538,10.76731,0,80,13,20150,1512.108737,1,0,0,1,1,0,0,0,1,1,0
130.0064,2.284566,4,51,13,2939,704.9501482,0,1,0,0,0,1,0,1,0,0,1
172.4624,6.360959,2,25,17,25597,1050.342085,0,0,1,0,1,1,0,0,0,1,0
129.995,4.946157,2,84,12,38909,636.2377993,1,1,0,0,1,0,0,1,1,1,0
179.9476,18.98342,8,47,12,460,2038.787429,1,0,1,0,1,0,0,0,0,0,1
200.1185,14.07058,0,33,10,322,2079.326294,0,1,0,1,1,0,0,0,1,1,1
197.6288,10.99037,1,47,17,4059,1487.997515,1,0,0,0,1,0,1,0,0,1,1
159.9656,5.833919,4,75,11,203,1098.532284,1,0,0,1,1,0,1,0,1,0,0
104.9629,3.063806,1,55,15,11996,503.8825694,0,0,0,0,1,0,0,0,0,1,0
167.4564,10.61246,1,36,12,42979,1190.056958,0,1,1,0,1,0,1,0,0,0,0
172.4567,3.878332,1,46,17,1519,1006.71226,0,0,0,1,1,0,0,0,1,0,1
235.1372,7.600934,0,57,14,1909,1696.720466,1,0,0,1,1,0,1,1,1,1,1
114.9728,14.28503,0,75,16,213,1241.590602,0,0,1,0,1,1,0,0,0,0,0
270.1604,7.821554,6,50,12,29601,2022.556285,0,1,0,1,1,1,1,1,1,1,1
235.1591,4.533178,10,34,9,26131,1396.329395,0,1,1,0,1,1,0,1,1,1,1
252.6378,5.429608,3,38,16,2926,1186.544217,1,0,1,0,1,0,0,1,0,1,1
160.0122,9.914638,3,64,14,38748,1192.115613,0,1,0,0,1,0,1,1,1,0,0
242.6106,6.588658,0,21,12,26404,1667.235527,0,0,0,1,1,0,1,0,0,1,1
104.9923,1.556238,2,31,10,190,498.4399198,1,1,0,0,1,1,1,0,0,0,0
230.1344,7.820202,7,26,12,23858,1553.750811,0,0,0,0,1,0,1,0,0,1,1
79.97886,2.292165,1,27,12,9179,371.8766911,0,0,0,0,1,0,0,0,0,0,0
267.6647,10.06351,7,54,14,1471,1716.442787,0,0,1,0,0,1,0,1,1,1,1
230.1344,4.527148,1,77,16,4759,932.0065474,0,0,0,0,1,0,1,0,0,1,1
152.4555,11.5917,3,73,9,2558,1786.980349,0,0,0,1,1,1,1,0,0,0,1
149.9707,11.89464,0,77,9,214,1139.673714,0,0,0,0,0,0,1,0,1,0,1
159.9942,14.0795,0,77,15,6975,1459.766208,0,1,0,0,1,0,0,1,0,0,1
164.9853,3.422801,4,63,9,1938,1245.217129,1,0,0,1,1,1,0,1,0,1,0
134.9509,6.264945,4,35,12,9505,857.5127538,0,0,1,0,1,0,1,0,0,0,0
190.127,8.675197,2,63,7,19535,1671.330908,1,0,0,1,1,1,0,0,0,1,1
164.9889,14.58336,0,55,12,24743,1581.65754,0,0,1,0,1,1,0,1,1,1,0
94.97283,2.856149,0,41,11,17248,830.1003254,1,1,0,1,0,1,0,0,0,0,0
124.9643,8.390283,5,77,14,939,835.073392,1,0,1,0,1,0,0,0,1,0,0
124.9643,16.64412,2,78,11,541,1333.45659,0,1,1,0,1,0,0,0,1,0,0
242.6143,4.46492,0,39,14,1468,953.0836423,1,0,1,0,1,0,1,0,1,1,1
159.9349,4.16861,1,51,8,15988,654.4586472,0,0,1,0,0,0,1,0,0,1,0
255.1555,12.62182,1,22,13,85,1802.889936,0,0,1,0,1,1,0,1,0,1,1
222.65,16.37611,0,30,14,939,2020.604314,0,1,1,0,1,1,0,1,0,1,1
277.6513,4.581601,4,32,12,2144,1383.764044,1,1,1,0,1,1,1,1,0,1,1
149.9598,12.14985,0,74,14,595,1147.311353,1,1,1,0,1,1,0,0,0,0,1
225.1457,11.739,2,29,10,8419,2212.982101,0,0,0,1,1,1,1,1,0,1,1
235.1417,7.819376,0,77,11,13015,1617.064452,0,0,0,1,1,1,0,0,1,1,1
217.484,12.53901,4,72,16,2349,1642.266752,0,0,1,0,0,1,1,1,0,0,1
184.9853,7.766899,0,32,12,13864,1166.167844,0,1,1,0,0,1,0,1,0,1,0
167.4564,4.219362,5,37,13,246,786.0804243,0,0,1,0,1,0,1,0,0,0,0
167.4564,18.75702,4,24,12,926,1989.102456,1,1,1,0,1,0,1,0,0,0,0
104.9781,9.875391,1,31,11,275,1478.755528,0,0,0,1,1,0,0,1,0,0,0
187.4974,2.323179,1,86,12,2514,990.7760503,1,0,0,1,1,1,0,1,1,0,1
172.4885,10.48384,1,70,14,59,1488.721642,0,0,0,1,1,0,1,1,1,0,0
204.9797,6.027061,0,65,12,34313,761.3473324,1,0,1,0,1,0,0,1,1,0,1
162.4689,18.84228,1,67,10,21804,1836.018288,0,0,1,0,1,1,0,0,1,0,1
154.9618,7.895618,2,58,11,680,1460.696574,0,0,0,1,1,1,1,0,1,1,0
182.447,15.37459,1,71,15,92,1475.269918,0,0,1,0,1,0,1,0,1,0,1
114.9728,9.260977,4,57,8,2856,1012.08426,0,0,1,0,0,1,0,0,0,0,0
194.9744,12.13697,3,82,11,249,1288.655023,0,0,1,0,1,1,0,0,1,0,1
172.4624,5.793869,0,52,7,52688,853.7834038,0,0,1,0,1,1,0,0,0,1,0
182.4608,2.246214,2,34,13,21589,632.4760401,1,0,1,0,0,0,1,1,0,0,1
242.6281,1.999262,0,56,16,16254,776.1387725,1,0,1,0,1,0,1,1,0,1,1
217.484,4.685087,1,66,13,2114,843.7651173,0,1,1,0,1,1,1,1,0,0,1
207.4974,15.75222,1,85,10,7156,1680.906796,1,0,1,0,1,1,0,1,1,0,1
124.9781,2.680333,2,53,10,734,352.0824182,0,1,1,0,1,0,0,1,0,0,0
172.4705,9.283599,0,64,13,2318,1440.630753,0,0,0,1,1,0,0,1,0,0,1
152.4624,5.70629,0,38,13,1319,1306.002586,1,1,0,1,0,1,0,0,0,1,0
132.466,12.79286,1,83,7,1665,1655.225461,1,1,0,1,1,1,0,0,1,1,0
197.4945,12.2982,0,35,8,2875,1484.886328,1,0,1,0,1,1,0,1,1,1,0
104.9629,3.665202,4,45,13,3814,678.3000196,0,0,0,0,1,0,0,0,0,1,0
182.447,5.971951,1,44,16,1201,875.6471402,0,0,1,0,1,0,1,0,1,0,1
240.1149,5.364231,2,28,10,68300,1145.096989,1,0,1,0,1,0,0,0,0,1,1
152.4441,14.86565,0,23,16,39698,2009.785388,1,1,0,1,1,0,1,0,1,1,0
159.983,10.10287,0,55,15,107,990.4553964,0,1,1,0,1,0,1,1,1,0,0
242.6106,10.15649,4,20,16,520,2133.046997,1,0,0,1,1,0,1,0,0,1,1
182.4833,8.031947,0,28,9,1428,971.3001605,0,0,1,0,1,1,1,0,1,0,0
112.4551,4.864814,10,46,13,27515,797.4420172,1,0,1,0,0,0,0,0,0,0,0
175.0211,17.06338,4,52,8,39,1988.890125,0,1,0,0,1,1,0,1,1,0,1
222.6281,6.723311,0,48,19,2918,1602.940552,0,1,0,1,1,0,1,1,0,1,1
92.48802,9.712168,5,26,14,182,1028.310241,1,0,0,0,1,0,0,0,1,0,0
179.9794,4.731685,0,52,14,25735,627.8159819,1,0,1,0,1,0,1,1,0,0,0
130.0064,3.407577,7,54,14,10780,879.4853583,0,1,0,0,1,1,0,1,0,0,1
257.6375,9.986348,1,55,13,35,1944.472438,1,1,0,1,0,1,1,0,1,1,1
190.127,9.651306,0,68,13,1973,1673.34866,0,0,0,1,1,1,0,0,0,1,1
120.0049,1.726448,1,44,10,60944,847.9529065,1,1,0,1,1,1,0,1,1,0,0
124.9935,11.51671,10,40,15,197,1438.429891,0,1,0,0,1,0,0,0,1,0,0
179.9656,17.88722,3,87,12,1329,1684.817133,1,0,1,0,1,0,1,0,1,0,0
230.1344,13.85859,4,56,13,2789,1904.863682,0,0,0,0,1,0,1,0,0,1,1
129.9915,23.59578,2,58,12,1044,2632.143148,0,0,0,1,0,1,1,1,0,0,0
137.4872,4.115815,2,60,19,809,451.0754045,0,0,1,0,1,0,0,1,1,0,0
107.482,10.277,0,45,12,7247,1429.357527,1,0,0,1,1,1,0,0,1,0,0
220.1615,13.89557,0,51,14,34315,1745.25049,1,0,0,0,0,0,0,1,0,1,1
152.4441,11.89052,2,24,18,50328,1871.35466,1,0,0,1,1,0,1,0,1,1,0
207.6094,6.971587,0,44,9,6569,1090.821866,1,1,1,0,1,0,0,0,0,1,1
182.4433,17.30262,1,47,9,1691,2275.34376,1,0,0,1,1,0,1,0,0,0,1
207.4754,15.13225,1,25,13,11254,2259.107162,1,0,0,1,0,0,1,1,1,0,1
114.9509,11.42868,2,47,6,419,1510.913118,1,0,0,1,1,0,1,0,0,0,0
217.4702,5.192447,4,77,17,523,943.0894026,0,0,1,0,0,1,1,0,1,0,1
207.6094,17.1248,3,76,13,3650,1910.19173,1,0,1,0,1,0,0,0,0,1,1
149.9621,9.630403,3,40,18,1706,1237.830202,1,1,1,0,0,0,0,1,0,1,0
184.9785,5.73926,0,22,12,28,1053.952202,1,0,1,0,1,1,1,1,0,0,1
192.4705,5.506063,1,55,16,270,860.1917234,1,0,1,0,1,0,0,1,0,0,1
184.9715,10.89731,0,55,14,1922,1219.381518,1,0,1,0,1,1,0,0,1,1,0
134.9509,3.770144,0,80,10,1186,382.4167858,1,0,1,0,1,0,1,0,0,0,0
152.509,9.312734,4,43,9,47,1332.850025,1,1,0,0,1,1,0,1,0,1,0
220.1185,4.370713,1,23,17,8219,895.556806,0,0,1,0,1,0,0,0,1,1,1
252.6378,2.006646,7,68,16,1601,977.9075314,1,0,1,0,1,0,0,1,0,1,1
187.6094,10.62816,4,54,12,1111,1847.226235,1,0,0,1,1,0,0,0,0,1,1
95.01949,6.033703,0,22,10,318,824.4079658,1,0,0,0,1,1,0,1,0,0,0
92.48802,7.660409,2,77,11,3590,682.9150315,0,0,0,0,1,0,0,0,1,0,0
130.0064,12.28997,3,58,8,8611,1388.750133,0,0,0,0,1,1,0,1,0,0,1
150.0208,7.354812,1,31,18,23894,1099.874685,0,0,0,0,0,1,1,1,0,0,0
204.9496,3.872474,2,18,10,302,892.5015342,1,0,1,0,1,0,1,0,1,1,0
139.983,4.043292,1,89,19,1571,826.7523349,0,0,0,1,1,0,1,1,1,0,0
149.9378,3.309503,0,47,15,10741,1026.042379,1,0,0,1,1,0,1,0,0,0,1
242.6106,25.68013,0,70,12,5157,3070.896284,1,0,0,1,1,0,1,0,0,1,1
194.9882,10.12764,0,51,15,39642,1214.121186,0,1,1,0,1,1,0,1,0,0,1
149.9621,18.01409,4,47,14,2119,1885.551581,0,1,1,0,1,0,0,1,0,1,0
127.4958,1.90586,1,44,13,46623,362.550034,0,1,1,0,1,1,0,1,0,0,0
200.1185,7.329775,0,56,8,1600,1451.591007,0,0,0,1,1,0,0,0,1,1,1
159.9476,11.21881,0,41,7,11817,1589.460591,1,1,0,1,1,0,0,0,0,0,1
179.9794,13.17784,2,44,6,9493,1407.673878,0,0,1,0,1,0,1,1,0,0,0
245.147,2.77885,1,80,11,5020,1187.8922,0,1,0,1,1,0,0,1,1,1,1
174.9744,12.9557,1,25,9,34390,1894.547126,1,0,0,1,1,1,0,0,1,0,1
270.1604,21.39532,3,46,14,2992,3055.521716,0,1,0,1,0,1,1,1,1,1,1
245.147,26.54684,2,58,13,4586,3238.304359,0,0,0,1,1,0,0,1,1,1,1
152.4742,7.334657,1,61,6,39,1253.931577,0,0,0,1,1,0,0,1,1,0,1
152.5104,19.48914,2,65,11,393,2254.987769,0,0,0,1,1,1,0,1,1,0,0
162.4538,4.546842,0,43,14,15788,1076.672787,1,1,0,1,1,0,0,0,1,1,0
194.9663,4.320048,2,56,12,3139,1215.716688,0,0,0,1,1,0,1,1,0,0,1
204.961,9.553951,0,84,12,2381,1063.934914,0,0,1,0,1,1,1,0,0,0,1
162.4676,22.01734,2,68,12,185,2615.647724,0,1,0,1,1,0,0,1,0,1,0
162.4818,2.628926,10,33,11,252,1058.58579,1,0,0,0,1,1,1,0,0,1,0
215.1591,7.041709,1,24,14,24325,1771.091615,0,0,0,1,0,1,0,1,1,1,1
127.5112,7.295203,0,83,13,66056,636.617816,0,0,0,0,0,1,0,0,1,0,0
164.967,17.19189,4,57,10,588,2297.2034,0,0,0,1,1,0,1,1,1,1,0
129.9621,7.560138,2,24,14,320,1503.364958,1,0,0,1,0,0,0,1,0,1,0
202.4433,15.62643,0,68,11,630,1624.869828,0,0,1,0,1,0,1,0,0,0,1
137.4686,6.142753,2,84,14,18402,700.4813335,0,0,1,0,1,1,1,0,0,0,0
172.4705,8.696148,1,48,12,2273,1475.739164,1,0,0,1,1,0,0,1,0,0,1
235.1372,21.49074,3,55,13,8751,2886.678944,0,0,0,1,1,0,1,1,1,1,1
117.4835,14.45396,8,68,11,5480,1684.339812,0,1,0,0,1,1,0,0,0,0,1
207.4811,13.21887,1,70,10,991,1566.022939,1,0,1,0,1,1,1,1,0,1,0
214.9525,13.74701,4,68,9,85,1598.336024,1,0,1,0,1,0,1,0,1,0,1
194.9699,19.48387,4,81,15,28165,2038.974824,0,0,1,0,1,0,1,1,1,0,1
220.1323,5.067354,2,64,7,26545,968.8818009,0,0,1,0,1,0,0,1,0,1,1
139.9875,6.386027,1,73,13,24743,1039.187211,0,0,0,1,1,1,0,0,1,0,0
159.9349,5.387209,2,27,7,38833,910.8338083,0,0,1,0,1,0,1,0,0,1,0
104.9643,3.94227,0,57,6,218,795.7564584,1,0,0,1,1,0,0,0,1,0,0
230.1051,5.664023,1,68,10,18951,982.7165421,1,1,1,0,1,0,1,0,0,1,1
200.1323,1.329981,3,22,9,421,1244.63125,1,0,0,1,1,0,0,1,0,1,1
114.9509,29.58658,2,34,10,21480,3041.355145,0,0,0,1,1,0,1,0,0,0,0
147.4783,7.888574,1,78,10,196,810.3780598,0,1,1,0,1,1,0,0,0,0,0
174.9581,13.34222,4,75,11,24824,2027.493646,0,1,0,1,1,1,1,0,0,1,0
174.9768,13.63405,1,68,12,1770,1855.223588,0,0,0,1,1,0,0,1,1,1,0
154.9919,8.171806,0,79,3,476,1307.928901,1,0,0,1,0,1,0,1,1,0,1
167.4847,25.76718,1,51,10,3989,3049.419775,0,0,0,1,1,1,1,1,1,1,0
197.4702,3.876069,1,58,15,690,1218.662597,0,1,0,1,1,1,1,0,1,0,1
194.9768,29.71753,2,58,11,733,2823.145964,0,0,1,0,1,0,0,1,1,1,0
184.9634,1.116305,0,89,14,1368,866.6314272,0,0,0,1,1,0,1,1,0,1,0
220.1185,1.331372,3,25,12,5705,740.5922353,1,0,1,0,1,0,0,0,1,1,1
149.9778,4.054345,0,59,11,21212,471.7954635,1,0,1,0,1,1,1,0,1,0,0
179.9656,11.99482,0,31,13,43714,1293.256696,1,0,1,0,1,0,1,0,1,0,0
169.9378,5.156634,1,20,13,2491,883.2058714,0,0,1,0,1,0,1,0,0,0,1
230.1051,1.530293,0,21,12,123,814.3727251,1,0,1,0,1,0,1,0,0,1,1
194.9663,5.976743,2,68,14,431,1312.11903,1,0,0,1,1,0,1,1,0,0,1
152.509,23.63005,0,41,11,10976,2436.452255,0,0,0,0,1,1,0,1,0,1,0
149.9778,6.42531,2,37,8,299,799.7665769,0,0,1,0,1,1,1,0,1,0,0
159.9875,6.088456,0,72,15,33965,656.0906255,1,0,1,0,1,1,0,0,1,0,0
159.9875,17.93561,0,53,16,4089,1689.115275,1,0,1,0,1,1,0,0,1,0,0
179.9656,9.389007,1,45,11,62,982.3393738,0,1,1,0,1,0,1,0,1,0,0
175.1331,15.06895,0,69,13,994,1672.336606,1,0,0,0,1,0,0,0,0,1,1
127.525,3.305552,8,63,16,677,702.3872964,1,0,0,0,1,1,0,1,0,0,0
207.4673,13.11297,3,19,14,27819,1705.302867,1,0,1,0,1,1,1,0,1,1,0
220.1478,7.579944,2,50,10,5646,1258.840915,0,0,0,0,1,0,0,0,1,1,1
207.4754,6.913925,6,87,13,2157,1536.363525,0,0,0,1,1,0,1,1,1,0,1
130.0244,2.429677,4,75,6,38733,494.5000388,0,1,0,0,1,1,1,1,1,0,0
220.1323,9.386672,0,46,15,379,1367.297406,1,0,1,0,1,0,0,1,0,1,1
179.9656,9.187823,2,87,15,518,941.2227255,0,1,1,0,1,0,1,0,1,0,0
137.4616,8.71167,2,43,18,15741,1129.873915,0,0,0,0,1,0,1,0,0,0,1
212.6415,4.820891,7,49,12,25578,1569.607544,0,1,0,1,0,0,0,1,1,1,1
124.9607,16.57839,1,80,14,5547,1771.850524,1,0,0,1,1,0,0,0,0,0,0
152.5104,2.780924,1,28,12,1590,976.4774375,1,0,0,1,1,1,0,1,1,0,0
117.472,2.924951,2,73,13,9777,468.5975061,0,0,0,0,1,0,0,0,1,1,0
147.4421,4.212653,1,36,9,10481,659.4098323,1,1,1,0,1,0,0,0,0,0,1
92.48802,9.525184,0,63,14,48905,820.0423101,0,0,0,0,1,0,0,0,1,0,0
127.4738,4.579843,0,44,11,14601,983.1469135,0,0,0,1,0,0,1,1,0,0,0
119.9568,4.096547,0,53,12,4128,1052.973308,1,0,0,1,1,1,0,0,0,1,0
240.1149,2.250238,3,83,17,2968,693.3489139,0,0,1,0,1,0,0,0,0,1,1
210.138,5.236648,4,63,13,615,1060.76878,0,1,0,0,1,0,1,0,1,1,1
139.965,5.695207,1,29,8,7252,1220.191739,0,1,0,1,1,0,0,1,0,0,1
242.6326,6.649321,1,39,16,7947,1211.694229,1,1,1,0,1,1,0,0,0,1,1
162.4676,5.276321,3,61,12,38620,1250.606015,0,1,0,1,1,0,0,1,0,1,0
227.4754,15.1631,2,34,9,109,1849.418149,1,1,1,0,1,0,1,1,1,0,1
192.4705,5.124495,0,48,19,26659,821.0926195,0,0,1,0,1,0,0,1,0,0,1
207.4811,5.111844,1,21,14,4029,1062.404345,1,0,1,0,1,1,1,1,0,1,0
149.9447,10.02376,2,49,11,43736,1610.068088,0,0,0,1,1,0,0,0,0,1,0
114.9509,11.61657,2,69,14,1158,1454.178463,1,0,0,1,1,0,1,0,0,0,0
117.4392,6.275924,3,69,9,5316,1196.239363,1,0,0,1,1,0,0,0,0,1,0
137.4392,10.18273,0,77,14,6705,984.2773024,0,0,1,0,1,0,0,0,0,1,0
104.9781,7.761878,2,63,17,23285,1231.447125,0,0,0,1,1,0,0,1,0,0,0
149.9598,12.9765,0,85,11,4968,1178.979911,0,0,1,0,1,1,0,0,0,0,1
194.9581,12.70321,2,32,8,62135,1593.998248,0,1,1,0,1,1,1,0,0,1,0
187.6094,6.431215,2,88,11,10546,1377.348602,0,0,0,1,0,0,0,0,0,1,1
104.9629,1.74299,0,28,14,620,453.3963183,1,0,0,0,1,0,0,0,0,1,0
127.4887,2.825046,2,64,12,1056,569.8410423,0,1,0,0,1,0,0,1,0,0,1
142.5007,2.237136,0,86,12,137,733.0142637,1,1,0,1,1,1,1,1,1,0,0
149.9915,15.39062,4,49,10,221,1719.698931,0,0,1,0,1,1,1,1,0,0,0
104.9781,6.749571,0,45,12,4892,1145.946987,0,0,0,1,1,0,0,1,0,0,0
172.4705,15.33595,1,34,11,2064,2065.691215,0,0,0,1,0,0,0,1,0,0,1
162.4689,8.686291,0,36,11,2326,992.4258553,1,0,1,0,1,1,0,0,1,0,1
162.447,17.8565,1,73,13,10626,2167.855557,0,0,0,1,1,0,1,0,1,0,1
232.6415,1.112412,0,87,16,7265,512.1675846,1,1,1,0,1,0,0,1,1,1,1
162.4526,2.255314,1,55,10,954,520.7155239,1,1,1,0,1,1,1,0,0,1,0
137.4684,1.374443,1,78,19,846,362.0020605,1,0,0,0,1,0,0,0,0,1,0
152.4624,1.40024,1,50,12,19168,944.6151981,1,1,0,1,1,1,0,0,0,1,0
107.4806,6.093746,0,77,16,3708,724.4378895,1,0,0,0,1,1,0,0,0,1,0
147.5031,3.384599,1,31,11,45158,699.360769,0,1,0,0,1,0,1,1,0,0,0
197.4702,6.398242,0,47,11,2166,1348.318284,0,0,0,1,1,1,1,0,1,0,1
184.9797,2.223563,0,87,14,2315,873.3472232,0,0,0,1,1,0,0,1,1,0,1
182.4676,7.277274,0,85,14,2271,877.0780549,1,0,1,0,0,0,0,1,0,1,0
182.447,3.4187,0,49,13,344,619.2614035,0,0,1,0,0,0,1,0,1,0,1
197.4876,17.58224,1,51,11,4010,1964.367635,1,0,1,0,1,1,1,1,1,0,1
144.9607,8.423652,2,35,11,11854,868.497965,1,0,1,0,1,0,0,0,0,0,0
210.127,22.744,10,27,10,353,2774.912011,1,0,1,0,1,1,0,0,0,1,1
235.1591,6.56131,3,43,11,184,1270.455838,1,0,1,0,1,1,0,1,1,1,1
152.4624,1.726822,1,87,16,777,850.0650584,1,0,0,1,1,1,0,0,0,1,0
197.4725,6.495239,6,70,12,5303,1558.694988,0,1,0,1,1,0,1,1,1,1,0
125.0073,5.778279,0,78,13,2348,616.6230151,1,0,0,0,1,0,0,1,0,0,0
104.9643,4.484822,0,55,10,1913,764.4832553,0,1,0,1,1,0,0,0,1,0,0
147.4738,6.994401,1,64,16,29586,814.9942633,0,0,1,0,1,0,1,1,0,0,0
142.4526,6.597117,3,57,9,7570,1384.04032,0,1,0,1,1,1,1,0,0,1,0
182.497,11.12081,0,23,13,2326,1321.610648,1,0,1,0,1,1,1,1,0,0,0
114.9509,17.55118,1,44,8,25086,1991.629188,0,0,0,1,1,0,1,0,0,0,0
127.4601,4.795038,2,34,13,1666,1096.59855,1,0,0,1,1,0,1,0,1,0,0
207.6386,4.377435,0,20,12,38517,981.8469749,0,0,0,0,1,0,0,0,0,1,1
242.6435,15.35499,1,77,9,10395,1870.593916,1,0,0,0,1,0,1,0,1,1,1
232.6228,2.696846,0,75,13,2968,808.114485,1,1,1,0,0,1,1,0,0,1,1
169.9447,9.648973,3,24,11,7715,1278.614923,0,0,1,0,1,0,0,0,0,1,0
157.4836,20.16597,1,45,5,3558,1934.499334,0,0,1,0,1,0,0,1,0,0,0
162.4713,6.193832,4,54,12,29402,945.4518917,0,0,1,0,1,0,0,1,1,1,0
164.9785,2.553094,2,25,11,41468,1258.112414,0,0,0,1,1,1,1,1,0,0,1
220.1615,21.19755,4,23,17,8295,2605.553463,1,0,0,0,1,0,0,1,0,1,1
164.9853,20.52701,1,46,12,1227,2563.027756,1,1,0,1,1,1,0,1,0,1,0
287.6427,12.00948,10,85,13,1084,1885.394921,1,1,1,0,1,0,1,1,1,1,1
230.1051,5.516053,8,35,10,39859,1294.27991,1,0,1,0,0,0,1,0,0,1,1
247.6647,9.696166,3,34,10,95,2089.325891,1,1,0,1,1,1,0,1,1,1,1
194.9581,6.135015,0,82,13,684,877.3671989,1,0,1,0,1,1,1,0,0,1,0
255.1198,11.69119,1,75,9,20007,1943.387485,0,0,0,1,1,0,1,0,1,1,1
175.0062,4.301967,3,69,10,2231,1122.243782,1,1,0,1,1,1,1,1,1,0,0
144.9889,11.40635,0,70,14,14795,1685.65475,1,1,0,1,1,1,0,1,1,1,0
147.4421,5.119045,1,63,15,9692,645.1544646,0,0,1,0,1,0,0,0,0,0,1
172.4555,7.663799,1,68,8,676,1006.466252,0,0,1,0,0,1,1,0,0,0,1
197.6288,4.614124,3,63,14,2388,974.6526364,0,0,0,0,1,0,1,0,0,1,1
157.4836,10.15306,1,55,16,346,1081.276543,1,0,1,0,1,0,0,1,0,0,0
144.9889,4.64085,0,45,15,18575,1166.216656,0,0,0,1,1,1,0,1,1,1,0
157.4836,2.919224,1,30,11,52254,488.2314263,0,0,1,0,1,0,0,1,0,0,0
235.1591,25.07759,10,35,9,6354,3076.415699,1,0,1,0,1,1,0,1,1,1,1
187.6422,22.39748,1,32,12,1411,2429.237651,0,0,0,0,1,0,0,0,1,1,1
202.6829,5.337342,0,39,16,9852,1090.927055,1,0,0,0,1,1,0,1,1,1,1
174.9744,7.704074,2,68,14,1283,1436.32927,0,0,0,1,1,1,0,0,1,0,1
240.1149,14.13869,1,77,11,13489,1672.619185,0,0,1,0,1,0,0,0,0,1,1
172.4404,17.61732,1,87,19,9071,2123.830793,1,0,0,1,1,0,1,0,0,1,0
290.1604,3.179833,1,33,12,4179,1130.542862,1,0,1,0,1,1,1,1,1,1,1
222.6654,17.5331,3,60,11,8192,2100.528824,0,0,0,0,1,1,0,0,1,1,1
179.9656,9.448515,3,30,12,2886,1180.250198,0,0,1,0,1,0,1,0,1,0,0
207.6386,2.488097,1,35,12,1215,808.6437867,0,0,0,0,1,0,0,0,0,1,1
277.6375,6.422331,0,22,9,1394,1316.360571,0,0,1,0,1,1,1,0,1,1,1
179.9794,8.91671,1,70,18,808,1024.783162,1,0,1,0,1,0,1,1,0,0,0
149.9928,11.51972,3,19,10,1165,1708.389751,0,1,0,1,1,0,0,1,1,0,0
194.9992,2.184299,0,41,13,603,701.4431106,0,0,0,0,1,0,1,1,1,0,1
160.0013,15.19674,1,65,11,2564,1536.961227,0,0,1,0,1,1,0,1,0,0,0
139.965,9.060452,0,78,8,14801,1304.494778,1,0,0,1,1,0,0,1,0,0,1
147.4783,11.7516,0,74,10,44,1026.949787,0,0,1,0,1,1,0,0,0,0,0
182.4608,1.556533,2,21,12,1783,618.5873585,0,1,1,0,1,0,1,1,0,0,1
245.1457,10.59224,2,75,12,2227,1601.761071,1,1,1,0,1,1,1,1,0,1,1
182.49,18.08315,1,40,10,212,1951.61509,0,0,0,0,1,0,1,1,0,0,1
172.4555,6.214633,2,26,12,336,1056.212192,1,0,1,0,1,1,1,0,0,0,1
232.6228,3.595204,0,77,17,1333,828.1128045,1,0,1,0,1,1,1,0,0,1,1
112.4844,4.197945,3,61,9,55352,550.0787433,0,1,0,0,1,0,0,0,0,0,0
127.482,8.596064,2,58,13,5557,897.0780053,0,0,1,0,1,1,0,0,1,0,0
139.9512,3.184209,0,54,19,968,820.8726738,0,0,0,1,0,0,0,0,1,0,1
204.9634,4.171617,1,60,13,9998,782.2940277,0,0,1,0,1,0,1,1,0,1,0
137.5165,1.312447,2,45,14,23787,342.5038822,0,1,0,0,1,0,0,1,1,0,0
112.4551,3.684683,0,23,14,2293,386.0205317,0,0,1,0,1,0,0,0,0,0,0
137.4872,2.922427,1,45,8,421,453.9726524,1,1,1,0,1,0,0,1,1,0,0
214.9525,10.17149,1,85,9,94,1157.275128,1,1,1,0,1,0,1,0,1,0,1
149.9915,4.73307,4,57,13,3306,820.2134061,1,0,1,0,0,1,1,1,0,0,0
172.4624,19.39483,1,51,13,1059,1955.226259,0,0,1,0,0,1,0,0,0,1,0
222.6281,19.52917,0,27,15,6762,2768.129883,0,0,0,1,1,0,1,1,0,1,1
217.4702,6.383328,0,25,13,63911,1088.018039,0,0,1,0,1,1,1,0,1,0,1
117.5152,11.43916,3,48,9,446,1286.132827,0,0,0,0,1,1,1,1,0,0,0
255.1336,10.70911,2,89,10,861,1975.678599,1,0,0,1,0,0,1,1,0,1,1
127.4887,18.83056,1,30,15,1043,1961.987049,1,1,0,0,1,0,0,1,0,0,1
220.1615,10.90429,3,77,15,2085,1507.261366,0,0,0,0,0,0,0,1,0,1,1
149.9741,5.461422,0,46,14,10185,1193.11856,0,1,0,1,1,1,1,0,0,0,0
212.6228,12.39101,2,65,16,35345,2110.283707,0,1,0,1,1,1,1,0,0,1,1
184.9634,7.91568,0,31,16,1690,1613.918447,0,0,0,1,1,0,1,1,0,1,0
162.4538,6.306379,3,43,14,193,1360.253379,0,1,0,1,1,0,0,0,1,1,0
270.1604,8.05975,4,40,13,247,2060.344507,0,0,0,1,1,1,1,1,1,1,1
184.961,19.34604,1,28,15,547,2580.274842,1,0,0,1,1,1,1,0,0,0,1
184.9939,2.397122,2,41,11,1851,688.2220572,1,0,0,0,1,1,1,0,1,0,1
172.4579,5.533306,4,43,8,11142,1017.061783,1,0,1,0,1,0,1,1,0,1,0
120.0035,2.745106,4,36,14,141,745.7123774,1,0,0,0,1,1,0,1,0,1,0
175.0062,2.348386,0,86,11,836,814.0807452,0,0,0,1,1,1,1,1,1,0,0
232.624,14.74826,2,76,13,417,2174.446655,0,0,0,1,1,0,0,0,1,1,1
142.4689,8.802664,8,25,5,63465,1697.797856,0,0,0,1,1,1,0,0,1,0,1
192.4404,11.94546,4,23,11,903,1594.837225,1,0,1,0,1,0,1,0,0,1,0
140.0013,11.54316,1,67,9,5259,1562.246266,0,0,0,1,1,1,0,1,0,0,0
127.5067,9.900255,4,25,7,21970,1195.35168,1,0,0,0,1,0,1,1,1,0,0
240.1149,8.930383,1,24,16,21556,1419.629707,0,0,1,0,1,0,0,0,0,1,1
287.6427,6.62916,3,80,10,357,1292.497362,1,0,1,0,1,0,1,1,1,1,1
265.1283,8.004483,3,56,12,12058,1422.55591,0,0,1,0,1,1,1,0,0,1,1
255.1417,8.618298,2,20,7,3423,1470.429882,0,1,1,0,1,1,0,0,1,1,1
164.9647,2.146247,2,62,15,31848,940.3579408,0,0,0,1,1,1,1,0,1,0,1
95.00571,9.836442,1,57,11,2003,888.9198648,0,0,0,0,1,1,0,0,1,0,0
137.4686,2.63695,3,19,14,10577,657.1195012,0,1,1,0,1,1,1,0,0,0,0
172.4555,16.60248,1,54,15,2349,1784.783191,0,0,1,0,1,1,1,0,0,0,1
127.4783,9.309073,3,71,13,2723,1424.784732,0,0,0,1,1,1,0,0,0,0,0
200.1185,19.9897,4,42,16,228,2705.01162,1,1,0,1,1,0,0,0,1,1,1
127.5067,8.599092,0,20,7,4343,981.9916887,0,0,0,0,1,0,1,1,1,0,0
242.6143,13.288,2,31,8,2131,1763.825951,1,0,1,0,1,0,1,0,1,1,1
230.1344,6.487239,3,60,13,809,1256.972232,0,0,0,0,1,0,1,0,0,1,1
197.6288,6.984409,1,82,10,3519,1045.005193,0,1,0,0,1,0,1,0,0,1,1
162.4937,15.59169,0,31,9,3521,1678.565511,0,1,0,0,1,0,1,1,1,0,1
114.9658,13.02184,2,57,11,22935,1343.149177,0,0,0,0,1,0,0,0,0,0,1
152.4884,8.268405,0,65,10,11333,1039.380833,1,0,0,0,1,1,1,0,1,0,1
245.132,19.01406,0,54,14,9144,2171.232828,0,0,1,0,1,1,1,0,1,1,1
152.509,14.67731,1,82,8,432,1599.244733,1,0,0,0,1,1,0,1,0,1,0
169.9671,9.035721,3,66,9,56308,1101.466816,1,1,0,0,1,0,1,0,0,0,1
197.5169,7.989206,1,29,16,46,1322.416264,1,1,0,0,1,1,1,1,1,0,1
149.9915,8.330395,7,23,10,377,1318.798135,0,0,1,0,1,1,1,1,0,0,0
159.9794,6.482702,2,75,12,3076,1170.945568,1,0,0,1,1,0,1,1,0,0,0
182.4538,5.368306,2,49,10,534,772.3849869,0,1,1,0,1,0,0,0,1,1,0
169.9741,41.88907,2,80,16,27811,3632.236502,1,1,1,0,1,1,1,0,0,0,0
184.9634,54.04107,2,61,11,8683,5356.543952,0,0,0,1,1,0,1,1,0,1,0
169.9671,61.5999,1,20,11,365,5579.99579,0,0,0,0,1,0,1,0,0,0,1
137.4392,44.72802,1,73,11,202,3811.689374,1,0,1,0,1,0,0,0,0,1,0
179.9656,58.30317,3,79,11,1455,4940.355869,0,0,1,0,1,0,1,0,1,0,0
162.4538,38.69991,0,42,13,1416,3878.380326,0,0,0,1,1,0,0,0,1,1,0
117.4686,69.33909,0,23,6,1539,6430.574874,0,0,0,1,1,1,1,0,0,0,0
139.9568,70.51996,4,78,10,9774,6123.243244,0,0,1,0,1,1,0,0,0,1,0
127.4421,63.47384,2,38,13,342,5870.579573,1,0,0,1,1,0,0,0,0,0,1
162.4676,70.19733,3,80,12,15816,6554.853473,1,0,0,1,1,0,0,1,0,1,0
149.9845,63.77246,7,44,6,648,5877.226772,0,0,0,0,1,0,1,1,0,0,1
169.9447,66.44552,0,50,15,13937,5754.802766,1,1,1,0,1,0,0,0,0,1,0
142.5007,50.73425,0,78,11,770,4815.278288,1,1,0,1,1,1,1,1,1,0,0
184.967,66.89524,8,24,15,11499,6234.682273,1,0,1,0,1,0,1,1,1,1,0
152.4555,71.66705,3,46,13,32275,6715.662535,0,0,0,1,1,1,1,0,0,0,1
127.4887,63.14574,0,56,4,1246,5477.047906,0,1,0,0,1,0,0,1,0,0,1
162.4818,55.11148,2,58,13,7104,4983.596064,0,0,0,0,1,1,1,0,0,1,0
202.6362,66.50412,3,77,10,15806,6398.915423,1,0,0,1,1,1,0,0,1,1,1
257.6549,67.15579,2,30,7,110,6388.31821,1,1,1,0,1,1,1,1,1,1,1
104.9643,60.46946,3,47,16,63,5552.61263,0,0,0,1,1,0,0,0,1,0,0
127.4421,65.57643,3,78,6,332,5942.500538,0,0,0,1,1,0,0,0,0,0,1
149.9378,71.09621,2,86,11,947,6514.041653,0,1,0,1,1,0,1,0,0,0,1
159.9476,68.7729,0,56,9,2335,6256.139215,1,0,0,1,1,0,0,0,0,0,1
130.0064,56.63931,3,70,12,541,4983.295874,1,0,0,0,1,1,0,1,0,0,1
240.1149,56.30647,0,47,11,1986,5148.276996,0,0,1,0,1,0,0,0,0,1,1
159.9349,60.14645,4,27,5,3231,5459.257498,0,0,1,0,1,0,1,0,0,1,0
159.965,45.4868,6,56,10,3766,4132.534649,1,0,1,0,1,0,0,1,0,0,1
139.9792,55.87684,1,35,8,702,5065.133843,1,0,0,0,0,1,1,0,0,0,1
197.4876,64.71488,3,23,15,1749,5979.686067,0,1,1,0,1,1,1,1,1,0,1
194.9525,66.77924,0,53,14,27522,6200.93166,0,0,0,1,1,0,1,0,1,0,1
162.447,42.19555,4,18,14,49,4434.823362,1,0,0,1,1,0,1,0,1,0,1
137.4616,67.11782,1,28,11,3123,5851.65666,1,0,0,0,1,0,1,0,0,0,1
159.9875,71.7083,1,34,14,5199,6105.925473,1,0,1,0,1,1,0,0,1,0,0
175.1331,64.01205,5,56,10,83,5832.1205,1,0,0,0,1,0,0,0,0,1,1
212.6415,64.9788,0,87,14,1073,6205.78959,0,0,0,1,1,0,0,1,1,1,1
167.4564,71.106,3,28,13,13745,6152.279339,0,1,1,0,1,0,1,0,0,0,0
177.4876,62.48639,1,50,15,16373,5978.20414,0,0,0,1,1,1,1,1,1,0,1
197.5169,48.57163,1,59,13,63425,4549.293713,1,0,0,0,1,1,1,1,1,0,1
207.4974,44.98551,1,28,17,5092,4180.815992,0,0,1,0,1,1,0,1,1,0,1
212.6228,70.79968,2,66,11,444,6845.831296,0,0,0,1,1,1,1,0,0,1,1
149.9621,70.47897,0,80,8,1098,5953.077209,0,0,1,0,1,0,0,1,0,1,0
267.6647,64.30623,2,22,13,40622,6072.907276,0,0,1,0,1,1,0,1,1,1,1
184.967,65.90363,0,69,17,10480,5673.501264,0,0,1,0,1,0,1,1,1,1,0
255.1555,64.01652,1,19,13,578,6110.01152,1,0,1,0,1,1,0,1,0,1,1
127.525,71.37293,0,29,12,8501,6227.163207,0,1,0,0,1,1,0,1,0,0,0
207.6094,69.26833,1,67,13,30424,6150.658199,1,0,1,0,1,0,0,0,0,1,1
267.6647,56.3686,3,19,5,22704,5502.195694,1,0,1,0,1,1,0,1,1,1,1
242.6281,67.47739,2,29,15,177,6291.368213,0,1,1,0,1,0,1,1,0,1,1
172.5034,65.4294,3,80,10,205,5671.821266,1,0,0,0,1,0,0,1,1,0,1
139.9568,70.09214,2,32,12,15251,6177.436257,1,1,1,0,1,1,0,0,0,1,0
147.4564,61.78014,6,26,14,10052,5900.543943,0,0,0,1,0,0,1,0,0,0,0
137.4872,66.59755,8,38,12,75635,5909.817728,0,0,1,0,0,0,0,1,1,0,0
172.4742,65.15989,1,87,10,247,5575.553256,0,0,1,0,0,0,0,1,1,0,1
235.1591,71.53343,0,48,11,2453,6532.437967,0,0,1,0,1,1,0,1,1,1,1
184.9634,56.23842,1,42,13,6,5568.099221,0,1,0,1,1,0,1,1,0,1,0
220.1149,69.87041,0,18,10,4894,6815.305528,0,1,0,1,0,0,0,0,0,1,1
159.9512,62.9209,0,42,11,3299,5341.417352,0,0,1,0,1,0,0,0,1,0,1
127.482,60.56995,3,35,13,11217,5179.612997,1,0,1,0,1,1,0,0,1,0,0
207.6094,71.66261,1,28,13,106,6427.653862,1,1,1,0,1,0,0,0,0,1,1
194.9744,62.43987,3,64,8,8324,5469.381433,0,0,1,0,1,1,0,0,1,0,1
139.9512,69.03413,0,82,16,601,6206.957458,0,0,0,1,1,0,0,0,1,0,1
172.4705,51.20818,0,60,20,10741,4888.954667,1,0,0,1,1,0,0,1,0,0,1
172.4705,69.07545,0,50,11,18580,6385.746999,0,1,0,1,1,0,0,1,0,0,1
117.4858,70.34008,0,73,15,352,5964.647059,0,1,0,0,1,0,0,1,0,1,0
159.965,69.2139,5,41,7,7912,6095.07687,1,0,1,0,1,0,0,1,0,0,1
159.9642,61.32409,8,72,15,30662,5556.247274,0,0,0,0,1,0,1,0,0,1,0
245.147,42.74672,0,30,13,1336,4595.920043,1,0,0,1,1,0,0,1,1,1,1
287.6427,64.09564,3,69,12,2907,5990.18794,1,0,1,0,1,0,1,1,1,1,1
190.127,58.75447,2,88,18,16434,5739.806189,0,0,0,1,1,1,0,0,0,1,1
104.9629,70.38153,3,85,10,2292,5935.908059,0,1,0,0,1,0,0,0,0,1,0
162.447,66.95875,1,75,11,28671,6184.630782,1,0,0,1,1,0,1,0,1,0,1
265.1283,64.15566,0,60,14,1045,5917.993233,1,0,1,0,1,1,1,0,0,1,1
129.9621,68.22296,3,72,10,12301,6300.301731,0,1,0,1,1,0,0,1,0,1,0
134.9509,66.50929,8,39,19,338,5903.828849,0,0,1,0,1,0,1,0,0,0,0
127.4601,57.84605,8,32,13,615,5634.748909,0,1,0,1,1,0,1,0,1,0,0
149.9741,64.38126,1,57,7,9469,6015.602918,0,0,0,1,1,1,1,0,0,0,0
139.9568,56.35343,0,24,10,30697,4969.32191,0,0,1,0,1,1,0,0,0,1,0
242.6106,59.61465,2,22,11,3119,6070.361595,0,1,0,1,1,0,1,0,0,1,1
169.9447,64.08432,0,48,6,83615,5520.83439,1,1,1,0,0,0,0,0,0,1,0
194.9699,61.98982,0,40,15,30390,5533.105998,0,0,1,0,1,0,1,1,1,0,1
147.4421,61.79462,1,56,13,95,5311.978852,1,0,1,0,1,0,0,0,0,0,1
152.4579,57.04429,3,85,11,1405,5435.713342,1,0,0,1,1,0,1,1,0,1,0
149.9598,58.43587,1,35,12,61,5098.53904,0,0,1,0,1,1,0,0,0,0,1
159.9794,70.49957,1,20,9,35575,6565.889584,1,0,0,1,1,0,1,1,0,0,0
162.4713,58.04694,0,49,15,545,5040.384412,0,0,1,0,1,0,0,1,1,1,0
152.4952,48.1707,4,52,9,8878,4367.397207,1,0,0,0,1,1,0,0,1,1,0
147.4421,66.75709,1,31,7,6055,5718.272878,1,0,1,0,1,0,0,0,0,0,1
242.6143,57.50724,0,71,9,4434,5241.394025,0,0,1,0,1,0,1,0,1,1,1
172.4871,54.14957,8,80,12,588,5027.299322,0,0,0,0,1,0,1,1,0,1,0
192.4705,70.42389,3,41,11,12592,6286.888744,1,1,1,0,1,0,0,1,0,0,1
257.6375,51.31462,1,59,12,38388,5364.761472,0,0,0,1,1,1,1,0,1,1,1
137.4684,63.24314,3,66,11,1099,5532.302162,0,0,0,0,1,0,0,0,0,1,0
230.1344,52.76082,3,85,10,3225,4966.563579,1,0,0,0,1,0,1,0,0,1,1
184.9785,67.04233,0,45,15,7676,6001.584896,0,0,1,0,1,1,1,1,0,0,1
225.1457,61.57078,0,47,12,25256,6175.505483,1,0,0,1,1,1,1,1,0,1,1
92.5018,67.56096,1,70,13,889,5664.025426,0,1,0,0,1,0,0,1,0,0,0
127.482,55.34066,5,45,11,1748,4862.205431,0,0,1,0,1,1,0,0,1,0,0
139.9512,62.61777,2,62,11,952,5808.356444,1,1,0,1,1,0,0,0,1,0,1
185.0077,70.33634,0,89,12,1725,6116.893966,0,0,0,0,1,1,1,1,0,0,1
162.497,66.89101,3,84,9,11097,6197.152457,1,0,0,1,1,1,1,1,0,0,0
240.1149,47.92804,4,69,15,422,4512.775123,1,1,1,0,1,0,0,0,0,1,1
127.5112,69.46803,1,74,14,148,5791.217393,0,0,0,0,1,1,0,0,1,0,0
235.1372,61.62341,1,64,12,3163,6131.039453,1,0,0,1,1,0,1,1,1,1,1
184.967,58.51566,2,30,10,5557,5296.643482,0,0,1,0,1,0,1,1,1,1,0
182.4676,55.2092,0,20,12,30228,5017.628209,1,0,1,0,1,0,0,1,0,1,0
147.4783,50.85526,3,81,11,10805,4382.709253,0,0,1,0,0,1,0,0,0,0,0
192.4705,64.17623,0,83,12,28496,5462.625983,0,0,1,0,1,0,0,1,0,0,1
172.4705,42.36505,1,73,11,8239,4152.530591,0,1,0,1,1,0,0,1,0,0,1
152.4579,53.07379,2,38,14,41563,5233.690338,0,0,0,1,1,0,1,1,0,1,0
142.4689,42.73326,2,82,15,188,4188.693579,0,0,0,1,1,1,0,0,1,0,1
217.4702,49.50734,1,63,8,377,4445.416771,1,0,1,0,1,1,1,0,1,0,1
149.9483,53.40027,0,24,15,522,4656.466477,1,1,1,0,1,0,0,0,1,1,0
184.9634,47.96609,4,33,15,2000,5012.14381,0,0,0,1,1,0,1,1,0,1,0
192.4404,52.88029,1,50,12,4357,4721.018056,1,0,1,0,0,0,1,0,0,1,0
230.1051,58.16576,0,38,13,7404,5399.224156,0,0,1,0,1,0,1,0,0,1,1
200.1323,56.61608,1,45,18,14055,5684.731048,0,0,0,1,1,0,0,1,0,1,1
147.5031,53.61316,3,22,13,20306,4823.771422,0,0,0,0,1,0,1,1,0,0,0
159.9794,68.05033,1,20,9,26897,6447.490491,0,0,0,1,1,0,1,1,0,0,0
139.9678,42.36211,1,38,10,34365,3877.950833,0,1,0,0,1,0,1,0,1,1,0
127.4738,69.86769,1,72,14,4779,6271.67502,1,0,0,1,1,0,1,1,0,0,0
182.4653,64.37387,4,75,13,28929,5700.531807,1,1,1,0,1,1,0,0,0,0,1
124.9781,62.76356,0,33,16,10720,5361.461661,0,0,1,0,1,0,0,1,0,0,0
235.1372,54.55822,3,42,8,1536,5638.778543,1,1,0,1,1,0,1,1,1,1,1
142.5007,69.71458,4,68,14,5600,6444.124341,1,0,0,1,1,1,1,1,1,0,0
137.4392,39.23416,3,55,12,6694,3529.172638,0,0,1,0,0,0,0,0,0,1,0
127.4421,44.0309,3,21,5,5548,4363.988222,0,0,0,1,1,0,0,0,0,0,1
149.9483,67.76579,0,62,16,35840,5708.957593,1,0,1,0,1,0,0,0,1,1,0
149.9621,60.94251,6,82,11,12991,5349.831255,1,0,1,0,1,0,0,1,0,1,0
137.4872,70.52235,3,48,13,1948,5962.411724,1,0,1,0,0,0,0,1,1,0,0
125.0073,67.18331,4,73,11,6206,5705.264431,1,1,0,0,1,0,0,1,0,0,0
162.4526,60.38138,4,84,10,3891,5319.773541,0,0,1,0,1,1,1,0,0,1,0
212.6415,67.94243,0,29,9,2221,6638.783919,1,0,0,1,1,0,0,1,1,1,1
172.4705,68.00474,4,77,14,1663,6414.916465,0,0,0,1,1,0,0,1,0,0,1
172.4885,69.91306,2,84,13,923,6343.107984,0,0,0,1,0,0,1,1,1,0,0
252.6378,64.1621,0,42,13,1242,5940.543417,0,0,1,0,0,0,0,1,0,1,1
107.5286,45.45067,1,44,16,3697,4017.126949,1,0,0,0,1,1,0,1,1,0,0
139.9678,43.29117,3,59,19,14710,3946.79376,1,0,0,0,1,0,1,0,1,1,0
245.1283,60.93197,1,29,5,8339,6199.767982,0,1,0,1,1,1,1,0,0,1,1
242.6326,58.83809,0,63,9,38547,5425.51161,1,0,1,0,1,1,0,0,0,1,1
262.6106,61.35427,0,40,12,1772,5725.876807,1,1,1,0,1,0,1,0,0,1,1
212.6228,51.21873,3,45,5,702,5388.100592,0,0,0,1,1,1,1,0,0,1,1
137.4836,63.47674,2,65,9,26863,5861.996544,1,1,0,1,1,0,0,1,0,0,0
174.9581,66.45525,0,32,16,739,6311.188879,1,0,0,1,1,1,1,0,0,1,0
147.4783,56.12834,4,68,9,19461,4805.894692,0,1,1,0,1,1,0,0,0,0,0
197.4945,63.656,2,19,11,2033,5807.061171,1,0,1,0,1,1,0,1,1,1,0
104.9781,62.70697,0,27,14,24780,5707.70468,1,0,0,1,1,0,0,1,0,0,0
129.9621,58.89846,0,45,9,1020,5579.495808,0,0,0,1,1,0,0,1,0,1,0
159.9349,63.24097,3,57,12,6,5583.671778,0,0,1,0,1,0,1,0,0,1,0
235.1591,71.36133,1,40,9,86,6528.295974,0,0,1,0,1,1,0,1,1,1,1
194.9882,52.61686,3,64,9,31196,4745.32751,0,0,1,0,1,1,0,1,0,0,1
147.4738,60.28236,1,44,10,949,5246.867359,0,0,1,0,1,0,1,1,0,0,0
184.9785,68.6711,4,40,6,5429,6192.288655,1,0,1,0,1,1,1,1,0,0,1
162.4713,65.82455,1,33,13,2593,5760.908084,1,1,1,0,1,0,0,1,1,1,0
127.475,50.18296,4,51,19,1120,4473.615207,0,0,0,0,1,0,0,0,1,0,1
230.1051,71.51772,3,43,12,2209,6569.215906,1,0,1,0,1,0,1,0,0,1,1
257.6513,64.62378,3,31,14,15,6689.478561,1,1,0,1,0,1,1,1,0,1,1
242.6326,68.76541,0,49,18,612,6284.835432,1,0,1,0,1,1,0,0,0,1,1
104.9643,71.34414,0,44,14,98,6361.142706,0,1,0,1,1,0,0,0,1,0,0
220.1149,49.26434,7,71,15,6507,5168.61323,1,0,0,1,1,0,0,0,0,1,1
159.9476,70.99222,3,43,11,3404,6572.961443,0,0,0,1,1,0,0,0,0,0,1
194.9663,46.28759,0,63,11,512,4652.212743,1,0,0,1,1,0,1,1,0,0,1
172.4567,50.69979,2,21,9,2738,4955.912119,0,1,0,1,1,0,0,0,1,0,1
200.1185,70.59531,1,89,9,3814,6558.022236,1,1,0,1,1,0,0,0,1,1,1
172.4441,71.17531,0,88,11,738,5997.071735,1,1,1,0,1,0,1,0,1,1,0
162.4538,59.67215,2,56,13,14026,5659.522313,0,0,0,1,1,0,0,0,1,1,0
184.967,51.4346,3,63,11,5582,4639.026778,0,1,1,0,1,0,1,1,1,1,0
194.9525,58.67524,3,82,12,6428,5616.467158,1,0,0,1,1,0,1,0,1,0,1
157.4698,69.17356,0,22,13,816,5831.590077,0,0,1,0,1,0,0,0,1,0,0
119.9568,63.70781,5,51,11,209,6050.818366,0,0,0,1,1,1,0,0,0,1,0
130.0064,71.84774,0,19,13,59609,6304.298349,0,0,0,0,1,1,0,1,0,0,1
127.4738,52.55673,3,53,12,4518,5059.402086,1,1,0,1,1,0,1,1,0,0,0
240.1149,59.29981,4,58,13,27613,5527.671776,0,1,1,0,1,0,0,0,0,1,1
149.9447,58.04171,0,69,15,11294,5417.412777,0,0,0,1,1,0,0,0,0,1,0
182.4833,60.46007,0,44,15,16371,5214.689346,0,0,1,0,1,1,1,0,1,0,0
162.5007,66.76084,7,46,9,722,5953.091281,0,1,1,0,0,1,1,1,1,0,0
262.6106,54.97784,0,26,14,2249,5202.253182,0,0,1,0,0,0,1,0,0,1,1
230.1051,65.82541,0,43,13,469,6010.445763,1,0,1,0,0,0,1,0,0,1,1
124.9781,62.03303,3,52,11,1503,5249.37739,1,0,1,0,1,0,0,1,0,0,0
117.4835,71.57982,1,75,11,10951,6044.380838,1,0,0,0,1,1,0,0,0,0,1
152.5022,40.35625,6,52,9,287,3894.456441,0,0,0,0,0,1,1,1,0,0,1
127.4421,66.13511,2,28,12,2395,6121.42438,0,0,0,1,1,0,0,0,0,0,1
172.4404,52.62121,3,54,12,68128,5208.79271,1,0,0,1,1,0,1,0,0,1,0
137.4684,53.96248,4,22,9,227,4946.910016,0,0,0,0,1,0,0,0,0,1,0
197.6288,67.06371,1,20,11,825,6171.048605,1,1,0,0,1,0,1,0,0,1,1
182.4608,44.25204,4,86,6,151,3965.422778,1,0,1,0,1,0,1,1,0,0,1
187.4811,69.15198,0,88,10,58673,6472.755676,0,1,0,1,1,1,1,1,0,1,0
127.4738,63.68805,0,37,6,22052,5849.296401,1,0,0,1,0,0,1,1,0,0,0
200.1652,64.71872,7,60,11,917,6075.000814,0,1,0,0,1,0,0,1,1,1,1
137.4872,45.27484,2,54,14,38267,3843.2286,0,0,1,0,1,0,0,1,1,0,0
255.1372,63.05897,1,20,13,4083,5932.37794,0,0,1,0,1,0,1,1,1,1,1
147.4421,66.61075,4,47,12,2057,5828.46448,1,0,1,0,1,0,0,0,0,0,1
222.6326,66.46762,0,47,7,30309,6516.610972,0,0,0,1,1,1,0,0,0,1,1
210.1518,67.24501,1,43,12,5025,6242.695434,1,0,0,0,0,0,1,1,0,1,1
255.1665,59.05164,3,31,13,1316,5701.481448,1,0,0,0,1,0,1,1,1,1,1
242.6435,58.54344,1,29,17,50972,5519.682788,1,0,0,0,1,0,1,0,1,1,1
252.624,54.83336,2,26,11,39,5209.371279,0,0,1,0,1,0,0,0,1,1,1
255.1336,67.20907,1,31,13,1576,6764.539694,1,1,0,1,1,0,1,1,0,1,1
212.6415,54.6947,3,45,10,73,5546.135558,1,0,0,1,0,0,0,1,1,1,1
139.9512,42.22682,1,60,16,1854,4113.33849,0,0,0,1,0,0,0,0,1,0,1
204.9797,66.85703,1,22,15,39,5999.675904,1,1,1,0,1,0,0,1,1,0,1
179.9794,61.73977,2,40,9,7790,5399.848703,0,0,1,0,1,0,1,1,0,0,0
204.9797,69.53069,3,56,12,514,6086.559502,1,0,1,0,1,0,0,1,1,0,1
79.97886,63.74924,3,38,7,3170,5433.040814,0,0,0,0,1,0,0,0,0,0,0
127.4421,71.76842,2,67,10,14210,6455.138761,0,0,0,1,0,0,0,0,0,0,1
172.4848,69.05548,0,52,11,48386,6130.392142,0,0,0,0,1,1,1,0,0,0,1
182.49,59.01526,2,60,20,11949,5353.001743,1,0,0,0,1,0,1,1,0,0,1
184.9963,71.55342,9,18,11,15763,6691.71698,0,1,0,0,1,0,1,1,1,1,0
92.48802,70.70127,2,43,12,911,5877.534771,0,0,0,0,1,0,0,0,1,0,0
232.6415,47.20955,0,61,13,257,4421.565715,1,0,1,0,1,0,0,1,1,1,1
149.9378,69.16302,6,70,11,124,6448.95087,1,0,0,1,1,0,1,0,0,0,1
245.132,69.34472,3,60,9,15944,6414.954544,0,0,1,0,1,1,1,0,1,1,1
114.9728,65.28334,1,26,10,293,5529.433476,0,0,1,0,1,1,0,0,0,0,0
182.4676,56.51532,3,31,10,913,5133.883667,1,1,1,0,1,0,0,1,0,1,0
134.9509,46.778,7,50,8,39012,4137.953493,1,1,1,0,1,0,1,0,0,0,0
214.9663,69.31083,3,59,12,5762,6230.661267,1,0,1,0,1,0,1,1,0,0,1
169.9378,71.03326,0,47,14,902,6079.400361,0,0,1,0,1,0,1,0,0,0,1
265.1283,54.0433,2,71,11,13789,5114.91266,0,0,1,0,1,1,1,0,0,1,1
182.497,69.28716,3,61,11,2135,6051.573796,1,0,1,0,1,1,1,1,0,0,0
160.0122,64.91343,1,45,14,18042,5617.036978,0,0,0,0,1,0,1,1,1,0,0
242.6143,55.2288,3,22,12,11396,5260.656937,0,0,1,0,0,0,1,0,1,1,1
252.624,67.49846,2,82,15,2186,6063.51865,1,1,1,0,1,0,0,0,1,1,1
144.9889,66.09922,0,48,18,287,6192.147248,1,0,0,1,1,1,0,1,1,1,0
139.965,53.09491,0,73,13,489,4928.976354,0,1,0,1,1,0,0,1,0,0,1
152.4579,60.89236,0,32,15,40752,5879.484066,0,1,0,1,1,0,1,1,0,1,0
169.9378,68.3703,1,73,13,8230,5802.915462,1,0,1,0,1,0,1,0,0,0,1
127.475,49.67201,0,84,15,518,4118.129556,0,0,0,0,1,0,0,0,1,0,1
220.1323,67.97011,0,32,9,25091,6213.398927,0,0,1,0,1,0,0,1,0,1,1
175.1331,56.99989,3,72,12,5375,5143.531186,1,0,0,0,1,0,0,0,0,1,1
149.9621,46.33817,9,58,11,17208,4324.223957,0,0,1,0,1,0,0,1,0,1,0
139.9816,60.16962,10,59,13,21738,5626.09355,0,1,0,0,1,0,1,1,0,1,0
124.9643,66.62742,10,39,17,1460,5885.410472,1,1,1,0,0,0,0,0,1,0,0
150.0208,65.28157,3,77,20,92,5674.734009,0,0,0,0,1,1,1,1,0,0,0
152.509,61.73934,2,85,18,122,5429.301177,1,0,0,0,1,1,0,1,0,1,0
114.9728,71.52864,5,37,11,2093,6210.519966,0,0,1,0,1,1,0,0,0,0,0
172.4848,59.59391,2,84,15,13715,5311.784514,0,0,0,0,1,1,1,0,0,0,1
219.9902,50.09799,0,78,7,2216,4582.182243,1,1,1,0,1,1,1,1,1,1,0
252.6378,67.60865,5,89,13,5733,6222.773491,0,0,1,0,1,0,0,1,0,1,1
235.1417,66.08159,2,61,11,160,6457.917933,1,0,0,1,1,1,0,0,1,1,1
94.97283,69.55373,1,38,14,723,6253.491089,0,1,0,1,1,1,0,0,0,0,0
172.4579,48.92152,3,36,11,1134,4517.31047,1,1,1,0,1,0,1,1,0,1,0
149.9447,57.37611,1,85,8,865,5341.20171,1,1,0,1,1,0,0,0,0,1,0
162.4676,71.30457,2,23,13,13265,6754.62207,0,1,0,1,1,0,0,1,0,1,0
210.1051,37.45999,0,53,12,1096,4019.898568,1,0,0,1,1,0,1,0,0,1,1
257.6549,69.22588,1,19,9,61850,6516.163879,1,1,1,0,1,1,1,1,1,1,1
235.1372,54.91169,0,32,13,7785,5655.227579,0,1,0,1,1,0,1,1,1,1,1
147.4421,59.99095,9,57,18,737,5407.188993,0,0,1,0,1,0,0,0,0,0,1
210.1051,65.28829,4,23,14,8038,6521.587044,1,0,0,1,1,0,1,0,0,1,1
192.4705,53.91548,2,64,9,17732,4745.745988,0,0,1,0,0,0,0,1,0,0,1
182.4676,46.23768,0,62,10,236,4144.818142,0,0,1,0,1,0,0,1,0,1,0
255.1555,68.94384,4,20,16,767,6555.766575,1,0,1,0,1,1,0,1,0,1,1
179.9656,67.75237,3,43,16,524,5832.634128,0,0,1,0,1,0,1,0,1,0,0
129.9598,67.55257,1,77,9,11816,6121.333453,0,1,0,1,1,1,0,0,0,0,1
167.4564,55.81582,3,75,13,224,4745.339554,1,0,1,0,1,0,1,0,0,0,0
147.4601,57.95857,1,47,11,2999,4883.516353,1,0,1,0,1,0,1,0,1,0,0
114.9728,63.85242,10,26,12,2196,5771.534863,0,0,1,0,1,1,0,0,0,0,0
270.1604,54.11264,4,80,14,967,5655.619699,1,0,0,1,1,1,1,1,1,1,1
114.9509,69.03829,4,74,14,41454,6204.366661,1,0,0,1,1,0,1,0,0,0,0
149.989,56.90852,2,80,9,14037,4928.588057,1,0,0,0,1,1,0,0,0,0,1
174.9581,57.63594,0,19,13,417,5717.290302,0,0,0,1,1,1,1,0,0,1,0
169.9447,70.54256,2,69,7,1239,6042.727068,1,0,1,0,1,0,0,0,0,1,0
222.6143,69.49734,1,31,13,71360,6799.261898,0,1,0,1,1,0,1,0,1,1,1
149.9845,65.61044,2,24,13,14980,5857.190657,1,0,0,0,0,0,1,1,0,0,1
149.9707,60.55602,1,40,14,8981,5278.976104,0,0,0,0,0,0,1,0,1,0,1
159.965,70.20999,0,68,15,24682,5934.247818,0,0,1,0,1,0,0,1,0,0,1
194.9992,68.06938,3,85,10,4108,6048.018658,1,1,0,0,1,0,1,1,1,0,1
222.6362,50.90386,1,64,13,5148,4735.276139,0,1,1,0,1,1,0,0,1,1,1
155.0084,50.49072,2,89,9,807,4520.861055,0,1,0,0,1,1,1,1,1,1,0
222.6326,57.6618,6,53,10,6923,5960.117505,0,0,0,1,1,1,0,0,0,1,1
152.4579,70.25821,1,28,14,18828,6690.800209,0,0,0,1,1,0,1,1,0,1,0
152.4624,67.33169,3,25,10,4407,6443.376935,0,0,0,1,1,1,0,0,0,1,0
149.9447,60.83121,1,24,17,1186,5824.302038,1,1,0,1,1,0,0,0,0,1,0
187.4673,43.3907,1,81,13,46024,4334.844433,1,0,0,1,1,1,1,0,1,1,0
182.4433,43.1183,1,29,18,10511,4367.354584,1,1,0,1,1,0,1,0,0,0,1
255.1417,68.84751,1,22,13,2104,6329.078853,1,0,1,0,1,1,0,0,1,1,1
172.4705,68.95234,0,42,12,35950,6484.174701,1,0,0,1,1,0,0,1,0,0,1
167.4564,61.62973,0,86,13,30935,5175.585295,0,1,1,0,1,0,1,0,0,0,0
149.9598,70.30482,4,63,6,946,6071.607482,1,0,1,0,1,1,0,0,0,0,1
159.965,63.93531,1,44,7,33442,5611.872408,0,0,1,0,0,0,0,1,0,0,1
214.9663,59.51347,0,80,6,2103,5184.395666,1,1,1,0,1,0,1,1,0,0,1
172.4705,51.57289,4,23,13,10246,5245.572739,0,0,0,1,1,0,0,1,0,0,1
142.4713,65.36022,4,58,15,2051,6146.743893,0,0,0,1,0,0,0,1,1,1,0
124.9643,67.81163,0,74,13,17141,5559.842937,0,1,1,0,1,0,0,0,1,0,0
127.475,65.74132,0,80,12,2387,5530.214199,0,0,0,0,1,0,0,0,1,0,1
149.9483,66.47928,3,35,15,1349,5831.475339,0,0,1,0,1,0,0,0,1,1,0
169.9378,52.03501,0,53,8,10382,4503.053128,0,1,1,0,1,0,1,0,0,0,1
169.9928,65.66869,2,27,15,57181,5757.017238,1,0,1,0,1,0,0,1,1,0,0
152.4742,62.10568,7,18,12,7122,6149.726033,1,0,0,1,0,0,0,1,1,0,1
147.4893,48.80775,0,85,8,302,4132.581901,0,0,0,0,1,0,1,0,1,0,0
217.4702,50.65704,4,39,6,38376,4710.662382,1,1,1,0,1,1,1,0,1,0,1
149.9707,64.56659,3,36,15,356,5682.278193,0,0,0,0,1,0,1,0,1,0,1
172.4871,49.66569,4,53,12,723,4672.338886,0,0,0,0,1,0,1,1,0,1,0
172.4742,66.91884,2,89,14,16591,5661.61911,1,0,1,0,1,0,0,1,1,0,1
242.6326,58.73506,1,78,13,1164,5351.620303,0,0,1,0,1,1,0,0,0,1,1
159.9476,47.77439,3,35,17,22059,4696.771589,1,0,0,1,1,0,0,0,0,0,1
149.9378,61.25573,3,69,13,36441,5794.255165,1,1,0,1,0,0,1,0,0,0,1
124.9643,63.77494,0,57,11,1796,5284.821838,1,0,1,0,1,0,0,0,1,0,0
102.4746,44.23945,2,44,9,1822,3795.698707,1,0,0,0,1,0,1,0,0,0,0
112.4844,68.53091,4,19,15,24785,5989.870888,1,0,0,0,1,0,0,0,0,0,0
172.4733,45.03776,1,19,13,58160,4231.43285,0,0,0,0,1,0,1,0,1,1,0
92.48802,56.98256,5,21,10,5920,5000.223337,1,0,0,0,1,0,0,0,1,0,0
194.9699,69.49722,3,31,13,414,6270.108334,0,0,1,0,1,0,1,1,1,0,1
159.9942,69.54744,2,82,12,22,6049.865594,1,0,0,0,1,0,0,1,0,0,1
240.1149,47.01192,3,40,8,3200,4549.059635,1,0,1,0,1,0,0,0,0,1,1
169.9741,49.78137,4,67,10,197,4465.392448,1,0,1,0,1,1,1,0,0,0,0
162.4608,56.47713,0,27,13,37204,5450.915329,0,0,0,1,1,0,1,1,0,0,1
149.9915,54.7128,0,70,14,192,4667.397297,0,0,1,0,0,1,1,1,0,0,0
137.4686,67.429,9,41,9,157,6078.61865,1,1,1,0,1,1,1,0,0,0,0
210.1051,64.13229,0,33,12,257,6317.996068,1,0,0,1,1,0,1,0,0,1,1
242.6573,71.0031,1,32,14,634,6611.587446,1,0,0,0,0,0,1,1,0,1,1
142.4713,52.61696,1,66,11,6435,5031.059535,0,0,0,1,1,0,0,1,1,1,0
144.9889,54.53026,1,52,13,958,5308.935137,1,0,0,1,1,1,0,1,1,1,0
235.1417,60.11333,0,67,10,9771,5887.65047,0,0,0,1,1,1,0,0,1,1,1
235.1591,57.78386,1,46,15,2168,5396.115807,0,0,1,0,1,1,0,1,1,1,1
187.6422,70.59953,7,38,11,167,6496.792308,0,1,0,0,1,0,0,0,1,1,1
204.9496,61.96895,2,58,11,3185,5474.602288,1,0,1,0,1,0,1,0,1,1,0
159.9512,58.42415,1,68,11,776,4918.504071,0,0,1,0,1,0,0,0,1,0,1
194.9744,50.66574,3,79,10,18184,4455.454555,0,1,1,0,1,1,0,0,1,0,1
132.466,60.26386,3,71,11,185,5645.809212,0,0,0,1,0,1,0,0,1,1,0
194.9992,67.78257,8,37,15,49657,6335.816115,1,0,0,0,1,0,1,1,1,0,1
277.6375,44.64514,0,62,16,1627,4317.109974,0,0,1,0,1,1,1,0,1,1,1
149.9915,66.61872,3,66,11,1092,5830.697844,1,0,1,0,1,1,1,1,0,0,0
162.4526,47.1075,9,41,12,5497,4574.099766,0,0,1,0,1,1,1,0,0,1,0
144.9607,67.24986,3,32,15,11540,5811.49739,1,1,1,0,1,0,0,0,0,0,0
169.9378,54.58835,3,74,10,468,4735.770641,1,0,1,0,1,0,1,0,0,0,1
159.9476,52.71096,3,53,12,94,5042.24777,1,0,0,1,1,0,0,0,0,0,1
147.4783,54.3819,4,58,9,3383,4695.581772,0,1,1,0,1,1,0,0,0,0,0
152.4624,48.21972,3,40,11,64,4828.2039,1,1,0,1,1,1,0,0,0,1,0
114.9509,63.44795,3,74,15,2293,5715.521871,0,1,0,1,1,0,1,0,0,0,0
139.983,64.38382,3,56,8,25030,6022.975358,0,0,0,1,1,0,1,1,1,0,0
127.4601,53.77863,4,56,17,1373,5017.361668,0,1,0,1,1,0,1,0,1,0,0
149.9621,67.34157,2,88,12,376,5731.345598,1,1,1,0,1,0,0,1,0,1,0
169.9378,56.82113,1,40,11,312,5050.910171,1,0,1,0,0,0,1,0,0,0,1
149.9447,58.7019,2,37,7,870,5590.939054,0,1,0,1,1,0,0,0,0,1,0
204.9797,66.59235,2,71,9,1271,5765.833852,0,0,1,0,1,0,0,1,1,0,1
184.9634,53.71087,3,25,10,2850,5431.249367,0,0,0,1,1,0,1,1,0,1,0
127.4738,38.85837,1,47,12,4827,3812.804172,0,1,0,1,1,0,1,1,0,0,0
222.6326,67.05213,0,28,7,1276,6626.798645,0,0,0,1,0,1,0,0,0,1,1
149.9928,66.87947,1,22,6,401,6255.328337,0,0,0,1,0,0,0,1,1,0,0
172.4555,52.3499,3,57,13,27,4683.297629,0,0,1,0,1,1,1,0,0,0,1
207.6386,59.02827,0,30,13,17473,5474.08598,1,1,0,0,1,0,0,0,0,1,1
107.482,65.49474,1,41,12,1300,5915.392765,1,0,0,1,1,1,0,0,1,0,0
182.4433,68.57741,3,70,13,1593,6380.564424,1,1,0,1,1,0,1,0,0,0,1
142.4827,67.97593,3,70,11,1270,6407.974398,1,1,0,1,1,1,0,1,0,0,1
147.4564,59.52291,3,79,8,1562,5449.470206,0,0,0,1,1,0,1,0,0,0,0
142.4689,48.97044,5,45,10,22385,4831.131738,0,0,0,1,1,1,0,0,1,0,1
139.983,52.52919,6,84,17,322,4969.898649,1,0,0,1,1,0,1,1,1,0,0
169.9671,61.18595,1,64,10,16715,5319.532385,0,0,0,0,0,0,1,0,0,0,1
152.466,60.09421,5,72,11,1536,5276.705264,1,1,1,0,1,1,0,0,1,1,0
255.1555,51.28687,3,76,13,4444,4894.603978,0,0,1,0,1,1,0,1,0,1,1
222.6362,56.83549,1,38,15,10025,5259.491359,0,0,1,0,1,1,0,0,1,1,1
119.9897,54.60704,2,57,11,5524,4783.923527,1,1,0,0,1,1,0,0,1,1,0
174.9744,54.07152,2,52,10,27736,5205.750156,1,0,0,1,1,1,0,0,1,0,1
92.45514,52.83276,2,66,11,18,4747.190141,1,0,0,1,1,0,0,0,0,0,0
139.9512,68.72852,0,50,13,3734,6204.546376,0,0,0,1,1,0,0,0,1,0,1
152.4624,61.04844,7,58,12,4837,5990.538991,1,0,0,1,1,1,0,0,0,1,0
172.4404,65.02121,2,85,18,11272,6092.399467,0,1,0,1,1,0,1,0,0,1,0
134.9509,39.7266,0,80,15,23191,3246.325481,1,0,1,0,1,0,1,0,0,0,0
149.9776,54.10768,0,40,13,26188,4780.976448,0,0,0,0,1,0,0,0,1,1,0
142.4689,50.93618,0,50,11,24983,4904.169797,0,0,0,1,1,1,0,0,1,0,1
222.6609,49.18219,1,32,13,164,4756.00161,0,0,0,0,1,0,1,1,1,1,1
217.484,69.01301,7,68,12,1178,6292.807402,0,0,1,0,1,1,1,1,0,0,1
114.9509,45.92294,4,33,12,128,4527.054831,1,0,0,1,1,0,1,0,0,0,0
222.6281,62.10157,0,30,17,3592,6246.585167,0,0,0,1,1,0,1,1,0,1,1
172.4705,53.45259,0,81,13,678,5004.005579,0,0,0,1,1,0,0,1,0,0,1
164.967,43.80971,2,57,10,880,4463.694644,0,0,0,1,0,0,1,1,1,1,0
117.4686,50.58329,0,47,11,30910,4732.791307,1,0,0,1,1,1,1,0,0,0,0
159.9512,53.5973,2,85,15,37183,4580.335893,1,0,1,0,0,0,0,0,1,0,1
152.466,47.99369,0,70,14,87,4184.902878,1,0,1,0,1,1,0,0,1,1,0
127.4958,69.86503,4,41,12,60270,6033.167408,0,0,1,0,1,1,0,1,0,0,0
192.4567,62.82387,0,65,5,735,5330.00965,0,1,1,0,1,0,0,0,1,0,1
172.4624,63.2816,3,19,11,7624,5764.752948,0,1,1,0,1,1,0,0,0,1,0
137.4392,67.77122,7,63,9,76,5964.347127,1,0,1,0,1,0,0,0,0,1,0
270.1604,53.92384,0,57,11,2247,5639.473416,0,0,0,1,0,1,1,1,1,1,1
159.9656,58.33561,5,53,14,3991,5503.322362,1,0,0,1,1,0,1,0,1,0,0
152.4624,63.38899,5,89,9,1002,5972.05769,1,0,0,1,0,1,0,0,0,1,0
147.4564,71.41865,0,28,9,19432,6499.037593,0,1,0,1,1,0,1,0,0,0,0
139.9568,45.33017,3,41,13,23530,4102.71703,1,0,1,0,1,1,0,0,0,1,0
102.4746,45.84265,1,21,5,53,3971.685185,1,0,0,0,1,0,1,0,0,0,0
175.1331,68.14471,2,53,10,369,6135.277354,0,1,0,0,0,0,0,0,0,1,1
194.9699,55.75053,1,23,12,12954,5026.107394,1,0,1,0,1,0,1,1,1,0,1
165.0182,60.70517,1,81,9,14852,5331.216027,0,0,0,0,1,1,0,1,1,1,0
182.4608,58.86685,4,26,16,3572,5441.933092,1,0,1,0,1,0,1,1,0,0,1
242.6435,70.69408,0,73,10,109,6340.235212,1,0,0,0,1,0,1,0,1,1,1
117.4872,54.03025,0,83,13,2416,4899.758441,0,0,0,1,1,0,0,1,1,0,0
127.4586,55.50904,2,63,13,29942,4852.623608,0,1,0,0,1,0,1,0,0,1,0
107.4806,59.50718,0,63,13,17246,5099.866817,1,0,0,0,1,1,0,0,0,1,0
172.5034,62.27986,3,89,13,581,5384.246623,0,0,0,0,1,0,0,1,1,0,1
164.967,49.48328,1,31,13,16906,4935.980732,0,0,0,1,0,0,1,1,1,1,0
200.1185,70.0669,3,51,10,12,6747.936863,0,1,0,1,1,0,0,0,1,1,1
200.1323,52.20263,1,69,14,263,5197.361049,0,0,0,1,1,0,0,1,0,1,1
227.4754,66.66268,2,84,10,353,5905.250692,0,1,1,0,1,0,1,1,1,0,1
134.9801,71.45086,0,80,15,18856,5917.693418,0,0,0,0,1,0,1,0,0,0,0
187.6094,55.28921,5,56,7,2423,5530.883577,1,1,0,1,1,0,0,0,0,1,1
125.0073,57.56766,0,45,10,1640,4968.328024,1,1,0,0,0,0,0,1,0,0,0
149.9483,63.76818,3,85,12,528,5398.347301,0,0,1,0,1,0,0,0,1,1,0
114.9838,65.24071,0,78,13,1833,5347.776998,0,1,0,0,1,0,1,0,1,0,0
175.0062,67.89759,6,27,10,44139,6559.360681,0,0,0,1,1,1,1,1,1,0,0
159.9656,56.716,2,20,16,2191,5386.455531,1,0,0,1,1,0,1,0,1,0,0
92.5018,68.83942,4,75,13,7611,5762.454827,1,1,0,0,1,0,0,1,0,0,0
184.9715,57.33843,2,26,12,4245,5228.370243,0,0,1,0,1,1,0,0,1,1,0
137.4836,43.41671,1,89,7,29231,4108.848897,0,1,0,1,1,0,0,1,0,0,0
252.624,46.40554,8,29,11,1559,4646.632157,1,0,1,0,0,0,0,0,1,1,1
159.9794,67.64041,1,27,12,12449,6308.665694,0,0,0,1,1,0,1,1,0,0,0
207.4754,59.21526,3,82,14,300,5663.575209,0,0,0,1,1,0,1,1,1,0,1
172.4742,57.25147,2,71,14,38579,5010.797341,0,0,1,0,1,0,0,1,1,0,1
204.9634,61.72165,1,40,11,1349,5563.392672,0,0,1,0,1,0,1,1,0,1,0
162.5007,44.69494,3,87,10,3518,3969.782146,0,0,1,0,1,1,1,1,1,0,0
172.4579,54.50776,3,19,11,360,5030.771701,0,0,1,0,1,0,1,1,0,1,0
217.484,64.99757,2,33,14,26,6006.905316,1,0,1,0,1,1,1,1,0,0,1
222.6362,66.04097,2,60,12,37646,5972.423634,0,0,1,0,1,1,0,0,1,1,1
232.624,69.2962,3,42,7,2564,6739.19212,0,0,0,1,1,0,0,0,1,1,1
164.9715,57.77873,0,23,12,1629,5579.15458,1,0,0,1,1,1,0,0,1,1,0
187.6422,65.04247,1,83,19,412,5709.211479,0,0,0,0,1,0,0,0,1,1,1
144.9607,66.09752,0,65,15,346,5516.527396,1,0,1,0,1,0,0,0,0,0,0
117.4835,53.82378,3,26,5,13168,4893.99719,1,0,0,0,1,1,0,0,0,0,1
194.9699,45.54189,4,84,11,12089,4164.277154,1,0,1,0,0,0,1,1,1,0,1
79.97886,53.17302,0,52,14,48386,4345.907298,1,0,0,0,1,0,0,0,0,0,0
162.4713,61.50313,1,29,11,451,5419.934519,1,0,1,0,1,0,0,1,1,1,0
227.4754,64.61766,1,63,12,5796,5693.466496,0,0,1,0,1,0,1,1,1,0,1
152.5104,65.52605,0,81,13,21609,5913.125552,1,0,0,1,1,1,0,1,1,0,0
210.127,61.96091,3,67,5,13932,5688.676981,0,0,1,0,1,1,0,0,0,1,1
192.4567,66.9628,1,80,6,1135,5733.035422,0,0,1,0,1,0,0,0,1,0,1
220.1149,60.91354,0,75,6,16246,5894.516764,1,1,0,1,1,0,0,0,0,1,1
112.4551,71.52256,0,76,11,555,5766.913605,0,0,1,0,1,0,0,0,0,0,0
197.6288,67.39149,1,39,10,492,6182.666346,0,0,0,0,1,0,1,0,0,1,1
142.4689,57.31946,0,60,6,2146,5312.129835,1,0,0,1,1,1,0,0,1,0,1
124.9643,71.93473,1,89,10,1191,5796.999774,0,1,1,0,1,0,0,0,1,0,0
132.466,68.64996,0,79,15,826,6261.419372,0,1,0,1,1,1,0,0,1,1,0
149.9707,60.18407,1,63,13,17990,5173.091219,0,0,0,0,1,0,1,0,1,0,1
127.482,58.32931,1,57,11,96,4862.320826,0,1,1,0,1,1,0,0,1,0,0
275.1336,50.05258,2,22,20,2157,5005.571485,1,0,1,0,1,0,1,1,0,1,1
114.9838,65.44764,0,47,14,5012,5466.37029,1,1,0,0,0,0,1,0,1,0,0
172.4404,68.65945,1,41,12,15882,6503.984053,1,1,0,1,1,0,1,0,0,1,0
129.9915,52.79234,1,59,10,630,5072.66967,0,0,0,1,1,1,1,1,0,0,0
177.4945,62.59338,1,68,8,12415,5942.048606,0,0,0,1,1,1,0,1,1,1,0
179.9794,69.53443,9,63,17,238,6178.61031,1,1,1,0,1,0,1,1,0,0,0
169.9447,49.96921,3,40,14,2690,4529.909678,1,0,1,0,1,0,0,0,0,1,0
104.9643,70.78918,1,47,8,17654,6336.618694,0,0,0,1,1,0,0,0,1,0,0
147.4421,57.74783,1,25,11,9422,5082.031319,0,0,1,0,1,0,0,0,0,0,1
124.9781,53.77634,2,61,14,341,4594.835502,0,0,1,0,0,0,0,1,0,0,0
142.4713,53.34625,0,45,11,2481,5128.882309,0,0,0,1,1,0,0,1,1,1,0
194.9768,61.33997,0,83,11,1868,5270.685618,1,0,1,0,0,0,0,1,1,1,0
232.652,65.78,0,59,15,23052,6054.367041,1,0,0,0,1,1,1,0,0,1,1
225.1457,66.47606,0,70,7,672,6502.025208,1,1,0,1,1,1,1,1,0,1,1
162.4538,65.83332,3,24,15,2164,6300.056458,1,0,0,1,1,0,0,0,1,1,0
184.967,65.04596,9,60,11,34100,5948.856328,1,1,1,0,1,0,1,1,1,1,0
192.4404,42.31228,1,38,6,2746,3894.441976,1,0,1,0,1,0,1,0,0,1,0
169.9671,38.28807,3,68,11,2401,3491.783586,1,0,0,0,0,0,1,0,0,0,1
159.9942,49.90782,1,37,19,38013,4475.105272,1,1,0,0,1,0,0,1,0,0,1
172.4555,52.00223,4,79,12,3651,4695.750395,1,1,1,0,1,1,1,0,0,0,1
162.447,69.51253,2,81,11,555,6322.708205,0,0,0,1,1,0,1,0,1,0,1
139.9568,39.01296,0,89,17,67053,3382.423508,0,1,1,0,1,1,0,0,0,1,0
275.1198,55.26536,3,78,15,4971,5112.939726,1,1,1,0,1,0,1,0,1,1,1
277.6513,47.02878,6,66,8,291,4811.89025,1,1,1,0,1,1,1,1,0,1,1
162.447,57.76017,4,78,20,2956,5431.15051,1,1,0,1,1,0,1,0,1,0,1
214.9525,58.23726,1,62,11,47346,5088.803181,1,0,1,0,0,0,1,0,1,0,1
119.9568,70.4859,2,22,10,5882,6655.981104,0,0,0,1,1,1,0,0,0,1,0
232.6228,67.82145,1,57,16,2487,6187.029956,0,0,1,0,1,1,1,0,0,1,1
265.1283,53.04753,9,77,13,2301,5276.196262,0,0,1,0,0,1,1,0,0,1,1
207.4673,50.90725,0,54,9,471,4642.032276,1,0,1,0,1,1,1,0,1,1,0
164.9647,68.90613,7,43,11,7371,6709.021998,1,0,0,1,1,1,1,0,1,0,1
105.011,48.20538,1,85,9,533,3950.92899,0,1,0,0,1,0,0,1,1,0,0
252.624,65.26303,2,75,14,1523,5903.302417,1,0,1,0,1,0,0,0,1,1,1
152.5022,61.3125,1,51,10,2333,5460.921432,1,0,0,0,1,1,1,1,0,0,1
137.4392,60.25968,1,31,12,9542,5269.076385,0,0,1,0,1,0,0,0,0,1,0
137.4836,57.81554,0,70,13,629,5320.166858,0,0,0,1,1,0,0,1,0,0,0
130.0064,67.8576,3,60,13,1911,6017.570291,1,1,0,0,1,1,0,1,0,0,1
139.9875,51.55857,2,34,16,1026,4899.179172,1,0,0,1,1,1,0,0,1,0,0
184.9634,66.10268,8,27,9,1714,6641.027483,0,1,0,1,1,0,1,1,0,1,0
124.9781,70.65651,2,60,9,191,5981.238779,1,0,1,0,1,0,0,1,0,0,0
242.6281,59.23589,2,45,10,30231,5610.672962,1,0,1,0,1,0,1,1,0,1,1
200.1323,68.1383,3,21,11,161,6769.093084,0,0,0,1,1,0,0,1,0,1,1
152.4798,59.27489,7,76,13,28558,5385.903276,1,0,1,0,1,1,0,1,0,1,0
139.9816,63.59925,0,71,12,13019,5559.919752,0,1,0,0,1,0,1,1,0,1,0
182.4433,54.13164,1,46,10,8412,5296.312677,1,0,0,1,1,0,1,0,0,0,1
92.5018,49.8342,0,31,10,1153,4226.329148,0,0,0,0,1,0,0,1,0,0,0
114.9728,67.31834,4,57,12,1358,5769.179556,1,0,1,0,1,1,0,0,0,0,0
232.6228,50.33619,2,75,11,4802,4726.095224,1,1,1,0,1,1,1,0,0,1,1
275.1336,43.77028,3,85,14,69,4315.04425,0,0,1,0,1,0,1,1,0,1,1
124.9607,62.5003,6,34,12,3248,5921.61952,1,0,0,1,1,0,0,0,0,0,0
192.4404,38.54459,3,52,16,5012,3601.393455,0,1,1,0,1,0,1,0,0,1,0
149.9621,59.51288,0,79,16,958,5057.818142,0,0,1,0,1,0,0,1,0,1,0
184.9496,53.46837,3,79,13,7139,5200.564235,1,1,0,1,1,0,1,0,1,1,0
192.4705,67.2235,1,25,13,19217,6015.544544,1,0,1,0,0,0,0,1,0,0,1
137.4392,62.16298,0,61,15,3294,5248.831273,1,1,1,0,1,0,0,0,0,1,0
252.6378,55.90679,3,75,14,363,5248.280009,1,0,1,0,1,0,0,1,0,1,1
162.4676,68.37005,2,32,17,9165,6484.666128,0,0,0,1,1,0,0,1,0,1,0
182.4608,63.04335,1,35,12,17092,5662.285046,1,1,1,0,1,0,1,1,0,0,1
210.1563,62.90729,3,62,10,745,5854.565694,1,0,0,0,1,1,0,0,0,1,1
160.0122,63.42204,0,39,17,37080,5566.008454,0,0,0,0,1,0,1,1,1,0,0
94.97283,68.74532,1,24,11,5910,6315.438306,0,1,0,1,1,1,0,0,0,0,0
174.9699,49.30275,1,20,14,164,5003.406744,1,0,0,1,1,0,1,1,1,0,1
220.1185,70.72564,4,78,14,1380,6283.625527,0,0,1,0,1,0,0,0,1,1,1
139.965,52.16336,0,30,19,19100,4993.628447,0,0,0,1,1,0,0,1,0,0,1
150.007,65.52904,0,87,18,83179,5489.048081,0,0,0,0,1,1,1,0,1,0,0
139.9979,65.33592,1,39,11,5638,5747.351224,0,0,0,0,1,0,0,1,1,0,1
242.6281,68.96904,0,64,12,13744,6237.268861,0,1,1,0,0,0,1,1,0,1,1
159.9942,48.03427,0,34,11,312,4300.642039,0,0,0,0,1,0,0,1,0,0,1
265.1283,61.38844,0,40,14,20715,5803.879938,0,1,1,0,1,1,1,0,0,1,1
187.4847,45.6394,3,61,7,4082,4245.941407,0,0,1,0,1,1,1,1,1,1,0
152.466,64.45957,5,79,12,38424,5611.443086,1,0,1,0,1,1,0,0,1,1,0
107.482,57.08448,0,25,14,34506,5247.947941,1,1,0,1,1,1,0,0,1,0,0
149.9913,71.44192,3,81,8,27946,6193.00568,0,1,0,0,1,0,0,1,0,1,0
137.4836,57.37827,3,85,10,227,5245.226834,1,1,0,1,1,0,0,1,0,0,0
174.9768,63.96491,1,69,9,29007,6023.00098,1,0,0,1,1,0,0,1,1,1,0
184.967,62.11401,6,60,11,15956,5663.31815,1,0,1,0,0,0,1,1,1,1,0
130.0244,48.49962,6,19,13,34355,4596.831004,1,1,0,0,1,1,1,1,1,0,0
169.9447,55.0447,0,64,13,802,4727.689294,0,0,1,0,1,0,0,0,0,1,0
127.525,67.19559,4,28,10,352,5929.012302,1,1,0,0,0,1,0,1,0,0,0
232.624,52.03938,0,80,16,360,5155.317217,0,0,0,1,1,0,0,0,1,1,1
174.9755,62.40564,1,55,10,17191,5620.564008,1,0,1,0,1,1,1,1,0,1,0
129.9778,57.49209,7,33,12,1569,5646.886372,0,0,0,1,1,1,1,0,1,0,0
275.1336,67.16512,3,74,11,7470,6268.031469,0,0,1,0,1,0,1,1,0,1,1
124.9781,56.9918,2,34,13,15623,4946.826952,1,0,1,0,1,0,0,1,0,0,0
232.6378,62.85596,0,70,15,8810,6155.213641,1,1,0,1,0,0,0,1,0,1,1
162.4827,53.22972,2,40,8,5192,4771.495872,0,1,1,0,1,1,0,1,0,0,1
117.4872,67.11808,3,81,11,719,6071.058616,1,0,0,1,0,0,0,1,1,0,0
172.4555,62.01898,2,45,11,25710,5484.119427,1,1,1,0,1,1,1,0,0,0,1
207.6094,64.8122,4,50,12,17448,5933.623643,0,1,1,0,1,0,0,0,0,1,1
242.6106,64.26152,4,34,9,22733,6473.341815,1,1,0,1,1,0,1,0,0,1,1
207.6094,68.68481,0,50,6,3716,6127.79877,0,1,1,0,1,0,0,0,0,1,1
144.9607,65.64814,0,87,14,467,5407.576321,1,1,1,0,1,0,0,0,0,0,0
137.4698,68.85746,0,54,12,401,6114.267462,1,0,0,1,1,0,0,0,1,0,0
167.4847,41.51958,8,71,13,13895,4443.003488,0,0,0,1,1,1,1,1,1,1,0
152.4555,58.64675,4,87,8,233,5627.453779,1,1,0,1,1,1,1,0,0,0,1
197.4876,58.52603,0,73,11,1413,5216.298758,0,0,1,0,1,1,1,1,1,0,1
137.4392,69.78436,1,69,11,29825,5924.920176,0,1,1,0,1,0,0,0,0,1,0
160.0013,57.81671,1,70,11,563,4930.470975,0,0,1,0,1,1,0,1,0,0,0
140.0049,56.54286,0,22,10,1116,4967.342093,0,1,1,0,1,1,0,1,1,0,0
197.5169,65.41235,2,49,13,9103,5910.47033,1,0,0,0,1,1,1,1,1,0,1
127.4421,66.63528,1,28,12,249,6131.622551,1,1,0,1,1,0,0,0,0,0,1
117.4835,66.17528,0,79,6,4351,5639.931173,1,0,0,0,1,1,0,0,0,0,1
125.0073,59.6877,2,46,12,666,5118.044271,0,0,0,0,1,0,0,1,0,0,0
162.4827,60.83302,0,51,11,776,5379.145841,1,0,1,0,1,1,0,1,0,0,1
232.6228,52.41441,0,76,12,19669,4831.531789,0,1,1,0,1,1,1,0,0,1,1
149.9778,71.08539,0,75,10,7157,5911.716831,1,1,1,0,1,1,1,0,1,0,0
184.9963,45.18454,1,80,17,7863,4081.555041,1,0,0,0,1,0,1,1,1,1,0
127.475,64.16494,1,51,9,6610,5526.91472,1,1,0,0,1,0,0,0,1,0,1
162.4653,44.81075,0,71,12,160,4318.755591,0,1,0,1,0,1,0,0,0,0,1
124.9781,60.9767,2,73,12,24842,5145.473955,1,0,1,0,1,0,0,1,0,0,0
119.9897,51.32084,1,66,11,72,4501.420909,1,1,0,0,1,1,0,0,1,1,0
194.9992,66.91612,2,78,12,19146,5863.402923,1,0,0,0,1,0,1,1,1,0,1
159.9642,47.4558,3,47,9,25979,4347.952465,0,0,0,0,1,0,1,0,0,1,0
222.6362,65.73734,1,85,16,260,5881.848209,0,0,1,0,1,1,0,0,1,1,1
149.9483,59.01535,1,52,11,80489,5055.536874,1,0,1,0,1,0,0,0,1,1,0
172.4579,58.60767,2,29,14,17989,5350.192494,1,1,1,0,1,0,1,1,0,1,0
162.447,61.38199,0,49,12,3678,5782.142746,0,1,0,1,1,0,1,0,1,0,1
132.466,48.35393,2,49,12,18198,4711.28064,1,0,0,1,1,1,0,0,1,1,0
152.5022,71.9076,1,37,9,84,6457.248707,1,1,0,0,1,1,1,1,0,0,1
112.4551,51.17826,0,70,15,5698,4205.731492,0,0,1,0,1,0,0,0,0,0,0
139.9568,63.05008,2,39,11,49790,5530.421045,1,1,1,0,0,1,0,0,0,1,0
242.6326,43.2487,1,47,21,31371,4231.393427,1,0,1,0,1,1,0,0,0,1,1
164.967,61.92686,1,59,19,452,5863.779578,1,0,0,1,1,0,1,1,1,1,0
179.9476,43.29451,10,73,11,1040,4007.110298,0,0,1,0,1,0,0,0,0,0,1
227.4754,53.66219,4,78,16,30734,4838.973661,0,0,1,0,1,0,1,1,1,0,1
112.4551,38.71974,4,87,9,711,3170.023123,0,0,1,0,1,0,0,0,0,0,0
222.6143,69.05558,1,43,17,829,6723.72149,0,0,0,1,1,0,1,0,1,1,1
212.6228,56.09481,1,41,16,8071,5739.181377,0,0,0,1,1,1,1,0,0,1,1
222.6792,68.03309,0,37,19,51003,6349.320467,0,0,0,0,1,1,0,1,0,1,1
117.4835,61.22216,8,89,12,2840,5365.288201,0,0,0,0,1,1,0,0,0,0,1
187.6094,41.8312,3,24,11,1245,4518.564,1,0,0,1,1,0,0,0,0,1,1
105.011,65.33504,3,50,9,18998,5530.817595,0,0,0,0,1,0,0,1,1,0,0
117.5015,71.03451,0,78,11,2451,5897.711605,0,0,0,0,1,1,1,0,1,0,0
210.1518,61.42037,8,18,14,5526,6062.895419,1,1,0,0,1,0,1,1,0,1,1
162.4689,71.79134,3,27,16,2142,6284.979187,1,1,1,0,1,1,0,0,1,0,1
232.624,64.48138,1,58,9,27089,6277.702239,1,0,0,1,1,0,0,0,1,1,1
204.9634,52.98075,0,39,15,34,4866.729815,1,0,1,0,1,0,1,1,0,1,0
162.4676,62.20987,1,87,11,17052,5815.857846,0,0,0,1,1,0,0,1,0,1,0
242.6143,64.41881,0,67,10,22574,5820.82826,1,0,1,0,0,0,1,0,1,1,1
102.4746,62.84931,0,72,9,23200,5249.465143,1,0,0,0,1,0,1,0,0,0,0
142.5007,59.86174,0,44,10,772,5592.352902,0,0,0,1,1,1,1,1,1,0,0
162.4653,59.2505,4,64,18,1830,5730.292957,1,0,0,1,1,1,0,0,0,0,1
220.1615,66.00861,0,76,7,830,5933.314519,0,1,0,0,1,0,0,1,0,1,1
169.9378,41.09169,1,48,12,602,3653.559021,1,0,1,0,1,0,1,0,0,0,1
124.9643,70.73353,7,46,13,160,6024.265777,1,0,1,0,1,0,0,0,1,0,0
252.6378,62.01927,2,59,10,6623,5770.797143,0,0,1,0,0,0,0,1,0,1,1
192.4404,63.28283,2,53,11,8377,5641.382534,1,0,1,0,1,0,1,0,0,1,0
215.1591,52.98033,0,51,14,13905,5368.841578,0,1,0,1,1,1,0,1,1,1,1
220.1185,58.67143,0,38,18,2432,5303.936549,0,0,1,0,1,0,0,0,1,1,1
114.9838,62.65335,9,22,10,41961,5678.725935,0,0,0,0,1,0,1,0,1,0,0
212.6415,60.34933,3,45,13,1265,6009.463821,0,0,0,1,0,0,0,1,1,1,1
160.0013,40.35976,3,67,11,50869,3653.777417,0,1,1,0,1,1,0,1,0,0,0
140.0342,70.49798,0,71,9,11897,5939.80671,0,0,0,0,1,1,0,1,1,0,0
79.97886,69.7635,0,36,12,19806,5757.753614,1,0,0,0,1,0,0,0,0,0,0
187.4974,61.02521,0,83,12,10026,5779.744736,1,0,0,1,1,1,0,1,1,0,1
270.1604,58.2745,3,78,13,4646,6019.460078,0,0,0,1,1,1,1,1,1,1,1
149.9378,65.49323,6,74,16,2571,6135.141648,1,0,0,1,1,0,1,0,0,0,1
127.5067,62.79035,4,89,9,136,5401.505392,1,0,0,0,1,0,1,1,1,0,0
194.9882,41.58309,1,77,12,285,3819.338688,1,1,1,0,1,1,0,1,0,0,1
265.1283,47.99239,1,88,10,2395,4579.647107,0,0,1,0,1,1,1,0,0,1,1
107.4806,48.29494,0,58,4,599,4197.55311,0,0,0,0,1,1,0,0,0,1,0
147.4421,43.00021,4,79,11,560,3788.951502,1,1,1,0,1,0,0,0,0,0,1
182.4676,59.60867,1,45,14,13266,5326.92968,0,1,1,0,1,0,0,1,0,1,0
104.9643,67.91991,1,88,17,8120,5967.092974,0,0,0,1,1,0,0,0,1,0,0
235.1591,60.99804,8,60,13,724,5876.124132,1,0,1,0,1,1,0,1,1,1,1
162.5299,60.40651,1,72,8,28866,5234.429593,0,0,0,0,0,1,1,1,1,0,0
119.9568,47.17819,8,50,18,44468,4839.103673,0,1,0,1,1,1,0,0,0,1,0
124.9781,68.83272,1,59,9,3966,5722.009817,0,0,1,0,1,0,0,1,0,0,0
149.9598,53.49141,4,88,9,29807,4611.987,1,0,1,0,1,1,0,0,0,0,1
257.6375,57.27044,0,21,15,1177,5899.517682,0,1,0,1,1,1,1,0,1,1,1
184.9647,59.43102,4,63,14,77,5361.231393,0,0,1,0,1,1,1,0,1,0,1
175.1331,39.61469,4,41,10,1833,3851.447958,0,0,0,0,1,0,0,0,0,1,1
172.4579,61.47987,0,80,10,87,5356.753961,1,1,1,0,1,0,1,1,0,1,0
130.0244,58.54353,8,34,10,9246,5432.197233,1,1,0,0,1,1,1,1,1,0,0
152.4742,49.7446,3,62,12,870,4869.487736,0,0,0,1,1,0,0,1,1,0,1
124.9607,66.00869,8,19,13,16545,6319.838076,1,1,0,1,1,0,0,0,0,0,0
165.0182,70.02121,3,45,13,2592,6274.153212,0,0,0,0,1,1,0,1,1,1,0
242.6281,60.81561,0,85,13,471,5500.343313,0,0,1,0,1,0,1,1,0,1,1
129.9915,60.5779,6,39,14,333,5930.097335,0,0,0,1,1,1,1,1,0,0,0
149.9598,51.58472,2,59,4,19559,4489.267692,0,0,1,0,1,1,0,0,0,0,1
245.132,55.31656,0,23,15,1002,5247.418341,0,1,1,0,0,1,1,0,1,1,1
137.4392,63.30929,2,18,13,325,5592.361956,0,1,1,0,1,0,0,0,0,1,0
182.4433,53.27752,8,35,16,2004,5477.886159,1,0,0,1,1,0,1,0,0,0,1
262.6106,65.90305,0,79,10,3294,5884.613452,0,0,1,0,1,0,1,0,0,1,1
210.127,60.87582,2,77,12,31102,5536.195731,1,0,1,0,1,1,0,0,0,1,1
242.6435,66.0517,0,38,13,6572,6121.654756,0,0,0,0,1,0,1,0,1,1,1
160.0013,57.31571,0,24,11,87,5009.452903,0,1,1,0,1,1,0,1,0,0,0
194.9663,58.97505,0,26,4,2072,5813.10524,0,0,0,1,1,0,1,1,0,0,1
92.5018,62.37954,7,54,13,7656,5394.351469,1,0,0,0,1,0,0,1,0,0,0
177.4876,70.56358,3,48,12,1592,6708.158084,0,1,0,1,1,1,1,1,1,0,1
127.4586,65.07415,1,69,8,4339,5632.965693,1,0,0,0,1,0,1,0,0,1,0
112.4844,56.20378,0,87,9,28016,4551.440341,1,0,0,0,1,0,0,0,0,0,0
162.5119,54.2897,0,23,10,592,4924.466653,0,1,0,0,1,1,0,1,0,0,1
174.9755,60.15898,1,21,15,371,5547.950501,1,1,1,0,1,1,1,1,0,1,0
184.9647,61.84801,4,73,16,7302,5526.487954,0,0,1,0,1,1,1,0,1,0,1
140.0013,56.9978,1,48,10,11895,5348.99535,1,0,0,1,1,1,0,1,0,0,0
137.4872,46.30619,8,39,13,36441,4243.908817,0,0,1,0,1,0,0,1,1,0,0
152.4579,66.7449,3,53,15,1059,6382.531232,0,1,0,1,1,0,1,1,0,1,0
139.9512,65.29309,6,34,10,286,6160.220905,1,1,0,1,1,0,0,0,1,0,1
124.9643,58.05485,4,18,9,9201,4984.849588,0,0,1,0,1,0,0,0,1,0,0
149.9913,56.79909,0,86,12,723,4884.456533,1,1,0,0,1,0,0,1,0,1,0
129.9915,71.93174,2,81,13,1062,6599.564823,0,0,0,1,1,1,1,1,0,0,0
182.4833,59.85396,2,45,17,15171,5305.602924,0,1,1,0,1,1,1,0,1,0,0
184.9797,69.32327,2,61,13,7070,6518.166442,0,0,0,1,1,0,0,1,1,0,1
147.4564,61.0911,3,56,7,15232,5653.372513,1,0,0,1,1,0,1,0,0,0,0
172.4555,64.91322,2,72,16,14026,5715.030445,0,1,1,0,1,1,1,0,0,0,1
252.6378,67.93291,0,78,8,8419,6131.484263,0,0,1,0,1,0,0,1,0,1,1
169.9378,47.64072,3,85,12,45487,4130.432282,1,0,1,0,1,0,1,0,0,0,1
117.472,71.3084,1,27,14,1814,6144.768685,0,0,0,0,1,0,0,0,1,1,0
187.6422,65.21792,0,42,10,2440,5874.281225,1,1,0,0,1,0,0,0,1,1,1
147.4713,48.98002,0,21,13,143,4335.611406,0,0,0,0,1,0,0,0,0,0,1
149.9447,64.19627,2,24,10,571,6083.758176,0,0,0,1,1,0,0,0,0,1,0
174.9919,71.71986,1,54,16,7194,6296.461831,0,0,1,0,1,1,0,1,1,0,1
129.9483,67.1766,4,61,17,32525,6247.6461,0,0,0,1,1,0,0,0,1,1,0
222.6362,61.91778,1,39,13,5500,5672.644392,1,0,1,0,1,1,0,0,1,1,1
245.1283,48.08209,2,78,11,2093,5064.062256,0,0,0,1,0,1,1,0,0,1,1
140.0013,41.94323,2,36,15,7884,4185.58497,1,0,0,1,1,1,0,1,0,0,0
127.4887,50.58158,4,43,12,59009,4531.04303,1,0,0,0,1,0,0,1,0,0,1
139.9512,65.83916,1,77,19,53886,5992.346598,1,1,0,1,1,0,0,0,1,0,1
220.1149,57.40724,1,89,9,955,5545.047634,0,0,0,1,1,0,0,0,0,1,1
174.9699,71.9056,0,83,15,13288,6535.810581,0,0,0,1,1,0,1,1,1,0,1
127.4738,60.76709,2,66,11,41204,5576.448425,0,0,0,1,1,0,1,1,0,0,0
127.4783,66.22209,0,22,13,547,6070.299747,1,0,0,1,1,1,0,0,0,0,0
187.4847,61.18403,0,38,20,2388,5502.689262,0,0,1,0,1,1,1,1,1,1,0
172.4624,54.65604,6,53,14,239,4991.819551,1,0,1,0,1,1,0,0,0,1,0
159.9942,66.15315,1,35,14,194,5812.769976,0,0,0,0,1,0,0,1,0,0,1
115.0021,68.76753,1,89,12,333,5762.602883,1,1,0,0,1,1,0,0,0,0,0
149.9378,54.8774,1,41,9,630,5301.860931,0,0,0,1,1,0,1,0,0,0,1
232.6228,67.0795,0,38,15,27202,6157.745923,0,0,1,0,1,1,1,0,0,1,1
187.4673,65.32463,7,22,13,16160,6557.26466,1,0,0,1,1,1,1,0,1,1,0
129.9621,52.14985,1,25,13,143,5075.832913,0,0,0,1,1,0,0,1,0,1,0
235.1555,42.6954,1,61,9,46,4638.796434,0,1,0,1,1,1,0,1,0,1,1
159.9476,45.59475,3,19,11,9475,4652.920592,0,0,0,1,1,0,0,0,0,0,1
227.4754,58.42233,0,41,14,35436,5227.179847,0,0,1,0,1,0,1,1,1,0,1
192.4404,71.55357,3,41,13,63218,6342.143374,0,1,1,0,0,0,1,0,0,1,0
252.624,71.04194,3,44,9,16249,6462.182186,0,0,1,0,1,0,0,0,1,1,1
162.497,66.77188,3,88,9,980,6174.276271,1,1,0,1,1,1,1,1,0,0,0
125.0073,57.50673,1,84,14,7237,4866.25354,1,1,0,0,1,0,0,1,0,0,0
149.9483,61.60654,1,53,11,20044,5311.628616,1,0,1,0,1,0,0,0,1,1,0
92.5018,68.00844,3,63,11,1119,5785.21074,0,1,0,0,1,0,0,1,0,0,0
139.9861,70.41492,2,70,12,1705,6104.192973,0,0,0,0,1,1,0,0,0,1,0
129.9598,68.32614,1,56,10,11335,6335.855442,0,0,0,1,1,1,0,0,0,0,1
172.4404,54.71778,0,72,10,2267,5229.211184,1,0,0,1,1,0,1,0,0,1,0
134.9509,39.13842,0,86,17,5869,3260.745232,1,1,1,0,1,0,1,0,0,0,0
142.4713,57.49365,2,48,12,1144,5473.390798,0,0,0,1,1,0,0,1,1,1,0
127.4586,60.23114,3,25,13,848,5394.915308,0,0,0,0,1,0,1,0,0,1,0
169.9447,47.55305,1,56,13,18586,4217.907706,0,1,1,0,1,0,0,0,0,1,0
275.1198,67.72122,3,85,16,12396,6149.65603,1,0,1,0,1,0,1,0,1,1,1
277.6513,61.94735,1,46,17,12789,5945.934734,1,0,1,0,1,1,1,1,0,1,1
179.9794,68.29684,4,80,17,18820,5867.544803,0,0,1,0,1,0,1,1,0,0,0
147.4421,70.30403,2,22,11,2813,6069.194377,0,0,1,0,1,0,0,0,0,0,1
149.9928,37.5005,1,68,13,1015,3614.976172,1,0,0,1,0,0,0,1,1,0,0
169.9447,60.34404,0,86,11,27899,5089.775857,0,0,1,0,1,0,0,0,0,1,0
159.9512,57.36372,2,22,7,5060,5095.502574,0,0,1,0,1,0,0,0,1,0,1
142.4526,57.50491,1,75,10,49158,5434.730554,0,0,0,1,1,1,1,0,0,1,0
214.9525,42.67725,1,32,14,4024,3912.208832,0,1,1,0,1,0,1,0,1,0,1
147.4601,65.4426,2,48,12,30097,5524.247776,0,1,1,0,1,0,1,0,1,0,0
149.9776,63.15946,1,67,12,690,5417.867266,0,0,0,0,0,0,0,0,1,1,0
149.9928,65.60287,1,23,9,1344,6147.448121,0,0,0,1,1,0,0,1,1,0,0
114.9509,70.70015,1,65,10,5455,6359.975691,1,0,0,1,1,0,1,0,0,0,0
202.4433,71.4064,7,46,17,80,6400.696695,0,0,1,0,1,0,1,0,0,0,1
232.6415,51.61804,0,67,14,483,4716.06213,0,0,1,0,1,0,0,1,1,1,1
117.4858,67.40482,1,75,9,47,5748.365703,0,1,0,0,1,0,0,1,0,1,0
127.475,70.62907,0,20,11,14744,6045.138773,1,0,0,0,1,0,0,0,1,0,1
265.1283,70.64297,0,58,11,14438,6503.161137,1,0,1,0,1,1,1,0,0,1,1
247.6647,61.78729,0,68,16,1853,6106.678679,0,0,0,1,1,1,0,1,1,1,1
152.5022,66.54232,1,63,17,13757,5932.384715,1,0,0,0,1,1,1,1,0,0,1
124.9781,63.06195,1,53,5,3496,5268.837296,0,0,1,0,1,0,0,1,0,0,0
197.484,70.22928,2,28,8,36138,6865.467972,0,1,0,1,1,1,1,1,0,0,1
150.0208,63.06098,3,34,17,49694,5716.051522,0,0,0,0,0,1,1,1,0,0,0
255.1372,56.31481,2,37,12,23021,5401.877883,1,0,1,0,1,0,1,1,1,1,1
210.1563,55.69627,1,39,10,452,5230.495459,0,0,0,0,1,1,0,0,0,1,1
240.1149,66.00149,0,57,14,4139,5956.933654,0,1,1,0,1,0,0,0,0,1,1
172.4705,60.37442,8,23,15,26235,6089.889713,1,0,0,1,1,0,0,1,0,0,1
149.9741,66.19811,0,56,16,21177,6136.96562,1,0,0,1,1,1,1,0,0,0,0
159.9942,47.6364,1,88,10,19721,4121.77937,1,0,0,0,1,0,0,1,0,0,1
257.6841,54.69435,0,54,17,37476,5298.949356,0,0,0,0,1,1,1,1,1,1,1
172.4404,63.05421,2,61,13,22499,5962.861013,0,1,0,1,1,0,1,0,0,1,0
132.466,54.78051,0,71,18,35087,5151.21569,1,1,0,1,1,1,0,0,1,1,0
159.983,55.38418,1,72,9,1460,4675.756402,1,1,1,0,1,0,1,1,1,0,0
149.989,47.40586,2,65,11,2387,4281.425931,0,1,0,0,1,1,0,0,0,0,1
187.4811,65.45306,0,40,15,3564,6374.103135,1,0,0,1,1,1,1,1,0,1,0
127.4887,71.7712,3,83,12,4546,6101.516217,0,0,0,0,1,0,0,1,0,0,1
137.4872,69.15481,1,88,15,34639,5739.929828,1,0,1,0,1,0,0,1,1,0,0
167.4564,54.67054,0,48,15,7945,4647.66648,0,0,1,0,0,0,1,0,0,0,0
202.4433,51.48861,7,33,11,18975,4811.298513,1,1,1,0,1,0,1,0,0,0,1
157.4698,61.0588,3,37,17,45694,5209.85908,1,1,1,0,1,0,0,0,1,0,0
117.4686,57.65975,0,70,9,1434,5319.498579,1,0,0,1,1,1,1,0,0,0,0
182.4653,53.12753,2,31,13,42991,4861.72144,0,1,1,0,1,1,0,0,0,0,1
139.9349,70.49565,6,31,11,21869,6722.143611,0,1,0,1,1,0,1,0,0,1,0
172.4579,50.42623,0,55,10,872,4533.008494,1,0,1,0,1,0,1,1,0,1,0
127.4958,58.74129,1,80,12,51767,4901.491925,1,0,1,0,0,1,0,1,0,0,0
182.497,52.65622,3,76,17,4141,4643.51863,1,0,1,0,1,1,1,1,0,0,0
79.97886,54.01225,3,28,14,6538,4585.713564,0,0,0,0,1,0,0,0,0,0,0
142.4713,65.95332,2,27,14,15247,6282.463563,1,0,0,1,1,0,0,1,1,1,0
139.9349,63.01903,8,77,12,132,6020.277207,1,1,0,1,0,0,1,0,0,1,0
132.466,71.00745,0,52,12,2953,6543.110379,1,0,0,1,1,1,0,0,1,1,0
104.9781,71.02256,0,49,12,3504,6399.222377,0,1,0,1,1,0,0,1,0,0,0
255.1336,42.80596,2,20,14,6849,4784.796994,0,0,0,1,0,0,1,1,0,1,1
172.4579,62.15286,4,41,11,7584,5615.849093,0,0,1,0,1,0,1,1,0,1,0
229.9931,50.89715,0,53,14,66583,4646.442659,1,0,1,0,0,1,1,1,1,0,1
159.9512,57.20095,1,48,14,26208,4966.136132,0,0,1,0,1,0,0,0,1,0,1
162.4653,64.98806,3,53,11,295,6205.696339,1,0,0,1,1,1,0,0,0,0,1
137.4872,60.32779,1,82,9,318,5036.334729,1,0,1,0,1,0,0,1,1,0,0
159.9476,64.47076,4,79,17,2525,6033.647017,1,0,0,1,0,0,0,0,0,0,1
172.4567,60.16687,1,66,9,5124,5553.300748,0,1,0,1,1,0,0,0,1,0,1
162.4653,69.76805,2,18,12,17484,6599.040223,1,0,0,1,1,1,0,0,0,0,1
112.4844,64.44445,6,72,11,255,5460.550342,1,0,0,0,1,0,0,0,0,0,0
187.4811,71.00882,0,52,14,4466,6742.932022,0,0,0,1,1,1,1,1,0,1,0
255.1198,67.93006,4,76,6,4478,6640.554732,0,0,0,1,1,0,1,0,1,1,1
235.1417,52.51777,3,49,12,11677,5463.709926,1,1,0,1,1,1,0,0,1,1,1
184.9785,69.5048,9,47,12,14559,6391.573253,1,0,1,0,1,1,1,1,0,0,1
152.4907,43.86844,2,76,12,8624,3992.718989,1,0,0,0,1,0,1,1,1,1,0
149.9447,64.44732,0,23,11,1490,6093.091927,0,0,0,1,1,0,0,0,0,1,0
139.983,64.12634,2,68,10,39731,5849.463694,0,0,0,1,1,0,1,1,1,0,0
129.9483,61.80743,9,38,8,22274,5989.985996,0,0,0,1,1,0,0,0,1,1,0
147.4738,59.71663,1,89,13,47309,4970.688189,0,0,1,0,1,0,1,1,0,0,0
144.9889,66.60766,8,73,15,2934,6398.11875,1,0,0,1,1,1,0,1,1,1,0
137.4686,60.8744,2,33,9,3817,5269.998748,0,0,1,0,1,1,1,0,0,0,0
129.9483,47.43916,3,69,16,2161,4526.335532,0,0,0,1,1,0,0,0,1,1,0
114.9509,62.04664,0,24,15,2086,5754.564928,0,0,0,1,1,0,1,0,0,0,0
132.4798,62.56058,1,78,9,3027,5830.300597,1,0,0,1,1,1,0,1,0,1,0
222.65,66.05097,0,77,13,1025,5983.812869,0,0,1,0,1,1,0,1,0,1,1
107.4958,62.75224,0,28,11,805,5865.625146,0,0,0,1,1,1,0,1,0,0,0
134.9801,57.13921,0,26,14,11740,5004.36005,1,0,0,0,1,0,1,0,0,0,0
112.4551,70.97645,0,59,14,10653,5781.732,1,0,1,0,1,0,0,0,0,0,0
159.9476,51.27317,0,24,14,13384,4927.165029,0,0,0,1,0,0,0,0,0,0,1
267.6427,67.75314,2,71,13,25475,6713.081591,0,1,0,1,1,0,1,1,1,1,1
175.1331,52.29353,2,65,7,1286,4797.122065,1,0,0,0,1,0,0,0,0,1,1
114.9509,54.7075,1,88,10,1503,4974.163846,0,0,0,1,1,0,1,0,0,0,0
149.9621,61.74103,1,19,13,15696,5514.944335,0,0,1,0,1,0,0,1,0,1,0
262.6106,65.12119,0,44,13,3079,6021.415503,0,0,1,0,1,0,1,0,0,1,1
225.1786,54.76926,2,67,9,1676,5252.083564,0,0,0,0,1,1,1,1,1,1,1
232.6378,70.18932,0,62,10,4352,6735.268525,1,0,0,1,1,0,0,1,0,1,1
129.9915,61.30642,2,43,10,243,5771.251702,1,0,0,1,1,1,1,1,0,0,0
139.9349,63.28674,2,26,12,7175,6024.715109,1,0,0,1,1,0,1,0,0,1,0
114.9728,59.1618,0,82,7,5864,4895.745165,0,1,1,0,1,1,0,0,0,0,0
139.983,58.78687,4,41,17,54601,5562.051941,0,0,0,1,1,0,1,1,1,0,0
265.1283,65.70769,0,46,15,4755,6091.064644,0,0,1,0,1,1,1,0,0,1,1
184.9496,63.45489,3,21,12,22795,6161.945348,0,1,0,1,1,0,1,0,1,1,0
169.9447,68.41013,0,33,10,1733,5971.515636,1,0,1,0,1,0,0,0,0,1,0
172.4624,70.23949,10,39,12,69,6484.787518,1,0,1,0,1,1,0,0,0,1,0
235.1417,56.32645,0,62,14,28487,5640.808851,0,0,0,1,1,1,0,0,1,1,1
114.9658,57.67289,0,63,16,3241,4920.518248,0,0,0,0,1,0,0,0,0,0,1
247.6647,60.82718,1,80,9,12791,6066.504159,0,0,0,1,1,1,0,1,1,1,1
127.4887,69.76544,1,18,16,3586,6174.824996,1,0,0,0,1,0,0,1,0,0,1
127.4421,66.63219,0,58,18,9585,6084.511649,0,0,0,1,1,0,0,0,0,0,1
137.4392,70.34319,2,54,18,4613,6003.619513,0,0,1,0,1,0,0,0,0,1,0
102.4746,61.75654,7,89,12,4005,5237.396005,0,0,0,0,1,0,1,0,0,0,0
182.4608,60.34007,0,23,13,7155,5367.056964,1,0,1,0,1,0,1,1,0,0,1
119.9897,44.02354,2,22,16,765,4031.48686,1,0,0,0,0,1,0,0,1,1,0
107.4958,63.66434,0,72,12,3986,5796.100318,1,0,0,1,1,1,0,1,0,0,0
179.9794,61.62652,1,81,14,1195,5225.360098,1,1,1,0,0,0,1,1,0,0,0
192.4404,70.17488,0,56,14,2722,6134.697014,0,0,1,0,1,0,1,0,0,1,0
104.9923,61.29358,1,28,12,155,5289.954359,0,0,0,0,1,1,1,0,0,0,0
112.4551,68.01745,1,36,8,2025,5727.757032,1,0,1,0,1,0,0,0,0,0,0
207.6094,69.68705,0,37,11,168,6205.48799,0,0,1,0,1,0,0,0,0,1,1
162.5299,67.65646,0,89,17,585,5824.23881,1,0,0,0,0,1,1,1,1,0,0
137.4836,50.09295,4,30,17,1282,4941.678785,1,0,0,1,0,0,0,1,0,0,0
175.1331,47.99043,3,75,18,166,4442.533708,1,0,0,0,1,0,0,0,0,1,1
127.5112,69.14535,1,46,11,1104,5938.865925,0,0,0,0,1,1,0,0,1,0,0
119.9568,47.91787,8,33,15,11880,4869.334092,0,0,0,1,1,1,0,0,0,1,0
147.4421,65.87412,1,83,12,768,5557.721713,0,1,1,0,1,0,0,0,0,0,1
112.4551,59.66274,2,77,9,7330,4939.550584,0,0,1,0,0,0,0,0,0,0,0
104.9629,58.50278,0,21,10,5237,5080.067605,0,0,0,0,1,0,0,0,0,1,0
174.9755,61.54602,1,19,8,38553,5668.159085,1,0,1,0,1,1,1,1,0,1,0
192.4885,66.99754,1,84,13,179,5659.937572,0,1,1,0,1,0,1,1,1,0,0
149.9598,69.74139,3,56,10,4889,6017.607321,0,0,1,0,1,1,0,0,0,0,1
204.9496,58.91354,2,51,10,255,5208.138235,1,1,1,0,1,0,1,0,1,1,0
149.9598,67.61943,0,53,11,170,5761.220242,0,1,1,0,1,1,0,0,0,0,1
104.9643,51.22671,0,50,17,319,4610.805566,0,0,0,1,1,0,0,0,1,0,0
162.4538,59.94889,2,54,11,51426,5641.701018,0,0,0,1,1,0,0,0,1,1,0
162.5299,70.31022,3,81,8,2782,6074.151439,0,0,0,0,0,1,1,1,1,0,0
182.447,59.6057,1,26,10,2109,5247.01062,1,0,1,0,1,0,1,0,1,0,1
194.9768,44.89823,3,32,8,12153,4183.048936,0,0,1,0,1,0,0,1,1,1,0
169.9378,50.98192,4,72,15,1199,4477.609834,1,0,1,0,1,0,1,0,0,0,1
182.4433,56.88725,3,88,15,1399,5445.967827,0,0,0,1,1,0,1,0,0,0,1
164.967,61.33886,4,70,15,65347,5871.888679,1,0,0,1,1,0,1,1,1,1,0
117.5152,47.96511,1,84,12,172,4181.676431,0,0,0,0,1,1,1,1,0,0,0
252.624,54.23273,1,75,15,1924,4968.719293,1,0,1,0,1,0,0,0,1,1,1
124.9643,57.78109,4,77,10,222,4768.978651,1,1,1,0,1,0,0,0,1,0,0
252.6378,67.90183,0,65,7,11484,6171.559833,0,1,1,0,1,0,0,1,0,1,1
104.9781,62.24788,3,26,17,27224,5848.006408,0,0,0,1,1,0,0,1,0,0,0
137.4684,66.70369,4,62,11,584,5859.752162,0,1,0,0,1,0,0,0,0,1,0
174.9919,62.32519,1,20,14,640,5555.86987,0,1,1,0,1,1,0,1,1,0,1
159.9512,60.04073,0,21,12,11333,5174.273895,0,0,1,0,1,0,0,0,1,0,1
147.4421,68.07677,2,37,11,3445,5837.517911,0,0,1,0,1,0,0,0,0,0,1
129.9621,59.79068,3,79,11,7349,5586.42851,0,0,0,1,1,0,0,1,0,1,0
139.9349,58.09895,4,29,10,510,5698.426541,1,1,0,1,1,0,1,0,0,1,0
149.9598,62.11937,0,26,7,6982,5481.366195,1,0,1,0,1,1,0,0,0,0,1
152.4798,44.39429,2,52,12,162,4091.382815,1,0,1,0,1,1,0,1,0,1,0
235.1884,71.30912,0,23,13,410,6667.97528,0,0,0,0,1,1,0,1,1,1,1
139.965,62.04916,3,39,10,1749,5866.495925,0,0,0,1,1,0,0,1,0,0,1
154.9919,67.19295,1,32,10,62274,6411.160905,1,1,0,1,1,1,0,1,1,0,1
187.656,63.28078,0,84,9,3108,5611.622091,0,0,0,0,1,0,0,1,0,1,1
129.9483,71.58072,0,29,18,2008,6590.287954,1,0,0,1,1,0,0,0,1,1,0
114.9509,68.63236,5,43,13,14429,6385.814454,1,0,0,1,1,0,1,0,0,0,0
165.0182,65.3851,6,85,7,146,5902.542522,0,0,0,0,1,1,0,1,1,1,0
139.9678,64.12772,1,39,13,1206,5611.04531,1,0,0,0,1,0,1,0,1,1,0
245.147,69.97238,0,36,12,1058,6854.114445,0,1,0,1,1,0,0,1,1,1,1
245.1612,57.44027,0,56,13,6880,5385.186807,1,0,0,0,1,1,1,0,1,1,1
177.4876,50.46018,0,18,8,4552,5066.934116,0,1,0,1,1,1,1,1,1,0,1
184.9647,62.18037,2,77,12,5307,5479.036356,0,0,1,0,1,1,1,0,1,0,1
139.9875,61.82935,1,79,13,275,5562.421296,1,0,0,1,1,1,0,0,1,0,0
114.9976,60.69462,1,33,13,384,5316.712002,0,0,0,0,0,0,1,1,0,0,0
214.9525,61.85233,3,56,10,29018,5466.255604,0,0,1,0,1,0,1,0,1,0,1
124.9781,57.17893,0,88,11,5615,4723.54426,1,1,1,0,1,0,0,1,0,0,0
82.49655,69.95421,0,61,3,62,5848.90356,1,1,0,0,1,1,0,0,0,0,0
139.983,59.21586,1,50,8,615,5475.340643,0,0,0,1,1,0,1,1,1,0,0
149.9913,69.09557,1,57,14,1162,6017.868507,1,0,0,0,1,0,0,1,0,1,0
255.1372,47.83008,1,43,14,480,4656.200883,1,0,1,0,1,0,1,1,1,1,1
187.6094,71.39166,3,67,10,784,6799.703331,1,0,0,1,1,0,0,0,0,1,1
222.6362,63.07092,1,53,5,722,5768.283353,1,0,1,0,1,1,0,0,1,1,1
202.6362,53.75074,0,86,5,248,5232.068649,1,1,0,1,1,1,0,0,1,1,1
159.9349,63.67009,1,25,14,3734,5576.065751,1,0,1,0,1,0,1,0,0,1,0
184.9963,40.76616,1,60,11,8217,3832.149233,1,1,0,0,1,0,1,1,1,1,0
149.9707,60.54883,10,21,16,741,5617.743323,1,0,0,0,1,0,1,0,1,0,1
149.9913,54.24636,4,77,11,46333,4874.991387,1,0,0,0,1,0,0,1,0,1,0
117.472,62.39739,1,30,17,6438,5404.784064,0,0,0,0,0,0,0,0,1,1,0
114.9838,67.29466,2,51,13,124,5748.451595,0,0,0,0,1,0,1,0,1,0,0
127.4738,68.14379,2,70,8,14,6167.764392,1,1,0,1,1,0,1,1,0,0,0
192.4885,69.29855,3,58,11,4382,5995.290634,0,1,1,0,1,0,1,1,1,0,0
172.4441,47.78655,0,30,14,15535,4317.862166,0,0,1,0,1,0,1,0,1,1,0
192.4404,48.44746,1,84,11,30141,4246.327693,0,0,1,0,1,0,1,0,0,1,0
257.6513,44.99139,4,62,13,21111,5009.989918,0,0,0,1,1,1,1,1,0,1,1
169.9928,57.56205,1,35,10,2385,4953.477077,1,0,1,0,1,0,0,1,1,0,0
172.4441,70.00887,0,19,8,1918,6127.72243,0,0,1,0,1,0,1,0,1,1,0
194.9768,38.05187,9,48,13,14225,3754.322576,1,0,1,0,1,0,0,1,1,1,0
152.4441,67.20585,2,43,12,689,6294.425576,0,0,0,1,1,0,1,0,1,1,0
179.9794,55.3519,0,54,7,4852,4851.255631,0,0,1,0,1,0,1,1,0,0,0
210.1051,65.67374,2,60,15,30228,6417.345402,0,1,0,1,0,0,1,0,0,1,1
152.4441,64.11549,7,74,13,369,6093.493249,0,1,0,1,0,0,1,0,1,1,0
172.4441,65.31603,0,73,10,16110,5613.208858,1,1,1,0,1,0,1,0,1,1,0
127.525,39.5421,1,27,8,1084,3656.35595,0,0,0,0,1,1,0,1,0,0,0
152.4798,61.59822,2,79,14,27345,5412.512376,0,1,1,0,1,1,0,1,0,1,0
129.9778,71.83398,3,45,8,24463,6659.547499,0,0,0,1,1,1,1,0,1,0,0
192.4885,71.0114,3,83,15,1383,6053.671903,0,0,1,0,1,0,1,1,1,0,0
255.1198,64.60644,1,30,11,125,6426.687397,0,1,0,1,1,0,1,0,1,1,1
129.9915,50.77685,2,31,18,32681,4947.825183,0,1,0,1,1,1,1,1,0,0,0
229.9931,61.00152,4,88,16,7565,5482.759209,0,0,1,0,1,1,1,1,1,0,1
114.9509,60.92178,0,70,14,9,5511.579607,1,0,0,1,1,0,1,0,0,0,0
192.4404,64.63019,1,77,9,322,5595.256243,0,1,1,0,1,0,1,0,0,1,0
217.4725,66.9541,2,62,11,1010,6002.159687,0,1,1,0,1,0,1,1,1,1,0
137.4686,71.80429,4,89,15,8658,6125.821735,1,0,1,0,1,1,1,0,0,0,0
220.1185,46.55404,0,88,19,1879,4194.186085,1,0,1,0,1,0,0,0,1,1,1
204.9634,65.54969,2,19,16,1537,5976.68996,1,1,1,0,1,0,1,1,0,1,0
159.983,57.18854,2,88,14,16548,4801.928653,0,1,1,0,1,0,1,1,1,0,0
172.4567,44.89729,0,50,20,1174,4323.817647,0,0,0,1,1,0,0,0,1,0,1
117.4872,69.90673,3,29,11,587,6470.044027,1,0,0,1,1,0,0,1,1,0,0
140.0013,58.9945,0,63,14,2778,5514.922539,1,1,0,1,1,1,0,1,0,0,0
144.9607,62.94907,3,29,12,12135,5386.649919,0,0,1,0,1,0,0,0,0,0,0
129.9621,46.55143,2,49,12,34381,4616.261041,1,0,0,1,1,0,0,1,0,1,0
172.4567,40.7843,1,40,15,10790,4050.379301,1,1,0,1,1,0,0,0,1,0,1
167.4564,56.03048,0,54,12,384,4821.711621,0,0,1,0,1,0,1,0,0,0,0
152.4798,68.89551,1,33,7,26999,6083.416035,1,0,1,0,1,1,0,1,0,1,0
182.4676,66.94288,3,80,13,16305,5874.695874,1,1,1,0,1,0,0,1,0,1,0
127.482,66.52284,1,70,13,2669,5573.344552,1,1,1,0,1,1,0,0,1,0,0
139.9792,56.28159,0,34,7,2174,5070.792059,1,0,0,0,1,1,1,0,0,0,1
174.9768,62.11875,2,43,8,160,5940.705687,0,0,0,1,1,0,0,1,1,1,0
242.6106,61.2541,2,26,10,88344,6191.579895,0,0,0,1,1,0,1,0,0,1,1
129.9915,50.76733,8,26,10,63884,5148.146411,0,0,0,1,1,1,1,1,0,0,0
174.9618,71.82846,0,19,14,56641,6399.072403,1,0,1,0,1,1,1,0,1,1,0
154.9618,70.73486,0,67,14,59482,6518.531089,0,1,0,1,1,1,1,0,1,1,0
202.65,40.12358,2,45,5,335,4439.358981,0,0,0,1,1,1,0,1,0,1,1
107.5286,55.67612,1,78,10,5082,4661.218675,1,0,0,0,1,1,0,1,1,0,0
127.4958,67.97028,1,35,10,26054,5805.233954,0,0,1,0,1,1,0,1,0,0,0
159.9794,48.31617,0,26,11,82257,4697.773285,0,1,0,1,1,0,1,1,0,0,0
184.9647,68.88054,5,24,12,15113,6294.155657,1,0,1,0,1,1,1,0,1,0,1
92.45514,65.48947,1,72,11,23298,5733.79702,1,0,0,1,1,0,0,0,0,0,0
159.9349,56.81183,0,87,8,38659,4819.114767,1,0,1,0,1,0,1,0,0,1,0
132.466,58.09792,1,75,7,701,5440.70707,1,1,0,1,1,1,0,0,1,1,0
129.9915,69.83332,0,71,16,5791,6398.841901,0,1,0,1,1,1,1,1,0,0,0
137.4978,66.31056,0,21,10,29243,5847.437103,1,0,0,0,1,1,1,0,0,0,0
267.6427,40.13259,4,31,13,14990,4642.627892,1,0,0,1,1,0,1,1,1,1,1
92.45514,71.11315,0,48,15,1501,6242.49162,1,0,0,1,1,0,0,0,0,0,0
137.4872,51.83337,4,23,11,1401,4543.82768,0,1,1,0,0,0,0,1,1,0,0
210.1051,66.16845,0,66,18,382,6376.639792,1,0,0,1,1,0,1,0,0,1,1
209.9931,44.47594,4,29,12,345,4735.622867,0,0,0,1,1,1,1,1,1,0,1
275.1336,41.92048,3,39,15,6915,4314.292516,0,0,1,0,0,0,1,1,0,1,1
102.4746,69.90151,0,80,14,13351,5801.078035,1,0,0,0,1,0,1,0,0,0,0
225.132,65.07074,1,74,11,14037,6323.723983,1,0,0,1,1,1,1,0,1,1,1
194.9663,61.10961,0,78,9,22892,5735.231545,1,1,0,1,1,0,1,1,0,0,1
257.6513,60.97795,4,76,12,1213,6273.993497,0,0,0,1,1,1,1,1,0,1,1
194.9744,65.51642,0,18,9,22858,5862.216204,0,0,1,0,1,1,0,0,1,0,1
104.9629,61.83914,1,30,13,1471,5401.772294,1,0,0,0,0,0,0,0,0,1,0
139.965,52.89423,4,58,8,1347,5084.851456,1,0,0,1,1,0,0,1,0,0,1
230.1051,60.04495,3,62,12,4508,5519.813683,1,0,1,0,1,0,1,0,0,1,1
184.9647,53.80449,0,52,13,392,4813.13127,1,0,1,0,1,1,1,0,1,0,1
137.4872,65.06381,1,30,13,484,5512.596647,1,1,1,0,1,0,0,1,1,0,0
242.6106,53.4492,1,46,18,1865,5455.706117,0,0,0,1,1,0,1,0,0,1,1
92.45514,60.85074,4,71,13,5429,5449.342554,1,1,0,1,1,0,0,0,0,0,0
127.5112,58.25985,3,59,15,29737,4979.764199,1,0,0,0,0,1,0,0,1,0,0
127.4421,56.83604,4,56,15,26634,5329.246171,0,0,0,1,1,0,0,0,0,0,1
129.9598,70.16829,0,73,18,21997,6317.989438,1,1,0,1,1,1,0,0,0,0,1
194.9581,52.66447,0,57,11,32031,4724.802444,1,0,1,0,1,1,1,0,0,1,0
192.4567,58.238,1,77,18,23989,4945.69374,1,0,1,0,1,0,0,0,1,0,1
200.1185,54.77909,1,82,14,19301,5285.025958,0,0,0,1,1,0,0,0,1,1,1
192.4404,71.16283,8,50,8,16459,6395.482406,0,1,1,0,1,0,1,0,0,1,0
160.0013,58.27269,0,27,10,18103,5078.029461,1,0,1,0,1,1,0,1,0,0,0
142.4526,68.41303,4,36,13,19912,6548.739039,0,0,0,1,1,1,1,0,0,1,0
169.9741,44.75355,1,24,9,14632,4019.765436,1,0,1,0,1,1,1,0,0,0,0
149.9621,56.20194,2,56,11,15650,4923.50439,0,1,1,0,0,0,0,1,0,1,0
107.4958,46.60224,0,83,15,861,4279.718136,1,1,0,1,1,1,0,1,0,0,0
114.9728,67.71178,3,73,9,2808,5635.888386,1,0,1,0,0,1,0,0,0,0,0
212.6228,69.67895,1,59,13,2016,6746.166459,1,0,0,1,1,1,1,0,0,1,1
177.6508,69.28827,1,39,9,25723,6319.297112,0,1,0,0,1,1,0,0,0,1,1
114.9838,58.66502,1,87,13,3456,4810.255665,0,0,0,0,1,0,1,0,1,0,0
232.6707,57.94445,1,23,6,2067,5528.483995,0,1,0,0,1,0,0,1,1,1,1
79.97886,52.54837,1,51,11,77,4411.074803,1,0,0,0,1,0,0,0,0,0,0
149.9845,69.96694,4,77,11,2683,6101.954062,0,0,0,0,1,0,1,1,0,0,1
215.1591,60.37982,0,85,9,979,5910.719593,0,0,0,1,1,1,0,1,1,1,1
124.9607,66.17964,2,43,11,46581,5988.164218,0,0,0,1,0,0,0,0,0,0,0
149.9776,55.24695,1,53,16,4465,4815.434176,1,1,0,0,1,0,0,0,1,1,0
114.9838,56.63276,4,59,13,6399,4910.178894,0,0,0,0,1,0,1,0,1,0,0
114.9509,56.53361,2,69,16,28047,5216.869795,0,0,0,1,1,0,1,0,0,0,0
162.4538,46.82488,1,63,15,13680,4506.056002,0,0,0,1,1,0,0,0,1,1,0
104.9629,54.62225,3,29,12,11785,4828.23036,1,1,0,0,1,0,0,0,0,1,0
149.9928,66.32483,2,52,14,1458,6060.021953,1,0,0,1,0,0,0,1,1,0,0
137.4684,70.28188,1,80,8,47710,5954.517973,0,0,0,0,1,0,0,0,0,1,0
149.9707,39.54414,9,36,7,3284,3898.98615,1,1,0,0,0,0,1,0,1,0,1
157.4698,55.47474,0,70,12,24936,4551.763964,1,0,1,0,1,0,0,0,1,0,0
134.9509,56.12583,0,42,17,726,4796.917237,0,0,1,0,1,0,1,0,0,0,0
212.6228,61.77794,4,24,11,1978,6305.881041,1,0,0,1,1,1,1,0,0,1,1
162.4653,69.8304,7,39,10,1182,6771.506746,1,1,0,1,0,1,0,0,0,0,1
114.9728,70.35146,1,55,10,1629,5931.909999,1,0,1,0,1,1,0,0,0,0,0
194.9699,52.70133,1,69,11,13568,4707.7319,0,1,1,0,1,0,1,1,1,0,1
277.6513,66.69393,1,22,8,11174,6413.546906,0,0,1,0,1,1,1,1,0,1,1
182.4433,56.51994,1,85,18,371,5281.851852,0,1,0,1,1,0,1,0,0,0,1
172.4555,47.22872,4,85,9,5602,4284.947558,0,0,1,0,1,1,1,0,0,0,1
159.9349,60.6298,7,30,14,1551,5581.379706,1,0,1,0,1,0,1,0,0,1,0
134.9509,68.37603,2,78,10,2225,5744.210121,0,1,1,0,1,0,1,0,0,0,0
132.4798,69.36054,4,54,10,1474,6605.569716,1,0,0,1,1,1,0,1,0,1,0
112.4844,65.61605,8,51,14,3620,5769.255809,0,0,0,0,0,0,0,0,0,0,0
117.4392,49.60721,0,36,18,12808,4762.552792,1,0,0,1,1,0,0,0,0,1,0
149.9776,63.43072,4,22,18,35702,5679.986847,1,0,0,0,1,0,0,0,1,1,0
227.4754,61.51035,3,32,7,19358,5684.35373,1,1,1,0,1,0,1,1,1,0,1
222.6143,45.09378,1,40,11,179,4723.125316,0,0,0,1,1,0,1,0,1,1,1
200.1185,69.37615,1,27,16,2610,6661.40216,0,0,0,1,1,0,0,0,1,1,1
172.4555,63.26277,10,29,11,5688,5967.054532,0,1,1,0,1,1,1,0,0,0,1
134.9509,58.96627,3,40,15,11656,5046.281771,1,1,1,0,1,0,1,0,0,0,0
197.4876,65.29336,2,24,12,40,5993.021537,1,0,1,0,1,1,1,1,1,0,1
182.4833,67.28766,0,47,12,3745,5764.291132,0,0,1,0,1,1,1,0,1,0,0
230.1344,57.91581,1,27,17,540,5470.490324,1,1,0,0,1,0,1,0,0,1,1
149.9621,63.18965,0,23,13,36962,5542.688477,0,0,1,0,1,0,0,1,0,1,0
232.6415,67.6047,0,26,8,6082,6160.398795,0,1,1,0,1,0,0,1,1,1,1
202.6829,65.4571,0,73,8,204,5952.590424,1,1,0,0,1,1,0,1,1,1,1
222.6654,47.50976,2,28,16,15062,4677.936927,0,0,0,0,1,1,0,0,1,1,1
275.1336,50.69944,1,57,18,20920,4913.037126,0,1,1,0,1,0,1,1,0,1,1
114.9658,57.16208,4,82,13,1039,4939.508383,1,0,0,0,1,0,0,0,0,0,1
172.4579,71.66334,0,41,10,488,6319.032596,0,0,1,0,1,0,1,1,0,1,0
105.011,64.19903,1,32,12,22258,5517.467178,0,0,0,0,1,0,0,1,1,0,0
107.482,48.95603,1,42,10,36293,4556.968246,1,0,0,1,1,1,0,0,1,0,0
124.9607,47.94402,1,79,11,24522,4427.447401,0,0,0,1,1,0,0,0,0,0,0
242.6573,36.05308,5,41,17,393,3888.542928,1,0,0,0,1,0,1,1,0,1,1
104.9781,67.18986,1,26,8,148,6191.373013,1,1,0,1,1,0,0,1,0,0,0
192.4404,62.27397,1,43,9,7802,5560.7204,1,0,1,0,1,0,1,0,0,1,0
142.4689,62.38889,2,73,13,4572,5746.454782,1,0,0,1,1,1,0,0,1,0,1
245.1457,67.27106,3,23,8,1656,6447.175354,1,1,1,0,1,1,1,1,0,1,1
124.9607,58.42303,2,81,11,728,5310.301812,1,1,0,1,1,0,0,0,0,0,0
245.147,58.94486,6,42,12,774,6115.579407,1,0,0,1,1,0,0,1,1,1,1
182.447,71.88705,3,65,12,25248,6269.306466,1,0,1,0,1,0,1,0,1,0,1
162.4827,44.09777,0,68,15,3157,3869.872224,1,0,1,0,1,1,0,1,0,0,1
242.6106,70.62164,0,64,12,2817,6772.978906,0,0,0,1,1,0,1,0,0,1,1
172.4579,63.92945,2,47,8,2922,5727.232268,0,0,1,0,1,0,1,1,0,1,0
172.4705,70.56628,2,65,15,1751,6520.292051,1,0,0,1,1,0,0,1,0,0,1
114.9728,56.08957,3,25,11,104,4840.964036,0,0,1,0,0,1,0,0,0,0,0
172.4624,69.30257,0,67,12,12727,6008.369934,0,0,1,0,1,1,0,0,0,1,0
82.49655,64.60955,3,32,11,18229,5598.408561,0,1,0,0,1,1,0,0,0,0,0
157.4698,63.00351,1,74,12,16246,5268.611353,0,0,1,0,1,0,0,0,1,0,0
220.1149,64.81359,0,65,13,12447,6246.864694,1,1,0,1,1,0,0,0,0,1,1
255.1417,54.22687,0,82,11,301,4942.653192,1,0,1,0,1,1,0,0,1,1,1
162.4653,62.21334,3,48,13,3826,5994.735404,0,0,0,1,1,1,0,0,0,0,1
127.4783,63.31259,2,54,9,415,5874.668217,1,0,0,1,1,1,0,0,0,0,0
194.9768,60.52991,0,68,13,71,5214.429658,1,0,1,0,0,0,0,1,1,1,0
265.147,49.22913,2,24,12,1227,4794.822207,0,0,1,0,1,0,0,1,1,1,1
177.6508,68.69263,0,37,12,14269,6246.264685,1,0,0,0,1,1,0,0,0,1,1
179.9656,50.20686,0,61,11,3891,4243.622875,1,0,1,0,1,0,1,0,1,0,0
277.6375,63.5434,1,33,17,2073,5991.45754,1,0,1,0,1,1,1,0,1,1,1
92.45514,52.07024,1,79,12,4,4611.303594,1,1,0,1,1,0,0,0,0,0,0
129.9778,67.99211,2,39,16,6673,6251.354682,1,1,0,1,1,1,1,0,1,0,0
194.9581,68.19039,7,42,10,39391,6308.688863,0,0,1,0,1,1,1,0,0,1,0
167.4847,66.78366,0,58,18,1245,6356.486114,0,0,0,1,1,1,1,1,1,1,0
117.5152,54.35016,0,59,9,11627,4756.034607,0,0,0,0,1,1,1,1,0,0,0
115.0021,62.9411,3,48,12,41,5481.191737,0,0,0,0,1,1,0,0,0,0,0
182.4833,55.20008,0,31,7,1538,4826.319401,0,1,1,0,1,1,1,0,1,0,0
222.6281,63.47945,0,57,11,18691,6223.9084,0,0,0,1,1,0,1,1,0,1,1
220.1478,70.6626,0,75,16,4712,6284.162335,0,0,0,0,1,0,0,0,1,1,1
147.4783,46.80924,0,58,13,33,3951.955674,1,1,1,0,1,1,0,0,0,0,0
137.4978,61.99036,0,66,8,8834,5345.910452,1,1,0,0,1,1,1,0,0,0,0
125.0073,63.86174,0,82,11,27101,5280.455768,0,0,0,0,1,0,0,1,0,0,0
149.9621,69.02601,2,36,8,1034,6000.793836,0,1,1,0,1,0,0,1,0,1,0
154.9919,58.43007,5,46,9,49630,5770.387227,0,1,0,1,1,1,0,1,1,0,1
164.967,68.93162,8,68,12,197,6623.719418,0,0,0,1,1,0,1,1,1,1,0
187.6094,69.026,7,55,5,817,6768.348896,0,1,0,1,1,0,0,0,0,1,1
182.49,58.36624,4,47,12,649,5321.727773,0,1,0,0,1,0,1,1,0,0,1
157.4698,42.05546,8,18,14,1239,3868.983397,0,0,1,0,1,0,0,0,1,0,0
149.9447,55.08862,2,84,9,10268,5187.833012,1,1,0,1,1,0,0,0,0,1,0
137.4686,36.44011,1,86,13,92,3145.639435,1,0,1,0,1,1,1,0,0,0,0
124.9643,42.10529,2,24,9,1614,3596.735771,0,0,1,0,1,0,0,0,1,0,0
184.9797,60.75598,4,63,14,25454,5788.90717,1,0,0,1,1,0,0,1,1,0,1
220.1615,41.60875,3,72,15,1272,4086.565,0,0,0,0,1,0,0,1,0,1,1
174.9882,68.46483,1,20,15,1239,6540.061159,0,0,0,1,1,1,0,1,0,0,1
242.6326,66.69757,4,47,13,853,6245.097339,0,1,1,0,1,1,0,0,0,1,1
220.1323,66.50887,1,54,10,210,6052.322466,0,0,1,0,1,0,0,1,0,1,1
152.466,47.34607,0,80,6,871,4051.99766,1,0,1,0,1,1,0,0,1,1,0
149.9845,60.17035,2,67,15,23160,5352.745495,0,0,0,0,1,0,1,1,0,0,1
162.4689,52.42844,1,72,8,1577,4489.316917,0,1,1,0,1,1,0,0,1,0,1
140.0013,68.50196,4,33,12,6,6515.441262,0,0,0,1,1,1,0,1,0,0,0
154.9618,67.57419,7,19,15,1564,6632.42053,0,1,0,1,1,1,1,0,1,1,0
162.5299,63.88777,0,44,12,1870,5580.693234,0,0,0,0,1,1,1,1,1,0,0
162.4608,62.09662,2,76,11,18192,5812.281035,1,0,0,1,1,0,1,1,0,0,1
129.9926,66.03293,3,21,5,566,5832.81909,1,0,0,0,0,1,0,0,1,0,1
127.4421,48.02057,1,24,8,18625,4619.488116,1,1,0,1,1,0,0,0,0,0,1
159.9349,61.43691,6,85,13,3821,5436.403424,0,0,1,0,1,0,1,0,0,1,0
192.4404,70.04054,3,53,9,23144,6225.879093,1,0,1,0,1,0,1,0,0,1,0
149.9621,58.54873,3,18,11,18210,5271.168703,0,0,1,0,1,0,0,1,0,1,0
182.4538,50.48601,0,33,9,277,4460.120921,0,0,1,0,0,0,0,0,1,1,0
164.9715,65.18605,1,70,11,34784,6109.837555,0,0,0,1,1,1,0,0,1,1,0
112.4551,64.20616,1,18,12,82,5392.197566,1,0,1,0,1,0,0,0,0,0,0
172.4441,48.30622,0,53,15,27011,4237.980107,1,0,1,0,1,0,1,0,1,1,0
197.4702,61.63974,1,83,10,698,5869.727078,1,1,0,1,1,1,1,0,1,0,1
184.967,45.58687,0,29,10,31318,4178.995617,1,0,1,0,1,0,1,1,1,1,0
232.6707,67.09106,2,76,8,3124,6134.954553,1,1,0,0,1,0,0,1,1,1,1
175.1331,51.0221,7,86,11,27819,4778.015995,1,0,0,0,1,0,0,0,0,1,1
142.4827,61.76772,1,33,12,6749,5876.740785,1,0,0,1,1,1,0,1,0,0,1
192.4885,71.7248,1,24,13,1179,6243.997319,1,0,1,0,0,0,1,1,1,0,0
174.9768,60.03811,8,28,16,19904,6004.110633,1,0,0,1,1,0,0,1,1,1,0
172.4579,61.51052,4,18,9,307,5685.67988,0,1,1,0,1,0,1,1,0,1,0
220.1185,68.2985,1,73,12,29986,6008.789959,0,0,1,0,1,0,0,0,1,1,1
210.1051,48.79525,0,37,12,1998,5048.197523,0,1,0,1,0,0,1,0,0,1,1
207.4974,57.38041,4,73,13,2304,5141.242839,1,1,1,0,1,1,0,1,1,0,1
232.6378,66.34669,0,75,19,1364,6377.789045,1,0,0,1,1,0,0,1,0,1,1
225.132,40.94814,2,68,7,3294,4444.680517,0,0,0,1,1,1,1,0,1,1,1
134.9509,50.46332,3,87,9,41018,4195.472287,0,0,1,0,1,0,1,0,0,0,0
144.9607,52.35716,4,27,11,124,4638.39887,0,0,1,0,1,0,0,0,0,0,0
117.5015,68.5356,3,57,14,524,5854.161999,0,0,0,0,1,1,1,0,1,0,0
142.4827,42.25776,4,52,10,4046,4390.483323,0,0,0,1,1,1,0,1,0,0,1
190.127,52.36613,1,45,10,203,5326.555997,0,0,0,1,1,1,0,0,0,1,1
162.4526,56.24027,2,18,9,3461,5182.334759,0,0,1,0,1,1,1,0,0,1,0
152.4798,55.90137,0,22,13,1589,5071.038201,0,1,1,0,1,1,0,1,0,1,0
129.9483,44.49898,3,46,9,982,4321.771592,0,1,0,1,1,0,0,0,1,1,0
207.4754,45.7211,1,27,10,49894,4676.648543,1,0,0,1,1,0,1,1,1,0,1
142.5007,40.77723,3,69,13,4621,4121.283443,1,0,0,1,1,1,1,1,1,0,0
140.0049,62.83437,0,71,14,9975,5239.916322,0,0,1,0,1,1,0,1,1,0,0
137.4836,68.66575,0,34,9,700,6327.240839,1,0,0,1,1,0,0,1,0,0,0
117.4858,56.7924,9,57,17,16394,5184.100141,0,1,0,0,1,0,0,1,0,1,0
152.4441,60.20473,2,75,11,18889,5615.851877,1,0,0,1,1,0,1,0,1,1,0
242.6281,69.93388,2,79,10,53364,6328.715655,0,0,1,0,1,0,1,1,0,1,1
182.4762,69.76328,8,76,14,1139,6285.098359,1,0,0,0,1,0,1,0,1,0,1
169.9447,59.96515,3,66,9,329,5263.711526,0,0,1,0,1,0,0,0,0,1,0
162.4676,45.62317,1,38,9,800,4570.378779,0,0,0,1,1,0,0,1,0,1,0
172.4742,67.1217,1,65,10,18188,5808.42996,1,0,1,0,0,0,0,1,1,0,1
104.9781,49.50927,4,81,12,220,4654.692645,0,1,0,1,1,0,0,1,0,0,0
162.4526,58.62812,5,36,14,3072,5411.328838,1,1,1,0,1,1,1,0,0,1,0
179.9476,66.94572,0,26,11,268,5873.574766,1,0,1,0,1,0,0,0,0,0,1
162.447,62.46678,2,22,12,1013,6021.120111,0,1,0,1,1,0,1,0,1,0,1
184.961,71.52189,2,49,12,654,6735.098237,0,0,0,1,1,1,1,0,0,0,1
124.9607,69.87194,1,88,14,680,6112.379667,1,0,0,1,1,0,0,0,0,0,0
137.4616,54.60066,1,52,11,359,4829.62672,1,0,0,0,1,0,1,0,0,0,1
102.4746,48.95286,1,40,17,22744,4246.521336,1,1,0,0,1,0,1,0,0,0,0
92.45514,66.58949,2,35,12,34,6058.310861,1,1,0,1,1,0,0,0,0,0,0
172.4705,63.40077,4,87,12,2801,5922.604676,1,0,0,1,0,0,0,1,0,0,1
164.9785,61.28932,3,49,8,639,5940.643763,1,1,0,1,1,1,1,1,0,0,1
152.4441,68.15887,0,83,14,2215,6179.798997,0,0,0,1,1,0,1,0,1,1,0
235.1555,56.95876,0,40,13,13805,5845.571509,0,0,0,1,1,1,0,1,0,1,1
159.9349,62.77848,3,72,10,2357,5449.543139,1,0,1,0,1,0,1,0,0,1,0
107.4958,55.42423,4,81,6,2166,5214.554943,1,1,0,1,1,1,0,1,0,0,0
152.4441,64.61204,3,68,12,1177,6030.712542,0,0,0,1,1,0,1,0,1,1,0
114.9658,67.15389,1,49,9,10777,5691.770997,0,0,0,0,1,0,0,0,0,0,1
222.6326,56.42112,1,42,13,519,5693.54601,1,1,0,1,0,1,0,0,0,1,1
142.4713,64.16811,1,36,14,3547,6028.840796,1,1,0,1,1,0,0,1,1,1,0
127.4421,67.49275,1,82,17,2755,6107.121136,0,0,0,1,1,0,0,0,0,0,1
159.9476,67.99357,1,24,14,3245,6327.983433,0,1,0,1,1,0,0,0,0,0,1
200.1185,61.72696,0,24,7,1268,6060.749169,0,0,0,1,1,0,0,0,1,1,1
162.4526,50.36108,2,53,6,73671,4538.800188,1,0,1,0,1,1,1,0,0,1,0
159.9875,49.04885,3,22,11,733,4432.458176,1,0,1,0,1,1,0,0,1,0,0
267.6427,63.41331,2,63,15,2589,6297.599869,1,0,0,1,1,0,1,1,1,1,1
255.1336,57.54902,3,36,8,8149,5971.138391,0,0,0,1,1,0,1,1,0,1,1
204.961,50.22175,3,88,16,3370,4561.520294,0,0,1,0,1,1,1,0,0,0,1
197.484,53.66326,4,69,15,8060,5435.229637,1,0,0,1,1,1,1,1,0,0,1
230.1344,40.35081,1,39,12,3223,4038.962601,0,1,0,0,1,0,1,0,0,1,1
149.9598,67.73428,3,82,18,1539,5767.903799,0,0,1,0,1,1,0,0,0,0,1
127.4421,55.76068,0,39,10,1077,5256.017788,0,0,0,1,0,0,0,0,0,0,1
187.4847,68.24302,3,88,12,4846,6056.563368,1,0,1,0,1,1,1,1,1,1,0
139.9512,56.736,0,64,11,6772,5176.004699,1,1,0,1,1,0,0,0,1,0,1
147.4421,43.51717,3,49,13,3636,3812.770109,0,0,1,0,1,0,0,0,0,0,1
112.4844,58.6209,4,30,17,391,5059.515014,1,0,0,0,1,0,0,0,0,0,0
172.4404,56.86301,4,29,12,1400,5669.10693,1,1,0,1,1,0,1,0,0,1,0
184.9797,62.6686,1,47,7,4929,5901.89928,0,0,0,1,1,0,0,1,1,0,1
157.4698,47.65726,6,64,12,10440,4115.596496,1,1,1,0,1,0,0,0,1,0,0
92.5018,58.26304,1,41,11,541,4997.254175,1,0,0,0,1,0,0,1,0,0,0
182.497,64.7292,0,67,12,393,5652.192603,1,0,1,0,1,1,1,1,0,0,0
95.01949,49.28233,1,89,15,110,4179.222967,0,1,0,0,1,1,0,1,0,0,0
112.4551,60.15262,3,52,10,37906,5092.44112,1,0,1,0,1,0,0,0,0,0,0
257.6549,47.34761,4,65,10,2288,4665.041877,0,1,1,0,1,1,1,1,1,1,1
235.1372,63.66258,1,34,8,361,6396.483969,0,0,0,1,1,0,1,1,1,1,1
154.9919,58.41511,0,70,10,738,5454.264521,1,0,0,1,1,1,0,1,1,0,1
152.4579,71.01166,0,71,11,36,6580.770491,0,0,0,1,1,0,1,1,0,1,0
149.9447,64.37976,4,79,12,60,5980.037893,0,0,0,1,1,0,0,0,0,1,0
159.9656,65.48954,9,29,12,1103,6287.497445,1,1,0,1,1,0,1,0,1,0,0
267.6647,59.16267,0,62,17,9353,5544.854265,1,0,1,0,1,1,0,1,1,1,1
204.961,71.73306,6,69,13,1597,6396.472998,1,1,1,0,1,1,1,0,0,0,1
220.1185,66.95572,3,56,12,94,6016.072225,1,0,1,0,1,0,0,0,1,1,1
204.9797,57.50554,0,18,12,17563,5133.478559,1,0,1,0,1,0,0,1,1,0,1
142.4526,49.40477,3,62,10,12726,4875.213905,1,0,0,1,0,1,1,0,0,1,0
127.4586,59.97525,1,79,12,2334,5135.332591,0,0,0,0,0,0,1,0,0,1,0
149.9776,55.40938,3,66,13,14323,4847.690335,1,1,0,0,0,0,0,0,1,1,0
192.4404,56.84855,2,59,14,2285,5047.446061,0,0,1,0,1,0,1,0,0,1,0
184.9647,67.89181,4,63,11,362,6054.489807,0,0,1,0,1,1,1,0,1,0,1
127.4601,44.75964,4,89,11,32096,4170.169733,1,0,0,1,1,0,1,0,1,0,0
199.9902,65.79896,1,77,14,5370,6269.18922,0,0,0,1,0,1,1,1,1,1,0
235.1555,50.07284,2,54,9,51447,5249.968921,0,0,0,1,0,1,0,1,0,1,1
104.9629,59.81234,0,44,16,4731,5111.961455,1,1,0,0,1,0,0,0,0,1,0
112.4551,57.1124,2,58,11,3079,4792.875751,0,0,1,0,1,0,0,0,0,0,0
172.4885,63.99841,1,59,10,1630,5909.655057,0,0,0,1,1,0,1,1,1,0,0
149.9598,60.16638,3,65,10,33626,5203.543626,1,0,1,0,1,1,0,0,0,0,1
149.9928,68.96601,0,40,10,779,6254.208798,0,1,0,1,1,0,0,1,1,0,0
175.0211,55.66796,4,40,11,657,5105.294837,0,1,0,0,1,1,0,1,1,0,1
222.6281,60.78156,1,62,10,19717,6017.240403,0,1,0,1,1,0,1,1,0,1,1
154.9618,56.56567,0,43,7,13490,5436.225993,0,1,0,1,1,1,1,0,1,1,0
242.6106,62.36767,3,57,11,4654,6211.970512,1,1,0,1,1,0,1,0,0,1,1
169.9671,55.28091,3,33,14,203,4998.892491,1,1,0,0,1,0,1,0,0,0,1
137.5165,64.10363,1,65,15,70614,5473.406858,1,1,0,0,1,0,0,1,1,0,0
149.9447,61.53705,0,27,12,1458,5841.516274,1,1,0,1,1,0,0,0,0,1,0
159.9875,68.33092,0,41,15,11346,5775.455429,0,0,1,0,1,1,0,0,1,0,0
184.9785,68.87727,1,33,12,708,6139.778068,0,0,1,0,1,1,1,1,0,0,1
127.4601,67.20609,9,57,15,80264,6350.509594,0,0,0,1,1,0,1,0,1,0,0
255.1555,56.53318,1,21,14,10246,5490.285527,1,1,1,0,1,1,0,1,0,1,1
127.4601,63.67919,1,27,11,17713,5831.318891,1,0,0,1,1,0,1,0,1,0,0
129.9621,71.65389,2,27,13,57306,6745.232916,1,0,0,1,1,0,0,1,0,1,0
162.4827,44.55455,2,84,9,10238,3998.697285,0,0,1,0,1,1,0,1,0,0,1
157.4836,47.98288,0,57,12,2033,4143.62851,1,0,1,0,1,0,0,1,0,0,0
104.9643,56.37649,0,58,15,373,5088.824488,0,0,0,1,1,0,0,0,1,0,0
94.97283,66.98487,7,36,9,7398,6234.269377,1,1,0,1,1,1,0,0,0,0,0
222.6609,50.56974,2,84,15,7292,4729.989422,1,1,0,0,1,0,1,1,1,1,1
182.4538,65.9038,4,35,10,983,5840.003407,0,0,1,0,0,0,0,0,1,1,0
142.4713,60.36546,6,58,20,16902,5799.053123,1,0,0,1,1,0,0,1,1,1,0
232.6228,51.34296,4,46,10,38363,4965.237046,1,0,1,0,1,1,1,0,0,1,1
222.6281,62.83833,0,89,8,40385,6066.459973,1,0,0,1,1,0,1,1,0,1,1
184.967,58.52876,0,88,9,235,5045.986552,0,0,1,0,0,0,1,1,1,1,0
162.5119,56.01033,3,38,9,1773,5190.911924,0,0,0,0,1,1,0,1,0,0,1
210.1518,70.67111,3,37,12,50,6557.61015,1,0,0,0,1,0,1,1,0,1,1
277.6375,70.98518,2,27,14,11601,6651.677415,0,0,1,0,1,1,1,0,1,1,1
220.1185,62.54758,2,51,11,7154,5640.487005,1,1,1,0,1,0,0,0,1,1,1
125.0073,70.80297,1,48,10,232,5991.463291,0,0,0,0,1,0,0,1,0,0,0
139.9512,45.50676,0,79,10,8381,4206.724875,0,1,0,1,1,0,0,0,1,0,1
235.1591,58.79896,2,49,10,2990,5547.293219,0,1,1,0,1,1,0,1,1,1,1
182.4538,62.58644,2,76,10,5234,5372.192462,0,1,1,0,1,0,0,0,1,1,0
159.9794,68.14401,1,41,13,4024,6386.315071,0,0,0,1,1,0,1,1,0,0,0
129.9621,67.85251,1,83,5,29743,6172.3134,0,1,0,1,1,0,0,1,0,1,0
187.4673,61.20259,1,23,4,5168,6031.527231,1,0,0,1,1,1,1,0,1,1,0
202.4433,62.39033,1,85,8,2123,5349.364775,0,0,1,0,1,0,1,0,0,0,1
204.9496,66.57674,10,36,7,1352,6217.615271,0,0,1,0,1,0,1,0,1,1,0
192.4705,56.97688,2,41,10,1026,5154.285324,0,0,1,0,1,0,0,1,0,0,1
210.138,66.28837,2,71,6,3757,6022.470272,0,1,0,0,1,0,1,0,1,1,1
197.484,65.1302,8,53,11,9909,6468.116177,1,1,0,1,1,1,1,1,0,0,1
152.4952,63.08784,1,82,11,902,5485.07682,0,0,0,0,0,1,0,0,1,1,0
114.9838,68.6808,1,82,11,191,5729.606483,1,0,0,0,1,0,1,0,1,0,0
184.9496,62.43544,0,85,10,1808,5823.280926,1,1,0,1,1,0,1,0,1,1,0
175.0211,44.16108,0,83,13,31318,3984.440452,1,0,0,0,1,1,0,1,1,0,1
214.9663,45.82823,3,77,15,1874,4165.246664,1,0,1,0,1,0,1,1,0,0,1
192.4885,65.38502,0,69,12,1110,5546.205773,0,0,1,0,1,0,1,1,1,0,0
127.4958,47.67411,0,42,14,873,4088.474484,1,0,1,0,1,1,0,1,0,0,0
277.6375,69.80788,2,29,16,338,6548.654854,1,0,1,0,1,1,1,0,1,1,1
149.9621,56.73689,1,49,16,1141,5006.557282,1,1,1,0,1,0,0,1,0,1,0
207.6094,51.63534,2,57,9,2385,4769.420216,1,0,1,0,1,0,0,0,0,1,1
159.9476,70.16722,3,82,14,1325,6377.495823,1,0,0,1,1,0,0,0,0,0,1
107.4806,65.68601,2,29,10,105,5779.189603,0,0,0,0,1,1,0,0,0,1,0
112.4551,50.24709,2,37,15,434,4216.911911,1,0,1,0,1,0,0,0,0,0,0
190.127,63.97947,0,31,12,85,6246.190895,0,1,0,1,1,1,0,0,0,1,1
172.4579,71.25102,6,27,15,2029,6515.85714,0,0,1,0,1,0,1,1,0,1,0
164.9889,71.56158,0,57,9,7154,6243.772617,1,1,1,0,1,1,0,1,1,1,0
127.4738,54.03406,1,48,13,3068,5135.275111,1,0,0,1,1,0,1,1,0,0,0
147.4421,56.7422,4,64,12,1073,4881.833739,1,0,1,0,1,0,0,0,0,0,1
175.0211,62.47951,0,77,14,831,5422.798976,0,0,0,0,1,1,0,1,1,0,1
92.45514,60.20609,1,73,13,27211,5379.896069,1,0,0,1,1,0,0,0,0,0,0
137.4684,46.00587,3,31,12,1389,4187.61619,0,0,0,0,1,0,0,0,0,1,0
172.4848,62.8196,3,88,8,3842,5593.760801,0,0,0,0,1,1,1,0,0,0,1
164.9785,51.06149,0,33,16,4286,5144.987347,0,1,0,1,1,1,1,1,0,0,1
200.1323,57.59524,4,32,9,39440,5899.937578,1,0,0,1,1,0,0,1,0,1,1
220.1149,57.87341,0,72,8,5467,5655.25061,1,1,0,1,1,0,0,0,0,1,1
202.65,60.43351,0,65,12,6233,5976.368221,1,0,0,1,0,1,0,1,0,1,1
210.127,70.37667,0,85,13,66053,6179.8226,0,1,1,0,1,1,0,0,0,1,1
255.1555,42.94126,0,21,15,13489,4345.808076,1,0,1,0,1,1,0,1,0,1,1
225.1457,67.13541,2,64,12,8652,6684.346075,1,0,0,1,1,1,1,1,0,1,1
235.1417,66.86003,1,36,9,3594,6572.882898,0,0,0,1,1,1,0,0,1,1,1
172.4705,65.33266,1,50,17,2421,6192.141187,1,0,0,1,1,0,0,1,0,0,1
137.4616,53.5771,3,44,11,1616,4751.270751,0,0,0,0,1,0,1,0,0,0,1
212.6415,45.16619,2,76,15,3006,4680.021701,0,0,0,1,0,0,0,1,1,1,1
147.4783,66.81556,0,55,9,346,5683.351672,0,0,1,0,1,1,0,0,0,0,0
184.9785,63.18349,2,49,11,8142,5651.568466,0,0,1,0,0,1,1,1,0,0,1
149.9378,63.78741,3,88,11,2129,5939.401407,0,0,0,1,1,0,1,0,0,0,1
262.6106,55.20546,0,26,10,4597,5267.957878,0,0,1,0,1,0,1,0,0,1,1
94.97283,65.69406,3,58,10,443,5933.23425,0,1,0,1,1,1,0,0,0,0,0
194.9699,46.1155,3,23,11,630,4380.489566,0,0,1,0,1,0,1,1,1,0,1
112.4551,62.50904,0,83,9,41,5009.242921,1,0,1,0,1,0,0,0,0,0,0
139.9861,55.66379,2,80,10,15599,4909.784465,0,0,0,0,1,1,0,0,0,1,0
169.9447,67.09465,0,65,18,36531,5758.811211,0,1,1,0,1,0,0,0,0,1,0
139.983,49.35209,6,48,18,1986,4827.605046,0,0,0,1,1,0,1,1,1,0,0
252.6378,63.32675,2,21,10,8859,5955.463381,0,0,1,0,1,0,0,1,0,1,1
119.9568,71.61196,2,44,11,40434,6676.117614,0,0,0,1,1,1,0,0,0,1,0
152.4555,48.82198,0,40,15,40778,4853.390396,0,0,0,1,1,1,1,0,0,0,1
149.9621,66.85047,1,48,11,13287,5791.466648,1,1,1,0,1,0,0,1,0,1,0
162.497,57.78133,4,58,9,145,5649.03958,0,0,0,1,1,1,1,1,0,0,0
139.9861,48.16091,3,78,12,44968,4332.356783,0,0,0,0,1,1,0,0,0,1,0
172.4624,61.93975,4,65,17,1380,5534.772119,1,0,1,0,1,1,0,0,0,1,0
230.1051,52.40318,1,66,12,77,4866.033533,0,0,1,0,1,0,1,0,0,1,1
212.6228,50.47035,3,88,11,4872,5185.798642,1,1,0,1,1,1,1,0,0,1,1
149.9778,64.49909,3,45,9,155,5645.047981,0,1,1,0,1,1,1,0,1,0,0
137.4392,56.12428,3,55,12,24744,4866.05903,1,0,1,0,1,0,0,0,0,1,0
162.4713,51.98679,1,18,8,33612,4723.305276,0,1,1,0,0,0,0,1,1,1,0
159.983,51.4203,0,73,10,1751,4399.187338,1,0,1,0,1,0,1,1,1,0,0
104.9629,57.04917,3,81,16,26401,4856.597445,1,0,0,0,1,0,0,0,0,1,0
202.4433,71.44432,7,71,14,2520,6321.838223,0,0,1,0,1,0,1,0,0,0,1
114.9728,66.2885,2,34,8,14985,5616.349749,0,0,1,0,1,1,0,0,0,0,0
104.9643,67.37641,6,38,8,266,6158.129487,0,0,0,1,1,0,0,0,1,0,0
192.4404,50.62647,1,52,11,1207,4576.841874,0,0,1,0,1,0,1,0,0,1,0
127.4421,69.15975,0,64,12,21829,6189.656421,1,0,0,1,1,0,0,0,0,0,1
197.6288,64.34541,3,60,8,80,5925.795152,0,0,0,0,1,0,1,0,0,1,1
202.65,67.93831,0,88,12,8852,6515.886968,1,1,0,1,1,1,0,1,0,1,1
207.4673,47.56406,2,74,7,10827,4364.095122,0,0,1,0,1,1,1,0,1,1,0
182.497,55.70975,0,46,10,2802,4899.723365,1,0,1,0,0,1,1,1,0,0,0
147.4564,56.64842,3,81,18,268,5289.66919,0,0,0,1,1,0,1,0,0,0,0
182.447,63.52047,8,24,17,17642,5789.828433,0,0,1,0,1,0,1,0,1,0,1
172.4579,66.88132,0,41,13,13017,5927.204235,0,1,1,0,1,0,1,1,0,1,0
139.9512,51.95172,2,76,10,105,4888.502724,1,0,0,1,1,0,0,0,1,0,1
232.6378,63.73429,2,56,8,8109,6334.652427,0,0,0,1,1,0,0,1,0,1,1
129.9915,59.55192,4,34,16,464,5800.854441,1,0,0,1,1,1,1,1,0,0,0
127.4738,66.97309,3,19,8,2018,6269.834827,1,0,0,1,1,0,1,1,0,0,0
162.4689,54.67507,0,33,18,16246,4770.483341,0,0,1,0,0,1,0,0,1,0,1
192.4404,49.64838,1,33,12,304,4558.993397,1,1,1,0,1,0,1,0,0,1,0
152.4441,49.21371,3,56,10,560,4808.350315,1,0,0,1,1,0,1,0,1,1,0
159.9512,68.59602,0,53,14,22274,5770.359583,0,0,1,0,1,0,0,0,1,0,1
104.9629,51.42362,7,80,10,8332,4522.06926,0,0,0,0,1,0,0,0,0,1,0
184.9853,69.50311,0,39,9,10429,6201.748972,0,0,1,0,1,1,0,1,0,1,0
139.9349,59.51823,1,57,12,1018,5583.509795,1,0,0,1,1,0,1,0,0,1,0
137.4616,66.67672,2,28,17,9575,5846.298734,0,0,0,0,1,0,1,0,0,0,1
240.1149,59.00106,1,57,11,1936,5367.063694,1,0,1,0,1,0,0,0,0,1,1
169.9741,70.03292,3,82,14,233,6044.796713,1,0,1,0,1,1,1,0,0,0,0
169.9447,44.61375,2,77,16,37641,3939.000784,1,1,1,0,1,0,0,0,0,1,0
144.9607,68.22903,4,75,13,308,5699.245355,1,0,1,0,1,0,0,0,0,0,0
162.4818,64.80406,2,59,11,2087,5821.56031,1,0,0,0,1,1,1,0,0,1,0
207.6094,45.28275,3,19,13,22640,4357.22211,1,0,1,0,1,0,0,0,0,1,1
174.9755,69.83346,1,74,12,376,6166.889012,0,0,1,0,1,1,1,1,0,1,0
232.6378,64.29998,1,82,17,232,6217.92046,0,0,0,1,1,0,0,1,0,1,1
152.5104,58.86869,6,40,14,102433,5686.767897,0,0,0,1,1,1,0,1,1,0,0
112.4551,59.33259,6,84,12,3089,4930.400921,1,1,1,0,1,0,0,0,0,0,0
229.9931,60.63668,0,78,13,6241,5444.798489,1,0,1,0,1,1,1,1,1,0,1
182.4833,68.60055,0,32,12,1351,6003.332389,0,0,1,0,1,1,1,0,1,0,0
152.4624,65.2477,2,28,10,4160,6279.052879,1,0,0,1,1,1,0,0,0,1,0
277.6375,49.22663,1,77,16,25134,4674.111818,0,0,1,0,1,1,1,0,1,1,1
207.6094,71.20584,3,30,11,11357,6492.293148,1,1,1,0,1,0,0,0,0,1,1
159.9794,67.57266,1,34,19,107,6280.164053,0,1,0,1,1,0,1,1,0,0,0
222.6143,66.66711,0,38,14,389,6466.569641,1,0,0,1,1,0,1,0,1,1,1
187.6422,55.76858,2,31,20,1567,5150.603073,1,0,0,0,1,0,0,0,1,1,1
277.6513,61.64252,2,68,13,3274,5879.612124,0,0,1,0,1,1,1,1,0,1,1
164.9853,70.25446,8,19,16,142,6988.657427,0,0,0,1,1,1,0,1,0,1,0
139.9979,54.7248,4,79,8,2715,4756.821939,0,1,0,0,0,0,0,1,1,0,1
149.9778,60.59761,0,71,15,959,5147.770743,0,1,1,0,1,1,1,0,1,0,0
129.9778,63.00356,0,45,9,1383,5843.648096,0,0,0,1,1,1,1,0,1,0,0
127.4421,46.8684,2,21,16,23425,4647.988168,1,0,0,1,1,0,0,0,0,0,1
112.4844,68.17349,1,28,11,256,5838.7225,1,1,0,0,0,0,0,0,0,0,0
220.1478,53.18909,3,29,12,17801,5095.592017,1,0,0,0,0,0,0,0,1,1,1
129.995,66.21435,0,55,12,390,5689.932511,1,0,0,0,1,0,0,1,1,1,0
92.48802,62.32241,4,84,10,634,5114.306191,0,0,0,0,1,0,0,0,1,0,0
217.4702,59.42279,1,27,7,4435,5375.898345,0,1,1,0,0,1,1,0,1,0,1
137.4392,45.22375,0,18,14,548,4048.902387,0,1,1,0,1,0,0,0,0,1,0
204.961,63.87447,7,33,14,535,5901.372906,1,0,1,0,0,1,1,0,0,0,1
187.6094,60.72645,3,76,5,6900,5849.257593,1,0,0,1,1,0,0,0,0,1,1
104.9643,42.68533,6,82,15,8397,4073.021384,0,0,0,1,1,0,0,0,1,0,0
129.9621,41.0181,8,44,14,11988,4316.919681,1,0,0,1,1,0,0,1,0,1,0
114.9976,48.25774,0,20,13,227,4227.212401,1,1,0,0,1,0,1,1,0,0,0
92.48802,59.48902,1,64,15,1612,4859.191572,0,0,0,0,1,0,0,0,1,0,0
174.9699,44.65571,1,41,14,18249,4553.786746,1,1,0,1,1,0,1,1,1,0,1
114.9728,65.08131,0,84,11,1210,5291.934219,0,0,1,0,1,1,0,0,0,0,0
152.4441,68.18425,9,57,12,92,6591.238553,1,0,0,1,1,0,1,0,1,1,0
105.011,66.65664,3,82,13,718,5616.475997,1,0,0,0,1,0,0,1,1,0,0
149.9483,54.01597,0,57,1,35151,4598.720266,1,1,1,0,1,0,0,0,1,1,0
192.4404,57.76658,1,25,12,3139,5250.409842,0,0,1,0,0,0,1,0,0,1,0
197.6288,67.09561,0,48,12,9852,6098.13029,0,0,0,0,1,0,1,0,0,1,1
200.1323,63.27315,4,50,8,160,6259.103852,0,0,0,1,1,0,0,1,0,1,1
149.9776,68.46135,0,82,17,151,5819.382147,1,0,0,0,1,0,0,0,1,1,0
129.9915,53.02286,0,32,12,6570,5149.296023,0,0,0,1,1,1,1,1,0,0,0
262.6106,71.36043,2,61,13,77,6538.478003,0,0,1,0,1,0,1,0,0,1,1
227.4754,70.68154,1,23,11,12742,6321.473272,1,1,1,0,1,0,1,1,1,0,1
187.4847,55.11933,1,33,16,4622,5052.938652,1,1,1,0,1,1,1,1,1,1,0
137.4698,68.03514,7,88,15,17287,6150.907768,0,0,0,1,1,0,0,0,1,0,0
167.4564,57.29968,1,21,3,631,5064.686588,1,0,1,0,1,0,1,0,0,0,0
172.4624,69.48178,3,77,13,34794,6035.567594,1,0,1,0,1,1,0,0,0,1,0
159.9512,69.27984,1,65,14,25487,5817.831567,0,0,1,0,1,0,0,0,1,0,1
232.6228,53.06256,4,75,10,641,5011.057255,1,0,1,0,1,1,1,0,0,1,1
200.1185,69.69884,1,28,6,19463,6731.618169,1,0,0,1,1,0,0,0,1,1,1
195.0062,60.07014,1,32,6,2762,5338.013529,0,0,1,0,1,1,1,1,1,0,0
204.9496,63.1308,2,86,8,647,5477.999845,1,1,1,0,1,0,1,0,1,1,0
192.4567,63.63312,1,88,11,1605,5433.979472,0,1,1,0,1,0,0,0,1,0,1
132.466,50.56908,3,48,14,6874,4926.848896,0,1,0,1,1,1,0,0,1,1,0
159.965,45.95837,4,57,15,19704,4106.326096,0,1,1,0,1,0,0,1,0,0,1
242.6106,59.05725,0,59,10,2158,5888.86414,1,0,0,1,1,0,1,0,0,1,1
117.4392,66.99471,1,51,18,7762,6121.797944,1,0,0,1,1,0,0,0,0,1,0
144.9607,62.87291,2,22,12,1480,5372.574608,0,0,1,0,1,0,0,0,0,0,0
222.6362,57.57488,0,45,16,12092,5313.394028,0,1,1,0,1,1,0,0,1,1,1
172.4579,39.93768,6,74,9,4825,3796.013665,1,1,1,0,1,0,1,1,0,1,0
187.6094,37.86885,0,22,13,990,4108.101249,0,0,0,1,1,0,0,0,0,1,1
242.6106,67.95345,4,83,17,1761,6576.137248,0,1,0,1,1,0,1,0,0,1,1
149.9913,46.08155,3,37,7,244,4259.291587,0,0,0,0,1,0,0,1,0,1,0
202.4433,66.67669,0,29,9,34642,5853.398686,1,0,1,0,1,0,1,0,0,0,1
207.4811,45.26675,1,76,12,6307,4172.285397,0,0,1,0,1,1,1,1,0,1,0
187.4847,63.72195,2,83,16,1596,5624.671786,0,1,1,0,1,1,1,1,1,1,0
167.4564,64.32344,1,21,16,8139,5640.198172,0,0,1,0,1,0,1,0,0,0,0
197.4945,60.48709,1,37,11,364,5504.661312,1,0,1,0,1,1,0,1,1,1,0
194.9882,62.56252,4,30,11,24364,5784.798117,1,0,1,0,1,1,0,1,0,0,1
147.4713,42.64008,3,34,11,1341,3948.148041,1,1,0,0,1,0,0,0,0,0,1
124.9781,71.79316,0,88,11,26613,5921.002929,0,0,1,0,1,0,0,1,0,0,0
204.9634,71.41919,1,18,10,407,6430.118112,1,0,1,0,1,0,1,1,0,1,0
152.4742,69.32269,0,53,6,33031,6410.828016,1,0,0,1,1,0,0,1,1,0,1
152.4579,67.4011,2,64,11,52322,6322.394651,1,0,0,1,1,0,1,1,0,1,0
240.1149,46.37208,1,40,10,144,4435.063306,0,0,1,0,1,0,0,0,0,1,1
192.4404,60.46139,0,28,8,3118,5430.596567,0,0,1,0,0,0,1,0,0,1,0
117.4835,60.80077,3,48,10,26683,5311.260793,1,0,0,0,1,1,0,0,0,0,1
187.4974,65.32231,1,63,12,19637,6228.197573,1,1,0,1,1,1,0,1,1,0,1
207.6094,71.1184,1,44,16,272,6377.657916,0,0,1,0,1,0,0,0,0,1,1
139.9512,71.89548,0,61,10,1443,6510.261516,0,0,0,1,1,0,0,0,1,0,1
207.6094,57.18666,0,47,14,21750,5195.500799,0,0,1,0,1,0,0,0,0,1,1
175.0062,53.4946,0,61,13,883,5083.028968,0,0,0,1,1,1,1,1,1,0,0
232.6228,65.44679,2,43,8,684,6116.195461,1,0,1,0,1,1,1,0,0,1,1
127.475,46.30752,1,86,5,11741,3866.67814,1,1,0,0,1,0,0,0,1,0,1
147.4421,55.94357,0,81,12,1198,4719.805869,0,0,1,0,0,0,0,0,0,0,1
230.1051,71.51954,0,41,8,446,6397.453541,0,0,1,0,1,0,1,0,0,1,1
137.4684,62.88109,1,57,5,1507,5470.575506,0,1,0,0,1,0,0,0,0,1,0
192.4885,66.41154,5,42,9,309,5872.762953,0,1,1,0,0,0,1,1,1,0,0
217.4725,66.07472,0,77,13,4048,5819.356258,0,1,1,0,1,0,1,1,1,1,0
142.4827,48.98746,1,46,9,34082,4786.931622,0,1,0,1,1,1,0,1,0,0,1
195.0062,63.43732,0,74,9,925,5527.711581,0,0,1,0,1,1,1,1,1,0,0
115.0021,50.62544,1,86,14,3263,4203.629126,1,1,0,0,1,1,0,0,0,0,0
182.4608,44.59308,3,46,10,172,4176.013803,1,0,1,0,1,0,1,1,0,0,1
225.1457,66.31632,4,45,9,129,6741.094654,0,0,0,1,1,1,1,1,0,1,1
182.4608,62.25247,7,36,12,40441,5696.625474,0,1,1,0,1,0,1,1,0,0,1
240.1149,60.91248,0,73,9,2128,5487.492711,0,1,1,0,1,0,0,0,0,1,1
222.65,44.58913,0,60,13,2000,4233.959568,0,0,1,0,1,1,0,1,0,1,1
129.9483,49.26183,0,69,14,14260,4630.380688,1,0,0,1,1,0,0,0,1,1,0
210.1518,52.68582,1,81,12,6020,4878.104493,0,0,0,0,1,0,1,1,0,1,1
117.4872,65.67297,0,86,9,16968,5761.616471,0,0,0,1,1,0,0,1,1,0,0
162.5005,45.29142,0,63,18,31725,4021.274223,1,0,0,0,1,0,0,1,1,1,0
152.4742,64.47686,9,50,15,32901,6218.382624,0,1,0,1,1,0,0,1,1,0,1
207.4673,64.31881,1,35,4,11092,5834.02568,1,1,1,0,1,1,1,0,1,1,0
222.6609,50.30252,1,71,13,21131,4719.932145,1,0,0,0,1,0,1,1,1,1,1
222.6143,67.89706,1,49,12,570,6609.12279,0,0,0,1,1,0,1,0,1,1,1
114.9728,63.28097,4,38,8,5264,5414.545503,1,0,1,0,1,1,0,0,0,0,0
275.1198,67.32753,8,30,10,649,6451.646223,1,0,1,0,1,0,1,0,1,1,1
112.4551,64.48925,0,30,11,27946,5345.265159,0,1,1,0,1,0,0,0,0,0,0
165.0113,68.10386,1,61,7,437,6071.213666,1,0,0,0,1,1,1,1,1,0,1
255.1555,51.60111,2,32,15,43,5033.827918,1,1,1,0,1,1,0,1,0,1,1
127.4601,48.52168,0,49,14,324,4486.430136,1,0,0,1,1,0,1,0,1,0,0
129.9483,53.63969,0,71,12,24473,4982.535602,0,0,0,1,1,0,0,0,1,1,0
127.4421,47.17599,2,78,19,568,4404.023519,0,0,0,1,1,0,0,0,0,0,1
125.0073,51.45585,4,65,4,121,4442.819177,1,1,0,0,1,0,0,1,0,0,0
114.9509,49.30109,3,21,10,39062,4812.411802,1,0,0,1,1,0,1,0,0,0,0
159.9875,49.60599,0,37,7,1030,4254.289639,1,0,1,0,1,1,0,0,1,0,0
190.127,60.15131,2,36,4,3326,6024.749674,1,0,0,1,1,1,0,0,0,1,1
82.49655,47.98376,1,61,8,71878,4079.477384,1,0,0,0,1,1,0,0,0,0,0
202.65,69.56294,0,51,15,6815,6770.315596,1,1,0,1,1,1,0,1,0,1,1
157.4698,64.78357,2,71,15,2231,5372.80048,0,0,1,0,1,0,0,0,1,0,0
137.4836,51.41313,9,65,10,206,5089.022874,1,0,0,1,1,0,0,1,0,0,0
82.49655,66.3094,1,85,5,24514,5420.067412,0,1,0,0,1,1,0,0,0,0,0
182.49,66.34756,3,20,14,48770,6033.438284,0,0,0,0,1,0,1,1,0,0,1
154.9618,60.95034,1,58,12,124,5824.155057,0,1,0,1,1,1,1,0,1,1,0
222.65,52.38554,1,47,12,873,4993.241423,1,1,1,0,1,1,0,1,0,1,1
149.9928,62.26072,0,19,11,25827,5855.929799,0,0,0,1,0,0,0,1,1,0,0
137.4684,64.67817,4,84,12,21743,5621.654767,0,0,0,0,1,0,0,0,0,1,0
210.138,56.57319,4,76,11,26749,5271.605896,1,0,0,0,1,0,1,0,1,1,1
194.9663,39.1168,1,45,8,24385,4072.167583,0,0,0,1,1,0,1,1,0,0,1
255.1198,59.95075,1,25,7,18274,6061.603654,1,1,0,1,1,0,1,0,1,1,1
142.5007,65.91841,4,24,16,1925,6277.33482,1,0,0,1,1,1,1,1,1,0,0
192.4705,61.19826,0,75,11,710,5244.846457,0,0,1,0,1,0,0,1,0,0,1
190.1737,64.46737,8,32,19,253,6200.818914,1,1,0,0,1,1,0,1,0,1,1
139.965,61.9981,2,48,12,3576,5884.305654,1,0,0,1,1,0,0,1,0,0,1
159.9349,68.30662,4,35,16,4584,6101.654993,0,0,1,0,1,0,1,0,0,1,0
139.9979,67.86743,0,77,12,779,5799.405302,0,0,0,0,1,0,0,1,1,0,1
210.127,67.77528,0,57,9,1271,6105.525987,0,0,1,0,1,1,0,0,0,1,1
182.4676,50.073,3,25,14,58,4672.740002,0,0,1,0,1,0,0,1,0,1,0
175.1331,64.53,0,84,10,6304,5675.888405,1,0,0,0,1,0,0,0,0,1,1
117.4858,59.74092,0,50,12,1889,5218.637314,1,1,0,0,1,0,0,1,0,1,0
104.9643,68.60052,2,26,11,191,6174.634632,1,0,0,1,1,0,0,0,1,0,0
222.6326,58.46636,1,49,9,158,5838.178564,0,0,0,1,0,1,0,0,0,1,1
119.9568,58.10315,0,63,16,594,5398.317847,0,0,0,1,1,1,0,0,0,1,0
277.6513,47.47601,1,52,10,1333,4693.458553,0,0,1,0,1,1,1,1,0,1,1
149.989,61.30152,0,74,11,12768,5328.929299,1,0,0,0,1,1,0,0,0,0,1
210.1518,60.22359,1,52,12,29133,5637.867429,1,0,0,0,1,0,1,1,0,1,1
134.9801,71.77038,4,43,9,165,6188.322388,0,0,0,0,1,0,1,0,0,0,0
182.49,58.7517,1,55,13,42524,5317.014241,1,1,0,0,1,0,1,1,0,0,1
79.97886,65.62921,0,45,7,271,5389.491157,0,0,0,0,1,0,0,0,0,0,0
117.5015,66.12646,9,85,18,867,5831.95427,0,1,0,0,1,1,1,0,1,0,0
127.4738,70.04547,1,47,12,1349,6450.493796,0,0,0,1,1,0,1,1,0,0,0
107.482,64.25103,2,55,18,960,5880.656131,0,0,0,1,1,1,0,0,1,0,0
139.9512,61.67482,2,49,11,3271,5773.715899,0,0,0,1,1,0,0,0,1,0,1
139.9349,58.70772,1,49,8,2114,5543.326997,0,0,0,1,1,0,1,0,0,1,0
154.9755,67.55012,3,60,11,28577,6500.761531,0,0,0,1,0,1,1,1,0,1,0
162.4526,67.28603,1,49,12,422,5954.978524,0,1,1,0,1,1,1,0,0,1,0
117.472,50.86377,0,34,13,12300,4415.844265,1,0,0,0,1,0,0,0,1,1,0
179.9656,66.30503,0,52,14,756,5674.466677,1,0,1,0,1,0,1,0,1,0,0
245.1283,55.67304,7,57,13,921,5861.769044,1,0,0,1,1,1,1,0,0,1,1
129.9915,58.7814,0,77,10,18448,5473.599849,0,0,0,1,1,1,1,1,0,0,0
137.4686,56.79978,1,31,15,329,4911.905543,0,0,1,0,0,1,1,0,0,0,0
172.4579,49.95803,0,40,14,1063,4543.825133,1,0,1,0,0,0,1,1,0,1,0
174.9768,46.25154,2,70,9,15663,4552.057718,0,0,0,1,1,0,0,1,1,1,0
182.4653,62.08441,0,52,10,28577,5465.207911,0,0,1,0,0,1,0,0,0,0,1
222.6326,48.38433,0,62,13,23980,4985.725486,0,1,0,1,1,1,0,0,0,1,1
172.4404,70.71967,0,66,10,8081,6512.990012,0,0,0,1,1,0,1,0,0,1,0
114.9658,63.4041,2,57,12,1118,5389.076144,1,0,0,0,1,0,0,0,0,0,1
112.4551,68.17558,3,73,15,11323,5680.973666,1,0,1,0,1,0,0,0,0,0,0
127.4586,49.50534,10,86,10,6161,4531.562513,1,0,0,0,1,0,1,0,0,1,0
92.5018,68.78168,4,69,18,128,5859.681153,1,0,0,0,1,0,0,1,0,0,0
104.9629,71.60926,0,49,14,9910,6109.236207,1,0,0,0,1,0,0,0,0,1,0
107.482,65.05715,0,56,10,902,5799.574085,1,0,0,1,1,1,0,0,1,0,0
204.9797,69.21008,1,51,13,801,6015.112937,1,0,1,0,1,0,0,1,1,0,1
255.1198,67.61857,0,74,18,729,6545.503926,0,0,0,1,1,0,1,0,1,1,1
152.466,55.74968,1,37,15,24,4912.337528,0,1,1,0,0,1,0,0,1,1,0
200.1185,62.12094,3,81,10,21767,5951.449014,0,1,0,1,1,0,0,0,1,1,1
92.45514,62.43504,2,46,16,6282,5681.838688,0,1,0,1,1,0,0,0,0,0,0
210.127,50.89196,3,88,19,496,4665.805714,1,1,1,0,1,1,0,0,0,1,1
137.4392,55.22194,3,36,12,87509,4901.470822,1,0,1,0,0,0,0,0,0,1,0
124.9643,57.01834,0,37,13,20049,4714.487291,1,0,1,0,1,0,0,0,1,0,0
242.6326,58.01836,5,75,10,28849,5472.923809,1,0,1,0,1,1,0,0,0,1,1
159.9349,47.69242,1,53,12,2883,4214.148669,1,0,1,0,1,0,1,0,0,1,0
197.6288,60.88203,2,81,17,13088,5495.323342,0,0,0,0,1,0,1,0,0,1,1
197.6288,36.26479,10,64,11,1407,3780.253613,0,0,0,0,0,0,1,0,0,1,1
187.4673,68.03515,0,29,12,3639,6540.915805,0,0,0,1,1,1,1,0,1,1,0
129.9483,59.15346,4,73,13,164,5503.849666,1,0,0,1,1,0,0,0,1,1,0
222.6326,67.73639,3,61,14,1530,6667.024092,1,0,0,1,1,1,0,0,0,1,1
182.4653,45.72931,0,61,11,2667,4013.312414,1,0,1,0,1,1,0,0,0,0,1
127.4738,60.6238,0,82,16,136,5450.67953,0,0,0,1,1,0,1,1,0,0,0
134.9509,66.60339,3,26,16,1674,5717.95214,0,0,1,0,1,0,1,0,0,0,0
182.447,60.4218,3,39,15,25178,5332.826382,0,1,1,0,1,0,1,0,1,0,1
174.9882,69.02836,1,23,17,830,6658.685288,0,0,0,1,1,1,0,1,0,0,1
172.4705,68.3716,4,32,11,22152,6510.228805,0,0,0,1,1,0,0,1,0,0,1
192.4885,55.49975,2,26,10,5332,5021.065195,0,0,1,0,0,0,1,1,1,0,0
164.9647,44.72714,3,85,14,46,4384.720336,0,1,0,1,1,1,1,0,1,0,1
210.138,54.28015,0,35,11,1212,5047.950436,0,1,0,0,1,0,1,0,1,1,1
129.9778,70.85122,7,46,13,7979,6616.596671,1,0,0,1,1,1,1,0,1,0,0
242.6106,44.60033,5,26,14,4365,4966.413605,1,1,0,1,1,0,1,0,0,1,1
217.4725,70.2223,2,56,9,179,6289.621165,1,0,1,0,1,0,1,1,1,1,0
182.4433,48.25953,3,31,5,3527,4843.627918,0,1,0,1,1,0,1,0,0,0,1
184.9634,66.57869,0,71,11,398,6289.493619,0,1,0,1,1,0,1,1,0,1,0
137.4684,55.09779,1,62,6,2123,4769.381102,1,0,0,0,1,0,0,0,0,1,0
114.9728,64.5515,1,74,12,2725,5312.093214,0,0,1,0,1,1,0,0,0,0,0
197.6288,62.81303,8,78,12,22255,5895.142664,1,0,0,0,1,0,1,0,0,1,1
277.6375,68.47895,3,28,15,225,6520.882525,1,0,1,0,1,1,1,0,1,1,1
120.0035,71.30636,0,38,9,7109,6233.777957,0,0,0,0,1,1,0,1,0,1,0
172.4404,55.15375,3,55,14,1249,5413.024984,0,0,0,1,1,0,1,0,0,1,0
147.4421,59.92546,0,43,7,16681,5170.661902,1,0,1,0,1,0,0,0,0,0,1
177.4945,71.82981,2,24,14,12418,6873.906816,1,1,0,1,1,1,0,1,1,1,0
232.6228,70.44254,1,66,10,35101,6372.288678,0,1,1,0,1,1,1,0,0,1,1
114.9658,57.83255,4,73,15,14687,4937.838244,1,1,0,0,1,0,0,0,0,0,1
240.1149,63.66597,0,19,13,8134,5843.100552,1,1,1,0,1,0,0,0,0,1,1
157.4836,68.61371,1,28,11,1886,5959.938845,1,0,1,0,1,0,0,1,0,0,0
230.1051,66.38881,1,67,18,424,6008.707062,1,0,1,0,1,0,1,0,0,1,1
127.4586,62.19865,4,43,16,54101,5527.897933,0,1,0,0,1,0,1,0,0,1,0
172.4404,65.62879,1,34,10,1468,6278.608691,1,0,0,1,1,0,1,0,0,1,0
154.9919,68.55374,0,86,12,1902,6232.543979,0,1,0,1,1,1,0,1,1,0,1
127.4421,54.68209,2,19,6,8525,5294.782338,1,0,0,1,1,0,0,0,0,0,1
129.9598,63.5876,1,85,11,20609,5770.223241,0,1,0,1,1,1,0,0,0,0,1
159.9349,67.43143,2,31,13,11364,5934.434665,0,1,1,0,1,0,1,0,0,1,0
152.4742,69.04134,0,60,7,20958,6282.538237,0,1,0,1,1,0,0,1,1,0,1
290.1604,51.43223,0,83,15,24181,4889.524005,1,0,1,0,1,1,1,1,1,1,1
232.624,58.65834,1,39,19,1089,5862.86904,0,1,0,1,1,0,0,0,1,1,1
222.6281,46.58314,9,49,13,10927,5142.752759,0,1,0,1,1,0,1,1,0,1,1
222.65,54.61729,3,85,19,1482,5066.033383,0,0,1,0,1,1,0,1,0,1,1
147.4783,52.55441,8,28,9,276,4767.338494,1,1,1,0,1,1,0,0,0,0,0
147.4564,62.05469,3,80,12,74172,5735.926133,0,0,0,1,1,0,1,0,0,0,0
104.9923,54.26219,0,85,10,1289,4578.436559,0,1,0,0,1,1,1,0,0,0,0
114.9509,39.65071,2,65,7,2674,3764.349824,1,1,0,1,1,0,1,0,0,0,0
147.4783,57.48138,2,30,12,135,5062.064883,0,0,1,0,1,1,0,0,0,0,0
127.4887,62.98765,9,64,15,59,5632.641719,1,0,0,0,1,0,0,1,0,0,1
242.6326,64.02167,0,62,11,2295,5806.466997,0,0,1,0,0,1,0,0,0,1,1
194.9581,47.32828,1,30,11,188,4453.928623,1,1,1,0,1,1,1,0,0,1,0
154.9919,52.83052,1,70,12,1599,5109.745716,1,0,0,1,1,1,0,1,1,0,1
137.4392,42.83737,1,68,15,19951,3673.166054,1,1,1,0,1,0,0,0,0,1,0
137.4686,42.82228,5,40,11,174,3860.25038,0,0,1,0,1,1,1,0,0,0,0
139.9678,64.99919,0,77,4,19735,5527.078856,0,0,0,0,1,0,1,0,1,1,0
162.4689,60.09896,0,38,5,48713,5280.797475,1,0,1,0,1,1,0,0,1,0,1
162.497,59.12578,3,23,13,51275,5760.882737,0,0,0,1,1,1,1,1,0,0,0
127.4887,55.62195,4,39,8,246,4957.154591,0,0,0,0,1,0,0,1,0,0,1
149.9778,45.30473,2,84,8,45298,3913.652398,1,1,1,0,0,1,1,0,1,0,0
140.0342,70.54775,7,65,13,3883,6261.334731,0,0,0,0,1,1,0,1,1,0,0
255.1417,54.88358,9,27,16,12099,5453.849281,1,0,1,0,1,1,0,0,1,1,1
127.482,60.53871,4,42,16,6917,5267.174112,0,1,1,0,1,1,0,0,1,0,0
182.4676,58.12363,2,46,11,219,5232.754859,1,0,1,0,1,0,0,1,0,1,0
267.6427,37.5471,4,22,13,19,4460.286319,1,0,0,1,1,0,1,1,1,1,1
222.6326,69.91537,4,49,16,1208,6915.693645,1,0,0,1,1,1,0,0,0,1,1
225.1457,60.10344,7,76,10,44760,6175.687641,0,1,0,1,1,1,1,1,0,1,1
149.9447,50.45458,1,34,15,1234,4894.222619,1,0,0,1,1,0,0,0,0,1,0
232.6378,56.7448,4,71,10,1045,5727.284488,0,1,0,1,1,0,0,1,0,1,1
149.9913,54.78319,4,45,15,952,4976.840428,1,0,0,0,1,0,0,1,0,1,0
192.4404,47.1164,0,72,8,30178,4192.87684,1,1,1,0,1,0,1,0,0,1,0
192.4404,69.10177,3,83,14,1860,6003.545722,1,1,1,0,1,0,1,0,0,1,0
92.5018,62.09112,6,61,5,5310,5399.269987,1,0,0,0,1,0,0,1,0,0,0
240.1149,36.7649,3,85,12,405,3514.848918,0,0,1,0,1,0,0,0,0,1,1
192.4404,66.77022,5,75,14,268,5947.355869,1,0,1,0,1,0,1,0,0,1,0
132.466,69.76806,1,44,11,4316,6451.51695,0,1,0,1,1,1,0,0,1,1,0
174.9699,40.87895,1,30,13,34488,4194.277707,0,0,0,1,0,0,1,1,1,0,1
187.4847,56.69865,0,47,4,1339,5105.658715,0,0,1,0,1,1,1,1,1,1,0
139.9512,60.18695,0,66,14,10025,5534.496573,0,0,0,1,1,0,0,0,1,0,1
212.6695,61.44671,7,23,13,230,6093.079399,0,0,0,0,1,1,1,1,0,1,1
192.4885,48.57121,1,63,9,37527,4218.975069,1,1,1,0,1,0,1,1,1,0,0
245.175,47.23415,6,62,11,2889,4841.832156,0,0,0,0,1,1,1,1,0,1,1
222.6792,61.62569,0,79,19,98,5639.554704,1,0,0,0,1,1,0,1,0,1,1
222.6143,52.55226,1,87,7,2668,5180.160828,1,0,0,1,1,0,1,0,1,1,1
127.4783,56.04565,2,53,9,2252,5282.510146,1,0,0,1,1,1,0,0,0,0,0
192.4567,42.43922,0,32,14,6533,3850.216289,0,1,1,0,1,0,0,0,1,0,1
174.9882,50.02343,1,58,15,7488,4904.424094,0,0,0,1,1,1,0,1,0,0,1
149.9447,52.5986,2,36,9,14676,5141.180261,0,0,0,1,1,0,0,0,0,1,0
162.4538,70.95714,2,64,17,3410,6557.961131,0,0,0,1,1,0,0,0,1,1,0
210.1518,70.52836,3,59,15,961,6473.783327,1,0,0,0,1,0,1,1,0,1,1
144.9607,70.31796,2,54,13,1535,5877.690105,1,0,1,0,1,0,0,0,0,0,0
132.4798,53.77815,0,67,13,727,5163.021507,0,1,0,1,1,1,0,1,0,1,0
220.1149,63.29423,0,77,11,581,6035.974102,1,0,0,1,1,0,0,0,0,1,1
182.4433,52.36353,0,66,13,727,5055.080442,1,1,0,1,1,0,1,0,0,0,1
132.466,61.11318,0,80,6,32526,5640.593251,0,0,0,1,1,1,0,0,1,1,0
262.6106,66.72045,3,45,15,21869,6241.530828,0,1,1,0,1,0,1,0,0,1,1
210.127,61.24602,1,67,17,3058,5521.477482,1,0,1,0,1,1,0,0,0,1,1
107.4806,53.83688,1,73,14,38476,4633.252261,0,0,0,0,1,1,0,0,0,1,0
222.6792,56.86558,2,63,15,9325,5410.603621,0,1,0,0,1,1,0,1,0,1,1
204.9496,38.34208,4,30,13,7221,3692.038737,1,0,1,0,1,0,1,0,1,1,0
242.6281,43.76523,3,33,9,805,4413.16902,0,0,1,0,1,0,1,1,0,1,1
204.961,55.72148,4,20,14,1643,5265.888272,0,0,1,0,1,1,1,0,0,0,1
114.9658,67.76235,0,73,10,43149,5632.15471,1,1,0,0,1,0,0,0,0,0,1
179.9476,46.23103,4,58,9,3034,4194.479859,1,0,1,0,1,0,0,0,0,0,1
204.9634,49.22513,1,65,10,32471,4457.488637,1,0,1,0,0,0,1,1,0,1,0
149.9845,58.29773,3,59,17,2745,5256.320982,0,0,0,0,1,0,1,1,0,0,1
102.4746,47.67299,3,42,12,13601,4114.377391,1,0,0,0,1,0,1,0,0,0,0
139.9678,60.36626,0,32,11,5518,5295.005642,0,0,0,0,1,0,1,0,1,1,0
287.6427,66.83431,3,68,9,6592,6264.921287,1,0,1,0,0,0,1,1,1,1,1
172.4555,63.097,8,24,8,2565,5826.009497,0,0,1,0,1,1,1,0,0,0,1
172.4624,61.32236,2,43,10,2500,5494.745121,0,0,1,0,1,1,0,0,0,1,0
172.4624,65.0017,1,39,11,1454,5778.552531,1,1,1,0,1,1,0,0,0,1,0
172.4441,62.03561,6,60,11,250,5524.694912,1,0,1,0,0,0,1,0,1,1,0
149.9483,52.29776,9,88,11,3908,4680.412054,0,0,1,0,1,0,0,0,1,1,0
107.4806,63.21825,1,86,12,17783,5359.319798,1,0,0,0,1,1,0,0,0,1,0
124.9781,64.31709,0,51,13,2315,5429.739241,1,0,1,0,1,0,0,1,0,0,0
184.9634,61.3942,2,78,11,5621,5856.252247,1,0,0,1,1,0,1,1,0,1,0
204.9797,64.395,0,37,18,444,5635.691786,1,0,1,0,1,0,0,1,1,0,1
152.4579,67.86102,3,35,6,597,6485.945142,0,0,0,1,1,0,1,1,0,1,0
149.9598,55.00463,3,61,8,19746,4876.001451,1,1,1,0,1,1,0,0,0,0,1
147.4738,50.61987,4,55,14,32264,4429.146624,0,0,1,0,1,0,1,1,0,0,0
172.4871,64.01062,3,81,10,155,5678.090395,1,0,0,0,0,0,1,1,0,1,0
137.4872,61.41438,0,44,10,2136,5219.170675,1,0,1,0,1,0,0,1,1,0,0
142.4689,68.52821,9,45,11,35681,6556.791992,0,0,0,1,1,1,0,0,1,0,1
207.6094,48.37971,0,83,8,21739,4308.793771,1,1,1,0,1,0,0,0,0,1,1
144.9607,71.80759,2,82,15,4358,5990.230977,1,0,1,0,1,0,0,0,0,0,0
182.4676,71.60143,0,85,9,6384,6100.606692,1,0,1,0,1,0,0,1,0,1,0
182.4653,59.28535,1,18,11,972,5378.117418,1,0,1,0,1,1,0,0,0,0,1
119.9568,56.46532,3,43,11,21628,5469.097733,1,0,0,1,1,1,0,0,0,1,0
129.9483,57.62771,1,27,15,50386,5437.296776,0,1,0,1,1,0,0,0,1,1,0
129.9483,70.83916,3,66,11,15260,6453.516809,1,0,0,1,1,0,0,0,1,1,0
139.9349,63.75133,3,33,12,1233,6117.671345,0,0,0,1,1,0,1,0,0,1,0
240.1149,69.4907,1,20,9,37207,6394.925559,1,0,1,0,1,0,0,0,0,1,1
162.4526,62.54412,0,41,11,883,5561.88036,0,0,1,0,1,1,1,0,0,1,0
242.6281,56.24277,3,74,16,43112,5301.12684,1,0,1,0,1,0,1,1,0,1,1
194.9768,57.31296,2,21,15,3072,5166.505296,0,0,1,0,1,0,0,1,1,1,0
184.9496,68.99972,0,73,10,17872,6353.433378,1,1,0,1,1,0,1,0,1,1,0
139.9349,60.50578,1,55,9,4013,5718.03878,0,0,0,1,1,0,1,0,0,1,0
139.9568,68.16171,2,55,16,35923,5943.852289,1,0,1,0,1,1,0,0,0,1,0
172.4742,54.66546,1,46,13,2459,4767.800579,0,0,1,0,1,0,0,1,1,0,1
207.4673,70.76841,2,38,11,35999,6336.386835,1,0,1,0,1,1,1,0,1,1,0
177.6508,44.97976,2,54,11,4825,4309.116061,0,0,0,0,1,1,0,0,0,1,1
235.1372,38.7682,3,88,10,96575,4194.161012,0,0,0,1,1,0,1,1,1,1,1
179.9476,70.91142,3,59,7,5394,6100.38844,0,1,1,0,1,0,0,0,0,0,1
159.9476,63.27825,8,19,16,429,6169.677579,1,0,0,1,1,0,0,0,0,0,1
139.9349,65.36263,0,18,15,2605,6206.523208,0,1,0,1,1,0,1,0,0,1,0
179.9476,65.57158,1,27,15,3518,5788.48609,1,1,1,0,1,0,0,0,0,0,1
167.4564,43.20929,1,43,16,2353,3755.734311,1,0,1,0,1,0,1,0,0,0,0
175.1331,68.7415,0,76,16,9177,6000.14462,0,0,0,0,1,0,0,0,0,1,1
220.1323,63.12959,1,77,11,879,5652.969156,0,0,1,0,1,0,0,1,0,1,1
232.6378,63.9916,0,80,13,2966,6215.478436,1,0,0,1,1,0,0,1,0,1,1
275.1198,52.41439,0,55,15,924,4901.452536,1,0,1,0,0,0,1,0,1,1,1
124.9781,66.58209,2,61,14,1173,5644.111425,0,1,1,0,1,0,0,1,0,0,0
149.9483,58.52409,0,53,11,13181,4981.220406,1,0,1,0,1,0,0,0,1,1,0
172.4624,65.62722,2,30,11,1231,5890.098766,0,0,1,0,1,1,0,0,0,1,0
240.1149,52.9098,2,51,12,31790,4918.416016,0,1,1,0,1,0,0,0,0,1,1
139.965,57.87826,1,70,15,336,5361.534076,1,1,0,1,0,0,0,1,0,0,1
159.9476,63.41268,1,81,4,5082,5848.038669,1,0,0,1,1,0,0,0,0,0,1
124.9643,65.85442,3,76,13,185,5402.984208,0,1,1,0,1,0,0,0,1,0,0
192.4404,51.54386,1,64,16,106,4565.61325,1,1,1,0,1,0,1,0,0,1,0
184.9715,66.91238,0,64,12,429,5826.681585,1,0,1,0,1,1,0,0,1,1,0
152.4624,71.27703,1,54,16,4354,6657.053711,0,0,0,1,1,1,0,0,0,1,0
172.4555,61.78631,3,74,9,52939,5483.045236,1,1,1,0,1,1,1,0,0,0,1
232.6415,52.73595,9,32,5,21353,5199.476177,0,0,1,0,1,0,0,1,1,1,1
149.9913,55.59681,3,21,8,251,5091.409521,1,1,0,0,1,0,0,1,0,1,0
92.5018,37.11912,1,32,12,1640,3208.1605,0,0,0,0,1,0,0,1,0,0,0
255.1555,70.70213,6,80,14,444,6611.742363,0,0,1,0,1,1,0,1,0,1,1
162.4676,70.36489,4,79,14,222,6602.646284,1,1,0,1,1,0,0,1,0,1,0
222.65,36.24048,5,71,10,2442,3667.746982,0,0,1,0,1,1,0,1,0,1,1
137.4698,45.55911,0,71,20,1113,4149.514153,1,0,0,1,0,0,0,0,1,0,0
159.9656,68.86592,0,41,10,506,6333.859497,0,0,0,1,1,0,1,0,1,0,0
255.1372,57.0263,1,68,12,10896,5280.699717,1,0,1,0,1,0,1,1,1,1,1
149.9598,64.92702,2,55,9,15713,5677.907968,1,0,1,0,0,1,0,0,0,0,1
169.9378,69.53494,2,66,13,986,6038.193062,1,0,1,0,1,0,1,0,0,0,1
217.484,61.96931,1,30,10,378,5655.54142,0,0,1,0,1,1,1,1,0,0,1
164.9853,65.09908,1,52,13,93,6195.495314,0,0,0,1,1,1,0,1,0,1,0
262.6106,61.79083,0,42,9,16413,5708.03691,1,1,1,0,1,0,1,0,0,1,1
137.4684,54.97349,3,40,14,40439,4892.895989,0,0,0,0,1,0,0,0,0,1,0
252.6378,62.34755,0,35,10,21578,5814.813682,1,0,1,0,1,0,0,1,0,1,1
149.9928,59.25503,0,70,8,4591,5360.153324,1,0,0,1,1,0,0,1,1,0,0
220.1323,60.29534,0,52,14,1468,5471.917998,0,0,1,0,1,0,0,1,0,1,1
139.983,66.509,2,66,11,3522,6047.422965,0,1,0,1,1,0,1,1,1,0,0
222.6281,65.65204,2,58,9,285,6507.269955,1,0,0,1,1,0,1,1,0,1,1
104.9923,53.34051,4,81,8,637,4639.169217,0,0,0,0,1,1,1,0,0,0,0
104.9781,59.29365,1,33,16,1307,5521.423515,0,1,0,1,1,0,0,1,0,0,0
187.4974,64.89527,3,51,8,9826,6294.11967,1,0,0,1,1,1,0,1,1,0,1
159.983,63.61158,2,77,11,38957,5364.283551,1,0,1,0,1,0,1,1,1,0,0
182.4653,39.95689,0,57,10,20258,3635.733881,0,1,1,0,1,1,0,0,0,0,1
262.6106,55.90619,4,57,9,526,5299.821269,1,0,1,0,1,0,1,0,0,1,1
134.9509,48.26544,2,37,13,40425,4148.530189,1,1,1,0,1,0,1,0,0,0,0
149.9483,62.30892,4,69,11,180,5409.075897,1,1,1,0,1,0,0,0,1,1,0
275.1336,50.47725,1,40,10,577,4950.568297,0,1,1,0,1,0,1,1,0,1,1
114.9509,57.07682,1,35,12,35107,5259.782716,1,0,0,1,1,0,1,0,0,0,0
202.65,59.63287,1,36,12,1543,6036.630597,0,0,0,1,0,1,0,1,0,1,1
159.9476,55.50261,2,37,20,34545,5374.949556,1,0,0,1,1,0,0,0,0,0,1
159.965,56.61898,4,31,16,2287,5065.07831,1,1,1,0,1,0,0,1,0,0,1
182.4653,50.63449,0,58,17,27773,4507.354465,1,0,1,0,1,1,0,0,0,0,1
114.9658,55.61318,0,67,13,28254,4656.349658,0,0,0,0,1,0,0,0,0,0,1
149.9741,68.04207,3,57,16,1812,6294.844556,0,0,0,1,1,1,1,0,0,0,0
184.961,56.08175,0,26,15,31736,5566.092166,1,0,0,1,1,1,1,0,0,0,1
242.6326,61.80438,2,29,14,39078,5841.605467,1,0,1,0,1,1,0,0,0,1,1
212.6695,46.22292,5,57,10,1355,4625.577762,1,0,0,0,1,1,1,1,0,1,1
220.1478,69.10048,2,57,12,27848,6276.75062,0,0,0,0,1,0,0,0,1,1,1
242.6106,48.19847,7,19,11,1506,5298.703538,0,0,0,1,1,0,1,0,0,1,1
117.4872,71.29664,1,52,19,13547,6446.951971,0,0,0,1,1,0,0,1,1,0,0
187.4811,60.01564,0,29,13,2228,5917.583628,1,1,0,1,1,1,1,1,0,1,0
137.4872,68.19429,4,58,15,157,5769.653638,0,0,1,0,1,0,0,1,1,0,0
152.466,65.34217,4,42,11,37533,5821.339699,1,0,1,0,1,1,0,0,1,1,0
159.9476,66.6997,1,61,16,105,6100.656645,0,0,0,1,1,0,0,0,0,0,1
207.6094,70.44727,1,68,11,3337,6196.925843,0,1,1,0,1,0,0,0,0,1,1
242.6143,62.83586,2,31,12,1104,5823.67123,0,1,1,0,1,0,1,0,1,1,1
147.4421,71.91816,6,66,16,1589,6180.330948,0,0,1,0,1,0,0,0,0,0,1
255.1555,50.4403,1,43,16,45,4918.917802,1,0,1,0,1,1,0,1,0,1,1
212.6415,53.13174,1,87,12,629,5218.798279,0,1,0,1,1,0,0,1,1,1,1
194.9882,59.27056,1,36,8,206,5403.036108,1,0,1,0,1,1,0,1,0,0,1
162.4653,71.57518,2,88,16,49870,6517.6079,0,0,0,1,1,1,0,0,0,0,1
255.1336,64.71582,2,65,15,297,6432.504958,1,0,0,1,1,0,1,1,0,1,1
232.6228,68.69095,1,78,12,227,6189.424043,1,0,1,0,1,1,1,0,0,1,1
117.4858,66.8244,0,66,13,4193,5746.58453,0,0,0,0,0,0,0,1,0,1,0
265.1283,62.78784,0,32,16,11866,5897.719086,1,0,1,0,1,1,1,0,0,1,1
219.9902,58.74921,1,20,14,814,5464.935804,0,0,1,0,1,1,1,1,1,1,0
129.9763,48.90424,6,71,10,5085,4530.607391,1,0,0,0,1,1,1,0,0,1,0
149.9621,56.1122,3,27,17,1262,5089.070944,1,0,1,0,1,0,0,1,0,1,0
117.4835,64.33211,2,73,12,46299,5570.146365,0,0,0,0,1,1,0,0,0,0,1
172.4567,59.41977,3,81,18,19569,5586.760819,0,0,0,1,1,0,0,0,1,0,1
105.011,57.50229,1,50,14,405,4827.450022,1,1,0,0,0,0,0,1,1,0,0
152.4952,58.85612,1,67,10,156,5140.463847,0,0,0,0,1,1,0,0,1,1,0
242.6106,40.731,2,86,11,4637,4313.243257,1,0,0,1,1,0,1,0,0,1,1
220.1149,65.16939,6,85,10,5651,6395.153415,1,1,0,1,1,0,0,0,0,1,1
204.9634,64.67686,1,76,7,19,5687.504971,1,0,1,0,1,0,1,1,0,1,0
187.6422,51.58781,1,88,14,29279,4590.372724,0,0,0,0,1,0,0,0,1,1,1
149.9483,40.24438,10,47,13,665,3857.992654,0,0,1,0,1,0,0,0,1,1,0
134.9509,58.89861,4,27,9,2472,5114.144656,0,1,1,0,1,0,1,0,0,0,0
202.65,64.67729,5,52,7,20695,6473.586614,0,0,0,1,0,1,0,1,0,1,1
162.447,71.20279,5,60,7,1404,6622.410472,1,0,0,1,0,0,1,0,1,0,1
174.9755,65.60019,4,40,8,91,6023.851747,0,0,1,0,1,1,1,1,0,1,0
117.4872,57.86914,4,72,14,1455,5291.226692,0,1,0,1,1,0,0,1,1,0,0
245.1283,57.51601,2,42,13,22544,5955.088107,1,1,0,1,1,1,1,0,0,1,1
187.656,67.65272,3,75,9,2097,6091.711097,0,0,0,0,0,0,0,1,0,1,1
255.1336,58.04416,1,64,13,8006,5905.391088,0,1,0,1,1,0,1,1,0,1,1
112.4551,38.02352,1,41,13,805,3171.439732,0,0,1,0,1,0,0,0,0,0,0
132.5127,58.5543,2,52,17,12181,5208.893265,1,0,0,0,1,1,0,1,1,1,0
182.49,61.76369,4,73,8,261,5514.862549,1,0,0,0,1,0,1,1,0,0,1
127.4586,59.10465,4,40,11,189,5331.272303,1,1,0,0,1,0,1,0,0,1,0
235.1372,60.19517,1,21,15,4444,6068.879961,1,0,0,1,1,0,1,1,1,1,1
127.4601,61.51143,1,64,8,40,5614.673422,1,0,0,1,1,0,1,0,1,0,0
182.4833,51.59161,0,45,11,308,4484.747789,1,1,1,0,1,1,1,0,1,0,0
147.4421,42.15567,4,77,12,3039,3726.308369,0,0,1,0,1,0,0,0,0,0,1
162.4713,48.84202,0,84,13,7750,4171.400793,1,1,1,0,1,0,0,1,1,1,0
230.1051,59.15773,0,65,19,3448,5305.866478,0,0,1,0,1,0,1,0,0,1,1
235.1555,66.60855,0,34,6,855,6655.926837,0,1,0,1,0,1,0,1,0,1,1
137.4392,62.37748,2,34,12,5284,5416.499305,1,1,1,0,0,0,0,0,0,1,0
177.4945,62.60334,0,56,18,16374,5951.423471,0,0,0,1,1,1,0,1,1,1,0
140.0013,62.20783,1,53,18,1148,5841.787149,0,0,0,1,1,1,0,1,0,0,0
127.4738,63.00385,2,71,11,6900,5825.616542,0,0,0,1,1,0,1,1,0,0,0
140.0049,64.64603,2,60,17,24118,5568.279974,0,0,1,0,1,1,0,1,1,0,0
117.472,58.24766,2,27,19,19301,5152.438344,0,1,0,0,1,0,0,0,1,1,0
159.965,58.01991,1,61,13,396,4989.154555,1,0,1,0,1,0,0,1,0,0,1
149.9598,58.83979,3,51,5,1669,5140.746874,1,0,1,0,1,1,0,0,0,0,1
217.4702,63.08587,4,60,15,32035,5742.488347,1,0,1,0,1,1,1,0,1,0,1
212.6228,45.34514,0,25,18,11317,4832.995631,0,0,0,1,1,1,1,0,0,1,1
150.0208,58.90864,3,81,12,7058,5221.7217,1,0,0,0,1,1,1,1,0,0,0
207.6094,64.08645,0,25,8,3208,5785.930696,0,0,1,0,1,0,0,0,0,1,1
137.4686,63.17834,0,79,10,867,5328.678277,0,0,1,0,1,1,1,0,0,0,0
172.4404,66.43277,1,66,11,22014,6239.568854,1,0,0,1,1,0,1,0,0,1,0
137.4392,46.95877,0,75,12,6100,3957.129835,1,0,1,0,1,0,0,0,0,1,0
204.9797,69.32507,1,55,20,13977,6093.707012,1,0,1,0,1,0,0,1,1,0,1
182.4538,60.85062,1,27,7,492,5406.88534,1,1,1,0,0,0,0,0,1,1,0
214.9663,71.8851,2,89,11,822,6230.161803,0,0,1,0,1,0,1,1,0,0,1
112.4551,58.75091,4,64,16,308,4886.743042,0,1,1,0,1,0,0,0,0,0,0
167.4847,56.5926,4,21,13,11317,5718.847373,1,0,0,1,1,1,1,1,1,1,0
152.5104,49.05868,2,44,13,802,4828.989251,0,0,0,1,1,1,0,1,1,0,0
172.4871,65.66392,0,30,6,73891,5888.414969,1,0,0,0,1,0,1,1,0,1,0
222.6362,64.16746,1,29,10,3064,5889.765255,0,1,1,0,0,1,0,0,1,1,1
174.9882,52.0883,0,81,11,50137,4967.421648,0,1,0,1,1,1,0,1,0,0,1
159.9642,69.47678,0,76,8,1353,5964.869164,1,1,0,0,1,0,1,0,0,1,0
179.9656,67.32648,1,55,12,668,5696.824115,1,0,1,0,1,0,1,0,1,0,0
107.4806,45.51836,1,59,12,1128,3997.551698,0,1,0,0,1,1,0,0,0,1,0
149.9378,55.91669,3,22,13,3667,5428.595513,1,0,0,1,1,0,1,0,0,0,1
207.6094,67.20269,4,80,14,5951,6031.136319,0,1,1,0,1,0,0,0,0,1,1
139.9678,71.12356,0,27,11,18914,6239.882195,1,1,0,0,1,0,1,0,1,1,0
129.9926,71.89521,0,41,14,37358,6237.521195,0,0,0,0,1,1,0,0,1,0,1
184.9853,56.43742,0,46,17,8345,5061.170302,1,1,1,0,1,1,0,1,0,1,0
200.1185,63.30988,3,72,14,391,6125.429918,1,1,0,1,1,0,0,0,1,1,1
117.4392,68.60299,3,64,15,13538,6272.523927,0,0,0,1,1,0,0,0,0,1,0
162.497,65.14451,1,75,12,19401,6104.271738,0,1,0,1,1,1,1,1,0,0,0
142.4993,65.66308,0,24,10,7016,5911.270713,1,0,0,0,1,1,1,1,0,1,0
184.9715,47.83726,0,67,7,1961,4206.817797,1,0,1,0,1,1,0,0,1,1,0
114.9509,53.77195,3,19,15,625,5185.302334,0,0,0,1,1,0,1,0,0,0,0
222.65,65.54138,1,56,10,3068,6041.694748,1,0,1,0,1,1,0,1,0,1,1
92.48802,71.21301,0,83,10,4889,5809.037267,1,0,0,0,1,0,0,0,1,0,0
167.4564,58.51588,0,24,16,4037,5041.432965,0,0,1,0,1,0,1,0,0,0,0
159.9942,58.3075,2,18,13,12886,5338.721765,0,1,0,0,1,0,0,1,0,0,1
222.6326,62.46827,3,45,10,30003,6240.770429,1,0,0,1,1,1,0,0,0,1,1
242.6106,69.83213,1,31,12,2682,6894.321474,0,1,0,1,1,0,1,0,0,1,1
124.9643,66.36534,1,56,13,3039,5448.851036,1,0,1,0,1,0,0,0,1,0,0
184.9853,69.74945,5,44,8,30050,6312.410152,1,0,1,0,1,1,0,1,0,1,0
222.65,55.06671,2,67,16,567,5131.088734,1,0,1,0,1,1,0,1,0,1,1
149.9598,54.46857,2,69,14,1181,4775.063711,0,0,1,0,1,1,0,0,0,0,1
235.1372,42.34861,3,38,11,1052,4698.517933,1,0,0,1,1,0,1,1,1,1,1
197.484,70.53596,0,46,13,15763,6770.012109,0,0,0,1,1,1,1,1,0,0,1
192.4705,64.81364,1,75,18,1154,5571.868167,1,0,1,0,1,0,0,1,0,0,1
164.9647,55.5206,0,54,14,3066,5360.683391,1,0,0,1,1,1,1,0,1,0,1
204.9634,66.2177,4,55,11,1211,5974.963224,0,1,1,0,1,0,1,1,0,1,0
152.509,71.73682,4,24,14,264,6557.092992,1,1,0,0,1,1,0,1,0,1,0
172.4624,66.3883,1,67,13,32737,5753.311311,0,0,1,0,1,1,0,0,0,1,0
192.4885,60.17878,2,73,9,37234,5250.358878,0,0,1,0,1,0,1,1,1,0,0
139.9678,54.91727,0,25,11,2106,4871.477155,0,1,0,0,1,0,1,0,1,1,0
175.0062,44.94292,1,32,14,8738,4594.301628,0,1,0,1,1,1,1,1,1,0,0
207.6094,49.65691,2,29,11,13166,4652.060129,1,0,1,0,1,0,0,0,0,1,1
94.97283,51.6849,1,49,9,1273,4753.29229,0,0,0,1,1,1,0,0,0,0,0
255.1372,49.27633,4,29,12,20543,4912.958462,1,0,1,0,0,0,1,1,1,1,1
235.1372,53.33926,0,38,9,846,5459.660641,0,0,0,1,1,0,1,1,1,1,1
222.6143,67.53496,0,25,12,10459,6580.30162,0,0,0,1,1,0,1,0,1,1,1
114.9509,64.56952,3,21,6,14839,6063.474111,0,0,0,1,1,0,1,0,0,0,0
139.9349,37.73653,1,83,12,653,3713.519699,1,0,0,1,1,0,1,0,0,1,0
149.9447,66.92587,1,25,10,152,6273.352469,1,1,0,1,1,0,0,0,0,1,0
127.4783,64.6641,0,42,9,6071,5880.897031,1,1,0,1,1,1,0,0,0,0,0
232.624,69.14141,5,69,13,369,6746.608618,1,0,0,1,1,0,0,0,1,1,1
142.5156,58.09117,2,85,15,323,5108.903002,0,0,0,0,1,1,0,1,1,0,1
147.4713,51.01884,1,67,15,12415,4464.920751,1,0,0,0,1,0,0,0,0,0,1
144.9607,64.31944,0,38,6,10536,5377.07267,0,0,1,0,1,0,0,0,0,0,0
262.6106,54.0886,0,60,11,549,5064.97133,0,1,1,0,1,0,1,0,0,1,1
172.4579,68.29079,1,63,12,19773,6001.347694,0,1,1,0,1,0,1,1,0,1,0
147.4893,57.2547,4,48,13,34460,4986.869447,0,0,0,0,0,0,1,0,1,0,0
117.4686,59.6738,4,80,15,5633,5574.877634,0,1,0,1,1,1,1,0,0,0,0
129.9621,54.47785,3,87,6,5870,5171.93181,0,0,0,1,1,0,0,1,0,1,0
242.6143,64.79346,2,42,10,18377,5995.061053,1,1,1,0,1,0,1,0,1,1,1
255.1336,39.4081,1,88,13,30764,4299.70522,1,0,0,1,1,0,1,1,0,1,1
172.4705,56.8397,1,39,14,1815,5450.025503,0,1,0,1,1,0,0,1,0,0,1
120.0035,71.50744,8,24,5,898,6542.432114,0,0,0,0,1,1,0,1,0,1,0
162.4538,69.86292,6,74,10,1241,6511.601292,1,0,0,1,1,0,0,0,1,1,0
182.4608,71.27557,2,24,9,5659,6321.378623,0,0,1,0,0,0,1,1,0,0,1
159.9805,38.6818,2,79,18,18547,3367.528814,1,0,0,0,0,0,0,0,1,0,1
194.9768,45.12287,2,81,16,3843,4010.017445,0,1,1,0,0,0,0,1,1,1,0
184.9963,67.26247,2,69,14,42059,5957.422915,0,1,0,0,1,0,1,1,1,1,0
227.4754,55.09689,0,84,14,2119,4896.004846,1,0,1,0,1,0,1,1,1,0,1
149.9778,71.4249,0,69,11,4384,6041.492692,1,0,1,0,1,1,1,0,1,0,0
159.9642,55.01782,1,26,13,131,4974.850117,1,1,0,0,1,0,1,0,0,1,0
174.9699,64.88617,1,38,8,31498,6221.262758,1,1,0,1,1,0,1,1,1,0,1
197.4876,50.80026,1,44,8,1489,4626.844847,0,0,1,0,1,1,1,1,1,0,1
147.4564,64.42046,5,30,11,17639,6072.987281,1,1,0,1,1,0,1,0,0,0,0
184.9853,70.60744,4,19,10,1372,6480.947018,0,0,1,0,1,1,0,1,0,1,0
247.6647,60.06677,0,61,10,3192,5988.65378,0,0,0,1,1,1,0,1,1,1,1
149.9707,52.86347,4,46,21,8582,4803.633727,1,0,0,0,1,0,1,0,1,0,1
235.1591,61.9089,2,88,16,40,5674.248741,1,0,1,0,1,1,0,1,1,1,1
79.97886,65.11023,1,89,10,2454,5233.491923,0,0,0,0,1,0,0,0,0,0,0
204.9634,51.42373,1,45,11,9005,4750.263677,1,0,1,0,1,0,1,1,0,1,0
162.5119,57.18462,0,77,19,27428,5066.909377,0,1,0,0,1,1,0,1,0,0,1
164.9889,63.99811,2,58,13,5058,5635.275035,1,1,1,0,1,1,0,1,1,1,0
92.45514,43.28044,3,22,12,352,4221.824522,1,0,0,1,1,0,0,0,0,0,0
149.9778,68.21396,1,38,15,9077,5828.531986,0,0,1,0,1,1,1,0,1,0,0
194.9525,70.39354,1,56,12,1399,6518.028513,1,0,0,1,1,0,1,0,1,0,1
164.967,68.4792,4,80,16,11295,6471.220737,1,0,0,1,1,0,1,1,1,1,0
144.9607,47.42715,0,84,11,1373,3842.137812,1,1,1,0,1,0,0,0,0,0,0
92.48802,53.02619,2,23,7,916,4494.849931,0,0,0,0,1,0,0,0,1,0,0
104.9923,43.10629,2,71,12,684,3771.816061,1,0,0,0,1,1,1,0,0,0,0
147.4713,63.62938,3,61,9,966,5579.442865,1,0,0,0,1,0,0,0,0,0,1
175.1331,62.21509,0,50,16,13247,5550.629939,0,0,0,0,0,0,0,0,0,1,1
124.9607,57.22067,0,64,9,13659,5123.664714,1,1,0,1,0,0,0,0,0,0,0
119.9568,48.37464,1,57,11,21343,4651.641052,1,0,0,1,1,1,0,0,0,1,0
187.4811,62.5664,2,45,17,1712,6135.698624,1,0,0,1,1,1,1,1,0,1,0
182.4608,64.92993,0,64,11,4007,5691.001621,1,0,1,0,1,0,1,1,0,0,1
149.9776,45.16032,0,83,17,9624,3859.813737,1,1,0,0,1,0,0,0,1,1,0
200.1652,60.64795,1,35,11,1602,5591.655269,0,1,0,0,0,0,0,1,1,1,1
175.0211,65.52033,4,61,11,4029,5847.553618,0,0,0,0,1,1,0,1,1,0,1
92.48802,67.675,0,85,14,23990,5430.296923,0,0,0,0,1,0,0,0,1,0,0
174.9618,45.89028,1,29,12,4277,4224.698626,0,1,1,0,1,1,1,0,1,1,0
114.9509,68.53196,1,83,13,49,6041.017611,1,0,0,1,0,0,1,0,0,0,0
134.9801,56.3245,0,73,8,5548,4701.222329,0,1,0,0,1,0,1,0,0,0,0
149.9378,71.39564,0,32,11,14723,6571.767003,1,0,0,1,1,0,1,0,0,0,1
149.9598,65.20587,3,34,11,40336,5718.105902,0,0,1,0,0,1,0,0,0,0,1
252.6378,58.51393,1,36,14,3616,5528.201163,0,1,1,0,0,0,0,1,0,1,1
210.138,57.72932,3,81,15,1343,5272.104771,0,0,0,0,1,0,1,0,1,1,1
139.9568,65.0113,2,58,5,1174,5675.878459,0,0,1,0,1,1,0,0,0,1,0
137.4392,52.17722,2,68,16,1181,4469.238447,1,0,1,0,1,0,0,0,0,1,0
182.4653,50.60484,2,51,12,25270,4507.158562,1,0,1,0,1,1,0,0,0,0,1
182.4676,61.18991,1,74,12,8769,5361.413006,0,0,1,0,1,0,0,1,0,1,0
164.9715,51.41461,3,19,15,237,5163.16137,1,1,0,1,1,1,0,0,1,1,0
207.6094,70.62716,4,29,15,35462,6431.886281,0,0,1,0,1,0,0,0,0,1,1
204.961,61.86502,3,46,10,19746,5653.24762,1,0,1,0,1,1,1,0,0,0,1
159.965,68.16632,2,65,9,463,5838.199467,1,0,1,0,1,0,0,1,0,0,1
190.127,64.18445,0,50,10,15289,6247.745906,0,1,0,1,1,1,0,0,0,1,1
172.4441,58.22037,1,36,9,18756,5136.846144,0,0,1,0,1,0,1,0,1,1,0
147.4421,59.003,3,43,12,295,5105.145541,1,0,1,0,1,0,0,0,0,0,1
210.1518,59.42848,2,49,14,1868,5566.284588,1,0,0,0,0,0,1,1,0,1,1
174.9882,52.13448,1,28,10,11,5258.0441,1,1,0,1,1,1,0,1,0,0,1
149.9707,51.77963,0,42,13,1592,4604.801873,0,1,0,0,1,0,1,0,1,0,1
147.4421,38.65509,3,64,16,43112,3451.316704,1,0,1,0,1,0,0,0,0,0,1
184.9496,50.87987,1,38,8,466,5014.268899,0,0,0,1,0,0,1,0,1,1,0
149.9447,64.89046,2,35,17,21105,6104.573902,0,0,0,1,1,0,0,0,0,1,0
139.9568,61.13547,0,18,17,3094,5380.823835,1,1,1,0,1,1,0,0,0,1,0
214.9525,68.36063,3,48,17,11543,6108.046116,1,1,1,0,1,0,1,0,1,0,1
152.4798,65.55327,2,81,14,10552,5730.023775,1,1,1,0,1,1,0,1,0,1,0
192.4885,71.3009,1,65,11,1325,6074.839425,0,0,1,0,1,0,1,1,1,0,0
207.4974,50.07213,0,50,9,524,4494.687693,0,1,1,0,1,1,0,1,1,0,1
152.4742,56.35945,1,81,11,4501,5205.34438,1,1,0,1,1,0,0,1,1,0,1
262.6106,60.42123,2,54,8,12658,5618.040366,1,0,1,0,1,0,1,0,0,1,1
197.4702,62.99218,6,27,10,2998,6318.070535,0,0,0,1,1,1,1,0,1,0,1
265.1283,69.13848,2,63,11,8013,6425.062719,0,1,1,0,1,1,1,0,0,1,1
159.9656,69.14112,1,50,12,36731,6275.399367,1,0,0,1,1,0,1,0,1,0,0
182.4538,59.6819,3,35,12,55737,5346.463188,0,0,1,0,1,0,0,0,1,1,0
162.497,57.5331,3,40,11,511,5656.931032,0,1,0,1,1,1,1,1,0,0,0
214.9663,58.19535,2,54,11,2540,5305.491342,1,1,1,0,1,0,1,1,0,0,1
92.45514,71.81157,0,54,12,1076,6362.332762,0,0,0,1,1,0,0,0,0,0,0
290.1604,69.38285,2,43,15,24878,6600.127641,1,0,1,0,1,1,1,1,1,1,1
184.9634,42.72759,1,21,11,321,4529.902067,0,0,0,1,1,0,1,1,0,1,0
157.4836,59.78343,1,70,12,13111,5098.702474,1,1,1,0,1,0,0,1,0,0,0
129.9621,55.47116,1,61,11,49664,5276.996281,1,0,0,1,1,0,0,1,0,1,0
257.6375,68.08911,0,43,9,18813,6760.900419,0,0,0,1,1,1,1,0,1,1,1
182.4608,69.26448,4,76,11,770,6129.960354,0,1,1,0,1,0,1,1,0,0,1
137.4686,58.09125,3,61,14,10896,4980.936045,1,0,1,0,1,1,1,0,0,0,0
124.9643,44.34553,2,19,7,33769,3796.689783,1,0,1,0,1,0,0,0,1,0,0
182.447,66.52106,0,24,7,1144,5789.412751,0,0,1,0,1,0,1,0,1,0,1
137.4836,47.98669,1,40,10,4767,4561.670086,0,1,0,1,0,0,0,1,0,0,0
242.6281,60.4093,7,62,13,3853,5757.952045,1,1,1,0,1,0,1,1,0,1,1
159.9512,53.84369,0,72,7,325,4581.577784,1,0,1,0,1,0,0,0,1,0,1
192.4567,68.32356,1,33,13,890,5916.34346,1,0,1,0,1,0,0,0,1,0,1
149.9598,68.17457,7,18,4,240,6219.238034,1,0,1,0,1,1,0,0,0,0,1
139.9816,64.88325,2,29,11,2019,5864.39928,0,1,0,0,1,0,1,1,0,1,0
190.127,59.34372,1,45,14,990,5898.285101,0,0,0,1,1,1,0,0,0,1,1
152.4742,64.95682,2,89,10,1554,5914.349979,0,0,0,1,1,0,0,1,1,0,1
132.466,60.11069,1,43,11,504,5663.491757,1,0,0,1,1,1,0,0,1,1,0
149.9598,70.08722,6,26,17,18937,6318.942793,0,0,1,0,1,1,0,0,0,0,1
232.652,70.43382,6,44,14,2707,6669.578632,1,0,0,0,1,1,1,0,0,1,1
167.4564,51.95478,3,83,10,86421,4402.745053,0,0,1,0,1,0,1,0,0,0,0
162.4526,69.30597,3,52,9,155,6172.221046,1,0,1,0,1,1,1,0,0,1,0
200.1185,70.84512,0,67,16,5582,6666.88982,1,1,0,1,1,0,0,0,1,1,1
204.9634,43.55176,2,31,12,6803,4181.937026,0,0,1,0,0,0,1,1,0,1,0
187.656,67.70921,0,19,12,90,6187.589564,0,0,0,0,1,0,0,1,0,1,1
107.4958,70.60477,9,38,11,12404,6671.033985,1,0,0,1,1,1,0,1,0,0,0
182.447,62.03353,2,56,10,13443,5378.366994,1,1,1,0,1,0,1,0,1,0,1
162.4526,65.26702,4,87,13,1257,5757.310478,0,1,1,0,1,1,1,0,0,1,0
232.624,38.56823,3,57,10,4242,4172.229195,1,1,0,1,1,0,0,0,1,1,1
159.965,63.25532,1,35,6,3748,5503.376914,1,0,1,0,1,0,0,1,0,0,1
179.9794,54.03362,0,35,11,3730,4805.533141,0,0,1,0,1,0,1,1,0,0,0
114.9658,57.53786,0,72,11,78,4879.946762,1,1,0,0,1,0,0,0,0,0,1
137.4836,46.26476,2,54,16,16545,4405.463106,1,0,0,1,1,0,0,1,0,0,0
124.9607,42.38378,2,60,14,1371,3982.646072,0,0,0,1,1,0,0,0,0,0,0
194.9992,55.64232,0,51,14,21854,4966.605582,0,0,0,0,1,0,1,1,1,0,1
147.4713,52.62406,2,56,12,561,4663.298678,1,0,0,0,1,0,0,0,0,0,1
194.9699,61.50384,3,75,16,7842,5388.601578,1,1,1,0,1,0,1,1,1,0,1
117.4686,70.24155,0,52,12,35840,6327.154101,0,0,0,1,1,1,1,0,0,0,0
152.4624,60.06802,4,77,6,554,5708.50306,1,1,0,1,1,1,0,0,0,1,0
172.4871,58.45536,0,72,12,3085,5160.058163,1,0,0,0,1,0,1,1,0,1,0
147.4421,66.005,2,44,12,27618,5727.096871,1,1,1,0,1,0,0,0,0,0,1
172.5104,68.13863,1,59,14,1663,5898.900513,1,1,1,0,1,1,0,1,1,0,0
149.9621,55.18855,0,57,10,42442,4775.621608,0,1,1,0,1,0,0,1,0,1,0
182.4676,61.55321,0,74,10,101,5360.396176,0,0,1,0,1,0,0,1,0,1,0
214.9663,63.10955,3,42,7,10614,5695.993093,1,1,1,0,1,0,1,1,0,0,1
117.5015,68.1253,0,85,14,1548,5636.386434,1,0,0,0,1,1,1,0,1,0,0
182.4433,56.46995,6,66,13,18216,5493.9737,0,0,0,1,1,0,1,0,0,0,1
127.4783,58.76836,1,26,9,1799,5563.341225,0,1,0,1,1,1,0,0,0,0,0
179.9656,42.93159,3,74,16,10810,3697.234681,0,1,1,0,1,0,1,0,1,0,0
182.4433,68.06711,0,27,13,249,6469.664211,0,0,0,1,1,0,1,0,0,0,1
182.4433,57.7129,1,45,9,2263,5510.746113,0,0,0,1,1,0,1,0,0,0,1
107.5286,66.39976,4,75,11,3003,5642.08073,1,0,0,0,1,1,0,1,1,0,0
162.4608,71.74779,1,35,10,1740,6789.002522,1,0,0,1,1,0,1,1,0,0,1
117.4392,62.94622,1,52,13,10347,5786.794488,1,1,0,1,1,0,0,0,0,1,0
204.9496,62.83882,2,61,18,3818,5536.041298,0,1,1,0,1,0,1,0,1,1,0
172.4885,68.56426,3,23,9,52322,6463.371502,1,0,0,1,1,0,1,1,1,0,0
152.4555,65.86739,0,22,9,81,6309.069748,1,0,0,1,1,1,1,0,0,0,1
139.9512,64.11078,0,54,17,1572,5813.064092,1,0,0,1,1,0,0,0,1,0,1
159.9349,66.49134,0,59,12,2220,5751.088702,0,1,1,0,1,0,1,0,0,1,0
184.9496,64.4649,1,79,16,674,5992.97277,0,0,0,1,1,0,1,0,1,1,0
142.4689,61.02337,0,86,12,609,5530.375821,1,0,0,1,1,1,0,0,1,0,1
162.4676,57.13562,2,24,10,2148,5590.370257,1,1,0,1,1,0,0,1,0,1,0
144.9607,64.11518,1,74,15,4759,5273.090225,1,0,1,0,1,0,0,0,0,0,0
159.9642,60.45725,0,45,12,3817,5374.519903,0,1,0,0,1,0,1,0,0,1,0
140.0342,52.27007,3,78,8,942,4597.940128,0,0,0,0,1,1,0,1,1,0,0
187.6094,71.15704,0,50,19,618,6743.861668,0,1,0,1,1,0,0,0,0,1,1
134.9801,55.62125,2,27,18,269,4855.986258,0,0,0,0,1,0,1,0,0,0,0
169.9447,57.85206,1,48,15,14208,5040.96101,1,0,1,0,1,0,0,0,0,1,0
162.4833,45.59554,4,72,14,57344,4523.838771,0,0,0,1,0,1,1,0,1,0,0
182.4608,69.03568,5,87,9,1708,6105.932857,0,1,1,0,1,0,1,1,0,0,1
142.4713,64.63983,2,82,17,193,5994.514316,1,0,0,1,1,0,0,1,1,1,0
169.9671,62.96668,0,33,10,170,5618.579919,1,0,0,0,1,0,1,0,0,0,1
130.0064,67.72095,1,39,13,999,6013.656205,0,0,0,0,1,1,0,1,0,0,1
220.1185,53.26798,3,22,14,3867,5006.001706,0,0,1,0,1,0,0,0,1,1,1
95.01949,69.71587,3,56,13,16514,5940.981382,0,1,0,0,1,1,0,1,0,0,0
187.656,66.62187,0,86,12,61258,5878.826599,0,1,0,0,1,0,0,1,0,1,1
117.4686,65.22868,3,51,10,73,6094.328303,1,0,0,1,1,1,1,0,0,0,0
152.4907,43.84471,2,81,7,2350,3927.326903,0,0,0,0,1,0,1,1,1,1,0
149.9776,40.35276,4,22,11,130,3836.081698,0,0,0,0,1,0,0,0,1,1,0
162.5119,60.22003,3,64,13,227,5450.60098,0,0,0,0,1,1,0,1,0,0,1
202.65,42.31348,0,77,10,5161,4405.254802,0,1,0,1,1,1,0,1,0,1,1
242.6281,44.9964,1,60,11,1691,4363.955591,0,0,1,0,1,0,1,1,0,1,1
137.4686,39.1518,4,50,15,28176,3495.928662,0,0,1,0,1,1,1,0,0,0,0
242.6573,66.47977,0,79,8,250,6103.128953,0,0,0,0,1,0,1,1,0,1,1
147.4421,43.13392,3,48,9,8205,3788.474047,1,0,1,0,1,0,0,0,0,0,1
139.965,69.97948,0,27,19,4880,6545.565039,0,0,0,1,1,0,0,1,0,0,1
159.965,67.86091,2,66,11,481,5809.89619,1,1,1,0,1,0,0,1,0,0,1
159.983,68.88402,1,46,7,27551,5867.148335,1,1,1,0,0,0,1,1,1,0,0
245.1457,60.96581,6,28,12,631,5959.443865,1,0,1,0,1,1,1,1,0,1,1
179.9476,56.19888,2,36,12,1829,5021.784914,0,1,1,0,1,0,0,0,0,0,1
169.9447,45.63215,4,63,13,9286,4129.91655,0,0,1,0,1,0,0,0,0,1,0
114.9976,65.36253,1,22,8,3579,5652.969841,1,1,0,0,1,0,1,1,0,0,0
182.4608,58.04214,0,44,10,8826,5109.918342,0,1,1,0,1,0,1,1,0,0,1
104.9923,55.83342,1,23,15,31331,4858.953812,1,0,0,0,0,1,1,0,0,0,0
107.5286,66.60157,1,22,10,7890,5740.030049,0,1,0,0,1,1,0,1,1,0,0
117.4858,57.94661,3,88,13,42042,4992.327344,0,0,0,0,1,0,0,1,0,1,0
147.4783,65.04127,0,31,10,2394,5616.657455,1,1,1,0,1,1,0,0,0,0,0
194.9699,68.96214,3,49,11,108,6084.96355,1,0,1,0,1,0,1,1,1,0,1
194.9525,48.29423,1,84,15,53866,4697.742817,0,0,0,1,1,0,1,0,1,0,1
152.5022,67.13199,2,61,11,70,5935.756323,0,0,0,0,1,1,1,1,0,0,1
149.9707,65.93881,3,58,14,2413,5804.870522,0,1,0,0,0,0,1,0,1,0,1
184.9647,66.88716,0,49,12,6463,5894.933334,1,0,1,0,1,1,1,0,1,0,1
275.1198,62.87863,1,78,10,139,5714.245646,0,1,1,0,1,0,1,0,1,1,1
192.4404,57.69823,0,43,14,8596,5155.008959,0,1,1,0,1,0,1,0,0,1,0
104.9781,56.1721,3,46,11,1071,5202.311952,1,0,0,1,1,0,0,1,0,0,0
220.1185,36.33047,1,60,16,1430,3479.074804,0,0,1,0,1,0,0,0,1,1,1
162.497,66.76266,0,77,16,16690,6199.518144,1,0,0,1,1,1,1,1,0,0,0
92.5018,61.78097,1,35,9,1640,5222.892116,0,0,0,0,1,0,0,1,0,0,0
235.1417,50.64337,5,44,9,1095,5341.03502,1,0,0,1,1,1,0,0,1,1,1
159.965,55.6096,4,73,10,1074,4926.954935,0,0,1,0,1,0,0,1,0,0,1
114.9838,70.82774,1,55,12,4710,5994.045373,0,0,0,0,1,0,1,0,1,0,0
172.4579,70.03383,9,66,15,2609,6333.556571,1,1,1,0,1,0,1,1,0,1,0
225.1457,70.44382,4,27,10,27872,7138.308718,1,0,0,1,1,1,1,1,0,1,1
160.0122,59.79789,0,30,8,25916,5298.561299,1,0,0,0,1,0,1,1,1,0,0
134.9801,70.79817,3,35,17,1489,6104.10638,0,0,0,0,1,0,1,0,0,0,0
137.4686,69.39989,0,35,17,8965,5896.604353,0,0,1,0,1,1,1,0,0,0,0
159.9794,48.91992,2,88,14,543,4605.537302,0,1,0,1,1,0,1,1,0,0,0
202.4433,70.8043,2,47,13,3150,6194.160429,1,0,1,0,1,0,1,0,0,0,1
175.1331,47.12803,3,19,7,10836,4555.47419,1,0,0,0,1,0,0,0,0,1,1
214.9525,68.74835,0,39,14,2926,6076.969235,1,0,1,0,1,0,1,0,1,0,1
144.9889,70.69523,2,48,15,443,6677.35743,0,0,0,1,1,1,0,1,1,1,0
149.9913,67.44839,2,85,12,5111,5868.938643,0,0,0,0,1,0,0,1,0,1,0
169.9447,66.37037,4,62,7,1231,5785.386596,0,0,1,0,1,0,0,0,0,1,0
112.4844,68.63397,1,47,11,189,5814.158774,0,0,0,0,1,0,0,0,0,0,0
210.1518,54.57985,0,48,6,19942,5157.76159,0,1,0,0,1,0,1,1,0,1,1
207.4754,58.33853,4,54,14,2099,5714.324105,1,0,0,1,1,0,1,1,1,0,1
242.6143,70.24121,2,70,11,32489,6349.636467,1,0,1,0,1,0,1,0,1,1,1
174.9755,66.52549,0,36,10,2963,5942.591122,0,0,1,0,1,1,1,1,0,1,0
174.9919,65.58524,0,81,14,3185,5674.496257,0,0,1,0,1,1,0,1,1,0,1
177.6508,59.18664,1,37,15,108,5451.095048,0,0,0,0,1,1,0,0,0,1,1
187.6094,71.56031,0,23,10,1666,6818.374228,0,1,0,1,1,0,0,0,0,1,1
134.9509,48.63475,0,65,11,1523,4107.705445,0,0,1,0,1,0,1,0,0,0,0
207.4811,60.52344,4,66,4,163,5547.526595,0,0,1,0,1,1,1,1,0,1,0
225.1457,66.62886,1,80,15,256,6512.543796,1,0,0,1,1,1,1,1,0,1,1
225.1457,54.53805,1,29,6,32269,5736.11308,1,0,0,1,1,1,1,1,0,1,1
217.4725,56.50306,2,28,8,16192,5210.243584,0,0,1,0,1,0,1,1,1,1,0
159.983,69.1405,4,20,13,10928,6065.762988,0,1,1,0,1,0,1,1,1,0,0
149.9778,65.89807,4,53,14,206,5764.23317,1,0,1,0,1,1,1,0,1,0,0
169.9671,43.92326,2,28,20,9575,4136.166396,1,1,0,0,1,0,1,0,0,0,1
124.9781,60.1246,1,80,11,13168,5021.919456,1,0,1,0,0,0,0,1,0,0,0
149.9483,61.19612,0,82,14,3583,5152.134556,0,1,1,0,1,0,0,0,1,1,0
204.961,56.02685,1,60,17,737,5067.409908,1,0,1,0,1,1,1,0,0,0,1
114.9509,70.60728,3,46,20,35028,6393.943282,1,0,0,1,1,0,1,0,0,0,0
124.9643,70.09961,1,86,7,3576,5738.755668,1,0,1,0,1,0,0,0,1,0,0
119.9897,63.49131,5,29,12,1257,5696.037727,0,0,0,0,0,1,0,0,1,1,0
237.6549,48.05636,2,86,9,172,5006.189003,0,1,0,1,1,1,1,1,1,1,1
257.6513,66.78494,0,45,13,1817,6681.250538,0,0,0,1,1,1,1,1,0,1,1
144.9889,69.70806,0,50,13,1349,6528.343934,0,1,0,1,1,1,0,1,1,1,0
202.4433,52.75131,6,25,12,1482,4910.205779,1,1,1,0,1,0,1,0,0,0,1
220.1149,38.25714,0,44,11,9899,4139.737424,0,0,0,1,1,0,0,0,0,1,1
92.45514,53.90195,1,36,10,2746,4984.657525,1,1,0,1,1,0,0,0,0,0,0
204.9797,71.85743,3,82,15,3400,6274.249297,1,0,1,0,1,0,0,1,1,0,1
129.9598,71.14976,1,28,8,11590,6659.018754,0,0,0,1,1,1,0,0,0,0,1
112.4551,51.38208,0,85,13,308,4173.252675,0,1,1,0,1,0,0,0,0,0,0
139.9792,71.63589,6,75,9,3111,6379.174333,0,0,0,0,1,1,1,0,0,0,1
137.4686,67.12744,0,59,15,23256,5717.831853,0,0,1,0,1,1,1,0,0,0,0
220.1185,70.04427,0,85,13,13587,6128.760704,0,1,1,0,1,0,0,0,1,1,1
114.9658,56.94052,2,86,16,4575,4846.670476,1,0,0,0,1,0,0,0,0,0,1
210.1051,60.88815,2,24,8,1292,6096.201472,1,0,0,1,1,0,1,0,0,1,1
149.9707,43.15974,4,51,11,25059,3992.137613,1,1,0,0,1,0,1,0,1,0,1
194.9663,59.67012,0,86,8,578,5673.339564,0,0,0,1,1,0,1,1,0,0,1
172.4579,56.37072,1,52,17,8223,5013.653883,1,1,1,0,1,0,1,1,0,1,0
210.1051,43.34462,0,62,13,284,4472.564662,0,1,0,1,1,0,1,0,0,1,1
92.45514,55.54569,3,25,18,4917,5134.690478,1,0,0,1,1,0,0,0,0,0,0
232.6378,56.08334,0,55,13,76811,5649.459364,1,0,0,1,0,0,0,1,0,1,1
242.6143,64.83209,10,22,11,16079,6310.076724,0,0,1,0,1,0,1,0,1,1,1
127.4601,41.63772,3,61,8,2578,3975.383715,0,0,0,1,0,0,1,0,1,0,0
159.9476,63.25058,4,51,12,4158,5943.184132,1,1,0,1,1,0,0,0,0,0,1
197.4725,60.2958,3,46,8,12,5906.275909,1,0,0,1,1,0,1,1,1,1,0
194.9699,71.89739,4,52,12,5820,6346.420103,1,1,1,0,1,0,1,1,1,0,1
107.4806,64.43912,1,50,13,8778,5577.385772,1,0,0,0,1,1,0,0,0,1,0
169.9928,66.27571,3,41,5,1690,5709.352717,1,1,1,0,0,0,0,1,1,0,0
194.9768,68.6663,2,18,11,1875,6145.669296,0,0,1,0,1,0,0,1,1,1,0
245.132,57.857,4,62,13,253,5497.902793,0,1,1,0,1,1,1,0,1,1,1
127.4958,69.87869,7,18,20,6585,6202.049385,1,0,1,0,1,1,0,1,0,0,0
132.466,71.61852,2,36,14,900,6621.09271,1,1,0,1,0,1,0,0,1,1,0
137.4686,70.42655,2,89,13,3080,5869.077797,0,1,1,0,1,1,1,0,0,0,0
217.484,54.44532,0,88,10,2285,4818.09657,0,1,1,0,1,1,1,1,0,0,1
104.9629,67.5801,2,20,10,78,5888.691325,0,1,0,0,1,0,0,0,0,1,0
169.9928,70.13699,0,82,16,1393,5798.959401,1,1,1,0,1,0,0,1,1,0,0
182.49,69.66427,1,18,14,1719,6250.190447,1,0,0,0,1,0,1,1,0,0,1
139.965,65.11213,1,18,10,3519,6207.037282,1,0,0,1,1,0,0,1,0,0,1
177.4945,68.21625,0,81,17,517,6376.421613,0,0,0,1,1,1,0,1,1,1,0
157.4836,68.3428,4,56,17,27314,5856.007779,1,0,1,0,1,0,0,1,0,0,0
240.1149,61.079,2,70,12,3812,5525.488035,0,0,1,0,1,0,0,0,0,1,1
235.1591,46.83595,0,39,13,798,4491.233024,1,0,1,0,1,1,0,1,1,1,1
192.4404,38.47721,0,88,11,3899,3385.487772,0,0,1,0,1,0,1,0,0,1,0
207.4974,71.34241,1,81,13,14970,6166.675945,0,0,1,0,1,1,0,1,1,0,1
195.0062,55.78809,2,88,14,121,4834.33256,1,0,1,0,1,1,1,1,1,0,0
197.4725,65.82346,1,18,15,780,6389.433314,0,0,0,1,1,0,1,1,1,1,0
182.447,71.19605,0,63,12,22103,6126.890285,0,0,1,0,1,0,1,0,1,0,1
194.9882,66.66853,1,79,14,3406,5785.941862,0,0,1,0,1,1,0,1,0,0,1
174.9699,69.71148,2,74,12,551,6447.106744,1,0,0,1,1,0,1,1,1,0,1
102.4746,61.343,0,60,10,1956,5083.099357,1,0,0,0,1,0,1,0,0,0,0
149.9447,65.21612,0,37,15,931,6110.185041,0,0,0,1,1,0,0,0,0,1,0
104.9629,51.73474,3,83,18,17587,4461.641644,1,0,0,0,1,0,0,0,0,1,0
127.4421,61.51103,7,33,12,3586,5962.353614,0,1,0,1,1,0,0,0,0,0,1
139.9875,59.11522,8,29,11,29516,5801.742401,0,0,0,1,1,1,0,0,1,0,0
204.9496,64.7835,2,50,10,4709,5731.449527,0,0,1,0,0,0,1,0,1,1,0
112.4844,61.04909,0,88,12,21202,4945.176054,0,0,0,0,1,0,0,0,0,0,0
172.4579,70.95891,1,79,10,471,6120.455574,0,0,1,0,1,0,1,1,0,1,0
94.97283,61.03116,2,80,20,429,5448.251802,1,0,0,1,1,1,0,0,0,0,0
139.9568,61.19712,0,30,10,60,5393.585005,1,0,1,0,1,1,0,0,0,1,0
152.4742,66.82276,3,57,14,439,6202.942408,1,0,0,1,1,0,0,1,1,0,1
217.484,52.61618,3,53,10,58167,4957.613255,1,0,1,0,1,1,1,1,0,0,1
230.1051,66.85896,2,86,14,38406,5968.666511,0,0,1,0,1,0,1,0,0,1,1
159.9875,63.43629,1,86,11,25463,5339.932352,1,0,1,0,1,1,0,0,1,0,0
129.9598,59.65149,1,41,16,4143,5674.253089,1,1,0,1,1,1,0,0,0,0,1
117.4392,66.50164,1,18,11,359,6236.645806,0,0,0,1,1,0,0,0,0,1,0
197.4725,63.64488,1,85,11,2306,5991.256643,0,1,0,1,1,0,1,1,1,1,0
162.4833,49.26311,1,18,15,640,4826.758437,1,1,0,1,1,1,1,0,1,0,0
194.9699,67.07059,1,79,10,29223,5852.331432,0,1,1,0,1,0,1,1,1,0,1
159.9512,43.6544,2,58,17,728,3771.873422,0,1,1,0,1,0,0,0,1,0,1
202.6362,71.14613,0,77,12,22925,6733.970943,1,1,0,1,1,1,0,0,1,1,1
184.9797,41.71275,3,88,12,467,4115.795378,0,0,0,1,1,0,0,1,1,0,1
212.6557,41.22287,2,29,15,5385,4181.563878,0,0,0,0,1,1,1,0,1,1,1
144.9607,70.85741,10,55,16,5005,6247.176227,1,1,1,0,1,0,0,0,0,0,0
207.6386,64.21579,1,47,12,9391,5874.187965,0,0,0,0,1,0,0,0,0,1,1
114.9509,55.93837,2,69,5,521,5085.811636,0,0,0,1,1,0,1,0,0,0,0
197.6288,69.14122,0,40,15,3522,6291.972267,1,0,0,0,0,0,1,0,0,1,1
92.45514,63.73521,0,46,13,65853,5644.516819,1,0,0,1,1,0,0,0,0,0,0
172.4567,44.14519,2,44,13,26616,4343.433357,1,0,0,1,1,0,0,0,1,0,1
125.0073,54.23845,0,39,12,32929,4715.211492,0,0,0,0,1,0,0,1,0,0,0
139.965,70.31689,0,67,11,3691,6359.779951,0,0,0,1,1,0,0,1,0,0,1
127.4421,58.71889,3,49,12,46087,5557.974598,0,0,0,1,1,0,0,0,0,0,1
220.1149,63.22024,0,48,13,1061,6172.045881,0,0,0,1,1,0,0,0,0,1,1
114.9658,66.37863,4,72,14,9908,5727.479091,0,0,0,0,1,0,0,0,0,0,1
95.01949,44.13783,3,62,13,3526,3907.786822,0,0,0,0,1,1,0,1,0,0,0
139.965,70.8569,3,63,9,5182,6509.495708,1,0,0,1,1,0,0,1,0,0,1
169.9447,59.97805,8,52,10,3414,5464.592624,0,0,1,0,0,0,0,0,0,1,0
202.4433,71.52177,1,20,15,40337,6392.972798,0,1,1,0,1,0,1,0,0,0,1
197.484,59.33894,4,26,14,1106,5958.978015,0,0,0,1,0,1,1,1,0,0,1
157.4836,63.411,6,65,13,39698,5483.967712,1,0,1,0,1,0,0,1,0,0,0
140.0013,47.87116,0,87,8,2510,4524.812836,0,0,0,1,1,1,0,1,0,0,0
162.4827,65.01825,10,33,10,28877,6088.936104,1,0,1,0,1,1,0,1,0,0,1
240.1149,70.41132,5,60,10,336,6376.238465,0,1,1,0,1,0,0,0,0,1,1
217.4702,53.81882,3,77,11,6257,4896.644429,0,0,1,0,1,1,1,0,1,0,1
127.5112,46.88518,1,89,13,12659,3891.647782,0,0,0,0,1,1,0,0,1,0,0
182.4433,53.92549,1,18,8,43232,5288.937008,1,1,0,1,1,0,1,0,0,0,1
217.484,63.6037,3,28,10,3730,5857.586671,1,0,1,0,1,1,1,1,0,0,1
142.5007,60.45093,1,63,16,3443,5609.120133,0,1,0,1,1,1,1,1,1,0,0
220.1185,59.11937,3,86,8,343,5322.673552,1,0,1,0,1,0,0,0,1,1,1
172.4555,53.66352,4,25,13,11106,4926.633778,0,0,1,0,1,1,1,0,0,0,1
157.4836,48.99429,2,79,11,10019,4133.654101,0,0,1,0,1,0,0,1,0,0,0
137.4978,65.15223,0,35,12,697,5624.339387,1,0,0,0,1,1,1,0,0,0,0
139.9512,63.20353,0,66,10,934,5699.383058,0,0,0,1,1,0,0,0,1,0,1
194.9992,65.06377,1,60,12,212,5739.855932,1,1,0,0,1,0,1,1,1,0,1
79.97886,55.85956,3,39,6,1718,4701.013371,1,0,0,0,1,0,0,0,0,0,0
159.9942,48.36269,10,54,13,998,4652.112318,1,0,0,0,0,0,0,1,0,0,1
129.9598,58.65554,0,65,13,3560,5400.888902,1,1,0,1,1,1,0,0,0,0,1
172.4624,56.20104,10,53,15,852,5241.552098,0,0,1,0,1,1,0,0,0,1,0
184.961,70.20428,3,29,8,9437,6805.77977,1,0,0,1,1,1,1,0,0,0,1
265.147,70.69395,4,56,9,18302,6557.309417,0,1,1,0,1,0,0,1,1,1,1
127.482,69.46066,2,22,13,8810,6002.2228,0,0,1,0,1,1,0,0,1,0,0
127.4601,65.61564,7,51,10,39600,6096.007893,1,0,0,1,1,0,1,0,1,0,0
232.6228,63.80215,4,50,15,9131,6020.055985,0,0,1,0,1,1,1,0,0,1,1
95.01949,54.07728,2,63,14,138,4605.854101,1,0,0,0,1,1,0,1,0,0,0
175.1331,71.11027,3,22,9,360,6510.690917,0,0,0,0,1,0,0,0,0,1,1
134.9509,52.48944,3,26,8,25480,4561.48499,0,0,1,0,1,0,1,0,0,0,0
159.965,57.96945,1,30,16,2074,5168.943477,1,1,1,0,0,0,0,1,0,0,1
194.9581,69.99569,0,52,18,30378,6161.278314,1,1,1,0,1,1,1,0,0,1,0
127.4738,69.29186,1,82,14,49877,6273.992363,0,0,0,1,1,0,1,1,0,0,0
124.9607,62.50474,7,27,10,767,5975.718085,0,0,0,1,1,0,0,0,0,0,0
252.6378,64.94284,2,62,12,58439,5953.457873,0,0,1,0,1,0,0,1,0,1,1
190.1737,71.31402,4,38,11,5698,6619.007955,1,0,0,0,1,1,0,1,0,1,1
182.4676,63.56516,0,82,10,787,5499.021787,0,0,1,0,1,0,0,1,0,1,0
147.4738,62.82563,7,20,13,50992,5718.653054,0,0,1,0,1,0,1,1,0,0,0
200.1323,56.27454,3,72,9,174,5582.738002,0,0,0,1,0,0,0,1,0,1,1
222.65,69.86009,2,40,10,900,6431.749062,1,0,1,0,1,1,0,1,0,1,1
159.9512,53.02997,1,39,14,180,4571.59639,1,0,1,0,1,0,0,0,1,0,1
160.0122,68.28597,1,41,14,671,5988.775784,1,0,0,0,0,0,1,1,1,0,0
129.9915,57.95136,1,62,14,5061,5403.266437,1,0,0,1,1,1,1,1,0,0,0
207.6094,63.55356,0,87,13,496,5586.045656,0,1,1,0,1,0,0,0,0,1,1
167.4564,44.19918,4,70,20,146,3922.960514,1,1,1,0,1,0,1,0,0,0,0
92.45514,68.62845,4,44,7,418,6175.153891,1,1,0,1,1,0,0,0,0,0,0
127.4887,70.64083,0,39,12,727,6146.916544,1,0,0,0,1,0,0,1,0,0,1
242.6143,54.57315,2,68,12,2683,5025.332968,0,0,1,0,1,0,1,0,1,1,1
200.1323,71.35208,3,87,18,204,6816.033585,1,1,0,1,1,0,0,1,0,1,1
172.4885,53.06217,2,20,15,689,5172.214852,0,0,0,1,1,0,1,1,1,0,0
162.4676,68.93442,3,49,13,352,6505.956504,1,0,0,1,1,0,0,1,0,1,0
160.0122,68.40649,0,68,9,4004,5879.343088,0,1,0,0,1,0,1,1,1,0,0
129.9778,66.64301,1,44,13,17616,6175.920386,1,0,0,1,1,1,1,0,1,0,0
169.9741,40.62433,0,82,12,140,3542.766428,0,0,1,0,1,1,1,0,0,0,0
179.9794,69.35044,3,32,12,646,6080.464463,0,0,1,0,0,0,1,1,0,0,0
262.6106,66.67798,4,81,10,1910,6150.804869,1,1,1,0,1,0,1,0,0,1,1
114.9509,63.69896,1,79,12,873,5740.41201,1,1,0,1,1,0,1,0,0,0,0
144.9607,66.68874,1,72,18,6912,5572.805273,0,0,1,0,1,0,0,0,0,0,0
190.127,60.35977,1,87,10,9755,5796.781424,0,0,0,1,1,1,0,0,0,1,1
129.995,63.96748,8,26,10,5553,5847.186613,0,0,0,0,0,0,0,1,1,1,0
172.4885,58.99154,2,70,7,53582,5490.29487,1,0,0,1,1,0,1,1,1,0,0
139.9816,63.20516,0,84,11,890,5437.952701,0,0,0,0,1,0,1,1,0,1,0
159.9656,63.84205,1,29,14,1640,5910.056992,0,1,0,1,1,0,1,0,1,0,0
129.995,63.93709,5,80,11,3531,5575.295805,0,0,0,0,1,0,0,1,1,1,0
242.6106,46.41276,1,48,12,327,4872.598082,0,0,0,1,1,0,1,0,0,1,1
114.9728,62.06064,3,30,11,932,5396.112945,0,0,1,0,1,1,0,0,0,0,0
117.472,61.72511,0,70,14,2502,5234.822519,0,0,0,0,1,0,0,0,1,1,0
159.9942,64.90704,1,41,9,53,5690.994186,1,1,0,0,1,0,0,1,0,0,1
127.4958,65.74105,0,69,6,25445,5480.31735,1,0,1,0,1,1,0,1,0,0,0
220.1323,56.87027,2,28,15,17909,5331.531612,1,0,1,0,0,0,0,1,0,1,1
162.4538,57.62165,4,66,11,5114,5473.238444,0,0,0,1,1,0,0,0,1,1,0
159.9476,71.09119,3,77,15,9179,6469.597429,0,0,0,1,1,0,0,0,0,0,1
157.4836,58.8721,3,57,12,5438,5045.935401,1,0,1,0,1,0,0,1,0,0,0
197.4725,48.25936,0,68,12,1080,4755.552483,0,0,0,1,1,0,1,1,1,1,0
202.4433,64.26003,4,68,16,839,5732.940723,0,0,1,0,1,0,1,0,0,0,1
117.4392,48.80395,3,89,15,19415,4615.321143,1,0,0,1,1,0,0,0,0,1,0
184.9715,47.95497,6,75,11,92,4421.995837,1,1,1,0,1,1,0,0,1,1,0
139.9816,68.7146,1,79,8,5005,5897.501471,1,1,0,0,1,0,1,1,0,1,0
242.6281,51.30214,1,23,6,8236,4954.889726,0,0,1,0,1,0,1,1,0,1,1
202.6362,62.27403,2,84,13,3951,5998.575756,0,1,0,1,1,1,0,0,1,1,1
162.4689,58.13955,1,70,10,11147,5046.115879,1,1,1,0,1,1,0,0,1,0,1
159.9349,43.59094,1,59,17,2719,3858.410287,1,0,1,0,1,0,1,0,0,1,0
152.4624,69.81507,4,24,12,316,6727.977262,1,1,0,1,1,1,0,0,0,1,0
164.9889,48.15455,6,86,15,2233,4368.424816,0,1,1,0,1,1,0,1,1,1,0
207.6094,51.95009,4,27,12,148,4955.138722,0,1,1,0,1,0,0,0,0,1,1
154.9755,53.77192,4,35,14,442,5484.556598,1,0,0,1,1,1,1,1,0,1,0
187.4847,67.29113,0,20,8,2413,6062.107187,0,0,1,0,1,1,1,1,1,1,0
162.447,54.26701,1,46,12,31860,5157.491329,1,0,0,1,1,0,1,0,1,0,1
144.9889,66.74885,8,29,12,40685,6601.001727,1,1,0,1,1,1,0,1,1,1,0
214.9663,47.77726,5,36,11,16479,4520.939364,1,0,1,0,1,0,1,1,0,0,1
179.9476,69.91626,0,35,11,13247,6087.466768,0,0,1,0,1,0,0,0,0,0,1
255.1372,49.74162,0,24,12,31816,4844.338366,1,0,1,0,1,0,1,1,1,1,1
162.4833,49.40819,4,50,9,1227,4826.083597,0,1,0,1,1,1,1,0,1,0,0
252.6378,54.04994,0,75,14,21895,4956.725532,0,0,1,0,1,0,0,1,0,1,1
164.9889,54.95441,2,48,16,11455,4974.094369,1,0,1,0,1,1,0,1,1,1,0
137.4686,69.93726,1,35,11,40622,5975.247846,1,1,1,0,1,1,1,0,0,0,0
149.9913,64.63609,0,45,17,515,5661.026883,1,1,0,0,1,0,0,1,0,1,0
172.4567,70.96989,0,88,7,12846,6335.562326,0,0,0,1,1,0,0,0,1,0,1
172.4885,54.04993,0,84,10,341,4981.747627,0,0,0,1,0,0,1,1,1,0,0
179.9794,48.56111,1,67,16,22602,4282.995447,0,1,1,0,1,0,1,1,0,0,0
147.5031,63.69034,3,37,13,20215,5600.294614,1,0,0,0,1,0,1,1,0,0,0
174.9581,69.62423,0,22,9,3975,6689.748754,1,1,0,1,1,1,1,0,0,1,0
179.9476,71.79034,1,85,13,1470,6025.591215,1,1,1,0,1,0,0,0,0,0,1
117.4392,71.39672,1,75,8,1005,6403.802048,0,1,0,1,1,0,0,0,0,1,0
139.965,65.80077,3,45,14,3682,6236.509405,1,1,0,1,0,0,0,1,0,0,1
192.4705,56.37128,0,28,12,3337,5085.716683,1,0,1,0,1,0,0,1,0,0,1
159.965,55.00167,0,81,7,679,4727.77449,0,0,1,0,0,0,0,1,0,0,1
202.65,69.03254,2,43,14,288,6814.653649,0,0,0,1,1,1,0,1,0,1,1
149.9378,51.08527,5,60,11,1722,4969.700877,0,0,0,1,1,0,1,0,0,0,1
137.4872,49.6365,1,86,16,2029,4147.198681,1,0,1,0,1,0,0,1,1,0,0
172.4404,61.11248,3,57,6,12991,5894.713365,0,0,0,1,0,0,1,0,0,1,0
202.4433,66.84316,2,63,10,211,5817.135191,0,0,1,0,1,0,1,0,0,0,1
137.4686,52.96043,1,79,11,1531,4522.22905,0,1,1,0,1,1,1,0,0,0,0
172.4848,59.94749,0,29,11,25360,5377.225984,0,0,0,0,1,1,1,0,0,0,1
235.1591,69.14226,3,85,14,1875,6260.501439,1,0,1,0,1,1,0,1,1,1,1
127.4958,63.39679,1,43,14,5196,5486.549081,1,1,1,0,1,1,0,1,0,0,0
182.4762,50.34057,0,25,11,26719,4614.576112,1,1,0,0,1,0,1,0,1,0,1
262.6106,69.96882,3,83,10,6023,6336.053167,1,0,1,0,1,0,1,0,0,1,1
117.4858,52.3021,3,51,11,3892,4698.191872,0,0,0,0,1,0,0,1,0,1,0
162.4713,69.09962,0,77,10,2781,5901.269005,1,1,1,0,1,0,0,1,1,1,0
210.1563,60.76389,1,22,11,2753,5701.462059,0,0,0,0,1,1,0,0,0,1,1
174.9755,54.38925,1,44,12,5241,4952.728891,0,1,1,0,1,1,1,1,0,1,0
149.9483,60.75202,1,41,14,1451,5233.900981,1,0,1,0,1,0,0,0,1,1,0
120.0035,71.23368,0,18,8,4286,6293.395149,1,0,0,0,0,1,0,1,0,1,0
237.6549,71.38558,1,55,15,24682,6988.587622,1,0,0,1,1,1,1,1,1,1,1
184.9785,61.97804,1,46,16,14357,5614.133645,0,0,1,0,1,1,1,1,0,0,1
182.49,68.61879,2,29,14,884,6159.246097,1,1,0,0,1,0,1,1,0,0,1
192.4404,52.07056,0,70,11,4408,4558.313091,1,1,1,0,1,0,1,0,0,1,0
159.965,70.45979,4,35,14,8761,6186.049801,0,0,1,0,1,0,0,1,0,0,1
174.9744,44.79742,4,50,9,27808,4513.977095,0,0,0,1,1,1,0,0,1,0,1
159.965,55.98127,1,39,10,30329,4894.242924,0,1,1,0,1,0,0,1,0,0,1
159.9349,59.49558,0,86,15,1108,5042.294567,0,0,1,0,1,0,1,0,0,1,0
194.9581,56.68304,0,27,15,212,5199.488203,0,0,1,0,1,1,1,0,0,1,0
202.6362,69.5381,2,18,9,684,6857.221544,1,0,0,1,1,1,0,0,1,1,1
127.4783,70.49801,2,84,12,253,6282.781525,1,0,0,1,1,1,0,0,0,0,0
119.9897,49.01677,0,76,15,58114,4249.059682,1,1,0,0,1,1,0,0,1,1,0
192.4567,68.26818,2,26,7,2060,5965.540287,0,1,1,0,1,0,0,0,1,0,1
169.9447,56.73616,4,42,14,6082,5061.552514,0,1,1,0,1,0,0,0,0,1,0
182.4608,63.09122,0,80,10,1045,5405.598202,0,0,1,0,1,0,1,1,0,0,1
172.4742,45.19194,0,58,11,7139,3921.432791,0,0,1,0,1,0,0,1,1,0,1
139.9512,53.9154,7,20,10,1641,5304.643513,1,1,0,1,1,0,0,0,1,0,1
197.4725,70.09511,2,77,16,923,6576.787992,1,0,0,1,1,0,1,1,1,1,0
174.9581,69.1503,0,75,21,1488,6477.148408,1,0,0,1,1,1,1,0,0,1,0
202.65,67.19853,0,82,21,17119,6427.889022,1,0,0,1,0,1,0,1,0,1,1
157.4836,60.7425,0,41,12,115,5241.582205,1,0,1,0,1,0,0,1,0,0,0
184.961,59.21096,2,19,12,7532,5824.726674,0,0,0,1,1,1,1,0,0,0,1
134.9801,66.54966,4,33,14,246,5875.620719,0,0,0,0,1,0,1,0,0,0,0
139.9349,57.50632,0,57,18,22447,5434.927441,1,0,0,1,1,0,1,0,0,1,0
139.9568,64.52906,3,68,10,384,5587.309027,0,1,1,0,1,1,0,0,0,1,0
240.1149,62.5497,4,41,8,21939,5849.697782,0,1,1,0,1,0,0,0,0,1,1
204.9496,61.82628,2,89,8,1476,5408.328182,1,1,1,0,1,0,1,0,1,1,0
194.9768,59.98863,1,76,14,11897,5213.694521,1,0,1,0,0,0,0,1,1,1,0
119.9568,70.32865,0,22,13,2326,6581.526436,0,1,0,1,0,1,0,0,0,1,0
169.9447,44.52947,2,63,11,767,3930.941783,1,1,1,0,1,0,0,0,0,1,0
192.4404,70.6573,3,62,17,23373,6199.853857,0,1,1,0,1,0,1,0,0,1,0
104.9629,71.83088,0,50,14,52484,6038.002387,1,0,0,0,0,0,0,0,0,1,0
207.4673,54.23655,4,21,9,7294,5146.161642,1,1,1,0,1,1,1,0,1,1,0
210.1518,59.3991,2,19,16,1331,5709.290774,1,1,0,0,1,0,1,1,0,1,1
202.4433,57.41425,0,59,10,1103,4996.095261,1,0,1,0,1,0,1,0,0,0,1
92.48802,68.72245,3,32,13,757,5864.530305,0,0,0,0,1,0,0,0,1,0,0
162.4982,70.54943,3,85,13,389,6147.295218,1,1,0,0,1,1,0,0,1,0,1
149.9741,57.6549,10,59,12,518,5652.677937,1,0,0,1,1,1,1,0,0,0,0
169.9671,63.21638,1,55,15,5979,5597.695081,0,0,0,0,1,0,1,0,0,0,1
129.9926,67.66242,0,30,9,20604,5926.760477,0,0,0,0,0,1,0,0,1,0,1
242.6573,61.39024,0,27,15,7862,5809.538819,1,1,0,0,0,0,1,1,0,1,1
149.9707,65.01857,2,43,8,3681,5665.576718,1,0,0,0,1,0,1,0,1,0,1
212.6228,63.23545,0,52,13,54413,6210.36612,0,0,0,1,1,1,1,0,0,1,1
182.447,70.71182,1,76,7,356,5993.09022,1,0,1,0,1,0,1,0,1,0,1
204.9634,69.01347,7,47,11,9725,6322.625755,0,0,1,0,1,0,1,1,0,1,0
107.5286,67.31311,0,84,9,412,5646.557605,0,1,0,0,1,1,0,1,1,0,0
162.4653,69.88786,3,78,11,10652,6442.923528,0,0,0,1,1,1,0,0,0,0,1
242.6106,57.06138,2,89,5,7114,5641.483426,0,0,0,1,1,0,1,0,0,1,1
127.4958,57.07901,3,55,13,21734,4991.10888,0,0,1,0,1,1,0,1,0,0,0
124.9643,68.33384,1,68,9,3064,5570.802113,1,1,1,0,1,0,0,0,1,0,0
125.0073,55.69275,1,86,12,1136,4711.062821,1,1,0,0,1,0,0,1,0,0,0
162.4689,65.50792,3,57,14,719,5671.770421,1,0,1,0,1,1,0,0,1,0,1
230.1051,53.53017,2,61,11,10622,4958.500526,0,0,1,0,0,0,1,0,0,1,1
192.4705,46.21777,2,86,9,561,4042.881848,0,0,1,0,1,0,0,1,0,0,1
194.9744,65.93142,3,19,15,1134,5985.296176,1,0,1,0,1,1,0,0,1,0,1
130.0244,61.35337,0,58,9,5123,5255.178769,1,0,0,0,1,1,1,1,1,0,0
164.9889,66.2968,3,44,13,27726,5947.364442,0,0,1,0,1,1,0,1,1,1,0
232.624,57.10479,0,53,17,14630,5611.83506,0,0,0,1,1,0,0,0,1,1,1
212.6695,61.9635,3,23,13,5105,5965.231611,1,1,0,0,1,1,1,1,0,1,1
184.967,52.53762,1,67,13,35118,4654.72171,1,0,1,0,1,0,1,1,1,1,0
142.4827,48.17117,2,68,11,2750,4760.987806,1,0,0,1,1,1,0,1,0,0,1
265.147,69.81825,8,72,12,84,6556.237246,0,0,1,0,1,0,0,1,1,1,1
124.9935,66.19713,1,68,14,707,5467.675628,0,0,0,0,1,0,0,0,1,0,0
222.6143,59.53825,2,41,11,979,5934.1799,1,0,0,1,1,0,1,0,1,1,1
257.6375,54.64119,8,24,16,433,5920.52411,1,1,0,1,1,1,1,0,1,1,1
162.4538,54.01325,3,63,10,3122,5203.678475,1,1,0,1,1,0,0,0,1,1,0
152.5022,63.43312,3,50,9,6279,5781.814396,1,1,0,0,1,1,1,1,0,0,1
179.9656,56.53814,5,22,8,1860,5126.470699,1,1,1,0,1,0,1,0,1,0,0
182.4608,64.9277,3,23,10,21519,5835.311159,1,1,1,0,1,0,1,1,0,0,1
159.9805,63.63211,0,67,10,1819,5471.963232,0,0,0,0,1,0,0,0,1,0,1
114.9509,49.26265,3,27,13,2465,4707.304977,1,0,0,1,1,0,1,0,0,0,0
104.9781,62.64968,3,47,8,6047,5812.078197,1,1,0,1,1,0,0,1,0,0,0
92.45514,57.86878,3,88,14,12424,5118.485777,1,0,0,1,1,0,0,0,0,0,0
162.4827,48.39095,3,41,10,12,4402.52349,1,0,1,0,1,1,0,1,0,0,1
275.1198,59.6238,6,31,15,2388,5755.570849,1,1,1,0,1,0,1,0,1,1,1
172.4705,61.30659,1,76,11,1148,5777.009445,1,1,0,1,1,0,0,1,0,0,1
207.6094,64.29382,3,57,9,10621,5837.413915,0,0,1,0,1,0,0,0,0,1,1
202.6362,51.62495,4,39,9,25240,5335.120882,0,1,0,1,1,1,0,0,1,1,1
172.4624,53.07792,0,39,17,1098,4723.704977,1,0,1,0,1,1,0,0,0,1,0
190.127,68.57417,2,65,12,479,6572.766125,0,1,0,1,1,1,0,0,0,1,1
275.1336,63.73496,2,55,12,146,6018.481264,0,1,1,0,1,0,1,1,0,1,1
230.1344,59.66552,3,77,9,1442,5511.495437,1,0,0,0,1,0,1,0,0,1,1
255.1555,63.7669,2,21,10,2696,6113.785106,0,0,1,0,1,1,0,1,0,1,1
152.4555,49.92224,1,33,13,3015,4914.99202,0,1,0,1,1,1,1,0,0,0,1
117.472,45.8143,1,21,12,217,4122.56284,0,1,0,0,1,0,0,0,1,1,0
167.4564,69.348,1,73,13,1408,5799.124998,0,0,1,0,1,0,1,0,0,0,0
220.1149,66.31286,1,89,13,4022,6321.808564,1,1,0,1,1,0,0,0,0,1,1
149.9845,71.27541,2,34,12,3074,6370.865009,0,1,0,0,1,0,1,1,0,0,1
202.65,66.99456,4,19,5,237,6740.868766,1,1,0,1,1,1,0,1,0,1,1
169.9378,59.90148,1,40,12,29007,5217.193169,0,1,1,0,1,0,1,0,0,0,1
149.9378,47.30434,2,72,7,2084,4610.488208,0,0,0,1,1,0,1,0,0,0,1
104.9781,52.09557,1,49,10,353,4879.170769,1,1,0,1,1,0,0,1,0,0,0
114.9509,61.37365,2,65,10,26563,5626.567359,1,1,0,1,1,0,1,0,0,0,0
265.147,49.61909,1,89,10,1312,4629.932238,1,0,1,0,1,0,0,1,1,1,1
144.9607,53.96674,3,44,12,46041,4683.762963,1,0,1,0,1,0,0,0,0,0,0
230.1344,56.26118,0,42,6,687,5302.002755,1,0,0,0,1,0,1,0,0,1,1
104.9923,59.49517,4,41,15,1277,5274.614337,1,0,0,0,1,1,1,0,0,0,0
165.0182,47.2887,1,37,13,139,4423.213665,1,0,0,0,1,1,0,1,1,1,0
220.1323,47.99026,4,23,8,3015,4728.939595,1,1,1,0,1,0,0,1,0,1,1
230.1051,60.89564,7,67,11,286,5696.26264,1,1,1,0,1,0,1,0,0,1,1
130.0064,56.56535,0,36,12,502,5078.641529,0,0,0,0,1,1,0,1,0,0,1
104.9643,70.32404,2,23,11,34642,6325.692413,0,0,0,1,1,0,0,0,1,0,0
242.6106,45.09367,1,60,9,5402,4772.225208,0,0,0,1,1,0,1,0,0,1,1
194.9768,58.77685,1,61,15,780,5210.637512,0,0,1,0,1,0,0,1,1,1,0
142.4827,56.81197,0,52,7,50,5377.598586,0,0,0,1,1,1,0,1,0,0,1
157.4836,44.39952,0,63,10,14019,3748.057497,0,0,1,0,1,0,0,1,0,0,0
159.9656,48.10173,8,68,12,380,4790.240813,0,0,0,1,1,0,1,0,1,0,0
195.0062,68.29561,1,44,16,284,6054.932884,1,0,1,0,1,1,1,1,1,0,0
172.4555,63.64732,1,25,9,1347,5734.616741,0,0,1,0,0,1,1,0,0,0,1
200.1185,66.60033,3,50,11,48382,6420.118468,1,0,0,1,1,0,0,0,1,1,1
220.1478,60.11026,1,55,12,1678,5468.830044,1,1,0,0,1,0,0,0,1,1,1
149.9621,43.8884,1,38,13,348,3989.844733,1,0,1,0,1,0,0,1,0,1,0
174.9919,66.49135,4,49,12,2692,5976.795747,1,1,1,0,1,1,0,1,1,0,1
134.9509,64.00973,6,81,13,1215,5499.748153,1,0,1,0,1,0,1,0,0,0,0
230.1344,63.88775,4,64,11,2282,5930.862567,0,1,0,0,0,0,1,0,0,1,1
159.9349,56.56864,1,51,13,752,4995.058092,0,0,1,0,1,0,1,0,0,1,0
210.1518,44.92225,0,71,10,415,4291.029972,0,0,0,0,1,0,1,1,0,1,1
139.9349,59.82583,4,49,15,42614,5774.350984,1,1,0,1,0,0,1,0,0,1,0
159.9476,63.84542,4,62,5,194,5955.858742,0,0,0,1,1,0,0,0,0,0,1
162.5007,66.86351,3,68,13,10034,5766.235014,1,0,1,0,1,1,1,1,1,0,0
114.9509,58.50292,2,76,6,258,5269.166004,0,0,0,1,1,0,1,0,0,0,0
232.6707,45.91201,0,29,14,39523,4492.115868,0,0,0,0,1,0,0,1,1,1,1
174.9581,66.43229,2,38,6,28709,6437.319274,0,0,0,1,1,1,1,0,0,1,0
114.9838,69.50693,10,69,14,711,6034.69613,0,0,0,0,1,0,1,0,1,0,0
184.9647,49.53164,0,83,10,3708,4275.271246,0,0,1,0,1,1,1,0,1,0,1
112.4551,37.33507,2,26,14,103,3277.279641,1,0,1,0,1,0,0,0,0,0,0
104.9781,68.08474,6,47,10,4799,6349.768903,0,1,0,1,1,0,0,1,0,0,0
150.0208,42.64646,3,18,6,48099,4095.787596,1,0,0,0,1,1,1,1,0,0,0
117.4835,63.42517,3,65,16,1276,5552.848067,1,0,0,0,1,1,0,0,0,0,1
232.652,68.80222,2,43,14,2128,6416.029238,0,1,0,0,1,1,1,0,0,1,1
175.0048,59.9755,8,22,11,264,5770.027634,0,1,0,0,1,1,1,1,0,1,0
255.1336,64.29675,1,45,6,429,6432.95498,0,0,0,1,1,0,1,1,0,1,1
200.1185,44.04708,2,54,8,39088,4528.254142,0,0,0,1,1,0,0,0,1,1,1
147.4738,44.60874,0,66,19,194,3777.403759,1,0,1,0,1,0,1,1,0,0,0
159.9794,58.80144,0,53,12,8778,5468.390333,0,0,0,1,1,0,1,1,0,0,0
127.475,40.91782,7,24,11,30804,3895.327082,0,0,0,0,1,0,0,0,1,0,1
182.4608,67.87033,0,29,8,10728,5964.398265,0,0,1,0,1,0,1,1,0,0,1
159.9805,62.76856,3,44,11,4709,5486.682465,1,1,0,0,1,0,0,0,1,0,1
207.4974,61.45515,0,57,18,259,5486.72348,1,0,1,0,1,1,0,1,1,0,1
107.482,64.22853,0,42,12,323,5777.579326,0,0,0,1,0,1,0,0,1,0,0
149.9778,48.25673,0,56,13,137,4103.479649,0,0,1,0,1,1,1,0,1,0,0
179.9476,45.15306,2,34,14,9572,4037.157006,0,1,1,0,1,0,0,0,0,0,1
147.4564,69.05527,0,47,10,7762,6243.093544,0,1,0,1,1,0,1,0,0,0,0
147.4421,47.02083,3,86,6,170,4064.656734,1,0,1,0,1,0,0,0,0,0,1
124.9781,55.54544,2,39,17,27186,4729.636324,0,1,1,0,1,0,0,1,0,0,0
174.9699,44.29563,4,73,12,1508,4511.720825,0,0,0,1,1,0,1,1,1,0,1
230.1344,51.83423,3,64,6,965,4912.438643,0,0,0,0,1,0,1,0,0,1,1
220.1323,50.68244,1,43,12,6754,4744.550399,1,1,1,0,1,0,0,1,0,1,1
159.9476,70.23581,4,66,13,2349,6548.644506,0,1,0,1,0,0,0,0,0,0,1
169.9447,54.28465,2,78,13,16487,4681.080835,1,0,1,0,1,0,0,0,0,1,0
230.1051,67.96008,1,66,12,61495,6140.731914,1,0,1,0,1,0,1,0,0,1,1
129.9778,71.11595,2,44,12,22388,6490.921609,0,1,0,1,1,1,1,0,1,0,0
129.9621,56.1113,0,49,14,23790,5338.007308,1,1,0,1,1,0,0,1,0,1,0
104.9643,53.90815,1,34,12,403,4996.04596,1,1,0,1,1,0,0,0,1,0,0
169.9928,59.15954,4,40,10,535,5160.332033,0,0,1,0,1,0,0,1,1,0,0
174.9699,61.52081,0,80,17,3317,5777.025623,0,0,0,1,1,0,1,1,1,0,1
222.6326,66.72374,1,83,10,3929,6450.35056,0,0,0,1,1,1,0,0,0,1,1
144.9889,59.7815,4,27,17,464,5913.530314,1,1,0,1,1,1,0,1,1,1,0
147.4738,50.01323,2,79,15,681,4239.183678,1,0,1,0,1,0,1,1,0,0,0
127.4958,61.95264,3,27,10,2945,5399.959925,0,1,1,0,1,1,0,1,0,0,0
137.4836,62.95177,8,66,12,2963,5918.124559,0,0,0,1,1,0,0,1,0,0,0
235.1591,51.58437,6,77,10,168,4987.482025,1,0,1,0,1,1,0,1,1,1,1
194.9525,71.32292,4,31,15,827,6768.49967,0,1,0,1,1,0,1,0,1,0,1
114.9658,70.02963,2,69,19,408,5974.900569,1,0,0,0,1,0,0,0,0,0,1
137.4392,46.63035,0,74,11,135,3980.552637,0,0,1,0,1,0,0,0,0,1,0
147.4713,46.50319,0,51,12,3096,4034.305669,1,0,0,0,1,0,0,0,0,0,1
255.1336,69.9263,0,58,11,5933,6820.82156,0,1,0,1,1,0,1,1,0,1,1
152.466,63.86407,0,87,12,684,5382.496895,0,0,1,0,1,1,0,0,1,1,0
215.1591,63.60301,1,33,10,531,6329.040598,1,1,0,1,1,1,0,1,1,1,1
139.9349,62.57813,1,50,10,2716,5857.181194,0,0,0,1,1,0,1,0,0,1,0
172.4579,57.08875,3,67,14,2930,5084.877488,1,1,1,0,1,0,1,1,0,1,0
182.4676,62.56329,1,63,13,106,5510.00981,1,0,1,0,1,0,0,1,0,1,0
194.9581,41.14853,5,77,9,1544,3916.615527,0,0,1,0,1,1,1,0,0,1,0
172.5104,42.52243,4,76,18,1927,3754.296166,1,0,1,0,1,1,0,1,1,0,0
184.9785,57.43857,6,67,8,22,5327.251383,1,1,1,0,1,1,1,1,0,0,1
172.4624,54.84444,0,49,2,330,4835.663594,1,1,1,0,1,1,0,0,0,1,0
217.484,58.19013,0,88,13,3128,5124.938421,1,0,1,0,1,1,1,1,0,0,1
124.9607,49.99506,0,57,15,1028,4636.850137,0,0,0,1,1,0,0,0,0,0,0
187.6094,69.37716,0,67,11,37080,6542.285377,0,1,0,1,1,0,0,0,0,1,1
127.4738,64.63454,0,81,8,1686,5782.589893,0,0,0,1,1,0,1,1,0,0,0
262.6106,62.32227,3,66,12,444,5812.302388,1,0,1,0,1,0,1,0,0,1,1
162.4982,69.03225,1,71,11,1755,5925.026826,1,1,0,0,1,1,0,0,1,0,1
177.6508,51.58906,2,63,12,34276,4774.105626,0,0,0,0,0,1,0,0,0,1,1
117.4392,70.77308,1,29,7,192,6550.573563,0,1,0,1,1,0,0,0,0,1,0
240.1149,38.36776,2,27,13,7458,3805.559709,0,0,1,0,1,0,0,0,0,1,1
179.9794,64.86671,0,51,10,33240,5640.714867,1,0,1,0,1,0,1,1,0,0,0
149.9598,65.31996,4,45,12,8052,5722.173958,0,0,1,0,1,1,0,0,0,0,1
187.4811,71.25511,0,69,12,19345,6754.429939,1,1,0,1,1,1,1,1,0,1,0
129.9598,41.37315,1,87,20,6888,3943.462001,0,0,0,1,1,1,0,0,0,0,1
245.132,60.7303,2,30,12,6213,5729.627989,1,1,1,0,1,1,1,0,1,1,1
149.9378,53.82086,1,63,12,1452,5060.874121,1,0,0,1,1,0,1,0,0,0,1
137.4392,68.86725,2,28,15,1032,6014.982252,0,0,1,0,1,0,0,0,0,1,0
147.4601,66.31705,5,28,17,2430,5753.824737,0,0,1,0,0,0,1,0,1,0,0
139.9792,68.82379,0,64,17,1540,6000.114125,1,0,0,0,1,1,1,0,0,0,1
159.9642,59.28871,1,25,11,21981,5328.076501,0,1,0,0,1,0,1,0,0,1,0
192.4885,63.95686,0,59,14,52802,5461.972077,1,0,1,0,1,0,1,1,1,0,0
202.4433,47.91529,1,40,8,9248,4393.136079,0,0,1,0,1,0,1,0,0,0,1
275.1336,48.68893,0,88,13,47067,4615.877756,1,0,1,0,1,0,1,1,0,1,1
112.4844,67.04659,0,62,12,3685,5521.842531,0,1,0,0,1,0,0,0,0,0,0
114.9976,45.23339,2,36,11,3112,4070.801017,0,0,0,0,1,0,1,1,0,0,0
190.1737,47.57047,3,68,16,2593,4591.422629,1,0,0,0,1,1,0,1,0,1,1
160.0013,63.70026,5,87,12,2783,5562.243986,1,0,1,0,1,1,0,1,0,0,0
104.9781,43.63637,3,50,11,33235,4162.046301,1,0,0,1,1,0,0,1,0,0,0
174.9882,55.67036,2,24,13,9936,5509.37969,1,0,0,1,1,1,0,1,0,0,1
255.1417,70.18772,1,54,5,20322,6373.036903,1,1,1,0,1,1,0,0,1,1,1
242.6106,62.281,1,63,13,1111,6123.627846,1,0,0,1,1,0,1,0,0,1,1
220.1615,53.13301,2,69,11,5028,4962.835767,0,0,0,0,1,0,0,1,0,1,1
124.9643,58.79677,0,87,13,392,4696.276365,1,1,1,0,1,0,0,0,1,0,0
114.9728,64.91269,3,78,12,94512,5390.143405,1,0,1,0,1,1,0,0,0,0,0
225.1786,71.14876,2,66,15,4022,6597.462528,1,0,0,0,1,1,1,1,1,1,1
267.6427,65.80384,8,45,9,40684,6823.312804,0,0,0,1,1,0,1,1,1,1,1
235.1591,71.20051,1,76,8,72332,6397.088048,1,0,1,0,1,1,0,1,1,1,1
207.4974,67.19921,0,78,12,996,5806.242503,0,0,1,0,1,1,0,1,1,0,1
137.4872,41.4761,1,75,9,18532,3432.332098,1,1,1,0,1,0,0,1,1,0,0
94.97283,62.07668,4,71,18,2869,5624.996529,1,1,0,1,1,1,0,0,0,0,0
162.4827,67.65143,0,20,12,56838,6039.469343,0,0,1,0,1,1,0,1,0,0,1
172.4567,46.87676,0,38,15,4180,4607.641291,1,0,0,1,1,0,0,0,1,0,1
187.4974,63.71587,2,32,14,17733,6228.991967,0,0,0,1,1,1,0,1,1,0,1
204.9797,65.11128,3,69,11,13864,5681.82038,1,0,1,0,1,0,0,1,1,0,1
164.967,68.67996,1,70,13,418,6428.102346,1,0,0,1,1,0,1,1,1,1,0
182.4433,65.46719,3,64,12,5973,6145.391472,0,0,0,1,1,0,1,0,0,0,1
162.4676,54.80402,1,83,11,86703,5175.09924,1,1,0,1,1,0,0,1,0,1,0
102.4746,64.91211,4,35,16,286,5662.934771,1,1,0,0,1,0,1,0,0,0,0
142.4526,40.50993,2,32,8,1368,4213.964063,1,0,0,1,1,1,1,0,0,1,0
184.967,66.89083,8,37,12,8823,6191.698375,1,1,1,0,1,0,1,1,1,1,0
92.5018,61.46682,2,30,11,11880,5244.329034,0,0,0,0,0,0,0,1,0,0,0
174.9882,62.52627,0,19,13,29693,6025.961938,0,1,0,1,1,1,0,1,0,0,1
124.9781,61.61486,10,88,9,25948,5394.861435,0,0,1,0,0,0,0,1,0,0,0
257.6513,57.9625,6,74,9,535,6047.986921,1,0,0,1,1,1,1,1,0,1,1
222.6362,67.05692,2,77,10,21156,6046.985248,0,0,1,0,1,1,0,0,1,1,1
162.4827,55.19347,1,55,12,1518,4934.723127,0,0,1,0,1,1,0,1,0,0,1
162.4538,56.05747,1,73,12,2190,5229.767856,0,0,0,1,1,0,0,0,1,1,0
162.4676,67.3458,1,47,8,12919,6320.777008,1,1,0,1,1,0,0,1,0,1,0
137.4392,64.15093,4,71,13,1351,5549.125491,0,1,1,0,1,0,0,0,0,1,0
152.4579,50.80222,2,22,15,68,5147.07499,1,0,0,1,0,0,1,1,0,1,0
147.4601,50.11484,2,77,9,1195,4173.243596,0,1,1,0,1,0,1,0,1,0,0
159.9512,48.53271,0,62,7,528,4179.193883,1,1,1,0,1,0,0,0,1,0,1
194.9699,51.83967,1,48,11,6874,4623.694304,0,1,1,0,1,0,1,1,1,0,1
92.5018,66.94354,2,59,10,503,5597.999017,1,0,0,0,1,0,0,1,0,0,0
149.989,46.91449,4,38,13,10712,4391.256935,0,1,0,0,1,1,0,0,0,0,1
125.0073,59.50705,0,44,5,21607,5130.51612,1,0,0,0,1,0,0,1,0,0,0
149.9621,64.50684,2,19,12,17766,5772.353993,1,0,1,0,1,0,0,1,0,1,0
220.1185,67.69622,1,37,12,428,6077.472038,0,0,1,0,1,0,0,0,1,1,1
134.9801,67.97118,1,86,9,331,5725.974592,1,0,0,0,1,0,1,0,0,0,0
117.4392,67.4709,0,77,12,11161,6044.78701,0,0,0,1,1,0,0,0,0,1,0
152.4624,58.12362,2,38,11,25815,5662.535202,0,0,0,1,1,1,0,0,0,1,0
255.1336,69.02789,1,65,9,2077,6755.042431,1,1,0,1,0,0,1,1,0,1,1
159.9349,56.08228,0,64,11,9103,4834.745442,0,0,1,0,0,0,1,0,0,1,0
187.4811,67.26256,1,45,19,863,6536.760755,1,0,0,1,1,1,1,1,0,1,0
222.6609,65.02015,1,25,9,413,6076.679824,0,0,0,0,1,0,1,1,1,1,1
252.624,54.98522,1,19,10,2088,5166.92619,1,0,1,0,1,0,0,0,1,1,1
94.97283,70.1758,7,42,10,7397,6558.341155,0,0,0,1,1,1,0,0,0,0,0
219.9902,59.16562,1,55,13,3735,5431.357184,0,1,1,0,1,1,1,1,1,1,0
104.9781,66.89669,1,34,9,6487,6058.836085,1,0,0,1,0,0,0,1,0,0,0
184.9647,65.37201,2,84,16,1285,5631.487821,1,1,1,0,1,1,1,0,1,0,1
104.9923,49.54115,2,52,8,679,4279.082635,1,1,0,0,1,1,1,0,0,0,0
159.9656,59.43728,0,46,15,1888,5462.617829,0,0,0,1,1,0,1,0,1,0,0
174.9744,56.37209,1,27,11,3144,5445.434955,1,0,0,1,0,1,0,0,1,0,1
184.9634,58.21476,4,47,11,1921,5805.996684,0,0,0,1,1,0,1,1,0,1,0
144.9607,53.07128,5,82,15,106,4465.086574,0,0,1,0,1,0,0,0,0,0,0
167.4564,65.17039,2,46,10,62429,5576.128456,1,1,1,0,1,0,1,0,0,0,0
174.9755,66.52217,3,38,15,14928,6075.169598,1,0,1,0,1,1,1,1,0,1,0
182.4433,64.30983,1,76,11,38839,6031.932533,1,0,0,1,1,0,1,0,0,0,1
164.9889,66.66853,8,73,13,1120,6036.666027,0,0,1,0,0,1,0,1,1,1,0
149.9778,62.40518,8,45,11,3949,5627.401455,1,0,1,0,1,1,1,0,1,0,0
162.4676,56.56448,1,82,11,610,5369.680372,1,1,0,1,1,0,0,1,0,1,0
212.6695,57.48285,9,65,8,8582,5645.101799,0,1,0,0,1,1,1,1,0,1,1
200.1652,56.78316,4,70,14,2114,5299.638224,0,0,0,0,1,0,0,1,1,1,1
252.6378,65.27324,1,63,15,1107,5993.520721,1,0,1,0,1,0,0,1,0,1,1
129.9483,63.52166,2,26,8,33965,6001.350967,1,0,0,1,1,0,0,0,1,1,0
207.6386,50.7426,5,41,15,51117,4865.980872,0,1,0,0,1,0,0,0,0,1,1
252.624,61.56209,1,68,10,990,5592.221292,0,0,1,0,1,0,0,0,1,1,1
137.4872,66.85534,0,32,12,1310,5704.335112,1,0,1,0,1,0,0,1,1,0,0
245.147,64.39242,2,68,14,21847,6353.557295,0,0,0,1,0,0,0,1,1,1,1
127.4738,55.55453,2,39,11,7233,5320.150962,0,0,0,1,0,0,1,1,0,0,0
117.5152,71.20362,0,71,14,712,6015.340909,1,1,0,0,1,1,1,1,0,0,0
232.6378,62.58109,4,59,16,1364,6244.841283,1,0,0,1,1,0,0,1,0,1,1
242.6281,45.03753,0,72,11,1845,4297.196921,0,1,1,0,1,0,1,1,0,1,1
159.9512,55.06506,1,22,12,56811,4794.084269,0,0,1,0,1,0,0,0,1,0,1
212.6415,56.9769,1,37,15,267,5744.847584,0,1,0,1,1,0,0,1,1,1,1
182.4433,67.37714,0,68,10,14312,6196.420115,0,0,0,1,1,0,1,0,0,0,1
179.9656,60.37731,0,41,10,19165,5138.712432,0,0,1,0,1,0,1,0,1,0,0
117.5152,62.68348,4,48,14,110,5598.052693,0,0,0,0,1,1,1,1,0,0,0
212.6415,38.34946,2,60,14,10445,4173.931741,1,0,0,1,1,0,0,1,1,1,1
232.6378,46.77756,4,31,16,5943,5088.789141,0,1,0,1,1,0,0,1,0,1,1
112.4551,52.74302,2,25,10,3091,4460.767183,0,1,1,0,1,0,0,0,0,0,0
182.447,51.73839,1,77,13,372,4517.455286,0,0,1,0,0,0,1,0,1,0,1
92.48802,61.6107,1,43,11,1002,5184.174341,1,0,0,0,1,0,0,0,1,0,0
164.9785,70.15014,0,57,18,5465,6548.096564,1,0,0,1,1,1,1,1,0,0,1
92.5018,43.91775,1,66,13,2864,3739.86651,0,0,0,0,0,0,0,1,0,0,0
222.6281,60.45679,1,57,13,12,6007.023157,1,1,0,1,1,0,1,1,0,1,1
149.9378,57.3854,2,72,8,5563,5354.221755,1,0,0,1,1,0,1,0,0,0,1
194.9992,42.01051,0,67,14,1932,3879.472538,1,0,0,0,1,0,1,1,1,0,1
169.9378,62.99928,0,19,13,346,5595.201151,0,1,1,0,1,0,1,0,0,0,1
220.1185,70.36179,3,51,12,2640,6358.605209,0,0,1,0,1,0,0,0,1,1,1
222.6143,45.12504,2,19,17,871,4872.376444,0,0,0,1,0,0,1,0,1,1,1
270.1604,50.65407,2,80,16,22202,5310.662479,1,0,0,1,1,1,1,1,1,1,1
147.4564,62.11655,4,89,18,37,5659.985455,1,1,0,1,1,0,1,0,0,0,0
172.4624,70.67216,1,33,11,41107,6262.849668,1,0,1,0,0,1,0,0,0,1,0
152.5104,53.48518,1,68,14,1020,4999.929364,1,1,0,1,1,1,0,1,1,0,0
114.9658,52.98326,3,58,9,48833,4645.007236,1,0,0,0,1,0,0,0,0,0,1
160.0122,55.97115,2,38,11,2000,4934.232191,0,0,0,0,1,0,1,1,1,0,0
147.4601,61.16662,4,35,5,2472,5278.074401,0,0,1,0,1,0,1,0,1,0,0
255.1198,61.68428,1,87,13,2732,6000.369501,0,1,0,1,1,0,1,0,1,1,1
212.6415,70.62749,4,65,11,2689,6863.899773,1,1,0,1,1,0,0,1,1,1,1
129.995,65.39301,6,28,9,18252,5942.9188,1,1,0,0,0,0,0,1,1,1,0
162.4713,65.25688,0,57,13,1056,5651.976417,1,0,1,0,1,0,0,1,1,1,0
195.0062,56.74758,1,68,13,458,4947.739322,1,0,1,0,1,1,1,1,1,0,0
127.4601,59.22886,3,33,12,948,5590.851555,0,0,0,1,1,0,1,0,1,0,0
149.9621,49.61348,5,30,13,188,4608.31316,1,0,1,0,1,0,0,1,0,1,0
169.9447,66.9099,0,69,10,245,5683.50493,0,0,1,0,1,0,0,0,0,1,0
159.9642,63.63151,0,33,11,2082,5626.901599,0,1,0,0,0,0,1,0,0,1,0
129.9621,53.42523,0,52,10,3014,5108.08077,0,0,0,1,1,0,0,1,0,1,0
232.652,70.19371,4,84,11,2989,6457.18973,0,1,0,0,1,1,1,0,0,1,1
194.9882,54.94221,1,51,4,24628,4999.200658,1,1,1,0,1,1,0,1,0,0,1
242.6143,41.56439,0,56,14,253,3937.196959,1,1,1,0,1,0,1,0,1,1,1
219.9902,41.95888,1,30,16,2738,4103.440109,0,0,1,0,1,1,1,1,1,1,0
192.4705,69.97129,4,78,9,19527,6159.279047,0,0,1,0,1,0,0,1,0,0,1
197.484,71.94498,3,76,12,453,6879.458804,1,0,0,1,1,1,1,1,0,0,1
112.4551,60.29081,1,88,14,588,4841.877582,0,1,1,0,1,0,0,0,0,0,0
179.9476,52.24584,2,41,10,2305,4681.487886,0,0,1,0,1,0,0,0,0,0,1
184.9785,48.62124,4,42,11,19443,4625.174903,1,0,1,0,1,1,1,1,0,0,1
127.4586,63.37746,4,61,13,6521,5565.471399,1,0,0,0,1,0,1,0,0,1,0
182.4433,61.88348,4,22,15,3109,6102.523323,1,0,0,1,1,0,1,0,0,0,1
150.0208,58.31897,2,25,9,33000,5326.224652,0,0,0,0,1,1,1,1,0,0,0
92.45514,62.23239,5,32,11,2209,5721.203342,1,0,0,1,1,0,0,0,0,0,0
129.9621,52.07089,0,35,17,6454,5052.845925,1,1,0,1,1,0,0,1,0,1,0
169.9741,62.00464,1,82,10,53879,5243.121015,0,0,1,0,1,1,1,0,0,0,0
149.9447,52.59552,1,56,12,347,4997.517022,1,0,0,1,1,0,0,0,0,1,0
190.127,41.90646,1,36,11,2529,4499.020965,0,0,0,1,1,1,0,0,0,1,1
287.6427,45.84636,4,79,8,924,4539.933056,0,1,1,0,1,0,1,1,1,1,1
139.965,66.59912,0,55,10,19237,6176.784118,1,1,0,1,1,0,0,1,0,0,1
235.1591,54.41265,2,71,9,628,5115.759017,0,1,1,0,1,1,0,1,1,1,1
149.9378,46.92377,3,55,15,244,4583.54052,1,1,0,1,0,0,1,0,0,0,1
144.9889,71.45998,3,53,11,29114,6754.410408,0,1,0,1,1,1,0,1,1,1,0
124.9643,52.75072,7,46,12,426,4550.793265,1,0,1,0,1,0,0,0,1,0,0
147.4421,70.63238,1,22,12,4988,6061.485299,0,0,1,0,1,0,0,0,0,0,1
179.9476,60.69402,5,30,12,1851,5419.846646,0,1,1,0,1,0,0,0,0,0,1
172.4567,60.44201,0,33,12,209,5735.541215,0,0,0,1,0,0,0,0,1,0,1
167.4564,57.10624,5,20,10,982,5092.967553,1,0,1,0,1,0,1,0,0,0,0
255.1336,48.05798,10,67,14,1703,5307.317588,1,1,0,1,1,0,1,1,0,1,1
210.1051,53.5035,1,37,14,680,5464.765587,0,0,0,1,1,0,1,0,0,1,1
187.656,62.5016,8,51,10,3628,5902.250031,0,0,0,0,1,0,0,1,0,1,1
104.9629,65.14224,1,84,14,10512,5495.374637,0,0,0,0,1,0,0,0,0,1,0
129.9621,68.47904,1,18,13,834,6483.815487,0,0,0,1,1,0,0,1,0,1,0
179.9476,68.83185,2,32,9,78900,6070.017248,1,0,1,0,1,0,0,0,0,0,1
127.5067,60.53095,2,30,13,3250,5265.959419,1,0,0,0,1,0,1,1,1,0,0
179.9476,68.78265,1,81,15,2308,5874.548599,1,0,1,0,0,0,0,0,0,0,1
159.9512,68.98508,8,39,17,72061,6176.702519,1,0,1,0,1,0,0,0,1,0,1
147.4893,59.60106,4,73,10,2617,5179.444858,0,1,0,0,1,0,1,0,1,0,0
157.4836,39.71501,3,62,16,426,3459.851822,0,0,1,0,1,0,0,1,0,0,0
124.9607,57.90418,7,48,13,6376,5447.621158,0,0,0,1,1,0,0,0,0,0,0
162.4538,71.76063,3,65,8,53,6604.249533,1,0,0,1,1,0,0,0,1,1,0
164.9889,56.90458,0,20,9,897,5117.065882,1,0,1,0,1,1,0,1,1,1,0
202.4433,71.57202,2,89,13,52254,6201.648856,0,0,1,0,1,0,1,0,0,0,1
229.9931,48.5611,0,86,10,2121,4346.836338,0,0,1,0,1,1,1,1,1,0,1
187.4673,58.2249,0,19,5,749,5769.871286,0,0,0,1,1,1,1,0,1,1,0
137.4616,66.58823,0,60,16,3852,5672.561903,1,1,0,0,1,0,1,0,0,0,1
184.9939,61.173,0,81,15,38177,5393.762111,1,1,0,0,1,1,1,0,1,0,1
197.484,56.29735,0,79,12,6513,5412.849843,1,1,0,1,1,1,1,1,0,0,1
162.4653,70.85782,3,52,10,2892,6607.644904,1,0,0,1,1,1,0,0,0,0,1
207.6094,63.52797,3,59,12,5385,5768.104658,1,0,1,0,1,0,0,0,0,1,1
92.45514,68.64269,1,79,18,1327,6051.500521,1,1,0,1,1,0,0,0,0,0,0
210.1051,71.67026,2,32,11,2328,6953.434775,0,1,0,1,1,0,1,0,0,1,1
172.4579,62.47012,1,29,14,130,5588.834646,1,0,1,0,1,0,1,1,0,1,0
117.5152,71.36862,0,52,17,1370,6173.441338,0,0,0,0,1,1,1,1,0,0,0
92.45514,58.43075,4,50,13,3263,5319.904812,0,1,0,1,1,0,0,0,0,0,0
194.9581,50.09435,3,85,16,16382,4561.818178,0,0,1,0,1,1,1,0,0,1,0
182.4433,59.05181,0,25,11,69,5655.241249,0,0,0,1,1,0,1,0,0,0,1
194.9882,59.84762,3,41,13,3353,5413.209537,0,0,1,0,0,1,0,1,0,0,1
160.0013,68.92748,1,52,13,1775,5899.878533,0,0,1,0,1,1,0,1,0,0,0
187.6422,66.55543,1,57,11,639,5918.425104,1,1,0,0,1,0,0,0,1,1,1
194.9581,70.90494,2,44,14,1360,6370.632284,1,1,1,0,1,1,1,0,0,1,0
139.9816,50.77358,2,74,12,2439,4560.745226,0,1,0,0,1,0,1,1,0,1,0
129.9598,68.14733,1,82,11,21301,6235.95972,1,0,0,1,1,1,0,0,0,0,1
149.9707,67.62049,3,40,13,6846,5919.39345,0,0,0,0,1,0,1,0,1,0,1
149.9707,57.37651,5,41,10,558,5220.600311,1,1,0,0,1,0,1,0,1,0,1
199.9902,68.59473,10,85,15,56765,6749.102107,0,0,0,1,1,1,1,1,1,1,0
162.447,51.40304,2,82,8,227,4835.577166,0,0,0,1,1,0,1,0,1,0,1
92.45514,68.78714,3,42,10,265,6246.215724,0,1,0,1,1,0,0,0,0,0,0
169.9447,62.30113,2,88,18,332,5352.201748,0,0,1,0,0,0,0,0,0,1,0
152.4798,57.63584,0,65,20,1618,5025.121526,0,0,1,0,0,1,0,1,0,1,0
175.1331,53.36122,1,50,14,302,4855.947409,0,0,0,0,1,0,0,0,0,1,1
192.4705,63.47441,8,83,13,22447,5733.683956,1,0,1,0,1,0,0,1,0,0,1
149.989,66.31026,2,31,17,207,5941.885851,0,0,0,0,1,1,0,0,0,0,1
174.9755,51.68219,1,62,14,17398,4671.903355,1,0,1,0,1,1,1,1,0,1,0
149.9447,71.44166,1,89,12,241,6480.587744,1,0,0,1,1,0,0,0,0,1,0
164.9715,70.82444,1,62,14,260,6551.009938,0,1,0,1,1,1,0,0,1,1,0
114.9728,67.76809,3,62,6,21204,5676.566637,1,0,1,0,1,1,0,0,0,0,0
194.9581,56.41476,1,72,7,9110,5013.697903,1,0,1,0,1,1,1,0,0,1,0
222.6326,62.13301,3,54,8,121,6183.792283,1,1,0,1,1,1,0,0,0,1,1
117.472,71.16551,1,79,16,27998,5962.571357,1,0,0,0,1,0,0,0,1,1,0
127.4586,68.04429,2,49,9,293,5972.690077,1,0,0,0,1,0,1,0,0,1,0
154.9755,56.01076,0,66,9,16501,5396.171943,1,1,0,1,1,1,1,1,0,1,0
125.0073,49.85906,4,32,12,9026,4502.462771,0,0,0,0,1,0,0,1,0,0,0
192.4567,39.32461,0,81,16,2717,3352.072435,1,1,1,0,1,0,0,0,1,0,1
139.9875,68.526,2,45,16,332,6335.675334,1,0,0,1,1,1,0,0,1,0,0
169.9447,65.36086,2,37,8,568,5723.066248,1,0,1,0,1,0,0,0,0,1,0
147.4893,51.80639,1,46,9,722,4454.649814,0,0,0,0,1,0,1,0,1,0,0
137.4698,66.34362,0,46,11,802,6016.804026,0,0,0,1,1,0,0,0,1,0,0
252.6378,48.28818,1,82,12,9301,4492.45352,1,0,1,0,1,0,0,1,0,1,1
210.1518,36.82387,3,62,5,4971,3749.327724,0,0,0,0,1,0,1,1,0,1,1
142.4526,62.76892,0,61,9,26935,5881.167892,1,0,0,1,1,1,1,0,0,1,0
117.4392,55.55865,1,83,11,3139,5126.88947,0,1,0,1,0,0,0,0,0,1,0
187.6094,62.70376,2,75,9,41839,5983.767972,0,1,0,1,1,0,0,0,0,1,1
127.475,65.25844,3,36,15,19866,5644.976125,1,0,0,0,1,0,0,0,1,0,1
149.9845,50.43597,3,66,12,873,4503.081003,1,1,0,0,1,0,1,1,0,0,1
120.0035,61.77813,2,47,17,12645,5532.170372,0,0,0,0,0,1,0,1,0,1,0
262.6106,65.03892,1,38,13,1154,6018.077107,1,0,1,0,1,0,1,0,0,1,1
175.1331,50.89092,1,60,11,3139,4620.749694,0,0,0,0,1,0,0,0,0,1,1
127.4601,67.40315,0,36,7,116,6076.159311,0,0,0,1,1,0,1,0,1,0,0
182.4538,56.45799,2,83,14,700,4894.14385,1,0,1,0,1,0,0,0,1,1,0
137.4392,70.27281,3,74,10,360,5924.003898,0,0,1,0,1,0,0,0,0,1,0
157.4836,41.74273,7,72,19,3345,3716.351124,0,0,1,0,1,0,0,1,0,0,0
139.983,64.92325,4,39,11,65665,6071.410686,0,0,0,1,1,0,1,1,1,0,0
159.9942,58.76049,4,51,12,9400,5246.927502,1,0,0,0,1,0,0,1,0,0,1
127.482,48.09099,1,53,17,338,4036.529834,1,1,1,0,1,1,0,0,1,0,0
144.9607,60.49976,2,39,12,51097,5122.387687,0,0,1,0,0,0,0,0,0,0,0
139.9678,59.84496,1,34,12,276,5323.572726,0,0,0,0,1,0,1,0,1,1,0
127.4958,69.74808,1,46,21,37492,5997.124075,1,0,1,0,1,1,0,1,0,0,0
182.4433,63.90452,3,44,9,7244,6165.207912,1,0,0,1,1,0,1,0,0,0,1
255.1198,58.40109,4,56,15,2613,5925.343914,1,0,0,1,1,0,1,0,1,1,1
192.4705,71.52133,0,46,13,17600,6185.77752,0,1,1,0,1,0,0,1,0,0,1
147.4783,58.55948,3,43,15,1629,5138.564566,0,1,1,0,1,1,0,0,0,0,0
139.9875,64.1725,0,42,8,6359,5927.225005,1,0,0,1,1,1,0,0,1,0,0
157.4836,38.8517,1,46,10,1114,3462.288487,0,1,1,0,1,0,0,1,0,0,0
127.4958,68.41518,0,25,11,180,5925.975679,0,0,1,0,1,1,0,1,0,0,0
179.9476,67.14449,1,72,18,664,5687.54248,0,0,1,0,1,0,0,0,0,0,1
197.4876,66.97927,4,47,8,681,6035.036634,0,0,1,0,1,1,1,1,1,0,1
194.9581,65.98685,1,65,11,23370,5820.96516,1,0,1,0,1,1,1,0,0,1,0
129.9621,46.58138,2,59,9,28165,4585.928895,0,0,0,1,1,0,0,1,0,1,0
197.6288,63.13521,1,21,11,285,5845.877831,0,1,0,0,1,0,1,0,0,1,1
174.9618,58.172,8,51,10,4566,5421.452894,1,0,1,0,1,1,1,0,1,1,0
197.484,68.3119,0,89,11,1029,6446.795599,1,1,0,1,1,1,1,1,0,0,1
179.9476,71.25643,4,75,12,400,6106.984548,1,0,1,0,1,0,0,0,0,0,1
210.127,60.89154,4,40,11,16249,5673.309041,0,0,1,0,1,1,0,0,0,1,1
149.9741,48.3857,1,26,11,36423,4724.312922,0,0,0,1,1,1,1,0,0,0,0
222.6362,71.95713,1,54,14,6359,6493.121834,1,1,1,0,0,1,0,0,1,1,1
270.1604,67.08693,0,36,15,5394,6786.879873,0,0,0,1,0,1,1,1,1,1,1
210.1051,65.13005,9,89,10,5211,6493.208909,0,0,0,1,1,0,1,0,0,1,1
217.484,61.73523,0,33,6,907,5595.740821,0,0,1,0,1,1,1,1,0,0,1
162.5119,71.81426,2,35,17,4818,6382.61699,0,0,0,0,1,1,0,1,0,0,1
129.995,49.20927,1,42,15,17,4417.033945,0,0,0,0,1,0,0,1,1,1,0
182.447,64.88531,1,38,11,4776,5640.266565,1,0,1,0,1,0,1,0,1,0,1
222.6609,40.24973,2,21,10,29020,4090.94433,0,1,0,0,1,0,1,1,1,1,1
212.6415,69.97649,4,61,12,11289,6737.558934,1,0,0,1,1,0,0,1,1,1,1
184.9853,58.34647,0,53,8,7410,5194.643427,1,0,1,0,1,1,0,1,0,1,0
167.4564,42.34953,0,87,8,23878,3592.529146,0,0,1,0,1,0,1,0,0,0,0
147.4893,57.11409,0,30,13,52922,4911.224326,0,0,0,0,1,0,1,0,1,0,0
160.0122,54.37108,3,42,15,13020,4824.624209,1,0,0,0,1,0,1,1,1,0,0
229.9931,64.26648,1,35,7,214,5831.696572,1,1,1,0,1,1,1,1,1,0,1
242.6326,69.13737,5,31,13,7847,6481.198108,0,1,1,0,1,1,0,0,0,1,1
225.1457,46.24205,2,20,18,45652,5116.648865,1,0,0,1,1,1,1,1,0,1,1
164.9785,54.26571,1,58,10,2350,5274.06662,0,0,0,1,1,1,1,1,0,0,1
139.983,59.31818,2,49,11,3072,5517.787412,0,0,0,1,1,0,1,1,1,0,0
144.9607,69.33555,0,27,12,1684,5906.432884,1,1,1,0,1,0,0,0,0,0,0
210.1051,63.17917,3,39,19,3802,6265.527896,1,0,0,1,1,0,1,0,0,1,1
232.624,60.45619,2,61,7,489,5921.781561,0,0,0,1,1,0,0,0,1,1,1
127.4887,55.68371,4,74,15,18422,4929.748542,1,0,0,0,1,0,0,1,0,0,1
124.9935,38.06839,1,61,12,1301,3185.817507,1,0,0,0,1,0,0,0,1,0,0
212.6557,57.70698,0,57,14,1325,5331.810673,1,1,0,0,1,1,1,0,1,1,1
270.1604,44.60467,3,73,11,353,4868.722454,1,1,0,1,1,1,1,1,1,1,1
142.4827,71.28653,1,51,13,49,6597.676726,0,1,0,1,1,1,0,1,0,0,1
187.6422,71.37419,1,22,11,356,6475.070027,0,0,0,0,1,0,0,0,1,1,1
169.9447,62.02081,0,78,16,55937,5300.449639,0,1,1,0,1,0,0,0,0,1,0
139.9816,67.98776,8,44,18,2525,6207.251325,0,0,0,0,1,0,1,1,0,1,0
220.1323,50.52613,0,54,10,4225,4711.946736,0,0,1,0,0,0,0,1,0,1,1
169.9928,61.00511,2,52,12,451,5210.641825,1,0,1,0,1,0,0,1,1,0,0
167.4564,59.93377,0,45,17,4356,5088.760007,0,0,1,0,1,0,1,0,0,0,0
162.5005,61.0006,8,66,12,885,5544.892096,0,1,0,0,1,0,0,1,1,1,0
172.4579,66.7755,3,40,14,2871,5967.112269,1,0,1,0,1,0,1,1,0,1,0
114.9658,69.31336,8,32,12,26146,6222.228467,1,1,0,0,0,0,0,0,0,0,1
255.1336,61.67106,1,62,10,961,6209.128682,0,0,0,1,1,0,1,1,0,1,1
102.4746,60.1778,3,51,13,7799,5109.486658,1,0,0,0,1,0,1,0,0,0,0
134.9509,64.36371,0,23,12,422,5534.204852,0,0,1,0,1,0,1,0,0,0,0
149.9378,67.71776,2,48,12,2961,6279.520379,0,1,0,1,1,0,1,0,0,0,1
139.9349,67.70719,1,62,10,1517,6285.15592,1,0,0,1,1,0,1,0,0,1,0
149.9707,59.71984,4,59,12,4858,5322.807337,1,0,0,0,1,0,1,0,1,0,1
159.9794,67.75523,4,31,19,4006,6479.599891,1,1,0,1,1,0,1,1,0,0,0
104.9643,56.26602,1,86,12,5403,4936.469796,0,0,0,1,1,0,0,0,1,0,0
242.6143,62.65179,6,41,10,33960,5859.880253,1,1,1,0,0,0,1,0,1,1,1
140.0049,66.20027,1,30,9,2536,5680.91898,0,0,1,0,1,1,0,1,1,0,0
169.9671,49.26352,4,56,13,1724,4543.502908,0,0,0,0,1,0,1,0,0,0,1
149.9928,59.3332,0,28,12,20021,5504.260765,0,0,0,1,1,0,0,1,1,0,0
159.9349,69.54666,1,38,11,6,6101.070814,0,0,1,0,1,0,1,0,0,1,0
245.1283,54.16378,1,71,14,5622,5507.49448,0,1,0,1,1,1,1,0,0,1,1
172.4848,60.69643,1,29,13,2625,5469.377243,1,0,0,0,1,1,1,0,0,0,1
187.6094,66.67317,2,30,14,7993,6503.605593,1,1,0,1,1,0,0,0,0,1,1
200.1323,45.80397,3,64,9,143,4798.084751,1,0,0,1,1,0,0,1,0,1,1
169.9928,58.2078,2,67,10,560,4932.256357,1,0,1,0,1,0,0,1,1,0,0
192.4705,62.98803,2,24,15,16171,5620.276365,0,0,1,0,1,0,0,1,0,0,1
262.6106,67.50861,1,83,12,943,6119.953747,1,0,1,0,1,0,1,0,0,1,1
174.9618,67.96418,4,76,11,164,5971.644344,1,1,1,0,1,1,1,0,1,1,0
179.9656,71.4869,0,55,16,5967,6006.935704,0,0,1,0,1,0,1,0,1,0,0
184.9853,66.63268,4,64,15,13734,5960.671631,1,1,1,0,1,1,0,1,0,1,0
172.4871,70.43313,2,62,10,38334,6235.847135,0,0,0,0,1,0,1,1,0,1,0
147.4783,46.98814,1,30,18,35270,4089.200279,1,0,1,0,1,1,0,0,0,0,0
149.9447,70.69978,0,52,11,1604,6463.270745,1,0,0,1,1,0,0,0,0,1,0
192.4567,61.12405,1,20,8,2757,5451.33929,0,0,1,0,1,0,0,0,1,0,1
127.4601,61.4665,4,56,11,531,5729.575543,0,0,0,1,1,0,1,0,1,0,0
102.4746,56.77763,3,27,12,1838,4909.571736,0,1,0,0,1,0,1,0,0,0,0
255.1417,58.6688,0,59,9,5709,5382.024213,1,0,1,0,1,1,0,0,1,1,1
200.1323,54.67568,0,39,14,313,5467.571494,0,0,0,1,1,0,0,1,0,1,1
157.4698,51.11345,1,56,6,30795,4271.0951,1,0,1,0,1,0,0,0,1,0,0
162.5007,63.07329,7,84,10,37080,5608.639508,0,0,1,0,1,1,1,1,1,0,0
172.4579,66.81169,1,80,13,208,5824.416954,0,1,1,0,1,0,1,1,0,1,0
197.484,57.69575,3,22,13,268,5888.954237,1,0,0,1,1,1,1,1,0,0,1
192.4705,63.91757,1,63,11,1622,5620.075514,1,1,1,0,0,0,0,1,0,0,1
132.4798,69.88681,2,69,11,746,6537.94242,0,0,0,1,1,1,0,1,0,1,0
235.1555,68.53085,2,54,12,974,6809.432261,1,1,0,1,1,1,0,1,0,1,1
210.138,67.54816,2,74,14,121,6115.858738,1,1,0,0,1,0,1,0,1,1,1
230.1051,70.1175,1,42,14,77,6349.139653,0,0,1,0,1,0,1,0,0,1,1
184.9496,43.45813,0,28,14,1401,4408.149328,1,0,0,1,1,0,1,0,1,1,0
204.961,70.06451,1,66,12,15979,6197.953836,0,0,1,0,1,1,1,0,0,0,1
149.9915,57.22556,3,37,13,1079,5073.83646,0,0,1,0,1,1,1,1,0,0,0
210.138,56.45798,5,35,10,13736,5380.320825,1,0,0,0,1,0,1,0,1,1,1
154.9618,57.47194,1,86,8,2759,5447.340664,1,0,0,1,1,1,1,0,1,1,0
235.1591,64.57182,1,66,9,3268,5933.787702,1,0,1,0,1,1,0,1,1,1,1
149.9378,66.49211,8,23,9,218,6528.05337,0,0,0,1,1,0,1,0,0,0,1
179.9476,68.69674,4,27,9,1528,6054.623559,1,1,1,0,0,0,0,0,0,0,1
149.9845,58.30226,0,40,11,3213,5144.345915,1,0,0,0,1,0,1,1,0,0,1
252.624,62.43485,2,21,14,5430,5848.614354,0,0,1,0,1,0,0,0,1,1,1
184.9797,68.12367,8,37,14,37639,6597.155039,0,1,0,1,1,0,0,1,1,0,1
149.9915,61.20291,0,64,13,6402,5301.140786,0,0,1,0,1,1,1,1,0,0,0
212.6228,48.89289,3,46,5,14719,5194.247313,1,1,0,1,1,1,1,0,0,1,1
104.9923,62.17828,2,52,7,626,5314.541588,1,0,0,0,1,1,1,0,0,0,0
139.9678,51.05765,0,63,8,15288,4430.640106,0,1,0,0,1,0,1,0,1,1,0
172.4404,61.41766,1,37,8,2275,5876.66853,1,0,0,1,1,0,1,0,0,1,0
192.4567,66.80803,0,58,11,11342,5679.413102,0,1,1,0,1,0,0,0,1,0,1
104.9923,67.78586,1,45,11,34519,5766.181037,1,0,0,0,1,1,1,0,0,0,0
129.995,61.49459,0,81,9,36962,5265.014414,0,0,0,0,1,0,0,1,1,1,0
192.4885,50.27485,1,67,20,290,4345.452904,1,0,1,0,1,0,1,1,1,0,0
212.6415,54.55234,3,51,13,182,5561.852852,1,1,0,1,1,0,0,1,1,1,1
152.4624,68.67008,1,20,6,9523,6507.865826,0,0,0,1,1,1,0,0,0,1,0
245.1457,62.03084,2,71,11,52,5829.643329,1,0,1,0,1,1,1,1,0,1,1
127.4738,55.591,0,60,11,4832,5192.718983,1,0,0,1,0,0,1,1,0,0,0
162.4713,71.98828,3,40,13,24066,6304.569466,0,1,1,0,1,0,0,1,1,1,0
137.4616,61.70653,0,36,14,212,5351.253775,1,0,0,0,1,0,1,0,0,0,1
159.9349,68.23146,1,86,9,316,5835.931989,1,0,1,0,1,0,1,0,0,1,0
159.9794,57.33546,9,43,19,859,5658.119795,0,0,0,1,1,0,1,1,0,0,0
117.4858,41.93,1,87,13,1028,3621.670599,0,1,0,0,0,0,0,1,0,1,0
202.65,42.73824,4,32,16,94,4710.736343,0,0,0,1,1,1,0,1,0,1,1
139.9349,47.46129,4,38,16,1385,4750.23799,1,1,0,1,1,0,1,0,0,1,0
190.1737,61.70332,1,88,13,1177,5622.295605,0,1,0,0,1,1,0,1,0,1,1
210.1051,45.6406,4,42,12,25360,4810.343275,0,0,0,1,1,0,1,0,0,1,1
232.624,70.54929,1,23,11,9124,6842.591894,1,1,0,1,1,0,0,0,1,1,1
182.4433,71.26299,4,44,8,400,6716.643947,0,1,0,1,1,0,1,0,0,0,1
179.9794,49.19922,3,48,9,1708,4459.144157,0,1,1,0,1,0,1,1,0,0,0
214.9663,68.59441,4,49,13,936,6153.244903,0,0,1,0,1,0,1,1,0,0,1
182.4538,36.88048,4,28,12,25244,3531.898755,0,1,1,0,1,0,0,0,1,1,0
192.4567,63.86048,0,51,7,1735,5460.847751,1,1,1,0,1,0,0,0,1,0,1
104.9629,68.36284,3,40,13,2352,5918.039284,1,1,0,0,1,0,0,0,0,1,0
207.4811,66.03197,1,24,14,78,6005.171652,0,0,1,0,1,1,1,1,0,1,0
139.965,38.01787,3,22,8,3443,3953.160859,0,0,0,1,1,0,0,1,0,0,1
137.4872,55.13723,1,62,13,16665,4676.604059,1,1,1,0,1,0,0,1,1,0,0
184.9963,65.61344,3,48,5,5723,5921.940703,0,0,0,0,1,0,1,1,1,1,0
114.9728,54.79873,1,41,9,380,4703.453548,0,1,1,0,1,1,0,0,0,0,0
117.4686,45.91152,4,57,12,41392,4522.635377,1,0,0,1,1,1,1,0,0,0,0
152.466,47.56294,3,84,13,6635,4149.007278,0,0,1,0,1,1,0,0,1,1,0
149.9845,59.36326,4,34,9,4447,5374.093177,1,1,0,0,1,0,1,1,0,0,1
182.4762,54.79811,0,64,10,110,4769.664836,0,0,0,0,1,0,1,0,1,0,1
287.6427,66.8679,1,51,16,56233,6261.840951,1,1,1,0,1,0,1,1,1,1,1
117.4392,62.83739,0,67,14,4552,5744.96728,1,0,0,1,1,0,0,0,0,1,0
149.9621,54.41951,3,27,15,19919,4950.374878,1,0,1,0,1,0,0,1,0,1,0
152.4579,64.54829,1,73,13,3463,6075.403261,1,0,0,1,1,0,1,1,0,1,0
287.6427,65.52483,6,37,10,2047,6351.617139,0,1,1,0,0,0,1,1,1,1,1
207.6386,63.94696,3,85,11,7958,5742.088036,1,0,0,0,1,0,0,0,0,1,1
149.9598,55.505,2,36,14,518,4885.896119,1,0,1,0,0,1,0,0,0,0,1
127.4421,64.38615,1,18,11,15171,5980.119936,0,0,0,1,1,0,0,0,0,0,1
265.147,56.51219,0,77,12,1158,5203.296804,1,1,1,0,1,0,0,1,1,1,1
172.4404,47.11262,3,47,10,38383,4733.327376,1,0,0,1,1,0,1,0,0,1,0
152.4798,63.50859,1,71,10,325,5517.434596,0,0,1,0,1,1,0,1,0,1,0
159.965,67.61562,0,28,10,471,5852.816544,0,0,1,0,1,0,0,1,0,0,1
182.4538,71.24628,0,32,16,4442,6211.505298,1,1,1,0,1,0,0,0,1,1,0
220.1149,52.53836,3,35,9,2841,5431.77178,0,1,0,1,1,0,0,0,0,1,1
152.4579,58.13967,1,36,13,5490,5624.550489,0,0,0,1,1,0,1,1,0,1,0
179.9656,41.27155,0,49,11,30305,3550.827248,1,0,1,0,1,0,1,0,1,0,0
147.4421,61.91437,3,28,16,17448,5392.876359,1,0,1,0,1,0,0,0,0,0,1
159.9642,71.78213,1,43,12,447,6339.798083,0,1,0,0,1,0,1,0,0,1,0
184.961,51.74735,0,35,9,650,5181.433033,1,1,0,1,1,1,1,0,0,0,1
162.4608,67.16748,0,70,10,4395,6185.878482,1,0,0,1,0,0,1,1,0,0,1
134.9801,49.75092,4,42,14,18894,4387.374407,1,0,0,0,1,0,1,0,0,0,0
242.6143,65.86516,3,78,13,904,5948.573891,1,0,1,0,1,0,1,0,1,1,1
182.4608,46.86241,1,32,6,970,4346.289268,0,0,1,0,1,0,1,1,0,0,1
162.4818,65.40232,1,43,9,179,5845.199618,0,0,0,0,1,1,1,0,0,1,0
169.9378,64.58418,0,26,11,20006,5619.82827,1,0,1,0,1,0,1,0,0,0,1
194.9699,53.08332,3,37,7,94,4823.231075,0,0,1,0,1,0,1,1,1,0,1
184.9496,71.91339,6,18,14,3060,6957.206381,1,0,0,1,1,0,1,0,1,1,0
149.9483,67.25763,0,69,11,916,5691.423795,1,0,1,0,1,0,0,0,1,1,0
149.9621,58.50824,2,25,17,1860,5214.115508,0,0,1,0,1,0,0,1,0,1,0
172.5104,71.4622,3,73,10,4298,6104.609294,1,0,1,0,0,1,0,1,1,0,0
142.4526,70.67499,2,33,11,2105,6682.345453,1,0,0,1,1,1,1,0,0,1,0
194.9882,60.51117,0,85,11,18529,5230.965245,1,1,1,0,1,1,0,1,0,0,1
114.9728,45.25561,0,29,14,1060,3847.783663,0,0,1,0,1,1,0,0,0,0,0
149.9845,64.22099,2,18,15,15436,5845.299468,1,1,0,0,1,0,1,1,0,0,1
144.9607,70.2187,2,55,10,522,5866.278162,1,0,1,0,1,0,0,0,0,0,0
184.967,47.81985,1,83,17,72479,4262.753521,0,1,1,0,1,0,1,1,1,1,0
112.4551,68.28659,0,37,13,14942,5633.460754,1,0,1,0,1,0,0,0,0,0,0
187.656,71.5701,0,87,10,1626,6328.049165,1,0,0,0,0,0,0,1,0,1,1
232.6378,59.14141,1,52,11,300,5940.651428,0,1,0,1,1,0,0,1,0,1,1
240.1149,58.12044,1,72,12,14696,5292.78252,0,0,1,0,0,0,0,0,0,1,1
210.127,64.28134,2,28,11,14801,5975.890408,0,0,1,0,1,1,0,0,0,1,1
242.6326,65.2394,2,64,19,5325,5961.257871,0,1,1,0,1,1,0,0,0,1,1
222.65,65.31873,2,20,8,46327,6125.213003,1,0,1,0,1,1,0,1,0,1,1
252.6378,54.12731,2,32,13,2001,5165.616078,1,1,1,0,1,0,0,1,0,1,1
204.9496,40.73055,3,33,15,613,3847.123645,1,0,1,0,1,0,1,0,1,1,0
152.4579,64.98884,0,62,16,64,6116.781073,1,0,0,1,1,0,1,1,0,1,0
147.4783,71.74549,2,63,9,1024,6122.640412,0,0,1,0,1,1,0,0,0,0,0
182.4762,65.9436,2,76,8,45,5787.413462,0,0,0,0,1,0,1,0,1,0,1
172.4885,51.54301,0,31,12,18272,4950.103922,0,0,0,1,1,0,1,1,1,0,0
137.5165,71.13061,1,23,9,2301,6104.598627,0,0,0,0,1,0,0,1,1,0,0
149.9741,62.4021,3,86,6,18185,5737.637102,0,0,0,1,1,1,1,0,0,0,0
159.965,66.17677,4,33,12,14657,5923.952015,1,1,1,0,1,0,0,1,0,0,1
235.1417,66.81622,0,32,11,38335,6551.623181,0,0,0,1,1,1,0,0,1,1,1
252.624,47.65766,4,86,15,48775,4439.207305,0,0,1,0,1,0,0,0,1,1,1
222.6281,66.01153,0,67,10,30274,6398.595369,0,1,0,1,1,0,1,1,0,1,1
227.4754,64.62103,0,37,15,8335,5748.202465,1,0,1,0,1,0,1,1,1,0,1
105.011,65.64436,1,62,13,2057,5455.249378,0,0,0,0,1,0,0,1,1,0,0
94.97283,61.91633,0,58,8,1153,5531.341307,1,1,0,1,1,1,0,0,0,0,0
197.6288,58.97078,2,43,14,490,5510.361577,0,1,0,0,1,0,1,0,0,1,1
112.4844,65.45503,2,69,13,801,5430.052321,1,1,0,0,1,0,0,0,0,0,0
187.5139,66.36071,2,89,14,784,5893.164803,1,1,0,0,1,1,1,1,1,1,0
222.6609,69.91714,1,57,10,121,6373.012781,0,1,0,0,1,0,1,1,1,1,1
242.6143,49.86477,3,29,12,12802,4798.189466,1,0,1,0,1,0,1,0,1,1,1
287.6427,41.3275,0,34,14,108,4147.013836,1,0,1,0,1,0,1,1,1,1,1
222.6281,56.5003,3,78,13,1875,5722.608267,0,0,0,1,1,0,1,1,0,1,1
179.9476,57.55841,3,21,11,45158,5130.859668,0,0,1,0,1,0,0,0,0,0,1
222.6143,65.26459,1,69,10,13216,6280.796851,1,0,0,1,1,0,1,0,1,1,1
190.1599,68.01321,1,84,20,6225,6024.552428,0,1,0,0,1,1,0,0,1,1,1
104.9629,69.05044,4,22,15,450,6064.179779,1,0,0,0,1,0,0,0,0,1,0
257.6513,68.90605,5,77,9,1284,6904.05739,0,0,0,1,1,1,1,1,0,1,1
124.9643,70.33871,1,73,16,8230,5718.68358,0,0,1,0,1,0,0,0,1,0,0
245.1283,59.27052,1,79,13,1635,5899.700912,1,1,0,1,1,1,1,0,0,1,1
232.6378,36.88134,3,37,13,4308,4180.404092,0,0,0,1,1,0,0,1,0,1,1
182.4653,58.42671,1,81,13,18,5018.922157,1,1,1,0,0,1,0,0,0,0,1
92.45514,70.11539,3,44,13,3662,6348.492212,1,0,0,1,0,0,0,0,0,0,0
174.9744,50.97055,0,86,19,1916,4778.620483,0,0,0,1,1,1,0,0,1,0,1
149.9378,70.54541,8,87,15,5849,6568.053155,0,0,0,1,1,0,1,0,0,0,1
139.9568,62.91776,0,24,14,392,5507.18923,0,1,1,0,1,1,0,0,0,1,0
262.6106,55.10455,1,31,11,696,5274.080857,1,0,1,0,1,0,1,0,0,1,1
220.1478,70.39347,1,83,14,751,6266.666067,0,1,0,0,1,0,0,0,1,1,1
222.6143,45.10633,0,49,12,122,4710.915257,0,0,0,1,1,0,1,0,1,1,1
172.4579,62.23238,2,78,13,1104,5439.486404,1,0,1,0,1,0,1,1,0,1,0
257.6549,56.98279,1,59,9,1588,5381.845958,1,1,1,0,1,1,1,1,1,1,1
117.4858,56.84758,0,43,9,2390,5004.513585,0,1,0,0,1,0,0,1,0,1,0
169.9447,49.59993,2,22,15,39,4480.828708,1,1,1,0,1,0,0,0,0,1,0
137.4686,70.50302,3,68,19,16853,6057.265464,0,0,1,0,1,1,1,0,0,0,0
182.447,57.89585,0,35,9,1567,5128.90263,0,0,1,0,1,0,1,0,1,0,1
130.0064,63.58391,0,51,14,330,5604.547333,0,1,0,0,0,1,0,1,0,0,1
124.9781,51.08011,0,86,9,3137,4148.090988,1,1,1,0,1,0,0,1,0,0,0
142.5007,53.79471,3,46,13,899,5181.030493,1,1,0,1,1,1,1,1,1,0,0
242.6435,53.06052,0,51,13,4066,4967.50972,0,1,0,0,1,0,1,0,1,1,1
179.9476,62.96952,3,76,13,255,5476.19566,0,1,1,0,1,0,0,0,0,0,1
147.4564,62.55541,0,41,11,3764,5812.466707,0,0,0,1,1,0,1,0,0,0,0
262.6106,68.31311,3,80,12,276,6210.2238,1,0,1,0,1,0,1,0,0,1,1
190.1737,64.12593,1,19,13,621,5999.971412,0,0,0,0,1,1,0,1,0,1,1
174.9919,59.39367,4,66,14,51082,5339.490928,1,0,1,0,1,1,0,1,1,0,1
160.0013,63.98562,1,66,13,14634,5449.052305,0,0,1,0,1,1,0,1,0,0,0
124.9643,55.58159,0,41,10,1057,4665.934869,1,0,1,0,1,0,0,0,1,0,0
147.4893,52.21545,3,51,13,2275,4533.343418,1,0,0,0,1,0,1,0,1,0,0
117.4392,53.61209,1,32,13,1939,5134.60308,1,1,0,1,1,0,0,0,0,1,0
147.4783,50.54849,3,27,12,5428,4452.333316,1,1,1,0,1,1,0,0,0,0,0
190.127,62.33818,3,46,15,2068,6201.935276,0,0,0,1,1,1,0,0,0,1,1
117.4392,67.2599,1,45,12,879,6210.252604,0,0,0,1,1,0,0,0,0,1,0
229.9931,54.396,3,28,17,33551,5189.736525,1,0,1,0,1,1,1,1,1,0,1
152.4907,54.53013,1,89,14,3934,4745.853799,0,1,0,0,1,0,1,1,1,1,0
182.4676,40.32467,0,57,7,1166,3629.658181,0,0,1,0,1,0,0,1,0,1,0
222.65,67.58811,0,52,17,18869,6144.675099,1,0,1,0,1,1,0,1,0,1,1
159.9656,52.0997,0,66,16,113,4878.10553,0,0,0,1,1,0,1,0,1,0,0
230.1051,70.02925,1,51,15,28508,6359.455223,1,0,1,0,1,0,1,0,0,1,1
242.6281,62.2937,2,20,10,581,5896.135561,0,0,1,0,1,0,1,1,0,1,1
204.9634,69.97639,2,65,10,5005,6188.586368,1,1,1,0,1,0,1,1,0,1,0
129.9621,56.09767,2,83,10,3263,5286.98629,1,1,0,1,1,0,0,1,0,1,0
174.9882,48.92659,5,73,10,2841,4888.511162,1,0,0,1,1,1,0,1,0,0,1
117.4392,64.90171,5,69,12,79010,5975.364608,1,0,0,1,0,0,0,0,0,1,0
152.466,52.36016,0,67,12,937,4505.46376,0,0,1,0,1,1,0,0,1,1,0
242.6143,47.24188,8,42,13,27851,4694.576597,1,0,1,0,1,0,1,0,1,1,1
124.9935,49.88118,4,51,12,1331,4361.159098,1,0,0,0,1,0,0,0,1,0,0
162.5007,51.39351,2,32,14,32019,4668.189279,1,0,1,0,1,1,1,1,1,0,0
159.9942,64.33331,3,81,11,29232,5656.693914,1,0,0,0,1,0,0,1,0,0,1
182.4608,58.06953,2,89,13,165,5026.193308,1,0,1,0,1,0,1,1,0,0,1
149.9378,55.29166,4,77,9,770,5310.127657,0,0,0,1,1,0,1,0,0,0,1
182.4538,68.82747,2,79,10,331,5920.786804,1,0,1,0,1,0,0,0,1,1,0
179.9656,68.26584,0,59,15,1224,5729.894172,0,0,1,0,1,0,1,0,1,0,0
134.9509,58.42342,1,81,11,12562,4805.808191,0,0,1,0,1,0,1,0,0,0,0
147.4738,50.84495,0,28,10,650,4495.259979,0,0,1,0,1,0,1,1,0,0,0
159.9512,63.87305,3,30,8,40248,5633.418217,1,0,1,0,1,0,0,0,1,0,1
184.9634,43.18866,5,62,12,62916,4556.395722,1,0,0,1,1,0,1,1,0,1,0
159.9642,64.2522,1,43,12,4986,5722.812198,0,0,0,0,1,0,1,0,0,1,0
139.965,48.79391,1,56,11,1357,4663.083428,0,0,0,1,1,0,0,1,0,0,1
139.9349,51.54883,1,29,8,2060,5022.316317,1,0,0,1,1,0,1,0,0,1,0
144.9607,70.24032,1,52,17,1166,5847.100806,1,1,1,0,1,0,0,0,0,0,0
159.9794,66.8616,0,30,18,539,6286.517671,0,0,0,1,1,0,1,1,0,0,0
139.9349,43.2029,1,47,5,5068,4326.507187,1,0,0,1,1,0,1,0,0,1,0
129.9598,48.36469,1,72,14,3547,4565.513222,1,1,0,1,1,1,0,0,0,0,1
147.4893,46.39161,0,80,18,15702,3951.00192,0,0,0,0,1,0,1,0,1,0,0
207.4811,65.51344,1,70,12,2473,5850.927531,1,0,1,0,1,1,1,1,0,1,0
162.4827,70.74092,2,70,11,24674,6190.252926,1,1,1,0,1,1,0,1,0,0,1
257.6549,51.04299,9,18,11,7246,5322.906337,0,0,1,0,1,1,1,1,1,1,1
190.127,69.78016,0,24,11,5523,6744.437459,0,0,0,1,1,1,0,0,0,1,1
255.1198,59.99904,1,80,15,2156,5885.235129,0,0,0,1,1,0,1,0,1,1,1
194.9882,58.50038,4,62,9,15591,5264.752684,1,0,1,0,1,1,0,1,0,0,1
124.9607,65.84668,0,27,11,3777,5951.771265,1,1,0,1,1,0,0,0,0,0,0
210.1563,47.40865,1,79,15,1444,4467.334158,0,0,0,0,1,1,0,0,0,1,1
107.4958,64.91404,3,68,12,10856,5921.680845,1,0,0,1,1,1,0,1,0,0,0
210.1051,69.27282,0,28,12,3591,6708.539556,0,0,0,1,1,0,1,0,0,1,1
174.9768,62.20392,1,37,9,1124,5936.572086,0,0,0,1,1,0,0,1,1,1,0
235.1372,63.07037,0,20,10,104,6316.02224,1,0,0,1,1,0,1,1,1,1,1
179.9794,41.54053,3,85,8,7147,3710.298126,1,0,1,0,1,0,1,1,0,0,0
144.9607,55.27064,0,72,9,3515,4606.446472,1,0,1,0,1,0,0,0,0,0,0
162.4653,48.00544,3,59,8,583,4794.505137,1,1,0,1,1,1,0,0,0,0,1
265.147,70.84337,0,58,11,12492,6392.803419,0,1,1,0,1,0,0,1,1,1,1
222.6326,70.14056,0,68,13,19586,6662.597959,1,1,0,1,1,1,0,0,0,1,1
194.9744,68.53399,0,60,14,41151,5971.766968,1,0,1,0,1,1,0,0,1,0,1
257.6513,67.8068,0,86,12,17644,6677.609286,1,0,0,1,1,1,1,1,0,1,1
149.989,69.18745,2,81,3,2072,6013.704356,1,0,0,0,1,1,0,0,0,0,1
200.1185,70.40235,0,67,16,18609,6583.556553,0,0,0,1,1,0,0,0,1,1,1
159.9942,58.17786,10,36,10,513,5515.361269,0,1,0,0,1,0,0,1,0,0,1
79.97886,55.78075,0,53,6,1074,4638.586726,1,0,0,0,1,0,0,0,0,0,0
179.9476,68.9214,0,77,11,8284,5785.96133,0,0,1,0,1,0,0,0,0,0,1
255.1336,70.33868,3,62,12,127,6933.85068,1,1,0,1,1,0,1,1,0,1,1
217.484,70.27195,2,76,11,19141,6215.809536,0,0,1,0,1,1,1,1,0,0,1
137.4616,55.57772,2,85,10,26601,4749.988334,1,0,0,0,1,0,1,0,0,0,1
209.9931,62.77522,10,31,12,9427,6413.177133,1,0,0,1,1,1,1,1,1,0,1
157.4836,48.98259,1,25,14,20435,4361.243355,1,0,1,0,1,0,0,1,0,0,0
200.1323,45.75966,1,76,12,33661,4646.487467,1,1,0,1,1,0,0,1,0,1,1
159.9875,55.16171,0,76,10,1251,4581.646496,0,0,1,0,1,1,0,0,1,0,0
187.6094,67.70405,0,70,9,40778,6348.304776,0,0,0,1,1,0,0,0,0,1,1
157.4836,58.58252,1,26,18,4622,5062.276295,1,0,1,0,0,0,0,1,0,0,0
152.4555,63.78532,4,61,16,246,6133.741768,0,1,0,1,1,1,1,0,0,0,1
124.9607,39.52545,7,89,13,42614,3807.283723,0,0,0,1,1,0,0,0,0,0,0
164.9785,63.83787,8,83,14,723,6274.202037,0,0,0,1,1,1,1,1,0,0,1
164.9647,71.12765,2,62,5,8407,6674.831266,0,1,0,1,1,1,1,0,1,0,1
139.9678,54.23761,2,43,11,3521,4865.394915,1,0,0,0,1,0,1,0,1,1,0
174.9699,61.08796,1,57,12,367,5765.465884,0,0,0,1,1,0,1,1,1,0,1
172.5104,69.63521,1,62,13,163,5929.405615,0,1,1,0,1,1,0,1,1,0,0
230.1051,51.35655,4,68,10,11848,4819.017885,1,0,1,0,1,0,1,0,0,1,1
149.9447,62.71297,1,40,11,1231,5878.97721,0,0,0,1,1,0,0,0,0,1,0
132.5127,65.40394,4,55,10,34781,5868.925353,0,0,0,0,1,1,0,1,1,1,0
192.4404,46.68593,0,59,9,7,4200.226885,0,0,1,0,1,0,1,0,0,1,0
275.1336,67.5017,2,60,9,38321,6263.672907,0,1,1,0,1,0,1,1,0,1,1
104.9923,58.69071,4,35,14,94,5228.370034,0,1,0,0,1,1,1,0,0,0,0
142.5156,67.71293,3,68,16,678,5983.810886,0,1,0,0,1,1,0,1,1,0,1
125.0073,60.96912,1,60,10,243,5228.641848,1,1,0,0,1,0,0,1,0,0,0
229.9931,59.9904,3,27,8,1089,5569.122833,1,0,1,0,1,1,1,1,1,0,1
222.6609,64.94053,0,33,17,6328,6060.196481,1,0,0,0,1,0,1,1,1,1,1
107.482,51.38074,0,75,15,2860,4616.664022,1,0,0,1,1,1,0,0,1,0,0
119.9568,60.12954,3,37,12,8778,5789.007701,1,1,0,1,1,1,0,0,0,1,0
162.4827,52.95931,1,56,4,2942,4666.095949,0,0,1,0,1,1,0,1,0,0,1
217.484,70.28492,1,68,11,291,6212.316389,1,0,1,0,0,1,1,1,0,0,1
92.5018,46.076,4,30,11,442,4044.807347,1,0,0,0,1,0,0,1,0,0,0
117.4686,70.45268,1,83,13,15261,6273.600277,0,0,0,1,1,1,1,0,0,0,0
204.961,62.86179,3,64,8,26809,5675.905105,0,1,1,0,1,1,1,0,0,0,1
172.4579,68.3486,0,89,14,29911,5843.001421,0,1,1,0,1,0,1,1,0,1,0
134.9509,68.04513,3,84,10,4354,5645.924053,1,1,1,0,1,0,1,0,0,0,0
94.97283,51.19372,5,80,17,22553,4734.546819,0,1,0,1,1,1,0,0,0,0,0
162.4608,63.20163,2,69,16,4901,5921.944651,0,0,0,1,1,0,1,1,0,0,1
242.6281,65.50762,1,42,10,1551,6056.561962,1,0,1,0,1,0,1,1,0,1,1
172.4885,71.805,2,70,11,316,6626.316041,1,0,0,1,1,0,1,1,1,0,0
137.4684,63.83868,2,29,13,1668,5585.510396,1,0,0,0,1,0,0,0,0,1,0
142.4526,71.97382,3,43,14,2421,6833.821068,1,0,0,1,1,1,1,0,0,1,0
119.9568,51.68157,0,78,9,16425,4822.96735,1,0,0,1,1,1,0,0,0,1,0
212.6228,68.67656,4,49,13,1162,6836.227251,0,0,0,1,1,1,1,0,0,1,1
117.4686,67.72471,1,72,5,1305,6168.427344,1,1,0,1,1,1,1,0,0,0,0
245.132,66.21743,0,76,6,7360,6013.898703,0,1,1,0,0,1,1,0,1,1,1
149.9778,66.29727,3,53,11,6544,5766.157948,0,0,1,0,1,1,1,0,1,0,0
162.497,51.67996,1,54,10,32257,4987.58141,1,0,0,1,1,1,1,1,0,0,0
139.983,70.11749,1,79,16,796,6273.515792,1,0,0,1,1,0,1,1,1,0,0
209.9931,63.25715,3,41,11,745,6286.671937,0,0,0,1,1,1,1,1,1,0,1
127.4601,55.36779,6,57,6,1973,5205.865095,0,0,0,1,1,0,1,0,1,0,0
207.4811,70.42914,0,21,13,1776,6383.577895,1,0,1,0,1,1,1,1,0,1,0
169.9447,61.35472,0,41,14,61860,5367.181608,0,1,1,0,1,0,0,0,0,1,0
182.4608,67.08536,4,84,9,13493,5842.892958,1,0,1,0,1,0,1,1,0,0,1
137.4686,47.59384,0,72,15,25335,3992.381842,0,1,1,0,1,1,1,0,0,0,0
252.6378,64.77844,1,76,14,11725,5863.301733,1,0,1,0,1,0,0,1,0,1,1
127.4421,69.22361,1,25,15,8307,6353.540649,1,0,0,1,1,0,0,0,0,0,1
200.1652,65.97991,0,80,15,365,5897.274439,0,1,0,0,1,0,0,1,1,1,1
139.9349,68.78508,0,65,11,618,6285.801266,1,0,0,1,1,0,1,0,0,1,0
107.4806,46.38121,4,23,15,1063,4278.637138,0,0,0,0,1,1,0,0,0,1,0
162.4653,40.80483,5,19,12,1292,4397.21741,0,0,0,1,1,1,0,0,0,0,1
212.6228,50.98888,2,42,12,14413,5301.26466,1,0,0,1,1,1,1,0,0,1,1
229.9931,66.19976,0,74,12,2057,5913.740403,0,0,1,0,1,1,1,1,1,0,1
127.4586,46.77244,3,25,17,7917,4339.192341,0,0,0,0,1,0,1,0,0,1,0
187.4847,38.64796,4,32,9,728,3798.942746,1,0,1,0,1,1,1,1,1,1,0
172.4624,58.3401,0,48,10,1773,5172.422992,1,0,1,0,1,1,0,0,0,1,0
232.624,51.74095,2,73,16,2568,5168.330032,0,1,0,1,0,0,0,0,1,1,1
187.4847,51.91699,1,24,8,4901,4820.053166,1,0,1,0,1,1,1,1,1,1,0
119.9897,52.66362,5,78,20,2981,4648.186854,1,1,0,0,1,1,0,0,1,1,0
225.1457,65.09341,1,33,9,2986,6587.881944,1,0,0,1,1,1,1,1,0,1,1
152.4555,60.19463,0,55,17,15,5736.061108,1,0,0,1,0,1,1,0,0,0,1
172.5104,66.98322,4,51,9,61818,5922.812261,1,0,1,0,1,1,0,1,1,0,0
179.9476,54.51932,7,82,14,3937,4887.271461,0,0,1,0,1,0,0,0,0,0,1
182.4653,57.67058,3,76,15,375,5034.929065,1,0,1,0,0,1,0,0,0,0,1
220.1323,67.86253,0,20,13,27728,6196.873658,0,1,1,0,1,0,0,1,0,1,1
162.4689,63.90801,4,40,15,3133,5627.198878,0,0,1,0,1,1,0,0,1,0,1
190.127,69.59294,2,30,8,149,6818.04834,0,1,0,1,1,1,0,0,0,1,1
245.1457,48.04631,10,69,13,5516,4889.562199,0,0,1,0,1,1,1,1,0,1,1
255.1336,58.17852,0,75,13,3853,5849.55113,1,1,0,1,0,0,1,1,0,1,1
235.1884,54.06378,2,29,13,42741,5249.77275,0,0,0,0,1,1,0,1,1,1,1
232.624,58.08347,0,43,17,1659,5724.812194,1,1,0,1,1,0,0,0,1,1,1
194.9525,67.44709,4,84,13,41014,6277.155334,1,1,0,1,1,0,1,0,1,0,1
164.9853,51.47333,1,54,8,794,5072.473187,0,0,0,1,1,1,0,1,0,1,0
225.132,69.22859,3,82,10,42463,6746.802832,0,0,0,1,1,1,1,0,1,1,1
149.9598,60.15609,4,49,12,300,5368.229398,1,1,1,0,1,1,0,0,0,0,1
222.6362,60.49719,1,38,15,16088,5559.5235,1,1,1,0,1,1,0,0,1,1,1
154.9618,67.86978,1,66,13,46647,6364.89034,1,0,0,1,1,1,1,0,1,1,0
267.6647,53.62757,3,26,15,5547,5254.650966,0,0,1,0,0,1,0,1,1,1,1
92.48802,68.36641,1,40,11,7436,5665.272905,0,1,0,0,1,0,0,0,1,0,0
119.9897,66.57411,0,20,13,2050,5871.273948,1,0,0,0,1,1,0,0,1,1,0
112.4844,65.9999,1,20,11,157,5604.566058,1,1,0,0,1,0,0,0,0,0,0
210.1051,62.08636,4,39,10,24089,6253.824131,1,0,0,1,1,0,1,0,0,1,1
172.4871,70.99802,3,59,10,20765,6369.806909,1,0,0,0,1,0,1,1,0,1,0
179.9794,66.49538,4,47,12,2674,5910.417848,0,0,1,0,1,0,1,1,0,0,0
114.9838,56.53633,2,42,14,48382,4814.158709,0,0,0,0,1,0,1,0,1,0,0
159.9642,45.69588,4,37,17,2238,4267.319291,1,0,0,0,1,0,1,0,0,1,0
255.1198,67.56344,2,74,13,45885,6555.502175,0,1,0,1,1,0,1,0,1,1,1
167.4847,65.84526,2,89,14,999,6192.473684,1,0,0,1,1,1,1,1,1,1,0
184.9963,68.90677,3,50,12,841,6232.28589,1,0,0,0,1,0,1,1,1,1,0
194.9581,66.78392,3,42,13,210,6023.253234,0,1,1,0,1,1,1,0,0,1,0
114.9509,66.78484,0,35,16,10122,6024.452028,0,0,0,1,1,0,1,0,0,0,0
157.4698,67.50379,2,55,12,827,5730.433744,0,0,1,0,1,0,0,0,1,0,0
127.4586,60.58684,1,25,18,7290,5409.545415,0,1,0,0,1,0,1,0,0,1,0
107.4958,44.79567,0,75,13,3809,4157.920412,0,0,0,1,1,1,0,1,0,0,0
149.9483,66.1916,3,80,19,16715,5613.310447,1,0,1,0,1,0,0,0,1,1,0
139.965,62.4919,6,79,12,112,5863.981501,1,0,0,1,1,0,0,1,0,0,1
129.9483,58.52641,2,46,14,66531,5479.424336,1,0,0,1,1,0,0,0,1,1,0
179.9476,57.7475,3,36,12,137,5097.174241,1,0,1,0,0,0,0,0,0,0,1
127.4601,58.94262,2,25,10,4501,5562.842119,0,0,0,1,1,0,1,0,1,0,0
275.1336,64.51973,2,61,14,1118,6016.058199,0,0,1,0,1,0,1,1,0,1,1
197.6288,40.82315,0,26,15,63,4017.55183,1,0,0,0,1,0,1,0,0,1,1
200.1465,52.15024,0,63,6,2389,4899.562179,1,0,0,0,1,1,1,0,0,1,1
190.127,60.49154,0,39,15,1595,5934.168034,0,0,0,1,1,1,0,0,0,1,1
240.1149,67.98943,0,22,13,469,6234.573082,1,1,1,0,1,0,0,0,0,1,1
114.9509,53.32394,0,60,12,1463,4839.528738,1,0,0,1,1,0,1,0,0,0,0
129.9483,71.09348,1,40,14,2976,6545.083981,1,0,0,1,1,0,0,0,1,1,0
182.4676,60.24235,9,78,17,526,5469.880413,1,1,1,0,1,0,0,1,0,1,0
232.624,50.69374,5,76,12,1011,5165.041808,1,0,0,1,1,0,0,0,1,1,1
187.6094,63.36271,0,58,13,517,6078.982231,1,1,0,1,1,0,0,0,0,1,1
214.9525,47.3962,0,42,12,393,4235.297978,1,0,1,0,1,0,1,0,1,0,1
107.4806,66.64396,4,40,12,29617,5883.186087,1,1,0,0,1,1,0,0,0,1,0
159.983,60.57969,3,52,11,2831,5228.606985,1,0,1,0,1,0,1,1,1,0,0
182.4762,55.97831,3,23,13,12541,5093.145531,1,0,0,0,1,0,1,0,1,0,1
147.4783,70.68617,1,57,13,369,6024.728963,0,0,1,0,1,1,0,0,0,0,0
149.9378,58.73351,5,51,16,901,5625.88893,1,0,0,1,1,0,1,0,0,0,1
172.4567,71.51635,4,38,10,86811,6667.408481,1,1,0,1,1,0,0,0,1,0,1
169.9671,48.77002,6,75,17,2432,4420.056022,0,0,0,0,1,0,1,0,0,0,1
210.127,68.34459,7,46,11,28576,6356.677859,0,1,1,0,1,1,0,0,0,1,1
232.6228,61.27787,2,73,11,12864,5676.244141,1,0,1,0,1,1,1,0,0,1,1
164.967,65.63224,0,26,13,44641,6205.739711,0,0,0,1,1,0,1,1,1,1,0
112.4551,63.08151,2,69,6,392,5163.620396,1,0,1,0,1,0,0,0,0,0,0
152.4798,42.01957,6,51,20,645,3976.166899,0,1,1,0,0,1,0,1,0,1,0
169.9741,65.68687,3,75,15,58797,5629.354953,1,1,1,0,1,1,1,0,0,0,0
165.0182,60.14219,4,50,10,3443,5526.132591,0,0,0,0,1,1,0,1,1,1,0
179.9794,47.94936,0,81,9,1627,4073.89846,0,1,1,0,1,0,1,1,0,0,0
152.5022,68.22138,0,20,4,2153,6097.873428,1,0,0,0,1,1,1,1,0,0,1
137.4392,39.97152,5,37,11,158,3710.175331,0,0,1,0,1,0,0,0,0,1,0
240.1149,64.87596,0,19,15,10810,5989.298293,1,0,1,0,1,0,0,0,0,1,1
172.4733,50.53589,1,50,7,271,4580.300146,1,0,0,0,1,0,1,0,1,1,0
149.9741,60.95525,0,21,12,14684,5739.842827,0,1,0,1,1,1,1,0,0,0,0
265.1283,67.21909,3,76,18,321,6255.953775,1,1,1,0,1,1,1,0,0,1,1
152.4884,48.87162,8,54,10,6508,4648.662738,1,1,0,0,1,1,1,0,1,0,1
127.4958,70.28113,4,62,13,3876,5998.410517,0,0,1,0,0,1,0,1,0,0,0
172.4624,47.16189,4,22,12,10045,4464.887759,1,1,1,0,1,1,0,0,0,1,0
129.9483,65.2185,5,83,15,4489,5998.804194,0,0,0,1,1,0,0,0,1,1,0
187.4811,39.70805,2,51,10,4646,4290.116592,1,0,0,1,1,1,1,1,0,1,0
204.9634,66.33852,1,72,10,26863,5883.826226,1,0,1,0,1,0,1,1,0,1,0
247.6647,58.2471,3,84,10,370,5856.498648,1,0,0,1,1,1,0,1,1,1,1
129.9621,61.16472,3,40,10,19361,5826.881326,1,1,0,1,1,0,0,1,0,1,0
159.9476,59.9106,0,68,10,31859,5572.923222,0,0,0,1,1,0,0,0,0,0,1
117.472,55.24136,0,35,12,7234,4818.30969,1,0,0,0,0,0,0,0,1,1,0
194.9882,67.69161,0,71,13,42522,5947.501922,0,0,1,0,1,1,0,1,0,0,1
147.4783,59.0652,3,48,11,1337,5081.322485,1,0,1,0,1,1,0,0,0,0,0
182.4538,62.58001,4,89,13,3408,5390.61261,1,1,1,0,1,0,0,0,1,1,0
162.5299,69.0717,7,24,11,5515,6286.518729,1,0,0,0,1,1,1,1,1,0,0
137.4616,68.55021,6,61,11,4269,6014.752174,1,1,0,0,1,0,1,0,0,0,1
175.1331,69.06918,1,75,15,63,6108.111467,0,1,0,0,1,0,0,0,0,1,1
159.9349,53.89174,3,84,8,1319,4729.092575,0,0,1,0,1,0,1,0,0,1,0
124.9643,60.1541,0,64,11,6638,4882.901543,1,0,1,0,1,0,0,0,1,0,0
112.4551,53.79108,1,46,13,9152,4529.292662,0,0,1,0,1,0,0,0,0,0,0
265.1283,57.16367,1,73,12,3817,5333.247037,0,0,1,0,1,1,1,0,0,1,1
242.6326,63.71108,1,69,10,27818,5788.852546,0,1,1,0,1,1,0,0,0,1,1
162.4538,64.62702,6,61,19,635,6172.259045,0,0,0,1,1,0,0,0,1,1,0
240.1149,50.02645,1,38,14,1973,4693.998061,1,0,1,0,1,0,0,0,0,1,1
137.4392,58.08952,1,22,11,70199,5073.712257,1,0,1,0,1,0,0,0,0,1,0
245.1457,70.67844,4,85,13,4127,6553.877499,1,0,1,0,1,1,1,1,0,1,1
149.9483,69.6864,1,86,10,46,5865.479279,0,0,1,0,1,0,0,0,1,1,0
117.4835,70.74838,1,87,9,7015,5936.910583,1,1,0,0,1,1,0,0,0,0,1
230.1051,64.07652,4,26,10,11582,5998.967483,0,0,1,0,1,0,1,0,0,1,1
187.6094,41.6814,4,32,12,796,4463.792034,0,0,0,1,1,0,0,0,0,1,1
204.961,68.51142,6,31,11,7350,6257.08697,0,0,1,0,1,1,1,0,0,0,1
187.6422,61.60969,2,41,15,487,5596.424346,0,1,0,0,0,0,0,0,1,1,1
242.6143,55.39854,1,52,20,4839,5114.637099,1,1,1,0,1,0,1,0,1,1,1
240.1149,71.77654,1,65,12,133,6434.683847,1,0,1,0,0,0,0,0,0,1,1
172.5104,71.44783,4,52,6,96436,6203.067904,0,0,1,0,1,1,0,1,1,0,0
207.4811,67.99043,6,81,10,3709,6218.7988,1,0,1,0,1,1,1,1,0,1,0
149.9621,63.25754,4,79,19,19735,5487.786212,0,0,1,0,1,0,0,1,0,1,0
165.0182,49.39534,8,71,15,110,4652.792551,0,1,0,0,1,1,0,1,1,1,0
149.9483,55.63139,0,30,14,6986,4819.60719,0,1,1,0,1,0,0,0,1,1,0
159.983,71.12548,7,25,13,12683,6386.654255,1,1,1,0,1,0,1,1,1,0,0
152.4798,63.48369,2,31,15,1267,5677.324438,1,1,1,0,1,1,0,1,0,1,0
129.9483,65.13371,1,43,15,2564,5999.863942,0,0,0,1,0,0,0,0,1,1,0
242.6106,44.03142,5,36,12,111850,4839.958124,1,1,0,1,1,0,1,0,0,1,1
200.1185,60.77973,1,39,12,98,5917.686828,0,0,0,1,1,0,0,0,1,1,1
152.4555,60.06981,7,32,10,988,5934.44869,1,1,0,1,1,1,1,0,0,0,1
169.9447,65.61856,4,65,14,1756,5761.002305,0,1,1,0,1,0,0,0,0,1,0
212.6415,65.25094,0,70,10,21218,6236.771039,1,0,0,1,1,0,0,1,1,1,1
182.49,53.19577,3,40,10,1066,4890.236009,0,0,0,0,1,0,1,1,0,0,1
162.4713,54.55457,0,27,7,30010,4826.3573,1,0,1,0,1,0,0,1,1,1,0
92.45514,69.66502,10,86,14,133,6307.09359,0,1,0,1,1,0,0,0,0,0,0
79.97886,43.51853,4,45,14,39221,3783.214553,0,1,0,0,1,0,0,0,0,0,0
134.9509,69.60418,1,89,15,4179,5695.706857,0,0,1,0,1,0,1,0,0,0,0
230.1051,70.66353,2,75,13,9827,6316.470196,0,0,1,0,0,0,1,0,0,1,1
242.6143,55.31399,7,31,10,1907,5408.322311,0,0,1,0,1,0,1,0,1,1,1
172.4555,59.8036,0,35,15,5490,5273.813487,0,1,1,0,1,1,1,0,0,0,1
137.4392,44.59709,2,87,6,177,3832.898347,0,1,1,0,1,0,0,0,0,1,0
162.4608,63.30112,0,86,10,737,5816.619375,1,0,0,1,1,0,1,1,0,0,1
202.6362,65.66053,1,69,18,26838,6294.452513,0,1,0,1,1,1,0,0,1,1,1
204.9496,69.59174,1,89,12,674,6013.828131,0,1,1,0,1,0,1,0,1,1,0
267.6427,56.82842,3,21,17,346,6012.6506,1,0,0,1,1,0,1,1,1,1,1
142.4993,65.79102,1,56,15,4483,5894.676109,1,1,0,0,0,1,1,1,0,1,0
212.6415,64.82387,0,65,10,21854,6265.224971,1,0,0,1,1,0,0,1,1,1,1
257.6549,64.64639,1,22,10,885,6178.148263,1,1,1,0,1,1,1,1,1,1,1
182.4608,57.66137,0,32,12,27457,5118.061873,1,0,1,0,1,0,1,1,0,0,1
149.9776,65.2908,1,74,18,678,5616.608151,1,0,0,0,1,0,0,0,1,1,0
162.4538,61.06693,2,73,13,11850,5671.017164,0,0,0,1,1,0,0,0,1,1,0
210.127,57.43476,9,86,13,1256,5440.228336,0,0,1,0,1,1,0,0,0,1,1
127.4738,70.87198,1,55,8,1458,6491.987412,0,0,0,1,1,0,1,1,0,0,0
187.6094,70.38624,0,72,8,181,6608.57453,1,0,0,1,1,0,0,0,0,1,1
147.4601,56.19179,2,53,12,200,4832.149028,0,0,1,0,1,0,1,0,1,0,0
182.4653,46.12924,8,51,15,2084,4325.145663,1,1,1,0,1,1,0,0,0,0,1
162.447,68.79253,3,78,13,9357,6304.333517,0,0,0,1,1,0,1,0,1,0,1
182.4538,56.36817,3,53,10,3357,4968.873698,1,0,1,0,1,0,0,0,1,1,0
167.4564,69.61652,1,39,12,1990,6014.886274,1,0,1,0,0,0,1,0,0,0,0
152.4441,40.73541,5,86,9,308,4123.921101,0,1,0,1,1,0,1,0,1,1,0
219.9902,60.97847,1,71,17,2640,5480.386537,1,0,1,0,1,1,1,1,1,1,0
149.9913,56.97428,2,58,17,505,5052.181985,1,0,0,0,0,0,0,1,0,1,0
242.6281,69.70038,3,34,11,18937,6534.959838,0,0,1,0,0,0,1,1,0,1,1
117.4858,43.18342,5,48,11,1986,4022.432118,0,0,0,0,1,0,0,1,0,1,0
127.4586,45.72582,2,64,8,2393,4094.782683,1,1,0,0,1,0,1,0,0,1,0
92.45514,59.52332,0,27,7,16882,5443.98404,1,1,0,1,1,0,0,0,0,0,0
159.9794,63.89833,2,30,15,360,6105.282771,1,0,0,1,1,0,1,1,0,0,0
172.4705,64.49464,0,84,11,14279,5981.217808,1,0,0,1,1,0,0,1,0,0,1
204.9634,63.60495,0,70,14,18745,5588.56191,0,0,1,0,1,0,1,1,0,1,0
162.4653,71.023,2,74,13,2106,6518.264091,1,1,0,1,1,1,0,0,0,0,1
149.9915,56.03541,1,76,8,481,4869.168543,0,0,1,0,0,1,1,1,0,0,0
200.1465,64.11367,0,85,9,2520,5760.636041,0,0,0,0,1,1,1,0,0,1,1
202.65,67.63205,3,49,19,35124,6711.013649,0,0,0,1,1,1,0,1,0,1,1
137.4872,70.03794,0,52,11,3826,5817.251946,0,0,1,0,1,0,0,1,1,0,0
127.4586,55.09556,0,75,13,51003,4717.831195,1,1,0,0,1,0,1,0,0,1,0
172.4567,39.27244,10,88,14,30762,4046.188443,1,0,0,1,1,0,0,0,1,0,1
140.0013,43.99275,4,62,10,370,4329.842926,0,1,0,1,1,1,0,1,0,0,0
149.9483,69.25731,1,68,16,203,5842.282612,0,0,1,0,1,0,0,0,1,1,0
232.6707,67.27889,2,65,14,1121,6139.355865,0,0,0,0,0,0,0,1,1,1,1
127.4958,56.56411,3,84,18,1706,4771.553025,0,0,1,0,1,1,0,1,0,0,0
164.9715,69.40052,1,55,13,42116,6457.28774,0,0,0,1,1,1,0,0,1,1,0
107.482,55.72308,2,80,14,1238,5099.928127,1,0,0,1,1,1,0,0,1,0,0
152.5104,64.79115,5,36,11,676,6236.657026,1,0,0,1,1,1,0,1,1,0,0
194.9699,66.7439,0,47,10,1766,5899.695132,0,0,1,0,1,0,1,1,1,0,1
245.132,60.81814,1,33,8,17999,5696.204344,0,1,1,0,1,1,1,0,1,1,1
144.9607,68.03889,0,24,14,148,5727.737286,1,1,1,0,1,0,0,0,0,0,0
169.9378,62.71338,4,34,14,1640,5645.734587,0,0,1,0,1,0,1,0,0,0,1
252.6378,52.11755,1,25,15,398,4993.106421,0,0,1,0,1,0,0,1,0,1,1
169.9741,49.67473,3,59,13,1280,4369.813214,1,0,1,0,1,1,1,0,0,0,0
134.9509,56.78051,1,35,9,12768,4904.294892,1,1,1,0,1,0,1,0,0,0,0
149.9447,44.97817,1,34,12,982,4445.497919,0,1,0,1,1,0,0,0,0,1,0
177.4945,57.04063,0,36,12,2715,5561.200177,0,0,0,1,1,1,0,1,1,1,0
222.6326,55.15311,1,53,9,16515,5553.582983,0,0,0,1,1,1,0,0,0,1,1
184.967,64.44587,0,54,12,43208,5642.295973,1,1,1,0,1,0,1,1,1,1,0
210.1518,68.69369,1,32,17,1690,6397.46237,1,0,0,0,1,0,1,1,0,1,1
144.9607,42.32324,3,88,9,42023,3503.174329,1,0,1,0,1,0,0,0,0,0,0
94.97283,61.0537,0,43,11,2454,5509.83864,0,1,0,1,0,1,0,0,0,0,0
245.1457,41.93978,0,66,12,2047,4138.249014,1,1,1,0,1,1,1,1,0,1,1
152.4798,57.692,0,30,12,21605,5144.475146,0,1,1,0,1,1,0,1,0,1,0
210.127,60.78096,1,65,9,497,5489.928745,1,0,1,0,0,1,0,0,0,1,1
124.9607,57.6786,1,63,8,3736,5195.25021,1,0,0,1,1,0,0,0,0,0,0
92.45514,63.99474,3,28,14,38072,5899.437256,0,0,0,1,1,0,0,0,0,0,0
232.6707,67.68938,1,69,11,17783,6176.145515,1,1,0,0,1,0,0,1,1,1,1
220.1323,63.79124,3,69,17,11188,5842.03594,0,1,1,0,1,0,0,1,0,1,1
114.9976,44.40526,0,67,11,11123,3757.452448,0,0,0,0,1,0,1,1,0,0,0
235.1372,69.66186,3,48,13,53142,6856.666585,1,0,0,1,1,0,1,1,1,1,1
152.4579,56.07932,1,85,9,118,5342.130474,1,0,0,1,1,0,1,1,0,1,0
217.484,68.6654,1,72,12,30768,6066.50191,1,0,1,0,1,1,1,1,0,0,1
142.4827,56.79773,1,52,11,62625,5489.502601,1,0,0,1,1,1,0,1,0,0,1
235.1555,55.04679,2,75,11,254,5588.672503,0,0,0,1,1,1,0,1,0,1,1
194.9744,55.44991,1,18,14,143,5068.172778,1,0,1,0,1,1,0,0,1,0,1
255.1417,60.7968,4,21,14,2319,5851.168448,1,0,1,0,0,1,0,0,1,1,1
184.9715,50.31252,1,84,13,562,4431.737277,1,0,1,0,1,1,0,0,1,1,0
129.9598,66.12623,10,78,11,7232,6360.531849,0,0,0,1,1,1,0,0,0,0,1
147.4738,43.50453,3,37,4,1679,3874.362144,0,0,1,0,1,0,1,1,0,0,0
194.9992,52.86954,1,20,15,402,4871.832686,1,0,0,0,1,0,1,1,1,0,1
137.4872,71.70793,0,26,11,505,6039.331412,0,0,1,0,1,0,0,1,1,0,0
149.9741,57.72738,0,52,13,5659,5456.006313,1,0,0,1,1,1,1,0,0,0,0
220.1185,61.28236,2,71,10,135,5471.244549,0,0,1,0,1,0,0,0,1,1,1
225.132,51.87037,0,49,10,411,5293.295324,1,0,0,1,0,1,1,0,1,1,1
169.9378,46.2718,3,76,15,20952,4047.773653,0,1,1,0,1,0,1,0,0,0,1
162.447,58.85409,1,56,16,5402,5582.846082,1,1,0,1,0,0,1,0,1,0,1
149.9621,47.37824,1,51,11,5058,4233.171811,0,0,1,0,1,0,0,1,0,1,0
225.132,69.54041,2,72,15,8075,6727.30047,0,1,0,1,1,1,1,0,1,1,1
175.0062,44.72241,1,66,12,402,4382.473953,1,0,0,1,1,1,1,1,1,0,0
127.4421,68.54712,0,43,9,398,6208.310064,0,0,0,1,1,0,0,0,0,0,1
195.0062,57.06365,1,24,14,1537,5117.897337,1,0,1,0,1,1,1,1,1,0,0
192.4567,50.14744,1,46,18,7536,4466.695172,0,0,1,0,1,0,0,0,1,0,1
159.9349,55.29606,1,45,12,166,4824.342843,0,1,1,0,1,0,1,0,0,1,0
159.9349,56.3981,2,71,7,294,4899.24202,0,1,1,0,0,0,1,0,0,1,0
287.6427,69.13685,3,51,11,9510,6462.269067,0,0,1,0,1,0,1,1,1,1,1
275.1336,70.89738,3,45,13,5115,6621.872123,1,1,1,0,1,0,1,1,0,1,1
232.6378,45.93241,0,71,17,9956,4718.201931,0,1,0,1,1,0,0,1,0,1,1
182.4676,70.14712,2,87,12,22836,6036.455962,0,1,1,0,1,0,0,1,0,1,0
137.4872,45.92276,0,58,8,161,3903.920552,1,1,1,0,1,0,0,1,1,0,0
220.1615,62.84168,1,53,17,41563,5780.016925,1,0,0,0,1,0,0,1,0,1,1
157.4836,69.68937,3,60,9,902,6004.729268,1,1,1,0,1,0,0,1,0,0,0
169.9378,63.64621,0,38,12,36959,5503.629445,1,0,1,0,1,0,1,0,0,0,1
204.9496,70.4936,0,76,7,392,6099.562776,1,1,1,0,1,0,1,0,1,1,0
194.9525,48.56433,0,48,12,145,4807.120751,0,0,0,1,1,0,1,0,1,0,1
139.9349,58.06194,2,45,14,2171,5581.366717,1,1,0,1,1,0,1,0,0,1,0
167.4564,63.86146,4,68,14,1081,5540.602926,1,1,1,0,1,0,1,0,0,0,0
210.127,60.97619,0,23,17,490,5659.896946,1,0,1,0,1,1,0,0,0,1,1
182.447,52.87464,0,80,15,689,4569.936966,0,0,1,0,1,0,1,0,1,0,1
242.6281,61.4943,4,44,11,69,5774.455432,0,0,1,0,1,0,1,1,0,1,1
245.1283,58.15583,0,19,14,2325,5974.298824,1,0,0,1,1,1,1,0,0,1,1
112.4551,52.39253,5,47,11,3223,4534.558824,0,0,1,0,1,0,0,0,0,0,0
169.9671,63.5224,3,63,10,335,5571.995482,0,0,0,0,0,0,1,0,0,0,1
140.0013,60.1501,4,30,5,1068,5758.657128,0,0,0,1,1,1,0,1,0,0,0
119.9568,54.97976,0,71,11,8981,5116.164536,1,0,0,1,1,1,0,0,0,1,0
229.9931,63.28052,0,46,16,845,5766.345962,1,0,1,0,1,1,1,1,1,0,1
217.4725,63.01044,3,70,11,29,5683.580246,1,0,1,0,1,0,1,1,1,1,0
230.1051,48.9954,8,24,18,5273,4940.002327,1,1,1,0,0,0,1,0,0,1,1
265.1283,58.28008,1,25,14,23230,5629.15203,1,1,1,0,1,1,1,0,0,1,1
245.1457,54.68337,1,62,10,12389,5179.277309,0,0,1,0,1,1,1,1,0,1,1
182.4833,69.56109,1,30,14,319,6037.093005,0,1,1,0,0,1,1,0,1,0,0
139.9568,52.64455,0,67,14,37080,4571.4966,0,0,1,0,1,1,0,0,0,1,0
167.4847,54.87839,1,73,13,507,5362.598684,1,0,0,1,1,1,1,1,1,1,0
174.9699,69.7211,1,66,9,5985,6525.625338,0,0,0,1,1,0,1,1,1,0,1
152.4907,55.15571,3,74,14,516,4907.861735,0,0,0,0,1,0,1,1,1,1,0
235.1884,52.95508,0,65,15,7263,4979.327874,0,0,0,0,1,1,0,1,1,1,1
124.9935,57.92383,0,54,11,12063,4887.181609,1,0,0,0,1,0,0,0,1,0,0
139.965,71.15596,8,34,13,54190,6783.004249,0,0,0,1,1,0,0,1,0,0,1
179.9476,39.27289,1,87,10,1098,3354.624637,0,1,1,0,1,0,0,0,0,0,1
222.6143,71.67868,1,37,10,1239,6872.209499,1,0,0,1,1,0,1,0,1,1,1
174.9755,59.28333,8,24,16,4370,5634.80523,1,1,1,0,1,1,1,1,0,1,0
167.4564,69.70982,1,41,13,301,6015.97413,0,1,1,0,1,0,1,0,0,0,0
267.6647,67.92804,1,88,13,12390,6208.609729,0,0,1,0,1,1,0,1,1,1,1
107.4958,56.7613,4,30,16,30975,5409.035513,1,0,0,1,1,1,0,1,0,0,0
240.1149,52.58546,2,64,16,14555,4849.21743,0,0,1,0,1,0,0,0,0,1,1
252.6378,61.85982,0,66,15,28744,5626.157729,1,0,1,0,1,0,0,1,0,1,1
132.5127,54.36032,1,55,14,12908,4871.680899,1,1,0,0,1,1,0,1,1,1,0
220.1149,65.19187,1,76,9,1134,6225.526096,1,1,0,1,1,0,0,0,0,1,1
104.9923,71.44569,0,29,12,2431,6087.732666,1,1,0,0,1,1,1,0,0,0,0
149.9621,71.50838,2,41,8,6165,6273.914368,1,0,1,0,1,0,0,1,0,1,0
114.9728,69.9386,0,26,10,3101,5880.090684,1,1,1,0,1,1,0,0,0,0,0
147.4783,68.47117,2,76,13,1446,5811.727081,0,0,1,0,1,1,0,0,0,0,0
230.1344,57.81039,1,32,13,23329,5445.458747,0,1,0,0,1,0,1,0,0,1,1
204.961,48.59906,2,61,8,6039,4486.299295,0,1,1,0,1,1,1,0,0,0,1
117.4835,70.00545,3,19,15,830,6160.553033,1,0,0,0,1,1,0,0,0,0,1
177.6508,64.37488,1,39,8,1720,5916.705233,0,1,0,0,1,1,0,0,0,1,1
184.961,55.71809,1,41,8,11268,5517.899709,0,0,0,1,1,1,1,0,0,0,1
174.9768,54.73234,6,26,16,949,5514.354742,0,0,0,1,1,0,0,1,1,1,0
114.9728,67.83633,3,47,16,1261,5731.337685,1,0,1,0,1,1,0,0,0,0,0
192.4705,61.91553,2,44,8,30935,5549.111256,1,0,1,0,1,0,0,1,0,0,1
92.45514,57.527,4,19,9,86,5347.491386,0,0,0,1,1,0,0,0,0,0,0
245.1283,61.75393,8,19,16,29154,6562.450391,1,0,0,1,1,1,1,0,0,1,1
182.4608,71.92785,1,29,13,960,6327.647329,0,0,1,0,1,0,1,1,0,0,1
114.9509,69.16679,0,48,11,49907,6259.287322,1,0,0,1,1,0,1,0,0,0,0
210.1563,65.22821,2,25,14,710,6135.261321,0,1,0,0,1,1,0,0,0,1,1
157.4698,52.1213,3,74,8,2594,4356.229848,0,0,1,0,1,0,0,0,1,0,0
252.624,69.22914,6,88,12,202,6261.739568,1,0,1,0,1,0,0,0,1,1,1
134.9509,66.29517,0,37,15,168,5646.563818,1,0,1,0,1,0,1,0,0,0,0
167.4564,55.67421,1,84,13,15589,4724.945111,0,0,1,0,1,0,1,0,0,0,0
187.6094,67.23058,0,53,11,1570,6365.24676,0,0,0,1,1,0,0,0,0,1,1
150.0208,64.46474,3,45,12,6524,5712.721051,1,0,0,0,1,1,1,1,0,0,0
220.1149,46.84844,0,31,11,14989,4839.25878,1,0,0,1,1,0,0,0,0,1,1
265.1283,62.08563,3,36,9,5705,5966.47536,0,0,1,0,0,1,1,0,0,1,1
210.127,52.59645,0,73,12,1509,4809.347606,0,1,1,0,1,1,0,0,0,1,1
117.4392,56.79639,3,65,12,14479,5348.891613,0,0,0,1,1,0,0,0,0,1,0
149.9483,60.70855,5,85,16,728,5209.217209,0,1,1,0,1,0,0,0,1,1,0
162.5007,63.96787,1,60,12,22073,5493.632538,0,0,1,0,1,1,1,1,1,0,0
165.0182,54.59144,3,71,7,29404,4971.679712,1,0,0,0,1,1,0,1,1,1,0
262.6106,44.21572,2,89,12,30785,4222.497317,1,0,1,0,0,0,1,0,0,1,1
184.9939,37.05135,9,62,12,12823,3756.642239,0,0,0,0,1,1,1,0,1,0,1
169.9378,66.44706,4,65,9,1599,5767.740142,0,0,1,0,1,0,1,0,0,0,1
245.1457,64.52797,0,37,7,103732,6037.103766,0,1,1,0,1,1,1,1,0,1,1
175.1331,45.62851,3,55,14,18074,4267.521539,0,1,0,0,1,0,0,0,0,1,1
210.127,66.16108,3,60,12,256,6008.726494,0,1,1,0,1,1,0,0,0,1,1
192.4705,43.91274,1,76,11,2917,3938.300864,1,0,1,0,1,0,0,1,0,0,1
204.961,61.69408,3,35,6,64,5593.020458,1,1,1,0,1,1,1,0,0,0,1
127.4783,67.02374,2,72,7,446,6037.450539,0,0,0,1,1,1,0,0,0,0,0
172.4404,44.24001,1,79,10,952,4378.519675,0,0,0,1,1,0,1,0,0,1,0
204.9634,56.67924,1,73,15,41276,5042.032681,1,1,1,0,1,0,1,1,0,1,0
139.9568,58.59644,1,54,14,778,5085.534857,1,1,1,0,1,1,0,0,0,1,0
92.5018,53.47075,3,82,11,28049,4445.615287,1,0,0,0,1,0,0,1,0,0,0
207.6386,55.83128,0,43,15,1431,5122.454947,0,0,0,0,1,0,0,0,0,1,1
124.9643,71.31142,1,71,11,1020,5804.942334,0,0,1,0,1,0,0,0,1,0,0
117.4872,49.59222,1,74,13,2311,4596.408358,1,1,0,1,1,0,0,1,1,0,0
210.138,40.21109,1,78,12,14659,3784.965371,0,1,0,0,1,0,1,0,1,1,1
164.9715,63.3194,1,27,13,4388,6050.815837,1,1,0,1,1,1,0,0,1,1,0
242.6326,47.86746,0,78,10,693,4430.367889,0,1,1,0,1,1,0,0,0,1,1
222.6281,60.45695,4,18,9,115,6227.256543,1,0,0,1,1,0,1,1,0,1,1
124.9607,66.02069,1,18,14,74413,6108.607607,0,1,0,1,1,0,0,0,0,0,0
157.4836,66.13718,3,52,12,5016,5739.899898,0,0,1,0,1,0,0,1,0,0,0
184.9647,65.13745,3,35,12,8720,5807.53439,1,1,1,0,1,1,1,0,1,0,1
182.4538,71.68832,3,38,9,1928,6273.353878,1,0,1,0,1,0,0,0,1,1,0
157.4698,40.78534,5,37,16,1122,3610.264679,0,1,1,0,1,0,0,0,1,0,0
169.9378,70.77468,1,89,4,39,6033.581345,0,0,1,0,1,0,1,0,0,0,1
117.472,65.93469,4,51,8,25,5765.178653,1,0,0,0,1,0,0,0,1,1,0
169.9671,57.26943,4,84,11,4308,5107.688262,1,0,0,0,1,0,1,0,0,0,1
117.4686,63.71082,1,49,11,4389,5832.660558,1,0,0,1,1,1,1,0,0,0,0
245.175,67.49463,1,85,12,43461,6225.546359,1,1,0,0,1,1,1,1,0,1,1
134.9509,43.04477,8,37,10,1128,3905.467558,1,0,1,0,1,0,1,0,0,0,0
207.4974,42.25122,2,60,13,1162,3878.814514,1,1,1,0,0,1,0,1,1,0,1
127.482,65.47514,0,73,12,3860,5446.877589,0,0,1,0,1,1,0,0,1,0,0
92.48802,44.57297,1,43,14,843,3788.13967,0,1,0,0,1,0,0,0,1,0,0
129.9483,65.52159,4,24,14,1116,6233.347563,1,0,0,1,1,0,0,0,1,1,0
169.9447,52.53037,0,29,13,70,4636.42318,1,0,1,0,1,0,0,0,0,1,0
182.4433,48.03223,2,25,17,1046,4896.176201,1,0,0,1,0,0,1,0,0,0,1
162.4538,71.53791,8,57,12,42812,6766.152872,0,0,0,1,1,0,0,0,1,1,0
194.9882,51.41852,0,79,8,9399,4505.604532,0,1,1,0,1,1,0,1,0,0,1
240.1149,58.4866,0,62,10,2491,5277.732479,1,0,1,0,1,0,0,0,0,1,1
217.4725,48.49789,1,32,10,33953,4557.472307,1,0,1,0,1,0,1,1,1,1,0
139.9678,59.49864,2,24,10,119,5311.713263,1,0,0,0,1,0,1,0,1,1,0
179.9794,60.08382,0,57,6,3365,5229.143504,1,0,1,0,1,0,1,1,0,0,0
162.4676,50.94315,3,75,11,1148,4946.54616,0,1,0,1,1,0,0,1,0,1,0
162.4526,54.50263,1,23,19,5823,4945.724284,1,1,1,0,1,1,1,0,0,1,0
204.961,45.22174,0,71,13,19747,4032.926983,0,0,1,0,1,1,1,0,0,0,1
124.9607,67.88471,3,68,11,12153,6076.692844,0,0,0,1,1,0,0,0,0,0,0
117.472,63.59872,3,20,8,5402,5644.627475,1,0,0,0,1,0,0,0,1,1,0
167.4564,69.75643,1,47,1,397,6000.121571,0,1,1,0,1,0,1,0,0,0,0
182.4833,43.46156,0,54,11,6833,3871.367991,1,0,1,0,0,1,1,0,1,0,0
192.4885,54.63591,3,35,12,9560,4951.560917,0,0,1,0,1,0,1,1,1,0,0
164.9785,50.3835,0,56,11,54,5014.025544,1,0,0,1,1,1,1,1,0,0,1
104.9643,45.88967,6,79,17,62,4263.127961,1,0,0,1,0,0,0,0,1,0,0
220.1615,66.2073,0,78,16,530,5943.037284,1,1,0,0,1,0,0,1,0,1,1
210.1051,57.4079,3,65,8,46,5754.451842,0,0,0,1,0,0,1,0,0,1,1
169.9378,55.42229,4,47,11,3899,4923.409973,0,1,1,0,0,0,1,0,0,0,1
155.0084,40.96005,4,61,11,123,3893.3098,1,0,0,0,1,1,1,1,1,1,0
162.447,59.48183,3,30,13,853,5781.09568,0,0,0,1,1,0,1,0,1,0,1
144.9607,69.53236,8,46,13,360,6106.543065,0,1,1,0,0,0,0,0,0,0,0
202.65,39.22782,4,40,14,32568,4443.924934,1,1,0,1,1,1,0,1,0,1,1
240.1149,52.56715,1,57,13,2226,4886.937383,1,0,1,0,1,0,0,0,0,1,1
192.4705,41.75833,3,41,18,214,3938.094495,1,1,1,0,1,0,0,1,0,0,1
157.4836,56.64692,8,34,10,2025,5092.941424,1,0,1,0,1,0,0,1,0,0,0
114.9509,70.01227,2,83,13,55652,6193.095055,1,0,0,1,1,0,1,0,0,0,0
140.0049,69.24438,8,67,11,615,6024.530188,1,0,1,0,1,1,0,1,1,0,0
137.4686,71.32046,0,53,7,294,5994.956113,1,0,1,0,1,1,1,0,0,0,0
124.9607,65.24225,3,72,12,15201,5929.34648,1,1,0,1,1,0,0,0,0,0,0
194.9581,48.50031,0,43,11,43801,4429.501145,0,1,1,0,0,1,1,0,0,1,0
220.1185,53.15277,3,74,10,64,4873.126502,0,1,1,0,1,0,0,0,1,1,1
117.4392,59.35209,1,78,15,181,5407.054485,1,0,0,1,1,0,0,0,0,1,0
94.97283,55.22442,2,24,10,60699,5156.063895,0,0,0,1,1,1,0,0,0,0,0
104.9781,62.72855,5,75,13,10109,5706.02232,0,1,0,1,1,0,0,1,0,0,0
79.97886,56.43572,2,35,14,650,4726.723807,1,0,0,0,1,0,0,0,0,0,0
237.6549,61.70044,8,80,11,335,6375.589567,1,0,0,1,1,1,1,1,1,1,1
152.4555,69.38376,0,74,9,63894,6426.704792,0,0,0,1,1,1,1,0,0,0,1
169.9378,45.91919,0,33,13,46904,4149.794964,1,1,1,0,1,0,1,0,0,0,1
114.9658,70.99616,0,67,17,2723,5999.083618,1,0,0,0,1,0,0,0,0,0,1
184.9785,38.92029,1,39,9,2649,3747.78242,1,0,1,0,1,1,1,1,0,0,1
207.4673,63.88028,0,32,14,5192,5777.144351,1,1,1,0,1,1,1,0,1,1,0
235.1372,68.00942,0,43,9,2011,6692.362545,1,0,0,1,1,0,1,1,1,1,1
200.1465,63.04815,5,25,19,4522,6023.971515,1,1,0,0,1,1,1,0,0,1,1
172.4848,64.33856,0,89,11,4941,5540.302436,0,0,0,0,1,1,1,0,0,0,1
149.9447,62.23314,0,65,14,6823,5773.964084,0,1,0,1,1,0,0,0,0,1,0
169.9671,59.14986,4,76,8,695,5205.709911,1,0,0,0,1,0,1,0,0,0,1
147.4783,71.7825,1,58,10,18015,6111.281156,0,0,1,0,1,1,0,0,0,0,0
159.965,43.93445,1,72,12,32259,3798.956979,1,0,1,0,1,0,0,1,0,0,1
159.9642,68.97498,7,28,17,472,6296.620487,1,0,0,0,1,0,1,0,0,1,0
127.4421,43.69919,3,52,10,861,4235.170641,0,0,0,1,1,0,0,0,0,0,1
162.5005,50.76631,0,89,13,872,4431.684055,1,0,0,0,1,0,0,1,1,1,0
220.1323,36.98095,4,57,14,3050,3668.332806,1,0,1,0,1,0,0,1,0,1,1
162.4937,54.8376,2,38,12,279,5015.195312,1,0,0,0,1,0,1,1,1,0,1
149.989,64.08859,1,30,14,8774,5732.340761,0,0,0,0,1,1,0,0,0,0,1
124.9935,45.96907,1,22,17,913,4043.335333,1,0,0,0,1,0,0,0,1,0,0
222.65,48.04306,6,27,14,1104,4856.923385,1,1,1,0,0,1,0,1,0,1,1
220.1185,60.16674,1,36,9,17334,5510.855205,0,0,1,0,1,0,0,0,1,1,1
137.4836,64.15463,1,85,12,11237,5738.897418,1,0,0,1,1,0,0,1,0,0,0
137.4698,41.72598,6,84,11,581,4059.807666,0,0,0,1,1,0,0,0,1,0,0
242.6326,53.86603,0,31,13,2775,5123.028136,1,0,1,0,1,1,0,0,0,1,1
162.4689,63.96033,2,82,16,5185,5514.499448,0,1,1,0,1,1,0,0,1,0,1
154.9919,58.34548,3,87,17,1010,5567.462774,1,1,0,1,1,1,0,1,1,0,1
192.4705,59.46147,3,75,8,27044,5277.177679,0,1,1,0,0,0,0,1,0,0,1
164.9853,70.59181,0,70,8,32013,6602.811435,1,0,0,1,1,1,0,1,0,1,0
79.97886,55.62538,2,19,12,188,4798.898882,1,0,0,0,1,0,0,0,0,0,0
242.6326,54.06613,1,77,13,220,4972.337033,0,0,1,0,1,1,0,0,0,1,1
182.4433,60.98195,3,80,12,3814,5725.421883,0,1,0,1,1,0,1,0,0,0,1
220.1185,51.53345,1,70,14,3353,4644.934479,0,1,1,0,1,0,0,0,1,1,1
172.4742,64.48611,0,33,10,35317,5666.607489,0,0,1,0,1,0,0,1,1,0,1
132.4798,65.63056,2,54,14,464,6238.373858,1,0,0,1,1,1,0,1,0,1,0
172.4705,51.53674,3,23,10,2240,5129.540139,1,0,0,1,1,0,0,1,0,0,1
129.9926,48.76309,4,58,15,41,4409.527019,1,0,0,0,1,1,0,0,1,0,1
220.1149,71.02583,2,41,10,4204,6849.08497,0,1,0,1,1,0,0,0,0,1,1
117.4858,47.52483,1,55,10,15326,4185.014737,1,0,0,0,1,0,0,1,0,1,0
117.4392,68.03642,4,59,17,3216,6273.278412,1,1,0,1,1,0,0,0,0,1,0
262.6106,63.37764,4,80,9,6172,5836.607029,0,0,1,0,1,0,1,0,0,1,1
165.0113,69.36684,0,84,13,1706,5986.22023,1,1,0,0,1,1,1,1,1,0,1
187.656,64.91577,1,60,12,657,5902.115401,1,0,0,0,1,0,0,1,0,1,1
157.4698,60.74742,7,24,7,10586,5350.10612,0,0,1,0,1,0,0,0,1,0,0
137.4686,65.25348,4,61,13,136,5598.578895,1,1,1,0,1,1,1,0,0,0,0
197.484,60.80126,2,68,5,105,5961.810975,0,1,0,1,1,1,1,1,0,0,1
235.1417,55.75197,2,49,14,27476,5697.928731,0,0,0,1,1,1,0,0,1,1,1
182.4608,61.23692,1,71,8,591,5396.238934,0,1,1,0,1,0,1,1,0,0,1
190.1737,42.93116,5,32,12,25752,4390.887942,0,1,0,0,1,1,0,1,0,1,1
242.6281,64.76289,0,58,9,1349,5912.297497,1,1,1,0,1,0,1,1,0,1,1
182.4653,63.70616,1,35,10,9298,5602.325929,0,0,1,0,1,1,0,0,0,0,1
112.4844,66.74044,0,31,11,24494,5598.395048,1,0,0,0,1,0,0,0,0,0,0
235.1555,43.69814,1,43,9,44300,4732.920025,1,1,0,1,1,1,0,1,0,1,1
192.4885,55.89461,1,19,19,2098,5045.584915,1,0,1,0,1,0,1,1,1,0,0
184.9496,61.2082,0,53,16,7281,5827.639737,1,0,0,1,1,0,1,0,1,1,0
124.9935,67.75127,2,41,10,22929,5714.326706,0,1,0,0,1,0,0,0,1,0,0
159.965,67.11199,0,50,12,52,5739.420369,0,0,1,0,1,0,0,1,0,0,1
147.4564,55.18746,1,77,15,6079,5121.506186,1,0,0,1,1,0,1,0,0,0,0
164.9785,71.97435,7,56,15,785,6916.339606,0,0,0,1,1,1,1,1,0,0,1
287.6427,41.67396,2,55,15,312,4168.120303,0,0,1,0,1,0,1,1,1,1,1
139.9349,68.55339,0,27,11,179,6438.459484,0,0,0,1,1,0,1,0,0,1,0
149.9845,61.13096,1,68,11,12954,5397.392962,1,0,0,0,1,0,1,1,0,0,1
117.4392,68.41538,1,61,12,880,6205.418228,1,1,0,1,1,0,0,0,0,1,0
287.6427,66.23131,4,37,9,7780,6347.9348,1,0,1,0,1,0,1,1,1,1,1
217.484,59.64391,1,23,13,29,5487.953653,1,0,1,0,1,1,1,1,0,0,1
255.1665,67.39064,8,33,9,984,6579.180799,0,0,0,0,1,0,1,1,1,1,1
137.4872,70.17136,3,88,11,913,5884.793295,0,0,1,0,1,0,0,1,1,0,0
245.1457,62.99453,0,74,15,963,5837.201318,1,0,1,0,1,1,1,1,0,1,1
242.6326,56.26037,1,25,12,395,5322.61702,0,0,1,0,1,1,0,0,0,1,1
104.9781,46.66033,2,68,12,1106,4320.023398,1,0,0,1,1,0,0,1,0,0,0
184.9785,69.06894,4,83,11,174,6083.905265,1,0,1,0,1,1,1,1,0,0,1
240.1149,68.45528,1,62,11,12531,6125.329205,1,0,1,0,0,0,0,0,0,1,1
235.1372,65.05265,3,20,12,3300,6617.854017,1,0,0,1,1,0,1,1,1,1,1
149.9447,64.48112,0,23,10,4776,6048.807482,1,0,0,1,1,0,0,0,0,1,0
119.9897,69.45823,2,76,11,4206,5938.504348,0,1,0,0,1,1,0,0,1,1,0
139.9979,71.24754,2,55,9,2357,6127.777658,1,1,0,0,1,0,0,1,1,0,1
267.6427,62.69829,1,58,6,22294,6310.736148,0,1,0,1,1,0,1,1,1,1,1
147.5031,38.58318,0,84,12,44759,3296.618156,1,0,0,0,1,0,1,1,0,0,0
152.4441,62.71436,2,77,17,924,5861.982807,1,1,0,1,1,0,1,0,1,1,0
169.9671,70.63479,0,56,15,706,6171.479592,0,0,0,0,1,0,1,0,0,0,1
147.4421,60.04717,6,22,16,1397,5434.193829,1,1,1,0,1,0,0,0,0,0,1
127.4783,52.9247,0,63,14,1416,4932.430411,0,0,0,1,1,1,0,0,0,0,0
185.0077,69.86605,6,36,15,1427,6519.120707,0,0,0,0,1,1,1,1,0,0,1
220.1615,53.39442,1,61,12,35573,5026.753166,0,0,0,0,1,0,0,1,0,1,1
195.0062,61.36647,0,76,16,45688,5351.472842,1,0,1,0,1,1,1,1,1,0,0
219.9902,71.80608,5,85,12,28,6491.869404,0,0,1,0,1,1,1,1,1,1,0
162.5299,50.40492,7,33,16,74,4727.495412,0,0,0,0,0,1,1,1,1,0,0
117.4858,67.60425,1,49,14,17808,5849.950819,1,0,0,0,1,0,0,1,0,1,0
162.4818,60.42738,0,61,6,29,5394.817414,0,1,0,0,1,1,1,0,0,1,0
222.6326,71.99132,0,72,13,10727,6840.191109,1,1,0,1,1,1,0,0,0,1,1
184.9496,52.26662,4,53,13,19283,5218.124457,1,1,0,1,1,0,1,0,1,1,0
222.6281,63.81393,0,85,14,1537,6206.567047,1,0,0,1,1,0,1,1,0,1,1
182.4433,50.44094,4,77,11,166,4984.621447,0,1,0,1,1,0,1,0,0,0,1
129.9621,37.04844,0,53,16,36414,3715.869075,0,0,0,1,1,0,0,1,0,1,0
172.4555,60.26349,4,71,7,4646,5398.88963,0,0,1,0,0,1,1,0,0,0,1
217.484,66.10035,1,88,6,1430,5803.869496,0,1,1,0,1,1,1,1,0,0,1
119.9568,46.03183,0,42,13,584,4478.070702,0,1,0,1,0,1,0,0,0,1,0
149.9483,53.24575,5,44,13,593,4732.155898,0,0,1,0,1,0,0,0,1,1,0
140.0049,61.35418,0,25,17,1134,5351.73548,0,1,1,0,0,1,0,1,1,0,0
127.4421,59.60557,4,53,12,738,5648.297688,0,1,0,1,1,0,0,0,0,0,1
152.4798,56.34451,10,43,12,2662,5299.289196,1,0,1,0,1,1,0,1,0,1,0
182.4653,61.74695,3,51,6,417,5450.903985,1,1,1,0,1,1,0,0,0,0,1
190.1737,61.84543,2,53,9,6543,5779.47654,1,0,0,0,1,1,0,1,0,1,1
184.9496,45.34674,3,84,17,12695,4471.648469,1,1,0,1,1,0,1,0,1,1,0
202.4433,70.99524,1,75,10,19419,6087.218845,0,0,1,0,1,0,1,0,0,0,1
184.961,66.89948,0,89,13,4924,6163.633177,0,0,0,1,1,1,1,0,0,0,1
194.9699,51.58987,0,37,10,35643,4608.506607,1,0,1,0,1,0,1,1,1,0,1
200.1323,43.40615,0,61,10,30196,4472.040669,1,1,0,1,1,0,0,1,0,1,1
149.9778,53.91114,3,35,7,48,4810.280705,0,0,1,0,1,1,1,0,1,0,0
242.6326,44.14809,1,34,15,1803,4347.709252,0,1,1,0,0,1,0,0,0,1,1
152.4624,49.22149,1,88,15,2956,4738.397058,1,0,0,1,1,1,0,0,0,1,0
184.9797,52.60487,1,82,13,77342,5048.660319,0,0,0,1,1,0,0,1,1,0,1
265.1283,55.02676,1,64,8,28465,5234.71552,1,0,1,0,1,1,1,0,0,1,1
159.965,50.60009,0,52,15,1623,4462.198964,1,0,1,0,1,0,0,1,0,0,1
212.6228,48.60336,0,69,10,703,5002.761216,1,0,0,1,1,1,1,0,0,1,1
194.9744,66.03662,2,20,8,42910,5877.566424,1,0,1,0,1,1,0,0,1,0,1
277.6513,68.87713,2,86,15,13243,6366.330959,1,0,1,0,1,1,1,1,0,1,1
184.9939,60.1745,5,68,9,2935,5426.206923,0,1,0,0,1,1,1,0,1,0,1
210.1051,64.2498,2,67,11,29976,6230.665916,1,0,0,1,1,0,1,0,0,1,1
117.4858,54.65479,4,22,10,6826,5016.831193,0,0,0,0,1,0,0,1,0,1,0
124.9643,70.50947,0,76,12,7197,5774.340454,0,0,1,0,1,0,0,0,1,0,0
149.9447,67.06183,0,37,5,18533,6261.418751,1,0,0,1,0,0,0,0,0,1,0
120.0035,43.02146,0,35,13,3424,3926.009965,1,1,0,0,1,1,0,1,0,1,0
172.5104,49.8063,1,46,11,4612,4439.411899,1,0,1,0,1,1,0,1,1,0,0
242.6573,65.91489,1,85,17,13061,6020.902258,1,0,0,0,1,0,1,1,0,1,1
139.9512,63.8887,9,20,17,2781,6265.689465,1,0,0,1,1,0,0,0,1,0,1
159.9349,69.93109,1,23,12,31749,6181.750229,0,0,1,0,1,0,1,0,0,1,0
147.4783,68.38161,1,78,11,3191,5767.046848,0,0,1,0,0,1,0,0,0,0,0
197.6288,62.8566,1,37,10,43078,5770.590829,0,0,0,0,1,0,1,0,0,1,1
217.4725,56.24647,1,50,14,1956,5086.304493,1,0,1,0,1,0,1,1,1,1,0
184.9797,64.86438,2,54,14,11022,6175.765224,0,0,0,1,1,0,0,1,1,0,1
164.9647,65.2372,4,50,12,1387,6293.093113,0,0,0,1,0,1,1,0,1,0,1
207.6094,48.70941,8,37,15,29105,4779.956484,0,1,1,0,1,0,0,0,0,1,1
184.9785,62.59584,1,37,17,24286,5694.262968,0,1,1,0,0,1,1,1,0,0,1
182.447,68.79248,1,20,13,732,6101.712749,0,0,1,0,1,0,1,0,1,0,1
245.147,56.0677,2,24,11,162,5815.707647,0,1,0,1,1,0,0,1,1,1,1
147.4738,56.75264,3,75,14,12279,4835.295615,1,0,1,0,1,0,1,1,0,0,0
149.9845,67.00862,0,68,14,7772,5765.925076,0,0,0,0,1,0,1,1,0,0,1
127.4586,66.85966,3,74,12,4343,5738.328374,0,1,0,0,1,0,1,0,0,1,0
147.4601,68.70194,2,47,11,10238,5794.589213,0,1,1,0,1,0,1,0,1,0,0
149.9447,64.9377,0,29,12,4698,6066.547252,1,0,0,1,1,0,0,0,0,1,0
207.6094,55.55389,3,62,10,8156,5104.889837,1,0,1,0,0,0,0,0,0,1,1
179.9476,67.25716,3,52,9,1122,5820.087969,1,0,1,0,1,0,0,0,0,0,1
207.4754,68.11166,0,89,12,21331,6277.222751,0,0,0,1,1,0,1,1,1,0,1
152.4441,69.64918,2,80,7,2058,6420.370535,1,0,0,1,0,0,1,0,1,1,0
137.4684,59.56187,1,75,8,31178,5092.536093,1,0,0,0,1,0,0,0,0,1,0
235.1591,68.6504,1,67,12,3157,6217.645459,1,0,1,0,1,1,0,1,1,1,1
220.1185,61.3684,3,25,13,1432,5659.896824,0,0,1,0,1,0,0,0,1,1,1
172.4567,68.34963,2,54,11,11317,6376.192688,1,0,0,1,1,0,0,0,1,0,1
169.9447,65.90337,10,45,9,5714,6034.619881,1,0,1,0,1,0,0,0,0,1,0
277.6513,45.75297,1,63,14,7594,4563.265438,0,0,1,0,1,1,1,1,0,1,1
137.4836,70.56361,2,65,9,4843,6360.392801,1,0,0,1,1,0,0,1,0,0,0
164.9785,57.0815,2,80,13,42614,5545.726878,1,1,0,1,1,1,1,1,0,0,1
175.0211,60.0122,0,33,13,1595,5447.179024,0,0,0,0,1,1,0,1,1,0,1
117.4835,71.3386,1,77,9,21833,6100.344382,1,0,0,0,1,1,0,0,0,0,1
222.6326,61.9146,1,79,10,675,6069.414411,0,0,0,1,1,1,0,0,0,1,1
174.9768,67.39326,2,53,10,6956,6387.155472,1,0,0,1,1,0,0,1,1,1,0
219.9902,65.38821,6,44,13,4366,6084.157683,0,0,1,0,1,1,1,1,1,1,0
112.4551,52.69236,0,77,5,4164,4224.557626,1,1,1,0,1,0,0,0,0,0,0
124.9607,44.68507,3,82,11,21066,4212.149496,1,1,0,1,1,0,0,0,0,0,0
235.1555,64.5943,0,41,11,3613,6467.932969,1,0,0,1,1,1,0,1,0,1,1
94.97283,62.84343,2,64,15,53111,5649.203405,0,0,0,1,1,1,0,0,0,0,0
162.4676,65.11394,0,33,10,1578,6200.072737,0,1,0,1,1,0,0,1,0,1,0
169.9378,66.74968,2,19,13,2433,5964.070556,1,0,1,0,1,0,1,0,0,0,1
139.9792,62.27729,2,75,12,14026,5406.926303,1,0,0,0,1,1,1,0,0,0,1
214.9663,48.4017,2,78,13,10550,4342.047465,0,0,1,0,1,0,1,1,0,0,1
200.1465,61.65935,3,63,16,247,5771.07207,1,0,0,0,1,1,1,0,0,1,1
162.4608,64.02401,2,87,15,657,5934.141788,1,0,0,1,1,0,1,1,0,0,1
175.0211,58.47534,1,72,13,1092,5141.883254,1,0,0,0,1,1,0,1,1,0,1
114.9976,62.77262,0,70,11,7257,5334.884836,1,0,0,0,1,0,1,1,0,0,0
152.4624,49.11866,0,61,11,1694,4787.709945,1,0,0,1,0,1,0,0,0,1,0
172.4441,65.44262,1,56,19,487,5663.049118,0,0,1,0,1,0,1,0,1,1,0
252.6378,61.09569,1,67,10,44750,5591.052659,1,0,1,0,1,0,0,1,0,1,1
162.4713,60.55095,0,89,11,3099,5161.466055,1,0,1,0,1,0,0,1,1,1,0
92.48802,54.0833,3,81,18,13865,4504.376908,0,0,0,0,1,0,0,0,1,0,0
212.6415,43.73697,1,84,9,4357,4458.846728,1,1,0,1,1,0,0,1,1,1,1
197.5169,65.36252,2,77,15,1593,5814.585969,1,1,0,0,1,1,1,1,1,0,1
117.4872,38.84886,1,20,8,256,3810.881389,0,1,0,1,0,0,0,1,1,0,0
112.4551,36.19603,2,28,15,1274,3095.105954,0,0,1,0,1,0,0,0,0,0,0
162.4653,61.45615,0,28,11,4841,5823.6249,0,0,0,1,1,1,0,0,0,0,1
95.00571,48.78507,2,39,13,2706,4170.086495,0,1,0,0,1,1,0,0,1,0,0
214.9525,59.00593,1,64,11,1197,5227.515273,1,1,1,0,0,0,1,0,1,0,1
214.9525,71.6524,1,25,11,4993,6309.319991,1,0,1,0,1,0,1,0,1,0,1
172.4742,41.09672,4,48,10,3993,3741.804448,0,0,1,0,1,0,0,1,1,0,1
152.466,70.68543,0,80,15,1588,5964.374183,0,1,1,0,1,1,0,0,1,1,0
137.4978,66.82313,1,33,16,24813,5880.876863,1,0,0,0,1,1,1,0,0,0,0
137.4684,59.30543,1,66,9,6402,5101.031717,1,0,0,0,1,0,0,0,0,1,0
92.45514,62.59775,3,25,14,25,5712.520809,0,0,0,1,1,0,0,0,0,0,0
147.4601,62.27601,1,70,12,1759,5244.15561,1,1,1,0,0,0,1,0,1,0,0
184.9785,65.06621,3,33,13,28924,5889.077769,1,1,1,0,1,1,1,1,0,0,1
104.9923,64.34133,0,31,11,987,5581.345203,1,0,0,0,1,1,1,0,0,0,0
242.6326,52.30473,0,66,10,2964,4833.292191,1,0,1,0,1,1,0,0,0,1,1
174.9744,48.73343,0,49,9,59324,4798.910859,0,0,0,1,1,1,0,0,1,0,1
174.991,67.20217,1,79,12,24438,5878.968323,1,0,0,0,1,1,1,0,1,1,0
207.6094,71.59338,0,77,15,12923,6230.543177,1,1,1,0,1,0,0,0,0,1,1
252.6378,70.90919,0,23,7,1068,6555.679518,1,0,1,0,1,0,0,1,0,1,1
184.9785,48.28595,1,63,17,587,4354.210928,1,0,1,0,1,1,1,1,0,0,1
114.9509,45.51779,0,86,12,2577,4114.665387,0,0,0,1,1,0,1,0,0,0,0
167.4564,70.14609,3,89,12,30933,5873.629847,0,0,1,0,1,0,1,0,0,0,0
245.175,71.2039,6,58,11,203,6771.922364,1,0,0,0,1,1,1,1,0,1,1
275.1336,56.70254,0,40,16,13259,5429.870356,1,0,1,0,1,0,1,1,0,1,1
252.6378,67.10152,2,62,18,16455,6130.335448,1,1,1,0,1,0,0,1,0,1,1
187.656,65.12634,2,38,12,32812,5975.229801,1,0,0,0,1,0,0,1,0,1,1
252.624,58.85834,1,88,8,193,5305.10923,0,0,1,0,0,0,0,0,1,1,1
144.9607,63.82538,2,87,10,713,5319.79287,0,0,1,0,1,0,0,0,0,0,0
134.9801,55.65515,10,53,8,4334,5019.79687,1,0,0,0,1,0,1,0,0,0,0
202.4433,65.34077,1,78,16,1567,5614.068087,0,0,1,0,1,0,1,0,0,0,1
162.4608,71.11137,3,45,10,5089,6683.352536,0,1,0,1,0,0,1,1,0,0,1
182.4608,59.16197,0,58,14,191,5155.773559,0,0,1,0,1,0,1,1,0,0,1
104.9643,42.76683,4,83,12,39962,4014.850907,0,0,0,1,1,0,0,0,1,0,0
192.4404,71.74385,4,38,10,996,6445.40917,1,1,1,0,1,0,1,0,0,1,0
159.965,67.11925,1,40,11,8986,5885.871902,0,0,1,0,1,0,0,1,0,0,1
159.9512,68.52272,4,49,6,1240,5900.606745,0,1,1,0,1,0,0,0,1,0,1
114.9658,49.98309,4,44,11,8428,4393.579424,1,1,0,0,1,0,0,0,0,0,1
172.5034,70.40991,3,84,14,5924,6066.79912,1,0,0,0,1,0,0,1,1,0,1
147.4893,68.50985,0,88,14,690,5654.807301,0,0,0,0,1,0,1,0,1,0,0
159.965,70.45931,0,61,12,1589,5977.627047,0,0,1,0,1,0,0,1,0,0,1
162.4538,57.54686,0,59,5,2238,5413.975477,0,1,0,1,1,0,0,0,1,1,0
104.9629,70.83727,0,66,14,320,5990.24437,1,1,0,0,1,0,0,0,0,1,0
172.4555,64.68179,1,18,15,8294,5842.329497,1,0,1,0,1,1,1,0,0,0,1
159.9349,52.25168,1,82,10,1111,4539.697433,0,0,1,0,1,0,1,0,0,1,0
255.1417,41.36314,4,85,9,2377,4048.983361,0,0,1,0,1,1,0,0,1,1,1
220.1149,57.42888,0,18,13,16845,5748.819173,0,1,0,1,1,0,0,0,0,1,1
102.4746,67.87061,3,82,10,53,5720.467652,1,0,0,0,1,0,1,0,0,0,0
207.4754,57.3396,1,21,11,23746,5648.31533,1,0,0,1,1,0,1,1,1,0,1
182.4608,48.71074,3,41,20,171,4447.513551,0,0,1,0,1,0,1,1,0,0,1
127.4601,65.19543,6,81,9,1463,5932.432985,1,1,0,1,1,0,1,0,1,0,0
137.4698,63.47229,4,25,17,1773,5973.523544,0,1,0,1,0,0,0,0,1,0,0
179.9476,64.25691,4,33,16,35161,5671.161211,1,0,1,0,1,0,0,0,0,0,1
127.4601,61.21945,1,48,9,18170,5643.207448,0,0,0,1,1,0,1,0,1,0,0
174.9919,61.0763,2,39,8,884,5422.029613,1,0,1,0,1,1,0,1,1,0,1
245.147,55.51616,2,78,10,5061,5546.415428,0,0,0,1,0,0,0,1,1,1,1
230.1051,55.40614,3,28,10,328,5298.247055,0,0,1,0,1,0,1,0,0,1,1
169.9741,61.24745,0,35,12,1480,5386.675909,0,0,1,0,1,1,1,0,0,0,0
197.484,62.68234,3,57,14,16398,6182.792584,0,0,0,1,0,1,1,1,0,0,1
169.9741,59.33067,4,63,13,2079,5260.956377,1,0,1,0,1,1,1,0,0,0,0
114.9728,65.89761,1,47,14,29499,5593.200037,0,0,1,0,1,1,0,0,0,0,0
162.4608,64.85756,1,62,3,492,6135.9085,1,0,0,1,1,0,1,1,0,0,1
182.4608,62.78671,1,57,15,1659,5569.125917,1,1,1,0,1,0,1,1,0,0,1
184.9939,46.65167,1,40,10,25150,4286.838179,0,1,0,0,1,1,1,0,1,0,1
207.4811,64.95453,0,69,8,9155,5777.625223,1,0,1,0,1,1,1,1,0,1,0
139.9568,70.9092,1,44,8,5363,6127.202373,1,0,1,0,1,1,0,0,0,1,0
182.447,59.59893,1,31,13,4696,5312.34805,1,0,1,0,1,0,1,0,1,0,1
172.4705,53.49096,0,22,12,284,5200.58921,0,0,0,1,1,0,0,1,0,0,1
169.9741,71.3757,1,71,10,397,6129.316509,0,0,1,0,1,1,1,0,0,0,0
144.9607,49.26867,0,80,12,21226,4088.428701,0,0,1,0,1,0,0,0,0,0,0
237.6549,52.27228,2,22,6,856,5608.519136,0,0,0,1,1,1,1,1,1,1,1
127.4738,71.53607,9,42,11,429,6835.30081,0,0,0,1,0,0,1,1,0,0,0
162.4713,47.62011,2,76,16,16194,4159.078651,1,0,1,0,1,0,0,1,1,1,0
220.1323,58.65575,0,42,13,590,5417.413606,1,0,1,0,1,0,0,1,0,1,1
255.1665,50.95377,1,38,13,49487,4953.439647,1,0,0,0,1,0,1,1,1,1,1
242.6326,41.88419,2,62,12,30815,4054.139668,1,0,1,0,0,1,0,0,0,1,1
137.4686,62.80581,0,41,11,19162,5340.455949,1,0,1,0,1,1,1,0,0,0,0
230.1051,43.50607,0,77,13,2468,4023.11996,1,1,1,0,1,0,1,0,0,1,1
214.9663,47.29134,1,61,8,6454,4276.019791,0,0,1,0,0,0,1,1,0,0,1
214.9663,70.89862,1,87,13,310,6207.390421,0,0,1,0,1,0,1,1,0,0,1
172.4579,55.88646,10,54,9,454,5291.533225,0,0,1,0,1,0,1,1,0,1,0
252.6378,57.51975,0,31,12,135,5385.294842,0,1,1,0,1,0,0,1,0,1,1
235.1591,69.4702,3,20,7,1363,6547.536791,1,0,1,0,1,1,0,1,1,1,1
162.4937,71.8434,3,69,11,178,6337.761157,0,0,0,0,1,0,1,1,1,0,1
207.4673,67.5746,2,67,9,27,6026.66605,0,0,1,0,0,1,1,0,1,1,0
245.1283,45.39565,2,26,8,44233,4967.376182,1,1,0,1,1,1,1,0,0,1,1
92.45514,48.45122,1,76,16,1171,4324.605332,0,0,0,1,1,0,0,0,0,0,0
187.4673,63.57829,0,40,9,11866,6092.611808,0,0,0,1,1,1,1,0,1,1,0
177.4876,71.84893,0,86,14,2123,6678.820787,0,0,0,1,1,1,1,1,1,0,1
144.9889,71.63571,1,45,12,31739,6686.415286,0,0,0,1,0,1,0,1,1,1,0
252.624,61.63116,1,37,9,33901,5652.464417,0,1,1,0,1,0,0,0,1,1,1
162.5299,56.21975,0,77,7,1051,4844.197414,0,0,0,0,1,1,1,1,1,0,0
182.4608,46.63416,3,68,14,5491,4271.125651,0,0,1,0,1,0,1,1,0,0,1
117.4858,45.48614,0,26,15,1903,4129.318617,0,1,0,0,1,0,0,1,0,1,0
159.9642,65.351,0,75,13,10815,5630.09035,0,0,0,0,1,0,1,0,0,1,0
187.6094,69.67964,9,64,12,1711,6806.914428,1,1,0,1,1,0,0,0,0,1,1
157.4836,54.42917,0,87,11,437,4491.178233,1,1,1,0,1,0,0,1,0,0,0
149.9845,67.91936,3,67,10,8920,6018.467281,1,0,0,0,0,0,1,1,0,0,1
172.4555,68.43831,1,24,13,3412,6130.458297,1,1,1,0,1,1,1,0,0,0,1
240.1149,69.22974,3,59,8,173,6260.19195,0,1,1,0,1,0,0,0,0,1,1
245.147,66.90749,10,20,14,660,6916.234923,1,0,0,1,1,0,0,1,1,1,1
164.967,47.428,3,80,11,15299,4715.545669,1,0,0,1,0,0,1,1,1,1,0
104.9781,70.03095,0,67,4,336,6258.956902,0,0,0,1,1,0,0,1,0,0,0
220.1323,71.33938,3,54,16,24570,6509.69336,1,0,1,0,1,0,0,1,0,1,1
194.9882,39.35678,4,40,17,9768,3850.583581,0,0,1,0,1,1,0,1,0,0,1
210.1051,51.39701,0,77,8,2137,5130.234856,1,0,0,1,1,0,1,0,0,1,1
172.4555,60.47246,0,80,11,33015,5181.079994,0,0,1,0,1,1,1,0,0,0,1
204.9634,49.11678,1,30,14,1551,4563.3631,1,1,1,0,1,0,1,1,0,1,0
155.0084,49.91708,1,35,12,2889,4620.120318,1,1,0,0,1,1,1,1,1,1,0
164.9715,43.49892,1,80,17,7738,4300.053916,0,0,0,1,1,1,0,0,1,1,0
230.1051,60.41609,4,88,12,6380,5495.763652,1,0,1,0,1,0,1,0,0,1,1
255.1336,67.73415,1,64,13,214,6699.368513,1,0,0,1,1,0,1,1,0,1,1
159.9656,57.35881,0,64,12,60191,5233.297186,1,0,0,1,1,0,1,0,1,0,0
172.4742,51.72997,4,33,11,12390,4744.535154,0,0,1,0,1,0,0,1,1,0,1
127.482,66.07094,4,32,13,5282,5753.259075,1,0,1,0,1,1,0,0,1,0,0
235.1417,71.31658,2,81,10,397,6821.289567,0,0,0,1,1,1,0,0,1,1,1
204.9634,67.78527,3,49,10,54,6139.348089,1,0,1,0,1,0,1,1,0,1,0
219.9902,59.1268,0,73,9,811,5338.376401,0,0,1,0,1,1,1,1,1,1,0
139.9678,49.71999,4,44,7,5334,4553.52168,0,0,0,0,0,0,1,0,1,1,0
194.9699,66.27257,3,79,14,1169,5766.226735,0,1,1,0,1,0,1,1,1,0,1
232.6378,56.78578,7,42,13,26759,5918.076763,1,0,0,1,1,0,0,1,0,1,1
152.4555,66.54637,0,30,15,5350,6256.189224,1,0,0,1,1,1,1,0,0,0,1
159.9794,70.61755,0,24,17,9205,6531.657744,0,1,0,1,1,0,1,1,0,0,0
182.4608,51.98225,3,57,14,8577,4745.40142,1,1,1,0,1,0,1,1,0,0,1
182.4676,68.18047,3,22,11,11897,6166.262519,0,0,1,0,1,0,0,1,0,1,0
144.9889,55.8392,10,43,15,27612,5722.756561,1,0,0,1,1,1,0,1,1,1,0
137.4978,50.77278,1,58,13,159,4401.494135,0,0,0,0,1,1,1,0,0,0,0
127.4421,61.8783,0,68,14,7485,5662.202015,0,0,0,1,1,0,0,0,0,0,1
124.9643,55.92296,4,74,16,488,4626.563441,0,0,1,0,1,0,0,0,1,0,0
117.4872,70.22382,1,87,13,195,6244.295389,1,0,0,1,0,0,0,1,1,0,0
134.9509,37.10779,3,57,12,898,3281.794165,1,0,1,0,1,0,1,0,0,0,0
169.9447,71.85451,3,34,18,25928,6342.815783,0,0,1,0,1,0,0,0,0,1,0
125.0073,71.40033,1,35,14,813,6083.031895,1,0,0,0,1,0,0,1,0,0,0
139.9512,48.14443,0,48,18,6298,4524.487668,1,1,0,1,0,0,0,0,1,0,1
112.4551,69.80263,3,53,12,17243,5797.577084,1,0,1,0,1,0,0,0,0,0,0
245.1457,62.90882,3,42,9,14025,5980.394774,0,1,1,0,1,1,1,1,0,1,1
192.4705,52.38257,0,18,11,210,4791.676231,1,0,1,0,1,0,0,1,0,0,1
217.484,55.49451,0,45,13,3080,5127.332044,1,0,1,0,1,1,1,1,0,0,1
177.4945,57.65949,2,24,11,340,5759.875218,1,1,0,1,1,1,0,1,1,1,0
172.4567,70.50313,4,68,15,4112,6568.314412,0,1,0,1,1,0,0,0,1,0,1
222.65,63.56932,3,79,12,532,5866.269219,0,1,1,0,1,1,0,1,0,1,1
117.472,48.20556,1,20,3,353,4321.775833,0,0,0,0,1,0,0,0,1,1,0
220.1478,50.69797,3,21,12,338,4917.704271,0,1,0,0,1,0,0,0,1,1,1
222.6143,66.00509,4,76,11,95,6410.875978,1,0,0,1,1,0,1,0,1,1,1
149.989,58.46541,1,81,14,4300,5104.379413,1,1,0,0,1,1,0,0,0,0,1
222.6281,71.9039,0,62,12,34962,6944.850526,0,0,0,1,1,0,1,1,0,1,1
152.4624,69.35321,2,47,16,1624,6553.155711,0,1,0,1,1,1,0,0,0,1,0
214.9663,44.14411,0,60,17,24774,3990.635991,0,1,1,0,1,0,1,1,0,0,1
219.9902,50.72837,1,25,15,69413,4791.332346,0,1,1,0,1,1,1,1,1,1,0
172.4624,66.19707,1,78,12,18391,5748.631133,1,0,1,0,1,1,0,0,0,1,0
210.127,46.94667,0,35,12,841,4471.005057,1,0,1,0,1,1,0,0,0,1,1
182.4653,62.50486,1,58,11,448,5510.771354,1,1,1,0,1,1,0,0,0,0,1
117.472,67.69816,3,25,13,9922,5917.079917,1,0,0,0,0,0,0,0,1,1,0
124.9781,59.94097,0,29,15,788,5143.298984,0,0,1,0,1,0,0,1,0,0,0
172.4567,63.45694,0,66,9,13269,5792.097707,1,1,0,1,0,0,0,0,1,0,1
129.9763,62.83864,0,53,8,13744,5499.615826,0,1,0,0,1,1,1,0,0,1,0
172.5104,54.07581,3,33,10,25266,4893.437646,0,1,1,0,1,1,0,1,1,0,0
162.4676,70.33975,1,34,15,4689,6608.716989,0,0,0,1,1,0,0,1,0,1,0
137.4836,61.70273,5,28,11,2068,5930.301451,1,0,0,1,1,0,0,1,0,0,0
177.4876,55.74501,4,25,10,1104,5600.149879,0,1,0,1,1,1,1,1,1,0,1
179.9794,71.12475,7,55,13,32080,6273.577349,1,0,1,0,0,0,1,1,0,0,0
245.1283,66.96136,0,88,11,35230,6469.578976,1,1,0,1,1,1,1,0,0,1,1
222.6143,71.99373,2,79,7,1539,6877.221038,1,0,0,1,1,0,1,0,1,1,1
132.4798,60.98321,3,24,11,26094,5939.670076,0,1,0,1,1,1,0,1,0,1,0
174.9618,60.50817,0,18,12,12705,5474.791065,1,0,1,0,1,1,1,0,1,1,0
152.4884,59.53457,2,34,15,17,5403.227013,1,1,0,0,1,1,1,0,1,0,1
114.9838,71.12849,4,31,7,40335,6103.615106,1,0,0,0,1,0,1,0,1,0,0
230.1051,67.78399,0,72,15,3211,6028.793302,1,1,1,0,0,0,1,0,0,1,1
147.4738,60.77384,6,56,10,34,5401.717861,0,0,1,0,1,0,1,1,0,0,0
152.509,64.38287,10,87,11,1232,5932.680002,0,0,0,0,1,1,0,1,0,1,0
267.6427,62.86571,2,70,12,19092,6315.89486,1,0,0,1,1,0,1,1,1,1,1
159.9349,51.60705,1,80,17,820,4446.381359,1,1,1,0,1,0,1,0,0,1,0
257.6549,62.4542,2,62,8,38597,5898.163738,1,0,1,0,1,1,1,1,1,1,1
159.965,60.21411,2,18,9,1082,5422.994493,1,0,1,0,1,0,0,1,0,0,1
139.9512,47.1766,6,79,16,237,4528.256454,1,0,0,1,1,0,0,0,1,0,1
257.6549,64.5472,1,42,11,1269,6104.448181,1,1,1,0,1,1,1,1,1,1,1
162.4689,51.92063,2,41,8,27017,4662.416793,0,0,1,0,1,1,0,0,1,0,1
242.6435,54.09544,1,28,10,6508,5158.501952,1,0,0,0,1,0,1,0,1,1,1
184.9496,56.19138,2,36,11,15183,5533.878378,0,0,0,1,1,0,1,0,1,1,0
174.9768,57.98413,2,31,14,7008,5688.321792,1,1,0,1,0,0,0,1,1,1,0
147.4564,62.60438,1,81,17,36792,5716.118122,0,0,0,1,1,0,1,0,0,0,0
147.4564,42.04904,1,65,11,49694,4002.030513,1,0,0,1,1,0,1,0,0,0,0
242.6281,62.71718,0,64,10,5817,5772.05845,0,0,1,0,0,0,1,1,0,1,1
129.9483,47.4649,0,42,15,73778,4571.667787,1,0,0,1,1,0,0,0,1,1,0
257.6513,63.38783,0,83,10,30784,6325.364407,1,1,0,1,1,1,1,1,0,1,1
124.9643,56.15392,1,43,11,3433,4737.057384,0,0,1,0,1,0,0,0,1,0,0
267.6427,62.13428,3,45,14,2723,6368.713686,0,1,0,1,1,0,1,1,1,1,1
152.4624,63.90796,0,35,14,887,6037.703682,0,0,0,1,1,1,0,0,0,1,0
127.4887,62.75391,8,40,12,60476,5743.678257,0,0,0,0,1,0,0,1,0,0,1
137.4836,64.25291,2,42,9,16062,6001.002897,1,0,0,1,1,0,0,1,0,0,0
142.4713,69.22651,0,65,13,524,6317.450344,0,1,0,1,1,0,0,1,1,1,0
275.1198,36.28161,3,86,12,31251,3570.28345,0,1,1,0,1,0,1,0,1,1,1
112.4844,46.38454,4,56,11,1730,3971.648787,0,0,0,0,1,0,0,0,0,0,0
172.4624,62.53352,2,48,10,1455,5577.591754,0,0,1,0,1,1,0,0,0,1,0
204.9634,38.29305,3,45,12,75,3735.933485,0,0,1,0,1,0,1,1,0,1,0
220.1323,50.62244,1,44,17,11195,4783.40882,0,0,1,0,1,0,0,1,0,1,1
149.9928,64.88052,4,27,11,38568,6167.49975,0,0,0,1,1,0,0,1,1,0,0
147.4783,45.66396,7,49,15,1537,4103.113939,0,0,1,0,1,1,0,0,0,0,0
117.4392,69.59341,2,68,8,33287,6309.777908,0,0,0,1,1,0,0,0,0,1,0
149.9621,62.1578,1,44,17,220,5467.127682,0,0,1,0,1,0,0,1,0,1,0
197.4945,71.13694,1,78,9,158,6195.809016,1,1,1,0,1,1,0,1,1,1,0
144.9607,64.14083,10,39,12,2159,5667.006419,0,0,1,0,1,0,0,0,0,0,0
257.6513,69.657,3,60,13,227,6959.755373,0,0,0,1,1,1,1,1,0,1,1
112.4844,41.23951,7,87,12,16022,3623.079115,0,1,0,0,1,0,0,0,0,0,0
139.9568,49.20691,1,42,10,131,4355.520561,1,0,1,0,1,1,0,0,0,1,0
225.1457,56.37573,8,33,4,2901,6089.067076,1,1,0,1,0,1,1,1,0,1,1
127.4601,39.42138,2,63,9,3937,3838.72543,1,0,0,1,1,0,1,0,1,0,0
142.4689,66.31761,1,72,12,19350,6123.146207,0,0,0,1,1,1,0,0,1,0,1
222.65,62.52045,8,39,10,412,6018.341413,1,1,1,0,0,1,0,1,0,1,1
134.9509,71.40954,1,81,11,2180,5869.863059,0,0,1,0,1,0,1,0,0,0,0
172.4567,58.96403,2,51,12,14243,5534.707356,1,0,0,1,1,0,0,0,1,0,1
192.4885,60.72007,4,39,8,13712,5385.46775,1,0,1,0,1,0,1,1,1,0,0
137.4836,61.46188,3,55,13,1570,5760.474223,0,0,0,1,1,0,0,1,0,0,0
142.4689,55.09485,1,49,10,7413,5278.98567,0,0,0,1,1,1,0,0,1,0,1
134.9509,40.53237,0,18,10,2455,3515.623391,0,0,1,0,1,0,1,0,0,0,0
112.4551,71.26615,3,88,14,680,5802.742727,0,0,1,0,1,0,0,0,0,0,0
144.9607,51.36891,2,22,11,297,4429.96209,0,0,1,0,1,0,0,0,0,0,0
104.9629,51.2129,2,51,13,7514,4493.014399,0,0,0,0,1,0,0,0,0,1,0
242.6106,52.17851,0,34,12,754,5360.147757,0,0,0,1,1,0,1,0,0,1,1
207.4974,57.07265,1,51,12,1659,5095.801843,0,0,1,0,1,1,0,1,1,0,1
127.4601,50.49273,2,51,8,30253,4702.945848,0,1,0,1,1,0,1,0,1,0,0
155.0084,57.00347,0,72,3,16783,5048.669549,1,0,0,0,1,1,1,1,1,1,0
147.4738,71.44791,1,79,19,26054,5964.710238,0,0,1,0,1,0,1,1,0,0,0
230.1344,66.50713,2,80,12,21,6078.515237,1,0,0,0,0,0,1,0,0,1,1
130.0064,61.82003,3,24,14,1448,5640.896253,1,0,0,0,1,1,0,1,0,0,1
139.9349,51.99282,4,82,16,2004,4977.28191,0,1,0,1,1,0,1,0,0,1,0
204.9797,68.93363,4,46,15,1206,6101.208542,0,1,1,0,1,0,0,1,1,0,1
149.9447,68.59726,0,71,10,61,6228.700498,0,0,0,1,1,0,0,0,0,1,0
134.9509,67.53691,2,67,9,5044,5711.519767,1,0,1,0,1,0,1,0,0,0,0
127.4586,65.77898,4,77,16,739,5756.842503,0,0,0,0,1,0,1,0,0,1,0
197.4876,64.48578,0,49,18,865,5783.315378,1,0,1,0,1,1,1,1,1,0,1
275.1198,68.68812,1,78,10,1210,6237.31669,1,0,1,0,1,0,1,0,1,1,1
200.1185,64.79987,0,89,10,36550,6099.425081,0,0,0,1,0,0,0,0,1,1,1
159.9512,66.70002,2,26,10,36711,5765.098354,0,0,1,0,1,0,0,0,1,0,1
157.4698,55.40847,4,42,11,6473,4843.560902,0,0,1,0,1,0,0,0,1,0,0
192.4404,58.52385,1,45,12,215,5246.886102,1,0,1,0,1,0,1,0,0,1,0
179.9476,69.12212,4,51,11,8689,6093.076557,0,1,1,0,1,0,0,0,0,0,1
255.1336,70.7555,7,65,9,1150,7081.306842,1,0,0,1,1,0,1,1,0,1,1
139.9512,62.23897,4,72,9,1348,5806.10196,1,0,0,1,1,0,0,0,1,0,1
175.0048,69.27587,3,43,7,15738,6309.305361,0,0,0,0,1,1,1,1,0,1,0
139.9349,48.27562,4,44,7,6572,4797.290998,1,0,0,1,1,0,1,0,0,1,0
127.4958,69.31577,2,50,19,199,5979.37126,0,1,1,0,1,1,0,1,0,0,0
207.4811,43.87969,0,86,12,4928,4042.115496,0,0,1,0,1,1,1,1,0,1,0
217.4725,60.99965,1,29,13,2068,5544.621469,1,0,1,0,1,0,1,1,1,1,0
137.4686,57.60401,0,56,20,39043,4865.052135,1,0,1,0,1,1,1,0,0,0,0
222.65,47.67256,1,29,19,10056,4666.085107,1,0,1,0,1,1,0,1,0,1,1
207.4754,65.99581,0,73,13,176,6238.598854,1,1,0,1,1,0,1,1,1,0,1
139.9979,65.27026,0,73,17,1672,5599.71353,0,0,0,0,1,0,0,1,1,0,1
162.4653,68.61891,3,65,10,2335,6463.857008,0,1,0,1,1,1,0,0,0,0,1
275.1336,47.60481,0,82,8,285,4546.718887,1,0,1,0,1,0,1,1,0,1,1
159.9512,68.47424,2,83,7,5190,5805.877345,1,1,1,0,1,0,0,0,1,0,1
242.6281,62.78883,2,49,15,26749,5841.624759,1,0,1,0,1,0,1,1,0,1,1
227.4754,48.01685,0,82,9,19556,4240.153662,0,0,1,0,1,0,1,1,1,0,1
222.6792,71.07998,2,79,11,9725,6522.842043,1,0,0,0,1,1,0,1,0,1,1
242.6573,61.48122,0,77,11,4976,5700.115786,0,0,0,0,1,0,1,1,0,1,1
204.9496,70.42068,1,18,11,1236,6314.533192,0,1,1,0,0,0,1,0,1,1,0
117.4835,67.10773,5,26,17,6460,6044.025399,0,0,0,0,1,1,0,0,0,0,1
149.9598,60.31971,0,22,10,15762,5264.734623,0,0,1,0,0,1,0,0,0,0,1
160.0013,60.69166,10,66,14,471,5456.214913,0,1,1,0,1,1,0,1,0,0,0
139.9568,70.56821,1,63,14,28849,6036.967859,0,0,1,0,0,1,0,0,0,1,0
92.48802,58.95425,1,54,17,1920,4930.445331,1,0,0,0,1,0,0,0,1,0,0
255.1372,65.66957,2,35,13,1148,6174.944351,0,0,1,0,1,0,1,1,1,1,1
149.9707,50.71608,6,80,7,20167,4577.776917,1,0,0,0,1,0,1,0,1,0,1
147.4601,70.77383,4,72,17,1962,5943.959339,0,0,1,0,1,0,1,0,1,0,0
159.9875,63.9264,3,50,10,4611,5559.691145,0,0,1,0,1,1,0,0,1,0,0
127.4887,71.59439,0,77,10,920,6018.175438,1,0,0,0,1,0,0,1,0,0,1
162.4538,71.05361,1,61,12,1576,6497.863463,1,0,0,1,1,0,0,0,1,1,0
129.9483,58.73457,0,29,18,1480,5537.702266,0,1,0,1,1,0,0,0,1,1,0
139.9678,68.20321,1,84,3,15,5797.443843,0,0,0,0,1,0,1,0,1,1,0
242.6573,51.67488,0,30,8,40770,5050.700652,0,0,0,0,1,0,1,1,0,1,1
164.967,60.93346,1,41,14,8979,5888.45156,1,0,0,1,1,0,1,1,1,1,0
137.4978,42.82102,4,77,12,1666,3862.289881,0,0,0,0,1,1,1,0,0,0,0
112.4844,58.57249,0,28,11,561,4938.967049,0,0,0,0,1,0,0,0,0,0,0
114.9838,55.68741,3,84,12,368,4637.682474,1,0,0,0,1,0,1,0,1,0,0
165.0113,69.5048,6,77,7,845,6205.183353,1,0,0,0,1,1,1,1,1,0,1
197.6288,62.89177,0,86,15,3989,5629.088178,0,1,0,0,1,0,1,0,0,1,1
217.4702,53.60305,1,63,10,204,4863.296508,1,0,1,0,1,1,1,0,1,0,1
262.6106,52.71022,2,67,15,162,4943.594438,1,0,1,0,1,0,1,0,0,1,1
222.6654,64.56029,0,21,6,4409,5989.347785,0,0,0,0,1,1,0,0,1,1,1
154.9755,51.9647,2,48,11,37377,5185.231247,0,1,0,1,1,1,1,1,0,1,0
220.1149,64.56459,3,76,9,1966,6235.697033,0,1,0,1,1,0,0,0,0,1,1
164.9647,58.51928,5,21,14,29490,5868.506672,1,0,0,1,1,1,1,0,1,0,1
207.4673,69.24664,3,24,12,8146,6335.435305,0,0,1,0,1,1,1,0,1,1,0
162.4538,71.75497,0,77,11,5762,6472.088412,0,0,0,1,1,0,0,0,1,1,0
172.4404,71.53606,3,53,14,2475,6761.913319,0,0,0,1,1,0,1,0,0,1,0
200.1185,62.5567,0,34,11,6553,6095.950269,0,0,0,1,1,0,0,0,1,1,1
242.6106,69.74686,1,58,6,507,6751.757527,0,0,0,1,1,0,1,0,0,1,1
139.983,55.48531,3,33,8,1780,5283.145343,0,0,0,1,1,0,1,1,1,0,0
104.9643,68.69992,4,60,9,11275,6215.161258,0,0,0,1,1,0,0,0,1,0,0
139.9512,65.16987,2,56,14,6962,5954.856404,1,0,0,1,1,0,0,0,1,0,1
124.9935,50.55452,0,48,10,1296,4303.028243,1,0,0,0,1,0,0,0,1,0,0
139.9512,58.0434,2,62,12,1455,5433.542284,1,0,0,1,1,0,0,0,1,0,1
214.9663,70.21916,0,61,11,13,6206.176515,0,0,1,0,1,0,1,1,0,0,1
117.4686,61.18471,0,37,12,556,5716.521753,1,0,0,1,0,1,1,0,0,0,0
242.6326,70.19945,1,89,16,719,6254.922893,0,0,1,0,1,1,0,0,0,1,1
242.6143,56.76973,1,68,15,69,5174.530815,1,0,1,0,1,0,1,0,1,1,1
117.5152,42.02106,1,82,7,1619,3701.191181,0,1,0,0,1,1,1,1,0,0,0
232.6228,59.59171,3,41,13,6438,5673.784205,0,0,1,0,1,1,1,0,0,1,1
144.9607,58.90417,0,54,15,7691,4880.899279,0,0,1,0,1,0,0,0,0,0,0
174.9882,55.64344,3,36,10,18540,5580.901602,1,0,0,1,1,1,0,1,0,0,1
139.9875,37.90754,0,36,15,16850,3794.802552,0,0,0,1,1,1,0,0,1,0,0
222.6326,65.87966,6,65,12,480,6594.127635,1,0,0,1,1,1,0,0,0,1,1
137.4392,60.05643,1,25,14,698,5272.094696,0,0,1,0,1,0,0,0,0,1,0
207.6094,71.21314,2,53,17,152,6386.697896,0,0,1,0,1,0,0,0,0,1,1
232.6378,63.53539,1,31,15,424,6369.536182,1,1,0,1,1,0,0,1,0,1,1
207.4811,58.56191,1,63,15,12864,5351.338273,0,1,1,0,1,1,1,1,0,1,0
159.983,59.47229,1,85,10,14550,4968.105348,0,1,1,0,1,0,1,1,1,0,0
137.4872,46.55186,2,74,14,325,3964.578207,1,0,1,0,1,0,0,1,1,0,0
127.4783,65.28923,5,43,7,751,6165.048793,1,1,0,1,1,1,0,0,0,0,0
114.9728,63.58076,0,35,10,1210,5329.635404,1,1,1,0,1,1,0,0,0,0,0
194.9882,71.96235,1,82,15,16665,6292.15687,1,1,1,0,1,1,0,1,0,0,1
147.4421,65.11343,0,86,10,5100,5372.485557,1,1,1,0,1,0,0,0,0,0,1
149.9598,55.42799,3,60,10,21409,4831.683083,1,0,1,0,1,1,0,0,0,0,1
242.6281,54.40563,1,56,11,30373,5100.988534,1,0,1,0,1,0,1,1,0,1,1
159.9349,52.8369,3,58,8,1203,4727.906301,1,0,1,0,1,0,1,0,0,1,0
164.9715,54.28949,0,60,11,16943,5218.998099,1,1,0,1,1,1,0,0,1,1,0
182.4676,63.39683,2,36,16,514,5697.615578,1,0,1,0,1,0,0,1,0,1,0
222.6281,57.87473,3,20,16,12078,5978.333259,0,0,0,1,1,0,1,1,0,1,1
187.4673,66.35321,4,64,11,2242,6364.433854,0,1,0,1,1,1,1,0,1,1,0
112.4551,46.75485,1,55,9,83782,3840.965627,0,0,1,0,1,0,0,0,0,0,0
252.6378,48.42652,0,85,10,26325,4463.168123,0,0,1,0,1,0,0,1,0,1,1
225.1457,58.89646,0,18,11,1336,6051.457992,1,0,0,1,1,1,1,1,0,1,1
164.9853,70.52668,0,19,11,551,6717.631884,1,0,0,1,1,1,0,1,0,1,0
225.1457,71.64551,4,59,9,460,7084.802797,1,0,0,1,1,1,1,1,0,1,1
194.9663,39.23505,0,32,9,9191,4093.69412,0,0,0,1,1,0,1,1,0,0,1
245.1283,67.15929,1,29,14,3091,6710.02165,0,1,0,1,1,1,1,0,0,1,1
137.5165,64.25764,0,83,12,3011,5396.225434,1,0,0,0,1,0,0,1,1,0,0
174.9755,65.12124,0,41,14,21900,5858.190319,0,1,1,0,1,1,1,1,0,1,0
172.4624,67.89973,1,69,13,341,5870.59778,1,0,1,0,1,1,0,0,0,1,0
147.4421,68.54375,4,30,17,1488,6042.586728,0,1,1,0,1,0,0,0,0,0,1
232.652,56.32657,0,25,13,347,5438.301299,1,0,0,0,1,1,1,0,0,1,1
142.4993,47.40118,7,66,8,38659,4539.773339,1,0,0,0,1,1,1,1,0,1,0
137.4684,39.83368,0,83,8,5682,3419.03694,0,0,0,0,1,0,0,0,0,1,0
204.9634,51.59283,2,27,14,2368,4853.919295,1,0,1,0,1,0,1,1,0,1,0
94.97283,71.12681,3,89,9,53841,6359.030108,1,0,0,1,1,1,0,0,0,0,0
117.472,59.28121,2,39,11,357,5197.781383,1,1,0,0,1,0,0,0,1,1,0
162.4982,68.14328,0,42,14,18181,5916.482428,0,0,0,0,1,1,0,0,1,0,1
174.9768,63.20833,0,54,17,33735,5932.349473,0,0,0,1,1,0,0,1,1,1,0
217.4702,71.21292,3,64,15,12326,6364.501793,0,0,1,0,1,1,1,0,1,0,1
142.4713,43.5663,0,53,12,4350,4254.251624,1,0,0,1,1,0,0,1,1,1,0
149.9598,59.78823,1,51,14,1378,5156.890432,1,0,1,0,1,1,0,0,0,0,1
92.45514,52.20049,1,55,9,5015,4782.949918,0,0,0,1,1,0,0,0,0,0,0
169.9928,65.90545,0,48,17,563,5645.995697,1,0,1,0,1,0,0,1,1,0,0
212.6557,69.01117,0,26,12,938,6406.743794,1,0,0,0,0,1,1,0,1,1,1
152.4798,55.02079,5,72,10,16518,4941.822921,0,1,1,0,1,1,0,1,0,1,0
192.4404,53.58396,3,19,14,14676,4941.881988,0,1,1,0,1,0,1,0,0,1,0
134.9801,66.22321,0,18,14,2131,5688.797995,1,1,0,0,1,0,1,0,0,0,0
124.9781,42.07751,0,38,12,1394,3650.098328,0,0,1,0,1,0,0,1,0,0,0
114.9728,51.80774,2,24,15,496,4462.614161,1,0,1,0,1,1,0,0,0,0,0
137.4392,65.32158,3,30,10,8354,5748.685143,1,0,1,0,1,0,0,0,0,1,0
255.1417,70.66533,1,20,11,167,6523.645236,1,0,1,0,1,1,0,0,1,1,1
240.1149,54.11361,1,87,17,4498,4868.237911,1,0,1,0,1,0,0,0,0,1,1
160.0122,64.20551,1,38,10,510,5581.981954,0,0,0,0,1,0,1,1,1,0,0
159.965,58.36296,1,42,12,7117,5161.84319,0,1,1,0,1,0,0,1,0,0,1
162.4937,43.98704,0,51,7,3874,4021.932527,1,0,0,0,1,0,1,1,1,0,1
139.9979,54.99066,0,89,11,671,4622.680672,1,0,0,0,1,0,0,1,1,0,1
235.1555,53.62789,3,58,11,7174,5605.985814,1,0,0,1,1,1,0,1,0,1,1
162.5007,59.29358,3,60,14,59607,5172.200731,1,0,1,0,1,1,1,1,1,0,0
190.1737,71.58757,0,61,15,15415,6489.928767,1,0,0,0,0,1,0,1,0,1,1
242.6106,42.47353,1,48,5,21130,4549.826317,1,1,0,1,1,0,1,0,0,1,1
232.6707,57.68543,1,86,12,1444,5300.70659,1,0,0,0,1,0,0,1,1,1,1
255.1372,63.6336,2,42,10,10389,5985.170527,0,0,1,0,1,0,1,1,1,1,1
119.9897,55.9975,0,53,11,32204,4849.400123,0,1,0,0,1,1,0,0,1,1,0
200.1465,56.841,2,35,14,7633,5390.230602,0,0,0,0,1,1,1,0,0,1,1
222.6281,70.47803,0,53,8,2848,6857.525674,1,1,0,1,1,0,1,1,0,1,1
150.007,57.39587,2,73,8,1997,5012.390451,1,0,0,0,1,1,1,0,1,0,0
184.9797,60.74786,1,49,14,2498,5741.788806,1,1,0,1,1,0,0,1,1,0,1
147.5031,69.82128,5,70,13,44352,6056.024801,0,1,0,0,1,0,1,1,0,0,0
137.4392,65.71805,1,55,12,1451,5590.582279,1,0,1,0,0,0,0,0,0,1,0
182.4433,60.42253,6,85,11,30376,5755.545082,0,1,0,1,1,0,1,0,0,0,1
174.9699,69.44504,1,30,11,5256,6538.750068,0,0,0,1,1,0,1,1,1,0,1
159.983,53.25801,3,83,17,4596,4609.33258,0,0,1,0,1,0,1,1,1,0,0
162.447,63.43387,2,69,11,3831,5946.265703,1,0,0,1,0,0,1,0,1,0,1
179.9794,53.48684,4,32,15,42868,4893.706015,0,0,1,0,1,0,1,1,0,0,0
127.525,59.63916,0,31,12,17119,5176.880863,0,0,0,0,1,1,0,1,0,0,0
210.138,59.12149,3,48,10,33723,5494.3717,0,1,0,0,1,0,1,0,1,1,1
275.1198,70.43935,1,32,13,80143,6484.571924,1,1,1,0,1,0,1,0,1,1,1
257.6513,71.35403,1,81,2,18720,7015.439922,1,0,0,1,1,1,1,1,0,1,1
267.6647,61.12237,4,27,7,1445,5943.318759,1,0,1,0,1,1,0,1,1,1,1
119.9897,61.17556,2,62,6,702,5305.741074,0,0,0,0,1,1,0,0,1,1,0
144.9607,65.38222,1,69,12,39478,5393.30138,1,0,1,0,1,0,0,0,0,0,0
245.147,67.93803,0,34,15,444,6646.927545,1,0,0,1,1,0,0,1,1,1,1
114.9658,46.41634,8,87,7,2771,4165.771029,1,0,0,0,1,0,0,0,0,0,1
147.4738,69.30616,2,24,14,2302,6082.615608,0,0,1,0,1,0,1,1,0,0,0
182.4653,51.53504,9,21,10,4739,4979.515394,0,1,1,0,1,1,0,0,0,0,1
220.1615,61.17571,1,67,15,6470,5558.549267,0,0,0,0,1,0,0,1,0,1,1
159.9476,51.77932,3,29,11,2865,5126.884955,0,0,0,1,1,0,0,0,0,0,1
255.1555,56.18852,2,18,13,273,5455.610895,1,0,1,0,1,1,0,1,0,1,1
124.9781,69.72684,2,46,14,268,5950.964541,0,0,1,0,1,0,0,1,0,0,0
172.4624,70.69188,3,59,9,17881,6193.73618,0,0,1,0,1,1,0,0,0,1,0
137.4872,62.21879,0,88,14,11885,5140.822313,1,1,1,0,1,0,0,1,1,0,0
257.6841,58.82987,4,89,14,96,5599.136827,0,0,0,0,1,1,1,1,1,1,1
159.9512,53.13455,1,68,11,21732,4567.371412,0,0,1,0,1,0,0,0,1,0,1
182.4538,56.05193,0,36,13,23612,4906.344686,1,0,1,0,1,0,0,0,1,1,0
104.9643,71.13774,0,18,8,341,6343.360731,0,0,0,1,1,0,0,0,1,0,0
114.9976,57.71425,2,30,7,7570,5030.841405,1,0,0,0,1,0,1,1,0,0,0
152.466,69.58993,0,23,13,56,6061.493639,1,1,1,0,1,1,0,0,1,1,0
275.1336,54.14398,0,55,8,1149,5171.047626,0,1,1,0,0,0,1,1,0,1,1
200.1465,50.3804,2,29,17,172,4927.588244,0,0,0,0,1,1,1,0,0,1,1
115.0021,43.52477,1,83,7,28319,3713.937564,1,0,0,0,1,1,0,0,0,0,0
129.9598,55.68048,0,44,12,492,5308.256406,1,1,0,1,1,1,0,0,0,0,1
147.4783,63.22009,0,77,9,9593,5316.617176,1,1,1,0,1,1,0,0,0,0,0
275.1336,65.33904,3,31,10,375,6212.33447,0,0,1,0,1,0,1,1,0,1,1
220.1615,60.91995,1,52,11,5381,5672.886971,1,0,0,0,1,0,0,1,0,1,1
172.4441,56.71742,1,36,16,604,5060.75166,0,1,1,0,1,0,1,0,1,1,0
232.624,65.50686,1,63,9,391,6298.280809,0,0,0,1,1,0,0,0,1,1,1
117.4858,46.15653,3,30,11,1703,4263.488866,0,0,0,0,1,0,0,1,0,1,0
162.447,64.2738,3,66,13,4800,6055.708509,1,0,0,1,1,0,1,0,1,0,1
129.9621,65.44503,0,24,9,284,6184.758563,0,0,0,1,1,0,0,1,0,1,0
127.525,65.09085,1,76,11,22096,5506.82644,1,0,0,0,1,1,0,1,0,0,0
179.9476,70.26887,5,69,15,748,6076.522348,1,0,1,0,1,0,0,0,0,0,1
152.4907,51.88253,3,59,13,1842,4688.843781,1,0,0,0,1,0,1,1,1,1,0
159.9476,50.55291,1,83,12,4420,4705.493469,0,0,0,1,1,0,0,0,0,0,1
147.4601,69.98687,1,82,15,749,5754.337346,1,1,1,0,1,0,1,0,1,0,0
190.127,59.47664,2,37,9,1346,5919.136057,0,1,0,1,1,1,0,0,0,1,1
179.9476,58.72004,3,64,14,7562,5167.346084,1,0,1,0,1,0,0,0,0,0,1
139.9568,65.03219,4,28,10,1151,5790.464895,0,0,1,0,1,1,0,0,0,1,0
194.9882,61.36037,4,23,13,3526,5709.246946,0,0,1,0,1,1,0,1,0,0,1
190.127,60.51339,3,43,8,1069,6015.198197,0,0,0,1,1,1,0,0,0,1,1
184.967,67.01837,4,29,17,2332,6058.185844,1,0,1,0,0,0,1,1,1,1,0
117.5015,44.47907,4,58,9,9361,3992.813669,1,1,0,0,1,1,1,0,1,0,0
204.9634,54.28874,0,46,8,15515,4903.899257,0,0,1,0,1,0,1,1,0,1,0
125.0073,71.12545,0,89,7,162,5934.963982,1,0,0,0,1,0,0,1,0,0,0
162.4676,36.95505,1,76,12,2973,3782.597839,1,1,0,1,1,0,0,1,0,1,0
220.1323,54.30563,5,82,14,193,5083.752685,1,0,1,0,1,0,0,1,0,1,1
184.9797,48.85809,4,74,10,454,4777.954889,1,0,0,1,1,0,0,1,1,0,1
187.4847,71.76656,0,83,12,1991,6269.314301,1,0,1,0,1,1,1,1,1,1,0
137.4698,71.65648,0,38,11,2984,6396.071626,1,1,0,1,1,0,0,0,1,0,0
129.9763,64.61898,1,69,10,3185,5623.819353,0,0,0,0,1,1,1,0,0,1,0
157.4836,69.35043,1,76,7,1520,5780.643396,0,0,1,0,1,0,0,1,0,0,0
242.6326,69.91998,1,71,12,687,6291.039364,0,0,1,0,1,1,0,0,0,1,1
277.6513,62.13371,3,32,9,65355,6021.620867,0,1,1,0,0,1,1,1,0,1,1
187.656,59.6293,4,66,13,776,5541.635777,1,0,0,0,0,0,0,1,0,1,1
187.6422,70.86194,1,82,12,432,6236.37892,0,1,0,0,1,0,0,0,1,1,1
127.4738,67.11209,0,43,13,25052,6110.183,0,1,0,1,1,0,1,1,0,0,0
192.4404,58.23259,4,45,11,1649,5315.375131,1,0,1,0,1,0,1,0,0,1,0
187.656,52.76138,0,74,14,3029,4782.472018,0,0,0,0,1,0,0,1,0,1,1
117.4872,68.86595,6,41,13,2035,6437.775218,1,0,0,1,1,0,0,1,1,0,0
167.4564,68.99606,0,21,10,1493,5992.278257,0,0,1,0,1,0,1,0,0,0,0
169.9378,62.42321,1,68,10,1353,5335.845074,0,1,1,0,1,0,1,0,0,0,1
220.1185,46.23456,7,27,15,999,4583.497674,1,0,1,0,1,0,0,0,1,1,1
154.9618,57.44563,0,60,13,11850,5452.591282,0,0,0,1,1,1,1,0,1,1,0
255.1198,68.7816,1,53,10,40778,6693.382735,0,0,0,1,1,0,1,0,1,1,1
159.9349,57.04882,1,55,10,110,5021.288642,0,0,1,0,1,0,1,0,0,1,0
275.1336,64.1745,1,51,10,8701,5989.772755,0,0,1,0,1,0,1,1,0,1,1
164.9647,62.86571,2,61,12,9647,5918.858621,1,0,0,1,1,1,1,0,1,0,1
115.0021,67.84553,2,53,18,6019,5753.585929,1,0,0,0,1,1,0,0,0,0,0
117.4392,64.49231,0,51,12,8075,5885.972229,0,0,0,1,1,0,0,0,0,1,0
127.475,62.70815,4,37,18,148,5463.517233,1,0,0,0,0,0,0,0,1,0,1
127.4887,65.31625,1,63,16,439,5662.729675,1,0,0,0,1,0,0,1,0,0,1
144.9889,70.49442,0,44,8,2698,6565.394972,0,0,0,1,1,1,0,1,1,1,0
147.4738,44.46693,6,63,11,1878,4042.614652,0,0,1,0,1,0,1,1,0,0,0
210.1051,48.84821,1,54,17,827,5027.584509,1,0,0,1,1,0,1,0,0,1,1
184.961,68.49174,0,76,16,24,6419.007711,0,0,0,1,1,1,1,0,0,0,1
232.6415,70.40902,3,64,15,1464,6404.998855,1,0,1,0,1,0,0,1,1,1,1
202.65,59.48026,0,70,13,2159,5881.867947,0,0,0,1,1,1,0,1,0,1,1
114.9658,69.39129,2,41,12,2713,5932.111783,0,1,0,0,1,0,0,0,0,0,1
174.9919,42.59461,0,58,14,2087,3866.102336,0,0,1,0,1,1,0,1,1,0,1
149.9447,57.07243,3,55,14,7714,5429.192903,1,0,0,1,1,0,0,0,0,1,0
112.4551,52.37668,0,31,12,508,4349.508246,1,0,1,0,1,0,0,0,0,0,0
147.4713,64.60077,10,44,13,95,5847.97974,0,0,0,0,1,0,0,0,0,0,1
162.4689,61.97321,1,78,15,14693,5251.722647,1,0,1,0,1,1,0,0,1,0,1
194.9581,68.05839,9,86,10,2383,6215.18264,1,0,1,0,1,1,1,0,0,1,0
159.9805,49.45192,2,50,10,465,4427.375175,0,0,0,0,1,0,0,0,1,0,1
184.9963,65.90788,2,88,15,2124,5831.190256,1,0,0,0,1,0,1,1,1,1,0
187.6094,68.22677,4,53,8,30211,6570.010431,1,0,0,1,0,0,0,0,0,1,1
147.4783,38.14529,0,67,9,14645,3294.82859,1,0,1,0,0,1,0,0,0,0,0
179.9476,63.03296,1,67,15,2405,5449.331954,1,0,1,0,1,0,0,0,0,0,1
277.6375,70.39578,2,80,12,17516,6429.615341,0,0,1,0,1,1,1,0,1,1,1
112.4551,68.75872,3,58,12,16819,5695.648337,0,1,1,0,1,0,0,0,0,0,0
257.6375,70.49752,3,29,16,5582,7096.494932,1,0,0,1,1,1,1,0,1,1,1
184.9634,60.98712,1,19,12,35643,5985.552522,1,0,0,1,1,0,1,1,0,1,0
149.9845,46.07603,1,34,5,11611,4275.297726,1,0,0,0,1,0,1,1,0,0,1
147.4421,71.45681,0,81,16,698,5908.641632,0,0,1,0,0,0,0,0,0,0,1
139.9512,58.45672,5,65,12,17654,5467.641304,1,1,0,1,1,0,0,0,1,0,1
200.1185,47.27475,1,73,8,7289,4746.697941,0,1,0,1,1,0,0,0,1,1,1
207.4974,67.57013,4,75,9,22795,6051.894924,1,1,1,0,1,1,0,1,1,0,1
142.4713,63.00932,2,67,12,30746,5910.092809,0,1,0,1,1,0,0,1,1,1,0
95.01949,62.71074,1,29,13,40131,5476.236191,1,0,0,0,1,1,0,1,0,0,0
214.9525,68.59815,1,56,12,1517,5957.424012,0,1,1,0,1,0,1,0,1,0,1
137.5165,45.82729,3,73,13,388,3928.936853,0,0,0,0,1,0,0,1,1,0,0
204.961,64.99061,2,46,11,1760,5878.566682,0,0,1,0,1,1,1,0,0,0,1
242.6435,66.42219,0,38,8,186,6104.958036,1,0,0,0,1,0,1,0,1,1,1
179.9476,69.44118,2,77,13,3072,5972.406287,0,1,1,0,1,0,0,0,0,0,1
114.9509,55.7768,0,23,10,75306,5244.106579,1,0,0,1,1,0,1,0,0,0,0
179.9794,59.83107,1,79,17,6137,5084.802228,0,0,1,0,1,0,1,1,0,0,0
114.9976,41.18372,1,68,13,62043,3603.27849,0,0,0,0,1,0,1,1,0,0,0
147.4783,61.85639,3,41,13,163,5332.977438,1,0,1,0,1,1,0,0,0,0,0
252.624,63.13788,3,43,14,7070,5864.873198,1,1,1,0,1,0,0,0,1,1,1
149.9447,56.50636,3,66,7,17218,5346.745829,0,0,0,1,1,0,0,0,0,1,0
177.6508,66.15184,0,28,11,5111,6067.585868,1,0,0,0,1,1,0,0,0,1,1
222.6362,60.8833,8,23,19,3525,5902.886646,0,0,1,0,1,1,0,0,1,1,1
212.6557,62.23915,1,32,12,41901,5815.917509,0,1,0,0,1,1,1,0,1,1,1
184.9634,63.59084,3,46,15,60781,6171.94132,1,1,0,1,1,0,1,1,0,1,0
169.9928,65.33881,8,87,17,3456,5717.977095,1,0,1,0,0,0,0,1,1,0,0
212.6415,60.3736,0,67,13,398,5894.022001,1,1,0,1,1,0,0,1,1,1,1
252.6378,51.7077,1,24,12,2653,4962.803058,0,1,1,0,0,0,0,1,0,1,1
252.6378,66.00877,0,33,13,18,6121.363135,1,1,1,0,1,0,0,1,0,1,1
117.4686,71.58237,1,79,14,20338,6379.279332,1,1,0,1,1,1,1,0,0,0,0
107.4958,59.9737,3,63,9,4731,5615.5589,0,0,0,1,1,1,0,1,0,0,0
124.9781,71.89152,4,73,18,4207,6101.379973,0,0,1,0,1,0,0,1,0,0,0
147.4421,57.65657,1,21,12,1208,5087.668651,1,0,1,0,1,0,0,0,0,0,1
149.9621,61.64558,1,43,12,281,5381.382441,0,0,1,0,1,0,0,1,0,1,0
222.6143,67.88936,1,44,16,2190,6624.884891,0,1,0,1,1,0,1,0,1,1,1
159.9349,65.26684,0,48,3,171,5686.820908,1,0,1,0,1,0,1,0,0,1,0
149.9483,64.71742,4,42,12,22947,5694.946384,1,1,1,0,1,0,0,0,1,1,0
179.9656,60.50225,2,31,13,8272,5329.419417,1,0,1,0,1,0,1,0,1,0,0
130.0064,49.7983,1,21,19,7941,4604.128041,0,0,0,0,1,1,0,1,0,0,1
172.4441,62.84987,1,56,20,2074,5450.604196,0,0,1,0,1,0,1,0,1,1,0
159.9349,62.87394,2,68,18,18518,5486.748112,0,0,1,0,1,0,1,0,0,1,0
120.0035,61.27781,3,20,12,36245,5610.48353,1,0,0,0,1,1,0,1,0,1,0
124.9643,70.00904,0,19,15,190,5837.932606,1,0,1,0,1,0,0,0,1,0,0
184.9963,57.94447,0,27,10,12141,5317.113285,0,1,0,0,1,0,1,1,1,1,0
190.1737,64.71389,1,53,18,14700,5936.67376,0,1,0,0,1,1,0,1,0,1,1
230.1051,64.59202,1,58,14,10516,5890.989702,1,0,1,0,0,0,1,0,0,1,1
190.1599,58.18133,2,58,10,1645,5334.978423,0,0,0,0,1,1,0,0,1,1,1
184.9797,71.18005,7,21,11,52394,6955.375666,1,0,0,1,1,0,0,1,1,0,1
117.4872,60.96083,0,87,9,1162,5454.520916,0,0,0,1,1,0,0,1,1,0,0
177.4945,62.45443,2,33,15,761,6123.254522,1,0,0,1,1,1,0,1,1,1,0
187.4811,62.23643,1,27,11,10045,6183.945709,0,0,0,1,1,1,1,1,0,1,0
137.4684,62.83227,1,18,11,2230,5594.44205,0,0,0,0,1,0,0,0,0,1,0
112.4551,67.34697,1,30,14,1301,5610.20542,0,1,1,0,1,0,0,0,0,0,0
214.9663,66.82797,1,80,10,19551,5814.514903,1,1,1,0,1,0,1,1,0,0,1
142.4713,53.24081,3,49,13,14191,5152.428776,1,0,0,1,1,0,0,1,1,1,0
179.9794,55.77968,4,76,15,2965,4937.315639,0,0,1,0,0,0,1,1,0,0,0
232.624,64.74166,7,47,17,36,6519.801796,1,1,0,1,1,0,0,0,1,1,1
172.4871,50.30932,6,31,15,1912,4858.775977,0,1,0,0,1,0,1,1,0,1,0
204.9797,70.87866,1,62,15,6581,6198.053982,0,0,1,0,1,0,0,1,1,0,1
245.147,66.70866,4,59,9,258,6587.367938,1,1,0,1,1,0,0,1,1,1,1
157.4698,42.12085,1,62,13,4155,3514.589222,1,0,1,0,1,0,0,0,1,0,0
134.9509,60.30709,4,35,14,26999,5203.323815,1,0,1,0,0,0,1,0,0,0,0
142.4713,54.7709,2,89,8,53686,5115.87044,0,0,0,1,1,0,0,1,1,1,0
139.965,52.04568,3,28,7,2874,5082.897328,1,0,0,1,1,0,0,1,0,0,1
184.9963,56.24334,1,25,12,3767,5168.014204,1,1,0,0,1,0,1,1,1,1,0
117.4686,67.97714,6,23,12,2387,6503.687238,0,0,0,1,1,1,1,0,0,0,0
207.4974,68.1959,3,19,11,1524,6173.702221,0,0,1,0,1,1,0,1,1,0,1
242.6326,66.03822,2,31,10,163,6181.959795,0,1,1,0,1,1,0,0,0,1,1
149.9776,56.19141,0,33,14,105,4974.663293,0,0,0,0,1,0,0,0,1,1,0
207.4811,55.44991,1,62,18,21,5052.572623,1,1,1,0,1,1,1,1,0,1,0
137.4392,52.3927,8,55,17,56641,4761.278588,0,0,1,0,1,0,0,0,0,1,0
159.9476,67.82028,8,29,15,1209,6595.169591,1,0,0,1,1,0,0,0,0,0,1
144.9889,71.86794,3,87,15,539,6629.310323,0,0,0,1,1,1,0,1,1,1,0
192.4885,48.22395,0,62,13,27419,4163.015502,0,0,1,0,1,0,1,1,1,0,0
137.4686,57.2702,0,28,12,5025,4929.50237,0,0,1,0,1,1,1,0,0,0,0
207.6094,62.39405,5,75,14,7611,5684.304563,0,0,1,0,1,0,0,0,0,1,1
164.9889,46.12627,0,60,16,46995,4149.822715,1,1,1,0,1,1,0,1,1,1,0
245.132,69.93494,1,60,14,34744,6354.692181,0,0,1,0,0,1,1,0,1,1,1
157.4698,58.57229,0,32,15,1302,4930.158658,1,1,1,0,1,0,0,0,1,0,0
172.4733,60.23312,0,43,14,843,5280.921374,1,0,0,0,0,0,1,0,1,1,0
179.9476,59.26713,2,46,20,15033,5240.404418,1,0,1,0,1,0,0,0,0,0,1
210.127,37.52707,10,83,10,8510,3802.601867,1,1,1,0,1,1,0,0,0,1,1
187.4811,64.63082,0,38,12,1705,6313.28774,0,1,0,1,1,1,1,1,0,1,0
149.9928,59.61692,0,20,9,39,5553.7371,0,0,0,1,1,0,0,1,1,0,0
267.6647,64.03187,4,33,7,8981,6162.045297,0,1,1,0,0,1,0,1,1,1,1
232.6415,58.11303,1,89,15,17768,5253.956688,1,1,1,0,1,0,0,1,1,1,1
179.9794,49.73125,0,76,12,30226,4318.58203,1,0,1,0,1,0,1,1,0,0,0
232.6228,62.46483,3,33,14,1635,5888.376817,0,1,1,0,1,1,1,0,0,1,1
232.6228,54.22814,7,34,10,378,5333.340832,0,0,1,0,1,1,1,0,0,1,1
172.4871,44.83431,1,67,13,2409,4091.156525,0,1,0,0,0,0,1,1,0,1,0
137.4872,65.81421,1,18,15,2596,5695.712663,0,1,1,0,1,0,0,1,1,0,0
252.624,68.09161,3,32,12,753,6259.78278,0,0,1,0,1,0,0,0,1,1,1
235.1417,66.67389,2,64,8,660,6543.668076,1,0,0,1,1,1,0,0,1,1,1
140.0013,55.84748,0,74,15,2119,5220.997715,0,0,0,1,1,1,0,1,0,0,0
162.497,58.96026,0,48,11,95,5655.286153,0,1,0,1,1,1,1,1,0,0,0
119.9897,58.4219,3,31,9,4555,5259.588349,0,0,0,0,1,1,0,0,1,1,0
164.9853,69.85281,2,54,12,1143,6656.287,0,0,0,1,1,1,0,1,0,1,0
252.6378,59.54349,0,69,10,8688,5473.581033,0,1,1,0,1,0,0,1,0,1,1
174.9755,68.10981,2,58,9,870,6061.845625,0,0,1,0,1,1,1,1,0,1,0
265.147,64.20102,4,64,15,2576,5999.064003,1,1,1,0,1,0,0,1,1,1,1
114.9509,66.80646,3,18,8,2952,6174.314028,0,1,0,1,1,0,1,0,0,0,0
277.6375,59.84973,1,89,6,7122,5552.256288,1,0,1,0,1,1,1,0,1,1,1
152.4579,64.49513,3,19,16,4837,6309.663687,0,0,0,1,1,0,1,1,0,1,0
182.4433,68.98021,1,40,18,3114,6532.644086,0,0,0,1,1,0,1,0,0,0,1
92.45514,70.16029,1,47,8,336,6280.766215,1,0,0,1,1,0,0,0,0,0,0
127.4738,57.86469,0,34,8,8629,5381.978758,0,0,0,1,1,0,1,1,0,0,0
162.4653,71.58148,4,34,9,139,6839.025934,1,0,0,1,1,1,0,0,0,0,1
137.4616,46.04792,0,30,10,41480,4170.178568,1,0,0,0,1,0,1,0,0,0,1
169.9378,61.67004,4,78,9,1321,5333.699374,1,0,1,0,1,0,1,0,0,0,1
154.9755,59.40499,0,54,9,844,5713.631544,0,0,0,1,1,1,1,1,0,1,0
129.9621,69.97252,3,42,12,13133,6589.069717,0,0,0,1,1,0,0,1,0,1,0
262.6106,71.32593,0,48,11,624,6516.704569,0,0,1,0,1,0,1,0,0,1,1
192.4885,65.52,5,68,15,2459,5714.467771,0,0,1,0,1,0,1,1,1,0,0
210.1051,62.6237,1,34,13,985,6174.837293,0,0,0,1,1,0,1,0,0,1,1
184.9785,60.18256,1,88,16,315,5329.313105,0,0,1,0,1,1,1,1,0,0,1
200.1323,61.49796,3,28,9,25794,6154.993798,1,0,0,1,1,0,0,1,0,1,1
165.0113,62.97217,1,28,9,1947,5676.643658,1,0,0,0,0,1,1,1,1,0,1
169.9378,62.6093,3,28,13,3756,5626.093885,0,1,1,0,1,0,1,0,0,0,1
162.497,69.82129,3,23,13,597,6637.249892,0,1,0,1,1,1,1,1,0,0,0
112.4844,39.72823,1,77,18,2515,3347.326138,1,0,0,0,1,0,0,0,0,0,0
159.9476,67.18365,0,23,13,232,6234.113968,1,1,0,1,1,0,0,0,0,0,1
174.9755,56.37162,1,56,15,2553,5075.816829,1,0,1,0,1,1,1,1,0,1,0
194.9768,39.62761,1,82,9,7218,3572.738241,0,0,1,0,1,0,0,1,1,1,0
104.9629,69.62503,3,81,12,2912,5934.090437,1,0,0,0,1,0,0,0,0,1,0
107.482,66.57985,1,44,13,3111,6076.755109,0,0,0,1,1,1,0,0,1,0,0
162.4982,63.86178,3,21,14,1811,5809.15662,0,1,0,0,1,1,0,0,1,0,1
202.6829,50.8968,1,74,8,6570,4740.002962,1,0,0,0,1,1,0,1,1,1,1
142.4827,55.70433,1,85,13,13788,5291.716803,1,1,0,1,1,1,0,1,0,0,1
139.965,71.86603,1,61,15,1364,6619.456202,0,0,0,1,1,0,0,1,0,0,1
127.4783,67.20074,0,39,11,553,6098.579126,1,0,0,1,1,1,0,0,0,0,0
184.9785,63.85056,1,32,12,9230,5731.179041,0,1,1,0,1,1,1,1,0,0,1
162.4538,66.27924,4,56,13,290,6262.462856,0,0,0,1,1,0,0,0,1,1,0
164.9647,63.71215,1,80,12,59637,5895.135365,0,1,0,1,1,1,1,0,1,0,1
242.6143,62.77605,3,68,18,12374,5728.24521,1,0,1,0,1,0,1,0,1,1,1
275.1336,67.35833,1,48,12,41600,6307.538056,0,0,1,0,1,0,1,1,0,1,1
127.525,49.19446,1,55,9,26291,4355.447904,1,0,0,0,1,1,0,1,0,0,0
129.9483,49.42466,8,38,9,3986,4944.584376,0,0,0,1,1,0,0,0,1,1,0
162.4689,56.92191,0,86,15,2108,4780.816747,0,1,1,0,1,1,0,0,1,0,1
174.9755,71.24132,4,69,7,5009,6343.939228,0,1,1,0,1,1,1,1,0,1,0
147.4713,52.79539,0,31,16,8116,4615.447586,1,0,0,0,1,0,0,0,0,0,1
105.011,70.69994,2,24,13,636,6024.865758,0,0,0,0,0,0,0,1,1,0,0
149.9741,71.07066,1,77,9,11466,6498.14477,1,0,0,1,0,1,1,0,0,0,0
204.9797,46.04347,2,70,12,154,4167.667908,0,0,1,0,1,0,0,1,1,0,1
169.9378,56.56921,1,32,10,145,5056.498128,0,0,1,0,1,0,1,0,0,0,1
192.4567,56.54849,2,36,14,234,4972.468459,1,0,1,0,1,0,0,0,1,0,1
159.9512,45.62467,4,46,8,1209,4116.511731,0,0,1,0,1,0,0,0,1,0,1
245.1457,48.82939,2,53,8,33,4759.907327,0,1,1,0,1,1,1,1,0,1,1
127.4958,61.88298,1,88,7,1410,5132.685447,1,0,1,0,1,1,0,1,0,0,0
172.4441,57.98641,1,46,11,1959,5084.889707,0,0,1,0,1,0,1,0,1,1,0
149.9378,46.66704,0,77,7,22811,4480.306619,0,0,0,1,1,0,1,0,0,0,1
214.9663,60.43193,4,54,7,1193,5550.321643,1,1,1,0,1,0,1,1,0,0,1
210.138,68.77621,0,85,11,6294,6071.79498,1,0,0,0,1,0,1,0,1,1,1
287.6427,55.97317,1,44,13,55,5345.046858,0,1,1,0,1,0,1,1,1,1,1
139.9979,55.27092,0,19,12,7762,4957.435146,1,0,0,0,1,0,0,1,1,0,1
232.624,61.42667,3,70,13,32870,6002.578168,1,0,0,1,1,0,0,0,1,1,1
159.9349,67.71954,2,65,15,5491,5893.622644,1,1,1,0,1,0,1,0,0,1,0
119.9568,52.99707,0,65,14,56959,4934.319062,1,1,0,1,1,1,0,0,0,1,0
207.6094,48.61807,0,48,8,4900,4443.076355,0,0,1,0,1,0,0,0,0,1,1
149.9378,52.30521,1,82,13,3422,4956.677539,1,1,0,1,1,0,1,0,0,0,1
152.4579,71.48476,0,30,15,41026,6706.905363,1,0,0,1,1,0,1,1,0,1,0
225.132,52.78111,1,53,12,15929,5385.589638,0,0,0,1,1,1,1,0,1,1,1
159.9349,64.82482,4,82,12,17920,5662.268037,0,0,1,0,1,0,1,0,0,1,0
220.1478,59.20412,7,18,16,592,5747.654271,1,0,0,0,1,0,0,0,1,1,1
182.4833,59.22188,3,80,16,65335,5087.557363,0,0,1,0,1,1,1,0,1,0,0
172.4733,56.96287,4,24,11,2115,5284.511287,0,1,0,0,1,0,1,0,1,1,0
129.9621,53.01595,1,53,13,4625,5102.051113,0,0,0,1,1,0,0,1,0,1,0
162.4526,64.17032,0,52,9,198,5612.009142,0,1,1,0,1,1,1,0,0,1,0
134.9509,57.31788,3,75,18,46418,4796.464221,1,0,1,0,1,0,1,0,0,0,0
164.9853,54.67414,1,37,9,8199,5390.477473,0,0,0,1,1,1,0,1,0,1,0
129.9621,50.48733,3,30,16,3672,4984.78563,0,0,0,1,0,0,0,1,0,1,0
105.011,51.8548,0,60,11,41743,4301.135534,1,1,0,0,1,0,0,1,1,0,0
159.9476,61.19516,3,81,8,3209,5645.623244,0,0,0,1,1,0,0,0,0,0,1
159.9512,66.94632,2,78,9,2532,5614.790593,0,1,1,0,1,0,0,0,1,0,1
129.9621,59.01705,1,74,13,5491,5524.916473,0,0,0,1,1,0,0,1,0,1,0
207.4811,71.59806,2,52,10,2060,6486.342263,1,1,1,0,1,1,1,1,0,1,0
179.9476,54.8395,0,26,13,5920,4799.331248,0,0,1,0,1,0,0,0,0,0,1
220.1323,43.86959,4,66,16,10949,4203.265113,0,1,1,0,1,0,0,1,0,1,1
197.6288,70.50786,3,74,10,585,6337.777813,0,0,0,0,1,0,1,0,0,1,1
162.4713,68.00557,2,47,10,1067,5924.499555,1,0,1,0,1,0,0,1,1,1,0
132.5127,65.67292,1,83,7,4401,5659.754528,0,0,0,0,1,1,0,1,1,1,0
139.9349,61.85144,0,50,9,14523,5813.907009,1,0,0,1,1,0,1,0,0,1,0
192.4705,68.97874,1,82,16,431,5890.196741,0,1,1,0,1,0,0,1,0,0,1
167.4847,59.52044,1,75,9,10122,5736.40115,1,1,0,1,1,1,1,1,1,1,0
129.9763,57.28247,5,54,17,331,5194.999763,1,0,0,0,1,1,1,0,0,1,0
137.4698,67.92751,4,33,13,63894,6230.059428,1,1,0,1,1,0,0,0,1,0,0
149.9598,65.71442,1,89,12,543,5600.167567,1,0,1,0,1,1,0,0,0,0,1
235.1884,50.84459,3,49,15,8226,4951.211643,0,1,0,0,1,1,0,1,1,1,1
164.9715,59.21421,2,70,15,3690,5651.302353,1,0,0,1,0,1,0,0,1,1,0
184.9939,61.52908,1,73,11,76,5397.665839,1,0,0,0,1,1,1,0,1,0,1
182.447,58.94313,2,35,6,24779,5193.997651,1,0,1,0,1,0,1,0,1,0,1
232.624,66.03306,7,47,14,25220,6578.562564,0,0,0,1,1,0,0,0,1,1,1
144.9607,53.80104,0,24,15,304,4643.404934,1,0,1,0,1,0,0,0,0,0,0
149.9621,68.44883,2,65,11,40770,5897.480679,0,0,1,0,1,0,0,1,0,1,0
242.6143,66.68688,5,48,13,25091,6175.832114,0,0,1,0,0,0,1,0,1,1,1
275.1336,66.46538,4,63,10,15477,6277.545967,1,0,1,0,1,0,1,1,0,1,1
202.4433,69.82047,7,25,8,240,6339.601147,0,0,1,0,1,0,1,0,0,0,1
127.4887,60.59442,3,37,14,127,5422.646982,0,1,0,0,1,0,0,1,0,0,1
137.4836,57.95709,0,49,14,44474,5318.331264,0,0,0,1,1,0,0,1,0,0,0
175.1331,52.56232,2,88,11,10729,4696.683851,1,1,0,0,1,0,0,0,0,1,1
129.995,70.55657,3,42,12,1614,6180.701125,0,0,0,0,1,0,0,1,1,1,0
179.9656,70.48211,5,32,9,16974,6153.937297,1,0,1,0,0,0,1,0,1,0,0
197.4702,52.68435,0,35,12,3769,5180.245459,0,1,0,1,1,1,1,0,1,0,1
147.4713,50.79108,6,64,13,2076,4610.018066,1,1,0,0,1,0,0,0,0,0,1
275.1336,66.11418,0,26,15,5851,6246.940881,1,1,1,0,1,0,1,1,0,1,1
117.5152,67.61213,5,67,2,945,5970.386278,0,0,0,0,1,1,1,1,0,0,0
222.6281,66.50393,4,68,10,90,6605.855412,0,0,0,1,1,0,1,1,0,1,1
169.9378,62.67099,0,63,9,46215,5341.756379,0,0,1,0,1,0,1,0,0,0,1
147.4893,63.11931,0,20,13,484,5518.35161,1,1,0,0,1,0,1,0,1,0,0
220.1149,61.10374,0,20,11,8913,6004.311688,0,1,0,1,1,0,0,0,0,1,1
172.4705,65.85662,6,21,14,905,6484.077095,1,0,0,1,1,0,0,1,0,0,1
149.9378,70.10448,3,75,10,17543,6417.345247,0,0,0,1,1,0,1,0,0,0,1
217.4725,56.00686,0,45,17,54101,5099.333841,0,0,1,0,1,0,1,1,1,1,0
140.0013,62.17986,4,84,12,370,5747.925597,0,0,0,1,1,1,0,1,0,0,0
187.4974,63.35816,0,53,14,9379,6069.26126,1,0,0,1,1,1,0,1,1,0,1
214.9525,64.57131,0,81,12,1117,5514.722604,0,1,1,0,1,0,1,0,1,0,1
142.4827,52.69603,1,47,14,240,5169.811527,0,0,0,1,1,1,0,1,0,0,1
204.9496,58.20411,0,77,12,241,5089.309759,0,1,1,0,1,0,1,0,1,1,0
162.447,58.8386,3,82,10,1160,5557.902015,1,1,0,1,1,0,1,0,1,0,1
159.9349,62.20437,3,42,16,1660,5547.914544,1,1,1,0,1,0,1,0,0,1,0
149.9598,50.97885,1,69,10,67,4458.339586,0,0,1,0,1,1,0,0,0,0,1
204.9634,63.97683,2,47,16,348,5756.010952,0,0,1,0,1,0,1,1,0,1,0
139.983,45.94768,5,24,11,16200,4678.84382,1,1,0,1,1,0,1,1,1,0,0
179.9476,58.08656,0,50,8,169,4986.700367,0,0,1,0,1,0,0,0,0,0,1
197.4876,67.00167,2,60,8,1709,5932.680423,0,0,1,0,0,1,1,1,1,0,1
222.6654,69.84899,3,46,9,2813,6433.080677,0,0,0,0,1,1,0,0,1,1,1
220.1323,50.89975,0,80,16,843,4657.315652,0,1,1,0,1,0,0,1,0,1,1
147.4564,67.69779,1,74,12,4904,6074.125643,1,0,0,1,1,0,1,0,0,0,0
207.4673,58.58794,1,22,8,6457,5407.07316,0,0,1,0,1,1,1,0,1,1,0
169.9741,62.44603,0,51,17,485,5432.427022,0,0,1,0,1,1,1,0,0,0,0
247.6647,52.95001,0,57,14,12158,5418.636172,0,0,0,1,1,1,0,1,1,1,1
255.1665,67.87019,0,39,13,16228,6305.471651,0,0,0,0,0,0,1,1,1,1,1
207.6094,55.85553,2,76,12,4390,5005.866114,1,1,1,0,1,0,0,0,0,1,1
137.5165,54.21518,1,27,8,856,4787.756156,0,0,0,0,1,0,0,1,1,0,0
162.5005,57.64074,2,61,16,11865,5101.277891,1,0,0,0,1,0,0,1,1,1,0
252.6378,63.90696,0,24,16,109,5978.652711,1,0,1,0,1,0,0,1,0,1,1
117.472,58.69465,3,49,14,11446,5147.718209,0,1,0,0,1,0,0,0,1,1,0
147.4421,66.72288,1,57,11,329,5712.51151,1,0,1,0,1,0,0,0,0,0,1
172.4404,70.95851,0,46,14,2178,6645.186507,0,0,0,1,1,0,1,0,0,1,0
220.1615,56.20288,1,68,12,17620,5147.808018,0,1,0,0,1,0,0,1,0,1,1
127.4958,59.36904,4,44,13,291,5163.3129,1,0,1,0,1,1,0,1,0,0,0
147.4564,68.98754,2,38,13,2423,6324.792407,1,1,0,1,1,0,1,0,0,0,0
162.5007,59.91013,3,23,14,13120,5426.315112,0,1,1,0,1,1,1,1,1,0,0
162.447,48.66437,1,25,13,249,4763.445879,1,1,0,1,1,0,1,0,1,0,1
187.6094,58.83899,3,48,15,67,5833.458374,0,0,0,1,1,0,0,0,0,1,1
147.4713,55.01651,0,40,13,2335,4767.934082,1,1,0,0,1,0,0,0,0,0,1
197.6288,51.74916,4,59,5,23612,4927.749239,0,1,0,0,1,0,1,0,0,1,1
179.9476,68.07527,3,21,9,990,6074.8746,1,1,1,0,1,0,0,0,0,0,1
144.9607,68.79305,4,47,9,20193,5837.262258,1,1,1,0,1,0,0,0,0,0,0
174.991,69.71137,0,51,11,26032,6192.63762,0,1,0,0,1,1,1,0,1,1,0
220.1323,65.12042,6,51,15,1159,6055.261009,1,0,1,0,1,0,0,1,0,1,1
255.1198,64.11559,4,20,16,1796,6511.608523,0,0,0,1,1,0,1,0,1,1,1
174.9618,64.87699,1,35,11,1428,5807.811165,1,1,1,0,1,1,1,0,1,1,0
115.0021,43.5742,1,36,11,15728,3789.797735,1,0,0,0,1,1,0,0,0,0,0
132.4798,64.40902,3,77,9,657,6093.659885,1,1,0,1,1,1,0,1,0,1,0
200.1323,47.77384,0,82,13,1414,4761.06852,1,0,0,1,1,0,0,1,0,1,1
124.9643,70.50182,2,51,9,4251,5834.963129,0,1,1,0,1,0,0,0,1,0,0
277.6513,69.00321,8,42,6,6393,6705.630348,0,0,1,0,1,1,1,1,0,1,1
172.4742,64.54595,4,31,8,11530,5801.206123,1,0,1,0,1,0,0,1,1,0,1
245.1457,62.45252,0,45,12,296,5887.870657,1,1,1,0,1,1,1,1,0,1,1
220.1323,60.36923,2,54,10,1375,5532.984193,1,0,1,0,1,0,0,1,0,1,1
194.9525,71.50974,2,79,13,6100,6564.863417,0,1,0,1,1,0,1,0,1,0,1
162.447,69.2394,3,19,12,761,6534.389245,1,0,0,1,1,0,1,0,1,0,1
200.1323,64.3165,0,31,14,5230,6330.802447,1,0,0,1,1,0,0,1,0,1,1
202.4433,67.75441,1,24,9,187,6071.169112,0,1,1,0,1,0,1,0,0,0,1
184.9634,67.53219,1,67,9,8205,6411.520424,1,0,0,1,0,0,1,1,0,1,0
137.4686,59.03432,2,43,13,18372,5168.726317,0,1,1,0,0,1,1,0,0,0,0
117.4858,66.75755,1,89,17,3340,5649.428932,1,0,0,0,0,0,0,1,0,1,0
204.9797,48.63086,4,37,16,14112,4549.43734,0,0,1,0,1,0,0,1,1,0,1
144.9607,66.48285,6,69,16,2967,5719.69414,1,1,1,0,1,0,0,0,0,0,0
212.6228,60.58029,1,46,14,11880,6090.318161,0,0,0,1,1,1,1,0,0,1,1
147.4421,59.17567,5,30,10,2243,5305.771174,1,1,1,0,1,0,0,0,0,0,1
149.9378,67.01405,0,72,13,5450,6081.603462,0,0,0,1,1,0,1,0,0,0,1
222.65,70.05743,1,73,13,824,6355.992915,1,0,1,0,1,1,0,1,0,1,1
152.4555,67.22133,3,75,11,105,6338.594614,0,1,0,1,1,1,1,0,0,0,1
219.9902,63.10868,0,74,16,2439,5661.364423,0,0,1,0,1,1,1,1,1,1,0
220.1185,51.426,3,42,16,3481,4750.441086,1,0,1,0,1,0,0,0,1,1,1
114.9509,68.02518,1,85,13,1168,6075.221267,1,0,0,1,0,0,1,0,0,0,0
257.6549,67.26027,1,41,8,304,6282.975764,1,0,1,0,1,1,1,1,1,1,1
132.466,71.26977,0,37,14,782,6613.783896,1,0,0,1,1,1,0,0,1,1,0
157.4698,70.00933,1,75,11,29747,5757.088887,0,0,1,0,1,0,0,0,1,0,0
124.9781,67.00686,1,23,11,1893,5690.433807,0,1,1,0,1,0,0,1,0,0,0
152.466,49.07593,1,60,15,3255,4337.149997,0,0,1,0,1,1,0,0,1,1,0
147.4421,64.05063,0,41,11,2879,5432.940887,0,0,1,0,1,0,0,0,0,0,1
142.4713,64.01003,0,25,14,60254,6068.222536,1,0,0,1,1,0,0,1,1,1,0
172.4733,44.73398,4,34,12,21184,4249.716645,0,1,0,0,1,0,1,0,1,1,0
124.9607,66.79288,0,76,13,202,5950.933762,0,0,0,1,1,0,0,0,0,0,0
240.1149,53.81991,10,18,13,1024,5394.514435,0,0,1,0,1,0,0,0,0,1,1
159.9794,53.99857,0,84,20,2127,5055.502095,1,0,0,1,1,0,1,1,0,0,0
174.9919,37.36723,3,46,8,18029,3569.479648,1,0,1,0,0,1,0,1,1,0,1
129.9621,69.69574,0,25,6,1389,6529.773925,1,0,0,1,1,0,0,1,0,1,0
169.9447,57.23085,0,43,21,55210,4975.669515,1,0,1,0,0,0,0,0,0,1,0
152.466,68.95831,0,75,15,2400,5839.250864,1,0,1,0,0,1,0,0,1,1,0
159.9512,38.2827,1,35,12,1363,3376.351709,0,0,1,0,1,0,0,0,1,0,1
159.9476,66.63279,4,41,12,40005,6335.387515,0,0,0,1,1,0,0,0,0,0,1
137.4698,53.54212,0,19,17,171,4974.114415,1,0,0,1,1,0,0,0,1,0,0
174.9768,56.17179,1,62,3,14619,5360.346274,0,0,0,1,1,0,0,1,1,1,0
245.1283,59.6499,3,31,6,1001,6196.784339,1,0,0,1,1,1,1,0,0,1,1
147.5031,59.15713,3,82,17,5176,5081.314229,1,0,0,0,1,0,1,1,0,0,0
232.6415,70.46581,4,35,4,1922,6535.516989,0,0,1,0,1,0,0,1,1,1,1
190.1737,71.46108,0,88,7,1784,6391.040605,0,0,0,0,1,1,0,1,0,1,1
245.175,54.88836,0,69,12,41600,5214.288823,1,1,0,0,1,1,1,1,0,1,1
192.4567,50.24277,4,55,10,3219,4537.352503,0,0,1,0,1,0,0,0,1,0,1
169.9447,65.43822,4,44,9,17479,5815.077393,1,1,1,0,1,0,0,0,0,1,0
127.4958,69.1413,4,63,10,3149,5901.736855,1,0,1,0,1,1,0,1,0,0,0
162.5299,53.03214,4,25,11,2984,4958.925244,1,0,0,0,1,1,1,1,1,0,0
165.0182,42.6185,0,73,9,29997,3891.731564,1,0,0,0,1,1,0,1,1,1,0
129.9598,68.86185,2,42,15,14839,6374.14986,1,1,0,1,1,1,0,0,0,0,1
275.1336,70.81829,2,71,11,22492,6499.362155,0,0,1,0,1,0,1,1,0,1,1
174.9755,49.69121,3,40,6,13132,4642.465727,0,1,1,0,0,1,1,1,0,1,0
149.9741,60.04586,1,78,14,239,5509.232295,0,0,0,1,1,1,1,0,0,0,0
129.9915,66.78251,1,29,10,837,6235.066316,1,0,0,1,1,1,1,1,0,0,0
159.9942,62.09703,2,78,15,2357,5452.509295,1,0,0,0,1,0,0,1,0,0,1
159.9642,63.29972,0,74,16,36724,5465.291356,0,0,0,0,1,0,1,0,0,1,0
124.9607,58.54629,0,67,8,2862,5222.447526,1,0,0,1,1,0,0,0,0,0,0
149.9707,51.79712,1,34,10,960,4663.249156,0,1,0,0,1,0,1,0,1,0,1
179.9476,67.12189,0,79,12,5670,5714.242038,0,0,1,0,1,0,0,0,0,0,1
139.9349,70.92476,2,77,14,215,6483.348101,1,1,0,1,1,0,1,0,0,1,0
137.4392,70.17477,1,68,11,12570,5874.0733,1,1,1,0,1,0,0,0,0,1,0
159.9642,66.13697,2,80,12,6935,5739.667361,0,1,0,0,1,0,1,0,0,1,0
204.9797,48.90533,3,88,7,22766,4373.931443,1,0,1,0,1,0,0,1,1,0,1
179.9656,67.13803,0,54,14,601,5653.877056,1,0,1,0,0,0,1,0,1,0,0
252.6378,60.34589,1,76,14,3700,5500.10857,1,1,1,0,1,0,0,1,0,1,1
225.1457,59.13489,5,77,13,2419,6078.532596,1,0,0,1,1,1,1,1,0,1,1
245.1612,38.07335,4,27,10,372,4016.522653,0,0,0,0,1,1,1,0,1,1,1
92.5018,71.96367,2,76,15,254,5953.601251,1,1,0,0,1,0,0,1,0,0,0
139.9861,51.87217,1,23,13,589,4708.151617,0,0,0,0,1,1,0,0,0,1,0
137.4698,69.25128,3,69,15,1319,6271.997377,1,0,0,1,1,0,0,0,1,0,0
92.45514,47.04565,2,80,6,919,4309.391711,1,0,0,1,1,0,0,0,0,0,0
184.967,37.23531,3,57,16,680,3495.239613,1,1,1,0,1,0,1,1,1,1,0
162.497,63.27923,10,55,13,2310,6211.784273,1,1,0,1,1,1,1,1,0,0,0
172.4567,55.63584,0,57,8,7883,5180.761441,1,0,0,1,1,0,0,0,1,0,1
232.652,71.56684,0,53,9,1748,6595.253777,0,0,0,0,1,1,1,0,0,1,1
104.9923,42.74967,1,77,13,255,3692.139265,1,1,0,0,0,1,1,0,0,0,0
149.9776,62.91372,1,73,14,16163,5425.114173,0,0,0,0,1,0,0,0,1,1,0
245.1283,39.11075,2,50,14,766,4420.771386,0,1,0,1,1,1,1,0,0,1,1
140.0049,56.37261,6,84,12,972,4852.53915,0,0,1,0,1,1,0,1,1,0,0
200.1185,56.40613,0,44,11,782,5512.145017,0,0,0,1,1,0,0,0,1,1,1
147.4713,65.5396,3,65,13,210,5640.561409,0,1,0,0,1,0,0,0,0,0,1
114.9509,64.81224,0,33,11,12628,5869.378889,1,0,0,1,1,0,1,0,0,0,0
117.472,36.76838,2,50,13,518,3270.009915,1,0,0,0,0,0,0,0,1,1,0
182.447,65.01223,8,48,5,1108,5833.372426,1,1,1,0,1,0,1,0,1,0,1
127.4601,50.27926,4,69,12,23875,4688.00861,0,0,0,1,1,0,1,0,1,0,0
217.484,63.17504,4,78,8,1924,5689.315894,0,0,1,0,1,1,1,1,0,0,1
267.6427,55.73208,0,63,17,583,5645.707551,0,1,0,1,1,0,1,1,1,1,1
152.4624,57.27176,0,22,12,12577,5583.623978,0,0,0,1,1,1,0,0,0,1,0
162.4538,71.71756,4,42,16,43551,6753.968051,0,1,0,1,1,0,0,0,1,1,0
187.4847,67.95515,4,27,17,7050,6263.757352,0,0,1,0,1,1,1,1,1,1,0
255.1417,66.83137,1,41,10,4528,6140.647609,1,0,1,0,0,1,0,0,1,1,1
235.1372,50.67652,4,68,11,6604,5313.315024,1,0,0,1,1,0,1,1,1,1,1
172.4555,65.15995,2,51,13,8284,5804.098375,0,1,1,0,1,1,1,0,0,0,1
197.4876,63.28819,0,59,13,26,5570.11497,1,1,1,0,1,1,1,1,1,0,1
117.4686,67.19978,0,68,9,69,6025.459819,0,1,0,1,1,1,1,0,0,0,0
172.4705,49.72909,3,23,8,761,4977.596828,1,0,0,1,1,0,0,1,0,0,1
162.447,61.82169,0,81,7,440,5630.968528,1,0,0,1,1,0,1,0,1,0,1
275.1336,62.2002,6,43,9,109,6055.20888,0,0,1,0,1,0,1,1,0,1,1
169.9447,61.27483,2,24,15,1927,5430.887513,0,0,1,0,0,0,0,0,0,1,0
134.9801,41.17585,0,42,11,383,3561.612414,1,1,0,0,1,0,1,0,0,0,0
222.6362,71.10143,8,39,13,1543,6687.67953,0,0,1,0,1,1,0,0,1,1,1
207.6094,61.59036,0,82,8,1972,5441.578168,0,0,1,0,1,0,0,0,0,1,1
275.1336,61.68555,1,79,11,147,5694.030993,0,0,1,0,1,0,1,1,0,1,1
179.9476,58.15209,0,46,14,11647,5087.470766,1,0,1,0,1,0,0,0,0,0,1
137.4616,60.54294,2,58,15,411,5245.350989,0,1,0,0,1,0,1,0,0,0,1
214.9663,62.31372,3,55,5,7371,5588.162385,0,0,1,0,1,0,1,1,0,0,1
245.1457,69.7539,3,79,9,4832,6419.956581,0,1,1,0,1,1,1,1,0,1,1
159.983,41.97598,4,23,14,10185,3830.124693,1,0,1,0,1,0,1,1,1,0,0
222.6326,69.99165,1,48,14,872,6832.868436,0,0,0,1,1,1,0,0,0,1,1
210.138,66.64969,0,89,15,93,5931.491211,1,0,0,0,1,0,1,0,1,1,1
235.1417,49.04173,3,41,12,2684,5205.119963,0,1,0,1,1,1,0,0,1,1,1
204.9496,50.58579,0,84,13,221,4395.076801,1,1,1,0,1,0,1,0,1,1,0
102.4746,56.21686,5,72,12,7749,4859.940299,0,0,0,0,1,0,1,0,0,0,0
137.4836,56.39145,2,55,11,77,5231.943657,1,0,0,1,1,0,0,1,0,0,0
179.9476,70.90623,0,68,13,686,5978.10151,1,1,1,0,1,0,0,0,0,0,1
152.4579,57.49343,2,67,11,868,5547.79964,1,0,0,1,1,0,1,1,0,1,0
220.1185,56.14325,1,70,12,168,5069.704766,1,1,1,0,1,0,0,0,1,1,1
157.4698,46.94705,3,88,12,248,3968.64853,1,1,1,0,1,0,0,0,1,0,0
172.5104,58.01097,1,81,7,1899,4996.932332,0,0,1,0,1,1,0,1,1,0,0
164.967,57.33305,1,43,11,22744,5586.884248,1,0,0,1,0,0,1,1,1,1,0
142.4689,71.39698,3,52,13,35240,6584.194557,1,0,0,1,1,1,0,0,1,0,1
175.1331,49.37752,2,66,11,1976,4554.912177,0,1,0,0,1,0,0,0,0,1,1
242.6573,62.08608,1,73,10,1659,5746.521769,0,0,0,0,0,0,1,1,0,1,1
142.4827,59.20792,1,65,13,5442,5562.080707,1,0,0,1,1,1,0,1,0,0,1
140.0049,71.94719,3,61,9,1257,6107.912748,0,0,1,0,1,1,0,1,1,0,0
104.9923,43.40702,3,84,10,39994,3784.619457,1,0,0,0,1,1,1,0,0,0,0
152.5022,58.91402,2,42,10,26640,5324.687949,1,1,0,0,1,1,1,1,0,0,1
172.4567,59.1561,3,61,17,187,5548.443188,1,1,0,1,0,0,0,0,1,0,1
217.484,67.99131,4,79,10,2718,6080.672336,1,1,1,0,1,1,1,1,0,0,1
152.4798,69.70761,0,20,12,25328,6161.795039,1,0,1,0,1,1,0,1,0,1,0
119.9568,40.8394,0,84,10,5858,3961.965984,1,1,0,1,1,1,0,0,0,1,0
119.9897,51.67412,1,32,8,12830,4641.841664,0,0,0,0,1,1,0,0,1,1,0
117.472,54.61973,3,57,15,5360,4740.544814,0,0,0,0,1,0,0,0,1,1,0
192.4404,64.93663,2,30,12,3351,5852.299578,1,0,1,0,1,0,1,0,0,1,0
194.9663,68.00653,3,32,13,16630,6625.807498,0,1,0,1,1,0,1,1,0,0,1
184.9647,41.84938,2,81,13,4308,3717.758451,0,0,1,0,0,1,1,0,1,0,1
124.9781,66.49811,1,19,15,362,5661.862374,1,1,1,0,1,0,0,1,0,0,0
149.9378,54.64972,2,30,20,14989,5350.055146,1,1,0,1,1,0,1,0,0,0,1
194.9663,57.27183,1,21,17,27897,5638.438682,1,0,0,1,1,0,1,1,0,0,1
265.1283,42.47836,0,49,13,1782,4224.921196,1,0,1,0,0,1,1,0,0,1,1
175.0062,39.27473,1,32,17,423,4129.863047,1,0,0,1,1,1,1,1,1,0,0
207.6094,52.78874,2,84,10,759,4728.350252,0,1,1,0,1,0,0,0,0,1,1
235.1591,36.05704,2,35,8,921,3729.770527,0,0,1,0,1,1,0,1,1,1,1
192.4705,70.63095,0,20,14,655,6280.352244,0,0,1,0,1,0,0,1,0,0,1
255.1417,71.48016,2,35,16,7260,6572.01585,1,0,1,0,1,1,0,0,1,1,1
127.482,71.17766,1,40,10,66,6053.109934,1,0,1,0,1,1,0,0,1,0,0
137.5165,66.57294,0,62,9,12628,5572.501755,1,0,0,0,1,0,0,1,1,0,0
187.6422,62.90578,4,21,14,1840,5829.765326,0,0,0,0,1,0,0,0,1,1,1
137.4392,65.01229,0,78,15,54780,5473.614497,1,1,1,0,1,0,0,0,0,1,0
114.9976,63.40014,1,22,8,1748,5574.461345,1,1,0,0,1,0,1,1,0,0,0
179.9794,52.92007,0,63,9,613,4622.488998,1,0,1,0,1,0,1,1,0,0,0
204.961,71.54844,3,24,8,736,6436.529978,1,1,1,0,1,1,1,0,0,0,1
149.9447,50.26004,4,52,15,945,4958.675342,1,0,0,1,1,0,0,0,0,1,0
252.6378,57.37458,5,49,17,1785,5468.30764,0,0,1,0,1,0,0,1,0,1,1
222.6281,45.5098,2,61,16,3576,4847.023011,1,1,0,1,1,0,1,1,0,1,1
152.509,68.63549,1,49,14,294,6081.602554,0,0,0,0,1,1,0,1,0,1,0
194.9882,54.72683,3,67,14,193,4908.377893,1,0,1,0,1,1,0,1,0,0,1
160.0013,58.87612,2,24,8,115,5198.878568,0,0,1,0,1,1,0,1,0,0,0
134.9801,57.25068,0,48,13,25134,4941.36404,0,0,0,0,1,0,1,0,0,0,0
245.175,51.83082,2,74,17,3709,4969.876754,0,0,0,0,1,1,1,1,0,1,1
112.4551,56.77789,4,36,19,32117,4899.165964,1,1,1,0,0,0,0,0,0,0,0
232.624,48.50733,4,56,11,206,5067.734125,0,0,0,1,1,0,0,0,1,1,1
184.9715,69.48387,1,70,11,2275,6048.496879,1,1,1,0,1,1,0,0,1,1,0
164.9715,63.55011,0,37,11,1786,6006.148703,1,1,0,1,1,1,0,0,1,1,0
184.9853,55.87308,0,33,12,476,5104.605923,1,1,1,0,1,1,0,1,0,1,0
164.9785,67.41948,0,66,7,10451,6294.844782,0,0,0,1,1,1,1,1,0,0,1
265.147,54.74318,1,65,11,207,5128.476246,0,0,1,0,1,0,0,1,1,1,1
104.9923,54.20972,4,21,8,6335,4824.822478,1,0,0,0,1,1,1,0,0,0,0
242.6281,49.61816,1,39,11,4705,4764.450406,1,0,1,0,1,0,1,1,0,1,1
129.9483,64.04466,2,52,7,4406,5958.960225,1,0,0,1,1,0,0,0,1,1,0
204.961,51.51251,7,82,10,496,4810.093397,1,0,1,0,1,1,1,0,0,0,1
275.1198,53.44438,4,72,12,68,5053.249434,0,0,1,0,1,0,1,0,1,1,1
129.9483,56.22378,1,76,15,48969,5161.60863,0,0,0,1,1,0,0,0,1,1,0
210.1051,47.48699,2,55,22,323,4943.554958,1,1,0,1,1,0,1,0,0,1,1
104.9923,71.06048,0,28,11,7456,6055.61999,1,0,0,0,1,1,1,0,0,0,0
257.6375,61.54459,1,34,12,166,6284.948965,1,0,0,1,1,1,1,0,1,1,1
119.9897,60.09935,0,74,12,4177,5116.646122,1,0,0,0,1,1,0,0,1,1,0
149.9483,61.29211,0,81,8,4216,5163.277727,1,0,1,0,1,0,0,0,1,1,0
127.4601,66.47483,0,61,14,5639,6000.414945,0,1,0,1,1,0,1,0,1,0,0
222.6609,66.82161,9,39,14,714,6471.718103,1,1,0,0,1,0,1,1,1,1,1
232.652,71.99928,0,18,10,2604,6745.439598,1,1,0,0,0,1,1,0,0,1,1
220.1323,67.74157,4,78,15,2175,6119.939852,0,0,1,0,1,0,0,1,0,1,1
182.4608,64.95028,3,51,11,587,5745.359728,0,0,1,0,1,0,1,1,0,0,1
184.9496,68.30856,2,22,11,21825,6572.634947,0,0,0,1,1,0,1,0,1,1,0
169.9447,68.88449,0,72,12,635,5882.516568,0,0,1,0,1,0,0,0,0,1,0
182.4433,68.96928,1,83,13,548,6390.767295,0,1,0,1,0,0,1,0,0,0,1
212.6557,58.86292,2,70,5,548,5445.472792,1,1,0,0,1,1,1,0,1,1,1
114.9509,58.5608,1,80,18,537,5233.838265,0,0,0,1,1,0,1,0,0,0,0
235.1555,57.92283,3,69,6,2951,5921.839604,1,0,0,1,0,1,0,1,0,1,1
212.6228,42.74753,3,34,13,232,4730.05387,1,1,0,1,1,1,1,0,0,1,1
235.1417,54.87013,1,38,12,23,5583.899513,0,0,0,1,1,1,0,0,1,1,1
147.4738,55.74944,0,72,12,57226,4752.863118,1,0,1,0,1,0,1,1,0,0,0
117.4835,71.83314,8,45,10,11335,6378.988565,1,0,0,0,1,1,0,0,0,0,1
192.4404,66.75045,3,83,15,46,5857.937007,0,0,1,0,1,0,1,0,0,1,0
167.4564,43.01015,0,88,13,671,3643.379954,1,0,1,0,1,0,1,0,0,0,0
194.9581,55.81802,0,30,7,80,5071.720337,1,0,1,0,1,1,1,0,0,1,0
217.4702,59.54373,4,36,9,34639,5444.825706,1,1,1,0,1,1,1,0,1,0,1
169.9447,51.43424,0,67,9,15644,4422.020076,1,0,1,0,1,0,0,0,0,1,0
172.4441,70.41272,0,37,11,33435,6101.79747,1,0,1,0,0,0,1,0,1,1,0
204.9634,65.44538,0,67,14,2027,5749.199161,1,1,1,0,1,0,1,1,0,1,0
255.1372,68.9536,2,32,12,838,6406.812827,0,0,1,0,1,0,1,1,1,1,1
142.4526,62.07809,0,40,14,1220,5893.413959,0,1,0,1,1,1,1,0,0,1,0
129.9926,65.19899,3,84,16,42011,5640.220209,1,0,0,0,1,1,0,0,1,0,1
125.0073,53.37805,2,66,12,207,4535.472251,0,1,0,0,1,0,0,1,0,0,0
139.9568,64.94288,0,79,10,20929,5539.851767,0,0,1,0,1,1,0,0,0,1,0
204.9634,48.31275,1,85,13,46513,4364.211589,0,0,1,0,1,0,1,1,0,1,0
212.6415,55.87037,4,36,7,171,5702.76012,1,0,0,1,1,0,0,1,1,1,1
142.5007,53.28955,1,44,11,41665,5084.625994,0,0,0,1,1,1,1,1,1,0,0
169.9447,63.05783,1,30,17,7354,5573.580119,1,0,1,0,1,0,0,0,0,1,0
127.4738,62.28135,2,27,10,46890,5910.676012,1,0,0,1,1,0,1,1,0,0,0
169.9378,68.20701,3,68,14,13475,5953.612372,1,0,1,0,1,0,1,0,0,0,1
187.6422,48.24148,2,62,11,215,4479.265023,0,0,0,0,1,0,0,0,1,1,1
104.9629,58.66601,0,38,10,651,5084.758938,0,0,0,0,1,0,0,0,0,1,0
184.967,64.19478,2,31,11,3373,5758.699624,0,1,1,0,0,0,1,1,1,1,0
169.9741,47.79913,1,38,8,14985,4305.698234,0,0,1,0,1,1,1,0,0,0,0
230.1051,54.89306,0,54,9,1215,5031.554237,1,0,1,0,1,0,1,0,0,1,1
182.49,67.10378,4,84,13,499,5998.639237,1,0,0,0,1,0,1,1,0,0,1
162.4713,63.72204,2,67,13,140,5507.943409,0,1,1,0,1,0,0,1,1,1,0
147.4783,66.89696,1,52,10,5706,5730.642149,0,0,1,0,1,1,0,0,0,0,0
159.983,71.23043,4,74,16,2275,6059.960875,0,0,1,0,1,0,1,1,1,0,0
275.1198,60.33663,0,71,9,5283,5498.125633,1,1,1,0,1,0,1,0,1,1,1
202.6362,59.98562,9,76,14,6519,6099.843568,1,0,0,1,1,1,0,0,1,1,1
242.6281,67.67761,5,55,13,18322,6361.936513,0,1,1,0,1,0,1,1,0,1,1
149.9915,61.50738,0,27,17,195,5447.398068,1,0,1,0,1,1,1,1,0,0,0
149.9621,45.65226,2,88,8,4388,3954.170646,1,0,1,0,1,0,0,1,0,1,0
197.4945,64.68955,3,25,14,8140,5949.914693,0,0,1,0,1,1,0,1,1,1,0
277.6513,61.83307,5,85,10,114,5931.842515,1,1,1,0,1,1,1,1,0,1,1
127.4586,70.36396,3,52,10,159,6136.653635,0,0,0,0,0,0,1,0,0,1,0
207.6094,66.73461,3,78,17,901,5921.501848,1,1,1,0,1,0,0,0,0,1,1
214.9663,52.38371,1,68,5,6302,4670.326557,1,1,1,0,1,0,1,1,0,0,1
142.4713,69.60264,1,69,12,271,6412.993801,0,0,0,1,1,0,0,1,1,1,0
117.4858,63.75865,3,55,13,843,5623.802264,1,0,0,0,1,0,0,1,0,1,0
160.0122,58.20259,1,24,12,29154,5218.302234,0,0,0,0,1,0,1,1,1,0,0
130.0244,67.95509,0,58,16,6213,5878.395212,1,0,0,0,1,1,1,1,1,0,0
187.656,67.6308,0,46,10,20872,6139.695302,1,0,0,0,1,0,0,1,0,1,1
117.4872,58.87396,3,87,13,134,5375.881358,1,0,0,1,1,0,0,1,1,0,0
159.965,56.29659,1,35,11,1015,4933.193936,1,0,1,0,1,0,0,1,0,0,1
139.9568,66.68553,1,42,13,9162,5748.620529,0,1,1,0,1,1,0,0,0,1,0
164.9853,60.64369,0,27,10,1145,5881.611846,1,1,0,1,1,1,0,1,0,1,0
104.9643,52.78581,1,71,14,15787,4782.774479,0,0,0,1,1,0,0,0,1,0,0
127.4586,61.78618,3,56,8,4777,5420.694461,0,0,0,0,1,0,1,0,0,1,0
127.4958,56.8243,4,80,9,15400,4836.771242,0,0,1,0,1,1,0,1,0,0,0
237.6549,59.97134,1,63,9,227,6074.154988,0,0,0,1,1,1,1,1,1,1,1
184.9496,51.19742,3,80,12,11866,5011.208685,1,0,0,1,1,0,1,0,1,1,0
117.4686,56.31703,7,25,7,824,5490.224221,0,0,0,1,1,1,1,0,0,0,0
137.5165,37.50261,3,23,12,12760,3406.934201,1,0,0,0,0,0,0,1,1,0,0
172.4441,47.9937,2,39,12,5622,4366.897142,1,0,1,0,1,0,1,0,1,1,0
172.4624,69.19621,2,78,12,2844,5978.105413,1,0,1,0,1,1,0,0,0,1,0
92.45514,64.67477,3,53,12,35151,5790.905465,0,1,0,1,1,0,0,0,0,0,0
164.9889,66.42151,6,66,19,1533,5977.806518,1,0,1,0,1,1,0,1,1,1,0
162.4526,66.4489,0,27,9,16972,5880.677411,0,0,1,0,1,1,1,0,0,1,0
159.9349,68.03445,1,39,9,106,5926.831312,0,0,1,0,1,0,1,0,0,1,0
235.1555,66.4055,0,22,7,42059,6631.578565,0,1,0,1,1,1,0,1,0,1,1
147.4421,53.60799,2,36,13,10898,4655.255882,1,0,1,0,1,0,0,0,0,0,1
159.965,67.26145,3,51,14,3628,5923.027721,1,1,1,0,1,0,0,1,0,0,1
104.9643,60.46744,0,34,9,18074,5420.429624,1,0,0,1,1,0,0,0,1,0,0
144.9889,60.7205,4,59,14,1376,5838.500288,1,1,0,1,1,1,0,1,1,1,0
172.4404,56.10936,0,56,12,2137,5395.692973,0,0,0,1,0,0,1,0,0,1,0
197.4725,65.52213,1,34,14,1496,6312.284353,1,0,0,1,1,0,1,1,1,1,0
225.132,55.88547,2,43,18,851,5703.524705,0,0,0,1,1,1,1,0,1,1,1
265.1283,66.80152,1,61,11,6408,6209.349746,0,0,1,0,1,1,1,0,0,1,1
147.4783,53.94013,1,53,8,1284,4579.594851,1,0,1,0,1,1,0,0,0,0,0
117.4392,59.8408,3,23,15,29414,5736.046673,0,0,0,1,0,0,0,0,0,1,0
184.967,61.00345,3,42,17,1765,5491.9286,1,1,1,0,1,0,1,1,1,1,0
172.4742,63.9229,0,70,13,760,5416.863521,0,0,1,0,1,0,0,1,1,0,1
169.9928,49.24329,0,37,13,2834,4316.799528,1,0,1,0,1,0,0,1,1,0,0
147.4601,51.62267,2,63,15,701,4424.978903,0,0,1,0,1,0,1,0,1,0,0
149.9378,46.90599,1,69,8,23116,4474.612868,0,0,0,1,1,0,1,0,0,0,1
117.4686,71.24412,7,62,12,5424,6592.008568,0,0,0,1,1,1,1,0,0,0,0
159.9656,54.67286,4,55,11,1723,5165.862705,0,0,0,1,1,0,1,0,1,0,0
172.4885,65.14504,6,85,10,650,6072.286168,0,1,0,1,1,0,1,1,1,0,0
142.4855,61.32712,1,61,5,13487,5431.697734,0,1,0,0,1,1,1,0,1,1,0
174.9768,40.51042,0,57,14,292,4109.749539,1,1,0,1,1,0,0,1,1,1,0
172.4404,67.29135,5,75,8,227,6356.496066,1,0,0,1,1,0,1,0,0,1,0
149.9778,61.50205,1,64,13,41743,5275.613898,1,0,1,0,1,1,1,0,1,0,0
169.9378,53.98876,1,46,7,3155,4716.874438,0,1,1,0,1,0,1,0,0,0,1
159.9656,62.67368,2,51,16,47346,5772.977508,0,1,0,1,1,0,1,0,1,0,0
172.4705,64.59012,0,33,11,4667,6073.965344,0,1,0,1,1,0,0,1,0,0,1
162.4713,66.59987,0,44,11,237,5757.58642,0,1,1,0,1,0,0,1,1,1,0
159.965,64.69309,1,60,11,14945,5621.504803,0,1,1,0,1,0,0,1,0,0,1
137.4392,39.23379,3,19,8,9179,3600.119372,1,0,1,0,1,0,0,0,0,1,0
147.4564,62.35684,1,81,13,702,5695.835152,0,0,0,1,1,0,1,0,0,0,0
179.9794,63.37652,0,54,12,353,5426.490073,1,0,1,0,1,0,1,1,0,0,0
114.9658,71.31394,10,24,11,248,6391.664046,0,1,0,0,1,0,0,0,0,0,1
92.45514,65.55348,9,29,11,592,6208.587013,1,0,0,1,1,0,0,0,0,0,0
159.9875,59.566,1,67,12,8631,5085.102968,0,0,1,0,1,1,0,0,1,0,0
147.4601,66.56346,4,60,14,5394,5638.313929,1,0,1,0,1,0,1,0,1,0,0
187.6094,65.00498,4,66,12,3703,6310.455935,0,1,0,1,1,0,0,0,0,1,1
204.9634,58.53165,1,56,15,587,5296.605879,0,1,1,0,1,0,1,1,0,1,0
174.9699,50.09713,4,78,9,125,4970.689824,1,1,0,1,1,0,1,1,1,0,1
112.4551,62.51438,0,86,11,20008,4999.844929,1,0,1,0,1,0,0,0,0,0,0
202.4433,70.14018,3,54,11,223,6147.578157,1,0,1,0,1,0,1,0,0,0,1
152.4624,63.3179,10,76,11,26719,6209.831863,1,1,0,1,1,1,0,0,0,1,0
275.1336,54.41975,1,46,12,9871,5206.882205,1,1,1,0,1,0,1,1,0,1,1
169.9378,62.63117,2,65,10,5019,5393.505389,0,0,1,0,1,0,1,0,0,0,1
92.45514,60.30933,1,79,12,441,5368.683525,0,0,0,1,1,0,0,0,0,0,0
162.4713,61.52544,0,69,12,247,5306.886205,0,0,1,0,1,0,0,1,1,1,0
129.9483,48.06765,10,30,11,452,4968.246217,0,0,0,1,1,0,0,0,1,1,0
212.6557,59.89979,4,53,11,2762,5694.792189,1,1,0,0,0,1,1,0,1,1,1
172.4742,69.69551,1,82,9,7405,5963.585225,1,1,1,0,1,0,0,1,1,0,1
197.4725,58.59926,1,61,18,29294,5656.516315,0,0,0,1,1,0,1,1,1,1,0
129.9621,51.23358,1,27,13,110,4994.1983,0,0,0,1,1,0,0,1,0,1,0
154.9755,65.18501,6,86,14,19650,6314.079222,1,0,0,1,1,1,1,1,0,1,0
207.4754,60.4105,3,34,8,10152,6001.171287,0,0,0,1,1,0,1,1,1,0,1
194.9992,71.53575,1,53,10,237,6293.106347,1,0,0,0,0,0,1,1,1,0,1
102.4746,67.11266,3,73,13,24861,5605.5846,1,0,0,0,1,0,1,0,0,0,0
172.4441,42.22849,0,59,18,845,3767.366577,0,0,1,0,1,0,1,0,1,1,0
187.656,54.12547,3,78,15,55,5020.535562,1,0,0,0,0,0,0,1,0,1,1
127.4586,64.05212,0,78,12,3112,5441.87637,1,0,0,0,0,0,1,0,0,1,0
160.0013,70.18387,2,61,12,342,6004.101327,1,0,1,0,1,1,0,1,0,0,0
202.4433,67.50401,1,52,12,3155,5876.563966,0,0,1,0,1,0,1,0,0,0,1
114.9838,62.29043,0,26,10,5590,5276.526343,0,0,0,0,1,0,1,0,1,0,0
252.624,64.49478,2,45,19,6416,5938.712727,1,0,1,0,0,0,0,0,1,1,1
222.6362,61.57299,3,40,9,4173,5702.684165,0,0,1,0,1,1,0,0,1,1,1
245.175,51.4383,3,20,9,69589,5231.660184,0,0,0,0,1,1,1,1,0,1,1
240.1149,49.57035,1,88,9,225,4492.694472,0,1,1,0,1,0,0,0,0,1,1
147.4564,71.28275,1,59,13,126,6417.049134,0,0,0,1,0,0,1,0,0,0,0
139.9678,64.90439,1,36,14,35799,5731.573712,0,1,0,0,1,0,1,0,1,1,0
152.5022,59.7267,1,22,14,9391,5508.351465,1,0,0,0,0,1,1,1,0,0,1
220.1149,56.16716,4,75,16,7972,5628.746728,1,0,0,1,1,0,0,0,0,1,1
222.6326,58.18819,3,70,9,3454,5808.103829,1,0,0,1,1,1,0,0,0,1,1
172.4567,68.03324,10,79,14,53266,6432.294015,1,0,0,1,1,0,0,0,1,0,1
142.5007,59.1861,2,35,15,28121,5710.355112,1,0,0,1,1,1,1,1,1,0,0
245.1457,66.38094,5,75,13,18353,6265.320961,1,0,1,0,1,1,1,1,0,1,1
214.9663,62.38737,3,62,11,8385,5571.246619,1,0,1,0,1,0,1,1,0,0,1
197.5169,62.12984,6,37,9,2692,5803.991214,0,0,0,0,1,1,1,1,1,0,1
222.6326,66.62855,0,20,10,26659,6618.320348,0,1,0,1,1,1,0,0,0,1,1
119.9897,63.01465,1,46,10,370,5478.106003,0,0,0,0,1,1,0,0,1,1,0
124.9643,64.00501,0,79,18,7272,5231.543507,0,0,1,0,1,0,0,0,1,0,0
204.9496,50.74296,7,54,14,114,4721.806173,1,0,1,0,1,0,1,0,1,1,0
94.97283,46.43864,1,52,10,43209,4395.875018,0,0,0,1,1,1,0,0,0,0,0
182.4433,71.62561,3,39,6,5729,6814.250407,0,0,0,1,1,0,1,0,0,0,1
169.9378,71.4569,1,82,15,840,6112.430745,0,1,1,0,1,0,1,0,0,0,1
222.6326,52.67702,2,49,10,3269,5441.651124,1,0,0,1,1,1,0,0,0,1,1
149.9483,70.61283,4,43,13,8148,6127.671061,1,0,1,0,1,0,0,0,1,1,0
169.9741,51.84838,3,60,8,22405,4544.638415,1,1,1,0,1,1,1,0,0,0,0
267.6427,68.37019,2,60,20,335,6752.652755,1,0,0,1,1,0,1,1,1,1,1
187.6422,67.85943,4,50,7,2579,6140.576122,1,0,0,0,1,0,0,0,1,1,1
149.9378,67.26893,2,80,11,2277,6220.114553,0,1,0,1,1,0,1,0,0,0,1
197.6288,52.4705,0,62,9,42272,4806.825085,0,0,0,0,1,0,1,0,0,1,1
137.4392,70.30088,6,73,11,8564,6060.997249,0,0,1,0,1,0,0,0,0,1,0
182.49,49.4719,0,49,10,994,4545.534432,1,0,0,0,1,0,1,1,0,0,1
162.4653,52.60822,2,26,12,2872,5249.057419,1,0,0,1,1,1,0,0,0,0,1
167.4564,68.95898,1,44,8,26,5862.329668,0,1,1,0,1,0,1,0,0,0,0
172.4404,49.09017,5,32,8,1579,5006.112648,1,0,0,1,1,0,1,0,0,1,0
187.656,66.50879,0,39,11,54540,6023.656633,0,0,0,0,1,0,0,1,0,1,1
169.9378,40.46026,1,45,14,929,3693.943211,0,0,1,0,1,0,1,0,0,0,1
214.9525,47.56383,0,75,16,23858,4140.83823,1,0,1,0,1,0,1,0,1,0,1
207.6386,66.37555,4,46,10,207,6146.786452,0,0,0,0,1,0,0,0,0,1,1
157.4836,48.65096,2,44,13,236,4220.274809,0,1,1,0,0,0,0,1,0,0,0
177.4876,63.42586,5,73,11,942,6185.198141,1,1,0,1,1,1,1,1,1,0,1
147.4564,64.25108,4,33,13,6190,6018.487781,0,0,0,1,1,0,1,0,0,0,0
184.9496,66.969,1,23,14,12895,6428.811386,1,1,0,1,1,0,1,0,1,1,0
159.9476,42.2544,0,85,16,2916,4070.475421,1,0,0,1,0,0,0,0,0,0,1
202.6362,69.34207,2,76,6,232,6603.944194,0,0,0,1,1,1,0,0,1,1,1
207.6094,58.20314,1,75,12,810,5217.771684,1,0,1,0,1,0,0,0,0,1,1
139.9568,70.89101,7,52,15,147,6284.19049,1,0,1,0,1,1,0,0,0,1,0
159.9642,64.17582,1,57,17,17107,5623.598666,1,0,0,0,0,0,1,0,0,1,0
204.9797,60.85274,0,70,12,35885,5237.251646,1,0,1,0,1,0,0,1,1,0,1
207.6094,41.11114,2,20,10,2744,3981.346329,0,0,1,0,1,0,0,0,0,1,1
179.9656,59.78701,6,82,13,28221,5144.456729,0,0,1,0,1,0,1,0,1,0,0
179.9476,65.85945,1,46,8,8542,5667.494149,0,0,1,0,1,0,0,0,0,0,1
204.9496,61.41519,1,26,15,378,5550.413849,1,0,1,0,1,0,1,0,1,1,0
245.147,63.56455,0,24,13,129,6368.414019,0,0,0,1,1,0,0,1,1,1,1
79.97886,68.73272,3,41,17,5864,5831.541202,0,0,0,0,1,0,0,0,0,0,0
152.4624,50.58015,3,48,15,3599,4995.383757,0,0,0,1,1,1,0,0,0,1,0
172.4404,69.32718,1,53,18,468,6519.352992,1,0,0,1,1,0,1,0,0,1,0
114.9976,57.20402,1,19,14,489,4994.314339,1,0,0,0,1,0,1,1,0,0,0
172.4705,54.64758,4,45,13,3088,5343.09004,0,1,0,1,0,0,0,1,0,0,1
177.6508,43.96321,2,80,7,5111,4140.577207,0,0,0,0,1,1,0,0,0,1,1
139.9816,65.42546,1,87,13,1574,5640.828106,1,0,0,0,1,0,1,1,0,1,0
194.9992,57.36298,0,41,10,38659,5222.664785,0,0,0,0,0,0,1,1,1,0,1
127.4783,68.4414,3,37,13,1433,6381.433866,0,0,0,1,0,1,0,0,0,0,0
127.475,64.28075,9,30,8,3738,5851.532323,0,1,0,0,1,0,0,0,1,0,1
117.4392,54.17218,6,84,17,66,5116.876043,1,1,0,1,1,0,0,0,0,1,0
222.6143,67.98735,8,61,14,35913,6792.669914,1,1,0,1,1,0,1,0,1,1,1
124.9607,56.49332,4,72,14,481,5243.262555,1,1,0,1,1,0,0,0,0,0,0
147.4564,52.20612,3,40,18,222,4977.814552,0,1,0,1,1,0,1,0,0,0,0
184.9939,46.24636,3,58,12,2762,4338.467486,0,0,0,0,1,1,1,0,1,0,1
184.9496,52.90819,0,84,12,484,4998.863127,0,0,0,1,1,0,1,0,1,1,0
124.9781,64.92481,0,54,15,2692,5469.698389,1,0,1,0,1,0,0,1,0,0,0
169.9671,48.83733,1,83,12,254,4245.418262,0,0,0,0,1,0,1,0,0,0,1
177.4876,58.53134,1,21,18,1236,5831.502124,0,0,0,1,0,1,1,1,1,0,1
242.6281,71.44364,3,27,10,144,6700.749273,0,1,1,0,1,0,1,1,0,1,1
182.4676,61.53436,2,74,11,18778,5373.367053,1,1,1,0,1,0,0,1,0,1,0
149.9915,67.9711,0,20,9,408,5999.97193,1,0,1,0,1,1,1,1,0,0,0
129.9763,59.67243,3,34,11,2065,5441.885561,1,0,0,0,1,1,1,0,0,1,0
129.995,48.07729,0,21,15,28006,4315.294634,1,0,0,0,1,0,0,1,1,1,0
184.9785,66.37599,0,47,8,2763,5858.143246,0,1,1,0,1,1,1,1,0,0,1
174.991,66.51398,7,56,13,10777,6082.695932,1,0,0,0,1,1,1,0,1,1,0
137.4392,52.58164,3,50,11,3880,4639.229318,1,0,1,0,0,0,0,0,0,1,0
182.4538,43.19701,0,79,14,36613,3759.112446,1,0,1,0,1,0,0,0,1,1,0
230.1051,40.14232,3,35,13,14823,4024.612201,1,0,1,0,1,0,1,0,0,1,1
152.4555,60.5411,0,80,13,4112,5682.484574,1,1,0,1,0,1,1,0,0,0,1
179.9794,70.50969,0,30,11,4072,6089.653615,1,0,1,0,0,0,1,1,0,0,0
129.9763,44.92195,3,36,13,188,4179.651284,1,0,0,0,1,1,1,0,0,1,0
137.4392,46.86027,0,28,10,1112,4103.155082,0,1,1,0,1,0,0,0,0,1,0
162.4713,49.16112,2,88,12,4154,4293.055528,1,0,1,0,1,0,0,1,1,1,0
162.4713,55.23911,1,68,17,263,4778.807562,1,0,1,0,1,0,0,1,1,1,0
169.9928,67.94252,0,85,13,501,5691.599692,0,0,1,0,1,0,0,1,1,0,0
140.0013,67.75508,2,33,8,893,6310.388284,0,0,0,1,1,1,0,1,0,0,0
232.624,65.63324,3,72,11,6139,6340.697833,1,0,0,1,1,0,0,0,1,1,1
182.4608,63.80541,1,86,19,5570,5475.229519,0,0,1,0,0,0,1,1,0,0,1
144.9607,53.9011,4,61,13,524,4571.146514,0,0,1,0,1,0,0,0,0,0,0
127.4421,51.96957,1,38,13,1120,4897.15967,0,0,0,1,1,0,0,0,0,0,1
164.9785,66.23938,0,74,13,3796,6171.920728,1,0,0,1,1,1,1,1,0,0,1
159.965,51.9774,2,51,8,7346,4639.90108,0,1,1,0,1,0,0,1,0,0,1
117.4686,64.33534,3,63,13,6835,5981.786697,1,1,0,1,1,1,1,0,0,0,0
184.9797,67.28651,8,50,12,705,6489.765211,0,0,0,1,1,0,0,1,1,0,1
159.983,63.18627,0,65,12,302,5307.208545,1,0,1,0,0,0,1,1,1,0,0
277.6513,62.16781,6,29,11,300,6126.605256,0,0,1,0,1,1,1,1,0,1,1
137.4684,71.25391,3,86,13,3551,6123.114677,0,1,0,0,1,0,0,0,0,1,0
169.9378,62.42366,3,76,7,4479,5453.508337,1,0,1,0,1,0,1,0,0,0,1
124.9643,63.03261,0,28,14,782,5236.791874,0,0,1,0,1,0,0,0,1,0,0
149.9845,47.74031,3,88,9,6737,4296.188726,0,0,0,0,1,0,1,1,0,0,1
147.4783,66.21339,0,79,14,1349,5473.038426,1,0,1,0,1,1,0,0,0,0,0
172.4733,46.84079,0,55,15,1725,4183.300117,0,0,0,0,1,0,1,0,1,1,0
172.4441,71.68601,4,37,16,16379,6290.205983,0,0,1,0,1,0,1,0,1,1,0
169.9378,61.12409,3,64,17,5585,5304.081927,1,0,1,0,1,0,1,0,0,0,1
184.9634,48.98892,0,52,12,1114,4863.46622,0,0,0,1,0,0,1,1,0,1,0
202.6362,57.99615,1,31,11,780,5838.092547,1,1,0,1,0,1,0,0,1,1,1
162.4538,53.42526,1,34,10,1201,5141.95734,1,1,0,1,1,0,0,0,1,1,0
147.4564,66.42406,0,21,11,155,6195.027927,1,0,0,1,1,0,1,0,0,0,0
159.9805,54.21707,1,55,12,299,4688.358124,1,0,0,0,1,0,0,0,1,0,1
137.4392,71.15468,1,61,17,54507,6016.376448,1,0,1,0,1,0,0,0,0,1,0
177.6508,64.6373,0,60,11,917,5838.570725,1,0,0,0,1,1,0,0,0,1,1
107.4806,48.38976,3,49,11,324,4327.184375,1,0,0,0,1,1,0,0,0,1,0
137.4684,65.39241,0,70,14,15075,5602.940401,0,0,0,0,1,0,0,0,0,1,0
149.9776,71.24523,6,22,18,4824,6381.859686,0,0,0,0,1,0,0,0,1,1,0
220.1185,65.85431,0,26,13,77,5978.883731,1,1,1,0,1,0,0,0,1,1,1
270.1604,44.42372,1,35,12,3768,4963.969106,1,1,0,1,1,1,1,1,1,1,1
172.4567,61.90557,4,44,7,12926,5860.250293,1,0,0,1,1,0,0,0,1,0,1
192.4705,59.60865,2,77,14,288,5251.895843,0,1,1,0,1,0,0,1,0,0,1
172.5104,63.56661,3,43,9,3337,5556.021088,0,0,1,0,1,1,0,1,1,0,0
174.9882,67.19702,3,42,9,9354,6425.61851,0,0,0,1,1,1,0,1,0,0,1
200.1323,41.98389,1,77,12,3880,4333.830722,0,0,0,1,1,0,0,1,0,1,1
159.983,67.71773,0,37,14,3667,5852.594859,0,1,1,0,1,0,1,1,1,0,0
172.4579,60.45443,0,25,16,1672,5453.05668,1,0,1,0,1,0,1,1,0,1,0
155.0084,61.73668,1,58,11,8831,5513.184333,0,0,0,0,1,1,1,1,1,1,0
114.9658,44.01106,2,32,14,1819,3964.304244,1,1,0,0,1,0,0,0,0,0,1
119.9568,57.1358,1,85,13,1420,5277.709711,0,1,0,1,1,1,0,0,0,1,0
92.5018,48.99944,2,22,16,364,4249.008184,1,0,0,0,0,0,0,1,0,0,0
182.4653,59.64017,3,71,8,27059,5294.992478,1,0,1,0,1,1,0,0,0,0,1
245.1457,57.37711,2,23,13,5221,5558.647659,0,0,1,0,0,1,1,1,0,1,1
182.4833,70.35289,3,62,13,32269,6058.624431,0,0,1,0,1,1,1,0,1,0,0
147.4893,71.58111,0,84,14,1156,6001.860392,0,0,0,0,1,0,1,0,1,0,0
127.482,68.08277,2,32,15,4553,5774.248908,0,0,1,0,1,1,0,0,1,0,0
172.4579,60.08453,7,81,11,20180,5454.636911,1,0,1,0,1,0,1,1,0,1,0
275.1198,62.55977,6,26,8,271,6012.531259,0,0,1,0,1,0,1,0,1,1,1
149.9621,51.25081,1,63,11,898,4511.138449,0,0,1,0,1,0,0,1,0,1,0
162.4676,65.71379,1,66,8,984,6124.759369,0,0,0,1,1,0,0,1,0,1,0
197.4876,60.48793,0,64,12,29015,5406.560212,1,1,1,0,1,1,1,1,1,0,1
137.4392,50.49242,1,65,14,1063,4357.294542,0,0,1,0,1,0,0,0,0,1,0
265.1283,69.48617,6,21,13,7482,6714.393196,1,1,1,0,1,1,1,0,0,1,1
134.9509,66.53731,0,87,14,1475,5420.186868,0,0,1,0,1,0,1,0,0,0,0
169.9378,67.66702,1,66,7,1835,5772.068776,0,1,1,0,1,0,1,0,0,0,1
164.9647,60.67808,0,61,9,2913,5760.325515,1,0,0,1,0,1,1,0,1,0,1
172.4705,70.40113,0,37,15,31846,6536.992768,0,1,0,1,1,0,0,1,0,0,1
117.4686,71.34763,3,67,18,13124,6460.957622,1,0,0,1,0,1,1,0,0,0,0
172.4624,55.07277,1,60,8,990,4849.091945,0,0,1,0,1,1,0,0,0,1,0
137.4836,46.23966,1,71,11,4495,4399.170365,0,1,0,1,1,0,0,1,0,0,0
155.0084,68.82603,2,61,17,1060,6115.01855,1,1,0,0,1,1,1,1,1,1,0
204.9797,48.2368,2,65,11,93,4363.777277,0,0,1,0,1,0,0,1,1,0,1
182.4608,50.71914,1,66,16,757,4468.541647,0,1,1,0,1,0,1,1,0,0,1
245.1283,69.08879,6,64,11,15703,6954.344959,1,0,0,1,1,1,1,0,0,1,1
275.1198,65.03729,0,83,13,23808,5890.997983,0,1,1,0,1,0,1,0,1,1,1
172.4885,68.90291,2,51,14,16955,6368.533526,1,0,0,1,1,0,1,1,1,0,0
140.0049,66.62554,3,49,14,3006,5715.040053,1,0,1,0,1,1,0,1,1,0,0
162.5005,44.15083,1,54,7,650,3988.109354,0,0,0,0,1,0,0,1,1,1,0
172.4404,60.45224,0,44,8,15721,5743.829083,1,0,0,1,1,0,1,0,0,1,0
162.4689,46.04312,2,46,10,1177,4164.432685,0,0,1,0,0,1,0,0,1,0,1
149.9483,71.97999,0,51,12,1038,6090.325352,0,0,1,0,0,0,0,0,1,1,0
182.4653,57.49156,4,30,16,1351,5284.148453,0,0,1,0,0,1,0,0,0,0,1
182.497,62.6698,1,61,13,1045,5451.620478,0,0,1,0,1,1,1,1,0,0,0
139.9512,50.09011,3,72,13,10398,4779.865673,1,1,0,1,1,0,0,0,1,0,1
162.4713,46.55588,1,32,13,31,4232.407012,1,0,1,0,1,0,0,1,1,1,0
242.6573,64.67959,3,81,13,29321,5994.368564,0,1,0,0,1,0,1,1,0,1,1
220.1615,66.88596,2,87,11,2193,6077.760962,0,1,0,0,1,0,0,1,0,1,1
159.9349,68.83881,0,68,8,510,5913.927772,1,1,1,0,1,0,1,0,0,1,0
179.9476,57.01956,0,27,14,5907,5056.967909,1,0,1,0,1,0,0,0,0,0,1
137.4836,60.1263,4,55,12,33649,5681.82435,1,1,0,1,1,0,0,1,0,0,0
172.4848,64.39513,3,21,14,46890,5860.239584,1,0,0,0,1,1,1,0,0,0,1
147.4738,71.23142,2,39,14,113,6108.901598,0,0,1,0,1,0,1,1,0,0,0
137.4978,60.95606,1,73,8,9145,5186.710991,1,0,0,0,1,1,1,0,0,0,0
104.9629,69.3778,2,19,10,3079,6039.270111,1,0,0,0,1,0,0,0,0,1,0
152.4441,51.63569,1,36,13,929,5010.806069,1,0,0,1,1,0,1,0,1,1,0
242.6281,71.40639,10,31,13,1995,6900.075325,1,0,1,0,1,0,1,1,0,1,1
184.967,70.18048,1,58,10,11295,6176.901388,0,0,1,0,1,0,1,1,1,1,0
139.965,69.10375,0,25,14,533,6398.080421,1,0,0,1,1,0,0,1,0,0,1
114.9728,62.25655,3,44,15,584,5283.978779,0,0,1,0,1,1,0,0,0,0,0
172.4404,70.65475,3,31,10,22825,6714.776908,0,1,0,1,1,0,1,0,0,1,0
172.4555,46.05744,0,46,17,3431,4193.703815,0,0,1,0,0,1,1,0,0,0,1
147.4738,56.40122,1,81,8,32261,4725.259403,1,0,1,0,0,0,1,1,0,0,0
182.4538,45.44227,0,22,14,37,4082.913084,1,0,1,0,1,0,0,0,1,1,0
174.9755,65.0829,4,62,17,588,5909.336061,0,0,1,0,1,1,1,1,0,1,0
152.4742,54.4197,4,71,12,7638,5253.832164,1,0,0,1,1,0,0,1,1,0,1
134.9801,70.64245,1,70,5,20940,5915.025109,1,0,0,0,1,0,1,0,0,0,0
232.6378,50.85505,0,51,10,10184,5234.1788,1,0,0,1,1,0,0,1,0,1,1
124.9607,49.94733,0,24,14,37727,4741.134235,1,0,0,1,1,0,0,0,0,0,0
152.4579,63.4564,1,32,17,797,6120.360369,1,0,0,1,0,0,1,1,0,1,0
182.4676,66.16906,7,83,11,984,5924.59411,0,0,1,0,0,0,0,1,0,1,0
207.6094,64.15677,0,45,13,165,5773.173421,0,0,1,0,1,0,0,0,0,1,1
182.4653,65.54203,0,37,15,5383,5797.697073,1,1,1,0,0,1,0,0,0,0,1
144.9607,70.52617,2,37,9,1122,6032.772687,0,0,1,0,1,0,0,0,0,0,0
124.9781,64.27877,0,84,9,30970,5236.118143,0,0,1,0,1,0,0,1,0,0,0
184.9634,61.47977,0,58,14,166,5867.267664,1,0,0,1,1,0,1,1,0,1,0
182.4538,54.60031,0,58,14,13222,4762.326261,0,0,1,0,1,0,0,0,1,1,0
142.4689,61.69069,0,85,10,5409,5588.332956,1,0,0,1,1,1,0,0,1,0,1
129.9915,59.40963,2,66,14,6030,5622.709975,0,1,0,1,1,1,1,1,0,0,0
129.9778,40.43984,8,80,15,2484,4126.350754,1,1,0,1,1,1,1,0,1,0,0
162.4818,56.68677,0,26,17,17370,5156.018701,1,0,0,0,1,1,1,0,0,1,0
132.4798,60.29749,0,74,12,23875,5674.251752,0,1,0,1,1,1,0,1,0,1,0
129.9483,59.13074,4,82,13,30375,5472.480679,1,0,0,1,1,0,0,0,1,1,0
129.9621,57.58191,3,50,14,43633,5500.52688,1,0,0,1,1,0,0,1,0,1,0
79.97886,61.30199,4,34,6,23381,5276.417702,1,0,0,0,0,0,0,0,0,0,0
129.9598,71.16373,2,58,9,7786,6592.588984,1,0,0,1,1,1,0,0,0,0,1
159.9512,62.96706,0,36,16,3707,5447.157334,0,0,1,0,1,0,0,0,1,0,1
207.6094,56.4945,0,89,17,40014,4954.029731,0,0,1,0,1,0,0,0,0,1,1
174.991,53.90038,8,33,14,3064,5202.411958,1,0,0,0,1,1,1,0,1,1,0
172.4404,68.61974,0,48,6,3220,6399.941128,1,0,0,1,1,0,1,0,0,1,0
240.1149,51.9989,7,71,15,253,4979.183398,1,0,1,0,1,0,0,0,0,1,1
129.9598,50.8022,2,66,10,1345,4815.694058,0,0,0,1,1,1,0,0,0,0,1
137.4686,54.93761,0,67,13,1245,4610.508173,0,0,1,0,0,1,1,0,0,0,0
127.4421,61.10676,0,33,14,469,5631.449762,1,0,0,1,0,0,0,0,0,0,1
159.9794,47.45044,1,77,11,728,4486.582949,1,1,0,1,0,0,1,1,0,0,0
204.9634,58.57706,1,38,14,3481,5359.342819,0,0,1,0,1,0,1,1,0,1,0
132.4798,66.39293,1,69,10,3607,6173.823033,0,0,0,1,1,1,0,1,0,1,0
119.9568,66.2578,0,60,10,1077,6076.32804,1,0,0,1,1,1,0,0,0,1,0
124.9781,60.10972,2,53,15,976,5140.00849,0,0,1,0,1,0,0,1,0,0,0
149.9915,62.10686,1,75,12,785,5287.642545,1,0,1,0,1,1,1,1,0,0,0
242.6326,57.56332,7,26,10,622,5610.807336,1,0,1,0,1,1,0,0,0,1,1
107.4806,54.81081,3,80,13,810,4751.67301,0,1,0,0,1,1,0,0,0,1,0
174.9768,47.03744,4,35,6,22553,4839.828588,1,0,0,1,1,0,0,1,1,1,0
134.9509,61.8401,0,79,10,2194,5061.53662,1,0,1,0,1,0,1,0,0,0,0
207.4673,68.65572,2,43,10,43123,6193.937954,1,1,1,0,1,1,1,0,1,1,0
175.0211,65.07998,2,65,8,15652,5819.074546,1,0,0,0,1,1,0,1,1,0,1
114.9976,67.69557,1,58,8,6304,5726.103148,0,0,0,0,1,0,1,1,0,0,0
117.4392,60.87178,3,31,15,259,5794.294165,0,0,0,1,1,0,0,0,0,1,0
152.4579,46.0622,4,49,12,912,4731.734078,1,0,0,1,0,0,1,1,0,1,0
184.9647,56.01484,7,33,10,9611,5272.029955,0,0,1,0,1,1,1,0,1,0,1
220.1478,66.60166,1,84,9,33,5952.694963,0,0,0,0,1,0,0,0,1,1,1
139.9349,39.83562,1,48,10,7906,4000.266344,0,0,0,1,1,0,1,0,0,1,0
172.5034,49.89893,2,64,14,588,4503.247213,1,0,0,0,1,0,0,1,1,0,1
127.4783,66.15837,1,29,15,1067,6076.740541,0,1,0,1,1,1,0,0,0,0,0
139.983,57.89422,4,28,8,661,5531.532115,1,0,0,1,1,0,1,1,1,0,0
144.9607,53.20557,1,32,11,2613,4516.882554,0,1,1,0,1,0,0,0,0,0,0
232.652,45.85581,1,65,9,3096,4479.98883,1,0,0,0,1,1,1,0,0,1,1
142.5007,58.40532,0,31,14,10729,5597.924969,0,0,0,1,1,1,1,1,1,0,0
194.9525,69.8568,2,34,11,4994,6573.135286,0,1,0,1,1,0,1,0,1,0,1
149.9915,61.80927,0,86,10,34271,5278.695296,0,0,1,0,1,1,1,1,0,0,0
162.4653,67.76854,3,70,10,429,6295.500079,1,0,0,1,1,1,0,0,0,0,1
174.9919,62.91268,3,40,15,45193,5600.00441,1,1,1,0,1,1,0,1,1,0,1
104.9643,64.8854,0,49,10,378,5815.534427,0,1,0,1,1,0,0,0,1,0,0
129.9621,70.92371,1,31,10,2946,6594.450698,0,1,0,1,1,0,0,1,0,1,0
139.9512,57.4792,3,53,14,48710,5447.605945,1,1,0,1,1,0,0,0,1,0,1
157.4698,58.61361,3,74,11,1383,4970.482123,1,1,1,0,1,0,0,0,1,0,0
159.965,61.78348,8,30,9,898,5696.949378,0,0,1,0,0,0,0,1,0,0,1
149.9915,51.85047,6,41,8,1350,4794.939338,0,0,1,0,1,1,1,1,0,0,0
190.127,56.54679,0,52,12,32005,5615.375487,1,1,0,1,1,1,0,0,0,1,1
104.9629,67.16337,0,19,12,27676,5843.309069,0,1,0,0,1,0,0,0,0,1,0
149.9447,56.24607,4,40,9,2815,5441.447547,0,0,0,1,1,0,0,0,0,1,0
232.6378,54.74518,1,48,11,16853,5546.494271,0,0,0,1,1,0,0,1,0,1,1
230.1051,40.41527,4,38,13,526,4067.92605,1,0,1,0,1,0,1,0,0,1,1
255.1665,54.37964,3,48,14,132,5309.98506,0,0,0,0,1,0,1,1,1,1,1
112.4844,54.87071,1,63,14,35054,4633.969478,0,1,0,0,0,0,0,0,0,0,0
165.0182,41.72903,6,26,10,1265,4110.601155,1,1,0,0,0,1,0,1,1,1,0
114.9728,54.02641,1,47,10,702,4620.499985,1,1,1,0,0,1,0,0,0,0,0
142.4827,64.02771,10,18,13,1691,6388.161243,0,0,0,1,1,1,0,1,0,0,1
175.1331,58.8745,1,60,11,4288,5321.961115,0,0,0,0,1,0,0,0,0,1,1
112.4551,69.77542,2,63,9,74,5731.776578,1,0,1,0,1,0,0,0,0,0,0
127.4958,67.9048,0,62,12,201,5680.56077,1,0,1,0,1,1,0,1,0,0,0
210.1051,60.12009,3,82,13,1491,5873.892189,0,0,0,1,1,0,1,0,0,1,1
147.4421,63.59739,3,85,8,32603,5343.896833,1,0,1,0,0,0,0,0,0,0,1
124.9643,67.3665,4,50,17,2640,5725.195787,1,0,1,0,1,0,0,0,1,0,0
169.9928,54.84956,4,49,13,5363,4777.674258,1,1,1,0,1,0,0,1,1,0,0
127.4421,60.24089,3,64,17,832,5551.218207,0,0,0,1,1,0,0,0,0,0,1
159.9476,44.57688,5,36,8,143,4575.351511,1,1,0,1,1,0,0,0,0,0,1
149.9483,49.27373,3,28,16,18110,4444.639718,0,0,1,0,1,0,0,0,1,1,0
137.4684,57.2401,2,71,8,2095,4946.194597,0,1,0,0,1,0,0,0,0,1,0
129.9621,40.93141,0,30,15,2031,4156.493991,0,1,0,1,1,0,0,1,0,1,0
129.9763,47.25523,0,89,9,406,4151.767751,0,0,0,0,1,1,1,0,0,1,0
252.6378,63.17583,1,52,13,27568,5857.728582,0,0,1,0,1,0,0,1,0,1,1
152.4624,67.063,3,89,17,195,6211.528262,1,0,0,1,1,1,0,0,0,1,0
117.5152,60.9855,1,26,6,484,5356.414043,0,0,0,0,1,1,1,1,0,0,0
235.1884,63.19406,4,46,10,28846,6003.720515,0,0,0,0,1,1,0,1,1,1,1
149.9598,71.7533,0,82,15,831,6087.145624,1,0,1,0,1,1,0,0,0,0,1
149.9928,60.5753,1,31,13,32477,5626.984861,1,0,0,1,1,0,0,1,1,0,0
132.5127,66.73836,1,32,12,271,5961.319084,0,1,0,0,1,1,0,1,1,1,0
245.147,66.82584,0,89,12,2352,6422.525635,0,0,0,1,1,0,0,1,1,1,1
192.4705,59.39468,1,41,15,6436,5239.323776,0,0,1,0,1,0,0,1,0,0,1
177.4876,69.76674,0,83,12,1482,6435.760627,0,0,0,1,1,1,1,1,1,0,1
140.0342,65.7154,0,24,14,20825,5702.028301,1,1,0,0,1,1,0,1,1,0,0
287.6427,68.57996,2,21,18,15684,6531.266707,0,1,1,0,1,0,1,1,1,1,1
79.97886,67.17715,1,28,11,18075,5602.847861,0,1,0,0,0,0,0,0,0,0,0
242.6281,58.77002,0,68,8,39065,5435.522187,1,0,1,0,0,0,1,1,0,1,1
242.6143,71.54108,1,64,14,628,6445.031985,0,0,1,0,1,0,1,0,1,1,1
132.4798,50.88709,1,56,10,1367,4992.984164,0,0,0,1,1,1,0,1,0,1,0
222.6143,67.25434,9,72,10,1359,6680.274618,0,0,0,1,1,0,1,0,1,1,1
164.9889,49.76373,6,21,10,4242,4713.388987,0,1,1,0,0,1,0,1,1,1,0
95.00571,66.46085,1,46,13,595,5564.666753,0,1,0,0,1,1,0,0,1,0,0
200.1323,60.04825,4,80,10,2723,5943.557361,1,1,0,1,1,0,0,1,0,1,1
140.0013,70.53117,1,30,15,54413,6599.191565,1,0,0,1,1,1,0,1,0,0,0
182.4433,66.88131,3,76,14,1687,6304.203672,0,1,0,1,1,0,1,0,0,0,1
159.965,44.54138,1,26,12,550,3999.505021,1,0,1,0,1,0,0,1,0,0,1
149.9845,64.34378,1,82,19,6990,5614.743616,1,1,0,0,1,0,1,1,0,0,1
139.9512,60.93141,1,37,14,1910,5639.075466,1,0,0,1,1,0,0,0,1,0,1
139.9349,57.24323,3,26,10,10057,5607.361744,0,0,0,1,1,0,1,0,0,1,0
232.624,69.99167,1,28,9,49344,6827.563026,0,1,0,1,0,0,0,0,1,1,1
114.9658,69.6182,6,65,10,500,5995.155978,0,1,0,0,1,0,0,0,0,0,1
134.9509,64.56596,0,64,7,386,5334.066746,0,0,1,0,1,0,1,0,0,0,0
149.9778,60.03004,3,40,13,11996,5212.970867,1,1,1,0,1,1,1,0,1,0,0
232.624,45.33085,1,58,14,165,4708.54891,0,0,0,1,1,0,0,0,1,1,1
162.4538,65.07643,3,78,12,320,6013.937985,0,1,0,1,1,0,0,0,1,1,0
182.4762,42.24311,0,32,14,528,3928.137514,0,0,0,0,1,0,1,0,1,0,1
194.9768,55.56204,2,44,9,8811,5033.743938,0,0,1,0,1,0,0,1,1,1,0
187.4811,65.58919,0,32,11,484,6364.432003,1,0,0,1,1,1,1,1,0,1,0
184.9797,57.46466,0,54,9,2536,5425.59259,1,0,0,1,0,0,0,1,1,0,1
107.482,65.21231,1,29,12,18621,5931.595281,0,1,0,1,1,1,0,0,1,0,0
217.4725,71.53609,0,28,12,2806,6427.502592,1,0,1,0,1,0,1,1,1,1,0
129.9483,58.1358,4,38,10,1324,5582.271342,1,0,0,1,1,0,0,0,1,1,0
220.1615,67.09737,3,23,14,6637,6335.700634,1,1,0,0,1,0,0,1,0,1,1
197.4702,37.8337,2,72,14,40830,3903.674979,1,1,0,1,1,1,1,0,1,0,1
214.9525,49.07033,0,45,11,4586,4362.636888,1,1,1,0,1,0,1,0,1,0,1
215.1591,61.91109,1,63,12,8538,6092.04938,0,0,0,1,1,1,0,1,1,1,1
197.4876,36.50778,1,22,13,173,3610.16619,1,1,1,0,1,1,1,1,1,0,1
210.1563,57.07531,2,37,10,6153,5427.886371,1,0,0,0,1,1,0,0,0,1,1
139.9979,61.46622,0,48,7,15391,5369.984663,0,1,0,0,1,0,0,1,1,0,1
139.9979,62.94995,2,51,7,4767,5461.005526,0,1,0,0,0,0,0,1,1,0,1
255.1336,55.74644,1,63,10,3097,5673.346337,0,1,0,1,1,0,1,1,0,1,1
159.965,64.55211,0,28,12,16548,5601.799448,0,0,1,0,1,0,0,1,0,0,1
204.9496,61.85574,1,49,14,2854,5511.102916,1,0,1,0,1,0,1,0,1,1,0
225.1457,70.50359,2,33,17,30390,7014.911451,0,0,0,1,1,1,1,1,0,1,1
114.9509,52.07771,0,57,10,38703,4747.251504,1,0,0,1,0,0,1,0,0,0,0
117.4835,57.20149,1,65,12,1112,4899.037694,0,1,0,0,1,1,0,0,0,0,1
245.175,58.10724,1,19,6,768,5672.753791,0,0,0,0,1,1,1,1,0,1,1
232.652,62.32515,2,52,11,786,5902.857464,0,1,0,0,1,1,1,0,0,1,1
210.1051,50.14317,7,80,7,1789,5186.100622,0,0,0,1,1,0,1,0,0,1,1
92.48802,71.67689,1,80,9,535,5887.667168,0,0,0,0,1,0,0,0,1,0,0
257.6513,70.26711,2,66,15,13190,7006.344444,1,0,0,1,1,1,1,1,0,1,1
235.1372,71.4959,1,39,13,1589,7021.93656,0,1,0,1,1,0,1,1,1,1,1
134.9801,43.93121,0,89,14,231,3633.284673,1,0,0,0,1,0,1,0,0,0,0
202.65,70.14031,8,22,13,10274,7158.98153,1,0,0,1,1,1,0,1,0,1,1
82.49655,57.62812,6,72,20,793,4905.287249,0,0,0,0,1,1,0,0,0,0,0
207.4811,64.41859,3,77,13,101,5760.776706,1,1,1,0,1,1,1,1,0,1,0
277.6375,52.62668,4,43,12,10450,5156.532721,1,0,1,0,1,1,1,0,1,1,1
192.4404,71.52099,0,19,9,2440,6366.303939,0,0,1,0,1,0,1,0,0,1,0
255.1198,48.82626,0,65,12,2931,5035.210271,1,1,0,1,1,0,1,0,1,1,1
194.9525,67.0374,1,48,10,12895,6265.43461,0,0,0,1,1,0,1,0,1,0,1
172.4441,49.80587,1,82,13,4242,4343.616747,1,0,1,0,1,0,1,0,1,1,0
214.9663,59.29022,1,64,6,476,5331.631842,0,0,1,0,1,0,1,1,0,0,1
94.97283,60.07253,0,29,10,2499,5475.345065,0,0,0,1,0,1,0,0,0,0,0
182.447,58.40629,2,51,10,11400,5179.837965,0,0,1,0,1,0,1,0,1,0,1
187.6094,71.71958,3,89,13,1597,6707.388345,0,0,0,1,1,0,0,0,0,1,1
137.4872,66.06887,1,29,9,1708,5598.228474,1,0,1,0,1,0,0,1,1,0,0
162.4526,43.47717,1,70,11,18579,3935.280548,1,0,1,0,1,1,1,0,0,1,0
174.9755,54.1338,0,72,11,875,4856.265598,0,0,1,0,1,1,1,1,0,1,0
147.4738,54.75767,0,29,11,2489,4730.295335,0,0,1,0,1,0,1,1,0,0,0
204.9797,56.40424,1,41,13,6009,5080.902489,0,0,1,0,1,0,0,1,1,0,1
137.4978,58.47429,1,23,6,896,5229.577832,1,0,0,0,1,1,1,0,0,0,0
172.4567,70.2982,1,73,13,19301,6442.7758,1,1,0,1,1,0,0,0,1,0,1
204.961,46.87556,0,35,9,825,4368.754806,1,0,1,0,1,1,1,0,0,0,1
184.961,61.28212,0,38,14,534,5870.569243,0,0,0,1,1,1,1,0,0,0,1
210.1051,68.81287,0,87,7,13484,6524.465811,0,0,0,1,1,0,1,0,0,1,1
200.1652,56.05929,3,66,13,18075,5175.601342,1,0,0,0,1,0,0,1,1,1,1
194.9663,47.32195,2,87,12,12092,4719.847905,1,0,0,1,1,0,1,1,0,0,1
192.4404,61.51366,1,37,10,146,5471.040392,0,1,1,0,1,0,1,0,0,1,0
137.4836,59.14016,1,30,8,631,5508.347828,1,0,0,1,1,0,0,1,0,0,0
144.9889,60.00232,1,53,14,25258,5706.971929,1,0,0,1,1,1,0,1,1,1,0
192.4404,64.61283,2,21,10,1360,5808.222175,1,0,1,0,1,0,1,0,0,1,0
255.1665,70.20568,1,57,15,3883,6468.605224,1,0,0,0,1,0,1,1,1,1,1
144.9607,55.30151,3,36,14,21529,4737.074812,1,0,1,0,1,0,0,0,0,0,0
265.1283,67.57609,0,28,13,4001,6303.172568,1,1,1,0,1,1,1,0,0,1,1
245.1283,66.25635,4,51,8,12562,6703.314017,0,0,0,1,1,1,1,0,0,1,1
127.4586,59.33902,5,65,18,656,5252.240805,0,0,0,0,1,0,1,0,0,1,0
220.1149,58.11897,4,57,10,32425,5847.68984,0,0,0,1,1,0,0,0,0,1,1
172.4705,54.05623,0,43,14,9339,5260.340951,0,1,0,1,1,0,0,1,0,0,1
230.1051,61.48957,1,81,9,488,5514.318979,0,0,1,0,1,0,1,0,0,1,1
185.0077,68.52825,7,68,16,31795,6253.087064,0,1,0,0,1,1,1,1,0,0,1
92.5018,58.54167,0,89,11,4013,4831.925127,1,1,0,0,1,0,0,1,0,0,0
125.0073,47.10952,0,50,19,2624,4012.731737,0,0,0,0,1,0,0,1,0,0,0
242.6143,48.24454,1,30,9,681,4647.63715,0,1,1,0,1,0,1,0,1,1,1
204.961,58.72868,2,79,14,10489,5174.997026,0,0,1,0,0,1,1,0,0,0,1
220.1615,54.54538,3,61,8,87509,5135.575997,0,1,0,0,1,0,0,1,0,1,1
194.9581,71.26306,4,64,6,1674,6309.858431,1,0,1,0,1,1,1,0,0,1,0
114.9838,54.37898,0,51,15,338,4546.313629,1,1,0,0,1,0,1,0,1,0,0
192.4404,63.63416,1,68,11,836,5590.205755,1,0,1,0,1,0,1,0,0,1,0
162.4526,55.49816,0,52,11,1378,4948.48511,0,1,1,0,1,1,1,0,0,1,0
137.4392,56.47233,1,18,15,4261,5001.371216,0,1,1,0,1,0,0,0,0,1,0
162.4937,59.86596,0,42,15,3209,5270.238451,1,0,0,0,1,0,1,1,1,0,1
142.4827,49.92156,1,46,14,210,4945.75643,0,0,0,1,1,1,0,1,0,0,1
159.9794,68.19713,3,23,12,640,6511.252601,1,1,0,1,1,0,1,1,0,0,0
207.4811,61.04037,4,48,15,77168,5695.95181,0,0,1,0,1,1,1,1,0,1,0
169.9741,47.41689,1,48,10,406,4159.305799,0,0,1,0,1,1,1,0,0,0,0
252.624,71.0956,1,39,14,35575,6468.456752,0,1,1,0,0,0,0,0,1,1,1
217.484,63.35086,1,28,17,12230,5857.586167,1,0,1,0,1,1,1,1,0,0,1
