"Tenure","MonthlyCharge","Bandwidth_GB_Year"
-1.04869377389291,-0.00394236166299573,-1.13843010098377
-1.26193805762254,1.63024437914921,-1.18581654130082
-0.709904305418945,-0.295210055804357,-0.612107142999799
-0.659490986860166,-1.22645974405107,-0.561829053122068
-1.24248907260102,-0.528059299851802,-1.42811305763149
-1.04092309275508,0.288355463187839,-1.07673505207545
-0.805103954010779,0.64023565053897,-0.679587276783934
-1.14441860851159,-1.34303110678202,-1.10407473812901
-0.994797844893312,-1.28440268113354,-0.95157254565422
-1.1762670000087,-0.236175860605213,-1.31953715775429
-0.577048368523458,0.054334738578841,-0.303654072125014
-0.90776891525446,-0.527738479932177,-1.01210724917612
-0.813623448259924,-0.819355543403155,-1.00487745591394
-0.667357185375675,0.287513046013395,-0.66061888679581
-0.925232807257973,-0.294790943013954,-0.828284710742621
-0.781156685538985,0.117037300095639,-0.710351319871819
-0.70884521856533,0.520257570079816,-0.604936592086475
-1.2185750670312,0.699950607117971,-1.14869760190019
-0.658631415473952,-0.468854832804484,-0.713516918780496
-0.821388579057315,-0.528144249482838,-0.658154088055264
-0.532172786347673,0.287674701807982,-0.485985754074606
-1.21431456568234,-1.05090355377936,-1.28048447042243
-1.05410971065514,-1.10985279934747,-1.22604885009068
-0.982581744605359,-0.528059299851802,-1.11973963340018
-1.08746094339107,-0.235495099225356,-1.1538843680189
-1.14844977216667,-1.86688166919522,-1.19802956563037
-0.912168439682888,1.16491752240347,-0.862993394522996
-1.25302303127688,-0.760151076355838,-1.36059016275272
-1.25158731437327,0.640556470458594,-0.976035821600927
-1.1004898945693,1.97997937873699,-0.75377269657727
-0.886558052962783,1.33852259569721,-0.730737007391464
-1.17006125836294,-0.585321475554413,-1.32698999373286
-1.12690424863987,1.33852259569721,-1.0883420976747
-0.51533191975657,0.054334738578841,-0.325621677982201
-1.17440474147646,2.21315768617154,-1.05730683672377
-1.09849605139239,-0.23616251736547,-0.998666326104667
-1.18039263142778,1.33591486557605,-1.14160779382109
-1.03485087735964,-0.759692259859041,-0.938734373281848
-0.933274071576747,0.287353881888358,-1.04258144762391
-0.699017598230907,-0.585681417014646,-0.85216594806942
-0.958527715277624,-0.00388791751898214,-0.952825257615241
-1.1921215173495,-1.51695699999538,-1.14375643810805
-1.15727644951763,1.92154062270056,-1.03727860943386
-0.603810232681213,0.461818814043392,-0.629494695968995
-0.972950589637782,1.63024437914921,-0.905875350656121
-0.91323847118403,1.68944884619653,-0.769530883607112
-0.463967737058017,0.287353881888358,-0.461015885162301
-0.94917303497951,0.521187172401903,-0.996845520552699
-1.01220869920525,-1.57561870224001,-1.2137176018978
-0.868159789992246,-1.86611595818432,-1.14143404111235
-1.17922713821573,0.287703251217974,-1.08267054905681
-1.02814560246445,0.350025937918134,-0.987554253071155
-1.09819555590474,-0.527738479932177,-1.21950059154147
-1.24695865759792,-0.0624116231864423,-1.34511340474803
-0.848861009546339,-0.293959633562646,-0.958985925584145
-0.77674534591334,-0.993471106228573,-0.7100704415275
-0.944021705880091,-1.34303110678202,-0.946330624186623
-1.0510597631082,-0.701142775890715,-1.1139008729758
-0.711168652914116,1.10664903821522,-0.697149641403638
-1.03212638333979,-1.10953197942784,-1.24268294445993
-1.19710683651802,-0.178378744408038,-1.05493830233847
-1.21700398921837,0.520501683835889,-1.22985120572738
-1.0046377084011,-0.469674987959391,-0.904178606623676
-0.842397390623064,-1.8657951382647,-1.05083801994865
-0.941314641157538,-1.05106744509055,-1.05648502267977
-1.00630004054531,0.287323376401335,-0.833617582866042
-1.13659050577244,2.15452926052306,-1.09134746465879
-0.897623232291744,0.814672033284012,-0.946926282478936
-0.842726940574299,-0.469515823834355,-0.724666967925061
-1.22233680338506,0.640556470458594,-1.03972243160004
-0.401045292206369,0.932184106060189,-0.327439450991448
-1.16457801506269,1.92103013316888,-0.972067745626948
-1.00389932475493,-0.877298480485624,-1.17588909353521
-0.958140857894899,1.92143590271954,-0.830288848534426
-1.2157274867015,0.985990196376211,-1.25548017883261
-1.10015783522644,2.27127562228834,-0.798170953815625
-1.26437044512249,0.641322181469488,-1.20086957250317
-0.544050933913384,-0.528303413607875,-0.44218789178915
-0.373536515700491,1.57161595350072,-0.334891933196247
-0.939696312085754,-1.05090355377936,-1.03546294186132
-0.934008537711486,0.348939406987616,-0.741801538556709
-1.00948782394172,-0.0612918156597751,-1.12067368053699
-0.570043082010434,0.461818814043392,-0.679595005260474
-0.763093224558827,-1.2253399365244,-0.68933600884921
-1.22031362956627,0.521187172401903,-1.26326110243706
-1.21650277511221,-0.760727117754672,-1.29489712781049
-1.12980897427913,-1.34226539577113,-1.28059804845961
-1.16493372590194,0.815352794663869,-1.19665109494178
-1.16323734509201,0.348939406987616,-0.914814381001727
-1.14869188262451,-0.877298480485624,-1.37221257863482
-1.22290181630393,0.462139633963016,-1.3648468901182
-0.781728618155567,1.16440703287179,-0.573942865118888
-1.18189210441076,-0.236496680524838,-1.34918064509782
-0.558756209374529,-0.294470123094329,-0.41685722442481
-0.61044909454306,0.287703251217974,-0.530259963521562
-1.12897577903587,1.68876808481667,-1.02202586403757
-1.04866403361619,-1.10953197942784,-1.31009058871258
-0.814953473472702,0.346036751680855,-0.656940114116212
-0.537553037568741,-0.23575674781481,-0.611338359785887
-1.04100550034267,0.229205440284535,-1.06391522917201
-0.758736093858226,1.16517274388268,-0.725854369248553
-0.884597512660519,0.229205440284535,-0.912755646000823
-1.2095380891913,1.10696985813485,-1.1824084057846
-0.654244484518703,-0.062570787311479,-0.689064732412833
-0.443747633301661,0.753056002697731,-0.502248205780115
-1.16107951546388,0.753056002697731,-1.17421119844663
-0.898354383228042,1.68836231526601,-0.603935610915644
-0.810778862477463,-0.00352797605874902,-0.894866796376496
-0.747322662130173,-0.0039138122530037,-0.653920392089845
-0.947435526633971,0.520501683835889,-0.946406221307907
-1.10912802231579,-0.819355543403155,-1.22976722635051
-1.05693639945621,0.462139633963016,-1.1456988591023
-1.18562727058212,-0.295125106173321,-1.37979573702717
-0.629509700232575,-1.40114904289882,-0.817213115084462
-0.809448127437679,0.0544196882098774,-0.897330697297694
-0.422795621510622,-0.236876555341476,-0.520977331030386
-1.06698983043457,-0.818320685507524,-0.933076700137086
-0.829828453935984,2.3870835793849,-0.773755533196031
-1.03641896970134,-1.05215397602107,-0.961702886177993
-0.952283839924959,0.873555680411706,-0.910207360128187
-0.459403584951584,-0.586087186565307,-0.360792447233045
-1.12417665354201,1.63082042054804,-0.977467042196407
-0.925742425610012,-1.34226539577113,-1.103442839647
-0.997223189373984,0.350025937918134,-0.935559035641587
-1.00341617882819,-0.52705771855232,-1.03650713276191
-1.03222370432852,-1.1099377489785,-0.971267261885337
-1.13067523479219,1.10696985813485,-1.0770153826676
-0.925502675771316,-0.00317387954297572,-0.851686526723219
-1.14794356926621,-1.2253399365244,-1.09875216365489
-1.13290604299421,1.10696985813485,-0.982954168561367
-1.07556216088577,-0.760536912550092,-1.02046120744389
-1.20243021013678,-0.295125106173321,-1.28825900276121
-0.981402466378885,0.287002556481711,-0.892038285160668
-0.937220724559538,1.8632330169717,-0.830612322503723
-0.947063863482172,-1.40114904289882,-1.146482211563
-0.986201924247258,0.171262503202066,-1.06497167516941
-1.06493676435213,0.694373132905233,-1.11676214402718
-1.03145353771486,0.578619619952689,-0.909674048571304
-0.752033602453024,1.92186144262019,-0.671044379252642
-0.862601173274484,0.0547690575394932,-0.72636891537433
-1.14939231832138,-0.0612918156597751,-1.23169064752881
-1.19648616295119,0.461438939226753,-1.31749005930667
-1.18076934887309,0.229046276159498,-1.22407001066992
-1.11061026518415,-0.760536912550092,-0.951289797996936
-1.18324523500314,-0.818833946148334,-1.1773798029909
-1.20232210998817,1.04435224624908,-1.14868960650315
-1.18541813796093,0.873555680411706,-1.22068708996621
-0.705907284669808,-1.57558542564386,-0.715268026186317
-0.861811898208558,2.09546651591392,-0.788974736665513
-1.04072466116364,-0.468909276948497,-1.03784090975624
-1.09533672888232,0.0547146133954796,-0.950032808352294
-0.756187425765395,1.10596827683537,-0.803159409715688
-1.08233611594956,-0.236876555341476,-1.11677795168808
-1.18237913184705,0.287268932257321,-0.981214912645504
-0.590454386009775,1.04461862202469,-0.536351487502949
-0.76655297130914,1.10596827683537,-0.788515623334018
-1.00375290090629,0.34970511799851,-1.0992960695716
-1.07991352428921,0.0544196882098774,-1.1093970378576
-0.551124130865723,1.8632330169717,-0.550077566144737
-0.743801019372466,-0.992019906651665,-0.890767104753636
-1.20735350506011,-0.236175860605213,-1.31043471673684
-0.854787358252499,0.229205440284535,-0.959074466496501
-1.07980396682075,-0.761237607286355,-1.00533276335169
-0.894398393656541,0.641322181469488,-0.774366697405067
-0.700481891930273,0.699950607117971,-0.581920430700295
-0.828022022484769,-0.295125106173321,-0.985642829999185
-0.984445306277123,-0.528059299851802,-1.16470816187613
-1.00146281689261,-0.527792924076191,-1.04306494164707
-0.849092430546462,-0.818641505427149,-0.809637437147197
-0.919327914084704,0.350025937918134,-0.875218905405543
-0.719381167214918,-0.177898760363377,-0.570909927484583
-0.780777289999949,-0.294804286253697,-0.855743578791102
-0.568662816021139,-0.00378319753795905,-0.64868202757933
-0.926839329565754,0.752735182778106,-0.975229658076568
-1.02808031278813,-0.585681417014646,-1.12233066151417
-0.827391581894973,-0.236442236380823,-0.931351983677976
-0.970982885377143,-1.22645974405107,-0.885671837180201
-1.16569821745435,0.814672033284012,-1.12330615724538
-1.19313540743386,0.52102328109071,-1.17248354188084
-1.09684009260222,0.0547405081295012,-1.21470340076956
-0.713995249857438,1.57161595350072,-0.736965396656576
-0.435597942661768,1.57161595350072,-0.424548687195284
-0.653364051706272,-0.760117799759689,-0.457667366772734
-0.813639192275882,1.57161595350072,-0.790808086062524
-1.11265878285245,0.870182239279653,-0.896320535214741
-1.17250745874853,-0.586087186565307,-1.17551561638219
-1.00006636106155,-1.51663618007575,-0.880423127612599
-1.23475703467991,-0.468588457028874,-1.28200776500041
-1.09437791070927,-2.15741220173568,-1.36078701595975
-1.04066965792818,-0.701908486901609,-1.01146520400842
-1.25241968418265,-1.28508816969955,-1.21674100562414
-0.865117292187514,1.10628909675499,-0.765648699932651
-1.19356931715759,-0.469674987959391,-1.00049894150462
-0.91781466047407,0.0544196882098774,-0.975295752132406
-1.15848082748422,0.694373132905233,-1.21290948358002
-1.18364471683125,0.873300458932495,-1.12558408815913
-0.705263729108995,-0.760205520499851,-0.770480710582492
-1.08354030218345,-0.760536912550092,-0.928366951249636
-1.16362575864849,-0.819355543403155,-1.33631205170472
-1.19581098639353,-1.63356163932248,-1.29689935936067
-1.24990733831971,1.8632330169717,-1.17931308393709
-0.603732238689786,0.52102328109071,-0.633799110080219
-0.837093014123019,1.62973388961752,-0.59665208028257
-0.769739309109009,-1.05176813982682,-0.897627180858838
-1.15969765336597,-0.993139714178332,-1.17606128869669
-0.635336903463919,1.57161595350072,-0.61005065300487
-1.19060055044927,0.0547405081295012,-1.26975954921837
-1.0853158604332,-0.0624116231864423,-1.20526708251848
-1.129870254851,-0.235495099225356,-1.14294332472062
-0.853283926499629,-1.22645974405107,-0.801925323158903
-1.13452531023266,-0.819355543403155,-1.22710552466136
-1.00169483245322,0.81136360842659,-1.05254240871608
-1.25210894294532,-0.527458760916824,-1.20593879553623
-0.555576403722711,1.22380116953117,-0.499013132036118
-0.706278472006827,1.39750039067531,-0.453455973518524
-0.702522073158761,-1.28432245868866,-0.849566205524988
-0.85393594250253,-0.818641505427149,-0.84919970029156
-0.699335939193072,1.10628909675499,-0.566771631460168
-0.500424741056195,-1.1099377489785,-0.449891524084469
-1.11825957619006,0.637248045601172,-0.937850144319404
-1.20207995097316,-0.295210055804357,-1.0736706184625
-1.11761418861755,1.68876808481667,-1.00117477479016
-0.916757931894943,1.92186144262019,-0.812445677414256
-1.20804826932616,-0.877298480485624,-1.39447159432134
-1.04301275838022,-0.295210055804357,-0.899307886323325
-0.92753143468446,-0.760013079778666,-0.88775522148641
-1.07742628088923,0.170522570492038,-1.18832742915373
-0.965138723520156,-1.05141404331104,-0.941954042697243
-1.11389258577677,1.39750039067531,-0.910694791377482
-0.851078540504158,0.521187172401903,-0.890106253885667
-1.11473034667877,2.21264719663986,-0.791577672829329
-0.618450224100786,-0.527792924076191,-0.77092589444357
-0.726323246979789,1.10588332720433,-0.553970442655441
-0.697927242684569,-0.352588059211129,-0.831310242968918
-1.00793228876879,-1.05138826501018,-1.08125102894192
-0.412112745855851,-0.760151076355838,-0.467743334771048
-0.327599401417267,1.9213509530885,-0.0377167303732505
-0.950002033885851,0.520257570079816,-0.80953269201418
-0.819923473046595,0.170941683282442,-1.02784373753223
-0.678171655091572,0.0547690575394932,-0.532227272415926
-0.535929891997378,0.348939406987616,-0.402680951156468
-0.851525081820704,-0.062570787311479,-0.958659221387133
-1.19746963844208,-1.34183985587048,-1.42266832609481
-0.76854537781434,-0.469515823834355,-0.661034939118904
-1.11729350881888,0.814672033284012,-1.16375339135733
-0.431291934254335,-0.585000655634789,-0.577030473178957
-1.06716117870324,0.64023565053897,-0.882401054296125
-0.824033205399596,-0.817989293457283,-0.920151804456054
-0.85169858214721,-0.876617719105767,-0.980972738460446
-1.22082797834617,-0.586421349724675,-1.29683478198804
-1.2458009818616,0.579130109484372,-1.2429094777808
-0.76735852625936,-0.235075986434952,-0.800991615289813
-0.72779410043369,0.87387650033133,-0.72318715937822
-1.14927535724757,-0.294790943013954,-1.06425409465699
-0.937314976009718,0.408654363566618,-0.859476505718979
-1.25978157938855,0.699184896107077,-1.00800671190079
-0.857074092238185,-0.877298480485624,-1.04256927398063
-1.21428832031093,-0.701489374111205,-1.05891900315343
-1.05104741945479,-1.3419445758515,-1.16141938105463
-1.05801484072452,1.39717957075568,-0.870941539818199
-0.905879086882437,1.63013965916819,-0.797617191013936
-1.17786778168038,0.694373132905233,-1.13812816804357
-0.966875165650318,-1.10917203796761,-1.23905920238632
-0.918554294920888,0.0547690575394932,-0.791567551083069
-0.739746279893037,1.22303545852027,-0.437364362374682
-0.405888996651486,2.3870835793849,-0.327004449280378
-0.872419149113351,2.67837982293625,-0.738130114999808
-0.888150751228882,0.117037300095639,-0.868361145234959
-1.02486935953395,1.10588332720433,-0.755786116411714
-1.21447639012983,0.579651706739193,-1.22985064456741
-1.22968531791699,0.520447239691875,-1.29679089221276
-0.962750380464535,0.0584088744471562,-0.965573363423011
-1.23281477232853,-0.585576697033624,-1.42064241934128
-0.86042582124335,-0.876617719105767,-1.03547221841271
-1.20791453825841,-0.352588059211129,-1.37204673968655
-0.94574843132185,1.92154062270056,-0.956443348323318
-0.945187954980369,-0.819355543403155,-1.1082592608216
-0.431954204742648,1.45621376595483,-0.397865038105522
-1.11262885432219,-0.58600223693427,-1.23981180865278
-1.04557651784146,1.39750039067531,-0.848961693507523
-0.504774785210029,-0.819355543403155,-0.654565027297049
-1.24568991303265,-0.993791926148197,-1.24292918656286
-1.16280077368718,1.63024437914921,-1.12711599091187
-0.86765362396346,0.348939406987616,-0.706017982432501
-0.866147737502491,1.39783178272555,-0.637745209157145
-0.519836070870598,-0.294444344793463,-0.683415178538558
-1.15666974940785,-0.295210055804357,-1.09824603254916
-0.875283982928633,-0.818235735876488,-1.09720025586715
-1.24996428043799,1.68844726489704,-1.11578191648598
-0.823281728527246,-1.28508816969955,-0.739718667682359
-1.06917525777368,0.870182239279653,-0.958813850864077
-0.588906172000908,-0.061726134620428,-0.753187289533192
-0.941121186410192,0.578565175808675,-0.775124562641494
-1.10898114314924,-0.817554974496631,-1.24782587356512
-0.835946234325795,0.811553813631169,-0.689237985463596
-0.998059489401331,-0.293959633562646,-1.11364494188285
-0.743429027287514,-0.585576697033624,-0.890560631471783
-1.09584643757942,-1.05106744509055,-1.19788364994323
-0.611531649555742,-0.760151076355838,-0.664683943733142
-1.01721924408265,1.10628909675499,-1.01898251316316
-1.13778433443149,0.985669376456587,-1.20874522877025
-0.883299886115476,-0.759771201539198,-0.960978307982864
-0.770908051188294,2.27127562228834,-0.483783944559225
-1.18419670062393,0.694373132905233,-1.20006142901716
-0.668489304995088,-0.00350804270234356,-0.760768856378302
-1.16066210061467,-0.818674782023298,-1.25518639605117
-1.07128127256405,-1.57561870224001,-1.17573923741871
-1.14621575957031,0.0546098934144565,-1.04537815169027
-1.14098445142196,-0.759771201539198,-1.23941137133924
-1.15326799102377,-0.643546437028736,-0.95678041222075
-0.930687537484276,-1.3419445758515,-1.05858897812308
-0.934251078943942,-0.00326160028313823,-0.965031127212332
-0.958371691935781,-1.10953197942784,-1.10039516729625
-0.969376937964949,0.0551203829461404,-1.05435587612785
-1.0159549819785,-1.86611595818432,-1.28555448282267
-0.833844672158845,-0.760536912550092,-0.738393844628493
-1.21256905153191,0.462139633963016,-1.14032079948398
-0.772481046744184,1.10596827683537,-0.777362125226952
-1.03064985645078,1.39715102134569,-1.02892994427333
-1.15444864151943,0.873981220312352,-1.14675668271701
-1.18784436501713,-1.34252061725034,-1.38153635422387
-0.788368228796036,-0.527373811285787,-0.982481998410574
-0.750797211628771,0.287833865933019,-0.836227983926406
-1.08053448186247,-0.934842680580089,-0.932570050886177
-0.861467314446543,0.407567832636099,-0.650215168517391
-1.08051643879361,-1.86611595818432,-1.26690225730966
-0.441265365233086,1.10588332720433,-0.160979552184243
-1.25243894810102,-1.51663618007575,-1.15665757754404
-0.508395282629037,-0.0618900259316222,-0.617869783215593
-0.885775752505003,1.16559828378333,-0.649193966734247
-0.937566262031052,0.640556470458594,-0.748959082071984
-0.843648095976814,2.09546651591392,-0.747544842251413
-1.21402223566337,-0.468750112823461,-1.2974586316706
-0.789075513359182,0.698864076187453,-0.54317954229994
-0.976611802045636,-1.05130932333002,-0.888273927691542
-1.12249206826441,-0.294385173463293,-1.27364126929406
-1.06043515110601,-1.1099377489785,-0.993568873929006
-1.26252606012505,1.86291219705208,-1.21141192337831
-1.01478615488637,-1.57526460572424,-0.993865604138788
-0.786446684733143,0.753001558553717,-0.741716364238107
-1.09050056720949,1.68876808481667,-1.00254537930912
-1.05272380394253,-1.80716671261621,-1.20260192500278
-0.947326162410902,-0.062570787311479,-1.08448794683065
-1.12063292328982,0.811553813631169,-0.96458336566706
-1.20520355069222,-1.34226539577113,-1.41967914177823
-0.988715746073871,1.39750039067531,-0.76591100961565
-0.756078598356091,1.22271463860065,-0.410795129424107
-0.790296577668285,0.931852714009948,-0.513245307142999
-1.25721526462572,-0.468750112823461,-1.29260535908444
-1.17840493451321,-0.877298480485624,-1.37843705895374
-1.10155018706995,0.640556470458594,-0.895043218793622
-0.965279871240158,0.578565175808675,-0.704636483731473
-0.890634606859404,0.461818814043392,-0.951969097176334
-1.00972958712512,-0.236442236380823,-1.15739963457044
-0.771337479509786,1.16517274388268,-0.703588463141735
-0.750935841183577,-1.34303110678202,-0.738531820059892
-1.10191559428981,0.228725456239874,-1.202629302361
-1.19938309437225,-1.80748753253584,-1.4118565008742
-1.21169621572149,-0.0039138122530037,-1.0124762176927
-1.22811487788959,0.117037300095639,-1.07642544076636
-1.07495519779586,0.815352794663869,-1.05806392906678
-1.11847063729437,1.10596827683537,-1.197449494388
-0.921208869051884,-0.818674782023298,-1.06656251724554
-0.840696929499086,-0.294804286253697,-0.941720872331499
-0.3645332473069,0.229150996140522,-0.478744367868814
-0.940353493413183,-0.993106437582183,-0.869710049249773
-1.01586425564949,-1.40046828151896,-1.1280919745864
-1.1069722096628,-1.05106744509055,-1.23800506147832
-0.791694015269142,-0.236442236380823,-0.884012564521428
-0.838666326208054,-0.411312938086518,-0.663567822493354
-0.610860186864414,0.520501683835889,-0.672125139131507
-0.98430905791397,0.46255874675342,-0.985011020978785
-0.461004011142502,-0.236876555341476,-0.408711615158318
-1.24738359956314,-1.51699027659153,-1.4139770317009
-0.822206422674871,-0.701908486901609,-0.698695326186741
-1.21009077914272,-0.177133049352483,-1.13648303645138
-1.03848340980668,-1.10885121804798,-1.19040895444307
-1.1446342820544,-0.760013079778666,-1.1147593422107
-1.1240838094931,-1.40114904289882,-1.25979128737226
-1.10884791149414,0.931418395049295,-0.832974965235549
-0.0927719615305364,0.229046276159498,-0.133812288721426
-0.883321064827181,-0.295210055804357,-0.820307603222971
-0.670352324067071,1.68876808481667,-0.550804002212727
-0.639303855456984,-0.527373811285787,-0.826269304906152
-0.655668762051454,0.287408326032372,-0.715721511444335
-0.643072480574168,-1.86688166919522,-0.698017918285308
-0.911990450088188,-0.528144249482838,-0.765931583498369
-1.1804951408851,-0.120354560268911,-1.29782128126872
-1.19247012420829,0.579651706739193,-1.07864552424599
-0.690760105025178,-0.468909276948497,-0.82913816308015
-1.19052485823358,-0.236175860605213,-1.23033686023703
-0.724899637675233,2.09546651591392,-0.709324353191556
-1.08101265351669,0.408654363566618,-1.01820144098972
-1.07921246793806,0.346717513060712,-1.09140959220183
-1.03571222883467,0.931852714009948,-0.86562714300485
-0.967149477521892,-1.57558542564386,-0.909519441059359
-1.14601811593602,1.39750039067531,-0.938102558312594
-0.935170077750573,-0.701522650707354,-0.979912055048586
-0.89332365581704,2.44539118511376,-0.769407697484333
-1.24269252671961,-1.40114904289882,-1.47483176759702
-0.980029048802066,1.10596827683537,-0.975056973370164
-1.25708239113639,-0.760857732469717,-1.18857344822041
-1.25350427178893,0.287674701807982,-1.22591112945328
-1.18903819647465,0.873555680411706,-1.1164397586524
-1.21349946822929,-0.702229306821233,-1.19605466352725
-1.18133305267733,-0.293959633562646,-1.26543171927383
-0.0838959836118498,-1.05122437369898,-0.207762551231785
-0.796448362818157,-0.236876555341476,-0.835740780563979
-0.577910747451334,-0.00388791751898214,-0.687641361101389
-0.977017569454292,1.92186144262019,-0.902198573588234
-1.16278559099047,0.287703251217974,-0.978181893557659
-0.916988992498084,0.0554545461055076,-0.83375308769262
-1.14847892506816,-1.40114904289882,-1.32334584223946
-0.877559050716483,0.520067364875237,-0.836725957002574
-1.10697259414927,-0.00420873743860585,-1.19217107537413
-1.10694771628209,0.641322181469488,-1.04001139535213
-1.0630030196223,-1.05173486323067,-1.02345872422873
-0.601798702445638,-0.585576697033624,-0.639270677903977
-1.11944538365266,0.812064303162853,-1.13037622377796
-1.06645158022507,-0.062570787311479,-1.22393513733707
-0.654386310753152,-0.469620543815378,-0.5347131749448
-1.18320216113474,-0.236686350136897,-1.02899429348454
-1.06221845683202,0.640556470458594,-0.848876452836319
-0.729981563391779,0.229046276159498,-0.813527376296842
-1.02264111472638,-1.10953197942784,-1.20510405266482
-1.03268807020671,1.33852259569721,-0.949334281561595
-0.86326732909187,-0.585681417014646,-1.00799365553909
-0.926237204153005,-0.701908486901609,-0.880919290864342
-0.607515197245019,-0.469110054283694,-0.548963793787067
-0.680889425003761,-1.57449889471334,-0.834609292061525
-0.782559834656777,-1.34268450856153,-0.922642774950923
-1.11562336490934,0.287674701807982,-1.1809763254882
-1.20566218266576,-0.877298480485624,-1.44103198263082
-1.21026926678865,0.229727037539356,-1.24271331409171
-1.17298114537007,0.462139633963016,-1.18559314197352
-0.870537435535103,-0.527738479932177,-0.950075768230177
-0.891084032486329,-1.80716671261621,-0.971092741271071
-1.09748787006432,1.68944884619653,-0.939292906149228
-0.769826516859198,-0.0624116231864423,-0.808834651656696
-0.917002990120265,0.812064303162853,-0.911322121368432
-1.1784260747271,1.68876808481667,-1.02651291757594
-0.953687471210803,-1.05130932333002,-0.917645297842587
-1.26137547940652,0.229205440284535,-1.30335651802935
-1.03103066222737,2.21264719663986,-0.726869409391777
-0.660180638443103,-1.574933213674,-0.857364214558425
-0.894986334252453,-0.178057924488414,-0.66816419674867
-0.682429822217618,1.57161595350072,-0.689165245622643
-0.895349067954463,-1.1099377489785,-0.756704541674907
-1.12204935505966,-1.05215397602107,-1.06727694440774
-1.24081160340534,-0.0612918156597751,-1.43752434209825
-0.484634333346857,-0.0612918156597751,-0.675198899174698
-1.1744291168678,0.171262503202066,-1.28968843028057
-1.23328384049866,-0.877298480485624,-1.42743174302612
-0.959172596403501,0.461438939226753,-0.987677144039256
-1.02367168979184,-0.00429368706964294,-0.841794264827335
-1.11691233685929,0.932504925979813,-0.975889479335193
-0.9051850583481,0.0584088744471562,-0.963037243871991
-0.750443588823006,-0.294804286253697,-0.858316263201968
-1.09994029378351,-1.40046828151896,-1.28236621338056
-0.854786718387131,0.170941683282442,-1.08491489745425
-0.947857235123503,1.86291219705208,-0.97227471678212
-0.780022300296983,-1.80748753253584,-0.972792198896143
-0.776400132874745,1.57161595350072,-0.693036379529621
-0.797397085753609,-1.57449889471334,-0.847119811623476
-1.18545816403562,0.228884620364911,-1.21177902358866
-0.754281813291286,-0.528144249482838,-0.626378715993837
-0.653370129670926,-0.644205122682107,-0.898695239476832
-1.20128748444635,0.348939406987616,-0.965127407126123
-0.547772575062885,-0.993471106228573,-0.519639292368581
-1.00308028271341,-0.993139714178332,-1.11529751297456
-1.26437579737696,0.461438939226753,-1.32367697705141
-0.750298359049366,-0.00420873743860585,-0.837421919379599
-1.14928718152089,-1.28400163876903,-1.19702998902973
-0.962050248817171,-0.294804286253697,-1.04045210750543
-0.946660492278559,-0.119695874615541,-0.737039522580507
-1.1024982419663,-0.993471106228573,-1.0549700499994
-0.782976602568819,-0.760151076355838,-0.842423346526983
-1.20741303088062,-1.10953197942784,-1.28979852425702
-0.816321456089054,1.92143590271954,-0.731354260938965
-1.11819403378204,1.33852259569721,-1.04734012034417
-0.216599269127405,0.229046276159498,-0.113987531457319
-1.03428930095648,1.92186144262019,-0.92003111456393
-1.08974753752911,-0.00388791751898214,-1.0530571136305
-1.15606173118298,-0.818320685507524,-1.14419079940211
-1.26661274979919,-0.120354560268911,-1.30610506900557
-1.22225008589578,-1.05090355377936,-1.32450652002955
-1.16120913630425,2.67837982293625,-1.0419028302747
-1.20580624695413,-0.120354560268911,-1.31314544485365
-1.09304763628179,-0.17781381073234,-1.1123225355738
-1.24387232156552,1.63024437914921,-1.14787289849781
-1.22958951123848,-0.992439019442069,-1.29365830477615
-0.924894692111277,1.97965855881736,-0.608492568064429
-1.04340607931077,-0.993106437582183,-1.00456050417664
-0.716965915967535,1.39715102134569,-0.649622374827076
-0.823485371353173,0.229205440284535,-0.899201318095362
-0.981444664554477,1.10628909675499,-0.994930757428015
-0.78146398806721,1.8632330169717,-0.694438320780976
-0.898038617988703,-0.702609181637872,-0.7259132029569
-0.667290668118402,-1.80825324354673,-0.664780152718289
-0.665753220638511,0.872789969400812,-0.510893358620228
-0.855027894308748,-1.86688166919522,-0.924340417717924
-1.19910317059399,0.520342519710852,-1.19284356915608
-1.11279173568206,-0.993106437582183,-0.991169522192026
-1.12389802772232,1.63013965916819,-1.07307242229756
-1.09169883370548,0.578970945359335,-1.14345983232083
-1.20548301752644,1.62973388961752,-0.998626867356158
-0.595862417674065,-0.761237607286355,-0.486171965559773
-0.812340256502763,-1.40114904289882,-1.01996947563076
-1.24766168043838,0.229727037539356,-1.21512719950728
-0.963839886525308,-0.527112162696334,-1.03302377627501
-0.921711790751478,-1.51663618007575,-0.837894874321514
-0.973187917139819,-1.86688166919522,-0.995753991417697
-1.24734534998463,1.22303545852027,-1.00665531211292
-0.789183213818842,1.39717957075568,-0.572892286521934
-1.11033974251058,0.815352794663869,-1.15549722973231
-0.807303934807843,0.0584088744471562,-0.828869996063993
-1.24679135954089,1.63013965916819,-1.22073415972427
-1.03241110920932,0.287353881888358,-1.03801572049153
-0.514652154698642,0.228640506608838,-0.347107428954301
-1.03231846343547,-1.28400163876903,-1.10950654445335
-0.532753789774371,-0.759771201539198,-0.590765806407136
-1.19541223980552,-0.528303413607875,-1.15774840727685
-0.938507644704798,-0.352908879130753,-1.13083204327476
-1.2323322486822,-0.468396016307687,-1.20815614295487
-1.24887439881558,-0.759771201539198,-1.31312298143186
-1.23358704962811,-0.760857732469717,-1.21547920125164
-0.715504666166719,-1.28508816969955,-0.569008940075321
-1.22685454899096,1.45570327642314,-0.955176306488247
-1.23829426806741,-0.527373811285787,-1.41851264262267
-1.22812724582157,-0.52705771855232,-1.25244430470669
-1.21311737712503,-0.527378538471944,-1.25028928219577
-0.896500122975083,-0.0039138122530037,-0.794657697930978
-0.978553417232946,-0.819355543403155,-1.0532102508603
-0.969919855485558,0.579130109484372,-1.03245713557725
-1.21646729858617,0.753001558553717,-1.24425999686371
-1.04807936975872,-0.236175860605213,-1.17202090280086
-1.10875994354456,-0.294824219610102,-1.21850826847002
-0.948301374222088,-0.061726134620428,-1.01983488830051
-0.903636947201751,-0.993525550372587,-0.765193935213422
-1.1708685808467,-1.22569403304017,-1.26562026769765
-1.23701071700996,0.170522570492038,-1.38314499737612
-0.967895994076224,-0.120354560268911,-1.00451489019467
-1.02773902206374,1.57161595350072,-1.01958839387465
-0.749230107599221,0.520501683835889,-0.796651019791023
-1.03819430611596,1.68879663422666,-0.870839049758447
-1.24525753403177,-0.760013079778666,-1.19769065772548
-1.00109694047597,0.578885995728299,-0.724858765384124
-0.739885459308508,0.408654363566618,-0.663475381878407
-0.444590131022607,0.578565175808675,-0.249230046521533
-1.21038222352297,-0.527458760916824,-1.13664566388795
-1.08198285516692,0.753435877514369,-1.1068942315686
-1.01094396499239,-0.468588457028874,-1.05003605906083
-0.532378841526545,1.22271463860065,-0.208482028055816
-0.912321607644436,0.698864076187453,-0.690240558181671
-0.874492565523872,-1.05173486323067,-0.72477183111995
-1.01811560231968,-0.236175860605213,-1.16573302453826
-0.819580205319734,-1.57561870224001,-0.996307913465631
-1.25232153764658,-0.062570787311479,-1.37730010487304
-0.970056617215872,-0.29550498098996,-1.07470677429176
-1.07827627066973,1.04429780210507,-1.16286373822981
-0.953745601882788,1.68879663422666,-0.746016493344042
-1.12029697695393,0.11323831906294,-0.934255934141655
-1.23402541866889,-0.236581630155874,-1.07093075706882
-1.10887597874226,-0.586087186565307,-1.0216760695926
-1.25368136682008,-0.877298480485624,-1.39756076436743
-1.25320629571443,-1.05215397602107,-1.16255711576225
-1.20411584086817,0.287674701807982,-1.2462105364878
-1.09725377652959,-0.818674782023298,-1.13583350135619
-0.678580267367369,0.228640506608838,-0.64539913923499
-0.769577411069436,-0.00320715613912464,-0.776320715186807
-0.896678177615198,-0.23575674781481,-0.95473977134566
-0.548622682341121,-0.819355543403155,-0.659615635450776
-1.04260539758578,1.10588332720433,-0.805597848169001
-0.992758580578283,-0.294123524873839,-1.11551236000057
-1.04902615229867,-0.294824219610102,-1.11407761338205
-1.16931611509885,2.3870835793849,-1.06840035345127
-0.920232144821333,0.520067364875237,-0.967750403283194
-1.15447122271618,-1.10953197942784,-1.40240997365752
-1.1179423344576,-1.86688166919522,-1.006158181486
-1.08314348543998,1.33591486557605,-0.979357900537742
-1.26466183001644,-0.585576697033624,-1.43286064168792
-1.03297138466635,0.170522570492038,-1.14981446546544
-1.22473711214996,0.0554545461055076,-1.05786362428891
-1.00573631794596,0.753056002697731,-0.974849529509901
-0.772860233532816,0.873300458932495,-0.768392179602373
-0.956528516631797,0.287408326032372,-0.973589890337213
-1.04279511509583,0.64023565053897,-0.931701307705876
-1.18704173533321,-1.34268450856153,-1.37567488258505
-0.857169958592076,-0.876617719105767,-0.957891487001939
-1.18792783742087,-1.86611595818432,-1.42488799827982
-1.11715549186332,-0.818320685507524,-1.08819635761603
-0.874097202469805,-0.818320685507524,-0.860856992657225
-0.724056978853432,0.815352794663869,-0.7308263395014
-1.16290081542732,-1.34252061725034,-1.30012476548477
-1.105148228429,0.814672033284012,-1.07102601057649
-1.19813115289089,-0.877298480485624,-1.29272037761373
-0.787498827610466,1.57161595350072,-0.81375972617834
-1.12533556075444,-0.527792924076191,-1.19924882050439
-0.754567085466667,-0.877298480485624,-0.944120913220333
-0.652192310352618,0.753056002697731,-0.669600337046399
-0.696002045867782,-0.527373811285787,-0.707689800309128
-1.21351670428119,-0.761237607286355,-1.13607499270433
-1.08547640779715,0.582259436860352,-1.05593726227176
-0.693724050658057,-0.469110054283694,-0.819151408672297
-0.758830847632973,-0.760727117754672,-0.89566123333683
-1.24879873980331,1.33591486557605,-1.21843334480477
-1.01307610319402,-0.702174862677219,-0.96191470610677
-1.15025389734191,-0.295210055804357,-1.00321958489669
-1.20863428128769,1.57161595350072,-1.19777469869588
-1.13776003119518,-0.00429368706964294,-1.01309191264046
-0.837321954699414,-0.0618900259316222,-0.947765859343338
-1.06378937970817,-0.527738479932177,-1.17644220274089
-0.926294328398452,-0.877298480485624,-1.10102953958631
-1.20658566279899,-0.294804286253697,-1.28348968269056
-1.16216122291967,1.39750039067531,-0.858087863817123
-1.18659163448192,-0.527738479932177,-1.31411798391291
-1.17392558067812,0.287323376401335,-1.03151844851737
-1.08746427534249,0.229727037539356,-1.17254912538772
-1.19294727907409,-0.295125106173321,-1.33395795720151
-0.959657113654003,-0.586421349724675,-1.12022003900716
-0.874966443689033,1.63024437914921,-0.866125985986513
-1.25102905611828,-0.235761475000967,-1.31212432900857
-1.0733375420954,-0.00388791751898214,-1.07871677687345
-1.07946695037432,-0.759692259859041,-0.965736249909292
-1.2269075372934,-0.643546437028736,-1.11700731881419
-1.03679544613826,-0.526372229986305,-1.14296491979276
-1.19067335423251,2.3870835793849,-1.07398822777697
-0.724282447441681,-0.992439019442069,-0.714968953958479
-1.15799131591813,0.578970945359335,-1.1684940805547
-1.16053670863393,-0.527216882677357,-1.2374157916603
-1.11122773976449,0.287674701807982,-1.12787715318622
-0.580415799567598,0.814672033284012,-0.622833569675768
-0.837890506088895,-0.759771201539198,-0.984054218743301
-0.765495479959064,1.10628909675499,-0.791575244781693
-1.16311032054697,1.63024437914921,-1.15990229579893
-0.960525212342942,-0.410612243350255,-0.801767034679152
-1.20417356553575,-0.760013079778666,-1.09866955256019
-0.383157517759391,1.68876808481667,-0.22718204236029
-1.12882967300216,0.348939406987616,-0.913375025577219
-1.15193284669896,-0.294804286253697,-1.25930858294507
-0.551088164154403,0.461438939226753,-0.603875974112009
-1.14529731633473,-0.00429368706964294,-1.09389427338522
-0.775367263861693,0.753001558553717,-0.788327696290881
-1.26626963757626,1.16491752240347,-1.15028585544691
-1.13613680008153,-0.295125106173321,-1.29655100829072
-1.20100121976113,-0.294804286253697,-1.29145565125567
-1.06525578549269,-0.468396016307687,-1.0132654613035
-1.01265947365476,0.350025937918134,-0.994429835093081
-1.04449713091869,0.287674701807982,-1.09472173655248
-0.85936631386356,-1.05122437369898,-0.987716459100061
-0.520786655920158,1.10596827683537,-0.524810227534339
-0.905854749308193,-0.236175860605213,-0.983328776133928
-1.10675728020929,1.68879663422666,-0.864718312785537
-0.232115035805111,-0.236581630155874,-0.0654024355459986
-1.21298460177108,-0.527216882677357,-1.20233116405748
-1.03173380090161,-0.585576697033624,-1.22833733916777
-1.23472008684169,0.287323376401335,-1.06042432816545
-1.02962542730731,-0.00350804270234356,-1.16442384459084
-0.880433490075705,0.640556470458594,-0.651804201226699
-1.05096887212353,-1.86688166919522,-1.06445508218026
-1.07911746509988,0.985990196376211,-1.1125317757134
-0.675052108344795,-1.05176813982682,-0.802245905069952
-0.916813990454452,-1.22537321312055,-1.00283383283258
-0.578953178518659,0.872789969400812,-0.379513450924808
-0.8764734994548,-0.701489374111205,-0.743990105465506
-1.2358639110433,-2.15741220173568,-1.39981618838699
-0.743615987477009,-0.818674782023298,-0.83797067782227
-1.22185561256468,-0.877298480485624,-1.40409828097947
-0.680295773269085,-1.57561870224001,-0.800085447411462
-1.16570456384479,-1.63356163932248,-1.3663229503379
-1.10670561614832,-0.236175860605213,-1.12578900810368
-1.03040801793571,-0.294123524873839,-1.13740017653331
-0.783681917617286,-1.86688166919522,-0.757328910966987
-0.703549125145164,1.92186144262019,-0.643117936314272
-1.17234263075334,-0.294385173463293,-1.30887395737469
-0.932958132530006,-0.0624116231864423,-1.08812963023605
-0.936619411155606,-1.05054361231913,-1.15364329958852
-1.09744141213253,-1.80716671261621,-1.18861155580113
-1.04096577211547,-0.876617719105767,-1.11772375797033
-0.567931543313771,-1.40114904289882,-0.750742345321637
-1.02885729574537,-1.86688166919522,-1.11560949494772
-0.969620452798698,-1.05215397602107,-0.916145944564767
-0.632392637094645,-0.993471106228573,-0.507322536590738
-1.00891867129813,-1.40046828151896,-1.26621953296318
-0.897103634384624,0.931852714009948,-0.577718353809035
-1.01076283430919,1.10696985813485,-0.953819007725246
-0.943156252913435,-0.528303413607875,-0.841042010733033
-0.949111735083098,1.39758534030634,-0.944391325242465
-1.00242178599372,0.462139633963016,-1.10156631937083
-1.086723597484,0.520257570079816,-0.864258113559387
-0.434804702094514,-1.34268450856153,-0.520983099130734
-1.20269778447562,0.46255874675342,-1.28412519308791
-0.590121408316402,-0.469110054283694,-0.722432194436915
-0.855623347650169,-0.411312938086518,-0.714050755666947
-0.211333537545852,-1.10953197942784,-0.371282578106905
-1.24629959157958,-0.469941363735002,-1.12648022695606
-0.895002086588173,1.39758534030634,-0.837899631116684
-1.25506438483553,0.229150996140522,-1.32726446314797
-1.19239930744905,1.62973388961752,-0.957148522271943
-0.906308591594475,0.694373132905233,-0.979055150087722
-0.933506694177474,-1.28396836217288,-0.860846190911193
-0.675480585187998,0.287703251217974,-0.531724371400634
-0.820063040087363,1.57161595350072,-0.689564968799142
-1.08788164012185,0.287408326032372,-1.11869204300411
-1.00393222990711,-1.05176813982682,-1.08298448701316
-0.576405995125257,0.287833865933019,-0.645317860042938
-0.792132716722247,2.44539118511376,-0.737451937865793
-1.17253863112109,-0.00388791751898214,-1.23200061727922
-0.908632301629937,0.520257570079816,-0.671511385340568
-1.2404534738977,0.0547405081295012,-1.23010713279342
-1.09515150033793,-0.528303413607875,-0.99968250110619
-0.857552272476884,-1.40114904289882,-1.06504920154981
-1.1553080250681,-0.527792924076191,-1.21213092626172
-1.08787008767786,2.44539118511376,-0.979717085935138
-1.16902777482198,-1.40046828151896,-1.33696341639284
-1.11065838396743,-1.28508816969955,-1.04317978152771
-0.671894948330072,2.3870835793849,-0.607637293089558
-0.781842463894323,-0.586087186565307,-0.766694486956519
-0.947459748601334,0.752735182778106,-1.04251600519639
-1.05471428188897,-1.05138826501018,-1.22376124066606
-1.19584254317694,-0.993471106228573,-1.18619615606955
-1.12414517386767,1.62973388961752,-0.783420343405271
-0.914249252362243,-1.05215397602107,-0.903985923242972
-0.749166917490593,-1.57558542564386,-0.83240569148349
-0.936658541721324,0.228640506608838,-0.811114383380061
-0.934315994684757,-0.295210055804357,-0.821689481735446
-0.985801652684603,-0.352588059211129,-1.13682192348952
-0.983908773985123,-0.993791926148197,-0.889188687087865
-0.863088738583417,-0.761237607286355,-0.732923142591792
-0.177655166304026,1.16491752240347,-0.127621155298432
-1.04079323188956,-0.236175860605213,-1.13720674963738
-1.02433740659048,-1.10885121804798,-1.14487672569637
-0.509496513617604,0.752735182778106,-0.61395156275648
-1.07688461473653,-0.760536912550092,-0.940024431690607
-1.01828488770325,0.229150996140522,-1.1311777115946
-1.09868602401661,-1.574933213674,-1.21547312916485
-1.12403325180927,1.10596827683537,-1.1598439096732
-1.07683290041662,-0.410612243350255,-0.991078083272569
-1.05973635281403,-0.702609181637872,-0.867977616211832
-1.2432721967531,-0.586421349724675,-1.43878167297831
-1.21935900481823,-1.10953197942784,-1.37149441856674
-0.711802894122675,1.10596827683537,-0.702140723493935
-0.868269397190196,-1.28508816969955,-0.791183799206719
-1.25566076378834,-1.80716671261621,-1.40681155154495
-0.847414339751077,-0.236175860605213,-0.917737916923154
-0.944906626901837,-0.295210055804357,-0.8497156306699
-1.14292521300164,-1.57526460572424,-1.1025781161531
-1.01798770858636,-1.28405608291305,-1.02571133100832
-1.16436680321941,-0.00326160028313823,-1.15567951254854
-0.458601694856731,-0.062570787311479,-0.655436636452161
-0.546486387434893,-0.585681417014646,-0.73408697455578
-1.01533397807928,0.0584088744471562,-1.01856847384073
-0.773104939302746,0.521187172401903,-0.838633638702989
-0.884143617430293,-1.05176813982682,-1.04751973043183
-1.06579233079378,1.68876808481667,-0.999636312831008
-0.504427908975283,1.10628909675499,-0.532203013904567
-0.551449013052043,-0.586421349724675,-0.770415181210178
-1.18478126048436,2.38676275946527,-1.17225703290451
-1.18284400715943,-0.236848005931484,-1.09851454816816
-1.06939343654824,-1.10985279934747,-1.28669009607743
-1.18113218895461,0.46255874675342,-1.28385388741063
-1.23933460939949,-1.57526460572424,-1.23325825004074
-0.871247487175611,-0.818235735876488,-1.05045842632124
-1.08968246575493,-1.10953197942784,-1.30341288740205
-1.01814344395097,-0.00420873743860585,-1.09306846262655
-1.22686505692659,-1.34252061725034,-1.38571748057843
-1.05657151762934,0.694373132905233,-1.08271004029521
-1.13159511314898,-0.294385173463293,-1.22990299548924
-1.05831619352588,0.345630982130194,-0.851170353814678
-1.14185160702801,-0.352908879130753,-1.35678130922857
-1.21948540515419,0.931852714009948,-1.05220688923266
-0.963678554494302,-0.00359299233337998,-0.826111280006393
-0.986271083104749,-1.574933213674,-1.14675508325321
-1.15475626776205,-0.877298480485624,-1.27847354274597
-0.962653304417181,0.346036751680855,-1.0492197724174
-0.663723944349592,-0.527112162696334,-0.793722980587126
-0.330902363756556,0.229570108930926,-0.365643877687931
-1.18507485843513,0.872789969400812,-0.936503659657748
-1.06020545585152,-0.992705395217679,-1.20777736281036
-0.968793079649577,0.520447239691875,-1.10288645234821
-0.724390718939584,-0.760117799759689,-0.653452656123295
-0.938284770407572,2.09546651591392,-0.861407436455992
-0.943316729029968,1.92103013316888,-0.661171064456713
-1.08480744878707,0.462139633963016,-1.19525302735534
-1.19342566575634,-1.34303110678202,-1.15493434349358
-0.954204905752778,-0.992785617662558,-0.855128966992377
-0.815491964047701,-0.992785617662558,-0.70640436873596
-1.19858974674478,-1.34252061725034,-1.39862937673221
-0.953114024435269,-0.294470123094329,-0.930698044463134
-0.861319185992025,-0.178378744408038,-0.767603689208008
-1.05949287844458,-0.294790943013954,-0.932642862113378
-1.18893422954621,-0.293959633562646,-1.31749959001141
-1.10483832922727,-0.527792924076191,-1.25961163408678
-1.14653740990709,1.16440703287179,-0.891422236942506
-1.11911653093534,0.753056002697731,-1.16136424213374
-1.06803363728807,-0.00420873743860585,-1.17287186060087
-1.2232561719295,1.10588332720433,-0.998077573516628
-0.954377739477224,-0.527378538471944,-1.05070811024805
-0.830909833214961,2.27127562228834,-0.494291932062343
-0.213912095519863,-0.469941363735002,-0.138890941145671
-1.00074039172319,1.39717957075568,-0.723939748896365
-1.13126414883812,1.16451175285281,-0.87526021287483
-0.753351615441482,2.09546651591392,-0.54167796323552
-0.853669394330754,0.171262503202066,-0.988163412058794
-1.11492802809235,-0.17729221347752,-1.12748296903343
-0.793175955941045,1.63013965916819,-0.738249128687919
-1.01266255552168,0.229150996140522,-1.07678330689099
-0.989504836970509,-1.86688166919522,-0.974755679931767
-0.959183251107306,0.170941683282442,-1.09767263724802
-1.08545923467291,1.92103013316888,-0.824608022449939
-0.991990905922567,0.229046276159498,-1.07272142664169
-0.204960877451126,-1.05176813982682,-0.326694260474852
-1.08683430614287,0.814672033284012,-1.09754591315873
-0.560582793559468,-1.28440268113354,-0.51432381881266
-1.13719056531253,-1.80748753253584,-1.27309298291583
-0.948361375176677,1.04429780210507,-0.983190703232844
-1.11710433613983,1.68879663422666,-0.883979173146384
-0.851550665090293,0.11323831906294,-0.740291325874734
-0.917529252157121,-0.00420873743860585,-1.08444198918796
-1.24799632510961,1.39783178272555,-1.18391068022429
-0.859862050691921,-0.586421349724675,-1.01527344022457
-0.390834718878113,1.62981883924856,-0.384736131968188
-0.761973429154826,-0.00320715613912464,-0.621964999012232
-1.263010004333,0.931852714009948,-1.05139692301779
-1.09044729902268,-0.410992118166894,-0.913087002659259
-1.06016241775809,-0.410992118166894,-0.853969618176276
-1.16079468563514,0.811684428346214,-1.20128118981833
-0.886550947507465,-1.05090355377936,-0.992103659293812
-1.02258963146897,-1.05215397602107,-0.952307073078843
-0.978390914044104,0.520501683835889,-1.03977973004645
-1.10982545314135,-1.3419445758515,-1.26687123064984
-1.25120799605676,0.815352794663869,-1.26157469023694
-1.02043545417875,0.287513046013395,-1.12052338342737
-1.13144427301915,0.228725456239874,-1.20146232793777
-1.06787052826925,-0.0624116231864423,-1.11392711634517
-1.24770777880516,1.10628909675499,-1.22264414367694
-0.71015047206353,-0.702609181637872,-0.616668701815947
-0.399698750374238,-0.992705395217679,-0.33817557338421
-0.962534830772735,-0.760205520499851,-0.99647082512014
-1.14268291417681,-0.352588059211129,-1.28911405419645
-0.558214210506965,0.64023565053897,-0.435327352588546
-0.6356985491679,-0.527792924076191,-0.759772853483052
-0.648479751358363,0.229046276159498,-0.721380297024792
-1.11166572893248,0.931852714009948,-0.909427237940968
-1.0565295156867,-0.527373811285787,-1.20828922389801
-1.14601194724813,-0.993139714178332,-1.17293760623691
-0.896774231163745,-0.469430874203318,-0.967574092521481
-1.2648827197856,-0.701908486901609,-1.16183284594656
-1.03483924406268,-0.934842680580089,-0.924636143486591
-1.1425609525854,-0.527216882677357,-1.17491521035527
-0.875136281807369,1.57161595350072,-0.843307232286311
-0.321848602724548,1.33852259569721,-0.362077634445596
-1.12474133045592,-0.992705395217679,-1.07713302125523
-1.11240783151247,-0.294444344793463,-1.28719326131336
-0.972794288113336,-1.28440268113354,-0.949446801389172
-1.12916136491406,1.74742505987514,-0.81050941009761
-1.0237482522925,0.288034643268215,-1.04128570943241
-1.13642418022,-0.236527186011861,-0.987836143635861
-0.651992630758994,2.44571200503338,-0.547489848979842
-1.21929828946077,-0.00394236166299573,-1.26938345905411
-1.11551464482497,-0.527792924076191,-1.23258288305383
-0.885983089683637,-0.0039138122530037,-0.84705838421479
-1.22965463886852,-0.0612918156597751,-1.3502778154853
-1.10751381095917,-0.00429368706964294,-0.993296044384134
-1.17654506401751,0.520768059611499,-1.15471339504836
-1.23376992795305,1.45580799640417,-0.996171992676879
-1.09612126599479,1.62981883924856,-0.997387246077143
-1.09284369228046,-1.28331615020302,-1.17313372448591
-0.97322288147103,-1.05176813982682,-1.07601410908771
-1.18782581085013,0.170522570492038,-1.33587920910733
-1.22677760389468,-0.761237607286355,-1.13030317857776
-0.819896997293396,-1.86611595818432,-0.972573280611745
-1.20342218452975,-1.28432245868866,-1.33439465415293
-1.24304245180695,0.345951802049818,-1.05010270407207
-0.742311164715602,1.22303545852027,-0.390144235587175
-0.975319329820345,-0.294804286253697,-1.06337962822155
-1.26174432109996,1.92154062270056,-1.09286902180532
-0.784987582565557,0.288034643268215,-0.728120797961587
-0.599822493383451,-0.527216882677357,-0.641299018379435
-0.813671124280576,0.229150996140522,-0.879964369839531
-1.08619363213179,-0.993791926148197,-1.07584581097472
-1.10540376044111,-0.469240668998739,-1.04481708003505
-1.21253641767962,0.812064303162853,-1.23551416314762
-0.77435553120519,-0.410612243350255,-0.604157812052236
-1.12227964789999,-0.818670054837141,-1.23542735801934
-0.942808021956639,0.811684428346214,-0.927165842393741
-0.732018502938272,-0.819355543403155,-0.876484787671691
-0.957936419056789,1.86291219705208,-0.947760766209115
-0.812502100085709,0.52102328109071,-0.839437487665542
-1.23769566588498,-0.468429292903836,-1.21370565678203
-1.06093175640412,-0.819355543403155,-1.25752483792976
-0.930399081222347,2.21315768617154,-0.801875976499856
-1.10289095245319,-0.352908879130753,-1.30267109725039
-1.18022785785139,-0.410992118166894,-0.976654425995887
-0.897563285377794,-1.28508816969955,-0.828061496470433
-1.17312253114873,0.229406217619732,-1.27945964633634
-0.861740241985277,-0.701843470626978,-0.94103489899553
-0.813694246034987,-0.236876555341476,-0.883958109627221
-1.12759828950258,-0.644205122682107,-1.3028714500767
-1.24473637061007,-0.992705395217679,-1.34018096581971
-0.868519445003972,-0.993471106228573,-0.744186724699529
-1.10671657191407,0.932184106060189,-1.04822961678802
-0.707921179608778,-1.57561870224001,-0.870343782495636
-0.80730771046732,-0.585576697033624,-0.944309159671169
-0.867638376486054,-0.876617719105767,-1.00346862543206
-0.849714480655809,-1.05106744509055,-0.987585255294917
-1.18825300297074,1.10628909675499,-1.18169942873362
-0.960114908243446,0.287408326032372,-1.00465682939324
-1.03427835301886,-1.10985279934747,-1.25498085875285
-1.04127671189258,0.229205440284535,-1.12772508359267
-0.941207417609353,-0.23575674781481,-1.10197392523647
-1.21611877016004,-0.00359299233337998,-1.0268915246088
-0.940705038925528,0.932504925979813,-0.765506574946792
-0.975521729749393,1.97965855881736,-0.691695520195817
-1.14785773779382,1.16440703287179,-0.83832186841751
-0.72227565795803,-0.469110054283694,-0.668805096075569
-0.817380703665354,-1.40114904289882,-0.889870894341655
-1.16654160107873,-0.701843470626978,-1.16952940761707
-0.914527524970192,-0.236442236380823,-0.991965657778975
-1.09950548779446,-0.294824219610102,-1.20188775592932
-0.820910085314839,0.520067364875237,-0.841683996412191
-0.992666183149352,-0.528144249482838,-0.948251409839564
-0.764292101195941,0.229046276159498,-0.800783230137808
-1.10679896936669,0.752735182778106,-1.15137637684604
-0.759295093782222,-1.22537321312055,-0.900667624116461
-1.14514543562952,-0.177898760363377,-1.05658984743591
-1.15305921804322,-0.00282728132248606,-1.14018909702759
-1.06235452303019,2.44571200503338,-0.873924754642843
-1.10052000776047,2.3870835793849,-0.918004198610201
-1.20246041892958,-0.468396016307687,-1.1082752648862
-1.11148995303749,0.287513046013395,-1.18340846378481
-1.04175445016281,1.27728643992757,-0.976545012842905
-1.12353079174304,0.287408326032372,-1.12286262474041
-1.15964175863015,-0.993106437582183,-1.16196182959364
-0.867540142781569,2.38676275946527,-0.771362027352105
-1.23984679269648,0.520067364875237,-1.25105226674137
-0.908450583268967,-0.759771201539198,-0.922727789108071
-1.12012776164545,-1.34183985587048,-1.2282294016509
-0.704363660900797,0.461438939226753,-0.760931646310107
-1.25739207799509,-0.760536912550092,-1.16415091492218
-1.0819837075644,0.228640506608838,-0.95626458754897
-1.20560389267032,-0.294824219610102,-1.21797966378369
-0.784015005358426,-0.761237607286355,-0.652965656394716
-1.24704195320671,0.117037300095639,-1.19927538643893
-0.926237100534145,0.872789969400812,-0.714506757747805
-0.752304721956106,-0.00420873743860585,-0.872029808066006
-1.02657915187661,-1.28432245868866,-1.17556090285687
-1.26607142747959,-0.644205122682107,-1.25863852132919
-1.21598155886002,0.873300458932495,-1.28028327194365
-1.12015010561552,0.462139633963016,-1.21422911534357
-1.22047550729806,-0.52669304990593,-1.30772155105424
-1.24518820344682,-0.062570787311479,-1.35690983129033
-0.267182301008083,1.16491752240347,-0.147703011964652
-1.25056817606929,0.64023565053897,-1.06157739270371
-0.649839578338472,1.92143590271954,-0.459009328932547
-0.936604540752525,0.407567832636099,-0.791036017775924
-0.675339419618323,-1.28400163876903,-0.688441187265833
-0.675566711747237,1.10628909675499,-0.662876337315362
-0.761686912796785,-0.702229306821233,-0.731187698518524
-1.25108098221396,-0.702174862677219,-1.10134507334563
-0.952105710860787,2.3870835793849,-0.825061013953075
-1.11867427410738,-0.236175860605213,-1.18968876114822
-1.00256113959476,-1.34226539577113,-1.18934016667862
-1.26204393302885,0.752735182778106,-1.28690725999903
-0.621226587074668,-0.58600223693427,-0.756988478645385
-1.20639856643011,-0.759771201539198,-1.33519084076274
-0.881756544462048,0.407567832636099,-0.625047183090275
-1.09517070204717,1.16451175285281,-0.8957661386313
-1.21565673468513,-0.760205520499851,-1.20711404399167
-0.966107003721241,0.640556470458594,-0.735636288139816
-0.971343593443895,-0.00420873743860585,-1.06278221639012
-0.997952522631269,0.170522570492038,-1.0404095388791
-1.22025711886549,1.45580799640417,-0.843655299275602
-1.22963732264436,-0.00429368706964294,-1.15722561365991
-1.24550076311949,1.57161595350072,-1.22793761324564
-1.00624219187545,-0.469110054283694,-1.03246057172684
-1.24837036037696,0.873555680411706,-1.18421189518358
-1.15980843565474,-0.410992118166894,-1.00200274132199
-1.00757912332305,-1.05215397602107,-0.982765565636896
-1.15628059119482,-0.237007170056522,-1.07631659046649
-0.775163264798663,1.33852259569721,-0.790859610459735
-1.05148048782363,2.09546651591392,-0.926933510816409
-1.23773482538078,-0.527052991366163,-1.27775563028749
-0.832436420757634,0.348939406987616,-0.706523943446764
-0.946975004334768,-1.57526460572424,-0.933217457344132
-0.58619218304259,1.16459670248385,-0.488978850860934
-1.21090689622047,1.92186144262019,-1.05613657953987
-1.01981386903067,-0.993471106228573,-0.81286632454065
-1.24165670241348,1.33591486557605,-1.25786197563875
-1.07616368353172,-0.528059299851802,-1.21722164227545
-1.18922383189324,1.10628909675499,-1.16707447912354
-1.0696720271602,-0.527738479932177,-1.1225936960879
-0.860765346589785,0.408654363566618,-0.825530850322688
-1.12155963512133,0.170941683282442,-1.1899834456844
-1.11615332530752,1.22271463860065,-0.882333413080645
-0.727899566280785,1.33852259569721,-0.71124404059453
-1.15212501199658,0.873981220312352,-1.01522955003744
-0.941931780640539,-0.468429292903836,-0.966442399012367
-1.11838120385645,-0.528059299851802,-1.20097791252865
-1.23688283405452,2.15452926052306,-1.1785083607218
-0.67693562768967,1.62981883924856,-0.674070566768087
-1.06255325625083,-0.120354560268911,-1.18611540481541
-1.10454311924689,0.408333543646993,-1.06226554103222
-0.68298486609456,1.63082042054804,-0.607214572101143
-0.958185157302136,-0.934842680580089,-0.876028858807496
-0.799794414341781,-0.760727117754672,-0.958196438985539
-1.0905438876454,0.814672033284012,-1.14564911245146
-1.22819288315051,-1.57561870224001,-1.35415119632019
-0.469345836864145,-0.0039138122530037,-0.409817162081339
-1.05892972336649,-1.10985279934747,-1.29540784900619
-1.15531719476993,0.171262503202066,-1.28365777062596
-0.373630800921342,-0.819355543403155,-0.50953452962894
-1.0087149382406,-1.05176813982682,-1.07905621573643
-1.05059371085197,0.872789969400812,-0.788625656540627
-0.873616621223292,1.16459670248385,-0.901347243618766
-1.179814999547,-0.00266339001129183,-1.26403292876435
-1.20273049089893,1.10588332720433,-1.02573683786381
-0.931007237290555,-1.28400163876903,-0.992301785875915
-1.14234226929288,2.67837982293625,-1.0647948903298
-0.876628552977059,-0.759692259859041,-0.746183303785935
-0.737103287249568,0.81136360842659,-0.818182249751869
-0.609993950970293,-1.1099377489785,-0.620731352670642
-0.585784413331828,-0.236686350136897,-0.536268757705732
-0.971114330627972,-0.352588059211129,-1.13653203812266
-0.612344234705247,-0.993106437582183,-0.486206767270817
-0.61385743575011,-0.00350804270234356,-0.767930018627219
-0.835478328615573,-0.528059299851802,-1.05510188987432
-1.14292126659795,0.228725456239874,-1.23984731946722
-0.944915473834709,0.229046276159498,-1.05905382706503
-1.0659284871101,-0.935163500499714,-0.942350651419875
-1.11774279259386,2.67837982293625,-0.967940983972814
-1.10235095059333,-0.235841697445846,-0.951562868699197
-0.864180793630325,-0.760013079778666,-0.802439230469282
-0.370873298470804,0.170941683282442,-0.514850151448606
-1.14099696328583,-0.00350804270234356,-1.24092409457488
-0.923341937402958,-2.09878377608719,-1.12978833908196
-0.750048083576635,-1.1099377489785,-0.825753407932915
-1.21526404182101,-1.1099377489785,-1.29359374676018
-1.20712037408408,-0.992785617662558,-1.05012646516772
-0.810803409558454,1.16491752240347,-0.662105871490979
-1.16786607474091,1.92154062270056,-1.12527662191527
-1.25215608945091,-0.00394236166299573,-1.32321861313823
-0.733060453728401,-1.05176813982682,-0.864513955465287
-1.20730085450221,1.39758534030634,-1.22202753068373
-0.754021308670601,0.229046276159498,-0.786284120800358
-0.799818400216976,0.287323376401335,-0.566212393882392
-1.13600987075995,0.346036751680855,-1.05411632355698
-1.00676944305643,-1.34183985587048,-1.14415716476469
-1.22938138958188,-0.701843470626978,-1.20627199011599
-0.93823968258939,-0.58600223693427,-1.18107815710133
-0.623069175079056,-1.86688166919522,-0.62775846115575
-0.976652017735283,0.170522570492038,-1.11497909777342
-1.03131972575632,2.27127562228834,-0.724833701031852
-1.08261481997501,2.21264719663986,-0.754318665465025
-1.1192557684757,-1.86611595818432,-1.29989479047731
-0.976165396795023,1.39758534030634,-1.02997970970771
-0.813921964740812,-0.00320715613912464,-0.874687512582873
-0.758848834581257,1.39715102134569,-0.677510103996498
-1.08493280692151,-2.15741220173568,-1.29101046885893
-0.896569265495585,-0.0039138122530037,-0.771968801764502
-1.12549173381419,0.229046276159498,-1.17657948060052
-1.15226059088357,1.62981883924856,-1.13431840374988
-0.932178344905211,-1.05054361231913,-1.04257100784277
-1.26716292135852,-0.293704412083436,-1.42122534740638
-0.967659443337466,0.287674701807982,-1.01612200443454
-1.14733891188502,-0.352908879130753,-1.35197234668134
-0.746727418295498,-0.236527186011861,-0.608374831091904
-0.729144701175392,0.873300458932495,-0.702234693879566
-0.93920170201795,0.637248045601172,-0.736643478999003
-1.14613840147346,-0.644205122682107,-1.28824556178322
-1.22225905615022,-0.177898760363377,-1.02327097199038
-0.882585379242166,1.68879663422666,-0.636453920708423
-1.2327076778123,-1.51695699999538,-1.19106074081342
-0.676389731391561,-0.702229306821233,-0.638677352935241
-1.12043536289096,0.348939406987616,-0.964480574961381
-1.18395653218773,1.63013965916819,-1.11703202820292
-0.926238358330962,-0.585000655634789,-1.05275934465928
-0.970861497811527,-1.63356163932248,-1.20789892855683
-1.17241311464645,-0.00388791751898214,-1.2021447304055
-0.94741055804356,1.04461862202469,-0.876074839787998
-0.564882883590419,-0.760117799759689,-0.489116545323384
-0.920158818594822,-0.993525550372587,-0.748421663060224
-1.19709059891324,-1.57449889471334,-1.24297214744748
-1.02988830120726,-1.28396836217288,-0.965914396578867
-0.985818719504976,0.985669376456587,-1.02342093161694
-0.644487570063785,0.694373132905233,-0.787310582285636
-0.968161038224032,0.699950607117971,-0.916530912752956
-0.880593055934591,1.92103013316888,-0.690898873007424
-0.597195675870903,0.407567832636099,-0.266803704811733
-1.05301059746211,0.699184896107077,-0.795472517495495
-1.08541009573548,-0.528144249482838,-0.990110801901982
-0.588165751336536,0.229205440284535,-0.677360342054929
-0.549945880432451,0.228725456239874,-0.726020915195245
-0.646960694335237,0.462139633963016,-0.624790706945019
-1.04885420285152,-0.760857732469717,-1.04732249800824
-1.03445344518065,-0.643546437028736,-0.908188121399333
-0.662818694820232,-0.352588059211129,-0.74648478438443
-0.966837896820537,0.287833865933019,-0.99974996705928
-1.21298096403058,1.22380116953117,-1.13550742627336
-0.785154225138764,0.872789969400812,-0.558121678810094
-1.2133717236088,0.345630982130194,-1.05258413718118
-0.992563288071042,-0.701489374111205,-0.833080645253851
-0.954864693359251,-0.527792924076191,-1.05946632197343
-1.06231479291213,-1.10953197942784,-1.20945448441064
-0.722975859377947,0.985669376456587,-0.744706100837141
-0.796311733031712,-0.469674987959391,-0.634360453552307
-1.04597677026866,0.815352794663869,-1.01341308348805
-1.0212004367106,-0.527378538471944,-1.08512349722261
-1.23899682409355,-1.05173486323067,-1.21054085145047
-1.13127016603069,-0.294804286253697,-1.2219191937242
-0.613281085717829,-0.469110054283694,-0.638676152181943
-0.872553697068324,-1.22645974405107,-0.745430787026849
-0.916049049937403,-0.294790943013954,-0.831766027687804
-1.0825205348298,-0.760857732469717,-0.976011566292797
-0.976999496850271,0.873300458932495,-0.949788785904061
-0.641477256125647,1.57161595350072,-0.574849857142318
-1.25682553703839,-1.28396836217288,-1.2322649035376
-1.16807153634255,1.63013965916819,-1.0418539068995
-0.522803607615494,1.22303545852027,-0.213267007523624
-1.25974689626531,-1.3419445758515,-1.42235440749511
-0.892524378505773,-0.701522650707354,-0.776005764094861
-1.18663621698799,-2.09878377608719,-1.41242950240697
-0.977088162903552,-0.934842680580089,-0.85459397694346
-1.25060876282035,0.287268932257321,-1.13763501930495
-1.22731134899061,0.694373132905233,-1.2429151766914
-1.17425959690475,-0.294804286253697,-1.26044077441902
-0.946002159004382,-0.120354560268911,-1.0295700135063
-0.467434298071962,-1.34252061725034,-0.716770930929969
-1.07159160216222,-0.29428045348227,-1.18471380859758
-0.962790405555987,-0.293704412083436,-1.09079199590882
-1.23590770003311,-0.818674782023298,-1.32006934978261
-1.18757230655322,0.520768059611499,-1.15189120027994
-0.91841110235454,-0.00388791751898214,-1.0288273896914
-1.24926619794813,1.10696985813485,-1.17228774642581
-0.599859508384841,-0.586087186565307,-0.505469354172133
-0.975843189941776,1.8632330169717,-0.908441791058318
-0.754188468959935,0.345951802049818,-0.595417576848401
-1.14476555289276,-0.818320685507524,-1.09698317614471
-0.952324669726527,-0.235920639126003,-0.984320438653787
-1.14859593761105,1.62973388961752,-0.972230528237086
-1.20129728308442,-0.119695874615541,-0.92846245140595
-1.24579191010606,2.21315768617154,-1.14634265350763
-0.776819674293057,1.45689452733468,-0.730817384188126
-1.18949225643617,-0.061726134620428,-1.28491534490567
-0.821238845644982,-0.295210055804357,-0.767755909399087
-0.987365252732739,-1.80748753253584,-1.19970576840727
-0.649249253374271,-0.00388791751898214,-0.649316581309439
-1.00494485005537,0.346036751680855,-1.00446442698148
-0.969494253952264,0.698864076187453,-0.769431159306861
-1.26361559451083,2.44539118511376,-1.0703022405103
-0.637356600680868,-1.57526460572424,-0.653055933914832
-0.938247442885649,-1.80716671261621,-1.05203022428533
-0.743294422606887,-0.469941363735002,-0.627173716722487
-1.03801095526633,-0.410992118166894,-0.803636434131336
-0.781734561491337,1.04429780210507,-0.732065413485849
-0.912599163240128,0.462139633963016,-0.95191146925493
-0.91904935444495,0.812064303162853,-0.96209203686814
-0.999405275156139,-0.235920639126003,-1.02474620861413
-0.581042823760387,-0.236442236380823,-0.75336750686156
-0.930045665087045,1.16408621295217,-0.683685969914532
-1.154108189238,-1.10885121804798,-1.31196646765653
-0.760399292278793,-1.86688166919522,-0.650159231443332
-0.955469591143757,1.16408621295217,-0.718675604798287
-0.979132662050943,0.812064303162853,-0.971090801487066
-0.316190553878334,-0.761237607286355,-0.288455036185762
-1.26526149682593,-0.00320715613912464,-1.32126799087083
-0.64781187108112,0.0584088744471562,-0.628086009174821
-1.03166117932116,-0.29428045348227,-1.14970330993888
-1.07371679721953,-0.236876555341476,-1.11756558407466
-1.16135246020939,-0.469941363735002,-0.999353755537051
-0.871745705184043,-0.760205520499851,-0.998558476585076
-1.16903831724681,1.8632330169717,-1.18426238306162
-1.0739770154513,1.62973388961752,-0.813701568808931
-0.95101048609783,0.461438939226753,-1.02589843894003
-1.09090506464422,2.09546651591392,-1.03223233113063
-0.95341958798187,-1.80825324354673,-0.871557376165638
-1.0659423182614,-1.10953197942784,-1.2597074462376
-1.09399698713241,-1.22537321312055,-1.18789844260349
-1.07138565116946,2.38676275946527,-1.03771058134784
-0.983875766499862,-0.760151076355838,-1.06170035871889
-0.169802755525782,0.694373132905233,-0.322084556210559
-0.8008348214378,-0.00350804270234356,-0.886570537873983
-0.963604371937331,-0.644205122682107,-1.08794796504814
-0.636101811080088,-0.00420873743860585,-0.666601319319935
-1.080350176547,1.16408621295217,-0.798146622545206
-1.01940206105848,1.10588332720433,-0.854528372524066
-1.08356694493697,-1.05215397602107,-1.02118275080827
-0.572927812537657,-0.761237607286355,-0.445817213933559
-0.78883418390013,-0.00388791751898214,-0.855148308547111
-1.23494150722261,-0.352588059211129,-1.42468063546126
-0.899263906089942,0.345951802049818,-0.689690500600809
-1.05262581510378,-0.877298480485624,-1.18379831589061
-0.836017504436463,-1.05138826501018,-1.00857341117188
-1.21023423563462,0.520768059611499,-1.19569626992232
-0.936404283729568,-0.0612918156597751,-1.14437924770213
-1.0171625894878,-0.468909276948497,-1.12183905027974
-1.05249377143513,-0.468396016307687,-0.979754131736948
-0.577385127170701,-0.469620543815378,-0.351671359532773
-1.24048430591635,-0.760857732469717,-1.14554883422139
-1.16154364018241,-0.993791926148197,-1.08389917456563
-1.23821074589636,-0.29428045348227,-1.36583338637869
-1.25139845308024,-2.15741220173568,-1.38426887212339
-0.801006989467799,-1.86688166919522,-0.833271542605545
-0.939725681792693,0.753001558553717,-0.938846226380174
-0.964251600900176,-1.80716671261621,-1.15132853954853
-1.09989938127594,1.39750039067531,-0.774183052621594
-1.17141373226134,-0.062570787311479,-1.21983419851409
-0.80873709444337,-0.818641505427149,-0.830700889041911
-0.552230420269871,-0.00378319753795905,-0.585042680767558
-1.25368520015064,-0.701489374111205,-1.21009364662641
-1.18818338108065,0.461438939226753,-1.22798812578855
-1.09579128784051,0.350025937918134,-1.14306373423868
-0.950686437929881,2.44571200503338,-0.768567707403381
-1.1541933788029,-0.352908879130753,-1.29850305160206
-0.83641177117274,-0.411312938086518,-0.687776091204136
-1.01817679088254,-0.236496680524838,-1.05893316371394
-0.924308615520329,0.229205440284535,-0.952712949658387
-1.0723853195275,0.521187172401903,-1.13595003725509
-0.848229061566853,-0.527112162696334,-0.8837435742754
-0.423523901372527,-0.760013079778666,-0.339776361029
-0.969623990702054,-0.0039138122530037,-0.93898900665518
-0.707287506413093,0.407567832636099,-0.580702670544481
-1.04617019680445,1.92186144262019,-0.876630736397852
-1.10159481915424,-0.818674782023298,-1.20196002910555
-0.608858967083564,-0.586421349724675,-0.687301372655815
-1.13449492044721,0.346331676866457,-0.975984191039552
-1.04727741507226,0.287002556481711,-0.880583426804998
-1.07461789859096,0.694373132905233,-1.06693246183178
-1.15998518189875,-0.23575674781481,-1.22272202387687
-0.823607372728174,-0.294470123094329,-0.633168815729566
-1.11669450195564,-0.236581630155874,-1.02386619510114
-0.726142678258724,0.228640506608838,-0.542125624565482
-0.594110975692882,0.519936750160191,-0.478400924969489
-1.01713802069979,-0.527738479932177,-1.11571249217016
-0.94953368042114,-0.00266339001129183,-1.10531136750056
-0.853331512515578,1.27728643992757,-0.820423363345555
-0.720025253349673,-0.29550498098996,-0.792549748976232
-0.507413194042549,0.287002556481711,-0.391550981682136
-0.971915157910987,1.04461862202469,-0.965243351205577
-0.981432549051651,-0.00266339001129183,-1.11951914155238
-0.716982890173825,-0.119695874615541,-0.523736426899433
-1.00313299725785,-0.00429368706964294,-0.892861381869104
-0.732242113194123,-0.760046356374814,-0.744601809647443
-0.911078582944127,0.287674701807982,-1.00159395666806
-0.98231798472634,1.39750039067531,-0.777824220307108
-0.953105594246863,-0.00359299233337998,-0.872123592206746
-0.913885538062775,0.228884620364911,-0.842992441813422
-0.638668497509399,-0.00320715613912464,-0.646526465827672
-1.20380057727269,-0.352588059211129,-1.31147256240672
-1.194579330573,-0.120354560268911,-1.29117910550748
-0.943915556451058,-1.57526460572424,-0.936916133516365
-1.22387124236321,-0.469110054283694,-1.27668586027573
-0.773605078419966,-1.0502227923995,-0.939444682464277
-0.809081551518093,-1.28440268113354,-0.75053608436811
-0.868599338170267,0.170522570492038,-0.969754185058968
-0.73979770396668,-1.57558542564386,-0.653260151665816
-1.21342479435253,1.68836231526601,-0.938496374734686
-0.636778198314455,-1.22537321312055,-0.647964967362831
-0.993476869350891,1.22303545852027,-0.674847290329262
-1.11001346407903,-1.57558542564386,-1.17667683798905
-0.996804469229679,-0.701522650707354,-1.02660279560763
-0.739675815286644,-0.760536912550092,-0.673785539326913
-1.02064365562944,0.985990196376211,-1.07812308216055
-0.588962479018778,-1.28432245868866,-0.710495427656473
-1.11615108589218,0.408333543646993,-1.16432134286218
-1.20250598517192,-0.586421349724675,-1.32891009009666
-1.0357046396608,-1.05106744509055,-1.15190327800939
-0.446608540567229,0.287513046013395,-0.578199833458717
-0.803449652441658,0.985669376456587,-0.847105655639003
-0.248277780491373,-0.294123524873839,-0.32233702877708
-1.13127746049589,0.520501683835889,-1.200893984678
-0.929414089190026,-1.40114904289882,-1.14848685450403
-0.711438149307174,-1.34183985587048,-0.784011437096157
-0.829025912252461,1.62981883924856,-0.724148583415649
-0.627720659353944,-0.469240668998739,-0.501708614063836
-1.04781668660824,1.04461862202469,-1.1153293057095
-0.701554329733623,-0.294470123094329,-0.621121146752228
-0.761341272424936,-0.0618900259316222,-0.782744715583993
-0.928150255326736,0.990481139658431,-0.740211964501688
-1.20338699189669,0.350025937918134,-1.22665417993829
-0.517918026780507,0.814672033284012,-0.535946881690138
-1.25933216102251,0.461438939226753,-1.30158845620661
-0.910501516277761,-0.469620543815378,-0.743053738458682
-1.1764100973894,0.814672033284012,-1.12817823722495
-1.12272159024093,-0.236496680524838,-1.22501680308911
-1.23144059886347,-0.00359299233337998,-1.19909943672689
-0.91455791063358,-0.993791926148197,-0.787478071812092
-1.26193659394942,-0.818833946148334,-1.38833360873781
-0.647665840719428,0.0584088744471562,-0.666674568931913
-1.18752129706846,-0.585740588344817,-1.3139885044975
-1.04254658586561,0.578565175808675,-0.931782440006994
-1.04057533587347,0.170941683282442,-1.13369379870014
-1.21310465583005,-0.585681417014646,-1.26018568765149
-1.14422938262388,0.0547405081295012,-1.13167949756586
-0.990148637623961,-0.237007170056522,-0.858835410537503
-1.13937189792928,-0.58600223693427,-1.33431956703147
-0.886610105556664,0.228884620364911,-1.03061169307529
-1.03061727512644,-0.644205122682107,-1.24247115889722
-0.851302967231243,-0.702609181637872,-0.573738467071868
-1.12245422642989,-0.586421349724675,-1.21086334289789
-0.882477265819751,-1.57558542564386,-0.92542619339591
-0.665899393948849,-0.760471896275461,-0.749436590175221
-0.505227997463391,0.229046276159498,-0.584101939065032
-0.326730149987422,-0.17781381073234,-0.373202893800381
-0.716075378047244,-1.05141404331104,-0.716453738035276
-0.812885975816834,-0.527216882677357,-0.838567324081949
-1.00185017648646,-2.15741220173568,-1.11225603150464
-1.26314912157715,-0.818670054837141,-1.36492678176294
-1.17136721563741,-0.178057924488414,-1.07253422352832
-1.00595890437941,-0.410992118166894,-0.883913788376983
-1.16632127478439,-0.293959633562646,-1.30524975371578
-1.20510868845803,0.229046276159498,-1.33111874065685
-1.25441953471968,-1.28400163876903,-1.30459944810671
-1.02422844576244,-0.294804286253697,-1.08092270757183
-0.888496181715813,-0.00394236166299573,-0.892325440918757
-0.959986973592025,-0.993139714178332,-1.00108347589757
-1.13045313498921,-0.759771201539198,-1.21821482042602
-0.956886929994608,-1.80825324354673,-0.955242845792926
-0.395280408155791,-0.062570787311479,-0.449472485894277
-1.01179175608658,0.346036751680855,-0.967216213583941
-1.09005242672115,-0.00378319753795905,-1.17163337765795
-1.21279333512127,2.38676275946527,-1.09684030631658
-1.19791593201879,0.520501683835889,-1.28105223668913
-0.828543915889987,-1.40114904289882,-1.0692948391532
-1.19345686815569,-0.760205520499851,-1.31196692356755
-1.13759733018507,1.68844726489704,-1.03585618765104
-0.892624069303203,-0.237007170056522,-0.788709103403552
-1.09025670264318,-0.062570787311479,-1.11386280095092
-1.11003497425763,-0.760151076355838,-1.1745301207647
-0.952494836097309,-0.644205122682107,-1.12161091031069
-1.24139697754362,0.287674701807982,-1.14032385060543
-1.15607862748604,0.578885995728299,-0.975709825775143
-0.940637844969029,1.10696985813485,-0.81182722997752
-0.68047129870141,-0.586421349724675,-0.761663468378977
-1.12499545037744,-0.177898760363377,-0.882214394816492
-0.452039076054482,-0.586087186565307,-0.367684051806784
-0.981517471968163,-1.57526460572424,-1.01679111048143
-1.03355567912636,1.10588332720433,-0.907181356112008
-1.19304196591256,0.228725456239874,-1.3299033651678
-1.2050127032828,-0.293959633562646,-1.23716813130482
-1.19850300569545,1.57161595350072,-1.13979848648867
-0.979047095222633,1.92186144262019,-0.834668594356525
-0.910041602833902,1.10588332720433,-0.724121928888945
-1.12184964161973,-0.702174862677219,-1.00680543968021
-0.941541964258658,0.170522570492038,-1.11584397763066
-1.14502729125858,-0.759607310228005,-1.24004064724609
-1.00644830287237,0.346036751680855,-1.02401562573731
-1.18709168382134,-1.05106744509055,-1.24242643838736
-0.953350048457429,-0.236442236380823,-1.08349634196892
-1.06040732445029,-0.818320685507524,-0.9611637667092
-0.906518663705935,-0.528144249482838,-0.749144911000079
-0.570792993632926,-0.00350804270234356,-0.689994147954968
-1.22594523329114,0.287703251217974,-1.08141853951816
-0.69726276292115,0.637248045601172,-0.413135185272546
-1.12186486099902,-0.00282728132248606,-1.21245063776391
-0.591462603566635,-2.09878377608719,-0.729967270988101
-0.861899348366372,0.228725456239874,-0.98057591237584
-0.933519063546506,0.582259436860352,-0.868075272141311
-1.0099588164729,0.0550354333151033,-0.858256953585302
-0.182312944857392,-0.178324300264024,-0.0454518947979394
-1.21196913293616,0.811553813631169,-1.06864472596668
-1.15104188832813,1.92103013316888,-0.880630344958805
-0.512999068571183,-0.702609181637872,-0.296805321722599
-1.13344067928798,-1.28396836217288,-1.10528322136735
-1.19688430200745,2.38676275946527,-1.11446211417336
-1.09080109034145,-0.00350804270234356,-1.14754019826782
-1.18513790362862,-0.295210055804357,-1.002356022253
-1.00569212620402,-0.352588059211129,-1.18146410479121
-1.11104200496256,-0.0039138122530037,-0.986036694469712
-0.487502466326129,0.170522570492038,-0.540413349905688
-0.929710372381949,-0.527052991366163,-1.02862375264008
-0.728342708218021,0.753435877514369,-0.839260868021026
-1.206274241232,-1.574933213674,-1.32306123826517
-1.22833307481635,-0.819355543403155,-1.32545250221483
-0.433980059718337,1.63082042054804,-0.303065232134581
-1.01535699284911,1.45621376595483,-0.925036773634521
-1.10042631679756,-1.28440268113354,-1.04356940675336
-0.774070232557837,0.408333543646993,-0.688760015637768
-1.08667419915907,-0.29428045348227,-1.27933129830143
-0.767318235918754,-0.0624116231864423,-0.862718742798387
-1.15883064846108,0.64023565053897,-0.943283618427842
-0.129206732476203,-0.993791926148197,-0.0913314926418404
-1.12069229042977,-0.992019906651665,-1.25742575029417
-1.08585499923115,-0.294824219610102,-1.05993272951513
-1.24224756411581,-0.295125106173321,-1.35466407141288
-0.906454616661773,0.462139633963016,-0.894661964520739
-0.924222554762847,-1.10985279934747,-1.11691825998545
-0.833466181961234,0.641322181469488,-0.759272262911129
-0.944402617506751,1.68876808481667,-0.82024021094415
-1.06713393957402,-0.295125106173321,-1.21971811944141
-1.03356187992096,-0.876617719105767,-1.17189594272982
-0.732439116849601,0.0584088744471562,-0.729412152305307
-0.452431676191068,1.10588332720433,-0.172691850399514
-1.20661965511723,-0.236496680524838,-1.30768365754073
-1.02879679511341,-1.40046828151896,-1.2994312595726
-1.17445673813884,1.63013965916819,-1.1123667580273
-0.629441047065374,-1.34268450856153,-0.757471372749503
-0.839280460441584,-1.10953197942784,-0.90010489959504
-0.658233465351929,-0.761237607286355,-0.511224024753997
-1.14218897229938,0.287833865933019,-1.26525044483411
-1.01830227256545,0.229570108930926,-1.10734989387838
-0.824955522165317,1.9213509530885,-0.461570654235523
-1.15937591283541,-0.062570787311479,-1.23805170598484
-1.05446819617299,-0.993525550372587,-0.847889882993079
-1.1592601429625,1.86291219705208,-1.19954973252972
-1.21914640342335,1.68944884619653,-1.12326054454471
-0.952781390650623,-0.935163500499714,-0.829386699335747
-0.66232504625225,1.16451175285281,-0.502484119025152
-1.13335535963225,-0.177133049352483,-1.15334174389718
-1.24809659889549,-1.05215397602107,-1.21475568872506
-1.19265815269311,-0.468750112823461,-1.29089125419107
-0.934274085583094,-0.760536912550092,-0.835551818420248
-1.21132630471167,-0.993791926148197,-1.12425604187889
-1.13730418433776,-0.643546437028736,-0.982904702467636
-1.16019410202565,-0.527024441956171,-1.15154142542043
-1.16618603515462,-0.295125106173321,-1.29725400660616
-0.506560199050395,0.287703251217974,-0.388579048172675
-0.419189440511967,-1.05122437369898,-0.638452514625915
-1.1319128076656,-0.935163500499714,-1.00477249250374
-0.999894428594276,0.461438939226753,-1.05434403607799
-1.07550561834298,-0.759771201539198,-1.16790447325362
-1.18103544547085,1.04435224624908,-1.16820975512405
-1.21665367983364,-0.761237607286355,-1.08947881842304
-1.09083765913886,-0.760151076355838,-1.21420461384441
-0.664013789747134,-0.527373811285787,-0.835034857517356
-1.1338384472072,-0.586421349724675,-1.15215252217861
-0.914484677058969,-0.528303413607875,-0.77854511982245
-1.12897587539385,-0.993525550372587,-1.0518801795444
-0.87287488225474,-0.818320685507524,-0.820821997424169
-0.67077533028828,0.753056002697731,-0.645100239981522
-0.917021420284986,2.27127562228834,-0.637655093628899
-0.701168117661928,-0.062570787311479,-0.696327873120058
-1.18478774747879,2.09546651591392,-1.17182547617478
-1.22033611652281,-0.469240668998739,-1.07493818928797
-1.23323276933421,-1.22569403304017,-1.28369153659577
-0.775224205167886,1.68879663422666,-0.542066182701216
-0.512996637687858,0.985990196376211,-0.521782091540411
-0.682311930427105,-1.05215397602107,-0.651518734027934
-1.00355384000046,-0.818833946148334,-1.0982279553547
-1.09078866091886,-1.10985279934747,-1.37683879742115
-0.889985060691443,-0.992705395217679,-0.958573527687817
-1.24705629662848,-0.236442236380823,-1.32016269311327
-0.559524371530508,-0.00350804270234356,-0.593276113880698
-1.00916135060083,0.229406217619732,-1.01538978058922
-1.02772909847797,-1.05054361231913,-1.1471198451521
-1.10091639531765,0.346717513060712,-1.09036721341369
-0.942437102062166,-0.293959633562646,-1.04891106853735
-1.12251197386337,0.229727037539356,-1.10143913172854
-0.804761897187528,-1.40114904289882,-1.01647847761212
-1.17971842310138,-0.819355543403155,-1.29761517965296
-1.23574967873813,-0.585576697033624,-1.41619721507551
-0.962371716383889,-1.10917203796761,-1.17941398839845
-1.05664946514355,-1.22537321312055,-1.12119422123141
-0.909942498201556,-0.585681417014646,-0.923238374212299
-0.92308942656132,-0.761237607286355,-0.774936721627937
-1.22318717954289,1.63013965916819,-1.08755507618966
-0.766175620540816,-1.05141404331104,-0.776191748150764
-0.583964424827671,-0.23581591914498,-0.716833585632993
-1.07108957952641,-0.877298480485624,-1.26226405025549
-1.17883701683893,-1.05122437369898,-1.33805825762094
-0.950821803490602,-0.702609181637872,-0.879295849525957
-1.16482690673202,-0.294470123094329,-0.940745770963541
-0.971699054690263,-0.468588457028874,-1.00977146277443
-1.17305413925989,-0.993791926148197,-1.02968606054669
-1.06399999536484,0.814672033284012,-1.06648845767421
-1.22321589879567,0.287833865933019,-1.25211299010208
-1.15432189958159,-1.34226539577113,-1.37306724742147
-1.20363907578325,1.16491752240347,-1.19399111576619
-0.84676649081466,-0.701142775890715,-0.760995148038418
-1.19469633770804,-0.469430874203318,-1.3073056835117
-1.25795378743882,1.27728643992757,-1.24641521692234
-0.640697657699814,-0.411312938086518,-0.474224313291739
-0.80502415954712,-0.235761475000967,-0.853745233352665
-0.910785334007394,0.46255874675342,-0.976694506170836
-1.21552602962845,1.16440703287179,-1.01402120051104
-0.912200505181952,1.16491752240347,-0.840267737184493
-0.686551100510069,0.408654363566618,-0.61287575415455
-1.25462320303433,-1.05064833230015,-1.36413874938457
-0.835910065292979,-0.527216882677357,-0.871060579132143
-1.16206276953564,0.640556470458594,-0.955372199962083
-1.16254404899931,0.640556470458594,-0.938429899494588
-1.03512278516022,1.04461862202469,-1.0382298202042
-0.544377065198587,-0.993471106228573,-0.538777463107154
-1.00985372928845,-1.8657951382647,-1.21734662074217
-1.18616349927842,-0.178324300264024,-1.04909345902784
-0.761860810581034,0.228884620364911,-0.927654145836551
-1.02139388642827,1.33852259569721,-1.04516419932614
-0.872978304465637,-1.10953197942784,-1.10080914488787
-1.02532088605217,0.228640506608838,-0.981101405765769
-0.877408036060731,-0.528303413607875,-0.803191001333599
-1.14384342116612,-0.818674782023298,-1.23009334998513
-1.17449767337449,-0.236686350136897,-1.00162930613127
-0.833902311473223,-0.760117799759689,-0.790206167287794
-1.20189507325803,-1.57561870224001,-1.33049360995722
-1.017932386704,-0.119695874615541,-0.901308593914399
-0.753389478302302,-0.644205122682107,-0.938513530314382
-0.182932436639779,-0.527378538471944,-0.328677431301971
-1.09778589825078,0.345630982130194,-0.983519640080519
-1.11828093438173,1.39758534030634,-1.04368979050831
-0.8022277236336,0.985990196376211,-0.844585301923866
-1.20523395617177,0.753056002697731,-1.17056383260438
-0.62410992441985,-0.0612918156597751,-0.779895555895969
-0.8624714500254,1.68844726489704,-0.762156966544133
-1.07037230126459,-1.34252061725034,-1.2240505964934
-0.691427230094892,-0.293959633562646,-0.794222408386897
-0.638445461317159,-1.40114904289882,-0.822487820686392
-0.419671444816033,-2.15741220173568,-0.663173036408063
-1.05054963104864,-1.86688166919522,-1.13411648834267
-0.863063657903116,-0.644205122682107,-1.02277064774407
-1.12000731183051,-0.469515823834355,-0.946490890431524
-0.570731195193656,0.0558011443259972,-0.573562171868697
-1.20735457335542,-1.57561870224001,-1.34849349974609
-0.644332520323236,-0.527024441956171,-0.623422339652765
-1.03790659280882,1.57161595350072,-0.928254342646853
-0.934744917807581,0.228725456239874,-1.12104632384373
-1.09074695141586,1.39717957075568,-0.917870521912214
-0.868588110650817,1.3982661016862,-0.853801446362028
-1.22619835340411,-0.935163500499714,-1.06505227253128
-1.04435169322663,1.33591486557605,-1.08290977947435
-0.717741172611873,-0.58600223693427,-0.83767808206601
-1.03434027394773,-1.28508816969955,-0.976901797648915
-1.26037234477072,-1.34252061725034,-1.43621247313155
-1.20398627713162,-0.236527186011861,-1.03148117940473
-1.15103114293892,-0.760151076355838,-1.25738206474762
-1.2181696099875,0.462139633963016,-1.3199780459479
-1.22359581503839,-1.40114904289882,-1.42497531775517
-0.816200572209422,-0.528144249482838,-0.769315016169601
-0.960898665302549,-0.00388791751898214,-0.987267028672443
-1.00907087980198,0.461438939226753,-1.06298760926857
-0.661960622125775,1.57161595350072,-0.668927070004946
-0.712215470387118,0.753435877514369,-0.848444703317965
-0.861295211461961,0.985669376456587,-0.931026529197906
-0.907025404176503,0.640556470458594,-0.740598709109199
-0.741173070750394,1.16527746386371,-0.664310869592098
-0.871275488848881,0.0547690575394932,-0.719713510963432
-1.15171514007093,0.462139633963016,-1.23516962327962
-1.159459502094,0.872789969400812,-0.958386924951099
-1.22747488674192,-1.22645974405107,-1.10005560812913
-0.98621515660256,0.578970945359335,-1.02028618071943
-1.11068295491102,-1.40114904289882,-1.33944527813976
-1.17071110634919,0.287833865933019,-1.21238946093926
-1.23393145114951,1.27728643992757,-1.29570238129747
-0.862725566203023,-0.293959633562646,-0.946390009765579
-1.23031669773233,-0.818641505427149,-1.22343809996987
-1.20351563539188,1.33852259569721,-1.14269013151907
-1.24271151763632,-0.993139714178332,-1.36091752379473
-0.674819065369162,0.0558011443259972,-0.670868694493411
-1.2325356172585,0.520067364875237,-1.28672823079409
-0.822568539958116,0.814672033284012,-0.814582601406366
-0.904295966175623,0.170941683282442,-1.06348764202103
-0.542686701240877,0.985990196376211,-0.472618485137204
-1.08494989272607,-0.586087186565307,-1.01354122180298
-1.19354637987501,-0.760727117754672,-1.26463461233055
-1.25067154446645,0.461438939226753,-1.2689397638251
-0.827701046426927,-0.818641505427149,-0.850340380688635
-0.985744425765724,1.57161595350072,-0.962307128666612
-0.877366263667893,-0.00320715613912464,-0.920447032809007
-0.922924747830227,-0.236175860605213,-0.930176349645279
-0.968515193267692,-0.760727117754672,-1.04151952273198
-0.993691484771183,-1.40046828151896,-1.15887180858687
-0.955199596850732,-0.352908879130753,-1.19147541904276
-0.953961756459137,1.97997937873699,-0.585071464068782
-1.21388387918586,-0.701522650707354,-1.22357731994729
-0.425641648502846,-0.469674987959391,-0.287372882902252
-1.1954002497042,-0.236686350136897,-1.02802352059426
-0.993847748478528,-0.528144249482838,-0.949366181604705
-0.872388480578039,-1.05130932333002,-0.85397991335451
-1.15656627659767,0.350025937918134,-1.13169436077755
-0.968114678200717,-0.294824219610102,-0.973785635547304
-0.976680510841795,-0.352588059211129,-1.05477970360311
-1.00701374335139,-0.819355543403155,-1.09637468887421
-0.961618826475518,-0.00420873743860585,-1.01329497402575
-1.18850181098864,0.229046276159498,-1.22148708823557
-1.08694541017954,-1.40114904289882,-1.26431471215817
-1.20271343614221,-1.34226539577113,-1.37428534382482
-0.667896458764689,-0.236686350136897,-0.442555062379017
-1.21660073747898,0.640887862508835,-1.19620965949936
-1.17297880475617,1.8632330169717,-0.983756423688654
-0.869370422831899,1.63049960062842,-0.86258922663736
-1.23910678866312,1.63082042054804,-1.15371188516169
-0.872746102164184,-1.574933213674,-0.972537242454279
-0.633177910732994,0.0584088744471562,-0.650500269175229
-0.825929090180524,-0.236848005931484,-0.625276564036027
-0.603804602849219,0.0550354333151033,-0.485129559315388
-1.07990208200643,-0.0624116231864423,-1.11001603034665
-1.03307867832744,1.04429780210507,-0.987748776478158
-1.20761677418659,-1.10917203796761,-1.3913958075036
-1.11261402998034,0.288034643268215,-1.17740498531353
-1.11242710753231,-0.00378319753795905,-1.20452182880675
-1.19826681024837,1.63082042054804,-1.07493142223776
-0.990114938312633,-1.40114904289882,-1.24690959734831
-1.02720426619229,-1.05215397602107,-0.951319007327626
-0.886742428731519,0.520768059611499,-1.00105313582702
-0.680869820996189,-0.469430874203318,-0.806215141985667
-1.23993585261488,0.229150996140522,-1.31643404936027
-0.978203344696728,-0.00388791751898214,-1.05335051980371
-0.776390002429427,-0.760205520499851,-0.881508799872046
-1.05586757322393,0.520501683835889,-1.08633765100009
-1.08677807037242,-1.28440268113354,-1.11211699351639
-1.18484543035847,-0.644205122682107,-1.35740002257908
-0.7433198111184,-0.818641505427149,-0.757091395192206
-1.02125188154583,0.229046276159498,-1.07655949819101
-1.16024139026973,0.578619619952689,-0.886828144301497
-1.20237894307974,-0.352908879130753,-1.41229231295647
-1.15612549255676,-0.235920639126003,-1.26092371112609
-0.784678307497285,0.170941683282442,-0.893040681701144
-1.16572278507003,1.16440703287179,-0.969086241784231
-1.09245695451323,-0.527052991366163,-1.20948871155391
-0.894467651897377,-0.760536912550092,-0.798500631524424
-0.881692828317529,2.09546651591392,-0.864141413975477
-1.21891333170672,-0.0039138122530037,-1.13964584177822
-1.137461954565,-1.57561870224001,-1.23593946506922
-1.12593490899266,1.68836231526601,-0.816132204196227
-0.503789370609409,0.931418395049295,-0.240295051786953
-0.957097584829795,0.287674701807982,-0.973121204842045
-1.02821860720778,-0.819355543403155,-1.11653974538863
-0.509727928945163,0.694373132905233,-0.566533486479677
-1.11144886369715,1.92103013316888,-0.895329159155081
-0.859135646558282,-0.468396016307687,-0.735716469997109
-1.24711681484539,1.63013965916819,-1.19288245544179
-1.17299707820682,1.10628909675499,-1.08830419294989
-0.878036937116299,-0.293704412083436,-0.943162501591043
-0.611279309269235,-0.527458760916824,-0.50755235043002
-1.18822097487279,1.33852259569721,-1.0762844497236
-0.862797494331268,-0.235920639126003,-0.918498202427945
-1.1321297378329,-1.80748753253584,-1.26932288407044
-0.867588794105284,0.578565175808675,-0.612384393000789
-1.08593192008667,-2.09878377608719,-1.26340384409028
-1.0409241090897,-0.00378319753795905,-1.12521009020682
-1.12105711984213,-1.05138826501018,-1.19893577469309
-0.84138913827447,-0.119695874615541,-0.715823084922967
-0.992381603216025,0.287513046013395,-1.03811262778062
-1.24482036148629,-0.00394236166299573,-1.33980396497743
-1.21580768902261,0.699184896107077,-0.903557520183789
-0.864314280437412,-0.528059299851802,-1.0276529463447
-0.339438976673321,0.641322181469488,-0.320074028434361
-0.673175209261819,0.287323376401335,-0.537504905311622
-1.04263346717857,-1.05173486323067,-0.974610105068199
-0.537446012522525,-0.819355543403155,-0.673982804240396
-0.845070246675741,1.39750039067531,-0.650747027638692
-1.17508114020722,0.698864076187453,-0.966681908110838
-0.756418486746706,-0.352908879130753,-0.95764845984274
-1.11392681940593,0.229046276159498,-1.19453506428585
-0.840355093527712,0.990481139658431,-0.611430379405014
-0.927039967822917,2.3870835793849,-0.813127228921294
-1.14452625784253,-0.701522650707354,-1.16772879348227
-0.576561606071602,0.753056002697731,-0.582920484307508
-0.929066228235758,0.985669376456587,-0.944315256331299
-1.14305656276429,0.753056002697731,-1.19404560379094
-1.11487254268884,1.10588332720433,-0.847574946086861
-1.03406126375502,-0.0612918156597751,-1.19294184307997
-0.887013511552011,-0.00282728132248606,-1.03225659787887
-1.13515058943091,0.461438939226753,-1.12503715519094
-1.22390173183454,0.873555680411706,-1.24396941516061
-0.756491487746139,0.640556470458594,-0.512745695843963
-1.25180189806502,-1.10953197942784,-1.40739250472781
-1.23574250755668,0.287268932257321,-1.05406590656182
-1.05886060342279,-1.40046828151896,-1.25905579046748
-0.613922976191635,-0.236442236380823,-0.707951160463509
-0.887185543818612,-1.34303110678202,-0.902127423464109
-0.858464302612655,-0.468909276948497,-0.95165249138777
-0.843040190598176,1.33852259569721,-0.805372531663335
-1.20916382993325,-1.05141404331104,-1.13413814999622
-0.478582506739497,0.520067364875237,-0.511857511351221
-1.05819316700488,1.63013965916819,-1.00968002522778
-0.73911708651127,1.62981883924856,-0.687184788845756
-0.784130326342336,-1.05215397602107,-0.792832280644356
-0.975359051769906,-0.585000655634789,-1.02930005634269
-1.10673240699361,-0.52705771855232,-1.16066813039472
-1.16158859208593,-0.992439019442069,-1.19531405733482
-0.862388077685709,0.0554212695093587,-0.823172890711763
-1.14291269879311,-1.28440268113354,-1.06183426696458
-1.18993911537856,-0.468750112823461,-1.25760467772795
-1.05798431199903,0.520768059611499,-1.10767710661088
-0.951194016881236,-0.586421349724675,-1.0765908898359
-0.988100796654888,2.3870835793849,-0.920177991768918
-1.26713318047672,-0.236496680524838,-1.3132713269513
-1.04609549581283,-0.235841697445846,-0.964469390200673
-1.05890939009392,0.170941683282442,-1.23028742338421
-0.697434318692264,0.228725456239874,-0.845579446946255
-0.815582111321238,1.68876808481667,-0.684683345164637
-0.844862284758579,1.39783178272555,-0.641173684720366
-0.89503755978631,1.68836231526601,-0.599731044657792
-0.725248394176297,2.44571200503338,-0.584114223448519
-1.02751155348023,-0.701489374111205,-0.93125004731925
-1.089898779806,-0.469620543815378,-0.953346130118433
-1.05219177971382,2.21315768617154,-0.94866463828743
-1.02706318090833,1.27728643992757,-1.09868147708377
-1.26670491934227,-0.586421349724675,-1.41041972853362
-1.05097192350986,-0.528144249482838,-0.978082247965323
-1.02182308104007,1.10628909675499,-0.906601323171104
-0.529702640551185,-0.760117799759689,-0.432832254046613
-0.953188171065994,-0.760471896275461,-0.974402145488056
-1.0263105478159,-0.759692259859041,-0.927264986451925
-0.974455006412712,-0.644205122682107,-1.13285462699845
-1.067830913153,-0.527792924076191,-1.12539866508015
-1.20682948637156,0.520501683835889,-1.27338639686832
-0.87862262986366,-0.177898760363377,-0.690703199183581
-0.868039129989858,-0.468396016307687,-0.802618676277047
-0.73763813868483,-1.05090355377936,-0.806445504034724
-0.765498622560251,-0.00359299233337998,-0.688530360587127
-1.12567328521266,0.520447239691875,-1.14159123916717
-1.20137424705143,-1.10953197942784,-1.41623828564313
-1.02426698320473,1.62973388961752,-0.782165941512113
-0.92518547877649,0.637248045601172,-0.725472317829235
-0.686531298340882,0.287408326032372,-0.695253717384329
-1.22399291113679,-0.586421349724675,-1.34915160512643
-1.23488987783992,1.92154062270056,-1.15924071171182
-0.672136593183756,-0.295210055804357,-0.581246620025109
-0.543086410236321,0.872789969400812,-0.301083927874802
-1.01247413343647,-0.178219580283001,-0.905993661006649
-1.16714437679437,-1.05054361231913,-1.36555542352195
-0.872717196662173,-0.469430874203318,-0.937000591226863
-0.991194359724599,-0.0624116231864423,-1.09850087994396
-1.24837647642344,-0.759771201539198,-1.23285976839007
-0.953054606733847,0.229046276159498,-0.972935280274682
-0.921345903103151,0.694373132905233,-1.00121447103522
-1.07061780607207,1.39717957075568,-0.81664292429368
-1.2047943326999,-0.876617719105767,-1.30116180069193
-0.901792177528741,-0.410992118166894,-0.716177083834894
-0.998103712758375,0.229046276159498,-1.0476071598237
-1.23799417393265,0.753056002697731,-1.2702277574324
-1.20357426419073,1.10696985813485,-1.16879782373116
-1.20503731563611,1.16527746386371,-1.08366008325975
-0.432065290967462,-0.410992118166894,-0.203687294755488
-1.06866608396168,-1.05215397602107,-1.01493255441725
-1.04639847550592,-0.702609181637872,-0.907848768565927
-0.786695635094616,-0.527738479932177,-0.942159708765371
-0.386588415733346,0.520067364875237,-0.44504020345458
-1.07773219923588,-0.410612243350255,-1.03273098969782
-0.946767551171082,-0.527537702596981,-1.10387621352282
-0.937829288333924,1.68836231526601,-0.671305516096197
-0.551710978925555,0.228884620364911,-0.676312080765406
-1.24279711105005,-0.644205122682107,-1.33208808975756
-0.987773015333885,1.10696985813485,-0.947528439665429
-1.21470850620829,-0.00359299233337998,-1.13991658016364
-0.772447174722151,1.92103013316888,-0.564687675606371
-1.14735818435006,-1.86688166919522,-1.22259914595048
-0.741068568861232,-1.51699027659153,-0.761745437180487
-0.649924805607022,1.45621376595483,-0.547381340052666
-1.00848098652,1.8632330169717,-0.999955147151797
-0.984898315603915,-0.469674987959391,-0.928116510445553
-1.0165994757438,-0.236686350136897,-0.883499513846023
-0.782843154713346,-1.86688166919522,-0.751412003239135
-1.01174607748962,-0.294804286253697,-1.14765285116669
-0.368711000525154,0.753056002697731,-0.303403079907928
-0.80319944466154,0.408654363566618,-0.817049616781429
-1.06353158112805,0.0558011443259972,-1.15785515168242
-0.735078299798201,1.63082042054804,-0.603937010726748
-0.973440011426077,0.698864076187453,-0.816520886757325
-1.04775826977424,0.34970511799851,-1.0697995481625
-1.18013312483823,2.73700824858473,-1.02584174315828
-0.782000678548149,-0.178057924488414,-0.574144407258389
-0.694701900325567,0.520342519710852,-0.657061200293533
-1.00841370513036,1.62973388961752,-0.798481927412274
-1.04833228032713,-1.10985279934747,-1.22507424847222
-1.01402735155556,1.16517274388268,-0.987001060444241
-1.10136544133651,-0.818674782023298,-1.23201388148472
-1.22754883453032,1.39758534030634,-1.20009420166563
-1.1637772123608,-0.410612243350255,-0.965196102203967
-0.877343961410084,0.520257570079816,-0.684251359980145
-0.626295707542263,1.39715102134569,-0.50029582256041
-1.26592749547544,1.98074508974788,-1.08612022313242
-0.789886693603343,-0.236876555341476,-0.768912852132551
-0.676368991736413,-1.86688166919522,-0.738784045977775
-1.26624756494389,0.287268932257321,-1.15347231186136
-0.659003177252753,-0.00378319753795905,-0.736556891598777
-1.20057034659943,-1.40114904289882,-1.44115417232055
-0.733822962227612,-0.527052991366163,-0.863241977911821
-1.2050367616912,-0.236496680524838,-1.37812950169241
-1.11211142291904,-1.05141404331104,-1.06517052888451
-1.03275279209706,-1.05176813982682,-1.16315478938902
-1.20380637569332,1.57161595350072,-1.20257414229879
-1.0620794179449,-0.235761475000967,-0.990165571170242
-0.918234704103498,0.287408326032372,-1.00455779516005
-0.731603140687917,1.63024437914921,-0.644157130635108
-0.488372062269774,1.39717957075568,-0.200346625192353
-1.13260264213204,-0.527537702596981,-1.23053254092494
-0.978142049376185,1.9213509530885,-0.75363308383821
-0.409797863088369,0.699184896107077,-0.225250921259949
-0.899881303561214,2.67837982293625,-0.832816007280922
-0.947761286971219,-0.644205122682107,-1.10897821286519
-1.15036624336785,-0.993106437582183,-0.985140310168153
-1.1978631636228,-1.28405608291305,-1.33315001982042
-1.0629652678303,-0.469110054283694,-0.976919092797878
-0.641561062983842,1.33920335707706,-0.58710279178415
-1.02768343031854,1.3982661016862,-0.942527476528657
-1.08380123096075,-1.10985279934747,-1.37532780264792
-1.22643508925759,1.74742505987514,-0.939961861644351
-1.18042019045186,-0.295125106173321,-1.31912123159266
-1.04979974449889,0.815352794663869,-1.07441153449871
-1.20951738678599,1.74742505987514,-0.880594975361008
-1.23773789794469,0.811553813631169,-1.10769693620045
-1.23300922813239,1.33852259569721,-1.23402995931289
-0.993736344627874,0.11323831906294,-0.767095691397661
-0.482136652918311,-0.411312938086518,-0.265727696694393
-0.760103696790873,1.45570327642314,-0.470754230986116
-0.696268024514001,-1.86688166919522,-0.565569578566905
-0.439783576207764,-0.236848005931484,-0.368951071676857
-0.954995628419555,0.814672033284012,-0.98430603098703
-0.997294464930315,0.229890928850549,-1.06595954140522
-1.01164693500236,1.62973388961752,-0.768153032468788
-1.19479461615016,-1.51695699999538,-1.23173971395107
-0.91796942167013,-0.527112162696334,-0.955784532421017
-0.855848959943406,-0.585576697033624,-1.04019458161625
-0.995193647419923,-0.469240668998739,-0.867552958185037
-0.969692688909423,0.170941683282442,-1.10132180174915
-1.05693170132416,1.10628909675499,-0.944079984189681
-1.19488777536679,0.753435877514369,-1.23442530028898
-1.00263811619269,1.9221166640994,-0.951201362333536
-1.23577851768204,-0.526372229986305,-1.30984818037148
-1.23439543363793,0.170522570492038,-1.36704912149885
-0.935704445845453,-1.28432245868866,-1.09687818765781
-0.825182580584539,1.10696985813485,-0.737784658184605
-0.938634788714065,-0.468396016307687,-0.83879646020948
-0.733641663636476,-0.352588059211129,-0.843153340009658
-1.03415761518888,-0.877298480485624,-1.19055490952993
-0.928106076518238,-1.63356163932248,-1.07625800294918
-1.19129097633737,-0.818320685507524,-1.16470122830376
-0.917017824634916,0.287674701807982,-0.987645701142695
-0.816864767588233,-0.061726134620428,-0.942281247055594
-0.943179946651516,-1.51587046906486,-1.04675028003106
-0.748150054566016,-1.10985279934747,-0.99302414011486
-0.831135792669195,-1.34252061725034,-1.02461176954762
-1.15444448216763,-0.993791926148197,-1.07235951072031
-1.25834894234756,0.753001558553717,-1.24977739676358
-0.845494639271913,0.641322181469488,-0.769113649292491
-1.05516326036648,2.09546651591392,-0.996794861484941
-1.0922648484372,2.09546651591392,-0.978732077894872
-1.13550547181089,1.10628909675499,-1.11531383841456
-1.05702799599455,1.63013965916819,-1.0088564269852
-0.86064949049388,0.461438939226753,-0.926720609569018
-0.805684615570874,0.461818814043392,-0.91256679276688
-1.23012811628585,-0.294804286253697,-1.34119251956842
-1.16244628876494,-1.86688166919522,-1.18698583321452
-0.700543224841015,-0.527458760916824,-0.524810457251624
-0.87678496602414,1.16491752240347,-0.80337851790581
-1.10706216864498,2.1540949415624,-1.01931221237935
-0.624706176080296,0.520447239691875,-0.661645946827321
-0.613716258835305,-0.760727117754672,-0.72366461165375
-1.08801142308414,-1.80716671261621,-1.1502504585759
-1.22583424943722,-0.993139714178332,-1.24913633388895
-0.842612054108893,-1.86688166919522,-0.795853985469517
-0.872082253946369,-1.2253399365244,-0.843243569481338
-0.932842643524712,-1.40114904289882,-1.15488685113809
-0.650772604151173,0.350025937918134,-0.558523816306104
-1.04810285705324,-0.236876555341476,-1.11937141237998
-0.766130757734392,-0.586421349724675,-0.959848198699328
-1.25424148461762,0.753056002697731,-1.31934371937249
-0.86708406172284,-0.352588059211129,-0.998442391105939
-1.02586224013814,0.407567832636099,-0.87353243321352
-1.254293809419,0.753435877514369,-1.292741170277
-0.907428539023228,-0.294385173463293,-1.09897936613031
-0.941492745602777,0.34970511799851,-0.944018737077031
-0.556975533638889,0.752735182778106,-0.69990498263061
-0.668062016743406,-1.40114904289882,-0.890422598839864
-0.798593986447138,-0.644205122682107,-0.93982391138118
-1.1598012304379,1.10628909675499,-1.12225816045106
-0.976536634353154,-1.86688166919522,-0.968815155253579
-0.534001517409499,1.63082042054804,-0.443978633205872
-1.23961101698141,-0.818641505427149,-1.13023251191242
-0.397209316721152,-1.05122437369898,-0.585590735415042
-1.00287892347319,-1.05130932333002,-0.987753996826335
-1.05748527801099,-0.585740588344817,-1.07886879754911
-1.10556157264533,-0.0618900259316222,-1.15070811649739
-0.73132164001213,-0.819355543403155,-0.812916210257389
-0.913123995412352,-1.34252061725034,-1.11307179625053
-0.759012881388574,-0.527373811285787,-0.801923468031667
-1.0285164320895,0.407567832636099,-0.751075543836789
-0.952052635238659,0.0544196882098774,-1.01532243956206
-0.894664236161192,-0.235495099225356,-0.932576460547548
-1.15452469190089,-1.57561870224001,-1.26310646060481
-1.22129053127249,0.054334738578841,-1.06985868846563
-1.21548877142527,1.86291219705208,-1.13841049168485
-1.11687068858218,-0.352588059211129,-1.26052097888196
-1.00968383709166,-1.05106744509055,-1.16511230317497
-1.22425383779634,2.38676275946527,-1.19736304742649
-0.995212904985022,-0.294123524873839,-1.10583703079891
-1.03346801360015,-0.00282728132248606,-1.07529598173833
-1.02575205486797,0.931852714009948,-0.810546292534738
-0.610900032097728,0.753056002697731,-0.671505570106992
-1.08894306282441,-0.0612918156597751,-1.23429133708503
-1.21122119162251,-0.00359299233337998,-1.01303374062772
-1.20186411561097,-0.236175860605213,-1.32134909631058
-1.1776065124357,-1.10953197942784,-1.37342147714893
-1.19100677468852,0.812064303162853,-1.23506607940327
-1.20438435246607,0.170522570492038,-1.32470670258135
-1.05313109144742,-0.760727117754672,-1.09932519557257
-1.07077928347202,0.229570108930926,-1.2114130790576
-0.792517911892065,1.45570327642314,-0.597080821968826
-0.937805364327508,0.640556470458594,-0.750696466386861
-1.03394708291892,-0.235841697445846,-0.865338481729097
-1.03945404306349,0.0584088744471562,-1.04137122786933
-0.594946675033378,-0.00388791751898214,-0.61098492052384
-1.13510492720876,-0.528144249482838,-0.992872636074281
-0.710579845928395,-0.236686350136897,-0.596403895924566
-0.891646201861655,-2.15741220173568,-1.05761344157357
-1.02453904590416,0.520501683835889,-1.09962211367462
0.0106548135121895,-0.469620543815378,0.248253415625157
-1.19706968692556,-1.28432245868866,-1.27924905955923
-0.68788156440123,1.63082042054804,-0.609343859137544
-1.20750528324315,-1.80825324354673,-1.17807535855784
-1.21532290327068,0.229727037539356,-1.20348389843435
-1.17077832749619,-1.80748753253584,-1.26980278896695
-0.94162441669734,-1.05215397602107,-0.831269996683662
-1.07710375259061,-0.468750112823461,-1.19282427450577
-1.05866906736394,-0.527052991366163,-1.15231508706069
-1.2484710071151,-1.05176813982682,-1.32094010971594
-1.1774784117672,0.87387650033133,-1.08444035965957
-0.346342067384071,-0.644205122682107,-0.560690134958586
-0.892749263954307,0.579130109484372,-0.898612517458886
-1.04944701818535,0.229205440284535,-1.06152996249086
-0.711411473879676,-0.759607310228005,-0.829395677986833
-1.1920150579715,-1.10917203796761,-1.37094786234405
-1.19933953421373,1.68876808481667,-1.1352997045101
-0.819709242188414,1.39715102134569,-0.769747357827729
-1.13983543799542,-0.00378319753795905,-1.20546171694025
-1.08639668156956,-0.817989293457283,-1.20520237761157
-0.71793814639184,-0.236527186011861,-0.591248904145102
-0.854558274727458,-0.00359299233337998,-0.705254291437603
-1.11519010730372,-0.178219580283001,-1.07137598028385
-1.1824031788725,-0.294790943013954,-0.995741525365361
-0.832026560517467,1.39750039067531,-0.573689120412821
-1.10825614063085,-0.00266339001129183,-1.23900890185142
-0.909191311386379,-0.294804286253697,-0.945781671262187
-1.1606449020017,-0.00350804270234356,-1.25879820476944
-1.00623489260748,-0.0618900259316222,-1.12021961064391
-1.07360621570176,0.0550354333151033,-0.841261225544923
-0.549037896348436,-0.585000655634789,-0.717446145077093
-0.459384882503727,-1.1099377489785,-0.47521509995725
-0.660670583582274,2.1540949415624,-0.541045587701179
-1.2116944431961,-0.0624116231864423,-1.3135384788184
-0.92324666515574,0.229205440284535,-0.965494554378178
-0.867145484638286,-0.818235735876488,-0.965121503574945
-0.73011161905319,0.699184896107077,-0.442590886835343
-0.919967087399722,1.22303545852027,-0.628969152242609
-1.0736401454327,1.92103013316888,-0.82672408381111
-0.888174398641012,-0.294385173463293,-0.965718541086175
-1.22065181335101,0.287323376401335,-1.04197488965828
-0.812557801273603,-0.294804286253697,-0.946244004296502
-1.16813451153659,2.15452926052306,-1.04252169687684
-0.940360793097137,-0.469515823834355,-0.861005352957273
-0.975848276266378,-0.701489374111205,-0.910617364297191
-0.383808441226211,0.753001558553717,-0.425090350485563
-1.04028304968453,-0.17781381073234,-1.12060427864377
-1.25895396644118,-1.05064833230015,-1.41644281021769
-1.1584801830808,-1.10953197942784,-1.37370945636569
-0.488330333366603,-1.05141404331104,-0.423133592570155
-1.1453875667355,-0.818235735876488,-1.28208732456182
-0.472026495341332,0.699184896107077,-0.134580565825146
-1.23874292838964,1.33920335707706,-1.13719086724972
-1.26785347140017,0.348939406987616,-1.02409236320814
-0.506575322865878,-0.818235735876488,-0.725377126555724
-0.493714399576934,0.932504925979813,-0.406396510176322
-0.679206893724244,-1.34226539577113,-0.799471915100933
-0.431508854664819,0.0584088744471562,-0.42926901680596
-0.989689715782337,-0.00388791751898214,-1.08032659853943
-0.768014990687984,2.44539118511376,-0.680004975566771
-0.873754200975343,0.348939406987616,-0.650025979859604
-0.889840594445095,-0.295125106173321,-1.03943343947648
-1.1972479925956,-1.63356163932248,-1.31101721822335
-0.995387147925963,1.33591486557605,-0.962532080919371
-0.932111370666076,-0.236686350136897,-0.798483171637966
-1.18199747272755,-0.760117799759689,-1.13523115298268
-0.791386968006357,-1.86688166919522,-0.825816943981538
-1.0123071972891,1.16440703287179,-0.741433462368224
-0.890170656818064,1.74742505987514,-0.600616116984689
-1.00368798732105,-0.236848005931484,-0.926610359915645
-1.17740592205499,0.814672033284012,-1.21440878437064
-1.06389300628269,-0.00359299233337998,-0.971465445667959
-0.582175360880608,-0.818833946148334,-0.760870266949857
-0.890130543083325,-0.0618900259316222,-0.97234955428051
-1.25769076230828,1.57161595350072,-1.22482468947134
-0.880732647556475,-0.178057924488414,-0.680453267017652
-0.751925277254837,0.287674701807982,-0.821291041680992
-0.83021608868706,0.753435877514369,-0.935434210838336
-1.14434090075781,-0.527378538471944,-1.27086986204288
-0.756850606889527,-0.178219580283001,-0.623456346047791
-0.700140162224955,-0.993106437582183,-0.632126420925284
-0.748966682363739,-0.0618900259316222,-0.830887359073424
-1.0807631049643,0.287323376401335,-0.943454238424309
-0.296716771010624,-0.469110054283694,-0.384488385537359
-0.368827550943054,0.170522570492038,-0.529855833159466
-0.970751474625454,-0.236581630155874,-0.885167116273193
-1.07414078040776,-1.22645974405107,-0.974391768398678
-0.977003003441065,-0.062570787311479,-0.957811534404327
-1.02420514774252,0.0547405081295012,-1.00753522632581
-1.14277379071534,0.461438939226753,-1.18080156783498
-1.25738279283764,-0.58600223693427,-1.4397609426625
-1.24053361378277,-0.701142775890715,-1.34285430685353
-1.0705443808782,1.92186144262019,-1.03719060483358
-1.10097715102597,0.228725456239874,-1.12342963733307
-0.486019853266151,0.229205440284535,-0.531602260190011
-1.15472527887806,0.288355463187839,-1.16131487561467
-0.513832696290825,0.637248045601172,-0.328456002601189
-1.08654384958314,-1.22569403304017,-1.1925157706445
-0.741769592803121,0.054334738578841,-0.548551989403326
-1.07022571574784,2.3870835793849,-0.918558548060414
-1.07525341574855,1.04435224624908,-1.07388739744749
-0.916805607159253,-0.526371391667578,-1.02849773852364
-0.90828843941823,1.63082063012772,-0.76341694708952
-1.25916742533886,0.753000790094884,-1.2910974973438
-0.802870241871302,-0.760728049219925,-0.915320635797855
-1.22605257732462,-0.992786316261498,-1.13831124709103
-1.00404221179691,1.63024545033425,-0.90677484986915
-1.25676195510677,-0.644204074783698,-1.42493404085384
-1.07944036169925,2.38708425469721,-0.903048596182636
-1.2579911243772,1.45570283397715,-1.00007823305927
-1.01455839155636,0.113398531086386,-0.781825938423206
-1.2234047751021,-0.760537098843143,-1.14564135615259
-0.95057268673388,-0.23668569811122,-0.831684248334414
-0.543240708929222,-0.992439345454907,-0.681398587507333
-0.986741454830383,-0.00388691619383548,-1.07531880291504
-1.18914505213806,-0.0625715557703125,-1.16639421682469
-0.616819175511421,0.287324051713644,-0.311919283100954
-0.745652588182267,-0.00317434527560217,-0.592429741137019
-1.18650965392504,1.68876708349152,-1.10823919918097
-0.669773707277689,1.33852217653784,-0.593347809468973
-1.23175176588355,1.86291149845314,-1.25225163267457
-1.11238174266604,0.461817766144983,-1.22192292274044
-0.873787897147851,-1.28508709851451,-0.809242238760564
-0.96704846361751,-0.00429443224184446,-0.842276867437608
-1.02629424849361,-0.23668569811122,-0.906349313242381
-1.15655915193127,-0.760150540763317,-1.1758445817386
-0.909607499940417,-1.57526413999161,-0.898584259944835
-1.12516986046997,1.39750022766889,-0.839494257579159
-1.13511322458351,-0.818320545787737,-1.06340794019049
-1.16034388751213,-0.119695991048697,-0.934895226362769
-0.875144396601143,2.38708425469721,-0.760229908511067
-1.03420157764573,-0.934842191560832,-0.901887513046795
-1.17577995880698,-0.0624108780142402,-1.19424363935558
-0.854280701357728,-1.57558549550376,-0.911782170958024
-1.22415680599499,-1.34252124598938,-1.36385981228859
-1.13169694102867,-0.294804472546747,-1.21692541428622
-1.02673546062413,-0.528304182066708,-0.78822909906966
-1.13273626844642,-0.468429595630044,-1.12230580020086
-1.0322095239741,-0.528143504310636,-0.916943109761061
-0.933520009957304,0.932184432073027,-0.865219170140682
-1.07102685063516,-1.5756180967876,-1.22402475000411
-0.96674672095964,-0.00388691619383548,-1.01590170693122
-0.426555662145624,-0.295505400149324,-0.495577816206019
-0.97603872330614,-0.644204074783698,-1.19388048593529
-0.862670425464583,2.44571300635853,-0.747956034818402
-1.18890154781747,-0.294790500567959,-1.14745123452923
-1.22811742891785,1.62981930498119,-1.16563174209587
-0.35364315473188,-0.29395916783002,-0.481049699798915
-0.568035870109751,0.0547395068043552,-0.60148489311249
-1.05438040516963,-0.4692399703998,-0.934321675384692
-1.01096293057165,-1.28508709851451,-0.958808791592561
-0.799840335648894,1.33852217653784,-0.787989370321195
-0.869452544560022,-0.00391486015141287,-0.783321643680719
-1.07780609563084,-0.469109565264436,-1.14392372432098
-1.22809265871595,1.62973314444532,-1.00884550443167
-1.00001105997859,-0.527377374140379,-1.1037071376658
-1.20530388388877,0.461438194054551,-1.32323206862227
-1.22607594829373,-1.28400194149524,-1.26566331708291
-0.67814754820165,-1.05173409477183,-0.5775518801638
-0.121239666295047,-1.51698934512627,-0.169114662638653
-0.510181754591921,-1.63356222148826,-0.73555428456039
-1.1746102380211,1.39717887215674,-1.00037865384654
-0.833110309416063,1.16440803419694,-0.548702578235598
-0.790093733917725,0.98599052238905,-0.840865908638814
-0.861319220405588,-1.0521532541355,-0.872511071726527
-0.915051271791585,-0.760150540763317,-0.911607823318128
-0.990545514950431,-0.00378212635291862,-1.00884847885866
-0.942546082441648,1.97998038006213,-0.651437886356599
-0.459339686150462,-0.0624108780142402,-0.569949597121079
-0.963010882891829,-0.00388691619383548,-1.01603531727661
-1.21484041161762,-0.00378212635291862,-1.29535882729185
-0.81954796208029,-0.702609274784398,-0.674512275583227
-1.10031506171939,0.815353074103445,-1.07381756476572
-1.10646291237796,-1.10953151369522,-1.28114840970659
-1.0485336164611,-0.0625715557703125,-1.11058725367544
-0.967044379370481,-0.527791876177782,-1.10963456315055
-1.21114053761393,-1.2839693402114,-1.16629610022511
-0.999955998277895,0.287834028939438,-0.950456980403478
-1.00396461110335,-1.8657951382647,-1.1713307162577
-0.866351164014595,1.86291149845314,-0.787435305500765
-0.312202039708149,-1.34226509304492,-0.451617450906563
-0.931987018088385,1.10628925976141,-0.927031180931617
-1.11774662804217,0.520257896092654,-0.936441574671894
-0.743449363812354,-0.819354472218115,-0.904653617123446
-0.833765679795922,0.641322763635271,-0.839282138834869
-1.19379564808922,-0.236175720885426,-1.30932650815927
-0.92919275022933,-0.993105343110511,-0.83972454412353
-0.659664439537123,-0.528143504310636,-0.563489322442686
-0.847025868485701,0.520446517806304,-0.882072755806243
-0.933831055622298,-0.468396994346203,-0.827779676834372
-1.16434270570813,1.57161669867293,-1.08993091439485
-1.12447724024452,-0.586087629011302,-1.05540097033903
-0.472145313272676,0.462139121657127,-0.517624412319283
-1.04610681738341,-1.57526413999161,-1.03615260669
-1.08422921697579,0.461438194054551,-1.20077200438792
-1.16408532251105,-1.28400194149524,-1.1046742037794
-1.01035286508014,-0.469514752649314,-0.832707066375426
-0.164443436448912,1.33852217653784,-0.189509190155325
-1.09157431927059,-0.00359350463926894,-0.875817489161206
-0.870664204512168,1.39750022766889,-0.613829618571372
-1.04783267647317,1.04461927405037,-0.966414535495491
-0.909300803242167,-0.178056946449899,-0.78360904974828
-1.09921832794061,-0.00266436804980723,-1.19854137230888
-1.0650212679148,-0.294823101851799,-1.16522411920735
-0.850520546893249,-0.760471896275461,-0.94037573394126
-0.886688445196404,-1.0521532541355,-0.855655382454674
-0.812125599445841,1.57161669867293,-0.833344138758793
-0.61056422681963,0.694372038433562,-0.662926270165329
-0.856686247224021,-1.51663538833029,-0.88203033590126
-0.996226551300344,-0.00320694655944267,-1.01312149491853
-1.04981830123745,-0.818674502583722,-1.10438943863693
-0.839834568345249,-0.702609274784398,-0.718631065728471
-1.11004146911802,1.39750022766889,-0.92696494044245
-1.06997659407489,-0.00420827170598007,-1.13481729560366
-1.14484753575648,1.62981930498119,-1.0967757731485
-0.889710409827365,1.10665020254679,-0.731135484969458
-1.00950651833454,-0.294124502912355,-1.08733358205149
-0.967436845256354,0.0551004495897349,-0.988705461566978
-0.559640473437577,1.86323285396528,-0.442159899685507
-1.11646595187865,0.582258551968362,-1.04582269261752
-0.869583391733382,0.0547697794250641,-0.710006636407635
-0.765117428818009,1.63024545033425,-0.710977329217184
-0.235868219064984,0.228883921765972,-0.426171931306279
-0.247230745570035,-1.57558549550376,-0.326073291181628
-0.730448222272144,0.873299527467243,-0.694250431718984
-1.24603468028325,-1.86688169248185,-1.28878229800383
-0.668428931126056,-0.877298596918781,-0.792117785299134
-0.675783601147697,-0.00420827170598007,-0.741952908061667
-0.992712397085201,1.51433158563847,-0.628349127901962
-1.2380023656086,0.811364074159216,-1.29231149054799
-1.08090063128078,-0.294804472546747,-1.07676797120301
-0.873601080663344,0.461438194054551,-0.887635149817497
-0.195447787627659,2.44539165084638,-0.0729731800528901
-1.17166923980579,-0.528143504310636,-1.03898678853649
-1.23932914081962,1.10628925976141,-1.22575505756228
-0.554228467952195,-0.528304182066708,-0.421103774948492
-0.941230954898082,0.699951515296592,-0.802031413190526
-1.01606876879821,2.44539165084638,-0.903637821475766
-1.21243013861356,1.63024545033425,-1.18173970151416
-0.989763948900774,-0.760728049219925,-1.04099858158817
-0.951327705177844,1.92143546027354,-0.898745569984808
-1.17852184997959,-1.05106809711623,-1.30250634341884
-0.988226456796703,0.287002696201499,-0.83559488171667
-1.21369534758232,-1.51663538833029,-1.23749979368859
-1.15274544845018,-1.5756180967876,-1.23461155716848
-0.807481281133636,-1.05090276203389,-1.0125431450457
-1.25366042329294,1.45621281120294,-1.16756504482401
-0.385116816148021,0.69886402961419,-0.053051962121351
-1.21864900978992,1.22303445719513,-0.907631649123454
-0.67609445772718,-1.86688169248185,-0.672246168565913
-1.13307949646532,-0.528304182066708,-1.04285095999628
-1.10535298043053,-0.935163547072976,-0.945314848215922
-1.11283380830487,0.93141830190277,-0.928698995229509
-1.07728210186377,-1.10953151369522,-1.23871320093066
-1.1260610961158,-1.10993670108009,-1.10254438107158
-0.488124929776401,-0.644204074783698,-0.695848862702387
-0.719063761847859,1.16491801142273,-0.54741727113076
-1.25579202207142,-1.51698934512627,-1.25649861824252
-0.977939599944549,-0.29395916783002,-1.05143593880548
-1.20173432761901,1.45621281120294,-1.1676762446924
-1.19863396813534,1.57161669867293,-1.20755962139232
-1.10056537311837,0.287002696201499,-1.01265957098233
-0.848230343188444,1.16451282403785,-0.623922637815634
-1.03651469851443,-1.28440247155385,-1.03377555354579
-1.0570237827912,-0.295505400149324,-1.21964178983316
-0.929360166540446,2.09546577074172,-0.848057865816811
-1.00729728104538,0.873299527467243,-0.961183716419854
-1.25912801991844,-0.585740658204711,-1.37196075550011
-1.24324495047645,1.74742610777355,-0.944430100787973
-1.10759920284556,0.578618851493856,-0.980670404430205
-0.657663158492567,0.520767873318449,-0.777509584504422
-1.16543966638953,-0.237007053623365,-1.14797317691093
-1.09455358839325,0.640887303629684,-1.02783259898955
-0.699475259288163,-1.28405550074726,-0.72564487028804
-1.17243329653716,0.578886647753976,-1.01516079318304
-1.02070094782063,-1.34268425240859,-1.11041434153977
-0.936589737588251,-0.00352830207158726,-1.01437580391805
-0.142055711989782,-1.28405550074726,-0.296503057705794
-0.835341140270529,0.699185385126335,-0.646198212182997
-1.05081561385474,1.68944938178905,-0.937111615146464
-1.17771570281355,0.814673104469052,-1.20362938635313
-1.13050577794587,-0.819354472218115,-1.11967724914121
-1.23380251169769,-1.10953151369522,-1.31610977737509
-1.07595691497104,1.10665020254679,-1.00417928330886
-0.699065700072128,-0.877298596918781,-0.947419239298379
-0.489454200916162,0.694372038433562,-0.642599274954348
-0.909744019679095,-0.295505400149324,-0.938334807521178
-0.889403334958094,0.287268163798488,-0.712507870048447
-0.641938051086156,0.519936540580509,-0.415566746393043
-1.01542587806205,0.0543343194194771,-0.858829685451945
-0.968839632842649,1.16451282403785,-0.801101462251531
-1.14401155089687,0.287834028939438,-1.173583052639
-1.1227967238602,-1.2839693402114,-1.19239703852022
-1.03680278919843,-1.51695674384243,-0.982511329006365
-0.625563245865205,-0.295209659931625,-0.546594245350968
-1.19529884008166,0.931853761908357,-0.974148476744279
-1.22321342056534,-0.236848704530424,-1.18385915820662
-1.22241298378172,-0.120355002714906,-1.33169541167156
-1.13858672541386,-0.818320545787737,-1.10135917675138
-1.12419697770065,-1.05138712396524,-1.21061292456218
-0.769861206108808,1.68876708349152,-0.6228483823222
-1.11934519476618,-1.34303122321518,-1.06037283213969
-0.8999596008458,-1.10993670108009,-0.87986852190406
-1.15334734544763,-0.00350734410340389,-1.2966785447189
-0.294372032397354,1.68879735611223,-0.123764046958743
-1.15329943117923,-0.818320545787737,-0.982975400478858
-0.561232195266099,0.640235277952869,-0.286282184318788
-1.07220439956119,0.520446517806304,-1.16732498229907
-1.15476306648285,-0.877298596918781,-1.36399842163902
-0.855417105276641,-0.00352830207158726,-0.868212150237951
-1.0260309280115,2.15409452240304,-0.889207755452921
-1.25101390685189,-1.57558549550376,-1.15460027978626
-0.976816016023257,-1.4011499976507,-1.2148041045715
-1.04697464424302,0.521187032682116,-1.13157500521337
-0.532855754514152,-0.876618627284388,-0.627443008987256
-1.20330498532165,0.346716604882091,-1.14726284535166
-1.06816564650534,-1.86688169248185,-1.04605487501589
-1.02362368037561,0.985669166876905,-1.12614844728834
-1.13680463229323,1.39750022766889,-0.882789335538381
-0.827739524571999,-0.294443529761368,-0.918368364113594
-0.808390782439788,0.229205277278116,-0.858729975795027
-0.333920401459633,1.22303445719513,-0.0430233817787054
-1.18883827980561,-0.527372716814115,-1.26178654114552
-1.00526737245452,-0.644204074783698,-1.2731015651902
-0.802055283320467,-1.2839693402114,-0.81712174389042
-0.905706287685005,-0.236527349018279,-0.731881004961045
-0.913497367065191,0.228639412137166,-0.741387855250315
-1.17415004170531,-0.586087629011302,-1.1451594149176
-0.913776835449908,-0.00391486015141287,-0.781196560653672
-0.917336559273114,1.63024545033425,-0.810889743670938
-0.945420636008519,-0.760150540763317,-0.958417922598819
-0.912601479915804,-0.993470943222154,-0.739299009896144
-0.915095895972095,0.348940478172656,-0.78214653955363
-0.781624215725383,1.63014066049333,-0.661423003914397
-1.14160952202107,-0.00429443224184446,-0.989065884783609
-0.984504762325087,-0.818832851676663,-1.08867462396935
-1.20548495217375,0.287324051713644,-1.01943556918848
-0.604918133472083,1.10596790424926,-0.564990869017211
-1.11770173914195,1.45570283397715,-0.888573414966347
-1.21138593278963,-1.05122411754604,-1.43824233363072
-0.35013599668063,-0.294385313183081,-0.476354909533622
-1.19144244109227,-0.992704813051896,-1.28218918907669
-1.12018681437401,0.461438194054551,-1.19421860465605
-1.26036781579457,-0.0625715557703125,-1.42578644967086
-1.25400414293417,0.873299527467243,-1.26194272789516
-0.984503438726513,0.811552695872866,-0.795583792639775
-1.10665540142778,-1.05141506792282,-1.09770679176951
-1.20226312415805,0.0550352470220533,-0.990158763850862
-1.02077385919353,-0.00282737446901108,-1.0252019695376
-0.851088181596174,-0.527538051896451,-0.911091808740624
-1.20928867193988,0.407566901170847,-0.986714063017188
-1.17483770789039,-0.527458877349981,-1.10798942551798
-1.12892003121949,0.229889904238772,-1.2112159755411
-0.256927050555374,0.462139121657127,-0.367836368094735
-0.733208114385365,0.228639412137166,-0.578113975021906
-1.17806411177545,-0.761238026445719,-1.13751622384826
-1.04885854100257,0.17052296636477,-1.1874867825481
-1.24124764022762,-1.0521532541355,-1.21169650072004
-1.10790684497136,-1.63356222148826,-1.30776971549296
-1.24915894017546,1.9218616056266,-1.09256260594603
-0.832416743763056,-0.992760700967052,-0.912515539728932
-0.819379297804804,-0.0624108780142402,-0.956070470494456
-0.824616966449381,-0.819354472218115,-0.916835319730009
-1.15188106294686,-0.992760700967052,-1.28224883667979
-0.550082200875001,0.814673104469052,-0.517685679108912
-0.869279720403302,0.229205277278116,-0.887066037599704
-1.1271938317758,-1.05138712396524,-1.26551108870071
-0.898043030110008,2.09546577074172,-0.793333825778542
-1.01572262886244,1.45621281120294,-0.936485863889842
-0.347940335731142,2.44571300635853,-0.218436585435465
-0.689091061215135,1.68836189610664,-0.328412162292915
-1.01058861689479,-0.701908347181821,-0.79611771921664
-1.00524661086545,0.932184432073027,-0.98623392460528
-1.1930965233222,-0.760537098843143,-1.09348557842169
-1.06350506683922,1.45570283397715,-0.825640357742125
-0.704795747386398,1.57161669867293,-0.628706407378061
-0.89298385818747,-0.469619542490231,-0.82640236475374
-0.69422095111865,2.27127517984234,-0.336262135481154
-1.05826959158657,-1.05138712396524,-1.19277895952236
-0.637547863700243,-1.86688169248185,-0.652469730181924
-1.09243995273828,-0.294804472546747,-1.16614661659838
-0.953691160609469,-0.120355002714906,-1.06376139318067
-1.13236683317574,1.10298022945157,-1.1306085118829
-1.01237127727196,1.63024545033425,-1.01344740562994
-0.944258705545669,-0.352909275003486,-1.06378808614612
-1.10827609115653,-0.527372716814115,-1.29124831699161
-0.619753026294426,-0.00378212635291862,-0.732344310404185
-1.15686501665327,1.92143546027354,-1.02525850103945
-0.963440712074603,0.521024026262912,-0.995277358711204
-1.09403311161668,-0.178324742710019,-0.881894616458335
-1.15787711575749,-1.57526413999161,-1.16749753521548
-1.23989946053679,-0.469619542490231,-1.11785305727275
-1.07867399812465,0.520066945715873,-1.10925565780555
-0.382120188975484,-0.236876648488002,-0.421551351164081
-1.1847557345455,-0.29395916783002,-1.32367372586542
-1.18541636150255,-1.34194373753277,-1.29907878127927
-1.04164360517329,-0.294469145055814,-0.91019823916221
-0.746528054096505,0.872789550241448,-0.53149541236591
-0.951642683821459,0.0543343194194771,-0.860687583938952
-1.00014489470302,1.68844805664251,-0.910076346686371
-0.946904957267,2.15452998240863,-0.855323624935
-1.02548783660786,-1.8657951382647,-1.25893735468766
-1.11238125104371,-0.00394280410899092,-1.25239976829098
-1.12526198293075,1.68879735611223,-0.842888503894131
-1.20529147987927,0.694372038433562,-1.33308868676971
-0.78687096047447,1.22303445719513,-0.518538192442719
-0.825616850629616,0.52050240572146,-0.891250318723058
-1.0665059295272,-1.5756180967876,-1.16683523612189
-0.745622334500566,-1.2839693402114,-0.708511800598014
-0.783025339359185,-1.22646067551632,-0.62763092916633
-1.22509417850541,1.68879735611223,-1.02711387950039
-1.08312113806637,0.17052296636477,-1.26163457094359
-0.82267694911027,1.63082063012772,-0.800840415098391
-1.18797665495075,-0.293705343548688,-1.29605700461026
-1.0479184834779,1.97965902454999,-0.728715839403501
-1.02705130906109,-0.410611218738478,-0.85905643105538
-0.508464101813317,0.811685429671361,-0.49952074134054
-0.808297752368556,-0.877298596918781,-1.00262586135473
-1.25763201317541,-1.10993670108009,-1.18956476268655
-0.679384545612221,-0.119695991048697,-0.50837864075784
-0.843630270885727,0.350025635191927,-0.751823810826105
-1.07357065582683,-0.760206428678473,-1.20108123524492
-0.820703274550267,-0.294804472546747,-0.839565167918707
-1.02363668945874,-0.00320694655944267,-1.06461275884326
-1.25284830102476,-0.528059672437903,-1.4169406112347
-0.739034217139037,1.97965902454999,-0.432963799224455
-0.558486673651685,-1.57558549550376,-0.63434701554875
-0.841582474805554,-0.934076061390575,-0.866640333512087
-0.95652037147089,1.92103027288867,-0.681179546127417
-1.21123466438113,0.815353074103445,-1.21405175955125
-0.703915365248883,0.582258551968362,-0.690268593757708
-1.13445785420365,-0.992786316261498,-1.00765115347391
-1.15442936837368,-1.05141506792282,-1.16922549480674
-0.998106666349685,0.753000790094884,-1.02234173765949
-0.966459651337394,1.68879735611223,-0.746619731849149
-1.24556877358504,-0.527023417344394,-1.22660292424624
-1.00760030948473,-0.410611218738478,-0.876947337152771
-1.14515230378252,0.52050240572146,-1.1726985356605
-0.600339616917578,1.04461927405037,-0.680664509449988
-1.17712942427928,-1.51587158682316,-1.31540589469386
-0.942834891650591,-1.28331731453458,-1.01056772054169
-1.18467768004671,-0.236441188482414,-1.33927565906086
-0.804962283960962,-0.295505400149324,-0.916631238345063
-0.943221004263307,-0.527377374140379,-1.10199643533388
-1.26275188154686,1.10628925976141,-1.21741496158864
-1.23627533418866,1.16559798105712,-1.07634905748115
-0.747296497611724,-0.00388691619383548,-0.780625703591243
-0.739945987471317,0.521187032682116,-0.798986387484915
-0.984714306887972,-0.236876648488002,-1.01190145543643
-0.691055659670628,-0.469675430405387,-0.56911509691715
-0.647556916120172,-0.761238026445719,-0.535925811306913
-1.08443963133202,0.228725572673031,-1.09686235839799
-0.532972231188702,0.287703623804075,-0.435000005457698
-1.20118325680682,0.578618851493856,-1.02519474991688
-0.710725468999897,2.15452998240863,-0.539964316678475
-1.24961751035585,-0.295209659931625,-1.17583705085554
-1.17568401681889,-0.352909275003486,-1.36042550025896
-0.655036382578832,-0.760537098843143,-0.59619973628931
-0.990750067655836,-1.10917289957297,-1.14936997464585
-1.22151974382948,-0.644204074783698,-1.3287430205593
-1.21197168188448,-0.00420827170598007,-1.27227104156636
-0.955551497314398,-0.5850001433289,-1.0264962969355
-0.543977386078654,-0.0625715557703125,-0.645312695980072
-0.884165288142496,1.10596790424926,-0.949551535082085
-1.24826267485505,-1.05122411754604,-1.40814040664053
-0.745849237113327,-0.178378301962043,-0.622711323929523
-1.20228626822455,-0.585740658204711,-1.25961314033661
-0.920862625875427,0.87387703592385,-0.878076587513312
-1.24583160244483,0.0546091016689918,-1.11728652548478
-0.950831544797939,1.45621281120294,-0.846585186285069
-0.895161745098959,1.16491801142273,-0.89022505616066
-1.02580474392368,1.10588407237653,-0.841315677235901
-1.04688433700314,-0.818641901299882,-1.01039258856827
-1.18124581584579,1.62981930498119,-1.0739537317455
-0.753724270460235,0.462558281020793,-0.868834609032693
-0.969763088659486,-0.00359350463926894,-0.85164812687072
-0.429744778367986,-0.70217381477881,-0.317593058420652
-1.20770848432751,-0.528059672437903,-1.40336019087772
-1.09414815124135,-0.294124502912355,-1.1554415753661
-0.930023327243343,1.10588407237653,-0.704009273175207
-1.19250933717748,-1.57558549550376,-1.18063893591389
-0.56557132956414,0.171263481240582,-0.665010436059432
-0.674657407846358,-1.05106809711623,-0.812040197119908
-1.01261315545716,-0.993524502474178,-0.978517179662957
-0.938342295552119,-0.819354472218115,-1.04726448249612
-0.954402954105702,-0.5850001433289,-1.14219714651122
-0.768245281334925,-0.761238026445719,-0.722387204627009
-0.841854001598826,-0.00391486015141287,-0.74812474980878
-1.22640019212737,-1.34252124598938,-1.41826357463105
-0.747151279939557,0.753056678010039,-0.705901496092126
-0.950617046194675,-1.51695674384243,-0.974638072003613
-1.22771528185383,-0.00350734410340389,-1.27830950941216
-1.204063482939,0.170942125728437,-1.32802735644731
-1.23556705768293,1.92154025011446,-1.14874657991333
-1.06995968983024,-1.34303122321518,-1.09984878162263
-0.875723376434706,1.22303445719513,-0.519419872092426
-1.09642746362074,-0.235842722057623,-0.911620373112024
-0.920445503238967,0.872789550241448,-0.672172474620302
-1.08416504135348,0.408654386853249,-1.03032890697926
-1.14123067029196,0.0547395068043552,-1.17913279430726
-1.09789295196236,0.640556633465013,-0.896638123937026
-0.73558454108302,-0.352587919491341,-0.966751931613538
-1.14550093964703,0.873299527467243,-1.10818520797705
-1.14218581684038,-1.28508709851451,-1.06790988828644
-1.0866136987162,-0.993470943222154,-1.04430603732667
-1.15744040386213,0.350025635191927,-1.10888761589161
-0.788443395580907,-0.469109565264436,-0.898977218816743
-1.23711612182025,0.461438194054551,-1.29064812937915
-1.1215930054995,-0.644204074783698,-1.22366586818131
-0.633855401848572,-0.236196678853609,-0.636774665526551
-0.581711668751905,-1.40046769935318,-0.797387877793598
-0.722677942298128,0.348940478172656,-0.569834951722212
-1.15521891383189,1.97998038006213,-0.733019819248384
-1.0616822446996,-0.294469145055814,-0.929335437949562
-0.906643017304688,-0.468587944722985,-0.895027922917204
-0.781080405796798,-0.294790500567959,-0.773109121111901
-0.701125975796002,1.33852217653784,-0.697089418409083
-0.986474768626184,-1.34226509304492,-1.16815900728109
-1.08988635291716,-1.05106809711623,-1.15021810408611
-0.8658640797392,2.38676289918506,-0.780325401323442
-1.06497819423547,0.287324051713644,-0.933473346840864
-0.960802477578924,-0.468909300235129,-1.0599575618621
-0.906365061604055,-1.05122411754604,-1.06538396781679
-0.885232108593496,0.520066945715873,-0.863253651851368
-1.19337417648602,-0.178324742710019,-0.891365692627736
-1.05543807388192,-0.294385313183081,-1.13305830193939
-1.16709802195199,-1.0521532541355,-1.1113576991822
-0.772390035728034,1.51433158563847,-0.475585125997031
-0.806383450658891,-1.4011499976507,-1.07718291841207
-0.809154687902751,-0.469675430405387,-0.713943765527955
-0.735627652579445,1.10588407237653,-0.559942261508841
-0.528485988363387,0.17052296636477,-0.626203837990727
-1.24121163834639,-0.00391486015141287,-1.11115410953867
-0.884539677453553,-0.760013149638559,-0.81710148712738
-1.08622834244552,-0.294469145055814,-1.01993922525062
-1.00510456982986,-0.178378301962043,-0.838919006144049
-0.851617999196972,-0.352587919491341,-0.940036538066079
-0.540946345343182,0.640235277952869,-0.34260634344218
-1.23261187805432,0.228883921765972,-1.29962415651716
-0.551636483772417,1.63082063012772,-0.482929109341946
-1.09311052559319,-0.760537098843143,-1.05919624720556
-1.06190835315322,-0.0624108780142402,-1.13196406200315
-1.01699396420174,0.287675679846497,-0.990683842193824
-1.05675970596705,-0.527377374140379,-1.14646973553489
-1.2141287693898,1.16440803419694,-0.827007051575991
-1.20703738203316,1.16451282403785,-0.944251262678523
-0.955931975178897,1.62973314444532,-0.732084952267974
-1.24320172552872,0.17052296636477,-1.34083526937898
-1.22711663712716,1.45570283397715,-0.983026218792861
-0.584601651696443,2.09546577074172,-0.538461466389718
-1.22518630096619,-1.2839693402114,-1.09061381857976
-0.796402761065558,0.753436250100471,-0.919912492127369
-1.23741695686767,-1.8657951382647,-1.32119377681234
-1.08307991742505,0.932505787585172,-0.91567108324395
-1.14170115285952,-0.761238026445719,-1.07334525779128
-1.10163400879027,1.33852217653784,-1.03861865514748
-1.19486579644521,1.62981930498119,-1.15503842427689
-1.10764847852963,-0.235842722057623,-0.947082589075101
-1.25676229546069,-0.993792298734299,-1.2263172304419
-1.23894151552281,-0.760537098843143,-1.17421703569097
-0.72156120327232,0.228639412137166,-0.644505045242216
-0.679309289578989,-1.05173409477183,-0.691373863830216
-0.967615266344188,-0.41099311949204,-0.825223841866024
-1.07984799224308,-0.469619542490231,-0.961969055752022
-0.316755975146272,-0.877298596918781,-0.490348309996697
-0.631001345151054,-0.759691794126415,-0.466240879394674
-0.870902074084547,-1.40046769935318,-1.06336428933034
-1.16344795307181,0.578565292241832,-1.02523298457428
-0.685575583401418,-0.993470943222154,-0.542048837215796
-0.866516424750889,0.578565292241832,-0.710741108004552
-0.582455531150741,0.348940478172656,-0.457755774064677
-0.781846958456911,0.461438194054551,-0.827252909016877
-0.592555722786796,-0.818674502583722,-0.719703479822794
-0.924220406373275,-0.760858454355288,-0.807388589128117
-1.23397994954087,-0.468587944722985,-1.22441039823783
-1.21317732891739,0.519936540580509,-1.06445951133086
-1.21248864167055,0.0547697794250641,-1.08091444507124
-0.745855287849668,0.462139121657127,-0.792110539137372
-1.0016203667596,0.229726897819568,-1.06793204364912
-1.06164193166873,-0.527738316925758,-1.18984380983633
-0.54414907572231,1.04461927405037,-0.598862585192065
-1.14096129907351,1.63014066049333,-1.09382804021772
-0.698951492423705,-0.935163547072976,-0.608375074079709
-1.02494020715196,-0.585740658204711,-1.11726224500842
-0.516277115112736,-1.28508709851451,-0.409383585807206
-0.759360909532251,0.694372038433562,-0.83296083945295
-0.965311486299719,-0.759691794126415,-0.882890815208163
-1.0335946887908,-0.236527349018279,-0.885354639709467
-1.19525705218381,-0.70217381477881,-1.14051649504402
-0.819144075429574,1.92103027288867,-0.652607492827393
-0.594348253427612,2.38708425469721,-0.364237816626386
-0.703631736982931,0.640235277952869,-0.534885710014646
-1.12223415664896,0.641322763635271,-1.03443814880079
-1.12236534417624,-0.585682441626424,-1.27655638104335
-1.2013590685146,1.39758638820475,-1.12697651197627
-1.07436632765558,-1.05173409477183,-1.03816377694242
-1.23922586231371,0.520066945715873,-1.28252763681484
-0.667695279344794,0.872789550241448,-0.486340860388582
-0.675600944544424,0.17052296636477,-0.75483193762084
-0.828628604643003,-0.41099311949204,-0.633740880409354
-1.08955802483649,0.228725572673031,-1.20871243264669
-1.21863403421748,1.16440803419694,-0.99187224887364
-1.16851381862142,-0.818669845257459,-1.34186491217409
-0.851531398033102,-0.468396994346203,-0.815594485453746
-0.392668891442764,-0.236441188482414,-0.457990474201104
-0.581612966115354,-0.0624108780142402,-0.723272760641496
-0.468178677430584,-0.236441188482414,-0.585115475521009
-1.09447171436715,-0.236175720885426,-1.12390882122848
-0.967592273546095,0.229205277278116,-1.00104501106529
-0.631732727906189,-1.22646067551632,-0.501300034874165
-0.267362679887295,-0.237007053623365,-0.244040402667584
-0.983401032382411,0.229570877389759,-1.03834474702962
-0.98851178683225,-0.586001468475437,-1.17032516238585
-0.907750302054964,-0.295505400149324,-0.977175982617288
-0.933703196000006,-0.178324742710019,-0.774193397678681
-0.895300912034786,0.520257896092654,-0.698948501633242
-0.966340678734103,1.57161669867293,-0.92656508822158
-0.774425352164505,-0.29395916783002,-0.862426713556068
-0.769585519434303,1.63024545033425,-0.791260292316934
-0.979701612183948,0.640556633465013,-0.780233422431085
-0.628176785793195,-0.528143504310636,-0.508264846502697
-0.998858621608377,-0.527377374140379,-1.04202418232004
-0.832020420532766,0.811552695872866,-0.514720011573118
-0.953841899578547,-0.00359350463926894,-0.844201102968258
-1.16044043457386,-0.294790500567959,-1.18224582479485
-1.11120109273764,1.39826635783915,-1.07373257760721
-1.22750759032895,1.9218616056266,-1.15680967212278
-0.588347435662114,0.170942125728437,-0.72322377548973
-1.20776566378592,1.86291149845314,-1.2491425714454
-1.21633131305187,-1.4011499976507,-1.43577650226065
-1.09444134723414,0.287675679846497,-1.07822671668829
-0.669676517325223,-0.702229702693966,-0.608347799956982
-0.604967295704848,1.92135162840081,-0.362176669136388
-0.761411730980593,0.408654386853249,-0.7446448107097
-0.985859862545601,1.10628925976141,-0.866500110786692
-0.956027614630176,-2.15741222502231,-1.18402215273324
-1.25224356774465,-0.237007053623365,-1.11742376220579
-1.16650644902342,-0.819354472218115,-1.28340378668445
-0.669566091387012,-0.586420627839104,-0.838600249615966
-1.26689595523213,0.287834028939438,-1.29130855083138
-0.737500733647791,-1.5756180967876,-0.908925885000526
-1.21339742445176,0.170942125728437,-1.33021807954112
-1.02549245029432,-1.05141506792282,-0.966370573464512
-1.18660699514592,-0.528304182066708,-1.08318933030902
-0.185172502808756,0.811685429671361,-0.218963116671613
-1.15274011623878,1.68844805664251,-1.09854856966412
-0.445849569479751,0.229889904238772,-0.532899274181895
-1.19533438815766,-0.935163547072976,-1.11958083560701
-0.810952134766843,-0.00388691619383548,-0.794560532553151
-1.23987317765081,1.63082063012772,-1.10326497261932
-0.947522245825017,1.63024545033425,-0.912558576026709
-1.21203702983695,-0.585577651785508,-1.38159990564799
-0.963316104723095,-0.00352830207158726,-0.964633317736402
-0.894911395882879,-0.410226989321783,-0.928043226513263
-1.00350868812011,1.16408667868479,-0.795200074168528
-1.24894996286911,1.39758638820475,-1.2429018731777
-1.05107640059101,0.699951515296592,-1.02463404434498
-1.25114426240292,1.16559798105712,-1.16921526977923
-0.893593848044777,-0.586420627839104,-0.981866944566237
-0.901224582911945,-0.818641901299882,-0.927738651137881
-1.044520692486,0.637247603155177,-0.817060606145163
-0.461628377171183,-0.468750951142188,-0.479730927187159
-1.11716522791407,-0.00359350463926894,-1.04528853220493
-0.910303712790573,-0.7600457509224,-0.953879277853029
-0.594082399199659,0.287354324334353,-0.679603971098644
-0.62458756463033,-0.120355002714906,-0.780637736750051
-1.11606497714479,1.68836189610664,-0.865443038786807
-0.934428641470107,-1.05106809711623,-1.11567165854997
-1.02440494388845,1.33852217653784,-1.01664292773179
-1.25726223755081,-0.760728049219925,-1.35272902873647
-0.797490002751706,0.0547697794250641,-0.652945786764789
-1.16326730077495,-0.818669845257459,-1.32590816168746
-0.832808150770069,-0.236161748906636,-0.803485803199481
-1.23766885658494,0.17052296636477,-1.3102819734127
-1.02741571465718,0.228725572673031,-1.1124067465899
-1.01281986373738,-0.120355002714906,-1.22257627658805
-0.670475214522143,-0.760206428678473,-0.719085872089678
-1.25607595287419,-0.469430920776581,-1.30979560613882
-1.04245360968375,-0.236527349018279,-0.881298563253638
-1.09673582427148,2.44571300635853,-0.962883986749902
-0.916524247919428,0.520257896092654,-0.72167656825761
-0.612529203446144,-0.237007053623365,-0.5427586366272
-1.23782886074404,0.0547697794250641,-1.13271297554137
-0.685866396916773,-0.701489187818155,-0.593244856313819
-0.460665553751031,0.520446517806304,-0.531318498481924
-0.817258136546505,1.04429791853823,-0.854557702662252
-0.867143054133132,0.69886402961419,-0.669176867875194
-0.730402841749591,-0.120355002714906,-0.862063476073897
-1.16304913391278,0.812065001761792,-1.04107536161619
-0.865207953017298,-0.236175720885426,-0.920045291598194
-0.332838075996761,-1.10953151369522,-0.475102398460825
-1.2529912496708,1.57161669867293,-1.22186146348251
-0.84533279682348,-0.528143504310636,-0.811174409604831
-0.968737337581396,-0.760013149638559,-0.938090274386711
-0.909127222743405,-1.4011499976507,-1.15237783159141
-0.577147144525187,-1.57558549550376,-0.54398887610587
-1.06941765730546,0.0584094798995708,-1.10075441305163
-0.96291702084435,-1.8657951382647,-1.08031237437193
-0.926524980576889,-0.235919567940963,-1.01077342779419
-0.238107747852939,-0.760537098843143,-0.147982339030892
-1.01760728196404,-0.294790500567959,-0.945378033739764
-0.527192265299626,-0.759607962253682,-0.634636263930631
-0.838298815827875,-0.294469145055814,-0.716271623937695
-0.986584476039454,-2.0987837062273,-1.12991687327023
-0.77560108586963,0.811552695872866,-0.591460689295964
-1.24872268208533,-0.295505400149324,-1.34160974258021
-1.09930765193583,0.699185385126335,-0.824871856869975
-1.1488111462304,-1.10953151369522,-1.41688654342785
-0.970331025899228,1.86323285396528,-0.928734646253861
-1.05370366812707,-0.237007053623365,-0.961110217413612
-1.24655776643987,-1.10993670108009,-1.24426714258136
-0.785534125914284,2.44539165084638,-0.661367431093244
-1.21616480435121,1.39750022766889,-1.03224136698224
-1.21744952694466,-0.759607962253682,-1.30978881414918
-0.743658492387115,-0.295125828058892,-0.89343354996743
-1.23879126817606,1.10665020254679,-1.21539029736767
-0.615408219431066,0.229405542307424,-0.69967354704221
-1.25742772518972,-1.51587158682316,-1.33417075100345
-0.17272689449879,1.92154025011446,-0.124905875027034
-1.22726162789671,-0.993470943222154,-1.15799830819956
-0.908826954952517,-0.761238026445719,-0.827394058390682
-1.06484201485071,0.699185385126335,-0.748517102355185
-1.01546490531145,-0.235919567940963,-1.12944052501048
-0.671945543452837,-0.00359350463926894,-0.600274652765722
-0.985219543372388,-0.235814778100046,-0.999332800012469
-0.140085062797949,-0.235761218848022,-0.160017521821311
-1.00907328561257,-0.586420627839104,-1.12428488476017
-1.00181467103033,-1.34252124598938,-1.18717278103053
-1.11088588719141,-0.1771324671867,-1.17574148082307
-0.387738297667458,2.38708425469721,-0.286835244240498
-0.95076044864594,1.9218616056266,-0.883666635001136
-0.783058618409057,-0.236441188482414,-0.894313767114264
-1.25377338297699,0.350025635191927,-1.24099229566904
-1.23583710960922,-0.818236713915004,-1.33982215867791
-0.84312163086212,1.04429791853823,-0.873509047353281
-1.05780500848694,-1.05054414791165,-1.17162893551139
-1.20737039943449,-0.527058347291366,-1.25489658390097
-1.19875713843697,-0.178324742710019,-1.11056276485191
-0.695701490666919,0.578886647753976,-0.511166772983207
-0.401707935193138,-0.818320545787737,-0.365484182990617
-1.24010212238709,0.287354324334353,-1.35623668912905
-0.645703121773911,-1.10953151369522,-0.747211348581583
-1.16101181316989,1.16408667868479,-1.03336161581148
-0.927150475446068,-0.760150540763317,-0.986617418850492
-0.707756070140892,-0.701489187818155,-0.579457158984808
-1.14265183698989,1.57161669867293,-1.08370285231671
-1.26029584984922,-0.177814765484224,-1.39842476489253
-1.23011500388639,0.52050240572146,-1.20503321055405
-0.665155104594929,-0.818669845257459,-0.779778893835599
-0.812026140467247,1.10596790424926,-0.746387233246302
-1.17206034427598,0.229205277278116,-1.18910053768786
-0.665312423739777,0.17052296636477,-0.627579015347985
-1.19645313148988,-0.877298596918781,-1.41656651375349
-1.0671354330092,-1.51698934512627,-1.15757874669325
-1.12368319455116,-0.00317434527560217,-1.0933355826444
-0.356175766061319,-0.527738316925758,-0.341483374613847
-0.915395029249919,-0.237007053623365,-0.854132021432571
-0.672497294972869,1.68879735611223,-0.391619491887903
-1.05409802486805,1.86323285396528,-0.991699929792954
-1.05206376731044,-0.294280523342164,-1.15093341323456
-0.85335153515847,-0.701908347181821,-0.610544882421462
-1.00689252460132,0.287834028939438,-1.0655532708285
-1.14513562644049,-0.586420627839104,-1.22870419048722
-0.925633631479758,0.873555680411706,-0.902062885262391
-0.87204150337163,-0.934842191560832,-0.767141260992029
-1.13666070040254,-0.294124502912355,-1.17066538782461
-0.905011587518934,0.287354324334353,-0.969881910157341
-1.19872680912106,0.229726897819568,-1.0524111353551
-1.05186863106346,1.92211775857107,-1.00301331021504
-1.10708122199773,-1.0521532541355,-1.06308495951848
-0.684349174779442,0.171263481240582,-0.728512778475816
-1.00706251247538,0.699185385126335,-0.76283420742005
-0.73584661360076,-1.22569454534606,-0.858307364631608
-1.16571985329918,1.86291149845314,-1.12924226828576
-0.652786643173302,-1.0521532541355,-0.599593649468458
-0.678476178819133,0.228639412137166,-0.486447399787483
-0.896683127117524,0.521187032682116,-0.938469728902461
-1.13104765920225,0.346036635247699,-1.10946175187084
-1.22104665188187,-0.760471896275461,-1.32719425381223
-0.846409449721033,-0.295125828058892,-0.962302557201123
-0.402987665929113,-0.935163547072976,-0.358042489718933
-1.02223057396746,-1.05176902471881,-1.10901699463411
-0.974518929605864,-0.528059672437903,-1.11097483231228
-1.08350683469096,0.520257896092654,-0.908893747460861
-1.03195996891716,-0.411312146341054,-0.867947797810014
-1.09960568851769,-1.22537318983392,-1.079125827853
-1.09337237120832,-1.0521532541355,-1.04499188344869
-1.1341903738403,-0.00394280410899092,-1.20369457654925
-0.925090956064237,1.1069692293958,-0.780493655048833
-0.468808710352019,-0.585577651785508,-0.615463065424562
-0.718988883985648,-2.15741222502231,-0.983030951792615
-1.13450414233665,-0.178056946449899,-0.913728463008849
-1.07183106912899,-0.00388691619383548,-1.1033128787405
-0.652201234432378,1.98006421193487,-0.602844344903031
-1.16844714707037,0.287407883586377,-1.27722916490058
-1.12079343850923,-0.586001468475437,-1.30883556154911
-1.13808995996032,-1.28432329700738,-1.30399642362307
-0.988879369064924,1.57161669867293,-1.03351401721381
-0.507757300174565,0.0550352470220533,-0.390006421232437
-1.23043629798606,1.04461927405037,-1.22529467447078
-0.641703206881948,0.287703623804075,-0.518986432184331
-0.9065987712952,-0.0617262510535849,-1.04010648915596
-0.986629629659394,-0.993140273057483,-0.996655898086175
-0.730111650063214,-0.586420627839104,-0.89804621126976
-0.948803829598996,-0.527791876177782,-1.02605220034189
-0.795057228571882,0.462139121657127,-0.845726309507911
-1.24073484032277,-0.469619542490231,-1.11998568710749
-1.22248937432801,0.229151718026092,-1.31497630685177
-1.25319897901278,-0.294790500567959,-1.26971358086774
-0.91255572122223,1.1069692293958,-0.828605456933561
-0.964329376157483,0.229726897819568,-1.02770525416023
-1.2489516268216,-1.57449800982135,-1.48118906303682
-1.14519507492503,1.39758638820475,-1.08479362228642
-1.23999665048926,-1.5756180967876,-1.38105359712644
-1.02735361897549,-0.468429595630044,-1.01657285480784
-0.952917952139382,0.520257896092654,-0.789188206714866
-0.625458492492313,-0.177293144942772,-0.615321971878464
-0.33420856777784,0.0547395068043552,-0.275207880559252
-0.692355811641751,-0.0625715557703125,-0.810869450757169
-0.94643307546666,-0.00352830207158726,-1.00607478907797
-1.26289297715489,0.811685429671361,-1.2179080037055
-1.06091172124377,0.229726897819568,-1.01379552753173
-1.18633229171607,-0.236580908270303,-1.05990402446422
-0.856222987722966,-1.10985286920736,-1.15477281384938
-1.13743387105552,-0.00320694655944267,-1.1048413782454
-0.966762225971512,-0.294804472546747,-0.98229580705999
-1.23775659226187,1.6891280262769,-1.07550678532828
-1.19326397745042,0.520446517806304,-1.35153574921307
-0.919030009106357,1.92135162840081,-0.628943895696593
-1.01635527116392,-1.2839693402114,-1.00419794166059
-1.19429252699407,2.15409452240304,-1.13033248926777
-1.10545671274166,-1.05064893775256,-1.22122144842987
-1.07392530461058,-0.818674502583722,-1.13637709697152
-1.14635318586056,-0.760471896275461,-1.16833868500264
-0.883597653439571,0.462558281020793,-0.974765627788449
-0.427562731575263,0.637247603155177,-0.232361656904018
-0.783291571758158,-0.586420627839104,-0.894277901931169
-1.00602609697449,-1.5756180967876,-1.18305497505576
-1.23033838950866,0.873299527467243,-1.1776287469718
-0.753518923595686,0.814673104469052,-0.756898101825167
-1.05941098736296,1.39715092819917,-1.04544363713259
-0.694881615892807,0.579131157382781,-0.775809405237601
-0.993395638669328,-1.05138712396524,-1.17452937473265
-1.03362683332761,-1.0521532541355,-1.0547696866482
-0.983210774541611,1.86323285396528,-0.94697841320165
-0.857894881807996,-0.469430920776581,-0.949180458840773
-1.16725027360516,1.39758638820475,-1.0956311957487
-0.84319915592148,-0.935163547072976,-0.765999866274871
-0.678943598201421,0.753056678010039,-0.711767951131694
-0.707891833537528,0.87387703592385,-0.598965995493768
-0.991980257988024,1.33852217653784,-0.942485455654495
-0.87521776177927,2.21315873406995,-0.803513197214496
-1.0492609527863,1.16491801142273,-1.02239607037339
-0.99261566093796,-0.0624108780142402,-1.01708319189062
-0.959605188125586,1.62981930498119,-0.925883942609425
-1.23626466976586,-0.00378212635291862,-1.37511304824099
-0.910579777636099,-0.236580908270303,-0.723671227694594
-0.979981572190994,-0.528143504310636,-0.900194760695377
-1.18761066103637,-0.527053689965102,-1.26332363665291
-0.908877251698346,-0.00359350463926894,-0.819270093343022
-1.09090809538242,0.753436250100471,-1.14274921224214
-1.26596656213026,-0.352909275003486,-1.45008576925278
-0.901426148066281,-0.352909275003486,-0.993477569087566
-1.22208949629012,1.04435147779025,-1.21772018740257
-0.617019606152693,0.815353074103445,-0.568272781291893
-0.810493035147023,-0.586087629011302,-0.759756842828947
-1.26026109593237,-0.527053689965102,-1.30509641266908
-1.06943925087077,0.17052296636477,-1.13839951312057
-1.13171993382676,0.461817766144983,-1.25533012704457
-0.953771446317285,-0.00388691619383548,-1.00126167519163
-0.604073677581589,1.39783089783356,-0.511604653482003
-0.809433778116448,-1.22646067551632,-0.768950716588191
-0.908188980439636,-1.86688169248185,-0.963293472911005
-0.821024341747324,0.578565292241832,-0.722648513529725
-0.883507648736509,-0.0617262510535849,-0.945528437242355
-0.851125242356259,-0.177898597356958,-0.620205760438216
-1.07795248563317,-0.0625715557703125,-1.24850932156681
-0.398302883317631,-0.00391486015141287,-0.355298368488189
-0.999336591962159,0.228639412137166,-0.821079252411693
-0.607063875846763,-1.0513102780819,-0.623005484234383
-0.752750101909446,-1.22537318983392,-0.822163227417337
-0.815791967497045,-0.818674502583722,-0.883499207251241
-1.16998335339297,-1.10917289957297,-1.34533358894856
-0.762299298367511,0.287407883586377,-0.822691580375618
-1.06718493559588,-0.760117939479476,-1.01883343396699
-0.589262231362564,0.873555680411706,-0.597118148739586
-1.17426969501644,-0.00388691619383548,-1.21688180657814
-1.17932867785347,1.27728532216926,-1.23464728571097
-1.12560120233683,-0.935163547072976,-0.96174895044245
-0.540669145984592,-1.05173409477183,-0.561084095068381
-1.06035902429618,-1.63356222148826,-1.25254085058001
-0.537015635748112,-0.759770968672886,-0.641832738576826
-0.842558156040429,-0.469940898002376,-0.73067768358907
-0.752171500246904,2.21315873406995,-0.540838680152984
-1.12289467015471,-0.00394280410899092,-1.24398400202515
-1.08990968606917,-0.294280523342164,-1.27686962975633
-0.830956625449935,0.228725572673031,-0.930976919416471
-1.2655993580686,-0.992439345454907,-1.37810249265977
-0.796052196528841,-0.00317434527560217,-0.711082887512781
-0.931754480727407,-0.760471896275461,-1.09854610642673
-1.04651403193911,-0.527458877349981,-0.951336357846691
-1.22197820055856,2.15452998240863,-1.0863773962088
-1.08048048327615,-1.28508709851451,-1.06310097703664
-0.991186061026257,-1.05106809711623,-1.13052122242638
-1.00007712645601,1.63014066049333,-0.917608260277652
-1.11659426530616,0.69886402961419,-0.874495155473931
-1.17447995810427,0.640235277952869,-0.922482639123206
-1.00788662276493,0.873299527467243,-0.996275355845354
-0.863176796462062,-1.10953151369522,-1.03441055572797
-1.15855979008509,-0.527023417344394,-1.09774156350748
-0.746490236994378,-1.10917289957297,-0.909712505624322
-0.862630717507349,-1.22569454534606,-0.965092206841862
-1.11676985011134,2.15409452240304,-1.00937635545102
-0.868409548883362,0.985669166876905,-0.9458345181354
-0.596972760315219,-0.23649707639757,-0.699058560008079
-0.985011587127792,-0.5850001433289,-1.05870620349416
-0.812561630633365,-0.526371391667578,-0.865313926690247
-1.11662777125865,0.0551004495897349,-1.11973417386231
-1.22594544147429,-0.00352830207158726,-1.23102766010705
-1.12234121686508,-0.527372716814115,-1.34270164896408
-0.773828598292942,-0.818236713915004,-0.970372502993729
-0.826181081793349,1.1069692293958,-0.715101273860152
-0.88184520892701,0.287703623804075,-0.647639367364639
-1.00927454823009,1.33852217653784,-1.02506213623334
-1.12242585153964,1.16491801142273,-1.06851662014165
-1.15999978969988,-0.527111906543389,-1.2455962070766
-0.86857859132987,0.461438194054551,-0.848148057764951
-1.10186639488284,-0.702609274784398,-0.947200148497214
-0.89221503650123,-0.469430920776581,-1.01790227495303
-0.993321857503078,1.9218616056266,-0.920505405709972
-1.18626278388236,-0.00394280410899092,-1.24332105304214
-1.22304823546325,-0.294443529761368,-1.33629453901074
-1.1312511908459,1.45621281120294,-1.04255640660945
-0.898914336143012,-1.28432329700738,-1.11199637157849
-0.762066723189431,-0.00420827170598007,-0.822943726212774
-1.0996645697457,1.33852217653784,-1.14735785051756
-0.840544395352171,0.287834028939438,-0.903094448118766
-0.830106496994123,-1.10953151369522,-1.01003964580673
-1.01803975834396,-0.468909300235129,-1.06171256576728
-1.04877973016174,0.408333031341104,-1.02075473076377
-1.12593251796856,-0.178324742710019,-1.00020920714713
-0.508200894782513,0.0547697794250641,-0.367873065202181
-0.725840586549001,1.39715092819917,-0.644782991259123
-0.871915194250527,-0.0624108780142402,-0.946589253359419
-1.16836557558108,-1.4011499976507,-1.34006253328888
-0.283510582495485,1.10596790424926,-0.273382577216063
-0.805906955172092,1.10588407237653,-0.554275538326745
-0.701704955629565,-0.4692399703998,-0.640160915666554
-1.00223973525824,-0.352909275003486,-1.15519839724329
-1.09964630408538,1.22271543034611,-0.8474355314904
-0.991563286619973,-0.177814765484224,-1.06518616613363
-1.16951302209382,0.815353074103445,-1.12409085826552
-1.13701637024804,1.16527662554498,-1.08790191634222
-0.874406206767626,-0.294469145055814,-0.818484635491379
-0.819029867781151,-0.0618892574727888,-0.829001955831197
-0.944643948365036,0.752735322497895,-0.9737669145038
-1.13837438238542,1.6891280262769,-1.02562206296297
-1.2503739658497,-0.0624108780142402,-1.3477193656753
-0.929306579706732,0.229726897819568,-0.956826556565935
-1.26281972542807,0.93141830190277,-0.990446119581966
-0.760949605992602,-0.818320545787737,-0.60940754985637
-1.14305182847909,0.753436250100471,-1.20809824966882
-0.989527138207256,2.09546577074172,-0.896957616750191
-0.939096217300121,-0.993524502474178,-0.816854781288394
-0.993789881959001,-0.236848704530424,-0.789291739654482
-0.894404268543357,-0.469675430405387,-0.711382651180494
-1.07620715073581,0.462558281020793,-1.2217249464813
-1.09379822959537,-0.760728049219925,-1.20624436528544
-0.929835603148385,0.521024026262912,-0.984609610158171
-0.777605770453378,-0.760858454355288,-0.753794403487871
-0.93349077733736,0.873555680411706,-0.968033779688584
-1.11171536750946,-1.80716661946969,-1.18892946827836
-1.16907388990392,-0.528143504310636,-1.00529524118396
-0.949061477515787,-0.295505400149324,-0.995905594300773
-1.05233139894219,0.461817766144983,-1.12235343294931
-1.04489493052865,-1.05106809711623,-1.06551181418026
-0.679108858937716,1.92135162840081,-0.395178506357432
-0.673583023974932,-1.86688169248185,-0.70828656142745
-0.682271125017568,0.17052296636477,-0.658918276465876
-1.21269587939021,-0.586087629011302,-1.05951396451462
-1.05492652194145,-0.0624108780142402,-1.20219897219345
-0.869767561020739,-0.527377374140379,-0.866432906125575
-1.19283399699924,-0.818320545787737,-1.05287025417785
-1.12995584164674,1.51433158563847,-0.793457612277969
-0.464427977241638,-0.818236713915004,-0.635100339521561
-0.742446454263948,-1.51587158682316,-0.856581261174311
-1.07345905755845,-0.818669845257459,-1.12927959331762
-0.563428990728651,-0.818236713915004,-0.748408114316462
-0.795405524082471,-1.05106809711623,-0.908817503744909
-0.825672063598721,-1.34268425240859,-0.912545154039297
-0.602725119719743,1.16459665591059,-0.54907602669684
-0.763029546609582,0.350025635191927,-0.751426512951618
-1.00763287000966,0.0547697794250641,-0.955683832508712
-1.13022339764429,1.45580762381806,-0.89350713683367
-0.898620497259486,0.287354324334353,-0.906970696667362
-0.83404514818064,-0.586420627839104,-1.04760461096856
-0.98850448813154,0.0547395068043552,-0.965552946040913
-0.81818919360087,0.98599052238905,-0.843907519244631
-1.05131960237479,-0.586087629011302,-0.99743157373384
-0.748950617658755,-1.80716661946969,-0.871408915192676
-1.04416173255261,1.27728532216926,-1.03169559715229
-0.843129572453566,-0.0618892574727888,-0.914847242013558
-0.879808379806455,-0.469109565264436,-0.973976601539621
-0.948367987496983,1.86323285396528,-0.870950978819062
-0.501871446399533,0.229046928185176,-0.490355877854179
-1.02329656244222,1.10298022945157,-0.978120715543237
-1.09126486192389,-1.51695674384243,-1.04690566089402
-0.810398114220684,-0.760150540763317,-0.821932908840675
-1.07029111891328,-0.528059672437903,-1.20272882998299
-0.690904769433141,-1.05176902471881,-0.76434034147621
-0.899162038161943,1.10596790424926,-0.868788640865107
-0.684639610123776,1.04435147779025,-0.654508714987585
-1.0944690293529,0.521187032682116,-1.20058540782886
-1.17018075866607,-0.295505400149324,-1.22297534955481
-0.909249750154296,1.33852217653784,-0.953479091123524
-1.21273573861585,-1.86688169248185,-1.22759248448686
-1.11633975620885,-0.178378301962043,-0.993447084414102
-0.642609304648909,0.637247603155177,-0.400292573682285
-0.852703350028015,1.68944938178905,-0.772193047934054
-0.509127791955644,-1.05090276203389,-0.668135376839114
-0.948186465406774,0.228883921765972,-1.01487260049394
-1.18810141357067,0.520341727965387,-1.28604174613124
-0.665088546495186,-0.120355002714906,-0.723868802406089
-0.921265378013079,0.0543343194194771,-0.718708239753666
-1.20742126343685,-1.05173409477183,-1.13247162719453
-1.24071793607812,-0.586087629011302,-1.15714906641512
-1.22154708559432,0.113237853330313,-1.11822384540649
-0.898511205834339,0.753436250100471,-0.906037953427827
-1.12237135709548,1.10298022945157,-1.11919782802381
-0.883612780280422,-1.10993670108009,-0.791246244784645
-1.26029044200362,0.520257896092654,-1.1586036377726
-0.491388167518932,0.753056678010039,-0.46279624674402
-1.09178359911376,-0.468587944722985,-1.15917152864491
-0.971354545768293,0.520446517806304,-0.999088705262781
-0.459113539879743,-0.352587919491341,-0.568625373071049
-0.949545309520398,1.68879735611223,-0.701147438767353
-1.1438645180038,-1.28405550074726,-1.1759427445562
-1.12417678336812,0.0547395068043552,-1.18975744583845
-0.0585884513724179,-0.527738316925758,-0.163240016027142
-0.849864798342369,0.931853761908357,-0.694005595192964
-1.18110774560593,-0.294804472546747,-1.28823505711381
-1.03605499382097,-1.34252124598938,-1.13820489453191
-0.729599228329395,0.462139121657127,-0.75038137709846
-1.14408393283034,-0.585321498841045,-1.24199067275192
-0.806855408093435,-0.23668569811122,-0.678941219343023
-0.892962302439258,-0.294385313183081,-1.02012275242983
-0.914795250010186,1.16408667868479,-0.739276471061192
-0.842581980814769,0.287703623804075,-0.718154811003009
-0.790563800497163,-0.0625715557703125,-0.820638181954347
-0.824257703979175,-0.4692399703998,-0.771734538182437
-0.97736689774994,1.68876708349152,-0.865122288935034
-0.723976959756187,-0.585577651785508,-0.905197029376798
-1.02153738648548,-0.527538051896451,-1.18759564351015
-0.887425878687878,1.62981930498119,-0.835146821813491
-1.05563540352082,0.520446517806304,-1.13966400802245
-0.963811622212264,0.578970479626709,-0.920641219419353
-0.355979873472301,-1.10885154406082,-0.511047961098527
-0.695761998030322,-0.235842722057623,-0.573941419547369
-1.0090009036791,-0.993105343110511,-0.954754546468552
-1.01170274654056,-1.10953151369522,-1.14577054082517
-0.892643504268328,0.229889904238772,-0.977389297081229
-0.993334374963882,0.288090181883901,-0.974662069223001
-0.911702567398247,-1.28440247155385,-0.831756849978912
-0.944077977614605,-1.51698934512627,-1.04515534834662
-1.09902928024707,-0.00266436804980723,-1.18035010784142
-1.08003726683922,-0.527377374140379,-1.13962170961137
-1.12037994631458,-0.0625715557703125,-1.20597339626753
-0.883358271183108,-1.05173409477183,-0.796828078277922
-0.807791381371076,0.872789550241448,-0.613045647933226
-1.06933865737911,0.229046928185176,-1.04248884959314
-1.14050514918766,-0.468396994346203,-1.12911349467899
-0.822114230630622,-1.8657951382647,-0.959774700608294
-1.04691368307439,-0.760858454355288,-0.99878245185297
-1.25083730098496,-0.23668569811122,-1.15098096539892
-0.916422141743686,-0.817554415617479,-0.999641531806373
-1.17988269839963,-0.528059672437903,-1.32103022519842
-0.783422418931518,-1.57526413999161,-0.803295042213824
-1.07728403053598,-1.10993670108009,-1.01202729932413
-0.923319603000612,-0.585321498841045,-1.09003606816837
-0.882885557406522,-0.00350734410340389,-1.01757955236975
-0.983858278964228,-1.10953151369522,-1.16423513101769
-1.24506085208638,-0.818320545787737,-1.18950723209755
-1.22560633551952,0.229205277278116,-1.14716521221087
-1.22054512147346,1.68879735611223,-0.916355883740475
-1.22664577638858,1.33920447483537,-1.14047481741873
-0.891853883175918,1.39758638820475,-0.900848849089173
-0.723516725623302,0.814673104469052,-0.677776696854368
-0.653140989420232,-0.818320545787737,-0.652137842702671
-0.952124398068351,-1.05106809711623,-1.05461584699602
-0.736783721391465,2.15452998240863,-0.705172222420784
-1.0384593673571,-1.4011499976507,-1.28869465340073
-1.14204283037724,-0.177814765484224,-1.19573950546095
-0.955616164559035,0.0547395068043552,-0.948920547918745
-1.09667225372281,-0.236848704530424,-0.987823805712687
-1.22701116522933,2.15409452240304,-1.17216285051087
-0.797095192205502,-0.236580908270303,-0.670396392552622
-1.19801066665808,-0.294469145055814,-1.06025479909728
-0.90013242500252,1.10588407237653,-0.667259583351627
-1.22330716916151,-0.469514752649314,-1.06744256690926
-0.918317534902286,-0.236196678853609,-0.927759694064857
-0.864985210285771,-0.760117939479476,-0.81008439559718
-1.19221958254098,1.45570283397715,-0.923252549873751
-1.00629803975588,-0.235761218848022,-0.975822480595945
-1.22025616099611,0.0551214075579177,-1.20682587335909
-1.09695803756358,1.22380058736538,-1.02469843702858
-1.08088996685798,-0.177898597356958,-0.898108775367162
-1.18256105684067,1.63014066049333,-1.08497876297787
-1.23502634875672,1.68876708349152,-1.1301740554987
-0.7964212914456,1.92103027288867,-0.596543562660915
-0.453056752803097,-0.527053689965102,-0.588783116064377
-1.08681711690854,-0.0625715557703125,-1.16029463846108
-1.2631278969933,-0.0612907910479979,-1.34906497228611
-1.05801977180992,-0.527216696384306,-1.14543699608672
-1.23763633387711,-1.28440247155385,-1.23651696768796
-1.04047706102398,0.229151718026092,-1.1358676711159
-0.944939375566851,1.92135162840081,-0.652744071650918
-0.980950975786915,0.461817766144983,-1.06193656849142
-1.03417506785714,0.0550352470220533,-0.943594854689275
-1.04203508781451,0.87387703592385,-0.967958170211988
-0.766304885824794,-1.34268425240859,-0.932284216231277
-0.483672344171979,0.229151718026092,-0.467336450547159
-1.0837903116885,-1.10993670108009,-1.12723184772621
-0.65050324654688,-0.818674502583722,-0.706974089109672
-1.19946878066479,-0.527738316925758,-1.28448819403449
-0.779687223754443,-1.57526413999161,-0.756666735792599
-0.55767171510085,1.16459665591059,-0.475451774197993
-1.027997379505,2.09546577074172,-0.993337796644658
-1.23711324772049,-0.527791876177782,-1.32705635356519
-0.513167036633819,0.640556633465013,-0.301303671677093
-0.607167872877612,-0.935163547072976,-0.462322454386505
-1.24626305776299,-0.295125828058892,-1.32399158242342
-0.653331587614951,0.350025635191927,-0.621073899581035
-0.974880574553504,-0.236876648488002,-0.998762426180026
-0.800240062418375,0.228639412137166,-0.651746223695722
-1.02918018500822,0.287354324334353,-1.12043665142423
-0.776815014847904,2.38708425469721,-0.616638582310596
-0.615545495511787,1.39750022766889,-0.401256313196729
-1.18839392885562,-0.295505400149324,-1.22211362771535
-1.07309192913101,-0.00420827170598007,-1.1553255669475
-1.07962978756381,-1.0513102780819,-1.01353109181984
-0.744603541769267,1.16408667868479,-0.497990714856344
-1.01365709656137,1.86323285396528,-0.965308258236242
-1.22600806659541,1.04435147779025,-1.28273006711825
-1.17261962139934,0.873299527467243,-1.10664592045425
-1.18570846079938,-0.00266436804980723,-1.34364444970225
-1.21995150642138,0.931853761908357,-0.996759268118712
-0.973098708335488,-1.28400194149524,-1.01133413565411
-1.01964694736725,0.350025635191927,-1.01088733050152
-0.851801790313309,2.21264642818102,-0.641393390999116
-0.714215231184168,-0.818674502583722,-0.819906917704939
-1.21373289996473,-0.818320545787737,-1.20060137894597
-0.651716419183111,-0.00317434527560217,-0.581878296797908
-0.506251801338892,1.39826635783915,-0.415949432966925
-1.13692481504379,-1.10985286920736,-1.26464957108999
-0.708948443370953,0.694372038433562,-0.847637688649882
-0.877824494628877,-1.34183894769186,-0.915615251418847
-1.16655704830607,-2.15741222502231,-1.41434775567853
-1.04217088902824,1.97965902454999,-0.682451860019935
-1.0592907289782,-0.818641901299882,-1.04472000205962
-0.7147314346282,-0.294804472546747,-0.788320916427751
-1.02973261723609,-0.178324742710019,-0.937503787854437
-1.0397341440527,1.68836189610664,-0.720163206801458
-0.659113066188113,0.93141830190277,-0.455420762386817
-1.20873805493291,-1.28400194149524,-1.24099369168203
-0.992269974807418,-0.469514752649314,-0.851875503967887
-1.21348485759188,-0.0624108780142402,-1.37793861729092
-0.858737825014405,-1.40046769935318,-0.981558131776398
-0.244363452886772,-0.0618892574727888,-0.306575673296083
-0.926676627156418,0.694372038433562,-1.02600377163678
-1.12673026973793,0.0551214075579177,-1.21926505888581
-0.854910734279162,0.640556633465013,-0.700930178840405
-0.699879902280921,-1.05138712396524,-0.841172435695908
-1.03263791610699,-0.585577651785508,-1.19205746827908
-1.13722999905796,-0.236848704530424,-1.06312785075574
-0.881990426599178,-0.644204074783698,-1.13170198748292
-0.932870236508559,-0.236876648488002,-0.963167801540071
-1.24176951623697,0.461817766144983,-1.29886650626317
-1.00696282659417,1.16491801142273,-0.981042431572948
-0.907609244264031,-0.527791876177782,-1.05762292358922
-0.883991707643734,-0.236527349018279,-0.742969844974105
-0.654643841058755,-0.4692399703998,-0.547322526021298
-0.968269577845188,-0.0625715557703125,-1.03206909961082
-1.14428451474002,-0.00391486015141287,-1.05892038282995
-1.25672103700227,0.578618851493856,-1.05286551980528
-1.22369131528491,-0.295209659931625,-1.19422514633622
-0.993006273785829,1.39715092819917,-0.917175330598187
-1.09623781085358,-1.10917289957297,-1.37032097549697
-1.01323948230258,-0.528059672437903,-1.04930560339797
-1.06188513345251,-0.993470943222154,-0.88456349475341
-0.858854679859977,-0.759607962253682,-1.05941597087327
-0.522084309315344,-1.86688169248185,-0.529318843838005
-0.521158546655277,2.21264642818102,-0.14279465738355
-1.14516417835259,-1.51663538833029,-1.13489835775407
-0.667257735473185,-0.23668569811122,-0.530467874595664
-1.07181480777508,-1.80825317368684,-1.00808973822549
-0.922856343499558,-0.585740658204711,-0.960867657925857
-1.19046725147973,0.752735322497895,-1.18932272093213
-1.25404854021206,0.873299527467243,-1.05210020980689
-0.876593926125668,-1.57449800982135,-1.09366523884581
-0.557953830682717,-0.818236713915004,-0.651645270270717
-0.90500175507238,0.228639412137166,-0.82579904433749
-0.693939213707805,-0.469514752649314,-0.580478461440865
-1.17356886847983,0.461438194054551,-1.14853575550239
-0.915737274024167,0.171263481240582,-1.03576076299941
-0.990636313812638,0.229726897819568,-1.01638646394185
-1.18210536076004,0.348940478172656,-0.970445370048636
-1.23414305470234,-0.00282737446901108,-1.35150934719234
-1.07618124602085,-0.120355002714906,-1.28989909974675
-1.21904983325537,-1.10993670108009,-1.27784316932132
-1.02081095777072,-0.528304182066708,-0.909949591708803
-0.955038697409557,0.348940478172656,-0.761152327285703
-1.05132954827265,0.229889904238772,-1.14420404562376
-1.21794035511317,-0.760858454355288,-1.15078690549916
-0.722817865575997,-0.23649707639757,-0.770669103009052
-0.830848468537853,-0.120355002714906,-0.919286163374306
-0.529807317911701,-1.0502227923995,-0.701307717367566
-1.25634657205701,-0.295209659931625,-1.17709185402177
-0.656803575761223,1.16408667868479,-0.38929281775771
-0.406622645785551,-0.993105343110511,-0.380116281704615
-1.18414045029389,1.62973314444532,-0.973937773827239
-0.889420730825073,-0.00388691619383548,-0.923955868237535
-0.920589586398071,1.22303445719513,-0.598995594703197
-1.05255259117253,-0.993524502474178,-0.956935158844358
-1.22730001225537,0.287407883586377,-1.17390043049729
-1.16844249556681,-0.23649707639757,-1.28560426036178
-1.24521178014097,0.753000790094884,-1.27934533654435
-0.997038976105336,-0.935163547072976,-0.80725345679132
-0.99552825850957,1.68879735611223,-0.718428746577119
-1.13147260997885,1.10596790424926,-1.14354648762952
-1.02319369992443,-1.28440247155385,-0.961909109607979
-1.07079760336207,1.16408667868479,-0.868444901895895
-1.22822887591781,1.45621281120294,-1.20294709206303
-1.2240110967005,0.287324051713644,-1.04405791703325
-1.22538264736044,-0.00394280410899092,-1.28525493688301
-0.994823725896946,-0.585682441626424,-1.15368574356348
-1.05491169763741,2.67837905447742,-0.943933125288859
-0.950582216643616,1.68879735611223,-0.71045739754813
-0.975953105386925,1.92154025011446,-0.94921455675663
-0.951234032215875,-0.527216696384306,-1.08390671679728
-0.55234668895036,0.346332375465397,-0.440655456476693
-1.10001509646532,1.16408667868479,-0.838648535090982
-1.21045430847874,0.117038231560892,-1.13057660072001
-1.13803001985345,-1.0513102780819,-1.08358307259924
-0.932304757380455,0.872789550241448,-0.740358549755226
-0.850635510883715,-0.0617262510535849,-0.966762482592494
-1.21461638310462,-0.760537098843143,-1.0409074497211
-1.15908733865976,-1.22534058855008,-1.10994752114761
-1.01398867691282,-0.235814778100046,-1.10462586709848
-1.05736765370084,0.462558281020793,-1.1971508103
-0.962489649773214,-0.469109565264436,-1.02241923704124
-1.0106259801917,-0.294469145055814,-0.873960297672615
-1.06812011471438,-0.00394280410899092,-1.11074329353414
-0.921427235210182,-0.818320545787737,-0.813927412016977
-0.910824076115839,-1.05090276203389,-1.01166899664515
-1.19512571338813,-0.469109565264436,-1.27552247603164
-1.00578300864202,0.578618851493856,-0.770529579045199
-1.03360576920173,-0.00266436804980723,-1.1742487471554
-1.09147701586682,-0.819354472218115,-1.27430714035415
-1.17643551827235,-0.877298596918781,-1.32905855701848
-1.1699322246709,2.67837905447742,-1.09795523394169
-1.14976024204248,0.407566901170847,-0.810162322838811
-1.16311917118592,1.10298022945157,-1.16409961145625
-1.21824644673778,1.57161669867293,-1.13673334706708
-0.85323846202311,-0.760728049219925,-0.867038018977292
-1.24964886073352,-1.51698934512627,-1.36651657340874
-1.13398033765509,-0.00266436804980723,-1.20000039038896
-0.733644145572889,0.578618851493856,-0.625487072928906
-1.04495392520797,0.0551004495897349,-1.07384438494512
-1.00335719280899,-0.993470943222154,-0.855567542591881
-0.965712007228345,-0.760728049219925,-1.07860773392222
-0.450872058813226,0.345631447862821,-0.272515239795719
-0.930892704604139,0.0554218051018789,-0.864729553373952
-1.24526381647349,0.753436250100471,-1.24119482454038
-0.938653530302623,-0.758925663956158,-1.04453524255243
-0.95571119893668,0.578565292241832,-0.832037106896791
-0.804149972607276,1.16527662554498,-0.809521598774303
-0.902615874099194,-1.28508709851451,-0.894836620585835
-0.849800509268753,0.753436250100471,-0.908673822447325
-0.968532368887868,-0.236161748906636,-0.826300038516275
-1.09301125570011,-0.818320545787737,-0.98715714052635
-0.688858486037054,0.520257896092654,-0.520353781307344
-1.2556102352615,-1.28405550074726,-1.42216473899361
-0.965323739040808,-0.00320694655944267,-1.01671422245883
-0.53512288978666,-0.527538051896451,-0.656063960036652
-1.0479558845919,-0.760858454355288,-0.937240264147621
-0.951598626897481,-0.701908347181821,-0.694784109816794
-0.794768305911633,0.753436250100471,-0.915291486870914
-0.690343941808599,-0.527791876177782,-0.786880723587642
-1.2506994198306,-0.761238026445719,-1.12740398307883
-1.15633943456791,-0.00317434527560217,-1.0160440767353
-1.0895581382878,0.228639412137166,-0.996197176921439
-0.506638670293651,1.92135162840081,-0.0940597098402477
-1.23476204502995,-0.527738316925758,-1.36787952198141
-0.952339615196556,0.872789550241448,-0.77280968051272
-1.05096903783807,0.113398531086386,-0.866082063767096
-0.890895597808022,-0.352587919491341,-0.883370119865305
-0.989011275117142,1.16559798105712,-0.928818401541985
-1.07883808653078,0.228725572673031,-1.23990749821145
-1.19023403341091,-0.527372716814115,-1.27323474255054
-0.854409279504959,0.228639412137166,-0.747569335056098
-0.744468156543653,-0.527111906543389,-0.818121504173371
-0.749040622361817,0.229405542307424,-0.803077754830627
-1.02045634680408,-2.15741222502231,-1.19074372002365
-1.13453942569293,1.39750022766889,-0.914993978734071
-1.16078869226734,-0.235756561521759,-1.3057045247957
-1.26356192387442,0.753000790094884,-1.27961437168135
-1.15899941389731,-1.4011499976507,-1.36517723295464
-1.13426884432722,-0.760150540763317,-1.22581604210167
-0.908807290059411,0.0551214075579177,-0.968943169557776
-1.0531263144289,-0.235842722057623,-0.954206034674519
-1.18419222190671,-0.761238026445719,-1.14150749980367
-1.20949333809659,-0.818320545787737,-1.12515218383329
-1.04186721769817,-1.28331731453458,-1.15541310689653
-1.1056867541739,-0.64354739178062,-0.912020639007047
-1.23637672183947,-0.934076061390575,-1.26857512511326
-1.12150931625249,-1.05064893775256,-1.27358285914412
-0.939284130480589,0.814673104469052,-0.907158538596127
-0.790776332611116,-0.294804472546747,-0.869467898860131
-1.11886400995872,-0.528059672437903,-1.23496894953552
-0.719005523510584,0.228639412137166,-0.534464867033675
-0.944278521707184,0.93141830190277,-0.695369004801823
-1.22439497810419,0.170942125728437,-1.29702844404674
-1.03963097899809,0.815353074103445,-1.06191303390983
-0.706638196602021,-0.293705343548688,-0.7750550026918
-0.802160036693358,1.39717887215674,-0.591759760608593
-1.23523362429348,0.461438194054551,-1.29928389959523
-0.73291730087001,-1.5756180967876,-0.807271631455465
-1.08247646992641,-0.295125828058892,-1.27543858739767
-1.21721925860981,1.6891280262769,-1.12146772473568
-0.718229138403918,-0.644204074783698,-0.956854341832501
-0.900387312270855,1.97998038006213,-0.608996863399575
-1.20477614622859,0.288090181883901,-1.26532060255211
-1.22269566662012,-1.10953151369522,-1.39639144151969
-0.982741804658135,0.228883921765972,-1.10758936472114
-1.13445781638654,-0.760858454355288,-1.03467655278523
-0.977996136512229,-0.0612907910479979,-1.11437120703569
-1.24640627112875,-0.295505400149324,-1.38099033413021
-1.14901395934911,1.1069692293958,-1.0888082965489
-1.10966072653381,-0.469430920776581,-1.25241615953446
-1.02227417708621,-0.701142217011564,-1.1227218580152
-0.914554733240659,-1.80716661946969,-1.03037110311581
-1.18564511715332,-0.0624108780142402,-1.34074970229874
-1.1842881638948,0.520446517806304,-1.27520105240351
-0.813013545003781,0.229151718026092,-0.895815791427526
-1.24420293330753,0.582258551968362,-1.23606970433633
-1.26025130130292,-0.585682441626424,-1.38044646399814
-1.054370913077,-0.818832851676663,-1.0776982305672
-0.691586233613468,-0.586087629011302,-0.625758052837792
-0.69604751715138,0.98599052238905,-0.741141313691221
-1.14844723225664,-0.818236713915004,-1.34030106668377
-0.932025629349657,0.578618851493856,-0.81917866037242
-0.865660623729757,0.348940478172656,-0.699929357831028
-1.08145476527825,1.16491801142273,-1.06631831404367
-1.08348399316128,2.44539165084638,-0.965393723133481
-1.16594433561741,-0.993470943222154,-1.0672535027198
-1.2077083330591,-1.10985286920736,-1.41009896065224
-1.17889502914338,-0.877298596918781,-1.33947686367154
-0.929864230694695,-0.294804472546747,-1.04871706771429
-1.00359298244075,-0.411312146341054,-0.833091433271758
-0.909436944809824,-0.585740658204711,-0.975842871437002
-0.999366959095167,-0.818832851676663,-0.981564346040796
-1.24474697013872,0.0547395068043552,-1.23057054961741
-0.905423793932117,0.287407883586377,-1.01488839149805
-1.23320432077624,0.0544204799553421,-1.29466451416595
-0.225214763224812,-0.760537098843143,-0.107170985404775
-1.24772809229939,-1.10993670108009,-1.30719322761142
-0.822018553362241,2.21315873406995,-0.757627652804627
-0.978907112685364,-0.352909275003486,-1.18439037677363
-1.06115885600617,0.985669166876905,-1.0615275975926
-0.949577643142717,-0.527053689965102,-1.09241540613012
-1.1898783257483,-0.178219952869102,-1.07491328830039
-0.201686474965535,-0.178324742710019,-0.096476658287327
-0.976973864607535,0.753000790094884,-1.07596688067829
-0.886854840445762,-1.86688169248185,-0.845283333586871
-1.24804212551545,0.814673104469052,-1.20584267971929
-0.900905406569994,0.287512673427293,-1.0050116583991
-1.21765857988522,0.346332375465397,-1.04087376136096
-1.23894972183398,0.462139121657127,-1.27673084285549
-1.26067734877548,-0.993470943222154,-1.21630325119528
-1.22818152890595,-0.235814778100046,-1.24114200544373
-0.673200693072429,0.69886402961419,-0.437293108832019
-1.0939374721654,-0.818832851676663,-1.22220283036907
-1.20292223843102,-0.585740658204711,-1.29439210946078
-1.10874343490462,0.814673104469052,-1.09905042304047
-1.15516528918107,-0.294804472546747,-1.22091521213446
-0.750960974807821,-0.586420627839104,-0.857536524029424
-1.23259334767428,-0.00359350463926894,-1.04797947022341
-0.679852721336552,0.753000790094884,-0.670178626057876
-0.464228681113429,0.229046928185176,-0.562703040903567
-1.25437263277729,-0.295125828058892,-1.35201437057569
-0.532244630143781,-1.05173409477183,-0.527411177238527
-0.782038691164694,-1.86688169248185,-0.778204621148246
-1.07093007667082,1.63014066049333,-1.06190108311977
-1.01814012493301,0.520066945715873,-1.04329267247225
-1.03407390710895,0.753056678010039,-1.08540658625259
-1.03086777319063,-0.585682441626424,-1.18360678201154
-0.990938737178347,-1.5756180967876,-1.17162431750756
-0.928961460832722,-0.120355002714906,-1.05526765331791
-0.956064070316626,0.287407883586377,-1.00816430344941
-1.18887348752769,-1.86688169248185,-1.19299333338567
-1.20562945132098,1.68944938178905,-1.05976387953153
-0.684939499743643,-0.758925663956158,-0.887648179638149
-1.13701758039531,-1.05054414791165,-1.3026781661363
-1.08990794648247,-0.70217381477881,-1.00566967715496
-1.04070929584814,-0.00359350463926894,-0.881296484815575
-0.754964671409997,-0.352587919491341,-0.920869044053381
-0.82400281671084,-0.585682441626424,-0.912489183102532
-0.76702189808112,0.345952803374965,-0.520286091585824
-1.14725671206458,-0.818832851676663,-1.22153476212264
-1.2132877548556,1.39715092819917,-1.15005673561008
-1.11815520401355,1.86291149845314,-1.15070887053751
-1.21768732088284,0.52050240572146,-1.20654585924598
-1.06497070644925,0.350025635191927,-1.03879404704006
-1.04055795180543,2.15452998240863,-0.953539386419535
-0.723716778093554,2.15452998240863,-0.660400351068484
-0.894153162985234,0.171263481240582,-0.954787054667581
-1.04443386441952,1.62981930498119,-1.06511371092246
-1.03543460426058,1.33852217653784,-0.905417967068324
-1.12958372136182,1.92143546027354,-1.0890433353124
-0.982357431632117,-1.34303122321518,-0.985986700300789
-1.22479012900431,-0.993524502474178,-1.07713315624846
-1.15341212614357,-1.57526413999161,-1.10972240955708
-0.751401922218621,-1.22537318983392,-0.817298112767861
-0.388175085197024,-0.352909275003486,-0.631111033002904
-1.02777452332216,1.57161669867293,-1.04298760288438
-1.24202342026065,2.15452998240863,-1.14637216142503
-0.642008012725091,0.811552695872866,-0.487511237007166
-0.922399891076886,-0.00388691619383548,-1.05007221299215
-1.23811010653255,1.45580762381806,-0.948823327170815
-1.01505126184838,-1.57526413999161,-0.984357027309049
-1.03597482156447,1.45580762381806,-0.755635865748911
-1.17123941062301,-0.527377374140379,-1.23244133286455
-0.927479862405594,-0.528059672437903,-1.01892868564425
-0.42888784283379,-0.00359350463926894,-0.274538162238005
-0.98639111719628,0.228639412137166,-0.888823309848674
-1.01819219908264,-1.10917289957297,-1.25634797280461
-1.13696509025756,-0.00320694655944267,-1.08970505379784
-0.647235470752094,-1.10917289957297,-0.781521903020725
-1.08326639355564,-1.57449800982135,-1.23831374774061
-1.15276670166157,-0.818669845257459,-1.28442815119869
-0.991738833608046,1.39715092819917,-0.894797251070136
-1.00724089574611,0.228725572673031,-1.10148458394744
-0.601504383663086,1.45580762381806,-0.33753055516233
-1.12897074395344,0.0547697794250641,-0.903003341877529
-0.618636287268619,-0.818641901299882,-0.665414010432481
-0.965428000791372,-0.760537098843143,-0.873357724981551
-1.16548534944889,-1.57558549550376,-1.23002961638879
-0.548888314960854,0.520257896092654,-0.298805048667974
-1.15214271947648,1.45612897933021,-0.890257558868439
-0.958641457094984,0.287002696201499,-0.855052228606335
-1.23674759416002,0.87387703592385,-1.09199812330946
-0.721366823367388,-1.57558549550376,-0.738828453257595
-0.988018008929779,0.287675679846497,-0.968102374093514
-1.10979645211334,2.38676289918506,-0.965102452598848
-1.02433138962482,-0.527377374140379,-1.07922587979782
-0.857483809907877,-0.236876648488002,-0.886281756248338
-1.1518870758661,-0.236161748906636,-0.984061204070697
-1.26247056012413,-0.586420627839104,-1.43772810704993
-1.12539581765518,-0.586087629011302,-1.07387769715465
-1.25278431448796,0.228725572673031,-1.29008878060356
-0.932307707114421,1.45612897933021,-0.651817552743071
-1.26655628202082,-1.05090276203389,-1.43155503764239
-0.71367936284703,-1.28508709851451,-0.717095364952778
-0.952141188861696,-1.10985286920736,-1.19952659821449
-1.03661865772818,-1.28405550074726,-1.1604661650629
-0.968196477386777,1.33920447483537,-0.863885005555636
-1.04446154653828,-0.877298596918781,-1.20201872402256
-1.00807839328981,2.38676289918506,-1.00011611673428
-1.08594006267601,-0.469109565264436,-1.13881720092091
-0.712809569498111,-1.57526413999161,-0.786378825640654
-0.8208621063792,0.814673104469052,-0.800303969410664
-0.913649391815741,0.873299527467243,-0.853718499660443
-0.963029262003463,-1.57558549550376,-1.02077359961341
-0.877316610947313,-0.760206428678473,-0.848897405157673
-1.08604621528168,1.92154025011446,-1.0838756459329
-0.867302264133086,-1.0513102780819,-0.807512364187441
-1.13974763481495,-1.0521532541355,-1.14498369377884
-0.620749128764449,0.229205277278116,-0.690161967871622
-0.961867936614247,0.346036635247699,-0.92849464568853
-1.0929880359994,1.92135162840081,-0.786085998794297
-0.746982993835092,-0.817989875623066,-0.819899166805795
-0.98299650284096,-1.86688169248185,-1.03863251094363
-1.07765028917008,-0.178324742710019,-0.969425924550231
-0.401406532889187,-0.877298596918781,-0.609701597590608
-1.20567290317132,0.753056678010039,-1.25221213878206
-1.20948758989707,1.68836189610664,-0.963430374803061
-1.25573900249424,0.520257896092654,-1.12950150094691
-0.845915936538277,-1.28508709851451,-0.811945418147739
-0.89329963099023,0.870181447534188,-0.776934286851293
-0.813086153839865,-0.00320694655944267,-0.874386359628952
-0.77313351995585,-1.22534058855008,-0.694126436552063
-0.804202538379233,-0.586001468475437,-0.961017491711277
-1.24257244894933,-0.0624108780142402,-1.31767546055793
-0.288362894869388,-0.120355002714906,-0.364943594154889
-1.18318367761008,-0.294124502912355,-1.32338230477902
-0.959596149838177,1.33852217653784,-0.913377707137555
-1.11859112174977,1.63082063012772,-1.08823384729387
-0.962496305583188,0.520341727965387,-1.05035509884589
-1.17673166399911,1.62981930498119,-1.21370447822253
-1.01988394714628,0.753056678010039,-0.974789505573153
-0.975120448432295,-1.05090276203389,-1.04574336647999
-1.07889787536924,1.86323285396528,-1.09025893649182
-1.11891570593733,-0.527372716814115,-1.22154969813915
-1.00950300134404,-1.05176902471881,-1.10801196110394
-1.17159784111697,-0.469514752649314,-1.06724110759611
-1.05559834276073,-1.34268425240859,-1.12006625952993
-0.924836446966923,1.51433158563847,-0.673771071256408
-1.15000264966712,-0.352587919491341,-1.27763682792098
-1.02777399388273,-0.527738316925758,-1.05790659743731
-1.01235028878027,-0.585740658204711,-1.09138288871148
-0.769606318840473,-0.527377374140379,-0.849815568213686
-1.08820772738795,-1.2836363413836,-1.25126236996817
-0.936307243835363,0.346332375465397,-0.769566155735225
-0.953989272825535,0.171263481240582,-1.05184688701185
-1.019928646961,-0.527377374140379,-1.11184096586762
-1.08335008280264,0.171263481240582,-1.22595276104359
-1.16576436402839,-0.761238026445719,-1.03002089865752
-1.20814141451266,1.33920447483537,-1.15844505706684
-0.497204437826051,-0.468396994346203,-0.275255959197191
-1.15651206963912,1.10588407237653,-0.975079348382829
-1.1029431612317,-0.586087629011302,-1.08206044420139
-1.08152937842074,0.0547395068043552,-1.16893235820814
-1.0352499433509,1.68876708349152,-0.825127510700568
-1.05337662582788,-0.993140273057483,-1.15747767337596
-1.00252559473321,0.229405542307424,-1.0795781649822
-1.14898748737762,-0.819354472218115,-1.32930001761562
-0.950273742541567,0.753436250100471,-0.968698792008721
-1.09067449914258,2.27127517984234,-0.722754393063437
-1.1728821099052,1.63014066049333,-1.01603284255335
-1.15154331840777,0.461817766144983,-1.22207441671373
-1.12635943523448,0.812065001761792,-1.16071965099381
-0.916726191244786,1.74742610777355,-0.679456681592314
-1.03497471048162,-0.177898597356958,-0.787874867694824
-1.10193953315835,1.33920447483537,-1.00449623550376
-0.957586927202175,-0.70217381477881,-0.84063135539332
-0.716943356931603,0.462139121657127,-0.750273661199282
-0.721849369590527,-0.235919567940963,-0.809738892106354
-0.90600579913385,-0.178378301962043,-0.758561825599536
-0.865200767767894,-0.00391486015141287,-0.722200349292799
-1.04510693320317,-1.10993670108009,-0.853339425871349
-0.875791825389556,0.872789550241448,-0.675634155313676
-0.776174393137874,-0.352587919491341,-0.942335877212192
-1.1302803502001,0.462139121657127,-1.1827423169267
-1.10304685572573,-0.23668569811122,-0.976195568007509
-1.21013301437907,-1.34252124598938,-1.34680833433425
-1.1470774590005,-1.05141506792282,-0.983808991880939
-1.23849432829016,-0.527738316925758,-1.32565450406347
-1.12557612959812,-1.5756180967876,-1.21731654608203
-0.979963835970096,-0.528059672437903,-1.11381174587252
-0.579805686804709,0.461438194054551,-0.620014788039441
-0.908301297232953,-0.527738316925758,-0.941008060054352
-0.941593961261399,-0.992760700967052,-1.04151480757879
-1.14815293956789,2.09546577074172,-1.07040460701693
-1.10295900659749,0.931853761908357,-0.9379709522734
-1.06303587005313,-0.469109565264436,-1.08368539288785
-1.15727937864127,-1.05176902471881,-1.20573957660726
-0.966188843069064,1.68836189610664,-0.620260634497827
-0.43272590052865,-0.00326050581146655,-0.475609731829942
-1.17619227867147,-0.586087629011302,-1.09858977028284
-0.857653230525406,-0.00378212635291862,-0.907368963747446
-0.655306018516997,-0.352909275003486,-0.806133507692793
-1.01327143775388,0.812065001761792,-1.07109933386274
-0.77154255446937,-0.527216696384306,-0.761899795755773
-1.01747250181206,0.52050240572146,-1.09164303987569
-0.49438819823066,-0.235076591887366,-0.586441517632339
-1.16769504054327,-0.236580908270303,-1.05869848645772
-1.11281531574193,-2.15741222502231,-1.32355567081225
-1.13183183463195,-1.10993670108009,-1.13618771795041
-1.03918246816687,2.09546577074172,-0.97533723989773
-0.594475318890758,0.520341727965387,-0.685865635964949
-1.25080886252416,-0.235761218848022,-1.38900657398933
-0.279962581973938,-0.527791876177782,-0.392580564027738
-1.18647716903432,-0.236876648488002,-1.23353514109704
-1.05898558278114,-0.5850001433289,-1.16762008266014
-1.06072169030558,-0.468855740983105,-1.0477265359343
-1.1045363201101,-0.993470943222154,-1.01981448601935
-1.06135195012963,-2.15741222502231,-1.26502890566769
-0.562131864125698,0.98599052238905,-0.556438969954626
-0.893615025621968,0.753000790094884,-0.942745003238826
-1.09837489311187,0.287834028939438,-1.10771891996156
-1.07731621288989,1.16408667868479,-0.876212406121285
-1.13437488348158,-0.992704813051896,-1.21985896501182
-0.621686992897196,-0.586001468475437,-0.785035130533914
-0.989157778570782,-1.28400194149524,-1.03317878602101
-0.71133734971231,0.345952803374965,-0.471661537383599
-1.00945202389037,-0.993140273057483,-1.07113180636865
-0.267624374234013,0.753056678010039,-0.374662187953043
-0.877685705864072,-0.237007053623365,-0.826661872068905
-0.989854672128777,1.57161669867293,-0.975052621554668
-1.19439663747622,-1.0513102780819,-1.15480456027477
-1.20850876984272,-0.295209659931625,-1.13716300748519
-1.21819951571404,-1.05173409477183,-1.15676716541029
-0.724483708924688,-1.34252124598938,-0.947626346819588
-0.87356704527143,0.694372038433562,-1.02794238005627
-0.80789386571784,0.0550352470220533,-0.674230732797678
-1.22787161775402,0.17052296636477,-1.2998776034602
-0.682041197036637,-1.0513102780819,-0.601071430371298
-1.25826041996145,-0.00350734410340389,-1.40476139405933
-1.25428300624525,0.521024026262912,-1.22546243274816
-1.13300949700929,-1.57493346982694,-1.26890225309747
-0.490015028540704,-0.585682441626424,-0.636671958104827
-1.02774090391837,-0.528059672437903,-1.15734433356615
-0.565840209160263,-1.05141506792282,-0.433716696710196
-1.07570599849843,0.640556633465013,-0.907315424976753
-0.881479895720464,-0.294469145055814,-0.853088269374372
-1.23985979039666,-0.0612907910479979,-1.34630887203113
-1.18071319977944,-1.10953151369522,-1.36274615154057
-1.07789485236953,-0.818669845257459,-1.17627084938801
-1.15492155795787,-1.34252124598938,-1.27523183429088
-1.19762886519501,1.39783089783356,-1.0805449960703
-0.996061857820581,-0.0612907910479979,-1.18237791342339
-0.571170907876072,0.17052296636477,-0.638704169453815
-1.18636031418874,1.62981930498119,-1.13512079368735
-1.0448869889372,0.229151718026092,-1.14188680541503
-0.777190160501003,-0.818236713915004,-0.911608096507807
-1.088967964592,-1.8657951382647,-1.23829702880679
-0.962719993742269,-0.586001468475437,-1.16100378125629
-1.13761607385357,-0.761238026445719,-1.05879272042335
-0.436825652570228,0.170942125728437,-0.547087364162281
-1.19520841939048,-1.34303122321518,-1.14795267304165
-0.990039975929199,-0.469619542490231,-0.886040221793885
-1.18624436695362,0.349704279679783,-1.17554306691132
-0.805982211205325,-0.528143504310636,-0.649211642609865
-0.803547167999373,1.57161669867293,-0.833840903759997
-1.16718121957667,-1.4011499976507,-1.40504869647955
-1.18903663050626,-0.585577651785508,-1.2965515240106
-0.611843579384583,0.462139121657127,-0.626789964846136
-1.21895014737416,-1.10953151369522,-1.33047309181069
-0.883495547263829,0.228883921765972,-0.94950704451831
-1.14002967476262,1.39715092819917,-1.07344906895422
-0.999495839779215,-0.294823101851799,-1.06966592683462
-0.57619453172261,0.17052296636477,-0.680675159729045
-0.503795958726771,-1.22646067551632,-0.410988075469594
-0.749479300746489,-1.0521532541355,-0.609439400935836
-1.10953695115855,-0.761238026445719,-0.872661266561624
-0.851619133710036,1.68836189610664,-0.555823046662398
-0.649312007829882,0.0547138915099087,-0.430306162890606
-1.08305669772434,-0.00420827170598007,-1.16695848978704
-1.12665463553368,0.287675679846497,-1.14090284162744
-1.03030917677512,0.287002696201499,-0.89557577164282
-0.560596867950367,1.74742610777355,-0.248090323889951
-0.944791170343616,-0.120355002714906,-1.11597209796174
-0.924882962002539,0.520341727965387,-1.03721350929425
-0.194575347081591,-0.585682441626424,-0.291753500002658
-0.804368177286548,-1.0521532541355,-0.837049426853433
-0.810963479897481,1.10628925976141,-0.854075592434048
-0.904622449538047,-0.235842722057623,-0.736783192410976
-0.897872474979416,-0.295125828058892,-1.04666630555055
-1.11111668496569,-0.760728049219925,-1.16706659904275
-1.2507312996477,-1.22534058855008,-1.25965517681507
-1.03571172798497,-0.993470943222154,-0.867030510150746
-1.16978349000823,1.9218616056266,-1.11758088924044
-1.0352517207547,-1.22569454534606,-1.13363121181405
-0.94649619221011,0.814673104469052,-0.878689959204783
-1.12642709003018,0.113398531086386,-0.986014489228188
-0.748099354689878,0.814673104469052,-0.779699074400796
-1.04348681073095,1.39758638820475,-0.966920288299863
-0.697553394158073,1.10588407237653,-0.49491143519186
-0.97111713000114,-1.0513102780819,-0.933757878239136
-0.690642318744381,-1.05090276203389,-0.84868881637182
-0.748143978870388,-0.527458877349981,-0.624769849347725
-0.954043616001292,-0.0624108780142402,-1.0608294455797
-0.877445945436587,0.461438194054551,-0.865941668067331
-1.00945637285712,1.45580762381806,-0.755180274596581
-1.23862041050866,-1.86688169248185,-1.32058589028457
-1.11653198053896,-0.0618892574727888,-1.18632100466822
-0.950659855154283,-0.00266436804980723,-1.05783344575262
-0.95031469846317,-0.41099311949204,-0.773620011895704
-0.551214823083702,0.462558281020793,-0.60818306108909
-0.58186218081837,0.985669166876905,-0.586311978591104
-0.979249281825408,0.287268163798488,-0.753578471070571
-1.05618602052778,1.04461927405037,-1.03437783108217
-0.895826191583329,-1.10885154406082,-1.04238094333063
-0.928017810683349,-0.934076061390575,-0.961284780585064
-1.10611310418328,-0.818641901299882,-1.14273882394146
-0.817804215501218,-0.469675430405387,-0.756111097729091
-1.02948313781336,0.348940478172656,-0.876055795675963
-1.15038331661713,-1.05173409477183,-1.08118979418458
-0.815604016499474,-2.15741222502231,-0.9420418235291
-0.366000271022868,0.579131157382781,-0.40869252437066
-0.986370620326927,1.10596790424926,-0.966341354066531
-0.8014335701615,-0.352909275003486,-0.951601269924508
-0.877897481635982,0.520341727965387,-0.858785387997122
-1.25726155684297,1.1069692293958,-1.20369249490795
-0.671660780673821,-0.00394280410899092,-0.7415185126761
-0.699305460499613,-1.51698934512627,-0.840559439697447
-0.895230950395851,-0.702229702693966,-0.802228155520066
-1.06387764092938,0.345631447862821,-0.902474263616666
-1.08920734684847,0.05545440638572,-0.999234561095299
-1.21804091078772,0.582258551968362,-1.22454929853299
-1.15835988888324,-1.4011499976507,-1.32055578940371
-1.19827281481003,0.98599052238905,-1.13348354675199
-1.09263584532729,-0.468429595630044,-1.09211085180453
-1.22922860882964,-0.527791876177782,-1.34049597255633
-0.75321638677867,0.229570877389759,-0.804529364436748
-0.747565377207846,0.229889904238772,-0.854550662879962
-0.828137738657396,-0.527738316925758,-0.891808397189513
-1.06402985476544,-1.10953151369522,-1.27823138224327
-0.431250277203658,-0.177293144942772,-0.469608909567721
-0.945594783763813,-1.22537318983392,-1.00006495521716
-0.978855265438348,1.9218616056266,-0.841591591032764
-1.08784184692487,0.582258551968362,-1.11013036567294
-0.698412598718397,-0.527791876177782,-0.81628449989199
-1.02465941516866,-0.00391486015141287,-0.965234944102078
-0.906053070511509,2.15409452240304,-0.854521993979777
-0.943755700270279,-0.527023417344394,-0.961282706723043
-0.878688237241456,-1.22646067551632,-0.736898246450352
-1.21462825767469,-0.819354472218115,-1.42837118499557
-1.15583760162269,-1.28440247155385,-1.18058848629155
-1.06398046563006,1.10628925976141,-1.06442959591696
-0.684084076893532,-0.528143504310636,-0.62482057751371
-0.892446098995225,0.170942125728437,-1.00149747312042
-0.882615165126314,0.462558281020793,-0.986856568729703
-0.952114565621798,1.16491801142273,-0.860394553458746
-1.19558243053051,-0.935163547072976,-0.949589537276575
-1.21610690636785,-0.236876648488002,-1.31328231608623
-1.25407837790564,-0.528143504310636,-1.10007815588737
-0.784803499501192,1.39758638820475,-0.787208561727746
-1.13868807524756,-0.760728049219925,-1.25219560160862
-1.08424305803517,-1.57558549550376,-1.00311121462357
-1.25968309934346,-0.527111906543389,-1.36327156901397
-1.19119212969329,0.640556633465013,-0.982168864007115
-1.09243798624897,0.287834028939438,-1.1255059964088
-0.945105808633312,-0.818669845257459,-1.16445271685031
-0.724135413414099,-0.00326050581146655,-0.719674608203969
-1.15978986696597,-0.469514752649314,-0.985625281337521
-0.792408140567892,0.0584094798995708,-0.847051192507921
-0.515513965991815,1.1069692293958,-0.54080365696153
-1.01958753669981,-0.527458877349981,-0.847139436435181
-1.19040080683129,-0.644204074783698,-1.28786496069451
-0.866146573492088,-0.7600457509224,-0.897533370177057
-1.03034166166585,0.931853761908357,-0.76675499595367
-1.01950331801338,-0.760013149638559,-0.965441108958732
-0.568602748470633,1.45612897933021,-0.312545712984535
-0.647733143816084,-0.294804472546747,-0.773342909700855
-1.25752952882864,1.6891280262769,-1.10116937174656
-1.19707333196477,-0.4692399703998,-0.974772938472397
-1.1754619926123,-0.819354472218115,-1.35040705488733
-1.26367582898602,0.87387703592385,-1.22091463930558
-0.910330941104104,0.17052296636477,-1.02913435009962
-1.16902862283267,0.753436250100471,-1.20670166439951
-0.425263829936968,-1.28405550074726,-0.503969233034543
-1.08634387369252,0.171263481240582,-1.23100571688966
-1.16814778688994,-0.818236713915004,-1.30988549799016
-1.22440696612556,-1.22537318983392,-1.22392562795669
-0.864835076390327,-0.236441188482414,-0.889932518062523
-1.14370489201572,-0.528304182066708,-1.09323002023037
-0.616760559003124,-1.28508709851451,-0.489637049455233
-1.01935825160962,-0.585682441626424,-1.12674786978666
-0.516390188248095,0.117038231560892,-0.434920734690275
-0.97138703065902,-0.23649707639757,-1.11331580474184
-0.894755211251094,-1.05064893775256,-0.998664752403985
-0.837158252027727,-0.469619542490231,-0.721930107499412
-1.00561460908625,-0.585577651785508,-1.08040945143216
-0.407338145357792,-0.352587919491341,-0.572139295684946
-1.24523885718609,-1.51663538833029,-1.01281615488661
-1.12277456303835,-1.22534058855008,-1.10380383216896
-0.235023006832447,-1.34268425240859,-0.311922314270864
-0.997051191029323,-0.759607962253682,-1.15201064480236
-0.906647555356943,-0.294469145055814,-0.886127598561276
-1.21667473015629,-0.0612907910479979,-1.39767383794179
-1.10457754075142,-0.992704813051896,-1.17591871095728
-1.256702052817,-1.57449800982135,-1.34810774251106
-0.749490267706106,-0.178219952869102,-0.680284041798644
-1.00830314032776,-1.05054414791165,-1.169204882348
-0.953159981592995,-0.236161748906636,-0.902577955344923
-1.13317959833465,0.229889904238772,-1.14327755289087
-1.14389416661186,-0.586001468475437,-1.36372441696669
-1.08345755900689,-1.34226509304492,-1.23489397443556
-1.1289184429012,-1.40046769935318,-1.26942036180886
-1.19554635301508,-0.818669845257459,-1.29906831591805
-1.00706062162027,-0.701489187818155,-0.895385729553288
-1.11221704918628,-1.28331731453458,-1.12340646165042
-1.15777455577652,-0.00326050581146655,-1.10779778872374
-1.11296049559699,-1.28508709851451,-1.10344709376401
-1.21953619900582,-0.527791876177782,-1.31438260856956
-0.878298342918527,-1.40046769935318,-1.10253561616739
-0.0319890362494141,-0.992760700967052,-0.22407198149485
-0.67541790977013,-1.28440247155385,-0.693757250215902
-0.694664545726599,-0.0625715557703125,-0.743559536565866
-1.19312129352409,0.753056678010039,-1.13879751053453
-1.18332530265755,-1.0513102780819,-1.08425262526778
-0.791647260473099,0.87387703592385,-0.727204107018134
-0.97255323445441,-0.00420827170598007,-1.07873206680101
-1.13322263419688,-0.236580908270303,-1.05017150394127
-0.536337953277997,-1.22537318983392,-0.649074804782389
-0.516743021810939,-0.527738316925758,-0.663087553206658
-0.530308772685904,0.229046928185176,-0.605715743695286
-0.85462710601321,-0.0617262510535849,-0.896367706423645
-0.947395861069709,-0.818236713915004,-1.0899507977529
-0.998754095138098,-0.00378212635291862,-1.09794760000617
-1.02239749865625,0.229889904238772,-1.12243562066865
-0.948418322059914,-0.468750951142188,-1.02655797968731
-1.08449560064317,0.228725572673031,-1.17635573729217
-1.03024458516469,-0.760858454355288,-1.00969886387556
-1.23508220461656,-0.527538051896451,-1.35658245899126
-1.22096455095315,0.350025635191927,-1.22157729803028
-1.15469072236648,-0.4692399703998,-0.975158133174642
-1.24245748495886,-1.22537318983392,-1.31703426648819
-0.913978778775266,-1.0521532541355,-0.81446800908958
-0.453912175653208,0.0546091016689918,-0.368117736533102
-0.706539115794448,-0.00320694655944267,-0.662028050871116
-0.676398129057259,0.228639412137166,-0.564381944780503
-1.13799798876795,-0.236527349018279,-0.956923288135025
-1.06672239461977,0.521187032682116,-1.13706741795879
-0.655674357091713,1.92135162840081,-0.320152369350146
-1.22457063854357,-1.57526413999161,-1.11715546326236
-0.957848886268608,-0.701489187818155,-0.775719186290816
-1.08301782174336,-0.236175720885426,-1.15356638882299
-0.881611499235866,1.63082063012772,-0.719879491311391
-1.10851138916597,-0.586001468475437,-1.29263528232337
-1.25970938222944,-0.469940898002376,-1.19698386605466
-1.14585157981795,-1.34194373753277,-1.35143780723523
-0.86309889323168,-1.22646067551632,-0.762787299791139
-1.03246316327806,-0.177814765484224,-1.06698217320134
-1.13367700667893,-0.236161748906636,-1.02894054833437
-0.579263011389188,0.461817766144983,-0.669922957126346
-1.15109042079269,-0.528143504310636,-1.04231334833317
-1.26114030573972,-2.0987837062273,-1.40546721075875
-0.823196556093494,-0.760537098843143,-0.716749902188722
-1.18923063224018,-1.57526413999161,-1.22873689499843
-1.0365657137852,-1.4011499976507,-1.2509559451856
-1.10464640569439,1.39783089783356,-1.01986090950307
-1.01313404822185,0.520341727965387,-1.09295386939455
-1.13650247364724,-0.702229702693966,-1.04144520049587
-1.11938913823885,1.27728532216926,-1.16021493329004
-0.6921379851335,0.582258551968362,-0.609576928830374
-0.811802641393677,-0.00359350463926894,-0.72693846140086
-0.516088785944144,-1.05141506792282,-0.437816218104311
-0.811251646215688,-0.528304182066708,-0.814366791169374
-1.1514515363009,-1.4011499976507,-1.35721546981744
-1.18145278884573,0.229046928185176,-1.19624157711447
-1.09219157001151,0.0547138915099087,-0.972088182686025
-0.552674185054779,-0.236441188482414,-0.614352596053668
-0.362242763755539,-0.294385313183081,-0.515589705654849
-1.0224908690814,0.811685429671361,-0.98674503000543
-0.924803167917051,0.753056678010039,-0.911109059501984
-0.446789702638626,0.229405542307424,-0.504900959020047
-0.749413498988788,0.228883921765972,-0.773973493714937
-0.662010990724098,-0.586001468475437,-0.845541822732796
-0.594275266420507,-0.29395916783002,-0.656951143749112
-1.24966168073114,0.814673104469052,-1.25448587982642
-0.679474928486305,1.97998038006213,-0.404052741327786
-1.20517072987218,1.86291149845314,-1.1212063111789
-0.840873025969654,0.753000790094884,-0.780091681375111
-0.813139475953864,-0.586001468475437,-0.985691069713785
-0.937275664186629,-0.236527349018279,-0.808134477948651
-0.719863971728864,0.0543343194194771,-0.55678243481895
-1.08021031789856,2.67837905447742,-0.962683383156519
-1.1607719771082,1.98006421193487,-1.03331650610929
-1.02679819919655,-0.00378212635291862,-1.07782170040456
-0.966048163449151,1.16451282403785,-0.668526118161297
-0.698434154466609,-1.28508709851451,-0.662775587981809
-0.522820986464776,-0.0624108780142402,-0.674624135088011
-0.985669566887698,-0.295125828058892,-1.11571184424844
-1.01652457833015,-1.34268425240859,-1.13719587604749
-1.01431681590798,-1.22646067551632,-0.811690973307319
-1.16321193653743,-0.0612907910479979,-1.31557589701624
-1.20884246795188,0.815353074103445,-1.20848334168469
-1.11298878278938,-1.34303122321518,-1.08308196584983
-0.956587572461369,0.462558281020793,-1.06436831585681
-1.2099503955929,-1.05141506792282,-1.19368310263961
-1.16155520711036,0.641322763635271,-1.14399606348373
-0.82155642837425,0.229205277278116,-0.910264139193887
-0.826572488800363,0.0550352470220533,-0.682101791012475
-1.12188249541628,-0.23668569811122,-0.93237430384567
-1.13133412375086,0.287324051713644,-0.91016117688665
-0.674478532953297,-0.0625715557703125,-0.771954631136696
-0.993712205631232,0.462139121657127,-1.04060497429118
-0.771977072972809,-1.51695674384243,-0.746109309651999
-0.862846653160494,-0.70217381477881,-0.83396879862951
-0.914732851791677,1.62973314444532,-0.619496226894825
-0.896808679896586,2.73700780613874,-0.718312226831641
-1.25851186587349,0.52050240572146,-1.30309666494848
-1.04607735786085,-0.236580908270303,-0.901524408727433
-1.12620793992335,0.520257896092654,-0.986508055118758
-1.16902854719847,1.16440803419694,-0.918409152202168
-1.04737550552556,1.86323285396528,-1.04713202394039
-0.832669740176285,0.0554218051018789,-0.789077203845057
-0.769275041025841,-0.702609274784398,-0.606663564534059
-1.01684806582174,-0.294280523342164,-1.11690630736498
-0.656569866070078,1.68836189610664,-0.39930166529407
-1.14316183842918,0.931853761908357,-0.910452850112938
-1.10499829382968,0.229046928185176,-1.15542352050272
-0.716264539948425,-1.10993670108009,-0.751748768778659
-0.922524687513905,0.811552695872866,-0.756822587072631
-0.952253240935298,0.699951515296592,-0.769197948214348
-1.26317002524507,1.98006421193487,-1.1375906200332
-0.86331029083257,-0.0612907910479979,-0.98924386351246
-1.1572495787648,1.68876708349152,-0.995210447831953
-1.25420064059682,-1.28400194149524,-1.40874135730792
-1.20902886844827,0.641322763635271,-1.13366502976769
-0.937071867823267,1.68844805664251,-0.784549268866864
-0.252780027136137,0.407566901170847,-0.0200142885462725
-0.892700986263561,-0.528304182066708,-0.804704473072351
-0.614141724680836,-0.352587919491341,-0.720063865973488
-1.22993817111685,1.16491801142273,-1.21856597267403
-0.660755841104506,1.04429791853823,-0.672860142464449
-1.15447573214089,-0.294469145055814,-1.10033885352245
-1.13035609785566,0.288090181883901,-1.13746606677226
-0.84114606544701,2.67837905447742,-0.694868244001156
-0.9436476189924,-0.0617262510535849,-1.00574074902878
-1.06050023335552,-0.294280523342164,-1.23929301014889
-0.59587946789273,-0.760858454355288,-0.589202983890899
-0.772694085229135,-0.0624108780142402,-0.893677298768379
-1.02274987841387,0.287675679846497,-1.02829543126999
-0.851651656417865,0.461438194054551,-0.94917024969212
-0.754792981766341,-0.992704813051896,-0.87409984817751
-1.1822700542398,-0.527372716814115,-1.25077325752698
-0.95975426314217,-1.63356222148826,-1.18023629473299
-1.0176706256101,0.519936540580509,-0.910356604061854
-1.19441123487764,0.0551214075579177,-1.20337415360988
-1.2165132511302,0.461438194054551,-1.27499656562705
-0.474643132868158,-1.10985286920736,-0.70819662070399
-0.993723172590849,-1.28405550074726,-1.06981954958242
-1.21497976763896,1.1069692293958,-1.16777200550004
-1.08867053308378,1.92154025011446,-1.0216322814512
-1.03217087489572,0.811552695872866,-0.831359639964422
-1.15834903537493,1.22303445719513,-0.868265234150116
-1.21340268102896,-0.293705343548688,-1.30234672569055
-0.288014221187778,0.873981825764766,-0.220185416718229
-1.22586334054557,-1.5756180967876,-1.36409672645119
-0.866098923943408,-0.236876648488002,-0.904741485357696
-0.930076271186321,-0.469619542490231,-0.758488470280998
-0.509217418487685,-1.28508709851451,-0.492201311661662
-0.846600804257795,0.811685429671361,-0.831525300904682
-1.07151393491056,-0.819354472218115,-1.19541731104438
-0.907566889109649,-1.10993670108009,-0.914270296985478
-0.633001491682546,-0.527111906543389,-0.713167306919584
-0.602376067867112,-0.528143504310636,-0.516218274380242
-0.992388909593607,-1.28508709851451,-0.920304470353577
-0.493746820178588,-1.05141506792282,-0.480430616292406
-1.13419150835337,-0.0624108780142402,-1.23727979564143
-1.07083810547845,0.578886647753976,-0.848601857854625
-0.937945896687624,-0.236161748906636,-0.7929733572591
-1.02532529870292,1.98006421193487,-0.880103337356734
-0.983693131679239,-0.236175720885426,-0.97125480452748
-0.894804373483859,0.578886647753976,-0.693239606567614
-0.469344200518136,-0.468909300235129,-0.545279175672018
-1.22480427260051,-0.352909275003486,-1.41846106207743
-1.20086060129147,1.62973314444532,-0.969258436396588
-0.839906799010311,-1.4011499976507,-1.0270664790318
-0.914868237017291,0.521187032682116,-0.917345070621867
-0.937264583775706,1.33920447483537,-0.798434273888593
-1.00873232661979,0.582258551968362,-0.969069485235357
-0.926214880339449,1.57161669867293,-0.924036125599513
-1.19452381639068,0.461438194054551,-1.17523456872433
-1.26009829330771,0.931853761908357,-1.0065011150719
-1.04500172602506,-0.586087629011302,-0.980080958571874
-0.911283553906681,-1.51663538833029,-0.802487862350642
-1.20282727968758,0.288034293968745,-1.28383170697125
-0.826386428657899,-0.760150540763317,-0.864070723285922
-1.09972084159367,0.170942125728437,-1.28250123717365
-0.766084033948372,1.39715092819917,-0.665567903624343
-0.937393540093959,-0.70217381477881,-0.81016440310729
-1.21095379676363,1.86291149845314,-1.14011133379129
-1.03714556341211,-0.0612907910479979,-1.21652620481615
-0.910172865617214,0.579131157382781,-0.984823548336572
-0.495603261721997,0.461438194054551,-0.582123368532463
-0.00128003663827922,-1.80825317368684,-0.0207974112439232
-1.0863648243671,0.350025635191927,-1.10462716587059
-1.0760539536551,-1.28508709851451,-1.02420483498728
-0.762461155564614,0.462139121657127,-0.890654594535747
-1.22937976378684,1.63024545033425,-1.17851327964612
-0.940987034589364,0.872789550241448,-0.700956693340238
-0.951198332871468,1.10596790424926,-0.950331629813055
-0.692155002829457,-0.0617262510535849,-0.752472741105889
-1.2496378937739,-0.586420627839104,-1.39891495979635
-0.744527529393992,-1.28400194149524,-0.894405961080573
-0.596090487322598,-0.760013149638559,-0.571617063182211
-1.07494288719461,-1.86688169248185,-1.18139114424778
-0.60807586149968,2.38676289918506,-0.616049686034853
-1.14759211194334,-1.10993670108009,-1.1908220353136
-0.944601820113267,-1.4011499976507,-1.07002019069935
-1.2049346377036,-0.295505400149324,-1.28736067327591
-0.94180842204756,0.229889904238772,-1.08420997289989
-0.885912816431781,-0.586420627839104,-1.04220374344405
-1.0173808331565,1.62981930498119,-0.954661602489037
-0.822994234597115,-0.585682441626424,-0.932055689632478
-1.18785253922157,-0.993792298734299,-1.05844565970559
-0.116664175108712,0.98599052238905,-0.147917697410635
-0.957254968679705,1.92154025011446,-0.841572531362187
-1.06520157985774,1.62981930498119,-1.11571092313704
-1.03729040291326,-1.10985286920736,-1.32079541509972
-1.00005417147502,1.33920447483537,-0.860357576297558
-1.13282162164592,0.578618851493856,-0.903403759239528
-1.16990193317209,2.21315873406995,-1.01533440728348
-0.832032522005446,0.753000790094884,-0.840740445020166
-1.1068495922472,0.753056678010039,-1.08268238544583
-1.26767026039818,-1.34194373753277,-1.43698110071429
-1.07253688752309,0.520341727965387,-1.12469869852951
-0.524192612758919,0.348940478172656,-0.354979304907719
-0.723551895528281,-0.935163547072976,-0.672876497694482
-0.974700792049992,-0.585682441626424,-1.01203469695287
-0.931948558095522,0.408333031341104,-0.821952273275617
-1.16735120745073,0.582258551968362,-1.10477122812363
-0.236121971820255,-0.818320545787737,-0.204309090939415
-1.12709441061431,-0.0624108780142402,-1.15647488576698
-0.988524455561463,-0.702609274784398,-0.877416526470111
-0.752351887824049,-1.57558549550376,-0.794908614185775
-0.755441545067818,0.287703623804075,-0.641488902595534
-0.893125294149425,-0.235076591887366,-0.878194342790003
-0.870239518455283,-0.759691794126415,-0.838789666160621
-0.786608887956731,-1.05141506792282,-0.712512069024155
-1.25643861888359,-0.29395916783002,-1.3184152011921
-1.23228536519456,-0.701521789101995,-1.20725807910879
-1.02220538777745,-0.0624108780142402,-1.17420066124156
-0.704976513134564,-0.469619542490231,-0.576786548658013
-0.977946747376851,-0.352587919491341,-1.06620572282984
-1.19334055708223,0.520446517806304,-1.3184582244024
-0.889568217523368,0.171263481240582,-0.999751510100483
-1.10842108192609,0.98599052238905,-1.08582142272145
-0.972371220741873,-0.993470943222154,-0.899529649075139
-0.812535915003918,1.92154025011446,-0.73231816702132
-0.500313003620883,-0.41099311949204,-0.381657196422027
-1.12154210368004,-0.817989875623066,-1.20418737238355
-1.11109951600133,1.33852217653784,-1.10748865121799
-0.654359456450761,-1.51698934512627,-0.742568942551704
-1.21688571176905,-1.57493346982694,-1.29515842614255
-1.13061132547791,0.521024026262912,-1.18576041395496
-0.957850550221102,-0.236527349018279,-0.780912385271431
-1.01007320760991,0.811685429671361,-0.957654716664324
-1.18350001766937,0.287002696201499,-1.01328653717798
-1.12963727037843,-0.760206428678473,-1.16650490152233
-0.967914210536502,-1.34194373753277,-1.10435411589779
-1.20860255625599,0.287675679846497,-1.22383851952837
-1.15188416394924,-0.41099311949204,-1.00667608734147
-0.894863368163177,0.520341727965387,-0.973273948989879
-0.0677912431750012,1.98006421193487,-0.0222985716005437
-1.13843644025001,-1.05138712396524,-1.33300674190089
-1.05564519815027,0.694372038433562,-1.18388073593557
-1.01153676727932,-1.10985286920736,-1.11054825637496
-1.06943161181614,0.579131157382781,-1.04072671941848
-0.81005133139418,-1.80716661946969,-0.900308943456445
-0.968339047861795,-1.63356222148826,-1.09305928537526
-1.02697839768819,-1.22534058855008,-0.8100233434239
-0.997074108193212,-0.23668569811122,-0.779206617742692
-0.991439549061813,0.694372038433562,-1.05779277252269
-0.532594060167433,-0.352909275003486,-0.716703724896039
-1.01725149866723,0.814673104469052,-0.990851697345998
-1.21770585126288,1.16491801142273,-1.20049326296348
-1.2246584120376,0.0550352470220533,-1.06794260011932
-1.03214644504775,1.86291149845314,-1.03901106260639
-0.417304464452318,0.640556633465013,-0.0998137535044228
-1.22678089689448,1.63024545033425,-1.04426246837766
-0.798531485744281,1.16517183570406,-0.74463809811438
-1.15407419015051,0.753056678010039,-1.14951437840887
-0.343911301670541,1.86323285396528,-0.241517777405432
-0.875224568857652,-0.235919567940963,-0.960055132788563
-0.804533816193864,-0.760117939479476,-0.802327138043984
-1.08884774402434,-1.05173409477183,-1.1321851902868
-0.855626612022425,-1.4011499976507,-1.09856324205488
-1.04011757165116,0.345631447862821,-0.873831219896366
-0.973997809938555,0.349704279679783,-0.973246376966848
-1.1891208870098,1.16408667868479,-0.950084722628243
-1.13403831127265,-0.702229702693966,-0.926304495926968
-0.983284971695984,-1.05106809711623,-1.14519216006406
-1.22656624702281,0.814673104469052,-1.26492576228649
-0.953498482474133,-1.86611602804422,-1.10228922735656
-0.672256021861299,-0.294469145055814,-0.59138162673843
-1.07262019859907,-1.05106809711623,-1.23109773252763
-1.24599928347566,-0.00388691619383548,-1.28311126451093
-0.916491347040578,1.68879735611223,-0.701634664552384
-1.15378307409834,-0.586420627839104,-1.21627355515682
-0.901006756403694,-1.57526413999161,-0.903812613906899
-1.00728673007389,-0.178219952869102,-0.82316555852042
-0.712471106434075,-1.34268425240859,-0.889411289085696
-0.869403382327257,0.640556633465013,-0.589077092412367
-0.894209888638424,1.45621281120294,-0.875047737656905
-1.14691492109556,1.45621281120294,-1.05872781156226
-1.09767970132347,-0.411312146341054,-0.908452182333425
-0.724268151442564,-0.993524502474178,-0.63353074446386
-1.06232260168992,0.815353074103445,-1.03431665032213
-1.10230745574494,1.62973314444532,-0.881715033826928
-0.852590276892655,1.16491801142273,-0.652216632985734
-1.13857927544474,-0.4692399703998,-0.962039168945136
-0.316773749184271,-0.469675430405387,-0.199082704217605
-1.17594987104684,2.67837905447742,-1.1290953874657
-0.961393369799657,1.10596790424926,-0.954748005017185
-1.15697967810692,-0.993792298734299,-1.12763694541773
-1.21214738014096,-0.760728049219925,-1.19196847040322
-0.934104662356186,-1.0521532541355,-0.954594596885726
-1.09333981068339,-0.644204074783698,-1.27000584998616
-0.985151207868845,-0.526371391667578,-1.0310168942311
-0.770731755799769,0.229205277278116,-0.851398019202461
-1.01725350297364,0.171263481240582,-1.11332479158404
-1.18467915491369,-0.294443529761368,-1.28808158921925
-1.047262356756,-0.294443529761368,-1.1869265174202
-1.18275142813277,0.582258551968362,-1.14546676534185
-0.934303315593658,-0.0624108780142402,-1.07451689556691
-1.17375697074581,2.15452998240863,-1.08385122176884
-0.805747367001117,0.811685429671361,-0.783388345892476
-1.20134571907755,-1.2839693402114,-1.19676163521955
-1.25275742652835,-0.294469145055814,-1.13960294253289
-0.703937677339138,0.287324051713644,-0.538858157481098
-1.09407682818674,-0.586420627839104,-1.26385093327777
-0.651350349634523,-0.760537098843143,-0.534617160441418
-0.620430708764541,-2.15741222502231,-0.782015418117234
-0.319987446523016,-0.00359350463926894,-0.197633787611924
-1.1158800893325,-0.527738316925758,-1.18699645384083
-1.07674317034136,-0.0625715557703125,-1.18598246820062
-1.21618110352222,0.814673104469052,-1.198532940449
-1.24253947243627,0.520446517806304,-1.32420713049899
-1.0395172251549,0.640887303629684,-0.966290892226163
-0.874484488169029,-0.585577651785508,-0.945416845893604
-0.0502993207572209,-0.527738316925758,-0.197615001588631
-1.22253241019023,-0.00378212635291862,-1.36436875683617
-0.770077141761953,0.932505787585172,-0.687187530352236
-1.06331726711006,-0.934076061390575,-1.15211261383402
-1.21346288585555,-0.760471896275461,-1.31425812761007
-0.492070766212323,1.39715092819917,-0.383385562274257
-1.22114724537353,-0.527372716814115,-1.34241490688014
-1.13393752869548,1.27728532216926,-1.14240198761058
-1.11253123367075,-0.993792298734299,-1.04280568921742
-0.783957530926613,0.348940478172656,-0.621338276261993
-1.22662108182089,0.287324051713644,-1.08168061170461
-1.22745502455699,0.520257896092654,-0.961529646855355
-1.19728404885782,-0.236441188482414,-1.27381489346179
-0.455243337648075,-0.0617262510535849,-0.421968960714108
-1.03205186447533,-0.294385313183081,-1.21712462021924
-0.560307188948075,0.520257896092654,-0.366142957708544
-1.02703062310623,-0.237007053623365,-0.921054103748895
-0.99049037761553,-0.00317434527560217,-0.889924923664
-0.916040945354246,-1.0513102780819,-0.882735497036969
-0.891935568116512,0.229205277278116,-0.945350381636006
-0.719669591823932,-0.993470943222154,-0.583938528164392
-0.730979174386005,-0.294469145055814,-0.59361494184214
-0.741642840843751,-1.86688169248185,-0.704999141429183
-0.976256511997289,0.287002696201499,-0.888436467771479
-0.769764772498384,1.27728532216926,-0.709646417282457
-0.664292496495414,0.287675679846497,-0.730487785187242
-1.24453092103427,-0.761238026445719,-1.11203340122687
-1.26350996317609,-0.0625715557703125,-1.38147598941779
-0.650904864171467,-0.585740658204711,-0.75808269895041
-1.11606577130394,-0.992439345454907,-1.11658752466194
-1.15503485799584,-0.0624108780142402,-1.22977130108669
-0.343981263309476,-1.10953151369522,-0.546310095594559
-0.54124056239773,-0.469430920776581,-0.667831649404228
-1.0821188335916,-0.527738316925758,-1.20030742712556
-1.24972944897815,-1.28440247155385,-1.19851849438926
-1.25819079867643,-0.00359350463926894,-1.05635010816255
-0.706039930046373,-0.119695991048697,-0.54706238263636
-1.15807160911373,0.228883921765972,-1.26192216229508
-0.741426527019585,0.288090181883901,-0.795941687135856
-0.814669555905918,0.287407883586377,-0.842193250345939
-0.734890597258992,-0.817989875623066,-0.864590066933639
-0.907718913860199,0.229205277278116,-0.979717062139722
-1.21706984323931,0.461438194054551,-1.26593993586473
-1.00637806074398,-0.585682441626424,-1.17191245912804
-0.749171847706197,1.63082063012772,-0.616685101433582
-0.985643170550414,-1.5756180967876,-1.19396389632716
-1.18014405239243,0.0550352470220533,-1.01688887440549
-1.13333468627048,-0.819354472218115,-1.26035339032997
-1.12267067945881,0.228725572673031,-1.17102817818176
-0.795821512205867,2.38708425469721,-0.75412550480319
-0.979095517488161,-0.00394280410899092,-1.0598382081741
-0.872691957528213,2.15409452240304,-0.848978415736086
-0.832335436993483,2.27127517984234,-0.450190423337937
-1.04810677482939,-2.0987837062273,-1.2337339997085
-0.838473530839701,-1.34303122321518,-0.795503112909164
-1.22156879261094,0.931853761908357,-0.980358952179612
-1.12318665600023,0.408333031341104,-1.15720982736912
-0.863555723825373,-0.528304182066708,-0.76420404636726
-0.539522531448104,0.520066945715873,-0.564192630739179
-1.04175342603787,-0.00320694655944267,-1.09810599538225
-0.569583724099805,-0.41099311949204,-0.374210458064557
-1.21433615837786,2.15409452240304,-1.10311129765888
-0.517207037654037,1.63024545033425,-0.508996498342822
-1.18293181570992,-0.294443529761368,-1.22227330758629
-0.680435861051349,2.09546577074172,-0.58215962725513
-0.808755717475312,0.348940478172656,-0.634118689838174
-1.12654772658597,0.228639412137166,-1.06279804949382
-0.971382643875173,1.97998038006213,-0.6910587068164
-1.23137805728033,-0.468396994346203,-1.06135907799919
-0.875675726886026,-0.585682441626424,-1.10156637016489
-0.974352912527527,0.0543343194194771,-0.843084236291305
-0.743248176829038,0.0543343194194771,-0.562548291534335
-1.20893598964544,0.578886647753976,-0.888998180987722
-1.03078726058021,1.10588407237653,-0.787743361870939
-1.25172388512722,1.04461927405037,-1.20633028106005
-0.499564603169791,1.16559798105712,-0.376631734989319
-1.16178782010554,0.814673104469052,-1.17191795564032
-0.830203686946589,0.52050240572146,-0.813669159910003
-0.860666875393899,-0.0625715557703125,-0.995897641598198
-1.24176849517521,-0.23668569811122,-1.08091419201614
-1.11975713645965,-0.586087629011302,-0.976262259236767
-0.932287626233192,-0.295209659931625,-0.82801586235388
-1.04204786999503,-0.528143504310636,-0.915886050574092
-1.20058328848157,2.44571300635853,-1.08685168415161
-0.96108618147908,-0.759770968672886,-1.06346118975536
-1.03610585782334,-0.993524502474178,-1.00989574897759
-1.19096965168148,-0.818641901299882,-1.13535345025515
-1.18423045499696,-0.294804472546747,-1.26026237506043
-0.856402240787047,-0.0612907910479979,-0.941195304352093
-0.962980553575923,-0.00378212635291862,-1.04153091570258
-1.02345705822364,-0.236580908270303,-0.887766959490539
-1.08062036873692,-1.4011499976507,-1.16345601345462
-0.627830759308734,0.461438194054551,-0.681465390849608
-0.876059570472615,-0.00350734410340389,-0.84420898153896
-0.608270997746654,-0.819354472218115,-0.746952688749308
-1.07053095497497,1.33920447483537,-0.987189584203193
-0.743283724905038,0.229205277278116,-0.85118923227401
-0.853784162806801,1.68876708349152,-0.778015290633172
-1.09303163911815,1.16440803419694,-0.780961963020575
-1.03972068116434,1.1069692293958,-0.921680551479038
-0.518920530551407,0.462139121657127,-0.594113951849318
-0.732409039017424,-0.294804472546747,-0.795200182163108
-0.266619573830501,1.92103027288867,0.0274931678889021
-0.86101592724653,1.68844805664251,-0.840230813562992
-1.17912045688916,-1.86688169248185,-1.16450975276922
-0.921658297704178,0.228725572673031,-1.07239515076216
-0.592675224829517,0.811364074159216,-0.644004730605597
-1.14985202414935,-0.236527349018279,-1.06566331181438
-0.707136247837032,-0.817554415617479,-0.842047401835087
-1.20937648325102,0.229889904238772,-1.28842458018871
-1.05520387256845,-1.05138712396524,-1.15347904765721
-0.890280313556417,-0.294823101851799,-0.972214090638306
-0.938440128395321,-0.760471896275461,-1.01462815293145
-0.862052115844807,-0.761238026445719,-0.785186789244697
-0.832767686470793,0.694372038433562,-0.786273944599204
-0.82732240193554,0.350025635191927,-0.846621595101899
-1.05681491893615,-0.528143504310636,-0.962618373622523
-0.862248764775868,-0.585682441626424,-1.00408919752488
-0.653173512128061,-0.294124502912355,-0.700364462503032
-1.14899546678617,-1.2836363413836,-1.29671451062067
-1.0610722926594,1.45612897933021,-0.807739099723585
-1.12313601890048,-1.0521532541355,-1.06641616445491
-1.00192350865025,-0.818674502583722,-1.10588533910837
-0.623480279880055,-0.701489187818155,-0.539142779484993
-1.14514496726471,-0.00391486015141287,-1.11901672989897
-0.969315296353202,0.931853761908357,-0.76645693503101
-1.19798593427329,-0.00429443224184446,-1.12681643609469
-0.601595901050234,1.57161669867293,-0.607519248607043
-1.0548527785923,1.16440803419694,-0.746108823218785
-1.14113162730149,-0.993524502474178,-1.07776693342432
-0.753167224545905,-0.528143504310636,-0.690703452238678
-1.12390771468649,-0.701908347181821,-1.02033246554909
-0.468473650827174,1.63049927461558,-0.354998334376421
-1.10428003360899,-1.80716661946969,-1.18789037325762
-0.925328825636615,-0.644204074783698,-1.02540903816246
-1.11127256706066,1.57161669867293,-1.13841830367415
-0.654629092388926,0.17052296636477,-0.787718498864494
-1.11718148926799,-0.23668569811122,-0.959472683697732
-1.21438989647998,-1.34268425240859,-1.33802383988554
-0.36243676548945,-0.819354472218115,-0.524525673255859
-1.23429693249089,-0.00420827170598007,-1.26478820537985
-1.05637903901704,-0.819354472218115,-1.2565958712973
-1.14856299040625,-1.05138712396524,-1.3634671792766
-0.911532390438676,-0.818674502583722,-1.0815580062815
-1.09189463012561,-1.57558549550376,-1.06229278678349
-1.2055676959932,-1.0521532541355,-1.10855337838623
-0.905840160226534,-1.05090276203389,-1.0537154783351
-0.913752254333526,-1.0513102780819,-0.878966168613929
-1.08579257597771,0.462558281020793,-1.18830388363541
-0.551485593534931,-1.05090276203389,-0.649468100908559
-0.828031094429398,-0.586420627839104,-0.991400276407842
-1.15486456758496,0.229205277278116,-1.20525410715273
-1.21267663048523,0.117038231560892,-1.20740753473014
-1.08339829960786,-0.759691794126415,-1.06696959503599
-1.16005190166661,-1.34268425240859,-1.29581941905084
-0.639107062820936,-0.00282737446901108,-0.751037786460521
-1.22903173299597,-0.00350734410340389,-1.38569945555085
-1.20222012611293,0.228883921765972,-1.30641480231193
-1.11163300186103,-1.86688169248185,-1.2132678980517
-0.879979313108069,1.10628925976141,-0.91800263726483
-0.907516970534841,-1.34303122321518,-0.806946409438304
-0.980594057977041,0.287002696201499,-0.897294764389184
-1.13100462334003,-0.468429595630044,-1.14698804861229
-1.09366662607997,-1.10993670108009,-1.00609727940688
-0.59950007725036,-0.527058347291366,-0.650117470030726
-1.04318563532962,-1.10885154406082,-1.19379626805513
-0.892796663531942,0.229205277278116,-1.00398676237763
-1.02828702069019,-1.10993670108009,-1.04102614628953
-1.11424744939947,-1.10985286920736,-1.24747604868947
-0.367886588076959,-1.57493346982694,-0.483872941245317
-0.915528523620427,-1.34226509304492,-1.06645661025558
-1.21508036113062,-0.993470943222154,-1.11766738411311
-0.787241568075314,-1.10993670108009,-0.69719600036517
-0.961456940348332,-0.0617262510535849,-1.15074026469923
-1.24496199818142,1.39783089783356,-1.11769287087978
-0.318384379563856,-0.7600457509224,-0.354997434269052
-0.986098942265247,0.814673104469052,-0.992055416375982
-0.838457647656808,1.16440803419694,-0.590400306072428
-1.12067253723373,-0.469109565264436,-1.17292227311151
-1.20786451769088,0.582258551968362,-1.22300020345493
-0.958671521691175,0.0546091016689918,-0.749654917235054
-1.06700292188335,-0.0625715557703125,-1.15213374439219
-1.03050348104585,1.57161669867293,-1.02357695358332
-1.18366671545555,-0.0625715557703125,-1.31866964493427
-1.19295871780205,0.228725572673031,-1.35905767513611
-1.04914549717351,0.229151718026092,-1.09411476674311
-1.0920669248429,0.0543343194194771,-0.836517196157559
-1.0717831926777,0.578886647753976,-0.880461262969897
-0.42074392989076,-0.236527349018279,-0.283723597776668
-1.1502618859022,-0.818320545787737,-1.08215790198827
-1.17410273251055,0.640235277952869,-0.978261464055803
-1.23973472923993,1.92211775857107,-1.16474708737852
-0.421339171078238,2.15452998240863,-0.380938697040467
-0.693379520596326,1.57161669867293,-0.657816750052944
-0.772353731309993,0.753436250100471,-0.833492868345392
-1.11271419281084,-0.934842191560832,-1.0447728786771
-1.13103268362981,-0.0625715557703125,-1.29246728874594
-1.24993468239139,0.640887303629684,-1.19025151413262
-1.00789335420911,-0.178056946449899,-0.68508442742547
-1.19654419507181,-0.818320545787737,-1.15538465805819
-0.568839861700969,0.814673104469052,-0.604966411403501
-1.26014927076138,-1.22646067551632,-1.23350067233877
-1.15164659691368,2.21264642818102,-0.833012200485479
-1.12476253246296,-1.10953151369522,-1.32388161813199
-0.864572247530545,-0.760537098843143,-0.828687442666425
-1.26546801927292,1.45580762381806,-1.09922703742254
-1.26521059825874,0.287002696201499,-1.13597864909204
-0.940207510663222,1.57161669867293,-0.926030258334117
-1.15738685484552,0.287002696201499,-1.00925942065858
-0.96814141568608,-0.178324742710019,-0.915445259712883
-1.0178572908262,-0.527053689965102,-1.19762163170831
-0.867137759738834,-0.527791876177782,-0.998907744785269
-1.09614281429303,0.520257896092654,-1.00243927737979
-1.09664986599835,0.0551214075579177,-1.10644520552577
-0.740862295855852,-0.177293144942772,-0.787923683533053
-1.22600122169993,-0.527738316925758,-1.29526393675579
-0.998878929392219,0.0551004495897349,-1.00924190952045
-1.23293052495684,-0.527372716814115,-1.28830927245359
-1.17170558204093,-1.80748750924921,-1.2571130771557
-1.14712605397673,0.753056678010039,-1.23167177433192
-0.677302335969114,1.39715092819917,-0.625495748646043
-0.741693893931622,0.0551004495897349,-0.725488015024496
-1.1117088251508,-0.992439345454907,-1.09818048089153
-1.16130444190615,-0.469430920776581,-1.32065122480903
-0.757893984140748,0.17052296636477,-0.853074181572917
-0.572171170227328,2.67837905447742,-0.442213805912335
-1.17831514169937,0.171263481240582,-1.22193671255007
-0.964146681737108,-1.34226509304492,-1.04455652984002
-0.898243082580259,-0.992786316261498,-0.848716403953392
-0.983219056486976,0.17052296636477,-1.13916237036071
-1.16343074629034,1.63014066049333,-1.12908143525235
-0.922184711765784,0.0546091016689918,-0.740152963767825
-0.801368146574821,0.17052296636477,-0.924205957144024
-0.753076463500801,-1.05138712396524,-0.943279812076497
-1.15067496210873,0.287268163798488,-1.03405119003453
-0.889821970278639,-0.236580908270303,-0.810927979243546
-0.989475026240525,-0.817989875623066,-1.06826576612102
-1.11438041433055,0.229151718026092,-1.17163380057571
-1.12351740437543,-0.527738316925758,-1.20448661758575
-1.06097086719149,-0.1771324671867,-1.14778354350767
-0.962326242074923,-0.585682441626424,-1.11312636014605
-1.15498785133789,0.287002696201499,-1.00621755837048
-0.657618156141036,-0.0624108780142402,-0.770765544457109
-1.23983146538717,-0.00429443224184446,-1.08781612471562
-1.2296279952452,-0.236580908270303,-1.11458094669599
-0.833460495781758,-0.23668569811122,-0.73067852878394
-0.970241512818494,1.39758638820475,-0.959064992717721
-1.15128862022494,0.170942125728437,-1.19186922388747
-0.587227293097115,0.640556633465013,-0.398602497399953
-0.964491914062425,0.985669166876905,-1.09602623722287
-0.776337384848041,-0.294469145055814,-0.755426807461197
-1.26256169934026,-1.0502227923995,-1.37099600051629
-1.06657014296661,1.45621281120294,-1.00393150576094
-0.404890244337118,-0.527738316925758,-0.458993798305199
-1.25583403687188,-1.5756180967876,-1.41717624877324
-0.529375068434391,-1.34183894769186,-0.662157399091419
-0.743669837517754,-1.86688169248185,-0.587393924122329
-0.680472543640412,-1.34268425240859,-0.802757496445713
-1.17701809073062,1.16451282403785,-0.983502228700101
-1.18616324926956,-0.760728049219925,-1.36886547602674
-0.940414029857937,0.349704279679783,-0.946477447394321
-0.912225577920663,-1.05064893775256,-0.967976231390303
-0.779150599075262,-0.295209659931625,-0.77253594765725
-1.17779795501068,-0.00420827170598007,-1.24510960482299
-1.03268140577444,1.04435147779025,-1.02862050273539
-1.03173272595048,-0.7600457509224,-1.09463778540978
-1.15165287455263,1.57161669867293,-1.05609201575943
-0.701014415344728,0.229151718026092,-0.742283308327423
-1.21727273199222,0.814673104469052,-1.20286857831016
-0.234726898922794,1.16440803419694,-0.0124261203036515
-1.01007048477855,0.228639412137166,-0.875377449228412
-0.672416744545338,1.10298022945157,-0.685992925881772
-1.10444177735478,-0.352909275003486,-1.32221253897046
-1.09794858091959,1.62981930498119,-1.01322945517833
-1.16927500125303,0.931853761908357,-0.943709573304807
-0.394366501157241,-0.70184314461414,-0.441301567914895
-0.877442541897396,-0.818236713915004,-1.13026271822528
-1.00068015796652,-0.644204074783698,-1.15563041404823
-1.18084688323546,-1.34268425240859,-1.28028322284273
-0.947616486043517,-1.10993670108009,-0.933705128378003
-1.24806640409502,0.0550352470220533,-1.08039636944463
-0.921666239295624,-0.527216696384306,-0.99190912719233
-1.06293482275625,2.15452998240863,-1.04746606810801
-1.00114107280725,0.228883921765972,-1.13580662159672
-0.939292828414078,0.229726897819568,-0.942975376727987
-0.471640833130303,0.05545440638572,-0.316012457525467
-1.14817521384104,-0.295505400149324,-1.2880966288831
-1.02135450297959,1.10596790424926,-1.06756894619381
-1.05598498481288,0.640235277952869,-0.834143741154806
-0.565951013269494,1.62973314444532,-0.309944395366609
-1.0992413207387,-0.701489187818155,-0.985427675966549
-0.60224446435171,1.45689510950047,-0.503773922090794
-0.568869359040628,-0.819354472218115,-0.662933684267816
-0.954938595540227,-0.0625715557703125,-1.016620517026
-0.996609676361992,0.287834028939438,-0.968727925377121
-0.755348514996586,-1.22569454534606,-0.893619430147191
-0.94574461512244,-0.177814765484224,-1.04701600161062
-1.24328643583748,-0.817554415617479,-1.3278921207835
-0.342727626373969,0.229046928185176,-0.36941157200654
-0.82544818635413,0.0547395068043552,-0.879737900171399
-1.19731532360128,0.348940478172656,-1.03828961259325
-1.12937947119323,-1.0521532541355,-1.11944797495451
-0.545330103821734,0.348940478172656,-0.364654233202386
-1.01701249458179,-0.469675430405387,-0.931304750234908
-0.551100615435279,-1.05176902471881,-0.592135350657271
-1.22469448955303,2.44571300635853,-1.0517175886704
-1.02983139550685,-0.876618627284388,-1.10251490427126
-0.749812847587249,-0.818641901299882,-0.771946584167666
-1.18239080424689,1.9218616056266,-1.14600001237655
-0.736466057733599,-0.527372716814115,-0.966113590751459
-0.943963013624139,1.97998038006213,-0.644368447656921
-1.18322217542005,-0.585740658204711,-1.34946507037769
-1.23511612655717,-0.294804472546747,-1.31671602938658
-0.734410698233001,-1.51663538833029,-0.634369971718689
-0.884923142869119,-0.585682441626424,-1.10473370943368
-0.760972296253878,1.45580762381806,-0.45663247530375
-0.960737848151389,-1.4011499976507,-1.19963236613855
-1.26348103309297,1.39783089783356,-1.14433609238152
-1.11182367568996,-1.05106809711623,-1.23062747392667
-0.790933651755964,0.637247603155177,-0.604056733701297
-0.483926853269293,-1.05054414791165,-0.596967795573452
-1.03023320221695,1.33852217653784,-1.06501479475115
-1.09538730422674,-0.23668569811122,-0.982104080071966
-1.06944851606079,-2.15741222502231,-1.26032320094846
-1.09078337457961,0.812065001761792,-1.12094557638635
-1.13484048764297,1.86323285396528,-1.00912991181922
-1.1270674470205,-0.294804472546747,-1.25024241703252
-1.16739212555524,0.287675679846497,-1.19498152435915
-1.23205713898322,0.873299527467243,-1.25304440496252
-1.11237595664942,-0.293705343548688,-1.24199826655555
-0.825283681959878,-0.527738316925758,-0.94024211307098
-1.25471321359905,-0.760537098843143,-1.2013390034355
-0.806848979186074,-0.236161748906636,-0.582386171512738
-0.495552586805147,-0.760013149638559,-0.398857511499941
-1.07173297156607,-0.526692747179723,-1.01922826764311
-1.15734775196192,-0.992704813051896,-1.29417460878829
-0.805839262559285,1.33852217653784,-0.820358467754993
-0.929837078015368,-0.527738316925758,-0.915873026702294
-0.84714763955455,-0.760150540763317,-0.902990541316558
-0.734329013292407,0.641322763635271,-0.756083503283457
-0.882505117359125,-1.28405550074726,-0.920619106156263
-0.844844199864,-1.05173409477183,-0.802510064388937
-0.626778309356542,-0.760537098843143,-0.55017836169631
-0.557368421941793,-0.178056946449899,-0.455677715813204
-0.881885673226286,-0.294823101851799,-0.887763427701686
-1.20801136149844,-0.178219952869102,-1.1559053066099
-0.997360005485292,-1.10953151369522,-1.2215689727464
-1.10136032642218,0.990480184906547,-0.890885996719044
-1.00428707753318,1.39717887215674,-0.706530737495623
-1.07473810758659,-1.51663538833029,-1.02654179788925
-1.06124107038619,-0.352587919491341,-1.21253498267498
-0.992359714790765,2.44571300635853,-0.717277062172976
-0.636030263391891,1.16491801142273,-0.537668073224457
-0.102490703402568,-0.993140273057483,-0.189897037588845
-0.415073633597851,-1.05122411754604,-0.592694673807023
-0.462144958786236,0.228883921765972,-0.493708582406538
-0.928440908421945,-0.00359350463926894,-0.876506612644164
-1.25429911633076,1.33852217653784,-1.15828121020672
-1.22163985094583,0.287834028939438,-1.3246502732625
-1.03988344597189,0.520446517806304,-1.14230268128596
-0.585564475116594,2.21315873406995,-0.553193401974588
-1.00887126665301,2.15452998240863,-0.875669363154484
-1.02056310448338,0.345631447862821,-0.8514426269129
-0.886955055766398,-0.177898597356958,-0.711551600006593
-0.856868147485251,1.62981930498119,-0.821352545967176
-1.0163993280879,0.520341727965387,-1.1147794777544
-0.677783747679189,1.33852217653784,-0.645771524681784
-1.15326191661392,-0.295209659931625,-1.05004284899126
-0.763045807963497,1.9218616056266,-0.694606569472721
-0.575630300558877,0.990480184906547,-0.331012639749617
-0.981052930694249,-1.40046769935318,-1.05940141036673
-1.23574820160212,-0.468855740983105,-1.19608897033941
-0.945746657245955,0.640556633465013,-0.686358947885214
-1.0519795108069,0.578565292241832,-0.916213968337318
-0.91667362547283,2.21315873406995,-0.838305449122896
-0.877340057550632,-1.05106809711623,-0.953462513497873
-1.05704431747766,-0.527216696384306,-1.15057730307435
-1.26308455859427,0.640235277952869,-1.08782171480795
-1.04405902130324,-0.585577651785508,-1.16931185798094
-0.612709212852268,-0.352587919491341,-0.752819130060752
-0.436463742902874,0.814673104469052,-0.476718297109955
-1.06692626661734,0.345631447862821,-0.946393887045567
-0.926029198368006,-1.10917289957297,-1.14231852070459
-0.633570639069556,-0.760537098843143,-0.531991735779107
-0.492267415143383,0.811685429671361,-0.443926426520868
-0.515936761193594,-1.57449800982135,-0.62440469313134
-0.702132288883599,-0.119695991048697,-0.564523985567198
-1.23286941251981,0.520257896092654,-1.01065983946091
-1.09019263362728,1.45621281120294,-0.945808087834731
-1.14587812742365,0.462558281020793,-1.23495928177834
-0.504147657776551,1.45621281120294,-0.427248555358808
-0.434201145682621,-0.295125828058892,-0.536994432320411
-0.931258811969829,1.16440803419694,-0.691665865158682
-1.26218125929286,-0.178219952869102,-1.17210599749634
-1.16219840038333,-1.8657951382647,-1.39400572606615
-1.01905726529379,0.228639412137166,-0.968889835793744
-0.910706086757203,-0.585682441626424,-1.01935240878576
-0.914033235402329,-0.295125828058892,-1.04226916939782
-1.12004205050707,-0.877298596918781,-1.33165769424414
-1.20595048070093,0.17052296636477,-1.28633523860859
-0.982431212798367,0.171263481240582,-1.06423371937448
-1.02337302862272,1.16451282403785,-0.838667006282618
-1.20428841906246,0.811685429671361,-1.20664394358446
-1.20054308890201,-1.10953151369522,-1.40966562526093
-1.0417184830355,-0.295125828058892,-1.15584244040224
-1.1000698934463,0.17052296636477,-1.15424426746182
-0.977741476146507,-0.468909300235129,-1.05501707660539
-0.781938475844058,-0.0624108780142402,-0.885884751698112
-1.15231622434104,-0.527023417344394,-1.0936358185596
-0.813847412105679,-1.80825317368684,-0.811589376948478
-1.04393195584009,-0.352909275003486,-1.17669981767984
-0.990859964154616,-1.8657951382647,-1.18186462062962
-1.15497102272745,-0.527053689965102,-1.28530501264275
-0.690179815585369,0.346716604882091,-0.572183589478936
-0.491794323195775,-0.295505400149324,-0.568492177772631
-1.0283992618493,-0.759770968672886,-0.999752434460872
-1.18020100494823,-0.468909300235129,-1.26625493290013
-1.18998912985754,-1.28508709851451,-1.11524942724376
-0.733726965026547,1.9218616056266,-0.610609763826295
-0.946510940879939,0.117038231560892,-0.896998346265433
-0.72994638932692,-0.00282737446901108,-0.833455372261096
-1.23115629779346,-0.761238026445719,-1.16053838955005
-1.23800176053496,-1.22646067551632,-1.17892313870885
-1.04067423939447,0.17052296636477,-1.12152306664978
-1.02367405275565,1.10628925976141,-1.04455484265351
-0.835048435900067,1.45621281120294,-0.752460679118021
-1.11102770132439,-0.411312146341054,-0.914437603012668
-1.2155796981471,0.349704279679783,-1.19171008742146
-0.98597096919165,-1.51695674384243,-0.919419224594706
-1.22335451617337,-0.992439345454907,-1.24052867077244
-0.838065862478773,-0.0624108780142402,-0.999187441595665
-1.15352656069461,0.287002696201499,-0.991597518898721
-1.24101423307329,-0.00420827170598007,-1.33290462089889
-0.995207872020351,-0.177898597356958,-0.804154367443053
-1.16523779869837,0.520446517806304,-1.17379541098482
-0.911428771578849,-0.00359350463926894,-0.811044722757455
-1.12227488566795,0.229570877389759,-1.24146575187054
-0.758101978202446,0.461438194054551,-0.812380423062038
-1.26479888346788,1.33920447483537,-1.129512622604
-0.497761105569359,-1.34183894769186,-0.637398140202512
-0.834742873714882,-0.818674502583722,-0.951214674038347
-0.963353543654201,-0.120355002714906,-1.07517348888584
-1.25989464821276,-0.294804472546747,-1.39335682246468
-1.21076921148815,-0.236580908270303,-1.03272292717025
-1.26054495110093,1.16491801142273,-1.15719679150809
-1.05091144239153,1.16440803419694,-0.752978178621001
-1.19096931132756,-0.23649707639757,-1.26926264908666
-1.08289911385978,-0.4692399703998,-0.95992855353099
-1.09949076234433,-0.586087629011302,-1.02451977280871
-0.990197824513476,-1.34303122321518,-0.921930289860745
-0.578534654002223,-1.34303122321518,-0.514913648600876
-1.07108758490118,0.0558013771923105,-1.08568348710161
-0.970318924426548,0.578970479626709,-1.05385062623044
-0.960350601025609,-1.28508709851451,-0.885149944677352
-0.406346202769003,-1.10985286920736,-0.625624554147821
-1.17047614805079,1.22303445719513,-0.812578831985903
-0.671478124070548,-0.586087629011302,-0.616176945292197
-1.20939490017975,-1.10993670108009,-1.14649200346818
-1.21198238412438,1.39783089783356,-1.15837398285924
-1.23492208700615,0.990480184906547,-0.9297854435856
-1.06351070158744,1.22303445719513,-0.797711901345482
-0.908665097755414,-0.410611218738478,-0.778416506972021
-0.705986607932374,-0.527111906543389,-0.748607196376036
-0.931507951038641,0.985669166876905,-0.939791688269538
-1.21390784187917,1.16451282403785,-0.918444629794545
-0.935440589305921,-0.819354472218115,-1.08209140295275
-1.13853468908134,-0.527738316925758,-1.12793560978298
-0.993162874405737,-0.4692399703998,-0.859431983122913
-0.997190698319069,-0.527053689965102,-1.13603807141661
-0.873542464155047,0.287407883586377,-0.999067930034234
-1.05299270660708,-0.70184314461414,-1.08564933198523
-1.20776744118972,0.578886647753976,-0.933686119501487
-0.968996044377046,-0.295209659931625,-0.935697291584333
-1.08284325799994,-1.10953151369522,-1.2242850199166
-1.20820547668366,-0.760728049219925,-1.29953228580242
-1.19900450010198,0.228883921765972,-1.24824239960003
-1.22982937131403,2.38708425469721,-1.11300677459003
-0.878107744723808,-0.527738316925758,-1.00337149712017
-1.10279862426737,-0.468855740983105,-1.19263548849388
-0.882926399876819,-1.86688169248185,-0.997010992502444
-1.02861822287062,-0.469109565264436,-1.15961159543907
-1.26011081076852,0.579652777924233,-1.21183045024162
-0.891059724031253,1.57161669867293,-0.912578969613392
-0.823362951342852,0.694372038433562,-0.894148048515881
-1.26212264278457,0.229205277278116,-1.23430239728589
-0.854037159220031,0.520446517806304,-0.962101919745033
-1.22447719248421,2.27127517984234,-0.938576300333653
-0.483921558874995,1.45612897933021,-0.290350983085278
-1.03935498978677,-0.760117939479476,-0.990139291878943
-1.16982713094408,-1.22646067551632,-1.00813873527497
-0.7105477286199,0.117038231560892,-0.680795453335973
-1.04732581385337,1.39758638820475,-0.869699933452367
-0.816027189872275,-0.644204074783698,-1.0368781078727
-1.21928770282775,0.931853761908357,-1.04019465529052
-0.840666166421019,-0.760013149638559,-0.884293513336787
-1.24308169404657,-1.28508709851451,-1.16919429842154
-0.560847595337468,-0.00266436804980723,-0.693513653797136
-1.0212213111459,0.461438194054551,-1.03549870133786
-1.11190997431701,0.520257896092654,-0.903317223548571
-0.743576051104479,0.69886402961419,-0.596172376137002
-1.11122760252623,0.229889904238772,-1.22818151122555
-1.24688427929963,-0.00420827170598007,-1.32847513515274
-0.908224528515636,-1.34268425240859,-1.01389883166927
-0.73367439925459,-0.119695991048697,-0.531924793325169
-1.1122992635663,-0.993792298734299,-0.984451696913825
-0.893978447973408,-0.586420627839104,-1.03544983699359
-1.14143718948668,-0.761238026445719,-1.03160221661841
-1.02315021025698,-1.28508709851451,-0.887285140298576
-0.800183336765185,-1.28432329700738,-0.885798921175155
-1.20747435864824,-1.05064893775256,-1.36437934433194
-1.01504059742558,-1.51695674384243,-1.0685194344072
-1.10222622460958,1.97965902454999,-0.801755883781151
-0.988474726072166,0.0547395068043552,-0.922070957377377
-0.981903928943411,0.287354324334353,-1.10173731103339
-0.653488528588778,-0.935163547072976,-0.454120530064924
-1.13710830362331,-1.80825317368684,-1.10227651785882
-0.462765159261117,-1.5756180967876,-0.605938974441223
-1.16288451606722,0.229205277278116,-1.19742230757614
-0.197615085750552,-0.585740658204711,-0.350515075749289
-0.915123502456648,0.98599052238905,-0.969000533899187
-1.01569819901447,0.985669166876905,-1.03112556286213
-1.02352153638277,-0.993792298734299,-0.959054828871879
-0.924684800387394,-0.586087629011302,-0.853140357082295
-1.24167247755291,-0.41099311949204,-1.08767066196507
-0.717678899567972,0.753056678010039,-0.712334142004574
-1.14752699089348,-1.0521532541355,-1.05144471107709
-1.10672475799308,-0.993105343110511,-1.11966484967028
-1.13624667876845,-0.528143504310636,-1.03654116295235
-0.978452437666492,-0.702609274784398,-0.741870905855054
-0.902853365500551,1.39717887215674,-0.703402338601356
-1.00475971567557,1.63049927461558,-1.00582760595785
-0.721322955528921,-1.4011499976507,-0.996909940234941
-0.622114326151231,-0.00320694655944267,-0.599269692726781
-0.490405679205675,-0.644204074783698,-0.712382445326152
-0.773710987105327,0.461817766144983,-0.891805375629291
-0.755504321457348,-0.294124502912355,-0.88492562574874
-0.980738859661085,-0.818832851676663,-1.04926481988543
-0.555030946859328,-1.86688169248185,-0.608163269709473
-1.12286229871529,1.98006421193487,-1.02181936055384
-1.18792132853034,1.22303445719513,-0.938735370858901
-0.471553097453369,0.582258551968362,-0.318293164860887
-0.914142526827476,0.287002696201499,-0.801734183277008
-1.05962404891634,-0.527372716814115,-1.13265033918827
-0.626846380140371,-0.236848704530424,-0.4983248944748
-1.07066985719108,0.0546091016689918,-0.979477401574276
-0.750961352978843,0.287512673427293,-0.692051695015491
-1.0928386962631,0.228725572673031,-1.25470486464646
-0.905685110107814,-0.528143504310636,-0.858953507644496
-0.873633603371173,0.579652777924233,-0.857296558242008
-1.17833873957109,-0.352587919491341,-1.29687623186374
-1.18950715089093,-1.63356222148826,-1.36983438454618
-1.18290799093558,-1.28432329700738,-1.30277263000225
-1.08638736335997,0.350025635191927,-1.03563490126515
-0.804994806668791,-1.05173409477183,-0.75839279120146
-0.60816851339989,-0.993524502474178,-0.553511393388527
-1.19445041339545,-0.469430920776581,-1.32409294270427
-0.508660372573355,-0.23668569811122,-0.329127201729474
-0.848453464090992,-1.40046769935318,-1.02343467255445
-0.860857473588619,1.51433158563847,-0.619923094692075
-1.20388010781079,-0.120355002714906,-1.39342152119394
-1.04097329703809,1.39758638820475,-1.02072020315761
-1.15834086688087,0.171263481240582,-1.21845082702231
-1.05741878242292,1.97998038006213,-0.728156146051989
-0.786550649619455,-0.295209659931625,-0.70829554831541
-1.19962424677163,-0.00352830207158726,-1.30603624840691
-0.760475757702952,-0.0624108780142402,-0.885081662358454
-1.07171073511002,0.519936540580509,-1.01069909137235
-0.988749391684914,1.39717887215674,-0.71596746910053
-0.856289167651688,-1.28400194149524,-0.953232647034114
-1.1204016533312,-0.236848704530424,-1.03718819737813
-0.981400091691774,-0.0624108780142402,-0.959257299032602
-0.103464493782336,1.92103027288867,0.0839840486789816
-1.00901996349857,-0.818832851676663,-1.08341258988402
-0.764212465564112,2.09546577074172,-0.671729333504163
-0.495087058277965,-0.00420827170598007,-0.572576998633331
-1.13779271753761,0.578970479626709,-1.21839807853399
-1.18663849679199,-0.294823101851799,-1.29480772980555
-0.896019815146218,-0.527377374140379,-0.98109735871464
-1.01024886804929,0.117038231560892,-0.920073350512043
-0.963726949720602,0.287002696201499,-0.704860360156869
-0.970970324010684,-1.05176902471881,-1.02512950151351
-1.08130795928779,-0.00378212635291862,-1.19258744586939
-0.432784895207968,-0.760728049219925,-0.545774021939008
-0.796997624082014,-1.34303122321518,-0.814207936633286
-1.18920052982688,-2.15741222502231,-1.3527131349087
-0.760437940600825,1.39758638820475,-0.695536206952871
-1.07098366350453,0.287407883586377,-1.13852991529476
-0.648255776167478,0.0547138915099087,-0.573024270999763
-1.13585935600847,0.699185385126335,-0.846440806683548
-1.19625217140918,0.640556633465013,-0.966569763061062
-1.0169541427932,-0.644204074783698,-1.20744180054096
-1.16218058852823,-1.57558549550376,-1.22006115136645
-1.04452307496344,0.229046928185176,-1.13380821525117
-0.501400245307031,-1.34303122321518,-0.487204230838524
-1.21086885955225,-0.644204074783698,-1.34017077392274
-1.01367494623358,0.0547395068043552,-1.06460900831962
-1.19652369820245,-0.295505400149324,-1.32977948147325
-0.913953819487862,-0.0618892574727888,-0.934642296192094
-0.999623510315996,-0.993792298734299,-0.938945265189403
-0.844723941479237,-2.15741222502231,-0.936153612615286
-0.878229893963678,-0.29395916783002,-0.995168631049244
-1.02412316866051,-0.528304182066708,-0.888750377813978
-1.23466217006324,0.229205277278116,-1.32188018944829
-1.21689021200421,0.346036635247699,-1.27036955770236
-0.37185322391905,-1.86688169248185,-0.319769961457193
-1.12536144190935,-0.761238026445719,-1.03125087226818
-0.971980872613719,-0.64354739178062,-0.788066757132321
-1.02719516531758,0.287512673427293,-1.02861517942628
-0.678652406515044,-0.294124502912355,-0.758633179815113
-1.23302949231311,-0.294280523342164,-1.37061414563796
-0.862202249740251,-0.294124502912355,-0.924302149197817
-1.19270874675699,0.98599052238905,-1.16862190650902
-0.850142754043001,1.57161669867293,-0.834249844456949
-1.2461210167274,-0.527058347291366,-1.22660194250229
-1.23875356452524,-0.00420827170598007,-1.33130427621492
-0.942124119216116,-0.526692747179723,-1.05640979804827
-0.843289538795563,-1.0521532541355,-0.736879145137798
-0.945762086623622,0.520767873318449,-1.02041550743234
-1.2069082366294,-1.10985286920736,-1.40586716937259
-1.18187513024229,-0.818320545787737,-1.14427899326747
-0.793206459593791,1.16408667868479,-0.583299570909519
-0.922126095257487,-2.15741222502231,-1.10423109414643
-0.634690403463534,0.462139121657127,-0.65628076922351
-0.907805136853048,1.10588407237653,-0.55166725826163
-1.22090222836885,-1.10953151369522,-1.40419952040707
-0.971829415119701,0.637247603155177,-0.638348741901723
-0.720939490113354,0.17052296636477,-0.734911868733329
-1.04193317072427,-1.28440247155385,-0.98682195006032
-0.562774754861855,-1.10953151369522,-0.793684646172021
-0.826360334857431,-0.992439345454907,-0.880028169468146
-1.08162225722357,-0.295505400149324,-1.14925807798361
-0.826933263954654,0.348940478172656,-0.686121319082208
-1.14480548313892,1.10628925976141,-1.12264594921973
-0.835458751458144,0.811552695872866,-0.637305807124541
-0.890533688140668,-0.1771324671867,-0.903781702746364
-0.807989542986221,-1.57493346982694,-1.01441662724214
-1.18574393324118,0.520066945715873,-1.19838280478212
-1.23695078544975,-1.28405550074726,-1.30149610185005
-1.01020900882364,-0.469430920776581,-1.12974943000756
-0.866550460142803,1.33920447483537,-0.798117194937335
-0.514620347868556,-1.10993670108009,-0.397699594984839
-1.02195734540459,1.92135162840081,-0.692571012579771
-0.806004145124559,-0.295505400149324,-0.754596690647449
-0.7150710322053,1.68836189610664,-0.483450908493548
-0.937316847010845,-0.586420627839104,-1.07516606974971
-1.03052030965629,0.814673104469052,-1.0291245523371
-1.00444061496782,0.408654386853249,-0.952063601586011
-1.20713820242743,-0.00352830207158726,-1.2667804218513
-0.982633912465767,-0.295209659931625,-0.867179671715665
-0.922268287561484,-2.15741222502231,-1.06280100012539
-1.09902368331596,1.10665020254679,-1.06794661285014
-1.24091863143911,1.63014066049333,-1.20285216359158
-0.98376657249157,0.17052296636477,-0.960847220409175
-0.974864161931181,0.814673104469052,-0.982084965488892
-1.04023242219032,0.229046928185176,-1.09563111603406
-0.787935133728321,0.462139121657127,-0.869255355459188
-1.14652653945671,-0.760013149638559,-1.11480351263461
-0.611922617128029,0.287002696201499,-0.508155390792529
-0.970104841811407,-1.28508709851451,-0.860449516293562
-1.10948502827733,-1.05141506792282,-1.07683887879693
-0.898491919112254,-0.236848704530424,-0.860402343711846
-1.21928471527668,-0.992439345454907,-1.22976146607519
-1.06512734488626,-0.00378212635291862,-1.07170868138329
-1.11863105660962,-0.992704813051896,-1.26120452229412
-0.587782448156338,0.17052296636477,-0.619391986956793
-0.7735718201695,0.640235277952869,-0.600841233974945
-0.890056436311826,0.582258551968362,-0.871435739032917
-1.08505847039123,-0.294790500567959,-1.04965664618706
-1.1898161166153,-1.5756180967876,-1.32177082516744
-0.904347897376606,-0.120355002714906,-1.00777457526282
-1.15901310368828,-0.00391486015141287,-1.09167387049789
-1.01823508367645,1.45570283397715,-0.7759232498292
-0.765461942618385,-1.34252124598938,-0.984192565749273
-1.00989187460521,2.27127517984234,-0.626819425859111
-1.13424872562888,1.45621281120294,-0.913383451442488
-1.10034834076926,1.86323285396528,-1.00938202013283
-0.93073750321701,-0.293705343548688,-1.00683252618523
-1.05651642854907,1.62973314444532,-0.78941568036651
-1.24682796963456,-1.57493346982694,-1.32426140422771
-1.00994300332728,1.33920447483537,-0.841346757709972
-1.21899734311761,-2.15741222502231,-1.38217726329774
-0.925107595589173,2.21315873406995,-0.766898233832829
-1.13447676275471,1.33920447483537,-1.12585951483637
-0.867315878289852,-0.469675430405387,-0.734619952519235
-0.855859565371526,-0.527538051896451,-1.03083015695876
-0.773234491618528,-0.294124502912355,-0.884354502360694
-1.17623996603726,-0.177898597356958,-0.982533051933112
-1.06875831612987,-0.877298596918781,-1.15994818416035
-0.977609570094288,0.407566901170847,-0.787541617012798
-0.754179966540864,-0.177814765484224,-0.828576522622967
-1.19766910259167,-1.80825317368684,-1.17249222523996
-0.988384191929674,-1.10985286920736,-1.17021652931066
-0.676247995161815,-1.10985286920736,-0.942154308121157
-1.13683004538586,1.62981930498119,-1.11621454867698
-1.14803563091709,-0.295505400149324,-1.25286658662392
-0.828359725046881,1.9218616056266,-0.727339659435543
-0.686383356702848,1.16491801142273,-0.627712655895243
-1.13241750809259,2.44571300635853,-0.919133408243972
-0.846208262737718,-0.527791876177782,-1.02733514163326
-0.861745419146558,1.22303445719513,-0.53967978161937
-1.00997424025364,1.45580762381806,-0.812374172646912
-0.83149135927401,1.04461927405037,-0.800841495501796
-1.01195876832195,0.287834028939438,-1.01870633304068
-1.14611633734994,-0.120355002714906,-1.19263591479791
-0.59634424007787,-0.120355002714906,-0.642128036943215
-0.932221711024185,-1.57526413999161,-0.875664910666075
-1.21782448351225,0.346332375465397,-1.09896634623967
-0.909211933052169,-0.00317434527560217,-0.871104375510418
-1.07775439965223,0.753436250100471,-1.20395388036784
-0.59311995395053,-0.23649707639757,-0.712179987978345
-1.00709098875328,-0.411312146341054,-0.883928763015285
-0.72425794082499,0.228725572673031,-0.877259940277809
-0.955457068010387,-1.34252124598938,-1.08921562098798
-0.846695347013113,0.520446517806304,-0.9626556912412
-1.08657304533141,-0.00378212635291862,-1.16165475020833
-1.22073507677745,0.229046928185176,-1.26292591892662
-1.23007408578189,1.63014066049333,-1.19718525594925
-1.12850396746189,1.04461927405037,-1.16623915971666
-0.709977068548805,0.812065001761792,-0.783159650895349
-1.20431795421922,-1.10953151369522,-1.39123520478237
-0.954601569526072,-0.00359350463926894,-0.893110966038211
-1.08988502931858,-0.469514752649314,-0.954717374367996
-0.821891487899094,-0.935163547072976,-0.794911536445897
-0.840598095637191,0.579131157382781,-0.872859431124872
-1.16707306266459,-1.5756180967876,-1.24195667560049
-1.07983850015045,0.228725572673031,-1.15164981363163
-1.10282070945501,1.57161669867293,-1.02834844379591
-0.743504576781459,-0.469940898002376,-0.632663441363828
-0.923619114449458,-0.294385313183081,-1.09911307879598
-0.921591361433413,1.62973314444532,-0.576258417180142
-1.00193542103742,0.229570877389759,-1.10787859429549
-1.12170721314793,-1.4011499976507,-1.18743680270219
-0.660392796924088,0.0558013771923105,-0.642225200490625
-1.05142424229637,1.16440803419694,-0.818837327943449
-0.938394331884645,-1.86611602804422,-1.08179054469591
-1.12674176613698,0.171263481240582,-1.26505838091215
-1.17681569360004,-0.992439345454907,-1.14989342908895
-0.928025638823489,1.97965902454999,-0.662550918528415
-0.940695956354293,0.407566901170847,-0.786618285317877
-1.24039112068154,-1.22534058855008,-1.16432280998686
-0.870151782778349,-1.10917289957297,-0.894118089629588
-0.629237555507855,0.170942125728437,-0.781370264444525
-0.781588667649384,1.33920447483537,-0.680676049769122
-0.413356358990269,-0.992786316261498,-0.347869945736942
-1.15003218482388,-0.818236713915004,-1.34593560313376
-1.01253328573747,-0.877298596918781,-1.13746157932289
-0.917034022456099,-1.51695674384243,-0.898269641073503
-0.780190191212731,1.1069692293958,-0.75371570930168
-1.08663355269481,-0.644204074783698,-1.35377489725964
-0.856015371832289,-0.469940898002376,-0.696009917399243
-1.04203516344871,0.814673104469052,-1.05318496548522
-0.651345433411246,0.228639412137166,-0.511142827473089
-0.733422537354425,0.811552695872866,-0.518572762148457
-0.873480822278581,-1.34303122321518,-0.86094946393165
-1.10931708252678,1.04429791853823,-1.12078795426977
-0.658070070511453,0.814673104469052,-0.678237912876947
-1.18468157520823,0.814673104469052,-1.18411455047068
-0.941486447240052,-0.527738316925758,-0.985913340406209
-1.08863819946146,0.287675679846497,-1.07005667685128
-1.09745703422615,0.462139121657127,-1.15872227654563
-0.893575695835756,0.287512673427293,-0.994355534821967
-1.16310446033319,-0.877298596918781,-1.37735407219002
-0.953499768255605,-0.468429595630044,-0.94243187478422
-1.14039268112593,1.10596790424926,-1.14253906787673
-1.22979484429979,1.86323285396528,-1.10485503393125
-0.903754168873214,0.348940478172656,-0.707051184884557
-1.0775032184599,-1.80716661946969,-1.17509707263328
-1.01598591152745,-1.86611602804422,-1.23984482698892
-0.840909330387695,-0.992439345454907,-0.916851753210352
-1.02754270448613,-0.526371391667578,-1.04904235791447
-1.15923463627254,0.752735322497895,-1.14393717294095
-1.15277479452143,-0.760117939479476,-1.17402427959696
-1.18052456807403,-0.528304182066708,-1.08282832776553
-0.334532282172046,1.62973314444532,-0.147094688562197
-0.922682384829774,0.520767873318449,-0.996762684591318
-0.624439699761014,-0.527738316925758,-0.68951334738985
-1.23360627875475,-1.05090276203389,-1.38644518032029
-1.02848953127208,0.640235277952869,-0.888095508289892
-0.881417497501955,-0.295209659931625,-0.825005814079307
-0.807332659922277,0.171263481240582,-0.908192168908066
-1.03946424339482,0.753056678010039,-1.00986956578316
-1.20059232676898,1.68879735611223,-1.00876517751386
-0.815733350988748,0.0547138915099087,-0.685396948639365
-0.496571379536446,2.27127517984234,-0.154130154729555
-0.301755821587633,1.68879735611223,-0.070488058196701
-1.02830490817949,-0.4692399703998,-0.978545284337222
-0.568657583268717,-0.468396994346203,-0.520457813493091
-1.13373199274542,-0.236848704530424,-1.05965964279672
-1.14230868460519,0.520257896092654,-0.996032576250001
-0.944377640331858,0.753000790094884,-1.06548854638189
-0.473048385671466,-0.236527349018279,-0.355418320264814
-1.20626201798825,-0.236196678853609,-1.0679363277392
-1.03938335261337,0.990480184906547,-0.741890703183525
-1.02979694412681,-1.05054414791165,-1.26103062507399
-0.655532921129759,-0.178324742710019,-0.501139765426036
-1.01977787017482,-0.993470943222154,-0.864403533295148
-0.714734081825349,0.694372038433562,-0.808802400173597
-1.07337926347297,-0.818669845257459,-1.23180641424089
-0.976817263987627,-0.00359350463926894,-0.877045211359431
-0.492962871651497,1.45570283397715,-0.231393308400546
-0.759073499556086,-1.28405550074726,-0.781588688516438
-0.80578102422201,0.811685429671361,-0.835730980971043
-0.785808299904704,0.985669166876905,-0.820944379078847
-0.568856879396926,0.520341727965387,-0.619306234226542
-1.11404773728314,1.10628925976141,-1.10898524569189
-1.06417934577014,-0.760013149638559,-1.07681319805187
-1.10195174808234,-0.295505400149324,-1.13554824817888
-1.15659515381249,-1.57558549550376,-1.18820812140919
-1.09148344477418,1.33852217653784,-1.10265441066311
-1.25538435371049,0.640556633465013,-0.982801152596667
-0.186801663568383,-1.34303122321518,-0.160612836452905
-1.00735737242066,-0.585577651785508,-1.18151721588506
-0.801116284674656,0.0543343194194771,-0.624560068960658
-0.79008011976096,0.0547697794250641,-0.703391562938762
-0.996646358951055,-0.410611218738478,-0.953835884624012
-0.331240303431899,-0.119695991048697,-0.156922428272508
-1.1590986837904,0.578565292241832,-0.994684516057245
-0.181849514044865,0.52050240572146,-0.260466263900921
-1.26346496082456,0.287324051713644,-1.15577544134267
-1.25533175012143,1.10596790424926,-1.21345149899669
-1.15235680209162,-0.527372716814115,-1.33645401808498
-0.852071048080453,0.170942125728437,-0.960549946565659
-1.11067142640525,-0.0625715557703125,-1.14819090684311
-1.24780913434925,1.33852217653784,-1.17968924045394
-1.07965728059705,0.520257896092654,-0.951918464192013
-0.412060366900379,-0.468429595630044,-0.43741891107774
-1.06269377654729,-0.527372716814115,-1.18637307452958
-1.07543261866715,-0.294280523342164,-1.25211978657624
-0.627407585935934,-0.294280523342164,-0.779403416815147
-0.950615344425079,0.170942125728437,-1.10282700444357
-0.735816359919058,0.0584094798995708,-0.787081405431336
-1.18067398344453,-1.0502227923995,-1.23093423770239
-0.809785855337249,0.811364074159216,-0.771995907488901
-1.01902886465009,1.10665020254679,-0.976298750879948
-1.04421577319155,0.811552695872866,-0.849303251992946
-1.21379703776994,-0.99202018609124,-1.32606431013563
-0.950703647358545,1.10628925976141,-0.926668610178696
-0.958223540299379,0.170942125728437,-1.12164215346303
-0.976230266928413,-0.818832851676663,-1.03531458567971
-1.12336825372465,0.931853761908357,-0.834090650836183
-0.678733713284617,-1.10993670108009,-0.741543423273377
-1.20051389409917,-0.468396994346203,-1.10550945083907
-1.19506721033114,-1.28432329700738,-1.33791741667233
-1.14637005228811,-0.586420627839104,-1.2506009037599
-0.945465524908743,-1.86611602804422,-1.17709481481217
-1.13248399055813,-1.05141506792282,-1.10245747092314
-1.15076084474766,-1.22646067551632,-1.07050462281103
-1.22058290075849,1.57161669867293,-1.23507023907078
-1.10764552879567,0.873555680411706,-1.06693738244924
-1.09030415626145,-0.760537098843143,-0.993984774327521
-1.05422232968274,1.63024545033425,-0.997873270193668
-1.10614521090299,-0.236527349018279,-0.980067075319476
-0.73225587975381,1.27728532216926,-0.706048155935141
-1.11188683025051,0.462139121657127,-1.17661418886879
-1.11236525440951,0.811685429671361,-1.06618894111274
-0.926610825398717,-0.528143504310636,-0.815575737869202
-0.866375366959956,-1.34303122321518,-0.886911477678591
-1.06834312216562,-1.28508709851451,-1.0049454810593
-0.920599040673603,-0.819354472218115,-1.101940200268
-1.01214864799173,-1.57526413999161,-0.988834262950319
-0.814946755264509,-0.527791876177782,-1.01284347797298
-0.825281791104772,0.520066945715873,-0.822929363391224
-1.06247046655923,0.348940478172656,-0.922069141146494
-1.23976555017816,-1.5756180967876,-1.34487354334012
-1.19884532791913,-1.05106809711623,-1.29158795404295
-1.22107838043056,-0.701489187818155,-1.21691921027216
-0.723651732677896,-0.527053689965102,-0.765408208815668
-1.05043116519452,-1.57526413999161,-1.02795948118107
-0.725719193651174,-0.00359350463926894,-0.607080702751808
-0.977190027163292,-0.23649707639757,-1.09821138862003
-0.630399296885194,-0.237007053623365,-0.560329875564242
-1.26361218280314,1.39758638820475,-1.31797956780426
-1.22039094114809,-0.236876648488002,-1.314067995281
-1.25370292971573,-0.818674502583722,-1.38669593526963
-1.25272736193216,-0.469514752649314,-1.12008974391234
-1.0752325661969,-1.51698934512627,-1.22084379472375
-1.17768465497271,-0.5850001433289,-1.23231918920979
-1.06371740986766,0.578565292241832,-0.935353535226163
-1.22159167195773,0.287703623804075,-1.15270226520238
-1.03047496695084,0.229205277278116,-1.15099502112232
-1.17639505397308,0.228725572673031,-1.26897299151514
-0.64077101531452,0.578970479626709,-0.653446793756491
-0.987122273048801,-0.644204074783698,-1.15492130589366
-1.05082850948657,1.86323285396528,-0.998044481872304
-0.445568210239927,0.873299527467243,-0.282538321109258
-1.05755065065803,1.45621281120294,-0.97098371387839
-1.24037697708535,-0.469514752649314,-1.16335628050565
-1.06004926441266,0.578618851493856,-0.839084281781613
-1.08716261395357,-1.10885154406082,-1.27018032900421
-0.990886625211616,0.228639412137166,-0.806593769610712
-1.13607740941933,-1.57558549550376,-1.20251886902532
-1.04117240408079,-0.585682441626424,-1.17940482199238
-1.05619653368217,-0.702609274784398,-0.919006983198999
-0.885123573510392,0.229889904238772,-0.947575060376537
-0.641945614506582,-1.34303122321518,-0.6409717938865
-1.12434593926593,-1.05173409477183,-1.05054153089626
-1.14013847456544,0.815353074103445,-1.10305232822514
-0.724999156026677,1.63049927461558,-0.696358037013011
-1.2036934804118,1.39715092819917,-1.18255303711417
-0.940784183653555,-0.0624108780142402,-0.967250082697721
-0.543061834036162,-0.352587919491341,-0.667114652337102
-1.07144760371343,-0.236441188482414,-1.11970686944619
-1.20912976447674,-0.178056946449899,-0.976632115963012
-0.504050467824085,1.1069692293958,-0.360037496019866
-0.529408347484262,-0.177898597356958,-0.379497436152266
-0.851516649363272,2.67837905447742,-0.689585035656459
-1.0970792413759,1.33852217653784,-0.960081719589853
-0.93899948115288,1.74742610777355,-0.596265376859433
-1.07367189220922,0.520066945715873,-1.1508627076271
-0.863553454799246,1.92103027288867,-0.663047397527024
-1.14299245562875,0.05545440638572,-1.03880616622845
-0.874325278169075,-0.64354739178062,-0.780986967426703
-1.1120929334571,-0.586420627839104,-1.25712421922194
-1.01585771155124,-0.00394280410899092,-1.09178644478036
-1.13118758248012,0.582258551968362,-1.10634448740082
-0.921721074093708,-0.352587919491341,-1.05755294493173
-1.13017688260868,-0.64354739178062,-1.01868399646676
-1.19528378887502,-0.352587919491341,-1.32893285324917
-0.357318598887594,1.45621281120294,-0.144568981336074
-0.458672592468943,0.349704279679783,-0.44072034383038
-1.1038375735141,0.699951515296592,-1.05313683056197
-1.01433462776308,0.0547138915099087,-0.895079342523064
-0.770996097343636,1.57161669867293,-0.786952096107386
-0.639444391371908,-0.00429443224184446,-0.580475790405424
-1.18542831170683,2.73700780613874,-1.03500847275438
-0.642629347713036,1.16527662554498,-0.591138868192868
-0.948364924311711,0.170942125728437,-1.01226218936628
-1.21158776266369,0.815353074103445,-1.18231082645806
-1.06280643369453,2.44539165084638,-0.949977517415299
-0.968476248308312,0.171263481240582,-1.08340455069426
-0.870037953300947,-0.527023417344394,-0.770583336550676
-1.22307652265564,0.521024026262912,-1.23136630104567
-0.730983712438261,-0.29395916783002,-0.849029741075491
-0.963040342414386,-0.760537098843143,-0.95540735357072
-0.841436500791345,-1.34226509304492,-0.979677818465165
-0.861268923659759,-0.585577651785508,-1.08241309409627
-1.24681681358944,0.229046928185176,-1.26928143730645
-0.905112559181612,1.68876708349152,-0.819377063347432
-0.62182805068813,0.229726897819568,-0.659282411309792
-1.07066097017208,-0.00394280410899092,-1.06902249604154
-1.16972018417927,1.39715092819917,-1.17340172305797
-1.14692626622619,-1.40046769935318,-1.30063126413815
-0.980602150836897,-1.05122411754604,-1.14184296075951
-1.18526282406792,-0.760858454355288,-1.17671483693455
-1.14792191489099,0.753056678010039,-1.19436858560697
-1.25604743877919,-0.817554415617479,-1.39561838263561
-1.16633634769806,-1.4011499976507,-1.37570498309983
-1.19516266069691,-0.818236713915004,-1.34460981046245
-0.921024104901509,0.985669166876905,-1.02277567681372
-1.12668938945053,-0.527053689965102,-1.177016520572
-0.572224114170306,-0.00378212635291862,-0.657629925378212
-1.125245040869,-1.34252124598938,-1.32280235420686
-0.567143764670577,1.16440803419694,-0.285641851048226
-1.06428141412878,1.04429791853823,-1.05446800836471
-0.873084499048291,-1.28331731453458,-0.963809858605477
-0.90069287445604,1.92135162840081,-0.648270849655673
-0.593563170387457,-1.05106809711623,-0.654536159796661
-0.89331173246291,1.1069692293958,-0.862620520812571
-1.09914522748219,-0.527458877349981,-1.00637357347279
-0.837088290388793,0.93141830190277,-0.586674993220053
-1.00633230205041,0.287324051713644,-0.813813797600266
-1.06719140232035,-0.236848704530424,-0.92989198618773
-1.00088399214699,2.27127517984234,-0.609527378537479
-0.574069210583078,0.287268163798488,-0.371605097971543
-1.21502817352968,0.288034293968745,-1.23741630998853
-1.0964267829129,-0.00388691619383548,-1.08693788579154
-1.20186842706315,-1.22537318983392,-1.21110850070779
-1.21687122781894,0.05545440638572,-1.17982285166878
-0.747943926400137,1.39717887215674,-0.557313761746622
-0.972789137537477,-0.702229702693966,-0.775430231690801
-0.853937700241437,0.461438194054551,-0.822545444031754
-0.869151520427092,-0.759691794126415,-0.83745920222036
-0.931281426596901,-1.05064893775256,-1.00535168848665
-0.967959175070931,1.57161669867293,-0.902721131905125
-1.05498476027872,2.67837905447742,-0.960897420957572
-1.00297402993024,2.15409452240304,-0.901382089259808
-0.979761325388207,1.92154025011446,-0.879474760852071
-1.22451553902577,-0.178378301962043,-1.1220378825332
-0.933694649334926,-1.80748750924921,-1.14557615973306
-1.20595857356079,-0.818669845257459,-1.251648968783
-0.67782269929438,-0.00394280410899092,-0.735625381144829
-0.953638216666492,-1.0513102780819,-0.900362171056314
-0.549727854628072,0.640235277952869,-0.314525030327082
-0.980487640651656,-1.05064893775256,-1.10298610658927
-0.803166727951977,1.62981930498119,-0.745215501204217
-1.06035180122968,1.33920447483537,-0.977153867981386
-1.04155027256524,0.582258551968362,-1.0741508653266
-0.716047847953238,-0.235919567940963,-0.784231032634702
-0.813232127854075,-1.34268425240859,-0.937718940056657
-0.992993264702697,-0.468909300235129,-1.07672459582055
-0.586623732147169,1.68844805664251,-0.558784422328841
-0.750627049796041,-0.468429595630044,-0.82052855006658
-0.963975597167086,-0.0618892574727888,-1.04831379215676
-1.00355176179943,0.579652777924233,-0.947206407149215
-0.99064898254185,-0.527053689965102,-0.948862078005699
-1.06052337742202,-0.294469145055814,-1.0165200266964
-1.10266660476384,0.228883921765972,-1.19890300382928
0.278442857176891,-0.0617262510535849,0.109776926439725
0.737996282223087,0.287324051713644,0.898827176606094
1.02384932829303,-0.0618892574727888,1.00107966567006
0.385803719260079,-0.819354472218115,0.191895305934445
0.899176553198185,0.170942125728437,0.708377781396782
0.157838067757839,-0.236848704530424,0.222413362537073
1.31652306690258,-1.28440247155385,1.39030818696217
1.36118014829118,-0.760728049219925,1.24967195672636
1.09471630865273,-1.0521532541355,1.13405201156489
1.34897921663198,-0.236527349018279,1.44717858999342
1.10600925168987,-0.527216696384306,1.1370937974331
1.20709663470122,-0.0624108780142402,1.08107206386078
0.612941932567782,-0.701489187818155,0.651141760884167
1.22410374186973,0.287407883586377,1.30066691920288
1.40455976796994,-0.469675430405387,1.52076548460442
1.08230851744489,-1.05106809711623,0.953970286409242
0.778476086510751,-0.236196678853609,0.72816467420525
1.20931271688586,0.69886402961419,1.37582069070292
1.2339569878289,1.98006421193487,1.37097136202391
0.981099363364686,-1.57558549550376,0.988549017931833
1.17423016941375,-1.0521532541355,1.16696334383656
1.38297225339181,-0.528304182066708,1.42850293166999
1.29511140184935,-0.295209659931625,1.31048570497273
0.836254189653306,-0.992439345454907,0.728027306014561
0.823667145381386,1.57161669867293,0.803523352608124
0.968884061206673,-0.295505400149324,0.945829321824903
0.414498580011935,-0.294804472546747,0.338715436244412
0.807419783794602,-0.760206428678473,0.765476700501929
1.14164884507631,0.578970479626709,1.1839795963384
1.21971695802301,0.519936540580509,1.28522249852784
0.290033042636746,-0.237007053623365,0.477044006717804
1.23252107246114,-0.818832851676663,1.12539280798926
1.40611972343267,-0.294280523342164,1.24174727279608
1.11506985118845,0.0584094798995708,1.11645298003962
1.15162953466964,0.931853761908357,1.28744550747081
1.38334248282164,-0.120355002714906,1.26295899438522
1.05737381115751,0.113237853330313,1.18330146038876
0.531157911166087,0.579652777924233,0.529426114730608
0.395541244886736,0.812065001761792,0.36080917931356
1.37175834809812,0.93141830190277,1.5803312502287
1.359630025275,-0.527738316925758,1.17180327241106
1.12619488629215,2.21315873406995,1.22663800872435
1.18660392522967,0.287407883586377,1.04386815890056
1.11523889363496,1.9218616056266,1.24361706487262
1.39343700189237,-1.0502227923995,1.29722616337461
1.31384712875608,0.814673104469052,1.26221715398862
0.826016721936531,2.21315873406995,0.96547801863677
1.24611896787291,1.63014066049333,1.32660664076351
1.16866992088803,-0.00282737446901108,1.04309938483873
1.34500123565925,-0.760728049219925,1.27447090453866
1.03066548278038,-0.586087629011302,1.14776383171888
1.21284596873757,-0.818236713915004,1.15200755424889
1.1584778336938,-0.00350734410340389,0.99904674366182
1.39950664678374,1.45621281120294,1.43692116135625
0.82109369158165,0.287324051713644,0.995635746289223
1.33661604960465,1.10588407237653,1.56636253201843
1.07380572020268,-0.295125828058892,0.891905181625346
0.984899603957419,-1.05122411754604,0.817862836804091
1.4043918600365,0.814673104469052,1.38897151974002
1.05561455956657,0.520446517806304,0.950462076525591
1.30499036343796,-0.760858454355288,1.28797992871777
0.630864591778788,-0.00359350463926894,0.684856377892463
1.30655296609784,-0.00359350463926894,1.36979476519207
1.35437760796059,-1.28400194149524,1.17709768382063
1.31178874388731,-0.294804472546747,1.23678290700904
1.01341899335541,-0.294823101851799,0.990212246120904
0.310876694816034,1.68879735611223,0.55076251697769
1.11823098275524,2.67837905447742,1.18878529703747
0.916243411388059,0.407566901170847,1.07420956794482
1.35594512684376,-1.5756180967876,1.1639465980676
1.22650550602581,-0.237007053623365,1.27776314905751
1.1205007652249,2.15409452240304,1.15574869928975
1.27431426470567,-0.993470943222154,1.3306946557012
1.20950823130385,-0.877298596918781,1.14926701834669
0.881889599473932,-1.05173409477183,1.02613492031408
1.12903230346473,-0.527458877349981,1.20041529651864
0.825443036497266,-0.760728049219925,0.721632762054308
0.948772926295583,1.62973314444532,1.22547309452654
1.11780289315916,-0.0624108780142402,0.974007163332848
1.03859497275435,0.520341727965387,0.979622702117618
1.03121307441918,-0.586420627839104,0.878434001767298
0.851569359672662,-0.469619542490231,0.935055418260457
0.904194882650426,-0.527791876177782,0.780763057380864
1.36040905757882,-0.294469145055814,1.45222876021997
0.889486677120207,-0.236441188482414,0.754151258091977
0.515995900410345,-0.468750951142188,0.446189518169079
1.2188793092109,-0.586420627839104,1.06435583540341
0.869076787102314,1.62981930498119,0.846134091793412
0.742099437803856,-0.00320694655944267,0.748163466565617
1.35754705928985,0.462139121657127,1.32455681714588
0.634889844129176,1.97965902454999,0.902587547885443
1.08599190319205,-0.818674502583722,0.979254863425688
0.689580937225112,1.33920447483537,0.720370538333363
1.22966625942158,0.287675679846497,1.19400059143461
1.02274809427909,1.22303445719513,1.27358737433776
1.24927934309766,-1.8657951382647,1.03953197607862
0.787143009976196,-1.05122411754604,0.672615816409325
1.06234222203495,-0.760858454355288,1.10557844932193
1.35423617199864,0.28835564948089,1.24676650074501
1.22394377552774,-0.235842722057623,1.28349311954001
0.50681920240823,1.57161669867293,0.512715056284956
1.32139920405082,-1.05054414791165,1.09773554840587
1.02473840836403,1.45570283397715,1.2532395343424
0.907212309229132,0.287407883586377,0.871416472767528
0.782171573730593,0.229205277278116,0.743737925092699
0.617518180096159,-0.585577651785508,0.453196374009584
1.12127866301565,0.462139121657127,0.947370754550217
0.296443041447257,-0.00359350463926894,0.347865662346731
0.701416555677771,-0.469619542490231,0.842608852628811
0.310367676621406,-0.702229702693966,0.364413995840368
0.566543751797256,1.04429791853823,0.481891594670617
0.713763083180164,-0.528059672437903,0.578468816625343
0.508258143144158,0.287324051713644,0.741228241333597
0.694098946416214,0.461438194054551,0.608007887258358
0.893980105194926,1.33852217653784,0.91835781520732
0.835375698370898,0.640556633465013,1.04900695469623
0.721813966051961,-0.5850001433289,0.65502825427454
1.26778589836551,-0.294469145055814,1.39804884355191
0.296331859167004,-0.760471896275461,0.222216824756589
1.33651318708686,-1.05141506792282,1.31759495386091
1.12875283508001,0.229151718026092,1.05623744763516
1.06785557735403,-1.10953151369522,0.901077540667732
0.757553396588018,1.45570283397715,1.02797889756755
1.33072301058021,-0.701489187818155,1.39650847933229
0.17804185456914,-0.819354472218115,0.0626144742492449
0.359440661025368,-1.0521532541355,0.444629552475569
1.25702542012631,-0.528059672437903,1.06009312230104
0.99898874352582,-0.527738316925758,0.895755418581073
1.36127053116527,-0.818236713915004,1.17607478524128
1.23499771447943,-1.10885154406082,1.05840311603214
0.977768433009348,-0.236876648488002,0.88200088382503
1.26370543304601,0.931853761908357,1.48558551064604
0.838226351529225,-0.236876648488002,0.855198178032366
1.26606181667954,-0.00359350463926894,1.38314283397442
1.33822894901036,-0.00317434527560217,1.35028297484831
1.12074430736259,1.86323285396528,1.16606775713904
0.413132248112089,-1.51587158682316,0.285904393436399
0.33146621606903,-0.760471896275461,0.253719634056366
0.998590151269403,1.68836189610664,1.28468999464228
0.919405677467911,1.63024545033425,0.930387063329479
1.0145603134976,2.09546577074172,1.06783542489291
0.631263562206227,0.93141830190277,0.913267626124775
1.0948259782489,-0.818320545787737,1.13012438184918
1.20746459510492,0.0543343194194771,1.33567665984031
0.81693078497952,-0.585577651785508,0.646847788384506
1.10160507197617,0.579131157382781,1.10498572701786
1.06571550754467,-1.57526413999161,1.05951978410889
0.740006261201132,-0.29395916783002,0.579428744754796
0.921688695923312,-0.993470943222154,1.00085087183043
1.08590984008044,-0.295505400149324,1.00276181304523
1.3929983235077,1.45621281120294,1.43502576815776
0.684136787202922,0.520767873318449,0.619131994365886
0.974023783556741,-0.585682441626424,0.84863871216256
1.29126162085283,0.287675679846497,1.28126742354545
1.18361334879347,-0.236441188482414,1.08386588273295
0.592093742336239,-1.05138712396524,0.494795316092281
1.39891254010933,1.33852217653784,1.45375089898138
1.13820370707255,1.97998038006213,1.50878358936002
1.29482815175442,1.63024545033425,1.32361721304728
1.39234824752214,-1.57558549550376,1.35853573853368
0.557354195980418,1.10588407237653,0.812829297742875
1.37903965294164,-0.295209659931625,1.45546487226779
0.444782137224142,0.520257896092654,0.576522290281192
0.611638755228489,-0.00391486015141287,0.715496386001865
1.36402966693645,0.640235277952869,1.44862862910209
1.38596358617005,-0.00420827170598007,1.19193535021786
0.95094740966788,-0.236848704530424,1.03747133286839
0.639427140042363,0.287407883586377,0.570488337935898
0.913247162386544,0.519936540580509,1.0177691151324
1.31026320198751,-0.352909275003486,1.11621025627197
1.10356437603736,-1.22646067551632,1.21653003177314
1.41139294015325,-0.992439345454907,1.33252352469595
0.681862844852031,-1.05141506792282,0.76285382469475
0.936866589861947,1.57161669867293,0.977135979562102
0.889288893676083,-0.528143504310636,0.926681003714237
0.980744260775714,0.229570877389759,0.833913919778518
1.21902112334388,-0.235756561521759,1.1718097118167
0.773422208982511,2.09546577074172,0.828223079484747
1.1836458715013,1.33852217653784,1.19805536097298
1.04022904973726,-1.10953151369522,0.849787312772315
1.40126098215141,-1.28405550074726,1.2135841922253
0.220476046694723,-0.468587944722985,0.229769859525155
1.19535782803001,-1.0521532541355,1.24883963700622
0.684301291597174,-0.00429443224184446,0.831215594656197
0.735024236166933,-0.818674502583722,0.711376986283345
1.23047478906505,0.582258551968362,1.27154788845555
0.367803534989713,0.229046928185176,0.262244350059451
1.30944710892361,0.345952803374965,1.40961029713418
1.10281711009933,-1.05141506792282,1.12431274366871
1.14179406274847,0.641322763635271,1.22759602040761
0.406482867045115,-0.818236713915004,0.206327786734405
1.07902712749334,1.92143546027354,1.16233120095262
1.21334515448565,-0.586420627839104,1.11477997010417
1.20793239265823,1.16451282403785,1.42967866271477
1.23733102968066,0.87387703592385,1.30433377495513
0.927481519627112,1.92211775857107,1.05667200730062
0.908262868326217,1.63049927461558,0.973480185475046
0.767958394067215,1.86291149845314,0.831480350233394
1.23597188303022,1.92135162840081,1.54313187554959
0.762714674686298,0.931853761908357,0.985585082885362
0.291215583420254,-0.760858454355288,0.329931194164391
1.22265875039746,0.753436250100471,1.19312702876737
1.02913880636752,0.171263481240582,0.918643610508263
1.3237688236701,0.753436250100471,1.23288532403963
1.10513113857848,-2.15741222502231,0.933832458348652
1.40839328761254,-1.0521532541355,1.40154872366716
1.30579775856837,-0.00326050581146655,1.25294332214052
0.926105733451735,0.229726897819568,0.897206247056905
1.40026261065526,0.288090181883901,1.50980789919057
1.36803676707781,-1.86611602804422,1.13723473905462
0.479647992701067,1.39758638820475,0.470977252391615
1.3098646097311,-0.528304182066708,1.39871711904726
1.31673597718755,1.68844805664251,1.38316025908297
1.16314635495137,-1.34252124598938,0.97794214079844
0.831565247160591,0.229205277278116,0.796936905482249
0.463328022278199,-0.877298596918781,0.341195121763264
1.31545435559647,0.98599052238905,1.29882689015805
1.38059166681293,-0.0625715557703125,1.22960927138612
0.73808061436083,2.15409452240304,0.788255693892484
1.31455922478913,0.229889904238772,1.21687571967844
1.14915743070361,-0.293705343548688,1.01802986713086
0.78291278893228,1.62981930498119,0.854948880323458
1.24691577421473,1.86291149845314,1.2223417344758
1.19400057223467,-0.64354739178062,1.28120271511499
0.702215252874691,-0.760537098843143,0.703170468073672
0.997092215854156,-0.469619542490231,1.13812674454204
1.27988623653305,-0.0625715557703125,1.10308863336234
0.572771094004495,-1.05138712396524,0.332123605863282
1.26475221043288,1.10628925976141,1.29092757168358
0.849890280338227,0.0584094798995708,0.801351650242782
0.446694926249721,-0.527738316925758,0.426433259670634
0.969760283462954,-0.760150540763317,1.02217419208999
1.21397556557811,-1.10985286920736,1.14083869253999
1.16307941868061,-0.526371391667578,1.04443226813214
1.02912254501361,-0.468429595630044,0.932121184926745
1.39932550286455,-1.34252124598938,1.28961014717366
0.947988599597471,-0.00326050581146655,0.878345071891412
0.588880423168515,1.10298022945157,0.544476042644626
1.25108284069809,1.86323285396528,1.29521741110253
1.19333385672417,1.45580762381806,1.40282048431626
1.3246401297031,-1.80825317368684,1.30927391151747
0.544389737029271,-0.00388691619383548,0.514790449907446
0.864117830500413,-0.528143504310636,0.891806502950585
1.39085182479098,-0.236527349018279,1.53859352961932
0.110947886488642,0.872789550241448,0.287172697801329
1.31224179277079,1.98006421193487,1.42947407110119
0.770920607676816,1.45570283397715,1.03550604475397
0.963003501825939,-0.586420627839104,0.922002557696477
1.1633335496069,0.872789550241448,1.43195573392759
0.733246832366968,0.462139121657127,0.619323491636624
0.442894685656988,0.229205277278116,0.344336413654541
1.30157585728692,1.9218616056266,1.44759642926073
1.25651791461577,0.170942125728437,1.11668801834551
1.24896205761082,-0.993524502474178,1.2487980284334
0.805112184222818,-0.120355002714906,0.619137505750305
0.886144779805252,-0.586001468475437,0.682367782820753
1.10903310717593,-1.34252124598938,1.08872874093635
0.74070285222231,2.27127517984234,1.03568548049444
1.30514768258281,-1.34303122321518,1.28679436925099
0.846434931716892,-0.527111906543389,0.702992781753875
0.873943848146047,0.0543343194194771,1.06390620454517
1.36203481479925,-0.0624108780142402,1.21282742020519
1.32250762331416,1.16408667868479,1.55902090030126
1.17551632905708,-0.527216696384306,1.12792518799914
0.984372811724791,-0.527538051896451,0.863331807222133
1.34945798114491,-0.294804472546747,1.16318686489102
1.26850631416102,0.521024026262912,1.21524887376516
0.619356091259527,1.16459665591059,0.614532445252956
0.603732333686816,-0.410226989321783,0.51641521234902
0.874921798407049,1.16451282403785,1.175024941099
1.35128152180946,-0.469619542490231,1.50938838097362
1.24060901609302,-0.469514752649314,1.39616646324272
0.994779700059095,-0.528143504310636,1.11287521935835
0.335230152243721,0.345631447862821,0.431293233595055
0.934529114779483,-0.819354472218115,0.853168925551832
0.324928773624351,0.228639412137166,0.446170013707266
1.29793293583903,1.92154025011446,1.34386318623974
1.301897302655,-0.00359350463926894,1.41483569039738
1.02497741244947,-0.120355002714906,0.816019743641851
1.3530441769396,-0.527791876177782,1.22604321759191
1.11216776677123,-0.294804472546747,1.01566653845041
0.944946591902382,0.98599052238905,0.820051406000909
0.644656867095493,-0.00359350463926894,0.848046288674005
1.16605373376289,-0.70217381477881,1.26042595130692
1.25875895608781,-1.10985286920736,0.991857636442488
1.18046583138345,-1.05138712396524,0.978299402885581
1.20837334006903,-0.528059672437903,1.11615775168666
0.66213290633038,-0.0625715557703125,0.508266230997524
1.17771917525597,-0.0612907910479979,1.08208541544468
1.04297646220678,-0.4692399703998,1.26179059095574
0.540087285320292,-0.585321498841045,0.338737058955849
0.610022074112564,1.04429791853823,0.603269087828859
1.13604094700191,-0.527538051896451,1.04788451806153
0.572532089919052,-0.00320694655944267,0.585732096901835
1.22499622547993,-0.00350734410340389,1.03843083588359
0.915509381435775,1.63024545033425,0.896574094375787
0.50100860466643,-0.295209659931625,0.596912603263616
1.01083381625401,-0.528304182066708,1.09912564548893
1.10610303810314,-1.10985286920736,0.866006839377857
0.367327417673935,-1.63356222148826,0.184577910306028
1.28596004130566,-1.40046769935318,1.18864021272555
0.397517188472867,-0.00352830207158726,0.383971663746099
0.849234909958368,-1.86611602804422,0.735773383383091
1.32250308526191,0.520341727965387,1.31687803184086
1.32440226013072,-0.294124502912355,1.21609403934908
0.472174198807726,1.57161669867293,0.529318999665682
0.576906772293093,-0.0617262510535849,0.491032547424774
0.830121012030364,-0.23668569811122,0.942011910645488
0.763399164234795,-0.527053689965102,0.583470805253023
1.24428899830099,-0.818669845257459,1.22925155718608
1.11961697954819,0.872789550241448,1.33879165779695
1.37945110301278,1.63082063012772,1.47314029165433
0.684140568913135,-0.70217381477881,0.749884155650577
0.756496030412549,-0.64354739178062,0.877041185142754
0.96763155878423,1.45580762381806,1.1418637249275
0.87953775389266,1.45621281120294,0.916935421795951
1.36418925510742,0.349704279679783,1.42060955976148
1.03780572983296,0.752735322497895,0.952851161455794
0.903751666213498,-0.295125828058892,0.698378307881496
0.610351082901068,0.520446517806304,0.486484926315919
0.973324167167394,-0.935163547072976,1.0311961609003
1.2576599911,0.521024026262912,1.34694618531078
0.3826694378358,2.44539165084638,0.423177871505472
1.2136465567896,-0.527053689965102,1.11580196674573
0.475788757429016,-0.236876648488002,0.540777467602911
1.23751444262598,-0.644204074783698,1.10701575925587
0.758692825875101,-0.0625715557703125,0.614758731421823
0.687695376513064,-0.295209659931625,0.7550039384513
0.750885485141001,-0.585577651785508,0.596368138063107
0.517849694756606,-0.469514752649314,0.657056574615415
1.09373722387866,-1.34303122321518,1.06309696317528
1.12912911524617,-0.760117939479476,1.20378895568037
0.728071561940901,-1.05173409477183,0.743615954824154
1.24098264906204,-0.527738316925758,1.07033796636639
0.676747325447324,0.229205277278116,0.549248912076128
0.843130095162021,-0.0625715557703125,0.75896788912384
0.914255366329247,-0.528143504310636,1.00608734872382
1.21264931980651,0.753436250100471,1.08611993462646
0.725509075100781,0.287324051713644,0.933012684761576
0.163830565760868,-1.05141506792282,0.192405442128999
1.23003686702243,1.16451282403785,1.48010099948881
1.22350736616919,-0.527023417344394,1.31011464383236
0.674041133619122,-0.00394280410899092,0.590746863210279
0.926597733950406,0.815353074103445,0.952614896770768
1.171140890341,-1.51695674384243,1.15455871433321
1.28771853655456,0.228639412137166,1.36742319734885
1.26497230596726,-0.701908347181821,1.37996611528483
0.945303585346461,-0.586087629011302,0.941350616359094
0.546239749665319,-0.702229702693966,0.658396365443522
0.680821361859456,-0.760117939479476,0.721896680215904
1.00819493886759,-0.0618892574727888,0.881890529837909
0.966908495791563,-0.469430920776581,0.862292661407337
0.633840419545155,1.9218616056266,0.687441526067644
0.843673148748563,1.16459665591059,0.854415506990014
0.759399627513853,-1.22569454534606,0.636793692034289
0.739147812982851,0.0547138915099087,0.829823309310075
0.692301499552122,-1.86688169248185,0.61998434204699
1.29343307885695,-0.760858454355288,1.28687660758135
1.00299470915412,-0.469514752649314,1.18894593943298
1.15323335797084,-0.00429443224184446,1.23555771627699
0.196664508340514,-0.877298596918781,-0.066817559457793
0.74051527939576,-0.527377374140379,0.635445096444675
0.620578340000269,-0.702229702693966,0.691818884568876
0.554247521040692,1.16517183570406,0.624016506855408
1.30419166624104,1.04461927405037,1.32726521962686
0.430992130933564,-1.34303122321518,0.519249509969363
1.04282103391704,1.16440803419694,1.30611373292998
0.715741673963443,-0.00359350463926894,0.737504153029936
0.351075896205917,-0.178324742710019,0.490255625263397
0.607233062830704,-1.28440247155385,0.613395375810253
0.721214186812228,-0.295125828058892,0.543631145216737
0.509301895162861,-0.469430920776581,0.362679355319992
1.33641259359521,-1.05090276203389,1.20845288008794
1.0701363267833,0.461817766144983,0.886684969813976
1.08744634893985,-0.00378212635291862,1.08562530846707
1.25723076699086,-0.819354472218115,1.17696043369181
0.733562983340749,2.27127517984234,1.02829687433815
0.900403339991182,-0.294790500567959,0.96599358659262
1.06800571124947,-0.70217381477881,1.1068640579879
1.09150752753726,-0.469514752649314,1.18048881934257
1.39516599980161,-0.586087629011302,1.42163701150215
0.408575287305797,-0.760728049219925,0.325070769957483
0.427955795803795,-1.63356222148826,0.265110053510419
1.27135507646424,0.0584094798995708,1.25517881544
0.802643105624952,0.520341727965387,0.747618035362742
0.99001323250702,-0.1771324671867,0.887237012939258
0.920493297325081,0.229046928185176,0.93790160169107
1.36776486211352,1.63049927461558,1.34896838245049
0.737587101178074,-1.2839693402114,0.689800229742921
0.793510653632325,-1.05176902471881,0.668231134411227
0.944708722330004,-1.51698934512627,0.78137065365032
1.26375913333103,1.39758638820475,1.27691817749775
1.04956344505524,-0.00282737446901108,0.911504033904847
0.565633872320083,-0.178324742710019,0.706375700535644
1.34404673200157,0.640235277952869,1.53553435113246
0.668471808988892,0.640556633465013,0.825984419106926
1.2153089965991,1.27728532216926,1.1499176596084
1.39638408866112,-0.876618627284388,1.15561150270062
0.785197320071767,0.348940478172656,0.978605713038307
0.871361696412822,-1.10885154406082,0.721177955693101
1.10584739449276,-0.528059672437903,0.917956562717742
1.1615342118877,-1.34226509304492,0.894815382046547
1.26200971418664,0.05545440638572,1.44924110709265
0.839154383215419,-0.294790500567959,0.912514839379238
1.29762699548283,-1.8657951382647,1.08457367875338
0.862692882092271,0.287512673427293,0.840174355062464
0.336213775070042,-0.818320545787737,0.327876737762318
0.449242664420011,1.86291149845314,0.573968590951426
1.25228391186164,-0.294469145055814,1.33452203990552
0.933669153877117,0.811552695872866,1.03932595490966
0.859404306891315,-0.00350734410340389,0.740612091527314
1.02845356047698,0.753056678010039,0.993482009920532
0.384552729521721,-0.235756561521759,0.2642392149607
0.755645145614694,-0.00388691619383548,0.749752441616802
1.15233936167656,1.04461927405037,1.19643523772231
1.19179772603578,1.16459665591059,1.18065627683673
1.31490109139236,1.39717887215674,1.53153272041875
0.879343752158749,-0.178219952869102,1.00069472448051
1.15403734956206,0.349704279679783,1.06020930158903
1.19393628316106,-0.644204074783698,0.972036264991508
0.729779004101931,-1.28405550074726,0.687163857358854
0.416581924168106,0.520341727965387,0.35324093835899
0.705169146721824,-2.15741222502231,0.436355646563118
1.02018976732021,-0.236441188482414,0.927834963326228
1.13797226640753,1.27728532216926,1.05300433197934
1.17232494380859,-0.468396994346203,1.15352122824868
1.03750168033186,0.873299527467243,1.05081263002449
1.22665866528943,0.461817766144983,1.07111123684663
0.997893182077204,1.10588407237653,1.14500576957761
1.39909557488362,-1.4011499976507,1.08661403408347
1.24287047880021,0.582258551968362,1.27686421498561
0.861975491664923,-0.702229702693966,0.87850309221513
1.41468264986727,-1.10985286920736,1.10038158996569
1.29046216731386,-0.935163547072976,1.31290192674442
0.970306740588687,-0.527538051896451,0.814878444106357
0.900165092247782,-1.05122411754604,0.67266862164056
0.587163148560932,2.38708425469721,0.738220718118741
1.16935970483082,-1.34226509304492,0.949084164983518
1.29082105161305,-0.00429443224184446,1.42390053214079
0.690772932284152,-0.992786316261498,0.768925126233408
1.06141986291407,0.113398531086386,1.16675653787648
1.32391025963205,0.171263481240582,1.2750081560673
0.584010336756612,-0.0624108780142402,0.520555899812738
1.37136126852579,-1.57558549550376,1.34731344879429
0.878175203703027,-0.586420627839104,0.773209055694722
0.72798496077703,-1.10953151369522,0.550266226511992
0.711720203323268,-0.70217381477881,0.794648263290817
1.01401952893718,0.52050240572146,0.859538046398156
1.18192859689372,1.39783089783356,1.21815392019078
1.20825156900018,1.22303445719513,1.42300415653371
1.18394500477913,-0.236848704530424,1.33058241775778
1.15416933124848,0.287407883586377,1.16987177973614
0.29444743296802,0.461438194054551,0.229763240281082
0.142263472417892,-0.0618892574727888,0.0455050887773655
0.581688744857041,-0.294124502912355,0.495477176024519
0.66089326172266,-0.00394280410899092,0.596445300648198
1.32308206509547,-0.237007053623365,1.34094795125765
0.169676711578667,-0.760728049219925,-0.00453853708768182
0.78429538218604,2.38676289918506,0.787352871100492
0.472811795149585,2.44571300635853,0.64959138062485
0.878641866743273,-0.237007053623365,0.932967447387823
0.896684027997,0.985669166876905,0.776307887869456
1.35989209779274,-1.22646067551632,1.49345501392192
1.2591303200307,1.39715092819917,1.27886102104368
0.700423478575918,2.15409452240304,0.862059739978253
0.619484291235737,0.811364074159216,0.571863666302527
1.30014977436571,-0.178378301962043,1.51772674729508
0.517307397512106,-1.57449800982135,0.25561193247797
1.16237828960717,1.86291149845314,1.14902612087722
1.01298069314176,-0.468587944722985,0.946590744933619
0.973166091680503,-0.819354472218115,0.858801654694214
0.88073579968804,-0.818320545787737,0.882180867317675
1.26049740827259,-0.992439345454907,1.20131557457393
0.644115326193036,-0.760013149638559,0.689535153842818
1.19413141940803,0.287324051713644,1.48661217484996
1.36634407358661,-1.10953151369522,1.18469012379802
0.934449320693995,1.63014066049333,1.01511766697951
1.27111266883961,0.640556633465013,1.54521552572382
0.935924187676945,-0.469109565264436,0.912262125197724
1.09945895143046,-0.760150540763317,0.9918927873055
0.741421377162721,0.228639412137166,0.871265095025695
0.578904649798458,-1.8657951382647,0.381636188515232
1.24010415777963,-1.34252124598938,1.08765094267157
0.597888456895145,1.39715092819917,0.61033122042063
0.349584767869053,2.38708425469721,0.422232587624124
1.0578998470481,-1.10993670108009,1.15740810328092
0.151964315455487,0.461438194054551,0.0956630200413944
0.944924279812128,-0.527738316925758,0.762129005342233
0.716338427835006,0.287002696201499,0.827450210323353
1.23651758381391,0.462139121657127,1.20038858433381
1.04514338215865,-0.819354472218115,0.849537407365092
0.808552406003303,1.86323285396528,0.849285146669294
1.27987678225752,-0.236527349018279,1.41506056943347
1.07843642435812,0.229046928185176,1.03873557096282
1.07329102944273,0.873981825764766,1.12672399402887
1.09275738276255,-0.293705343548688,0.994679002627071
1.29406840617269,-1.80825317368684,1.33762121528337
0.558806750873112,0.0546091016689918,0.737230123646975
1.36895836985665,1.10596790424926,1.32306355549455
0.666986731388369,-0.760537098843143,0.732755534330522
1.17243801694395,-0.526692747179723,0.959461616325952
1.1651347781812,-0.759770968672886,1.07766220729533
1.30252884826052,1.63014066049333,1.30185055261378
0.510836513167171,-0.294124502912355,0.415642076058162
1.01585252387727,2.15409452240304,1.1035299815854
0.420269469796501,0.346036635247699,0.390610839683316
1.13199376073229,-0.469430920776581,1.01547007892023
0.853089229007142,-1.51695674384243,0.849133190973416
1.39604600376811,-0.527058347291366,1.28159553716325
0.864199515441007,-0.818320545787737,0.847888001109462
1.11328715299419,0.0547697794250641,1.20380068041398
1.04329147866749,0.287407883586377,1.0392083236437
0.528434701641928,-0.99202018609124,0.551179376514509
0.775950660430716,-0.0624108780142402,0.6110606734728
1.23546210849355,-1.0502227923995,1.16079107102633
0.662298167066675,1.39717887215674,0.806744986975752
1.05432008016076,0.0547395068043552,1.01964385070661
0.868503858005091,-0.993105343110511,1.03168907378975
1.23430982139174,2.38708425469721,1.31592764979165
0.84958433998202,-1.10953151369522,0.71133897585198
1.07134987759055,1.39750022766889,1.26430174316657
0.707313376412419,-0.236175720885426,0.631106745494256
1.23253090490769,-1.2839693402114,1.22579205423087
1.03969771945237,-0.00394280410899092,0.957206243786859
1.1453292054553,0.814673104469052,1.16290123981882
1.12450408365605,1.62973314444532,1.40987851677482
1.29178009332299,0.814673104469052,1.25175658434305
1.17694203380727,-0.644204074783698,0.922179800597849
1.2983092160052,-0.818641901299882,1.24556460160675
1.36549281061774,-0.586001468475437,1.24088242428472
0.264469816112019,-0.119695991048697,0.480787266347456
0.912169753146948,-0.469675430405387,1.02279663852942
0.907604472578188,0.578970479626709,0.834650393393604
1.33336188796663,-0.819354472218115,1.15891849717414
0.880780045697529,-0.29395916783002,0.703854412850431
0.832606730153166,-0.759607962253682,0.720726789572931
1.16802513929676,0.579652777924233,1.15230618763435
1.21427280800082,-1.0521532541355,1.25350636240881
1.19687694102244,-1.28405550074726,1.02850634584242
0.951535465605954,-1.10885154406082,0.78968873209166
0.994848149013945,-0.236175720885426,0.909169894878106
0.676480714877329,1.39715092819917,0.658579430442533
1.3825630723468,-0.527372716814115,1.15287659166866
0.403067982723055,0.288090181883901,0.315386955905373
1.12085170793263,-1.05138712396524,0.976789547592449
0.388932328119038,-0.236580908270303,0.423930912678918
1.00028171024754,-1.10953151369522,0.802240669405499
0.635125066504405,-1.22569454534606,0.507519320804522
1.22489336296214,0.521024026262912,1.13076794672027
0.488960454099818,-0.294823101851799,0.437291523475894
1.18031531931699,1.16459665591059,1.13920858619712
0.926109136990927,-0.528059672437903,0.76108508763133
0.910691860795828,-0.00388691619383548,0.895920723047698
1.01560860356855,-0.237007053623365,1.09358295225168
0.522925128033059,-0.935163547072976,0.603552005257284
1.41365667188657,-0.468587944722985,1.40251424371936
0.629733104083151,-1.4011499976507,0.372210615587596
1.07869093345543,-0.760728049219925,0.978394056474212
0.3298601237417,1.63024545033425,0.383953623617576
1.03621400800444,-0.178324742710019,1.13094030561252
0.331592525190134,0.17052296636477,0.281320732339662
0.723668138569244,1.27728532216926,0.661984861975817
0.158587980893015,-1.4011499976507,-0.101733835362176
1.30580154027858,1.16408667868479,1.52445329588125
0.815662777545205,0.93141830190277,1.07392365137877
1.26713393152484,1.16559798105712,1.35312583286954
1.00956429613561,-1.28405550074726,0.902828581263348
0.276254381476807,0.348940478172656,0.515364070441354
1.16510149913133,-1.57449800982135,0.978575519401084
1.38063893819058,-1.2836363413836,1.14646774208738
1.01706002394818,0.87387703592385,1.22205654138192
1.40926005559329,-0.23649707639757,1.32368299593229
1.13281855172967,1.39717887215674,1.32035303430634
0.697898052495883,0.753056678010039,0.674686193317485
1.04691662607738,-0.236527349018279,1.10901112203044
1.13045233564959,1.62981930498119,1.11128560411896
1.07109839386141,-1.63356222148826,0.849827468909554
0.958117154060121,-0.701489187818155,1.00673433144033
0.935001828556069,-0.236580908270303,1.06985627347318
1.19057396461095,1.1069692293958,1.16275978339263
0.248288256282936,-0.0625715557703125,0.119534199686515
1.36925674679243,-1.10985286920736,1.20437945677388
1.03970868641199,1.86323285396528,1.0883911572006
1.08749286397547,0.461438194054551,1.02917049466352
0.69788216931299,0.990480184906547,0.904454621335717
0.91310307922744,1.10596790424926,0.874753810514825
1.06368775452862,-1.34226509304492,1.04625899004821
0.976556394886181,0.931853761908357,1.19760602023577
0.220608784723188,-0.29395916783002,0.119634138603113
1.36034892838643,-0.758925663956158,1.16573063695629
1.33257302321626,-2.15741222502231,1.08242238416045
1.00211621787172,0.346332375465397,1.09248561291674
0.898092336880206,2.27127517984234,1.20218034895342
1.17108378651679,-0.528304182066708,1.25511671581081
1.06886869752001,-1.05064893775256,0.91940171827489
0.266871580268099,0.520767873318449,0.195395663788435
0.509252732930096,2.15409452240304,0.54331595388261
0.520694297178592,-1.51698934512627,0.368468154019587
0.320462952034185,-0.586420627839104,0.181490361276895
0.948546780024864,0.229205277278116,0.885275562750865
1.26285379190611,-1.57558549550376,1.17821694468251
1.00108872720693,1.45621281120294,1.13658922478984
0.978718776785797,-0.235076591887366,0.842947138786936
0.478462048378367,-1.22646067551632,0.662044356006956
1.29737362089858,-1.10953151369522,1.06606587420931
0.71720973386801,-0.527791876177782,0.558114823226939
0.860121697318662,1.97965902454999,1.14729421042322
0.941828571832019,0.287354324334353,0.90097216907463
0.192432396441492,0.0584094798995708,0.210088999090187
1.01931014152474,-0.00388691619383548,0.898923277596661
0.908266271865408,-0.99202018609124,0.933446432179662
0.575516237447887,-0.4692399703998,0.675948229420727
1.19057698997912,-1.10993670108009,1.33963456830761
1.34231886860539,-0.1771324671867,1.31872898481204
0.994189753265916,1.63014066049333,0.964630361398234
0.985200249919328,-0.992786316261498,1.16128758663327
0.645104243413654,-0.527791876177782,0.501957958233029
0.786231617814938,1.68844805664251,0.848890843813988
1.08849350449775,-0.819354472218115,1.00673847458833
0.709121033894086,0.228639412137166,0.954353874463306
1.18658199131044,2.09546577074172,1.14047397287797
0.996466720984977,0.873299527467243,0.981036576770075
1.1922035035416,1.63049927461558,1.24894505802057
0.861833677531948,-0.29395916783002,0.739996871115065
0.924585107775212,0.520257896092654,1.10775151809327
1.05333305379525,-1.8657951382647,0.916128053399858
1.36282973028596,0.113237853330313,1.51733141666085
1.15523539535744,-1.05176902471881,1.02531891326679
0.819783707163974,-1.40046769935318,0.530408420618351
0.7473987483249,-0.235495751251033,0.70110681016729
0.969357909496323,0.0547395068043552,0.986415608339618
1.03323212950174,0.287354324334353,0.976594257698491
0.849811242594782,-0.759691794126415,0.895372904981561
0.445485535323702,-0.818236713915004,0.389680718057973
1.21841831873597,-0.469619542490231,1.3683232168578
1.16351507169711,-0.760858454355288,1.26659308796813
0.889785810398031,-1.10985286920736,0.728738291993533
0.842296606231144,-0.527058347291366,0.682798013093319
1.41456957673191,-0.992786316261498,1.46763868943959
0.957822937005574,0.229570877389759,0.875516350635278
1.31592480034693,0.287703623804075,1.43039045224663
1.00460798673086,-0.586087629011302,1.03465715884828
1.14914948911216,-0.00394280410899092,1.06287208459679
1.26334541423376,1.86323285396528,1.2534430812457
0.495953592625126,-0.0625715557703125,0.337753384374085
1.39099666429212,-1.28432329700738,1.25952208792308
1.16067236013023,0.349704279679783,1.13574590289305
0.546602037503695,-0.585740658204711,0.431644203625093
1.12203651774227,-0.528143504310636,1.23160342562812
1.40655688913326,0.0551214075579177,1.3289375015141
1.23474396172416,-0.993792298734299,1.30659922027684
1.03587062871713,1.16459665591059,1.04347605071477
0.51264492699088,1.68836189610664,0.76498633784043
0.280491031428084,-0.759691794126415,0.362991483451919
0.607168395586067,-1.05106809711623,0.521074526394747
1.18416585665555,-0.760858454355288,1.18977310790317
0.865295076889623,1.10588407237653,0.985087244344815
1.41358103768231,0.0546091016689918,1.43846448352911
0.992354867470718,-1.05141506792282,0.999456376713855
1.19864715957301,-1.0513102780819,1.22544479262489
1.00812233003151,0.346036635247699,0.965703877403357
0.761252665518072,-0.00378212635291862,0.731927776008579
1.19604004855238,-0.294124502912355,1.10759809989452
1.29490832401092,-1.34183894769186,1.08464142979385
0.769623859244885,-0.528304182066708,0.873803999097986
1.23107192110764,1.39715092819917,1.26546052592633
1.16470782309819,0.345631447862821,1.44828195917827
0.666475822338634,-0.993470943222154,0.770372639367151
0.308935921134881,1.45612897933021,0.57038293156488
0.418580936186534,-0.295209659931625,0.576846204923288
0.903682839087627,1.27728532216926,0.839629624909151
1.40026828322058,0.461438194054551,1.34984156530628
1.38091991925939,1.86291149845314,1.4047718241985
1.21943862415136,-0.235842722057623,1.27302488182164
0.869057500380229,-1.10885154406082,0.674468247899515
1.02410043385115,-0.528059672437903,0.878273732319168
1.26620173995741,-1.8657951382647,1.09498687904745
1.35720783988377,-0.7600457509224,1.24095447360101
1.27821623330313,-0.993524502474178,1.34696418150931
0.763587493403387,-0.00429443224184446,0.840559173156491
0.174421245211509,-0.877298596918781,-0.0602190215149876
0.86856285268441,-0.70217381477881,0.952296778600478
0.972086791585801,-1.05176902471881,0.91638606846788
0.49263816728166,-0.0624108780142402,0.377782501681796
1.25533991188452,2.38676289918506,1.26175855729222
1.03698888042702,2.44571300635853,1.16853484618837
1.27710819221081,0.171263481240582,1.1326632882095
1.35301430142892,-0.586420627839104,1.22493897072229
0.112479857295803,-0.527023417344394,0.101878527749599
0.976356342415929,-0.0624108780142402,0.776752988446577
0.86364927660506,-0.295125828058892,0.779373557928825
0.868988673254359,-0.702609274784398,0.93460569039014
0.308249540731278,0.985669166876905,0.23789342737241
1.1691691066361,-0.586001468475437,0.975569142942235
1.08282736808607,-0.527377374140379,0.926888979768129
1.17523005359398,-0.527023417344394,1.26074820896437
1.36799441192343,-1.34303122321518,1.35800170762307
1.39470274030056,0.694372038433562,1.37663580816774
0.646364309256523,1.39758638820475,0.605740034938805
1.24337458077156,-1.28400194149524,1.07812643709886
1.36530637230425,-1.05138712396524,1.213931026429
1.36583203002381,2.15409452240304,1.42352396236162
1.03093587506059,1.74742610777355,1.24209194298974
1.21075733018711,-0.468587944722985,1.16233430122076
1.07913982245768,-1.10953151369522,0.858692246574877
1.35018747304493,0.578886647753976,1.58931707471739
1.07910313986861,-0.526371391667578,1.06333933367252
0.823982540013124,1.92143546027354,0.919572171703445
0.800591149663546,0.873981825764766,0.841146862730083
1.19030470684381,1.57161669867293,1.17356799765887
0.977505225978545,-0.00359350463926894,1.23440924242359
1.197740305464,-0.527458877349981,1.25595137297296
0.495790222743938,-0.294124502912355,0.333793775907354
0.762701438700554,1.98074418156926,0.872471650286219
1.07884711808721,-0.00429443224184446,1.17628038175358
0.765959760219808,-0.935163547072976,0.804868111186916
0.788788810260759,-0.294385313183081,0.587295966416374
0.4870718680196,-0.527111906543389,0.406848705232893
1.16956467352435,0.345952803374965,1.36446648466872
1.40849841915646,-1.05106809711623,1.23972957893884
1.30955413132263,-0.818236713915004,1.07426614566469
0.761801013498912,-0.120355002714906,0.574441901451768
0.641469641728237,0.694372038433562,0.649320599316167
1.00338649433216,-0.352909275003486,0.831703569996831
0.874844273347689,-1.28440247155385,0.881875060071913
0.703448846746071,0.229151718026092,0.672394340117711
1.36026081453848,-0.761238026445719,1.52373125189792
0.601293508770652,-0.00388691619383548,0.521973930883717
0.915744981982026,-1.05090276203389,0.690593479220478
0.685625268342637,0.229889904238772,0.572543828065753
0.736906393339789,-2.15741222502231,0.546091989799797
1.18848305703436,-0.70217381477881,1.32253183594251
1.07751671243439,-0.761238026445719,1.20255427057735
1.37961560740703,-0.935163547072976,1.44180490140997
1.38018702382017,-1.57526413999161,1.3759611541281
0.313116979946032,1.92135162840081,0.637193394160997
1.04476067308512,-0.00388691619383548,1.01748628602157
0.619102338504256,1.33591407383058,0.573881875879642
0.857493786891863,-0.295125828058892,0.720174936810977
1.15197972103534,-0.236580908270303,1.28740283542594
0.975741814506367,-0.818236713915004,0.75229810633285
1.13241693410509,-0.295209659931625,1.20867235115815
0.969656286432105,-0.00391486015141287,0.988863903586386
1.33274509103094,-0.236580908270303,1.46739863030093
1.13142196614813,-1.40046769935318,0.946420932608482
1.37966741683694,0.345952803374965,1.53324411510576
1.2632376354927,1.92103027288867,1.48639584202902
0.680389490553167,1.45580762381806,0.947866771368631
1.32278973889603,0.287675679846497,1.3724608832189
0.35329689461383,-0.468855740983105,0.274735209574176
1.13153050123123,-0.528143504310636,1.23587458884878
1.11939196779054,-0.760117939479476,1.12438929764028
1.03169751149743,-0.993792298734299,1.1886928866244
0.952629514370485,-0.585682441626424,0.722257976998863
1.21322829964008,-0.64354739178062,1.37545612982954
0.996413020699957,-0.818669845257459,0.859223731833586
0.488331177520426,-0.993792298734299,0.518920355759715
1.0407437404972,-1.34303122321518,1.08096322820424
1.06017946196431,-0.934842191560832,1.11562018486876
1.19217589705705,1.16491801142273,1.18586803807221
1.06742748775795,-1.51663538833029,1.13178484519396
0.855158959006548,-0.876618627284388,0.737666360431654
1.3784432772411,-1.4011499976507,1.09339499317625
0.633322325246016,-0.295209659931625,0.702341598231242
1.25654703378441,2.21264642818102,1.51958443391137
0.671909383572228,0.0584094798995708,0.642833397836599
0.763198733593523,-1.34303122321518,0.723848452076462
1.0291864559162,-0.527738316925758,0.971311849703458
1.15701431184149,2.09546577074172,1.20307515955429
0.765534317820881,1.22380058736538,0.851025669233452
1.34867630164394,1.39750022766889,1.52973726705207
1.01275076516082,-0.992786316261498,1.08859916528679
1.08764072884478,-0.761238026445719,1.20458507296315
0.931647451597412,-1.34252124598938,0.687963737978192
0.917468685496971,-0.760117939479476,0.992868485846878
1.17919404223892,2.15409452240304,1.23494689572868
1.09399967456742,0.287002696201499,1.26738220024654
1.28139249171077,-0.0624108780142402,1.18024077318102
1.35057358565765,-0.00378212635291862,1.41511611800161
0.824422731081882,1.45580762381806,1.02890797494021
0.875341190069637,-1.34268425240859,0.69930000364157
0.994627297137524,1.74742610777355,1.22370791579302
1.33264638839439,-1.05106809711623,1.2732759806605
1.21415595315525,-1.0521532541355,1.2319482180021
1.35449521914821,-0.819354472218115,1.19493164062357
1.02977299917019,-1.63356222148826,0.844304581237641
0.976206208520485,0.229046928185176,0.903637974557818
0.359162327153714,-1.22569454534606,0.292475548346689
1.1019204666079,-1.51663538833029,1.09996999516465
1.02485601955165,0.171263481240582,0.838796900209336
1.34813022268923,0.461438194054551,1.25491324944585
1.01226519356951,-1.57493346982694,0.86835550230281
1.26654247204757,-1.4011499976507,1.06869582366148
1.32968190575866,0.814673104469052,1.28730749405827
1.25289087635078,-0.235076591887366,1.11284628596297
0.588689824973796,-0.818320545787737,0.70898315325245
0.509178611409927,0.0584094798995708,0.48057229306846
1.30919638153651,-1.05054414791165,1.16530012983321
0.506434602479599,-1.22646067551632,0.675877921288243
1.18548794254591,-0.586420627839104,0.990886955530647
0.950591550736866,-1.4011499976507,0.708009279636434
0.906725224953737,-1.5756180967876,0.772310452013021
1.02181174283043,0.0547395068043552,1.04142355560409
1.22797243141732,0.462558281020793,1.03766135711136
1.33173688708824,-0.527791876177782,1.20133251965572
0.922258977823386,0.752735322497895,0.830916104178164
1.25149050905902,-0.527791876177782,1.08400872753015
0.6315653426812,-1.57558549550376,0.557574194122045
0.961412914510481,-0.236848704530424,1.02931623426458
1.35324838929109,-0.235076591887366,1.22720734288016
0.948434463231547,0.228725572673031,0.848704268991123
0.3922405682131,0.52050240572146,0.361830983761374
0.622308094251554,-0.0625715557703125,0.496623273997161
0.845630561954652,0.228639412137166,0.939747913183319
1.01397755195382,-0.178324742710019,1.13465106390721
0.508221082384074,-1.28331731453458,0.361202919773362
0.74524430801673,1.86291149845314,0.721357002012441
0.879433000519768,-1.10985286920736,0.629954854710641
1.26217005869966,1.86323285396528,1.27178182851148
1.04835405412922,-1.57526413999161,1.12372243751457
1.21685987595732,-0.818674502583722,1.12909734332507
1.05127769429465,0.0551214075579177,0.990039544483146
0.964886037169817,-0.295125828058892,0.815419641555609
1.26878578254574,-0.586420627839104,1.11892285772866
0.955429870782983,-0.993470943222154,1.00402330505713
0.891453544601828,-0.761238026445719,1.0552740691704
1.04349417833489,-0.527791876177782,0.95594635338949
0.373183017767265,-0.469109565264436,0.319884186102505
1.39102389260565,1.45689510950047,1.49894359867132
1.04083903959456,-0.760537098843143,1.13218331728071
1.23536227134394,-0.410611218738478,1.38142427412159
1.08741533891611,0.350025635191927,1.01555199235164
1.40129501754332,-0.993792298734299,1.46339355565837
1.28979658631643,-1.34303122321518,1.36982563288021
1.1669946232638,-0.1771324671867,1.14867838976937
1.11944415539147,-0.760471896275461,1.01528805497067
1.34047225950853,1.68879735611223,1.58412165361101
0.866544175772875,1.6891280262769,0.91193426600783
0.60257739938786,0.113237853330313,0.76630051290326
1.04580102156464,0.287354324334353,0.954880209387272
1.03252646237605,-0.760013149638559,0.993037504228809
0.989614262079581,-1.34194373753277,0.880599910864063
1.03339549938292,0.985669166876905,0.949031684193627
0.856661054303029,-1.10953151369522,0.60916388870008
1.33978512276288,-2.0987837062273,1.12413297799564
0.933691844138393,-0.760117939479476,0.953189035770181
1.30731384619264,-0.527058347291366,1.20145203945402
0.503114639083878,1.92143546027354,0.578347279707932
1.39414531621521,0.348940478172656,1.55922290187533
1.07947904186375,1.16459665591059,1.08724083645684
0.727016842962581,0.69886402961419,0.841866761007539
1.10213791494513,-0.295505400149324,0.999281263502211
0.235977655027564,0.288090181883901,0.20125782238261
0.984100906760499,-0.527538051896451,1.01835309353631
0.74575975511872,-0.527058347291366,0.678466722974981
1.05400808906822,-1.28432329700738,0.92090205219841
1.23920864880126,-1.34226509304492,1.07816574163477
1.27132028473029,-1.05141506792282,1.27004501894742
1.31498996158236,0.462558281020793,1.19112031100335
0.501468460628293,-0.00420827170598007,0.423522077688525
0.526462161594988,0.461438194054551,0.390787605761161
0.395763609447243,1.97998038006213,0.740242611409287
0.87114954246989,-0.0612907910479979,0.714382100669939
1.34185220556514,-0.00420827170598007,1.25172165084201
0.133331072895517,0.52050240572146,0.165644020925415
1.23585011196137,-0.469940898002376,1.32800570276953
0.787568074204103,0.171263481240582,0.667605142454821
1.17791015162171,0.872789550241448,1.384254325633
1.11898165223246,-0.469940898002376,1.23605823546267
1.1643825960199,-0.00420827170598007,1.01627810352068
0.1896872529981,-1.0502227923995,0.120814086012557
1.02378579556146,-0.469109565264436,0.924438559865278
1.41087257682798,-0.993105343110511,1.49508701108516
1.37976498496043,0.462558281020793,1.21783582215508
1.13754795852167,1.92103027288867,1.38852926134229
0.614552941118389,-0.992786316261498,0.711795770503232
1.00122033072233,1.33591407383058,0.956583802381075
0.998204794998729,-1.34303122321518,0.969772136196947
1.13844611469718,0.461438194054551,1.0080629123395
1.22632965650092,1.04435147779025,1.19426361818332
1.40974978706584,-0.818669845257459,1.25085188491642
0.0951123531440199,-0.528143504310636,0.196863169190019
0.454858504085857,1.10596790424926,0.366927389396338
1.17321894010287,0.753056678010039,1.18260856533238
0.857024476654469,-0.294385313183081,0.645032912467152
0.392205020137101,-0.00391486015141287,0.426247330527229
1.3379895667539,-1.2839693402114,1.40836943529031
0.925320650411581,-0.759691794126415,0.971301875763339
1.07487102796959,-0.644204074783698,0.912603792135332
1.11762288375304,0.287407883586377,1.03561046361523
0.454759801449306,-0.993470943222154,0.560070642138625
0.236663657260146,-0.00391486015141287,0.30112080780857
0.81323000336538,-0.120355002714906,0.65408568078259
1.29974815674113,-0.469109565264436,1.23144686048561
1.22590534861506,0.229205277278116,1.13593564799748
1.21002065303767,-1.05122411754604,0.998036031538675
0.822726255880469,-0.760206428678473,0.768065923642092
1.04347073173158,0.0547697794250641,1.16614201256494
1.01077217437754,1.62973314444532,1.28094309202597
0.61419292230614,-0.992786316261498,0.803463596369805
1.41066382642424,0.0544204799553421,1.37589252540286
1.36930704353826,-0.411312146341054,1.43055731622821
0.211677141542855,0.699185385126335,0.479119524808624
0.799829135055689,-1.51587158682316,0.580643442166015
1.26475863934025,-1.05090276203389,1.10414958493023
0.521497154256747,-0.294469145055814,0.597370983513258
1.29918203472229,0.287354324334353,1.32788218671416
1.17094159421279,-1.86688169248185,1.07145974725434
0.842778396112241,-0.295505400149324,0.652897349607459
0.891414592986637,-0.935163547072976,0.937340568932203
1.33521341328676,-0.992786316261498,1.37578704673038
1.20199283859817,-0.817989875623066,1.12346192118225
0.212017873633018,2.21264642818102,0.57213622265772
1.38361287510184,-1.86688169248185,1.30424050882229
0.65450746585751,-0.818236713915004,0.526924835329381
1.19661865021492,0.872789550241448,1.36562726944666
0.376270784155928,0.870181447534188,0.614691109425718
0.279630692354697,2.38708425469721,0.421888591023774
1.3377921614808,-1.63356222148826,1.1022478191363
1.15510643903919,1.22271543034611,1.34141277548898
1.00530798129123,0.520257896092654,1.07211619185193
1.0003289816252,1.97998038006213,1.31865589856474
1.17196076511511,0.520446517806304,1.13022489917743
1.03289669180587,-1.5756180967876,0.919523853738534
0.694626116819863,-0.760537098843143,0.774499562097947
0.965045625340792,1.33852217653784,0.973540083570653
0.729049512201903,0.287354324334353,0.650159276530804
1.15484436652145,-0.818236713915004,0.970237537924713
0.715613473987233,1.62973314444532,0.944204195130423
0.995518268063634,-1.86688169248185,0.941292202273755
0.897538316334047,-1.05054414791165,0.72641119686752
0.843693948154733,-1.0521532541355,0.886335598652848
1.34788100798621,-0.993524502474178,1.33878862388142
0.685937259435184,0.520066945715873,0.609739638923716
0.896712012652574,0.461817766144983,0.710820413334552
0.765906059934788,0.640235277952869,0.866100245537567
1.38549162873551,0.461438194054551,1.3742497278664
0.898023887925356,-0.29395916783002,0.771377788854212
1.28150216130694,-0.702609274784398,1.44438059960178
0.386769189877379,-0.0617262510535849,0.287111776045232
0.81971412369606,-0.527738316925758,0.700666474622213
0.456681288408374,-1.51663538833029,0.406067211148423
1.25498291844044,-1.34252124598938,1.02665634972153
1.32937558723143,0.93141830190277,1.53472420690957
1.31460120177249,0.117038231560892,1.33938702093459
0.912860671602807,-1.34226509304492,0.64884338774042
0.88561080232322,1.39826635783915,0.977507654349646
0.68154669387825,-2.15741222502231,0.466176567491673
1.34026653447296,-0.527216696384306,1.23992993862921
0.97770943833003,0.990480184906547,1.15242025141834
1.19704182358772,-1.10993670108009,1.18785923344575
0.783599169335883,-0.527377374140379,0.651213095880369
0.836006487634375,-1.34226509304492,0.694568672311847
0.832256921958492,-1.34303122321518,0.83491170229632
0.465100888025909,-0.236848704530424,0.509640358610856
0.759974825637204,-1.5756180967876,0.657068682821303
1.20253248864552,-0.527023417344394,1.22074163140682
1.35217665261681,-0.818674502583722,1.17246257200095
0.189764399886439,-0.527538051896451,0.231842673175431
0.792213527029372,-0.352909275003486,0.530556511847157
0.816835864053181,-0.877298596918781,0.642739667693148
1.0305822851557,0.93141830190277,1.33324777112806
1.33510298734855,-0.236580908270303,1.54632002747895
1.3548079665828,-1.34252124598938,1.16211706920766
0.687331197819582,0.520341727965387,0.601928087095371
1.21649078104057,2.44571300635853,1.38251611808825
0.831739962172417,0.228639412137166,0.86464776144991
0.48037294654884,-0.00394280410899092,0.408460216373405
0.987162957519715,-0.295505400149324,1.00171295137906
1.28010292852824,-0.877298596918781,1.07622482551754
1.3173342437432,-0.934842191560832,1.4703865534147
1.17572848300001,-1.40046769935318,1.08768583636104
0.570320545786671,-1.28508709851451,0.627014354945658
1.09308563520902,-0.527377374140379,1.04683598861597
1.02046280679756,1.27728532216926,1.04883429241243
0.399635702534017,1.16408667868479,0.608972178185806
1.3179245687074,0.640235277952869,1.49593571166116
1.0867342529068,-0.00394280410899092,1.17819935346366
0.924253073618538,-0.877298596918781,0.756849914062101
1.16352528231468,0.578970479626709,1.19008196279259
1.23894392908638,0.229570877389759,1.08541397954755
0.884527720518305,1.33920447483537,0.950969509652414
1.08396906639928,-0.527738316925758,0.98400768430404
1.25093346314469,1.39758638820475,1.26667449117091
1.16971745461694,0.699951515296592,1.17158051757344
0.491001064930586,1.16527662554498,0.588293783712091
0.611625519242745,2.38708425469721,0.695876611145281
0.856023836132191,-1.34268425240859,0.707989968283574
1.40441946652105,-0.00388691619383548,1.33926597731445
1.12214089294414,-1.57449800982135,0.972466313137621
0.54569480522367,-1.51695674384243,0.532938012903733
0.507423519700217,-1.10993670108009,0.473668736331849
0.0577426273352725,1.63082063012772,0.227063811417544
1.23524541649836,-1.57526413999161,1.28084842196359
1.04934070232371,0.461438194054551,0.99225916715539
1.05368664370014,-0.702229702693966,1.07725199171321
1.23831616519107,1.68876708349152,1.39790463555194
0.903709311059116,-1.10993670108009,0.877666581298553
0.923443409462001,1.68879735611223,1.24616495308725
1.41287953043786,0.228725572673031,1.31651109371391
0.361969490644594,-0.236175720885426,0.218520019727738
1.36502539123545,1.62973314444532,1.54699369400883
1.11194615855277,-0.00388691619383548,1.06845568947574
0.943093932069185,-1.80825317368684,0.978654688122781
1.3629318364617,-0.00359350463926894,1.43136313975268
0.815464615930059,-1.34252124598938,0.662895665841842
1.31514198633291,-0.00378212635291862,1.19710545300166
1.13766556970928,-2.0987837062273,1.00950542614787
1.07692979100938,-0.352909275003486,0.858588854119736
1.14538177122725,1.10588407237653,1.30624164564606
0.745022699798266,1.92154025011446,0.709429045942361
1.04704785142176,-0.236580908270303,1.19086623544948
1.08861830093476,-1.0513102780819,1.13592299203942
0.983385407188258,0.52050240572146,0.833795085471235
0.556022655814529,2.15452998240863,0.641780973264492
1.29207582306162,0.117038231560892,1.30596707903582
0.592997571077072,0.170942125728437,0.389549869811256
1.09734686627668,2.44539165084638,1.18936627127012
0.663465202838311,-1.86688169248185,0.557802093803155
1.26558418667968,-0.993105343110511,1.30829628280177
1.2730825616894,0.520066945715873,1.33453264213615
1.21988410961441,-0.119695991048697,1.35640486269566
0.749685170319493,-1.28331731453458,0.624031606419644
1.07456962566564,-1.34183894769186,0.955866520684167
0.781826681759195,0.229570877389759,0.656194220046693
1.09492846259566,1.16440803419694,1.2957367501742
1.36657437973857,1.10665020254679,1.32330920106471
0.464509428548644,-0.585577651785508,0.256081747340188
1.0386153939895,-0.817989875623066,0.893961242845184
1.10938556256776,-1.10885154406082,0.864008907613575
1.30468328856869,-0.527738316925758,1.19363859909334
0.90397554345809,-0.410611218738478,1.08820357793662
1.30111373229893,-0.178324742710019,1.47869193242559
1.30468291039767,0.348940478172656,1.5448749822044
0.901561677829329,0.229726897819568,0.882895148504152
0.284735244799787,-0.352909275003486,0.21811328880124
0.77761158755613,-0.528143504310636,0.821624349805802
0.0723789803714499,-0.818669845257459,-0.112891912256398
0.588059035710319,-0.585682441626424,0.540313105094176
0.286619670998771,-1.10985286920736,0.0935316444996395
0.991934719466088,0.287703623804075,1.09667838076672
0.267841967108676,1.1069692293958,0.317679533950126
1.28346108719711,0.0550352470220533,1.44040956567456
1.21662843529231,1.63024545033425,1.30543289665824
1.20949234812096,1.10628925976141,1.21721831417967
0.484810783483432,-0.469430920776581,0.301861375608012
0.969787889947506,-0.527216696384306,0.897088986907908
0.67701128882017,-0.23649707639757,0.50198048379746
1.28486523619908,-0.759691794126415,1.42914339856096
1.2497796633588,-0.411312146341054,1.48267359741249
1.11036994173612,-0.235076591887366,1.00139881894094
1.04263383926151,-0.23668569811122,1.10737435846235
1.19149367653468,-0.992760700967052,1.11677265772486
0.510318418868032,-1.0521532541355,0.561547365060663
1.01768551881736,-0.295505400149324,0.935371202649567
1.3430498731895,0.461438194054551,1.29663854747529
0.908462920796469,-0.527738316925758,0.859759108100407
0.603554215135798,0.228883921765972,0.48862027477693
1.15946712908544,-0.178219952869102,1.24353745776615
1.12241052888231,-1.4011499976507,0.915142418441902
0.521120874090584,-0.00420827170598007,0.386967715740048
1.02535596164177,0.578565292241832,1.13366190631248
0.418282937421774,0.287407883586377,0.359976168153546
1.23150908680823,1.39826635783915,1.2550311003618
0.623827585415013,0.0584094798995708,0.634090380857117
1.03019579437197,-0.701908347181821,1.1368714077636
1.40674370561777,0.462558281020793,1.30492952293786
0.964786956362244,0.0547697794250641,1.19515637917519
1.02046923570493,-0.00388691619383548,1.04944114415993
1.27717096860034,1.10596790424926,1.19729765818603
0.539614571543706,0.872789550241448,0.757726570133416
0.864280444039558,0.812065001761792,0.80030449315208
1.20335917049802,1.39750022766889,1.3661531723923
0.242859611272619,1.22271543034611,0.481554681782555
0.602696145088539,-0.877298596918781,0.367515960773132
0.674315685780564,-0.644204074783698,0.570201004627397
1.28613740351463,-1.2836363413836,1.12653926152033
0.292385644560061,-0.701908347181821,0.456753820727286
0.674654905186642,0.407566901170847,0.88510456385816
0.821163653220585,-0.236876648488002,0.819108326398765
0.808347437309775,-0.469109565264436,0.768178559243519
0.377142090188932,-0.993792298734299,0.425311047261965
0.423359127040269,0.811552695872866,0.587704213843035
0.236396290348109,-0.701489187818155,0.33356683765257
1.07053340635563,-0.759607962253682,0.845457888763714
1.29105929935645,-0.818320545787737,1.34302210340008
0.842043609817915,-1.28400194149524,0.819916172533594
0.971088041918629,-0.469940898002376,1.01748755999153
1.33901630107664,1.63014066049333,1.34369698532658
1.33256470345379,0.229405542307424,1.32373752953442
0.962027820591065,-0.0624108780142402,0.856346672935562
0.419655698228981,-0.236527349018279,0.539074728498457
1.23266780281739,-0.00350734410340389,1.10561209054884
0.566616738804361,-1.57526413999161,0.577657103735422
0.911465220534324,-0.236876648488002,0.923896967961247
1.2260127491851,0.17052296636477,1.13542262432072
1.0566322177848,-0.237007053623365,1.20293998694833
1.3990702374252,0.287268163798488,1.52965934255606
1.3366739097709,-1.10993670108009,1.24470073877474
0.759158354402284,-0.818832851676663,0.657707662956384
0.545574925009928,-1.63356222148826,0.39087621760216
1.21254116289443,-1.86688169248185,1.21995862860146
1.09195301300032,-0.00359350463926894,1.15785891475787
1.01210409271445,-0.178056946449899,1.16611367588537
1.27189056663036,-0.469940898002376,1.27555210417512
0.848334862927747,1.45612897933021,1.12260821762004
1.06841980851776,-0.295505400149324,0.941383990802784
1.13538179491184,0.98599052238905,1.08054858942037
0.790303385200942,-1.51663538833029,0.833852416407543
1.13775973429358,-0.469940898002376,1.20732952321128
1.23388513533486,-1.34268425240859,1.05222846459553
0.828002876140236,1.16451282403785,1.05304071791596
1.12097158814638,-0.70217381477881,1.20647300446832
1.24669983856158,-1.0521532541355,1.24229441315046
1.26563939964878,-0.295209659931625,1.34336191749847
1.02865436928927,0.640235277952869,1.22107440846855
0.598829724567084,-0.236876648488002,0.524624234111014
0.54920498864309,-0.294280523342164,0.47596168778159
1.09242723946099,2.21264642818102,1.32945827242917
0.870656785629176,1.92135162840081,1.18006814430232
0.593560667727741,0.753000790094884,0.535021048973181
0.723708602868519,0.578886647753976,0.934834072843631
0.220270321659152,1.33920447483537,0.295896478475031
1.2558338032383,-0.527791876177782,1.08706715097015
0.80302694921154,-1.0521532541355,0.852825986474679
1.27507287577434,0.346036635247699,1.21915896854733
0.839910725257957,-0.760858454355288,0.816211664654035
0.340012881149711,-0.586420627839104,0.192389854758736
0.911192181056968,-1.40046769935318,0.76290550101654
0.844713875399096,-0.00429443224184446,1.04185729341249
1.06426446533606,0.287703623804075,1.14838403955879
0.496579087494305,-0.352909275003486,0.330964467087487
0.897658952889832,-1.8657951382647,0.734414682520965
1.14219038597876,0.229889904238772,1.03411722713212
0.558034525647681,-1.80716661946969,0.36008020445773
0.969117392726796,-1.4011499976507,0.777972623864211
0.484869021820708,1.98006421193487,0.582392955278967
1.10185390850816,1.45570283397715,1.37470804725469
0.903409799610271,-0.410611218738478,0.943544514813877
1.37977481740698,-0.469619542490231,1.45903832506356
1.12897557781154,-0.528143504310636,1.18414059337714
1.17094424140994,-0.294790500567959,1.32483536125142
0.931680352476263,2.21315873406995,0.984998757887354
1.40705607488134,0.753000790094884,1.37470302687953
1.22639092020637,1.10596790424926,1.20063005335087
0.869012498028699,0.753436250100471,0.796751526379036
0.562664851632099,-0.702609274784398,0.678568548135898
0.962409773322547,-1.05176902471881,0.797599939122029
0.789741801234357,-0.527377374140379,0.665973648198552
0.844167040102341,0.461438194054551,0.757382698001395
1.26179113133635,0.287354324334353,1.21821009842223
0.386999496029331,-1.05173409477183,0.355937406981262
1.18264560915005,0.637247603155177,1.31645744145738
0.587929323050023,1.45612897933021,0.850057999814543
0.956248989215052,-1.5756180967876,0.786905210228134
0.854145082498526,-1.4011499976507,0.640890266915263
1.11455402591544,-0.00317434527560217,1.15193311532372
0.969637756052062,-0.527791876177782,0.828813592018359
1.30241426244107,-0.527023417344394,1.30960233813651
0.799520547502333,0.0558013771923105,0.783854538144879
0.992902080938494,1.16440803419694,1.20116461645511
0.833469338252681,-0.411312146341054,0.935290009487096
1.05288416479301,1.62973314444532,1.29027392304737
0.784883438124113,-0.0618892574727888,0.735164382726489
1.11853314140123,-0.817554415617479,0.952304127723175
1.02147252342435,-0.528143504310636,1.12075252524265
1.27839699905129,-0.294280523342164,1.09052280822006
1.29905837279833,0.287675679846497,1.25723836085786
1.23585918806588,-1.05173409477183,1.35366998232318
0.832240660604578,1.9218616056266,0.960027876754663
1.10248205057449,-1.05173409477183,1.11608616043214
1.40406209490595,-0.993470943222154,1.53429701375577
0.379243586554124,-0.236175720885426,0.277470902651631
0.508893092288869,-0.352587919491341,0.343792033110801
0.826315098872312,-1.57558549550376,0.776317638041144
1.22749328873337,-1.80825317368684,1.30047797627853
0.606720641096885,1.16517183570406,0.612113221598028
1.18661035413703,0.228883921765972,1.12006023102052
0.977166384743487,-0.70217381477881,1.10132121099565
0.635961580803453,1.39715092819917,0.719763511323474
1.07068316208006,1.16440803419694,1.22368769609591
0.907707713266994,0.287407883586377,0.756714820621657
0.812467988757523,-0.235495751251033,0.823033272723719
1.36689620327767,0.87387703592385,1.44844005683709
1.37877342054266,2.44539165084638,1.49148562796231
1.05968783963666,1.10596790424926,1.02876069687399
1.37188276636412,-1.10885154406082,1.1893689029516
0.415253409370388,-0.760858454355288,0.372665191773914
0.917925894261685,1.45621281120294,0.986114833366727
1.06115741222531,0.228883921765972,0.905987999770334
1.27132860449275,-0.294469145055814,1.37005471729848
1.26030491922276,-0.993470943222154,1.27212666390024
1.00882421544699,0.345631447862821,1.20770232828108
1.0537411003272,0.694372038433562,0.895541955395782
1.21205899484231,0.752735322497895,1.29285698820845
0.849020108818287,0.462139121657127,0.806272788453502
1.20115367710198,0.873555680411706,1.20355782622915
1.15735504393166,0.578886647753976,1.40748724312395
1.08011890723174,-0.468750951142188,0.957644350799711
1.29162844674346,-1.34226509304492,1.06954214011985
1.05544702980415,0.287002696201499,1.11240795426648
0.364363691380249,0.0558013771923105,0.270946916662224
0.427410473191125,0.98599052238905,0.353684590161364
1.16699159789563,0.462558281020793,0.985617213560965
0.497216305665143,-1.05090276203389,0.31855332175861
1.33425134620865,2.44539165084638,1.44434207619616
0.83994438247885,-0.527738316925758,0.738671822919955
0.647018545123318,0.814673104469052,0.63015691668846
1.34784054368694,-0.295209659931625,1.36601899278735
1.17837416746481,-1.51698934512627,1.09223158175048
0.594518953095637,-1.4011499976507,0.37732682175426
1.11383777000116,0.407566901170847,1.30593331242537
1.38882671897208,-0.00388691619383548,1.4293337060609
1.40057119820861,-0.177814765484224,1.30482669836947
0.737731184337177,-1.05141506792282,0.797573636035314
0.840145191291144,-0.586420627839104,0.681597811666459
1.05711362949488,0.0558013771923105,0.929145750745514
0.971139473177522,-1.86688169248185,0.909513202326603
0.434128303212949,-0.818674502583722,0.363920978159573
1.06997484775722,-0.00326050581146655,1.00737859186973
0.780699732115813,1.16459665591059,0.71937897557121
0.625317201067792,-0.178056946449899,0.802017995563817
0.872404692089482,0.640556633465013,1.14748635657664
0.882924275388124,1.10588407237653,1.03551658383522
0.979739838543224,0.699185385126335,1.1824613362298
1.35576133572742,0.873299527467243,1.27556290500594
0.318233633863803,1.9218616056266,0.436310242163849
1.23318627528755,1.22303445719513,1.50643494245121
1.22277220170385,1.45580762381806,1.45542892974959
1.16501149442827,-0.00359350463926894,1.28119994157621
0.720450281349265,-0.818832851676663,0.621851646129757
0.402374038899026,0.931853761908357,0.589247784952555
1.22109047517226,-0.585577651785508,1.04837574651009
1.08373611305018,0.287675679846497,1.03383161944888
1.10657461736666,-0.528304182066708,1.16554516862027
0.782030137768638,2.09546577074172,0.858289821245856
1.17867859513693,-1.80825317368684,1.16272305196488
0.438274192119122,0.520341727965387,0.452180636020027
1.05823036852069,-1.4011499976507,0.73990078247981
0.799362850186464,-0.7600457509224,0.694388179963384
1.23164485020486,-0.0624108780142402,1.08290634493984
0.560672646692054,-0.760117939479476,0.656782536537975
1.08915379110088,1.86323285396528,1.17289519462802
1.40247642381377,-1.22646067551632,1.50266956452482
0.540625422683558,-0.469675430405387,0.668582019784497
1.22241067020751,-0.527738316925758,1.09784960852903
0.879442076624279,-0.235842722057623,1.03267439071282
0.515625670980523,-0.7600457509224,0.430154874623848
1.03670147045086,-0.00378212635291862,0.980385126006616
0.676056028820444,1.33852217653784,0.674367571782627
0.602961999316491,0.93141830190277,0.820693413645066
1.13348829260834,-0.527372716814115,1.03084781843331
0.816777247544884,-0.819354472218115,0.674379239315716
0.660309365665821,-0.236441188482414,0.60905452862918
0.638886355481948,-0.294385313183081,0.460736814139047
0.851753907131041,-1.5756180967876,0.670049578725767
1.39613676481321,0.694372038433562,1.34054984388142
1.20115859332525,-1.34252124598938,1.0177153882864
1.24230019690014,-1.57558549550376,1.26563604640567
0.608866005300544,0.461438194054551,0.542032267611681
1.30974094780714,-1.0521532541355,1.28006290233538
1.12767656035348,0.582258551968362,1.15931888982551
1.26354962658525,0.699185385126335,1.42934735547758
0.493054533576077,0.811364074159216,0.444678470359525
0.801100924200217,0.229889904238772,0.68978417881965
0.836598703453682,-0.586087629011302,0.868225007784103
1.09647972012491,0.228725572673031,1.09709995454152
1.22357732780813,-0.00388691619383548,1.15996369205823
0.65898311989423,-0.760858454355288,0.684649566898745
1.10456577290168,1.39750022766889,1.34641367684919
0.946400659479162,-0.992786316261498,1.10214550159332
1.22704780327031,-1.05141506792282,1.31675287390179
0.761972324971547,-0.23649707639757,0.630643407103616
0.571877475881236,0.461438194054551,0.533864730411782
0.555439516099732,-0.469940898002376,0.647971491667505
1.28842231282514,-0.295125828058892,1.08819092792742
0.639011908261009,-1.5756180967876,0.516968091974694
1.32272582799344,0.287834028939438,1.28559650389333
0.945126601308507,-0.761238026445719,1.00268768895171
1.21583994871296,-0.818832851676663,1.1229409988002
0.925568730601533,1.57161669867293,0.903641054233768
1.34276170687129,-0.0617262510535849,1.21377449835242
0.381482359000037,-0.0624108780142402,0.250153535874548
1.27454381451558,-0.644204074783698,1.05564876185733
1.14502137424399,-0.236196678853609,1.11162059323916
0.406782000322939,0.814673104469052,0.441533351524716
1.33521870768106,0.0547395068043552,1.26964444142397
1.12595852940385,1.39750022766889,1.2929966439623
0.920562880792994,-0.468396994346203,1.04993902525766
0.938106234469667,-1.4011499976507,0.703822355849097
0.987423139182348,1.33591407383058,0.93921281925826
1.28859362429777,0.229570877389759,1.19480025148875
1.16179855343157,-0.469514752649314,1.32097109277955
0.555928113059212,2.44539165084638,0.586543397948019
1.38711814229799,0.814673104469052,1.41855072546048
1.24972180319254,-0.294469145055814,1.32147957061665
1.21547652636152,1.16408667868479,1.40677954182759
0.803325704318343,0.349704279679783,0.804587775103519
1.02546109318568,2.44571300635853,1.13818534441466
1.35113970767649,-0.177898597356958,1.64568908093102
0.763852969460318,-0.759770968672886,0.624391892812633
0.98594562500225,-0.527372716814115,0.803291689132856
1.07693168186449,-0.993105343110511,1.12172805584331
0.466746688310472,-1.0521532541355,0.574589107216538
1.27244345266346,-1.40046769935318,1.11947408265771
0.705776867553003,1.10665020254679,0.779414487417082
1.19835445520254,-0.992704813051896,1.0513871657667
1.05117256275074,-1.86611602804422,0.787978171159419
0.941517337081514,1.04429791853823,0.90768382722166
0.404550791297451,-0.819354472218115,0.300444965828548
1.10986697427783,0.753000790094884,1.14814316863036
0.99081798044028,0.348940478172656,1.12429498496674
0.308555102916463,-1.57558549550376,0.311481919021908
0.245505295737417,-0.993470943222154,0.423090792638386
0.519287500979471,-1.34194373753277,0.38204036875618
0.94402196375538,-1.86611602804422,0.671236662014372
0.383069164605282,0.0546091016689918,0.531482145290967
1.15550616580867,-1.34252124598938,0.869261494461165
1.27285036468234,-0.469940898002376,1.4638285537086
1.21508058130225,-1.57449800982135,1.0177731598955
0.737047072959702,-0.528059672437903,0.552043910651812
0.878884274367907,0.461438194054551,0.850259767095287
1.2316811546229,0.582258551968362,1.23818016468189
1.08712679442688,0.640556633465013,1.31184233517607
1.28332948368171,-0.527377374140379,1.11062385680445
0.699490530666447,-0.992786316261498,0.803989663595342
1.39296428811579,2.09546577074172,1.43968510691411
1.36729063565285,1.27728532216926,1.34038284078818
0.778772950762447,0.346036635247699,0.759896130453718
1.2672114565842,-0.818641901299882,1.26233135779948
0.861227469384853,-0.120355002714906,0.765272034756479
1.32191918920507,-0.00378212635291862,1.20955121516951
1.31428240360156,-0.295125828058892,1.1099143049569
0.700991869620885,1.39715092819917,0.740731029253136
1.33012776939274,0.640235277952869,1.52806684898655
0.965998238143369,0.521187032682116,0.890347578084474
1.08174352993911,0.752735322497895,0.954405897649044
1.1007398166795,0.461817766144983,0.934261992147698
1.24085785262502,-1.2839693402114,1.25179924220219
0.606695681809481,-0.935163547072976,0.702196934457542
0.432331990861921,-0.294804472546747,0.326722293547529
0.927693673570044,1.62973314444532,1.14241910535987
1.2278654090183,-1.28508709851451,1.24901058144403
1.0719908774716,-0.644204074783698,0.906162871366985
0.871634735890178,1.16459665591059,0.879081592182121
0.204646942257462,-0.00388691619383548,0.184722036394848
0.12640978686425,0.348940478172656,0.327534610932537
1.26412217751145,1.62973314444532,1.45691813382491
0.436990301501914,-0.527058347291366,0.396719937494594
1.2158388141999,0.694372038433562,1.12618996632149
0.406176926688908,0.811685429671361,0.356905543614012
1.10409910986144,0.346036635247699,1.021523586979
1.12684571861975,-0.120355002714906,1.02862852569366
0.981766078875184,0.579131157382781,0.966606295673278
1.06025282714243,0.520767873318449,1.09479806104903
0.306843879045221,-0.585740658204711,0.254339358666293
1.40932888271916,-1.10953151369522,1.15712594867862
1.39518642103676,0.753056678010039,1.39009917077404
1.3159028664277,-0.4692399703998,1.3812719427327
1.24323390115165,-0.469619542490231,1.34080446764506
0.447977304182844,1.57161669867293,0.477153806088691
0.980794179350522,0.461438194054551,0.932713960770498
0.993628547470352,-1.28405550074726,0.8781054149868
1.16462008742126,0.346332375465397,1.29769949355193
1.38381141488801,0.814673104469052,1.36609316721732
1.41319832860879,-0.760858454355288,1.42677312527988
0.85695338050247,0.814673104469052,0.82513316098131
0.717330370423795,0.05545440638572,0.773665584020357
1.16932756029401,1.39715092819917,1.24644686195612
0.445535832069531,-1.05138712396524,0.217058393624311
0.809943319019531,-0.586420627839104,0.607453185452947
1.3989813672352,1.33852217653784,1.37515172742853
1.072300221367,-0.818674502583722,0.951008489289374
1.20581160957095,0.462558281020793,1.13505113532047
1.19307405323256,1.04435147779025,1.11061200989054
0.546883396743519,-0.701908347181821,0.638170208798904
1.09333522808305,0.521187032682116,0.977154194495412
0.608827053685353,-1.34183894769186,0.371248564174873
0.380700679499074,0.229046928185176,0.358611677683676
1.20221066510642,1.22303445719513,1.53240332787838
1.04852763462799,0.229046928185176,1.05444989343137
0.997853095948949,1.57161669867293,0.958749872554502
0.380551301945672,1.16491801142273,0.385127900396356
0.557259275054079,-0.993792298734299,0.566531851244699
0.686744654565594,0.87387703592385,0.679891293209306
1.17788103245308,-1.2839693402114,1.08419004356609
0.407109874598379,-0.235761218848022,0.287802203242422
1.13264761842806,-0.4692399703998,1.29320813212806
1.1266706254369,0.811364074159216,1.11732479831983
0.596615155066532,1.16517183570406,0.607510969874971
1.26198967112251,1.16408667868479,1.47201245483301
1.08742252416551,-1.34252124598938,0.925368927224052
1.24045169694818,2.38676289918506,1.39995052377386
1.13311617232341,-1.4011499976507,0.893665954088483
1.26981024784236,-0.177293144942772,1.22586300575479
0.645724065717514,1.9218616056266,0.751150979208467
0.529268946914848,-1.05173409477183,0.500659480823063
0.722817253771388,-0.993792298734299,0.727679402389952
0.478378850753688,-1.0521532541355,0.4629498706493
0.64023075346256,-1.10885154406082,0.480702924868413
0.558743974483582,-1.34303122321518,0.649830044986054
0.570274408922076,-0.294280523342164,0.394431025316711
0.96906785232301,0.407566901170847,1.2046008900507
0.508926371338741,-2.0987837062273,0.314436211433667
1.32498842521369,0.699185385126335,1.54577495229211
1.1442465018214,-0.352909275003486,0.906266231332231
0.638615206859698,-0.818320545787737,0.77640842029864
1.20194897075971,-2.0987837062273,0.927895775714933
1.20339207137687,0.229726897819568,1.20857683407048
0.999284851435474,-0.411312146341054,1.11280796024234
0.675388935138925,1.16491801142273,0.732578430540812
1.04883962572053,-0.527023417344394,1.127348214142
1.14026057925723,-0.818674502583722,1.02014298655493
0.833753722860675,0.873555680411706,0.859959169432869
0.173603639463525,0.520257896092654,0.311091216138474
0.961483254320437,1.92103027288867,1.22146542435323
1.18716286199911,-0.701489187818155,1.32018490184605
1.00866046739478,0.462139121657127,0.847713939014557
1.13228873412888,0.408654386853249,1.28517090549
1.03890809835996,-0.760537098843143,1.14033312323489
1.27747804346961,-0.295505400149324,1.23979308341278
1.26086915038649,-0.759770968672886,1.10148236956865
1.2573843044255,0.873299527467243,1.24156446634341
0.587935373786364,0.229205277278116,0.585915649249269
1.13465721923508,0.0584094798995708,1.04496052453595
0.953548091781148,-1.28400194149524,0.835720526331224
1.28859248978471,-1.57558549550376,1.27318886930352
0.905347926094275,1.16451282403785,1.11922517528515
0.89161237643076,-1.22646067551632,0.91794308444502
0.489724737733803,2.44571300635853,0.595396544230982
1.0125654613604,-0.527111906543389,0.88619059670968
0.971801272464743,0.87387703592385,1.02756196801729
1.40846740913271,-0.876618627284388,1.27945244329435
0.916138658015167,0.229726897819568,0.880738216685661
1.176226156064,-2.15741222502231,0.913903954443789
1.19503071009661,-1.2836363413836,1.11637691250126
1.34323631150299,-1.05141506792282,1.39942316839263
1.12410738225474,-1.51695674384243,1.13866308635362
1.02668258558438,-0.760858454355288,1.08972679206779
0.914475461863626,-0.761238026445719,0.984299873707812
1.2488694057106,-0.41099311949204,1.42242589269046
1.23888228720991,-0.236876648488002,1.17267332205121
0.617840003635259,-1.28432329700738,0.468359093110441
1.20178371002341,0.170942125728437,1.04430993589872
0.799712658381138,1.68836189610664,1.13002027690438
0.917261825948336,-0.992786316261498,0.952392441206267
0.842322700031611,-0.818669845257459,0.695358794065018
0.583587541554833,-0.00388691619383548,0.526923669811603
0.443418830692467,0.0547697794250641,0.530690934897517
1.04217209244454,0.229151718026092,0.94855225552576
0.524074767937717,1.16451282403785,0.729139106555936
1.36873260175695,-0.00429443224184446,1.42802169638092
1.0920789439504,-1.34268425240859,0.913714042771441
1.2725224904069,-1.4011499976507,1.04728756108863
0.566468117593003,-1.05176902471881,0.52131224397296
1.29544343600602,-1.8657951382647,1.12906484931177
1.40237431763803,-1.5756180967876,1.24326227842395
1.15459250462128,-1.51695674384243,1.1015596053704
1.31164428255719,0.753436250100471,1.20019107917815
1.25145798635119,1.92103027288867,1.44290019845756
0.802610961088144,-0.469430920776581,0.695556472195051
1.04355355118523,0.640235277952869,1.17105820361716
1.0554319029633,-1.86688169248185,1.04768339874827
0.618906067744217,0.873299527467243,0.582742490262381
0.782653363611689,-0.819354472218115,0.690583822400037
0.850588005872469,-1.10985286920736,0.605019382072101
0.88840586434142,1.63024545033425,0.952083082494673
0.497908736805087,-0.295505400149324,0.37606235073932
0.996701565189185,0.582258551968362,0.962333201820702
0.0657488860265603,0.582258551968362,0.177510171148174
1.26721183475522,0.345631447862821,1.4408006552335
0.931332056965674,-0.993792298734299,0.966234883092913
1.25591359732378,1.16451282403785,1.49850833109224
0.423669605448731,0.229151718026092,0.284158846378641
0.986936054906953,-1.05141506792282,0.941904008043815
1.213066820614,-0.877298596918781,1.06420906436258
0.979297000277317,0.228725572673031,0.88797391807506
1.30477215875869,0.0550352470220533,1.4946924597508
1.27993539876582,-0.00359350463926894,1.42675815659044
0.793159332753566,0.462558281020793,0.745310704160097
0.385770440210207,-0.178378301962043,0.454116653942409
0.747037594999588,0.873555680411706,0.757613502096064
1.37370744154174,-0.993105343110511,1.47543253381763
0.380974853489494,1.62973314444532,0.720301909608122
1.34992350967209,1.04435147779025,1.32580718434322
0.519355193592278,0.228639412137166,0.66411466930814
1.21213273819146,0.287324051713644,1.32574881876392
0.777958370382634,-0.818674502583722,0.630139017959619
1.13547028693081,-1.34252124598938,0.878486334293443
1.06972638939625,0.582258551968362,1.14529218401697
1.28399506467914,2.44539165084638,1.43163334310732
1.39091951740378,-1.22537318983392,1.30025310044566
0.780074615417656,-0.00429443224184446,0.924673131414939
0.960526859807648,-0.586420627839104,0.813766778558207
1.41071487951211,0.113398531086386,1.59317872477829
1.35825234824452,1.39715092819917,1.36363618161009
0.881379068595219,-1.34268425240859,0.707225705741088
1.10198210848437,1.57161669867293,1.12147749743496
1.28909129736176,-0.352587919491341,1.17494318554102
1.2049520268396,1.33852217653784,1.19725972417456
1.04649231819152,-1.05176902471881,0.977239469944532
1.17621027288111,-0.00429443224184446,1.32076783050603
1.28682340574721,-0.410611218738478,1.29968842698815
0.762237801028478,-1.0521532541355,0.870564805543799
1.09901838219069,-0.993524502474178,1.08812853726199
1.24438089385916,-0.295505400149324,1.1632723668542
1.30526302474429,-0.4692399703998,1.32256600707503
0.639337513510322,2.73700780613874,0.685116909325723
0.912608053360599,1.39717887215674,1.13052363964226
0.45595898175775,1.16440803419694,0.800995438814776
0.759787252810654,1.16491801142273,0.765888333741717
0.681775109175096,-0.585577651785508,0.629204312055871
1.04104816816933,-0.586087629011302,1.07243403820535
0.746358399845389,-1.57493346982694,0.542762002090405
0.193794568460103,-1.34303122321518,0.170232531253361
0.868098836841313,-0.585577651785508,0.764072331660542
1.07633001176965,-1.05106809711623,1.02517066141892
1.11543365171091,1.63024545033425,1.10471383052786
0.484138017236595,0.520066945715873,0.485786653495526
0.692216789243357,-0.410611218738478,0.785891278859774
0.314304815123839,-0.819354472218115,0.128506459415295
0.313734155052744,-0.818669845257459,0.214117023953833
1.15240062538201,-0.760471896275461,0.976864656907706
0.967088127026666,-0.23649707639757,0.864165274155884
0.930285279578801,-0.235842722057623,1.08385428384049
0.797780582633474,-1.05106809711623,0.71606494634905
0.407613220227688,-0.527372716814115,0.238554009169137
1.36223108555929,-0.758925663956158,1.3128631946713
0.769857568936029,1.92154025011446,0.943354499265386
0.983718197686975,-1.05122411754604,0.857931166669276
0.892386870682319,0.229205277278116,0.842180773553368
0.114242134254917,2.21264642818102,0.488695961588628
1.33831630651628,1.16451282403785,1.61230055126934
0.967257547644195,1.22303445719513,1.27367073059506
0.60236562361595,-0.528143504310636,0.68726701460546
0.840243515756674,1.39750022766889,1.06847958556461
0.766061110053508,-0.527058347291366,0.725073267115503
0.476125329637945,0.461438194054551,0.366328273447045
1.30754831222582,0.461438194054551,1.19489787355552
1.04242584519981,-1.8657951382647,0.918378787663256
0.0846615969712486,1.57161669867293,0.0560598804908563
1.21937584776183,0.461438194054551,1.16918516346634
1.33274546920196,-0.935163547072976,1.39989136791219
0.240243045976458,0.0546091016689918,0.366969316004044
0.838498256493517,0.346036635247699,0.784021050228864
0.970415653842813,-0.760858454355288,0.980259035012674
1.01805612641821,0.932505787585172,1.23586885598395
0.531142027983193,0.462558281020793,0.378270931423353
0.480578293413389,1.68944938178905,0.663292921159143
1.02482463135688,1.16559798105712,1.02833407206454
0.681693802405524,1.16408667868479,0.818113526544833
0.813803688804646,-1.0513102780819,0.864948999518204
0.29924793591201,0.461817766144983,0.209525382240668
0.586060780033933,0.0550352470220533,0.691935251932171
0.683446246918085,-0.528143504310636,0.800275857199394
1.37771302899902,-0.236848704530424,1.44860066720032
1.36149781194905,0.87387703592385,1.41008055449962
1.35354109366155,-0.644204074783698,1.13730582053812
0.72805340973188,-0.934842191560832,0.810270502075657
1.08792397893971,1.10588407237653,1.20973723491853
0.674556580721112,0.228639412137166,0.760876222452569
1.00544298834582,-0.935163547072976,1.02880931548483
1.21749369058897,2.09546577074172,1.30380084641292
1.01046661219236,0.873299527467243,0.974301444902808
0.730274408139793,-1.51698934512627,0.567845894975137
0.844811065351562,1.16559798105712,0.923565105650222
0.144305974103767,0.752735322497895,0.137142677534321
0.349393791503312,1.63014066049333,0.467134889888153
0.801544518808166,0.753000790094884,0.857342760945185
1.256895329295,-1.34268425240859,1.02494780407798
0.442643201927844,0.17052296636477,0.367061821598781
0.555871387406022,0.753056678010039,0.487415730686659
0.898970828162614,-0.527216696384306,0.852964729308243
0.497173950510761,-1.63356222148826,0.330406599576546
0.977196638425189,-0.760471896275461,0.870666990381581
1.22179954583714,2.67837905447742,1.31450441759186
1.08046531188722,-0.00394280410899092,1.11365655968783
1.01335356976873,-0.00378212635291862,0.962068605489751
1.15249554630835,-0.00378212635291862,1.09194005495752
1.04032661786074,-0.00420827170598007,0.97577375423279
0.672069349914225,-0.528059672437903,0.58942641210649
1.08505063552011,-1.51698934512627,0.900097415263779
1.12660558002124,-1.10953151369522,0.932321644832424
1.01607035038552,0.287324051713644,1.12749576768593
1.12955191044795,0.753436250100471,1.02656638474505
1.26062674276186,-0.469619542490231,1.41564585155162
0.774435329148491,-0.527791876177782,0.678928932456176
0.608616412426506,-0.585682441626424,0.474446307833519
1.11501577273241,-0.00320694655944267,1.04596816430481
1.01683349950644,-0.818236713915004,0.835964594539871
1.28585793512991,-0.702229702693966,1.44806566433848
0.52390005292589,0.814673104469052,0.419372342475493
1.40987458350285,-0.644204074783698,1.1888049909474
1.40207820972837,0.229205277278116,1.23931337652159
0.936319754565192,0.229151718026092,0.908699284242267
0.829674392054245,-1.22646067551632,0.950332254227385
0.873632613395543,-0.993792298734299,0.935780004234856
1.37325136729009,-0.993792298734299,1.400806511696
1.10521017632192,-0.761238026445719,1.24712223260387
1.32225651775604,1.57161669867293,1.37399491236662
1.0595569924633,-0.236876648488002,0.992789969668702
0.821258195975902,1.63014066049333,0.873468076007707
0.861729680501098,0.52050240572146,0.811864698390228
1.30368907695377,0.287002696201499,1.35500791802405
0.982472880513935,-0.761238026445719,1.0642487111864
1.2719979672004,-0.760728049219925,1.16758191070798
0.761608902620107,-0.00350734410340389,0.629415764070909
1.37057580731461,0.811364074159216,1.34720734915298
0.744835126971717,-0.352587919491341,0.607731390473805
0.395323796549507,0.117038231560892,0.419519823717963
0.160420597662085,1.45570283397715,0.366915915887409
1.37598403108978,0.17052296636477,1.23921350349999
1.08731966164773,-0.295209659931625,1.27092050126408
1.16614487297901,-0.761238026445719,1.28778121411433
1.17404675646843,0.17052296636477,1.09648569280997
0.328369751746879,-0.120355002714906,0.166290036724348
1.29392394484256,0.0584094798995708,1.19334151515555
1.08169777124554,1.10628925976141,1.03447258100994
1.11429649144996,1.39750022766889,1.29187916363818
0.676479958535287,2.38676289918506,0.690575454650495
1.21226131633869,-1.10953151369522,1.0304192465182
0.907531107400061,-0.528059672437903,0.727077563238345
1.17615090003077,-0.00378212635291862,1.14298407534487
0.695214929099979,1.57161669867293,0.698338013547803
0.88310768833344,-0.760537098843143,0.901110678072472
1.09240341468665,-0.295209659931625,1.12373720028215
1.18474294563401,-1.10985286920736,0.920078430618011
0.643559036620749,0.461438194054551,0.536894002636822
1.22475192700019,0.287512673427293,1.11396410994781
1.3898103417984,-0.469514752649314,1.49394584333966
1.03089881430051,-0.00394280410899092,0.956714689524145
0.688640425895216,1.39758638820475,0.826952310463849
0.796829860686004,-0.527058347291366,0.777500559877582
0.0980571708866424,-1.8657951382647,-0.0842820132625043
1.36806928978564,1.9218616056266,1.4732111823169
1.35531585026436,-0.236527349018279,1.46904877879049
0.0648295522738551,1.16491801142273,0.126026669562697
0.417233134666731,-0.818641901299882,0.346485327790668
1.29862914868919,-0.294790500567959,1.34605082878815
0.850889030005399,1.92143546027354,0.864120539689095
1.14967136512151,-0.527791876177782,1.04588468495199
1.32392954635414,-0.0625715557703125,1.21075264022987
1.03781934398973,1.04461927405037,1.03564965969895
1.15617817571347,-0.177898597356958,1.2827348040211
1.03106974760212,2.09546577074172,1.05967181393664
0.773257704588259,-0.818674502583722,0.686659943207968
1.05212328469821,1.86323285396528,1.10853330824763
0.935173140028704,-0.527023417344394,0.900478840223011
0.974514649542349,1.10628925976141,0.951622819203942
1.20949726434424,-0.760117939479476,1.21497628217444
1.17708952050556,1.16440803419694,1.42540417454234
0.71150313315706,-1.57493346982694,0.570553518613847
0.936633636512845,-1.57526413999161,0.974276749379483
1.14847067212898,0.346332375465397,1.32786571891351
1.09992523629969,-0.294385313183081,0.902368849251038
0.20537340878932,0.229151718026092,0.111377341594734
0.808529715742027,2.09546577074172,0.872870641296073
0.519578692665848,-0.877298596918781,0.346035061777867
1.05066241004305,-0.528059672437903,0.922866012803186
0.603222937321167,2.38708425469721,0.71305103086178
0.85279955000485,-1.34303122321518,0.854548833163219
1.07914095697074,2.09546577074172,1.05840741018952
0.949461953896335,0.699185385126335,1.21003764975696
0.793267489665649,-0.295209659931625,0.907249657434941
0.835485367967066,-0.294804472546747,0.7654512883705
1.01552691862796,0.0584094798995708,0.954491434847739
0.609169298459602,0.229151718026092,0.510234540672171
0.797448926647821,-1.34268425240859,0.578415359765794
1.26747352910194,-0.527458877349981,1.32819742975756
0.815168886191427,0.287268163798488,0.994717309585927
1.03158216933594,1.63024545033425,1.12079334032987
0.442336505229595,0.932505787585172,0.564334012360554
1.30749952816408,1.10665020254679,1.31991756949987
0.517046081336409,1.62973314444532,0.872359162948537
1.39055193517111,-1.2839693402114,1.39780241456343
0.963937206077452,0.345952803374965,1.15556126234066
1.27323004838769,-0.818236713915004,1.08786788456363
1.1653711350695,-0.469430920776581,1.11151964072937
1.21670898571984,-0.295209659931625,1.23933623522184
1.35843122313758,0.814673104469052,1.28338942003248
1.0705897538378,1.62981930498119,1.11258655899781
1.41405602048503,-0.586420627839104,1.27579552716191
0.601825595397577,1.9218616056266,0.69856763290532
0.703608056746025,0.931853761908357,0.835794184583711
0.935760439624735,0.520767873318449,0.920102180273551
1.40108551079754,-0.236580908270303,1.43013486110781
1.14168439315231,1.92135162840081,1.39119140141621
1.29201229033005,1.39715092819917,1.27995656519752
1.22142477835506,-1.28400194149524,1.07731136493686
1.06877377659367,2.15409452240304,1.14647116542405
0.916044493430871,1.10298022945157,0.9484277382325
0.543736257504518,-0.993140273057483,0.520875176179139
0.816320416951192,-0.527738316925758,0.776430417330275
1.12717359289519,-1.28405550074726,0.996572527885409
0.941403129433091,-0.00391486015141287,1.00417537103561
0.868889592446786,-1.57449800982135,0.656711596911761
0.920087519819259,-0.468750951142188,0.799948023177728
0.234648005716782,1.62973314444532,0.421408445747802
1.15883709616401,1.10588407237653,1.37409918021851
1.14021103885344,0.753056678010039,1.05027631338113
0.645221098259226,0.349704279679783,0.548224040765282
0.216245447479785,-0.528059672437903,0.2130838791599
0.921694368488631,-0.877298596918781,0.787904252072565
1.14022730020736,0.699185385126335,1.40999053781387
1.3870028001365,-0.237007053623365,1.47809295329994
1.17512870376028,0.0547395068043552,1.20418999492641
0.882762796362043,-1.2839693402114,0.868937727167607
0.869408443087967,1.68836189610664,1.17272346768711
1.25274944038883,0.350025635191927,1.23524271530619
0.889381545576294,1.92135162840081,1.14998190540106
0.132258958050219,-1.4011499976507,-0.101085589200601
0.908673562055315,-0.934076061390575,0.831261609041802
1.0300433914504,0.229726897819568,0.971274424090201
0.92948620421086,-1.05176902471881,0.887262765070572
0.970726510422296,1.45570283397715,1.22479509265492
1.02050364926786,-1.05173409477183,1.01694829408941
0.645364803247309,0.229570877389759,0.499889631849078
0.288524896603925,-0.586420627839104,0.152824603459253
0.541383277410181,-0.236441188482414,0.356500745149852
0.931493535991756,1.33852217653784,0.875636954040217
1.21326195686097,1.45612897933021,1.49343018111735
1.05325515056487,-0.819354472218115,0.926262995133389
1.06179652125125,0.113398531086386,1.17104651503428
1.04683947918904,-0.759691794126415,1.1208764787676
1.0769426488241,-1.05141506792282,1.11347674184789
1.13904513759487,-0.759607962253682,0.99571845961269
0.89707732585912,-1.28432329700738,0.805427602734996
0.888464480849717,-0.294804472546747,0.730708262771255
0.919469966541527,-0.527791876177782,0.800077537508338
1.08004440754055,1.04429791853823,1.07543693458461
0.409141409324637,0.93141830190277,0.659249290621067
0.922073674022964,-0.526371391667578,0.837131954174275
1.11788344358669,0.814673104469052,1.09531633390303
1.08354135497423,-0.818669845257459,0.886075727999986
1.2066144666491,-0.00429443224184446,1.30290303896245
0.470164219829681,-0.819354472218115,0.258449464902071
1.31599287113076,0.753436250100471,1.23615605429923
0.995513730011379,0.228883921765972,0.921863604822606
1.41280578708871,0.98599052238905,1.29859833335738
0.916108782504487,-1.4011499976507,0.683844329107588
0.834487752812958,-0.119695991048697,1.06461872670128
0.549576730756998,-0.468396994346203,0.657415954494576
1.17753878767883,-0.00320694655944267,1.14221356284487
1.12094700702999,1.16459665591059,1.1428314593262
0.664148179702723,0.0550352470220533,0.720763194271323
1.32173010369443,-0.294823101851799,1.17719931999103
1.24041198899094,0.170942125728437,1.05454079237792
0.41569208775506,-1.51698934512627,0.27694667728281
0.80892679531436,-0.528304182066708,0.931798270149724
1.23573060991865,0.814673104469052,1.20752344532643
1.38400655113499,-0.760471896275461,1.30304642510535
1.41318811799121,-0.992760700967052,1.30196602170012
0.828619294904905,0.287834028939438,0.763662967679749
1.088515816588,0.640235277952869,1.25067258783001
1.28868589802696,-1.28508709851451,1.31798341722962
1.15789620666309,-0.235842722057623,1.24099051679212
1.17750702131304,-0.701521789101995,1.15267244621914
0.503386165877149,0.287512673427293,0.372707713267019
0.727818943698693,-1.34303122321518,0.8204663010431
1.1729046799842,1.16491801142273,1.21235502628597
1.38738929092024,-1.86611602804422,1.10588999675418
0.9072206289916,-0.120355002714906,0.754631080299416
0.899340301250394,-0.294124502912355,0.890671669819377
1.05668856526697,1.16451282403785,1.30345288467259
1.33516841093523,1.62973314444532,1.60252055706114
1.20406445945269,-1.10985286920736,0.941067281595682
1.33204169293138,0.287834028939438,1.33623551943705
0.77678301484853,1.16491801142273,0.795657932534097
0.75416309338234,-0.527791876177782,0.632739403437886
0.295821328288291,1.45570283397715,0.59771173753058
1.36178522192521,0.578886647753976,1.54563607538053
1.14538366208236,0.462139121657127,0.99736043163125
0.793947819332912,-0.178378301962043,0.900721401083578
1.19848114249467,0.753056678010039,1.18181840376764
1.40719826718533,-0.468429595630044,1.44820340318854
1.20493274011752,-0.00378212635291862,1.08038956785877
0.970106688118436,0.462558281020793,0.850236445757234
0.771131627106684,-0.760471896275461,0.676858595817181
0.911324540914412,-2.0987837062273,0.719847034606292
0.393930614507151,0.05545440638572,0.550021923552415
0.572200055762378,0.814673104469052,0.576452453480987
1.24785893274177,1.04461927405037,1.22695971542641
0.648892760704728,-1.80825317368684,0.622776710771606
0.557807623034919,1.92143546027354,0.695840614172189
0.711455861779401,1.45570283397715,0.946013801735956
1.24829609844236,1.16408667868479,1.45882376774674
1.13615175111114,-1.34303122321518,1.22232135324443
0.121405827910817,-0.761238026445719,0.146972454955925
1.22526207970788,-0.528143504310636,1.31836256148975
1.1397284926303,-1.0513102780819,1.13877332319408
1.30904738215413,1.39717887215674,1.53492654070426
0.89115932754728,-0.701142217011564,0.785505649433583
0.623704301662079,-0.585740658204711,0.490816696918617
1.12669445021124,-0.644204074783698,0.90822120321863
0.739793729087179,2.09546577074172,0.765402333878213
1.27687939874294,-0.00388691619383548,1.19389204681431
0.859526456131185,-0.585321498841045,0.729662587860404
0.95100980788639,-1.28440247155385,0.998737576228763
0.754514036090078,-0.993470943222154,0.814347893732933
1.14462051296144,1.62981930498119,1.1910152537843
0.184619761313094,1.92135162840081,0.415213383793154
0.843832358748518,-0.00359350463926894,0.941604722572441
1.39852378029946,-1.22537318983392,1.44149452452913
1.33633279950972,-0.236848704530424,1.42738621234157
1.3897551288293,0.229046928185176,1.3403395290127
0.15715320003832,-0.294443529761368,-0.0113544109197247
0.400735802034889,0.52050240572146,0.282651054880239
1.2379913162838,0.288090181883901,1.17379188552437
0.77792433499072,1.27728532216926,0.688082569082246
1.39540235668991,-0.527372716814115,1.21226256462123
0.774934136725545,-0.294823101851799,0.724162492536144
0.697578876153932,-1.57449800982135,0.507863857377772
1.14812653649963,0.0546091016689918,1.29452609340766
0.61543823947918,0.578970479626709,0.564913835718756
1.1305147338681,-0.586087629011302,1.22667461934461
1.36448838838524,0.287834028939438,1.41335868925202
0.965870794509201,1.74742610777355,1.1880832590501
0.693462862758439,-0.527538051896451,0.645813161410722
1.03553481285024,1.45621281120294,1.04421020748003
1.15659983640218,-2.15741222502231,0.842518057100794
0.639016068142243,0.753056678010039,0.62139080488498
0.856876233614131,-0.235495751251033,0.766289192234119
1.1145426807848,-0.177814765484224,1.02637567775668
0.331060438563208,-1.86688169248185,0.379574852949927
1.27397391078653,-0.527372716814115,1.11481086113012
1.3563993102403,0.519936540580509,1.43032733536341
1.28400451895467,-0.178324742710019,1.40890790267318
0.487876994123882,-0.644204074783698,0.205828637615564
0.69961646161653,-1.86611602804422,0.504512413982459
0.324474590227807,-1.57493346982694,0.173649112311833
1.10059838071755,-0.585740658204711,1.00082664489376
1.04711403135048,0.0584094798995708,0.98764173029612
0.858239540145806,-1.10993670108009,0.792260670150152
0.523708320218107,-1.22646067551632,0.57626068210536
1.06039955749869,0.345952803374965,1.25537159034153
1.1497814128887,0.229046928185176,1.05187639494271
0.402152052509541,-0.527377374140379,0.213917214303655
0.987849337923318,0.641322763635271,1.00641509168226
1.17210862998443,0.0558013771923105,1.12351523893013
1.25359200542421,-1.86611602804422,0.932576842431677
0.4297570243781,0.0544204799553421,0.380890054876477
1.28599974926289,-1.34303122321518,1.21204516558262
0.824348987732734,-0.876618627284388,0.598949280371533
1.39429582828167,-0.528304182066708,1.45491829156328
1.1602166640496,-0.527791876177782,1.06427942649235
0.907146885642452,1.86323285396528,0.977378229251845
0.877475209142658,0.873555680411706,0.860187456704696
1.15285859048877,-0.760728049219925,1.04495597320504
0.667510876423848,-0.819354472218115,0.492792492539603
0.608048021381539,0.229151718026092,0.510144894645786
1.00834469459202,0.229205277278116,0.901055275937668
0.638671176170846,-0.178219952869102,0.810334503965308
1.36523414163919,0.814673104469052,1.39090829225165
1.03387539840891,0.753000790094884,1.0346000072928
1.27217230404121,-0.294804472546747,1.11923474058476
1.12158951959513,0.407566901170847,1.30664489191693
0.896045297142077,-0.00420827170598007,0.798292547260612
0.925642095779659,-0.586420627839104,0.783786219675253
0.941732516392617,0.87387703592385,0.994805362692255
0.665894573478944,0.0550352470220533,0.85375323526115
0.65247517478921,-0.527538051896451,0.554826879271917
0.156143105240511,-0.586420627839104,0.0269872755152625
0.618448858979503,0.287002696201499,0.742200690885489
1.14828877186775,-0.528143504310636,1.2411287882934
1.00628593155223,-0.760728049219925,0.909937751901213
1.27952054515548,0.985669166876905,1.2427176878399
1.17335432532849,-0.469109565264436,1.06973309467206
1.39071303602617,0.462558281020793,1.22752216813096
0.587902472907513,0.812065001761792,0.504438173199885
0.82567069545207,-0.4692399703998,0.829637624527288
0.979275444529105,2.09546577074172,1.01848902164673
1.07650132324228,0.578565292241832,1.33882573420542
1.3089365780449,2.15409452240304,1.3877858019422
1.30903641519452,-0.294790500567959,1.31929923051532
0.951316126413618,0.228883921765972,0.894214177134295
0.870054737363316,-0.235842722057623,1.03628555192121
0.895099113246861,0.98599052238905,0.875465290248678
1.41002509556932,-1.86688169248185,1.35908031310158
1.31817794329165,2.73700780613874,1.46789623729377
0.310153253652347,0.287324051713644,0.52055241698753
0.955155696792563,-0.352587919491341,0.780837845458005
0.792078141803758,-0.993470943222154,0.86242583199513
1.26925244558599,1.97965902454999,1.54146652819569
1.31370153291289,0.229046928185176,1.2527457341585
0.89116235291545,-0.818669845257459,0.726947438463795
0.371339055867557,-1.10985286920736,0.185031430799565
1.20995333859589,0.228725572673031,1.096909736732
0.509037175447973,-0.818320545787737,0.535089594414467
0.978824286500731,1.63014066049333,1.08251318701013
0.730531942605278,-0.295125828058892,0.544199439695909
1.27811866517964,0.461817766144983,1.15499375631345
1.27248429513375,-0.527791876177782,1.29359957129658
1.14801611056142,-0.760150540763317,1.13122388382134
0.93852713881634,0.407566901170847,1.14673017623871
1.15079831476489,-0.4692399703998,1.15408153112892
0.967531721634615,-0.935163547072976,1.03928776692789
1.34481517551678,-0.527791876177782,1.3392248830887
1.35792258311397,1.39783089783356,1.49967729920524
0.659098840226738,-0.120355002714906,0.462364839298233
1.31527056448014,-0.236876648488002,1.2720844023263
1.37347675721877,0.640235277952869,1.49844688766741
0.341320974712281,0.753056678010039,0.361322169127613
1.25488572848797,0.350025635191927,1.27911709998853
1.36438741672257,-1.51663538833029,1.50034327478212
1.04024795828832,0.228725572673031,0.908813491256356
1.16252917984466,-0.236876648488002,1.0822196032865
0.152858311749767,1.39717887215674,0.356879825345405
1.08645251549596,-0.294804472546747,0.966018549814375
0.737714544812241,0.171263481240582,0.646682341145385
0.87023474676944,-1.34268425240859,0.680734323154647
0.443918772782585,-0.818320545787737,0.463608631639103
0.297151355770094,-1.10993670108009,0.270125800922167
0.798550917003799,0.521024026262912,0.720389759080602
0.684409070338236,-0.585740658204711,0.581595260177064
1.02021661746272,0.520341727965387,0.913496879398969
1.35065148888803,-1.28440247155385,1.34298241173105
0.96591806588686,-0.469514752649314,1.05988512611257
0.904931937970879,-0.00320694655944267,0.808914463554494
1.19043744487227,-0.586420627839104,1.06839373124624
1.27112514848331,-0.00266436804980723,1.14701179132571
0.781390650571672,-0.527738316925758,0.632994699422032
1.02208364779472,0.229205277278116,0.900589970306775
1.08093991651892,0.98599052238905,1.05416051325949
1.27062104651196,-1.2836363413836,1.02688425855472
0.829849485237093,0.228639412137166,0.96171560003644
0.916768690936602,-1.0513102780819,0.993458467559672
0.317867942486236,0.170942125728437,0.139520363087469
1.26842046933919,0.228639412137166,1.40819562991133
0.876854252325734,0.228639412137166,0.969390725881048
1.20536612410789,-1.51587158682316,1.02948999205272
1.40761312079567,-0.23668569811122,1.55432616723648
1.07476324922853,-1.28508709851451,1.09571160870955
1.0707016924601,0.752735322497895,0.980965907587915
1.28722124166159,-0.00317434527560217,1.40531606013932
1.18523343344859,-0.469675430405387,1.33470693669396
1.11880353368144,-0.760858454355288,1.10773268859758
1.20882941432068,-0.295505400149324,1.07937249274988
1.13219532588662,0.287002696201499,1.19005964681086
1.0020466344038,-0.702229702693966,0.978373361783997
0.855023195609912,-0.236527349018279,1.0058270648544
1.1189699289308,-0.644204074783698,0.860638404547685
0.980637616547717,-0.294823101851799,0.907053046437793
0.671022194356331,-0.758925663956158,0.5516869162631
1.38527266771419,0.348940478172656,1.53366952497618
0.797754110661986,-0.876618627284388,0.669769897016308
0.882116880257715,-0.0624108780142402,0.754415111731388
0.418610811697215,-0.236161748906636,0.51777782755707
1.30504897994625,0.229046928185176,1.24175065174514
1.13881067156168,-0.70217381477881,1.1907650646625
1.07553698713805,-0.0618892574727888,1.01873592334029
1.25532970126694,-0.992439345454907,1.19952447256514
0.708760258739795,1.10596790424926,0.738417589035049
1.33077179464196,-1.80716661946969,1.1662681717419
1.2137656806613,0.350025635191927,1.13782588491238
1.16107927214911,-1.28440247155385,1.23644035964105
0.352399494780359,-0.468855740983105,0.244811519447337
0.2203440650083,-0.527377374140379,0.203057334698131
0.971666643581171,-0.235495751251033,0.941868063237597
0.294492813490572,0.699185385126335,0.463513310863617
0.395953073128899,1.63014066049333,0.444614620394453
0.174927238037967,-0.818669845257459,0.0474018927694601
1.20839187044907,1.63082063012772,1.24046757363013
0.325519476759574,-0.586420627839104,0.181271875886025
1.34074076093363,-0.760537098843143,1.44292816402016
1.26062258288063,-0.294804472546747,1.10628304348609
1.29931363823769,-0.294385313183081,1.13248186280617
0.999869882005377,1.68876708349152,1.17471668063737
0.819598403363552,0.17052296636477,0.745640050563489
0.419995295806081,-0.0624108780142402,0.337517383269051
1.1661410912688,-1.34194373753277,1.03447289446879
0.889305155029998,0.229046928185176,0.785970273234289
0.805777765220252,-1.57493346982694,0.671127862050955
1.21299799348812,-1.51587158682316,1.07431200721051
0.885692487263814,-1.28400194149524,0.732160144194243
1.15399196903951,-0.585577651785508,1.0178561958299
1.30226791025584,0.520341727965387,1.23215500977644
0.520667447036082,0.519936540580509,0.597357041229924
1.23305694079828,-0.468587944722985,1.16387716304384
1.18793433088249,-0.527538051896451,1.1039832769377
1.22379817968455,0.287354324334353,1.14519639373963
1.07220719129577,2.38676289918506,1.06251295731512
0.876299475437533,0.461438194054551,0.806603926834757
0.818585661368593,-1.57526413999161,0.828249972880819
0.0682327132942556,1.10596790424926,0.039689497354612
1.21908995046975,-0.235842722057623,1.28457566773591
1.03069687097515,-1.8657951382647,0.83766754139661
0.609505114326489,1.45580762381806,0.891730224914322
0.797313541422207,-0.294804472546747,0.702245458344322
1.3728194959838,-1.34226509304492,1.19055047439818
1.34279612043423,-0.00388691619383548,1.3459122085925
1.35830075413524,1.22303445719513,1.71417013319421
0.955702532089318,-0.293705343548688,0.872294073791419
1.37170124427391,-0.876618627284388,1.24091484828459
1.3188223467119,-0.818669845257459,1.14596105897377
0.544329229665868,-0.294469145055814,0.555163414636552
1.37193306310995,0.694372038433562,1.28212395510132
0.476565142535681,0.0584094798995708,0.53225432667332
1.29418299199213,0.985669166876905,1.22849677803206
1.36780835178097,-0.64354739178062,1.50323690947538
1.24502227191123,-0.527058347291366,1.13330111518211
1.20425467947638,-0.0624108780142402,1.09506735148338
1.28985747185085,-1.40046769935318,1.10823361962699
0.758371380507023,0.87387703592385,0.807863542212029
0.900513765929392,0.811552695872866,1.06254886047936
1.35063863107331,1.62981930498119,1.35327043578189
1.21012086835831,0.0547395068043552,1.16700479545115
1.17456333808348,0.0551214075579177,1.04432347182956
0.932586828414245,0.117038231560892,0.94209415080626
1.40052317048891,0.348940478172656,1.56776678188274
0.533544926652337,-0.877298596918781,0.327353489378363
0.983140730537497,0.811685429671361,0.986221627193537
1.21403002220517,1.22303445719513,1.42781750608619
0.756790625638118,1.22303445719513,1.07251958592894
0.831101609488515,1.04435147779025,0.831879520624075
1.3090129685912,-0.294385313183081,1.22336875286533
1.18639366214184,-0.527372716814115,1.08538745589563
0.355370028152428,-0.0618892574727888,0.340377338754252
0.9680577575252,-1.10953151369522,0.745701617541441
1.00857953879623,-0.528059672437903,0.805288588084565
0.81309272728466,0.753000790094884,0.766518237298423
1.3644823376489,-1.34303122321518,1.37354541833203
1.34528372941214,-1.10985286920736,1.0737288451724
1.09537697342689,-1.22569454534606,1.05418093796326
0.511671892953154,1.51433158563847,0.738503296920093
1.21993251550514,1.97998038006213,1.50501841186425
1.33047644307435,-0.64354739178062,1.43504771485294
0.689221296583885,0.694372038433562,0.694580974999501
0.141093789449107,1.10588407237653,0.342011455997526
0.732735166975191,-1.86688169248185,0.728650403167095
1.41175938787286,0.753436250100471,1.31877295370708
1.38499735921071,-0.993524502474178,1.49484505517728
0.637440985838658,-1.4011499976507,0.357348174043916
1.40338138706766,-0.760206428678473,1.3667870859342
1.2328848729836,-0.818669845257459,1.06415402053183
1.34319093098043,1.10596790424926,1.25219676933636
0.847645078984952,-1.34268425240859,0.665506956484679
0.996933005854202,0.872789550241448,1.23729752955471
0.32649591433649,-0.527538051896451,0.274469169502123
0.950870640950563,0.520257896092654,1.04379416430902
0.82609689419304,-0.00388691619383548,0.741919257009729
0.333487540177713,0.872789550241448,0.494314582337369
0.794896650425276,-1.86688169248185,0.797306105546534
0.815229015383809,1.39750022766889,1.03286648561458
1.1460813876166,1.62981930498119,1.33516773309353
0.268937528557293,-1.05173409477183,0.266802516198408
1.08627326243187,-0.295209659931625,1.16727615928992
0.974532045409327,0.578618851493856,1.15038680316532
1.41327055927385,0.520341727965387,1.35179861425793
1.13122040099379,-1.51698934512627,0.999885310593856
1.20067491258905,-0.0612907910479979,1.06027393268439
1.29108009876262,0.52050240572146,1.25993421125692
0.882303696742222,1.68844805664251,0.963513569310758
1.33692917521026,-1.05090276203389,1.28573397412975
1.40272450400372,-0.935163547072976,1.47748993993607
1.35764765278151,-0.818669845257459,1.13336479263042
0.75328384575789,1.04461927405037,0.652431418431688
1.25000316243237,-1.5756180967876,1.14234002449817
1.34669733268964,-0.0612907910479979,1.10127832341922
1.32882043217221,0.229726897819568,1.30776352403071
1.15667168889622,-0.760537098843143,1.28801645651168
1.2740605119504,0.113398531086386,1.36552742983016
1.27884626622456,-0.352587919491341,1.12738389811385
1.00415039979512,1.57161669867293,0.976136690611429
0.465519523346453,1.45621281120294,0.50285730231825
0.149416199114176,0.461438194054551,-0.00313631715539777
1.39228282393546,0.812065001761792,1.2695469410799
0.804063515980839,0.521187032682116,0.659861074883731
1.18357212815216,0.578618851493856,1.37148163824533
1.38674791286816,0.228725572673031,1.25134085783411
1.21553022664654,0.520767873318449,1.095321443511
1.33060577756362,0.0546091016689918,1.39787323933101
1.01413411475663,-1.63356222148826,0.773697794319083
1.1606042893464,-0.528143504310636,1.24369646880286
0.650777565074733,-1.5756180967876,0.489316163937291
1.02048852242701,-1.0521532541355,1.17604819386395
0.929885930980341,-0.760013149638559,1.10255183577701
1.14424385462426,0.752735322497895,1.07038552470841
1.00301929027051,-1.40046769935318,0.710583518071003
1.37777996526979,-0.00388691619383548,1.24839630735717
1.00234122962937,-1.80825317368684,0.940793069628663
1.00861735589835,-0.760728049219925,0.915777316290334
1.22136275830758,-0.4692399703998,1.28614262516327
0.684111071573476,1.04461927405037,0.716274832900281
1.22273173740457,1.33852217653784,1.1789370017486
1.09329627646786,-0.294280523342164,0.891225639458143
0.950166108337939,-0.993524502474178,1.04421219714288
1.20921893047258,-1.28508709851451,1.30156544005823
1.10118454580051,0.578618851493856,1.18927433996859
0.557307680944802,-0.236161748906636,0.656395124743609
1.23073497072769,0.520341727965387,1.12570158645879
0.345202522074587,-0.295125828058892,0.173675360943653
1.38486008312999,0.69886402961419,1.52914348814001
0.271774945729874,0.287703623804075,0.331055476316644
0.253249103739944,0.932184432073027,0.36115141505313
1.37394152940391,-0.644204074783698,1.30638420444066
1.12277470757579,0.815353074103445,1.13570322672974
0.809746670088471,-1.34303122321518,0.774938944453574
1.30904019690473,0.582258551968362,1.32688305838255
1.10460056463564,-1.86688169248185,1.0306047564962
0.363762777627452,-0.00391486015141287,0.435223560887244
0.745460621840896,-1.10885154406082,0.605350779457307
1.35350062936227,-0.760537098843143,1.35791213618616
0.914897878894383,-1.0521532541355,0.991002676756878
1.08512589155334,1.10588407237653,1.27200424609484
1.20456704873995,-1.34268425240859,1.06856863670559
0.363484443755798,-1.80716661946969,0.235869897231809
1.37392224268182,-0.760537098843143,1.42642268835869
0.962515661208502,-0.0624108780142402,0.948270697639274
1.39906569937294,0.694372038433562,1.37310132082321
0.938346373068173,0.578886647753976,1.17450350574269
1.09233988195507,-0.352587919491341,0.957136818372787
0.504668165639251,-0.759691794126415,0.518223563746361
1.41083816326505,-0.758925663956158,1.30595526689982
1.15312141934855,-0.236175720885426,1.23397286698485
1.35707169831612,1.57161669867293,1.36544362054475
0.729591431275381,1.04429791853823,0.688375244919234
0.467381259284161,-1.05054414791165,0.228484605502399
0.733625381559259,0.228639412137166,0.867889958260152
1.09962723753493,1.04461927405037,1.12810640565019
0.980398612462274,-0.701489187818155,1.01440708598021
0.930042871954168,1.10596790424926,0.883327940902371
0.723718435315072,-0.00394280410899092,0.702098495567357
0.547141687551046,-0.352587919491341,0.339227702128695
1.15818815469151,-0.817989875623066,1.02137147981615
1.0844939677768,-0.760858454355288,1.05571177532201
1.15484285383736,0.521024026262912,1.0742323305482
0.806766304269849,-2.15741222502231,0.59885366032293
0.52325640584769,-0.294124502912355,0.576476335384127
0.912502165474644,-0.993524502474178,0.919119609890608
0.819680088304146,-0.00378212635291862,0.846206426654689
1.34924204549176,0.287268163798488,1.56200350559717
1.36775994589024,2.15452998240863,1.44830244016735
1.32112049200815,-1.05122411754604,1.19429249895422
1.17571297798814,-1.05173409477183,1.23720894700038
1.10713204145201,1.39715092819917,1.20245303847142
0.739365639491102,-1.80716661946969,0.555308383174618
1.38350396184772,0.0584094798995708,1.42696962096079
0.679318132049911,-0.877298596918781,0.535004893716164
0.886556229876393,-0.294804472546747,0.81298042014159
1.34135377615911,0.520066945715873,1.26707696271795
1.31473696516913,-1.05141506792282,1.31865537964163
1.05806775498154,-1.10993670108009,1.18216383129618
1.15026963167716,1.86323285396528,1.17197746583835
1.39120919640608,0.408654386853249,1.47653594739009
1.09816976641896,0.229205277278116,0.964025625612338
1.07020288488304,-0.585682441626424,1.06452980551988
0.822459645310474,0.640556633465013,1.00233451326966
1.3362257771107,1.16491801142273,1.39084550026738
0.699759410262569,-0.295125828058892,0.539631912348793
1.27669712031069,-0.293705343548688,1.18813908858719
0.885872118498917,-0.992786316261498,0.920207579780507
1.09773108803429,0.814673104469052,1.00384810947674
0.365804522971284,-0.120355002714906,0.24281344170733
1.28964872144711,-1.86688169248185,1.2734264843784
1.36575110142526,-1.05106809711623,1.26050495712154
0.758118005922772,1.62981930498119,0.747263654808952
1.39264851531303,0.640556633465013,1.56669569392525
0.700977120951056,-0.00317434527560217,0.814477414927606
1.30121962018488,-0.236527349018279,1.42480313390998
1.28125483745903,-0.293705343548688,1.13806223242376
1.21456513420026,-0.993105343110511,1.27377723567365
0.230614055432904,-0.0617262510535849,0.0688350490082353
1.31695229101172,0.171263481240582,1.23009620888054
1.21588759826164,2.09546577074172,1.26228427078974
1.10322969468354,-1.34303122321518,1.07448679415039
1.21629451028053,-0.644204074783698,0.99778925522865
0.976951205432385,0.407566901170847,1.10028167209888
1.11338434294666,-0.992704813051896,1.12334729591796
0.925208711789285,-0.00317434527560217,0.960032152150265
1.08455560965327,-0.760150540763317,0.936080158238912
1.10864094382688,-0.294790500567959,1.15211704244896
1.11223508121302,-0.992704813051896,0.998928933015026
0.449515703897367,1.62973314444532,0.677371536667589
1.04127317992698,-1.34252124598938,0.916934112132865
1.02858440765034,-1.28432329700738,0.843126943356357
1.14891577942101,-0.294124502912355,1.05187299265584
1.18045562076588,-1.05090276203389,0.955466397561639
0.844988427560537,1.10628925976141,0.887381425945882
0.873403441756654,-0.236848704530424,0.952227060777352
1.38278241153914,-0.295209659931625,1.40816507019079
0.920691837111247,-0.352587919491341,0.756691413711627
0.519348764684917,0.578618851493856,0.623810984474984
1.12444773617388,0.694372038433562,1.07106790219094
0.53994358033221,-1.28508709851451,0.55964054091043
0.507837616968507,0.287512673427293,0.471174078005111
1.29290666479535,-0.760150540763317,1.1463715838963
0.634417886694633,1.63014066049333,0.715028534719069
1.04934297134984,0.69886402961419,1.19262359647366
0.89298891894818,-0.23649707639757,0.756774001193952
0.342802648773613,-0.295505400149324,0.21327498975513
1.33452325117295,-0.469514752649314,1.52640075482267
0.515385154210996,-0.177814765484224,0.446659756315138
0.658921478017763,0.814673104469052,0.715142476322749
0.727817809185629,-0.41099311949204,0.957406295052029
1.23907515443076,0.346036635247699,1.2216958431452
0.74654067827764,-0.237007053623365,0.807739869656036
1.21856769628938,-0.64354739178062,1.46829622267745
0.501117139749534,0.98599052238905,0.516451046872637
1.33834996373717,0.17052296636477,1.2333004927291
0.575403542483549,1.92143546027354,0.664439773263429
0.562794186121373,-0.236161748906636,0.656086315157
0.738331719918952,1.86323285396528,0.715868607168769
0.772536154279678,-0.177814765484224,0.723816659112724
1.33914412288183,-0.818669845257459,1.18194864797688
1.13866923559973,-0.527058347291366,1.03815983034887
1.37819519705114,-0.00391486015141287,1.3468300504104
0.738331341747931,-0.00317434527560217,0.727318821757493
0.530760075251712,0.171263481240582,0.407566922272691
1.1029037112632,-0.5850001433289,1.01036849183344
1.32730623540305,0.0543343194194771,1.50890723079893
1.40922223849117,0.17052296636477,1.20498598270722
1.39433667075197,-1.28508709851451,1.37805683059707
1.1827140581049,-0.760537098843143,1.30150302239416
0.826118071770231,0.462139121657127,0.774895493566434
0.774323390526195,-0.294804472546747,0.611099659516219
1.30493023424558,0.699185385126335,1.56606422948078
0.62621649175637,-0.528304182066708,0.721806178927358
0.571428208707968,-0.818236713915004,0.345425758187316
1.00541651637433,-0.00429443224184446,1.1450957350117
1.22213422719096,0.694372038433562,1.10959564040725
0.697129608980664,-0.818669845257459,0.517041212542301
0.961359970567504,-0.00326050581146655,0.908291360341743
1.30907952669094,1.45621281120294,1.31248187679144
1.09180250093385,-1.05090276203389,0.958318063547609
0.598054095802461,0.229405542307424,0.559299611630717
1.34033763062496,2.09546577074172,1.34705466129046
0.672233476137456,-1.28400194149524,0.597562530662849
1.30746700545625,-0.236441188482414,1.14809562310126
0.992233852743912,0.873981825764766,1.0566631348137
0.751163440841634,0.0547395068043552,0.714039727649124
0.991784963741665,-0.528059672437903,0.842705243740411
1.3881709704212,-1.22537318983392,1.32753417509497
1.39391538823428,1.51433158563847,1.64565713787312
1.0381494872913,0.287675679846497,1.01670128989252
1.28928340824057,0.229726897819568,1.26614701177895
0.663477304310992,0.461438194054551,0.533553419560872
1.35890469325621,-0.294804472546747,1.2784124980451
0.388428226147686,0.0547138915099087,0.513265083663944
0.811369023769715,-0.294804472546747,0.687276306257787
0.944270043945332,-0.295505400149324,0.755025352952848
0.837907931529316,0.520066945715873,0.826957813611393
1.32404904839686,0.69886402961419,1.58554347501718
1.3603500628995,-1.0513102780819,1.32267733667421
0.547991816006859,-1.22569454534606,0.392037775273507
1.27602435406385,0.461817766144983,1.177506428663
0.839916775994297,-0.0624108780142402,0.763837869478275
1.08024672903693,0.229046928185176,0.921274605128324
0.403347829278794,-0.00350734410340389,0.242114349317898
0.733243806998798,-0.760858454355288,0.875077320177245
1.34511355245257,0.578618851493856,1.45721591698184
1.30938357619204,0.0543343194194771,1.41162042954039
1.2355732907738,0.699185385126335,1.38907912993264
0.991424944929417,-0.352587919491341,0.846220203742923
0.933506540337971,0.287268163798488,1.11306953455547
1.21103490771672,-0.876618627284388,1.13635886091036
0.869041995368358,-0.761238026445719,0.934695786699011
1.13462167115909,-0.760728049219925,1.00442623329312
1.05976801189317,1.57161669867293,1.12449641728124
1.03241036387252,0.752735322497895,0.922523855313927
0.962915766149005,0.52050240572146,0.833458683727012
1.35394535848328,-1.22646067551632,1.459384248635
0.378295133632781,-0.0624108780142402,0.246465703547929
1.36637394909729,0.461438194054551,1.28472929139892
1.41075534381139,-1.5756180967876,1.210665386558
0.745388769346855,0.811364074159216,0.802555357832662
0.940621449932128,0.87387703592385,1.06024558731034
0.865560174775533,0.694372038433562,0.733884358661597
1.29320352904704,-1.86611602804422,1.13128384140549
0.527815257509089,-1.34252124598938,0.498957220830157
1.36229461829086,-0.235814778100046,1.26067823991657
0.874660860402374,-0.527458877349981,1.03433931798611
1.08497991753913,-0.0618892574727888,1.00917893473679
1.25311626627946,-0.992760700967052,1.15976062655451
1.0159205946611,1.63082063012772,1.10611950903233
1.15313352082123,-0.527538051896451,1.04024185374033
1.08570108967669,0.93141830190277,1.28953974660513
1.36843573750525,0.228725572673031,1.19011339241863
1.30420906210802,0.753056678010039,1.34091022179524
1.23990637433551,-1.51587158682316,1.03153862864518
1.33727595803676,-0.236580908270303,1.39595898231652
0.852215653948011,1.62973314444532,1.02921666326172
0.852882369458508,-1.05090276203389,0.731602570007563
1.2785074249895,-1.10985286920736,0.996872600893529
0.800458033464059,-1.10885154406082,0.603452330378282
1.17163931974703,-0.23649707639757,1.04307611795557
0.718675524746449,1.33852217653784,0.716680851794716
0.442141747153641,0.462139121657127,0.297689942178858
1.18765486249778,0.520446517806304,1.18654680551558
1.01452627810568,-0.99202018609124,0.852442047895834
1.20147247527291,-0.177814765484224,1.16918908650674
0.85385729435134,1.39717887215674,1.0156494478505
1.03759962662637,0.932505787585172,1.17736517724347
0.681140160030386,0.287407883586377,0.577670404000128
0.516013674448345,-0.701908347181821,0.626298210852673
1.33464350955771,2.15452998240863,1.44781181026503
1.19770324470392,-1.10917289957297,0.949681493073385
0.945883699693087,1.16408667868479,1.16315578533216
0.760691081551487,1.97965902454999,1.15690683911568
0.736944210441916,-0.236848704530424,0.828875299480787
1.09317639625412,-0.468587944722985,1.09343269792804
0.832428233431127,0.170942125728437,0.793544700539404
1.14969708075096,0.229046928185176,1.11791303884882
1.10070162140635,-0.294443529761368,0.951643518470198
0.557290285077823,-1.34303122321518,0.601732725357561
1.06354896576382,-1.57526413999161,1.10728153895116
0.882749182205277,-1.86688169248185,0.789890767070834
0.524325117153797,-0.236175720885426,0.462263451149282
0.949118952780044,2.38676289918506,1.08142354183143
1.01275719406819,-0.00359350463926894,1.09123393239548
1.12572557605475,0.814673104469052,1.11887526872716
0.64662562543222,0.69886402961419,0.889023890804115
0.701572740309555,-0.00378212635291862,0.609237433466738
1.28759600914366,0.407566901170847,1.45537549393984
1.10459111036011,2.38708425469721,1.201732439602
0.950696682280779,1.33920447483537,0.969733619655389
1.10579898860204,1.9218616056266,1.24534387349792
0.582234067469711,-0.469675430405387,0.696771178758353
0.426883680958497,-1.28432329700738,0.334152295033104
1.31686001728253,-0.120355002714906,1.10135410129414
1.20207981793306,1.10588407237653,1.34053627179984
1.38974907809296,-0.527216696384306,1.36298470476319
1.22785973645298,0.699185385126335,1.53229996059146
0.959620005698644,-0.0625715557703125,0.835059679581692
0.483232675811677,-0.528304182066708,0.557428969783258
0.664423110035186,-1.57526413999161,0.680379225535149
1.01529320893682,-1.34303122321518,1.02239100905612
0.570769812959939,2.15452998240863,0.566326638662287
0.735185337021994,-0.644204074783698,0.590959801981211
0.821954408826058,1.33920447483537,0.873868898349381
0.94425453893346,-1.57493346982694,0.86133584452852
0.482641216334412,-0.1771324671867,0.471731361155549
0.509172182502566,1.10628925976141,0.611632816402898
0.997216255949132,1.33852217653784,1.05428385908612
0.83345723678,-0.992439345454907,0.77165787371293
1.35377102164248,-1.57558549550376,1.34231353723186
0.399631542652783,1.62973314444532,0.631440492676787
0.917089758133659,0.52050240572146,0.832059783712858
0.842783690506538,-0.701908347181821,0.908461864564359
0.373380801211389,-0.352587919491341,0.162777094756151
0.513387654876652,-0.294790500567959,0.639684508343569
1.27706167717519,0.521187032682116,1.21841285229753
1.1012768195297,-0.00394280410899092,1.07183485498825
1.21295110028149,0.640235277952869,1.38552329215114
0.9675154602807,1.10665020254679,0.950209758629273
0.354051723972283,-0.527738316925758,0.273419938091795
1.2088297924917,0.0551214075579177,1.18265697390291
1.11498211551152,-0.877298596918781,0.964358013710535
1.11036918539408,1.33920447483537,1.16163775997448
0.833581655045998,-0.295505400149324,0.733409745819835
0.393148935006188,0.87387703592385,0.411243554280062
0.956759141922744,-0.761238026445719,1.0900174096013
1.10876838746105,-0.295209659931625,1.17307611346356
1.22290380521925,-0.235756561521759,1.08630350802369
0.906730519348035,-1.34303122321518,0.858842664720801
0.430578790007318,1.39826635783915,0.503261295399099
1.20659631444008,0.0543343194194771,1.39339445241166
1.32287028932356,-1.34226509304492,1.20915242962392
0.567462707378941,0.287354324334353,0.404032295816495
0.106223774090948,-1.4011499976507,-0.0526528072892107
1.26908718484969,-1.57526413999161,1.35333103904549
0.30708515215679,-0.526371391667578,0.321899832181154
1.09287575029221,-1.28405550074726,0.988656754880802
1.29622019928371,1.39783089783356,1.38365204352057
0.962419227598078,0.0554218051018789,1.08803902668643
1.12583638016398,1.92135162840081,1.39139733335235
0.360052541737782,0.640235277952869,0.5197983196637
0.381292895318381,-0.585682441626424,0.176206066122335
0.91801968067496,-0.294469145055814,0.950008545049554
0.241712996736131,-1.05138712396524,0.230168268462526
1.26097881998266,0.229046928185176,1.17698383465298
1.06804466286466,-0.294443529761368,0.958379100619952
1.01837530276016,0.812065001761792,0.958397869254287
1.12325649745689,-1.51695674384243,1.0914947123078
0.519249305706323,-0.527372716814115,0.325419747579039
0.4018775003481,0.17052296636477,0.295070230704397
1.30578981697692,-0.586087629011302,1.30451595174448
0.472511149187676,-0.586420627839104,0.307654220443528
0.794887196149745,-1.10953151369522,0.611951642486813
0.369451982471425,0.0546091016689918,0.512232605141658
0.654539988565339,1.33920447483537,0.695602742838982
0.610982628506587,1.10628925976141,0.618776385144945
1.35043441872182,-0.295209659931625,1.44433734090839
0.747207771959159,-0.0624108780142402,0.589732449069537
1.26437290489855,1.33852217653784,1.25767484474878
1.3837187629878,-0.993105343110511,1.41792310351808
0.816286381559277,-0.993470943222154,0.890344731329038
0.732969633008378,-1.57558549550376,0.73386179831925
0.931561984946606,-0.0612907910479979,0.809039787603875
1.02085837368581,0.0546091016689918,1.09124133551547
1.21761810885497,1.16451282403785,1.39935762300417
0.955082709785458,-0.64354739178062,1.15370644902086
0.585675045592238,-0.585682441626424,0.387518474828077
1.03718893289727,-1.05090276203389,0.918694506157368
1.07497313414533,-0.818320545787737,1.15580879461275
0.64509100742791,1.45621281120294,0.72994290609724
1.39154576861501,0.519936540580509,1.54494397701297
1.3426372886053,-1.34268425240859,1.18178973257944
0.457744327149161,-0.819354472218115,0.269167836372134
0.452935504442703,-0.585740658204711,0.293765447051599
1.33872964744252,1.92135162840081,1.5688866911697
1.10947367641571,-0.469430920776581,0.910703351105429
1.09960114373446,0.990480184906547,1.34384568059287
1.06084315210663,-0.761238026445719,1.12792085769104
0.853250708033224,-0.00388691619383548,0.774511474449258
1.06028194631107,0.229205277278116,0.969053790570382
0.25043778036783,0.520066945715873,0.239909949305408
0.30239469697999,-0.00266436804980723,0.165631935599734
0.866479886699259,0.287675679846497,0.885422775379697
0.768377407558781,-0.00378212635291862,0.660470161569913
0.894901707973759,1.04461927405037,0.792843523763055
0.584987908846593,-1.10993670108009,0.569492297974711
1.31796276398055,0.348940478172656,1.44142737706853
1.13861061909143,-1.05141506792282,1.09378756857588
1.05116726835644,2.09546577074172,1.10738412968383
1.30491926728596,-0.235814778100046,1.15896730065706
0.645268369636885,0.117038231560892,0.63230097976296
1.37075241318155,-1.28508709851451,1.44522008540296
0.145277117286386,1.57161669867293,0.189090345773955
1.14739061569224,0.171263481240582,1.0288649674715
1.16453121723126,-0.527791876177782,1.06614098581259
1.38898139091978,0.345952803374965,1.5385056096758
0.258932257847576,-0.993524502474178,0.252195007301176
0.990963576283469,1.68844805664251,1.06955198135476
0.72966857816372,-0.528304182066708,0.763527434024109
1.29867944543502,-0.819354472218115,1.20013127717941
1.20223827159098,-0.586001468475437,1.08062451372862
1.29703591417658,-0.760206428678473,1.1933275605169
0.936446820028339,-0.294823101851799,0.885800352803211
1.11298272532207,0.462558281020793,0.947071524448946
0.506337034356111,0.694372038433562,0.457967732889778
0.535593857245573,2.38708425469721,0.559895249330843
1.22982736027664,-1.40046769935318,0.974468492841256
0.404915348161955,-1.34194373753277,0.310465869861527
0.493296941200711,0.408654386853249,0.548704481653536
1.1032788569163,-0.29395916783002,0.992956366436441
0.344520679723239,-1.57526413999161,0.352220090761461
0.799611308547438,0.0550352470220533,0.968765445041495
1.34861579428054,1.92154025011446,1.36397857247746
1.04960655655167,1.62973314444532,1.24984795219881
0.703656084465726,1.1069692293958,0.718664676080566
0.917843074808027,-1.10985286920736,0.596685986704551
1.14912944604803,-1.34252124598938,0.914202425837374
1.38495954210858,1.22380058736538,1.46667667051676
1.18283015660843,2.21264642818102,1.57002669477024
1.38691657714365,1.45621281120294,1.37498447631383
1.23559900640325,0.812065001761792,1.10461110114113
0.262825528511542,-0.818236713915004,0.018299840966621
1.0418797662451,-1.80825317368684,1.02167219072446
1.25270065632708,-0.236175720885426,1.21133667171586
0.467062839284253,-0.00391486015141287,0.556126208740816
1.1038691818805,0.346332375465397,1.29806301154545
1.15663954435941,0.753436250100471,1.04767502093143
1.29159668037767,-0.178324742710019,1.38917674788097
1.1700990291774,0.228639412137166,1.25980707784071
0.766848840290812,-0.236527349018279,0.815797322855265
1.1491075121288,-1.63356222148826,1.03903288782113
0.226287778949586,-0.702609274784398,0.375977874267052
1.22393696844935,0.287407883586377,1.28099730896602
1.01881662834198,-1.8657951382647,0.8474771641009
1.05888195719033,0.0550352470220533,1.20515562709163
1.02441507214085,-1.10953151369522,0.916361415959346
0.886293401016611,1.97998038006213,1.21523435078215
1.23021801094161,1.16459665591059,1.21477598105741
0.781576710714136,-0.236175720885426,0.705800215264812
0.814250686951786,-0.236848704530424,0.840813908575549
1.24114261540403,-0.236527349018279,1.34006422749019
1.12032189033184,-0.819354472218115,0.986953288643349
0.615512360999348,-0.469619542490231,0.802973309670595
0.589517641339354,-0.586001468475437,0.357344019455811
0.529686069551307,-0.295125828058892,0.360066895498544
0.65474571360091,0.520341727965387,0.563472134157756
1.22593030790246,-1.8657951382647,1.00931801711263
0.468489678547501,-0.527111906543389,0.457107828791295
0.944703806106728,-1.10885154406082,0.795395901989632
1.13378137514982,-0.527738316925758,1.0891035782262
1.25439448433135,1.10596790424926,1.228726862773
1.26479267473216,-0.876618627284388,1.06788017171501
1.24587353488011,-1.28508709851451,1.21377005821933
0.892386492511298,-0.469514752649314,1.03885004338732
1.30475438472069,1.92135162840081,1.53878588855867
0.815188929255554,-0.295505400149324,0.66005001140163
1.23799471982299,0.345952803374965,1.43889928709759
1.15319327184259,1.16517183570406,1.22836434235654
0.773701299196208,1.86291149845314,0.8120573012326
1.34816501442319,-1.80825317368684,1.44877456776096
0.931791912927537,1.10298022945157,0.93306202226854
1.22415857666782,-1.57526413999161,1.22019897328512
1.16649959739696,0.287354324334353,1.02464263290199
0.567822348020167,-1.57493346982694,0.405776403251588
0.942065306891333,-0.294790500567959,0.947367023245953
0.826148703622954,0.0547138915099087,0.939504068743102
0.895833143199145,0.287324051713644,1.10449861334585
0.701321634751432,-0.644204074783698,0.49089257821208
1.15887491326614,-0.120355002714906,0.999309957570625
1.20999531557925,0.0547395068043552,1.22767325666697
1.1263310278598,0.228639412137166,1.2078877961595
1.21553022664654,-0.177814765484224,1.2100538626721
1.05430268429379,-0.527372716814115,1.02277269484972
0.83342433590115,-0.236527349018279,0.904838456953627
0.868154427981439,0.932505787585172,1.03087244577362
0.841694179794262,0.641322763635271,0.872786879143887
1.16276440221989,1.86323285396528,1.1903103914641
1.09652472247644,-0.993792298734299,1.1938935445527
0.613257705370542,0.815353074103445,0.674343473890326
1.02241946366161,1.86291149845314,1.00667410615775
1.22259483949487,-0.818236713915004,1.05797785579828
1.12945434232446,1.68879735611223,1.35506462295788
0.795230953608078,-1.05141506792282,0.882173593242058
1.38703418833127,-1.28331731453458,1.20029540011211
1.06095509072893,1.39750022766889,1.30531572436924
0.397508490539378,1.63014066049333,0.414065575753792
0.77672061663002,-0.295125828058892,0.641443289771036
0.849020865160329,0.931853761908357,1.07651653123372
1.24232780338469,0.228639412137166,1.2831579967994
0.977614517403691,0.170942125728437,0.799146568400104
1.0648271838157,-1.28331731453458,1.00934257947315
0.144585064317463,0.931853761908357,0.357658917465676
0.463311382753263,1.39750022766889,0.776301463107148
0.688907792807253,-1.4011499976507,0.488916006952056
0.650915597497497,0.228725572673031,0.514856718310466
1.024257752996,-1.86611602804422,0.819950126761746
1.34719462758261,-0.178056946449899,1.44408660037358
0.355161655919708,-1.8657951382647,0.159028865087793
0.980620220680738,1.16440803419694,1.1964891622533
0.864469151379172,-0.528304182066708,0.897764529614813
0.283035366059183,0.521024026262912,0.222913163284228
1.07676982466738,-0.0625715557703125,1.0080377020115
1.35519861724777,1.10596790424926,1.35737456936826
0.400817865146504,1.16408667868479,0.677270114198327
0.609909757319247,2.27127517984234,0.877831624015602
1.0433875341069,-0.586087629011302,1.03768326857102
1.3669359112349,-0.00378212635291862,1.31355643613403
0.716974133321759,-0.468396994346203,0.735638860117421
0.697992973422221,-1.34268425240859,0.573225020353532
0.810986314696191,-0.293705343548688,0.705575560912356
1.00746393428348,-0.586001468475437,0.862919184184561
1.0270403353705,1.92103027288867,1.19344442163508
1.36524662128289,0.931853761908357,1.58859946034226
1.16729375654163,-0.992704813051896,1.1671547422648
1.16214571442909,-0.236441188482414,1.0340182995207
0.840348647300587,0.521187032682116,0.711756480153051
0.934183466466043,-1.05173409477183,1.00604730881803
0.570557659017007,-0.527738316925758,0.556433658785487
1.22465814058691,-0.0624108780142402,1.04844587800737
1.10067893114508,-0.294823101851799,1.02254395866821
0.714706998049251,-0.993470943222154,0.785129392655655
1.34884231872228,1.39783089783356,1.40248725559923
0.772074785633729,0.520767873318449,0.735305401225506
0.266164400458326,1.62981930498119,0.249328098063265
0.281082869076371,1.10298022945157,0.325401653910829
1.34043103886721,0.462139121657127,1.26616208983579
1.41507027516407,0.578886647753976,1.59571933754449
0.974343338069714,-1.4011499976507,0.663313708285397
0.670105885971796,0.17052296636477,0.589918717297619
0.533034017602603,0.287675679846497,0.564149662409081
1.09107149634974,-1.05176902471881,0.994433244028682
1.03457350211418,0.228639412137166,1.24019043482695
0.89977406341179,-0.526371391667578,0.884952939010084
1.04776826721728,-1.86688169248185,1.06569682790002
0.663489783954693,-0.993470943222154,0.759853698193423
1.03915542220787,-0.0617262510535849,0.846924369589599
0.683329770243534,-0.528143504310636,0.734534962399768
0.279100496582878,0.407566901170847,0.506421096463157
0.428096097252686,2.67837905447742,0.525142639212613
1.21290534158791,-0.760537098843143,1.27417248302393
0.752048361031403,1.45621281120294,0.788642990370604
0.468840621255239,-0.528304182066708,0.545097595840748
1.39672898063252,-0.64354739178062,1.53849667220908
0.68919898449363,-1.10985286920736,0.530112315953445
1.36543154691229,-0.586420627839104,1.2214112646137
0.989591571818305,0.17052296636477,0.927794752276491
0.980061283911303,-0.00391486015141287,1.07225789812998
0.853912129149424,-0.120355002714906,0.778213521791287
0.5117331566586,1.92135162840081,0.876300988002675
0.717666942632724,0.872789550241448,0.948349846226389
1.05794900928086,0.350025635191927,1.14854454467306
1.15781036184126,-1.5756180967876,0.96235667462573
1.28399846821833,-0.993470943222154,1.41467131257916
1.29734072001973,0.17052296636477,1.22531551990927
0.98342473697447,-1.05064893775256,0.857375318107858
1.29548011859508,0.17052296636477,1.13586825434585
1.30313543457863,-0.295125828058892,1.27413514298265
0.948258991877678,-0.585321498841045,0.81778589569941
0.196226208126864,-0.352587919491341,0.0308929809583954
0.884087907620569,-1.10993670108009,0.9405044843152
1.40809869238698,-0.236848704530424,1.46978243219118
0.846285932334512,-0.177814765484224,0.789241017222012
1.40096600875482,0.694372038433562,1.28555069039595
0.53075969708069,1.33591407383058,0.43678077912542
0.896216608614712,0.345631447862821,1.08796748119232
1.21249351334575,-0.818832851676663,1.04343830340579
1.00770520739505,0.288034293968745,0.915858360731455
0.823322253409989,0.578886647753976,0.924592986165979
1.37395703441578,-0.236580908270303,1.47133616806176
1.09676334839086,0.814673104469052,1.08715906488272
1.2901872369814,-1.86688169248185,1.21684218873413
1.40468116086777,0.872789550241448,1.62957104909619
1.05675852690591,-0.00388691619383548,1.00512436288341
1.39327401018221,-1.28331731453458,1.27264281301337
1.09026145402218,0.348940478172656,1.17462883482572
0.904001259087536,-1.86688169248185,0.882060953979798
0.588742768916773,0.520066945715873,0.535157361928693
0.927487948534474,0.228639412137166,1.03551230020274
0.957583176578089,0.520767873318449,0.924757583634187
1.30095716949612,-0.29395916783002,1.14745933733943
1.21125311239599,0.349704279679783,1.15594632525291
1.375738976268,0.520066945715873,1.36287820883668
0.614429279194434,-0.760150540763317,0.534666374637525
1.27145415727182,-0.993524502474178,1.30125148425532
1.25153059518727,-0.527538051896451,1.15638944440405
0.864132957341264,-0.527538051896451,0.836618801910748
1.28837352876339,0.637247603155177,1.53606757162612
0.638233632299237,-0.237007053623365,0.660430611758178
1.29564991738363,-1.86688169248185,1.30594467427889
1.05036781481748,-0.0624108780142402,0.896840166022527
0.873940066435835,-0.469109565264436,0.747166898071634
0.712286325342108,0.0584094798995708,0.669752119552568
1.09473786440094,0.462139121657127,1.07140800869839
1.20198149346754,-0.527111906543389,1.16668206051256
0.648790276357964,0.0547395068043552,0.585532796107476
1.39603617132155,-0.528143504310636,1.41319428397755
1.37269469954678,-0.178219952869102,1.44541977241522
1.25711239946121,-1.34252124598938,1.04527088631585
0.827762359370709,0.520066945715873,0.741939400744544
1.04401000360791,1.16451282403785,1.27737944843283
1.38559297856921,-1.28432329700738,1.17614783396504
1.26755748306866,-1.05176902471881,1.18077820226007
0.812484250111438,-0.41099311949204,0.916961109862684
0.579844782957333,-1.10885154406082,0.507996081182573
0.181462411456518,0.461817766144983,-0.0184273141404444
1.28577435933421,-0.760013149638559,1.34688176334052
1.16607793670825,-0.0624108780142402,1.06654930142226
0.653487160442126,-0.585321498841045,0.486116673492231
1.20324307199449,-0.818641901299882,1.20096492852764
0.520438653568214,1.86323285396528,0.503415806356568
0.0868916714836725,0.87387703592385,0.163358355906602
1.06805827702143,-0.702609274784398,1.13889727031257
0.795386760068841,-1.28508709851451,0.793736331888159
1.06559411464684,0.348940478172656,1.18584749301855
1.16220470910841,-1.05138712396524,1.0308149368293
0.601661847345368,-0.527216696384306,0.50827898671329
1.03058947040511,-1.22537318983392,0.979194555774364
1.15390309884951,2.09546577074172,1.20154749568034
0.618866737958005,0.0584094798995708,0.562124668392795
1.24331142621101,-1.05173409477183,1.22812615344605
0.829397192695655,0.228883921765972,0.687230969583933
1.35183365150052,-0.819354472218115,1.15849920455604
0.272908702451639,-0.352587919491341,0.148268126794829
1.14952879464649,-0.760117939479476,1.22595316292502
0.916471070342863,-0.294124502912355,0.848666233849134
0.512981499199809,-1.05122411754604,0.294783234192553
0.982245221559132,-0.644204074783698,0.791676297291461
0.957482583086432,-0.760471896275461,0.88373940665904
1.33198988350146,-1.05090276203389,1.19195930121923
1.11100337819675,0.228639412137166,1.26887516308236
0.902879603838452,1.92103027288867,1.15911240144272
1.39904905984801,0.462139121657127,1.27828790112871
0.908869454644333,-0.585577651785508,0.799078904304416
1.12113760522471,-0.760013149638559,1.15997319649649
0.163578325689682,-0.352587919491341,0.0320080089818615
1.28158346807651,-1.05090276203389,1.15940149973044
1.23352965457487,0.17052296636477,1.05029347765531
1.22728151296146,0.578970479626709,1.20930824566843
1.18975106446867,0.520066945715873,1.11134825012751
0.455892423658007,-0.993470943222154,0.546190526159666
1.08191030335949,0.582258551968362,1.12274839183939
0.894216083912198,0.0544204799553421,0.928529778032037
1.27767771776884,0.578886647753976,1.39773085808682
1.38903130949459,0.17052296636477,1.24223190991441
0.883839449259596,0.228883921765972,0.799721911813648
0.997061205830412,0.873299527467243,1.04378019685745
0.524126577367631,-0.527458877349981,0.609515631623532
1.41552975295491,1.16459665591059,1.41892993561561
1.23135290217644,2.27127517984234,1.55335483423872
1.15734937136634,0.872789550241448,1.41896978149723
1.02896711672386,1.04461927405037,1.00828465724475
1.41012682357404,-0.235495751251033,1.36836246007475
0.555271608166289,-0.992704813051896,0.468903495619181
1.1480940137918,0.228725572673031,1.0286598226145
0.216447768976164,1.16517183570406,0.319683533545477
1.34062768779827,0.931853761908357,1.53078536772254
0.90081403372028,0.287834028939438,0.824740823993446
0.295856120022247,-0.120355002714906,0.0916066754295318
0.85420899340112,-0.585321498841045,0.695047066336725
0.750476304095988,-0.293705343548688,0.655418493147363
1.1246916564826,1.33591407383058,1.11625898882624
1.30889460106154,1.63024545033425,1.41347358907879
0.443059946393282,1.22303445719513,0.789050188510941
0.746491516044876,-0.178056946449899,0.861085206954652
0.937561290028018,-0.760117939479476,0.972612853545952
1.31638919436105,-0.644204074783698,1.15045863557724
1.08357274316899,0.872789550241448,1.31478200438951
0.980597530419462,1.39717887215674,1.15748225391547
0.800116166860832,-1.05106809711623,0.703523824509368
0.133955811422653,-1.10917289957297,-0.0945062596497221
0.876630375081143,0.932184432073027,0.887509125418422
0.381138979712724,2.27127517984234,0.675598033199312
1.39016960426861,-0.701908347181821,1.46677468841113
1.39348465144105,0.349704279679783,1.41066935376328
1.03976692474927,-0.0624108780142402,0.873158186017693
1.26541968228542,-0.760150540763317,1.2881144034774
0.60507143727313,1.10628925976141,0.603856813553179
1.00135609411896,-0.0612907910479979,0.832061757359569
0.960841119926322,-0.120355002714906,0.776288131267754
1.00118553898837,-0.235761218848022,0.985016069510066
1.21957552206106,-0.00388691619383548,1.17822577415464
1.31555003286485,-1.34268425240859,1.29496800585664
1.02654039328038,1.92135162840081,1.28897348983726
0.970069627358352,-1.63356222148826,0.785772732843106
1.1283686133224,-0.877298596918781,0.980125542271557
1.25520906471116,-0.528304182066708,1.32118502272107
1.25480933794168,-0.761238026445719,1.32376386968707
0.952750907268313,-0.527538051896451,0.88338916147398
1.25662607152785,-0.294469145055814,1.4127422383422
0.822137443600352,-1.57558549550376,0.706599498253126
1.0636287598493,1.62981930498119,1.12915595829863
1.1978219904046,-0.759607962253682,1.04726253654792
0.557323185956674,-0.0618892574727888,0.526776218313403
0.938129302901965,-0.527023417344394,0.966423003702607
1.32437276279106,-0.295505400149324,1.23952576067629
0.74263681882508,1.68836189610664,0.967902765116221
0.989682711034431,-0.00326050581146655,0.95046015916419
1.21570569800041,0.348940478172656,1.42372734727305
0.426493030293526,0.640556633465013,0.643273926948232
0.895569936168341,-0.0612907910479979,0.70467141106832
1.07634438226845,0.462139121657127,1.01951222407523
1.24729961780132,2.09546577074172,1.24816666923788
1.26452795501727,0.0544204799553421,1.18029967049634
1.39774701702178,0.170942125728437,1.19644914339731
1.21417448353529,0.287834028939438,1.17527851145788
1.3578964893135,-0.00320694655944267,1.30119996489175
0.471274908119148,-0.585577651785508,0.318885448564836
1.36798041959564,-0.528143504310636,1.40526995331768
1.00585406024594,0.461817766144983,0.942205916959797
1.0188045268693,-1.05173409477183,1.06952798184736
0.8414850512195,-1.63356222148826,0.694290834289521
0.913003620248846,1.92154025011446,0.910487049859181
0.761995393403844,0.640556633465013,0.949633840922517
0.627282177694306,-0.352909275003486,0.402121274063366
1.0795686683958,-0.235756561521759,1.01418714998418
1.22094412298703,-0.00388691619383548,1.1129278053972
0.876205689024258,0.578886647753976,1.14246033412124
1.1114968913795,0.462139121657127,1.01942031382349
1.33723625007953,-0.934842191560832,1.43944002190904
1.28595777227953,1.45612897933021,1.56367490064756
1.24879528419044,0.873555680411706,1.24629277611291
1.34596027736919,1.33852217653784,1.35304309163222
0.337780159440138,0.287002696201499,0.464837857982179
1.34395634912748,0.753000790094884,1.28385983389854
0.858424465775207,-0.527053689965102,0.769459054183085
0.829396814524634,0.873555680411706,0.909707572436213
0.867741843397234,-0.411312146341054,0.940376129095909
1.13623873044603,1.45621281120294,1.16297631389856
1.20885853348931,-0.528304182066708,1.43491475155983
1.29223125135136,0.17052296636477,1.2182713038929
0.899142139635249,-0.527216696384306,0.80172447361675
1.05542471771389,1.86291149845314,1.12400063612897
1.27055940463549,0.287703623804075,1.46653596227336
1.00883631691967,-0.527053689965102,0.873474457755225
0.543307033395377,0.93141830190277,0.824559560581985
1.04572198382119,-1.57493346982694,0.879606720403937
0.625171983395625,-0.760471896275461,0.475129731399148
1.01695753960142,-0.00429443224184446,1.13683834357552
1.22080571239325,0.461817766144983,1.04657344052121
1.257784409366,-1.57493346982694,1.08627880792432
1.01986680926804,-0.992704813051896,0.856942879895254
0.59556875585068,0.462558281020793,0.43614771398162
0.757331032027512,0.931853761908357,0.992777381893661
1.29122304740866,-0.469514752649314,1.42567684758659
1.0401462302836,1.68876708349152,1.11531941630233
0.796610143322647,-1.05141506792282,0.823860190426832
1.41670775568617,-0.236441188482414,1.3326475889611
1.02788176589282,-0.818832851676663,0.896406369640797
1.27463571007375,-0.295505400149324,1.11819713323512
0.862580565298954,-0.294469145055814,1.03682953480694
0.279990711166945,-1.28400194149524,0.104941925346744
0.310556005789998,0.699185385126335,0.603302932689619
0.489168069990495,-0.761238026445719,0.621379050407102
1.02776037299499,0.408654386853249,1.02043623668513
0.420314850319053,0.872789550241448,0.648883478440265
1.36228932389657,1.39717887215674,1.57884888642027
1.38927938968454,0.228639412137166,1.52121458281142
0.554891546289913,0.171263481240582,0.488173303514031
1.28836142729071,0.98599052238905,1.2634008404816
0.0890324976350768,0.228883921765972,0.063861956710005
1.10933791301908,0.461817766144983,0.946557028202022
1.27960412095119,-1.5756180967876,1.1557697724186
1.19145737211664,0.811685429671361,1.195641905876
0.132045291423202,-0.760537098843143,0.256633245001319
0.779449876890519,-0.818236713915004,0.587683857779893
1.17562978036346,0.288090181883901,1.15755507795559
0.76664878782056,-1.34252124598938,0.599970295452182
0.430560259627275,-1.28440247155385,0.517227149464976
0.493012178421695,-0.469430920776581,0.346253379685617
0.939266084991899,-0.527216696384306,0.906857774848
0.766625341217242,0.229405542307424,0.630268855816366
1.22306982229758,2.67837905447742,1.31309484304563
1.07064761400406,-1.28508709851451,1.07657130462042
0.752307786351994,-0.527738316925758,0.712962521524111
1.13534889403299,-0.469619542490231,1.22778018182617
1.172278806944,2.67837905447742,1.35417679951481
1.11260833601101,0.815353074103445,1.07525375060852
0.793357872539732,-0.527791876177782,0.683456773625518
1.12921722909413,-1.0521532541355,1.18417813659466
0.831446879630934,2.15452998240863,0.828700645246108
0.475982380991905,-0.00429443224184446,0.613640683210947
1.09603045295164,-0.469109565264436,0.972451403479108
1.25134642589992,-0.294804472546747,1.12592357572466
1.388647465908,0.228883921765972,1.29006103918894
0.68116814468596,1.10588407237653,0.933251743119956
0.892993457000435,-0.469619542490231,1.02146808096806
0.255090040271482,0.170942125728437,0.0725237137168092
1.03574167239888,-0.586420627839104,0.915453036937728
1.4089117600827,-0.294823101851799,1.34876835040469
0.651254438732553,0.287268163798488,0.818695692836298
1.23439906975276,-0.23668569811122,1.27833410175921
0.575755241533329,-0.876618627284388,0.455331167854362
1.18514910131085,1.62981930498119,1.16974253539198
0.466520163868732,0.229046928185176,0.436530437621439
1.16764583376243,-0.236196678853609,1.12243803875397
1.13670614982832,-0.0625715557703125,1.01930717394229
0.70177695266104,0.520341727965387,0.65478098924328
1.41387563290788,0.287002696201499,1.63129695166527
1.2378082815095,-0.528059672437903,1.0520695835184
0.90693170633135,-0.527738316925758,0.83365132912657
1.39681293459924,-0.00266436804980723,1.24114498381959
1.36704293363392,-0.702609274784398,1.50551944951543
0.982676714694399,0.520767873318449,0.841361838754704
0.405755644171214,-1.34252124598938,0.208412202480375
1.12297135650685,-0.527216696384306,1.12248373052865
1.34978736810443,-0.644204074783698,1.13208366802754
0.502727770129119,0.287407883586377,0.398304132870401
1.27672056691401,-1.4011499976507,1.02554545523638
1.40089339991873,0.350025635191927,1.34339199673465
0.930876360885045,1.39750022766889,1.1661171834212
0.892266234126535,1.57161669867293,0.869649680521758
1.12525361862021,0.873299527467243,1.18224268701664
1.16148467148391,1.63024545033425,1.17554677731653
1.16448470219564,1.16491801142273,1.25057332662516
0.741257629110511,1.86323285396528,0.811457788540507
0.234630988020825,0.752735322497895,0.208110175502522
1.152009218375,-0.469619542490231,1.24671484043937
1.40752614146077,-0.585577651785508,1.24939609829959
1.18811547480168,0.229405542307424,1.09599485378255
0.643526892083941,-0.00317434527560217,0.712838530933232
1.38427316170498,-0.817554415617479,1.24114010255609
1.05418620761923,-0.527458877349981,1.0732169847254
1.19693328850461,-0.294804472546747,1.15847546267977
1.22111543445967,1.45580762381806,1.44570039495882
0.496594214335156,1.86291149845314,0.479050117241113
1.19068439054916,1.16440803419694,1.37567423266334
1.1380997100417,1.27728532216926,1.07805173871214
1.17679908516123,-1.57449800982135,0.943995189467187
1.03581579391905,-1.80825317368684,0.978815172187259
0.92442362874913,0.582258551968362,0.96921476061047
1.16963917321554,-1.40046769935318,0.932464911540645
1.20388936626984,0.346716604882091,1.14438710660932
1.33838324278704,1.16517183570406,1.36396753415008
0.580060718610478,1.62981930498119,0.643321844967113
0.257205907135483,2.67837905447742,0.345341172347655
0.830997234286645,1.16440803419694,1.06633972741467
0.871011888218148,0.17052296636477,0.795553110981186
1.16243728428649,1.16408667868479,1.32176914160946
1.26638212753455,0.408333031341104,1.20451062946194
1.30560716037365,-1.5756180967876,1.22264426985187
1.30014674899754,1.97998038006213,1.60697575265598
1.35432579853068,-1.10985286920736,1.06454377434425
0.93575892694065,1.68836189610664,1.14737805723217
0.089065020342906,1.39750022766889,0.36062069216294
0.903848477994943,0.229151718026092,0.744330041071263
1.3458804832837,-1.86688169248185,1.3527468199418
0.621878113800371,0.0547138915099087,0.634366997076355
1.36214259354031,-0.528304182066708,1.45321881929488
1.073686974502,-0.760728049219925,0.967763081448518
0.778214013993012,2.09546577074172,0.861091721864979
1.35639666304315,1.10665020254679,1.31530283616593
0.40011030716571,1.16408667868479,0.603384804479048
1.04776788904626,-0.00388691619383548,0.936781987101178
0.849243607891857,1.98006421193487,0.910405479630889
0.844130357513278,-1.28400194149524,0.737736618685284
0.570045237283187,-0.0624108780142402,0.49809624410754
1.36053952658115,-0.818669845257459,1.21948025059273
0.883772891159852,0.228725572673031,0.79465756226481
1.09887883708384,-0.992439345454907,1.01231455370938
0.626021355509395,-1.10953151369522,0.345834081576266
0.728679660943102,-0.701489187818155,0.81851148886055
0.700914722732546,1.63049927461558,0.720803496384286
1.07564438770809,0.17052296636477,0.953580295100266
1.05998394754631,-0.586087629011302,1.10745932274064
1.27772347646241,2.09546577074172,1.28947462038208
1.11937646277866,0.408654386853249,1.19326225445541
0.940416103067579,0.0551214075579177,0.89102364200251
1.11407034517924,-0.29395916783002,0.941159383125951
0.796254284391632,-1.10985286920736,0.582801592126762
0.668956624238159,-0.585321498841045,0.522127193497056
0.721773501752686,-1.28508709851451,0.79726611185877
0.605917027676688,-0.585577651785508,0.485056634387018
1.05176893845128,0.407566901170847,1.28568175737745
1.23789412633133,-1.28508709851451,1.2894878012121
0.751418706280991,1.33591407383058,0.822495405259889
0.756491114189273,-0.468855740983105,0.619372826397964
0.219281782609555,0.229205277278116,0.108597076042361
1.25030607742041,1.16491801142273,1.25947926258082
0.66457929466697,-0.294790500567959,0.679891767744813
1.34262291810649,1.33852217653784,1.35776353930477
1.05008683374868,1.63014066049333,1.14574653780767
1.34062390608806,0.753056678010039,1.27957324163866
0.815770934457287,-0.993470943222154,0.866997301602023
0.544581469737054,0.0550352470220533,0.684653428162588
1.14871421426668,-1.28508709851451,1.18200207875299
0.674429137086945,-0.469430920776581,0.509369346212076
0.48087061961283,1.62981930498119,0.595908165808617
0.58068129725638,-1.10917289957297,0.443334933583821
0.637873235315968,-0.235756561521759,0.583833219505323
1.12721897341774,-0.294124502912355,1.03617704573966
0.890340965457254,0.229046928185176,0.747657349965943
0.785289971971978,-0.528304182066708,0.877586887247287
1.29717508111241,0.228883921765972,1.15702704898105
1.27593586204488,0.170942125728437,1.06967378780102
0.903724059728946,-0.877298596918781,0.646808205167668
0.617128285773231,-0.585682441626424,0.504700053650188
1.10981327399281,-0.295125828058892,1.02552599012852
0.32758958493,0.287324051713644,0.532676023543641
1.12415162826423,-0.294823101851799,1.06643304708719
0.539563896626856,-0.760537098843143,0.581496760883131
0.64374698761832,-0.761238026445719,0.745883222783205
1.35060497385241,-0.644204074783698,1.12330803027841
1.22283157455418,-0.294469145055814,1.32438701260002
0.328128100464288,-0.761238026445719,0.427478075200885
0.523332040051944,-0.993524502474178,0.536848229408605
0.448715872187383,-0.585321498841045,0.255645305548849
1.17184807015077,0.811685429671361,1.12505915553079
1.36953621517714,-0.236175720885426,1.28033586550067
0.624617584678444,1.98006421193487,0.883434464285127
1.3332030561377,0.407566901170847,1.53393300932904
0.963309442182146,1.92103027288867,1.14075845485499
0.906634463908632,0.520767873318449,0.85682311116029
1.18445024126354,-1.10993670108009,1.17120566701307
0.487177377734534,0.873981825764766,0.491921081984693
1.1491804991359,-1.51663538833029,1.1574361658556
1.31401692754463,0.872789550241448,1.5175059798323
1.04669161431972,0.0547697794250641,1.1642504595805
1.07945824245758,1.45570283397715,1.33788842590685
0.265262084401578,0.171263481240582,0.145498249771937
0.78449505648527,-0.644204074783698,0.555579454604334
0.509746246112852,-0.236580908270303,0.641635880715701
1.37341057729005,2.15452998240863,1.37302381228938
1.34683233974423,1.16451282403785,1.49648291424971
1.28607651798021,0.520446517806304,1.180355783748
1.25857629948454,1.97998038006213,1.50335215982693
1.31078848153606,-0.527111906543389,1.19954650666271
1.35673247891004,0.640235277952869,1.46031323860527
0.894437692130662,-0.294124502912355,0.971502640433384
0.803785938451227,-2.15741222502231,0.570286968313163
1.30072724151519,0.17052296636477,1.09533035214865
1.35432466401762,1.92135162840081,1.62060928589148
1.35180112879269,1.04461927405037,1.29203067637323
0.796107932206401,-0.818832851676663,0.621264806784681
1.06829652476483,0.870181447534188,1.38234690842778
0.546699227456161,-0.352587919491341,0.44337348993694
0.424817354498283,0.640556633465013,0.573902380206529
0.780375639550586,-0.294280523342164,0.544230882592469
1.254690592241,0.348940478172656,1.35266104844978
0.909740760677337,-0.352587919491341,0.764169074669736
1.10649557962322,-0.469675430405387,1.25447612490911
0.189057598247687,-1.10993670108009,0.189879261740182
1.10848286833999,-0.178056946449899,1.31875132733481
1.38416122308268,-0.178378301962043,1.50208092633782
0.745428855475109,-0.760471896275461,0.674075337533647
1.00448924103018,0.0546091016689918,1.08595155094149
1.3277214671844,-0.00266436804980723,1.16097105268856
0.636475515221357,1.33852217653784,0.652853016001908
1.06594241015743,-0.528143504310636,1.13789480513147
1.16770709746788,-0.934076061390575,1.13329503362292
0.459846201685375,0.461438194054551,0.369691684563771
1.24703830162562,2.38708425469721,1.31393315371934
0.913832192956447,-1.57493346982694,0.840174259423196
1.25502640810789,-0.701142217011564,1.18586713064317
0.999995056613417,-1.10885154406082,0.840298642638439
0.962982702419769,1.33591407383058,0.996104155391482
1.15018227417124,1.16517183570406,1.22082149614444
0.637390310921808,-1.51695674384243,0.560255047917805
0.968244574009707,-1.22646067551632,1.09672438416982
0.697087253826282,-0.236175720885426,0.582875303003726
1.35229161660727,1.04461927405037,1.290432197799
0.436780416585109,-1.8657951382647,0.298571058517853
1.35863581366008,-1.28440247155385,1.3184759594597
1.07157035129595,0.753000790094884,1.0449681665253
1.2790656054169,-0.00388691619383548,1.12143213467767
1.26758924943445,-0.877298596918781,1.03124871261884
0.630317756482033,-1.80825317368684,0.614198705392092
1.08442211528276,-0.23668569811122,1.15755688457679
1.17162797461639,1.63014066049333,1.21915832515589
1.40977663720835,-0.00317434527560217,1.47988015789416
1.10851350019271,-0.818674502583722,1.00360317227781
1.41616092038941,-0.702609274784398,1.57483532001744
0.648766829754646,-1.22646067551632,0.65466030758803
1.29146810223044,0.93141830190277,1.57593639935112
1.25547189357094,-1.28440247155385,1.27034838853586
1.19847093187709,1.68844805664251,1.19963544065703
1.20149024931091,-0.527372716814115,1.08626824230203
0.648705944220221,-0.235842722057623,0.729988385085986
1.34595989919817,-0.760117939479476,1.31843729877283
1.08652172079285,0.870181447534188,1.32445760536228
0.788168987956899,-1.05173409477183,0.829875905873817
1.35774559907602,0.811685429671361,1.36880217419339
1.01457733119355,-0.0624108780142402,0.903695012169864
1.2312935293261,0.229046928185176,1.12138250155842
0.494180726877417,-0.818669845257459,0.274580929706805
1.14405250008749,1.86323285396528,1.13072164175603
1.31215594794896,-1.0521532541355,1.35505700567915
1.18948861377991,0.641322763635271,1.14626769311023
1.29557201415325,-0.761238026445719,1.32405918269679
0.448322574325263,-1.51698934512627,0.40557254197424
0.237440042366811,-0.236580908270303,0.459835366905139
0.622571301282357,0.93141830190277,0.873531143012073
1.19780270368251,1.33591407383058,1.15380258661976
0.463117759190374,-1.05176902471881,0.433282854352711
0.155873469302345,0.346036635247699,0.186062396024917
0.900573138779732,-0.00378212635291862,0.814572660656011
0.651012409278941,1.39717887215674,0.812699705161954
0.657669731937362,0.346036635247699,0.653326764887028
0.685905114898376,-1.22569454534606,0.574680026755281
1.15596375274441,1.22303445719513,1.46229255549021
0.970706089187148,-0.469675430405387,1.0724958033259
1.22743089051486,-0.00266436804980723,1.15795390651597
0.756082311315281,0.17052296636477,0.684086135836511
0.875253832563724,0.229151718026092,0.751654868648729
1.26068384658607,1.10628925976141,1.28336553995976
1.11113535988317,-0.23649707639757,1.02267999477321
1.3261229382775,0.407566901170847,1.56761765418052
0.511291831076779,1.68876708349152,0.685134387058743
0.894462651418066,1.92135162840081,1.124429308717
0.738855108612389,1.45689510950047,0.849968231150245
0.890868135860903,1.39717887215674,1.06734825356278
1.24497310967847,0.519936540580509,1.32010276830704
0.640891796407738,-0.177898597356958,0.768835214796614
1.31234427711756,1.22271543034611,1.53501541383723
0.969248618071177,-0.527791876177782,0.904174485225335
0.982148031606665,1.16459665591059,0.991711460744666
1.26095802057649,-0.411312146341054,1.360250671416
0.72235891049361,2.21315873406995,0.852200523051069
1.27973912800578,-1.86611602804422,1.04010282764979
1.21195953586372,-1.22569454534606,1.13436976044863
1.19024457765143,-1.40046769935318,1.01232312234714
1.04224583579368,0.872789550241448,1.30942631291979
1.37925899213397,-0.00320694655944267,1.3625005138089
1.20898219541327,0.171263481240582,1.15228217165319
0.832359784476277,-1.34226509304492,0.650629436884157
0.422405379724629,-0.294823101851799,0.400393448184037
1.24937312951093,1.92103027288867,1.44747543872268
1.18439654097852,-0.119695991048697,1.28135209358427
1.30017397731107,0.288090181883901,1.29957032438991
1.21989394206097,0.520066945715873,1.20391611289199
1.21992873379492,-1.34303122321518,1.20446468600498
1.24711733936906,-0.352909275003486,1.06992069818906
0.985538334812343,-1.05176902471881,0.923080866189894
0.388362046218964,-1.51663538833029,0.35033206682025
1.19749411612916,-0.528059672437903,1.01632459106898
1.05758218339023,-0.760537098843143,1.13103270641591
0.907618843076996,-0.993792298734299,0.955057750646553
0.878162724059325,0.17052296636477,0.780138519690456
0.923358699153237,-1.05173409477183,0.993230074581286
1.13426883759624,2.38708425469721,1.20062363499502
0.238132851677776,0.582258551968362,0.28609882074653
0.666490571008464,0.640887303629684,0.689710419436645
0.981934364979648,0.407566901170847,1.16315035540128
1.26548283684598,1.57161669867293,1.30061695294781
0.710876503774817,-1.34303122321518,0.662238867516251
1.38286901270301,-0.993792298734299,1.44270802988153
0.972510721300644,0.229205277278116,0.950690411845854
0.611409961760621,1.39717887215674,0.811195000203564
1.09051369409336,0.348940478172656,1.22941793336163
0.486706554813054,0.985669166876905,0.38574036237077
1.21460106044728,-1.51698934512627,1.13982080472613
0.985267942532135,-0.294385313183081,0.840282689184853
0.81125708514742,0.229405542307424,0.778294965263229
1.3674657288357,-0.585577651785508,1.20459141261109
0.915450764927479,-0.528304182066708,1.0220805571282
1.39886073067941,-0.00391486015141287,1.49868422909501
0.538660446057044,-0.0618892574727888,0.470286410605062
1.27891395883737,0.873299527467243,1.35649260600398
1.0116710868951,1.39715092819917,1.04512331080692
1.17634074188345,-0.178324742710019,1.28742268263326
1.07987952497528,-1.4011499976507,0.810544556169242
0.283377989004453,-0.469109565264436,0.26716090444937
1.17840669017264,-0.0617262510535849,1.02366662364739
0.968722960351613,-0.1771324671867,0.976431642113869
0.507625463025575,0.171263481240582,0.311883272642003
1.27425451368431,-0.468587944722985,1.23806262356395
0.205926672993437,-0.819354472218115,0.14544205826997
1.14774042388691,1.57161669867293,1.18837819087557
0.605440532189889,-0.00352830207158726,0.54361478724108
0.999470533406917,-0.527458877349981,1.07422633364577
1.23635081039353,2.15409452240304,1.3104008468586
0.542502663633138,-0.468909300235129,0.574897793250026
1.35214828979021,-1.05090276203389,1.19254798242102
0.477845629613698,-0.00378212635291862,0.490801599642402
1.16069429404946,-0.993792298734299,1.19272813065116
0.19596300109606,0.345952803374965,0.410825587798796
1.20305020477364,0.753056678010039,1.14011373499102
0.897056148281929,1.74742610777355,1.12760852180683
1.28195105030918,-1.28508709851451,1.33466981264184
1.00739208178944,-0.993470943222154,1.11405551225893
0.959964897670042,-0.295209659931625,0.997843229180892
0.783387771734994,-1.28432329700738,0.652528943028775
1.25422014749054,0.520767873318449,1.1692519979257
0.927994319531953,-0.585577651785508,0.772884690312536
1.06091424825863,0.228883921765972,0.914417135993982
1.30641115196487,-0.235076591887366,1.32438749674521
1.2866899113767,-0.818832851676663,1.2000259925311
1.30631585286751,0.0584094798995708,1.24274759272891
0.732349054362475,-0.295505400149324,0.611702820686224
0.969173362037944,-1.10985286920736,0.682086443211448
0.728542384862381,-1.4011499976507,0.520273550728672
0.856083965324572,2.15409452240304,0.888166411550039
1.10368803796132,1.63024545033425,1.09665338459747
1.13832623448344,-0.236848704530424,1.27210179082651
0.586174987682356,1.57161669867293,0.595643425332358
0.891096929328771,-0.819354472218115,0.76940221837447
1.36717340263626,1.68876708349152,1.4467319802378
1.32965732464228,-0.528059672437903,1.13171809584898
1.36981833075901,-1.28405550074726,1.16440535721348
1.11750791976257,1.33852217653784,1.1928028523757
0.270589379578196,0.348940478172656,0.490300191331858
1.2852229859852,0.753000790094884,1.31091940159676
1.02421955772285,0.349704279679783,1.00859744112343
0.789331863847302,1.62981930498119,0.78812959603448
1.40870036248181,1.57161669867293,1.39218847007153
1.41282772100794,-0.527738316925758,1.32265309006056
1.39626950284168,-0.00266436804980723,1.28620005265405
1.2655206539481,0.811685429671361,1.29339857599404
1.08653646946268,-0.527738316925758,0.958884179831012
0.562308236359043,-0.1771324671867,0.576787612829934
0.798137576077553,-0.528059672437903,0.65312268441729
1.38407915997107,-0.294385313183081,1.37020992930551
1.09508880710868,-0.469109565264436,1.04561765920059
1.15748778196012,-0.993792298734299,1.19321307573709
1.39784193794812,-0.818674502583722,1.30019969026173
0.359460325918474,1.62973314444532,0.66243535633309
0.992832875641602,0.640235277952869,1.15560848708925
0.965985758499667,-0.469675430405387,1.16327878475244
1.17582340392635,-0.0624108780142402,1.08390899865385
1.16192108084246,0.931853761908357,1.30162274719913
0.706029485795211,0.229726897819568,0.685442725313075
0.757415364165254,-0.236441188482414,0.656211562786488
1.3288487949988,-1.86688169248185,1.33380263858618
0.340064312408604,-2.15741222502231,0.178865109588954
1.3265480025054,-0.877298596918781,1.05402953047715
1.36660954964354,1.33852217653784,1.33809341243281
0.786134427862471,1.62981930498119,0.922521168719945
0.955918467742463,-0.00394280410899092,0.860969372242592
0.380852326078603,-0.819354472218115,0.201600620060079
1.08818453877337,-0.23668569811122,1.10935960086347
1.17741058770262,0.69886402961419,1.3280180292526
1.32607755775494,0.752735322497895,1.19960314661675
0.843405781836526,2.21264642818102,1.19906430354086
1.18234534135916,-0.701521789101995,1.14507868651137
1.14577053103712,0.931853761908357,1.31464338465146
1.13905875175164,1.98006421193487,1.27479672144122
0.874905537053135,0.229046928185176,0.789696786839961
1.16342847053324,-0.527377374140379,1.01783363411474
1.00369394737245,-0.236848704530424,1.04273142442409
0.866335803540156,0.873299527467243,0.937121498265621
1.3744925245819,-1.05141506792282,1.41841081939716
1.35612324539477,0.348940478172656,1.47176156878009
0.819330280109472,-0.586001468475437,0.658861881572326
0.438793799102346,0.229151718026092,0.426855036164077
1.2958537515641,-0.237007053623365,1.3325396177188
0.826000460582616,0.228883921765972,0.721427658381685
1.32701466554565,-0.120355002714906,1.20008735724801
0.234814779137161,-0.469940898002376,0.33477384090756
1.0003486465183,1.10298022945157,0.955498057820172
0.848921784352757,-0.527058347291366,0.759549876492081
1.33018600773001,1.63014066049333,1.43807517999918
0.327391423314855,-1.28400194149524,0.288332060803159
0.423537623762308,-1.05176902471881,0.321439979818951
0.945319090358333,-1.86688169248185,0.938840124013454
1.11076929033458,-0.294469145055814,1.24145316969174
1.13332000650388,-0.00359350463926894,1.18468052738132
1.09967450891259,0.753056678010039,1.00499955775714
1.3802036633451,-0.236580908270303,1.43043513683457
0.813416441678866,-0.527053689965102,0.675802165378318
1.11891282510659,0.640887303629684,1.08374139472636
1.25196776088786,0.699185385126335,1.51863813506401
1.34295154872397,-0.818236713915004,1.10964906798013
0.777874038244891,-1.05176902471881,0.606549566429729
0.179489493238558,-0.00391486015141287,0.299203053783142
0.357997938579227,-0.759691794126415,0.429004523220604
1.31343038429064,-0.528059672437903,1.12110320469405
1.23861227310072,1.39826635783915,1.25704515901165
0.833410343573363,-1.05090276203389,0.631132898944412
1.31884617148624,-0.178219952869102,1.40253210538227
0.801605026171569,-1.51695674384243,0.78139870936094
1.14453315545553,-0.468396994346203,1.30157057437683
1.21838050163385,0.520341727965387,1.14737541228017
0.994285430534297,1.68844805664251,1.05425718259442
1.26735327071717,-0.644204074783698,1.06868678780988
1.0659579151693,-0.0625715557703125,1.03116201219039
0.665254329939935,1.86323285396528,0.732516653064949
0.57287395652228,-0.0617262510535849,0.447295093005953
0.841593964473626,-0.877298596918781,0.691876128560396
0.395263667357125,-0.528143504310636,0.481928728332424
0.851430949078877,0.113398531086386,0.992478715103103
0.780050412472294,1.16451282403785,0.988993055494508
1.13147566643315,0.287407883586377,1.02958848814343
1.29211590918987,0.87387703592385,1.37515576761559
0.294861908407331,-0.644204074783698,0.0507175400799048
1.00319362711131,-1.80825317368684,0.968975462467514
0.280360562425746,1.68876708349152,0.341330353400162
0.876063874891282,-0.469109565264436,0.801783610259046
0.992879390677218,0.873299527467243,0.959864611829748
0.875557125722781,-1.10993670108009,0.825018490414215
1.11441523715064,-1.86688169248185,1.14725740715161
1.2541358153528,1.39826635783915,1.27388025563901
1.10671945686781,1.10628925976141,1.12099032656242
0.373597871377598,-1.34194373753277,0.167076263350969
1.32872929295608,1.45570283397715,1.58528952347404
0.815076990633259,-0.469619542490231,0.89223150921414
1.2910460633707,1.04461927405037,1.22370688664128
0.842245174972251,-0.701908347181821,0.959669606565573
0.776029698174162,1.45612897933021,1.00505016557323
0.791274528383561,0.520446517806304,0.766867329778621
0.993478413574908,1.92154025011446,1.12516940015052
0.596993326087801,0.287512673427293,0.475631801405298
1.19502201216312,-0.993524502474178,1.35825620783359
0.339534872978827,-0.585682441626424,0.220574625766369
0.693692412568349,0.521024026262912,0.677021288279301
1.40610573110489,-0.818236713915004,1.21127355391744
0.877401843964532,-0.527458877349981,0.944341566066737
1.01184088568365,1.10596790424926,0.951314646144709
0.655906698636206,1.22271543034611,0.869884341761832
0.444185005181558,-0.0625715557703125,0.299928452462517
0.631563073655072,-0.993524502474178,0.665746429432422
0.920010751101941,-0.237007053623365,1.00238397112652
0.486027359658855,-0.527738316925758,0.384767419521602
1.32413640590277,1.22271543034611,1.52609105199275
0.385591565317147,0.05545440638572,0.453088699752383
1.28657305653113,-1.0521532541355,1.28859888684074
0.852301498769839,0.521187032682116,0.789621494483044
0.590750478868691,0.461817766144983,0.491628679337385
0.785456367221336,-0.295505400149324,0.655289738897251
0.827132326449275,-0.295505400149324,0.689563913348625
1.30887493616843,2.67837905447742,1.40481158130491
1.37545307897592,2.38708425469721,1.47784660256178
0.431350258890706,1.39750022766889,0.606719216762995
1.34708041993419,0.229205277278116,1.2099577360557
0.430985323855182,-0.818236713915004,0.234100676023195
1.07080984937218,1.1069692293958,1.09261016773354
1.32976964143559,-0.352587919491341,1.19543946912038
1.10123484254634,-0.0625715557703125,0.966134109048736
1.36018328947912,0.752735322497895,1.23883567622461
0.53088184632056,0.519936540580509,0.647408838074727
0.890053933652111,-0.761238026445719,1.00170700755871
1.10937497377916,-0.120355002714906,0.983053327505149
1.00026242352545,0.873299527467243,1.03764276648504
0.693885279789197,0.228725572673031,0.538872553034808
1.01985584230843,1.63014066049333,1.09006520543987
0.893604581370806,1.68836189610664,1.18151437156839
0.675653276682793,-1.4011499976507,0.522683368330235
1.09655270713201,-0.0618892574727888,0.99741869150399
0.969022093629437,-0.759691794126415,1.08283583591914
0.773494817818595,-1.22646067551632,0.788828557549124
1.08740550646955,1.33591407383058,1.08635427828925
1.07719186352712,1.04435147779025,1.04848034292175
0.547183664534407,1.33852217653784,0.708215999109322
0.898303356310074,2.15409452240304,1.02357376523985
0.7622862069192,1.68876708349152,0.81770922458118
1.32491846357475,0.229570877389759,1.21024924957814
0.685183942760816,-0.760728049219925,0.539586248030366
0.76966129817599,-0.119695991048697,0.901597847114587
1.33096957808608,0.0546091016689918,1.43380367403302
0.780148736937824,-0.468855740983105,0.69350833073029
0.696927287484285,1.45689510950047,0.726211532735462
0.884831013677363,-1.10917289957297,0.684045019188156
1.3852318252439,-0.760537098843143,1.55158133260086
0.179506510934515,0.17052296636477,-0.0172594159059532
1.40499958086767,1.16408667868479,1.59240202547014
0.936243364018896,0.0547395068043552,1.02616069303758
1.33054300117409,-0.120355002714906,1.20058516467148
1.26316124494641,2.21315873406995,1.28873601478925
0.840867497941768,-1.51663538833029,0.922847532917072
0.682949330196137,1.57161669867293,0.666672453212575
1.03367874947785,1.86323285396528,1.02220356066692
0.750069392077102,-0.934076061390575,0.67695182991773
1.15968722461982,1.10588407237653,1.29647701458209
1.39618857424313,-1.57493346982694,1.23342216875818
1.39855932837546,-0.527738316925758,1.31861968880572
1.33919479779868,-1.34252124598938,1.13840433545812
1.28370084762459,-0.585577651785508,1.10712086681138
0.880541041612087,1.33920447483537,0.93951495606111
0.532195234277428,0.753000790094884,0.50059960743808
1.34172287107587,-1.28405550074726,1.26674507112026
1.12879103035316,0.117038231560892,1.15515930514069
0.801416318831955,0.287268163798488,0.972664241119522
0.764138110410355,0.0547697794250641,0.971042049498079
1.25969303851035,-1.34252124598938,1.07033434534473
1.03578554023735,0.462139121657127,0.986946774648232
1.24154196400249,-0.819354472218115,1.09552720064235
0.869824053040342,-1.86688169248185,0.8946846848092
1.02967429653364,1.68836189610664,1.45065497122021
1.41442246820464,0.229046928185176,1.34320811491223
1.31000718020611,-1.34303122321518,1.31192629181002
1.16106149811111,0.873981825764766,1.25517147867261
0.665396144072911,-0.352909275003486,0.441079288312653
1.31236507652373,1.86291149845314,1.31304844976379
1.20141083339644,-0.877298596918781,1.03154147173978
0.799756904390627,-0.120355002714906,0.609804923935412
1.23678532889697,0.348940478172656,1.36041377068821
1.13218927515028,-0.526371391667578,1.06181529631148
0.465991858952019,1.10588407237653,0.662115333614316
1.04221822930913,2.15409452240304,1.17793432195116
0.683364940148512,0.873299527467243,0.648427856170853
0.842194500055401,-1.28508709851451,0.895325434499541
0.990141054312209,-0.528059672437903,0.831409847161542
1.11339909161649,-0.235756561521759,0.961559482888395
0.758809680720674,-0.1771324671867,0.722711702041457
0.366430017840463,2.09546577074172,0.379882726736044
0.0954943058755017,0.288034293968745,0.166705508347772
1.2071548730385,-0.0625715557703125,1.08699226084728
1.13458045051777,1.68876708349152,1.21025417385643
0.419857641554339,0.0584094798995708,0.400485997708773
1.19633993817224,0.873299527467243,1.19726861633846
0.354972192238052,0.462139121657127,0.249833249575781
1.02741094297134,0.753000790094884,1.00703980783828
1.22896323949304,-1.0513102780819,1.21041285862137
0.367348595251126,-0.00429443224184446,0.451279205717473
0.837764226541234,0.753056678010039,0.754905512831636
0.910267174738943,-0.760728049219925,0.77481228923371
0.716428432538068,-1.8657951382647,0.481982436416653
0.8056968366217,0.815353074103445,0.791707075746792
1.39111087194055,-1.10985286920736,1.10401613840713
0.569753667425788,-1.2839693402114,0.550985971949661
0.21498651614998,0.873555680411706,0.179666291176898
1.08887583540025,-0.178219952869102,1.21652887449224
0.504528242361381,1.63024545033425,0.475005163769431
0.980626271417078,1.16440803419694,1.29726887431584
1.19103079520465,-1.10993670108009,1.24297462845338
1.19543610943141,-0.352587919491341,1.07425244957239
1.15762921792208,0.287354324334353,1.10520227399754
1.40536413773218,0.228883921765972,1.318363206254
0.236702987046358,-0.352909275003486,0.0997225289859749
1.37081292054495,-0.0625715557703125,1.20864229937822
1.18777852442173,-1.28432329700738,1.08582011284302
0.860083502045514,-0.0618892574727888,0.78494977936477
1.10367820551476,-1.28440247155385,1.11670011282328
1.24677093471358,1.68944938178905,1.29648628701505
0.322148082104959,-0.877298596918781,0.234808592393508
0.292138320712151,0.812065001761792,0.222612048769055
1.17039967513931,-1.05122411754604,0.940164224052759
0.379940177575301,-1.86611602804422,0.181118863582158
1.17215627953311,-0.993792298734299,1.30005615036383
0.680865986039966,-0.0624108780142402,0.569296920678359
0.510759366278832,0.228639412137166,0.688160981841884
1.39967606740127,-0.236848704530424,1.54387007250192
0.638819041040162,0.520767873318449,0.509433764063902
0.906113344241324,1.57161669867293,0.86276271925736
0.528369278055248,1.04435147779025,0.533168673310697
0.94438576427784,-0.760471896275461,0.878312467137907
0.966515576100465,0.171263481240582,0.840528202507416
0.620841925202094,-0.236527349018279,0.711210484266651
0.755451143880783,-0.236876648488002,0.710834390395801
0.404474778922176,0.753000790094884,0.293134554612318
1.26152262991125,-1.10993670108009,1.22837030036261
1.09943890836634,-1.28432329700738,1.03065539314135
1.33230565630422,-0.120355002714906,1.19333096783742
0.337909872100434,0.229570877389759,0.219204488918856
0.760491407252257,0.462558281020793,0.71350525789613
0.599677583996769,-0.178056946449899,0.742089330626836
0.429733955945802,-1.57558549550376,0.39847547816945
1.19808784463255,1.1069692293958,1.16720896103526
0.865320036177027,0.872789550241448,1.08091147958099
0.790230020022816,-0.0625715557703125,0.7006232690109
0.24331001295895,-0.410226989321783,0.229245151841557
0.943750058791087,-0.237007053623365,1.09310381050161
1.32383197823065,-0.644204074783698,1.24202988546014
0.177802094141655,0.699185385126335,0.48120892386382
0.682256899056193,1.57161669867293,0.683933260356286
0.273498649244819,0.462139121657127,0.249738814264331
0.836541977800492,-0.352587919491341,0.778201565052373
1.34198078371237,-1.34303122321518,1.28163643553443
1.31294140916014,-0.759607962253682,1.20450045234557
1.39145273854377,-0.818669845257459,1.19096723280448
1.16159245022498,-1.10993670108009,1.16094399226697
0.528460795442396,0.520066945715873,0.474608538115445
0.704403350403754,1.10596790424926,0.677613343854117
0.938843667961142,-1.28508709851451,0.921941006277065
0.782747150024964,-1.80825317368684,0.807086669929505
1.06653160060856,-1.57526413999161,1.05874992918606
0.828555005831289,-2.15741222502231,0.610618862611934
1.02765145974087,1.51433158563847,1.36514668212507
1.31821235685459,-0.469675430405387,1.38853722136653
0.430850316800589,-0.0625715557703125,0.346613828070476
1.37918865232402,-1.34268425240859,1.19285599623401
0.166172200724567,0.287675679846497,0.162651218378556
1.11008669164119,0.811364074159216,1.09129566594135
1.26623880071749,1.45570283397715,1.5101033124156
1.07861794644832,0.640887303629684,1.20424480126061
1.12741751320391,-0.00326050581146655,0.982915822033215
1.04779663004387,-0.528143504310636,1.0898403625545
0.931195915398017,-0.0618892574727888,0.829804893030938
1.40892575241049,-0.585577651785508,1.24419805557902
0.355793201525228,-0.294804472546747,0.186068909104827
1.30275348184715,-0.294823101851799,1.3290101031586
0.346896350078851,-1.0521532541355,0.38568209243074
0.614154348861971,-0.235761218848022,0.475607446797067
0.0928319818857673,1.10628925976141,0.126294745058023
0.768118738580233,-0.235919567940963,0.742624621321681
1.11796437218525,-0.527111906543389,1.0707933570881
0.432736633854679,-1.10917289957297,0.297897458798181
0.511168925494866,1.16491801142273,0.670198730223395
0.969651370208828,1.10596790424926,0.969440646833307
1.12046181360971,-0.818320545787737,1.07379371056109
0.272275265991013,-0.818641901299882,0.305435266788556
0.731376776666793,1.63024545033425,0.791969369413645
1.11311395066645,-0.23649707639757,0.971108267564642
0.900776594789174,-0.410611218738478,0.995344505498859
0.942980102591783,0.462139121657127,0.862508840473276
1.363897307079,-0.177898597356958,1.46912435257397
0.79791029529377,-2.15741222502231,0.643646476674917
0.738943978802387,1.63024545033425,0.72301249486091
1.00048025003371,0.228639412137166,1.06762724978121
0.643165360587608,1.10596790424926,0.573191726448172
1.13299742662273,-0.00350734410340389,1.04071353883072
1.17627720915188,-0.934842191560832,1.30235620383003
0.643289778853605,-0.00359350463926894,0.794949289030784
0.538398373539305,-0.992760700967052,0.465468295105328
1.38031068574412,1.10588407237653,1.5818201449636
0.491570968659639,-1.28400194149524,0.362730542462943
1.26725986247492,-1.28508709851451,1.31832867269899
1.09107830342812,2.09546577074172,1.11850603434256
1.3175724914866,-0.177293144942772,1.18696965646357
1.14924592272258,0.350025635191927,1.14848293742594
0.991611005071882,-0.352909275003486,0.895881197946587
1.16201713628186,-0.818669845257459,1.00958337169367
0.993647077850394,0.578886647753976,1.17579988000397
0.802697562252015,1.45580762381806,1.05504626924699
1.010122476563,0.229046928185176,0.916991765222497
0.317851681132321,0.408654386853249,0.456938976062068
1.14346444414942,1.63014066049333,1.15314230684177
1.10350197781885,0.229151718026092,1.01129803001349
1.21824965446049,-1.40046769935318,1.00949924254295
0.346856642121618,1.45612897933021,0.613454277701619
0.808091793699397,0.462558281020793,0.756531029862459
1.00903636938992,0.287002696201499,1.11440256428221
1.25647631580343,-1.10917289957297,1.06255005070776
1.23230059875574,-0.294804472546747,1.07403301511051
0.781349429930354,-0.586087629011302,0.791272918772988
1.41618096345354,-0.178056946449899,1.61259614570561
0.270308020338372,2.67837905447742,0.354999579301982
1.28681016976147,-0.761238026445719,1.39391621724295
1.00611537642164,-0.527216696384306,0.917519853227974
1.28159103149693,-1.28508709851451,1.28727557067735
1.19899583325462,2.67837905447742,1.35249174589567
0.949879454703816,1.04461927405037,0.958960801527994
1.2428383342634,1.92211775857107,1.45831087540237
1.34799710648974,-0.818236713915004,1.14055626978166
1.07659019343228,1.68876708349152,1.11877798345705
0.821923776973336,1.63024545033425,0.883302071624394
0.458878083870926,-1.57526413999161,0.424511066427318
1.306306776763,0.287675679846497,1.23167073416538
1.2830999338718,1.57161669867293,1.25062650114295
1.15442232766171,1.45570283397715,1.47600790056899
1.13280871928312,-0.528143504310636,1.21560984290354
1.32102859644998,-1.22569454534606,1.16513467069638
1.38869511545668,-0.759770968672886,1.25174692340417
1.0653872550982,2.21264642818102,1.33546948825452
0.153423677426564,-0.5850001433289,-0.0438034225123857
1.06599497592938,-0.469940898002376,1.13011809574093
1.36552268612842,-0.0618892574727888,1.27174510989664
0.965129579307514,-0.586420627839104,0.934360082801122
0.69577840392167,-1.0513102780819,0.704751058901566
1.33645116703938,0.28835564948089,1.43082712787369
0.713541853132721,1.1069692293958,0.747913543311832
1.01502168214354,0.521187032682116,0.896506615609782
1.40981747967864,1.10298022945157,1.41835681844627
0.600487626324327,-0.235076591887366,0.610971952264409
1.25091644544873,-1.28400194149524,1.12461220806331
0.979508019707186,-0.236196678853609,0.916341271766927
1.41682271967663,1.16451282403785,1.57775027723381
0.670891725353994,0.287002696201499,0.835485840838129
1.10757752691507,1.16440803419694,1.28780127502279
0.601849798342939,0.228639412137166,0.728633893724464
0.0953842581083124,-0.993470943222154,0.14804753917048
0.973310174839607,-0.00394280410899092,0.918204734720434
1.19404330556008,1.04461927405037,1.10352520328284
0.435110035184164,-1.22646067551632,0.496834169107945
0.707919584559514,-0.528059672437903,0.613104610013
1.0145569099584,-0.759607962253682,0.896626799849317
0.948429547008271,-1.0521532541355,1.03233489785254
0.825105707946294,-0.469109565264436,0.872627162481574
1.02941033316079,0.229151718026092,0.942006719583976
1.41693087658871,0.462139121657127,1.40293904589147
1.03313456137825,0.408654386853249,1.09236288531333
0.40920191668804,0.287002696201499,0.493895328615621
1.37915386059006,0.694372038433562,1.23318704213468
1.22426408638275,0.287268163798488,1.26815455780649
0.645299001489608,0.520341727965387,0.556522180936072
0.335814426471582,0.640556633465013,0.494074800964427
0.733082706143738,-0.527372716814115,0.648854846148412
0.363872447223621,1.63024545033425,0.43718022819703
0.55573373315428,-0.469514752649314,0.615960590748529
0.68368336014842,0.287703623804075,0.757938347505007
0.77527222161856,2.15409452240304,0.84307798016959
0.607868390146436,-0.294804472546747,0.48957119588384
0.532357847816574,0.93141830190277,0.736934727353298
1.19163322164153,0.520446517806304,1.13724922359887
1.29905307840403,2.44571300635853,1.36090990465329
0.969944830921333,0.288034293968745,0.930705241445913
1.12406086721912,0.872789550241448,1.29882901755976
0.761205394140413,-1.28400194149524,0.743373207261093
1.36078344688987,-1.10985286920736,1.09001259102957
1.23040369291306,-0.528143504310636,1.31290164257224
0.321266565454381,-1.22537318983392,0.244208883149295
0.577849552649117,-0.00266436804980723,0.479143740305192
1.18702974579962,1.63082063012772,1.20284029651079
1.1104051116411,-0.760858454355288,1.31485593903491
1.33891079136171,-0.295505400149324,1.27644499604178
1.28031394795811,-0.585577651785508,1.08667500663363
1.07137408053592,0.582258551968362,1.08829674705738
0.821398119253771,1.04435147779025,0.775164477863608
1.14730250184428,0.287703623804075,1.27370623289806
1.16140147385923,-0.178378301962043,1.32739596216702
0.536368351497132,0.814673104469052,0.634978356682366
0.79288931864438,1.33920447483537,0.86272352271603
1.0615128929853,0.287675679846497,1.05336880087428
1.29585186070899,0.228725572673031,1.23981951279824
0.814637555906544,1.68879735611223,1.10894239034426
0.840540001837349,-0.585682441626424,0.660301772851297
1.22839144490888,-0.527216696384306,1.08616167910772
1.22275820937606,-1.05176902471881,1.07353331366345
1.29242790028242,-0.586001468475437,1.09927850724104
1.15007525177223,-0.528143504310636,1.22372763532878
0.795206750662717,0.814673104469052,0.783669208462915
1.2377905074715,0.17052296636477,1.11094684388293
1.27010522123895,0.811552695872866,1.32013361860623
1.32824977210111,-0.469940898002376,1.38563863905717
0.946776939645325,-0.818674502583722,0.778016083903434
1.2904788068388,1.45621281120294,1.29287080236262
1.01509466915065,1.10596790424926,1.03764271065734
1.27910455703209,-0.00391486015141287,1.36542267279943
1.18659409278312,-0.0624108780142402,1.20911753776486
0.424564358085054,2.44571300635853,0.535819634115162
1.36283086479902,-0.818320545787737,1.35819257889133
0.852976534042804,-0.178056946449899,0.985398069220115
0.963807115246136,0.0558013771923105,0.940302161960618
1.39213874077636,-1.28405550074726,1.23919334237621
1.03575037033237,1.16451282403785,1.22503965919449
1.24293741507098,0.0547697794250641,1.37043928828626
1.16711223445142,1.10298022945157,1.23178624169048
0.686991978413504,-1.4011499976507,0.380825532690904
1.26666310860336,-0.586087629011302,1.43616270672568
0.384179474723728,-1.10993670108009,0.375147520871958
1.13708885890184,1.45612897933021,1.40740340638229
1.0708760293009,-1.80825317368684,1.03274935771318
1.15674013785107,-0.236527349018279,1.28482945179593
1.21859908448414,-0.0625715557703125,1.17683387365361
1.04946625510278,-0.760206428678473,0.921882349661526
0.524731651001661,0.98599052238905,0.434589370952437
1.02609755501447,0.640887303629684,1.08851696493757
1.11552214372989,-0.23668569811122,1.16313834512268
0.905687523671375,0.0558013771923105,0.800597549715723
1.0681982002993,-1.34194373753277,0.888915875174216
0.55184500054257,-0.469514752649314,0.638526372636078
1.16916986297814,-0.00420827170598007,1.03908521348321
1.00478156722962,1.86323285396528,1.00613933484362
0.984181079017008,-0.236441188482414,0.809558720780667
0.739593298445906,-1.86611602804422,0.508871998223181
0.348325080197206,0.931853761908357,0.488037198768409
1.16614071309778,0.579652777924233,1.10842910583313
0.163470925119642,-1.2839693402114,0.191525568642884
0.0631485820843141,-1.4011499976507,-0.136016243027472
1.01841311986229,-0.236580908270303,1.1125653581974
0.539229593444054,-1.80748750924921,0.355899316926775
0.925752899888891,0.985669166876905,0.839783117239775
1.40400574742378,0.985669166876905,1.33482144893002
0.248478476306635,-0.00350734410340389,0.159915673564847
1.36743774418012,-0.469430920776581,1.17697281462977
1.22137675063536,-0.817989875623066,1.13876409423352
0.9370791219759,-0.818674502583722,0.781903716728148
1.06158512365036,-1.86688169248185,1.06172366474067
1.04941784921205,-0.586001468475437,0.847397804558271
1.15493512756655,0.287675679846497,1.14251686287747
1.1275222665768,-1.57493346982694,1.00169716266297
0.67233293511605,1.63024545033425,0.65938499770868
0.537276718290221,0.0547138915099087,0.643651957399857
1.23571094502555,0.0551004495897349,1.13789073840336
1.40177378205625,0.814673104469052,1.29877285168362
1.37589969895204,1.86323285396528,1.44755659161598
0.520354321430471,0.287675679846497,0.440155422136081
0.415670532006847,-1.34303122321518,0.330538387742193
1.347041468319,-0.120355002714906,1.13544782961508
1.38704477711986,1.68944938178905,1.54651021600181
0.838645365020791,2.38708425469721,0.932381643600945
1.23190465369647,1.86323285396528,1.25291737873067
1.15720906991745,0.350025635191927,1.18194039050994
0.920171473785981,1.86291149845314,0.875290434210567
1.10801053273442,-0.644204074783698,0.882009728855703
0.799036110424088,-0.876618627284388,0.744730313372745
1.16531819112652,0.694372038433562,1.01667129027946
1.38354556066006,-0.23668569811122,1.50598029487864
0.931653880504774,0.229046928185176,0.80695381097014
0.311637196739806,-1.57558549550376,0.2848628671648
1.40746412141329,0.461438194054551,1.39709642241858
1.23257515091718,-0.294804472546747,1.14104984482431
1.28565031923924,-0.295125828058892,1.14779257017489
0.584535238134133,-1.34268425240859,0.458170609402989
1.35701837620212,-0.00282737446901108,1.22384289117159
1.28516361313486,-0.585321498841045,1.03531372379576
1.35888654104719,-0.294804472546747,1.1830373802353
0.870575100688582,-0.236848704530424,0.925108080959135
1.37317989296707,-1.5756180967876,1.18881111963982
1.14039747716693,-0.00394280410899092,1.12112465946477
0.670326737848217,-0.295505400149324,0.525034817149271
0.258553708655286,1.92154025011446,0.300482019867233
0.86611343897965,1.10588407237653,1.07833394685412
1.26098940877126,-1.63356222148826,1.0653601731007
0.862737128101759,0.811552695872866,1.03234297090501
0.536418648242961,0.229046928185176,0.482851089906541
1.15982185350339,-1.05173409477183,1.16235638977322
1.09465769214443,-0.818641901299882,1.18115960022066
1.12432974681525,0.17052296636477,1.04279734092952
1.00946181178885,-1.05173409477183,1.03000558288878
1.00404829361938,0.0551214075579177,0.92879368704155
0.793779911399469,1.68879735611223,0.985713152559662
0.789619273823466,1.33852217653784,0.872150274431964
1.0105206906484,-0.0617262510535849,0.912615685267268
1.06478407231928,0.578886647753976,1.27692198201868
0.938033625633584,-0.0617262510535849,0.855085905311032
1.18637626627487,-1.34252124598938,1.00712198393448
1.14704458920777,-0.23668569811122,1.25546763047075
1.06873104326827,0.229046928185176,0.99610556664269
0.458550587766507,0.288034293968745,0.409325372394751
1.15071171360102,0.811685429671361,1.09151571496561
1.37590007712306,-0.760728049219925,1.25148367059901
0.948178441450148,0.228725572673031,0.878602948305376
0.717192716172053,-0.00359350463926894,0.827461638987074
1.39354175526526,-0.0617262510535849,1.25245110801262
0.557517944032627,-0.644204074783698,0.318532371267673
0.671105770152032,1.51433158563847,1.01413206725707
1.39960648393336,-1.05141506792282,1.57551245610201
0.49517418215029,-0.236441188482414,0.350862081796814
0.91251010706609,1.10628925976141,0.92668138306808
0.621243542826681,1.92211775857107,0.714364972546493
0.278258309718512,1.63024545033425,0.302841567364568
1.06945334991889,-0.818669845257459,0.891465239619841
0.339593111316103,1.33852217653784,0.288646820158966
0.482741053484027,0.98599052238905,0.404374833117201
1.37549997218256,0.98599052238905,1.28817805438466
0.807783584317063,-0.00388691619383548,0.869077997941438
0.869549879049922,1.86323285396528,0.911983703272499
1.32148126716244,1.45621281120294,1.44383044592405
1.41122881393002,-0.235919567940963,1.34783624460774
1.24979516837067,0.811364074159216,1.20547783166701
0.411051551153067,1.68836189610664,0.720742388840903
0.526604353898986,-1.86688169248185,0.426607778454484
1.09866630496988,0.345631447862821,1.23565488440045
1.41143794250478,0.113237853330313,1.5039065477159
1.40337457998928,-0.64354739178062,1.50738182199824
1.02503149090552,1.86291149845314,1.03424161034736
0.82038764628494,-0.235076591887366,0.664375273042856
0.457888410308265,0.229046928185176,0.402135254327845
0.414473620724531,-1.28400194149524,0.337243766645036
1.16570506008128,-0.294823101851799,1.02400314436869
1.3294016810319,0.348940478172656,1.5625227298102
0.75267309955854,-0.352587919491341,0.502832229729103
1.26283299249994,-0.527216696384306,1.20172604092313
1.2824581776487,-0.00394280410899092,1.25297359494326
1.312387766785,1.57161669867293,1.31234025333974
1.22456700137079,1.68879735611223,1.61254824233006
0.48790913866069,-0.178324742710019,0.605503700240343
1.3426872071801,-1.57526413999161,1.31177509024578
1.39216823811601,1.10628925976141,1.42651313473473
0.182678987631941,0.520767873318449,0.209693456585231
0.638005595173412,0.872789550241448,0.795267194415142
0.981212814671067,-0.00394280410899092,0.818534140723728
0.551773904390571,0.753056678010039,0.535864324651952
0.582038931222736,-0.410226989321783,0.561836663321397
0.339322719035895,-0.178219952869102,0.415372948530888
0.979081064624173,1.33852217653784,0.962534689505308
1.25582888701502,1.92135162840081,1.51330927246817
0.863463594633617,-0.294790500567959,0.842428944640851
0.650597177497588,-0.00350734410340389,0.618769408969633
1.19293110458652,-1.05122411754604,1.08036566444823
1.39130600818752,1.45580762381806,1.56910085311653
1.25776209727575,0.753056678010039,1.25704160068175
0.930323853022971,1.10298022945157,0.890513629818681
0.574585558564544,-0.760471896275461,0.531360849988549
1.20055616688837,0.520341727965387,1.08629971951891
0.841793260601835,1.39750022766889,1.15578692296465
1.21091048945072,-0.469675430405387,1.31050858929882
1.36487071928775,-0.294469145055814,1.43656412807119
0.660137676022164,0.229046928185176,0.619165815888834
1.2727074160363,0.229205277278116,1.26935775562534
0.805996348070545,-0.64354739178062,1.06640758736493
0.614399025512732,-0.817989875623066,0.461792414026372
1.03437760952516,-1.0521532541355,1.03869757563239
0.809163908544695,-1.10985286920736,0.564785063164478
1.34998099166732,-1.2839693402114,1.30506592100774
0.0976287031195445,-0.877298596918781,-0.0505869423579992
1.41164896193465,-0.0624108780142402,1.3501492624572
1.39447319049065,-1.10885154406082,1.23127107642628
0.515002445137471,-0.760858454355288,0.518074765519138
1.33405280642249,-1.4011499976507,1.10064576941926
1.07334888960898,1.68876708349152,1.18430390360486
0.675276618345609,0.462139121657127,0.640341361581658
0.792961171138421,1.04461927405037,0.793938855588568
0.874834440901136,0.113398531086386,1.08339323896186
1.36054368646239,-0.00391486015141287,1.45333837158308
1.09832708556381,1.16491801142273,1.1320795756736
0.517314204590489,-1.28432329700738,0.425312987961178
0.611569928102618,1.10665020254679,0.698012316079927
1.19044084841147,1.16408667868479,1.38129389034309
0.905311999847254,-0.527111906543389,0.783435636320725
1.4135167486087,1.16440803419694,1.62564286110342
1.31705704438461,-0.469514752649314,1.44640168705141
0.363721935157155,0.98599052238905,0.273782021038689
0.612719568007276,1.10298022945157,0.640183998377504
1.19770097567779,-0.00378212635291862,1.07824789896919
0.469706632893945,0.873299527467243,0.493600900612332
1.0580722930338,0.229151718026092,0.969402276267474
1.25446784950947,-1.28432329700738,1.15533076209515
0.961113403061636,-1.10953151369522,0.801245393643247
1.09407719962678,-0.00391486015141287,1.09813838374821
1.07069488538172,-0.993140273057483,0.964297460325782
0.739310048350975,-0.00266436804980723,0.686907807700669
1.35436512831689,-0.236527349018279,1.47182675861012
1.02773806090474,-0.818320545787737,1.16138099096257
0.802434355221212,0.113237853330313,1.01030226049636
1.38405155348652,0.171263481240582,1.31846546751168
1.22660420866237,1.68836189610664,1.40815662602135
1.41691385889276,1.16408667868479,1.59469532652945
1.00052789958239,-0.934842191560832,1.16566811267045
0.982563263388019,0.0544204799553421,0.952937546594985
0.94574453275726,-0.468909300235129,0.920189539194379
1.38419298944847,-1.34226509304492,1.24069003926193
1.25771369138502,1.33852217653784,1.20645127101668
0.992610132910075,-0.585682441626424,0.919498944971673
1.12909318899915,-0.468429595630044,1.16246942577828
1.07171859433629,2.21264642818102,1.33783013628984
0.645948699304148,-0.295505400149324,0.482332994145349
1.05615647864005,1.98006421193487,1.14667464002589
0.97144276633658,-0.294804472546747,0.929235220136696
0.478401919185985,-0.760858454355288,0.519799377644502
1.13530767339167,1.98006421193487,1.24107125784169
0.657807386189104,-0.23649707639757,0.581191705938597
0.740052398065727,1.63049927461558,0.808202334937951
0.8193147750976,0.287002696201499,0.979976146413311
0.887111384935616,0.0547697794250641,1.05065009406299
1.06183585103747,-0.586087629011302,1.06336981010911
0.284492459004133,-0.586087629011302,0.278996201627322
1.06610162015738,1.63014066049333,1.08896833652201
0.489304589729173,-0.993792298734299,0.539664583912505
1.09146365969879,1.97998038006213,1.34216344032406
0.817898146451926,-1.10985286920736,0.615347550362464
1.04405803132761,2.21264642818102,1.36200025042395
1.11113346902806,-0.469514752649314,1.21052869790948
1.0674906423185,-1.05106809711623,1.07598144234231
1.12417847840674,-0.818320545787737,1.19373426627517
1.31226561754513,-0.70217381477881,1.33854193222816
0.066384969684335,2.38676289918506,0.0814269525535882
0.448448505275346,-1.40046769935318,0.265093397634458
1.05915613118075,-0.00378212635291862,0.999979568812499
0.142451801586484,0.753056678010039,0.157229096513946
0.608713602378972,1.10628925976141,0.636558159973512
1.14791286987261,-0.527023417344394,1.26992391766916
0.421198257824738,-0.585577651785508,0.325252397164246
1.3261407123155,-1.28508709851451,1.33503099365095
1.04494748956963,-0.527738316925758,0.949430750708166
1.38451254396144,0.579131157382781,1.2828783553591
1.11993993760035,-0.644204074783698,1.04089609085547
1.32854550183975,1.97998038006213,1.63246338099043
0.253878380319336,-1.40046769935318,0.105586468117909
0.555182359805269,-0.760728049219925,0.440754715635785
0.826286357874696,1.22303445719513,1.23403280031598
0.185121972429339,-1.05173409477183,0.204267117440747
1.20225944916817,-0.702229702693966,1.24962755219216
1.05866186165595,1.16491801142273,1.2016684432036
1.39482148600124,-0.877298596918781,1.13372413178281
0.924168363309774,-0.00391486015141287,0.980355490188855
0.990576707328711,0.462558281020793,0.912062826691385
1.01862981185747,-0.818320545787737,1.08366734613753
0.777847188102381,-0.702229702693966,0.86333618466346
0.227136394721314,-0.877298596918781,0.0564142825520416
1.38939889172726,-1.4011499976507,1.10300958910897
0.636942934603646,-0.644204074783698,0.474819468461749
0.631043088500827,-1.5756180967876,0.503672466916297
0.667559660485592,1.62973314444532,0.900476292740691
0.852641852688981,0.812065001761792,0.779510504666089
0.603808346062091,-1.05173409477183,0.599737969823705
0.850025665563841,-0.410226989321783,0.757942571191339
1.39627252820985,-0.585682441626424,1.17712659479341
1.20942654636326,1.33920447483537,1.22920423496781
1.03217400698423,-0.992439345454907,1.02894797045839
0.660537402791646,-0.761238026445719,0.725275291112177
1.3011897446742,0.753436250100471,1.23958878558107
1.28846920603178,-0.528143504310636,1.29792963412058
1.24836984179151,-0.877298596918781,1.06126558376414
1.18189002344955,-1.05176902471881,1.082005455983
1.13298494697903,0.578970479626709,1.09411955352481
1.29190526793103,2.38676289918506,1.30187243936281
1.14486292058607,0.640235277952869,1.23877266642076
1.21672108719252,-0.295125828058892,1.08578336768714
0.789707387671422,-0.352909275003486,0.664084002508222
0.907522031295551,0.461438194054551,0.8486472890372
1.3083178902541,0.17052296636477,1.23586755547295
1.37008758852615,1.92135162840081,1.68808583800791
1.04801710374927,-0.760858454355288,1.10454678808066
1.31413226970612,0.0554218051018789,1.33481475418126
0.519963670765501,-0.761238026445719,0.642910702278977
1.31564117208098,-1.05090276203389,1.18383553934781
0.353722337012758,0.811685429671361,0.297339256320999
1.00114961274135,1.04435147779025,0.984892229470952
0.872736348075135,-0.818669845257459,0.673918479982082
0.497157689156847,1.16491801142273,0.5828703416595
1.19008990570373,0.811552695872866,1.30245916293404
1.16265170725555,-0.759770968672886,1.0101025853818
1.28928794629282,-0.236580908270303,1.40553822970123
0.494595580487749,2.38708425469721,0.528247863659759
1.28381694612812,-0.295125828058892,1.10444400332383
1.06881121552477,1.63014066049333,1.12080216842919
0.51017773924812,1.27728532216926,0.387962343534819
1.38235848182429,1.16559798105712,1.43253002668199
1.01936119461261,1.63082063012772,1.05604707469783
1.35742566639202,0.752735322497895,1.33720703135804
1.23213949790068,-1.28405550074726,1.21342154186276
0.975436252321181,-0.527791876177782,0.856814846371682
0.989502323457285,-0.29395916783002,0.944437022293052
1.36300482346881,-0.760728049219925,1.2101919822488
0.923798512050973,-1.86611602804422,0.703842678049531
1.17775245430585,1.92143546027354,1.27333059800418
0.612254795822136,-0.527538051896451,0.542460147171713
1.37078077600814,-0.586001468475437,1.16763089723255
1.11183081639128,-0.294280523342164,0.991788175792895
1.4018119773294,-1.05106809711623,1.20159249235431
1.38136124484121,-0.236848704530424,1.42109972473799
0.915490851055733,-0.993792298734299,0.981725973442713
1.27356737693867,-0.760471896275461,1.10058479778431
0.648513833341417,1.63082063012772,0.758872012359307
0.998646498751572,-0.178324742710019,1.14223030703843
0.313686505504064,-0.817989875623066,0.215050308081478
0.909361455143004,-1.40046769935318,0.707742251597014
0.800256090138702,-1.34226509304492,0.569873178842606
1.32278973889603,-0.177293144942772,1.28716809090191
1.07270410801772,0.582258551968362,1.02354454629947
0.721431635149458,1.04429791853823,0.673115097775766
0.75059013357339,-0.586001468475437,0.552614766799032
0.68766739185749,2.09546577074172,0.709859764020954
1.13580269925851,1.16527662554498,1.18840083862031
0.659473985879837,-0.41099311949204,0.820433771336675
1.13596531279765,1.10588407237653,1.30113127759318
0.907349207138831,-0.178378301962043,1.13310344345854
1.31302687581095,0.811364074159216,1.34677192507328
1.40788464758894,-0.236848704530424,1.40930495435664
1.39960610576234,-0.00429443224184446,1.54193003544226
1.06003273160806,0.640235277952869,1.23718257801867
1.33194374663687,1.62973314444532,1.53728270284607
0.792613253798854,-0.760117939479476,0.865239668303376
1.29235150973612,-1.57558549550376,1.29173402166814
1.15885524837303,-0.760858454355288,1.17261743943205
0.606145064802513,-1.10917289957297,0.416734012918464
0.889352804578678,-0.760858454355288,0.934061933103256
1.34980476397141,0.98599052238905,1.28762256595771
1.00814804566096,-1.28440247155385,1.06355451333099
1.34905938888849,1.63024545033425,1.30992911097415
0.841186296112698,1.62981930498119,0.815537209214597
0.283434336486622,-1.28331731453458,0.141330873918808
0.947905401972792,1.39715092819917,1.04399763387721
0.921904631576457,-0.644204074783698,0.681170198889648
0.798593272158182,0.0550352470220533,1.00149416900309
0.12787293054554,-0.760013149638559,0.184167826056297
1.18569744929169,1.16451282403785,1.46515060963016
0.965479765673209,-0.819354472218115,0.860182846342855
1.38739420714351,0.814673104469052,1.37022989960835
1.09704395128864,1.39750022766889,1.36237662800937
0.908961350202501,0.811685429671361,0.896445036276517
0.943389283636796,-0.294385313183081,0.721076058230728
0.45477606280322,-0.818236713915004,0.261857870862349
1.1633690976829,-1.0513102780819,1.26880234956714
1.09875971321214,-1.34252124598938,0.886513713290133
1.41572715822802,0.520767873318449,1.326967533482
1.15672085112899,-0.586420627839104,0.906122121259557
0.790445577504939,-0.527791876177782,0.658648663205257
0.751782884974473,1.63014066049333,0.781883956008009
0.692458062354927,-0.295505400149324,0.61115997677723
0.747390806733453,-0.178219952869102,0.835885623045564
1.09180401361794,0.229205277278116,1.05490296913367
0.882974193962932,1.16440803419694,1.1833605457794
1.20360573800389,0.345631447862821,1.36004178152661
0.462452556363961,-1.4011499976507,0.205292240891482
0.525670271476451,1.86323285396528,0.490014687067156
0.921613061719058,1.22303445719513,1.21682272728711
1.36143427921748,-0.177898597356958,1.52166666688553
1.40374518759013,1.22303445719513,1.6896856015346
0.178075511790033,0.520257896092654,0.320941848869351
1.23408934768634,1.68836189610664,1.51818419220183
1.1243573532998,-0.817554415617479,0.916985587566432
1.1570162026966,0.0547395068043552,1.12838263748194
1.26209064278519,-0.00378212635291862,1.13406034316371
1.28644561289696,-0.586420627839104,1.21276320003836
0.824427269134137,1.39783089783356,0.936239678131439
0.486894883981646,-0.701521789101995,0.525069552050108
0.200713963636264,-0.818674502583722,0.0122159214510489
0.645410940111904,0.753056678010039,0.668824046163413
1.3841294567169,-1.80825317368684,1.35756900491526
0.936163191762387,-1.28432329700738,0.826176765690972
1.2713009980082,-0.235814778100046,1.15505734864738
1.08467548986701,0.0547697794250641,1.1623181743352
1.38738588738105,1.04429791853823,1.36007287069516
0.341870835377206,-0.70217381477881,0.394413629494835
0.955337218882772,-0.527791876177782,0.807464896693311
0.668390880390341,-1.86688169248185,0.636348164512493
1.18667275235554,-0.0612907910479979,1.03128149721078
1.30412208277312,0.932184432073027,1.37940298578373
0.775046453518862,-0.469109565264436,0.709049110484646
0.720709706669855,0.461438194054551,0.709076139789152
1.19868951472739,-0.876618627284388,1.05086800653346
0.285569111901686,-1.10953151369522,0.117950572197462
0.653538213529998,-1.34252124598938,0.489761191755353
1.1645924809367,-0.819354472218115,1.0782726141695
1.36667762042737,1.92154025011446,1.43289757113445
0.740739534811373,1.57161669867293,0.675376304310205
1.12238594776592,-0.293705343548688,1.00198854256499
0.901437637734353,-0.294804472546747,0.809731299322908
0.357782002926082,-0.235919567940963,0.288103445886758
0.773907024231778,-0.759770968672886,0.563008291944944
0.722371011966291,1.45612897933021,1.01297280858899
0.936630989315696,-0.235756561521759,0.814470953099361
1.40155406469289,0.408654386853249,1.41746877489561
0.300545440685984,1.62973314444532,0.529669836532912
0.875815416530308,1.39826635783915,0.873275767862409
1.21953127605157,-1.63356222148826,0.986600459367638
1.10075796888852,1.92143546027354,1.18648930801136
0.811982795337235,-1.22569454534606,0.666756054288099
0.843881520981283,0.640887303629684,0.914242327546703
1.359594477199,1.16440803419694,1.58568264616824
0.864865096438441,-0.526692747179723,0.741341105279497
0.991627644596818,0.287703623804075,1.07511682171782
1.33475809537715,-0.5850001433289,1.21891251805146
1.17958582741696,-0.819354472218115,1.00592408700213
0.97932460676187,0.228639412137166,1.08141175074522
1.32052978887293,0.0546091016689918,1.439809604988
0.70838322223159,-0.294385313183081,0.556900149611137
1.09320475908072,-0.237007053623365,1.16868629897728
0.71703690971129,0.171263481240582,0.687030614469605
0.949699823468714,-1.0502227923995,0.816612600939143
0.930123044210677,0.873555680411706,0.961897726489334
1.35813171168873,2.38676289918506,1.41501746129185
1.39272225866217,1.97998038006213,1.65794486187068
1.00579052751437,2.21315873406995,1.16733776516423
1.0078020191765,-1.22569454534606,0.875579568649014
1.16688571000968,-0.644204074783698,0.91564752831244
1.26353903779665,1.68879735611223,1.48931206772411
0.449651089122981,-1.34268425240859,0.353924541763051
1.31527774972954,-0.585682441626424,1.23108058176624
0.64322548977999,0.229151718026092,0.726297342666233
1.00780769174182,1.1069692293958,0.991265647677878
0.652463451487551,-0.295209659931625,0.793734265805409
0.819206618185517,1.9218616056266,0.944160621147766
1.33118664825229,-1.10953151369522,1.17083650676035
1.36768166448884,-0.00378212635291862,1.28192981699702
1.04725395462835,-0.818236713915004,0.800112058708036
0.919094820888428,1.98074418156926,1.00983868369396
0.703714322803001,-0.295125828058892,0.537698544869666
0.814041180206003,0.228883921765972,0.692814122807587
1.38454279764314,-1.57558549550376,1.35039863292516
0.876905305413606,-1.34194373753277,0.749784338456683
1.32600910880009,-0.469430920776581,1.22141508103233
0.741888040202967,2.38708425469721,0.813943287462518
0.599560350980176,0.640887303629684,0.702535263172853
0.340300291125876,-1.34183894769186,0.147163671715318
0.799994017620962,-0.993524502474178,0.876730595018385
1.08512021898803,-0.585577651785508,0.88055651809265
1.16525276753984,2.38708425469721,1.29044047173969
0.998135589701837,1.1069692293958,1.0435870558726
0.839208083500439,-0.00420827170598007,0.763471395361929
1.17159923361878,1.39717887215674,1.32976987340111
0.439825827819389,-1.28400194149524,0.398640629796288
1.12496847767017,-0.237007053623365,1.2187677815187
1.16926100219427,-0.993470943222154,1.27782162217379
1.15586694096296,-1.0502227923995,0.967597067237851
1.35168465211814,0.17052296636477,1.22829228068494
0.656366554598069,-0.468855740983105,0.59328480539864
0.606084179268088,-0.295209659931625,0.600903771773571
1.34102022931835,-0.586001468475437,1.08085908573589
0.943553788031049,0.407566901170847,1.1562716602983
0.914941368561829,0.17052296636477,0.812249446470819
1.1536485897522,-0.760728049219925,1.09739120219595
1.01479099782057,0.520767873318449,1.06022553143552
0.982760668661121,0.407566901170847,1.20023009450823
1.22876016165462,0.287407883586377,1.21990142030307
0.376389151685585,-1.2836363413836,0.274778535535382
0.747362443906858,0.753056678010039,0.691695084341324
1.384078025458,-1.10885154406082,1.16351458451165
0.0918525189406804,-0.236527349018279,0.178582898701342
0.748001174761782,1.10628925976141,0.773996759925153
0.541990998241361,0.287703623804075,0.634062418497744
1.40832294780259,0.346036635247699,1.31651467904245
1.40416004120046,-0.818641901299882,1.37451935738543
1.13802218498234,-0.993140273057483,1.02113351009805
1.3169519128407,-0.352587919491341,1.09289684346488
1.33849064335708,1.63024545033425,1.3264561580954
1.04403647557939,2.44571300635853,1.20316913497357
0.949326946841742,0.350025635191927,0.983525964412178
1.37411284087654,0.349704279679783,1.30144331191626
1.23230438046595,-1.05141506792282,1.24369553483278
0.896507422130068,0.461438194054551,0.879988153142439
0.689602114802303,0.350025635191927,0.636129475487775
1.29863028320225,-1.2839693402114,1.39360309427959
1.30355066635999,-0.120355002714906,1.18974183477775
1.05498452664513,-0.0625715557703125,0.889355284070883
0.442776696298352,1.10596790424926,0.545077989333209
0.866746875440276,-0.411312146341054,0.942778833698518
1.29544041063785,1.92103027288867,1.51057015559644
0.851740671145297,-0.295505400149324,0.745412954435272
1.12121323942897,2.38708425469721,1.18859530665721
1.07171859433629,-0.178378301962043,1.15614470443251
1.26004095584991,-1.34183894769186,1.08051523419606
1.13323189265592,-1.28508709851451,1.14109575487617
1.06576013172518,-1.05138712396524,0.947778594251577
1.16439091578237,-1.05106809711623,1.03893903503976
1.36021429950286,-0.64354739178062,1.45200242371465
0.375930052065764,-0.585682441626424,0.297567672179594
0.541617365272347,0.872789550241448,0.748293969321199
1.28447874541534,0.287268163798488,1.38501500513496
1.35698471898122,1.39758638820475,1.3786044944506
0.943690685940748,0.699185385126335,1.13921761838789
1.3184971196336,-1.34268425240859,1.16220940640407
0.30512433541151,0.0551214075579177,0.216794903322598
0.852633532926513,-0.528143504310636,0.932071638294683
0.675053875614081,-1.4011499976507,0.43800345532265
1.13733353555261,-0.585740658204711,1.12371023412702
1.03796683068803,-0.23649707639757,0.850860512115364
1.26809070420865,0.520066945715873,1.29174380616014
0.564447927997383,-0.294443529761368,0.473635685414294
1.18676464791371,0.288090181883901,1.11602729652191
1.27445834786478,0.348940478172656,1.45411447692104
0.136863946576212,-0.585577651785508,-0.0446223353460507
1.07804350466702,0.17052296636477,0.941287351669733
0.833320338870301,-1.57558549550376,0.934491071532313
1.35648402054906,2.44539165084638,1.38986910067643
1.29457515534119,-1.4011499976507,1.05400275148212
1.36033153251945,1.97965902454999,1.69503597106802
1.0006757644517,0.287324051713644,1.18666411050978
0.436781551098173,-0.527216696384306,0.404044413174466
1.39660910041878,-0.586420627839104,1.15146936783497
0.904983369229772,-0.760858454355288,0.949665786268438
0.482113667759741,0.640235277952869,0.619759109282884
1.24962612592416,0.812065001761792,1.21702266918488
1.07714950837274,-0.70217381477881,1.1521334324569
1.06585807801968,-1.80716661946969,0.953598842254191
1.28850286325267,0.985669166876905,1.17379238751612
0.427374925115126,-0.817554415617479,0.245548239253457
1.15207615464576,0.753000790094884,1.13770694581374
1.2062143617086,1.63049927461558,1.24130456960711
1.32038381485872,0.17052296636477,1.18064833877749
0.803636560897826,-1.34303122321518,0.847375367769045
0.956957303537889,0.171263481240582,0.774477035160703
0.251768564191676,-1.34194373753277,0.0965256198859422
1.03354903681756,-0.585577651785508,0.888043041927995
1.08201127502217,1.86291149845314,1.13144075066632
0.831226405925534,-0.528143504310636,0.894343514829703
1.19599050814859,0.117038231560892,1.22420291032375
0.996749592908886,1.16459665591059,1.14883586234092
1.04802391082766,0.932184432073027,1.10903842406702
1.09914090960158,0.287324051713644,1.271956398547
1.16524406960635,-0.0612907910479979,1.06422048387422
0.977474215954801,0.931853761908357,1.14477936397406
0.649754990633222,1.86323285396528,0.718649708306325
1.19058001534729,1.86323285396528,1.24881161103987
1.40135741576183,-1.28440247155385,1.36683513391266
0.96235115681425,-1.51663538833029,1.0173534924996
1.41304857288437,-1.10953151369522,1.23966723311862
0.874724014962926,-0.586420627839104,0.775788722229754
1.02557681351819,-0.527738316925758,0.910193372326703
1.26169847943614,1.16408667868479,1.4792252577106
1.16252237276628,-0.295505400149324,1.04996328331142
1.14174490051571,-0.528059672437903,1.05368153487411
0.982339386143427,0.170942125728437,0.886414876741939
0.577547015832102,-0.992439345454907,0.554518530950293
1.0711195714386,-0.00420827170598007,0.941869534892553
1.0720298290868,-0.295505400149324,0.958409140959784
1.01166881786897,-1.22537318983392,1.0150309821096
1.3418586344725,-1.10985286920736,1.11911262388288
0.885611558665263,0.288090181883901,0.880783539631391
1.1416114061452,0.408654386853249,1.16429698602516
1.137002635909,1.33852217653784,1.14339177135853
0.894568917475042,0.408333031341104,0.888958700974083
1.38614283923413,0.287703623804075,1.63045920887831
0.999681552836785,-1.2839693402114,0.943661842230685
1.05616517657354,0.113398531086386,1.24967711758599
1.04792104830987,0.345952803374965,1.27744965680761
1.07045399044117,-0.818674502583722,1.00769033424135
1.24118686141352,-1.4011499976507,1.01490371781861
1.22155978540966,0.98599052238905,1.1083965857364
0.707732768075007,-0.70217381477881,0.80542322437846
0.803745474151952,0.171263481240582,0.706986559522711
1.14266158707127,1.39717887215674,1.43113879702865
0.596872311360995,-0.00320694655944267,0.671046484016407
1.37474514282411,0.753436250100471,1.28390566112404
1.2170478269549,1.68879735611223,1.46205734420994
0.287208105107866,-0.352909275003486,0.0559410425227392
0.97495900049234,-0.877298596918781,0.828713005591884
0.765596337868369,-0.70217381477881,0.788693977998143
0.662536414810074,-0.760537098843143,0.773605345009656
0.821279751724114,0.288090181883901,0.812555180957521
1.26501806466084,-1.28440247155385,1.42376470836412
1.27329093392212,0.812065001761792,1.27276219415761
1.19169372900493,1.63024545033425,1.27654089431371
0.819315909610664,-0.527377374140379,0.724077001097864
0.791274528383561,0.811685429671361,0.7597286340632
0.675659705590154,-0.819354472218115,0.62643127390349
1.25908607402121,-0.295209659931625,1.465627413023
1.41215684561621,-0.64354739178062,1.48125035377261
0.518009661098603,0.462558281020793,0.352663601164151
0.860112621214152,-0.818669845257459,0.703411175179816
1.05388177994711,0.814673104469052,1.04881179338904
0.438681482309029,-0.177814765484224,0.346626527043326
1.3390563872049,1.68844805664251,1.35558395150466
0.909353891722579,-0.352909275003486,0.703711495294179
0.972161669448012,-0.00352830207158726,0.864221970852836
0.93563072696444,0.17052296636477,0.845681243520376
0.113484657699315,0.873299527467243,0.187736824990841
1.13846993947152,0.345952803374965,1.33663710735047
0.948858771117411,-0.527023417344394,0.989063580073755
1.11581938615261,2.21315873406995,1.26742793732403
0.891986009399774,1.39758638820475,0.851882818554934
0.575011379134493,0.171263481240582,0.423851490444519
1.05655847443566,1.39715092819917,1.14219610433122
0.745070727517968,1.39715092819917,0.88820933253157
0.389823299045148,-0.00320694655944267,0.319780634858722
1.18322231995748,-0.818236713915004,1.05403218732686
1.2693469883413,1.86291149845314,1.31215301544845
1.21573292631394,1.45580762381806,1.44206010587328
0.806309473676156,-0.759691794126415,0.836800655631566
0.924025792834755,-0.235842722057623,1.03553284845963
0.903666577733713,-1.22569454534606,0.854459890016813
1.33595046860722,-0.177898597356958,1.49359499320191
0.946081861308232,1.86323285396528,0.952383830926524
1.27003525960001,0.0547395068043552,1.22157615128773
1.12221614897737,2.15452998240863,1.19284702032855
1.22074633954291,-1.34303122321518,1.27304215958165
0.957662970663577,2.44539165084638,0.988385954352745
1.13333853688392,-0.469619542490231,1.33497872564699
1.30295126529128,0.228639412137166,1.43701548226667
1.3475784711692,-1.86688169248185,1.32175512244863
0.882594510257578,-1.05141506792282,0.910466249462407
1.40132375854094,-0.236580908270303,1.57721708831484
0.435718512357386,-0.818832851676663,0.355941449913954
1.02650181983621,-0.0625715557703125,0.888373402839794
0.940844192663655,-0.41099311949204,1.06223194168955
1.34047755390283,-0.993470943222154,1.46283608534783
1.39165959809241,2.09546577074172,1.42972149309067
1.17209615034072,0.462558281020793,1.0626146026376
1.06256647745056,0.872789550241448,1.27328160781877
0.970249636764476,0.287675679846497,0.886366227929225
1.01999425290221,0.640556633465013,1.26420114209676
1.07574460302872,-0.177293144942772,1.04530613144531
1.06202191117993,-0.0625715557703125,1.02217434538738
1.33475847354818,-0.235842722057623,1.48488353352003
0.196726150216982,-1.40046769935318,-0.0205992393590091
1.23501057229416,-0.295209659931625,1.30040686047471
0.826130929584954,0.0547395068043552,0.770365279261955
0.192920993400972,0.52050240572146,0.0825502751099318
1.32733648908475,-1.5756180967876,1.16311484669182
1.21217660602993,-1.51695674384243,1.2283987930852
1.10938707525184,-0.235814778100046,1.10594461318266
0.619089102518511,0.699951515296592,0.616695459088246
0.800895955506689,-0.701908347181821,0.869162003996637
1.41208461495115,-0.760537098843143,1.47674106707886
1.2356568665695,-1.0513102780819,1.23838555389951
1.10896276736598,0.287675679846497,1.07026174919148
1.20080840695956,-0.236848704530424,1.3133794293564
1.14212420605004,-1.80825317368684,1.08271798271516
1.10372850226059,-0.178378301962043,1.14528884396426
1.06832791295959,1.62981930498119,1.06891921594169
1.24161646369368,2.38708425469721,1.33400602807365
0.554711536883789,-1.0502227923995,0.440721467490841
0.563417033793404,-0.993792298734299,0.710312763760965
0.846941302714371,-0.23649707639757,0.635372016603836
1.38845989308145,0.0547395068043552,1.35066335555486
0.690888274445639,-0.585740658204711,0.559698401752348
1.36798647033198,-1.57449800982135,1.2046540105712
1.38200602643247,-0.527458877349981,1.42122845198946
0.435550226252921,0.753436250100471,0.354792561471187
0.83360321079421,-0.0625715557703125,0.761524961453817
0.83281964043814,0.461817766144983,0.723072635944322
0.419712423882172,-0.295125828058892,0.331383282424456
0.540905647410319,1.68876708349152,0.625803779175045
1.03455459356311,-1.05090276203389,0.796388595034043
0.887197607928465,-0.00420827170598007,0.774517065914404
0.459131836626197,-0.528304182066708,0.497857334012905
0.979680087521863,0.98599052238905,0.987500652766167
1.29523657645739,0.873555680411706,1.22612901745539
0.811062705242487,2.67837905447742,0.893566058644279
0.784505645273865,-0.759770968672886,0.716193329482194
1.01729827169158,1.39717887215674,1.19445511682687
1.25527637915294,-0.295505400149324,1.14459661655233
0.698515227602594,-1.22646067551632,0.705615313442731
0.53291413738886,0.814673104469052,0.480820610589272
0.672351087325071,-0.528304182066708,0.715846645372654
1.39766608842322,-0.469619542490231,1.5167581663287
0.690348246227267,1.22271543034611,0.912118603146386
1.14580645728414,-0.295505400149324,1.03872778757378
0.933247871359423,1.10665020254679,1.07780088286109
0.933919503093197,0.229570877389759,0.775737796378775
0.848490291217489,-0.00352830207158726,0.86586472995054
0.69922921449075,-0.993470943222154,0.782370196571298
0.880440069949408,-1.34226509304492,0.681027382921518
1.12105516394208,-0.236876648488002,1.01572910849666
0.861915740643563,-0.877298596918781,0.642532365690174
0.761937155066569,-0.177898597356958,0.914355296741558
0.603604133710606,-0.993470943222154,0.728709024547115
0.65531788635609,-1.57449800982135,0.415867901419646
1.00854323437818,-0.295209659931625,1.03111106117118
1.22603543944638,-0.295125828058892,1.01700191202562
0.709046156031874,-0.235842722057623,0.776312062134539
0.926173426064542,-0.993470943222154,0.975875141466533
1.4019507660942,0.811685429671361,1.41582757577046
0.768190591074275,0.17052296636477,0.643844329152133
0.353340384281277,1.10628925976141,0.371081990314328
1.36072256135545,0.582258551968362,1.34784386646251
1.2660932048743,-0.236441188482414,1.1587260192577
1.17787914159797,-0.934076061390575,1.03757759541678
1.03336184216203,-0.761238026445719,1.10811841091741
1.30289567415115,0.462139121657127,1.14302890911176
0.945210177104207,-0.119695991048697,1.07265140795729
0.860576637057249,-0.993140273057483,0.824903884826908
1.26314120188228,-0.818641901299882,1.29855148613221
1.17944855133624,-0.527791876177782,1.01031035459862
0.617114671616465,1.45689510950047,0.713345428663195
0.933629445919884,-0.178219952869102,1.03370984503491
1.0211711211204,0.288034293968745,0.917644722876432
0.923377985875321,0.228725572673031,0.824445314213939
1.19149859275796,1.39717887215674,1.45802796849884
0.728919043199565,-0.644204074783698,0.572491800303974
1.28285601356308,-0.527738316925758,1.14636206939075
1.21622417047057,1.62981930498119,1.27373684203986
1.20784768234946,2.38708425469721,1.32028152359014
1.33472746352443,0.694372038433562,1.34867823167322
0.985824988446465,-1.05106809711623,0.929076197659883
0.886088810494104,-0.818320545787737,0.881340891880056
0.68207424245292,0.0584094798995708,0.59687245399044
1.36256463240005,-0.992704813051896,1.27596492169445
1.35974877097568,0.170942125728437,1.26371768285151
0.686689063425467,0.578565292241832,0.818152254041905
0.615091078481654,-0.585740658204711,0.557213830851559
1.19456631608249,2.38708425469721,1.30627650913366
1.25121444421349,-1.28331731453458,1.17972397426999
1.20930553163645,1.16440803419694,1.4705172890908
1.06435484821014,-0.0625715557703125,0.892060321788525
1.08130901143568,-0.585321498841045,0.972871032893866
1.00508599490174,1.10588407237653,1.19524838277817
1.18482614325868,-0.00359350463926894,1.41479102548642
1.34546789869949,-0.528304182066708,1.38425425470435
0.812336763413143,1.04435147779025,0.781126761619271
1.04578173484255,-0.759691794126415,1.07792504276551
1.09034162627869,0.346332375465397,1.22496957666085
1.13621944372395,0.985669166876905,0.971210384677009
0.687130767178309,-0.701908347181821,0.8133776434266
0.895430391061493,0.752735322497895,0.776539700066073
0.919424964189996,-0.237007053623365,0.990969462474641
1.04670863201568,-0.295505400149324,0.986399154267088
0.622191995748024,-0.527791876177782,0.487805128483049
1.11373793285154,0.753056678010039,1.08162493479197
0.431927726040184,-0.760117939479476,0.588708781715217
0.890984990706475,0.17052296636477,0.729585216150215
1.2281286160491,0.578970479626709,1.16246961842963
1.33580600727709,1.16527662554498,1.39145485282157
0.619200662969785,1.10628925976141,0.578857402631966
1.25445385718168,-0.586087629011302,1.22719553852343
0.909945729370865,0.811364074159216,0.921949552034622
1.05584751291567,-0.0617262510535849,0.933551584580375
0.696735554776502,1.74742610777355,0.927240834346995
1.26097352558836,1.92211775857107,1.33306043256387
0.806613901348278,0.814673104469052,0.738355541572735
0.744580617874403,-0.817554415617479,0.638547518981592
0.874125370236257,-0.235761218848022,0.782016366972908
1.11109565192593,1.86323285396528,1.18350672834128
0.913981192338827,-1.28432329700738,0.803267649356282
1.21758558614714,-0.586420627839104,1.06171940947965
1.37776483842894,-0.00429443224184446,1.48851536150478
0.819749671772059,1.1069692293958,0.803308746327659
0.939484667842193,-1.05090276203389,0.810403844722612
1.30322846464987,-0.586087629011302,1.34190169074854
0.959947123632042,-0.235756561521759,0.930754749181622
0.534665069217336,-0.237007053623365,0.627423035265846
0.919439712859825,0.348940478172656,1.11706519673821
0.774884596321759,-0.585740658204711,0.629476855598147
0.651322887687403,0.582258551968362,0.702608935153465
1.26872905689255,0.17052296636477,1.22753826435705
1.2958734164572,-0.644204074783698,1.11880586985413
1.33060161768239,0.0551004495897349,1.2814271113787
1.15698519267285,1.10628925976141,1.21856300366023
1.11898543394267,1.92103027288867,1.4273895212772
1.1477793755021,0.0544204799553421,1.10532892738698
0.342169590484009,-1.34183894769186,0.181877601012099
1.13008210621977,-0.934842191560832,1.23613448878831
0.50098780526026,0.640556633465013,0.626335145914278
1.3604941460586,-1.10985286920736,1.11775377887545
1.30382105864019,2.44571300635853,1.51617471416956
1.13526040201401,-0.00350734410340389,1.10230643273705
1.05609294590847,1.68876708349152,1.14196448341314
0.977308955218506,1.10628925976141,0.979566963643762
1.39861075963435,0.519936540580509,1.4517591819391
1.31275307999155,-0.237007053623365,1.43781407427271
1.12658326793099,0.640556633465013,1.34465191001223
1.25659506150411,0.694372038433562,1.22584261765936
1.24819134506947,0.287324051713644,1.38158879150907
0.926826527418274,-0.818669845257459,0.812881046823725
1.21889670507788,-1.28400194149524,1.032852559805
0.533397818125063,0.753436250100471,0.529491839042291
1.20850834712362,-0.644204074783698,1.0650062107971
0.985290632793411,0.93141830190277,1.23460530200773
0.932171974803913,-0.586420627839104,0.87559334253402
1.22859679177343,-0.528304182066708,1.2306174195532
1.34368860404442,1.16491801142273,1.35617917278501
1.2364355207023,-0.469675430405387,1.34821763799229
1.08090701564007,1.10298022945157,1.03831429005467
0.639101912964071,1.10596790424926,0.62147198798016
1.26683479824701,-1.34303122321518,1.22769690061595
1.23790811865912,1.98006421193487,1.32276622124728
1.38953578963696,-0.935163547072976,1.47414539629618
1.34186960143212,-0.352909275003486,1.08211820232464
1.22832488680914,-1.10953151369522,1.05161656089818
0.550229075768687,-0.469430920776581,0.432348269256459
1.11652883498851,-0.586420627839104,0.933786731338455
1.11499346064216,-0.70217381477881,1.22449425224463
0.386029109188755,-0.00352830207158726,0.392338404270674
1.22023278329602,-1.10993670108009,1.17082242216212
0.7296326519167,1.57161669867293,0.916202627318256
0.736389055382693,-0.294469145055814,0.761069172616493
0.10743997209535,0.0551214075579177,0.0810591294201997
1.33001053637614,-0.993470943222154,1.43570208467329
0.858624518245458,-0.0624108780142402,0.724537452463903
1.3021230707547,-0.469430920776581,1.11971586421841
0.142060394579471,-0.295125828058892,-0.00731701752625429
1.21417864341653,-0.295209659931625,1.34675005617081
0.719127439116865,-0.818641901299882,0.723825832245575
0.818573938066934,0.0547697794250641,0.900567134944332
0.950105979145557,1.68836189610664,1.28332466721442
0.93147084573048,-0.5850001433289,0.772880912332648
1.35913235221101,1.39758638820475,1.43833013461063
1.39677057944486,0.408654386853249,1.37221714128201
0.770038334684195,1.68944938178905,0.833730638790347
0.594355583214449,0.461817766144983,0.52396176744278
1.16900346772879,-0.0624108780142402,1.10865398349642
1.3090432222729,-1.05090276203389,1.14830971320424
0.699841473374185,-0.235076591887366,0.716875204515369
0.306027785981322,-0.1771324671867,0.228522944493545
1.29847523308353,-0.993524502474178,1.36448786622277
1.3724621243687,2.38708425469721,1.42178553242125
0.573497182365331,0.0547395068043552,0.572062015280248
0.965080038903727,-0.527458877349981,0.968697996477364
1.21984061994697,-0.992786316261498,1.30084265887461
1.04264934427338,-0.294124502912355,0.942741316106826
1.08813159483039,-0.294823101851799,0.948590440304307
0.908370647067279,-1.10993670108009,0.837464095166229
0.65313659590541,-0.527538051896451,0.581572598704199
1.2326749880668,0.17052296636477,1.06251130627933
1.37648851123216,-0.761238026445719,1.41445743480451
1.348126062808,-0.819354472218115,1.13565075554953
1.19542816783996,-0.294823101851799,1.07414603967546
0.543777478145836,0.753436250100471,0.449179611699352
1.23328535609513,0.170942125728437,1.03488803982045
0.976426304054864,1.86323285396528,0.964522942026547
0.930629793379177,1.22303445719513,1.2292121785183
0.134143384249202,1.6891280262769,0.285627865077159
1.41577707680282,-1.8657951382647,1.1720430762066
0.655974769420034,-0.7600457509224,0.602120151337656
1.31320234716482,-0.818641901299882,1.31774246576286
0.473449769662466,-1.86688169248185,0.419645962302737
0.102451139982768,0.287407883586377,0.0470865810854408
1.08735672240781,-0.235842722057623,1.29018869930752
0.798305862182017,-0.00391486015141287,0.818388369547977
1.4007701161658,1.39783089783356,1.46566593688622
0.310988255267309,-1.57493346982694,0.137188679564613
1.0735341934094,-0.527377374140379,0.930205194507724
0.173374845995658,1.68836189610664,0.470613764142368
0.82616836851606,-0.759607962253682,0.668192486079673
0.827435997779354,0.640235277952869,0.970030870161094
1.17283736554241,-0.585740658204711,1.02879474445339
1.14533071813938,-1.34303122321518,1.13350257358005
0.0847932004866504,-1.28432329700738,-0.0559794640979724
1.15289376039374,0.228725572673031,1.11702586657646
0.59573552927106,-1.05173409477183,0.592902627680576
1.08341655853721,1.04461927405037,1.05110499926669
0.801945380090711,2.21264642818102,1.03114964040451
0.86017161589347,-0.469514752649314,1.00273993956672
1.40646990979837,-0.236848704530424,1.53829424780878
1.26418646658507,0.346036635247699,1.31397179610204
1.22168836355689,1.92154025011446,1.25763626643066
0.610758751261996,1.45570283397715,0.879045439623618
1.15848010271993,-0.00394280410899092,1.10362993926377
1.08769556364287,0.578970479626709,0.996558161403026
1.23562056215146,-1.28440247155385,1.20492585535193
0.574929694193898,-0.00359350463926894,0.725419398896831
1.03223678337376,-0.237007053623365,1.02440500226857
1.04655093469981,2.38708425469721,1.21853914921334
1.01155612290463,-0.0624108780142402,0.932847098868396
0.251470943597937,-0.876618627284388,0.0774590504691882
1.38316965866492,1.16459665591059,1.50796034530304
1.02348855313874,0.814673104469052,0.937739186994671
1.0270883630902,2.38708425469721,1.05326264815089
0.893463145408851,0.17052296636477,0.775698169231938
0.983878164028971,-0.818832851676663,0.847944814953078
1.05084393213326,0.98599052238905,1.00481673345791
1.33220997903584,1.68876708349152,1.38544921198762
0.281729541522741,-0.294385313183081,0.200331384470698
1.34120099506652,1.16451282403785,1.57439939165796
1.21481775244247,0.873555680411706,1.16192543007964
0.548935730875947,1.45580762381806,0.829534930376085
0.607327605586021,0.752735322497895,0.458855815336793
0.820278354859794,-1.63356222148826,0.671579282599034
0.826880842720131,-0.818320545787737,0.841809564149247
1.37578776032974,0.17052296636477,1.18325449647454
0.868554532921942,-0.469619542490231,0.986346573719492
0.817494637972232,1.10596790424926,0.767568373849765
0.469721003392753,-0.352909275003486,0.263720467571195
0.888126395956702,-0.00266436804980723,0.734267405827551
0.862489426082828,-0.178324742710019,1.00423185265861
1.39434650319852,-0.702229702693966,1.4606051918853
0.561634335599141,0.0584094798995708,0.531997147190481
1.04223524700509,1.63082063012772,1.07728264524261
0.933391576347506,-0.701908347181821,0.992881649287943
1.41515385095977,-0.759607962253682,1.24265665808923
0.335847327350432,-1.57493346982694,0.179507999493918
0.922277130032407,-0.468587944722985,0.884249737335359
0.931431894115289,-0.00391486015141287,0.986641063956946
1.26555393299798,1.04461927405037,1.23019133242864
1.33045942537839,-0.469109565264436,1.2673134182239
0.238747379587339,-1.22646067551632,0.260662506768991
0.6484850923438,-1.22569454534606,0.571776441459716
0.759879526539844,-1.28432329700738,0.616943412813756
1.15003478747295,0.461438194054551,1.1256870099361
1.26612950929235,0.520257896092654,1.47964744650538
0.276941896393474,0.287354324334353,0.148912125474656
1.20908543610207,-1.10953151369522,1.03854215450026
0.76101366143263,-0.528304182066708,0.895857872032492
0.860174263090619,0.520257896092654,1.0278233757625
0.300728097289257,2.15409452240304,0.38099190383281
0.981464676571232,-0.235495751251033,0.891755296130656
0.179576094402428,0.05545440638572,0.337492900074053
0.690636790716495,0.814673104469052,0.611363130598558
0.0578923830596951,1.45621281120294,0.154408901338391
1.36537746845625,0.462139121657127,1.32156568759981
1.39749212975344,1.92154025011446,1.45503216498394
1.38605245636005,-1.05122411754604,1.21757866280682
1.21191528985423,-0.817554415617479,0.997650364131341
1.07323392561852,0.349704279679783,1.11537524263618
1.15289602941987,-0.819354472218115,0.952399144191899
1.09192918822598,-1.34194373753277,0.998547080653515
0.695603310738822,0.171263481240582,0.562920581126522
1.40007428148667,0.753000790094884,1.39303326728411
0.595008684568181,-0.528143504310636,0.716760848322326
0.864059970334159,1.86323285396528,0.94997070438933
0.415368373360853,1.16440803419694,0.665668277964756
1.28991495384609,-0.468429595630044,1.23061700404863
0.763929738177636,0.520767873318449,0.693744526774693
0.920843861861797,-0.29395916783002,0.82667884210358
0.859374431380635,-0.876618627284388,0.708839124633314
0.654411032247087,1.68944938178905,0.721886660972975
0.841494883666053,-1.4011499976507,0.689529109807165
0.528726271499327,1.39717887215674,0.766666600344096
1.32199822694851,0.287512673427293,1.21546770968081
1.09760061903195,-0.178219952869102,1.19608900847129
0.807277591490605,0.287834028939438,0.78353928823742
1.24392897948874,-0.178056946449899,1.3281975331761
0.764548047797411,2.15452998240863,0.794462447175638
0.74437413649679,-1.57493346982694,0.655509221865174
0.570734643054961,1.63014066049333,0.627882710992846
1.11630306688881,-0.993792298734299,1.17449536496481
0.64237347046907,0.753000790094884,0.648769133229722
0.715431195554982,2.38676289918506,0.760038345587595
0.820540049206512,-0.993792298734299,0.809623963692781
0.490139969515156,0.872789550241448,0.709841697808993
1.38162104833282,-1.57493346982694,1.21872727485668
1.02175766437439,1.97965902454999,1.32366916621958
0.967102875696496,-1.22569454534606,0.78904893330275
1.01220960242939,-0.528059672437903,0.810387749411738
1.20820505396456,-1.05173409477183,1.19346521699821
1.22131926864013,1.16517183570406,1.40913549942035
1.41712374380956,1.39783089783356,1.53439159229732
1.2561094899128,1.10628925976141,1.24816031082817
1.15055099091698,0.229046928185176,1.07675089045505
1.27755140864774,0.287002696201499,1.45531546634225
1.29933141227569,-0.0624108780142402,1.13951443005121
1.30253792436503,0.228639412137166,1.37209207349096
0.920344676113722,0.932184432073027,0.939521383111439
0.90891937321914,-1.34303122321518,0.842676544638352
0.884793196575236,1.45612897933021,1.15750881463333
0.310907326668757,0.93141830190277,0.612142713270481
0.769348928912422,1.45580762381806,1.00286602552701
0.802601884983634,-0.585682441626424,0.622580319882055
1.4108408104622,-1.28405550074726,1.36670207772591
1.21862820365278,0.461438194054551,1.12826672085873
0.320838854029326,-0.120355002714906,0.114876216353665
0.805195381847497,0.520066945715873,0.768490707510029
0.946090937412743,1.04429791853823,0.939225273870492
0.639413525885597,-0.0624108780142402,0.471185169872176
1.35712464225909,-0.00420827170598007,1.23985828147969
1.16927423818001,0.753056678010039,1.07850783094101
1.30194495220368,1.92143546027354,1.37943457557123
1.0419330883591,-0.702609274784398,1.14450112142966
1.15995648238696,-0.992760700967052,1.02863860991638
0.712922787170904,-1.10885154406082,0.523101356318896
1.15027114436124,-0.760728049219925,0.982709594027187
0.521367819767473,0.753056678010039,0.444731766142412
0.807175107143841,0.931853761908357,1.05725713291814
0.709575973632672,-0.701489187818155,0.774396389750404
1.07898401599691,-0.0624108780142402,0.998143827976185
1.04961979253741,-1.05141506792282,1.15240030857175
1.27371108192675,-0.0625715557703125,1.17204816522239
0.518672594898888,0.349704279679783,0.497380695357559
0.912898110533912,-1.5756180967876,0.77445722547692
1.1219801702601,0.287407883586377,1.08285528226522
0.50194419977305,-0.0617262510535849,0.417955811888533
0.770216075064192,1.33852217653784,0.750110533340273
1.23199012034728,0.229726897819568,1.19265264564289
1.10410251340063,-0.236441188482414,0.968108196891022
1.22416878728539,-0.585577651785508,1.07001606518257
1.38804806483929,-0.294385313183081,1.22071368186037
0.976076117689169,2.38676289918506,0.963615541820212
0.962801936671602,0.69886402961419,1.23896416780993
1.25369070806076,1.63014066049333,1.35889898791356
1.02035049000425,-0.527053689965102,0.940402397404708
0.420755797729853,-0.527738316925758,0.257095327726163
1.14069093787943,0.579131157382781,1.17035609195553
1.03266714199596,2.44571300635853,1.162086188249
1.35528068035939,-1.05176902471881,1.25580860734129
1.21802918075509,0.814673104469052,1.15735425608503
0.675319729842033,0.98599052238905,0.584811246794236
1.32648976416813,-0.70217381477881,1.3822630149432
1.10548699750949,-1.28400194149524,1.02112569010068
0.89537290906626,-0.293705343548688,0.835567192331637
1.26418419755894,-0.99202018609124,1.13762848042963
1.2519204895102,0.350025635191927,1.25720048679253
0.920762176921203,-1.2839693402114,0.907676053899913
0.823293512412372,-0.294804472546747,0.705100451112484
1.2161731173827,-0.760728049219925,1.07824304653476
0.987688237068257,-0.177898597356958,1.13910042550671
0.690525986607263,-1.57558549550376,0.636267882897494
1.03089389807723,-1.05176902471881,0.928182715941466
0.843249975375763,-1.05090276203389,0.660977025894774
0.96226190845323,1.51433158563847,1.2272089669173
0.630457679759903,0.287002696201499,0.740800324250025
0.824066493979846,-1.28440247155385,0.95999982287446
0.11255965138129,-0.817554415617479,0.00667765782199118
0.509302273333882,-0.00420827170598007,0.44596068634831
1.31111975935069,-0.00378212635291862,1.18325628250355
1.14013200111,-1.86688169248185,1.09759280885763
1.20618864607915,-0.177814765484224,1.18311950691024
1.20722445650641,-0.236876648488002,1.13867282417
1.26718536278373,-0.295505400149324,1.15979304094468
1.2055831942741,1.45612897933021,1.48228831073181
0.721618451633965,-0.586420627839104,0.577914843325744
1.23795274283963,-0.294804472546747,1.15805250190678
0.98102297281839,-1.57558549550376,0.928061525430398
0.990592968682625,-0.64354739178062,1.11937239752367
0.816213016381151,-0.00429443224184446,0.916741931201522
1.17217670076825,0.578618851493856,1.33617795329221
0.807746145385957,1.22271543034611,1.05760701018946
1.2205595230584,2.15409452240304,1.28907464964173
0.734179023934397,-0.585577651785508,0.543292041319991
0.957325263941584,-1.28508709851451,1.07248919780995
1.00129331772943,0.287407883586377,0.960779753783143
1.11169845653384,-0.00350734410340389,0.926429661887578
0.556558145980646,-0.0612907910479979,0.42303581012659
0.64653940243937,-0.586001468475437,0.47253914139538
0.468168233179422,-0.528304182066708,0.495251849909166
1.38856578096741,-1.28440247155385,1.46418091577047
0.761888749175846,-0.294790500567959,0.811570646079948
1.15791624972722,-0.00317434527560217,1.22635378712409
1.01353357917485,-0.70184314461414,0.933217859362843
0.226306309329628,0.0547697794250641,0.328288875281883
1.23908347419322,-0.00429443224184446,1.35640941677219
1.02014892484991,-0.527372716814115,0.861793247793295
0.736018069610828,-0.0625715557703125,0.606111750453119
1.06445657621486,-0.294790500567959,1.08938890127966
1.13693078341495,-0.00359350463926894,1.22712218503531
1.21293370441451,-0.236441188482414,1.08234587549169
1.14082481042096,-0.294804472546747,1.02007436240573
0.178027862241353,-0.819354472218115,0.0950799943693296
1.05247460557697,-0.586087629011302,1.05408823880196
1.09103594827374,0.171263481240582,0.930834812061834
1.39120617103791,-1.34268425240859,1.37250243047276
1.17336226691993,-1.86688169248185,1.28872561985331
0.946933124277109,-0.294280523342164,0.774614655033676
1.21155678372607,-0.586001468475437,1.0277662882716
1.15261958640332,0.348940478172656,1.33534126162199
0.907817004692141,0.753056678010039,0.871399265478563
0.588847900460686,0.0546091016689918,0.722258725181653
1.05843231184604,-1.4011499976507,0.735600222310762
1.34681796924543,0.694372038433562,1.26080771397801
1.08881910974706,-0.469514752649314,1.28929526838317
0.752316862456505,2.38708425469721,0.830341339633873
1.06284897120345,-0.0625715557703125,0.915740883678089
0.975043710801104,-1.86688169248185,0.904382295626523
1.02103346686866,-0.236441188482414,0.876103585350342
0.512098848036167,-0.993792298734299,0.721140520470157
0.95955609479605,0.932184432073027,1.05361097460174
1.33000183844265,-0.00350734410340389,1.17661178417243
0.910373818966941,0.578618851493856,1.03609577569969
0.631825146172812,-0.993470943222154,0.73301630142992
1.15942779929923,-0.41099311949204,1.3369992928007
0.978869667023283,0.811552695872866,1.19381132223849
1.39959438246068,0.521024026262912,1.32740201810038
1.23232593621417,-1.63356222148826,1.01278921139635
0.291278737980806,-0.00420827170598007,0.171613009954732
0.741188045642598,0.350025635191927,0.745068341899732
1.11658518247068,-1.05176902471881,0.937875645468304
1.34847019843735,-0.29395916783002,1.19515212071094
1.24712565913153,0.694372038433562,1.13679049465487
1.04996317182472,-1.34226509304492,0.862210786414679
1.13332530089817,1.86291149845314,1.16523002579218
1.02283167007479,1.16459665591059,1.0572223755947
0.639567063320232,1.68944938178905,0.841679845727184
0.568926607402273,1.57161669867293,0.503526066992441
1.39002665562257,-0.586087629011302,1.3841187521658
1.14881556410038,-0.760471896275461,1.07044235228015
0.953010332588903,-0.468587944722985,0.968294925011278
0.818398844884086,1.10588407237653,1.02338829736143
0.894828342795633,1.16451282403785,1.10546285164882
1.26713960409016,-0.00391486015141287,1.39109487302336
0.932566407179096,-0.701489187818155,1.06073263279933
1.20465440624586,1.68876708349152,1.31468731007411
1.05362916170491,0.98599052238905,0.997076008685162
1.04389012339416,0.579652777924233,1.10358090194513
1.21401829890351,1.16451282403785,1.47622129557126
1.07735107352707,-1.22569454534606,0.954454475990718
1.11480361878948,-1.10985286920736,0.841626453847425
0.613271319527307,0.752735322497895,0.608368532870607
0.450494410500411,-1.80825317368684,0.459221082750987
1.4029926272578,0.228639412137166,1.56587970426691
1.39661250395797,-0.0625715557703125,1.24472411227966
0.686411864066877,1.16451282403785,0.937772571963257
1.36469222256571,-0.528059672437903,1.25169814417427
0.655075100560435,-0.0617262510535849,0.527295831032362
1.27988207665182,2.21264642818102,1.53769236289675
1.26056661356948,0.349704279679783,1.25760355368257
1.23823561476354,-0.528304182066708,1.29400067003116
0.678601876135628,0.582258551968362,0.647273540085227
1.35289517755722,-0.819354472218115,1.22118793090683
0.565203513697879,0.229726897819568,0.527705852132719
0.683810047440546,-0.236580908270303,0.849640892713876
1.30214840821312,-0.120355002714906,1.13027682077505
0.550767591302974,-0.00429443224184446,0.738468356554991
1.20948932275279,0.350025635191927,1.2041007099497
0.224409403486942,-0.0625715557703125,0.138014172745998
0.493045835642588,0.985669166876905,0.342515189394772
1.2044505720654,0.815353074103445,1.26044542648206
0.534157941877814,-0.352587919491341,0.378865697845171
1.09290184409268,0.113237853330313,1.27802277489215
1.12410927310985,-0.586087629011302,1.20173542180827
1.22689313132261,0.287002696201499,1.38950120752961
0.292258579096914,-0.295209659931625,0.310316875779727
1.31663576186692,0.69886402961419,1.46964270779671
1.0949575817643,0.578565292241832,1.22294467828383
0.89539370847243,0.814673104469052,0.835324410448264
1.37521218403537,-0.760728049219925,1.32332208490964
1.12126315800378,-0.294823101851799,1.02103252281034
0.995593902267888,0.753436250100471,0.844238521959718
0.249023798919305,0.814673104469052,0.269531033127536
0.955291082018177,0.170942125728437,0.801775182563361
1.1849331656577,0.17052296636477,1.04111927812902
1.01686413135917,0.752735322497895,0.987542846614698
1.09814669798666,1.68879735611223,1.36186312156023
1.29359191068589,-2.15741222502231,1.11618789086899
0.607114317130026,-0.469514752649314,0.733558771476321
1.31607266521625,-0.00429443224184446,1.43093342245437
0.857609885395393,-1.34194373753277,0.73306940135823
0.760932732834078,-0.00359350463926894,0.892670610600817
0.356880821382397,0.117038231560892,0.342395744185944
1.16852092150565,-0.760150540763317,1.02891678610818
0.863621291949486,0.521024026262912,0.837563513786905
1.28257503249428,-1.0513102780819,1.36782105761884
1.12523130652995,-1.05138712396524,1.12533591086169
0.742954482482946,-1.28508709851451,0.789154146107211
1.26540417727355,1.16408667868479,1.55600438104636
0.830733270913799,-1.10993670108009,0.846989138881415
0.668603790675315,-0.586087629011302,0.725519030303438
0.44322293810345,0.288034293968745,0.432951157694389
0.695154043565554,0.287002696201499,0.73515094563814
1.14958778932581,-1.10953151369522,0.950607116907509
0.541205915201206,-0.0618892574727888,0.390371446358695
0.907805281390482,0.113237853330313,1.1161700086139
1.39611104918377,1.63014066049333,1.51394111397847
1.02137079541963,0.229205277278116,0.906525497490008
1.26478964936399,-0.527053689965102,1.19326249149436
0.950957998456476,-0.993140273057483,0.937879851308074
0.512463404900671,-0.992704813051896,0.422347164382368
1.20446721159034,0.287675679846497,1.12836109668164
1.20968559351283,0.0551004495897349,1.23111733836223
0.682804868866012,-0.819354472218115,0.570581021081046
0.32790535773276,0.228883921765972,0.167835885329738
0.212385834036713,1.33852217653784,0.28932967583784
0.983808580561058,-0.469675430405387,1.04797895886423
1.36079176665234,0.171263481240582,1.23430120299827
0.39313758987555,-0.993140273057483,0.36027620409573
0.46643923527018,-0.819354472218115,0.325271224371913
0.553450714698878,-0.236441188482414,0.412170457117793
0.783302683255208,-0.236441188482414,0.634452605203694
1.27815194422951,-0.818674502583722,1.15399554227493
1.2637088365852,-0.0612907910479979,1.0521500747161
1.25662039896254,-0.759691794126415,1.33531030424344
1.17637855898558,1.39717887215674,1.34918007974135
1.10725532520495,0.229046928185176,0.953138184966284
0.732703022438383,-0.644204074783698,0.539426047222859
0.659658155167195,-1.0521532541355,0.688611021340629
1.19930101726878,-0.178056946449899,1.27194697556228
0.659954263076849,-0.294804472546747,0.570888422162073
1.12729574213506,-1.28440247155385,1.18494085335032
1.23890043941893,0.287703623804075,1.41739393099076
1.08384124459409,-0.294385313183081,0.87625108947302
1.04532603876192,2.44571300635853,1.25121042737999
1.38893601039723,-0.818674502583722,1.24961312393322
1.05500154434109,-0.0625715557703125,0.943198481875046
1.07803026868127,-1.10985286920736,0.844028128383085
0.499719797825945,-0.527216696384306,0.41360422153476
1.1983181507845,-0.585577651785508,0.952135531709878
0.465702558120748,-0.00352830207158726,0.361945925230128
1.40527678022626,-0.00420827170598007,1.32607479948877
1.00585557293002,-0.0625715557703125,0.874820336091379
0.546938609712624,0.287324051713644,0.67319275869178
0.887565946503181,0.69886402961419,1.11918581354872
0.714708132562315,-0.236848704530424,0.800631451777002
1.20628507968958,-0.586087629011302,1.28252092578884
0.744652092197423,-0.294443529761368,0.593062566738508
1.38518341935317,-0.819354472218115,1.2007692670591
1.1387149942933,0.117038231560892,1.11940462978739
0.524280114802266,-1.51698934512627,0.427787959242045
1.16727106628035,-0.818674502583722,1.01157921495259
1.38860775795077,-0.527377374140379,1.36801591461927
1.18473878575277,1.10596790424926,1.1836124440527
0.37429597508286,2.27127517984234,0.719183296713721
1.03540888190016,-0.00391486015141287,1.12932529013941
0.948546023682822,0.462139121657127,0.850939767324247
1.09822460121704,-0.00266436804980723,0.990108742467954
1.23551618694959,0.0550352470220533,1.388040134212
0.282028674800565,0.640556633465013,0.430829355231515
1.2552079301981,-0.294385313183081,1.125822131748
0.980530972319719,-0.00388691619383548,0.942991801756115
1.02902195152195,-0.410226989321783,0.970506465478972
0.35869036971917,-1.34268425240859,0.261732504255781
0.855030002688295,-1.22646067551632,0.862752300526004
0.547336445627,-1.8657951382647,0.392014209574836
0.949738018741862,0.229151718026092,0.870660966480511
0.86415564760254,1.68876708349152,0.9913106722657
1.35486204503884,0.229570877389759,1.22010211953572
1.40130976621315,-0.585321498841045,1.19412665954834
1.2690126851585,-1.05122411754604,1.08997069919978
0.966542426242975,-0.00388691619383548,0.943714922024412
1.06014883011158,2.38676289918506,1.19900969260364
0.632476734842458,-0.527738316925758,0.511966107465451
1.1794247265619,-0.236527349018279,1.25036574182282
0.98179784524097,0.578970479626709,0.92171482489955
0.603796622760432,-0.819354472218115,0.441566496708726
1.32208520628341,2.15409452240304,1.52018462980646
1.21056786650545,-0.877298596918781,0.927950439276633
1.25329022494924,-0.0625715557703125,1.08897306174249
0.988988767210402,-0.178378301962043,1.08359929673915
1.35668634204544,-0.00359350463926894,1.43900545720994
1.39248022920856,-1.28440247155385,1.40421145862648
0.777012186487419,-0.00378212635291862,0.666615030755436
0.442969563519199,-0.818320545787737,0.460729047223759
1.29712062448535,-0.410226989321783,1.24590830259481
0.518495610860934,0.753436250100471,0.444533023167515
0.612370516154645,0.229046928185176,0.492473633965794
1.30705744624022,1.68836189610664,1.62998755307459
1.15384145697304,2.38676289918506,1.14339556077852
1.30002800329687,-0.00317434527560217,1.36191780845974
1.21390446942611,-0.759607962253682,1.06287648125749
0.363976066083448,-0.235761218848022,0.272625821454369
0.980448152866061,-0.00429443224184446,1.07605046094629
0.435536990267177,-0.23649707639757,0.35331210999051
1.41639425190953,-0.528059672437903,1.2346085926392
0.868483814940964,0.229151718026092,0.86569869560529
1.06430984585861,0.229889904238772,0.94233458975637
0.588582424403755,-0.760858454355288,0.634936801191628
0.45492808755377,-0.236441188482414,0.384417444322992
1.14031427954225,1.63082063012772,1.19069836794199
1.223752799162,1.1069692293958,1.2288590755953
1.29760392705053,-0.295505400149324,1.1538883274523
0.850634142737063,0.17052296636477,0.761739935190417
0.968122046598816,-0.818320545787737,1.04767683761992
1.12955682667123,-0.00326050581146655,1.12932038965653
1.38808550377039,-0.585682441626424,1.24310915995592
0.99950116525964,-0.817989875623066,0.82111090833645
1.31798696692591,-1.5756180967876,1.21124550232525
0.647031781109063,-0.469940898002376,0.740616085496361
1.39470236212954,1.63014066049333,1.60515354317447
1.34834199846114,0.287407883586377,1.27422614626295
1.30762319008803,-0.760537098843143,1.37543859031996
1.04868192840466,-1.34252124598938,0.865621052078234
1.36627751548687,-0.00429443224184446,1.52036021801121
0.436078531169634,-0.00394280410899092,0.366706700641471
0.827250315807911,-0.585682441626424,0.609948745259866
0.412814584454223,0.228883921765972,0.316008402022124
1.15556629500105,0.0547395068043552,1.15178714142933
0.752314971601398,-0.4692399703998,0.851825835855386
1.36581236513071,-0.876618627284388,1.15439047342074
0.617510238504713,1.39750022766889,0.842832374868593
0.583182898562075,-1.10993670108009,0.617213134311221
1.09405677839164,-0.469619542490231,1.24835274115378
1.19664171864722,0.229205277278116,1.15876928801839
1.12054274220826,0.814673104469052,1.08947855188208
1.17292926110058,0.229151718026092,1.10070067688397
1.36141499249539,-0.644204074783698,1.20827225411906
1.12515642866774,-1.10953151369522,0.843719826279482
1.01930635981452,0.287324051713644,1.13253646825214
0.759145118416539,0.228883921765972,0.626910693419275
1.02728274299513,-0.702229702693966,1.0048947874559
0.941019664017524,-0.992786316261498,1.02062585411801
0.223637178261511,-0.993105343110511,0.335885660210705
0.83804898932025,-0.236196678853609,0.807065988967414
0.974595956311922,-0.934842191560832,1.04421158532613
0.930472852405351,-0.993792298734299,0.951880304366355
0.871900590118131,-0.993470943222154,0.964714362419788
1.0125832353984,-2.15741222502231,0.862161071841892
1.38552566412742,-0.993524502474178,1.46444651654254
1.07555135763685,-0.295125828058892,0.94029223652654
0.830777895094309,0.814673104469052,0.714634997435511
0.732675794124852,0.0551004495897349,0.828295736041744
1.28931933448759,-0.00429443224184446,1.37629005757067
0.660767330772577,1.57161669867293,0.726145419917854
0.615511604657306,-0.993524502474178,0.651332018962859
0.771900826963946,-0.818669845257459,0.557438105850173
1.00520020255017,-1.0521532541355,1.02462521694553
0.488757754432418,-0.294469145055814,0.500729408686495
0.909534279299724,0.753056678010039,0.900107949768985
1.20510783330037,-0.934842191560832,1.27281747823055
1.19999760828996,-1.22646067551632,1.22820336453718
0.967495039045552,-1.10953151369522,0.799739649923431
1.04302108638729,-0.527053689965102,0.867297606615449
0.871197570189591,1.63024545033425,1.01517915707996
0.767105618414253,-1.51698934512627,0.622035721518739
0.473139291254004,0.0547697794250641,0.662376080121528
1.03293299622391,-0.877298596918781,0.763830596317867
1.29067999382211,0.811364074159216,1.28202214961738
1.15545586906284,0.0558013771923105,1.11048309730939
1.25436990321496,-1.34194373753277,1.06793899947451
0.996313939892384,-1.28508709851451,1.0991434920509
0.436258540575758,-0.469619542490231,0.612911583429183
0.812638543888116,0.287354324334353,0.860153220592386
1.21300139702732,1.10665020254679,1.17162835505399
0.20078732881439,-0.761238026445719,0.278188910566331
0.581352550819133,-0.00282737446901108,0.508355045099559
1.19623745382548,-1.0513102780819,1.2283921267079
0.883711249283385,-0.760117939479476,0.978902486720484
0.706400093396054,-0.644204074783698,0.514594633768711
0.428453468867785,1.39783089783356,0.497711912446728
0.903039570180449,-0.701489187818155,1.00928413244031
1.3361013588447,0.519936540580509,1.45554442354656
1.03176709496534,-0.527053689965102,0.863203308315137
1.25712941715716,-0.236580908270303,1.32849739980474
1.07349486362319,0.0551214075579177,1.01023569327783
1.14809741733099,-1.57558549550376,1.10886312415288
1.37644880327492,-0.993470943222154,1.46529844460064
0.868016395558676,-0.760858454355288,0.940497522783221
0.910916494382462,-0.352909275003486,0.722163680341471
1.03079179190149,-0.294804472546747,1.05459811324694
0.65515413830388,-0.527053689965102,0.641834572896537
0.832755351364525,0.407566901170847,1.01726956194909
1.23424364146302,-1.5756180967876,1.12157291568013
0.821382992412921,-0.528143504310636,0.937679414282602
0.764623682001664,1.39750022766889,0.985749231443896
0.222708012062253,1.33852217653784,0.309150273022593
0.750800018490194,1.92211775857107,0.877521634267882
0.769370862831655,-1.40046769935318,0.568174096452939
0.272390608152501,-0.1771324671867,0.328678578300243
0.737441883505906,-1.34252124598938,0.562010400517354
1.11566206700776,-0.701908347181821,1.37089953327283
0.920782598156352,0.0584094798995708,0.883001926772422
1.33302380307361,-1.4011499976507,1.07053518460425
1.26228237549298,-1.05090276203389,1.04709861816427
0.967887202394608,0.872789550241448,1.13556787840378
1.09938861162051,-0.586420627839104,0.893039802428227
1.24192542941806,-1.10985286920736,1.06752378731264
0.768571031121671,-0.0612907910479979,0.633934000586684
0.972455508331538,-1.0521532541355,0.987910924175996
0.380088042444618,-0.295209659931625,0.541350271313406
0.557709298569389,-0.528059672437903,0.481536011990717
0.858974326440132,-0.818674502583722,0.71104960757781
0.242226931154035,-0.993470943222154,0.349679330646725
0.481375477926224,-0.993140273057483,0.347516583594657
1.08344643404789,1.86323285396528,1.12817134471314
1.23044793892254,-0.469514752649314,1.29007154761071
1.00061450074626,-1.28331731453458,0.898767729708182
1.08413583981966,1.45689510950047,1.19497785955823
1.40782149302838,-0.527791876177782,1.23315353590099
0.985101925453798,-0.527023417344394,1.0225820597052
1.21817099488806,-0.934076061390575,1.17557478863955
1.22147923498213,1.68879735611223,1.3866248217673
0.940454298340727,0.462139121657127,0.845186737253271
1.33269555062715,0.113237853330313,1.3926812090714
1.17948561209632,-0.758925663956158,1.0569222495045
1.28781497016498,2.67837905447742,1.43638518791601
1.23476476113033,-2.15741222502231,1.01153686826428
0.916831467326132,1.63014066049333,0.934967944938591
1.39979594761501,1.62981930498119,1.39692382099614
0.618721898456859,-0.934842191560832,0.732460707754015
1.23768386324351,1.16408667868479,1.50457182681925
0.576239678611575,-0.177814765484224,0.604516793600446
1.20767637087683,-1.80748750924921,0.994065034677388
0.965170421777811,0.640556633465013,1.16744695043034
1.36160407800603,-0.759691794126415,1.46746788502865
1.22357694963711,0.228639412137166,1.33248020010755
0.378745535319112,-0.294804472546747,0.277840525999758
1.12761491847701,-0.527216696384306,1.01698041515533
0.998568973692212,-0.760858454355288,1.02811477076547
0.859092693969789,-0.761238026445719,1.01360243987122
1.34120175140856,1.39717887215674,1.5719716140086
1.32707819827722,-1.34268425240859,1.19105869185852
1.13601712222757,-0.877298596918781,0.88854151379269
0.96448177234808,-0.527372716814115,0.833127536651278
0.408601002935243,1.39717887215674,0.602301954264413
1.15532161835029,-0.236848704530424,1.19965341626337
0.291831624013902,0.229405542307424,0.245182458407403
0.795514960045051,0.52050240572146,0.751112549611698
1.17471271563688,0.345952803374965,1.36004093450133
0.867466534893751,0.287703623804075,0.930424120113789
1.1604602061873,-1.51695674384243,1.16197305294384
1.3996072402754,1.04435147779025,1.38890229795979
0.892847104815204,-0.993792298734299,1.00212096771562
1.23174771272265,1.1069692293958,1.34689334072559
0.125080515724489,0.578565292241832,0.233988300798531
0.550017299996776,0.985669166876905,0.444011176425081
1.0356176323039,0.990480184906547,1.23539751501188
0.0749380636723778,0.578970479626709,0.0996774600105503
0.852742446180639,0.873981825764766,0.931473763825458
1.0187939380807,-0.759770968672886,0.904977701778948
1.07490430701946,-0.759770968672886,0.946629226697261
0.802488433677253,1.92135162840081,1.04379726366195
1.13549335536311,-0.294804472546747,1.01105711012142
1.03352445570118,0.752735322497895,0.96955400041565
1.36056108232937,1.22303445719513,1.65770303134634
0.663747696591199,-1.34303122321518,0.62001242201063
0.857514208127012,-1.28405550074726,0.68947041292246
0.891767048378459,1.68944938178905,1.0435261121515
1.05127618161057,1.39783089783356,1.14882250853653
0.590588999842609,0.872789550241448,0.820831600947189
1.40493188825487,-1.86611602804422,1.14187136600165
1.35161809401839,1.97998038006213,1.65378273336437
1.39808737094092,1.45570283397715,1.66091775040001
0.957785876245489,-0.00350734410340389,0.788977170446664
0.355670674114337,-0.876618627284388,0.110256573842377
1.3468228854687,0.699185385126335,1.72363009781957
0.873648118407415,-2.0987837062273,0.692330235244853
1.13044401588713,0.811685429671361,1.08380576361454
0.684508151145808,2.44539165084638,0.807301206654138
1.39903620203328,0.461438194054551,1.36089754018907
0.540787279880661,1.92103027288867,0.751783549682177
1.2294798211081,0.519936540580509,1.31473931632849
0.577833291295203,-0.00420827170598007,0.435307480912863
0.93650392385255,0.98599052238905,0.887427291610137
0.966088621017452,-1.80825317368684,0.953191059295746
0.903076252769512,0.228725572673031,0.817965783095183
1.40654630034466,0.348940478172656,1.51697918089772
1.19285282318512,-0.818236713915004,1.00942301758877
0.338500197064635,-0.236876648488002,0.248451140430813
0.741503062103315,0.0547395068043552,0.669897724160406
0.76509601760723,-0.585682441626424,0.612253208657285
0.827364523456334,0.753436250100471,0.772692498398693
0.905647815714142,-0.817989875623066,0.840726952803979
1.35279382772352,-0.00391486015141287,1.3958913813702
0.4670174587617,0.753000790094884,0.446810761109586
1.01183180957914,0.287268163798488,1.13404728451399
1.29662295142136,0.872789550241448,1.4332730696623
0.814319514077657,0.641322763635271,0.816027086815694
0.483898634980131,0.520257896092654,0.607472421301123
1.0205879814056,0.461438194054551,0.951221223053645
0.930829089507386,-0.818320545787737,0.968293260704973
0.963433482277122,-0.64354739178062,1.05918447420818
1.13778960980426,0.461438194054551,1.10551700726991
1.34929498943474,1.92211775857107,1.40771103306216
0.785662470427928,-0.644204074783698,0.615355525487643
1.24985151585284,2.15409452240304,1.33200836263498
1.19994277349187,1.68836189610664,1.51511475148424
0.938349398436343,-1.05176902471881,0.851097623368074
0.892210642986408,1.10588407237653,1.12357757468306
0.738569589491331,-0.00359350463926894,0.854804283817569
1.01967696741537,1.33852217653784,0.971025684200755
1.285859447814,0.28835564948089,1.30908902799955
0.908195932055453,-1.8657951382647,0.658759423544865
0.475865147975312,-1.10885154406082,0.28389312617189
0.518788315231396,1.62981930498119,0.574428479921961
0.915268108324206,0.753000790094884,0.81575054930437
0.757067824996708,1.1069692293958,0.797711322718493
1.38928203688169,0.520066945715873,1.33506784131016
0.75077505920279,-1.34226509304492,0.528062415915923
1.10077914646571,0.461438194054551,1.00575178805603
0.793099203561184,-0.236876648488002,0.712097755839108
0.829939489940155,-0.819354472218115,0.73629865758063
0.958276742231097,-0.235919567940963,0.859333420921872
0.582208351840265,-0.701908347181821,0.710849100538904
1.27333744895774,-0.294469145055814,1.42722664989186
1.00268952513996,0.811685429671361,1.05414162198724
0.48748899065606,-0.0617262510535849,0.35096602566496
1.38294918495952,1.86291149845314,1.40764309165836
1.09006556143316,1.04461927405037,1.1281061750177
