Customer_id,InternetService,Phone,Multiple,OnlineSecurity,OnlineBackup,DeviceProtection,TechSupport,StreamingTV,StreamingMovies
K409198,Fiber Optic,Yes,No,Yes,Yes,No,No,No,Yes
S120509,Fiber Optic,Yes,Yes,Yes,No,No,No,Yes,Yes
K191035,DSL,Yes,Yes,No,No,No,No,No,Yes
D90850,DSL,Yes,No,Yes,No,No,No,Yes,No
K662701,Fiber Optic,No,No,No,No,No,Yes,Yes,No
W303516,None,Yes,Yes,Yes,Yes,Yes,No,No,Yes
U335188,DSL,Yes,No,No,No,No,Yes,Yes,Yes
V538685,DSL,No,No,No,Yes,No,No,No,No
M716771,DSL,Yes,No,Yes,Yes,No,No,No,No
I676080,Fiber Optic,Yes,No,Yes,No,Yes,No,No,Yes
J980369,DSL,Yes,Yes,Yes,Yes,No,No,Yes,No
E243720,Fiber Optic,Yes,No,No,No,Yes,No,Yes,No
F139569,Fiber Optic,Yes,No,No,No,No,No,Yes,No
X44200,Fiber Optic,Yes,Yes,Yes,No,No,Yes,Yes,No
H68068,DSL,No,Yes,No,Yes,No,Yes,No,No
A403906,None,Yes,No,Yes,No,No,No,Yes,Yes
V847470,DSL,Yes,Yes,No,Yes,Yes,No,No,Yes
F721878,None,Yes,No,Yes,No,Yes,Yes,Yes,Yes
F487435,None,Yes,No,No,Yes,Yes,Yes,Yes,No
B561228,DSL,Yes,Yes,No,No,No,No,Yes,No
X325271,Fiber Optic,Yes,No,Yes,Yes,Yes,No,No,Yes
I282896,Fiber Optic,Yes,No,Yes,No,Yes,No,No,No
I367206,Fiber Optic,Yes,No,No,No,No,Yes,No,No
N37182,Fiber Optic,Yes,No,No,No,No,Yes,Yes,No
U644626,None,Yes,Yes,Yes,No,Yes,No,No,Yes
A766555,DSL,Yes,No,No,No,No,No,No,No
V54032,Fiber Optic,Yes,No,Yes,No,Yes,No,Yes,Yes
Z301326,None,Yes,No,No,Yes,Yes,No,Yes,No
J887250,DSL,Yes,No,No,No,Yes,No,Yes,Yes
Z686376,DSL,Yes,Yes,Yes,Yes,Yes,No,Yes,Yes
L357432,Fiber Optic,No,No,No,Yes,No,No,Yes,Yes
V899967,None,Yes,Yes,No,Yes,No,Yes,No,No
G571225,Fiber Optic,Yes,No,No,Yes,No,No,Yes,Yes
S381541,DSL,Yes,Yes,Yes,Yes,No,No,Yes,No
R195593,Fiber Optic,Yes,Yes,Yes,No,Yes,Yes,Yes,Yes
I327596,DSL,Yes,Yes,Yes,Yes,No,Yes,No,No
U790894,Fiber Optic,Yes,Yes,Yes,Yes,Yes,Yes,No,Yes
O739489,DSL,Yes,Yes,Yes,No,Yes,No,No,No
I958127,Fiber Optic,Yes,No,Yes,Yes,No,Yes,No,Yes
Z666770,Fiber Optic,Yes,No,No,Yes,Yes,No,No,No
X711438,Fiber Optic,Yes,No,No,Yes,Yes,No,Yes,No
U369541,DSL,Yes,No,Yes,No,No,Yes,No,No
S896111,Fiber Optic,Yes,Yes,Yes,No,No,Yes,Yes,Yes
K227200,Fiber Optic,Yes,Yes,No,No,No,Yes,No,Yes
E818912,Fiber Optic,Yes,Yes,Yes,No,No,No,Yes,Yes
Y490834,None,Yes,Yes,Yes,Yes,Yes,No,Yes,Yes
B609739,Fiber Optic,Yes,No,Yes,Yes,No,Yes,No,Yes
E687638,Fiber Optic,Yes,Yes,Yes,Yes,Yes,Yes,No,No
E492264,None,Yes,No,No,No,No,No,Yes,No
W255321,None,Yes,No,No,No,No,Yes,No,No
S72442,DSL,Yes,Yes,No,No,Yes,Yes,No,Yes
O845020,None,Yes,No,No,No,Yes,No,Yes,Yes
D805597,Fiber Optic,Yes,No,No,No,Yes,No,Yes,No
R189303,Fiber Optic,Yes,Yes,No,No,No,No,Yes,No
N142854,Fiber Optic,Yes,Yes,Yes,No,Yes,No,No,No
F522569,DSL,Yes,No,No,No,Yes,No,Yes,No
L384793,DSL,Yes,No,No,Yes,No,No,No,No
C101444,None,Yes,No,Yes,No,Yes,Yes,No,Yes
E987442,None,Yes,Yes,No,No,No,Yes,Yes,Yes
L54611,Fiber Optic,Yes,No,No,No,Yes,No,No,No
L85018,DSL,Yes,No,Yes,Yes,No,Yes,No,Yes
O942919,Fiber Optic,Yes,Yes,No,No,Yes,Yes,Yes,No
I167253,DSL,Yes,No,Yes,Yes,No,No,No,Yes
R110564,None,Yes,No,No,No,Yes,No,No,No
M278354,None,Yes,No,No,No,Yes,No,No,Yes
W604879,DSL,Yes,Yes,No,Yes,Yes,No,Yes,No
X345797,Fiber Optic,Yes,Yes,No,No,Yes,Yes,Yes,Yes
N189653,Fiber Optic,Yes,No,No,No,No,No,Yes,Yes
M562102,DSL,Yes,Yes,Yes,No,No,No,Yes,No
X67911,DSL,Yes,No,No,No,Yes,No,Yes,Yes
O834546,None,Yes,No,Yes,Yes,No,Yes,Yes,Yes
I493092,DSL,Yes,Yes,No,Yes,No,Yes,Yes,Yes
H787644,Fiber Optic,Yes,No,No,Yes,No,No,No,No
N582710,Fiber Optic,Yes,No,No,Yes,Yes,Yes,Yes,Yes
T689606,Fiber Optic,Yes,Yes,No,Yes,Yes,No,No,Yes
E330599,DSL,Yes,Yes,Yes,Yes,Yes,Yes,Yes,Yes
C641592,None,No,No,No,No,Yes,Yes,Yes,Yes
E24772,DSL,Yes,No,No,Yes,No,No,No,Yes
A889769,Fiber Optic,Yes,Yes,No,No,No,No,Yes,Yes
G391761,Fiber Optic,Yes,No,Yes,No,Yes,No,No,No
A606860,DSL,Yes,No,No,No,No,No,Yes,Yes
E186097,Fiber Optic,Yes,Yes,No,No,Yes,Yes,No,No
I627613,Fiber Optic,Yes,Yes,No,No,No,Yes,No,Yes
Z188641,DSL,Yes,No,Yes,No,Yes,Yes,No,No
A740543,Fiber Optic,Yes,Yes,Yes,Yes,Yes,Yes,No,No
W681476,Fiber Optic,Yes,No,Yes,No,No,No,Yes,No
G842176,None,Yes,No,No,Yes,No,Yes,No,No
Z852663,None,Yes,Yes,No,No,No,No,Yes,Yes
C73741,DSL,Yes,No,No,No,No,No,Yes,Yes
W258972,Fiber Optic,Yes,No,No,Yes,No,No,No,No
G491883,Fiber Optic,Yes,Yes,No,No,Yes,No,No,Yes
C302549,DSL,No,No,No,Yes,Yes,No,Yes,Yes
K581313,Fiber Optic,Yes,No,Yes,No,No,Yes,No,Yes
T46150,DSL,Yes,Yes,No,Yes,Yes,No,No,No
B260505,DSL,Yes,Yes,No,No,Yes,Yes,No,Yes
W877056,Fiber Optic,Yes,No,Yes,Yes,Yes,No,Yes,Yes
M478246,Fiber Optic,Yes,No,No,No,Yes,No,No,No
N417817,Fiber Optic,Yes,No,Yes,Yes,Yes,Yes,Yes,No
R180138,Fiber Optic,Yes,No,Yes,Yes,Yes,Yes,No,No
N931384,Fiber Optic,Yes,Yes,No,No,Yes,No,Yes,No
O967373,None,No,No,No,Yes,Yes,Yes,Yes,Yes
G695985,Fiber Optic,Yes,Yes,No,No,Yes,No,Yes,No
P33478,None,Yes,Yes,No,No,Yes,No,Yes,Yes
K100436,Fiber Optic,Yes,No,No,Yes,No,No,No,Yes
L475907,Fiber Optic,No,Yes,No,Yes,Yes,No,Yes,No
A78095,Fiber Optic,Yes,Yes,No,Yes,Yes,No,Yes,No
X742990,DSL,Yes,Yes,Yes,Yes,No,No,Yes,Yes
P347346,None,Yes,Yes,No,Yes,No,Yes,Yes,No
O235183,DSL,No,Yes,No,No,No,Yes,No,Yes
R776311,Fiber Optic,Yes,Yes,No,No,Yes,Yes,Yes,No
C25146,Fiber Optic,Yes,No,No,No,No,No,Yes,No
E722502,Fiber Optic,Yes,Yes,No,No,Yes,No,No,Yes
D515341,Fiber Optic,Yes,No,No,No,No,Yes,No,Yes
U972291,Fiber Optic,Yes,No,No,No,No,No,No,No
N374641,Fiber Optic,Yes,No,Yes,Yes,No,Yes,Yes,No
R736057,Fiber Optic,Yes,No,Yes,Yes,No,No,Yes,No
K401117,DSL,Yes,Yes,No,No,Yes,No,No,No
O17401,Fiber Optic,Yes,Yes,No,Yes,Yes,No,Yes,Yes
E779833,DSL,Yes,No,No,No,No,No,No,Yes
Q527077,None,Yes,No,No,Yes,No,Yes,Yes,Yes
Q765651,DSL,Yes,Yes,No,Yes,No,No,No,No
W400552,None,Yes,Yes,No,Yes,Yes,No,Yes,Yes
S979985,None,Yes,No,No,Yes,No,Yes,No,No
E351590,None,Yes,No,No,No,Yes,No,Yes,Yes
J227824,None,Yes,Yes,No,No,Yes,No,Yes,No
S136858,DSL,Yes,Yes,No,No,No,No,No,No
N883325,None,Yes,Yes,No,No,Yes,No,Yes,Yes
U700981,DSL,No,Yes,No,Yes,Yes,Yes,No,No
X267853,DSL,Yes,No,Yes,No,Yes,Yes,No,No
S985225,None,Yes,Yes,No,No,Yes,No,Yes,Yes
X645702,DSL,Yes,No,No,No,Yes,No,No,Yes
I703479,Fiber Optic,Yes,No,No,No,No,Yes,No,Yes
S370452,DSL,Yes,Yes,No,Yes,No,Yes,Yes,No
D333249,Fiber Optic,Yes,Yes,No,No,Yes,No,Yes,Yes
O698848,Fiber Optic,Yes,No,No,No,No,No,No,No
M248356,Fiber Optic,Yes,Yes,No,Yes,Yes,No,No,No
E759213,Fiber Optic,Yes,Yes,No,Yes,No,No,No,Yes
G106476,DSL,Yes,Yes,No,Yes,Yes,Yes,Yes,No
D873414,Fiber Optic,No,Yes,Yes,No,Yes,No,Yes,Yes
X906302,DSL,Yes,Yes,No,No,Yes,Yes,Yes,No
Z245249,Fiber Optic,Yes,Yes,No,No,Yes,Yes,No,No
T30358,Fiber Optic,Yes,Yes,No,Yes,No,No,Yes,No
K974027,Fiber Optic,Yes,No,No,Yes,Yes,No,No,Yes
R464272,DSL,Yes,No,No,No,Yes,No,No,Yes
Q541158,None,Yes,No,No,Yes,No,No,No,Yes
O707075,Fiber Optic,Yes,Yes,No,Yes,Yes,Yes,Yes,No
L229402,None,Yes,No,No,Yes,No,Yes,Yes,Yes
Y259927,DSL,No,No,No,No,No,Yes,No,No
G820541,Fiber Optic,Yes,Yes,No,Yes,No,No,Yes,Yes
F672614,None,Yes,No,Yes,Yes,No,Yes,No,Yes
L686627,DSL,Yes,Yes,Yes,No,No,Yes,No,Yes
T660448,Fiber Optic,Yes,No,No,No,No,Yes,Yes,Yes
G864898,Fiber Optic,Yes,No,Yes,Yes,No,No,Yes,No
V847401,DSL,Yes,Yes,Yes,Yes,No,No,No,Yes
X852253,Fiber Optic,Yes,Yes,Yes,Yes,Yes,No,No,Yes
M482085,Fiber Optic,Yes,No,No,No,No,Yes,Yes,Yes
L535753,None,Yes,No,No,No,No,Yes,Yes,Yes
K265986,Fiber Optic,Yes,No,Yes,Yes,No,Yes,Yes,No
C695447,Fiber Optic,Yes,Yes,No,No,Yes,No,Yes,Yes
T484755,None,Yes,No,Yes,Yes,Yes,Yes,No,No
X999392,Fiber Optic,Yes,No,Yes,No,Yes,No,No,Yes
N995093,Fiber Optic,Yes,Yes,No,No,Yes,No,Yes,No
D478815,DSL,Yes,No,No,Yes,No,No,Yes,No
I338069,None,Yes,No,No,No,Yes,Yes,Yes,Yes
T278739,None,Yes,No,Yes,No,Yes,Yes,Yes,Yes
R857699,Fiber Optic,Yes,No,No,No,No,Yes,No,Yes
Q386914,Fiber Optic,Yes,No,No,No,No,Yes,Yes,No
T132275,Fiber Optic,Yes,No,Yes,No,No,No,No,Yes
T392167,DSL,Yes,Yes,No,No,No,Yes,No,No
J315269,None,Yes,No,No,No,Yes,No,Yes,Yes
B124449,DSL,Yes,Yes,Yes,No,Yes,No,Yes,No
P954849,Fiber Optic,Yes,No,No,No,Yes,No,No,Yes
K20948,Fiber Optic,Yes,Yes,Yes,No,No,No,Yes,No
M893176,Fiber Optic,Yes,Yes,No,Yes,No,Yes,Yes,No
P765785,Fiber Optic,Yes,No,No,Yes,Yes,No,No,No
X780945,Fiber Optic,Yes,No,No,No,Yes,Yes,Yes,No
H776847,DSL,Yes,No,Yes,No,No,No,Yes,No
A471876,Fiber Optic,Yes,No,No,No,No,No,Yes,Yes
B424659,None,Yes,Yes,No,Yes,Yes,Yes,No,Yes
F111037,Fiber Optic,Yes,No,Yes,Yes,Yes,No,Yes,No
S690107,Fiber Optic,Yes,Yes,No,No,No,No,Yes,Yes
Q991854,Fiber Optic,Yes,Yes,No,No,No,No,Yes,Yes
U560834,DSL,Yes,No,No,Yes,Yes,Yes,No,No
P452772,Fiber Optic,Yes,Yes,No,No,No,No,Yes,Yes
B949126,DSL,Yes,Yes,Yes,Yes,Yes,Yes,No,Yes
F697244,DSL,Yes,Yes,No,Yes,No,No,No,No
F501848,DSL,Yes,No,Yes,No,Yes,No,No,No
Q971369,None,Yes,No,Yes,Yes,Yes,No,No,Yes
W186069,None,Yes,No,No,No,No,No,No,No
Y292243,DSL,Yes,No,Yes,No,Yes,No,No,Yes
F333860,DSL,Yes,No,No,No,No,No,Yes,No
Z534243,Fiber Optic,Yes,No,No,No,Yes,No,Yes,Yes
O249806,DSL,Yes,No,Yes,Yes,No,No,No,Yes
V143753,Fiber Optic,Yes,No,Yes,Yes,No,Yes,Yes,No
A715491,Fiber Optic,Yes,Yes,No,Yes,No,No,No,Yes
D986940,Fiber Optic,Yes,No,Yes,No,No,No,Yes,Yes
Z147347,None,Yes,No,Yes,Yes,No,No,No,Yes
W830673,DSL,Yes,No,No,No,Yes,No,No,Yes
Q470894,Fiber Optic,Yes,No,No,No,No,No,Yes,No
I584048,None,Yes,No,No,Yes,No,No,No,No
J779175,Fiber Optic,Yes,Yes,No,No,Yes,No,Yes,Yes
O82369,None,Yes,Yes,No,Yes,Yes,Yes,No,Yes
U528986,DSL,Yes,Yes,No,Yes,No,No,Yes,Yes
K33780,None,Yes,No,No,Yes,No,No,Yes,No
M720169,None,Yes,No,Yes,Yes,No,No,Yes,No
Q279060,Fiber Optic,Yes,Yes,No,No,No,No,Yes,Yes
V840276,Fiber Optic,Yes,No,Yes,Yes,Yes,No,Yes,No
B248010,Fiber Optic,Yes,Yes,No,No,No,No,Yes,No
C805115,None,Yes,Yes,Yes,No,Yes,No,No,Yes
D89225,DSL,Yes,No,Yes,No,No,No,Yes,No
X904034,Fiber Optic,No,No,No,No,No,No,Yes,No
B148329,Fiber Optic,Yes,Yes,Yes,Yes,No,Yes,Yes,No
X914490,DSL,Yes,Yes,Yes,Yes,No,No,No,No
U120690,None,Yes,No,Yes,Yes,Yes,Yes,Yes,Yes
F116821,DSL,No,Yes,No,No,Yes,No,Yes,Yes
X389713,None,Yes,No,No,No,No,Yes,Yes,No
M379067,DSL,Yes,Yes,No,No,No,Yes,No,No
A81135,Fiber Optic,Yes,No,No,No,Yes,No,Yes,Yes
V280043,DSL,Yes,Yes,No,No,No,No,No,No
U169694,DSL,Yes,Yes,Yes,Yes,Yes,Yes,Yes,No
N162822,DSL,Yes,Yes,No,No,No,No,No,Yes
K618387,Fiber Optic,No,No,Yes,Yes,Yes,No,Yes,Yes
D944092,Fiber Optic,Yes,Yes,Yes,No,Yes,No,Yes,Yes
F908532,Fiber Optic,Yes,No,No,Yes,No,No,No,No
K380097,DSL,Yes,Yes,No,No,No,No,No,Yes
R717119,DSL,Yes,Yes,Yes,No,No,Yes,No,No
X978383,Fiber Optic,Yes,Yes,No,No,No,No,No,Yes
L693606,DSL,No,No,No,Yes,Yes,No,No,No
Q486994,DSL,Yes,Yes,No,No,Yes,No,Yes,Yes
R463442,Fiber Optic,Yes,Yes,Yes,Yes,Yes,Yes,No,No
O40995,DSL,Yes,Yes,No,Yes,Yes,Yes,Yes,Yes
I933613,Fiber Optic,Yes,No,Yes,No,No,No,No,Yes
O900811,DSL,Yes,Yes,No,No,No,No,Yes,Yes
F269503,Fiber Optic,Yes,Yes,No,No,Yes,No,No,No
V549313,None,Yes,No,No,No,No,Yes,No,Yes
Y254714,None,Yes,No,No,Yes,Yes,No,Yes,No
C125388,DSL,Yes,Yes,No,Yes,Yes,No,Yes,Yes
D901316,DSL,Yes,Yes,No,Yes,Yes,No,No,Yes
H906834,Fiber Optic,Yes,Yes,No,Yes,No,Yes,No,No
W551882,DSL,No,Yes,No,No,Yes,Yes,Yes,No
D402022,DSL,Yes,No,No,No,No,No,Yes,Yes
M545162,Fiber Optic,Yes,No,No,Yes,No,No,No,Yes
C459569,None,Yes,Yes,Yes,No,No,No,No,No
O226386,DSL,Yes,Yes,Yes,No,No,No,Yes,No
G954415,Fiber Optic,Yes,No,No,No,No,No,Yes,Yes
E475593,None,Yes,Yes,No,Yes,Yes,No,No,No
D160442,DSL,Yes,No,No,No,No,Yes,Yes,Yes
J757606,None,Yes,Yes,Yes,Yes,No,No,No,No
E791178,None,Yes,Yes,No,Yes,No,No,No,No
U451201,Fiber Optic,Yes,No,No,No,No,No,No,Yes
Z817431,Fiber Optic,Yes,Yes,Yes,No,Yes,Yes,Yes,No
A295468,None,Yes,Yes,Yes,Yes,Yes,Yes,No,No
S986240,None,Yes,No,No,Yes,Yes,No,Yes,Yes
H472673,DSL,Yes,Yes,No,Yes,No,Yes,No,No
H146363,None,No,No,Yes,No,Yes,No,Yes,Yes
S596844,DSL,Yes,No,Yes,No,Yes,No,Yes,Yes
K458306,Fiber Optic,Yes,No,No,Yes,No,No,No,No
N279711,DSL,Yes,No,Yes,Yes,Yes,Yes,No,No
P760514,None,Yes,No,No,Yes,Yes,No,No,No
H849889,DSL,Yes,Yes,No,No,No,Yes,Yes,Yes
R379090,Fiber Optic,Yes,No,No,Yes,Yes,No,Yes,Yes
L187290,Fiber Optic,No,Yes,No,Yes,No,No,No,Yes
X525693,None,Yes,Yes,No,No,No,Yes,No,No
T515102,DSL,Yes,Yes,No,No,Yes,Yes,Yes,No
V571104,DSL,No,No,Yes,Yes,Yes,No,Yes,Yes
V824084,Fiber Optic,Yes,Yes,No,Yes,Yes,No,Yes,Yes
L189856,Fiber Optic,Yes,Yes,No,Yes,Yes,Yes,Yes,Yes
D07066,None,Yes,No,Yes,No,No,No,Yes,Yes
N584184,DSL,No,Yes,No,No,No,No,Yes,Yes
K578402,None,Yes,Yes,Yes,Yes,Yes,Yes,No,Yes
Y413092,Fiber Optic,Yes,Yes,Yes,No,No,Yes,No,Yes
F980573,None,Yes,No,No,No,No,No,Yes,Yes
I581177,Fiber Optic,Yes,Yes,Yes,No,No,No,No,No
U469398,None,Yes,Yes,No,Yes,No,No,No,No
I85282,Fiber Optic,Yes,Yes,No,No,Yes,No,No,No
Z317359,Fiber Optic,Yes,Yes,Yes,No,No,Yes,Yes,Yes
I981930,Fiber Optic,Yes,No,No,No,No,No,Yes,No
N227355,Fiber Optic,Yes,No,Yes,No,Yes,Yes,Yes,Yes
E805998,Fiber Optic,Yes,No,No,Yes,No,Yes,No,No
J633340,DSL,Yes,Yes,No,No,Yes,No,Yes,Yes
L762626,Fiber Optic,Yes,No,No,No,No,No,Yes,No
S206250,DSL,Yes,No,No,No,No,Yes,Yes,No
C917569,Fiber Optic,Yes,Yes,Yes,No,No,No,Yes,Yes
L282757,DSL,Yes,No,No,No,No,No,Yes,Yes
D762674,None,Yes,Yes,Yes,Yes,No,No,Yes,Yes
N914081,None,Yes,Yes,No,No,No,Yes,No,Yes
K905632,DSL,Yes,Yes,No,No,No,No,No,Yes
H247341,Fiber Optic,Yes,No,No,No,Yes,Yes,No,No
N02836,Fiber Optic,Yes,No,Yes,Yes,No,Yes,Yes,Yes
P742927,DSL,Yes,No,No,No,No,No,Yes,No
V109553,DSL,Yes,Yes,Yes,Yes,Yes,Yes,No,Yes
J227266,Fiber Optic,Yes,Yes,Yes,Yes,No,No,No,No
F881222,DSL,Yes,Yes,Yes,Yes,No,Yes,No,Yes
O167724,None,Yes,Yes,No,No,Yes,Yes,No,No
Y554348,DSL,Yes,Yes,No,Yes,Yes,Yes,No,Yes
N800767,Fiber Optic,Yes,Yes,Yes,No,Yes,No,No,No
B363210,Fiber Optic,Yes,Yes,Yes,No,No,No,No,No
P903407,None,Yes,No,No,No,Yes,No,No,Yes
O825386,None,Yes,No,No,Yes,Yes,No,Yes,No
Q76170,Fiber Optic,Yes,No,No,No,Yes,No,Yes,Yes
J04574,Fiber Optic,Yes,Yes,No,Yes,No,Yes,No,Yes
R620556,None,Yes,No,No,No,Yes,Yes,No,Yes
S136763,DSL,No,Yes,Yes,Yes,Yes,Yes,Yes,Yes
J790219,Fiber Optic,Yes,Yes,No,Yes,No,No,No,Yes
O403373,Fiber Optic,Yes,No,No,No,Yes,Yes,No,Yes
S256934,None,Yes,Yes,No,No,No,No,Yes,No
F693121,None,Yes,No,No,No,No,No,Yes,No
O154545,DSL,Yes,No,No,Yes,Yes,Yes,No,Yes
A745374,None,No,No,No,No,Yes,Yes,No,Yes
W893206,DSL,Yes,No,Yes,No,Yes,Yes,Yes,No
H113074,None,Yes,No,No,Yes,Yes,No,No,No
J779911,None,Yes,Yes,Yes,Yes,No,No,No,Yes
Y832510,Fiber Optic,Yes,No,No,No,Yes,No,No,No
S528947,Fiber Optic,Yes,No,Yes,No,Yes,Yes,No,Yes
V592787,None,Yes,No,No,No,No,Yes,No,No
H283133,DSL,Yes,No,No,No,Yes,No,No,Yes
W884202,Fiber Optic,Yes,Yes,No,No,Yes,No,No,Yes
N447597,Fiber Optic,Yes,No,No,No,No,Yes,Yes,Yes
C416907,Fiber Optic,Yes,No,Yes,Yes,No,No,Yes,Yes
A51913,None,Yes,Yes,Yes,No,No,No,Yes,Yes
C742414,Fiber Optic,Yes,No,Yes,No,No,No,No,No
B773959,Fiber Optic,Yes,No,Yes,Yes,No,Yes,No,No
H691053,Fiber Optic,No,Yes,Yes,No,Yes,No,Yes,No
V971650,DSL,Yes,No,Yes,No,Yes,No,Yes,No
L226598,DSL,Yes,No,Yes,No,No,No,Yes,Yes
K730146,None,Yes,No,No,No,No,Yes,No,No
O894158,DSL,Yes,Yes,No,No,No,No,Yes,Yes
H307794,DSL,Yes,No,Yes,No,Yes,No,No,No
A318319,None,Yes,Yes,No,Yes,No,No,No,Yes
T369132,None,Yes,Yes,Yes,No,Yes,No,Yes,Yes
T638377,DSL,Yes,No,No,No,Yes,No,Yes,Yes
E369828,Fiber Optic,Yes,Yes,No,Yes,No,No,Yes,Yes
G948882,None,Yes,Yes,Yes,No,No,Yes,Yes,No
Y748946,DSL,Yes,No,Yes,No,No,Yes,Yes,Yes
O402306,DSL,Yes,Yes,Yes,No,No,No,No,No
D493050,Fiber Optic,Yes,No,No,Yes,Yes,Yes,No,No
D758871,DSL,Yes,Yes,No,No,No,No,No,No
F353304,Fiber Optic,Yes,Yes,No,No,No,Yes,Yes,Yes
X960330,DSL,Yes,No,No,No,Yes,No,No,No
O463102,Fiber Optic,Yes,Yes,Yes,Yes,No,No,No,Yes
W202562,Fiber Optic,Yes,No,Yes,Yes,Yes,No,Yes,Yes
B323829,None,Yes,No,Yes,No,Yes,No,No,No
M790643,Fiber Optic,Yes,No,No,Yes,No,No,No,Yes
D555108,DSL,Yes,Yes,No,Yes,Yes,Yes,No,Yes
W839946,None,No,No,No,Yes,No,Yes,No,No
O511762,DSL,Yes,Yes,No,No,Yes,No,Yes,Yes
B118954,DSL,Yes,No,Yes,Yes,No,Yes,Yes,Yes
N28336,DSL,Yes,No,No,No,Yes,Yes,Yes,Yes
B871043,None,No,Yes,Yes,No,No,Yes,Yes,No
S317408,Fiber Optic,Yes,No,No,Yes,No,No,No,No
S255098,DSL,Yes,No,No,No,Yes,No,Yes,Yes
X426072,DSL,Yes,Yes,Yes,Yes,No,Yes,No,Yes
W452692,Fiber Optic,Yes,Yes,No,No,No,Yes,No,Yes
F858862,Fiber Optic,Yes,No,No,No,Yes,Yes,Yes,No
L944489,None,Yes,No,No,Yes,Yes,Yes,Yes,Yes
K681982,DSL,Yes,No,No,Yes,No,No,No,No
F240900,Fiber Optic,Yes,No,No,Yes,No,Yes,No,Yes
R164095,None,Yes,No,Yes,No,No,Yes,No,No
O534672,DSL,Yes,Yes,No,No,No,Yes,No,Yes
K473134,None,Yes,No,Yes,No,No,No,Yes,Yes
W211742,None,Yes,Yes,No,No,No,No,Yes,Yes
H500107,Fiber Optic,Yes,No,No,No,No,Yes,Yes,Yes
E998043,None,Yes,Yes,No,No,No,No,Yes,No
E965565,Fiber Optic,Yes,No,No,No,Yes,No,No,Yes
S332430,Fiber Optic,Yes,Yes,Yes,No,No,No,No,Yes
L596007,DSL,Yes,No,Yes,Yes,No,Yes,No,No
R760429,None,Yes,Yes,No,No,No,No,No,No
N954926,None,Yes,No,No,No,Yes,No,No,Yes
Z164087,Fiber Optic,Yes,No,No,No,Yes,Yes,Yes,No
Z714373,DSL,No,No,Yes,Yes,No,Yes,Yes,No
E862109,Fiber Optic,Yes,Yes,No,No,Yes,Yes,Yes,No
S777773,Fiber Optic,Yes,Yes,No,Yes,Yes,Yes,No,No
K974970,Fiber Optic,Yes,No,Yes,Yes,No,No,Yes,No
S411723,None,Yes,No,Yes,No,No,No,Yes,No
C867654,DSL,Yes,No,Yes,No,Yes,No,No,Yes
V529956,None,Yes,Yes,Yes,No,Yes,Yes,Yes,No
L538003,None,Yes,Yes,No,No,Yes,No,No,No
P120818,DSL,Yes,Yes,Yes,No,No,Yes,No,No
H401803,Fiber Optic,Yes,No,No,No,No,No,No,No
W309763,DSL,Yes,No,Yes,Yes,No,No,Yes,Yes
X715086,Fiber Optic,Yes,No,No,Yes,Yes,No,No,Yes
L72577,DSL,Yes,Yes,No,No,No,No,No,Yes
R753498,Fiber Optic,Yes,No,Yes,Yes,Yes,No,Yes,Yes
U843827,Fiber Optic,Yes,No,Yes,Yes,No,Yes,No,No
L152937,Fiber Optic,Yes,No,No,Yes,Yes,Yes,Yes,No
D765207,DSL,Yes,No,No,No,No,No,No,No
N700604,DSL,Yes,Yes,No,No,No,No,Yes,No
J316639,Fiber Optic,Yes,Yes,No,Yes,No,No,No,No
Y517622,None,Yes,Yes,Yes,Yes,Yes,Yes,No,Yes
P454810,None,Yes,No,Yes,Yes,No,Yes,No,Yes
H757186,Fiber Optic,Yes,No,Yes,No,Yes,No,No,Yes
A653303,Fiber Optic,Yes,Yes,No,Yes,No,No,Yes,Yes
J307751,None,Yes,No,Yes,No,Yes,No,Yes,Yes
N206516,None,No,Yes,Yes,Yes,Yes,Yes,Yes,No
W592004,DSL,Yes,No,No,No,Yes,Yes,Yes,Yes
Q445599,DSL,Yes,No,No,No,No,Yes,No,No
P651840,DSL,Yes,Yes,No,No,Yes,No,Yes,Yes
F902621,None,Yes,No,Yes,Yes,Yes,No,Yes,No
K455778,Fiber Optic,Yes,Yes,Yes,Yes,No,Yes,Yes,Yes
H686155,Fiber Optic,Yes,No,No,No,No,No,No,No
G769178,Fiber Optic,Yes,No,No,No,No,Yes,Yes,Yes
V150452,DSL,Yes,No,No,No,No,Yes,No,Yes
P688672,Fiber Optic,Yes,No,Yes,Yes,Yes,No,No,Yes
I31591,None,Yes,No,No,Yes,No,Yes,Yes,Yes
W339489,DSL,Yes,No,Yes,No,No,Yes,No,Yes
Y795644,Fiber Optic,Yes,Yes,Yes,No,Yes,No,No,No
Z42949,Fiber Optic,Yes,No,Yes,No,No,Yes,No,No
K702957,Fiber Optic,Yes,No,Yes,Yes,No,No,Yes,No
U27325,Fiber Optic,Yes,No,No,Yes,Yes,No,Yes,No
N804575,Fiber Optic,Yes,Yes,Yes,No,Yes,No,Yes,Yes
P54060,DSL,Yes,Yes,No,No,Yes,Yes,No,Yes
L363925,DSL,Yes,Yes,Yes,Yes,Yes,Yes,No,No
S253484,Fiber Optic,Yes,No,No,No,No,No,No,No
A859738,Fiber Optic,Yes,Yes,Yes,Yes,No,No,Yes,No
R548809,Fiber Optic,Yes,No,No,Yes,No,Yes,Yes,No
U138913,None,Yes,No,No,No,Yes,Yes,Yes,Yes
M244790,DSL,Yes,No,No,Yes,No,Yes,No,No
W610913,Fiber Optic,Yes,Yes,Yes,No,No,No,No,No
H932939,Fiber Optic,Yes,Yes,Yes,No,Yes,Yes,No,Yes
X00931,Fiber Optic,Yes,No,No,Yes,No,No,No,Yes
P218828,DSL,Yes,No,No,Yes,Yes,No,Yes,No
P365450,DSL,Yes,No,No,Yes,Yes,No,No,Yes
R912808,DSL,Yes,No,No,No,Yes,No,Yes,Yes
J883265,Fiber Optic,Yes,No,No,Yes,Yes,No,No,Yes
L161656,Fiber Optic,Yes,No,No,No,Yes,No,No,No
O412044,Fiber Optic,No,No,No,Yes,No,No,Yes,Yes
X299129,Fiber Optic,Yes,No,No,Yes,Yes,No,No,No
O987713,DSL,Yes,No,Yes,No,Yes,No,No,Yes
I415253,Fiber Optic,Yes,No,Yes,No,Yes,No,Yes,No
L983845,None,Yes,No,No,No,Yes,Yes,No,No
G661518,None,Yes,No,No,No,No,No,No,Yes
Z511670,Fiber Optic,Yes,No,Yes,Yes,Yes,No,No,Yes
I745729,Fiber Optic,Yes,No,No,Yes,No,No,No,No
K814248,None,Yes,Yes,No,Yes,Yes,No,No,Yes
K719786,Fiber Optic,No,Yes,No,No,Yes,No,No,Yes
Y874048,Fiber Optic,Yes,No,No,No,Yes,No,Yes,No
A940721,None,Yes,No,Yes,No,Yes,No,No,No
V402063,None,Yes,Yes,Yes,Yes,Yes,No,Yes,Yes
D770283,Fiber Optic,Yes,Yes,No,No,No,No,Yes,No
Y701439,Fiber Optic,Yes,Yes,Yes,No,Yes,Yes,No,Yes
Z281810,Fiber Optic,Yes,No,Yes,Yes,Yes,No,Yes,Yes
O403114,DSL,Yes,Yes,Yes,No,No,No,No,No
B442948,Fiber Optic,No,Yes,No,No,Yes,No,Yes,No
H620644,DSL,No,Yes,No,Yes,Yes,Yes,Yes,Yes
N573961,None,Yes,No,Yes,Yes,No,No,No,No
I403839,DSL,Yes,No,Yes,Yes,Yes,No,No,Yes
F812880,Fiber Optic,No,Yes,No,No,No,No,Yes,Yes
L74134,DSL,Yes,Yes,No,No,No,No,No,No
B255311,DSL,Yes,No,No,No,No,No,No,Yes
O764702,Fiber Optic,No,Yes,No,No,Yes,Yes,No,No
D269899,Fiber Optic,No,Yes,No,No,Yes,Yes,No,No
W291881,Fiber Optic,Yes,Yes,No,Yes,Yes,No,No,No
L409845,Fiber Optic,Yes,No,No,Yes,No,No,No,No
L647810,Fiber Optic,Yes,Yes,No,Yes,No,No,Yes,No
G97647,DSL,Yes,Yes,No,Yes,No,No,Yes,No
F519639,None,Yes,No,Yes,Yes,Yes,No,Yes,Yes
J291465,None,Yes,No,No,No,No,No,Yes,Yes
V170205,Fiber Optic,Yes,No,No,No,Yes,No,No,Yes
Y172017,None,Yes,Yes,No,No,No,No,No,No
E996692,Fiber Optic,Yes,Yes,No,Yes,No,Yes,No,No
J207539,Fiber Optic,Yes,Yes,No,No,No,Yes,Yes,Yes
I797960,None,Yes,No,Yes,No,No,Yes,No,No
Y592744,Fiber Optic,Yes,Yes,No,No,No,No,Yes,Yes
D391430,None,Yes,No,No,No,Yes,Yes,No,No
Q783171,Fiber Optic,Yes,Yes,No,No,No,Yes,Yes,No
K796504,DSL,Yes,Yes,No,No,No,No,Yes,No
F157997,Fiber Optic,No,Yes,No,No,No,No,No,No
G73581,DSL,Yes,No,No,No,No,No,Yes,Yes
C875992,DSL,Yes,No,No,No,Yes,No,Yes,No
S473175,None,Yes,No,Yes,Yes,No,No,Yes,No
Q585011,Fiber Optic,Yes,Yes,No,Yes,No,No,Yes,No
M353309,Fiber Optic,Yes,No,No,Yes,No,Yes,Yes,No
F900891,None,Yes,No,No,No,Yes,No,Yes,No
L957640,Fiber Optic,Yes,No,No,No,Yes,No,No,Yes
M521755,DSL,No,No,Yes,Yes,Yes,Yes,Yes,No
C960228,DSL,Yes,No,No,No,Yes,No,Yes,No
J12843,None,Yes,No,No,Yes,Yes,No,Yes,No
P960014,Fiber Optic,Yes,No,No,No,Yes,No,No,No
T912154,Fiber Optic,Yes,No,No,Yes,Yes,Yes,Yes,Yes
G696221,Fiber Optic,No,No,No,Yes,No,No,Yes,Yes
W987755,Fiber Optic,Yes,No,No,Yes,Yes,No,No,Yes
R934959,Fiber Optic,Yes,Yes,Yes,No,Yes,No,Yes,Yes
B264341,Fiber Optic,Yes,No,No,Yes,Yes,No,Yes,No
Q20365,DSL,Yes,Yes,No,No,Yes,No,No,No
W415051,Fiber Optic,Yes,Yes,No,Yes,No,No,No,No
Z477994,Fiber Optic,Yes,No,Yes,No,Yes,No,No,No
D195797,Fiber Optic,Yes,Yes,No,Yes,Yes,Yes,Yes,Yes
V615478,Fiber Optic,No,Yes,No,Yes,No,No,No,No
U577089,Fiber Optic,Yes,No,Yes,No,Yes,Yes,Yes,No
N275150,Fiber Optic,Yes,Yes,Yes,No,No,No,Yes,Yes
A500103,None,No,No,Yes,No,Yes,No,No,Yes
J308893,DSL,Yes,Yes,Yes,Yes,No,Yes,Yes,Yes
P892051,DSL,Yes,No,Yes,Yes,No,Yes,No,No
L947038,Fiber Optic,Yes,No,Yes,Yes,No,No,Yes,Yes
F498478,Fiber Optic,Yes,Yes,No,No,Yes,No,Yes,No
H75117,Fiber Optic,Yes,No,No,No,Yes,No,Yes,Yes
H292733,Fiber Optic,Yes,Yes,No,No,Yes,No,Yes,Yes
L124227,DSL,Yes,No,Yes,Yes,No,No,Yes,No
Z253470,DSL,Yes,No,Yes,No,No,No,No,No
F161487,DSL,Yes,No,No,Yes,No,No,Yes,Yes
T434750,DSL,Yes,No,No,No,No,No,No,No
P43762,Fiber Optic,Yes,No,No,Yes,Yes,Yes,No,Yes
D309783,DSL,Yes,No,Yes,Yes,No,Yes,No,No
B310750,Fiber Optic,Yes,No,No,Yes,Yes,No,Yes,Yes
T663920,Fiber Optic,No,No,Yes,Yes,Yes,Yes,No,Yes
N523308,DSL,Yes,Yes,No,Yes,No,No,Yes,Yes
B759427,DSL,Yes,No,No,Yes,No,No,Yes,No
Y802622,Fiber Optic,Yes,No,No,No,No,No,No,No
T375340,None,Yes,Yes,No,Yes,Yes,No,No,Yes
H782363,None,Yes,Yes,Yes,No,No,No,No,Yes
Z515622,DSL,Yes,No,Yes,No,Yes,No,No,No
X286988,DSL,Yes,No,No,No,No,No,No,No
E634326,DSL,Yes,No,Yes,Yes,Yes,No,Yes,Yes
S785720,DSL,Yes,Yes,No,No,No,Yes,Yes,Yes
A349493,None,Yes,Yes,No,No,No,No,Yes,Yes
W795143,None,Yes,No,No,No,No,No,Yes,Yes
Y768966,Fiber Optic,Yes,No,No,Yes,Yes,No,Yes,Yes
H843808,Fiber Optic,Yes,No,Yes,Yes,No,Yes,No,Yes
A853801,DSL,Yes,Yes,No,Yes,No,No,No,Yes
K296336,None,Yes,No,No,No,Yes,No,Yes,No
R851367,None,Yes,No,No,No,Yes,Yes,No,Yes
V74560,DSL,Yes,No,No,Yes,No,No,No,Yes
F383331,Fiber Optic,Yes,Yes,No,No,No,Yes,No,No
E770575,DSL,Yes,Yes,Yes,No,Yes,Yes,No,No
N217934,None,Yes,No,No,No,Yes,Yes,No,Yes
E108315,DSL,Yes,No,No,No,No,Yes,No,Yes
Z274952,DSL,Yes,No,No,No,No,No,Yes,No
I10685,DSL,Yes,No,No,Yes,Yes,Yes,Yes,Yes
G417957,Fiber Optic,Yes,No,Yes,Yes,No,Yes,No,No
G777381,None,Yes,Yes,No,No,Yes,No,Yes,No
J434777,None,Yes,Yes,No,No,No,Yes,Yes,No
R140732,DSL,Yes,Yes,No,No,No,Yes,No,Yes
O536253,Fiber Optic,Yes,No,No,No,No,No,Yes,No
N818917,Fiber Optic,Yes,Yes,Yes,No,Yes,Yes,Yes,No
U912904,Fiber Optic,Yes,Yes,Yes,Yes,No,No,No,Yes
Q895849,Fiber Optic,Yes,No,Yes,No,Yes,No,No,Yes
K710503,None,Yes,Yes,No,Yes,No,No,Yes,No
X415795,Fiber Optic,Yes,Yes,Yes,Yes,No,No,No,No
I634125,DSL,Yes,No,Yes,No,No,No,No,Yes
K834421,None,Yes,No,Yes,No,No,Yes,Yes,No
V777004,Fiber Optic,Yes,Yes,No,No,No,No,No,Yes
G902299,Fiber Optic,Yes,Yes,No,Yes,No,No,No,No
V218370,Fiber Optic,No,Yes,No,No,No,No,Yes,Yes
X415208,Fiber Optic,Yes,Yes,No,No,Yes,Yes,Yes,No
X788909,DSL,Yes,Yes,No,No,Yes,Yes,Yes,Yes
T898999,DSL,Yes,Yes,Yes,No,No,Yes,No,No
Q982792,DSL,Yes,Yes,Yes,Yes,Yes,No,No,Yes
Y373477,None,Yes,No,Yes,No,Yes,No,Yes,Yes
H568978,DSL,Yes,Yes,Yes,Yes,No,Yes,No,Yes
A795494,DSL,Yes,Yes,Yes,Yes,No,No,No,No
J266332,Fiber Optic,No,Yes,No,No,Yes,Yes,No,Yes
V745261,None,Yes,No,Yes,Yes,Yes,No,No,Yes
U345949,DSL,Yes,No,Yes,Yes,No,Yes,Yes,Yes
C841625,DSL,Yes,No,Yes,No,No,Yes,Yes,Yes
D303600,DSL,Yes,No,No,Yes,No,Yes,No,No
F05516,Fiber Optic,Yes,No,Yes,No,Yes,No,No,Yes
B91498,None,Yes,No,No,No,No,No,Yes,No
X757783,Fiber Optic,Yes,No,No,Yes,No,No,No,Yes
P464171,Fiber Optic,Yes,No,No,Yes,No,No,Yes,No
T843460,Fiber Optic,Yes,Yes,Yes,Yes,No,Yes,No,Yes
Z85067,DSL,No,Yes,No,No,Yes,Yes,Yes,Yes
A378200,DSL,Yes,No,Yes,Yes,Yes,Yes,No,Yes
W314163,DSL,Yes,Yes,Yes,No,No,No,No,Yes
Q738259,DSL,Yes,Yes,No,Yes,No,No,No,No
E856035,Fiber Optic,No,No,No,Yes,No,No,No,No
D960842,DSL,Yes,No,No,No,No,No,No,Yes
X618114,Fiber Optic,Yes,No,Yes,Yes,Yes,No,No,Yes
T446100,None,Yes,Yes,No,No,No,No,Yes,No
S860728,DSL,Yes,Yes,No,Yes,No,No,No,Yes
I273760,None,Yes,Yes,No,Yes,Yes,No,Yes,No
W963695,Fiber Optic,Yes,No,Yes,Yes,Yes,Yes,No,No
D878040,Fiber Optic,Yes,No,No,No,No,No,Yes,No
N82795,DSL,Yes,Yes,No,No,No,No,Yes,Yes
G868770,None,No,Yes,No,No,Yes,No,No,Yes
J444660,None,Yes,Yes,No,Yes,No,No,Yes,No
A751773,Fiber Optic,Yes,Yes,No,Yes,Yes,No,Yes,Yes
R183041,Fiber Optic,Yes,Yes,Yes,Yes,No,No,Yes,No
W76958,Fiber Optic,Yes,No,No,No,Yes,No,No,No
B813081,DSL,No,No,No,No,No,No,No,No
L285305,Fiber Optic,Yes,Yes,Yes,Yes,Yes,Yes,No,Yes
Z592090,Fiber Optic,Yes,Yes,Yes,No,No,No,No,No
M200082,Fiber Optic,Yes,Yes,No,No,No,No,No,Yes
A04204,DSL,Yes,Yes,Yes,Yes,Yes,Yes,No,No
A410868,Fiber Optic,No,Yes,No,Yes,Yes,No,Yes,No
F996979,Fiber Optic,Yes,No,Yes,No,No,No,Yes,Yes
K907258,Fiber Optic,Yes,No,No,Yes,Yes,Yes,Yes,No
E376270,DSL,Yes,No,No,No,No,Yes,Yes,Yes
M896880,None,Yes,No,No,No,No,No,No,Yes
T155621,None,Yes,Yes,No,Yes,No,No,No,No
F744495,None,Yes,No,No,No,No,Yes,No,No
Y424748,DSL,Yes,Yes,No,No,Yes,No,No,No
C883607,DSL,Yes,Yes,No,No,Yes,No,No,No
X987521,None,Yes,Yes,No,No,No,No,Yes,Yes
U657488,Fiber Optic,Yes,No,Yes,No,No,No,No,No
L825010,Fiber Optic,Yes,No,No,No,No,No,Yes,Yes
A723167,Fiber Optic,Yes,No,No,Yes,No,No,No,No
S34743,Fiber Optic,Yes,Yes,No,No,No,No,Yes,Yes
Z976510,Fiber Optic,Yes,No,Yes,No,No,No,No,Yes
D880681,Fiber Optic,Yes,No,No,Yes,No,No,No,No
Y998384,Fiber Optic,No,Yes,No,Yes,Yes,No,Yes,No
N486975,Fiber Optic,Yes,No,Yes,Yes,No,Yes,No,No
E79622,DSL,Yes,No,No,Yes,No,No,Yes,No
X931864,None,Yes,No,No,Yes,No,No,Yes,Yes
D125547,Fiber Optic,Yes,No,Yes,No,Yes,No,Yes,No
T522390,Fiber Optic,Yes,No,Yes,No,No,No,Yes,No
F535092,Fiber Optic,Yes,Yes,Yes,Yes,Yes,Yes,No,Yes
L623504,DSL,Yes,No,No,No,Yes,Yes,Yes,No
G775790,DSL,Yes,Yes,No,No,No,No,No,Yes
D331766,Fiber Optic,Yes,Yes,No,No,No,No,Yes,Yes
G922869,DSL,Yes,Yes,No,Yes,No,No,Yes,No
P277880,None,Yes,Yes,No,Yes,No,No,No,Yes
K377483,Fiber Optic,Yes,No,No,No,Yes,No,Yes,No
R922241,Fiber Optic,Yes,No,No,Yes,No,No,No,No
I156558,Fiber Optic,Yes,No,No,No,Yes,No,No,Yes
G95859,DSL,Yes,Yes,No,No,Yes,No,Yes,Yes
J878701,Fiber Optic,Yes,No,No,No,Yes,No,Yes,No
C634232,DSL,Yes,Yes,No,Yes,Yes,No,Yes,No
M376642,None,Yes,Yes,No,Yes,Yes,No,No,Yes
G854983,Fiber Optic,Yes,No,No,No,No,Yes,No,Yes
G31296,Fiber Optic,Yes,No,No,No,No,No,No,Yes
Q139076,Fiber Optic,Yes,Yes,Yes,No,No,No,Yes,Yes
S636055,None,Yes,Yes,No,No,Yes,Yes,Yes,No
A912671,Fiber Optic,Yes,No,No,Yes,Yes,No,Yes,No
M102949,DSL,Yes,Yes,Yes,No,Yes,No,No,No
L953869,DSL,Yes,No,Yes,No,Yes,Yes,Yes,No
Z471500,None,Yes,Yes,Yes,Yes,Yes,No,No,No
V676238,Fiber Optic,Yes,Yes,No,Yes,Yes,No,Yes,Yes
Q764408,None,Yes,No,Yes,No,Yes,No,No,Yes
P327630,Fiber Optic,Yes,No,Yes,Yes,Yes,Yes,No,Yes
E740766,None,No,No,No,Yes,Yes,No,No,Yes
Y34832,Fiber Optic,No,No,Yes,Yes,Yes,No,No,Yes
Y608563,Fiber Optic,Yes,No,No,No,No,No,Yes,Yes
U407050,None,Yes,No,No,No,Yes,Yes,No,Yes
J684160,Fiber Optic,Yes,No,No,No,Yes,No,Yes,Yes
B988280,Fiber Optic,Yes,Yes,Yes,No,No,No,Yes,Yes
B545599,DSL,Yes,No,Yes,No,Yes,Yes,No,Yes
F43067,DSL,Yes,Yes,Yes,No,No,Yes,No,No
Q900168,Fiber Optic,Yes,No,Yes,Yes,Yes,No,Yes,Yes
D346820,DSL,Yes,No,No,No,No,No,Yes,Yes
Q908346,Fiber Optic,No,No,No,No,Yes,No,No,Yes
P08547,Fiber Optic,Yes,Yes,No,Yes,No,No,Yes,No
G851746,DSL,Yes,Yes,No,Yes,No,No,Yes,No
B539992,Fiber Optic,Yes,Yes,Yes,Yes,No,No,No,Yes
M993150,Fiber Optic,Yes,No,Yes,No,Yes,No,Yes,Yes
X564691,Fiber Optic,Yes,No,No,No,No,Yes,No,Yes
T13420,Fiber Optic,Yes,No,No,No,Yes,No,No,Yes
P591493,DSL,Yes,Yes,Yes,No,Yes,Yes,No,No
K133105,None,Yes,No,No,No,Yes,No,Yes,Yes
X403079,Fiber Optic,Yes,No,Yes,Yes,Yes,No,No,Yes
V958859,Fiber Optic,Yes,No,Yes,No,No,Yes,No,No
X466847,Fiber Optic,Yes,No,No,No,No,Yes,Yes,Yes
X52491,Fiber Optic,Yes,No,Yes,No,Yes,No,No,Yes
J474988,DSL,Yes,Yes,No,No,Yes,Yes,Yes,Yes
F888948,DSL,Yes,Yes,Yes,No,No,No,No,Yes
A756392,None,Yes,No,No,Yes,Yes,No,No,Yes
S721167,Fiber Optic,Yes,Yes,Yes,No,No,No,No,No
F83510,DSL,Yes,Yes,No,Yes,Yes,No,Yes,No
O594216,Fiber Optic,Yes,No,No,No,Yes,Yes,No,Yes
I747598,DSL,Yes,No,No,No,Yes,No,Yes,Yes
K294952,DSL,Yes,No,No,No,No,No,No,No
E930365,Fiber Optic,Yes,Yes,No,Yes,Yes,No,No,Yes
H515536,None,Yes,No,No,Yes,No,No,Yes,No
V733953,None,Yes,No,Yes,No,Yes,No,Yes,No
G231952,DSL,Yes,No,No,Yes,No,No,Yes,Yes
U241553,DSL,Yes,No,Yes,Yes,Yes,Yes,No,No
J874798,None,Yes,No,No,No,No,No,No,No
O261091,None,Yes,Yes,No,No,No,No,Yes,No
U89471,Fiber Optic,Yes,No,No,Yes,No,No,No,No
H839237,None,Yes,No,No,No,No,No,Yes,No
S509582,None,Yes,No,No,Yes,No,No,No,No
P968345,Fiber Optic,Yes,No,Yes,No,Yes,No,No,Yes
W659895,None,Yes,Yes,No,No,Yes,No,No,Yes
W365151,DSL,Yes,No,No,No,No,No,No,No
E135599,Fiber Optic,Yes,Yes,Yes,No,Yes,No,Yes,Yes
L633556,Fiber Optic,Yes,No,No,Yes,Yes,Yes,No,No
S465851,Fiber Optic,Yes,Yes,No,No,No,No,Yes,No
Q668333,None,Yes,Yes,Yes,No,No,Yes,No,No
L314037,None,Yes,No,Yes,No,Yes,No,No,No
H53122,None,Yes,Yes,No,Yes,No,No,No,No
C313073,Fiber Optic,Yes,No,No,No,No,No,No,No
R974562,DSL,Yes,No,No,No,No,No,No,No
P942401,DSL,Yes,No,No,No,No,No,No,Yes
H715023,DSL,Yes,No,No,No,Yes,No,Yes,No
T164384,None,Yes,Yes,No,No,No,No,No,No
E80213,DSL,Yes,No,No,No,Yes,Yes,Yes,Yes
P420577,None,Yes,Yes,No,No,Yes,No,Yes,Yes
R176145,DSL,Yes,No,No,Yes,No,No,No,Yes
S914593,Fiber Optic,Yes,No,No,No,Yes,Yes,Yes,Yes
G755151,Fiber Optic,Yes,Yes,No,No,Yes,No,No,Yes
E955361,DSL,Yes,Yes,No,Yes,Yes,No,No,Yes
I58563,None,Yes,No,No,No,No,No,No,Yes
C167419,Fiber Optic,Yes,Yes,No,Yes,Yes,Yes,No,No
V911639,Fiber Optic,Yes,No,Yes,No,Yes,No,Yes,No
J470682,DSL,Yes,No,Yes,Yes,No,Yes,Yes,No
F963846,Fiber Optic,Yes,No,No,No,Yes,No,No,No
B733858,DSL,Yes,No,No,Yes,No,Yes,Yes,No
L671609,Fiber Optic,Yes,No,No,No,Yes,Yes,Yes,Yes
G122279,Fiber Optic,Yes,Yes,Yes,No,No,No,No,Yes
U479043,DSL,No,Yes,No,Yes,No,No,Yes,Yes
T73830,Fiber Optic,Yes,Yes,No,Yes,No,No,No,Yes
U369496,DSL,Yes,No,No,No,Yes,Yes,No,No
H151913,DSL,Yes,Yes,No,No,Yes,Yes,No,Yes
B565569,Fiber Optic,Yes,Yes,No,No,No,No,Yes,Yes
E813446,Fiber Optic,Yes,No,No,Yes,Yes,Yes,Yes,No
E229514,None,Yes,No,No,Yes,No,No,Yes,No
V585340,Fiber Optic,Yes,Yes,Yes,No,Yes,No,Yes,No
V540566,Fiber Optic,Yes,Yes,Yes,Yes,No,Yes,Yes,Yes
V275789,Fiber Optic,Yes,No,No,Yes,Yes,No,Yes,No
N885732,DSL,Yes,Yes,No,Yes,Yes,No,No,Yes
L682277,Fiber Optic,Yes,No,Yes,Yes,Yes,No,Yes,No
D835743,DSL,Yes,No,No,Yes,No,No,No,Yes
K886740,Fiber Optic,Yes,No,No,No,No,No,No,No
O886488,Fiber Optic,Yes,No,Yes,No,No,No,No,Yes
C48049,Fiber Optic,Yes,Yes,Yes,Yes,No,Yes,Yes,Yes
T00947,None,Yes,Yes,No,No,No,No,No,No
N773734,DSL,Yes,No,No,No,No,No,Yes,No
M771027,Fiber Optic,No,Yes,No,Yes,Yes,No,Yes,Yes
Z293106,DSL,Yes,Yes,No,Yes,No,No,No,No
Q701785,Fiber Optic,Yes,Yes,No,Yes,No,Yes,Yes,No
I472641,None,Yes,No,No,No,No,Yes,No,Yes
A712256,DSL,Yes,No,No,No,Yes,No,Yes,No
T872338,DSL,Yes,Yes,No,Yes,No,No,Yes,Yes
O760284,DSL,Yes,No,No,No,No,No,No,Yes
Q288900,DSL,Yes,No,No,No,No,Yes,No,No
H969956,DSL,Yes,Yes,No,Yes,No,No,No,Yes
T302014,DSL,Yes,Yes,No,No,No,No,No,Yes
W453618,Fiber Optic,Yes,Yes,No,No,Yes,No,No,No
K591268,DSL,Yes,No,No,No,No,Yes,Yes,No
J964772,DSL,Yes,No,No,Yes,No,No,Yes,No
D578534,Fiber Optic,Yes,No,Yes,No,Yes,No,Yes,Yes
S527871,Fiber Optic,Yes,No,Yes,No,Yes,No,No,Yes
Q989344,None,Yes,Yes,No,No,Yes,No,No,No
E410356,Fiber Optic,Yes,Yes,No,Yes,No,Yes,Yes,No
Y618105,DSL,Yes,No,No,No,Yes,No,No,Yes
V469262,Fiber Optic,Yes,Yes,Yes,No,No,No,No,Yes
E219689,None,Yes,No,Yes,Yes,No,No,No,No
P463800,Fiber Optic,No,No,No,No,No,Yes,Yes,Yes
R582802,DSL,Yes,No,Yes,No,Yes,Yes,No,Yes
Y531744,DSL,No,No,Yes,Yes,No,No,Yes,No
B840629,Fiber Optic,Yes,No,No,No,No,No,No,Yes
Z719846,Fiber Optic,Yes,No,No,No,Yes,No,No,No
S35451,Fiber Optic,Yes,No,No,No,No,Yes,Yes,Yes
H298416,DSL,Yes,No,No,No,No,No,Yes,No
F960418,None,Yes,No,Yes,No,Yes,No,No,No
B209742,Fiber Optic,Yes,No,Yes,No,Yes,No,No,Yes
Q273317,DSL,Yes,Yes,No,No,No,No,No,Yes
R346421,DSL,No,No,No,No,Yes,No,No,No
Z473183,None,No,No,Yes,No,No,No,No,Yes
Q393526,None,Yes,Yes,Yes,Yes,No,No,No,Yes
I196323,Fiber Optic,Yes,No,No,Yes,No,No,No,Yes
K729834,Fiber Optic,No,No,No,Yes,Yes,No,No,No
P341049,None,Yes,No,No,No,No,No,Yes,Yes
Y164259,Fiber Optic,Yes,Yes,Yes,Yes,Yes,Yes,No,No
I841051,None,Yes,No,No,Yes,No,No,Yes,No
B919135,Fiber Optic,No,No,Yes,Yes,Yes,No,Yes,Yes
S54573,Fiber Optic,Yes,No,No,No,Yes,No,Yes,Yes
B989601,Fiber Optic,Yes,No,No,No,No,No,No,Yes
L619270,Fiber Optic,Yes,Yes,No,Yes,No,Yes,Yes,Yes
F707493,DSL,Yes,Yes,No,No,No,Yes,Yes,No
R136473,Fiber Optic,Yes,No,No,No,No,Yes,No,No
Z379988,Fiber Optic,Yes,Yes,No,Yes,Yes,Yes,No,No
A733457,DSL,Yes,No,No,No,Yes,No,No,No
A357886,Fiber Optic,Yes,No,No,No,Yes,Yes,No,No
T558224,Fiber Optic,Yes,No,No,No,Yes,No,No,No
X675253,Fiber Optic,Yes,No,No,Yes,No,Yes,Yes,No
H755540,Fiber Optic,Yes,No,Yes,No,No,No,No,No
D479344,Fiber Optic,Yes,Yes,No,Yes,No,No,No,Yes
J112293,Fiber Optic,Yes,No,No,Yes,Yes,Yes,No,No
R996865,DSL,Yes,Yes,Yes,Yes,No,Yes,Yes,No
P706486,Fiber Optic,Yes,Yes,No,No,No,Yes,No,No
J792155,DSL,Yes,No,No,No,Yes,Yes,Yes,Yes
U158712,DSL,Yes,Yes,No,No,Yes,No,No,Yes
L452982,None,Yes,No,Yes,Yes,No,No,No,No
R619213,Fiber Optic,Yes,No,No,Yes,No,No,No,No
Y983317,Fiber Optic,Yes,No,Yes,Yes,Yes,Yes,Yes,No
A96078,None,Yes,Yes,Yes,No,No,No,No,Yes
H948218,Fiber Optic,Yes,Yes,Yes,Yes,No,Yes,No,No
B87304,DSL,No,No,No,Yes,No,No,Yes,Yes
W390315,None,Yes,No,No,No,Yes,Yes,Yes,No
T846662,Fiber Optic,Yes,Yes,Yes,No,No,Yes,No,Yes
U588522,DSL,Yes,No,No,Yes,Yes,Yes,No,No
Z392431,Fiber Optic,Yes,Yes,No,Yes,No,No,Yes,Yes
L984058,DSL,Yes,Yes,No,Yes,No,Yes,Yes,Yes
J641339,Fiber Optic,Yes,Yes,No,No,Yes,No,No,Yes
X879031,DSL,Yes,No,No,Yes,No,No,No,No
O507534,DSL,Yes,No,Yes,Yes,Yes,No,No,No
I56280,DSL,No,No,Yes,Yes,Yes,No,No,No
B164687,Fiber Optic,Yes,No,Yes,No,No,No,No,No
S769641,DSL,Yes,Yes,No,Yes,Yes,No,No,No
N574445,DSL,Yes,No,Yes,Yes,No,Yes,No,Yes
O438463,DSL,Yes,Yes,No,Yes,No,Yes,No,No
L743816,Fiber Optic,Yes,Yes,Yes,No,Yes,No,No,No
X422065,Fiber Optic,Yes,No,Yes,No,No,No,No,Yes
D698441,DSL,No,No,No,Yes,Yes,No,Yes,Yes
T462322,Fiber Optic,Yes,Yes,No,Yes,Yes,No,Yes,No
V397454,Fiber Optic,Yes,No,No,Yes,No,Yes,Yes,No
R394240,DSL,Yes,Yes,No,No,No,No,Yes,Yes
I959338,None,Yes,Yes,No,No,No,Yes,Yes,No
E719559,DSL,Yes,Yes,Yes,Yes,Yes,Yes,Yes,Yes
J528795,DSL,Yes,No,No,Yes,No,Yes,Yes,No
D728807,DSL,Yes,Yes,No,No,No,Yes,Yes,Yes
R30010,DSL,Yes,Yes,Yes,No,No,No,Yes,Yes
T719053,Fiber Optic,Yes,Yes,No,Yes,No,No,Yes,Yes
E807714,Fiber Optic,Yes,Yes,No,Yes,Yes,No,No,No
T581683,None,Yes,No,Yes,Yes,Yes,Yes,No,Yes
F504510,Fiber Optic,Yes,No,No,Yes,Yes,No,Yes,Yes
V354248,Fiber Optic,Yes,Yes,Yes,No,No,No,No,Yes
N950747,DSL,Yes,No,No,No,No,No,No,No
W67300,Fiber Optic,Yes,Yes,No,Yes,No,Yes,No,No
D457155,DSL,Yes,Yes,No,Yes,No,Yes,Yes,Yes
Z757676,Fiber Optic,Yes,No,No,Yes,Yes,No,No,Yes
E330288,None,Yes,No,No,Yes,No,No,Yes,No
O186531,Fiber Optic,Yes,No,No,No,No,No,Yes,Yes
U225462,DSL,Yes,No,Yes,Yes,No,No,No,No
X944341,None,Yes,No,Yes,No,No,Yes,No,No
C518382,Fiber Optic,Yes,Yes,Yes,Yes,No,Yes,No,Yes
H630459,DSL,Yes,Yes,No,No,Yes,Yes,Yes,Yes
A744958,DSL,Yes,No,Yes,Yes,Yes,Yes,No,Yes
N451468,Fiber Optic,Yes,No,No,Yes,No,Yes,Yes,No
W483045,None,Yes,Yes,Yes,Yes,No,No,Yes,Yes
Y184122,Fiber Optic,No,No,No,No,No,No,No,Yes
R736548,Fiber Optic,Yes,No,No,Yes,No,Yes,Yes,Yes
H654233,None,Yes,Yes,No,Yes,Yes,No,Yes,No
P106092,DSL,Yes,No,No,No,Yes,Yes,Yes,Yes
M67658,DSL,No,No,Yes,Yes,Yes,No,Yes,No
N147187,DSL,Yes,No,Yes,Yes,Yes,No,Yes,No
S297647,Fiber Optic,Yes,Yes,Yes,Yes,Yes,No,Yes,No
P493147,Fiber Optic,Yes,No,Yes,No,Yes,No,No,No
U782508,DSL,Yes,No,No,No,No,No,No,Yes
E682726,Fiber Optic,Yes,Yes,No,No,Yes,Yes,Yes,No
X688103,None,Yes,No,No,Yes,Yes,No,No,No
R556050,None,Yes,Yes,No,No,No,No,Yes,Yes
O03884,Fiber Optic,Yes,Yes,Yes,No,No,Yes,Yes,No
O464940,Fiber Optic,Yes,No,No,Yes,No,Yes,No,Yes
Q242803,Fiber Optic,Yes,Yes,No,No,No,No,Yes,No
M628541,Fiber Optic,Yes,No,No,No,Yes,No,Yes,Yes
S207969,DSL,Yes,No,Yes,Yes,No,No,Yes,No
C810403,None,Yes,No,No,No,Yes,Yes,Yes,No
Y120307,None,Yes,No,Yes,Yes,No,No,No,Yes
V866500,Fiber Optic,Yes,Yes,No,No,Yes,No,No,No
X343919,DSL,Yes,No,No,No,No,Yes,Yes,Yes
K641869,Fiber Optic,Yes,No,Yes,No,No,No,No,Yes
U113610,Fiber Optic,Yes,No,No,Yes,Yes,No,No,Yes
G92465,DSL,Yes,No,No,No,Yes,Yes,Yes,Yes
E661180,Fiber Optic,Yes,No,Yes,Yes,No,Yes,No,No
T202681,None,Yes,No,Yes,Yes,No,No,Yes,No
S78003,Fiber Optic,Yes,No,Yes,No,No,Yes,Yes,No
S431288,DSL,Yes,No,Yes,No,Yes,No,No,Yes
Z461920,DSL,Yes,No,Yes,No,Yes,No,Yes,No
R03630,None,Yes,No,No,Yes,Yes,No,No,Yes
P789306,Fiber Optic,Yes,Yes,No,No,No,No,Yes,Yes
Q407375,Fiber Optic,No,No,No,Yes,No,No,Yes,Yes
M589403,None,Yes,No,No,No,Yes,Yes,Yes,No
B200191,None,Yes,Yes,No,No,No,Yes,No,Yes
X481143,DSL,Yes,No,Yes,Yes,No,No,No,No
H991225,DSL,Yes,Yes,Yes,No,Yes,Yes,Yes,Yes
T540942,None,Yes,Yes,Yes,Yes,No,Yes,No,Yes
O763178,DSL,Yes,Yes,No,No,Yes,No,Yes,No
W565969,Fiber Optic,Yes,Yes,Yes,Yes,Yes,No,Yes,Yes
C657224,Fiber Optic,Yes,No,Yes,Yes,No,No,No,Yes
W518389,Fiber Optic,Yes,No,Yes,No,No,No,No,Yes
S256921,DSL,No,Yes,No,No,No,Yes,No,Yes
D285013,Fiber Optic,No,Yes,No,No,Yes,Yes,No,No
H305043,DSL,Yes,Yes,No,Yes,No,No,Yes,No
C17948,Fiber Optic,Yes,Yes,Yes,No,Yes,No,No,Yes
R692612,DSL,Yes,Yes,Yes,No,No,Yes,Yes,Yes
I353809,Fiber Optic,Yes,No,No,Yes,No,Yes,Yes,Yes
W399323,None,Yes,No,Yes,Yes,Yes,No,No,No
U587093,None,No,No,No,Yes,No,No,Yes,No
R447088,Fiber Optic,Yes,Yes,No,No,No,No,No,Yes
Y814048,DSL,Yes,No,No,Yes,No,No,Yes,No
G939272,None,Yes,No,No,No,No,Yes,No,No
W170124,None,Yes,No,No,No,No,Yes,Yes,No
Y05539,DSL,Yes,Yes,Yes,Yes,Yes,No,Yes,No
C708546,DSL,Yes,No,Yes,Yes,Yes,No,Yes,Yes
V447329,Fiber Optic,Yes,No,No,No,Yes,No,No,Yes
O181132,Fiber Optic,No,Yes,Yes,No,No,Yes,Yes,Yes
H187434,None,Yes,Yes,Yes,Yes,No,Yes,No,Yes
Y546738,None,No,No,No,Yes,Yes,No,No,Yes
O847856,Fiber Optic,Yes,Yes,Yes,No,No,No,No,Yes
D672232,DSL,Yes,No,No,No,No,Yes,Yes,No
X486785,DSL,Yes,No,No,No,Yes,Yes,No,Yes
B609623,Fiber Optic,Yes,Yes,Yes,No,Yes,Yes,No,Yes
A498648,DSL,Yes,No,Yes,No,Yes,Yes,No,Yes
L766709,Fiber Optic,Yes,No,Yes,Yes,No,No,No,No
S461725,Fiber Optic,Yes,Yes,Yes,Yes,Yes,No,Yes,No
A879207,Fiber Optic,Yes,No,No,No,No,No,Yes,No
H750197,Fiber Optic,Yes,Yes,No,No,No,Yes,Yes,Yes
Q994964,None,Yes,Yes,No,Yes,Yes,Yes,No,Yes
L180827,None,Yes,Yes,Yes,No,Yes,No,Yes,No
X224369,Fiber Optic,No,No,No,No,No,No,Yes,No
M552851,Fiber Optic,Yes,Yes,Yes,No,Yes,Yes,Yes,Yes
L296464,Fiber Optic,Yes,Yes,No,No,No,Yes,No,No
W571315,DSL,Yes,No,Yes,Yes,Yes,No,Yes,No
H523291,DSL,Yes,No,No,No,No,No,Yes,No
R261202,None,Yes,Yes,No,Yes,No,Yes,No,Yes
E313335,None,Yes,No,Yes,Yes,No,Yes,Yes,No
P911138,Fiber Optic,Yes,No,Yes,Yes,No,No,Yes,No
N843105,Fiber Optic,No,Yes,No,No,No,No,No,No
R912684,None,Yes,No,No,No,Yes,Yes,Yes,No
A980855,DSL,Yes,No,No,No,Yes,No,Yes,No
G706993,None,Yes,No,Yes,Yes,No,Yes,Yes,Yes
R860464,None,Yes,No,No,No,No,No,Yes,No
C774228,Fiber Optic,Yes,Yes,Yes,No,No,No,No,No
P451776,None,Yes,Yes,No,Yes,No,No,No,No
X400925,None,Yes,No,No,No,Yes,No,No,Yes
T79206,Fiber Optic,Yes,No,No,No,Yes,No,Yes,Yes
I709386,Fiber Optic,Yes,No,No,Yes,Yes,Yes,Yes,No
V562502,Fiber Optic,No,No,No,No,No,Yes,No,No
L390014,Fiber Optic,Yes,Yes,No,No,Yes,No,Yes,No
Q202776,Fiber Optic,Yes,No,Yes,Yes,Yes,Yes,No,No
V825508,DSL,Yes,Yes,No,No,Yes,No,No,Yes
U747129,None,Yes,No,Yes,Yes,Yes,No,Yes,Yes
M830301,DSL,Yes,Yes,Yes,Yes,No,Yes,Yes,Yes
E793032,DSL,Yes,No,No,Yes,Yes,No,Yes,Yes
T281937,Fiber Optic,Yes,No,Yes,No,Yes,No,Yes,No
Y595352,Fiber Optic,Yes,No,No,No,No,No,No,No
F876671,None,Yes,No,Yes,Yes,No,Yes,Yes,No
R197427,Fiber Optic,Yes,No,No,No,Yes,Yes,Yes,No
Z38983,None,Yes,Yes,No,Yes,No,No,Yes,No
J611355,Fiber Optic,Yes,Yes,Yes,Yes,No,No,Yes,No
H455492,DSL,Yes,Yes,No,No,No,No,Yes,No
A768649,Fiber Optic,Yes,No,No,Yes,Yes,No,No,Yes
M82512,Fiber Optic,Yes,Yes,No,Yes,No,Yes,Yes,No
T108863,None,Yes,No,Yes,No,Yes,No,Yes,No
V611969,DSL,Yes,Yes,Yes,No,Yes,No,Yes,No
O344933,None,Yes,Yes,No,No,Yes,Yes,No,Yes
O479736,Fiber Optic,Yes,Yes,Yes,Yes,Yes,No,Yes,Yes
G632313,Fiber Optic,Yes,Yes,No,Yes,Yes,No,Yes,Yes
X685005,DSL,Yes,Yes,Yes,No,Yes,Yes,No,No
I237134,Fiber Optic,Yes,Yes,Yes,No,No,Yes,Yes,No
X496118,Fiber Optic,Yes,Yes,No,Yes,Yes,Yes,No,Yes
W106729,Fiber Optic,Yes,No,No,Yes,Yes,Yes,Yes,No
K940748,DSL,Yes,No,Yes,Yes,No,Yes,No,No
O270789,Fiber Optic,Yes,Yes,No,Yes,No,Yes,Yes,Yes
I636533,Fiber Optic,Yes,Yes,Yes,Yes,No,No,Yes,No
A945949,None,Yes,No,No,No,Yes,Yes,No,Yes
E161106,None,Yes,Yes,Yes,No,No,No,No,No
M957583,Fiber Optic,No,Yes,No,Yes,No,No,Yes,No
L177821,DSL,No,No,No,No,Yes,No,No,Yes
X365608,DSL,Yes,Yes,No,Yes,No,No,No,Yes
Y653949,None,Yes,Yes,No,Yes,No,No,Yes,No
X132040,DSL,Yes,No,No,Yes,No,No,Yes,No
R676234,None,Yes,No,Yes,No,No,No,Yes,Yes
O632318,DSL,Yes,No,No,Yes,No,No,Yes,Yes
O744533,Fiber Optic,Yes,No,No,Yes,No,Yes,Yes,No
R607131,None,Yes,No,No,No,No,Yes,Yes,No
Z842303,Fiber Optic,Yes,Yes,No,No,No,No,No,No
L912943,Fiber Optic,No,No,Yes,No,No,No,Yes,Yes
N715806,Fiber Optic,Yes,Yes,No,No,Yes,No,No,Yes
A385989,None,Yes,Yes,Yes,Yes,No,Yes,No,No
W550892,Fiber Optic,Yes,No,No,Yes,No,No,No,Yes
W309935,Fiber Optic,Yes,No,Yes,No,Yes,No,Yes,Yes
Y714473,DSL,Yes,No,No,No,No,Yes,Yes,Yes
N762754,Fiber Optic,Yes,No,No,Yes,Yes,Yes,Yes,Yes
U517091,DSL,Yes,No,Yes,No,No,No,Yes,Yes
P181267,None,Yes,No,No,No,Yes,No,Yes,No
I916859,Fiber Optic,Yes,No,No,No,Yes,No,Yes,Yes
C299043,DSL,Yes,No,Yes,No,No,Yes,No,Yes
Y184043,DSL,Yes,No,No,No,Yes,Yes,Yes,No
N304752,Fiber Optic,Yes,Yes,No,Yes,Yes,No,Yes,Yes
E996160,Fiber Optic,Yes,No,Yes,No,Yes,No,No,Yes
Z888785,None,Yes,No,No,Yes,No,Yes,No,No
Q345021,Fiber Optic,Yes,Yes,No,Yes,No,Yes,Yes,No
J473225,Fiber Optic,Yes,No,No,Yes,No,Yes,No,No
L380389,None,Yes,No,No,No,Yes,Yes,No,Yes
R00362,DSL,Yes,No,Yes,No,No,No,Yes,Yes
D760092,DSL,Yes,Yes,Yes,No,No,No,Yes,Yes
N233282,None,Yes,No,Yes,Yes,No,No,No,Yes
N871301,DSL,Yes,No,No,No,Yes,No,Yes,Yes
B692438,Fiber Optic,Yes,No,No,Yes,No,Yes,Yes,No
G470445,Fiber Optic,Yes,Yes,No,No,No,No,No,Yes
P726191,DSL,Yes,Yes,Yes,No,No,Yes,Yes,Yes
D904626,DSL,Yes,Yes,No,Yes,No,No,Yes,No
P841552,Fiber Optic,Yes,Yes,No,No,No,No,Yes,Yes
D419396,Fiber Optic,No,No,Yes,No,Yes,No,Yes,No
U848705,None,Yes,No,No,Yes,No,Yes,Yes,Yes
G140743,DSL,No,No,Yes,Yes,Yes,No,Yes,No
N302415,DSL,Yes,No,No,No,No,No,No,Yes
X688456,DSL,Yes,No,No,Yes,No,Yes,No,Yes
H941836,Fiber Optic,Yes,No,No,Yes,No,No,Yes,Yes
F130726,Fiber Optic,Yes,Yes,No,Yes,No,No,Yes,Yes
P324088,Fiber Optic,Yes,No,Yes,Yes,Yes,No,No,No
O851847,DSL,Yes,No,No,No,No,No,Yes,Yes
W369474,DSL,Yes,No,No,No,Yes,No,No,No
A609766,Fiber Optic,Yes,No,Yes,No,No,Yes,Yes,Yes
I668927,Fiber Optic,Yes,Yes,Yes,No,Yes,No,Yes,Yes
N761562,DSL,Yes,No,No,No,Yes,No,Yes,No
K133355,Fiber Optic,Yes,Yes,Yes,Yes,Yes,Yes,No,Yes
Q766801,Fiber Optic,Yes,No,No,No,No,Yes,Yes,No
A977827,Fiber Optic,Yes,No,No,No,Yes,No,Yes,Yes
M336127,Fiber Optic,Yes,No,No,No,Yes,No,Yes,No
D926198,None,Yes,No,Yes,No,Yes,No,Yes,Yes
G390885,Fiber Optic,Yes,Yes,No,Yes,No,Yes,No,No
B51907,DSL,Yes,No,Yes,Yes,No,Yes,Yes,Yes
V644029,Fiber Optic,Yes,No,No,Yes,No,No,Yes,Yes
R729456,None,No,Yes,Yes,No,No,No,Yes,Yes
L603563,None,Yes,Yes,Yes,No,Yes,No,Yes,No
H677214,Fiber Optic,Yes,No,No,No,No,Yes,Yes,No
P824126,Fiber Optic,Yes,Yes,No,No,Yes,Yes,Yes,Yes
D59575,Fiber Optic,Yes,No,No,Yes,No,Yes,Yes,Yes
T359597,Fiber Optic,Yes,Yes,No,Yes,No,No,No,No
R756541,None,Yes,No,Yes,No,No,Yes,Yes,Yes
Z694986,None,Yes,Yes,No,Yes,Yes,No,Yes,Yes
V398404,DSL,Yes,No,Yes,No,Yes,No,Yes,No
M414548,Fiber Optic,Yes,No,Yes,No,No,No,Yes,No
V754108,Fiber Optic,Yes,No,No,No,No,No,Yes,Yes
M50230,None,Yes,No,No,No,No,No,Yes,No
Z99512,DSL,Yes,Yes,No,No,No,Yes,No,Yes
H245198,Fiber Optic,Yes,No,No,No,No,Yes,No,No
I277938,Fiber Optic,Yes,Yes,No,Yes,Yes,No,No,No
V583631,Fiber Optic,Yes,No,No,No,No,No,Yes,No
Y163128,None,Yes,No,No,Yes,No,No,Yes,No
A312093,DSL,Yes,No,No,Yes,No,No,Yes,Yes
P877356,Fiber Optic,No,No,Yes,No,No,Yes,Yes,Yes
X556472,Fiber Optic,Yes,Yes,Yes,No,Yes,Yes,No,No
C139501,DSL,Yes,Yes,No,No,No,No,Yes,Yes
Y440539,None,No,No,No,No,Yes,No,Yes,No
Z215431,Fiber Optic,Yes,Yes,No,Yes,Yes,Yes,Yes,Yes
Y211180,DSL,Yes,Yes,Yes,No,Yes,No,No,No
I961815,Fiber Optic,Yes,Yes,Yes,Yes,No,Yes,Yes,No
M302337,DSL,Yes,Yes,No,No,No,No,No,No
N727282,DSL,Yes,No,No,Yes,Yes,No,No,Yes
H279354,Fiber Optic,Yes,Yes,No,No,Yes,No,No,No
V354023,DSL,Yes,No,Yes,Yes,No,Yes,No,No
N326688,Fiber Optic,Yes,No,No,No,Yes,Yes,No,Yes
D816425,Fiber Optic,Yes,No,No,No,No,Yes,Yes,No
J775742,Fiber Optic,Yes,No,No,Yes,No,Yes,No,Yes
W667533,Fiber Optic,Yes,No,No,Yes,Yes,No,No,Yes
C717657,DSL,Yes,No,Yes,No,No,Yes,Yes,No
G715462,Fiber Optic,Yes,Yes,No,Yes,Yes,Yes,Yes,Yes
K309886,DSL,Yes,Yes,Yes,Yes,Yes,No,No,No
E777441,DSL,Yes,Yes,Yes,No,No,Yes,No,No
K797257,Fiber Optic,Yes,Yes,No,Yes,No,Yes,No,No
K105167,Fiber Optic,Yes,No,No,No,Yes,Yes,No,Yes
W968177,None,Yes,No,Yes,No,No,No,No,No
Y247582,DSL,Yes,Yes,No,No,No,No,No,No
B586243,DSL,Yes,Yes,No,No,No,No,No,No
L93551,DSL,No,No,Yes,Yes,Yes,No,No,No
J582916,Fiber Optic,Yes,No,Yes,No,Yes,No,Yes,Yes
M592587,Fiber Optic,Yes,Yes,Yes,No,No,Yes,Yes,Yes
X207278,Fiber Optic,Yes,No,Yes,Yes,No,No,No,Yes
O895899,None,Yes,No,No,Yes,No,No,Yes,No
K529382,Fiber Optic,Yes,No,No,No,Yes,Yes,Yes,Yes
S80319,Fiber Optic,No,No,No,Yes,Yes,No,No,Yes
Z550529,DSL,No,Yes,No,Yes,Yes,No,Yes,No
U286430,Fiber Optic,Yes,No,Yes,Yes,Yes,Yes,Yes,No
W487861,None,Yes,Yes,Yes,No,No,No,No,No
S274767,None,Yes,No,Yes,Yes,No,Yes,Yes,No
H722182,Fiber Optic,Yes,No,No,Yes,No,Yes,No,No
Z135438,DSL,Yes,No,No,No,No,No,No,No
S859045,Fiber Optic,Yes,Yes,No,No,No,No,No,Yes
A125688,DSL,Yes,Yes,Yes,Yes,Yes,Yes,Yes,Yes
O444447,DSL,Yes,Yes,No,Yes,Yes,Yes,Yes,Yes
M183563,None,Yes,No,No,No,No,Yes,No,No
V891124,Fiber Optic,Yes,No,No,No,Yes,Yes,Yes,Yes
E249577,None,Yes,Yes,No,Yes,Yes,No,Yes,No
U784168,Fiber Optic,Yes,No,Yes,Yes,No,No,Yes,Yes
Z655607,None,No,No,No,No,No,No,No,No
I119237,DSL,Yes,Yes,No,No,No,Yes,No,Yes
A782700,Fiber Optic,Yes,No,No,Yes,Yes,No,No,Yes
V544721,Fiber Optic,Yes,No,No,Yes,No,Yes,Yes,Yes
F195302,None,Yes,Yes,Yes,No,No,Yes,No,No
U531334,None,Yes,Yes,No,Yes,Yes,Yes,No,No
J345644,Fiber Optic,Yes,No,Yes,Yes,Yes,No,No,Yes
E43004,Fiber Optic,Yes,Yes,No,No,No,Yes,No,No
I664660,DSL,Yes,Yes,No,No,Yes,No,Yes,No
G119666,Fiber Optic,No,No,Yes,No,No,No,Yes,Yes
U518400,DSL,Yes,Yes,Yes,Yes,Yes,Yes,Yes,No
Z461269,Fiber Optic,Yes,Yes,No,No,No,No,No,No
P456447,DSL,Yes,Yes,Yes,No,Yes,No,Yes,No
P973504,DSL,Yes,Yes,No,No,Yes,Yes,Yes,Yes
E267017,DSL,Yes,No,Yes,No,No,Yes,No,No
H450608,DSL,Yes,No,Yes,No,No,Yes,No,Yes
K364420,DSL,Yes,No,No,No,No,No,Yes,Yes
B490537,Fiber Optic,Yes,No,No,Yes,Yes,No,Yes,Yes
E396045,None,Yes,Yes,No,Yes,Yes,No,No,No
O391114,None,Yes,No,No,Yes,No,No,No,No
W333236,Fiber Optic,Yes,No,No,Yes,Yes,No,Yes,No
S231734,Fiber Optic,Yes,Yes,Yes,Yes,Yes,No,No,Yes
W593299,DSL,Yes,No,No,Yes,Yes,Yes,No,No
P947144,DSL,Yes,No,Yes,No,No,No,No,Yes
U721877,None,Yes,No,No,No,Yes,Yes,No,No
J797305,DSL,Yes,No,No,No,Yes,Yes,No,No
M584587,Fiber Optic,Yes,Yes,No,Yes,No,Yes,No,Yes
E110276,Fiber Optic,Yes,Yes,No,Yes,No,No,No,Yes
W173695,None,Yes,No,Yes,No,Yes,Yes,Yes,Yes
Y162634,DSL,Yes,Yes,No,Yes,No,Yes,Yes,Yes
C30368,DSL,Yes,No,Yes,No,No,No,Yes,Yes
J410708,DSL,Yes,No,Yes,No,Yes,No,Yes,Yes
R846970,DSL,Yes,Yes,No,No,No,No,Yes,No
M803578,Fiber Optic,Yes,Yes,No,No,Yes,No,Yes,No
B110246,Fiber Optic,No,No,No,Yes,No,Yes,No,Yes
N471149,Fiber Optic,Yes,Yes,No,No,Yes,No,No,Yes
O211985,DSL,No,No,No,No,No,Yes,No,Yes
P526389,DSL,No,No,Yes,No,Yes,Yes,Yes,No
E555705,Fiber Optic,Yes,Yes,No,No,Yes,No,No,No
L982121,Fiber Optic,Yes,Yes,Yes,No,Yes,No,Yes,No
P354965,None,Yes,No,Yes,Yes,Yes,Yes,Yes,Yes
N729642,DSL,Yes,No,No,Yes,No,No,Yes,Yes
L390162,DSL,Yes,Yes,Yes,Yes,No,Yes,Yes,No
H176781,DSL,No,No,Yes,Yes,Yes,Yes,No,No
L10400,Fiber Optic,Yes,No,Yes,No,No,No,No,Yes
R255244,Fiber Optic,No,No,No,No,Yes,No,No,No
W671969,Fiber Optic,Yes,Yes,No,Yes,No,Yes,No,Yes
A259316,DSL,Yes,No,Yes,Yes,No,No,No,Yes
W415781,None,Yes,Yes,No,No,No,No,Yes,Yes
O952685,None,Yes,Yes,No,No,No,Yes,Yes,No
J787742,DSL,Yes,No,No,Yes,No,Yes,No,No
U668109,Fiber Optic,Yes,No,No,No,Yes,No,No,Yes
Q11232,Fiber Optic,Yes,No,Yes,No,Yes,No,Yes,No
D707565,DSL,Yes,No,Yes,No,No,No,Yes,No
Y107411,DSL,Yes,Yes,No,Yes,No,Yes,No,No
U608200,DSL,Yes,No,No,No,No,Yes,No,Yes
D33792,Fiber Optic,No,No,Yes,No,No,No,Yes,Yes
W698821,Fiber Optic,No,Yes,No,No,No,No,Yes,Yes
X106926,DSL,Yes,No,No,No,Yes,Yes,No,No
W984859,Fiber Optic,Yes,No,No,Yes,Yes,No,Yes,Yes
E624783,DSL,Yes,No,Yes,Yes,Yes,No,Yes,Yes
P05538,None,Yes,No,No,Yes,Yes,No,No,No
D02602,None,Yes,No,Yes,Yes,Yes,No,Yes,No
E570609,None,Yes,No,Yes,No,No,No,No,No
X108318,DSL,No,No,Yes,No,Yes,No,Yes,No
W628853,DSL,No,Yes,Yes,Yes,No,No,No,Yes
Q531386,Fiber Optic,Yes,Yes,No,Yes,No,No,No,Yes
O595578,Fiber Optic,Yes,No,No,No,Yes,No,No,Yes
J37804,Fiber Optic,Yes,Yes,No,Yes,No,No,No,No
L110083,Fiber Optic,Yes,No,Yes,No,No,No,No,No
A225434,Fiber Optic,Yes,Yes,Yes,No,No,Yes,No,No
Z731991,None,No,Yes,No,Yes,Yes,Yes,No,No
C658180,None,Yes,Yes,No,No,No,No,Yes,No
Y396609,Fiber Optic,Yes,Yes,Yes,No,Yes,No,No,Yes
G740292,Fiber Optic,Yes,No,No,Yes,Yes,No,Yes,No
D480469,None,Yes,Yes,No,No,Yes,No,Yes,Yes
K179771,DSL,Yes,Yes,No,Yes,No,No,No,No
R818123,Fiber Optic,Yes,Yes,No,No,Yes,No,Yes,Yes
I284196,DSL,Yes,Yes,Yes,Yes,Yes,No,Yes,No
M881138,DSL,Yes,Yes,No,No,Yes,No,No,No
L698879,None,Yes,No,No,Yes,Yes,Yes,No,Yes
B548061,DSL,Yes,Yes,No,Yes,No,No,Yes,Yes
I440855,DSL,Yes,No,Yes,Yes,Yes,Yes,Yes,No
E808351,Fiber Optic,Yes,Yes,Yes,No,Yes,Yes,Yes,Yes
Y549510,None,Yes,Yes,Yes,No,Yes,Yes,Yes,Yes
M441485,Fiber Optic,Yes,Yes,Yes,Yes,No,No,No,No
D412136,DSL,Yes,Yes,No,No,No,No,No,Yes
G287039,None,Yes,No,Yes,No,No,Yes,No,No
H980247,Fiber Optic,Yes,No,No,Yes,Yes,No,Yes,No
Z367497,Fiber Optic,Yes,No,Yes,Yes,Yes,Yes,Yes,No
Z349603,DSL,Yes,No,Yes,No,No,Yes,Yes,Yes
C81893,Fiber Optic,Yes,Yes,Yes,Yes,No,Yes,Yes,Yes
Y104736,DSL,Yes,No,No,No,Yes,No,No,No
I740366,None,Yes,No,Yes,No,Yes,No,No,No
B328912,DSL,No,No,No,Yes,No,Yes,Yes,No
L573957,DSL,Yes,No,Yes,Yes,Yes,No,Yes,No
P547130,Fiber Optic,Yes,Yes,Yes,Yes,No,Yes,No,Yes
Y32332,Fiber Optic,Yes,Yes,No,No,Yes,No,No,Yes
L327497,Fiber Optic,Yes,Yes,Yes,No,Yes,Yes,No,Yes
Y97441,None,Yes,No,No,Yes,Yes,Yes,No,Yes
G692468,Fiber Optic,Yes,No,No,No,Yes,Yes,Yes,No
P752014,DSL,Yes,No,No,Yes,No,Yes,Yes,Yes
G588673,None,Yes,Yes,No,No,Yes,No,No,No
J982941,DSL,Yes,No,No,No,No,No,No,No
M241678,DSL,Yes,No,No,Yes,No,Yes,Yes,Yes
V515770,Fiber Optic,Yes,Yes,Yes,No,Yes,Yes,No,Yes
I792144,DSL,Yes,No,No,Yes,No,No,Yes,No
C326402,None,Yes,Yes,No,Yes,Yes,No,Yes,No
P416440,None,Yes,No,No,No,No,No,Yes,Yes
A83621,Fiber Optic,Yes,Yes,Yes,No,No,Yes,No,No
V813580,Fiber Optic,No,No,Yes,Yes,No,No,Yes,No
P937306,DSL,Yes,No,No,Yes,No,Yes,Yes,No
C243361,None,Yes,No,Yes,Yes,No,No,No,Yes
G932741,Fiber Optic,Yes,Yes,No,No,Yes,No,Yes,Yes
T902912,DSL,Yes,Yes,No,Yes,No,No,Yes,Yes
T544616,Fiber Optic,No,Yes,No,Yes,No,No,Yes,No
C61226,Fiber Optic,Yes,Yes,No,Yes,No,No,Yes,Yes
C387905,DSL,Yes,No,Yes,No,No,No,No,No
M777913,Fiber Optic,Yes,No,No,No,Yes,No,No,No
M731030,None,Yes,No,Yes,No,Yes,No,Yes,No
M201624,Fiber Optic,Yes,Yes,No,Yes,No,Yes,Yes,Yes
R158965,None,Yes,No,No,Yes,Yes,No,Yes,No
P458031,Fiber Optic,Yes,Yes,No,Yes,No,No,No,Yes
D398300,Fiber Optic,Yes,No,No,No,Yes,Yes,No,Yes
H927567,Fiber Optic,Yes,Yes,No,No,No,No,No,No
B813556,Fiber Optic,Yes,No,No,Yes,No,Yes,Yes,No
Q721747,DSL,Yes,No,No,Yes,No,Yes,Yes,Yes
B293510,DSL,Yes,Yes,No,No,No,No,Yes,Yes
G991506,DSL,Yes,No,No,No,No,No,No,Yes
I600346,DSL,Yes,No,No,Yes,No,No,Yes,No
U968415,Fiber Optic,Yes,No,No,Yes,Yes,No,Yes,No
H358470,Fiber Optic,Yes,Yes,No,No,Yes,No,No,No
K669208,DSL,Yes,Yes,Yes,Yes,Yes,No,Yes,No
K740871,Fiber Optic,Yes,No,No,Yes,No,No,No,No
K886172,None,Yes,No,No,No,No,Yes,No,Yes
A145480,Fiber Optic,Yes,Yes,Yes,No,Yes,No,No,Yes
D604002,Fiber Optic,Yes,Yes,No,No,Yes,Yes,No,No
H885464,None,No,No,Yes,Yes,No,Yes,No,Yes
D493302,DSL,Yes,Yes,Yes,No,Yes,Yes,No,No
T495616,DSL,Yes,No,No,Yes,Yes,No,Yes,No
H175210,DSL,Yes,No,No,No,No,Yes,No,Yes
D461453,DSL,No,No,No,No,No,Yes,Yes,No
P905987,Fiber Optic,Yes,Yes,Yes,No,No,Yes,No,No
H391200,None,Yes,No,No,No,No,No,No,No
W980288,DSL,Yes,No,No,No,No,No,No,No
X319524,Fiber Optic,Yes,Yes,Yes,Yes,No,No,No,Yes
V52887,None,Yes,No,Yes,No,Yes,No,No,No
B756017,DSL,Yes,Yes,No,No,Yes,No,Yes,Yes
G67438,Fiber Optic,Yes,No,No,Yes,No,No,No,Yes
J909235,DSL,Yes,Yes,No,No,No,Yes,No,No
X512139,Fiber Optic,Yes,Yes,Yes,No,No,No,Yes,No
G343802,DSL,Yes,No,Yes,Yes,Yes,Yes,No,No
V350641,Fiber Optic,Yes,Yes,No,Yes,No,No,Yes,No
R699488,None,Yes,No,No,No,Yes,No,Yes,Yes
J869368,Fiber Optic,Yes,Yes,Yes,Yes,Yes,No,Yes,Yes
F570484,Fiber Optic,Yes,Yes,No,No,No,Yes,No,No
N131545,DSL,Yes,No,Yes,Yes,No,Yes,Yes,No
T267542,Fiber Optic,Yes,No,Yes,No,No,Yes,No,Yes
J379461,Fiber Optic,Yes,Yes,No,No,Yes,No,Yes,No
N14233,Fiber Optic,Yes,Yes,Yes,Yes,Yes,Yes,No,No
I787322,None,Yes,Yes,Yes,No,No,No,No,Yes
R481476,DSL,Yes,Yes,Yes,No,No,Yes,No,No
N85718,DSL,Yes,Yes,No,No,No,Yes,No,Yes
J651060,DSL,Yes,No,Yes,No,No,No,Yes,Yes
Y892014,Fiber Optic,Yes,Yes,Yes,No,Yes,No,Yes,Yes
M559025,None,Yes,Yes,No,No,No,No,Yes,No
V37260,Fiber Optic,No,No,No,No,No,No,No,Yes
I142610,DSL,Yes,Yes,Yes,No,Yes,Yes,No,Yes
Z884144,DSL,Yes,Yes,No,Yes,No,Yes,Yes,No
V765087,Fiber Optic,Yes,Yes,No,Yes,No,No,No,Yes
N241441,Fiber Optic,Yes,No,Yes,Yes,Yes,Yes,No,No
N956188,DSL,Yes,Yes,No,Yes,Yes,No,No,No
Q641611,DSL,Yes,Yes,Yes,No,No,No,No,Yes
M665668,DSL,Yes,Yes,No,Yes,No,No,No,Yes
P872354,DSL,Yes,Yes,No,Yes,No,Yes,No,Yes
V198321,Fiber Optic,Yes,No,No,No,Yes,No,Yes,No
H326789,Fiber Optic,Yes,Yes,Yes,No,Yes,Yes,No,No
D110610,Fiber Optic,Yes,Yes,No,Yes,Yes,Yes,No,Yes
J989060,Fiber Optic,Yes,No,No,Yes,No,No,Yes,No
Y482387,DSL,Yes,Yes,No,Yes,No,Yes,Yes,No
M112566,Fiber Optic,Yes,Yes,Yes,Yes,Yes,No,No,Yes
U873148,Fiber Optic,Yes,Yes,Yes,No,Yes,Yes,No,No
E328814,DSL,Yes,No,Yes,Yes,Yes,Yes,Yes,No
I236091,DSL,Yes,Yes,No,Yes,No,No,Yes,No
B46761,None,Yes,Yes,Yes,No,No,No,Yes,No
P362205,Fiber Optic,Yes,No,Yes,Yes,Yes,No,No,Yes
Z197598,DSL,Yes,Yes,No,No,Yes,No,Yes,Yes
M132319,DSL,No,Yes,No,No,Yes,No,No,Yes
Y313023,Fiber Optic,Yes,Yes,No,No,No,Yes,Yes,No
V148850,None,Yes,Yes,No,Yes,Yes,No,Yes,No
G18466,Fiber Optic,Yes,Yes,No,No,Yes,No,No,No
S958641,Fiber Optic,Yes,Yes,No,Yes,No,No,No,No
A27178,DSL,No,No,No,No,Yes,No,No,No
N454763,Fiber Optic,Yes,No,Yes,No,Yes,No,Yes,No
H02721,None,Yes,Yes,Yes,No,Yes,No,No,No
B920638,DSL,Yes,No,Yes,Yes,No,No,No,No
N863885,Fiber Optic,Yes,Yes,No,No,No,No,No,Yes
G223396,DSL,Yes,No,No,No,No,Yes,No,No
T860986,DSL,Yes,Yes,Yes,Yes,No,No,Yes,Yes
W923132,None,No,No,Yes,No,Yes,No,Yes,No
D84259,DSL,Yes,No,Yes,Yes,Yes,No,Yes,Yes
X989117,DSL,Yes,No,No,No,No,Yes,No,No
B308070,None,Yes,No,Yes,Yes,Yes,No,Yes,No
E439042,DSL,Yes,No,No,No,Yes,No,No,Yes
R437395,Fiber Optic,No,Yes,No,Yes,Yes,No,No,Yes
C28930,None,Yes,No,No,No,No,Yes,Yes,No
X528575,None,Yes,No,Yes,No,No,Yes,Yes,Yes
X666934,Fiber Optic,Yes,No,No,No,No,No,No,Yes
B431778,None,Yes,No,No,No,Yes,No,No,Yes
W891810,Fiber Optic,Yes,Yes,Yes,No,No,Yes,Yes,No
P684515,Fiber Optic,Yes,Yes,No,Yes,No,Yes,No,Yes
Q136086,None,No,Yes,No,No,Yes,No,No,Yes
N762092,Fiber Optic,Yes,Yes,No,No,Yes,Yes,Yes,No
K402176,Fiber Optic,Yes,No,No,No,No,No,No,No
O139361,None,Yes,Yes,Yes,No,No,No,No,No
I407574,Fiber Optic,Yes,No,No,Yes,No,Yes,Yes,Yes
H523864,DSL,Yes,No,No,No,Yes,Yes,No,Yes
N794031,Fiber Optic,Yes,Yes,Yes,Yes,Yes,No,No,Yes
Z964652,DSL,Yes,Yes,No,Yes,Yes,No,No,No
P176039,None,Yes,Yes,No,Yes,No,No,No,Yes
A531249,DSL,No,No,Yes,No,Yes,Yes,Yes,Yes
Y979093,None,Yes,No,No,No,Yes,No,Yes,Yes
V673184,Fiber Optic,Yes,No,No,No,No,No,Yes,Yes
Y786322,Fiber Optic,Yes,Yes,No,Yes,No,No,Yes,No
A613334,DSL,No,No,No,Yes,Yes,No,Yes,No
R760297,Fiber Optic,Yes,No,No,No,No,No,Yes,Yes
Y793007,Fiber Optic,Yes,No,Yes,No,No,Yes,No,Yes
B14813,DSL,Yes,Yes,No,No,Yes,No,No,Yes
F421496,DSL,Yes,No,No,No,No,Yes,Yes,No
W198106,None,Yes,No,No,Yes,No,No,No,Yes
U750518,None,Yes,No,No,No,No,No,Yes,Yes
S755342,None,Yes,Yes,No,No,No,No,No,Yes
I845157,DSL,Yes,Yes,Yes,Yes,No,Yes,No,Yes
L259175,Fiber Optic,Yes,Yes,No,Yes,No,Yes,No,No
W252609,Fiber Optic,Yes,No,No,Yes,Yes,No,No,No
P619108,Fiber Optic,Yes,No,Yes,Yes,Yes,No,Yes,No
P78007,DSL,Yes,No,No,Yes,No,Yes,No,Yes
E137592,Fiber Optic,Yes,No,No,Yes,No,Yes,No,No
I894965,Fiber Optic,Yes,Yes,No,No,No,Yes,Yes,No
E505861,Fiber Optic,Yes,Yes,No,No,No,No,No,No
N321214,DSL,Yes,No,Yes,Yes,No,No,Yes,No
T667020,Fiber Optic,Yes,No,No,No,No,No,No,Yes
W226633,DSL,Yes,No,No,No,No,Yes,No,No
A663417,None,Yes,No,No,Yes,No,Yes,Yes,No
L361543,Fiber Optic,No,No,No,Yes,Yes,No,No,Yes
H297976,Fiber Optic,No,No,Yes,No,Yes,Yes,Yes,No
G371724,DSL,Yes,No,No,Yes,Yes,No,No,No
R244586,None,Yes,No,No,Yes,Yes,No,No,Yes
H518825,None,Yes,No,No,No,No,No,No,No
N864022,Fiber Optic,Yes,No,Yes,Yes,No,No,No,No
Z807165,DSL,Yes,No,Yes,Yes,Yes,No,No,Yes
O866592,DSL,Yes,No,Yes,Yes,Yes,No,Yes,No
Z723653,Fiber Optic,Yes,Yes,Yes,No,Yes,No,No,No
L529868,Fiber Optic,Yes,No,No,Yes,Yes,No,No,Yes
Z973803,None,Yes,No,No,No,Yes,No,Yes,No
O521013,Fiber Optic,Yes,No,No,No,Yes,No,No,Yes
D79066,Fiber Optic,Yes,No,Yes,Yes,No,No,No,Yes
M708037,None,No,No,Yes,Yes,No,No,Yes,No
H378177,None,Yes,No,No,No,Yes,Yes,No,Yes
W949462,DSL,No,No,Yes,No,No,No,No,No
X888490,Fiber Optic,Yes,No,No,Yes,No,No,No,Yes
W66069,Fiber Optic,Yes,No,Yes,Yes,Yes,Yes,Yes,No
N663585,Fiber Optic,Yes,Yes,Yes,No,No,No,Yes,No
Z526333,Fiber Optic,Yes,Yes,No,Yes,No,Yes,Yes,Yes
A959352,Fiber Optic,No,Yes,No,No,Yes,Yes,Yes,No
M79725,Fiber Optic,Yes,No,No,No,No,No,No,No
B286935,None,Yes,No,Yes,Yes,No,No,No,Yes
V492229,Fiber Optic,Yes,No,Yes,Yes,No,Yes,Yes,Yes
P331793,DSL,Yes,No,No,Yes,No,Yes,No,Yes
E919874,Fiber Optic,Yes,No,No,Yes,No,No,No,Yes
D598850,None,Yes,No,No,Yes,Yes,No,Yes,No
V658272,Fiber Optic,Yes,Yes,No,No,No,No,No,No
L985245,Fiber Optic,Yes,No,Yes,Yes,Yes,No,No,Yes
Z282830,DSL,Yes,Yes,Yes,Yes,Yes,No,No,Yes
R687130,None,Yes,Yes,No,No,Yes,No,Yes,Yes
S06268,Fiber Optic,Yes,No,No,No,No,No,No,Yes
D164540,DSL,Yes,Yes,Yes,No,Yes,No,Yes,No
Z703867,DSL,Yes,Yes,No,Yes,No,No,No,No
I110420,DSL,Yes,No,No,No,Yes,No,No,No
T824376,DSL,Yes,Yes,No,No,No,No,Yes,Yes
B68757,Fiber Optic,Yes,No,No,Yes,No,Yes,No,Yes
V91565,Fiber Optic,Yes,Yes,Yes,No,Yes,No,No,No
Z517352,Fiber Optic,Yes,Yes,No,No,No,No,Yes,Yes
L156274,Fiber Optic,Yes,Yes,Yes,No,Yes,No,Yes,Yes
S664476,DSL,Yes,Yes,No,No,No,No,Yes,Yes
A568113,DSL,Yes,No,No,No,Yes,Yes,Yes,No
L932066,Fiber Optic,Yes,Yes,No,No,No,No,No,Yes
A943825,Fiber Optic,Yes,No,Yes,No,Yes,Yes,No,No
U100638,Fiber Optic,Yes,No,Yes,Yes,Yes,Yes,Yes,No
Z587554,None,Yes,No,No,No,Yes,No,No,Yes
Z458777,Fiber Optic,Yes,No,No,No,Yes,Yes,Yes,No
M689888,DSL,Yes,Yes,No,No,Yes,No,No,No
Y735827,DSL,Yes,Yes,No,No,No,No,Yes,No
L812206,Fiber Optic,Yes,No,No,No,Yes,Yes,No,Yes
O852145,DSL,Yes,Yes,No,No,Yes,Yes,No,Yes
F34950,DSL,Yes,Yes,Yes,Yes,Yes,Yes,Yes,No
I124986,None,Yes,Yes,No,No,Yes,Yes,No,Yes
N434328,None,Yes,No,Yes,No,No,No,No,No
Z900859,Fiber Optic,Yes,No,No,Yes,No,Yes,No,Yes
Y952292,None,Yes,No,No,Yes,No,No,Yes,Yes
H490984,DSL,Yes,Yes,Yes,No,Yes,No,No,Yes
X683383,DSL,Yes,No,No,Yes,Yes,Yes,Yes,No
N464571,DSL,No,Yes,No,Yes,Yes,Yes,No,Yes
L497687,DSL,Yes,Yes,No,Yes,No,Yes,Yes,Yes
S351935,DSL,Yes,No,Yes,Yes,No,No,Yes,No
X65353,DSL,Yes,No,No,No,Yes,Yes,No,No
G27660,Fiber Optic,Yes,Yes,No,Yes,No,Yes,Yes,Yes
M373201,Fiber Optic,Yes,No,No,No,Yes,Yes,No,Yes
C696811,DSL,Yes,Yes,No,No,No,No,No,Yes
P729485,Fiber Optic,No,Yes,No,No,Yes,No,No,No
A159743,DSL,Yes,Yes,No,No,No,Yes,No,Yes
U956918,Fiber Optic,Yes,Yes,No,No,No,No,No,Yes
H887808,Fiber Optic,No,No,Yes,Yes,Yes,No,No,No
L929915,Fiber Optic,Yes,Yes,No,No,Yes,Yes,No,Yes
S844282,None,Yes,No,Yes,Yes,No,No,No,No
Z420709,Fiber Optic,Yes,No,No,No,No,No,Yes,No
G372009,None,Yes,Yes,No,Yes,Yes,No,Yes,Yes
M843500,Fiber Optic,Yes,No,Yes,No,Yes,Yes,Yes,Yes
S60448,DSL,Yes,No,Yes,Yes,No,No,No,No
D613617,None,Yes,No,Yes,No,No,Yes,Yes,Yes
T784519,Fiber Optic,Yes,Yes,Yes,No,No,Yes,No,No
O937146,Fiber Optic,Yes,Yes,No,No,No,No,Yes,No
E581896,DSL,Yes,No,No,No,No,Yes,Yes,Yes
A626819,DSL,Yes,No,No,No,No,Yes,Yes,No
J61610,None,No,No,Yes,Yes,Yes,Yes,No,No
Q404548,None,Yes,Yes,No,Yes,No,No,Yes,No
E28570,Fiber Optic,Yes,No,No,No,No,Yes,No,Yes
R893524,Fiber Optic,Yes,Yes,No,No,Yes,No,No,Yes
O972146,Fiber Optic,Yes,No,No,No,No,Yes,No,No
K816219,None,No,No,No,No,Yes,Yes,Yes,Yes
P613936,Fiber Optic,Yes,No,Yes,Yes,Yes,No,Yes,Yes
M168449,Fiber Optic,Yes,No,No,No,No,Yes,No,Yes
Z804586,None,Yes,Yes,No,Yes,No,No,No,No
J21506,None,Yes,No,No,No,No,No,Yes,Yes
H433120,DSL,Yes,Yes,No,No,No,No,Yes,Yes
O808338,Fiber Optic,Yes,No,Yes,No,No,Yes,No,Yes
I714132,None,Yes,Yes,No,No,No,No,No,No
Y686545,Fiber Optic,Yes,No,No,Yes,Yes,No,Yes,Yes
L130149,None,Yes,No,No,No,No,No,No,Yes
T628807,Fiber Optic,Yes,No,No,No,Yes,No,No,No
H774850,DSL,Yes,No,No,Yes,No,No,Yes,No
P897691,Fiber Optic,Yes,Yes,Yes,No,Yes,No,Yes,No
I783595,Fiber Optic,No,Yes,Yes,Yes,No,Yes,No,No
L928678,DSL,Yes,Yes,No,Yes,Yes,No,Yes,Yes
V838270,Fiber Optic,Yes,No,No,Yes,No,No,No,Yes
P310885,DSL,Yes,No,Yes,No,No,No,No,Yes
J397554,Fiber Optic,Yes,Yes,No,No,No,Yes,Yes,Yes
S589285,None,Yes,Yes,Yes,Yes,Yes,No,Yes,Yes
N874492,DSL,No,No,Yes,No,No,Yes,Yes,No
U229289,DSL,Yes,Yes,Yes,No,No,No,Yes,Yes
Z716087,None,Yes,Yes,Yes,No,Yes,Yes,Yes,No
V250371,DSL,Yes,No,No,No,No,No,No,Yes
F809236,None,Yes,Yes,Yes,No,No,Yes,Yes,No
F973379,DSL,Yes,No,No,No,Yes,No,No,Yes
E486314,DSL,No,No,No,No,No,Yes,Yes,No
O969694,DSL,Yes,No,Yes,No,Yes,Yes,Yes,No
I674556,DSL,Yes,Yes,No,No,Yes,Yes,No,No
Q881585,Fiber Optic,Yes,No,No,No,No,Yes,No,Yes
K376911,DSL,Yes,Yes,No,No,Yes,Yes,No,Yes
Y243544,Fiber Optic,Yes,No,Yes,No,No,Yes,No,No
P670407,DSL,Yes,No,Yes,No,No,Yes,Yes,No
X404290,Fiber Optic,Yes,Yes,No,Yes,No,No,Yes,No
S961459,None,Yes,No,No,No,Yes,Yes,No,Yes
G676884,Fiber Optic,Yes,Yes,No,Yes,Yes,Yes,Yes,No
D633161,DSL,Yes,No,No,Yes,No,No,Yes,No
J787663,None,Yes,No,No,Yes,Yes,No,Yes,No
P888518,Fiber Optic,Yes,No,Yes,Yes,No,Yes,No,No
F102583,Fiber Optic,Yes,No,No,No,No,No,No,Yes
G359370,DSL,Yes,No,No,Yes,No,No,No,Yes
E214052,DSL,Yes,No,Yes,No,No,No,No,Yes
H696459,DSL,No,Yes,No,No,Yes,No,No,No
B335074,Fiber Optic,Yes,Yes,No,Yes,Yes,No,Yes,No
U362149,DSL,Yes,Yes,Yes,Yes,Yes,Yes,Yes,Yes
H513187,Fiber Optic,Yes,No,No,Yes,No,No,No,Yes
R715020,Fiber Optic,Yes,Yes,No,Yes,No,No,Yes,Yes
E631569,DSL,Yes,No,No,No,Yes,Yes,No,Yes
J364503,None,Yes,No,Yes,No,No,Yes,Yes,No
B794135,DSL,Yes,Yes,No,No,Yes,Yes,Yes,Yes
U631731,Fiber Optic,Yes,Yes,No,Yes,Yes,No,No,Yes
X623749,DSL,No,No,No,No,No,No,No,Yes
E832576,None,Yes,No,No,Yes,No,No,No,Yes
D102792,Fiber Optic,Yes,No,No,No,No,Yes,No,No
X235629,None,Yes,No,No,No,Yes,Yes,Yes,No
X977611,Fiber Optic,Yes,No,No,No,Yes,Yes,Yes,No
V109479,Fiber Optic,No,No,No,No,Yes,Yes,No,Yes
K265887,None,Yes,Yes,No,Yes,No,Yes,No,Yes
E975865,None,No,Yes,Yes,No,No,Yes,No,No
B796987,None,Yes,Yes,Yes,Yes,Yes,Yes,Yes,No
V749792,Fiber Optic,Yes,Yes,Yes,No,Yes,No,No,No
F815786,None,Yes,Yes,No,Yes,Yes,No,No,Yes
T812251,Fiber Optic,Yes,No,No,No,No,No,No,No
L430003,Fiber Optic,Yes,No,No,No,No,No,Yes,No
A379980,Fiber Optic,Yes,Yes,Yes,No,No,No,No,No
G88929,None,Yes,Yes,No,No,No,Yes,No,No
K927289,None,Yes,No,Yes,No,Yes,No,Yes,No
G805398,Fiber Optic,Yes,No,No,Yes,Yes,No,No,No
N323793,DSL,Yes,No,No,Yes,No,No,Yes,No
L223256,Fiber Optic,Yes,No,No,Yes,Yes,No,Yes,Yes
O316327,DSL,Yes,No,No,Yes,Yes,No,No,No
E596633,None,Yes,Yes,Yes,No,No,Yes,No,Yes
K605178,Fiber Optic,Yes,No,No,Yes,No,No,No,No
R338627,Fiber Optic,Yes,No,Yes,No,No,Yes,No,No
A577468,DSL,Yes,No,Yes,Yes,No,No,Yes,No
T405685,DSL,Yes,Yes,No,Yes,Yes,No,No,No
K713324,None,Yes,No,Yes,Yes,Yes,No,No,Yes
V751713,DSL,Yes,No,No,No,No,Yes,Yes,No
F640080,Fiber Optic,Yes,No,No,No,No,No,Yes,Yes
J333300,Fiber Optic,Yes,Yes,Yes,No,Yes,No,Yes,No
A901418,None,Yes,No,No,Yes,No,Yes,No,No
Z213844,Fiber Optic,No,No,Yes,No,Yes,No,Yes,Yes
Y13437,None,Yes,No,Yes,No,Yes,Yes,No,Yes
L603364,Fiber Optic,Yes,No,Yes,No,No,Yes,Yes,No
U746589,Fiber Optic,Yes,Yes,No,Yes,Yes,Yes,No,Yes
F992079,DSL,Yes,No,Yes,Yes,No,Yes,Yes,No
V383785,None,No,Yes,No,No,Yes,Yes,Yes,No
N49031,Fiber Optic,Yes,Yes,No,Yes,Yes,Yes,No,No
W269326,DSL,Yes,No,No,Yes,Yes,No,Yes,Yes
K685926,Fiber Optic,Yes,No,Yes,No,Yes,No,Yes,Yes
M601678,None,Yes,No,Yes,No,Yes,No,Yes,Yes
B541413,None,Yes,No,No,Yes,Yes,Yes,No,No
G335816,None,Yes,No,No,Yes,Yes,No,No,Yes
L953747,DSL,Yes,No,No,No,Yes,No,Yes,Yes
H658358,DSL,No,No,No,No,Yes,No,Yes,Yes
O307232,Fiber Optic,Yes,Yes,Yes,Yes,Yes,No,No,Yes
J321425,DSL,No,No,No,No,Yes,No,Yes,No
S125158,None,Yes,No,No,No,Yes,No,No,No
L178101,DSL,Yes,No,No,Yes,Yes,Yes,Yes,No
E198606,Fiber Optic,Yes,Yes,No,No,No,Yes,Yes,No
T347409,Fiber Optic,Yes,No,No,Yes,No,No,Yes,Yes
Z75568,Fiber Optic,Yes,No,No,No,Yes,No,No,No
M590359,DSL,Yes,Yes,No,Yes,No,No,No,Yes
Q517075,DSL,Yes,No,No,Yes,No,No,No,Yes
R49034,None,Yes,Yes,No,No,No,No,Yes,No
D47888,DSL,Yes,No,No,Yes,Yes,No,No,Yes
T299295,DSL,Yes,No,No,Yes,Yes,Yes,No,No
F318775,None,Yes,No,No,No,No,No,Yes,No
X900013,DSL,Yes,No,Yes,Yes,Yes,Yes,Yes,No
O546888,Fiber Optic,Yes,Yes,No,No,No,No,No,No
T215382,None,Yes,Yes,No,No,No,Yes,Yes,No
Y665708,DSL,Yes,Yes,Yes,Yes,No,Yes,Yes,No
H419978,Fiber Optic,Yes,No,No,No,Yes,Yes,Yes,Yes
P611486,Fiber Optic,Yes,Yes,No,Yes,Yes,No,No,Yes
H385873,Fiber Optic,Yes,Yes,No,Yes,Yes,No,Yes,No
K61066,Fiber Optic,Yes,Yes,No,No,Yes,Yes,No,No
E186134,Fiber Optic,Yes,No,Yes,Yes,No,Yes,Yes,Yes
D507423,Fiber Optic,No,No,Yes,No,No,No,No,No
V372461,Fiber Optic,Yes,Yes,Yes,No,Yes,No,No,No
K639306,Fiber Optic,Yes,No,No,No,No,No,No,No
M566246,None,Yes,No,No,No,No,No,No,No
D368442,DSL,Yes,No,No,No,No,No,No,No
Z384326,Fiber Optic,Yes,Yes,No,No,No,No,No,No
V505906,DSL,Yes,Yes,Yes,No,No,No,Yes,No
J673680,None,Yes,Yes,Yes,No,Yes,Yes,No,Yes
C753779,None,Yes,No,No,No,No,No,Yes,No
B75335,DSL,No,Yes,No,No,Yes,Yes,No,No
D872983,Fiber Optic,No,Yes,No,No,No,No,Yes,Yes
S357067,Fiber Optic,Yes,No,No,Yes,No,Yes,No,Yes
C158375,DSL,Yes,Yes,No,No,No,Yes,Yes,Yes
P997019,None,Yes,Yes,No,No,Yes,Yes,Yes,Yes
W673739,DSL,Yes,No,Yes,No,No,Yes,Yes,No
V878392,Fiber Optic,Yes,Yes,Yes,Yes,Yes,Yes,No,Yes
D988380,Fiber Optic,Yes,No,No,Yes,No,Yes,No,No
H263050,DSL,Yes,No,No,No,No,No,Yes,No
Y944097,Fiber Optic,Yes,No,Yes,No,No,No,No,No
S612810,DSL,Yes,Yes,No,No,Yes,No,Yes,No
N915028,None,Yes,No,No,Yes,Yes,No,Yes,No
L947214,Fiber Optic,No,Yes,No,No,Yes,No,No,Yes
O804356,Fiber Optic,Yes,No,No,No,No,No,No,No
X590319,DSL,No,Yes,No,No,No,No,Yes,No
T188581,Fiber Optic,Yes,No,No,Yes,Yes,No,Yes,No
W574179,Fiber Optic,Yes,Yes,No,Yes,No,No,Yes,No
Y224996,Fiber Optic,No,Yes,No,No,No,No,Yes,Yes
X972156,Fiber Optic,Yes,Yes,No,No,Yes,Yes,No,Yes
X972068,Fiber Optic,Yes,Yes,No,Yes,No,Yes,No,Yes
S53034,DSL,Yes,No,No,No,Yes,No,Yes,Yes
R378039,None,Yes,Yes,Yes,No,No,Yes,Yes,Yes
C40270,DSL,Yes,Yes,No,No,Yes,Yes,Yes,No
H669815,Fiber Optic,Yes,Yes,No,No,Yes,No,No,Yes
U405731,DSL,Yes,No,No,Yes,No,No,Yes,Yes
U391082,DSL,Yes,No,Yes,No,No,No,Yes,No
Y494489,Fiber Optic,Yes,No,Yes,Yes,Yes,Yes,No,Yes
O112473,Fiber Optic,Yes,No,No,No,No,No,No,No
C783546,Fiber Optic,Yes,Yes,Yes,No,Yes,No,Yes,No
T994346,Fiber Optic,Yes,Yes,No,Yes,Yes,Yes,No,Yes
V334774,Fiber Optic,Yes,Yes,Yes,No,Yes,No,No,No
O416626,DSL,Yes,Yes,No,No,No,Yes,No,No
G963411,Fiber Optic,Yes,No,No,Yes,No,No,Yes,Yes
E39633,None,Yes,No,Yes,Yes,No,No,Yes,No
L655501,None,Yes,Yes,Yes,No,Yes,Yes,No,Yes
G914703,Fiber Optic,No,Yes,Yes,Yes,No,No,Yes,No
C484531,Fiber Optic,Yes,No,No,No,No,No,Yes,Yes
N795132,Fiber Optic,Yes,Yes,No,Yes,No,Yes,No,No
K698636,Fiber Optic,Yes,Yes,No,Yes,Yes,No,No,Yes
S735536,DSL,No,Yes,No,Yes,No,No,No,No
G241795,Fiber Optic,Yes,No,Yes,No,No,No,Yes,No
T840029,Fiber Optic,Yes,Yes,No,Yes,No,No,Yes,No
W846119,DSL,Yes,Yes,No,No,No,Yes,No,No
V441781,Fiber Optic,Yes,Yes,No,No,No,No,Yes,Yes
G707517,None,No,Yes,No,Yes,Yes,No,Yes,No
P67575,Fiber Optic,Yes,No,Yes,No,Yes,No,No,Yes
G763681,Fiber Optic,No,No,Yes,No,No,No,Yes,No
J274180,None,Yes,Yes,No,No,No,No,No,No
R616110,Fiber Optic,No,Yes,No,No,No,Yes,No,No
E186561,DSL,Yes,Yes,Yes,Yes,Yes,No,Yes,Yes
M379813,None,Yes,No,Yes,Yes,Yes,No,Yes,No
Z574073,DSL,Yes,No,Yes,Yes,No,No,No,Yes
N851131,DSL,Yes,No,No,Yes,Yes,No,No,Yes
U325455,DSL,Yes,Yes,No,No,No,No,Yes,No
T247716,DSL,Yes,Yes,Yes,No,No,No,No,No
Q439921,None,Yes,No,No,No,Yes,No,Yes,Yes
L667560,None,Yes,Yes,No,Yes,No,No,Yes,No
W40512,Fiber Optic,Yes,Yes,No,No,Yes,No,No,No
E890927,Fiber Optic,Yes,No,No,No,No,No,Yes,No
F990377,Fiber Optic,Yes,No,No,Yes,No,Yes,Yes,No
C555140,Fiber Optic,Yes,No,No,Yes,Yes,No,No,Yes
T237036,Fiber Optic,Yes,No,No,No,No,No,No,No
W26648,None,Yes,No,No,Yes,No,Yes,No,No
N382796,DSL,Yes,No,No,Yes,Yes,No,No,Yes
B228839,None,Yes,No,Yes,Yes,No,No,Yes,Yes
R624962,Fiber Optic,Yes,Yes,No,No,Yes,No,Yes,Yes
M740803,None,Yes,Yes,No,Yes,No,Yes,Yes,Yes
I383825,None,Yes,Yes,No,Yes,Yes,No,Yes,Yes
D560463,None,Yes,No,Yes,Yes,No,No,No,No
F918156,None,Yes,No,No,No,No,No,Yes,Yes
I720429,DSL,Yes,Yes,No,No,No,Yes,Yes,No
P752095,DSL,No,Yes,Yes,No,Yes,No,No,Yes
B44052,Fiber Optic,Yes,Yes,No,No,No,No,Yes,No
V162258,Fiber Optic,Yes,Yes,Yes,Yes,No,Yes,No,Yes
Z345451,None,Yes,Yes,No,No,No,Yes,No,No
T306798,None,Yes,Yes,Yes,Yes,No,Yes,No,Yes
N976772,Fiber Optic,Yes,Yes,Yes,No,No,No,Yes,No
F698431,None,Yes,Yes,No,Yes,Yes,No,Yes,Yes
V13975,Fiber Optic,Yes,No,No,No,No,No,No,No
R944888,DSL,Yes,No,No,No,No,No,No,Yes
C740658,Fiber Optic,Yes,Yes,Yes,No,Yes,No,No,Yes
S545486,Fiber Optic,Yes,No,Yes,No,No,Yes,Yes,No
U622257,Fiber Optic,No,Yes,Yes,No,No,No,No,Yes
K794401,Fiber Optic,Yes,No,No,Yes,Yes,No,Yes,No
T208691,None,Yes,No,Yes,Yes,No,No,No,Yes
Z902385,Fiber Optic,Yes,Yes,No,No,Yes,Yes,Yes,No
J791834,DSL,Yes,No,Yes,Yes,No,No,No,No
I165667,Fiber Optic,Yes,Yes,No,No,No,No,No,No
H103547,DSL,Yes,Yes,No,No,No,Yes,No,No
D863205,Fiber Optic,Yes,No,No,Yes,Yes,No,No,Yes
F83785,DSL,Yes,Yes,No,Yes,Yes,Yes,Yes,No
R829775,Fiber Optic,Yes,Yes,No,No,No,Yes,No,No
P247561,None,Yes,No,No,Yes,Yes,Yes,No,Yes
B325435,Fiber Optic,Yes,Yes,No,Yes,No,Yes,No,No
Y706239,DSL,Yes,No,No,Yes,Yes,No,Yes,Yes
G262368,Fiber Optic,Yes,No,Yes,Yes,Yes,No,No,No
I370992,DSL,Yes,No,No,No,Yes,No,No,Yes
U931407,Fiber Optic,Yes,Yes,No,Yes,No,No,Yes,Yes
I757738,DSL,Yes,Yes,No,No,No,Yes,No,Yes
M380162,None,Yes,No,No,No,No,No,Yes,No
S984278,DSL,Yes,Yes,Yes,Yes,No,No,Yes,Yes
J85140,DSL,Yes,No,Yes,Yes,No,No,Yes,Yes
M496408,Fiber Optic,No,No,Yes,Yes,Yes,No,No,Yes
Y46632,Fiber Optic,No,No,No,No,No,No,Yes,No
Z781034,Fiber Optic,Yes,Yes,No,Yes,No,No,No,Yes
V508616,DSL,Yes,Yes,No,Yes,No,Yes,Yes,Yes
E447952,DSL,Yes,Yes,Yes,No,Yes,Yes,No,No
S759376,Fiber Optic,Yes,No,No,Yes,Yes,No,Yes,Yes
U739645,Fiber Optic,Yes,No,No,No,Yes,No,Yes,Yes
A672602,None,Yes,Yes,No,Yes,Yes,Yes,No,No
R702919,DSL,Yes,Yes,Yes,Yes,No,No,No,No
D945013,Fiber Optic,Yes,No,No,Yes,No,No,Yes,Yes
R28109,None,Yes,No,No,Yes,Yes,Yes,No,Yes
A658164,None,Yes,No,Yes,No,No,Yes,No,No
Z671295,DSL,Yes,Yes,Yes,Yes,No,Yes,No,Yes
E683384,None,Yes,No,Yes,No,No,No,No,No
U526402,Fiber Optic,Yes,Yes,Yes,No,No,No,Yes,No
O180602,None,Yes,No,No,No,No,Yes,No,Yes
Q428611,DSL,No,No,Yes,Yes,Yes,Yes,Yes,No
V130606,Fiber Optic,Yes,Yes,Yes,No,No,Yes,Yes,No
Q416534,Fiber Optic,No,No,Yes,Yes,No,No,No,Yes
W648387,DSL,Yes,No,Yes,No,Yes,No,Yes,Yes
J429182,Fiber Optic,Yes,No,No,No,No,Yes,Yes,No
R767834,None,Yes,No,No,No,Yes,Yes,Yes,Yes
N472279,DSL,Yes,Yes,No,Yes,Yes,No,Yes,No
P579491,DSL,Yes,No,No,Yes,No,Yes,No,No
I87381,Fiber Optic,Yes,No,No,No,No,No,Yes,No
S353547,DSL,No,Yes,No,No,Yes,No,Yes,Yes
L589688,DSL,Yes,No,Yes,No,No,Yes,Yes,Yes
V166378,Fiber Optic,Yes,Yes,No,No,No,Yes,No,No
E689585,Fiber Optic,No,No,No,Yes,Yes,No,No,Yes
M773746,DSL,Yes,No,Yes,No,Yes,Yes,Yes,Yes
V634698,Fiber Optic,Yes,Yes,No,Yes,Yes,No,Yes,Yes
E380866,None,Yes,No,Yes,Yes,Yes,No,Yes,No
Y332336,Fiber Optic,Yes,Yes,No,Yes,Yes,No,Yes,No
I114622,Fiber Optic,Yes,Yes,No,Yes,No,Yes,No,Yes
Y564438,Fiber Optic,Yes,Yes,No,Yes,Yes,No,Yes,No
Y76888,DSL,Yes,Yes,No,No,No,No,Yes,Yes
X376072,Fiber Optic,Yes,Yes,No,No,Yes,Yes,No,No
L954651,None,No,Yes,No,No,Yes,Yes,No,Yes
Y643021,Fiber Optic,Yes,Yes,No,Yes,No,No,Yes,No
E119109,None,Yes,No,No,Yes,No,Yes,Yes,Yes
P956414,DSL,Yes,No,No,No,Yes,No,Yes,Yes
G938547,Fiber Optic,Yes,No,No,No,Yes,No,No,No
I478025,DSL,Yes,Yes,Yes,Yes,No,No,No,Yes
K208350,None,Yes,Yes,No,No,No,No,No,No
O654560,Fiber Optic,Yes,No,No,No,Yes,Yes,Yes,No
E569695,DSL,Yes,No,No,Yes,No,No,No,No
A290262,None,Yes,No,Yes,Yes,No,Yes,No,Yes
K378058,Fiber Optic,Yes,No,No,Yes,No,No,Yes,Yes
S15130,DSL,Yes,No,No,Yes,Yes,No,No,No
H813478,Fiber Optic,Yes,Yes,Yes,Yes,No,No,Yes,No
W909052,Fiber Optic,Yes,No,No,Yes,Yes,No,Yes,Yes
P811960,Fiber Optic,Yes,No,No,Yes,No,Yes,Yes,Yes
S197462,DSL,Yes,No,No,No,No,No,No,Yes
E365087,None,No,Yes,No,Yes,Yes,No,No,No
E651305,None,Yes,Yes,No,No,Yes,No,Yes,No
R699182,None,Yes,No,Yes,No,Yes,No,No,Yes
J991902,None,No,Yes,Yes,Yes,Yes,No,Yes,No
R114719,DSL,Yes,No,Yes,Yes,No,No,No,No
X981511,None,Yes,Yes,Yes,No,No,Yes,Yes,No
T257204,Fiber Optic,Yes,Yes,Yes,No,Yes,No,No,Yes
I598290,Fiber Optic,Yes,No,No,No,No,No,No,Yes
D832053,Fiber Optic,Yes,Yes,No,Yes,Yes,No,Yes,Yes
S238589,Fiber Optic,Yes,No,Yes,No,No,Yes,No,Yes
S815475,DSL,Yes,Yes,Yes,Yes,Yes,No,No,No
N953071,Fiber Optic,No,Yes,No,Yes,No,Yes,No,No
J871183,Fiber Optic,Yes,No,No,Yes,No,Yes,No,Yes
I842673,Fiber Optic,Yes,No,Yes,Yes,Yes,No,Yes,Yes
X719304,None,Yes,Yes,Yes,Yes,No,No,Yes,Yes
A880064,DSL,Yes,Yes,Yes,Yes,No,No,Yes,Yes
O793984,Fiber Optic,Yes,Yes,Yes,Yes,Yes,No,Yes,Yes
O570146,DSL,Yes,No,Yes,Yes,Yes,Yes,No,No
M95380,DSL,Yes,No,No,Yes,Yes,No,Yes,No
T864638,Fiber Optic,Yes,Yes,Yes,No,Yes,Yes,Yes,Yes
I132993,Fiber Optic,Yes,Yes,No,Yes,Yes,Yes,No,Yes
E874619,Fiber Optic,Yes,No,No,No,No,No,No,Yes
S83663,DSL,Yes,Yes,No,No,No,No,Yes,No
N352428,Fiber Optic,Yes,No,No,No,Yes,No,Yes,Yes
I962072,DSL,Yes,No,No,Yes,Yes,Yes,No,No
C525794,None,Yes,No,No,Yes,No,Yes,Yes,No
T767247,DSL,Yes,Yes,Yes,No,Yes,No,No,No
V653192,Fiber Optic,Yes,Yes,No,No,No,No,No,No
T800245,Fiber Optic,Yes,No,Yes,No,No,No,No,Yes
M520636,Fiber Optic,Yes,Yes,No,No,Yes,Yes,Yes,No
Z693235,DSL,Yes,Yes,Yes,No,Yes,No,Yes,No
G856109,DSL,Yes,Yes,Yes,No,Yes,Yes,No,No
S482320,Fiber Optic,Yes,No,Yes,No,Yes,No,No,No
T240588,DSL,Yes,Yes,No,No,Yes,No,No,Yes
L193735,Fiber Optic,Yes,Yes,Yes,No,No,Yes,No,Yes
V217475,Fiber Optic,Yes,No,No,No,Yes,No,No,No
V11448,DSL,Yes,Yes,No,Yes,No,No,Yes,Yes
S105011,DSL,Yes,Yes,Yes,Yes,Yes,Yes,Yes,No
E613354,Fiber Optic,Yes,No,No,Yes,Yes,Yes,Yes,No
T782123,Fiber Optic,Yes,No,No,No,No,No,No,Yes
I20636,Fiber Optic,Yes,Yes,Yes,No,No,Yes,Yes,Yes
V620091,DSL,Yes,Yes,No,No,No,No,No,Yes
F937423,DSL,Yes,No,No,Yes,No,No,Yes,Yes
I783434,DSL,Yes,Yes,Yes,No,No,Yes,Yes,No
X321301,None,Yes,Yes,Yes,No,No,Yes,No,No
X63493,Fiber Optic,Yes,No,Yes,No,No,Yes,Yes,No
O546867,Fiber Optic,Yes,Yes,No,No,No,No,Yes,No
H380138,None,Yes,No,No,No,Yes,Yes,No,Yes
G954272,Fiber Optic,Yes,No,No,Yes,Yes,No,No,Yes
R304458,Fiber Optic,Yes,Yes,No,Yes,No,No,No,Yes
B388679,DSL,Yes,Yes,No,No,No,Yes,Yes,Yes
I903464,None,Yes,Yes,No,Yes,No,No,No,No
Z437261,DSL,Yes,No,Yes,Yes,Yes,No,Yes,No
C423250,Fiber Optic,Yes,No,No,Yes,Yes,No,No,Yes
W660958,Fiber Optic,No,Yes,No,Yes,Yes,No,Yes,No
J648554,None,Yes,Yes,No,No,Yes,No,Yes,Yes
R493661,None,Yes,Yes,Yes,No,No,Yes,Yes,Yes
T834491,DSL,Yes,No,Yes,Yes,Yes,No,Yes,No
Q154739,DSL,Yes,No,No,No,No,No,No,Yes
Z708637,DSL,No,No,Yes,Yes,No,No,Yes,No
F847848,Fiber Optic,Yes,No,No,No,Yes,No,Yes,No
R107699,Fiber Optic,Yes,Yes,Yes,Yes,No,No,Yes,No
L276198,DSL,Yes,No,Yes,No,Yes,Yes,No,Yes
L735152,None,Yes,No,No,Yes,No,Yes,No,Yes
M980625,DSL,Yes,Yes,Yes,Yes,No,No,Yes,Yes
F719220,Fiber Optic,Yes,Yes,No,No,No,Yes,Yes,No
D963015,Fiber Optic,Yes,Yes,No,No,No,No,No,No
Q197121,None,Yes,Yes,No,No,Yes,No,Yes,Yes
J612800,DSL,Yes,Yes,No,No,Yes,No,No,Yes
A765321,DSL,Yes,Yes,No,Yes,No,Yes,Yes,Yes
O177521,DSL,Yes,No,No,No,No,No,No,No
X85547,None,Yes,No,Yes,No,No,No,Yes,No
R486370,Fiber Optic,Yes,No,Yes,No,Yes,Yes,Yes,Yes
M208967,Fiber Optic,Yes,Yes,No,No,Yes,No,Yes,Yes
V262977,DSL,Yes,No,Yes,Yes,No,No,No,Yes
O625994,DSL,Yes,No,No,Yes,Yes,No,No,Yes
W558522,DSL,Yes,No,No,No,No,No,No,No
K119215,Fiber Optic,Yes,No,No,No,Yes,No,No,Yes
E125308,Fiber Optic,Yes,Yes,No,Yes,Yes,No,Yes,No
Z756585,None,Yes,No,Yes,No,Yes,No,Yes,Yes
C137039,None,Yes,Yes,Yes,No,Yes,Yes,No,Yes
Q691255,None,Yes,Yes,No,Yes,Yes,No,Yes,Yes
Y517310,DSL,Yes,No,Yes,No,No,Yes,Yes,Yes
K985102,None,No,No,No,No,No,Yes,Yes,Yes
L398663,Fiber Optic,No,Yes,Yes,Yes,Yes,Yes,Yes,Yes
W336937,DSL,Yes,No,Yes,Yes,Yes,No,No,Yes
W492697,Fiber Optic,Yes,No,No,Yes,Yes,Yes,No,Yes
I04614,DSL,Yes,Yes,No,Yes,No,No,Yes,Yes
N793554,Fiber Optic,Yes,No,No,No,No,Yes,No,No
E795487,None,Yes,No,No,Yes,Yes,Yes,Yes,Yes
F506160,None,Yes,Yes,No,No,No,No,Yes,No
P21687,Fiber Optic,Yes,No,No,No,Yes,Yes,Yes,Yes
H700435,DSL,Yes,No,Yes,No,Yes,Yes,No,Yes
E883874,DSL,Yes,Yes,No,Yes,Yes,No,No,Yes
I590360,Fiber Optic,No,No,Yes,Yes,No,No,Yes,Yes
E148039,None,Yes,Yes,Yes,Yes,Yes,Yes,Yes,Yes
O02351,Fiber Optic,Yes,No,Yes,Yes,No,No,Yes,No
N634882,DSL,Yes,No,No,No,No,No,No,No
X875564,DSL,Yes,Yes,Yes,Yes,No,No,No,Yes
P978672,Fiber Optic,Yes,Yes,Yes,No,No,No,Yes,No
E938201,Fiber Optic,Yes,No,No,No,No,No,No,No
R723405,Fiber Optic,Yes,No,Yes,Yes,Yes,No,No,No
W659823,Fiber Optic,Yes,No,Yes,No,No,Yes,No,Yes
P40226,DSL,Yes,No,No,Yes,Yes,No,No,No
P45702,None,Yes,No,No,Yes,No,No,Yes,No
Y365598,Fiber Optic,Yes,Yes,No,No,No,No,Yes,Yes
B274609,None,Yes,Yes,No,No,Yes,Yes,Yes,No
D838879,Fiber Optic,Yes,No,No,Yes,Yes,Yes,Yes,No
C544905,Fiber Optic,Yes,Yes,Yes,No,No,No,Yes,Yes
H315719,DSL,Yes,Yes,No,No,No,Yes,Yes,Yes
H153597,None,Yes,No,No,Yes,No,Yes,No,Yes
I616985,DSL,Yes,Yes,No,Yes,Yes,No,Yes,Yes
I169568,DSL,No,No,Yes,No,Yes,No,Yes,Yes
R305280,Fiber Optic,No,Yes,No,Yes,Yes,Yes,Yes,Yes
S407948,Fiber Optic,Yes,Yes,No,No,No,No,No,No
A156547,DSL,Yes,No,Yes,Yes,No,Yes,No,No
M963224,None,Yes,No,Yes,No,No,No,No,Yes
Q832279,Fiber Optic,Yes,No,Yes,No,Yes,No,Yes,No
O569612,None,Yes,Yes,No,Yes,No,No,Yes,Yes
C48384,None,Yes,Yes,No,No,Yes,Yes,Yes,Yes
D741708,Fiber Optic,No,No,No,No,No,Yes,No,No
P857810,DSL,No,Yes,Yes,No,Yes,Yes,Yes,Yes
T845800,Fiber Optic,Yes,No,No,No,No,Yes,No,Yes
V433765,None,No,Yes,No,No,No,No,Yes,Yes
K876816,DSL,Yes,Yes,Yes,No,Yes,Yes,Yes,Yes
F568055,DSL,Yes,Yes,No,Yes,Yes,Yes,No,Yes
R600913,Fiber Optic,Yes,No,No,Yes,No,No,Yes,Yes
Z111185,DSL,Yes,No,Yes,Yes,Yes,Yes,No,Yes
B334871,DSL,Yes,No,Yes,Yes,No,Yes,Yes,No
X945875,DSL,Yes,No,No,Yes,Yes,Yes,Yes,Yes
J231240,DSL,Yes,No,No,No,No,No,No,No
E930275,DSL,Yes,Yes,No,No,No,Yes,Yes,No
N404737,Fiber Optic,Yes,No,No,No,No,No,Yes,Yes
C141141,Fiber Optic,Yes,Yes,Yes,Yes,Yes,No,No,No
S166772,DSL,Yes,Yes,No,Yes,No,No,Yes,Yes
Y56153,DSL,Yes,No,Yes,No,No,Yes,No,No
U83203,None,Yes,Yes,Yes,No,No,No,No,Yes
A829889,Fiber Optic,Yes,Yes,Yes,No,No,No,No,No
A45605,DSL,Yes,No,No,No,Yes,Yes,No,Yes
R945498,Fiber Optic,Yes,Yes,No,Yes,No,Yes,No,No
M795444,Fiber Optic,Yes,No,No,No,Yes,No,Yes,Yes
D39869,Fiber Optic,Yes,Yes,No,No,Yes,Yes,No,Yes
G885904,None,Yes,Yes,No,Yes,Yes,Yes,Yes,Yes
X61484,None,Yes,Yes,Yes,Yes,Yes,No,No,No
W890597,Fiber Optic,Yes,Yes,No,No,No,No,No,Yes
B643657,None,Yes,No,No,No,No,Yes,Yes,No
B954936,None,Yes,Yes,No,No,Yes,No,Yes,Yes
M463457,DSL,Yes,Yes,Yes,No,Yes,Yes,No,No
M410370,Fiber Optic,Yes,Yes,No,No,Yes,No,No,No
W905155,Fiber Optic,Yes,No,No,Yes,No,No,No,No
A143104,None,Yes,No,No,Yes,No,No,No,No
R166251,DSL,Yes,Yes,No,No,Yes,No,No,No
H931262,Fiber Optic,Yes,No,Yes,Yes,Yes,No,No,Yes
F418834,Fiber Optic,Yes,Yes,Yes,Yes,No,No,No,No
U996984,None,Yes,No,Yes,No,Yes,Yes,No,No
Y94906,Fiber Optic,Yes,No,No,No,No,Yes,No,No
N883420,Fiber Optic,Yes,No,Yes,No,No,No,No,No
W87485,DSL,Yes,No,No,No,No,Yes,Yes,No
G125653,Fiber Optic,Yes,Yes,Yes,Yes,No,No,No,Yes
N394404,None,Yes,No,No,No,Yes,Yes,Yes,Yes
O19563,Fiber Optic,Yes,Yes,No,Yes,No,No,Yes,Yes
D678099,Fiber Optic,Yes,Yes,No,Yes,No,No,Yes,Yes
L567398,Fiber Optic,Yes,No,No,No,Yes,No,Yes,Yes
L233231,Fiber Optic,Yes,No,No,Yes,Yes,No,Yes,Yes
C245356,Fiber Optic,No,Yes,No,Yes,No,No,Yes,No
U215061,Fiber Optic,Yes,Yes,No,No,No,Yes,No,Yes
I840543,Fiber Optic,Yes,No,No,No,Yes,No,No,Yes
Y332088,DSL,Yes,No,No,No,No,No,No,No
S512993,DSL,Yes,Yes,Yes,Yes,No,No,No,No
E398773,Fiber Optic,Yes,No,Yes,No,Yes,No,Yes,Yes
M379412,Fiber Optic,Yes,Yes,Yes,Yes,No,No,Yes,Yes
L272704,Fiber Optic,No,Yes,Yes,No,No,Yes,No,Yes
G863758,Fiber Optic,Yes,No,Yes,No,No,No,Yes,No
F921697,None,No,No,Yes,No,Yes,No,No,No
W712461,None,Yes,No,Yes,Yes,No,No,Yes,No
E928658,DSL,Yes,No,No,No,No,No,No,No
Z808995,DSL,Yes,No,Yes,No,Yes,Yes,No,No
M772290,Fiber Optic,Yes,No,No,No,No,No,No,No
C398142,None,Yes,No,No,No,Yes,No,Yes,Yes
I470274,Fiber Optic,Yes,No,Yes,Yes,No,No,Yes,No
P902500,Fiber Optic,Yes,No,No,No,No,No,No,Yes
V838957,Fiber Optic,Yes,Yes,No,Yes,Yes,No,Yes,No
P403100,Fiber Optic,No,Yes,No,No,Yes,No,No,No
W864777,DSL,Yes,No,Yes,No,No,No,Yes,Yes
R657635,Fiber Optic,Yes,Yes,No,No,Yes,Yes,No,Yes
H168237,Fiber Optic,Yes,No,No,Yes,Yes,Yes,No,No
J703576,None,Yes,No,No,No,No,Yes,Yes,Yes
B202167,Fiber Optic,Yes,Yes,No,Yes,No,Yes,Yes,No
Q301443,Fiber Optic,Yes,No,No,No,No,No,No,No
P536859,Fiber Optic,Yes,Yes,No,No,No,No,No,No
X733399,Fiber Optic,No,No,No,No,Yes,No,Yes,Yes
V740990,DSL,Yes,No,No,No,No,No,No,No
D777172,None,Yes,Yes,No,Yes,Yes,No,Yes,Yes
U442595,DSL,No,Yes,No,No,No,Yes,No,No
M531432,Fiber Optic,Yes,No,Yes,No,No,Yes,No,No
M45175,DSL,Yes,Yes,Yes,No,No,No,No,No
H17292,None,Yes,Yes,No,No,No,No,No,Yes
C765929,None,Yes,Yes,No,Yes,No,No,No,Yes
W247511,Fiber Optic,Yes,No,No,No,No,No,Yes,No
T289864,Fiber Optic,Yes,No,Yes,No,No,No,No,No
H471461,Fiber Optic,Yes,No,Yes,Yes,No,Yes,No,No
M286359,DSL,Yes,No,Yes,No,No,No,Yes,Yes
N386981,Fiber Optic,Yes,No,Yes,Yes,No,Yes,Yes,No
A547802,None,Yes,Yes,Yes,No,Yes,No,No,Yes
U821939,None,Yes,No,No,No,No,No,Yes,No
I792505,DSL,Yes,Yes,Yes,Yes,No,No,Yes,No
G427544,Fiber Optic,Yes,Yes,No,No,No,Yes,Yes,Yes
B773288,Fiber Optic,No,Yes,No,No,Yes,No,No,No
W895555,None,Yes,No,No,No,Yes,No,No,Yes
T526594,Fiber Optic,Yes,Yes,No,Yes,No,Yes,Yes,Yes
V258672,None,Yes,Yes,No,No,Yes,No,No,Yes
N822972,None,Yes,Yes,No,No,Yes,Yes,No,Yes
U33762,DSL,Yes,No,No,No,Yes,Yes,Yes,Yes
P631143,Fiber Optic,Yes,Yes,No,Yes,Yes,No,Yes,No
V320610,Fiber Optic,Yes,Yes,No,No,Yes,Yes,No,No
L357076,DSL,Yes,Yes,No,No,Yes,No,No,Yes
Y467657,Fiber Optic,Yes,No,Yes,No,Yes,No,No,Yes
B548800,Fiber Optic,Yes,No,No,No,Yes,No,No,No
Q147980,Fiber Optic,Yes,Yes,Yes,No,Yes,Yes,No,Yes
C62438,Fiber Optic,Yes,Yes,No,No,No,No,No,Yes
T420846,Fiber Optic,No,No,Yes,No,No,No,Yes,No
Z846097,Fiber Optic,No,Yes,Yes,Yes,No,Yes,No,No
R957727,DSL,Yes,No,No,Yes,Yes,Yes,Yes,Yes
R41832,DSL,Yes,No,No,No,Yes,No,Yes,Yes
F794193,DSL,Yes,Yes,Yes,Yes,Yes,No,No,No
Q700725,None,Yes,No,No,No,No,No,Yes,Yes
R657154,Fiber Optic,Yes,No,No,Yes,Yes,No,Yes,No
Y789151,DSL,Yes,Yes,No,No,No,No,Yes,No
R609595,DSL,Yes,No,No,Yes,Yes,No,No,Yes
G39363,None,Yes,No,No,No,No,No,No,No
W796355,Fiber Optic,Yes,Yes,No,No,Yes,Yes,Yes,No
N559916,DSL,Yes,No,No,Yes,Yes,No,Yes,No
K292735,None,Yes,No,No,No,No,Yes,Yes,No
B700580,None,No,Yes,No,Yes,Yes,No,Yes,Yes
N375994,DSL,No,No,Yes,No,No,No,No,No
J518310,None,Yes,Yes,No,Yes,Yes,No,No,Yes
N05120,None,Yes,No,Yes,No,No,Yes,No,No
I997253,DSL,Yes,No,No,No,No,No,No,Yes
M99576,None,Yes,Yes,Yes,No,No,Yes,Yes,No
T116497,Fiber Optic,Yes,No,Yes,Yes,Yes,No,No,No
S665656,None,Yes,No,No,Yes,No,No,Yes,No
H948553,None,Yes,No,No,Yes,Yes,No,Yes,Yes
B964240,Fiber Optic,Yes,Yes,No,No,No,No,No,No
A712898,Fiber Optic,Yes,Yes,Yes,No,Yes,Yes,Yes,No
G721287,Fiber Optic,Yes,Yes,No,No,Yes,No,Yes,No
T369873,Fiber Optic,Yes,No,Yes,No,Yes,Yes,No,No
L801309,None,Yes,Yes,No,No,No,Yes,No,No
C688406,Fiber Optic,Yes,No,Yes,Yes,Yes,No,Yes,Yes
C662599,Fiber Optic,Yes,No,Yes,Yes,No,No,Yes,Yes
Q999794,Fiber Optic,Yes,Yes,Yes,No,No,No,Yes,No
X857361,None,No,Yes,Yes,Yes,No,No,No,No
R973770,DSL,Yes,Yes,No,No,Yes,No,Yes,No
C357653,DSL,Yes,Yes,No,No,Yes,No,No,Yes
K11670,DSL,Yes,Yes,Yes,No,No,Yes,Yes,No
E385207,DSL,Yes,Yes,No,Yes,No,Yes,No,No
E931940,DSL,Yes,Yes,No,No,Yes,No,Yes,Yes
W54345,Fiber Optic,No,Yes,Yes,No,Yes,Yes,No,No
I910640,Fiber Optic,Yes,No,No,No,Yes,No,No,Yes
I761973,Fiber Optic,Yes,No,No,No,Yes,Yes,No,Yes
F953442,None,Yes,Yes,No,Yes,No,No,No,Yes
A752890,DSL,Yes,Yes,Yes,No,Yes,No,No,Yes
F583877,None,Yes,Yes,No,Yes,Yes,No,No,No
K69985,DSL,Yes,Yes,No,No,No,No,No,No
S322351,Fiber Optic,No,Yes,Yes,Yes,No,No,Yes,Yes
X68805,Fiber Optic,Yes,Yes,No,No,No,No,Yes,No
P376744,Fiber Optic,Yes,Yes,No,No,Yes,No,Yes,No
E450395,Fiber Optic,Yes,No,No,No,Yes,Yes,No,No
N281048,DSL,No,No,Yes,No,Yes,No,Yes,Yes
P75697,DSL,No,No,Yes,Yes,Yes,No,Yes,Yes
Y828304,DSL,Yes,Yes,No,Yes,No,Yes,Yes,Yes
V966228,Fiber Optic,Yes,No,No,Yes,Yes,Yes,No,No
X782335,DSL,No,Yes,No,Yes,Yes,No,Yes,No
U741540,Fiber Optic,Yes,No,No,No,Yes,No,No,Yes
H990431,Fiber Optic,Yes,Yes,No,No,Yes,Yes,Yes,Yes
K580285,DSL,Yes,Yes,Yes,No,No,No,Yes,No
O187454,DSL,Yes,No,Yes,Yes,Yes,Yes,No,No
I20900,Fiber Optic,No,Yes,Yes,Yes,No,No,No,Yes
M614352,Fiber Optic,Yes,No,Yes,No,Yes,Yes,Yes,No
F545041,None,Yes,No,No,Yes,Yes,Yes,No,No
K78832,Fiber Optic,No,No,No,No,Yes,No,No,No
V296012,DSL,No,No,No,Yes,Yes,No,No,No
U838638,Fiber Optic,Yes,No,No,No,Yes,Yes,No,No
R660727,DSL,Yes,No,Yes,No,Yes,No,Yes,Yes
I857183,None,Yes,Yes,No,Yes,No,No,Yes,Yes
V827986,DSL,Yes,No,No,No,No,No,Yes,Yes
G570471,Fiber Optic,Yes,No,No,No,Yes,Yes,No,No
R838901,None,Yes,No,Yes,Yes,Yes,No,Yes,Yes
A297665,None,Yes,No,No,Yes,No,Yes,No,No
X397883,None,Yes,No,No,No,No,No,Yes,Yes
A230205,Fiber Optic,Yes,No,No,Yes,Yes,No,Yes,No
J530359,Fiber Optic,Yes,Yes,Yes,Yes,No,Yes,Yes,Yes
B422289,DSL,Yes,No,No,No,No,No,Yes,Yes
F813169,Fiber Optic,Yes,No,No,No,No,Yes,No,Yes
G756797,None,Yes,No,No,Yes,No,No,No,No
H958808,Fiber Optic,Yes,Yes,Yes,Yes,Yes,Yes,No,Yes
T406508,DSL,Yes,No,No,Yes,Yes,No,No,Yes
X117439,DSL,Yes,No,No,Yes,Yes,Yes,No,No
Y40918,DSL,Yes,No,No,No,No,No,No,No
S590957,DSL,Yes,No,No,Yes,Yes,No,Yes,Yes
W612241,DSL,Yes,Yes,Yes,No,Yes,Yes,Yes,Yes
G941019,DSL,Yes,Yes,No,No,No,Yes,Yes,No
Y479211,Fiber Optic,Yes,No,No,No,No,No,Yes,Yes
R960457,DSL,Yes,Yes,No,No,Yes,No,No,Yes
C360245,None,Yes,No,No,Yes,No,No,No,Yes
F757995,None,Yes,Yes,No,Yes,No,No,No,Yes
I591323,Fiber Optic,Yes,Yes,No,No,No,No,Yes,Yes
H588870,DSL,Yes,No,Yes,Yes,Yes,No,No,Yes
N516025,Fiber Optic,Yes,No,Yes,Yes,Yes,No,No,Yes
P100818,Fiber Optic,Yes,Yes,No,No,Yes,Yes,No,Yes
J587558,None,Yes,Yes,No,No,No,Yes,Yes,No
N694912,DSL,Yes,Yes,Yes,No,No,Yes,Yes,No
H220280,DSL,Yes,No,Yes,Yes,No,Yes,No,No
F524918,None,Yes,Yes,No,Yes,No,No,No,Yes
M220153,DSL,Yes,Yes,No,Yes,Yes,No,Yes,No
N709080,Fiber Optic,Yes,No,Yes,No,Yes,No,Yes,No
U542416,Fiber Optic,Yes,Yes,No,No,No,No,No,Yes
W61708,DSL,Yes,Yes,Yes,No,No,No,No,Yes
M318063,DSL,Yes,No,Yes,No,No,No,Yes,No
C801700,Fiber Optic,Yes,No,No,Yes,No,No,No,Yes
J118805,Fiber Optic,Yes,No,Yes,Yes,Yes,No,Yes,No
I735245,Fiber Optic,Yes,Yes,No,Yes,No,No,Yes,No
L600852,Fiber Optic,Yes,No,No,Yes,No,Yes,No,No
M879457,None,Yes,No,Yes,No,Yes,Yes,No,Yes
G927101,Fiber Optic,Yes,Yes,Yes,No,Yes,No,Yes,Yes
T107748,Fiber Optic,Yes,No,No,Yes,No,Yes,No,Yes
Y568846,Fiber Optic,Yes,Yes,No,No,Yes,No,Yes,No
U908663,None,Yes,Yes,Yes,Yes,Yes,No,No,Yes
V183873,DSL,Yes,Yes,Yes,Yes,Yes,Yes,Yes,No
L111051,None,No,No,Yes,No,No,Yes,Yes,No
Q610513,DSL,Yes,Yes,Yes,Yes,No,No,Yes,No
E582623,Fiber Optic,Yes,Yes,No,Yes,Yes,No,Yes,Yes
P854464,Fiber Optic,Yes,Yes,No,Yes,Yes,Yes,Yes,No
E511723,None,Yes,Yes,Yes,Yes,Yes,No,No,No
M826178,None,Yes,Yes,No,Yes,Yes,No,Yes,Yes
S858588,Fiber Optic,Yes,Yes,Yes,Yes,No,No,No,Yes
F648241,Fiber Optic,Yes,No,Yes,No,No,No,Yes,No
E140541,DSL,Yes,No,Yes,Yes,Yes,No,No,No
O347208,Fiber Optic,Yes,Yes,Yes,No,No,No,Yes,Yes
U282565,Fiber Optic,Yes,Yes,No,No,No,No,No,No
X599782,Fiber Optic,Yes,Yes,No,Yes,Yes,No,Yes,Yes
N927054,DSL,No,No,No,Yes,Yes,Yes,Yes,Yes
N892048,DSL,Yes,Yes,Yes,No,Yes,Yes,Yes,No
F753373,DSL,Yes,No,No,No,Yes,No,No,Yes
D736145,DSL,Yes,No,No,Yes,Yes,No,No,Yes
S242452,None,No,No,Yes,No,Yes,No,No,Yes
K802864,Fiber Optic,No,No,No,Yes,Yes,No,Yes,No
Z543865,Fiber Optic,Yes,No,No,Yes,No,No,No,Yes
T400799,DSL,Yes,Yes,No,Yes,Yes,No,Yes,No
N765545,DSL,Yes,Yes,No,Yes,Yes,Yes,No,No
G24522,Fiber Optic,Yes,No,Yes,Yes,Yes,No,Yes,Yes
C186329,Fiber Optic,No,No,No,Yes,No,No,Yes,Yes
O412041,Fiber Optic,Yes,Yes,No,No,No,Yes,Yes,Yes
O444965,Fiber Optic,Yes,Yes,No,No,No,Yes,No,Yes
A823740,DSL,Yes,No,No,No,No,No,Yes,No
S66397,DSL,Yes,Yes,No,Yes,No,No,Yes,No
U289879,DSL,Yes,No,No,Yes,Yes,No,No,Yes
B471691,None,Yes,No,No,Yes,Yes,No,Yes,No
F644052,DSL,Yes,No,No,No,Yes,No,No,No
D634003,DSL,Yes,Yes,No,No,Yes,No,Yes,Yes
M652188,DSL,No,Yes,No,No,Yes,No,No,No
Q105645,DSL,Yes,No,Yes,Yes,Yes,Yes,Yes,No
G906721,Fiber Optic,Yes,Yes,No,Yes,Yes,No,Yes,Yes
N451528,DSL,Yes,No,Yes,No,Yes,No,Yes,No
D154460,Fiber Optic,Yes,Yes,No,No,No,No,Yes,No
V524680,DSL,Yes,No,No,No,No,Yes,No,No
H154358,Fiber Optic,Yes,No,Yes,No,No,No,No,No
Y561275,Fiber Optic,No,No,No,No,Yes,No,No,Yes
O987448,DSL,Yes,No,No,Yes,No,No,No,Yes
V540593,None,Yes,Yes,Yes,No,Yes,No,Yes,No
Q955462,DSL,Yes,Yes,No,No,No,No,Yes,No
J898084,None,Yes,No,Yes,Yes,No,Yes,Yes,Yes
E15840,None,Yes,No,No,No,No,No,Yes,No
Y616166,Fiber Optic,Yes,No,No,Yes,Yes,No,Yes,No
D984586,Fiber Optic,Yes,No,No,Yes,No,No,Yes,No
X53693,Fiber Optic,Yes,Yes,No,No,No,No,No,No
T06917,Fiber Optic,No,Yes,Yes,Yes,Yes,No,Yes,Yes
Q81623,DSL,Yes,Yes,No,Yes,No,Yes,No,No
G548369,Fiber Optic,Yes,No,No,Yes,No,Yes,Yes,Yes
Y704877,Fiber Optic,Yes,Yes,Yes,No,Yes,No,No,No
O410610,Fiber Optic,Yes,No,Yes,Yes,Yes,No,Yes,No
U71984,DSL,No,No,No,No,Yes,Yes,No,Yes
E449403,DSL,Yes,No,No,No,No,No,Yes,No
X633473,Fiber Optic,Yes,No,No,Yes,No,No,Yes,Yes
A260461,DSL,No,Yes,No,No,No,Yes,No,Yes
K578547,Fiber Optic,Yes,No,Yes,No,Yes,No,Yes,No
S258368,DSL,Yes,Yes,No,Yes,No,No,Yes,Yes
B483014,None,Yes,Yes,No,No,No,Yes,Yes,No
K598923,Fiber Optic,Yes,Yes,No,Yes,No,No,Yes,No
C130346,None,Yes,No,No,No,Yes,No,Yes,No
A822635,DSL,Yes,No,No,Yes,No,Yes,No,No
C230660,None,Yes,No,Yes,No,No,No,Yes,No
U896725,None,Yes,No,No,Yes,No,No,No,No
S588320,DSL,Yes,Yes,No,No,No,Yes,Yes,Yes
K724315,DSL,Yes,No,No,Yes,Yes,No,Yes,Yes
E553725,Fiber Optic,Yes,Yes,No,Yes,Yes,No,No,Yes
Y997825,DSL,Yes,No,No,No,No,No,No,Yes
S197399,None,Yes,No,No,Yes,Yes,No,Yes,No
I962364,Fiber Optic,Yes,Yes,Yes,No,No,No,Yes,No
S169323,DSL,Yes,Yes,Yes,Yes,Yes,No,Yes,Yes
T504980,Fiber Optic,Yes,Yes,No,No,No,No,Yes,No
K840745,Fiber Optic,Yes,No,No,Yes,Yes,No,Yes,No
M410334,Fiber Optic,Yes,Yes,Yes,No,No,No,Yes,No
T306269,DSL,Yes,No,Yes,Yes,No,No,Yes,No
F471155,None,No,Yes,No,No,No,No,Yes,Yes
T809859,Fiber Optic,Yes,No,No,No,Yes,No,No,No
O506037,Fiber Optic,Yes,No,No,Yes,No,No,No,Yes
A564348,Fiber Optic,Yes,No,Yes,No,No,No,No,Yes
W511688,DSL,Yes,No,No,No,Yes,Yes,No,No
X428566,Fiber Optic,Yes,Yes,Yes,No,Yes,No,Yes,No
X872459,None,Yes,No,No,No,Yes,No,No,No
E370537,Fiber Optic,Yes,Yes,No,No,No,Yes,Yes,Yes
B447151,None,Yes,No,No,Yes,No,Yes,No,No
U670681,Fiber Optic,Yes,No,No,No,Yes,No,Yes,Yes
D423729,DSL,Yes,Yes,No,Yes,Yes,No,No,Yes
M251105,Fiber Optic,Yes,No,No,No,No,No,Yes,No
E761923,None,Yes,No,No,No,Yes,Yes,Yes,Yes
R899126,Fiber Optic,Yes,No,Yes,No,Yes,No,No,Yes
Z757096,DSL,Yes,No,Yes,Yes,No,Yes,No,No
F560212,DSL,Yes,Yes,No,No,No,No,Yes,No
Z566002,Fiber Optic,Yes,Yes,Yes,No,No,Yes,No,Yes
S144581,DSL,No,Yes,Yes,No,Yes,Yes,No,No
K156953,Fiber Optic,Yes,Yes,No,No,No,No,Yes,Yes
O980113,DSL,Yes,Yes,No,Yes,No,No,No,No
V320235,Fiber Optic,Yes,Yes,No,No,Yes,No,No,Yes
S905756,DSL,Yes,No,No,No,Yes,No,No,No
J460469,Fiber Optic,Yes,Yes,No,Yes,No,No,Yes,No
S372424,None,Yes,No,No,No,Yes,No,Yes,No
K527252,DSL,Yes,Yes,Yes,No,No,No,Yes,No
U817172,Fiber Optic,Yes,No,No,Yes,No,No,Yes,Yes
U344720,DSL,No,Yes,No,No,Yes,No,No,Yes
U573497,DSL,Yes,Yes,No,No,Yes,No,Yes,Yes
M634196,Fiber Optic,Yes,Yes,Yes,Yes,Yes,No,No,Yes
V153573,DSL,Yes,No,Yes,Yes,Yes,No,No,Yes
D862321,Fiber Optic,Yes,Yes,Yes,No,Yes,Yes,No,No
F855746,None,Yes,Yes,No,Yes,No,No,Yes,No
N179804,None,Yes,No,No,Yes,No,Yes,Yes,No
A947132,DSL,Yes,No,No,No,No,No,No,Yes
D140678,Fiber Optic,No,Yes,No,No,No,No,Yes,Yes
N51963,Fiber Optic,Yes,Yes,No,Yes,No,No,No,Yes
I975420,DSL,Yes,No,Yes,No,Yes,No,No,No
X494393,None,Yes,Yes,No,Yes,Yes,No,Yes,No
Q749337,None,Yes,Yes,No,No,No,No,Yes,No
U698178,DSL,Yes,No,Yes,Yes,No,No,Yes,No
A984966,DSL,Yes,Yes,No,No,Yes,No,Yes,Yes
D176700,Fiber Optic,Yes,No,No,Yes,No,Yes,Yes,No
W384122,Fiber Optic,Yes,No,No,Yes,No,Yes,Yes,Yes
Q420319,None,Yes,Yes,No,No,No,Yes,Yes,Yes
J765743,None,No,Yes,No,No,Yes,No,No,Yes
F322259,None,Yes,Yes,Yes,Yes,No,Yes,Yes,No
K588515,Fiber Optic,Yes,Yes,No,No,Yes,No,Yes,Yes
G227154,None,Yes,No,No,Yes,No,No,Yes,Yes
M188312,DSL,Yes,Yes,No,No,Yes,Yes,Yes,No
X557239,Fiber Optic,Yes,Yes,Yes,No,No,No,Yes,Yes
B393356,Fiber Optic,Yes,Yes,No,No,No,Yes,Yes,No
Z113624,DSL,Yes,No,No,No,No,Yes,No,No
D323193,Fiber Optic,Yes,No,Yes,No,No,No,Yes,Yes
Q38182,DSL,Yes,No,No,No,No,No,No,No
O147731,Fiber Optic,No,No,No,Yes,No,No,No,No
L560973,Fiber Optic,No,No,No,Yes,No,Yes,Yes,No
L753491,DSL,No,No,Yes,Yes,Yes,Yes,Yes,Yes
B293319,Fiber Optic,Yes,Yes,Yes,Yes,No,Yes,Yes,No
I854440,Fiber Optic,Yes,No,No,No,Yes,No,No,Yes
K466776,Fiber Optic,Yes,Yes,No,Yes,No,No,Yes,No
I395495,Fiber Optic,Yes,Yes,Yes,Yes,No,Yes,Yes,Yes
T13306,DSL,No,Yes,No,No,No,No,Yes,No
V473732,Fiber Optic,Yes,No,No,No,Yes,No,Yes,Yes
A764510,DSL,Yes,No,No,Yes,No,No,No,Yes
V812066,None,No,No,Yes,No,Yes,Yes,Yes,Yes
U505805,Fiber Optic,Yes,Yes,Yes,Yes,No,Yes,Yes,Yes
I319064,Fiber Optic,Yes,Yes,Yes,No,No,No,Yes,Yes
V112489,Fiber Optic,Yes,No,Yes,No,No,No,Yes,No
B198899,Fiber Optic,Yes,No,No,Yes,Yes,Yes,Yes,Yes
V86587,None,Yes,No,No,No,Yes,No,No,Yes
A552277,DSL,Yes,Yes,No,Yes,No,Yes,Yes,No
P183760,DSL,Yes,No,Yes,No,Yes,No,No,No
I697644,None,Yes,No,No,No,No,No,Yes,No
L736665,Fiber Optic,Yes,No,Yes,No,Yes,No,No,No
Y37120,Fiber Optic,Yes,No,Yes,No,Yes,Yes,Yes,Yes
N38323,DSL,Yes,No,Yes,No,No,Yes,Yes,Yes
D72544,DSL,Yes,No,Yes,Yes,Yes,No,Yes,Yes
U204351,DSL,Yes,No,No,No,No,No,No,No
K640365,DSL,Yes,No,No,Yes,No,No,No,Yes
Q448092,DSL,Yes,No,Yes,No,No,Yes,Yes,No
P636120,DSL,No,No,Yes,Yes,No,No,Yes,Yes
F176447,Fiber Optic,Yes,No,No,No,Yes,No,No,No
Q501175,DSL,No,Yes,No,No,No,No,No,No
T805948,Fiber Optic,Yes,Yes,No,No,No,No,No,No
J141938,Fiber Optic,Yes,No,Yes,No,Yes,No,Yes,Yes
V17305,None,Yes,No,Yes,No,No,No,Yes,No
F558455,Fiber Optic,Yes,Yes,Yes,No,Yes,No,No,No
A393225,Fiber Optic,No,No,Yes,No,Yes,Yes,Yes,Yes
Z960689,Fiber Optic,Yes,Yes,No,No,No,No,Yes,Yes
Z680350,DSL,Yes,Yes,No,Yes,No,Yes,Yes,No
S584863,DSL,Yes,Yes,Yes,No,No,No,Yes,Yes
A184694,DSL,Yes,No,Yes,Yes,No,No,No,No
B921858,Fiber Optic,Yes,No,No,Yes,No,No,Yes,No
P43520,Fiber Optic,Yes,Yes,No,Yes,No,No,Yes,Yes
R212242,Fiber Optic,Yes,No,Yes,No,No,No,Yes,Yes
W304055,None,Yes,Yes,No,No,No,No,No,Yes
W319899,DSL,Yes,Yes,Yes,No,Yes,Yes,Yes,Yes
R86309,DSL,Yes,Yes,No,Yes,Yes,Yes,Yes,No
W616179,Fiber Optic,Yes,Yes,Yes,No,Yes,No,No,Yes
R468786,DSL,Yes,No,No,Yes,No,Yes,No,Yes
Z680392,None,Yes,No,Yes,Yes,No,No,Yes,Yes
C813162,None,Yes,No,Yes,No,No,No,No,Yes
C209549,DSL,Yes,Yes,Yes,Yes,Yes,No,No,Yes
H813670,None,Yes,No,No,No,No,No,No,Yes
Z129976,None,Yes,Yes,No,Yes,No,Yes,Yes,No
Z21281,None,Yes,No,Yes,No,No,No,No,Yes
S66272,DSL,Yes,No,Yes,No,Yes,No,Yes,Yes
C993846,None,Yes,Yes,Yes,Yes,Yes,No,Yes,Yes
R564739,Fiber Optic,Yes,No,No,No,No,No,Yes,Yes
Q858315,Fiber Optic,Yes,No,No,No,No,No,Yes,No
C341035,Fiber Optic,Yes,No,No,No,Yes,No,No,No
K340706,None,Yes,Yes,No,No,No,Yes,Yes,Yes
C461782,Fiber Optic,Yes,No,No,Yes,No,No,No,No
Y271616,Fiber Optic,Yes,Yes,No,Yes,No,No,No,Yes
D39279,Fiber Optic,Yes,No,No,Yes,No,No,Yes,No
S981645,DSL,No,Yes,Yes,Yes,No,No,No,Yes
Z578943,DSL,Yes,Yes,No,Yes,No,Yes,No,Yes
B842292,DSL,Yes,Yes,Yes,Yes,No,No,Yes,No
S06924,DSL,Yes,Yes,Yes,No,No,No,Yes,Yes
W286676,Fiber Optic,No,Yes,Yes,No,Yes,No,Yes,No
K863807,DSL,Yes,No,No,No,Yes,Yes,No,No
F851755,DSL,Yes,No,Yes,No,No,Yes,No,No
J150941,DSL,No,Yes,No,No,No,No,No,Yes
B446255,DSL,Yes,No,No,No,Yes,Yes,Yes,Yes
O128322,DSL,Yes,Yes,No,No,No,Yes,Yes,No
B717434,Fiber Optic,Yes,Yes,No,Yes,No,No,No,No
L09452,DSL,Yes,Yes,No,No,Yes,No,No,No
Y112097,None,Yes,No,No,No,No,Yes,No,Yes
E613276,Fiber Optic,Yes,No,Yes,Yes,Yes,No,Yes,Yes
Y358625,DSL,Yes,No,No,Yes,No,No,No,No
L473992,DSL,Yes,Yes,No,No,No,No,No,No
L146780,Fiber Optic,Yes,No,No,No,Yes,Yes,No,Yes
K487772,DSL,Yes,Yes,No,No,Yes,Yes,Yes,Yes
P87929,DSL,Yes,Yes,No,No,Yes,No,No,No
P549470,DSL,Yes,No,No,No,No,Yes,Yes,Yes
U469886,Fiber Optic,Yes,Yes,Yes,No,No,Yes,No,Yes
Z827010,Fiber Optic,Yes,No,No,Yes,No,No,No,No
N816335,None,Yes,Yes,No,Yes,No,Yes,Yes,No
P888263,Fiber Optic,Yes,Yes,Yes,Yes,No,No,Yes,Yes
Y221956,DSL,Yes,No,No,No,No,Yes,No,No
G838188,Fiber Optic,Yes,No,No,No,No,No,No,No
X946359,Fiber Optic,Yes,Yes,Yes,Yes,Yes,Yes,No,No
A53575,None,Yes,Yes,No,Yes,No,No,No,No
F335560,None,Yes,Yes,Yes,Yes,Yes,Yes,Yes,No
S487434,DSL,Yes,No,No,No,No,No,No,No
Q667742,Fiber Optic,Yes,Yes,No,Yes,No,Yes,No,Yes
N842500,DSL,Yes,Yes,No,No,Yes,No,Yes,Yes
R506451,None,Yes,Yes,No,No,No,Yes,No,Yes
U565764,Fiber Optic,Yes,Yes,No,No,Yes,No,Yes,No
L142934,DSL,Yes,No,Yes,Yes,Yes,No,Yes,Yes
G17131,Fiber Optic,No,No,Yes,Yes,No,Yes,No,No
R686984,Fiber Optic,Yes,Yes,No,No,No,No,No,No
K846511,DSL,Yes,No,No,No,Yes,Yes,No,No
G966744,DSL,Yes,Yes,No,No,Yes,No,Yes,No
M847600,DSL,Yes,Yes,No,Yes,No,No,No,Yes
Y996334,DSL,Yes,Yes,No,Yes,No,No,No,No
V455137,DSL,Yes,Yes,No,No,No,Yes,No,Yes
H153949,Fiber Optic,Yes,Yes,Yes,No,No,No,Yes,Yes
T401958,None,Yes,No,No,Yes,Yes,No,Yes,No
Z462594,DSL,Yes,No,No,No,Yes,No,Yes,No
O554282,DSL,Yes,No,No,No,No,No,Yes,Yes
U632597,Fiber Optic,Yes,No,No,Yes,Yes,No,Yes,Yes
R21451,DSL,Yes,Yes,No,Yes,No,No,Yes,No
G730072,None,Yes,No,No,Yes,No,No,No,Yes
R257162,DSL,Yes,Yes,No,Yes,Yes,No,Yes,No
O881167,Fiber Optic,Yes,No,No,No,No,Yes,Yes,Yes
B651104,DSL,Yes,No,No,Yes,Yes,Yes,Yes,Yes
L853820,Fiber Optic,Yes,No,Yes,No,No,Yes,No,No
T539156,Fiber Optic,Yes,No,No,Yes,Yes,Yes,No,No
U13490,None,Yes,No,No,No,Yes,Yes,Yes,No
T689270,Fiber Optic,Yes,Yes,No,Yes,No,No,Yes,No
I902249,Fiber Optic,Yes,No,No,Yes,No,No,No,Yes
D60541,Fiber Optic,Yes,No,Yes,No,No,No,Yes,Yes
Q17056,DSL,Yes,Yes,No,Yes,Yes,Yes,No,Yes
A661362,DSL,Yes,No,No,Yes,Yes,No,No,No
Y909888,DSL,Yes,Yes,Yes,No,Yes,No,No,Yes
Q109692,None,Yes,Yes,No,No,Yes,Yes,No,Yes
H130516,None,Yes,No,No,Yes,No,Yes,No,Yes
J416511,DSL,Yes,No,Yes,No,No,No,Yes,Yes
R313998,DSL,Yes,Yes,Yes,Yes,No,No,No,No
W970160,Fiber Optic,Yes,Yes,Yes,Yes,Yes,No,No,No
F437041,Fiber Optic,Yes,Yes,No,No,Yes,No,No,Yes
W384807,DSL,Yes,Yes,No,Yes,No,No,No,Yes
H773130,DSL,Yes,No,No,Yes,No,No,Yes,No
Y206805,Fiber Optic,Yes,Yes,No,No,No,No,No,Yes
Q634561,DSL,Yes,No,No,No,No,No,No,Yes
D877925,None,Yes,No,No,Yes,No,No,No,No
S815917,Fiber Optic,Yes,Yes,Yes,No,Yes,No,Yes,Yes
W53761,None,Yes,No,Yes,No,No,Yes,No,Yes
H909511,Fiber Optic,Yes,Yes,No,No,No,No,Yes,No
F630480,Fiber Optic,Yes,No,No,No,No,No,Yes,No
G463713,None,Yes,No,Yes,No,No,Yes,No,Yes
S704962,Fiber Optic,Yes,No,No,No,No,No,Yes,Yes
T326046,Fiber Optic,Yes,Yes,No,No,Yes,No,Yes,No
D538894,None,Yes,No,No,No,No,Yes,No,Yes
D176597,Fiber Optic,Yes,Yes,No,Yes,No,No,Yes,Yes
S333764,Fiber Optic,Yes,No,Yes,No,Yes,Yes,Yes,Yes
Z529081,Fiber Optic,Yes,Yes,Yes,Yes,Yes,No,Yes,Yes
K316646,DSL,Yes,Yes,Yes,Yes,No,No,Yes,Yes
G547194,DSL,Yes,No,Yes,No,Yes,No,No,Yes
V721671,None,Yes,No,Yes,Yes,No,Yes,Yes,Yes
B300786,DSL,No,No,No,No,Yes,No,No,Yes
H832557,DSL,Yes,No,No,Yes,Yes,Yes,Yes,Yes
F475715,Fiber Optic,Yes,Yes,No,No,No,No,Yes,Yes
H89950,DSL,Yes,No,No,Yes,Yes,No,Yes,No
F198326,DSL,Yes,Yes,Yes,Yes,Yes,Yes,Yes,Yes
D289914,None,Yes,No,No,No,No,Yes,No,Yes
H227023,DSL,Yes,No,No,No,No,No,No,No
H134577,Fiber Optic,Yes,No,No,No,Yes,No,No,Yes
Q450492,Fiber Optic,Yes,Yes,No,Yes,No,No,No,No
Z81410,Fiber Optic,Yes,Yes,Yes,Yes,Yes,Yes,Yes,No
N309726,Fiber Optic,Yes,Yes,Yes,No,No,No,Yes,Yes
E405064,Fiber Optic,Yes,Yes,No,No,No,Yes,No,No
N532929,Fiber Optic,No,No,Yes,Yes,No,Yes,No,No
O466894,Fiber Optic,Yes,Yes,Yes,No,No,No,Yes,No
B72873,Fiber Optic,Yes,No,No,Yes,Yes,Yes,Yes,Yes
U300011,None,Yes,Yes,No,Yes,Yes,Yes,No,Yes
V596816,DSL,Yes,No,No,Yes,Yes,Yes,Yes,No
J590464,DSL,Yes,No,No,No,Yes,No,No,No
Q354961,DSL,Yes,No,No,Yes,Yes,No,Yes,No
P342976,Fiber Optic,No,Yes,Yes,Yes,No,No,Yes,No
B971638,Fiber Optic,Yes,No,Yes,Yes,No,No,Yes,No
U372337,Fiber Optic,Yes,Yes,Yes,No,Yes,No,No,No
K150476,None,Yes,No,No,Yes,Yes,No,No,No
B873691,DSL,Yes,Yes,No,Yes,Yes,No,No,No
H532086,DSL,Yes,No,No,Yes,No,No,Yes,Yes
G897228,DSL,Yes,Yes,Yes,Yes,No,No,Yes,No
K729511,Fiber Optic,Yes,No,Yes,Yes,No,Yes,Yes,Yes
H316557,Fiber Optic,Yes,Yes,No,No,Yes,Yes,Yes,Yes
J741530,None,Yes,No,No,No,Yes,No,No,No
P763257,Fiber Optic,Yes,No,Yes,Yes,No,No,No,Yes
A687783,DSL,No,Yes,No,No,Yes,Yes,Yes,Yes
E138556,Fiber Optic,Yes,Yes,No,Yes,No,No,No,Yes
O987835,DSL,Yes,No,Yes,Yes,Yes,No,Yes,Yes
P606593,Fiber Optic,Yes,Yes,No,No,Yes,Yes,Yes,No
B857068,None,Yes,No,No,No,No,No,Yes,No
U980861,DSL,No,No,No,No,Yes,Yes,No,No
Z900744,DSL,Yes,No,Yes,No,No,No,Yes,No
L239044,DSL,Yes,Yes,No,No,Yes,Yes,Yes,Yes
T841767,Fiber Optic,Yes,Yes,No,No,No,No,No,Yes
T111377,None,Yes,Yes,No,Yes,Yes,No,Yes,Yes
C60436,None,Yes,Yes,No,Yes,Yes,Yes,No,No
I172741,DSL,Yes,Yes,Yes,Yes,No,Yes,Yes,Yes
W102835,DSL,Yes,No,Yes,No,Yes,Yes,No,Yes
N813159,Fiber Optic,No,Yes,Yes,Yes,Yes,No,Yes,No
V140814,Fiber Optic,Yes,No,No,Yes,No,No,No,No
G372041,DSL,Yes,Yes,No,No,No,No,No,No
Q437352,DSL,Yes,No,Yes,Yes,Yes,Yes,Yes,No
L760140,None,Yes,No,No,No,Yes,No,Yes,Yes
Z246678,None,Yes,No,Yes,Yes,No,No,No,Yes
U409049,Fiber Optic,Yes,No,No,No,Yes,No,No,Yes
X354809,None,Yes,Yes,No,Yes,Yes,No,Yes,No
G945520,Fiber Optic,Yes,No,No,No,No,Yes,Yes,No
L308466,DSL,Yes,Yes,Yes,Yes,No,Yes,Yes,Yes
Y626351,DSL,Yes,No,No,No,No,Yes,No,No
D500075,None,Yes,No,Yes,No,Yes,Yes,Yes,No
P801178,DSL,Yes,Yes,No,Yes,No,Yes,Yes,Yes
R686175,None,Yes,Yes,No,No,No,No,Yes,Yes
X660649,None,Yes,No,No,Yes,No,No,Yes,Yes
W195495,DSL,Yes,No,Yes,Yes,Yes,No,No,No
X528862,DSL,No,No,No,Yes,Yes,No,No,No
Y593474,Fiber Optic,Yes,Yes,Yes,Yes,No,No,No,Yes
U332484,DSL,Yes,Yes,No,No,Yes,Yes,Yes,Yes
Z775001,DSL,Yes,Yes,No,No,Yes,Yes,No,No
R905881,DSL,Yes,No,Yes,No,Yes,Yes,No,Yes
D602975,Fiber Optic,Yes,Yes,No,No,Yes,Yes,Yes,No
I879525,Fiber Optic,Yes,Yes,Yes,Yes,Yes,No,No,Yes
H111089,None,Yes,No,Yes,No,Yes,Yes,No,No
K43726,None,Yes,No,Yes,Yes,Yes,No,No,No
J137993,Fiber Optic,Yes,No,No,No,Yes,Yes,Yes,No
J708845,Fiber Optic,Yes,No,No,Yes,No,No,Yes,No
R145875,None,Yes,Yes,No,No,No,Yes,Yes,No
E630053,Fiber Optic,Yes,No,No,No,Yes,No,Yes,Yes
P94424,None,Yes,Yes,Yes,No,Yes,No,Yes,Yes
G583212,Fiber Optic,Yes,No,No,Yes,Yes,No,Yes,No
Z979585,Fiber Optic,Yes,Yes,Yes,Yes,Yes,Yes,No,No
Z668723,Fiber Optic,Yes,No,Yes,Yes,No,No,Yes,No
Z210418,DSL,Yes,No,Yes,Yes,No,No,No,Yes
W910705,DSL,Yes,No,No,Yes,No,No,Yes,No
Y781307,Fiber Optic,Yes,No,No,Yes,No,Yes,No,Yes
Q604081,DSL,Yes,Yes,No,No,Yes,Yes,No,Yes
X469724,DSL,Yes,Yes,No,Yes,Yes,Yes,Yes,No
B738673,Fiber Optic,Yes,Yes,No,No,Yes,Yes,Yes,Yes
W588921,DSL,Yes,Yes,No,No,No,No,No,Yes
Q352952,Fiber Optic,No,Yes,No,No,No,Yes,No,No
D366434,DSL,Yes,No,No,No,Yes,No,No,Yes
E856185,None,Yes,Yes,No,No,No,Yes,No,No
W728041,Fiber Optic,Yes,Yes,No,No,No,No,No,No
F259824,Fiber Optic,Yes,No,No,Yes,No,Yes,Yes,No
R64763,None,Yes,Yes,No,Yes,Yes,No,No,No
K255983,Fiber Optic,No,No,No,Yes,No,No,No,Yes
O919870,Fiber Optic,Yes,No,No,No,No,Yes,Yes,Yes
L170050,Fiber Optic,No,No,Yes,No,No,Yes,No,No
U586559,DSL,Yes,No,Yes,Yes,No,Yes,No,Yes
T666759,None,Yes,Yes,No,No,No,No,No,Yes
V79382,None,Yes,No,No,Yes,Yes,No,Yes,Yes
B66617,DSL,Yes,No,No,Yes,Yes,Yes,No,Yes
Z216550,Fiber Optic,No,No,Yes,No,Yes,Yes,Yes,Yes
V750894,Fiber Optic,Yes,No,Yes,No,Yes,No,Yes,Yes
H24863,DSL,Yes,Yes,No,No,No,No,Yes,Yes
L287625,DSL,Yes,Yes,No,No,No,Yes,No,No
I788189,Fiber Optic,No,No,No,Yes,No,Yes,Yes,Yes
Z399760,Fiber Optic,Yes,Yes,No,Yes,Yes,Yes,No,No
Z821315,DSL,Yes,Yes,No,No,Yes,No,No,Yes
C138736,DSL,Yes,No,No,No,Yes,Yes,Yes,No
A311758,Fiber Optic,Yes,No,No,No,No,Yes,Yes,No
T128099,None,Yes,Yes,No,No,Yes,No,No,Yes
A202517,DSL,Yes,Yes,No,No,No,No,Yes,Yes
E481237,DSL,Yes,No,No,No,No,Yes,No,No
K202061,Fiber Optic,Yes,Yes,No,Yes,Yes,No,No,No
K76568,None,Yes,No,No,No,Yes,No,No,Yes
S280138,DSL,Yes,No,Yes,No,No,No,No,Yes
L159194,Fiber Optic,Yes,No,No,No,No,No,Yes,No
B940410,None,Yes,Yes,No,Yes,Yes,No,No,No
F610746,DSL,Yes,No,No,Yes,No,No,Yes,No
A599326,DSL,Yes,Yes,No,No,No,Yes,No,Yes
K379082,Fiber Optic,Yes,No,Yes,No,No,No,No,No
F610309,Fiber Optic,Yes,Yes,No,Yes,Yes,No,Yes,No
M953755,DSL,No,No,Yes,No,No,Yes,No,No
D301136,Fiber Optic,Yes,No,No,No,Yes,Yes,No,Yes
W870795,Fiber Optic,Yes,Yes,No,Yes,No,Yes,No,No
H540729,Fiber Optic,Yes,Yes,Yes,No,No,Yes,Yes,Yes
T675540,DSL,Yes,No,No,Yes,No,No,No,No
U747542,DSL,Yes,No,Yes,Yes,Yes,No,Yes,Yes
S547319,DSL,No,Yes,Yes,Yes,Yes,No,No,No
W799177,DSL,Yes,No,No,Yes,No,No,Yes,Yes
K640928,None,No,No,Yes,No,Yes,No,Yes,Yes
W817414,Fiber Optic,Yes,No,Yes,Yes,Yes,No,Yes,No
Z365104,DSL,Yes,No,No,No,Yes,No,Yes,Yes
W597078,Fiber Optic,Yes,Yes,No,No,Yes,No,No,No
U571507,Fiber Optic,Yes,No,Yes,No,No,No,Yes,Yes
Z292826,DSL,Yes,No,No,No,No,No,Yes,No
T409278,DSL,Yes,No,No,No,Yes,No,Yes,No
O412588,None,Yes,No,No,No,Yes,No,Yes,Yes
W778119,Fiber Optic,Yes,No,Yes,No,Yes,No,Yes,No
U183959,Fiber Optic,Yes,Yes,No,Yes,No,No,Yes,No
M87448,Fiber Optic,Yes,Yes,No,No,No,No,No,No
Q108937,None,Yes,Yes,Yes,Yes,No,No,Yes,No
W427020,None,Yes,Yes,No,No,No,No,No,No
Z947341,DSL,No,No,No,No,No,No,Yes,Yes
W152566,DSL,Yes,Yes,Yes,Yes,Yes,No,Yes,Yes
S778231,DSL,Yes,Yes,No,Yes,Yes,No,No,No
W971937,None,Yes,No,Yes,Yes,Yes,No,No,Yes
P458494,DSL,Yes,Yes,No,Yes,No,Yes,No,No
B378434,Fiber Optic,Yes,No,No,Yes,No,No,Yes,Yes
O489073,None,Yes,No,No,Yes,No,Yes,No,No
X213581,None,Yes,No,No,No,Yes,No,No,Yes
Z799254,Fiber Optic,Yes,Yes,No,Yes,No,Yes,Yes,Yes
Z552246,DSL,Yes,Yes,No,Yes,Yes,No,Yes,No
O186082,None,Yes,No,Yes,Yes,No,Yes,No,Yes
I488314,Fiber Optic,Yes,No,Yes,No,No,Yes,No,No
T101606,Fiber Optic,No,Yes,Yes,Yes,No,No,Yes,No
Q532087,DSL,No,No,No,Yes,Yes,Yes,Yes,No
R525686,Fiber Optic,Yes,No,No,Yes,Yes,Yes,No,No
N437010,DSL,Yes,No,No,No,No,No,No,Yes
L977760,DSL,Yes,No,Yes,Yes,Yes,Yes,Yes,Yes
B197030,Fiber Optic,Yes,No,No,No,No,No,No,No
F78209,DSL,Yes,No,Yes,Yes,No,No,No,Yes
Z842388,DSL,Yes,Yes,No,No,No,No,Yes,Yes
I110210,Fiber Optic,Yes,Yes,No,No,No,No,No,Yes
O839517,DSL,Yes,Yes,No,No,No,Yes,No,Yes
J990450,DSL,Yes,Yes,Yes,No,No,Yes,No,No
U301898,DSL,Yes,Yes,No,Yes,Yes,No,No,No
X805639,DSL,Yes,No,Yes,Yes,No,Yes,No,Yes
V940936,Fiber Optic,Yes,Yes,No,No,Yes,No,No,No
D830423,DSL,Yes,No,No,No,No,Yes,Yes,Yes
H88746,Fiber Optic,Yes,Yes,No,No,No,Yes,Yes,No
N202881,None,Yes,Yes,No,Yes,Yes,No,Yes,Yes
K222051,DSL,Yes,No,No,No,Yes,No,No,Yes
W689795,Fiber Optic,Yes,Yes,No,No,No,No,Yes,No
R391342,Fiber Optic,Yes,No,Yes,Yes,Yes,No,No,Yes
S322375,None,Yes,Yes,No,No,No,Yes,Yes,No
R976797,DSL,Yes,No,No,Yes,Yes,No,Yes,Yes
P944183,DSL,Yes,Yes,Yes,No,No,No,Yes,Yes
B140147,DSL,Yes,Yes,No,Yes,No,No,Yes,Yes
T643468,Fiber Optic,Yes,Yes,No,No,No,No,No,Yes
R297432,DSL,Yes,No,No,Yes,Yes,Yes,Yes,Yes
W575781,Fiber Optic,No,Yes,No,Yes,No,No,Yes,Yes
K980932,DSL,Yes,No,No,No,Yes,Yes,No,No
I117898,Fiber Optic,Yes,Yes,No,No,Yes,Yes,No,Yes
U611705,None,Yes,No,No,No,Yes,No,No,No
B475242,None,Yes,No,Yes,Yes,Yes,No,Yes,Yes
C360449,DSL,Yes,No,No,Yes,No,No,Yes,No
X44555,Fiber Optic,Yes,No,No,Yes,No,No,Yes,Yes
G68954,Fiber Optic,Yes,No,No,Yes,No,Yes,Yes,Yes
Z836778,DSL,Yes,Yes,Yes,Yes,Yes,No,No,No
E884497,DSL,Yes,No,No,No,No,Yes,Yes,No
Q565796,DSL,Yes,No,No,No,Yes,No,No,Yes
U463755,DSL,Yes,Yes,No,Yes,No,No,No,Yes
P336244,DSL,Yes,No,No,Yes,No,Yes,No,No
X707597,DSL,No,No,Yes,Yes,Yes,No,Yes,No
Y474491,DSL,Yes,No,No,Yes,Yes,No,Yes,No
H08927,Fiber Optic,Yes,No,No,Yes,No,No,No,No
H306057,DSL,Yes,Yes,Yes,No,Yes,No,No,No
E197128,None,Yes,Yes,No,No,No,No,No,No
L291188,DSL,Yes,Yes,Yes,Yes,No,Yes,No,Yes
N245383,DSL,Yes,No,No,No,Yes,No,Yes,No
T565722,DSL,Yes,Yes,Yes,Yes,No,Yes,No,Yes
K15484,DSL,Yes,No,No,No,No,No,Yes,Yes
E587927,Fiber Optic,Yes,Yes,No,Yes,No,No,Yes,No
X548528,None,Yes,Yes,No,No,No,No,Yes,No
C808417,DSL,Yes,No,No,No,No,Yes,No,Yes
G447264,None,Yes,No,Yes,Yes,Yes,No,No,Yes
O274996,DSL,Yes,Yes,No,Yes,No,Yes,No,Yes
X932454,DSL,Yes,Yes,No,No,Yes,Yes,Yes,No
G962546,Fiber Optic,Yes,Yes,No,No,Yes,No,No,Yes
U98284,None,Yes,Yes,No,Yes,Yes,No,No,Yes
O608606,Fiber Optic,Yes,No,No,No,Yes,No,Yes,No
F275266,Fiber Optic,Yes,Yes,Yes,Yes,Yes,No,No,Yes
W717095,Fiber Optic,Yes,No,No,Yes,Yes,No,Yes,Yes
C927130,DSL,Yes,No,Yes,No,No,Yes,Yes,No
N654093,None,Yes,Yes,No,No,No,No,No,Yes
W810884,DSL,Yes,No,No,No,No,No,Yes,No
P18386,Fiber Optic,Yes,Yes,No,Yes,No,No,No,Yes
D296668,DSL,Yes,Yes,Yes,No,Yes,No,No,No
V982691,DSL,Yes,Yes,No,No,Yes,No,Yes,No
Q368636,DSL,Yes,No,No,No,Yes,Yes,Yes,No
C629897,DSL,Yes,Yes,No,Yes,No,Yes,Yes,Yes
W05933,Fiber Optic,Yes,Yes,No,Yes,Yes,No,Yes,Yes
P696406,DSL,Yes,No,No,No,No,Yes,Yes,Yes
E815052,None,Yes,No,No,No,Yes,Yes,Yes,Yes
S812669,Fiber Optic,Yes,No,No,Yes,Yes,No,No,No
Y957257,Fiber Optic,Yes,No,No,No,Yes,Yes,Yes,Yes
F511069,DSL,Yes,No,No,Yes,No,Yes,No,No
X874197,Fiber Optic,Yes,Yes,Yes,Yes,No,No,Yes,No
B824807,DSL,Yes,No,No,Yes,No,No,Yes,Yes
I401442,Fiber Optic,Yes,Yes,No,No,No,No,No,Yes
D53689,DSL,Yes,No,Yes,Yes,Yes,No,Yes,No
N391380,Fiber Optic,Yes,No,No,Yes,No,Yes,No,Yes
B561835,DSL,Yes,No,No,Yes,Yes,No,Yes,Yes
J722234,Fiber Optic,Yes,No,Yes,Yes,No,No,No,No
S311262,DSL,Yes,Yes,Yes,No,Yes,Yes,No,No
T346465,Fiber Optic,Yes,No,No,No,Yes,Yes,Yes,No
P784259,Fiber Optic,No,Yes,No,No,No,No,Yes,No
D648598,Fiber Optic,Yes,No,No,No,Yes,Yes,Yes,No
J582311,Fiber Optic,Yes,No,Yes,No,Yes,No,No,Yes
K865506,Fiber Optic,No,Yes,No,No,Yes,No,Yes,No
V898426,DSL,Yes,No,Yes,No,No,No,Yes,No
O602088,DSL,Yes,No,No,Yes,No,Yes,No,Yes
C951645,Fiber Optic,Yes,Yes,Yes,Yes,No,Yes,No,No
C139959,Fiber Optic,Yes,No,No,Yes,No,Yes,No,No
J727968,Fiber Optic,Yes,No,No,Yes,No,No,Yes,No
A840799,DSL,Yes,No,No,Yes,Yes,Yes,Yes,No
G540539,DSL,Yes,Yes,No,Yes,Yes,No,No,Yes
F834875,Fiber Optic,Yes,Yes,No,No,No,No,Yes,Yes
U315909,Fiber Optic,No,Yes,Yes,No,Yes,No,No,No
K443043,Fiber Optic,Yes,Yes,Yes,No,No,No,Yes,Yes
O426543,DSL,Yes,No,No,No,Yes,No,Yes,Yes
F613432,DSL,Yes,Yes,No,No,No,No,Yes,No
L98884,None,Yes,Yes,No,No,No,Yes,Yes,No
I455414,DSL,Yes,Yes,No,Yes,Yes,Yes,No,Yes
Q200925,DSL,Yes,Yes,No,No,Yes,No,No,Yes
A146981,DSL,Yes,Yes,No,Yes,No,Yes,No,No
B882647,None,Yes,Yes,No,No,Yes,Yes,Yes,Yes
Z11338,Fiber Optic,Yes,Yes,Yes,No,Yes,No,Yes,Yes
S214992,Fiber Optic,Yes,Yes,No,Yes,No,Yes,No,No
S587488,Fiber Optic,Yes,Yes,No,No,No,Yes,Yes,Yes
Q932518,Fiber Optic,Yes,No,No,No,No,No,No,No
G879772,Fiber Optic,Yes,No,Yes,Yes,Yes,No,No,Yes
I149456,DSL,No,No,Yes,No,No,Yes,No,Yes
W324283,DSL,Yes,Yes,No,Yes,Yes,No,Yes,Yes
V88523,None,Yes,No,Yes,No,Yes,No,Yes,Yes
J574327,Fiber Optic,No,No,No,No,Yes,No,Yes,Yes
B536861,None,Yes,No,No,No,No,No,No,No
M27449,DSL,Yes,No,No,Yes,No,Yes,No,Yes
H425994,Fiber Optic,Yes,No,No,No,No,No,Yes,No
P870642,Fiber Optic,Yes,No,No,No,No,No,No,Yes
N291590,Fiber Optic,Yes,Yes,Yes,No,Yes,No,Yes,No
W211074,None,Yes,No,No,No,No,No,Yes,No
B585942,Fiber Optic,Yes,Yes,No,Yes,No,Yes,No,No
U652791,DSL,Yes,No,No,Yes,Yes,No,No,No
J802172,DSL,Yes,No,No,Yes,No,No,No,Yes
G761865,Fiber Optic,Yes,Yes,Yes,Yes,Yes,No,Yes,No
T240066,Fiber Optic,Yes,No,Yes,Yes,No,Yes,Yes,Yes
O408818,Fiber Optic,Yes,Yes,Yes,Yes,Yes,No,No,No
P129520,DSL,Yes,No,Yes,No,No,Yes,Yes,No
K514728,Fiber Optic,Yes,No,No,Yes,Yes,No,Yes,No
K865783,None,Yes,Yes,No,Yes,Yes,No,Yes,Yes
M184161,Fiber Optic,Yes,Yes,Yes,No,No,No,Yes,Yes
M786135,Fiber Optic,Yes,Yes,Yes,No,No,No,No,No
T166384,None,Yes,Yes,No,Yes,No,Yes,Yes,No
X209020,None,Yes,No,Yes,Yes,Yes,Yes,Yes,No
J377593,DSL,Yes,No,No,Yes,No,Yes,Yes,Yes
H683813,Fiber Optic,Yes,No,No,No,Yes,Yes,Yes,Yes
A544585,None,Yes,No,Yes,No,Yes,Yes,Yes,Yes
A903151,None,No,Yes,Yes,No,Yes,No,Yes,Yes
I950522,Fiber Optic,Yes,No,No,No,No,No,No,Yes
H304203,DSL,Yes,Yes,No,No,No,Yes,No,No
J512358,DSL,Yes,Yes,Yes,Yes,Yes,Yes,Yes,No
O886055,None,Yes,Yes,Yes,No,No,Yes,Yes,No
K114992,DSL,No,Yes,No,No,Yes,No,No,Yes
B352309,None,Yes,Yes,Yes,No,No,No,Yes,No
J20736,Fiber Optic,Yes,No,Yes,Yes,No,Yes,No,Yes
Y857689,Fiber Optic,Yes,Yes,No,Yes,No,No,No,No
G730827,DSL,Yes,Yes,Yes,Yes,No,No,Yes,Yes
M257399,None,No,No,No,No,Yes,No,No,Yes
A613026,Fiber Optic,Yes,No,No,Yes,No,No,Yes,Yes
W365194,Fiber Optic,Yes,No,Yes,No,No,No,Yes,No
B705971,DSL,Yes,Yes,No,No,Yes,Yes,Yes,No
B482277,Fiber Optic,Yes,No,Yes,Yes,No,No,No,No
L223677,DSL,Yes,Yes,Yes,Yes,No,Yes,No,No
T809308,Fiber Optic,Yes,Yes,No,No,No,No,No,Yes
P855307,Fiber Optic,Yes,No,No,Yes,No,Yes,No,Yes
J489262,Fiber Optic,Yes,Yes,No,Yes,No,No,No,No
T966251,None,Yes,No,Yes,Yes,No,No,No,Yes
Z34186,Fiber Optic,Yes,No,Yes,No,No,Yes,Yes,No
I161979,DSL,Yes,Yes,No,No,Yes,No,Yes,No
S19660,Fiber Optic,No,Yes,Yes,Yes,Yes,No,Yes,Yes
F247943,DSL,Yes,Yes,No,Yes,Yes,No,No,Yes
V981763,DSL,Yes,No,No,Yes,No,Yes,No,Yes
P514284,DSL,Yes,Yes,No,No,Yes,Yes,Yes,No
K159541,DSL,Yes,No,Yes,Yes,Yes,Yes,No,No
S627734,Fiber Optic,Yes,Yes,Yes,No,No,Yes,No,Yes
Z481614,Fiber Optic,Yes,Yes,Yes,Yes,No,Yes,No,Yes
X147999,DSL,Yes,No,Yes,No,No,Yes,Yes,Yes
I246752,Fiber Optic,Yes,Yes,No,Yes,No,No,No,No
H61682,Fiber Optic,Yes,Yes,Yes,No,Yes,Yes,No,Yes
Z155409,Fiber Optic,Yes,No,Yes,No,Yes,No,No,Yes
H932507,Fiber Optic,Yes,No,No,No,Yes,No,No,No
Q417407,Fiber Optic,Yes,Yes,No,No,No,No,Yes,Yes
Z628420,DSL,Yes,Yes,No,No,No,No,Yes,No
O845822,DSL,Yes,Yes,Yes,No,No,Yes,No,No
X697479,Fiber Optic,Yes,No,No,No,No,No,No,No
Q373527,DSL,Yes,No,No,No,No,Yes,No,No
P529004,None,Yes,No,No,No,No,No,Yes,Yes
C18933,None,No,No,No,No,Yes,No,No,No
W664355,None,Yes,No,No,Yes,Yes,Yes,No,Yes
P279595,DSL,Yes,No,No,No,Yes,No,No,Yes
B455335,DSL,No,Yes,No,Yes,No,Yes,No,No
N421546,Fiber Optic,Yes,No,Yes,No,Yes,Yes,No,No
N224205,DSL,Yes,Yes,No,Yes,Yes,No,No,No
B225501,None,Yes,No,Yes,No,No,No,No,No
I33248,DSL,Yes,Yes,No,Yes,Yes,Yes,No,Yes
G786082,Fiber Optic,Yes,No,No,Yes,No,No,Yes,No
E135018,DSL,Yes,No,Yes,No,Yes,No,Yes,Yes
D285590,Fiber Optic,Yes,No,No,No,Yes,No,No,No
E564058,Fiber Optic,Yes,Yes,No,No,Yes,No,Yes,Yes
W664734,DSL,Yes,No,No,Yes,No,Yes,No,Yes
Z172324,DSL,Yes,Yes,No,No,No,No,No,No
T35900,Fiber Optic,Yes,Yes,Yes,Yes,No,Yes,Yes,Yes
V955342,DSL,Yes,Yes,No,No,Yes,No,Yes,Yes
C36361,Fiber Optic,Yes,No,Yes,No,Yes,Yes,No,No
B269529,Fiber Optic,Yes,No,No,No,No,Yes,No,Yes
D873060,None,Yes,Yes,No,No,No,Yes,Yes,Yes
S597816,None,Yes,Yes,No,Yes,No,Yes,No,Yes
Q226767,None,Yes,No,Yes,No,Yes,Yes,No,No
F926070,Fiber Optic,Yes,Yes,Yes,No,No,Yes,Yes,Yes
E740186,DSL,Yes,No,No,No,Yes,No,Yes,No
D470800,DSL,Yes,No,No,Yes,No,No,Yes,No
L693816,DSL,Yes,No,Yes,No,Yes,No,Yes,Yes
K421567,None,Yes,No,No,Yes,Yes,Yes,No,Yes
H330611,DSL,Yes,Yes,No,No,Yes,No,No,Yes
E25818,None,Yes,Yes,Yes,No,No,Yes,No,Yes
K111418,None,Yes,Yes,No,No,Yes,Yes,Yes,No
Q154549,Fiber Optic,Yes,No,No,No,No,No,No,Yes
Y901042,Fiber Optic,Yes,No,Yes,No,No,No,No,No
J567825,None,Yes,Yes,Yes,No,Yes,Yes,Yes,No
C816362,Fiber Optic,Yes,Yes,No,Yes,Yes,No,Yes,Yes
Y07907,Fiber Optic,No,Yes,Yes,No,Yes,No,Yes,Yes
G404485,Fiber Optic,Yes,No,No,No,Yes,Yes,Yes,No
L927003,None,Yes,No,No,No,Yes,No,Yes,Yes
F477453,Fiber Optic,Yes,No,No,No,Yes,Yes,No,No
E706607,Fiber Optic,Yes,Yes,Yes,Yes,No,Yes,No,Yes
Q69497,None,Yes,Yes,Yes,No,No,Yes,No,No
X672018,None,Yes,Yes,No,No,Yes,No,Yes,No
J509388,DSL,Yes,No,No,Yes,Yes,Yes,Yes,No
Z177465,DSL,Yes,Yes,Yes,Yes,Yes,No,No,Yes
W872847,DSL,Yes,Yes,No,No,Yes,No,No,No
L639744,Fiber Optic,Yes,No,Yes,Yes,No,Yes,No,Yes
O566378,Fiber Optic,No,No,No,No,Yes,No,No,No
I138940,DSL,Yes,No,No,Yes,No,Yes,Yes,Yes
S281020,None,Yes,No,No,Yes,Yes,No,Yes,No
G410567,DSL,Yes,No,Yes,Yes,Yes,Yes,No,No
T577346,Fiber Optic,Yes,Yes,No,No,No,No,Yes,Yes
Y833178,Fiber Optic,Yes,No,Yes,No,Yes,Yes,Yes,No
O404871,Fiber Optic,Yes,Yes,No,No,Yes,Yes,Yes,No
E356128,Fiber Optic,Yes,No,Yes,Yes,No,No,No,No
Z681811,Fiber Optic,Yes,No,No,No,No,Yes,Yes,Yes
N524531,Fiber Optic,Yes,Yes,No,No,Yes,No,Yes,No
C221288,Fiber Optic,Yes,Yes,No,No,No,No,No,Yes
X821996,Fiber Optic,Yes,No,No,Yes,No,No,No,No
R105246,None,Yes,No,Yes,No,No,No,Yes,No
C229879,DSL,Yes,Yes,No,Yes,Yes,Yes,No,No
U168359,Fiber Optic,Yes,No,No,No,Yes,No,Yes,No
M661436,DSL,Yes,No,No,Yes,No,Yes,No,Yes
T495094,DSL,Yes,Yes,No,No,Yes,Yes,Yes,Yes
O549028,Fiber Optic,Yes,Yes,No,No,Yes,No,Yes,Yes
C215264,Fiber Optic,Yes,Yes,Yes,No,No,Yes,No,No
G499792,DSL,Yes,No,Yes,No,Yes,No,No,Yes
R981365,Fiber Optic,Yes,Yes,Yes,No,Yes,No,Yes,No
J832286,Fiber Optic,Yes,No,No,No,No,No,No,Yes
T604835,None,Yes,No,No,Yes,No,Yes,Yes,Yes
I643695,DSL,Yes,No,Yes,No,Yes,No,Yes,No
D888294,None,Yes,Yes,No,No,Yes,No,No,Yes
M477891,Fiber Optic,Yes,No,Yes,Yes,No,Yes,No,Yes
D33088,None,Yes,Yes,No,Yes,Yes,No,No,Yes
Z865787,None,Yes,Yes,No,Yes,Yes,Yes,Yes,Yes
P151266,DSL,Yes,No,No,No,No,No,No,Yes
Q616832,Fiber Optic,No,Yes,No,Yes,Yes,No,No,No
R882445,DSL,Yes,No,Yes,No,Yes,No,Yes,Yes
C72437,None,Yes,No,Yes,No,No,Yes,Yes,No
E553347,Fiber Optic,No,Yes,No,No,No,Yes,Yes,Yes
B129670,DSL,Yes,No,No,No,No,No,No,Yes
T399319,DSL,Yes,Yes,No,Yes,No,No,No,Yes
U954852,Fiber Optic,Yes,Yes,Yes,Yes,Yes,Yes,No,No
R934554,Fiber Optic,Yes,No,Yes,Yes,Yes,Yes,Yes,No
E926120,None,Yes,No,No,Yes,No,Yes,Yes,No
Q806598,Fiber Optic,Yes,No,No,No,No,Yes,No,Yes
K669942,DSL,Yes,No,Yes,No,No,Yes,Yes,No
H203586,None,Yes,No,No,Yes,No,No,Yes,No
M664307,Fiber Optic,Yes,No,No,No,No,Yes,Yes,No
D308819,DSL,Yes,Yes,No,Yes,Yes,No,No,Yes
P770229,DSL,No,No,Yes,Yes,No,Yes,Yes,No
I445425,None,Yes,No,Yes,No,Yes,No,Yes,No
R714397,DSL,No,No,No,No,No,No,No,Yes
F60760,Fiber Optic,No,No,Yes,Yes,No,No,No,Yes
G271409,None,Yes,Yes,No,No,Yes,No,Yes,Yes
S509823,Fiber Optic,Yes,Yes,Yes,No,No,No,No,No
Y244740,None,No,No,No,No,No,No,No,No
W832522,DSL,Yes,No,Yes,Yes,Yes,No,No,Yes
D676040,Fiber Optic,Yes,No,No,Yes,Yes,No,Yes,No
K507325,Fiber Optic,Yes,No,Yes,Yes,Yes,Yes,Yes,Yes
A22477,Fiber Optic,Yes,No,No,Yes,Yes,Yes,Yes,No
C324392,Fiber Optic,Yes,No,No,Yes,No,Yes,No,No
M516584,None,Yes,No,No,No,No,Yes,Yes,No
A595003,Fiber Optic,Yes,Yes,No,No,No,No,Yes,Yes
M812363,DSL,Yes,Yes,Yes,No,Yes,No,No,Yes
H404111,Fiber Optic,Yes,Yes,Yes,Yes,Yes,No,No,Yes
C980527,DSL,Yes,Yes,No,No,Yes,Yes,No,Yes
O608143,Fiber Optic,Yes,Yes,Yes,Yes,No,No,No,No
M739753,None,Yes,No,Yes,Yes,No,No,Yes,No
J773316,Fiber Optic,Yes,No,No,No,No,No,No,Yes
C94744,Fiber Optic,No,No,Yes,No,No,No,No,Yes
V252156,Fiber Optic,Yes,Yes,No,No,Yes,No,No,Yes
A995509,DSL,Yes,No,No,Yes,Yes,No,Yes,No
N213769,Fiber Optic,Yes,Yes,Yes,No,No,No,No,Yes
V639117,DSL,Yes,Yes,No,Yes,No,Yes,No,No
P299531,None,Yes,Yes,No,No,Yes,No,Yes,Yes
M649398,None,Yes,Yes,No,Yes,Yes,No,No,Yes
W424467,None,Yes,No,No,No,Yes,Yes,No,No
B12658,Fiber Optic,Yes,No,No,No,Yes,Yes,Yes,Yes
J874338,None,Yes,No,No,No,No,No,Yes,No
B276870,None,Yes,Yes,Yes,No,Yes,No,Yes,No
G298695,DSL,Yes,Yes,No,Yes,Yes,No,No,Yes
C308399,None,Yes,No,Yes,Yes,Yes,Yes,No,Yes
H810717,Fiber Optic,Yes,No,Yes,Yes,Yes,No,Yes,No
M697338,Fiber Optic,No,No,No,Yes,No,No,No,Yes
U509405,None,Yes,Yes,No,Yes,No,Yes,Yes,No
A936347,Fiber Optic,Yes,Yes,Yes,Yes,Yes,No,Yes,No
S199884,None,Yes,Yes,No,Yes,Yes,No,No,Yes
S287151,DSL,Yes,Yes,Yes,No,No,No,No,Yes
K261171,Fiber Optic,Yes,No,No,No,No,Yes,No,No
Y875215,None,Yes,Yes,No,Yes,Yes,No,Yes,No
H361743,Fiber Optic,Yes,No,No,No,Yes,No,No,Yes
J499878,None,No,Yes,Yes,Yes,No,Yes,Yes,Yes
U561554,Fiber Optic,Yes,Yes,Yes,No,No,Yes,No,Yes
K691390,DSL,Yes,Yes,No,Yes,Yes,No,Yes,Yes
E342786,DSL,Yes,No,No,No,Yes,Yes,No,No
Z367148,Fiber Optic,Yes,Yes,Yes,Yes,No,No,Yes,Yes
C189627,None,Yes,No,No,Yes,Yes,Yes,No,No
Q527117,None,Yes,Yes,No,No,No,No,Yes,No
G485481,None,No,No,No,Yes,No,Yes,Yes,No
H813222,Fiber Optic,Yes,Yes,No,Yes,Yes,Yes,No,No
F636452,DSL,Yes,Yes,Yes,Yes,Yes,Yes,Yes,No
X750751,Fiber Optic,Yes,No,No,No,No,No,No,Yes
J491267,None,Yes,No,No,No,No,No,Yes,No
Q969773,Fiber Optic,No,No,Yes,No,No,No,Yes,Yes
J801308,Fiber Optic,Yes,No,No,No,No,No,Yes,Yes
X386618,Fiber Optic,Yes,No,Yes,Yes,No,No,Yes,Yes
H632227,Fiber Optic,No,Yes,Yes,No,Yes,Yes,Yes,No
A784083,None,Yes,No,No,No,No,Yes,No,Yes
Z887842,DSL,Yes,No,No,No,No,No,No,Yes
S610382,Fiber Optic,Yes,Yes,No,No,Yes,No,Yes,Yes
C707263,Fiber Optic,Yes,No,Yes,No,No,Yes,Yes,No
N764043,Fiber Optic,No,No,No,No,Yes,Yes,Yes,Yes
P417515,DSL,Yes,No,Yes,No,No,Yes,Yes,No
F494529,Fiber Optic,Yes,Yes,No,Yes,Yes,No,Yes,No
J826967,None,Yes,No,No,Yes,Yes,No,Yes,Yes
P870952,Fiber Optic,Yes,No,No,Yes,No,No,Yes,Yes
D518375,Fiber Optic,Yes,Yes,Yes,No,Yes,Yes,Yes,Yes
U568821,Fiber Optic,Yes,No,Yes,No,Yes,No,Yes,Yes
I918785,Fiber Optic,Yes,Yes,No,No,No,No,Yes,No
J110435,Fiber Optic,Yes,No,No,Yes,No,Yes,Yes,Yes
I133946,Fiber Optic,Yes,Yes,Yes,No,No,No,Yes,No
Q940233,DSL,Yes,Yes,Yes,No,No,No,No,Yes
J812375,DSL,Yes,Yes,No,No,No,No,Yes,No
F592408,Fiber Optic,Yes,No,Yes,Yes,Yes,No,No,No
L825804,DSL,Yes,Yes,No,No,Yes,No,No,Yes
U25555,Fiber Optic,Yes,Yes,No,No,Yes,Yes,No,Yes
V67946,Fiber Optic,Yes,Yes,No,No,No,Yes,No,No
E929600,Fiber Optic,Yes,Yes,No,No,No,Yes,No,No
S614208,Fiber Optic,Yes,Yes,No,Yes,Yes,Yes,Yes,No
G991685,None,Yes,Yes,No,No,No,No,Yes,Yes
E674878,DSL,Yes,Yes,No,Yes,No,No,No,No
P885612,Fiber Optic,Yes,No,Yes,Yes,Yes,No,No,No
N506492,Fiber Optic,Yes,Yes,No,No,No,No,No,Yes
H173763,Fiber Optic,Yes,Yes,No,No,No,Yes,No,Yes
Q561452,Fiber Optic,Yes,No,No,Yes,Yes,No,Yes,No
J29801,None,Yes,Yes,Yes,Yes,No,No,Yes,Yes
G862093,DSL,Yes,No,Yes,No,No,No,Yes,No
T212690,DSL,No,No,No,No,No,No,No,No
C494352,DSL,Yes,Yes,Yes,Yes,No,Yes,No,Yes
S159222,Fiber Optic,Yes,Yes,Yes,Yes,No,No,No,No
C739541,DSL,Yes,Yes,Yes,No,Yes,No,Yes,No
M383323,Fiber Optic,Yes,No,No,Yes,No,No,No,Yes
T923695,DSL,Yes,Yes,No,No,No,Yes,No,Yes
E356051,DSL,Yes,Yes,No,Yes,No,No,No,Yes
V852885,DSL,Yes,Yes,Yes,No,No,No,No,No
W334401,None,Yes,No,Yes,No,Yes,No,Yes,No
Y295853,None,Yes,Yes,No,No,No,No,Yes,No
C143365,None,Yes,Yes,No,No,No,Yes,No,No
H148227,Fiber Optic,Yes,No,No,Yes,Yes,Yes,Yes,No
S396173,DSL,Yes,No,No,Yes,Yes,Yes,No,No
D804379,None,Yes,No,No,Yes,No,Yes,Yes,Yes
M153274,Fiber Optic,Yes,No,No,Yes,Yes,No,Yes,No
F396974,Fiber Optic,Yes,Yes,No,Yes,Yes,Yes,No,Yes
W249508,DSL,Yes,No,Yes,No,No,Yes,Yes,No
W725805,DSL,Yes,No,No,Yes,No,Yes,No,No
G36722,None,Yes,No,No,Yes,No,No,No,No
K901767,None,Yes,No,No,No,Yes,Yes,No,Yes
L33620,DSL,Yes,No,No,Yes,No,Yes,Yes,No
P873435,Fiber Optic,Yes,Yes,Yes,No,Yes,Yes,Yes,Yes
R287565,Fiber Optic,Yes,No,Yes,Yes,No,No,No,Yes
J908654,Fiber Optic,Yes,Yes,Yes,No,No,Yes,No,No
G313318,Fiber Optic,Yes,No,No,Yes,No,Yes,No,Yes
C618633,None,Yes,No,Yes,No,Yes,No,No,Yes
W979591,DSL,Yes,Yes,No,Yes,Yes,Yes,No,No
X19182,None,Yes,No,No,Yes,No,Yes,Yes,No
V920462,DSL,Yes,Yes,Yes,Yes,No,No,No,No
T853519,Fiber Optic,Yes,Yes,No,No,Yes,Yes,Yes,Yes
B969696,DSL,No,No,No,No,No,No,Yes,No
O465631,None,Yes,No,No,No,Yes,No,No,Yes
G214970,Fiber Optic,Yes,No,No,Yes,Yes,No,Yes,Yes
H802855,DSL,Yes,No,Yes,No,No,Yes,Yes,Yes
O585815,DSL,Yes,No,No,No,No,Yes,Yes,Yes
O81996,Fiber Optic,No,No,Yes,No,No,No,Yes,Yes
G736869,Fiber Optic,Yes,No,No,No,Yes,No,No,No
W309629,DSL,No,Yes,No,No,Yes,Yes,No,No
H775532,None,Yes,Yes,No,No,No,Yes,No,No
E382571,None,No,No,Yes,No,No,Yes,Yes,No
K900916,Fiber Optic,Yes,Yes,Yes,Yes,No,No,Yes,Yes
H530265,Fiber Optic,Yes,Yes,No,Yes,No,Yes,No,Yes
J461018,Fiber Optic,Yes,No,Yes,No,No,Yes,No,Yes
E457135,None,Yes,Yes,No,Yes,Yes,No,No,No
Y285316,None,Yes,Yes,Yes,Yes,Yes,No,No,No
F31690,None,Yes,Yes,Yes,Yes,No,Yes,Yes,No
C440041,None,Yes,Yes,No,Yes,No,Yes,Yes,No
R633194,Fiber Optic,Yes,No,Yes,Yes,No,Yes,No,No
H673597,Fiber Optic,Yes,No,No,No,Yes,Yes,No,No
P37481,None,Yes,Yes,No,No,Yes,No,Yes,Yes
D856880,DSL,Yes,Yes,No,No,Yes,Yes,No,Yes
V57129,Fiber Optic,Yes,No,No,Yes,No,No,Yes,Yes
P790445,Fiber Optic,Yes,No,Yes,No,Yes,No,Yes,Yes
R714826,None,Yes,Yes,Yes,No,No,No,No,Yes
H722651,Fiber Optic,Yes,Yes,No,Yes,No,No,Yes,No
Y816622,DSL,Yes,No,Yes,Yes,No,No,Yes,No
U385565,Fiber Optic,Yes,No,Yes,No,No,Yes,Yes,No
R935213,Fiber Optic,Yes,Yes,Yes,No,Yes,No,Yes,Yes
M05412,Fiber Optic,Yes,No,Yes,Yes,No,No,No,Yes
Y216514,None,Yes,Yes,No,No,No,Yes,No,Yes
U998688,Fiber Optic,Yes,No,Yes,No,Yes,Yes,Yes,Yes
K411031,None,Yes,No,No,No,No,Yes,Yes,No
M78179,Fiber Optic,Yes,No,No,Yes,No,Yes,Yes,No
P20993,Fiber Optic,Yes,No,No,Yes,No,No,Yes,Yes
W370012,Fiber Optic,Yes,Yes,Yes,No,Yes,No,Yes,No
Q674118,Fiber Optic,Yes,No,No,No,Yes,No,No,No
F415956,None,No,No,Yes,Yes,No,Yes,No,Yes
M312951,None,Yes,No,Yes,No,No,Yes,Yes,Yes
Q662651,DSL,Yes,No,No,Yes,Yes,Yes,Yes,No
C336869,DSL,Yes,Yes,No,No,Yes,Yes,Yes,No
A538839,Fiber Optic,Yes,No,Yes,Yes,No,No,Yes,Yes
W912425,Fiber Optic,Yes,Yes,No,No,No,No,Yes,No
O996932,Fiber Optic,Yes,No,No,No,No,No,No,No
Z767061,Fiber Optic,No,No,No,No,No,Yes,Yes,Yes
S191552,DSL,Yes,Yes,No,No,No,No,Yes,Yes
G244590,DSL,Yes,No,No,No,Yes,Yes,No,Yes
E566674,Fiber Optic,Yes,Yes,No,No,No,Yes,No,No
J653677,DSL,Yes,No,Yes,Yes,No,Yes,Yes,Yes
C28344,Fiber Optic,Yes,No,Yes,No,Yes,Yes,Yes,No
H525851,None,Yes,Yes,No,No,No,No,Yes,Yes
H609180,None,Yes,Yes,Yes,No,No,Yes,Yes,Yes
C885204,DSL,Yes,Yes,No,Yes,Yes,No,No,No
F934616,None,Yes,Yes,No,Yes,No,No,No,Yes
W896687,Fiber Optic,Yes,Yes,No,Yes,No,Yes,Yes,No
D556193,None,Yes,Yes,Yes,Yes,No,Yes,Yes,Yes
L658290,Fiber Optic,Yes,Yes,No,No,No,No,Yes,No
S245723,None,No,Yes,No,Yes,Yes,No,No,Yes
U276149,DSL,Yes,No,Yes,Yes,No,No,Yes,Yes
I580941,DSL,No,Yes,No,No,Yes,No,No,No
J280552,Fiber Optic,Yes,Yes,No,No,Yes,Yes,No,Yes
U993807,Fiber Optic,Yes,Yes,No,Yes,No,No,Yes,Yes
G490319,DSL,Yes,No,Yes,No,No,No,No,Yes
F426265,DSL,Yes,Yes,No,No,No,Yes,Yes,No
O860612,DSL,Yes,No,Yes,Yes,No,No,No,Yes
J740076,Fiber Optic,Yes,Yes,No,Yes,Yes,Yes,No,No
C670730,Fiber Optic,Yes,No,Yes,No,No,No,Yes,No
K19269,None,Yes,Yes,No,Yes,Yes,Yes,No,Yes
O134369,DSL,Yes,No,No,No,No,Yes,No,Yes
X290895,None,Yes,No,No,Yes,No,Yes,Yes,Yes
C712292,None,Yes,No,Yes,No,Yes,No,No,No
O186325,DSL,Yes,Yes,No,No,No,No,Yes,No
D277330,Fiber Optic,Yes,No,No,Yes,No,No,Yes,No
J437588,Fiber Optic,Yes,Yes,No,No,No,Yes,No,Yes
P186990,None,Yes,No,No,No,Yes,No,No,Yes
V352534,DSL,No,Yes,No,Yes,Yes,No,Yes,Yes
V910386,DSL,Yes,No,No,No,No,No,No,No
L163543,Fiber Optic,Yes,Yes,No,No,No,No,No,Yes
X367479,DSL,Yes,Yes,No,Yes,No,No,No,No
L61634,Fiber Optic,Yes,Yes,No,No,No,No,Yes,No
Q483838,None,Yes,Yes,No,No,No,Yes,Yes,No
M928377,DSL,Yes,Yes,No,No,Yes,No,No,No
J20864,DSL,Yes,No,Yes,Yes,Yes,Yes,Yes,Yes
W861209,Fiber Optic,No,No,No,No,Yes,Yes,No,No
B18085,None,Yes,No,Yes,No,Yes,Yes,No,No
Z506619,Fiber Optic,Yes,No,Yes,Yes,No,No,No,No
I826620,Fiber Optic,Yes,No,No,No,Yes,Yes,No,No
Y622815,None,Yes,No,No,No,Yes,No,No,Yes
Q40996,None,Yes,No,No,No,No,No,No,Yes
G932953,Fiber Optic,Yes,No,Yes,No,No,Yes,Yes,Yes
A800117,None,Yes,No,No,No,Yes,No,Yes,Yes
I88700,DSL,Yes,Yes,No,No,Yes,Yes,Yes,No
Q747686,DSL,Yes,Yes,Yes,No,No,Yes,Yes,Yes
R540763,Fiber Optic,Yes,No,Yes,Yes,No,Yes,No,Yes
J304631,Fiber Optic,Yes,No,No,No,No,No,No,Yes
Q590164,Fiber Optic,Yes,No,Yes,Yes,Yes,No,Yes,No
Q567451,Fiber Optic,Yes,Yes,No,Yes,Yes,No,No,Yes
J73042,DSL,No,Yes,No,Yes,No,No,No,No
G364947,None,Yes,No,Yes,No,Yes,No,No,No
Q501688,Fiber Optic,Yes,Yes,No,Yes,Yes,Yes,No,Yes
B269098,None,Yes,Yes,No,Yes,No,No,No,Yes
H73808,Fiber Optic,Yes,No,Yes,No,Yes,No,Yes,No
W260869,Fiber Optic,Yes,Yes,No,No,Yes,No,Yes,Yes
S204121,Fiber Optic,Yes,No,No,Yes,Yes,No,No,Yes
O952757,Fiber Optic,Yes,Yes,Yes,Yes,Yes,Yes,Yes,No
R378631,DSL,Yes,No,Yes,No,No,Yes,No,No
O940498,None,No,No,No,Yes,Yes,No,Yes,No
W100112,Fiber Optic,Yes,No,No,No,No,Yes,Yes,No
X121568,None,Yes,No,No,Yes,No,No,Yes,No
Q655052,Fiber Optic,Yes,No,No,No,No,Yes,Yes,Yes
C485577,Fiber Optic,Yes,Yes,No,Yes,Yes,Yes,Yes,No
X19436,Fiber Optic,Yes,Yes,Yes,Yes,Yes,Yes,No,No
K505990,Fiber Optic,Yes,No,No,Yes,No,No,Yes,No
A282518,Fiber Optic,Yes,No,No,Yes,No,No,Yes,Yes
B591314,DSL,Yes,No,No,No,No,No,No,No
I86932,DSL,Yes,No,Yes,Yes,No,Yes,No,Yes
G554632,DSL,Yes,Yes,Yes,Yes,Yes,Yes,Yes,No
O220358,None,Yes,Yes,Yes,Yes,Yes,No,Yes,Yes
J687394,Fiber Optic,Yes,No,Yes,No,Yes,No,No,No
D981634,Fiber Optic,Yes,Yes,No,No,No,Yes,Yes,No
S963269,Fiber Optic,Yes,No,No,Yes,Yes,Yes,No,Yes
G912657,Fiber Optic,Yes,Yes,No,Yes,No,No,No,No
B75095,DSL,No,Yes,Yes,Yes,No,No,Yes,No
K594387,DSL,No,No,No,Yes,No,Yes,No,No
X371370,DSL,Yes,Yes,No,Yes,No,No,No,No
I631527,DSL,Yes,No,Yes,Yes,Yes,Yes,No,Yes
E261748,Fiber Optic,Yes,Yes,No,No,Yes,Yes,No,Yes
L522392,Fiber Optic,Yes,Yes,Yes,Yes,Yes,Yes,Yes,No
S130816,DSL,No,Yes,No,No,No,No,No,No
Z236621,DSL,No,Yes,No,Yes,Yes,No,No,Yes
P988126,Fiber Optic,Yes,Yes,No,Yes,Yes,No,Yes,No
O279490,None,Yes,No,Yes,Yes,Yes,No,No,Yes
F347644,Fiber Optic,Yes,Yes,Yes,No,No,Yes,No,Yes
M134797,Fiber Optic,Yes,Yes,No,No,Yes,No,No,No
J479196,DSL,Yes,Yes,No,No,Yes,Yes,Yes,Yes
N147701,None,Yes,No,Yes,No,No,No,No,Yes
U433590,Fiber Optic,Yes,No,Yes,Yes,Yes,No,Yes,No
E517902,Fiber Optic,Yes,No,No,No,Yes,No,Yes,No
X760972,DSL,Yes,No,No,No,Yes,Yes,Yes,Yes
Z116711,Fiber Optic,Yes,No,No,No,Yes,No,No,Yes
W951099,Fiber Optic,Yes,No,Yes,No,No,No,No,No
U448618,Fiber Optic,Yes,Yes,No,No,Yes,No,No,Yes
R245369,None,Yes,Yes,No,Yes,No,Yes,No,No
C294086,DSL,Yes,No,No,Yes,Yes,No,No,Yes
Z23232,Fiber Optic,Yes,No,No,Yes,Yes,Yes,No,No
L480478,DSL,Yes,No,No,Yes,No,Yes,Yes,Yes
B912449,DSL,Yes,Yes,No,No,Yes,Yes,No,Yes
D291600,Fiber Optic,Yes,No,No,Yes,No,No,No,Yes
L184027,DSL,Yes,No,No,No,Yes,Yes,No,Yes
M495151,Fiber Optic,Yes,No,Yes,Yes,Yes,No,Yes,Yes
M726047,Fiber Optic,Yes,Yes,Yes,No,No,No,No,No
R91007,None,No,No,No,Yes,No,Yes,No,Yes
G381370,Fiber Optic,Yes,No,No,Yes,No,Yes,Yes,Yes
E399736,Fiber Optic,Yes,Yes,Yes,No,No,Yes,No,Yes
N397043,Fiber Optic,Yes,No,Yes,Yes,Yes,Yes,No,Yes
B874036,None,Yes,Yes,No,No,Yes,No,No,No
E245051,DSL,Yes,Yes,Yes,Yes,Yes,No,No,No
G933624,DSL,Yes,No,Yes,Yes,No,Yes,No,No
C554295,Fiber Optic,Yes,No,No,No,Yes,No,No,No
A981600,Fiber Optic,Yes,Yes,Yes,Yes,Yes,No,No,No
N740549,None,Yes,Yes,No,Yes,Yes,Yes,Yes,No
Y834953,DSL,Yes,No,Yes,Yes,No,No,No,No
Q570234,None,Yes,No,Yes,No,No,No,Yes,No
C867426,Fiber Optic,Yes,Yes,Yes,No,Yes,Yes,No,No
G991106,None,Yes,Yes,No,No,No,Yes,Yes,No
E688523,Fiber Optic,Yes,No,No,Yes,No,No,No,Yes
K171239,DSL,Yes,No,No,Yes,No,Yes,No,No
C666897,DSL,Yes,No,No,Yes,No,No,Yes,Yes
S696170,Fiber Optic,Yes,No,No,Yes,Yes,No,No,Yes
C234083,DSL,Yes,Yes,Yes,No,Yes,Yes,No,No
T938913,None,Yes,No,No,No,Yes,No,No,No
P964793,DSL,Yes,No,No,No,No,Yes,No,Yes
Z663168,DSL,Yes,No,No,Yes,Yes,No,No,Yes
X279803,None,Yes,Yes,No,No,Yes,Yes,No,No
K838892,Fiber Optic,Yes,No,No,No,No,Yes,Yes,No
Z505688,DSL,Yes,No,No,No,Yes,No,No,No
F603571,DSL,Yes,Yes,No,No,No,No,No,No
Y993038,None,Yes,Yes,No,Yes,No,Yes,No,No
T325632,Fiber Optic,Yes,No,No,No,Yes,Yes,No,Yes
M901199,Fiber Optic,Yes,No,No,No,Yes,No,No,No
K99070,DSL,Yes,Yes,No,No,Yes,No,No,No
K732789,Fiber Optic,No,Yes,No,No,Yes,No,Yes,No
X517447,DSL,Yes,Yes,No,No,Yes,Yes,Yes,Yes
S482304,None,Yes,Yes,No,Yes,No,No,Yes,Yes
O464915,Fiber Optic,Yes,No,No,No,Yes,Yes,Yes,Yes
E748603,Fiber Optic,Yes,No,No,No,No,No,Yes,Yes
G512688,DSL,Yes,Yes,No,No,Yes,No,No,No
Z128034,None,Yes,No,No,No,Yes,No,No,Yes
S977870,Fiber Optic,Yes,Yes,No,No,Yes,Yes,Yes,Yes
R394501,Fiber Optic,Yes,No,No,No,No,No,No,No
N870975,Fiber Optic,Yes,No,Yes,No,Yes,Yes,Yes,No
B562858,Fiber Optic,Yes,No,Yes,Yes,Yes,No,Yes,No
G320703,DSL,Yes,Yes,No,No,No,Yes,Yes,No
L643244,Fiber Optic,Yes,Yes,Yes,Yes,No,No,Yes,Yes
Y244230,DSL,Yes,Yes,Yes,No,No,No,No,Yes
J979357,DSL,Yes,Yes,No,Yes,Yes,No,No,No
C152580,DSL,No,Yes,No,No,No,No,Yes,Yes
J752914,DSL,Yes,Yes,Yes,No,No,No,Yes,No
C14997,None,Yes,Yes,Yes,Yes,No,No,Yes,No
I311125,DSL,Yes,No,No,Yes,Yes,Yes,No,No
K346579,DSL,Yes,No,No,Yes,Yes,Yes,Yes,Yes
G827935,None,Yes,Yes,No,No,Yes,Yes,Yes,No
Z02519,Fiber Optic,Yes,No,Yes,No,Yes,Yes,No,Yes
S719339,None,Yes,No,Yes,Yes,Yes,Yes,Yes,Yes
Q240766,DSL,Yes,Yes,Yes,No,Yes,No,Yes,No
S576265,Fiber Optic,Yes,No,No,Yes,Yes,No,Yes,Yes
A224018,Fiber Optic,No,No,Yes,Yes,Yes,No,Yes,Yes
Z286926,DSL,Yes,Yes,No,Yes,No,Yes,Yes,Yes
P935385,Fiber Optic,Yes,No,Yes,Yes,Yes,No,No,No
W839789,Fiber Optic,Yes,No,No,Yes,No,No,No,Yes
R628814,Fiber Optic,Yes,Yes,No,No,Yes,Yes,No,No
N34620,None,Yes,No,No,Yes,Yes,No,No,Yes
E34133,DSL,No,No,Yes,Yes,No,No,No,No
M659475,Fiber Optic,Yes,Yes,Yes,No,No,No,No,Yes
G257423,DSL,Yes,Yes,No,Yes,Yes,No,Yes,Yes
G329032,Fiber Optic,Yes,Yes,No,No,No,Yes,No,Yes
S952903,DSL,Yes,Yes,Yes,No,Yes,No,No,Yes
P302775,None,Yes,No,No,Yes,Yes,No,Yes,Yes
E491747,None,Yes,No,No,No,No,No,No,Yes
T274245,Fiber Optic,Yes,Yes,Yes,No,No,No,No,Yes
W613906,DSL,Yes,Yes,No,No,No,No,No,No
E602471,None,Yes,Yes,No,No,No,No,Yes,No
U46254,Fiber Optic,Yes,No,No,No,Yes,No,Yes,No
A561114,DSL,Yes,No,No,No,Yes,No,No,No
L258111,Fiber Optic,No,No,Yes,No,No,Yes,Yes,Yes
Z712367,Fiber Optic,Yes,Yes,No,Yes,No,No,Yes,Yes
J307274,Fiber Optic,Yes,No,Yes,No,No,No,No,Yes
T547742,DSL,Yes,No,No,No,Yes,No,Yes,Yes
Q111213,DSL,Yes,No,Yes,No,No,Yes,Yes,No
R597388,Fiber Optic,Yes,No,No,No,No,Yes,No,Yes
W726311,None,Yes,No,No,No,Yes,No,Yes,Yes
B981819,Fiber Optic,Yes,No,Yes,Yes,No,No,Yes,No
S455794,DSL,Yes,Yes,No,Yes,No,No,No,Yes
O361295,Fiber Optic,Yes,No,Yes,Yes,No,Yes,No,Yes
A527793,Fiber Optic,Yes,Yes,No,Yes,Yes,No,Yes,Yes
S698557,DSL,Yes,Yes,No,No,Yes,No,Yes,Yes
O287174,Fiber Optic,Yes,No,No,Yes,No,No,Yes,No
F946414,Fiber Optic,Yes,No,No,Yes,No,Yes,Yes,No
B133081,DSL,Yes,Yes,Yes,No,No,No,No,No
M441477,DSL,Yes,No,No,Yes,No,Yes,Yes,Yes
R119419,Fiber Optic,Yes,Yes,No,No,Yes,No,Yes,Yes
Q796182,Fiber Optic,Yes,Yes,No,Yes,Yes,Yes,Yes,No
U426708,Fiber Optic,Yes,No,Yes,No,No,No,Yes,Yes
A671833,Fiber Optic,Yes,Yes,Yes,No,Yes,Yes,No,No
R711547,DSL,Yes,No,No,No,Yes,Yes,Yes,Yes
Z495429,None,No,No,No,No,Yes,No,Yes,No
B682234,None,Yes,No,No,No,Yes,No,Yes,Yes
L582634,DSL,Yes,Yes,No,Yes,Yes,Yes,Yes,Yes
F586435,None,Yes,Yes,No,No,No,No,Yes,No
W630940,DSL,No,Yes,No,No,Yes,No,No,No
L507374,DSL,Yes,Yes,No,Yes,Yes,Yes,No,No
V649833,None,Yes,Yes,No,No,Yes,Yes,Yes,Yes
J803858,Fiber Optic,Yes,No,No,No,No,Yes,No,No
H799114,Fiber Optic,Yes,Yes,No,Yes,No,No,No,Yes
F945096,None,Yes,Yes,Yes,No,No,No,No,No
N699045,None,Yes,No,No,No,No,No,No,No
O916460,DSL,Yes,Yes,Yes,Yes,No,Yes,Yes,Yes
W462762,DSL,Yes,Yes,No,No,No,Yes,No,No
M411726,Fiber Optic,Yes,No,No,No,Yes,No,No,Yes
V900234,DSL,Yes,No,No,Yes,Yes,Yes,Yes,No
L463700,DSL,Yes,Yes,Yes,Yes,No,No,Yes,Yes
X657705,DSL,Yes,No,Yes,Yes,No,No,Yes,Yes
U358684,None,Yes,No,No,No,Yes,No,Yes,No
H203149,DSL,Yes,Yes,Yes,No,No,No,Yes,No
Y953871,Fiber Optic,Yes,Yes,No,No,No,No,Yes,No
T500134,None,Yes,Yes,No,No,No,No,No,No
G678658,None,Yes,Yes,No,Yes,No,No,No,Yes
W938798,Fiber Optic,No,Yes,No,Yes,No,No,No,Yes
H174467,Fiber Optic,Yes,No,Yes,No,Yes,Yes,No,Yes
D248807,DSL,Yes,No,No,No,Yes,No,Yes,Yes
V877610,None,Yes,No,No,No,No,Yes,No,Yes
H289802,Fiber Optic,Yes,Yes,Yes,No,No,No,No,No
O880598,DSL,No,Yes,No,No,No,Yes,Yes,No
E693837,Fiber Optic,Yes,Yes,No,No,No,No,No,No
R455390,Fiber Optic,Yes,No,Yes,Yes,No,No,Yes,No
E799040,Fiber Optic,Yes,Yes,No,No,No,Yes,No,Yes
D39809,Fiber Optic,Yes,No,Yes,No,Yes,No,Yes,Yes
R297258,Fiber Optic,No,No,Yes,No,No,No,No,Yes
R184517,DSL,Yes,Yes,No,No,Yes,No,Yes,No
S26246,DSL,Yes,No,No,No,Yes,Yes,No,Yes
Y618443,Fiber Optic,Yes,No,No,Yes,No,No,No,Yes
M837139,DSL,Yes,Yes,No,No,No,Yes,No,Yes
Q726606,DSL,Yes,Yes,No,Yes,Yes,Yes,Yes,No
Y248408,DSL,Yes,Yes,No,No,No,No,No,Yes
U283461,Fiber Optic,Yes,No,Yes,Yes,No,No,Yes,Yes
E367250,None,Yes,Yes,No,No,No,Yes,No,No
L994606,Fiber Optic,No,No,No,No,No,Yes,Yes,No
H621471,DSL,Yes,No,No,No,Yes,No,Yes,No
Y656603,Fiber Optic,Yes,No,Yes,No,Yes,Yes,No,No
C857014,DSL,Yes,No,No,No,No,No,No,No
X578737,DSL,Yes,Yes,No,Yes,Yes,Yes,Yes,Yes
Z122947,DSL,Yes,No,Yes,No,Yes,No,No,No
V541468,DSL,Yes,No,No,Yes,Yes,No,No,Yes
O903499,DSL,Yes,No,Yes,No,No,No,No,No
A254137,None,Yes,Yes,No,No,No,No,No,Yes
F260206,Fiber Optic,Yes,Yes,No,Yes,No,Yes,Yes,No
A511604,Fiber Optic,Yes,No,Yes,No,No,No,Yes,Yes
C160792,None,Yes,No,No,No,Yes,Yes,No,No
P288684,Fiber Optic,Yes,No,No,No,Yes,Yes,No,No
H682549,DSL,Yes,Yes,No,Yes,No,No,No,Yes
P746019,DSL,Yes,Yes,Yes,No,No,No,Yes,No
W612848,Fiber Optic,Yes,Yes,No,Yes,No,No,Yes,No
P769156,Fiber Optic,Yes,Yes,No,Yes,Yes,No,No,No
Q485617,None,Yes,Yes,No,Yes,Yes,No,No,Yes
H549933,DSL,Yes,No,No,No,No,No,Yes,Yes
A880413,None,Yes,Yes,No,No,Yes,Yes,No,Yes
C203739,Fiber Optic,Yes,Yes,No,Yes,No,No,No,No
Z213701,DSL,Yes,Yes,No,No,No,No,No,No
Q18512,DSL,Yes,No,No,Yes,No,No,No,Yes
K472914,DSL,Yes,No,No,No,No,No,Yes,Yes
Z239104,Fiber Optic,Yes,Yes,Yes,Yes,Yes,No,No,No
B491501,DSL,Yes,No,No,No,No,Yes,No,Yes
B552951,Fiber Optic,Yes,No,Yes,No,No,Yes,No,Yes
C656853,Fiber Optic,Yes,Yes,No,Yes,No,No,No,No
D761680,None,Yes,Yes,Yes,No,Yes,No,No,No
P619856,DSL,Yes,Yes,No,No,No,No,No,Yes
Z94888,DSL,Yes,No,No,Yes,No,Yes,Yes,Yes
B396774,DSL,No,No,Yes,Yes,No,Yes,No,No
O791833,DSL,Yes,Yes,No,Yes,No,No,Yes,Yes
O86137,Fiber Optic,Yes,No,No,Yes,Yes,No,Yes,No
A854984,DSL,Yes,No,Yes,Yes,Yes,No,Yes,Yes
E691911,DSL,Yes,No,Yes,No,No,No,No,Yes
P185978,Fiber Optic,No,No,No,Yes,Yes,Yes,Yes,No
H319659,Fiber Optic,Yes,No,Yes,No,No,Yes,No,Yes
T55820,Fiber Optic,Yes,Yes,Yes,Yes,No,No,No,Yes
V49412,DSL,Yes,No,Yes,No,No,Yes,Yes,No
J122044,DSL,Yes,Yes,No,No,Yes,Yes,Yes,Yes
I188476,Fiber Optic,Yes,No,No,No,No,Yes,Yes,Yes
O773213,DSL,Yes,No,Yes,Yes,No,No,No,No
Y462174,DSL,Yes,No,No,Yes,No,Yes,Yes,Yes
P321391,Fiber Optic,Yes,No,Yes,No,Yes,Yes,Yes,Yes
S942225,DSL,Yes,Yes,No,Yes,Yes,No,Yes,No
Q43671,Fiber Optic,No,No,Yes,Yes,No,No,No,Yes
P854266,Fiber Optic,Yes,No,No,Yes,Yes,No,No,No
X258311,Fiber Optic,Yes,Yes,No,Yes,Yes,Yes,Yes,Yes
B950623,DSL,Yes,Yes,No,No,Yes,Yes,Yes,Yes
C380194,Fiber Optic,Yes,Yes,Yes,No,No,Yes,Yes,Yes
O608853,None,Yes,No,No,Yes,Yes,No,No,Yes
W306804,DSL,Yes,Yes,Yes,No,Yes,Yes,No,Yes
C495453,DSL,Yes,No,No,Yes,No,Yes,Yes,Yes
K455176,None,Yes,No,Yes,No,No,No,Yes,Yes
K288187,DSL,Yes,Yes,Yes,No,No,No,No,No
D215990,DSL,Yes,No,No,Yes,No,No,Yes,Yes
B442835,Fiber Optic,Yes,Yes,Yes,Yes,No,No,No,No
R317114,DSL,Yes,No,No,No,Yes,No,No,Yes
M394986,DSL,Yes,No,Yes,No,Yes,Yes,No,No
R814132,None,Yes,Yes,Yes,No,No,Yes,No,Yes
B826950,Fiber Optic,Yes,Yes,No,Yes,Yes,Yes,No,No
D362144,Fiber Optic,Yes,No,Yes,No,Yes,No,Yes,No
V565903,DSL,Yes,Yes,No,Yes,Yes,No,No,No
W166699,Fiber Optic,Yes,No,Yes,Yes,No,No,No,Yes
Y566973,DSL,Yes,Yes,No,No,Yes,No,No,No
B626230,Fiber Optic,Yes,No,Yes,No,Yes,No,No,No
P484703,Fiber Optic,Yes,No,Yes,No,Yes,No,Yes,No
Y536879,DSL,Yes,Yes,No,Yes,Yes,Yes,Yes,No
E198809,Fiber Optic,Yes,Yes,Yes,No,Yes,Yes,No,No
I826074,Fiber Optic,Yes,No,No,No,No,No,Yes,No
H773370,Fiber Optic,No,No,No,Yes,No,No,No,No
E793744,Fiber Optic,Yes,Yes,No,Yes,Yes,Yes,Yes,Yes
N900369,DSL,Yes,No,Yes,No,No,No,Yes,Yes
N754270,Fiber Optic,Yes,Yes,Yes,Yes,Yes,Yes,Yes,No
C586578,Fiber Optic,Yes,Yes,No,No,No,No,Yes,Yes
S492853,Fiber Optic,Yes,No,Yes,No,No,No,Yes,No
D953330,None,Yes,No,Yes,No,No,No,Yes,No
R960206,Fiber Optic,Yes,Yes,Yes,No,Yes,Yes,No,No
W590313,DSL,Yes,Yes,No,Yes,Yes,Yes,Yes,No
I933774,None,Yes,Yes,Yes,Yes,No,Yes,Yes,No
N788310,DSL,Yes,No,No,No,Yes,No,Yes,No
P233636,Fiber Optic,Yes,No,Yes,No,No,No,Yes,No
I698954,DSL,Yes,Yes,Yes,Yes,No,Yes,Yes,No
H74346,None,Yes,Yes,Yes,Yes,Yes,No,Yes,No
E296579,Fiber Optic,Yes,Yes,No,No,Yes,Yes,No,Yes
D694526,None,Yes,Yes,Yes,No,Yes,Yes,No,No
Z504428,DSL,Yes,Yes,Yes,Yes,No,Yes,No,Yes
Z326783,None,Yes,Yes,Yes,No,No,Yes,Yes,Yes
R591403,DSL,Yes,No,No,No,No,No,Yes,No
T813748,Fiber Optic,Yes,Yes,No,No,Yes,Yes,No,Yes
F657666,DSL,No,Yes,Yes,Yes,No,Yes,No,No
Q727920,DSL,Yes,Yes,No,No,Yes,No,No,No
C702452,DSL,Yes,Yes,No,Yes,Yes,No,No,Yes
B376002,None,Yes,No,Yes,No,No,No,No,Yes
S878007,None,Yes,Yes,No,Yes,Yes,No,Yes,No
O711143,None,Yes,No,No,Yes,No,Yes,No,Yes
J405133,DSL,Yes,No,No,No,No,Yes,No,Yes
Q528302,DSL,Yes,No,Yes,No,Yes,No,No,Yes
B520911,Fiber Optic,Yes,Yes,No,No,Yes,Yes,No,Yes
Q103481,Fiber Optic,Yes,No,Yes,No,No,No,No,Yes
V448804,DSL,Yes,No,No,Yes,No,No,Yes,No
P266026,DSL,Yes,Yes,No,Yes,Yes,Yes,No,No
A579005,DSL,Yes,Yes,No,Yes,No,No,No,Yes
Y986628,DSL,Yes,Yes,No,Yes,Yes,No,Yes,Yes
D533737,Fiber Optic,Yes,No,No,No,Yes,No,Yes,No
I956481,DSL,Yes,No,No,Yes,No,No,Yes,Yes
E887401,DSL,Yes,Yes,Yes,No,Yes,Yes,Yes,No
Q877999,Fiber Optic,Yes,Yes,No,No,Yes,No,No,No
Z37561,None,Yes,Yes,Yes,No,Yes,No,Yes,Yes
A690706,Fiber Optic,Yes,No,No,Yes,No,Yes,No,Yes
R832538,Fiber Optic,No,No,Yes,Yes,No,Yes,No,No
A574980,DSL,Yes,Yes,No,Yes,No,No,No,Yes
B522238,None,Yes,Yes,Yes,No,No,No,No,Yes
N901954,None,Yes,Yes,No,Yes,No,Yes,No,Yes
T602661,None,Yes,No,No,No,No,No,No,No
L779958,DSL,Yes,Yes,No,No,Yes,No,Yes,Yes
A267074,Fiber Optic,No,No,Yes,Yes,Yes,Yes,No,No
E69371,Fiber Optic,Yes,Yes,Yes,Yes,No,No,No,Yes
L842491,Fiber Optic,Yes,No,No,No,No,No,No,No
M774135,None,Yes,No,No,Yes,Yes,No,Yes,No
H999115,Fiber Optic,Yes,No,Yes,No,Yes,Yes,No,Yes
Y645189,DSL,Yes,Yes,Yes,Yes,Yes,No,No,No
I911659,DSL,Yes,No,No,Yes,No,No,Yes,No
P89048,DSL,No,Yes,No,No,Yes,No,No,No
X572451,None,Yes,No,Yes,Yes,Yes,No,No,No
C200236,DSL,No,No,Yes,No,Yes,Yes,Yes,No
W887390,None,Yes,No,Yes,No,Yes,Yes,Yes,No
Y703952,None,Yes,No,No,Yes,Yes,Yes,No,No
Y193208,Fiber Optic,Yes,No,No,No,No,No,Yes,Yes
X584358,Fiber Optic,Yes,No,No,No,Yes,No,No,Yes
I664975,Fiber Optic,Yes,No,No,No,No,Yes,Yes,No
K490134,DSL,Yes,Yes,No,Yes,No,No,No,Yes
S555616,DSL,Yes,No,Yes,Yes,No,No,Yes,Yes
R236363,Fiber Optic,Yes,Yes,No,Yes,No,Yes,No,No
J336967,None,Yes,Yes,No,No,No,No,Yes,Yes
Z662588,None,Yes,Yes,No,Yes,Yes,Yes,No,No
Y957582,DSL,Yes,Yes,No,No,No,Yes,Yes,Yes
N945334,Fiber Optic,Yes,Yes,No,Yes,No,No,Yes,No
D426768,None,Yes,No,No,No,No,No,Yes,No
G216510,Fiber Optic,Yes,No,No,No,No,Yes,No,Yes
M614018,None,Yes,Yes,Yes,Yes,No,Yes,Yes,Yes
B565042,Fiber Optic,Yes,Yes,No,No,No,No,No,No
A883961,DSL,Yes,Yes,Yes,Yes,Yes,No,Yes,Yes
B528928,None,Yes,Yes,No,Yes,Yes,Yes,Yes,No
D713249,Fiber Optic,Yes,No,No,No,Yes,No,No,No
Q64706,Fiber Optic,Yes,Yes,No,No,No,Yes,Yes,No
H35820,DSL,No,No,No,No,No,Yes,No,Yes
I879540,Fiber Optic,Yes,Yes,No,No,Yes,Yes,No,No
Q636054,Fiber Optic,Yes,No,No,Yes,No,No,Yes,No
N756117,None,No,Yes,No,No,Yes,No,Yes,Yes
I685889,Fiber Optic,Yes,No,Yes,No,No,Yes,Yes,No
X46528,None,Yes,No,Yes,No,Yes,Yes,No,Yes
K647527,None,Yes,No,Yes,No,Yes,No,No,No
U277761,Fiber Optic,Yes,Yes,No,No,No,No,Yes,No
N919727,Fiber Optic,Yes,Yes,Yes,No,No,Yes,No,Yes
M268103,Fiber Optic,Yes,Yes,Yes,No,No,No,No,Yes
G382072,None,Yes,No,No,Yes,No,No,Yes,Yes
B958792,Fiber Optic,Yes,No,No,Yes,Yes,No,No,No
K489873,None,Yes,No,No,Yes,No,No,No,Yes
L421212,DSL,No,Yes,No,Yes,No,No,No,No
N563417,Fiber Optic,Yes,Yes,No,Yes,Yes,No,No,Yes
J413492,Fiber Optic,Yes,No,No,No,Yes,Yes,No,No
O398465,DSL,Yes,Yes,No,Yes,Yes,Yes,Yes,No
G700859,DSL,Yes,No,No,No,No,No,Yes,Yes
J664176,Fiber Optic,Yes,No,Yes,No,Yes,No,Yes,Yes
J857580,Fiber Optic,Yes,Yes,Yes,Yes,No,Yes,Yes,Yes
N422027,DSL,Yes,No,No,No,Yes,No,Yes,No
N948139,Fiber Optic,Yes,No,No,No,No,Yes,No,No
T875893,Fiber Optic,Yes,No,No,Yes,No,No,No,No
L782448,Fiber Optic,Yes,No,No,No,Yes,No,No,Yes
T426958,DSL,Yes,No,Yes,Yes,No,Yes,Yes,No
U608044,None,Yes,Yes,No,No,No,No,No,Yes
U964784,None,Yes,No,No,Yes,No,No,No,Yes
T746316,Fiber Optic,Yes,No,Yes,Yes,Yes,No,Yes,No
E475299,Fiber Optic,Yes,No,No,Yes,Yes,Yes,Yes,No
A955987,Fiber Optic,Yes,No,Yes,Yes,No,Yes,Yes,No
X721364,DSL,Yes,No,No,No,Yes,No,No,Yes
B852131,DSL,Yes,Yes,No,No,No,No,No,No
Q14524,Fiber Optic,Yes,Yes,Yes,No,Yes,Yes,Yes,Yes
Z738137,Fiber Optic,Yes,Yes,No,No,No,Yes,No,No
A448406,Fiber Optic,Yes,Yes,No,Yes,No,Yes,No,Yes
E136683,Fiber Optic,Yes,No,Yes,Yes,Yes,No,No,No
Z745059,DSL,Yes,Yes,Yes,No,No,Yes,Yes,No
H337960,DSL,Yes,No,No,Yes,Yes,Yes,Yes,No
C89879,Fiber Optic,No,Yes,Yes,Yes,No,No,No,Yes
S797446,DSL,Yes,No,No,No,No,No,No,No
N543862,Fiber Optic,Yes,No,No,No,No,No,Yes,Yes
P913243,Fiber Optic,Yes,Yes,Yes,No,No,Yes,Yes,No
W844412,DSL,Yes,Yes,Yes,No,Yes,Yes,No,Yes
T156975,Fiber Optic,Yes,Yes,No,No,Yes,No,No,Yes
O94903,DSL,Yes,No,No,No,Yes,No,Yes,No
W952186,None,Yes,Yes,Yes,No,No,Yes,No,Yes
Z520183,DSL,Yes,No,Yes,No,No,Yes,Yes,Yes
G977357,None,Yes,No,No,Yes,No,No,No,Yes
A50168,None,Yes,Yes,No,No,No,No,No,Yes
V878848,Fiber Optic,Yes,No,No,No,No,No,Yes,Yes
S219932,Fiber Optic,Yes,No,No,No,Yes,No,No,Yes
R81991,Fiber Optic,Yes,No,No,No,No,No,No,Yes
Q385070,DSL,Yes,Yes,No,No,Yes,No,No,Yes
Y367168,Fiber Optic,Yes,Yes,Yes,Yes,No,No,No,Yes
E348990,Fiber Optic,Yes,No,No,Yes,Yes,No,No,Yes
X410500,Fiber Optic,Yes,No,No,No,No,Yes,No,Yes
V548300,DSL,Yes,No,No,Yes,No,Yes,No,No
F377129,DSL,Yes,No,No,No,No,No,No,No
P92726,Fiber Optic,Yes,No,No,Yes,Yes,No,Yes,Yes
M917985,Fiber Optic,Yes,Yes,Yes,Yes,No,No,Yes,No
W944417,Fiber Optic,Yes,Yes,No,Yes,Yes,No,Yes,No
L307672,Fiber Optic,Yes,No,No,Yes,Yes,No,No,No
D847737,None,Yes,No,No,No,No,No,Yes,No
E944296,Fiber Optic,Yes,Yes,No,Yes,No,No,No,No
N975397,Fiber Optic,Yes,No,No,Yes,Yes,Yes,Yes,No
G250165,DSL,Yes,No,No,No,No,No,No,No
C373743,None,Yes,Yes,Yes,Yes,Yes,No,Yes,Yes
O101585,None,Yes,Yes,Yes,No,Yes,Yes,No,No
D100013,None,Yes,Yes,Yes,No,No,Yes,No,No
D900849,DSL,Yes,No,No,No,Yes,Yes,Yes,No
W738466,DSL,Yes,Yes,No,No,Yes,No,No,Yes
R517437,Fiber Optic,Yes,Yes,No,No,Yes,No,No,No
M868934,Fiber Optic,No,No,No,Yes,Yes,No,No,No
H221146,DSL,Yes,Yes,Yes,Yes,Yes,No,Yes,No
M33995,None,Yes,No,No,Yes,No,No,No,Yes
K923267,Fiber Optic,Yes,No,Yes,Yes,No,No,Yes,Yes
Q581002,Fiber Optic,Yes,Yes,No,No,No,Yes,Yes,Yes
P452954,Fiber Optic,Yes,Yes,No,No,Yes,Yes,Yes,No
R566470,None,Yes,No,No,No,Yes,No,Yes,Yes
M771929,Fiber Optic,Yes,Yes,No,No,Yes,Yes,Yes,Yes
M692858,Fiber Optic,Yes,Yes,No,No,Yes,Yes,Yes,Yes
Z994762,Fiber Optic,Yes,Yes,No,Yes,Yes,No,No,No
A975552,Fiber Optic,No,No,No,Yes,No,Yes,Yes,Yes
T716593,Fiber Optic,Yes,No,No,Yes,No,No,Yes,Yes
K491558,Fiber Optic,No,No,No,Yes,Yes,Yes,Yes,Yes
F425378,DSL,Yes,No,No,Yes,No,No,No,No
F552446,DSL,Yes,No,Yes,No,No,No,No,Yes
L534498,DSL,Yes,No,No,No,Yes,No,No,No
L927920,None,Yes,No,Yes,No,Yes,No,Yes,No
Z503842,Fiber Optic,Yes,Yes,No,No,No,Yes,No,No
H788828,Fiber Optic,Yes,Yes,No,No,No,No,Yes,Yes
N769210,Fiber Optic,Yes,Yes,No,No,Yes,Yes,Yes,Yes
O555493,DSL,Yes,Yes,No,Yes,Yes,Yes,No,Yes
M250217,Fiber Optic,Yes,No,No,Yes,Yes,No,Yes,No
B407189,DSL,Yes,Yes,Yes,No,No,Yes,Yes,Yes
R338988,DSL,Yes,No,No,No,Yes,No,No,No
T874725,DSL,Yes,Yes,Yes,No,No,Yes,Yes,Yes
E135974,None,Yes,Yes,No,No,No,Yes,Yes,No
L723321,Fiber Optic,Yes,No,No,No,No,Yes,Yes,No
F346649,DSL,Yes,Yes,No,No,Yes,No,No,Yes
U66424,DSL,Yes,Yes,No,Yes,No,No,No,Yes
F454437,None,Yes,Yes,No,No,No,Yes,No,No
W845098,None,Yes,Yes,No,Yes,Yes,No,Yes,No
P854487,None,No,Yes,No,No,No,Yes,No,No
K983374,None,Yes,No,No,No,Yes,Yes,No,No
F576549,Fiber Optic,Yes,No,Yes,Yes,No,No,No,No
Z879032,Fiber Optic,Yes,No,Yes,Yes,No,No,Yes,Yes
V712317,Fiber Optic,Yes,No,No,Yes,No,Yes,No,Yes
W520458,DSL,Yes,Yes,Yes,No,No,Yes,Yes,Yes
J430418,DSL,Yes,Yes,No,No,Yes,Yes,Yes,No
B91628,DSL,Yes,Yes,No,No,No,Yes,No,No
T210131,DSL,Yes,No,No,No,Yes,No,No,Yes
A934321,DSL,No,No,No,No,No,Yes,No,No
R359034,DSL,Yes,Yes,No,Yes,Yes,No,No,Yes
W383596,DSL,Yes,Yes,Yes,No,Yes,No,Yes,Yes
B564637,DSL,No,Yes,No,Yes,No,Yes,Yes,No
E121729,None,Yes,No,No,Yes,Yes,No,Yes,Yes
I747990,DSL,Yes,No,No,No,No,Yes,No,No
Z415925,Fiber Optic,Yes,No,Yes,Yes,Yes,No,No,Yes
J970468,Fiber Optic,Yes,Yes,No,Yes,No,Yes,Yes,Yes
G647110,None,Yes,Yes,No,No,No,Yes,Yes,No
N575239,Fiber Optic,Yes,No,Yes,Yes,No,No,Yes,No
I514878,DSL,Yes,Yes,Yes,Yes,No,Yes,No,No
C978360,Fiber Optic,Yes,No,No,No,No,No,No,Yes
R310806,DSL,Yes,Yes,No,Yes,No,No,No,No
C656475,Fiber Optic,Yes,No,No,Yes,No,Yes,No,Yes
A29486,DSL,No,Yes,Yes,No,Yes,No,Yes,Yes
L90702,Fiber Optic,Yes,No,Yes,No,Yes,No,No,No
T384862,DSL,Yes,No,No,No,No,No,Yes,No
A378183,Fiber Optic,Yes,No,No,No,No,Yes,No,No
Z585029,None,Yes,No,Yes,No,No,No,No,Yes
Z946217,None,Yes,Yes,No,Yes,No,No,Yes,Yes
C679778,Fiber Optic,Yes,No,No,Yes,No,No,No,No
Y916772,Fiber Optic,Yes,Yes,No,Yes,No,Yes,Yes,Yes
N873894,Fiber Optic,Yes,No,Yes,No,Yes,No,Yes,No
Q752886,DSL,Yes,No,No,No,Yes,No,No,No
A229546,Fiber Optic,Yes,No,No,No,No,No,Yes,Yes
R950820,Fiber Optic,Yes,No,Yes,No,No,No,Yes,Yes
C366115,DSL,Yes,No,No,No,No,Yes,No,No
G838916,None,Yes,No,Yes,Yes,No,No,No,Yes
Q985321,Fiber Optic,Yes,Yes,Yes,No,No,Yes,Yes,Yes
T125324,DSL,Yes,Yes,Yes,No,No,No,No,No
O474361,DSL,No,No,No,No,No,No,No,Yes
X254030,Fiber Optic,Yes,Yes,No,No,Yes,No,Yes,No
L455727,Fiber Optic,Yes,No,Yes,Yes,Yes,Yes,Yes,No
P895687,DSL,Yes,Yes,No,Yes,Yes,No,Yes,Yes
R457250,None,Yes,Yes,Yes,Yes,No,No,No,No
O354747,DSL,Yes,No,No,No,No,No,No,No
W589259,DSL,No,No,No,Yes,Yes,Yes,Yes,No
H820683,Fiber Optic,Yes,No,No,Yes,No,No,No,No
F16781,Fiber Optic,Yes,Yes,No,Yes,Yes,No,Yes,No
O261679,DSL,No,Yes,Yes,Yes,No,No,Yes,Yes
O810951,DSL,Yes,Yes,No,Yes,Yes,No,No,Yes
B518299,DSL,Yes,No,No,No,No,No,Yes,No
N26220,DSL,Yes,Yes,Yes,Yes,Yes,Yes,No,Yes
D480755,None,Yes,Yes,No,Yes,Yes,No,Yes,No
M454939,DSL,No,No,Yes,No,Yes,Yes,No,No
P480149,Fiber Optic,Yes,No,No,Yes,No,Yes,No,No
Q907189,Fiber Optic,No,Yes,No,No,No,No,Yes,No
G254016,Fiber Optic,Yes,Yes,No,Yes,No,No,No,No
E208605,None,Yes,Yes,No,No,Yes,No,No,Yes
C289482,Fiber Optic,Yes,No,No,Yes,No,No,Yes,Yes
F409116,None,No,Yes,No,Yes,Yes,No,Yes,Yes
Q719914,Fiber Optic,Yes,No,No,Yes,Yes,Yes,No,Yes
P279540,Fiber Optic,Yes,No,No,Yes,No,Yes,Yes,Yes
K563405,Fiber Optic,Yes,Yes,No,Yes,Yes,No,Yes,No
S544900,Fiber Optic,Yes,No,Yes,No,Yes,No,No,No
U745199,Fiber Optic,Yes,Yes,No,No,Yes,No,Yes,Yes
S676815,Fiber Optic,Yes,No,Yes,Yes,No,Yes,No,No
M753237,None,No,No,No,Yes,No,No,Yes,No
F719405,DSL,Yes,Yes,Yes,No,No,No,Yes,No
V681488,None,Yes,No,No,No,No,No,No,Yes
I69199,DSL,Yes,No,Yes,Yes,Yes,Yes,Yes,Yes
F641912,Fiber Optic,Yes,Yes,No,No,Yes,No,No,No
S490943,Fiber Optic,Yes,No,No,No,Yes,No,Yes,No
E785921,None,Yes,Yes,No,No,No,No,No,Yes
O756593,None,Yes,Yes,No,No,No,Yes,Yes,No
P982922,None,Yes,No,Yes,Yes,No,Yes,No,No
E321920,DSL,Yes,Yes,Yes,No,Yes,Yes,No,Yes
V522146,Fiber Optic,Yes,Yes,No,Yes,Yes,No,No,No
R671272,None,No,Yes,No,No,No,Yes,Yes,No
L12753,Fiber Optic,Yes,Yes,No,Yes,Yes,No,No,No
F937361,DSL,Yes,No,No,Yes,No,No,Yes,No
P377664,None,Yes,Yes,No,Yes,No,No,Yes,Yes
N293608,DSL,Yes,Yes,Yes,No,Yes,Yes,No,No
K557225,DSL,Yes,Yes,No,No,No,No,Yes,Yes
T749460,DSL,Yes,Yes,No,Yes,No,No,No,No
H509049,Fiber Optic,Yes,No,Yes,Yes,Yes,No,Yes,No
V967766,Fiber Optic,Yes,No,Yes,Yes,Yes,No,Yes,Yes
V975858,None,Yes,No,Yes,Yes,No,No,Yes,No
K18950,None,Yes,Yes,No,Yes,No,Yes,No,Yes
R140169,Fiber Optic,Yes,No,No,No,No,No,Yes,No
Y933855,Fiber Optic,Yes,Yes,No,No,Yes,Yes,No,Yes
M959797,DSL,Yes,Yes,Yes,Yes,Yes,Yes,Yes,Yes
N885138,Fiber Optic,Yes,No,No,Yes,Yes,No,Yes,Yes
P184338,Fiber Optic,Yes,Yes,No,No,No,Yes,No,Yes
W171018,Fiber Optic,Yes,Yes,Yes,No,Yes,Yes,No,Yes
S900746,DSL,Yes,Yes,Yes,No,Yes,Yes,Yes,Yes
I940654,DSL,Yes,Yes,Yes,No,Yes,No,Yes,No
G434946,None,Yes,Yes,No,Yes,No,No,Yes,Yes
U201713,DSL,Yes,No,No,No,Yes,Yes,Yes,No
I29405,Fiber Optic,Yes,Yes,No,No,Yes,No,No,Yes
U564504,None,Yes,No,No,Yes,Yes,Yes,No,Yes
F929683,DSL,Yes,No,Yes,Yes,No,Yes,No,Yes
S113370,DSL,Yes,Yes,No,No,No,Yes,No,Yes
E726244,DSL,Yes,Yes,No,No,No,No,No,No
T871243,DSL,Yes,No,No,Yes,No,No,Yes,Yes
H203700,Fiber Optic,Yes,Yes,No,No,Yes,No,No,No
C895790,Fiber Optic,Yes,Yes,No,No,Yes,No,No,Yes
L462547,DSL,Yes,No,No,Yes,Yes,No,No,Yes
E460114,Fiber Optic,Yes,No,Yes,No,No,No,No,No
Z567552,DSL,Yes,No,No,Yes,Yes,No,No,No
S981256,Fiber Optic,Yes,No,No,No,Yes,No,Yes,No
X103649,None,Yes,No,No,No,No,No,Yes,No
D347239,Fiber Optic,Yes,No,No,No,No,Yes,Yes,No
C850954,Fiber Optic,No,Yes,No,Yes,No,No,Yes,No
H866755,Fiber Optic,Yes,No,No,No,Yes,No,Yes,No
F890984,None,Yes,No,Yes,No,No,Yes,No,Yes
H681000,Fiber Optic,Yes,Yes,No,Yes,No,No,Yes,Yes
Y947832,DSL,Yes,No,No,No,Yes,Yes,Yes,Yes
M657295,Fiber Optic,Yes,No,Yes,No,Yes,No,Yes,No
C543107,None,Yes,No,No,Yes,No,No,Yes,No
Z479356,DSL,Yes,Yes,Yes,Yes,No,No,Yes,Yes
J374945,None,Yes,Yes,Yes,Yes,No,No,No,Yes
E683240,DSL,Yes,Yes,No,Yes,No,No,No,No
G18578,Fiber Optic,Yes,Yes,Yes,No,No,No,Yes,No
N809088,Fiber Optic,Yes,Yes,No,No,No,Yes,No,No
T658447,Fiber Optic,Yes,Yes,Yes,No,Yes,Yes,No,Yes
P391955,None,Yes,No,No,Yes,Yes,No,No,Yes
G346319,Fiber Optic,No,Yes,No,No,Yes,Yes,Yes,No
B870877,None,Yes,Yes,Yes,Yes,Yes,Yes,No,No
K644828,DSL,Yes,Yes,Yes,No,No,No,No,Yes
J598152,None,Yes,No,No,No,No,No,No,No
J709344,DSL,Yes,Yes,No,No,No,No,No,No
G539846,Fiber Optic,Yes,Yes,No,Yes,No,No,Yes,Yes
Y283257,Fiber Optic,Yes,No,No,Yes,Yes,Yes,No,Yes
P40019,None,No,Yes,No,No,Yes,Yes,Yes,No
Y472280,Fiber Optic,Yes,No,Yes,No,No,No,No,Yes
P587250,Fiber Optic,Yes,No,Yes,Yes,No,No,Yes,No
J314399,None,Yes,Yes,No,Yes,Yes,No,No,No
J843230,None,Yes,No,No,Yes,Yes,Yes,Yes,No
Z45722,DSL,Yes,No,No,No,Yes,No,Yes,No
Z549567,None,Yes,No,No,No,No,No,No,No
D237643,Fiber Optic,Yes,Yes,No,Yes,Yes,No,No,Yes
Z153038,Fiber Optic,Yes,Yes,Yes,Yes,No,No,No,Yes
N439683,Fiber Optic,Yes,Yes,Yes,No,Yes,No,Yes,No
T609106,DSL,Yes,No,No,Yes,No,Yes,Yes,Yes
P221665,None,Yes,No,No,No,Yes,Yes,Yes,No
D598201,Fiber Optic,Yes,No,No,Yes,No,Yes,No,No
K288941,None,Yes,No,No,No,Yes,No,Yes,No
O251865,DSL,Yes,Yes,Yes,Yes,Yes,No,Yes,No
G534310,None,Yes,No,Yes,Yes,No,No,Yes,No
R513986,Fiber Optic,Yes,Yes,No,Yes,Yes,No,Yes,No
T496778,DSL,Yes,No,No,Yes,No,Yes,No,Yes
K532128,Fiber Optic,Yes,Yes,No,No,No,No,Yes,Yes
X30939,DSL,Yes,Yes,Yes,No,No,No,No,No
W652676,DSL,Yes,Yes,No,No,No,No,No,Yes
U466642,DSL,Yes,No,No,Yes,No,Yes,No,No
P133027,Fiber Optic,Yes,No,Yes,No,No,No,No,No
I853175,Fiber Optic,Yes,Yes,No,Yes,No,No,No,Yes
G873962,DSL,Yes,Yes,Yes,No,Yes,No,No,Yes
N271219,Fiber Optic,Yes,Yes,No,No,No,No,No,Yes
D959007,DSL,Yes,Yes,Yes,No,No,No,No,No
E33639,Fiber Optic,Yes,No,No,No,Yes,Yes,No,Yes
M547275,None,Yes,Yes,No,Yes,Yes,Yes,No,Yes
G516608,None,Yes,No,Yes,Yes,No,No,No,No
L257533,Fiber Optic,Yes,No,No,Yes,Yes,No,No,No
D394318,Fiber Optic,Yes,No,No,No,No,Yes,Yes,No
O517481,DSL,Yes,No,No,Yes,Yes,No,No,No
J206590,DSL,Yes,No,No,No,Yes,No,Yes,Yes
U307619,DSL,Yes,Yes,No,Yes,Yes,No,No,No
A863691,Fiber Optic,Yes,Yes,No,No,Yes,Yes,No,No
E78840,Fiber Optic,Yes,No,No,No,Yes,No,No,No
T786613,Fiber Optic,Yes,No,Yes,Yes,No,No,No,No
H350868,Fiber Optic,Yes,No,Yes,No,No,No,No,No
Q917311,None,Yes,Yes,Yes,Yes,No,No,Yes,Yes
Z740374,Fiber Optic,Yes,Yes,No,No,Yes,Yes,No,No
T875085,Fiber Optic,Yes,Yes,No,No,No,No,No,Yes
T399816,Fiber Optic,Yes,No,No,Yes,No,Yes,Yes,Yes
G55258,Fiber Optic,Yes,Yes,Yes,No,No,No,No,Yes
L19643,Fiber Optic,No,No,No,No,Yes,Yes,No,No
G197856,None,Yes,No,No,No,Yes,No,No,No
C124627,Fiber Optic,Yes,No,No,Yes,No,Yes,No,No
M232523,DSL,Yes,No,No,Yes,No,No,Yes,No
G890475,Fiber Optic,Yes,Yes,No,Yes,No,Yes,No,No
S193057,DSL,Yes,No,No,Yes,No,No,No,No
R468131,DSL,Yes,No,No,Yes,Yes,No,Yes,No
O214486,None,Yes,No,No,No,No,Yes,Yes,Yes
Q641658,DSL,Yes,Yes,No,No,No,No,Yes,No
R27796,Fiber Optic,Yes,Yes,No,No,No,No,Yes,Yes
O542962,Fiber Optic,Yes,No,No,No,No,No,No,No
E830745,Fiber Optic,Yes,Yes,Yes,No,No,No,No,No
X105310,Fiber Optic,Yes,Yes,No,No,Yes,No,No,Yes
K690619,Fiber Optic,Yes,No,No,No,Yes,No,No,No
M07714,Fiber Optic,Yes,Yes,No,No,No,Yes,Yes,No
Z337719,Fiber Optic,No,No,Yes,Yes,No,No,Yes,Yes
L497911,None,Yes,Yes,No,Yes,No,No,Yes,No
Y148562,Fiber Optic,Yes,Yes,No,No,No,No,No,Yes
D95211,DSL,No,No,Yes,No,No,No,Yes,No
F25518,DSL,Yes,No,No,No,No,No,No,Yes
J904209,DSL,Yes,No,No,Yes,No,No,Yes,No
Y379256,DSL,Yes,Yes,Yes,Yes,No,No,Yes,Yes
N860253,DSL,Yes,Yes,Yes,No,No,Yes,No,Yes
E338770,Fiber Optic,Yes,No,No,Yes,No,Yes,Yes,No
Y757668,Fiber Optic,Yes,No,Yes,Yes,Yes,No,No,Yes
Z881348,DSL,Yes,Yes,No,Yes,No,Yes,Yes,No
A660947,DSL,No,Yes,Yes,No,Yes,Yes,Yes,Yes
B448076,Fiber Optic,Yes,Yes,No,Yes,No,No,No,No
T706916,Fiber Optic,Yes,No,No,Yes,Yes,Yes,No,Yes
M482641,Fiber Optic,Yes,No,No,Yes,Yes,No,No,No
P593660,DSL,Yes,No,No,No,No,No,No,Yes
Z65729,Fiber Optic,Yes,No,No,No,Yes,No,Yes,Yes
T157623,DSL,No,Yes,Yes,Yes,Yes,No,No,No
V653709,Fiber Optic,Yes,No,No,No,No,Yes,No,Yes
C449977,Fiber Optic,Yes,No,Yes,No,No,No,Yes,No
W773815,DSL,No,No,Yes,No,Yes,Yes,No,No
P323694,DSL,Yes,No,No,No,Yes,No,Yes,No
Y905946,Fiber Optic,No,Yes,Yes,No,Yes,No,Yes,Yes
Y195132,None,No,No,Yes,No,No,Yes,Yes,No
C892689,Fiber Optic,Yes,No,No,No,No,No,Yes,Yes
N815042,DSL,Yes,Yes,Yes,No,Yes,Yes,Yes,No
P288893,Fiber Optic,Yes,No,No,No,No,No,Yes,Yes
H793758,Fiber Optic,Yes,No,No,No,Yes,Yes,Yes,Yes
W301538,DSL,Yes,Yes,No,No,No,No,Yes,Yes
I602999,DSL,Yes,Yes,Yes,No,No,No,No,No
U729467,Fiber Optic,Yes,No,Yes,No,Yes,No,No,No
J342420,DSL,Yes,Yes,Yes,Yes,No,No,No,No
K405740,Fiber Optic,No,Yes,No,No,No,No,Yes,No
Z648852,Fiber Optic,Yes,Yes,No,Yes,No,No,Yes,No
A944069,DSL,Yes,Yes,Yes,No,No,Yes,Yes,Yes
X245788,DSL,Yes,No,No,No,No,No,No,No
M723914,None,No,Yes,No,Yes,No,No,No,Yes
H441282,Fiber Optic,Yes,Yes,Yes,No,Yes,Yes,No,No
R793629,DSL,No,No,Yes,Yes,Yes,No,Yes,No
T09327,Fiber Optic,Yes,Yes,No,Yes,Yes,Yes,No,No
H707643,Fiber Optic,Yes,Yes,No,Yes,No,Yes,No,Yes
P308042,DSL,Yes,Yes,Yes,Yes,No,No,No,Yes
Z120876,Fiber Optic,Yes,Yes,Yes,Yes,Yes,No,No,Yes
J216031,None,Yes,Yes,No,No,Yes,No,No,No
S789082,None,Yes,No,Yes,No,Yes,Yes,Yes,No
S947350,DSL,Yes,Yes,No,No,No,Yes,No,No
R276130,DSL,Yes,No,Yes,Yes,No,No,No,Yes
M806238,DSL,Yes,No,No,No,No,No,Yes,Yes
W193636,DSL,Yes,No,No,Yes,No,Yes,No,No
D85371,None,Yes,No,No,No,No,No,No,No
L197926,Fiber Optic,Yes,Yes,Yes,No,Yes,Yes,Yes,No
L40018,Fiber Optic,Yes,No,No,No,No,Yes,Yes,Yes
S373191,Fiber Optic,No,Yes,No,No,No,Yes,No,No
Z518136,Fiber Optic,Yes,No,No,Yes,Yes,Yes,No,Yes
O916449,None,Yes,Yes,No,No,Yes,No,Yes,Yes
S642057,Fiber Optic,Yes,No,Yes,Yes,No,No,No,Yes
V910733,None,Yes,No,Yes,No,No,No,Yes,No
R197571,DSL,No,No,Yes,No,No,Yes,No,Yes
P576674,DSL,No,Yes,Yes,Yes,No,Yes,Yes,No
K751586,DSL,Yes,Yes,Yes,Yes,Yes,Yes,No,No
I245220,None,Yes,No,No,Yes,No,No,Yes,Yes
G250913,Fiber Optic,Yes,No,No,No,No,No,No,No
V350068,Fiber Optic,Yes,Yes,No,Yes,Yes,No,No,Yes
C130615,None,Yes,Yes,Yes,No,Yes,No,Yes,No
R542144,Fiber Optic,Yes,No,Yes,No,No,No,No,Yes
E101792,Fiber Optic,Yes,Yes,Yes,Yes,No,Yes,No,No
A756452,Fiber Optic,No,Yes,Yes,Yes,Yes,No,No,No
H899138,Fiber Optic,Yes,No,No,No,Yes,No,Yes,No
G896541,Fiber Optic,Yes,No,No,No,Yes,No,No,No
J260529,None,No,No,Yes,Yes,Yes,Yes,No,Yes
U118458,None,Yes,No,Yes,No,Yes,No,Yes,No
M286443,Fiber Optic,Yes,Yes,Yes,No,Yes,No,Yes,Yes
L71833,None,Yes,No,No,Yes,No,No,Yes,Yes
R976757,Fiber Optic,Yes,No,Yes,No,No,No,No,Yes
V465323,DSL,Yes,Yes,No,No,No,Yes,No,Yes
C384120,Fiber Optic,No,Yes,Yes,Yes,No,No,Yes,Yes
H35497,DSL,No,Yes,No,No,Yes,Yes,No,No
N364835,DSL,Yes,No,Yes,No,No,No,Yes,No
W666471,Fiber Optic,Yes,No,No,No,No,No,Yes,No
C224198,DSL,Yes,No,Yes,Yes,No,No,No,No
S48591,Fiber Optic,Yes,No,No,No,Yes,No,Yes,Yes
D580035,DSL,Yes,Yes,No,No,No,No,Yes,No
Y389559,Fiber Optic,Yes,Yes,No,Yes,No,Yes,No,No
E750964,Fiber Optic,No,Yes,No,Yes,Yes,Yes,No,No
V992479,Fiber Optic,Yes,No,Yes,No,Yes,No,Yes,Yes
O320177,DSL,Yes,No,Yes,No,No,Yes,Yes,No
E240460,Fiber Optic,Yes,No,Yes,Yes,No,No,Yes,No
D891692,DSL,No,Yes,No,No,No,No,Yes,No
W710569,Fiber Optic,Yes,No,No,No,Yes,Yes,Yes,Yes
P426689,Fiber Optic,Yes,No,Yes,No,No,No,Yes,No
J428295,DSL,Yes,No,No,No,No,Yes,No,No
E82552,None,Yes,Yes,Yes,No,No,No,No,Yes
I60609,DSL,No,No,No,No,Yes,No,Yes,Yes
C359144,Fiber Optic,Yes,Yes,Yes,No,Yes,No,Yes,No
H511997,Fiber Optic,Yes,No,Yes,Yes,No,No,No,No
W974839,None,Yes,Yes,Yes,Yes,No,No,No,Yes
Y140735,DSL,Yes,Yes,Yes,No,No,No,Yes,No
J957601,None,Yes,No,No,No,No,No,Yes,Yes
U121835,None,No,Yes,No,No,Yes,No,Yes,Yes
B60959,DSL,Yes,Yes,Yes,Yes,No,No,No,No
S102431,Fiber Optic,Yes,Yes,No,No,No,No,No,No
S611900,None,Yes,Yes,Yes,No,No,No,Yes,No
B167906,DSL,Yes,No,No,No,Yes,Yes,Yes,Yes
G315668,DSL,Yes,Yes,Yes,No,No,Yes,No,No
Y247424,DSL,Yes,Yes,Yes,No,Yes,No,Yes,Yes
P49053,Fiber Optic,Yes,No,No,No,Yes,No,No,Yes
Y34797,None,Yes,Yes,Yes,Yes,No,Yes,Yes,Yes
X471199,DSL,Yes,No,No,No,Yes,Yes,No,Yes
B687215,Fiber Optic,Yes,No,No,No,No,No,Yes,No
O181876,None,No,No,No,Yes,Yes,No,Yes,Yes
D281561,Fiber Optic,Yes,Yes,No,No,No,No,No,Yes
L196466,Fiber Optic,Yes,Yes,No,No,Yes,Yes,No,Yes
S658766,None,Yes,No,Yes,No,No,No,No,Yes
L20895,Fiber Optic,Yes,Yes,No,Yes,Yes,No,No,No
G416862,Fiber Optic,Yes,No,No,No,Yes,Yes,No,No
V472281,None,Yes,No,Yes,No,Yes,No,Yes,No
G223009,Fiber Optic,No,No,No,No,Yes,Yes,Yes,No
K322836,DSL,Yes,No,No,Yes,No,No,No,Yes
L613081,DSL,Yes,No,No,No,No,No,Yes,No
P854609,Fiber Optic,Yes,No,No,Yes,Yes,No,No,No
L659694,None,Yes,No,Yes,No,No,No,Yes,Yes
I830183,Fiber Optic,Yes,No,Yes,No,No,Yes,No,Yes
K652765,None,No,No,No,Yes,Yes,Yes,No,No
W121980,DSL,Yes,No,No,Yes,Yes,No,Yes,No
T879160,Fiber Optic,Yes,Yes,Yes,No,No,No,No,No
B714519,Fiber Optic,Yes,Yes,No,No,Yes,No,No,No
S297468,DSL,Yes,No,Yes,No,Yes,No,No,No
V435676,DSL,Yes,No,Yes,No,Yes,Yes,No,No
B782212,None,Yes,No,No,No,No,No,No,Yes
Z777846,Fiber Optic,Yes,No,Yes,No,Yes,Yes,No,No
T620393,DSL,Yes,Yes,No,Yes,Yes,No,No,No
O179523,Fiber Optic,Yes,Yes,No,No,Yes,Yes,No,No
K240876,None,Yes,No,No,No,Yes,Yes,Yes,No
W627535,None,Yes,No,No,No,Yes,Yes,No,No
L485651,DSL,Yes,Yes,Yes,No,No,Yes,Yes,No
D39042,None,Yes,Yes,Yes,No,No,Yes,No,No
P52455,DSL,Yes,Yes,Yes,Yes,No,Yes,No,No
B329338,Fiber Optic,Yes,Yes,Yes,Yes,Yes,No,No,No
X656608,Fiber Optic,Yes,No,No,Yes,No,Yes,No,No
R710663,None,Yes,No,No,Yes,No,Yes,No,No
K429689,None,Yes,Yes,No,No,No,No,No,No
Q994510,Fiber Optic,No,No,Yes,Yes,No,No,No,No
K562152,DSL,Yes,No,Yes,Yes,Yes,Yes,No,No
I340772,None,Yes,No,Yes,Yes,Yes,No,No,No
N685548,None,Yes,Yes,Yes,Yes,No,No,No,Yes
E999597,DSL,Yes,No,No,No,No,No,Yes,No
B854734,Fiber Optic,Yes,No,Yes,No,No,No,No,Yes
H858502,None,No,Yes,No,No,No,No,No,No
E838812,None,Yes,No,Yes,No,No,Yes,No,Yes
T332168,DSL,Yes,No,Yes,Yes,No,No,No,No
U913708,Fiber Optic,Yes,No,No,Yes,No,No,No,Yes
C461781,Fiber Optic,Yes,Yes,No,Yes,Yes,No,Yes,No
J159507,DSL,Yes,Yes,Yes,No,No,No,No,No
A224472,None,Yes,No,No,Yes,Yes,No,Yes,Yes
K617337,Fiber Optic,Yes,No,No,Yes,No,Yes,Yes,No
I526734,DSL,Yes,Yes,Yes,No,No,No,No,Yes
G699718,None,Yes,No,Yes,No,Yes,No,Yes,No
W995393,Fiber Optic,Yes,No,No,No,Yes,No,Yes,No
U784524,Fiber Optic,Yes,No,No,Yes,Yes,No,No,Yes
C67850,Fiber Optic,Yes,Yes,Yes,Yes,No,No,No,No
I693971,Fiber Optic,Yes,No,No,No,Yes,Yes,No,No
Q52428,Fiber Optic,Yes,Yes,Yes,No,No,No,Yes,No
T770495,Fiber Optic,Yes,Yes,Yes,Yes,Yes,No,No,No
H106495,None,No,Yes,Yes,No,No,Yes,Yes,No
T273994,Fiber Optic,Yes,No,No,Yes,No,Yes,No,Yes
D18475,DSL,Yes,No,No,No,No,Yes,No,Yes
T900913,None,Yes,No,No,Yes,No,Yes,No,Yes
S312870,None,Yes,No,No,No,Yes,No,Yes,Yes
N290240,DSL,No,No,No,No,Yes,Yes,No,Yes
F330383,None,No,No,Yes,No,Yes,No,Yes,No
P351564,DSL,Yes,No,No,No,No,No,No,Yes
J834972,DSL,Yes,No,No,Yes,Yes,Yes,No,Yes
O983275,None,Yes,Yes,No,Yes,Yes,No,Yes,No
N367856,DSL,Yes,Yes,No,Yes,No,No,No,Yes
C250137,DSL,Yes,Yes,No,No,Yes,No,Yes,No
P764987,Fiber Optic,Yes,Yes,Yes,Yes,Yes,Yes,No,No
Z606822,DSL,Yes,Yes,No,Yes,Yes,No,Yes,Yes
K431806,DSL,Yes,No,No,No,Yes,No,No,No
S530674,DSL,Yes,No,Yes,Yes,Yes,Yes,No,No
W347019,Fiber Optic,Yes,No,Yes,No,Yes,No,No,Yes
M537561,None,Yes,Yes,No,Yes,Yes,No,Yes,Yes
J706158,Fiber Optic,Yes,No,No,Yes,No,Yes,No,No
M252621,DSL,Yes,No,No,Yes,No,Yes,Yes,No
B256842,None,Yes,No,No,Yes,Yes,No,No,No
W803351,DSL,Yes,No,Yes,No,No,No,Yes,No
T168495,Fiber Optic,Yes,No,Yes,No,Yes,Yes,Yes,No
C565791,DSL,Yes,Yes,Yes,Yes,No,Yes,No,No
Z888878,Fiber Optic,Yes,Yes,No,No,No,Yes,No,Yes
Z958847,DSL,Yes,Yes,No,No,No,No,Yes,No
N11819,None,Yes,No,Yes,No,No,No,No,No
L303301,DSL,Yes,No,No,No,Yes,No,No,Yes
B311103,DSL,Yes,No,No,No,Yes,No,No,No
D952460,Fiber Optic,Yes,No,No,No,No,No,No,No
H958211,None,Yes,Yes,Yes,Yes,No,No,Yes,Yes
H873603,Fiber Optic,Yes,No,No,Yes,Yes,Yes,No,Yes
E645585,DSL,Yes,No,Yes,No,No,Yes,No,Yes
I119198,Fiber Optic,Yes,Yes,No,Yes,Yes,Yes,No,Yes
J519616,None,Yes,No,No,Yes,No,No,Yes,Yes
R939963,DSL,No,Yes,No,No,Yes,No,No,Yes
H714009,DSL,Yes,No,No,Yes,Yes,No,No,No
J614079,DSL,Yes,No,No,Yes,No,No,No,Yes
I898708,Fiber Optic,Yes,No,No,No,No,No,No,No
L575000,Fiber Optic,Yes,No,No,Yes,Yes,No,No,Yes
P121501,DSL,Yes,Yes,Yes,No,No,Yes,No,Yes
O991053,Fiber Optic,Yes,No,No,No,Yes,Yes,Yes,No
V599007,Fiber Optic,Yes,No,No,Yes,Yes,Yes,No,No
Y790493,Fiber Optic,Yes,Yes,Yes,Yes,Yes,No,Yes,No
O683824,Fiber Optic,No,Yes,No,Yes,Yes,No,Yes,No
J238568,None,Yes,Yes,No,Yes,No,Yes,No,Yes
C22138,Fiber Optic,No,Yes,No,No,No,Yes,Yes,No
C827453,Fiber Optic,Yes,No,No,Yes,No,Yes,No,No
S123232,Fiber Optic,Yes,Yes,Yes,No,Yes,No,No,No
X680212,Fiber Optic,Yes,No,No,No,No,No,Yes,Yes
H232921,DSL,Yes,Yes,Yes,Yes,Yes,No,Yes,Yes
D71220,Fiber Optic,Yes,Yes,No,No,No,Yes,Yes,Yes
W397726,Fiber Optic,Yes,Yes,Yes,Yes,No,No,No,Yes
K218632,Fiber Optic,Yes,No,No,Yes,No,Yes,No,No
Z624812,DSL,Yes,Yes,No,No,Yes,No,Yes,No
N275888,DSL,Yes,Yes,Yes,Yes,No,No,Yes,No
Q642279,Fiber Optic,No,Yes,No,Yes,Yes,Yes,Yes,Yes
E468347,Fiber Optic,Yes,No,Yes,Yes,Yes,Yes,Yes,Yes
L562712,Fiber Optic,Yes,Yes,Yes,No,No,No,Yes,No
R568011,DSL,Yes,Yes,Yes,No,No,No,Yes,Yes
O889869,DSL,Yes,No,No,No,No,No,Yes,No
W194911,Fiber Optic,Yes,Yes,No,No,No,No,Yes,No
X65089,Fiber Optic,Yes,No,No,No,No,Yes,No,Yes
H728463,None,Yes,No,No,No,No,No,No,Yes
T334455,DSL,Yes,No,Yes,No,No,No,Yes,No
T115827,Fiber Optic,Yes,Yes,No,No,Yes,Yes,No,No
O852035,None,Yes,Yes,No,No,No,No,Yes,Yes
Z991519,DSL,Yes,No,No,Yes,No,No,No,No
E253261,Fiber Optic,Yes,Yes,No,Yes,Yes,Yes,No,No
Z698158,DSL,Yes,No,No,Yes,Yes,No,No,No
Z39870,None,Yes,No,No,No,Yes,Yes,Yes,Yes
R590860,Fiber Optic,Yes,Yes,No,No,Yes,No,Yes,No
R622504,DSL,Yes,Yes,Yes,No,Yes,No,No,Yes
J08039,DSL,Yes,No,No,Yes,Yes,No,No,Yes
J936906,DSL,Yes,Yes,No,Yes,Yes,No,Yes,No
D322615,Fiber Optic,Yes,No,No,Yes,No,No,No,Yes
C406817,Fiber Optic,Yes,Yes,No,No,Yes,No,No,Yes
F347876,DSL,No,No,Yes,No,No,Yes,No,No
O265706,DSL,Yes,No,No,No,Yes,Yes,Yes,No
Y604028,DSL,Yes,Yes,No,Yes,No,No,Yes,Yes
U589779,Fiber Optic,Yes,Yes,Yes,Yes,Yes,Yes,Yes,Yes
P172432,Fiber Optic,Yes,Yes,No,No,Yes,Yes,Yes,No
T283168,DSL,Yes,Yes,Yes,No,No,No,No,Yes
A873218,DSL,Yes,Yes,No,Yes,Yes,No,No,Yes
G759279,DSL,Yes,No,No,Yes,Yes,No,Yes,Yes
L405130,Fiber Optic,Yes,Yes,No,No,Yes,No,Yes,Yes
U114164,None,Yes,Yes,Yes,Yes,Yes,No,Yes,No
G709630,DSL,Yes,No,Yes,Yes,No,No,Yes,No
Y514231,Fiber Optic,Yes,Yes,Yes,No,No,Yes,No,No
E08758,DSL,No,Yes,Yes,Yes,No,No,Yes,Yes
T209311,DSL,Yes,No,No,No,Yes,Yes,Yes,Yes
Z27705,Fiber Optic,Yes,No,No,Yes,Yes,No,No,Yes
O818301,DSL,Yes,Yes,No,No,No,No,No,No
P515038,DSL,Yes,Yes,No,Yes,Yes,Yes,No,Yes
S905465,None,Yes,No,Yes,No,Yes,Yes,Yes,Yes
H550709,Fiber Optic,Yes,No,Yes,Yes,Yes,Yes,Yes,Yes
R958596,Fiber Optic,Yes,Yes,No,No,Yes,Yes,No,No
M523186,Fiber Optic,Yes,No,Yes,Yes,Yes,No,Yes,Yes
L916753,None,Yes,No,No,No,Yes,No,Yes,No
C469303,None,Yes,No,No,No,Yes,Yes,Yes,Yes
G226727,Fiber Optic,Yes,No,Yes,Yes,No,Yes,Yes,Yes
U670726,DSL,No,No,Yes,No,No,No,Yes,Yes
I976769,DSL,Yes,No,No,Yes,No,No,No,Yes
V102290,Fiber Optic,Yes,Yes,No,No,Yes,No,No,No
R302701,Fiber Optic,Yes,No,Yes,No,Yes,No,Yes,Yes
Y135389,Fiber Optic,No,Yes,Yes,Yes,No,Yes,No,Yes
V612897,DSL,Yes,Yes,No,Yes,Yes,No,No,No
R949574,None,Yes,Yes,No,Yes,Yes,Yes,Yes,No
S639183,Fiber Optic,Yes,Yes,No,Yes,Yes,Yes,Yes,Yes
W284255,Fiber Optic,Yes,Yes,Yes,Yes,No,No,No,No
A121664,Fiber Optic,Yes,Yes,Yes,No,No,Yes,No,No
R838413,DSL,Yes,No,No,No,No,Yes,No,Yes
T997976,Fiber Optic,Yes,Yes,No,No,No,No,Yes,No
Q801825,Fiber Optic,Yes,No,Yes,Yes,Yes,No,No,Yes
S457891,Fiber Optic,Yes,Yes,No,Yes,No,No,Yes,No
Z714835,None,Yes,No,No,No,Yes,Yes,Yes,No
K656780,Fiber Optic,Yes,No,Yes,Yes,No,Yes,No,No
Z636097,None,No,No,No,Yes,No,No,No,No
K861096,DSL,Yes,Yes,No,Yes,No,Yes,No,Yes
O260952,Fiber Optic,Yes,No,Yes,No,Yes,Yes,No,Yes
E202148,Fiber Optic,Yes,Yes,No,Yes,No,No,Yes,No
R373783,Fiber Optic,Yes,No,No,No,No,Yes,No,No
W219853,None,Yes,No,Yes,No,No,No,No,Yes
B800553,None,Yes,Yes,No,No,Yes,No,Yes,Yes
O208180,Fiber Optic,Yes,Yes,Yes,No,No,Yes,Yes,Yes
T508169,DSL,Yes,Yes,No,Yes,Yes,Yes,No,Yes
T874752,DSL,Yes,No,Yes,Yes,Yes,No,Yes,Yes
X189609,None,Yes,Yes,No,Yes,Yes,Yes,No,No
X00601,None,Yes,Yes,Yes,No,No,No,Yes,Yes
P322668,None,Yes,No,No,No,No,No,Yes,No
D105017,Fiber Optic,Yes,No,Yes,Yes,No,No,Yes,No
T654164,DSL,Yes,No,No,Yes,Yes,No,Yes,No
T584418,DSL,Yes,No,No,No,No,No,Yes,No
Z72807,Fiber Optic,Yes,Yes,Yes,Yes,Yes,No,Yes,No
T495657,Fiber Optic,Yes,No,No,No,No,No,Yes,No
P348821,DSL,Yes,Yes,No,No,No,No,No,No
J284155,None,Yes,Yes,Yes,No,No,No,No,Yes
B199888,DSL,Yes,Yes,No,No,No,No,Yes,No
G325351,DSL,Yes,No,No,No,No,No,Yes,No
Z398373,DSL,Yes,No,No,Yes,Yes,No,No,No
W639994,Fiber Optic,Yes,Yes,No,No,No,No,Yes,No
K37535,DSL,Yes,Yes,Yes,Yes,Yes,No,No,Yes
M350158,DSL,Yes,Yes,Yes,Yes,No,Yes,No,No
A299711,Fiber Optic,Yes,No,Yes,Yes,Yes,Yes,Yes,Yes
M682351,Fiber Optic,Yes,No,Yes,No,Yes,No,No,Yes
A77696,DSL,Yes,Yes,Yes,Yes,Yes,No,No,Yes
X973139,None,Yes,No,Yes,Yes,No,Yes,No,Yes
C155482,Fiber Optic,Yes,Yes,No,No,No,Yes,No,No
E238654,DSL,Yes,Yes,No,Yes,No,No,Yes,Yes
J795176,Fiber Optic,Yes,No,No,No,No,No,No,No
E304383,Fiber Optic,Yes,Yes,Yes,Yes,Yes,Yes,No,No
U606571,None,Yes,Yes,No,Yes,No,No,Yes,Yes
M48854,None,Yes,No,No,Yes,No,No,Yes,Yes
P449828,Fiber Optic,Yes,Yes,No,No,No,No,Yes,Yes
P780728,Fiber Optic,Yes,Yes,No,Yes,No,No,Yes,No
A525577,DSL,Yes,No,No,No,Yes,Yes,Yes,Yes
A506823,DSL,Yes,Yes,No,Yes,No,No,No,No
Q472250,DSL,Yes,No,Yes,No,Yes,No,No,No
C102532,None,Yes,Yes,Yes,Yes,No,Yes,No,Yes
F478770,None,Yes,No,No,Yes,Yes,No,Yes,No
H100341,Fiber Optic,Yes,Yes,No,Yes,No,Yes,No,No
S970439,Fiber Optic,No,No,Yes,Yes,No,No,Yes,Yes
Z476597,DSL,Yes,No,No,No,Yes,Yes,Yes,No
S517271,Fiber Optic,Yes,Yes,No,No,No,Yes,Yes,Yes
K105019,Fiber Optic,Yes,Yes,No,No,Yes,Yes,No,No
A366329,Fiber Optic,Yes,Yes,Yes,No,Yes,Yes,Yes,No
O821612,Fiber Optic,Yes,Yes,No,Yes,No,No,Yes,No
X556365,DSL,Yes,No,Yes,No,No,No,No,No
A687427,None,Yes,No,No,No,Yes,No,Yes,Yes
O969309,DSL,Yes,No,No,No,No,No,Yes,No
J141371,Fiber Optic,Yes,Yes,No,No,Yes,No,No,Yes
O929944,Fiber Optic,Yes,Yes,Yes,No,No,No,Yes,Yes
N966024,DSL,Yes,No,No,Yes,No,No,Yes,Yes
K363312,Fiber Optic,Yes,No,No,No,No,Yes,Yes,Yes
B266835,Fiber Optic,Yes,Yes,Yes,Yes,No,No,No,No
X241691,Fiber Optic,Yes,No,No,No,No,No,No,Yes
A631325,None,Yes,No,No,No,Yes,No,Yes,No
K682011,DSL,Yes,Yes,Yes,No,No,Yes,No,No
Q377307,DSL,Yes,No,No,No,No,No,No,No
H108393,Fiber Optic,Yes,Yes,No,Yes,No,Yes,Yes,Yes
P355136,DSL,Yes,Yes,No,No,No,No,No,No
H269415,Fiber Optic,Yes,No,No,No,No,No,No,No
W131154,Fiber Optic,Yes,No,No,Yes,No,No,Yes,No
H365334,Fiber Optic,Yes,Yes,Yes,Yes,Yes,No,No,No
M205175,Fiber Optic,Yes,No,No,No,No,No,No,Yes
I297007,Fiber Optic,Yes,No,No,Yes,No,Yes,Yes,Yes
U413800,Fiber Optic,Yes,No,No,Yes,Yes,No,No,No
V297183,DSL,Yes,No,No,No,No,Yes,Yes,No
S773157,Fiber Optic,Yes,Yes,No,Yes,Yes,No,No,Yes
J881798,Fiber Optic,Yes,Yes,Yes,No,No,Yes,Yes,Yes
S307330,Fiber Optic,No,No,No,Yes,No,Yes,Yes,Yes
P79273,Fiber Optic,Yes,No,No,No,No,Yes,No,No
L341859,None,Yes,Yes,No,Yes,No,No,Yes,Yes
K561985,DSL,No,Yes,No,Yes,Yes,Yes,Yes,No
C923364,Fiber Optic,Yes,Yes,Yes,No,Yes,Yes,Yes,Yes
B981530,Fiber Optic,Yes,Yes,Yes,Yes,No,No,No,Yes
U138054,Fiber Optic,Yes,Yes,No,Yes,Yes,No,Yes,No
V398451,None,Yes,No,No,Yes,Yes,No,No,No
R69161,Fiber Optic,Yes,No,No,Yes,Yes,Yes,No,Yes
G584592,DSL,Yes,No,No,No,No,No,Yes,Yes
N439567,DSL,Yes,No,Yes,No,No,Yes,Yes,No
A41212,Fiber Optic,Yes,No,No,Yes,Yes,No,No,No
S264134,None,Yes,No,Yes,No,No,Yes,Yes,Yes
K669307,None,No,No,No,Yes,No,No,Yes,Yes
T933057,DSL,Yes,Yes,No,No,Yes,No,No,No
W218282,Fiber Optic,Yes,Yes,No,No,No,No,Yes,No
N819135,DSL,Yes,No,Yes,Yes,No,No,Yes,No
D287693,DSL,Yes,No,No,No,No,Yes,No,No
F515835,DSL,Yes,Yes,No,No,Yes,Yes,No,Yes
V655125,None,No,Yes,Yes,Yes,Yes,Yes,No,No
C501301,DSL,Yes,Yes,Yes,No,Yes,No,No,No
X664232,DSL,Yes,No,No,Yes,Yes,No,No,No
L493737,Fiber Optic,Yes,Yes,Yes,No,Yes,No,No,No
S109814,None,Yes,No,Yes,Yes,Yes,No,Yes,No
V79432,Fiber Optic,Yes,Yes,No,No,No,No,Yes,No
X534508,DSL,Yes,No,No,Yes,Yes,No,Yes,No
Z888916,Fiber Optic,Yes,Yes,No,No,Yes,No,No,No
U699997,Fiber Optic,Yes,Yes,Yes,No,No,Yes,No,Yes
L544824,Fiber Optic,Yes,Yes,No,Yes,Yes,No,No,No
G175682,Fiber Optic,Yes,Yes,No,Yes,Yes,No,No,Yes
Q790953,DSL,Yes,No,No,No,Yes,No,Yes,No
K307153,Fiber Optic,Yes,Yes,Yes,No,No,Yes,Yes,Yes
I761104,DSL,Yes,No,Yes,Yes,Yes,No,Yes,No
A128723,None,Yes,Yes,Yes,Yes,No,No,No,No
A597531,Fiber Optic,Yes,No,No,Yes,No,No,Yes,Yes
I140648,None,Yes,No,Yes,No,No,No,Yes,No
K547307,None,Yes,No,Yes,Yes,No,No,No,No
K498495,None,Yes,Yes,No,Yes,Yes,Yes,No,Yes
H982084,DSL,Yes,Yes,No,No,Yes,No,Yes,No
L521189,Fiber Optic,Yes,Yes,Yes,Yes,Yes,No,Yes,No
U961945,DSL,Yes,Yes,No,Yes,No,Yes,Yes,No
M968197,None,Yes,No,Yes,Yes,No,No,No,Yes
T266402,None,Yes,No,No,Yes,Yes,No,No,No
A219935,Fiber Optic,Yes,No,Yes,Yes,Yes,No,No,Yes
T970991,DSL,Yes,No,Yes,Yes,Yes,No,Yes,No
B166979,Fiber Optic,Yes,No,No,Yes,Yes,Yes,No,Yes
Q878659,Fiber Optic,Yes,No,Yes,Yes,Yes,Yes,Yes,Yes
N655882,None,Yes,No,No,No,No,Yes,No,Yes
Q164590,Fiber Optic,Yes,Yes,No,Yes,No,No,No,Yes
R665506,Fiber Optic,Yes,No,No,No,No,Yes,No,No
G255435,Fiber Optic,Yes,Yes,Yes,No,Yes,Yes,Yes,No
V490167,None,Yes,No,Yes,No,Yes,No,No,No
S658357,None,Yes,No,No,Yes,No,No,No,No
B368498,DSL,No,No,Yes,No,Yes,Yes,No,No
G34233,DSL,No,No,No,Yes,Yes,No,No,Yes
W59976,Fiber Optic,No,Yes,No,Yes,No,No,No,Yes
P495171,Fiber Optic,Yes,Yes,No,No,No,Yes,No,No
Y363030,Fiber Optic,Yes,No,No,No,No,No,Yes,Yes
R602344,Fiber Optic,Yes,No,Yes,No,Yes,No,Yes,Yes
M520773,DSL,Yes,Yes,Yes,No,Yes,No,No,Yes
A988584,Fiber Optic,Yes,Yes,No,No,No,Yes,Yes,Yes
B481474,DSL,No,No,No,No,Yes,No,Yes,Yes
P123935,Fiber Optic,Yes,Yes,Yes,No,No,No,Yes,Yes
S571016,None,Yes,No,No,Yes,Yes,Yes,Yes,Yes
R734009,Fiber Optic,Yes,Yes,No,Yes,Yes,No,Yes,No
C202913,Fiber Optic,Yes,Yes,No,No,Yes,No,Yes,Yes
S350570,None,Yes,No,No,Yes,Yes,Yes,No,Yes
Q823836,DSL,Yes,No,No,Yes,Yes,Yes,No,No
T311555,DSL,Yes,No,No,Yes,No,Yes,No,No
B968082,Fiber Optic,Yes,No,No,No,No,No,No,No
V750673,DSL,Yes,Yes,Yes,Yes,No,Yes,Yes,No
K604598,None,Yes,No,No,No,No,Yes,Yes,Yes
J600512,DSL,Yes,No,No,Yes,No,Yes,Yes,Yes
W937828,DSL,Yes,No,Yes,No,No,Yes,No,Yes
G916269,None,Yes,No,No,No,Yes,No,No,Yes
Z521040,Fiber Optic,Yes,No,No,No,No,No,Yes,Yes
T165331,None,No,No,No,No,No,Yes,No,No
Z383963,DSL,Yes,Yes,No,Yes,Yes,No,No,No
H99919,None,Yes,No,No,No,Yes,No,No,Yes
O159725,Fiber Optic,Yes,No,No,Yes,Yes,No,Yes,No
D117185,DSL,Yes,Yes,No,No,Yes,Yes,Yes,Yes
Q520116,Fiber Optic,Yes,No,No,No,No,No,No,Yes
Z500180,DSL,Yes,No,No,No,Yes,No,No,No
D506699,DSL,Yes,Yes,Yes,No,No,Yes,Yes,No
A49320,None,Yes,No,No,No,No,No,No,Yes
K351100,DSL,Yes,No,No,No,Yes,No,Yes,Yes
B755053,Fiber Optic,Yes,No,Yes,No,Yes,Yes,Yes,Yes
G355289,Fiber Optic,No,No,Yes,No,Yes,Yes,Yes,Yes
O683991,DSL,Yes,No,Yes,Yes,No,Yes,Yes,No
I495492,DSL,Yes,No,Yes,No,No,No,No,Yes
N126788,None,Yes,Yes,No,No,No,No,Yes,Yes
Q317026,DSL,Yes,Yes,No,Yes,No,No,Yes,Yes
J902837,Fiber Optic,Yes,No,Yes,No,Yes,No,Yes,Yes
Q358582,DSL,Yes,No,No,No,Yes,Yes,No,Yes
C219042,DSL,Yes,No,Yes,Yes,No,No,No,Yes
H994676,Fiber Optic,Yes,Yes,No,Yes,Yes,Yes,Yes,Yes
B547610,Fiber Optic,No,No,No,No,No,Yes,Yes,Yes
F991691,DSL,Yes,No,No,No,No,Yes,Yes,No
O35903,Fiber Optic,Yes,No,Yes,No,No,No,Yes,No
S959998,DSL,Yes,No,No,No,No,No,No,Yes
P754286,Fiber Optic,Yes,Yes,No,No,No,No,No,No
U88099,None,Yes,Yes,Yes,Yes,Yes,No,No,No
T591964,Fiber Optic,Yes,Yes,No,No,Yes,No,Yes,No
Z493920,Fiber Optic,Yes,Yes,No,Yes,Yes,No,No,No
V855299,None,Yes,Yes,No,No,No,Yes,No,Yes
Y275063,None,Yes,Yes,No,No,No,Yes,No,Yes
N229807,None,Yes,No,No,Yes,No,No,Yes,Yes
B50784,Fiber Optic,Yes,Yes,No,No,No,No,Yes,No
N289327,Fiber Optic,No,Yes,No,No,Yes,Yes,Yes,Yes
O575007,Fiber Optic,Yes,Yes,Yes,Yes,Yes,No,Yes,No
A948817,DSL,Yes,No,No,No,Yes,Yes,No,No
Z208862,DSL,Yes,Yes,No,Yes,Yes,No,No,No
O958151,DSL,Yes,Yes,No,Yes,Yes,No,Yes,No
O376769,Fiber Optic,Yes,No,No,No,No,No,No,Yes
C30714,DSL,Yes,No,No,No,Yes,No,No,Yes
V646556,None,Yes,No,No,No,No,No,No,No
N355645,DSL,Yes,Yes,No,No,Yes,No,No,Yes
Z831967,Fiber Optic,Yes,No,No,No,Yes,No,Yes,No
Y968895,Fiber Optic,Yes,No,No,Yes,No,No,No,Yes
V630948,Fiber Optic,Yes,No,No,No,No,No,Yes,Yes
C838302,Fiber Optic,Yes,Yes,Yes,No,No,Yes,No,Yes
G794930,None,Yes,No,Yes,Yes,No,No,Yes,Yes
A00088,Fiber Optic,Yes,Yes,Yes,No,No,No,No,No
N64740,Fiber Optic,Yes,No,No,No,Yes,No,Yes,No
H77300,Fiber Optic,Yes,Yes,Yes,No,No,No,Yes,No
N974061,None,Yes,No,Yes,Yes,Yes,No,Yes,Yes
X145098,None,Yes,No,Yes,No,Yes,Yes,Yes,No
M626631,None,Yes,No,No,Yes,No,Yes,Yes,No
R264112,Fiber Optic,Yes,No,Yes,Yes,No,No,Yes,Yes
Y297197,Fiber Optic,Yes,No,Yes,Yes,No,Yes,No,No
D86641,Fiber Optic,No,Yes,No,Yes,Yes,Yes,No,Yes
L779304,DSL,No,No,No,No,No,Yes,Yes,No
I109477,DSL,Yes,No,No,No,No,No,Yes,Yes
V607093,DSL,Yes,Yes,No,Yes,Yes,No,Yes,No
M545168,DSL,Yes,Yes,No,Yes,Yes,No,No,Yes
U875156,Fiber Optic,Yes,No,No,No,Yes,Yes,Yes,No
D766594,Fiber Optic,Yes,Yes,Yes,Yes,No,No,No,No
B770701,Fiber Optic,Yes,No,No,Yes,Yes,Yes,No,No
D791037,DSL,Yes,Yes,No,Yes,Yes,No,No,Yes
P810146,DSL,Yes,No,No,Yes,No,Yes,No,Yes
C542651,DSL,No,Yes,No,Yes,Yes,Yes,No,No
P290956,DSL,Yes,Yes,Yes,No,No,No,No,No
M07233,Fiber Optic,No,Yes,No,No,Yes,No,Yes,No
M392798,DSL,Yes,No,No,No,Yes,No,Yes,No
T08967,DSL,No,Yes,No,Yes,Yes,No,No,No
B440428,DSL,Yes,No,No,No,No,No,No,No
H466889,DSL,Yes,Yes,No,Yes,No,Yes,Yes,No
B607212,Fiber Optic,Yes,Yes,No,Yes,Yes,Yes,No,Yes
Q155887,Fiber Optic,Yes,No,Yes,Yes,Yes,No,No,Yes
S28437,DSL,Yes,No,No,Yes,No,No,Yes,No
N132108,Fiber Optic,Yes,No,No,Yes,No,No,No,Yes
Y761222,None,Yes,Yes,No,No,No,No,No,Yes
D299114,None,Yes,No,Yes,No,Yes,No,No,Yes
J243604,Fiber Optic,Yes,Yes,No,No,No,No,Yes,No
H752457,Fiber Optic,Yes,No,No,No,Yes,No,No,No
M834837,Fiber Optic,Yes,No,Yes,No,No,Yes,Yes,No
D948859,Fiber Optic,Yes,No,No,No,Yes,No,Yes,No
Q957429,DSL,Yes,No,Yes,Yes,No,No,No,No
V684670,DSL,Yes,Yes,No,No,Yes,No,No,Yes
A703201,DSL,Yes,No,Yes,Yes,Yes,Yes,Yes,No
H557601,Fiber Optic,Yes,Yes,No,No,No,Yes,Yes,No
Y401866,None,No,Yes,No,Yes,Yes,Yes,Yes,No
V990367,Fiber Optic,Yes,No,No,Yes,Yes,Yes,Yes,No
Q675449,None,Yes,Yes,Yes,Yes,No,No,No,No
N524138,Fiber Optic,Yes,Yes,No,No,Yes,No,Yes,No
V29948,Fiber Optic,Yes,Yes,No,Yes,No,No,Yes,No
I303339,Fiber Optic,No,No,No,Yes,Yes,No,No,No
N527948,None,Yes,Yes,No,Yes,Yes,No,Yes,Yes
E920434,None,Yes,No,No,No,No,No,Yes,No
O65325,DSL,Yes,Yes,Yes,No,Yes,No,No,Yes
W615415,Fiber Optic,Yes,No,No,No,No,No,Yes,No
Z662981,Fiber Optic,Yes,No,No,Yes,No,Yes,No,Yes
T732352,Fiber Optic,Yes,Yes,No,Yes,Yes,No,Yes,Yes
A985093,Fiber Optic,Yes,No,Yes,Yes,No,No,No,Yes
F242347,Fiber Optic,No,Yes,Yes,Yes,No,No,Yes,Yes
F215060,DSL,Yes,Yes,Yes,Yes,Yes,Yes,Yes,Yes
B182575,None,Yes,No,Yes,No,No,No,No,No
P234841,DSL,Yes,No,No,Yes,No,No,No,No
M723856,DSL,Yes,No,No,No,Yes,Yes,Yes,Yes
P68647,None,Yes,No,Yes,No,No,Yes,Yes,Yes
P562122,DSL,Yes,No,No,Yes,No,No,No,Yes
L700603,Fiber Optic,Yes,Yes,Yes,Yes,No,No,Yes,No
T20095,None,Yes,Yes,No,Yes,Yes,No,Yes,No
W307037,DSL,Yes,No,Yes,Yes,Yes,No,Yes,No
W327847,Fiber Optic,Yes,Yes,Yes,Yes,No,No,Yes,Yes
W552343,Fiber Optic,Yes,Yes,Yes,No,No,No,Yes,Yes
Q56795,None,Yes,Yes,No,No,No,Yes,No,Yes
L980608,Fiber Optic,Yes,Yes,No,Yes,No,No,Yes,Yes
L243621,DSL,Yes,No,No,No,No,No,Yes,Yes
V154450,DSL,Yes,Yes,No,Yes,No,No,No,Yes
T417251,DSL,Yes,Yes,Yes,Yes,Yes,No,Yes,Yes
P628714,DSL,Yes,Yes,Yes,No,Yes,Yes,No,No
H266236,Fiber Optic,Yes,No,No,Yes,Yes,No,No,No
T410387,DSL,Yes,Yes,Yes,Yes,No,No,Yes,No
W651542,DSL,Yes,Yes,Yes,Yes,No,No,Yes,No
Y169108,DSL,No,Yes,Yes,Yes,Yes,No,No,Yes
D339447,DSL,Yes,Yes,No,No,No,No,Yes,Yes
O888437,Fiber Optic,No,Yes,Yes,Yes,Yes,No,No,Yes
N497781,None,Yes,Yes,Yes,No,Yes,No,Yes,Yes
B572947,Fiber Optic,Yes,No,No,No,No,No,Yes,Yes
D654440,Fiber Optic,Yes,Yes,No,No,Yes,Yes,Yes,No
C584467,Fiber Optic,Yes,No,No,Yes,No,No,No,Yes
G351633,DSL,Yes,No,No,Yes,Yes,No,No,Yes
O236581,DSL,Yes,Yes,No,Yes,No,No,No,No
R986544,DSL,Yes,Yes,No,No,No,No,No,Yes
B961572,DSL,Yes,Yes,No,No,No,No,Yes,No
A165071,Fiber Optic,Yes,Yes,Yes,Yes,Yes,No,Yes,Yes
G364873,None,Yes,No,No,No,Yes,Yes,No,Yes
P486988,DSL,Yes,No,Yes,No,No,No,No,Yes
H289305,DSL,Yes,Yes,No,No,No,Yes,No,No
S768162,Fiber Optic,Yes,No,No,No,Yes,No,No,Yes
A270578,Fiber Optic,Yes,Yes,No,No,Yes,Yes,No,No
J518748,Fiber Optic,Yes,Yes,Yes,No,No,No,Yes,No
X913575,DSL,Yes,Yes,Yes,No,No,No,No,Yes
C635072,Fiber Optic,Yes,No,No,No,No,No,No,No
P340852,Fiber Optic,Yes,Yes,No,Yes,No,No,Yes,No
P116447,Fiber Optic,Yes,No,No,No,Yes,Yes,No,Yes
Q158204,Fiber Optic,Yes,No,No,No,No,No,Yes,No
P987295,None,Yes,Yes,No,Yes,No,No,Yes,Yes
G267189,Fiber Optic,No,Yes,No,No,Yes,No,Yes,No
S312202,Fiber Optic,Yes,No,Yes,Yes,Yes,No,Yes,Yes
Q216789,DSL,No,No,No,Yes,Yes,No,Yes,Yes
P650282,None,No,Yes,No,No,Yes,No,Yes,Yes
D262797,Fiber Optic,Yes,Yes,No,No,Yes,No,No,Yes
R703770,Fiber Optic,Yes,No,No,No,Yes,No,No,Yes
V386022,DSL,Yes,Yes,No,Yes,No,Yes,Yes,Yes
B260496,Fiber Optic,Yes,No,Yes,Yes,No,Yes,Yes,Yes
B846728,DSL,Yes,No,No,No,No,No,No,No
M524407,Fiber Optic,Yes,No,No,Yes,No,Yes,No,Yes
W471076,Fiber Optic,Yes,Yes,Yes,Yes,No,Yes,Yes,No
Y33925,DSL,Yes,Yes,No,No,Yes,No,Yes,No
S322948,None,No,Yes,No,No,Yes,Yes,No,No
J41779,Fiber Optic,Yes,Yes,Yes,Yes,Yes,No,No,No
M92372,None,Yes,No,No,No,No,Yes,No,Yes
S233742,None,Yes,Yes,No,Yes,No,No,Yes,No
L15627,None,Yes,No,No,Yes,No,Yes,Yes,No
I634139,DSL,No,No,No,Yes,No,No,Yes,No
R791095,Fiber Optic,Yes,Yes,No,Yes,No,No,No,Yes
D363707,None,Yes,No,No,No,Yes,No,Yes,Yes
Y680403,DSL,Yes,Yes,No,No,No,No,Yes,No
E240722,Fiber Optic,Yes,No,No,Yes,Yes,No,No,No
Z713535,None,Yes,Yes,No,No,Yes,No,No,Yes
P774909,None,Yes,No,Yes,Yes,No,Yes,No,No
C920444,DSL,Yes,Yes,Yes,No,Yes,No,Yes,Yes
Y930252,DSL,Yes,No,No,No,No,No,No,Yes
I529765,None,Yes,Yes,No,No,No,No,Yes,No
O241610,DSL,Yes,No,Yes,Yes,Yes,Yes,No,No
O224103,DSL,Yes,Yes,No,No,No,Yes,No,Yes
A236354,DSL,Yes,No,No,No,Yes,Yes,Yes,Yes
V269390,DSL,Yes,Yes,No,Yes,No,No,Yes,No
T420398,Fiber Optic,Yes,Yes,No,No,No,No,Yes,Yes
V255943,DSL,Yes,No,No,Yes,Yes,No,Yes,Yes
O953662,DSL,Yes,No,Yes,No,No,No,No,Yes
K549862,DSL,Yes,Yes,No,No,No,No,Yes,No
J77625,DSL,Yes,No,Yes,No,Yes,No,No,Yes
X10747,None,Yes,Yes,No,Yes,No,Yes,Yes,Yes
E881508,None,Yes,No,Yes,No,Yes,No,No,No
E548977,Fiber Optic,Yes,Yes,No,No,No,No,No,No
H553856,Fiber Optic,No,Yes,No,No,No,No,Yes,Yes
C312446,Fiber Optic,Yes,Yes,No,No,No,No,No,Yes
Z980836,DSL,Yes,No,No,Yes,Yes,No,No,Yes
T844317,None,Yes,No,No,No,No,No,No,Yes
C230057,Fiber Optic,Yes,No,No,No,No,No,Yes,No
C910043,Fiber Optic,Yes,No,No,Yes,No,Yes,Yes,No
I950899,Fiber Optic,No,No,No,No,No,No,Yes,No
Z228384,None,Yes,No,No,No,No,Yes,No,Yes
P854121,None,Yes,Yes,No,No,No,No,Yes,No
A652407,DSL,Yes,No,No,No,No,Yes,No,No
G132105,DSL,Yes,No,No,No,No,No,No,Yes
X868309,Fiber Optic,Yes,No,Yes,No,Yes,No,No,No
V316726,DSL,Yes,Yes,Yes,No,No,No,No,No
Q816736,Fiber Optic,Yes,Yes,No,Yes,Yes,Yes,No,No
B866841,Fiber Optic,Yes,No,Yes,No,Yes,No,No,No
R199135,Fiber Optic,Yes,No,No,No,No,No,No,Yes
K426407,Fiber Optic,Yes,Yes,No,No,Yes,No,Yes,No
D299357,None,Yes,No,Yes,No,No,No,Yes,Yes
A176270,DSL,Yes,Yes,Yes,No,Yes,No,No,No
Z598688,None,Yes,No,No,No,No,No,No,Yes
V62176,None,Yes,Yes,No,No,Yes,Yes,No,Yes
F782647,Fiber Optic,Yes,No,No,No,Yes,Yes,No,Yes
P998280,Fiber Optic,Yes,Yes,No,No,No,Yes,Yes,No
P196891,DSL,Yes,No,No,No,No,No,No,No
M963240,Fiber Optic,Yes,No,No,No,Yes,No,Yes,Yes
X292850,DSL,Yes,No,No,Yes,No,No,No,No
C551592,DSL,Yes,Yes,No,Yes,No,Yes,Yes,No
P740173,None,Yes,Yes,Yes,No,Yes,No,Yes,No
W828242,DSL,Yes,Yes,No,No,No,No,No,No
T491190,None,Yes,Yes,No,No,Yes,No,Yes,No
M881363,None,Yes,Yes,No,No,Yes,No,No,No
S184861,Fiber Optic,Yes,Yes,No,No,Yes,No,Yes,No
Y147990,DSL,Yes,Yes,No,No,No,No,No,No
O816378,Fiber Optic,Yes,No,No,No,No,Yes,No,No
T452383,None,No,No,Yes,Yes,No,No,No,No
K71802,None,Yes,No,No,Yes,No,Yes,No,No
J318999,DSL,No,No,No,No,Yes,No,Yes,No
A212257,DSL,Yes,Yes,No,No,No,No,No,No
F768518,Fiber Optic,Yes,Yes,Yes,Yes,No,No,No,No
T227733,None,Yes,Yes,Yes,Yes,No,No,Yes,Yes
Q908465,None,Yes,Yes,Yes,No,No,No,Yes,No
Q253167,Fiber Optic,Yes,No,No,No,No,No,Yes,Yes
I685390,DSL,Yes,No,No,Yes,Yes,No,Yes,Yes
P02180,Fiber Optic,Yes,No,Yes,No,Yes,No,Yes,No
L460395,None,Yes,No,No,Yes,No,No,Yes,Yes
U936716,DSL,No,No,No,Yes,Yes,Yes,No,Yes
X342195,Fiber Optic,Yes,No,No,Yes,No,No,No,Yes
C37461,Fiber Optic,Yes,Yes,No,No,No,No,Yes,Yes
B47880,Fiber Optic,Yes,No,No,Yes,No,No,No,Yes
E249601,Fiber Optic,Yes,No,No,Yes,No,Yes,No,Yes
X171579,Fiber Optic,Yes,Yes,Yes,No,No,No,No,Yes
H18222,DSL,Yes,Yes,Yes,Yes,No,No,Yes,No
I117884,DSL,Yes,Yes,Yes,Yes,Yes,No,No,Yes
M669725,DSL,No,Yes,No,No,Yes,No,Yes,No
O08300,DSL,Yes,Yes,No,No,Yes,No,No,No
R999401,DSL,Yes,No,No,No,No,Yes,Yes,Yes
V968708,None,Yes,Yes,No,Yes,Yes,Yes,Yes,Yes
C552632,Fiber Optic,Yes,Yes,No,No,Yes,Yes,Yes,Yes
A536604,Fiber Optic,Yes,Yes,No,No,No,No,Yes,Yes
N326868,Fiber Optic,Yes,Yes,No,No,Yes,Yes,No,Yes
W238332,DSL,Yes,No,Yes,No,Yes,No,Yes,No
J126163,Fiber Optic,Yes,No,No,Yes,No,No,No,Yes
W961591,None,Yes,No,Yes,Yes,No,No,Yes,Yes
F113880,DSL,Yes,No,Yes,Yes,Yes,No,No,Yes
T297716,DSL,Yes,Yes,No,No,Yes,No,No,No
J907732,Fiber Optic,Yes,No,No,No,No,No,Yes,Yes
D48608,DSL,Yes,No,Yes,No,No,No,Yes,No
E599152,DSL,No,Yes,No,Yes,Yes,Yes,Yes,Yes
X669555,Fiber Optic,Yes,No,No,No,Yes,No,No,No
K925596,DSL,Yes,No,No,No,Yes,No,No,Yes
C954172,DSL,Yes,Yes,Yes,No,No,Yes,Yes,Yes
L402645,DSL,Yes,Yes,No,Yes,No,Yes,Yes,No
Z808035,Fiber Optic,No,Yes,No,No,No,No,Yes,Yes
F239052,DSL,Yes,Yes,No,Yes,No,Yes,Yes,No
K112541,DSL,No,No,No,Yes,Yes,Yes,Yes,No
P651891,Fiber Optic,Yes,No,Yes,Yes,Yes,No,No,No
F705714,Fiber Optic,Yes,No,Yes,No,No,No,No,Yes
A629515,DSL,Yes,Yes,No,Yes,Yes,No,No,Yes
U811590,Fiber Optic,Yes,No,Yes,No,Yes,Yes,No,Yes
W136734,None,Yes,No,Yes,Yes,Yes,Yes,No,Yes
I134073,Fiber Optic,Yes,No,No,No,Yes,No,Yes,No
V996819,None,Yes,Yes,Yes,Yes,No,Yes,Yes,No
J963716,Fiber Optic,Yes,No,Yes,Yes,No,Yes,No,No
L89789,None,Yes,No,Yes,No,No,Yes,No,No
F329263,Fiber Optic,No,Yes,No,Yes,Yes,No,Yes,No
Y32102,Fiber Optic,Yes,No,Yes,Yes,No,No,Yes,Yes
Y13900,None,Yes,Yes,Yes,Yes,No,Yes,Yes,No
O454686,None,Yes,No,Yes,No,Yes,No,No,Yes
N151673,Fiber Optic,Yes,No,Yes,No,No,Yes,Yes,No
E564911,Fiber Optic,No,Yes,No,No,No,No,No,Yes
M06058,Fiber Optic,Yes,Yes,No,Yes,Yes,Yes,Yes,Yes
K332381,Fiber Optic,Yes,Yes,No,Yes,Yes,No,No,No
G987231,None,Yes,No,No,Yes,No,Yes,No,No
K01322,DSL,Yes,No,Yes,Yes,Yes,No,No,No
S504552,Fiber Optic,Yes,Yes,No,No,No,No,No,Yes
R59213,Fiber Optic,Yes,No,No,Yes,Yes,No,Yes,Yes
W893166,DSL,Yes,No,No,Yes,Yes,Yes,No,Yes
F474662,Fiber Optic,No,Yes,No,No,No,No,No,Yes
H714912,None,Yes,No,No,No,No,Yes,No,Yes
K189332,DSL,Yes,Yes,Yes,Yes,No,No,No,Yes
F172554,DSL,Yes,Yes,Yes,No,No,No,No,Yes
H113239,None,Yes,Yes,Yes,Yes,No,No,No,No
Y767080,Fiber Optic,No,Yes,Yes,No,No,No,No,Yes
K696568,Fiber Optic,Yes,No,No,No,Yes,No,Yes,No
M925867,None,Yes,Yes,Yes,No,Yes,Yes,Yes,No
J522256,Fiber Optic,Yes,No,No,Yes,Yes,No,No,No
B417357,DSL,Yes,Yes,No,Yes,No,Yes,Yes,No
U200056,Fiber Optic,Yes,Yes,No,No,No,No,Yes,No
G472732,DSL,Yes,Yes,No,Yes,No,No,Yes,No
B39992,DSL,Yes,Yes,Yes,No,No,No,No,Yes
U576649,DSL,Yes,No,No,Yes,Yes,No,No,Yes
B424726,Fiber Optic,Yes,No,No,No,Yes,Yes,Yes,Yes
E522960,Fiber Optic,Yes,Yes,No,Yes,No,Yes,No,No
N229523,DSL,Yes,No,No,No,Yes,No,Yes,Yes
H268652,Fiber Optic,Yes,Yes,No,Yes,No,Yes,No,Yes
C956479,DSL,Yes,Yes,No,Yes,Yes,No,No,No
H645568,None,Yes,Yes,Yes,No,Yes,No,No,No
U219545,Fiber Optic,Yes,No,Yes,No,Yes,Yes,Yes,Yes
A233218,Fiber Optic,Yes,No,No,No,Yes,No,Yes,No
N02391,None,Yes,No,No,No,No,No,Yes,No
Q453288,None,Yes,Yes,Yes,No,No,No,No,No
K234017,DSL,Yes,No,No,No,No,No,No,No
S178108,None,Yes,No,No,No,No,No,No,Yes
T762967,DSL,Yes,Yes,Yes,No,No,No,Yes,Yes
Q754506,Fiber Optic,No,No,Yes,No,No,No,Yes,No
V621966,None,Yes,No,No,No,No,Yes,Yes,Yes
F997820,None,Yes,No,No,Yes,Yes,Yes,No,No
P46765,DSL,Yes,Yes,No,No,No,No,No,Yes
I644690,Fiber Optic,No,No,No,Yes,No,Yes,Yes,No
B13324,Fiber Optic,Yes,Yes,No,Yes,Yes,Yes,Yes,No
X04255,None,Yes,Yes,Yes,No,No,No,Yes,No
K677097,Fiber Optic,Yes,Yes,No,No,No,No,Yes,Yes
O717824,Fiber Optic,Yes,Yes,Yes,No,No,No,No,Yes
K618805,Fiber Optic,Yes,No,No,No,No,No,Yes,Yes
L732594,DSL,Yes,No,No,Yes,Yes,No,Yes,Yes
Z90333,DSL,No,Yes,No,Yes,No,No,No,Yes
V191716,Fiber Optic,Yes,Yes,Yes,Yes,Yes,Yes,Yes,No
F708213,Fiber Optic,Yes,Yes,No,No,No,Yes,No,No
A886067,Fiber Optic,Yes,No,No,Yes,No,Yes,Yes,Yes
M605465,DSL,Yes,No,No,No,Yes,Yes,Yes,Yes
I740777,None,Yes,No,Yes,Yes,No,Yes,Yes,No
A501629,Fiber Optic,No,No,No,No,Yes,Yes,No,No
U05301,Fiber Optic,Yes,Yes,No,No,No,No,No,No
G514638,None,Yes,No,No,No,No,No,No,Yes
X120078,DSL,Yes,Yes,No,No,No,No,No,No
O505123,DSL,Yes,Yes,Yes,No,Yes,No,No,Yes
E507994,None,Yes,No,No,Yes,Yes,No,No,Yes
K171161,Fiber Optic,Yes,Yes,No,No,Yes,Yes,Yes,Yes
R570772,Fiber Optic,Yes,Yes,No,No,No,Yes,Yes,No
R470956,None,Yes,Yes,No,Yes,Yes,No,No,Yes
M643332,DSL,Yes,Yes,Yes,Yes,Yes,Yes,No,No
L739156,Fiber Optic,Yes,No,No,Yes,No,No,Yes,No
I67005,Fiber Optic,Yes,No,No,No,No,Yes,Yes,Yes
Q495449,DSL,Yes,No,No,No,No,Yes,Yes,Yes
G924469,DSL,Yes,Yes,No,Yes,No,No,Yes,Yes
P589193,DSL,No,No,Yes,Yes,Yes,Yes,No,No
A143106,None,Yes,Yes,Yes,No,Yes,Yes,Yes,Yes
U736350,Fiber Optic,Yes,No,No,No,No,No,Yes,No
W823366,Fiber Optic,Yes,No,No,Yes,No,No,No,Yes
Q52006,Fiber Optic,Yes,Yes,Yes,No,Yes,No,Yes,No
D213521,None,Yes,No,Yes,No,No,Yes,Yes,No
A65734,Fiber Optic,Yes,No,Yes,No,Yes,Yes,Yes,No
U610444,None,Yes,Yes,No,No,Yes,Yes,No,No
F225995,Fiber Optic,Yes,No,No,Yes,Yes,No,No,Yes
W96676,Fiber Optic,Yes,No,Yes,Yes,Yes,No,Yes,No
V836362,DSL,Yes,No,No,No,No,No,Yes,Yes
D671064,DSL,Yes,No,No,No,No,No,No,Yes
D135530,DSL,Yes,No,No,No,No,No,Yes,Yes
A821790,DSL,Yes,No,Yes,Yes,No,No,No,Yes
D212939,None,Yes,No,No,Yes,No,No,Yes,No
E885584,Fiber Optic,Yes,Yes,Yes,Yes,Yes,No,Yes,Yes
G48472,None,Yes,Yes,No,Yes,No,No,No,No
Z99425,DSL,Yes,Yes,No,No,No,Yes,No,No
M387930,Fiber Optic,Yes,Yes,Yes,No,Yes,No,Yes,Yes
M927991,Fiber Optic,Yes,No,Yes,Yes,No,Yes,No,No
K76431,DSL,Yes,Yes,Yes,Yes,Yes,No,Yes,Yes
J241242,None,Yes,Yes,No,No,No,No,No,Yes
X757859,Fiber Optic,Yes,No,No,No,Yes,No,No,Yes
J552619,DSL,Yes,No,Yes,No,Yes,No,No,No
Y51592,Fiber Optic,Yes,No,No,Yes,Yes,No,No,No
P372865,DSL,No,Yes,Yes,No,No,Yes,Yes,Yes
W83230,Fiber Optic,Yes,No,No,No,No,No,No,No
M791093,None,Yes,Yes,Yes,Yes,No,No,Yes,Yes
I440271,None,Yes,No,No,No,Yes,No,No,Yes
P325481,DSL,Yes,Yes,Yes,Yes,Yes,Yes,Yes,No
J68487,None,Yes,Yes,Yes,No,No,Yes,No,No
B724639,Fiber Optic,Yes,No,No,Yes,No,No,Yes,Yes
O779572,DSL,No,No,No,Yes,Yes,No,No,Yes
M771410,None,Yes,No,No,No,No,No,No,No
S281786,Fiber Optic,Yes,Yes,Yes,No,Yes,Yes,No,Yes
Z411399,Fiber Optic,Yes,Yes,No,No,Yes,No,Yes,Yes
Z726484,Fiber Optic,Yes,No,No,No,Yes,No,No,Yes
Q314433,Fiber Optic,Yes,No,Yes,Yes,Yes,No,No,Yes
L712758,Fiber Optic,Yes,No,Yes,No,No,No,Yes,Yes
B652550,None,Yes,Yes,No,Yes,Yes,Yes,No,No
H842993,Fiber Optic,Yes,No,No,No,Yes,No,Yes,No
U970048,DSL,Yes,No,No,No,Yes,No,No,Yes
F64095,DSL,No,Yes,Yes,Yes,No,Yes,No,No
J695377,DSL,Yes,Yes,Yes,No,No,Yes,No,No
Q291482,None,Yes,Yes,Yes,Yes,No,Yes,No,No
K965510,None,Yes,No,No,No,Yes,Yes,Yes,No
B149716,Fiber Optic,Yes,No,No,Yes,No,No,Yes,Yes
B179311,Fiber Optic,Yes,No,No,No,Yes,No,Yes,No
H548788,None,Yes,No,No,Yes,Yes,No,Yes,No
I714198,None,No,No,No,No,Yes,Yes,Yes,Yes
Y161235,None,Yes,No,Yes,No,No,No,No,Yes
Y481533,DSL,Yes,No,No,Yes,No,Yes,No,No
G569192,DSL,No,No,No,No,Yes,No,No,Yes
G581130,DSL,Yes,No,Yes,Yes,Yes,No,No,Yes
E814583,None,Yes,Yes,No,Yes,No,No,Yes,No
R496936,DSL,Yes,Yes,Yes,No,No,Yes,Yes,No
B512858,Fiber Optic,Yes,No,No,No,Yes,No,No,No
A127838,DSL,Yes,No,Yes,No,Yes,Yes,Yes,Yes
L729864,DSL,Yes,Yes,No,No,No,Yes,Yes,Yes
K798028,DSL,Yes,No,Yes,No,Yes,No,No,No
S655334,Fiber Optic,Yes,Yes,No,No,Yes,No,No,No
N646505,Fiber Optic,Yes,Yes,Yes,Yes,Yes,No,Yes,Yes
U452069,Fiber Optic,Yes,No,Yes,No,Yes,No,Yes,Yes
O697874,None,Yes,No,Yes,Yes,No,No,Yes,No
B675944,Fiber Optic,Yes,No,Yes,No,No,Yes,No,No
M985747,Fiber Optic,Yes,Yes,No,No,No,Yes,Yes,No
E607371,DSL,No,Yes,No,No,Yes,No,No,Yes
C656833,Fiber Optic,Yes,No,No,Yes,No,No,Yes,Yes
Y672361,Fiber Optic,Yes,Yes,Yes,No,Yes,No,Yes,No
B230779,Fiber Optic,Yes,Yes,Yes,No,No,Yes,No,Yes
I953052,Fiber Optic,Yes,Yes,Yes,No,Yes,Yes,Yes,Yes
J192276,Fiber Optic,Yes,Yes,No,No,Yes,Yes,Yes,Yes
N375820,DSL,Yes,Yes,Yes,Yes,No,Yes,Yes,No
G307248,DSL,Yes,Yes,Yes,No,Yes,No,Yes,No
Z272036,Fiber Optic,Yes,No,No,Yes,No,Yes,Yes,Yes
H19974,Fiber Optic,No,No,No,Yes,Yes,Yes,No,Yes
P555585,Fiber Optic,No,No,No,Yes,No,No,Yes,Yes
D460465,DSL,Yes,Yes,No,No,No,No,No,Yes
U602748,Fiber Optic,No,Yes,Yes,No,Yes,No,Yes,Yes
H856152,DSL,Yes,No,Yes,No,Yes,Yes,Yes,Yes
Y264144,None,Yes,Yes,No,No,No,No,No,No
N39235,None,Yes,No,No,Yes,Yes,Yes,Yes,No
S433940,DSL,Yes,No,No,No,Yes,No,Yes,Yes
T626833,DSL,Yes,Yes,Yes,Yes,No,Yes,No,Yes
Z161414,Fiber Optic,Yes,Yes,Yes,No,Yes,Yes,Yes,Yes
T541594,None,Yes,No,No,No,Yes,No,No,Yes
X637260,None,Yes,No,No,Yes,Yes,No,No,Yes
B363857,DSL,Yes,No,No,No,No,Yes,Yes,Yes
G453675,Fiber Optic,Yes,Yes,Yes,No,No,No,No,No
I288648,Fiber Optic,Yes,Yes,No,No,Yes,No,No,No
Y591911,Fiber Optic,Yes,No,No,No,No,No,Yes,Yes
R360718,DSL,Yes,Yes,Yes,Yes,No,Yes,Yes,No
M922982,None,Yes,Yes,No,No,No,Yes,No,No
H01215,DSL,Yes,No,No,No,Yes,No,No,Yes
U799377,Fiber Optic,No,Yes,Yes,Yes,Yes,No,Yes,No
G341241,None,Yes,No,No,No,Yes,Yes,No,No
Q675589,DSL,Yes,No,Yes,Yes,Yes,Yes,Yes,No
G06529,DSL,Yes,Yes,No,Yes,Yes,No,No,Yes
S333226,Fiber Optic,Yes,No,Yes,No,Yes,Yes,Yes,Yes
H104879,Fiber Optic,Yes,Yes,No,Yes,Yes,Yes,No,No
L593610,Fiber Optic,Yes,No,Yes,No,Yes,Yes,Yes,Yes
H228822,Fiber Optic,Yes,No,No,No,No,Yes,No,Yes
S301010,DSL,Yes,No,No,Yes,Yes,No,Yes,Yes
Q843780,DSL,Yes,Yes,Yes,No,No,Yes,Yes,No
Q09894,None,Yes,No,No,No,Yes,No,No,No
E755897,DSL,Yes,Yes,No,Yes,No,No,No,Yes
Y425130,Fiber Optic,Yes,No,No,Yes,Yes,No,No,No
M238722,Fiber Optic,Yes,No,No,No,No,Yes,No,Yes
U357458,Fiber Optic,Yes,No,No,Yes,No,No,No,No
C884701,Fiber Optic,Yes,Yes,No,No,No,No,No,Yes
U888719,Fiber Optic,Yes,Yes,No,Yes,Yes,No,No,No
V442014,DSL,No,Yes,Yes,No,No,No,Yes,Yes
G106600,Fiber Optic,Yes,Yes,Yes,Yes,Yes,No,Yes,No
F81860,Fiber Optic,Yes,No,No,No,Yes,No,No,No
P834547,Fiber Optic,Yes,No,No,No,No,Yes,No,Yes
L859969,Fiber Optic,Yes,Yes,No,No,No,No,No,Yes
R191104,None,Yes,No,Yes,Yes,No,Yes,No,Yes
W843152,Fiber Optic,Yes,Yes,No,No,No,No,Yes,No
C400987,DSL,Yes,Yes,No,No,Yes,Yes,No,No
B402928,DSL,Yes,No,Yes,No,No,No,No,No
Q150878,Fiber Optic,Yes,Yes,No,No,No,Yes,No,No
O674680,None,Yes,No,No,No,Yes,No,No,No
H940380,Fiber Optic,No,No,Yes,Yes,Yes,No,No,No
F533118,None,Yes,Yes,Yes,Yes,Yes,Yes,Yes,No
J720136,Fiber Optic,Yes,No,No,Yes,No,No,Yes,No
I169796,None,Yes,No,No,No,Yes,Yes,No,Yes
Q904920,None,Yes,No,Yes,Yes,No,Yes,No,Yes
E590504,DSL,Yes,No,No,No,No,No,Yes,No
T912921,Fiber Optic,Yes,Yes,Yes,No,Yes,No,Yes,Yes
F729151,None,Yes,No,Yes,No,No,No,Yes,Yes
O865208,None,Yes,Yes,No,No,Yes,Yes,No,Yes
M469760,DSL,Yes,No,No,Yes,No,No,Yes,No
V368301,DSL,Yes,No,Yes,No,No,No,Yes,No
U630888,Fiber Optic,Yes,Yes,No,No,No,No,No,Yes
V627981,Fiber Optic,Yes,No,No,No,Yes,No,Yes,Yes
G503565,Fiber Optic,Yes,No,Yes,No,Yes,Yes,Yes,Yes
A549038,DSL,Yes,No,Yes,Yes,No,Yes,Yes,No
X368087,None,Yes,No,No,No,No,Yes,Yes,Yes
U497990,DSL,Yes,No,Yes,No,No,Yes,No,No
P455877,None,Yes,No,Yes,No,Yes,No,No,Yes
M255491,Fiber Optic,No,Yes,No,No,No,No,Yes,No
N480736,DSL,Yes,Yes,No,Yes,No,Yes,Yes,No
Y155823,Fiber Optic,Yes,No,No,Yes,No,Yes,Yes,No
N16660,DSL,Yes,Yes,Yes,No,Yes,No,Yes,No
K339158,Fiber Optic,Yes,Yes,Yes,No,No,Yes,No,Yes
L170558,DSL,Yes,Yes,No,No,Yes,No,No,Yes
L167261,Fiber Optic,Yes,Yes,Yes,Yes,No,Yes,No,No
N42375,Fiber Optic,Yes,Yes,No,Yes,No,No,Yes,No
D426377,None,Yes,Yes,No,Yes,No,No,Yes,Yes
P42965,None,Yes,Yes,Yes,No,No,No,No,No
H619362,None,Yes,Yes,No,No,No,No,Yes,No
E450808,Fiber Optic,Yes,Yes,No,Yes,No,No,No,No
O221751,Fiber Optic,Yes,No,No,No,Yes,No,No,Yes
C875335,DSL,Yes,Yes,Yes,No,No,No,No,Yes
L381786,Fiber Optic,Yes,No,Yes,No,Yes,No,Yes,Yes
E381260,DSL,Yes,No,No,Yes,Yes,No,Yes,Yes
T814609,Fiber Optic,Yes,No,Yes,No,No,Yes,No,Yes
D190616,DSL,Yes,No,No,No,Yes,Yes,No,Yes
H557046,DSL,Yes,Yes,No,Yes,No,No,No,No
F489040,DSL,Yes,No,No,Yes,No,No,No,No
H941657,DSL,Yes,No,No,Yes,No,No,No,No
D186284,None,Yes,Yes,Yes,No,Yes,Yes,No,Yes
B991216,Fiber Optic,Yes,No,Yes,Yes,Yes,Yes,No,Yes
K431455,DSL,No,No,No,No,No,No,Yes,No
E55745,Fiber Optic,Yes,No,No,No,No,Yes,No,No
S715877,DSL,Yes,No,Yes,Yes,Yes,No,Yes,Yes
J916027,DSL,Yes,Yes,No,Yes,No,No,No,No
T867131,DSL,Yes,Yes,No,No,No,No,No,No
L974545,None,Yes,Yes,Yes,Yes,No,No,Yes,Yes
K788015,DSL,No,No,Yes,No,Yes,Yes,Yes,Yes
J54482,DSL,Yes,No,Yes,Yes,Yes,No,Yes,Yes
Z979359,DSL,Yes,No,Yes,No,Yes,Yes,No,Yes
Q615981,None,Yes,Yes,Yes,No,No,No,No,Yes
D860746,Fiber Optic,No,Yes,No,Yes,No,Yes,No,Yes
A493340,DSL,Yes,Yes,Yes,No,No,No,Yes,Yes
K998480,Fiber Optic,Yes,No,No,No,No,No,Yes,No
F820783,Fiber Optic,Yes,No,No,No,Yes,No,Yes,No
X769374,DSL,Yes,No,No,No,Yes,Yes,No,Yes
H429618,Fiber Optic,Yes,No,Yes,Yes,Yes,No,No,No
S866571,Fiber Optic,Yes,No,No,Yes,Yes,Yes,Yes,No
Q527870,None,Yes,No,Yes,Yes,No,Yes,Yes,No
Y706218,DSL,Yes,Yes,Yes,Yes,Yes,No,No,Yes
T228469,DSL,Yes,Yes,No,No,No,No,No,Yes
U913257,Fiber Optic,No,No,No,No,Yes,No,No,No
B639946,Fiber Optic,Yes,No,Yes,No,No,No,Yes,No
Z205002,Fiber Optic,Yes,Yes,No,No,No,Yes,Yes,No
J892510,Fiber Optic,Yes,Yes,No,Yes,Yes,No,Yes,Yes
B468086,Fiber Optic,Yes,No,No,No,Yes,No,Yes,No
L855218,None,Yes,No,No,Yes,Yes,Yes,Yes,No
L526170,DSL,Yes,No,No,No,No,No,No,No
E631245,Fiber Optic,Yes,No,Yes,No,Yes,No,Yes,No
X241764,None,Yes,Yes,Yes,Yes,Yes,Yes,No,Yes
U231980,Fiber Optic,Yes,Yes,No,No,No,No,Yes,Yes
B346107,Fiber Optic,Yes,Yes,No,Yes,No,No,No,Yes
B239370,Fiber Optic,No,Yes,No,No,Yes,No,Yes,No
E145894,Fiber Optic,No,Yes,Yes,No,No,Yes,No,Yes
X942031,DSL,Yes,Yes,Yes,Yes,Yes,Yes,Yes,Yes
O91882,DSL,Yes,Yes,Yes,No,Yes,No,Yes,Yes
H879719,DSL,Yes,No,No,Yes,Yes,Yes,No,No
P370643,DSL,Yes,No,Yes,No,No,No,Yes,No
J777553,None,Yes,No,Yes,No,No,No,Yes,Yes
M234182,Fiber Optic,Yes,No,No,No,Yes,Yes,Yes,Yes
Y773120,Fiber Optic,Yes,Yes,No,No,No,No,No,No
B105213,DSL,Yes,No,No,No,Yes,Yes,Yes,Yes
X984575,DSL,Yes,Yes,Yes,No,No,Yes,No,No
N851276,DSL,Yes,No,No,No,No,No,Yes,No
Q864563,Fiber Optic,No,Yes,Yes,No,Yes,Yes,No,No
C912709,Fiber Optic,Yes,Yes,No,Yes,No,No,Yes,No
I12585,DSL,Yes,Yes,No,Yes,Yes,No,No,Yes
Y780102,DSL,Yes,No,Yes,No,No,Yes,Yes,Yes
A553226,Fiber Optic,No,Yes,Yes,Yes,Yes,No,No,No
F116528,Fiber Optic,Yes,No,No,Yes,No,Yes,Yes,No
V211089,None,Yes,No,No,No,No,No,No,Yes
O209544,DSL,Yes,No,Yes,Yes,Yes,Yes,Yes,No
R40372,DSL,Yes,No,No,No,No,Yes,Yes,No
E772271,Fiber Optic,Yes,No,No,No,No,No,No,Yes
O841847,DSL,Yes,No,No,Yes,No,No,Yes,No
K755701,DSL,Yes,No,No,No,No,No,Yes,No
V660511,None,Yes,No,No,No,No,Yes,Yes,No
G292619,None,Yes,No,No,Yes,Yes,Yes,No,No
W903243,DSL,Yes,No,Yes,No,No,Yes,No,No
V385446,DSL,Yes,Yes,Yes,Yes,No,Yes,Yes,Yes
B388820,Fiber Optic,Yes,No,Yes,Yes,Yes,No,Yes,No
D741050,Fiber Optic,Yes,No,Yes,Yes,No,Yes,No,Yes
B142422,DSL,Yes,No,Yes,No,No,Yes,Yes,No
T628897,DSL,Yes,No,Yes,No,No,No,No,No
N333825,None,Yes,No,No,No,No,No,Yes,No
F778893,Fiber Optic,Yes,Yes,No,No,Yes,No,Yes,No
T157033,None,Yes,Yes,No,No,No,No,No,Yes
R673895,Fiber Optic,Yes,Yes,No,Yes,Yes,No,No,Yes
Q644143,Fiber Optic,Yes,Yes,No,Yes,No,Yes,No,Yes
F35398,DSL,Yes,No,No,No,No,Yes,Yes,No
S60656,DSL,Yes,Yes,No,Yes,No,No,No,No
X217671,DSL,Yes,No,Yes,Yes,Yes,No,Yes,No
P795203,Fiber Optic,Yes,Yes,No,Yes,Yes,No,Yes,No
P717753,DSL,Yes,No,No,No,No,No,No,Yes
V513511,DSL,Yes,No,Yes,Yes,No,Yes,No,No
Q978096,DSL,Yes,Yes,No,No,No,No,Yes,No
B844433,DSL,Yes,No,Yes,Yes,No,No,Yes,No
A103291,DSL,No,Yes,No,No,No,Yes,Yes,Yes
R101514,None,Yes,Yes,No,Yes,No,Yes,Yes,Yes
P73950,Fiber Optic,Yes,No,No,No,No,No,No,No
C512310,None,Yes,Yes,No,Yes,Yes,No,Yes,No
Z812779,Fiber Optic,Yes,Yes,No,No,No,No,No,No
I123852,Fiber Optic,Yes,Yes,No,No,No,Yes,No,Yes
T03134,None,Yes,Yes,No,No,Yes,No,No,Yes
H646152,None,Yes,No,No,Yes,No,No,No,Yes
V157744,DSL,Yes,No,No,No,No,No,No,No
I396295,Fiber Optic,Yes,No,Yes,Yes,Yes,Yes,Yes,Yes
H478829,DSL,Yes,No,Yes,Yes,Yes,No,Yes,Yes
F911285,None,Yes,No,No,Yes,No,No,Yes,Yes
W279417,DSL,Yes,Yes,No,Yes,No,Yes,Yes,No
N886555,Fiber Optic,Yes,No,Yes,Yes,No,Yes,No,No
F534259,DSL,Yes,Yes,No,No,No,Yes,Yes,No
O919928,DSL,Yes,No,No,Yes,Yes,Yes,No,Yes
V981204,Fiber Optic,Yes,Yes,Yes,No,No,Yes,Yes,No
G331576,Fiber Optic,No,No,No,Yes,No,Yes,No,Yes
C486385,DSL,Yes,Yes,No,No,No,No,Yes,No
R125693,None,Yes,Yes,Yes,Yes,Yes,Yes,No,Yes
V286928,Fiber Optic,Yes,Yes,No,No,Yes,No,No,No
L658876,None,Yes,No,No,Yes,No,No,No,No
W188751,None,No,No,No,No,No,Yes,Yes,No
I721653,None,Yes,No,No,No,Yes,No,Yes,Yes
G972214,DSL,Yes,No,No,Yes,No,Yes,No,No
L653188,DSL,Yes,No,Yes,No,No,No,No,Yes
U31820,Fiber Optic,Yes,No,Yes,No,No,Yes,Yes,No
E488783,DSL,Yes,No,No,Yes,Yes,No,No,Yes
U36625,None,Yes,Yes,No,No,No,No,No,No
F186086,DSL,Yes,No,Yes,Yes,Yes,Yes,Yes,Yes
I939809,Fiber Optic,Yes,Yes,No,Yes,No,No,No,No
F240803,Fiber Optic,Yes,No,No,No,Yes,Yes,Yes,Yes
F801493,Fiber Optic,Yes,Yes,No,Yes,Yes,No,No,No
L491403,DSL,Yes,Yes,Yes,Yes,Yes,No,Yes,Yes
L863306,DSL,Yes,Yes,No,No,No,No,No,Yes
I682933,None,Yes,Yes,No,Yes,No,Yes,Yes,No
M733994,Fiber Optic,Yes,Yes,No,No,No,No,Yes,No
F856239,DSL,Yes,Yes,No,Yes,No,Yes,No,Yes
S76930,DSL,Yes,Yes,No,No,No,Yes,Yes,Yes
D868252,None,Yes,No,No,No,Yes,No,Yes,No
Q943269,DSL,Yes,Yes,No,No,No,Yes,Yes,No
J378975,Fiber Optic,Yes,Yes,No,No,No,No,Yes,No
T99095,DSL,Yes,Yes,No,Yes,No,Yes,Yes,Yes
J767852,None,Yes,No,No,Yes,No,No,No,Yes
J568210,Fiber Optic,Yes,Yes,No,Yes,No,No,Yes,Yes
L776387,Fiber Optic,Yes,No,No,Yes,No,Yes,Yes,No
G898600,Fiber Optic,Yes,No,Yes,Yes,Yes,Yes,No,Yes
U791625,None,Yes,Yes,No,Yes,No,No,Yes,No
N894789,None,Yes,Yes,No,No,No,Yes,Yes,No
A505760,None,Yes,No,Yes,No,No,No,Yes,Yes
C985142,DSL,Yes,Yes,No,Yes,No,Yes,Yes,No
N573611,None,Yes,No,No,Yes,No,No,Yes,No
W679242,Fiber Optic,Yes,Yes,Yes,No,No,No,Yes,No
R685222,Fiber Optic,Yes,No,Yes,No,No,No,Yes,No
L942985,DSL,Yes,No,No,Yes,No,No,No,No
L945088,None,Yes,No,No,No,No,No,No,No
R72816,Fiber Optic,Yes,No,No,No,Yes,Yes,Yes,Yes
A672620,Fiber Optic,Yes,No,No,Yes,Yes,Yes,Yes,No
K578181,DSL,Yes,Yes,Yes,No,No,Yes,No,Yes
L98574,DSL,Yes,No,Yes,No,Yes,No,Yes,Yes
X708848,DSL,Yes,No,No,No,Yes,No,Yes,Yes
J900539,Fiber Optic,Yes,Yes,No,No,No,No,No,No
J393735,DSL,Yes,No,No,No,No,Yes,No,No
E670171,Fiber Optic,Yes,No,No,Yes,Yes,No,No,Yes
Y654962,DSL,Yes,No,No,Yes,No,No,No,No
G957553,Fiber Optic,Yes,Yes,No,No,No,No,No,No
M545671,Fiber Optic,Yes,No,Yes,Yes,Yes,No,Yes,No
R982501,Fiber Optic,Yes,No,No,Yes,No,No,Yes,No
Y306545,None,Yes,Yes,No,Yes,No,No,No,Yes
Q467770,DSL,Yes,No,No,No,No,Yes,Yes,No
R437917,None,Yes,No,No,No,No,No,No,No
J39435,Fiber Optic,Yes,Yes,Yes,No,Yes,No,No,No
Z192393,DSL,Yes,No,No,Yes,No,No,No,Yes
F119249,Fiber Optic,Yes,Yes,No,No,Yes,No,Yes,No
J11072,Fiber Optic,Yes,No,Yes,Yes,Yes,Yes,Yes,No
I854551,DSL,No,No,No,No,No,No,No,No
W570909,DSL,Yes,No,No,Yes,No,No,Yes,No
A105398,DSL,Yes,No,Yes,No,Yes,Yes,Yes,No
X744657,Fiber Optic,Yes,Yes,Yes,No,No,Yes,Yes,No
K784562,None,Yes,Yes,No,No,Yes,No,No,Yes
F444920,Fiber Optic,Yes,Yes,Yes,No,No,Yes,No,No
O317698,None,Yes,Yes,No,No,Yes,No,No,Yes
Z665264,Fiber Optic,Yes,Yes,No,Yes,Yes,No,No,Yes
H343519,Fiber Optic,Yes,Yes,No,No,No,No,Yes,Yes
R511812,None,Yes,Yes,No,No,Yes,No,Yes,No
E172718,Fiber Optic,Yes,No,No,Yes,No,Yes,Yes,No
G246830,None,Yes,Yes,Yes,Yes,No,Yes,No,No
G451064,DSL,Yes,No,No,No,No,No,No,Yes
D993926,Fiber Optic,Yes,Yes,Yes,No,Yes,No,No,Yes
M772976,Fiber Optic,Yes,No,No,No,No,Yes,No,No
A727077,DSL,Yes,Yes,No,No,Yes,No,No,No
K361736,DSL,Yes,No,No,Yes,No,Yes,Yes,Yes
A393945,None,Yes,No,No,No,No,No,No,No
I589605,Fiber Optic,Yes,Yes,No,No,Yes,No,No,Yes
N327641,DSL,Yes,Yes,No,No,No,No,Yes,Yes
J703724,Fiber Optic,Yes,No,No,No,Yes,No,No,No
B356659,DSL,Yes,Yes,Yes,Yes,Yes,Yes,Yes,No
V55806,Fiber Optic,Yes,Yes,No,No,No,No,No,Yes
I862435,DSL,Yes,No,Yes,Yes,No,No,No,No
X977955,Fiber Optic,Yes,No,No,No,Yes,No,No,No
T610774,None,Yes,No,Yes,No,Yes,No,No,Yes
N513478,Fiber Optic,Yes,No,No,Yes,No,No,Yes,No
K843254,DSL,No,No,No,No,No,No,Yes,Yes
A477627,Fiber Optic,Yes,No,No,No,Yes,No,Yes,Yes
S782248,DSL,Yes,Yes,No,Yes,Yes,Yes,No,Yes
Y842024,None,Yes,Yes,Yes,No,Yes,Yes,Yes,No
D553060,None,Yes,No,Yes,Yes,No,No,No,No
Q909096,Fiber Optic,Yes,Yes,Yes,Yes,No,No,Yes,No
B499886,None,Yes,No,Yes,No,No,No,No,Yes
U246543,Fiber Optic,Yes,No,Yes,No,No,Yes,Yes,No
X466953,None,Yes,Yes,No,Yes,No,No,Yes,Yes
H171672,DSL,Yes,Yes,No,No,No,No,No,No
W286326,DSL,Yes,Yes,No,Yes,Yes,No,Yes,Yes
H482032,Fiber Optic,Yes,No,No,Yes,No,No,Yes,No
D903851,DSL,Yes,Yes,Yes,Yes,No,No,Yes,Yes
F690235,Fiber Optic,Yes,No,No,No,No,No,No,Yes
C676642,Fiber Optic,Yes,No,No,No,No,No,Yes,Yes
Q270422,None,Yes,No,Yes,No,Yes,No,Yes,Yes
K812806,None,Yes,Yes,No,Yes,No,Yes,Yes,No
T592373,DSL,No,Yes,No,No,No,No,No,Yes
Z845059,None,No,No,No,No,No,No,No,No
X258761,None,Yes,Yes,No,No,No,Yes,Yes,Yes
D656330,Fiber Optic,Yes,No,No,Yes,Yes,No,Yes,Yes
T495078,Fiber Optic,Yes,Yes,No,No,No,No,No,Yes
J92349,Fiber Optic,No,No,No,No,No,No,Yes,Yes
Q696354,Fiber Optic,Yes,No,No,Yes,Yes,No,No,Yes
C515202,Fiber Optic,No,Yes,No,No,Yes,No,No,Yes
P263323,DSL,Yes,Yes,Yes,No,No,Yes,No,No
M154436,DSL,Yes,Yes,No,Yes,No,Yes,Yes,No
E333890,DSL,Yes,No,No,No,No,No,Yes,No
V607314,DSL,Yes,No,No,Yes,Yes,No,No,No
W441951,DSL,Yes,Yes,No,No,No,Yes,Yes,No
Y910041,None,No,No,Yes,No,Yes,No,No,Yes
N169945,Fiber Optic,Yes,Yes,Yes,No,No,No,Yes,No
P661153,None,Yes,No,No,No,Yes,Yes,Yes,No
H51608,Fiber Optic,Yes,Yes,No,No,No,No,No,Yes
C620479,DSL,Yes,No,No,No,No,Yes,Yes,Yes
D364470,None,Yes,No,No,Yes,No,No,Yes,Yes
O903764,DSL,Yes,Yes,No,Yes,No,Yes,No,No
J170179,None,Yes,No,No,No,No,No,Yes,No
T380611,Fiber Optic,Yes,Yes,No,Yes,No,No,No,No
F537282,DSL,Yes,Yes,No,No,No,Yes,No,Yes
V366744,DSL,Yes,No,No,Yes,Yes,Yes,Yes,Yes
U726172,Fiber Optic,Yes,No,Yes,No,No,No,No,No
U607425,DSL,Yes,Yes,Yes,Yes,Yes,Yes,Yes,Yes
G174513,Fiber Optic,Yes,No,Yes,No,Yes,Yes,Yes,Yes
C624351,Fiber Optic,Yes,Yes,No,No,Yes,No,Yes,Yes
Z483037,None,Yes,Yes,No,Yes,Yes,Yes,No,No
S708977,DSL,Yes,Yes,No,Yes,No,No,Yes,Yes
Q495387,None,Yes,No,Yes,Yes,No,No,No,No
H145896,None,Yes,Yes,No,Yes,No,No,Yes,Yes
Z865831,None,Yes,No,No,No,No,No,No,No
O841175,Fiber Optic,No,Yes,Yes,No,Yes,Yes,Yes,Yes
F84786,None,Yes,Yes,No,Yes,No,No,Yes,Yes
K216293,DSL,Yes,No,Yes,Yes,No,No,No,Yes
J610004,None,No,No,No,Yes,No,Yes,No,Yes
O288038,None,Yes,Yes,No,No,Yes,No,No,Yes
H690253,DSL,Yes,Yes,Yes,No,Yes,No,Yes,No
Y161183,Fiber Optic,Yes,No,No,Yes,No,No,No,No
X281282,DSL,Yes,No,Yes,No,No,No,Yes,Yes
V65412,Fiber Optic,Yes,No,Yes,No,Yes,Yes,Yes,No
U549211,DSL,No,No,Yes,No,No,No,No,No
P179491,Fiber Optic,Yes,No,No,No,No,Yes,No,No
P652340,Fiber Optic,Yes,No,No,No,No,Yes,No,No
T708534,Fiber Optic,Yes,No,No,Yes,No,Yes,Yes,Yes
K325380,Fiber Optic,No,No,No,Yes,No,No,Yes,No
T653531,Fiber Optic,Yes,Yes,Yes,No,Yes,No,Yes,Yes
O189297,Fiber Optic,Yes,No,Yes,No,Yes,No,Yes,Yes
I250439,Fiber Optic,Yes,Yes,Yes,Yes,Yes,No,Yes,Yes
O760396,Fiber Optic,Yes,No,Yes,No,No,No,No,Yes
A633603,DSL,Yes,No,Yes,Yes,Yes,No,Yes,Yes
M572988,DSL,Yes,Yes,Yes,No,No,Yes,Yes,Yes
D330603,Fiber Optic,No,Yes,Yes,Yes,Yes,No,No,Yes
S70815,Fiber Optic,No,Yes,Yes,No,Yes,No,Yes,No
B848374,Fiber Optic,Yes,Yes,No,Yes,No,No,No,No
X686233,Fiber Optic,Yes,Yes,No,Yes,No,No,No,No
Z280135,DSL,Yes,No,No,No,Yes,No,No,No
Y147099,DSL,Yes,Yes,Yes,No,Yes,Yes,No,Yes
A855887,DSL,Yes,Yes,No,Yes,Yes,Yes,No,No
X147035,Fiber Optic,Yes,Yes,No,No,Yes,Yes,No,Yes
L99216,Fiber Optic,Yes,No,Yes,No,No,Yes,No,Yes
X354158,DSL,Yes,No,Yes,Yes,No,Yes,Yes,No
P361045,Fiber Optic,Yes,No,No,Yes,No,Yes,No,Yes
O575002,Fiber Optic,No,No,Yes,No,No,No,No,No
C274032,Fiber Optic,Yes,Yes,Yes,No,No,Yes,No,Yes
S682687,Fiber Optic,Yes,Yes,Yes,No,No,No,Yes,No
G354597,Fiber Optic,No,No,No,Yes,Yes,No,No,Yes
R317720,Fiber Optic,Yes,No,No,Yes,Yes,No,Yes,Yes
T22671,Fiber Optic,Yes,Yes,Yes,Yes,Yes,No,No,Yes
M908203,Fiber Optic,Yes,Yes,Yes,No,Yes,Yes,No,Yes
K610866,Fiber Optic,Yes,No,No,No,Yes,No,No,No
Z849200,DSL,Yes,Yes,No,No,Yes,No,No,Yes
D321119,DSL,No,Yes,Yes,No,No,No,Yes,No
X435937,DSL,Yes,No,Yes,No,No,Yes,Yes,No
C315562,Fiber Optic,Yes,Yes,Yes,No,Yes,Yes,Yes,No
I692478,None,Yes,No,No,No,No,No,Yes,No
M464374,Fiber Optic,Yes,No,No,Yes,No,Yes,No,Yes
D347113,Fiber Optic,Yes,Yes,No,No,No,No,Yes,Yes
C548406,DSL,Yes,No,No,Yes,No,Yes,Yes,No
R640213,Fiber Optic,Yes,No,No,Yes,Yes,Yes,No,No
N340220,DSL,Yes,Yes,No,Yes,No,No,Yes,Yes
M171160,Fiber Optic,Yes,Yes,Yes,Yes,No,Yes,No,No
G164719,Fiber Optic,No,No,No,No,No,No,No,No
C444218,None,Yes,Yes,Yes,No,Yes,Yes,No,Yes
C445988,DSL,Yes,No,No,Yes,Yes,No,Yes,Yes
F774584,None,Yes,No,No,No,No,Yes,No,No
R416972,Fiber Optic,Yes,Yes,No,Yes,Yes,No,No,No
O844706,None,Yes,No,Yes,No,Yes,No,No,Yes
E918150,DSL,No,Yes,Yes,Yes,No,Yes,Yes,Yes
Z959997,DSL,Yes,No,Yes,No,No,No,Yes,Yes
C36783,DSL,Yes,No,Yes,No,Yes,Yes,No,No
S217763,None,Yes,Yes,No,No,No,Yes,No,No
Z74524,Fiber Optic,Yes,Yes,No,Yes,No,Yes,No,No
S356458,None,Yes,Yes,No,Yes,No,No,Yes,Yes
F785085,DSL,No,No,Yes,Yes,Yes,No,No,No
N154513,Fiber Optic,Yes,No,No,No,Yes,Yes,No,No
Z916283,Fiber Optic,Yes,No,No,Yes,No,No,No,No
E753458,DSL,Yes,No,Yes,No,No,Yes,No,No
J865464,None,No,Yes,No,No,Yes,No,Yes,Yes
E446263,Fiber Optic,Yes,Yes,No,No,No,No,No,No
S838605,DSL,Yes,No,No,Yes,No,Yes,Yes,No
C436821,Fiber Optic,Yes,No,No,No,No,No,Yes,Yes
H215697,DSL,Yes,Yes,No,Yes,No,No,No,Yes
Z360250,DSL,No,Yes,No,Yes,Yes,Yes,No,Yes
P25008,DSL,Yes,No,No,Yes,No,No,No,No
K589469,Fiber Optic,No,Yes,Yes,Yes,No,Yes,No,Yes
Q311850,Fiber Optic,Yes,No,No,No,No,No,Yes,Yes
S952248,Fiber Optic,Yes,No,No,No,No,No,Yes,Yes
K377982,Fiber Optic,No,No,No,No,Yes,No,Yes,No
U444790,Fiber Optic,Yes,No,Yes,Yes,Yes,No,No,Yes
T710947,Fiber Optic,Yes,Yes,No,No,Yes,No,No,Yes
Z985297,Fiber Optic,Yes,Yes,Yes,No,No,Yes,Yes,No
E260530,Fiber Optic,Yes,No,No,Yes,No,No,No,No
K38297,None,Yes,Yes,Yes,No,Yes,No,Yes,No
R889523,Fiber Optic,Yes,No,No,No,No,Yes,Yes,Yes
Z652933,Fiber Optic,Yes,Yes,No,No,Yes,No,Yes,Yes
Y40674,DSL,Yes,No,No,No,No,No,Yes,Yes
V135243,None,Yes,No,Yes,No,Yes,No,No,No
U292174,None,Yes,No,No,No,No,Yes,No,No
S791046,None,Yes,No,Yes,No,Yes,No,No,Yes
O06174,None,No,Yes,Yes,Yes,Yes,No,No,No
Q296862,Fiber Optic,Yes,Yes,No,Yes,No,Yes,Yes,No
N863236,DSL,Yes,No,No,Yes,Yes,Yes,No,No
P860743,DSL,Yes,No,No,Yes,No,No,No,Yes
G466917,DSL,Yes,Yes,No,Yes,No,No,Yes,Yes
X425839,Fiber Optic,Yes,Yes,Yes,No,Yes,No,No,Yes
T510073,Fiber Optic,Yes,No,No,No,Yes,No,Yes,No
M898890,Fiber Optic,Yes,No,Yes,No,Yes,No,No,No
V691458,DSL,Yes,No,No,No,No,Yes,Yes,Yes
O529706,DSL,Yes,Yes,No,No,No,No,No,Yes
L717585,Fiber Optic,Yes,Yes,No,Yes,Yes,No,No,No
R434150,Fiber Optic,Yes,Yes,No,Yes,Yes,No,Yes,No
O924950,DSL,Yes,Yes,No,No,Yes,Yes,Yes,Yes
Q895834,DSL,Yes,Yes,Yes,No,No,Yes,No,Yes
A708666,DSL,No,Yes,Yes,Yes,Yes,Yes,Yes,Yes
E547215,DSL,Yes,Yes,No,No,Yes,Yes,Yes,Yes
J131248,DSL,Yes,No,No,No,Yes,Yes,No,Yes
F02497,DSL,Yes,Yes,Yes,No,Yes,Yes,No,No
F193526,DSL,Yes,Yes,No,No,No,Yes,Yes,No
L681773,DSL,Yes,Yes,No,Yes,Yes,No,No,Yes
C27979,Fiber Optic,Yes,Yes,Yes,Yes,No,No,No,Yes
H581110,DSL,Yes,Yes,No,No,Yes,No,Yes,No
N472963,None,Yes,Yes,Yes,Yes,No,No,Yes,No
D769071,DSL,No,No,Yes,No,Yes,Yes,Yes,Yes
B451399,None,No,Yes,Yes,No,No,Yes,No,No
E976279,DSL,Yes,No,No,Yes,Yes,Yes,Yes,No
N489314,DSL,No,No,No,No,Yes,No,Yes,No
P464896,Fiber Optic,Yes,Yes,No,Yes,No,No,No,Yes
L267036,Fiber Optic,Yes,No,Yes,Yes,No,No,No,No
Q632278,DSL,Yes,Yes,No,No,Yes,No,No,Yes
K489730,DSL,Yes,No,No,Yes,Yes,Yes,Yes,Yes
W504012,None,Yes,No,Yes,No,No,No,No,Yes
U960393,Fiber Optic,Yes,Yes,Yes,Yes,Yes,No,Yes,No
X265916,Fiber Optic,Yes,Yes,No,Yes,No,Yes,No,Yes
B644120,Fiber Optic,Yes,No,No,Yes,Yes,Yes,No,Yes
Y576054,Fiber Optic,Yes,No,No,No,Yes,No,Yes,Yes
D96885,DSL,Yes,Yes,Yes,No,No,Yes,No,No
M572765,Fiber Optic,Yes,No,No,Yes,No,No,Yes,No
S502052,DSL,Yes,No,No,No,No,Yes,No,No
D47677,Fiber Optic,Yes,No,No,Yes,No,No,Yes,Yes
R376184,DSL,Yes,No,No,No,Yes,No,Yes,Yes
W258240,DSL,Yes,No,No,Yes,No,No,No,No
G563440,Fiber Optic,Yes,Yes,Yes,No,No,No,No,No
S753119,DSL,Yes,Yes,Yes,Yes,No,No,Yes,No
C729520,DSL,Yes,Yes,No,No,Yes,Yes,Yes,No
Q940617,DSL,No,No,Yes,No,Yes,Yes,No,Yes
A442435,DSL,Yes,No,Yes,Yes,Yes,Yes,Yes,No
T897383,DSL,Yes,Yes,Yes,Yes,No,Yes,No,Yes
Q867792,Fiber Optic,Yes,Yes,No,No,Yes,Yes,Yes,No
B507626,DSL,Yes,Yes,No,Yes,Yes,No,Yes,No
V677765,Fiber Optic,Yes,No,No,No,No,Yes,Yes,Yes
I240484,Fiber Optic,Yes,No,Yes,Yes,No,Yes,No,No
V122687,Fiber Optic,Yes,Yes,No,Yes,No,Yes,No,No
W869440,Fiber Optic,Yes,No,No,Yes,No,No,No,Yes
V116127,Fiber Optic,Yes,No,No,Yes,No,No,Yes,Yes
A605807,DSL,Yes,Yes,No,Yes,Yes,No,No,Yes
F644019,None,Yes,Yes,Yes,No,Yes,No,Yes,No
T456294,Fiber Optic,Yes,No,Yes,Yes,No,Yes,No,No
Q140635,Fiber Optic,Yes,Yes,Yes,No,No,Yes,No,No
I52077,Fiber Optic,Yes,Yes,Yes,No,No,Yes,No,No
F412119,Fiber Optic,Yes,Yes,No,Yes,No,Yes,No,No
X790315,None,Yes,No,No,No,No,No,Yes,Yes
I524441,None,Yes,Yes,Yes,No,Yes,No,No,No
N893933,Fiber Optic,Yes,Yes,Yes,Yes,No,Yes,Yes,No
N782316,None,Yes,Yes,No,No,No,Yes,Yes,Yes
S894000,DSL,Yes,Yes,No,Yes,Yes,Yes,No,Yes
M875951,None,Yes,No,Yes,Yes,Yes,Yes,No,No
U987101,Fiber Optic,Yes,No,No,No,Yes,No,Yes,Yes
S263090,Fiber Optic,Yes,Yes,No,Yes,No,Yes,No,No
I293072,None,Yes,No,No,Yes,No,No,No,Yes
S623345,DSL,No,No,No,No,Yes,Yes,Yes,Yes
T708376,DSL,Yes,Yes,No,No,No,No,No,No
W682855,DSL,Yes,Yes,Yes,No,Yes,Yes,No,No
G813506,None,Yes,No,No,No,No,Yes,Yes,No
V942742,Fiber Optic,Yes,No,No,No,No,No,No,Yes
Y654641,None,Yes,No,No,No,No,Yes,No,No
C45413,DSL,No,No,No,Yes,Yes,No,No,No
D216382,DSL,Yes,No,Yes,No,No,No,Yes,No
W58371,Fiber Optic,Yes,Yes,No,No,No,No,Yes,Yes
V581138,None,Yes,No,No,Yes,No,Yes,Yes,Yes
Z257700,DSL,Yes,No,No,No,Yes,No,No,Yes
Y08499,Fiber Optic,Yes,Yes,Yes,No,No,No,Yes,Yes
M949486,DSL,Yes,Yes,No,No,Yes,No,Yes,No
X240332,Fiber Optic,Yes,Yes,No,Yes,Yes,Yes,No,Yes
W738025,Fiber Optic,Yes,Yes,No,No,Yes,No,No,Yes
C671723,Fiber Optic,Yes,Yes,Yes,Yes,Yes,No,Yes,No
B154541,DSL,Yes,Yes,No,No,No,No,Yes,No
I590530,DSL,Yes,No,No,Yes,No,No,No,No
G623098,DSL,Yes,No,No,No,No,No,Yes,No
T896933,Fiber Optic,Yes,No,No,No,No,No,Yes,No
J234094,DSL,Yes,No,No,No,Yes,No,No,No
H572770,Fiber Optic,Yes,No,Yes,No,No,No,No,Yes
K447350,Fiber Optic,Yes,Yes,Yes,Yes,No,No,Yes,No
O16400,DSL,No,No,No,No,No,No,Yes,Yes
P69600,None,Yes,No,No,No,No,No,Yes,No
Y920029,None,Yes,No,No,No,Yes,No,No,Yes
S103816,DSL,Yes,No,Yes,Yes,Yes,Yes,No,No
T240504,Fiber Optic,Yes,No,Yes,Yes,Yes,No,No,No
A793530,DSL,Yes,No,No,No,Yes,No,No,No
S201981,DSL,No,Yes,No,No,Yes,No,No,Yes
W644654,Fiber Optic,Yes,No,Yes,No,No,Yes,No,Yes
V399133,DSL,Yes,No,No,Yes,No,Yes,No,Yes
P439509,Fiber Optic,Yes,No,No,No,Yes,Yes,Yes,Yes
F624787,Fiber Optic,Yes,No,Yes,Yes,No,No,Yes,No
E638895,None,Yes,Yes,No,No,No,No,Yes,No
S651835,DSL,Yes,Yes,Yes,No,No,No,Yes,No
T638047,None,Yes,No,Yes,No,No,No,Yes,No
A634512,None,Yes,Yes,No,Yes,Yes,No,No,No
E107655,DSL,Yes,Yes,Yes,Yes,No,Yes,No,Yes
Q913573,DSL,Yes,Yes,No,No,Yes,Yes,No,Yes
J974076,Fiber Optic,No,Yes,No,No,Yes,No,Yes,No
Y561620,Fiber Optic,No,No,No,Yes,No,Yes,No,Yes
X286811,Fiber Optic,Yes,No,Yes,Yes,Yes,Yes,No,Yes
S744209,Fiber Optic,Yes,Yes,No,No,No,No,No,No
P668082,Fiber Optic,Yes,Yes,No,No,Yes,No,Yes,Yes
H338128,Fiber Optic,Yes,No,Yes,No,No,No,Yes,Yes
U904070,Fiber Optic,Yes,No,Yes,No,Yes,Yes,Yes,Yes
E469169,DSL,Yes,Yes,Yes,No,No,No,Yes,No
Y751075,DSL,Yes,Yes,No,Yes,Yes,Yes,Yes,No
L416391,None,Yes,Yes,No,No,Yes,No,No,No
K472000,DSL,Yes,Yes,No,Yes,No,No,No,Yes
P778970,DSL,Yes,No,No,No,No,Yes,No,No
W847233,Fiber Optic,Yes,No,No,Yes,Yes,No,No,No
V915366,DSL,Yes,No,Yes,Yes,No,No,Yes,No
W458856,Fiber Optic,Yes,Yes,Yes,Yes,Yes,No,No,No
Z709647,DSL,Yes,No,No,Yes,No,No,No,No
K776350,DSL,Yes,No,No,Yes,No,Yes,No,No
Q539467,None,Yes,Yes,No,No,No,No,Yes,Yes
V249949,None,Yes,Yes,No,Yes,No,Yes,Yes,Yes
E172755,Fiber Optic,No,No,Yes,Yes,No,No,Yes,Yes
C359732,Fiber Optic,Yes,Yes,No,No,No,No,Yes,No
E262279,Fiber Optic,Yes,Yes,No,No,Yes,No,No,No
D88462,Fiber Optic,Yes,No,No,No,Yes,Yes,Yes,No
U308163,DSL,Yes,No,Yes,Yes,Yes,No,No,Yes
J947508,None,Yes,Yes,No,No,Yes,No,Yes,Yes
S528281,DSL,Yes,Yes,Yes,No,Yes,No,Yes,No
E678852,Fiber Optic,Yes,Yes,No,Yes,Yes,Yes,Yes,Yes
I86158,Fiber Optic,No,No,No,Yes,No,No,Yes,Yes
P153763,DSL,Yes,Yes,Yes,No,Yes,Yes,Yes,Yes
D555568,Fiber Optic,Yes,Yes,Yes,Yes,No,No,Yes,No
G460115,DSL,Yes,Yes,No,Yes,No,Yes,Yes,Yes
V603783,DSL,Yes,Yes,Yes,Yes,Yes,Yes,No,No
N960360,DSL,Yes,No,Yes,No,Yes,Yes,Yes,No
A327397,Fiber Optic,Yes,No,No,No,No,No,No,Yes
K191922,Fiber Optic,No,No,Yes,Yes,No,No,No,Yes
B290057,None,Yes,No,No,Yes,No,No,Yes,Yes
A106835,Fiber Optic,Yes,Yes,No,No,Yes,No,No,No
H114965,DSL,Yes,No,Yes,No,Yes,Yes,Yes,No
C93992,Fiber Optic,Yes,Yes,No,No,Yes,No,No,No
I665838,Fiber Optic,Yes,No,Yes,No,Yes,Yes,Yes,Yes
R492326,None,Yes,No,No,No,No,Yes,Yes,Yes
Z512046,None,Yes,No,Yes,No,Yes,Yes,Yes,Yes
M233671,DSL,Yes,Yes,Yes,No,No,Yes,No,Yes
Q64947,Fiber Optic,Yes,Yes,No,No,No,No,Yes,Yes
J66174,DSL,Yes,Yes,No,Yes,No,No,Yes,No
W166219,Fiber Optic,Yes,Yes,Yes,Yes,Yes,Yes,Yes,Yes
F122731,None,Yes,Yes,Yes,No,No,Yes,Yes,Yes
U176935,Fiber Optic,Yes,Yes,No,Yes,No,Yes,No,No
H368014,None,Yes,Yes,No,No,No,No,Yes,Yes
C306117,Fiber Optic,Yes,Yes,Yes,Yes,No,Yes,Yes,Yes
X867518,Fiber Optic,Yes,Yes,No,Yes,Yes,No,No,No
K845651,DSL,Yes,Yes,No,No,Yes,Yes,No,No
C360329,None,Yes,Yes,No,Yes,Yes,Yes,No,Yes
F988047,Fiber Optic,Yes,Yes,Yes,No,Yes,No,No,No
X784647,DSL,Yes,No,No,No,Yes,No,No,Yes
X947701,None,Yes,No,No,Yes,No,Yes,No,No
C533910,Fiber Optic,Yes,Yes,Yes,No,No,No,No,No
M856171,Fiber Optic,Yes,No,No,Yes,Yes,No,No,Yes
A295954,Fiber Optic,Yes,No,Yes,Yes,Yes,No,Yes,Yes
E672215,None,Yes,Yes,No,Yes,Yes,No,No,Yes
D901761,Fiber Optic,Yes,No,Yes,Yes,No,No,No,Yes
K402892,Fiber Optic,Yes,No,Yes,Yes,No,No,Yes,Yes
O178098,None,Yes,Yes,No,No,No,No,No,No
C966412,Fiber Optic,Yes,No,Yes,No,No,Yes,No,No
S38895,DSL,No,No,No,No,No,Yes,No,Yes
V197580,Fiber Optic,Yes,Yes,No,Yes,Yes,No,Yes,No
D332841,None,Yes,Yes,No,No,Yes,Yes,No,No
K390115,Fiber Optic,Yes,No,No,No,No,No,No,No
J69720,Fiber Optic,Yes,No,No,No,Yes,Yes,No,No
N496180,Fiber Optic,Yes,Yes,No,Yes,No,Yes,No,Yes
L113799,Fiber Optic,No,No,Yes,Yes,Yes,No,No,No
B518186,Fiber Optic,No,Yes,Yes,No,No,No,Yes,No
F518801,Fiber Optic,Yes,No,Yes,No,No,No,No,No
P401786,DSL,Yes,No,No,Yes,Yes,No,Yes,Yes
W143356,Fiber Optic,Yes,Yes,Yes,Yes,No,Yes,No,Yes
H911954,None,Yes,No,Yes,Yes,Yes,No,No,No
P82876,DSL,No,Yes,No,Yes,Yes,No,Yes,Yes
I422144,None,Yes,No,No,No,Yes,No,No,Yes
S112154,None,No,Yes,No,No,Yes,No,Yes,Yes
F958984,DSL,Yes,Yes,Yes,Yes,No,No,No,No
U173150,DSL,Yes,No,Yes,Yes,No,No,Yes,Yes
U955654,DSL,Yes,Yes,No,Yes,Yes,No,Yes,No
V664719,DSL,Yes,Yes,No,No,No,Yes,Yes,No
U00174,DSL,Yes,Yes,Yes,Yes,Yes,Yes,Yes,Yes
S800636,DSL,Yes,Yes,Yes,Yes,No,No,No,Yes
I354535,None,Yes,Yes,Yes,Yes,No,Yes,No,Yes
H719093,Fiber Optic,Yes,No,No,Yes,Yes,No,Yes,No
M244558,None,Yes,No,Yes,No,Yes,No,Yes,No
U271265,DSL,Yes,Yes,Yes,Yes,Yes,Yes,No,No
V554560,DSL,Yes,Yes,No,No,No,Yes,Yes,Yes
C384023,DSL,Yes,No,Yes,No,No,Yes,No,Yes
L732093,Fiber Optic,Yes,Yes,No,Yes,No,No,Yes,No
E47652,DSL,Yes,Yes,Yes,No,Yes,No,No,No
X784173,None,Yes,No,No,Yes,Yes,Yes,No,No
Q649581,Fiber Optic,Yes,Yes,No,No,No,No,Yes,Yes
I84671,Fiber Optic,Yes,Yes,No,Yes,Yes,Yes,Yes,Yes
T355395,Fiber Optic,Yes,Yes,Yes,Yes,No,No,Yes,Yes
G605184,Fiber Optic,Yes,Yes,Yes,No,No,Yes,Yes,Yes
D995873,DSL,Yes,No,Yes,Yes,No,Yes,No,Yes
M841756,None,Yes,No,Yes,No,No,Yes,No,No
M989048,Fiber Optic,Yes,No,Yes,Yes,No,No,No,No
T750530,Fiber Optic,Yes,No,Yes,Yes,No,No,No,Yes
N810011,DSL,Yes,Yes,Yes,No,No,No,No,No
T156538,DSL,Yes,No,No,No,No,Yes,Yes,Yes
Y690438,None,Yes,No,No,Yes,Yes,Yes,No,No
Z812383,Fiber Optic,Yes,No,No,Yes,No,Yes,Yes,Yes
O156880,None,Yes,Yes,No,Yes,No,No,Yes,Yes
L680236,None,Yes,No,No,Yes,No,No,Yes,Yes
P142472,None,Yes,No,No,Yes,Yes,Yes,No,Yes
U243994,None,Yes,No,No,No,No,No,No,Yes
T789081,None,Yes,No,Yes,Yes,No,Yes,No,Yes
J857569,Fiber Optic,Yes,No,Yes,Yes,No,Yes,Yes,Yes
N979670,None,Yes,Yes,Yes,No,Yes,No,Yes,No
E760180,None,Yes,Yes,No,Yes,No,No,No,Yes
B483116,None,Yes,Yes,Yes,Yes,Yes,Yes,No,Yes
Q291298,Fiber Optic,Yes,No,Yes,Yes,Yes,No,No,No
U407326,DSL,Yes,Yes,No,Yes,Yes,No,No,No
I642753,Fiber Optic,Yes,Yes,No,No,No,Yes,Yes,No
G627048,Fiber Optic,Yes,Yes,Yes,Yes,No,No,No,No
P584359,DSL,Yes,Yes,No,Yes,Yes,No,Yes,No
M913115,None,Yes,Yes,No,Yes,No,No,No,Yes
E74599,Fiber Optic,Yes,No,No,No,No,No,Yes,No
P263005,Fiber Optic,Yes,Yes,No,Yes,No,Yes,No,No
S703204,DSL,Yes,Yes,No,No,No,Yes,Yes,No
Y84463,DSL,Yes,No,Yes,Yes,No,No,No,No
L226305,Fiber Optic,Yes,No,Yes,No,No,No,Yes,No
I929408,DSL,Yes,No,No,No,No,No,No,Yes
I86147,DSL,Yes,Yes,No,No,Yes,No,Yes,No
O246994,None,Yes,No,No,Yes,Yes,No,No,Yes
V134244,Fiber Optic,Yes,Yes,No,No,No,No,Yes,No
X978138,DSL,Yes,No,Yes,Yes,Yes,Yes,No,No
E576261,Fiber Optic,Yes,No,No,Yes,Yes,Yes,Yes,No
G944076,DSL,Yes,No,Yes,Yes,No,No,No,Yes
X460286,None,Yes,No,No,No,Yes,No,No,Yes
D217513,None,Yes,Yes,Yes,Yes,No,No,Yes,No
G551745,DSL,Yes,No,Yes,No,No,Yes,Yes,Yes
O12840,Fiber Optic,Yes,No,Yes,Yes,Yes,Yes,Yes,Yes
V228516,DSL,Yes,No,No,No,No,Yes,No,No
O467624,DSL,Yes,No,No,No,No,No,No,Yes
L139786,DSL,Yes,No,No,Yes,No,No,No,Yes
H978429,DSL,Yes,Yes,No,No,No,No,No,Yes
A546615,None,Yes,No,Yes,No,Yes,No,No,Yes
R974706,Fiber Optic,Yes,Yes,No,No,No,No,Yes,Yes
N823455,Fiber Optic,Yes,No,No,Yes,No,No,Yes,No
G451927,Fiber Optic,Yes,No,No,No,Yes,No,No,Yes
L295115,None,No,No,Yes,Yes,No,No,No,Yes
C924454,Fiber Optic,Yes,No,Yes,Yes,Yes,Yes,No,Yes
P228431,DSL,Yes,Yes,No,Yes,No,Yes,No,Yes
Y581185,DSL,Yes,No,No,Yes,No,Yes,No,Yes
U460441,None,Yes,No,No,Yes,No,No,No,Yes
U783014,Fiber Optic,Yes,Yes,Yes,No,No,Yes,No,No
Q875708,None,Yes,No,No,No,No,No,Yes,Yes
I818374,DSL,Yes,No,No,No,Yes,Yes,Yes,Yes
H978832,Fiber Optic,Yes,Yes,No,Yes,No,No,No,No
P433050,DSL,Yes,No,Yes,Yes,Yes,Yes,No,Yes
V507469,None,Yes,Yes,Yes,Yes,Yes,Yes,No,Yes
L406991,Fiber Optic,Yes,Yes,Yes,No,Yes,Yes,No,Yes
N704991,DSL,Yes,No,Yes,Yes,No,No,Yes,Yes
L294826,Fiber Optic,Yes,No,No,No,Yes,No,Yes,No
C761863,Fiber Optic,Yes,Yes,Yes,No,Yes,Yes,Yes,Yes
J234948,Fiber Optic,Yes,No,No,Yes,Yes,Yes,Yes,No
N59942,Fiber Optic,Yes,Yes,Yes,No,Yes,No,Yes,Yes
G367803,None,Yes,Yes,Yes,No,Yes,No,No,No
I529279,Fiber Optic,Yes,No,No,No,No,No,Yes,Yes
D62748,Fiber Optic,Yes,Yes,Yes,No,Yes,Yes,Yes,Yes
F376729,Fiber Optic,Yes,No,No,Yes,Yes,No,Yes,Yes
A357267,None,Yes,Yes,No,No,Yes,Yes,No,Yes
G324107,Fiber Optic,Yes,No,Yes,No,No,No,Yes,No
L97798,DSL,No,Yes,No,Yes,No,No,No,No
B655777,Fiber Optic,No,No,No,No,Yes,Yes,No,No
M438418,Fiber Optic,No,No,No,No,Yes,Yes,No,Yes
F914859,Fiber Optic,Yes,No,Yes,No,Yes,Yes,Yes,Yes
I98721,DSL,Yes,Yes,No,Yes,Yes,No,Yes,No
S237899,DSL,No,Yes,No,No,No,No,Yes,Yes
U828465,Fiber Optic,Yes,No,No,No,No,Yes,No,Yes
Q366127,Fiber Optic,Yes,No,Yes,No,No,Yes,No,No
D105234,Fiber Optic,Yes,No,No,No,No,No,Yes,Yes
P212521,Fiber Optic,Yes,Yes,Yes,No,No,Yes,No,Yes
O04397,DSL,Yes,No,No,No,No,Yes,No,Yes
T697778,DSL,Yes,Yes,No,No,Yes,No,No,Yes
A169002,DSL,Yes,Yes,No,No,Yes,No,No,Yes
J751606,None,Yes,No,No,No,Yes,No,Yes,No
N28335,Fiber Optic,Yes,No,No,No,Yes,No,No,Yes
E101429,None,Yes,Yes,No,Yes,No,No,Yes,No
I873687,DSL,Yes,Yes,No,No,Yes,Yes,Yes,Yes
O431640,Fiber Optic,Yes,Yes,No,Yes,Yes,Yes,Yes,Yes
R284006,DSL,Yes,No,Yes,No,No,No,Yes,Yes
K545983,None,Yes,No,No,No,No,No,Yes,No
F269252,DSL,Yes,No,No,Yes,No,Yes,No,Yes
T482163,Fiber Optic,Yes,Yes,Yes,Yes,No,No,Yes,Yes
Y497571,DSL,Yes,No,No,No,Yes,No,Yes,No
Q983001,Fiber Optic,Yes,No,No,Yes,No,No,No,No
K969763,DSL,Yes,No,No,Yes,No,Yes,No,No
Q441224,DSL,Yes,Yes,Yes,Yes,No,No,No,No
M492002,Fiber Optic,Yes,No,Yes,No,No,No,Yes,No
O843903,DSL,Yes,Yes,No,Yes,No,No,Yes,Yes
W571989,Fiber Optic,No,Yes,No,No,No,No,Yes,No
X470641,Fiber Optic,Yes,No,No,Yes,Yes,Yes,No,Yes
D949368,Fiber Optic,Yes,No,No,No,No,No,No,Yes
J995473,DSL,Yes,No,No,Yes,Yes,No,Yes,No
G527970,Fiber Optic,Yes,No,Yes,No,No,No,No,Yes
K189437,DSL,Yes,Yes,No,Yes,Yes,No,No,No
T691939,Fiber Optic,Yes,No,No,No,Yes,Yes,Yes,No
V164385,None,Yes,Yes,Yes,No,No,Yes,Yes,No
L151624,Fiber Optic,Yes,No,No,No,No,No,No,Yes
O554244,Fiber Optic,Yes,No,No,Yes,No,Yes,Yes,Yes
J671867,None,Yes,Yes,No,Yes,Yes,No,Yes,No
M606037,Fiber Optic,Yes,Yes,No,No,Yes,No,No,Yes
E715967,DSL,Yes,Yes,Yes,Yes,No,Yes,Yes,Yes
Z264704,None,Yes,Yes,No,No,No,No,Yes,No
C793481,None,Yes,Yes,No,Yes,No,No,Yes,Yes
E66600,Fiber Optic,Yes,No,Yes,Yes,Yes,No,No,Yes
N220947,DSL,Yes,No,Yes,Yes,Yes,No,Yes,Yes
P730715,None,Yes,No,No,No,Yes,No,No,No
M613995,Fiber Optic,Yes,No,Yes,No,No,Yes,No,No
H676214,DSL,Yes,No,No,No,No,Yes,No,Yes
R359792,None,Yes,Yes,Yes,Yes,Yes,No,No,Yes
B18063,DSL,Yes,Yes,Yes,Yes,Yes,No,No,No
Y943121,Fiber Optic,Yes,Yes,No,No,No,No,Yes,Yes
C305571,None,Yes,Yes,Yes,No,No,Yes,No,No
S775727,DSL,Yes,No,No,Yes,Yes,Yes,Yes,Yes
I257803,Fiber Optic,Yes,No,No,Yes,Yes,Yes,Yes,No
A695130,Fiber Optic,Yes,Yes,No,No,Yes,No,Yes,No
R462414,Fiber Optic,No,Yes,Yes,No,No,No,No,No
S242586,Fiber Optic,Yes,Yes,No,No,Yes,No,No,Yes
Z184886,DSL,Yes,Yes,No,No,Yes,No,No,Yes
R290249,DSL,Yes,No,No,Yes,Yes,No,Yes,No
T679323,DSL,Yes,No,Yes,No,No,Yes,No,Yes
Q734676,Fiber Optic,Yes,Yes,Yes,Yes,No,Yes,No,Yes
A758129,Fiber Optic,Yes,No,No,No,No,Yes,Yes,No
U328101,DSL,Yes,Yes,No,Yes,Yes,No,Yes,No
S524938,Fiber Optic,No,Yes,No,Yes,No,No,Yes,No
P986012,Fiber Optic,Yes,No,No,Yes,No,No,Yes,Yes
D504035,DSL,Yes,No,No,No,Yes,No,Yes,Yes
S150511,None,Yes,Yes,No,Yes,Yes,No,No,No
E473040,DSL,Yes,Yes,No,Yes,Yes,No,No,No
C812291,None,Yes,No,No,Yes,No,Yes,Yes,No
B680094,DSL,Yes,No,No,Yes,Yes,No,No,No
N724112,Fiber Optic,Yes,Yes,Yes,No,No,No,No,Yes
P865655,Fiber Optic,Yes,No,No,No,Yes,No,No,No
M876427,DSL,Yes,No,No,Yes,Yes,Yes,Yes,Yes
G538504,DSL,Yes,No,Yes,Yes,Yes,Yes,No,No
Z174876,Fiber Optic,No,No,No,No,No,No,Yes,No
V113628,DSL,Yes,No,No,No,No,No,No,Yes
A488962,Fiber Optic,Yes,No,No,No,No,Yes,Yes,No
D336318,Fiber Optic,Yes,No,No,No,Yes,No,Yes,No
F251167,Fiber Optic,No,No,No,No,Yes,Yes,No,No
F843369,None,Yes,Yes,No,No,Yes,No,No,No
L165090,Fiber Optic,Yes,No,Yes,Yes,No,No,Yes,No
T994784,DSL,Yes,No,No,No,Yes,Yes,Yes,Yes
I534222,Fiber Optic,Yes,No,Yes,Yes,No,No,Yes,No
X88676,DSL,Yes,Yes,No,No,Yes,No,No,Yes
E572839,DSL,No,Yes,No,Yes,Yes,Yes,No,No
L690894,Fiber Optic,No,Yes,No,No,Yes,No,Yes,Yes
K76164,None,Yes,No,Yes,No,Yes,Yes,No,No
R54030,None,Yes,No,No,Yes,No,Yes,Yes,No
O667890,DSL,Yes,Yes,Yes,Yes,No,No,Yes,Yes
E184998,Fiber Optic,Yes,Yes,Yes,No,No,No,Yes,Yes
U592707,Fiber Optic,Yes,Yes,No,Yes,No,No,Yes,Yes
F444091,DSL,Yes,No,Yes,Yes,No,No,Yes,Yes
I984061,DSL,Yes,Yes,No,No,Yes,No,No,No
K155403,DSL,Yes,Yes,Yes,Yes,No,No,Yes,No
W353625,Fiber Optic,Yes,Yes,Yes,No,No,No,No,No
P222819,Fiber Optic,Yes,Yes,Yes,No,Yes,Yes,Yes,No
Q420912,DSL,Yes,No,No,No,Yes,No,No,No
R893008,Fiber Optic,Yes,Yes,Yes,No,Yes,No,No,No
P513067,DSL,Yes,No,No,No,Yes,No,Yes,No
G678901,Fiber Optic,Yes,No,No,Yes,No,No,Yes,No
T273384,Fiber Optic,Yes,No,Yes,No,Yes,Yes,Yes,Yes
K421794,Fiber Optic,Yes,Yes,Yes,No,Yes,No,No,Yes
I100591,Fiber Optic,Yes,No,No,Yes,Yes,No,No,No
V491724,Fiber Optic,Yes,No,Yes,Yes,Yes,No,No,Yes
O385010,Fiber Optic,Yes,No,No,No,Yes,Yes,Yes,No
L684749,None,Yes,No,No,No,No,Yes,No,Yes
M691219,Fiber Optic,Yes,No,No,Yes,No,No,Yes,Yes
A199560,DSL,No,Yes,Yes,Yes,Yes,No,Yes,Yes
J131977,Fiber Optic,Yes,Yes,Yes,No,No,No,Yes,Yes
S740983,DSL,Yes,No,No,No,No,Yes,No,No
L772835,DSL,Yes,Yes,No,No,No,No,Yes,Yes
A696580,DSL,Yes,Yes,No,No,No,No,No,Yes
X136619,DSL,Yes,Yes,No,Yes,Yes,No,No,Yes
C991909,DSL,Yes,Yes,No,No,No,Yes,No,Yes
D93867,DSL,Yes,No,No,No,No,Yes,Yes,Yes
P00575,Fiber Optic,Yes,No,No,Yes,No,Yes,Yes,No
S582524,DSL,Yes,Yes,No,No,No,Yes,Yes,No
J460770,Fiber Optic,Yes,No,No,Yes,Yes,Yes,Yes,No
O864643,DSL,Yes,Yes,No,Yes,No,Yes,No,Yes
R726035,Fiber Optic,Yes,Yes,No,No,No,Yes,No,No
Z723082,DSL,Yes,No,Yes,No,No,No,Yes,No
E391117,None,Yes,No,Yes,No,Yes,No,No,Yes
G631493,DSL,Yes,No,No,Yes,Yes,No,No,No
L386634,Fiber Optic,Yes,Yes,No,No,No,No,Yes,Yes
F769164,DSL,Yes,Yes,No,No,No,No,Yes,No
Y401519,Fiber Optic,Yes,Yes,Yes,Yes,No,Yes,No,No
P377979,Fiber Optic,No,No,Yes,Yes,Yes,Yes,No,No
X660416,Fiber Optic,No,Yes,No,Yes,No,No,Yes,Yes
Q91207,Fiber Optic,No,No,No,Yes,No,No,Yes,Yes
C503358,Fiber Optic,Yes,No,No,No,Yes,No,No,No
T618453,None,Yes,No,Yes,No,No,No,No,Yes
I101991,None,No,No,Yes,Yes,Yes,No,No,Yes
N164335,DSL,Yes,No,No,No,No,No,No,Yes
J752461,DSL,Yes,Yes,No,Yes,No,No,Yes,No
O142235,None,Yes,Yes,No,No,No,No,Yes,No
F790515,None,Yes,No,No,Yes,No,No,Yes,Yes
Z392922,Fiber Optic,Yes,No,No,Yes,Yes,No,No,Yes
P976608,DSL,Yes,Yes,Yes,Yes,Yes,No,Yes,No
J586278,DSL,No,No,No,Yes,Yes,No,No,No
F434625,None,Yes,No,No,No,Yes,Yes,Yes,Yes
M100162,Fiber Optic,Yes,No,No,No,Yes,Yes,No,No
H604389,Fiber Optic,Yes,No,No,Yes,Yes,Yes,Yes,Yes
R685505,Fiber Optic,Yes,No,No,No,No,No,No,Yes
T230963,DSL,Yes,Yes,Yes,No,No,No,Yes,Yes
B514157,None,No,No,No,Yes,Yes,No,Yes,Yes
H545752,None,Yes,Yes,No,Yes,Yes,Yes,Yes,Yes
V922935,None,Yes,Yes,No,Yes,No,Yes,Yes,Yes
X336307,Fiber Optic,Yes,Yes,No,No,No,Yes,Yes,Yes
C92877,DSL,Yes,Yes,No,Yes,Yes,No,Yes,Yes
Y700584,DSL,No,No,No,No,Yes,Yes,Yes,Yes
N682283,DSL,No,No,No,No,No,Yes,No,Yes
P609333,Fiber Optic,Yes,Yes,No,No,Yes,Yes,No,Yes
H634606,Fiber Optic,Yes,Yes,No,Yes,Yes,No,No,No
U422627,Fiber Optic,Yes,Yes,No,No,Yes,Yes,No,Yes
F969613,None,Yes,No,No,No,No,No,No,No
E383758,DSL,No,No,No,No,No,No,No,Yes
T783228,None,Yes,Yes,Yes,Yes,No,No,No,Yes
A25662,None,Yes,Yes,No,Yes,Yes,No,No,Yes
P310809,None,Yes,Yes,No,Yes,Yes,Yes,Yes,No
X100642,None,Yes,No,No,No,No,Yes,No,No
K573794,Fiber Optic,Yes,No,No,No,Yes,Yes,Yes,Yes
G642581,DSL,Yes,No,No,Yes,No,No,No,Yes
Y669083,Fiber Optic,Yes,No,Yes,Yes,No,Yes,Yes,Yes
R299073,Fiber Optic,Yes,No,Yes,No,No,No,No,No
V92166,Fiber Optic,Yes,Yes,No,No,Yes,No,Yes,No
A163731,Fiber Optic,Yes,No,No,Yes,No,No,No,No
H42526,Fiber Optic,Yes,Yes,No,Yes,Yes,No,No,Yes
V285978,Fiber Optic,Yes,No,No,Yes,No,No,No,Yes
Q768350,Fiber Optic,Yes,Yes,Yes,Yes,No,No,Yes,Yes
A642624,Fiber Optic,Yes,Yes,Yes,Yes,Yes,No,No,No
D402096,None,Yes,Yes,No,Yes,Yes,Yes,No,No
R726654,Fiber Optic,No,No,No,Yes,No,Yes,Yes,Yes
Q985270,Fiber Optic,Yes,Yes,No,No,No,Yes,Yes,Yes
B225668,DSL,Yes,No,Yes,No,Yes,Yes,Yes,No
K583807,DSL,Yes,No,No,No,Yes,No,No,Yes
V491453,DSL,Yes,No,No,Yes,Yes,No,Yes,No
L305859,Fiber Optic,Yes,No,No,Yes,No,No,No,Yes
P938583,None,Yes,No,No,No,No,Yes,No,Yes
Z171654,Fiber Optic,Yes,No,No,No,Yes,No,Yes,Yes
S386451,None,Yes,No,No,No,No,No,Yes,Yes
H624630,Fiber Optic,Yes,No,No,No,Yes,No,Yes,No
Z514880,None,Yes,No,No,Yes,Yes,No,Yes,No
A477404,Fiber Optic,No,No,No,No,No,Yes,No,No
G670980,None,Yes,Yes,Yes,Yes,Yes,No,No,No
R211232,None,Yes,Yes,Yes,No,Yes,No,Yes,No
M836207,Fiber Optic,Yes,No,Yes,No,No,No,No,No
Y411344,None,Yes,Yes,Yes,Yes,No,No,No,Yes
R15145,Fiber Optic,Yes,Yes,Yes,Yes,Yes,Yes,Yes,No
K424811,Fiber Optic,Yes,Yes,No,No,Yes,No,Yes,Yes
K737582,DSL,Yes,Yes,Yes,No,No,Yes,Yes,Yes
F347885,DSL,Yes,No,Yes,No,No,No,No,No
M119218,Fiber Optic,Yes,No,No,Yes,Yes,No,Yes,No
F595747,DSL,Yes,Yes,No,No,No,No,Yes,No
H683825,DSL,Yes,Yes,No,No,Yes,No,Yes,No
V949643,DSL,Yes,No,No,Yes,No,No,Yes,Yes
C26175,Fiber Optic,Yes,No,Yes,Yes,Yes,Yes,Yes,Yes
W504338,DSL,Yes,No,No,Yes,Yes,Yes,Yes,Yes
J875361,Fiber Optic,Yes,No,No,No,No,No,No,Yes
V625954,DSL,Yes,No,No,Yes,No,No,Yes,Yes
J961713,Fiber Optic,No,Yes,No,No,Yes,No,No,Yes
Y723052,Fiber Optic,Yes,Yes,No,No,Yes,No,Yes,No
Y319947,Fiber Optic,Yes,Yes,Yes,No,Yes,No,Yes,Yes
U300358,Fiber Optic,Yes,Yes,No,Yes,No,Yes,No,No
B724894,DSL,Yes,No,Yes,No,No,No,No,Yes
Q756941,Fiber Optic,Yes,Yes,No,Yes,No,No,No,No
W187424,Fiber Optic,Yes,No,No,Yes,No,Yes,No,No
F362803,Fiber Optic,Yes,No,Yes,No,No,No,No,No
S199408,DSL,Yes,Yes,Yes,Yes,Yes,Yes,Yes,Yes
J58007,DSL,Yes,No,No,Yes,No,No,No,No
H179945,None,Yes,Yes,Yes,No,No,No,No,Yes
B982853,DSL,Yes,Yes,Yes,Yes,No,No,Yes,No
Z219421,Fiber Optic,Yes,Yes,No,No,No,No,Yes,No
S541999,DSL,Yes,No,No,Yes,No,Yes,Yes,Yes
L612765,None,No,No,No,Yes,Yes,No,No,Yes
X817518,None,No,No,No,Yes,No,Yes,No,Yes
Z825583,Fiber Optic,Yes,No,No,No,Yes,No,No,Yes
X997255,None,Yes,Yes,No,Yes,Yes,Yes,No,Yes
E466387,Fiber Optic,Yes,No,Yes,No,No,Yes,Yes,Yes
V471727,None,Yes,No,Yes,Yes,Yes,Yes,Yes,No
G364202,DSL,Yes,Yes,Yes,No,No,No,Yes,Yes
F107388,DSL,Yes,No,No,Yes,Yes,No,Yes,No
I951271,DSL,Yes,Yes,Yes,No,No,No,Yes,No
E182638,DSL,Yes,Yes,No,No,No,No,Yes,No
K732032,DSL,Yes,Yes,Yes,Yes,No,Yes,Yes,No
S477204,Fiber Optic,Yes,No,No,No,No,No,Yes,No
T276313,DSL,Yes,Yes,No,Yes,No,No,No,Yes
B786773,Fiber Optic,Yes,Yes,Yes,No,No,Yes,Yes,Yes
Z280589,DSL,Yes,Yes,No,No,Yes,No,No,Yes
A710226,Fiber Optic,Yes,Yes,No,Yes,No,No,No,No
G503874,Fiber Optic,Yes,No,Yes,No,No,No,No,Yes
E708599,Fiber Optic,No,No,No,No,Yes,No,No,Yes
M407052,Fiber Optic,Yes,Yes,No,Yes,Yes,No,No,Yes
Z766188,DSL,Yes,Yes,No,No,Yes,No,No,Yes
N686007,DSL,No,No,No,No,Yes,Yes,Yes,No
G763971,Fiber Optic,Yes,No,No,No,No,Yes,No,No
Z56850,None,Yes,No,No,No,No,Yes,No,Yes
W364385,Fiber Optic,Yes,No,No,No,No,Yes,Yes,No
R518278,Fiber Optic,Yes,No,No,Yes,No,No,No,Yes
Q922652,Fiber Optic,Yes,Yes,No,No,Yes,Yes,No,No
S954102,DSL,No,No,No,No,Yes,Yes,No,Yes
U308656,None,Yes,Yes,No,Yes,No,Yes,No,No
B341496,Fiber Optic,Yes,Yes,Yes,Yes,No,Yes,No,Yes
L303723,None,Yes,No,No,Yes,No,Yes,No,Yes
F681575,None,Yes,Yes,No,Yes,Yes,No,Yes,No
V403958,Fiber Optic,Yes,No,No,No,Yes,Yes,No,Yes
M245526,Fiber Optic,Yes,Yes,Yes,No,No,No,Yes,Yes
J607278,DSL,Yes,Yes,No,No,No,No,No,Yes
H400324,DSL,No,No,No,Yes,No,No,No,Yes
V25084,Fiber Optic,Yes,No,No,No,No,Yes,No,No
R06305,None,Yes,No,No,Yes,No,No,No,No
P99969,None,Yes,Yes,No,No,No,No,No,No
L204813,None,Yes,Yes,No,Yes,No,Yes,Yes,No
C816866,None,Yes,No,No,No,No,Yes,No,No
F283929,Fiber Optic,Yes,No,No,Yes,Yes,Yes,No,Yes
L901863,None,Yes,Yes,No,No,Yes,No,No,Yes
J572963,Fiber Optic,Yes,Yes,No,No,No,No,Yes,Yes
E72263,Fiber Optic,Yes,Yes,Yes,Yes,No,No,No,No
H759983,DSL,Yes,No,No,Yes,Yes,No,No,Yes
M737953,Fiber Optic,No,No,Yes,Yes,Yes,No,No,No
G991474,Fiber Optic,Yes,No,Yes,Yes,No,No,No,No
L192659,DSL,Yes,No,No,Yes,No,No,Yes,Yes
A443954,None,No,Yes,No,Yes,Yes,No,Yes,Yes
Y154300,DSL,Yes,No,No,No,Yes,Yes,Yes,No
K641782,DSL,Yes,No,Yes,No,Yes,Yes,Yes,No
M505731,DSL,Yes,Yes,Yes,No,No,Yes,Yes,Yes
C517624,Fiber Optic,Yes,No,Yes,No,Yes,Yes,Yes,Yes
D189112,None,Yes,No,No,No,No,Yes,Yes,Yes
R565040,Fiber Optic,Yes,Yes,No,Yes,No,Yes,Yes,No
Q378136,Fiber Optic,Yes,No,No,No,No,Yes,No,Yes
Z867528,Fiber Optic,Yes,Yes,Yes,No,No,Yes,No,Yes
B263360,DSL,No,No,Yes,No,No,Yes,Yes,No
P178640,None,Yes,Yes,No,Yes,Yes,Yes,No,Yes
T839003,Fiber Optic,Yes,Yes,Yes,Yes,No,Yes,Yes,Yes
W608378,Fiber Optic,Yes,No,Yes,Yes,Yes,No,No,No
Q608280,Fiber Optic,Yes,No,Yes,Yes,No,No,Yes,No
Z256378,Fiber Optic,Yes,Yes,No,No,No,No,No,No
P198498,Fiber Optic,Yes,No,No,Yes,No,No,No,Yes
D296869,DSL,Yes,Yes,No,No,No,No,No,Yes
F836680,Fiber Optic,Yes,Yes,Yes,No,No,No,No,No
N864363,DSL,Yes,Yes,Yes,No,No,No,Yes,No
O140921,DSL,Yes,No,No,Yes,No,No,No,No
K202134,DSL,Yes,No,No,Yes,Yes,Yes,No,No
I473929,DSL,Yes,No,No,Yes,No,Yes,No,No
N538607,Fiber Optic,Yes,No,No,No,Yes,No,Yes,No
L312068,Fiber Optic,Yes,Yes,No,No,Yes,No,Yes,No
F537544,Fiber Optic,No,No,No,Yes,No,No,No,Yes
L568891,DSL,Yes,Yes,No,No,No,No,Yes,No
R867905,Fiber Optic,Yes,Yes,No,No,Yes,Yes,No,Yes
K583451,DSL,Yes,Yes,No,Yes,Yes,No,Yes,No
L602086,DSL,Yes,No,No,Yes,Yes,No,No,No
J458411,DSL,No,Yes,Yes,No,No,No,Yes,Yes
I809998,DSL,No,Yes,No,No,Yes,Yes,No,No
B239150,Fiber Optic,Yes,No,Yes,Yes,No,No,No,Yes
T100507,None,Yes,Yes,No,No,No,No,Yes,Yes
O909186,DSL,Yes,No,Yes,No,No,Yes,No,No
I442489,DSL,Yes,Yes,No,Yes,No,No,No,Yes
W564959,DSL,Yes,No,Yes,No,Yes,No,No,Yes
Z105647,DSL,Yes,Yes,No,Yes,No,No,No,No
P814149,DSL,Yes,No,Yes,No,No,Yes,No,Yes
L129473,DSL,Yes,No,No,Yes,Yes,Yes,No,No
V551292,None,No,Yes,No,Yes,No,No,No,Yes
I585452,Fiber Optic,Yes,No,Yes,No,No,Yes,Yes,No
P365570,Fiber Optic,Yes,Yes,Yes,No,Yes,No,Yes,Yes
V570979,Fiber Optic,Yes,No,Yes,No,No,Yes,Yes,Yes
U929313,None,Yes,No,Yes,No,No,Yes,Yes,No
P358529,DSL,Yes,Yes,Yes,No,No,Yes,No,Yes
J871670,DSL,Yes,No,No,No,No,No,No,No
K428032,DSL,Yes,No,No,No,No,Yes,No,Yes
Z647424,DSL,Yes,Yes,Yes,No,No,No,Yes,No
C607550,DSL,Yes,Yes,No,Yes,No,No,Yes,No
T589286,Fiber Optic,Yes,No,No,Yes,No,No,No,No
W763622,None,Yes,Yes,No,No,No,Yes,Yes,No
A178778,DSL,Yes,No,Yes,No,No,Yes,No,Yes
H870936,None,Yes,No,No,Yes,Yes,Yes,Yes,Yes
U236179,Fiber Optic,Yes,Yes,Yes,Yes,Yes,No,No,Yes
Q147103,DSL,Yes,No,No,Yes,No,No,No,No
U773599,DSL,Yes,No,No,Yes,Yes,No,Yes,Yes
V908559,DSL,Yes,Yes,No,No,Yes,No,No,Yes
X508400,DSL,No,No,No,Yes,Yes,Yes,Yes,No
U219951,DSL,Yes,No,Yes,Yes,No,No,No,No
N197300,Fiber Optic,No,No,No,No,No,Yes,No,Yes
A708086,Fiber Optic,Yes,No,Yes,No,No,Yes,Yes,No
O904097,Fiber Optic,Yes,No,Yes,No,Yes,No,No,No
M404814,Fiber Optic,Yes,Yes,No,No,No,Yes,No,Yes
Z89704,Fiber Optic,Yes,Yes,Yes,No,No,No,Yes,No
V739636,Fiber Optic,Yes,No,No,No,No,No,Yes,No
Z92958,DSL,No,Yes,Yes,Yes,Yes,Yes,Yes,Yes
T83491,DSL,Yes,Yes,No,Yes,No,Yes,No,No
Z41428,DSL,Yes,No,No,No,Yes,Yes,Yes,No
E964588,DSL,No,Yes,Yes,No,No,No,Yes,No
E41379,DSL,Yes,Yes,No,Yes,No,No,No,No
L917070,Fiber Optic,Yes,No,Yes,No,No,No,Yes,No
J476962,None,Yes,No,No,Yes,No,No,No,No
C789269,None,No,No,No,No,No,No,Yes,Yes
V677446,Fiber Optic,Yes,No,No,Yes,Yes,Yes,No,Yes
B641384,None,Yes,Yes,Yes,No,Yes,Yes,Yes,No
J966544,Fiber Optic,Yes,No,No,Yes,Yes,No,No,Yes
N231414,None,Yes,Yes,No,Yes,No,Yes,Yes,Yes
C540743,DSL,Yes,No,No,No,Yes,Yes,No,No
G72948,None,Yes,No,No,Yes,No,No,Yes,No
H409478,None,Yes,No,Yes,No,No,No,Yes,No
D76513,Fiber Optic,Yes,No,No,No,Yes,Yes,Yes,Yes
I489435,None,Yes,Yes,No,No,Yes,Yes,No,Yes
R305714,DSL,No,No,No,Yes,Yes,Yes,Yes,No
W177848,DSL,Yes,No,No,No,No,Yes,Yes,Yes
R19086,DSL,Yes,No,No,No,Yes,No,Yes,Yes
K25529,Fiber Optic,Yes,Yes,No,Yes,Yes,Yes,No,Yes
F977509,None,Yes,Yes,No,Yes,No,No,No,No
W332546,DSL,Yes,No,No,No,No,No,Yes,Yes
Q605434,None,No,Yes,No,No,Yes,No,No,No
L725689,Fiber Optic,Yes,No,No,No,No,Yes,Yes,No
B250151,None,Yes,No,No,Yes,No,Yes,No,No
G953447,DSL,Yes,Yes,Yes,Yes,Yes,Yes,No,No
S295367,DSL,Yes,Yes,No,Yes,No,Yes,No,No
H97664,None,Yes,No,No,No,Yes,No,No,No
N502032,Fiber Optic,Yes,Yes,Yes,No,No,Yes,Yes,No
Z975588,DSL,Yes,Yes,No,No,Yes,No,No,No
D120097,Fiber Optic,No,Yes,No,No,No,Yes,Yes,Yes
X228474,DSL,Yes,Yes,No,Yes,Yes,No,No,No
P994086,DSL,Yes,Yes,No,Yes,Yes,Yes,No,Yes
J322079,Fiber Optic,Yes,No,No,No,Yes,Yes,No,Yes
N76486,Fiber Optic,Yes,Yes,No,Yes,Yes,No,Yes,No
H790658,Fiber Optic,Yes,No,Yes,Yes,Yes,Yes,No,No
J280974,Fiber Optic,Yes,No,No,Yes,Yes,No,Yes,No
T998854,Fiber Optic,Yes,Yes,Yes,Yes,Yes,No,No,Yes
K340946,Fiber Optic,Yes,No,Yes,No,No,Yes,Yes,Yes
P768995,DSL,Yes,Yes,No,No,No,Yes,Yes,Yes
U180646,DSL,Yes,Yes,Yes,No,No,Yes,Yes,No
N955095,None,Yes,No,No,No,No,Yes,Yes,Yes
O928783,Fiber Optic,Yes,Yes,No,No,No,No,No,No
B270288,None,Yes,No,Yes,No,No,No,No,Yes
P975854,Fiber Optic,No,No,No,Yes,Yes,Yes,No,Yes
M224623,None,Yes,No,No,No,No,No,No,No
G441045,Fiber Optic,Yes,No,No,No,Yes,Yes,Yes,No
S904300,Fiber Optic,Yes,Yes,No,Yes,Yes,Yes,No,Yes
K256847,DSL,Yes,Yes,Yes,No,Yes,Yes,No,No
E699075,Fiber Optic,Yes,No,Yes,No,No,No,Yes,Yes
W155754,Fiber Optic,Yes,Yes,No,No,No,Yes,No,Yes
X797153,DSL,Yes,Yes,No,No,No,No,Yes,Yes
Q163995,Fiber Optic,Yes,No,No,No,No,No,No,No
P304986,None,Yes,No,No,Yes,No,No,Yes,Yes
K570116,DSL,Yes,No,Yes,No,No,Yes,No,Yes
F904069,Fiber Optic,Yes,No,No,No,No,Yes,No,No
X389757,DSL,Yes,No,Yes,No,No,Yes,Yes,No
B360850,None,Yes,No,No,Yes,No,Yes,No,Yes
H251472,Fiber Optic,Yes,No,Yes,No,No,Yes,No,No
K936432,Fiber Optic,Yes,Yes,No,Yes,Yes,No,Yes,Yes
A292290,None,No,No,No,Yes,No,Yes,No,No
G444516,DSL,Yes,Yes,No,Yes,No,No,Yes,No
E37647,DSL,Yes,No,Yes,Yes,Yes,No,No,No
B708960,DSL,Yes,Yes,Yes,No,Yes,Yes,Yes,No
K207956,Fiber Optic,Yes,Yes,No,Yes,Yes,No,No,No
Y873220,Fiber Optic,Yes,Yes,No,No,No,No,Yes,No
I466876,DSL,Yes,No,No,No,No,Yes,No,No
W868599,Fiber Optic,Yes,No,No,No,No,No,No,Yes
H781916,Fiber Optic,No,No,No,No,Yes,No,No,No
X225897,DSL,Yes,No,No,No,Yes,Yes,Yes,No
X603267,Fiber Optic,No,Yes,No,No,Yes,Yes,Yes,No
C749771,None,Yes,Yes,Yes,Yes,No,No,Yes,Yes
M781717,DSL,Yes,No,Yes,Yes,Yes,No,Yes,Yes
M986659,DSL,Yes,Yes,No,No,No,Yes,Yes,No
J809094,Fiber Optic,Yes,No,No,Yes,Yes,Yes,Yes,No
K60043,Fiber Optic,Yes,Yes,No,Yes,No,No,Yes,No
C468489,None,No,Yes,No,Yes,No,No,No,Yes
F531124,None,Yes,Yes,No,No,Yes,No,No,Yes
D754301,Fiber Optic,Yes,No,Yes,Yes,No,No,No,Yes
H483940,DSL,Yes,No,No,Yes,No,Yes,No,Yes
Z708697,Fiber Optic,Yes,No,Yes,No,No,No,Yes,No
W70203,Fiber Optic,Yes,Yes,No,Yes,No,Yes,Yes,Yes
P879204,Fiber Optic,Yes,Yes,Yes,Yes,Yes,No,Yes,Yes
L438935,DSL,Yes,No,No,Yes,No,Yes,No,Yes
N93074,Fiber Optic,No,Yes,No,Yes,No,Yes,No,Yes
P356338,DSL,Yes,No,Yes,No,No,No,Yes,No
M778794,Fiber Optic,Yes,No,Yes,Yes,No,No,Yes,Yes
I392175,Fiber Optic,No,Yes,Yes,Yes,No,No,Yes,Yes
I759582,Fiber Optic,Yes,Yes,Yes,Yes,No,Yes,Yes,No
P820780,DSL,Yes,No,Yes,Yes,No,Yes,No,Yes
S206075,None,Yes,No,No,No,Yes,Yes,No,No
M905762,Fiber Optic,Yes,Yes,No,No,No,Yes,Yes,Yes
B717178,None,Yes,No,Yes,Yes,Yes,No,No,Yes
R926461,Fiber Optic,Yes,No,No,No,No,No,Yes,No
R240894,DSL,Yes,Yes,No,No,Yes,No,No,No
B82919,None,Yes,No,Yes,No,Yes,No,No,Yes
X985013,DSL,Yes,Yes,Yes,No,No,Yes,No,No
J627058,DSL,Yes,Yes,No,Yes,Yes,No,Yes,No
A609986,Fiber Optic,Yes,No,No,No,Yes,No,No,No
H551955,Fiber Optic,Yes,No,No,Yes,Yes,No,Yes,Yes
Y847136,DSL,Yes,No,No,No,Yes,No,Yes,Yes
V631811,Fiber Optic,Yes,No,Yes,No,Yes,No,Yes,No
X536194,None,Yes,No,No,Yes,Yes,No,Yes,No
R610483,DSL,Yes,Yes,No,Yes,No,No,No,Yes
I280791,None,Yes,No,No,No,Yes,No,No,No
O53194,Fiber Optic,Yes,No,Yes,No,No,No,No,No
E362042,Fiber Optic,Yes,No,Yes,Yes,No,No,Yes,Yes
B681069,Fiber Optic,Yes,Yes,No,Yes,Yes,No,Yes,Yes
I503010,DSL,Yes,Yes,No,No,No,No,No,No
K601905,Fiber Optic,Yes,Yes,No,Yes,No,No,Yes,No
L780882,Fiber Optic,Yes,No,No,No,Yes,No,Yes,No
F585888,DSL,Yes,Yes,No,Yes,No,Yes,Yes,No
H465886,Fiber Optic,No,Yes,No,No,Yes,No,No,Yes
I212572,Fiber Optic,Yes,No,No,No,No,No,Yes,No
C505943,Fiber Optic,Yes,Yes,No,No,Yes,No,Yes,Yes
B528021,DSL,Yes,Yes,No,No,Yes,No,Yes,No
Z793842,Fiber Optic,Yes,No,No,Yes,Yes,No,No,Yes
I554872,None,Yes,Yes,Yes,No,No,No,Yes,Yes
P128852,None,Yes,Yes,No,Yes,Yes,Yes,No,No
M219501,DSL,Yes,No,Yes,No,No,No,No,No
J944618,DSL,Yes,No,No,Yes,Yes,Yes,No,Yes
K583426,Fiber Optic,Yes,No,No,No,No,Yes,Yes,Yes
S642768,DSL,Yes,No,No,No,Yes,No,No,Yes
Z763537,None,Yes,Yes,Yes,Yes,No,Yes,No,No
M133607,None,Yes,No,No,No,Yes,Yes,No,Yes
W76223,Fiber Optic,No,No,No,Yes,Yes,No,Yes,Yes
O84683,None,Yes,Yes,No,No,Yes,No,No,Yes
H626146,Fiber Optic,Yes,Yes,Yes,Yes,No,No,Yes,Yes
I486808,Fiber Optic,Yes,No,Yes,Yes,Yes,Yes,Yes,No
Z141456,Fiber Optic,Yes,No,Yes,No,No,Yes,Yes,No
O735785,DSL,Yes,No,Yes,No,No,Yes,No,No
L599775,None,Yes,Yes,No,No,Yes,No,Yes,No
D995911,DSL,Yes,Yes,No,No,Yes,No,No,No
S895247,DSL,Yes,Yes,No,No,Yes,Yes,Yes,No
X733965,Fiber Optic,No,No,No,Yes,Yes,Yes,Yes,No
A919620,None,Yes,No,Yes,Yes,Yes,Yes,No,No
D578489,Fiber Optic,Yes,Yes,No,No,No,No,Yes,No
H916308,None,No,Yes,Yes,No,Yes,No,No,No
B113838,DSL,Yes,Yes,No,No,No,Yes,Yes,Yes
Z265529,Fiber Optic,Yes,No,Yes,Yes,Yes,No,Yes,No
U136415,DSL,Yes,No,Yes,Yes,No,Yes,No,No
C120688,Fiber Optic,Yes,Yes,No,Yes,Yes,No,Yes,Yes
G651788,Fiber Optic,Yes,No,No,No,Yes,No,No,No
C504568,DSL,No,Yes,No,No,Yes,No,Yes,Yes
D728533,Fiber Optic,Yes,No,Yes,No,Yes,No,No,Yes
A127324,DSL,No,No,No,No,Yes,Yes,No,No
O284332,Fiber Optic,Yes,No,Yes,Yes,No,No,No,Yes
C834935,Fiber Optic,Yes,No,No,No,No,No,Yes,Yes
E273995,DSL,Yes,Yes,No,Yes,No,No,Yes,Yes
I123452,Fiber Optic,Yes,No,No,No,No,No,Yes,Yes
O212620,Fiber Optic,Yes,Yes,No,No,No,No,No,No
E323139,DSL,Yes,Yes,No,No,No,Yes,No,No
J397165,Fiber Optic,No,No,No,Yes,No,Yes,No,No
Q785217,DSL,Yes,No,Yes,Yes,Yes,Yes,Yes,No
P349597,DSL,Yes,No,Yes,Yes,No,No,No,Yes
T972317,Fiber Optic,Yes,No,Yes,Yes,Yes,Yes,No,Yes
J268204,Fiber Optic,Yes,No,No,No,No,No,Yes,No
C677416,Fiber Optic,Yes,Yes,Yes,No,Yes,No,No,No
U207712,Fiber Optic,Yes,No,Yes,No,Yes,Yes,No,No
W933344,None,Yes,Yes,Yes,Yes,Yes,Yes,No,Yes
E134219,DSL,Yes,No,No,No,No,No,No,Yes
I388298,None,Yes,No,Yes,No,No,No,No,Yes
X425987,None,Yes,Yes,No,No,Yes,No,No,No
J368153,Fiber Optic,Yes,No,Yes,No,Yes,No,No,Yes
B368985,Fiber Optic,Yes,No,Yes,Yes,No,No,Yes,Yes
N262165,Fiber Optic,Yes,No,Yes,Yes,No,Yes,No,No
Q359482,None,Yes,Yes,No,Yes,Yes,Yes,Yes,No
V499414,None,Yes,No,No,No,No,Yes,No,Yes
I87541,DSL,No,Yes,Yes,No,No,No,No,Yes
L559398,Fiber Optic,Yes,No,No,No,Yes,No,No,No
L371305,None,Yes,No,Yes,No,No,Yes,Yes,No
T161115,None,Yes,Yes,No,Yes,Yes,Yes,No,Yes
C279290,None,Yes,Yes,No,Yes,No,No,Yes,No
M267477,Fiber Optic,Yes,No,Yes,No,No,Yes,Yes,Yes
T31369,Fiber Optic,Yes,No,No,No,No,Yes,Yes,No
Z353889,Fiber Optic,Yes,No,No,Yes,Yes,No,Yes,No
H710205,DSL,Yes,No,No,Yes,No,Yes,No,Yes
L387243,DSL,Yes,No,Yes,No,No,Yes,Yes,No
S62594,None,Yes,No,Yes,Yes,Yes,No,No,Yes
P914552,Fiber Optic,Yes,No,No,No,No,No,No,No
V315176,Fiber Optic,No,No,Yes,No,No,No,Yes,No
Q221326,Fiber Optic,Yes,Yes,Yes,No,No,No,Yes,Yes
U859222,DSL,Yes,No,No,Yes,Yes,Yes,Yes,No
R536449,Fiber Optic,Yes,Yes,No,No,No,No,No,Yes
I239753,Fiber Optic,Yes,Yes,No,Yes,Yes,Yes,No,Yes
L708602,Fiber Optic,Yes,No,No,No,No,No,No,No
T549865,DSL,Yes,No,No,Yes,No,Yes,Yes,Yes
V506373,DSL,Yes,No,Yes,Yes,No,No,Yes,Yes
Y89363,None,Yes,Yes,Yes,No,Yes,No,Yes,Yes
A313674,None,Yes,No,Yes,No,No,No,No,Yes
A118391,DSL,Yes,No,No,No,No,No,Yes,Yes
G302426,None,Yes,No,No,No,Yes,Yes,No,No
P164452,None,Yes,No,Yes,Yes,No,Yes,No,No
F531400,None,Yes,No,No,Yes,Yes,No,Yes,Yes
S879827,Fiber Optic,Yes,No,Yes,No,No,Yes,No,Yes
U472120,DSL,Yes,Yes,No,No,No,Yes,Yes,Yes
T729357,Fiber Optic,Yes,Yes,No,Yes,Yes,No,Yes,No
A132981,DSL,Yes,Yes,No,No,Yes,No,Yes,No
Z703146,Fiber Optic,No,No,No,Yes,No,Yes,Yes,Yes
K792745,None,Yes,No,No,Yes,No,No,No,No
C678911,DSL,Yes,No,Yes,Yes,Yes,Yes,No,No
E137862,DSL,Yes,Yes,Yes,No,No,No,No,Yes
G650313,None,Yes,Yes,No,No,Yes,No,Yes,Yes
P899179,Fiber Optic,Yes,No,No,Yes,No,No,No,Yes
N683208,Fiber Optic,Yes,No,No,No,No,Yes,No,No
K970487,Fiber Optic,No,Yes,No,No,Yes,No,Yes,Yes
X860092,Fiber Optic,Yes,Yes,No,Yes,No,No,Yes,No
D377681,DSL,Yes,No,Yes,No,Yes,Yes,Yes,Yes
W666781,Fiber Optic,Yes,No,No,No,No,Yes,Yes,Yes
D151650,None,Yes,No,No,Yes,No,Yes,No,No
M716527,DSL,No,No,No,No,Yes,Yes,Yes,Yes
E54750,Fiber Optic,Yes,Yes,Yes,No,Yes,No,No,No
W683622,None,Yes,Yes,Yes,No,Yes,Yes,No,No
N796511,None,Yes,No,No,No,No,No,No,No
S411424,DSL,Yes,Yes,Yes,No,Yes,Yes,No,Yes
E874108,DSL,Yes,Yes,Yes,Yes,Yes,Yes,Yes,Yes
L574611,DSL,Yes,No,No,Yes,No,No,No,Yes
A787794,None,Yes,No,No,Yes,Yes,Yes,No,No
S146198,Fiber Optic,Yes,Yes,Yes,No,Yes,No,No,Yes
F673514,Fiber Optic,Yes,Yes,Yes,Yes,No,No,Yes,Yes
R863246,None,Yes,No,Yes,No,No,No,Yes,No
L864050,Fiber Optic,Yes,No,No,No,No,No,No,Yes
I445597,Fiber Optic,Yes,Yes,No,No,Yes,No,Yes,No
Y430845,DSL,Yes,No,No,No,No,Yes,No,No
F516719,Fiber Optic,Yes,No,Yes,No,Yes,Yes,Yes,Yes
N136593,None,No,Yes,Yes,Yes,Yes,Yes,No,No
D861252,DSL,Yes,No,Yes,No,No,No,Yes,No
M853509,Fiber Optic,Yes,No,No,No,Yes,No,No,No
D843552,Fiber Optic,Yes,No,Yes,No,No,No,No,Yes
P961504,DSL,Yes,Yes,Yes,Yes,No,Yes,Yes,Yes
A457009,Fiber Optic,Yes,No,Yes,Yes,No,Yes,No,Yes
C68339,None,Yes,No,No,No,No,No,Yes,Yes
C142453,Fiber Optic,Yes,No,No,Yes,Yes,No,Yes,No
E332398,None,Yes,No,Yes,Yes,Yes,Yes,No,No
X693531,DSL,Yes,No,No,No,Yes,Yes,No,Yes
V571379,DSL,Yes,Yes,No,No,No,No,No,No
L435243,None,Yes,Yes,Yes,No,Yes,Yes,Yes,No
O651128,Fiber Optic,Yes,No,No,Yes,Yes,No,Yes,Yes
A432414,DSL,Yes,No,Yes,Yes,Yes,No,No,No
W701345,Fiber Optic,Yes,No,Yes,No,No,No,No,Yes
R593691,Fiber Optic,No,No,Yes,Yes,No,Yes,Yes,Yes
K243842,Fiber Optic,Yes,No,No,No,No,No,Yes,No
L315508,DSL,Yes,Yes,No,Yes,No,No,No,Yes
W925936,Fiber Optic,Yes,Yes,No,Yes,No,No,Yes,Yes
A263401,Fiber Optic,Yes,No,Yes,No,No,No,Yes,Yes
P96900,None,Yes,Yes,No,Yes,No,Yes,Yes,Yes
T75528,Fiber Optic,Yes,Yes,Yes,No,Yes,No,No,No
Z949431,DSL,Yes,Yes,No,Yes,Yes,No,No,Yes
A972815,None,Yes,No,No,No,Yes,No,No,No
O979346,DSL,Yes,No,Yes,Yes,Yes,Yes,No,Yes
C385943,None,Yes,No,No,Yes,No,No,Yes,No
N452057,None,Yes,Yes,No,No,No,No,No,No
I969152,None,Yes,Yes,Yes,No,Yes,No,No,Yes
R339976,Fiber Optic,Yes,No,Yes,Yes,Yes,No,Yes,No
R918917,Fiber Optic,Yes,No,Yes,Yes,No,Yes,No,Yes
U207706,DSL,Yes,Yes,Yes,No,Yes,No,No,No
A367660,Fiber Optic,Yes,No,No,No,Yes,Yes,No,No
M639861,DSL,Yes,No,No,Yes,Yes,No,Yes,No
Z241905,DSL,Yes,No,No,No,No,Yes,No,Yes
W128349,Fiber Optic,Yes,No,No,No,No,Yes,No,No
R132582,None,Yes,Yes,No,No,Yes,No,Yes,No
A384618,DSL,Yes,No,Yes,Yes,Yes,No,No,No
T814173,Fiber Optic,Yes,Yes,Yes,Yes,No,Yes,No,No
H251318,DSL,Yes,Yes,No,No,Yes,Yes,No,Yes
C852951,DSL,Yes,Yes,No,Yes,No,No,No,No
F666864,Fiber Optic,Yes,No,Yes,Yes,No,No,No,Yes
S189197,Fiber Optic,Yes,Yes,No,No,Yes,No,Yes,Yes
Q275471,Fiber Optic,Yes,No,No,Yes,No,No,No,Yes
L339318,None,Yes,No,No,No,No,Yes,Yes,No
N572936,None,Yes,No,No,No,No,Yes,Yes,Yes
M244914,None,Yes,Yes,No,No,No,No,No,Yes
Q482787,DSL,Yes,Yes,No,No,No,No,Yes,No
J139961,Fiber Optic,Yes,No,Yes,No,Yes,Yes,No,Yes
B169359,DSL,Yes,No,No,No,No,Yes,Yes,No
M404332,Fiber Optic,Yes,No,Yes,No,No,Yes,Yes,Yes
H339217,DSL,No,Yes,Yes,Yes,No,No,Yes,Yes
S472625,DSL,Yes,Yes,Yes,No,Yes,No,No,No
S352716,None,Yes,No,No,No,Yes,No,No,Yes
K833093,DSL,Yes,No,No,No,No,Yes,No,Yes
E324070,DSL,Yes,Yes,No,No,No,No,Yes,Yes
Q890961,DSL,Yes,No,No,Yes,Yes,Yes,No,Yes
L740934,DSL,Yes,No,No,Yes,Yes,No,No,No
V310965,DSL,Yes,Yes,Yes,No,No,No,No,No
F758869,Fiber Optic,Yes,No,Yes,Yes,Yes,Yes,Yes,No
D970501,Fiber Optic,Yes,Yes,Yes,No,No,No,Yes,No
U997168,None,Yes,Yes,No,No,Yes,No,No,Yes
V423542,None,Yes,Yes,Yes,No,No,No,No,No
A213804,DSL,Yes,No,No,Yes,No,No,No,Yes
I251400,Fiber Optic,Yes,No,Yes,Yes,No,No,Yes,Yes
H399454,DSL,Yes,Yes,Yes,Yes,No,Yes,Yes,No
H634047,DSL,Yes,No,No,No,Yes,No,Yes,No
Z578102,DSL,Yes,Yes,Yes,No,Yes,No,Yes,Yes
U135613,DSL,Yes,Yes,No,No,No,No,No,Yes
H575679,Fiber Optic,Yes,Yes,No,Yes,Yes,Yes,No,Yes
C667596,Fiber Optic,No,Yes,No,Yes,No,No,Yes,No
Z129369,Fiber Optic,Yes,Yes,No,No,No,Yes,Yes,Yes
O753379,DSL,Yes,Yes,Yes,Yes,Yes,No,No,No
U429147,None,Yes,Yes,No,No,Yes,No,No,No
L212613,Fiber Optic,Yes,No,No,No,No,Yes,Yes,No
X130775,None,Yes,No,No,No,Yes,No,No,No
L306709,None,Yes,Yes,Yes,No,No,No,Yes,No
R310574,DSL,Yes,No,Yes,No,No,No,No,Yes
R850000,DSL,Yes,Yes,No,Yes,No,No,Yes,No
F765325,Fiber Optic,Yes,No,No,Yes,No,No,No,No
P925816,DSL,Yes,No,No,No,Yes,Yes,Yes,No
O466793,None,Yes,No,No,Yes,No,No,Yes,No
G795070,Fiber Optic,Yes,Yes,No,No,No,No,Yes,No
E890386,Fiber Optic,Yes,Yes,No,Yes,No,Yes,Yes,Yes
F869236,Fiber Optic,Yes,Yes,Yes,Yes,Yes,No,Yes,Yes
Y753053,Fiber Optic,Yes,Yes,No,Yes,Yes,No,No,No
O230445,Fiber Optic,Yes,No,No,No,No,No,No,Yes
O122056,DSL,No,Yes,No,No,Yes,Yes,No,No
A525629,Fiber Optic,Yes,Yes,No,No,No,No,Yes,No
X446895,Fiber Optic,Yes,No,No,No,No,Yes,No,Yes
H66365,DSL,Yes,No,Yes,Yes,No,No,Yes,No
Z659653,Fiber Optic,Yes,Yes,No,Yes,No,Yes,No,Yes
J450763,Fiber Optic,Yes,No,No,Yes,No,Yes,No,No
M258307,None,No,Yes,No,No,No,Yes,Yes,No
L27213,DSL,Yes,Yes,No,No,Yes,Yes,No,No
W410295,DSL,Yes,No,No,Yes,No,No,No,No
W193877,Fiber Optic,Yes,Yes,No,Yes,No,No,No,Yes
Y990932,Fiber Optic,Yes,No,No,No,Yes,Yes,Yes,Yes
U391523,None,Yes,No,No,No,Yes,No,Yes,No
U367869,None,Yes,No,No,No,No,Yes,No,Yes
D831335,Fiber Optic,Yes,Yes,Yes,Yes,No,No,Yes,Yes
J168263,DSL,Yes,Yes,Yes,No,Yes,Yes,Yes,Yes
X196120,None,Yes,No,Yes,Yes,Yes,No,No,Yes
N958016,Fiber Optic,Yes,No,No,No,Yes,No,No,No
Q825819,DSL,Yes,Yes,Yes,Yes,Yes,No,No,Yes
D458687,None,No,Yes,Yes,Yes,Yes,No,No,No
T65197,Fiber Optic,Yes,No,No,Yes,Yes,Yes,Yes,Yes
L937805,None,Yes,Yes,Yes,No,No,No,Yes,Yes
S281186,Fiber Optic,Yes,Yes,No,No,No,No,Yes,Yes
T718168,DSL,Yes,Yes,No,No,Yes,No,No,Yes
G799648,DSL,Yes,Yes,Yes,Yes,No,No,No,No
G745212,None,Yes,Yes,No,No,Yes,No,No,Yes
G121569,None,Yes,Yes,Yes,Yes,Yes,Yes,Yes,Yes
H974723,DSL,Yes,Yes,No,Yes,No,No,Yes,No
U432834,DSL,Yes,No,Yes,No,No,Yes,Yes,No
K700875,Fiber Optic,Yes,No,No,Yes,Yes,Yes,No,No
V306665,None,Yes,Yes,Yes,No,No,No,No,Yes
G44432,DSL,Yes,Yes,Yes,Yes,Yes,No,Yes,No
I907492,None,Yes,No,No,No,Yes,No,No,Yes
R361159,Fiber Optic,Yes,No,No,No,Yes,Yes,No,No
F520698,Fiber Optic,No,Yes,No,Yes,No,No,No,No
J511617,Fiber Optic,Yes,Yes,No,Yes,No,No,No,Yes
B133945,Fiber Optic,Yes,Yes,No,No,No,Yes,No,No
J949772,DSL,Yes,No,Yes,Yes,No,No,No,No
S951933,Fiber Optic,Yes,Yes,Yes,No,No,No,No,Yes
V136458,DSL,Yes,No,No,Yes,No,No,Yes,No
N140958,Fiber Optic,Yes,No,No,Yes,Yes,No,Yes,No
J154409,Fiber Optic,No,No,Yes,No,Yes,No,No,No
Q122695,Fiber Optic,Yes,Yes,Yes,Yes,Yes,No,No,No
W837004,None,Yes,No,No,No,No,No,No,No
D721433,DSL,Yes,No,No,No,Yes,Yes,Yes,No
D604034,DSL,No,No,No,Yes,No,No,Yes,No
X487182,DSL,Yes,No,Yes,No,No,Yes,Yes,No
H840567,DSL,Yes,No,No,No,Yes,No,No,No
B593910,DSL,No,Yes,No,Yes,Yes,No,Yes,Yes
V492124,Fiber Optic,Yes,No,No,Yes,Yes,No,Yes,No
B506027,Fiber Optic,No,Yes,Yes,Yes,Yes,Yes,No,Yes
Y266994,Fiber Optic,Yes,No,No,No,No,Yes,No,Yes
I510751,DSL,Yes,Yes,Yes,No,No,No,No,Yes
B369234,Fiber Optic,Yes,No,No,No,Yes,Yes,No,No
Q252222,DSL,No,Yes,No,No,No,No,No,Yes
F44875,DSL,Yes,Yes,No,No,No,Yes,No,Yes
Y543283,DSL,Yes,Yes,Yes,No,No,No,No,Yes
G248257,None,Yes,Yes,No,No,No,No,No,No
W355571,DSL,Yes,Yes,Yes,Yes,Yes,No,Yes,No
X989153,DSL,Yes,Yes,No,Yes,No,Yes,Yes,Yes
N767421,DSL,Yes,Yes,Yes,No,No,Yes,Yes,Yes
I646532,Fiber Optic,Yes,No,Yes,Yes,Yes,No,No,Yes
F303016,None,Yes,No,No,Yes,Yes,Yes,Yes,No
S437736,DSL,Yes,Yes,No,No,No,No,Yes,No
A170090,DSL,Yes,No,No,Yes,Yes,Yes,No,No
H685776,DSL,Yes,No,No,No,No,Yes,Yes,No
P420352,Fiber Optic,Yes,No,No,Yes,Yes,No,No,No
X293202,DSL,Yes,No,Yes,No,Yes,Yes,Yes,No
P387565,Fiber Optic,Yes,No,Yes,Yes,No,No,No,No
B609039,DSL,Yes,No,No,No,No,Yes,Yes,No
Y874309,DSL,Yes,No,No,Yes,No,No,No,No
A448006,DSL,Yes,No,Yes,No,Yes,No,Yes,No
C250962,Fiber Optic,Yes,No,Yes,No,Yes,No,Yes,Yes
P987255,DSL,Yes,No,Yes,No,Yes,No,No,No
M704449,None,Yes,Yes,No,Yes,No,No,No,No
Z648344,Fiber Optic,Yes,No,No,No,No,No,No,No
G885667,DSL,No,Yes,No,No,No,No,No,Yes
Y832314,DSL,Yes,Yes,No,Yes,Yes,Yes,Yes,Yes
P869138,None,Yes,No,No,No,No,No,Yes,Yes
X419185,DSL,Yes,No,No,Yes,No,No,No,No
M85777,Fiber Optic,Yes,No,No,No,Yes,No,Yes,No
P780569,Fiber Optic,Yes,Yes,No,Yes,No,No,Yes,Yes
Y614522,None,Yes,No,Yes,Yes,Yes,Yes,Yes,Yes
H134108,DSL,Yes,Yes,No,No,Yes,No,Yes,Yes
D07038,DSL,Yes,No,Yes,Yes,Yes,No,No,No
Y246812,DSL,Yes,No,No,Yes,No,No,Yes,No
F153950,Fiber Optic,Yes,No,Yes,No,No,No,No,No
F866945,DSL,Yes,No,No,Yes,Yes,Yes,No,No
Q474525,Fiber Optic,Yes,Yes,Yes,Yes,No,No,Yes,Yes
W472413,DSL,Yes,Yes,No,Yes,No,Yes,Yes,No
W503853,Fiber Optic,Yes,Yes,No,No,No,No,Yes,No
S330548,Fiber Optic,Yes,Yes,Yes,No,No,No,Yes,No
S229939,DSL,Yes,Yes,Yes,No,No,Yes,Yes,Yes
T860300,None,Yes,No,No,No,No,No,No,Yes
A504244,DSL,Yes,Yes,Yes,No,Yes,Yes,Yes,Yes
Z247975,None,Yes,No,No,No,Yes,No,No,Yes
O647062,DSL,Yes,No,No,No,No,No,No,Yes
D821426,Fiber Optic,Yes,No,No,No,No,No,Yes,No
H998951,None,Yes,No,No,Yes,No,No,No,No
S677114,Fiber Optic,Yes,No,No,Yes,Yes,No,No,Yes
I647064,None,No,No,Yes,No,No,Yes,Yes,No
U707324,DSL,Yes,No,Yes,No,Yes,No,No,No
C501850,Fiber Optic,No,Yes,No,Yes,Yes,No,No,No
C941787,Fiber Optic,Yes,Yes,No,Yes,No,No,Yes,No
A878705,None,Yes,No,Yes,Yes,No,No,No,No
F232302,Fiber Optic,Yes,No,No,No,No,No,No,No
B908324,Fiber Optic,Yes,No,No,No,No,No,Yes,Yes
I749108,None,No,Yes,Yes,Yes,Yes,Yes,No,No
F781849,DSL,No,Yes,No,No,Yes,No,No,No
U880816,None,Yes,No,No,No,No,No,Yes,Yes
D379784,None,Yes,Yes,Yes,No,No,Yes,No,No
N222901,DSL,Yes,No,Yes,No,No,No,Yes,No
C355455,Fiber Optic,Yes,No,No,No,No,No,No,Yes
L221272,Fiber Optic,No,No,No,No,No,No,No,No
Z110883,None,Yes,No,No,No,No,No,Yes,No
W215581,Fiber Optic,Yes,No,Yes,Yes,Yes,No,Yes,No
F639139,Fiber Optic,Yes,Yes,No,Yes,Yes,Yes,No,No
Y274817,Fiber Optic,Yes,No,Yes,No,No,No,No,Yes
B599924,Fiber Optic,Yes,Yes,No,Yes,No,Yes,Yes,No
Q156955,Fiber Optic,Yes,No,Yes,No,No,No,No,Yes
Z93707,DSL,Yes,No,No,No,No,Yes,No,No
J830447,DSL,Yes,Yes,No,No,No,Yes,Yes,No
E101547,None,No,Yes,Yes,Yes,Yes,Yes,No,No
G591541,Fiber Optic,Yes,No,No,Yes,No,Yes,No,Yes
R163571,Fiber Optic,Yes,Yes,No,No,Yes,Yes,Yes,No
O386511,Fiber Optic,Yes,No,No,Yes,No,No,No,Yes
U110716,DSL,Yes,Yes,No,Yes,No,No,No,Yes
W82909,DSL,Yes,No,No,Yes,Yes,Yes,Yes,No
X467466,None,Yes,No,Yes,Yes,Yes,No,No,No
Y336186,Fiber Optic,Yes,Yes,No,No,No,Yes,Yes,Yes
H536623,Fiber Optic,Yes,No,No,No,No,Yes,No,No
G192124,Fiber Optic,Yes,Yes,No,No,Yes,No,Yes,Yes
P809833,DSL,Yes,No,No,No,Yes,No,No,No
F471471,None,Yes,Yes,No,No,No,No,Yes,No
R121075,Fiber Optic,Yes,No,Yes,No,Yes,Yes,No,Yes
C810201,Fiber Optic,Yes,No,No,No,No,Yes,No,Yes
B850916,Fiber Optic,Yes,No,No,No,No,No,No,Yes
I151500,DSL,Yes,No,No,No,Yes,No,Yes,No
N556313,DSL,Yes,No,No,Yes,No,No,Yes,No
J792483,Fiber Optic,Yes,No,Yes,No,No,No,No,Yes
G238388,Fiber Optic,Yes,No,Yes,No,Yes,No,Yes,No
N712814,None,Yes,Yes,Yes,No,Yes,Yes,Yes,Yes
I44165,DSL,Yes,No,No,No,Yes,No,No,Yes
E527910,DSL,Yes,No,Yes,No,Yes,Yes,No,Yes
T749981,None,Yes,No,No,No,Yes,No,Yes,Yes
W18766,DSL,Yes,No,No,No,No,Yes,Yes,No
T880836,DSL,Yes,No,No,Yes,No,No,No,No
S472749,None,Yes,Yes,Yes,No,Yes,Yes,Yes,No
D768103,None,Yes,No,No,Yes,No,Yes,Yes,No
S583760,DSL,Yes,Yes,No,No,Yes,Yes,Yes,Yes
N884662,None,Yes,Yes,Yes,Yes,No,Yes,Yes,Yes
D64280,DSL,Yes,No,Yes,Yes,Yes,Yes,No,Yes
Q490945,Fiber Optic,Yes,No,Yes,Yes,No,Yes,No,Yes
U939454,DSL,Yes,Yes,Yes,No,No,Yes,No,No
M534902,None,No,No,No,Yes,Yes,No,No,No
Y525221,Fiber Optic,Yes,Yes,No,Yes,No,Yes,No,Yes
F144031,Fiber Optic,Yes,No,No,No,Yes,No,No,No
P245137,None,Yes,No,Yes,No,No,No,No,No
Z769036,DSL,Yes,No,No,Yes,Yes,Yes,No,No
J383885,None,Yes,Yes,No,No,Yes,No,Yes,No
J218288,Fiber Optic,Yes,No,No,Yes,Yes,Yes,Yes,Yes
P974421,DSL,Yes,No,No,No,No,No,Yes,Yes
D127586,Fiber Optic,Yes,No,Yes,No,No,Yes,Yes,Yes
F905282,DSL,Yes,No,Yes,No,No,Yes,Yes,Yes
Z583218,Fiber Optic,Yes,No,No,Yes,No,No,Yes,No
R892929,None,Yes,Yes,No,Yes,Yes,Yes,Yes,No
I164804,None,Yes,No,No,Yes,No,Yes,No,Yes
A458941,None,Yes,Yes,No,No,Yes,No,Yes,No
O86238,None,No,No,No,No,No,Yes,Yes,No
H682725,None,Yes,No,No,Yes,No,Yes,No,No
W564094,DSL,Yes,No,No,Yes,Yes,No,No,No
L145038,Fiber Optic,Yes,Yes,No,Yes,Yes,Yes,No,No
N709490,Fiber Optic,Yes,No,No,Yes,No,Yes,Yes,No
Q100782,Fiber Optic,Yes,Yes,No,Yes,No,No,Yes,No
F100864,DSL,Yes,Yes,Yes,Yes,Yes,No,Yes,Yes
L447145,Fiber Optic,Yes,Yes,No,No,Yes,Yes,No,No
V226473,Fiber Optic,Yes,No,No,Yes,No,Yes,Yes,No
O821312,Fiber Optic,Yes,Yes,No,No,Yes,Yes,Yes,No
K511596,DSL,Yes,No,No,Yes,No,Yes,Yes,No
B674121,Fiber Optic,Yes,Yes,No,Yes,Yes,No,No,No
N215533,DSL,No,No,No,Yes,No,No,Yes,Yes
Y751369,DSL,No,No,No,Yes,No,Yes,Yes,No
T817900,Fiber Optic,Yes,No,No,Yes,No,Yes,Yes,No
N517426,None,Yes,Yes,Yes,No,Yes,No,No,No
G374414,Fiber Optic,Yes,No,Yes,No,Yes,No,Yes,No
W513562,DSL,Yes,No,Yes,Yes,No,Yes,No,No
Z826011,Fiber Optic,Yes,Yes,No,Yes,Yes,Yes,No,No
H107535,DSL,Yes,Yes,No,Yes,No,Yes,Yes,Yes
W221502,DSL,Yes,No,Yes,Yes,Yes,No,No,No
H652696,Fiber Optic,Yes,Yes,Yes,Yes,Yes,Yes,No,Yes
Q597296,DSL,Yes,No,No,Yes,No,No,No,No
Q903534,Fiber Optic,Yes,Yes,No,Yes,No,No,Yes,No
M643197,Fiber Optic,Yes,Yes,No,Yes,Yes,Yes,Yes,No
N11561,Fiber Optic,Yes,No,Yes,Yes,No,No,No,No
V859534,DSL,Yes,Yes,No,No,No,No,Yes,No
Z761158,Fiber Optic,Yes,No,No,No,No,Yes,Yes,Yes
X592304,Fiber Optic,Yes,Yes,No,Yes,Yes,No,Yes,No
Q404599,Fiber Optic,Yes,No,No,Yes,Yes,Yes,No,No
C627306,DSL,Yes,Yes,No,No,No,Yes,No,Yes
S91616,DSL,Yes,No,No,No,Yes,Yes,No,No
B340121,DSL,Yes,Yes,Yes,No,Yes,No,No,No
Y50346,Fiber Optic,Yes,Yes,No,No,No,No,No,No
B950331,Fiber Optic,Yes,No,No,Yes,Yes,Yes,Yes,No
Q505376,DSL,Yes,No,No,No,Yes,No,Yes,No
V927165,DSL,Yes,Yes,No,No,No,Yes,No,Yes
J902839,Fiber Optic,Yes,Yes,No,Yes,No,No,No,No
I729264,Fiber Optic,Yes,No,Yes,No,Yes,No,Yes,No
J278669,Fiber Optic,Yes,Yes,No,No,Yes,No,Yes,No
I738876,Fiber Optic,Yes,No,Yes,No,No,Yes,No,No
Y61316,None,Yes,No,Yes,Yes,No,No,No,Yes
Y537252,DSL,Yes,Yes,No,No,Yes,Yes,Yes,No
R997294,DSL,Yes,Yes,No,Yes,No,No,Yes,Yes
Z94519,DSL,Yes,No,Yes,Yes,Yes,No,No,No
Y300277,Fiber Optic,Yes,No,Yes,Yes,No,Yes,Yes,No
J454052,DSL,Yes,No,Yes,Yes,No,Yes,Yes,No
G779745,DSL,Yes,No,Yes,No,Yes,No,Yes,Yes
W929433,None,Yes,No,Yes,No,Yes,Yes,No,No
I74544,Fiber Optic,Yes,No,Yes,No,Yes,No,No,No
B758777,DSL,Yes,Yes,No,Yes,Yes,No,No,No
W959493,Fiber Optic,Yes,No,Yes,Yes,No,Yes,No,Yes
O111039,DSL,Yes,No,No,No,No,No,No,No
S138135,Fiber Optic,Yes,No,No,Yes,No,No,Yes,No
R911770,DSL,Yes,No,Yes,No,No,Yes,Yes,No
V412856,DSL,Yes,No,Yes,Yes,Yes,No,No,No
Z982061,None,Yes,Yes,Yes,Yes,No,No,No,No
Z988959,DSL,Yes,Yes,No,Yes,Yes,Yes,Yes,Yes
C595028,DSL,Yes,No,No,No,No,No,No,No
F07265,Fiber Optic,No,No,No,No,Yes,Yes,No,No
V620517,DSL,Yes,No,No,Yes,No,No,Yes,Yes
L318986,DSL,Yes,Yes,Yes,Yes,Yes,Yes,No,Yes
Y678617,Fiber Optic,No,Yes,No,Yes,Yes,No,Yes,Yes
E917228,None,Yes,No,No,Yes,No,No,No,No
M43368,DSL,Yes,No,Yes,Yes,No,Yes,Yes,Yes
G920737,DSL,Yes,Yes,No,Yes,Yes,No,No,Yes
R512349,DSL,Yes,Yes,Yes,Yes,Yes,No,Yes,Yes
E990510,Fiber Optic,Yes,Yes,Yes,No,No,Yes,No,Yes
U11876,None,No,No,No,No,No,No,Yes,No
V417569,DSL,Yes,No,No,No,Yes,No,No,Yes
X280758,Fiber Optic,Yes,No,No,Yes,No,No,Yes,Yes
J908328,Fiber Optic,Yes,No,Yes,Yes,No,Yes,No,Yes
H797612,Fiber Optic,Yes,No,No,No,Yes,Yes,No,No
Q551674,DSL,Yes,Yes,No,Yes,No,No,Yes,Yes
I01524,DSL,Yes,No,No,No,No,No,No,No
G415738,None,No,Yes,Yes,No,No,Yes,No,No
B617350,DSL,Yes,No,No,No,No,No,No,Yes
T181607,DSL,Yes,No,Yes,No,No,No,No,Yes
V977169,Fiber Optic,Yes,Yes,Yes,Yes,No,No,Yes,No
F897077,Fiber Optic,Yes,Yes,No,No,No,Yes,No,Yes
R796813,DSL,Yes,No,No,No,No,Yes,Yes,Yes
V630546,Fiber Optic,Yes,Yes,No,Yes,No,No,Yes,No
A818327,Fiber Optic,Yes,Yes,Yes,No,Yes,No,No,No
S212602,DSL,Yes,No,Yes,Yes,No,No,Yes,No
S635582,Fiber Optic,Yes,Yes,Yes,Yes,No,No,No,No
T977331,Fiber Optic,No,No,No,No,Yes,No,Yes,No
X499025,DSL,Yes,No,Yes,No,Yes,No,No,No
S233298,Fiber Optic,No,No,Yes,No,No,No,No,No
G799664,DSL,Yes,No,Yes,Yes,No,No,Yes,Yes
C523628,None,Yes,No,Yes,No,No,No,Yes,Yes
G428791,None,Yes,No,No,Yes,No,Yes,No,No
A899075,None,Yes,Yes,No,No,Yes,Yes,Yes,Yes
R49403,None,Yes,No,No,No,No,No,No,No
K622900,None,Yes,No,No,Yes,Yes,No,No,Yes
N277250,DSL,Yes,No,Yes,No,Yes,Yes,Yes,Yes
Y214211,DSL,No,Yes,No,No,No,No,No,No
M453355,None,Yes,Yes,No,No,No,Yes,Yes,No
K780224,None,Yes,No,No,Yes,No,Yes,No,No
K331212,DSL,Yes,No,No,Yes,No,No,No,No
N894031,DSL,Yes,Yes,No,No,No,Yes,Yes,No
T588904,None,Yes,No,No,No,No,No,Yes,No
I257218,DSL,No,Yes,No,No,Yes,Yes,No,No
N122384,None,Yes,Yes,No,No,No,No,Yes,No
M212948,None,No,No,No,Yes,No,Yes,No,Yes
S571014,Fiber Optic,Yes,Yes,No,No,No,Yes,No,No
G932654,Fiber Optic,Yes,No,No,Yes,No,No,No,No
G470750,DSL,Yes,No,Yes,Yes,No,No,Yes,Yes
T568788,DSL,No,Yes,Yes,No,No,No,No,Yes
S44484,Fiber Optic,Yes,No,Yes,No,No,No,No,No
Z891443,Fiber Optic,Yes,No,No,Yes,Yes,Yes,No,Yes
L850408,Fiber Optic,Yes,Yes,Yes,Yes,Yes,No,Yes,Yes
C363428,DSL,Yes,Yes,No,Yes,No,No,No,Yes
V649705,Fiber Optic,Yes,No,Yes,Yes,No,No,No,Yes
C326211,Fiber Optic,Yes,No,No,Yes,No,No,Yes,No
E558257,Fiber Optic,Yes,No,No,Yes,No,No,No,No
N347475,DSL,Yes,No,Yes,No,Yes,No,Yes,No
R00006,None,No,Yes,No,No,No,No,No,No
Q121262,DSL,Yes,No,No,No,No,No,Yes,No
A627705,None,Yes,Yes,No,No,No,Yes,Yes,No
F801032,Fiber Optic,Yes,Yes,No,Yes,Yes,Yes,No,Yes
N198289,DSL,Yes,No,No,Yes,No,Yes,Yes,Yes
Q883651,DSL,Yes,No,No,No,No,Yes,Yes,Yes
N171571,Fiber Optic,Yes,No,Yes,Yes,No,No,No,Yes
S473501,Fiber Optic,Yes,No,No,Yes,No,No,No,No
T288621,Fiber Optic,Yes,No,Yes,Yes,Yes,Yes,No,Yes
L34147,Fiber Optic,Yes,Yes,Yes,Yes,No,Yes,No,No
I768093,None,Yes,Yes,No,Yes,No,No,Yes,Yes
S689844,Fiber Optic,Yes,No,No,No,Yes,No,Yes,No
P625495,Fiber Optic,Yes,No,No,No,Yes,Yes,Yes,Yes
H374449,None,Yes,No,Yes,No,Yes,Yes,Yes,Yes
M244216,None,Yes,Yes,Yes,No,No,Yes,Yes,Yes
I273757,Fiber Optic,Yes,Yes,No,Yes,Yes,No,Yes,Yes
F327575,None,Yes,No,No,No,No,No,No,Yes
T871397,Fiber Optic,Yes,No,No,Yes,Yes,No,Yes,No
W469499,None,Yes,No,No,No,Yes,Yes,No,No
B344400,DSL,Yes,No,Yes,No,No,Yes,No,No
K175104,DSL,Yes,Yes,No,No,No,No,No,No
J288735,None,Yes,Yes,No,Yes,Yes,No,Yes,Yes
H329436,DSL,Yes,No,No,No,Yes,No,No,No
Z772310,Fiber Optic,Yes,Yes,No,Yes,No,No,Yes,No
F861254,DSL,Yes,No,Yes,No,No,Yes,No,Yes
L218614,Fiber Optic,Yes,No,Yes,Yes,Yes,No,Yes,Yes
T110013,DSL,Yes,Yes,No,No,No,No,No,No
O230131,DSL,Yes,Yes,No,No,Yes,Yes,Yes,Yes
G934557,Fiber Optic,Yes,No,No,Yes,No,Yes,No,Yes
R294804,Fiber Optic,Yes,No,Yes,No,Yes,No,No,Yes
J470984,DSL,Yes,Yes,No,Yes,No,No,Yes,Yes
N267712,Fiber Optic,Yes,No,No,Yes,Yes,No,Yes,No
Z22587,DSL,No,No,Yes,No,No,No,No,No
J951737,DSL,Yes,Yes,No,No,Yes,No,No,Yes
R524267,Fiber Optic,No,No,Yes,No,No,No,No,No
X768141,Fiber Optic,Yes,Yes,Yes,No,No,No,Yes,No
W367931,None,Yes,No,Yes,No,No,No,No,No
K368362,Fiber Optic,Yes,Yes,No,No,No,Yes,No,No
T288868,DSL,Yes,Yes,No,No,No,No,Yes,Yes
P05841,Fiber Optic,Yes,Yes,Yes,No,No,Yes,Yes,Yes
E237684,DSL,Yes,Yes,Yes,No,No,No,No,Yes
H339301,DSL,Yes,Yes,Yes,No,No,No,No,No
M260956,Fiber Optic,No,Yes,No,No,Yes,Yes,Yes,No
U774556,Fiber Optic,Yes,Yes,No,No,Yes,Yes,Yes,Yes
F146437,None,Yes,No,Yes,No,No,No,Yes,Yes
X795579,Fiber Optic,Yes,Yes,No,Yes,No,Yes,No,No
V385014,Fiber Optic,Yes,Yes,Yes,Yes,No,Yes,Yes,Yes
O816845,DSL,Yes,No,No,No,No,No,No,No
J700984,DSL,Yes,No,Yes,Yes,No,Yes,No,No
K268065,Fiber Optic,Yes,Yes,Yes,Yes,No,No,Yes,No
R293676,DSL,Yes,No,Yes,Yes,Yes,Yes,Yes,No
I980987,None,Yes,No,Yes,Yes,Yes,No,No,No
S483455,None,Yes,Yes,Yes,No,No,No,No,No
G442682,Fiber Optic,Yes,Yes,Yes,Yes,No,Yes,No,No
T449112,DSL,Yes,No,No,Yes,Yes,No,Yes,Yes
A04378,None,Yes,Yes,No,No,No,Yes,Yes,Yes
W653435,Fiber Optic,Yes,Yes,Yes,No,No,No,No,No
F589782,None,Yes,Yes,Yes,Yes,No,No,No,No
R563759,None,Yes,Yes,No,No,Yes,No,No,No
A652420,Fiber Optic,Yes,No,No,No,Yes,No,Yes,No
A568845,DSL,Yes,No,Yes,No,Yes,Yes,No,Yes
C894386,DSL,Yes,No,No,Yes,Yes,Yes,Yes,No
C354137,DSL,Yes,No,No,No,No,No,Yes,Yes
N720342,None,Yes,Yes,No,Yes,Yes,No,No,Yes
J557174,Fiber Optic,Yes,Yes,No,No,No,Yes,No,No
L823637,DSL,Yes,Yes,No,No,No,No,Yes,No
K221973,Fiber Optic,Yes,No,Yes,Yes,No,No,No,No
U212075,Fiber Optic,No,No,No,Yes,Yes,No,No,No
B163052,Fiber Optic,Yes,No,No,No,No,Yes,No,No
Q879197,DSL,Yes,Yes,No,No,Yes,Yes,No,Yes
Y427197,None,Yes,Yes,No,No,Yes,No,Yes,Yes
D446145,DSL,Yes,Yes,Yes,No,Yes,No,No,Yes
M668942,Fiber Optic,Yes,Yes,Yes,No,No,No,Yes,Yes
A665879,Fiber Optic,Yes,No,No,No,Yes,No,Yes,Yes
J716638,Fiber Optic,Yes,No,Yes,No,No,Yes,Yes,No
R625368,None,Yes,No,No,Yes,Yes,No,No,Yes
J725553,Fiber Optic,Yes,No,Yes,No,No,Yes,No,Yes
K679356,DSL,Yes,Yes,Yes,No,Yes,No,No,No
O933825,DSL,Yes,No,Yes,Yes,No,Yes,Yes,No
X637060,None,Yes,Yes,Yes,Yes,Yes,Yes,No,No
F857256,DSL,Yes,No,No,Yes,Yes,No,No,Yes
F800197,None,No,No,Yes,No,No,Yes,No,Yes
F925724,DSL,Yes,No,No,No,No,No,No,Yes
A583737,Fiber Optic,Yes,No,No,Yes,No,No,Yes,No
W477587,Fiber Optic,Yes,Yes,No,Yes,No,No,Yes,No
S700932,Fiber Optic,Yes,No,No,No,Yes,No,Yes,No
N34730,Fiber Optic,No,Yes,No,No,No,Yes,Yes,No
T513724,DSL,Yes,Yes,Yes,No,No,Yes,Yes,No
M382374,Fiber Optic,Yes,No,No,No,No,No,No,No
O18218,Fiber Optic,Yes,No,No,Yes,No,Yes,Yes,No
T432181,DSL,Yes,Yes,Yes,Yes,No,Yes,No,Yes
A661671,Fiber Optic,Yes,No,No,Yes,Yes,Yes,Yes,No
L168190,None,Yes,Yes,No,No,Yes,Yes,Yes,Yes
M526654,None,Yes,No,No,No,No,No,Yes,Yes
O947108,DSL,Yes,No,Yes,No,Yes,No,No,Yes
I383783,Fiber Optic,No,Yes,No,Yes,Yes,Yes,No,No
Q299497,DSL,Yes,Yes,No,No,Yes,Yes,Yes,No
F390872,Fiber Optic,Yes,No,No,Yes,Yes,No,Yes,No
Q03604,Fiber Optic,Yes,No,No,No,No,Yes,Yes,Yes
B614129,DSL,No,No,No,Yes,No,No,Yes,Yes
L694022,Fiber Optic,Yes,Yes,Yes,No,Yes,Yes,No,Yes
F910877,DSL,Yes,Yes,No,No,Yes,No,Yes,Yes
F796999,DSL,Yes,No,Yes,Yes,No,Yes,Yes,Yes
S208331,Fiber Optic,Yes,No,No,Yes,No,No,No,No
L644968,Fiber Optic,Yes,Yes,No,No,No,No,No,No
I139641,None,Yes,No,Yes,Yes,No,Yes,No,No
P427559,DSL,Yes,No,Yes,No,Yes,No,No,Yes
R26748,DSL,Yes,No,Yes,No,No,No,Yes,Yes
J415670,Fiber Optic,Yes,No,Yes,Yes,No,No,Yes,No
M173513,Fiber Optic,Yes,No,Yes,No,Yes,No,Yes,No
E753173,DSL,Yes,No,No,No,No,Yes,Yes,No
K123613,DSL,Yes,Yes,No,Yes,Yes,Yes,No,Yes
A540097,DSL,Yes,No,Yes,Yes,Yes,Yes,No,No
Q902286,Fiber Optic,Yes,No,Yes,No,Yes,Yes,No,No
A156174,DSL,Yes,Yes,No,No,Yes,No,No,No
G419393,None,Yes,No,No,No,Yes,No,Yes,No
M525640,DSL,Yes,No,No,Yes,No,Yes,Yes,No
M709771,Fiber Optic,Yes,No,No,Yes,Yes,No,Yes,Yes
V491948,None,Yes,Yes,No,Yes,No,Yes,No,Yes
K156290,Fiber Optic,Yes,Yes,No,No,No,No,Yes,No
O890607,DSL,Yes,Yes,No,No,Yes,No,Yes,No
X796554,Fiber Optic,No,No,No,No,Yes,Yes,No,Yes
D115503,DSL,Yes,No,No,No,Yes,No,No,No
G257426,Fiber Optic,Yes,No,Yes,Yes,No,No,Yes,No
O831879,Fiber Optic,Yes,Yes,No,No,No,No,No,Yes
I25810,DSL,Yes,No,No,Yes,No,Yes,No,Yes
B572303,DSL,Yes,Yes,Yes,Yes,No,No,No,Yes
U186366,DSL,Yes,Yes,No,No,No,No,No,No
V704386,None,Yes,No,No,Yes,No,No,No,Yes
I267902,None,Yes,No,No,Yes,No,No,No,No
X139704,DSL,Yes,No,No,No,No,No,No,No
F656551,DSL,No,Yes,No,No,Yes,No,No,Yes
Q918017,DSL,Yes,No,Yes,Yes,Yes,No,No,Yes
L243022,DSL,Yes,No,No,Yes,No,Yes,Yes,No
V122404,DSL,Yes,Yes,Yes,No,Yes,No,Yes,Yes
T145464,Fiber Optic,Yes,No,No,Yes,No,No,Yes,No
C167969,Fiber Optic,Yes,Yes,No,Yes,Yes,No,No,Yes
V583352,DSL,Yes,No,Yes,No,Yes,No,No,No
O876544,DSL,Yes,No,No,Yes,No,Yes,Yes,No
C399738,None,Yes,No,No,No,No,No,No,Yes
V420683,DSL,No,Yes,Yes,No,No,No,Yes,Yes
P170468,DSL,Yes,No,No,No,Yes,Yes,Yes,No
T795869,DSL,Yes,No,No,No,No,No,No,Yes
T357711,DSL,Yes,Yes,No,No,No,No,No,Yes
E42550,DSL,Yes,No,No,No,No,Yes,Yes,Yes
M492988,Fiber Optic,Yes,No,Yes,Yes,No,No,Yes,No
X165101,Fiber Optic,Yes,Yes,Yes,No,No,Yes,No,No
V625144,DSL,Yes,Yes,No,Yes,Yes,Yes,Yes,Yes
Y480836,DSL,Yes,Yes,No,Yes,Yes,No,Yes,Yes
I707351,Fiber Optic,Yes,Yes,Yes,Yes,No,No,No,Yes
F633030,DSL,Yes,Yes,Yes,Yes,Yes,No,No,Yes
D741982,None,Yes,Yes,No,Yes,No,No,Yes,Yes
V326753,Fiber Optic,Yes,No,Yes,No,No,No,No,Yes
J504048,DSL,No,No,No,No,No,No,No,Yes
Z690262,Fiber Optic,Yes,No,Yes,Yes,Yes,Yes,Yes,No
V172495,DSL,Yes,No,No,No,No,Yes,No,Yes
K775808,Fiber Optic,Yes,No,No,No,No,No,No,Yes
M127329,None,Yes,Yes,No,No,No,No,No,No
H108397,DSL,Yes,Yes,No,Yes,No,No,Yes,No
S753517,DSL,Yes,Yes,No,No,Yes,Yes,No,Yes
R39027,Fiber Optic,Yes,Yes,No,No,No,Yes,No,No
X607820,None,Yes,No,No,No,Yes,No,No,No
A151684,Fiber Optic,Yes,Yes,Yes,Yes,Yes,No,No,No
W114349,None,Yes,No,Yes,No,Yes,No,No,No
I338155,Fiber Optic,Yes,No,No,No,No,No,No,No
E536348,Fiber Optic,Yes,No,Yes,Yes,Yes,Yes,Yes,Yes
I553384,DSL,Yes,No,No,Yes,Yes,Yes,Yes,Yes
G215554,DSL,Yes,No,Yes,No,Yes,Yes,No,Yes
O574163,DSL,Yes,No,No,Yes,Yes,No,Yes,No
P36699,DSL,Yes,Yes,No,No,No,No,Yes,No
M442583,DSL,Yes,Yes,No,Yes,No,Yes,No,No
S681809,Fiber Optic,Yes,Yes,Yes,No,Yes,Yes,Yes,Yes
X13388,Fiber Optic,Yes,Yes,Yes,Yes,No,No,No,Yes
W735202,Fiber Optic,Yes,No,No,No,No,Yes,Yes,Yes
R235638,Fiber Optic,Yes,Yes,No,No,Yes,Yes,No,Yes
B49281,DSL,No,No,Yes,Yes,No,No,Yes,No
W882810,None,No,No,No,Yes,No,No,Yes,No
J534622,None,No,Yes,No,No,No,Yes,Yes,No
E929442,Fiber Optic,Yes,Yes,No,Yes,No,No,Yes,No
Q79055,Fiber Optic,Yes,No,Yes,Yes,No,Yes,No,Yes
P05276,DSL,Yes,No,No,Yes,No,Yes,No,No
D844892,DSL,No,Yes,Yes,Yes,Yes,Yes,Yes,No
P208976,DSL,No,Yes,Yes,No,Yes,No,Yes,Yes
U340677,None,Yes,No,No,No,No,No,Yes,No
H368190,Fiber Optic,Yes,No,No,No,No,No,No,No
T107292,DSL,Yes,Yes,No,Yes,Yes,Yes,No,No
A235822,Fiber Optic,Yes,No,Yes,No,No,No,No,Yes
C491926,DSL,Yes,Yes,No,No,Yes,Yes,No,No
K513268,None,Yes,Yes,Yes,No,Yes,Yes,No,Yes
K541481,DSL,Yes,No,No,Yes,Yes,No,Yes,Yes
U191976,DSL,Yes,No,Yes,Yes,No,Yes,Yes,No
A466060,DSL,Yes,Yes,No,Yes,No,No,Yes,Yes
V334521,None,Yes,Yes,No,Yes,No,No,No,Yes
X690504,None,Yes,Yes,No,No,Yes,Yes,No,No
D367103,DSL,Yes,Yes,No,No,No,No,Yes,No
L734540,Fiber Optic,Yes,Yes,Yes,No,No,Yes,No,No
N27354,Fiber Optic,Yes,No,Yes,Yes,Yes,No,No,Yes
A878642,DSL,Yes,No,No,Yes,No,Yes,No,No
U698370,Fiber Optic,Yes,Yes,Yes,No,Yes,No,Yes,Yes
P535033,DSL,Yes,No,No,Yes,No,Yes,No,No
W713966,DSL,Yes,No,No,No,Yes,No,Yes,No
U76820,Fiber Optic,Yes,No,Yes,No,Yes,No,No,Yes
F594045,Fiber Optic,Yes,Yes,No,No,Yes,No,No,No
M955464,DSL,Yes,No,No,No,No,Yes,No,No
U982319,DSL,Yes,No,Yes,No,No,No,No,No
J586788,None,Yes,No,No,Yes,Yes,Yes,Yes,Yes
K551039,Fiber Optic,No,Yes,No,No,No,Yes,Yes,No
E224782,DSL,Yes,No,No,No,Yes,Yes,Yes,No
G23603,Fiber Optic,Yes,No,Yes,Yes,No,No,Yes,Yes
S428715,DSL,Yes,No,No,Yes,Yes,No,Yes,Yes
J413185,Fiber Optic,No,No,No,Yes,Yes,Yes,Yes,No
D81262,None,Yes,Yes,Yes,No,Yes,No,No,Yes
J593494,None,Yes,No,No,Yes,Yes,No,Yes,Yes
S285667,Fiber Optic,Yes,Yes,Yes,Yes,No,Yes,Yes,Yes
F394583,Fiber Optic,Yes,No,No,No,No,Yes,Yes,Yes
V395482,None,Yes,Yes,No,No,Yes,No,No,No
T760461,DSL,Yes,No,No,No,No,Yes,No,Yes
P812093,Fiber Optic,Yes,No,Yes,No,Yes,Yes,Yes,Yes
J25646,Fiber Optic,Yes,Yes,No,No,No,Yes,Yes,No
Q717466,DSL,Yes,Yes,No,Yes,Yes,No,No,No
G350853,DSL,Yes,No,No,No,Yes,No,Yes,No
W01140,DSL,Yes,Yes,Yes,Yes,No,Yes,Yes,No
H988583,Fiber Optic,Yes,Yes,No,Yes,No,No,No,Yes
D510020,Fiber Optic,Yes,Yes,No,Yes,No,Yes,Yes,No
W402834,Fiber Optic,Yes,Yes,No,No,Yes,No,No,Yes
H403456,None,Yes,No,No,Yes,No,Yes,Yes,Yes
Q19503,DSL,Yes,Yes,Yes,Yes,Yes,No,No,Yes
P604430,None,No,Yes,Yes,No,No,Yes,Yes,No
S799437,None,Yes,No,No,Yes,No,Yes,No,No
F890957,DSL,Yes,Yes,No,Yes,No,Yes,Yes,No
I979416,None,Yes,Yes,Yes,No,Yes,Yes,No,Yes
M500465,Fiber Optic,Yes,Yes,No,Yes,Yes,No,No,Yes
Y931202,Fiber Optic,Yes,Yes,No,Yes,Yes,Yes,No,No
M663152,Fiber Optic,Yes,No,Yes,No,Yes,No,No,No
T191083,Fiber Optic,Yes,Yes,Yes,Yes,No,Yes,Yes,Yes
R581784,Fiber Optic,Yes,No,No,No,Yes,No,Yes,No
F761138,Fiber Optic,Yes,No,No,No,No,No,Yes,Yes
Y627704,DSL,Yes,Yes,No,No,No,No,No,Yes
W335827,None,Yes,No,Yes,No,No,No,Yes,No
S835724,Fiber Optic,Yes,No,No,No,No,No,No,No
E749946,DSL,Yes,No,Yes,No,No,No,Yes,Yes
N601524,Fiber Optic,Yes,No,No,Yes,Yes,No,Yes,No
Y858758,Fiber Optic,Yes,No,Yes,No,Yes,Yes,Yes,No
Y470638,DSL,Yes,No,No,Yes,Yes,No,No,No
G201104,Fiber Optic,Yes,No,No,No,No,No,No,Yes
K853735,None,Yes,Yes,Yes,No,Yes,Yes,No,Yes
X246735,DSL,Yes,No,No,No,No,No,No,No
G194988,None,Yes,Yes,No,No,No,No,Yes,No
T258326,None,Yes,Yes,Yes,Yes,No,No,No,Yes
A793645,Fiber Optic,Yes,No,Yes,No,No,Yes,Yes,Yes
S982704,DSL,Yes,No,Yes,Yes,Yes,No,No,Yes
G309407,DSL,Yes,No,No,No,Yes,No,Yes,Yes
G633258,DSL,Yes,Yes,No,No,No,No,Yes,Yes
O194821,DSL,No,No,Yes,No,Yes,No,Yes,Yes
D414965,Fiber Optic,Yes,No,Yes,No,No,No,Yes,Yes
U270597,Fiber Optic,Yes,Yes,Yes,No,Yes,No,Yes,Yes
D639444,DSL,Yes,No,Yes,Yes,Yes,No,Yes,Yes
I567163,DSL,Yes,Yes,Yes,No,No,Yes,Yes,Yes
X987100,DSL,Yes,Yes,No,No,Yes,No,No,Yes
C25081,None,Yes,No,No,Yes,No,No,No,Yes
J74384,DSL,No,No,No,No,Yes,Yes,Yes,Yes
Y842226,Fiber Optic,Yes,Yes,Yes,No,No,No,No,No
X262328,Fiber Optic,No,No,Yes,Yes,Yes,No,No,Yes
B584202,DSL,Yes,No,No,Yes,No,No,No,Yes
P903134,Fiber Optic,Yes,Yes,No,Yes,No,No,Yes,Yes
H674623,DSL,Yes,No,Yes,No,No,No,No,No
K194475,Fiber Optic,Yes,No,No,Yes,Yes,Yes,No,Yes
T235921,Fiber Optic,Yes,No,No,No,No,No,No,No
P370184,None,Yes,Yes,Yes,No,No,No,Yes,No
T242541,Fiber Optic,Yes,Yes,No,No,No,No,Yes,No
C110005,DSL,Yes,No,No,Yes,Yes,Yes,No,No
V289484,Fiber Optic,Yes,Yes,No,No,Yes,No,Yes,Yes
K663726,DSL,Yes,No,Yes,No,No,No,Yes,No
C455392,DSL,Yes,No,Yes,Yes,No,No,No,Yes
C294087,Fiber Optic,Yes,No,No,No,Yes,No,Yes,No
O321745,DSL,Yes,Yes,Yes,Yes,Yes,No,No,No
Z472765,None,Yes,Yes,Yes,No,No,No,Yes,No
I331050,Fiber Optic,Yes,Yes,Yes,No,No,No,Yes,No
P349196,Fiber Optic,Yes,No,No,Yes,No,No,Yes,Yes
H248782,DSL,Yes,No,Yes,Yes,No,No,Yes,Yes
T391166,Fiber Optic,Yes,No,Yes,Yes,No,Yes,No,No
S231697,Fiber Optic,Yes,No,No,No,No,No,Yes,No
P147558,Fiber Optic,No,No,No,No,Yes,Yes,Yes,No
V297438,Fiber Optic,Yes,No,No,Yes,Yes,Yes,No,No
X277511,None,Yes,No,No,No,No,No,Yes,No
Y293927,Fiber Optic,Yes,Yes,No,Yes,No,No,No,Yes
M659677,Fiber Optic,Yes,No,Yes,No,No,No,No,No
J450880,DSL,Yes,No,No,No,No,Yes,No,No
F775718,Fiber Optic,Yes,Yes,No,Yes,No,No,Yes,No
X378242,DSL,Yes,No,No,No,No,No,No,Yes
W271686,None,Yes,No,No,Yes,No,No,Yes,Yes
O16957,DSL,Yes,No,Yes,No,Yes,No,Yes,Yes
V394552,Fiber Optic,Yes,Yes,Yes,Yes,No,Yes,Yes,No
D790505,Fiber Optic,No,Yes,Yes,Yes,Yes,No,No,No
L829193,DSL,Yes,Yes,No,Yes,No,No,No,No
N774071,Fiber Optic,Yes,No,No,Yes,No,Yes,No,Yes
H63833,Fiber Optic,Yes,No,No,Yes,Yes,No,Yes,No
S504402,DSL,Yes,No,No,No,No,Yes,No,Yes
O629517,DSL,Yes,Yes,No,No,Yes,No,Yes,Yes
X392676,DSL,Yes,No,Yes,Yes,Yes,No,No,No
W677486,DSL,Yes,No,No,Yes,Yes,No,No,No
W242206,Fiber Optic,No,No,Yes,No,No,Yes,No,Yes
N603536,Fiber Optic,Yes,Yes,No,Yes,No,No,Yes,No
D595070,DSL,Yes,No,No,Yes,No,Yes,Yes,No
U187337,Fiber Optic,Yes,No,No,No,No,Yes,No,Yes
Y224416,None,Yes,No,No,No,No,No,Yes,No
N843223,Fiber Optic,Yes,Yes,Yes,No,Yes,No,Yes,No
S428583,DSL,Yes,No,No,Yes,No,No,Yes,No
N78759,None,Yes,No,No,Yes,No,No,No,Yes
H973126,Fiber Optic,Yes,Yes,No,No,No,No,Yes,Yes
G04810,Fiber Optic,Yes,Yes,Yes,Yes,No,No,No,No
Y549440,Fiber Optic,Yes,Yes,No,No,No,No,Yes,No
R495303,Fiber Optic,Yes,Yes,No,No,No,No,No,No
N566444,None,Yes,Yes,Yes,Yes,No,No,Yes,No
D68964,Fiber Optic,Yes,No,No,No,No,No,Yes,Yes
C615502,Fiber Optic,Yes,No,Yes,Yes,Yes,No,Yes,No
I41510,DSL,Yes,Yes,No,No,Yes,No,Yes,Yes
A40824,DSL,Yes,Yes,Yes,No,Yes,Yes,No,No
V490898,Fiber Optic,Yes,No,No,No,No,No,No,No
R232591,Fiber Optic,Yes,Yes,Yes,Yes,Yes,Yes,No,Yes
L776429,Fiber Optic,Yes,Yes,Yes,Yes,No,Yes,No,No
H664759,DSL,Yes,Yes,Yes,No,No,No,Yes,No
H309760,Fiber Optic,Yes,Yes,Yes,Yes,No,Yes,Yes,Yes
H983119,Fiber Optic,Yes,No,No,No,No,No,Yes,Yes
K452042,DSL,Yes,Yes,No,Yes,Yes,No,No,No
U898866,DSL,Yes,No,No,Yes,No,Yes,Yes,Yes
Y663307,None,Yes,No,No,No,No,Yes,Yes,Yes
B674702,Fiber Optic,Yes,Yes,Yes,Yes,Yes,No,Yes,Yes
C967245,DSL,Yes,Yes,Yes,No,Yes,No,Yes,No
Y239127,None,No,No,No,No,Yes,Yes,No,Yes
M869915,Fiber Optic,Yes,No,Yes,Yes,No,Yes,No,No
Y904957,DSL,Yes,No,Yes,Yes,No,Yes,No,No
H943500,DSL,Yes,No,No,No,No,No,No,Yes
D435398,None,No,Yes,No,No,No,No,No,No
Y799118,None,No,Yes,No,No,No,Yes,Yes,Yes
W408649,None,Yes,No,No,No,Yes,Yes,Yes,No
T273833,None,Yes,No,No,No,No,Yes,No,No
T00191,Fiber Optic,No,Yes,Yes,Yes,No,Yes,No,Yes
L731384,Fiber Optic,Yes,No,No,No,No,No,Yes,No
V700908,Fiber Optic,No,Yes,Yes,Yes,No,No,No,Yes
P545768,DSL,Yes,No,No,No,No,No,Yes,Yes
Y908871,DSL,Yes,No,No,No,No,Yes,No,No
F266865,DSL,Yes,No,No,No,Yes,No,Yes,No
C983145,None,Yes,No,No,Yes,Yes,No,No,No
D547400,None,Yes,No,No,No,No,Yes,No,No
S112967,DSL,Yes,No,No,Yes,Yes,Yes,No,Yes
I259451,Fiber Optic,Yes,No,Yes,No,No,No,No,No
O649096,DSL,Yes,No,No,Yes,No,Yes,Yes,No
G08081,None,Yes,No,No,No,Yes,Yes,No,No
R392539,Fiber Optic,Yes,No,No,No,No,Yes,Yes,No
Z688558,Fiber Optic,No,Yes,No,Yes,No,No,Yes,No
G56644,None,Yes,No,No,Yes,No,No,Yes,Yes
X103902,DSL,Yes,No,No,No,Yes,No,Yes,Yes
A268547,None,Yes,Yes,No,No,No,Yes,Yes,No
I646709,DSL,Yes,No,Yes,Yes,Yes,No,No,No
R723551,Fiber Optic,Yes,Yes,No,Yes,No,No,Yes,Yes
I09844,Fiber Optic,Yes,Yes,No,Yes,Yes,Yes,No,Yes
E571411,Fiber Optic,Yes,No,Yes,Yes,Yes,Yes,Yes,No
L839648,DSL,Yes,Yes,No,No,No,Yes,No,No
Q127985,Fiber Optic,Yes,Yes,No,Yes,No,No,No,No
P820298,Fiber Optic,Yes,Yes,Yes,No,No,No,Yes,No
U876126,Fiber Optic,Yes,No,No,No,No,Yes,No,Yes
F818870,Fiber Optic,Yes,No,Yes,Yes,No,No,Yes,Yes
F711590,DSL,Yes,No,No,No,No,Yes,Yes,Yes
Z931013,Fiber Optic,Yes,Yes,Yes,Yes,Yes,Yes,No,No
A34326,Fiber Optic,Yes,Yes,No,Yes,No,Yes,Yes,No
D964633,Fiber Optic,Yes,Yes,No,No,No,Yes,No,Yes
U369647,DSL,Yes,No,No,No,Yes,Yes,No,No
S968318,DSL,Yes,No,Yes,No,No,Yes,Yes,No
V573037,Fiber Optic,Yes,No,No,No,Yes,No,No,Yes
Q154305,DSL,Yes,Yes,No,Yes,No,No,Yes,Yes
M446951,DSL,Yes,No,No,No,No,No,Yes,No
V123994,Fiber Optic,Yes,Yes,No,No,No,No,No,No
W878528,Fiber Optic,Yes,No,Yes,No,No,Yes,Yes,Yes
H772847,Fiber Optic,Yes,No,No,Yes,Yes,No,Yes,No
S974700,DSL,Yes,No,No,No,No,No,Yes,Yes
F218295,DSL,Yes,Yes,No,Yes,No,No,Yes,Yes
Q796173,None,Yes,Yes,No,No,Yes,No,Yes,No
L343348,Fiber Optic,Yes,Yes,No,Yes,No,No,No,Yes
P140379,Fiber Optic,Yes,Yes,Yes,Yes,Yes,No,Yes,No
T415137,Fiber Optic,Yes,No,Yes,Yes,Yes,Yes,Yes,No
O456467,Fiber Optic,Yes,Yes,No,Yes,No,No,No,No
N548388,Fiber Optic,Yes,Yes,Yes,No,Yes,Yes,Yes,No
I185824,Fiber Optic,Yes,Yes,Yes,No,Yes,No,No,Yes
C477136,None,Yes,Yes,No,No,No,No,No,Yes
Q724099,Fiber Optic,Yes,No,No,No,Yes,No,No,No
M701595,Fiber Optic,Yes,Yes,No,Yes,Yes,No,Yes,No
K790327,DSL,Yes,No,No,No,Yes,Yes,No,Yes
X460024,DSL,Yes,No,No,Yes,Yes,No,Yes,No
C632525,Fiber Optic,Yes,Yes,No,No,No,No,Yes,Yes
R430129,Fiber Optic,No,Yes,No,Yes,No,No,Yes,No
R104575,None,Yes,No,Yes,No,No,No,No,Yes
E177109,DSL,Yes,Yes,Yes,No,Yes,Yes,No,Yes
H419829,Fiber Optic,Yes,No,No,No,No,No,Yes,Yes
S400879,DSL,Yes,No,No,No,No,Yes,No,Yes
V424932,Fiber Optic,Yes,No,No,No,No,No,Yes,Yes
P239147,DSL,Yes,Yes,Yes,Yes,Yes,Yes,No,No
F98602,Fiber Optic,Yes,No,Yes,Yes,No,No,Yes,Yes
F417728,None,Yes,No,No,No,No,Yes,No,Yes
J269900,Fiber Optic,No,No,No,No,No,No,No,Yes
X390643,Fiber Optic,Yes,No,No,Yes,No,No,Yes,Yes
P997581,None,Yes,Yes,No,No,No,No,Yes,No
W805678,Fiber Optic,No,Yes,No,Yes,Yes,Yes,No,No
L529675,Fiber Optic,Yes,Yes,No,Yes,Yes,Yes,Yes,No
U648807,DSL,Yes,No,Yes,No,Yes,No,No,Yes
O409629,Fiber Optic,Yes,Yes,Yes,Yes,Yes,Yes,No,No
Z296111,None,Yes,Yes,Yes,No,No,No,No,No
Q213577,Fiber Optic,Yes,No,No,Yes,Yes,No,No,Yes
J745220,DSL,Yes,No,Yes,Yes,Yes,No,Yes,Yes
L283891,Fiber Optic,Yes,No,No,Yes,Yes,No,No,Yes
Y538750,Fiber Optic,Yes,Yes,No,No,No,No,Yes,Yes
Z334157,Fiber Optic,Yes,No,Yes,No,Yes,No,Yes,Yes
V225599,DSL,Yes,No,No,No,No,Yes,Yes,No
V186499,None,Yes,No,No,Yes,Yes,No,Yes,Yes
P940749,DSL,Yes,No,No,No,Yes,Yes,No,No
I136611,None,Yes,Yes,No,No,Yes,Yes,Yes,No
I182227,DSL,Yes,No,No,No,Yes,Yes,No,Yes
N660411,Fiber Optic,Yes,Yes,Yes,Yes,No,Yes,Yes,No
A968154,None,Yes,No,No,Yes,Yes,Yes,Yes,Yes
W26439,DSL,Yes,No,No,Yes,No,Yes,Yes,Yes
Z841374,Fiber Optic,Yes,No,Yes,No,No,No,No,No
A615789,Fiber Optic,Yes,Yes,No,Yes,No,Yes,Yes,Yes
N772001,Fiber Optic,Yes,No,No,No,No,No,No,No
C915618,None,Yes,No,Yes,Yes,Yes,Yes,No,Yes
B921488,Fiber Optic,Yes,Yes,Yes,No,Yes,No,Yes,Yes
Q715652,DSL,Yes,No,No,Yes,No,Yes,No,No
D428991,DSL,Yes,No,No,No,No,Yes,Yes,No
M462715,DSL,Yes,No,No,No,No,No,No,Yes
E231042,None,Yes,Yes,No,No,Yes,No,No,No
E224206,DSL,Yes,No,No,Yes,No,No,No,No
J220096,Fiber Optic,Yes,Yes,Yes,No,No,Yes,No,No
Q748629,DSL,Yes,No,Yes,No,No,No,Yes,Yes
G44628,None,Yes,No,Yes,No,No,No,No,No
B369070,DSL,Yes,No,Yes,No,Yes,No,Yes,Yes
I891354,Fiber Optic,Yes,Yes,No,No,No,Yes,No,No
B118468,DSL,Yes,Yes,No,No,Yes,No,No,No
B317246,None,Yes,No,Yes,No,No,No,No,No
G486098,None,Yes,Yes,No,Yes,Yes,No,No,Yes
R935847,DSL,Yes,No,Yes,Yes,No,Yes,Yes,No
A32952,Fiber Optic,Yes,No,Yes,No,Yes,No,Yes,Yes
F659682,DSL,No,Yes,No,No,Yes,Yes,No,No
S469701,None,Yes,Yes,No,No,No,No,Yes,No
B785760,None,Yes,No,No,Yes,No,Yes,Yes,Yes
U924025,DSL,Yes,Yes,No,Yes,Yes,No,No,Yes
P661258,DSL,Yes,Yes,No,Yes,No,Yes,Yes,Yes
G590799,DSL,Yes,No,Yes,Yes,Yes,Yes,No,No
I860167,Fiber Optic,Yes,Yes,No,No,Yes,No,No,Yes
B66948,None,Yes,No,Yes,No,Yes,No,Yes,Yes
Y990162,DSL,Yes,No,No,No,Yes,No,No,Yes
Y590115,Fiber Optic,Yes,No,No,Yes,No,No,Yes,No
U529658,None,Yes,No,No,No,Yes,Yes,No,Yes
Z269213,Fiber Optic,Yes,No,Yes,No,No,No,Yes,Yes
J04479,Fiber Optic,Yes,Yes,No,No,Yes,No,Yes,No
B181180,None,Yes,No,No,No,No,No,Yes,Yes
J908601,None,Yes,No,No,No,Yes,No,Yes,No
F455342,DSL,Yes,No,No,No,No,Yes,No,No
Q546354,DSL,No,Yes,Yes,No,No,No,Yes,Yes
A100934,DSL,Yes,No,Yes,No,No,No,Yes,No
N93461,Fiber Optic,Yes,Yes,Yes,Yes,Yes,No,Yes,Yes
V946663,None,Yes,Yes,Yes,No,No,No,No,Yes
S258229,None,Yes,No,No,Yes,Yes,No,Yes,Yes
C242980,None,Yes,Yes,No,Yes,No,No,No,No
F185772,None,Yes,Yes,No,Yes,Yes,No,No,Yes
R347015,None,Yes,No,No,No,No,No,No,No
W956484,None,Yes,No,Yes,Yes,No,Yes,No,No
I846273,DSL,Yes,No,No,Yes,Yes,No,No,No
D788614,DSL,Yes,No,Yes,No,No,Yes,No,No
A885053,DSL,Yes,No,No,No,No,Yes,No,Yes
P899811,DSL,Yes,No,No,Yes,No,No,Yes,No
V488557,DSL,No,No,Yes,Yes,Yes,No,Yes,No
Y289549,Fiber Optic,Yes,No,Yes,Yes,No,No,Yes,No
X891847,None,Yes,No,No,No,No,Yes,Yes,No
R526092,Fiber Optic,Yes,Yes,No,Yes,No,Yes,No,No
H155905,DSL,Yes,Yes,Yes,Yes,No,No,Yes,Yes
U635749,DSL,Yes,No,Yes,Yes,Yes,No,No,No
W37205,Fiber Optic,No,No,Yes,Yes,No,No,No,No
X808609,Fiber Optic,No,No,No,Yes,Yes,No,Yes,No
T59603,DSL,Yes,Yes,No,No,Yes,Yes,Yes,No
J203479,Fiber Optic,No,Yes,Yes,No,No,No,No,Yes
Q498262,DSL,Yes,Yes,Yes,No,No,No,Yes,Yes
R424568,DSL,Yes,Yes,No,Yes,No,No,Yes,No
N845461,None,Yes,No,No,No,No,No,No,Yes
G419144,Fiber Optic,Yes,No,No,No,No,No,No,No
S441269,None,Yes,No,No,Yes,No,No,Yes,No
V604132,None,Yes,No,No,No,Yes,No,No,No
F700951,None,Yes,No,No,No,No,No,Yes,No
Q562879,DSL,Yes,No,Yes,No,No,Yes,No,No
T21860,Fiber Optic,Yes,Yes,No,No,Yes,Yes,No,Yes
Z668197,DSL,Yes,Yes,No,Yes,No,Yes,Yes,Yes
G03073,Fiber Optic,No,No,Yes,No,No,Yes,Yes,No
X357813,DSL,Yes,No,No,No,No,Yes,Yes,Yes
M795125,DSL,Yes,No,No,No,No,No,No,No
F943189,Fiber Optic,Yes,No,Yes,No,No,No,Yes,Yes
Z395113,Fiber Optic,No,No,No,No,No,No,Yes,No
Z366435,Fiber Optic,Yes,No,No,No,No,Yes,No,No
V342335,Fiber Optic,Yes,Yes,Yes,No,No,No,Yes,Yes
A521063,Fiber Optic,Yes,No,No,Yes,No,No,Yes,No
Y304291,None,Yes,No,No,Yes,No,No,Yes,Yes
F46928,None,No,No,No,Yes,No,No,Yes,Yes
F271517,DSL,Yes,Yes,Yes,Yes,No,Yes,Yes,No
L239191,DSL,Yes,No,No,No,No,Yes,Yes,No
X932774,DSL,Yes,Yes,Yes,No,No,No,Yes,Yes
Z424457,Fiber Optic,Yes,Yes,Yes,No,No,No,No,Yes
X613271,DSL,Yes,No,No,Yes,Yes,No,No,No
B891472,Fiber Optic,Yes,No,No,Yes,No,No,No,No
S634813,Fiber Optic,Yes,No,No,Yes,No,Yes,No,Yes
D301934,DSL,Yes,Yes,Yes,No,Yes,No,No,Yes
V973926,DSL,Yes,Yes,No,No,Yes,No,No,Yes
H686071,Fiber Optic,No,Yes,No,Yes,Yes,Yes,No,No
B79192,DSL,Yes,No,Yes,Yes,No,Yes,No,Yes
E923432,None,Yes,No,No,Yes,No,Yes,Yes,Yes
S374484,DSL,Yes,No,Yes,Yes,No,Yes,No,No
U380766,DSL,Yes,Yes,No,Yes,No,No,Yes,Yes
P883127,Fiber Optic,Yes,Yes,No,Yes,Yes,Yes,Yes,No
L604308,DSL,Yes,Yes,No,Yes,No,No,No,Yes
Q983560,DSL,Yes,Yes,No,Yes,Yes,No,Yes,No
L113911,None,Yes,Yes,No,No,No,No,Yes,No
M818429,Fiber Optic,Yes,No,Yes,No,No,No,No,No
E459064,None,Yes,No,No,Yes,No,No,Yes,Yes
S406078,Fiber Optic,Yes,Yes,Yes,Yes,No,Yes,Yes,Yes
B627843,None,Yes,No,Yes,No,Yes,No,Yes,No
P621870,DSL,Yes,Yes,No,Yes,No,No,Yes,No
M632305,Fiber Optic,Yes,No,No,No,No,No,No,Yes
S46702,DSL,Yes,Yes,Yes,No,Yes,Yes,Yes,No
G608721,Fiber Optic,Yes,No,Yes,Yes,No,No,Yes,Yes
N391936,None,Yes,No,No,No,No,No,No,Yes
B451989,Fiber Optic,Yes,Yes,No,No,No,No,Yes,Yes
P979899,Fiber Optic,Yes,Yes,No,No,Yes,No,No,No
M915462,Fiber Optic,Yes,No,No,Yes,No,No,Yes,Yes
M458617,None,Yes,No,No,Yes,No,No,Yes,No
O721672,DSL,Yes,Yes,No,Yes,No,No,Yes,No
A923883,DSL,Yes,No,Yes,No,Yes,Yes,No,Yes
R471623,DSL,Yes,No,No,No,No,No,No,Yes
U529656,DSL,Yes,No,Yes,No,No,No,No,Yes
G595300,Fiber Optic,Yes,No,No,Yes,No,No,Yes,No
A833360,DSL,Yes,No,No,No,Yes,Yes,No,Yes
A513224,Fiber Optic,Yes,Yes,Yes,Yes,Yes,Yes,Yes,Yes
I551254,DSL,Yes,Yes,No,No,No,Yes,Yes,Yes
P214819,DSL,Yes,No,No,Yes,Yes,No,Yes,Yes
I430008,Fiber Optic,Yes,No,Yes,No,Yes,No,Yes,Yes
V231505,Fiber Optic,Yes,Yes,Yes,No,No,No,No,No
I800085,DSL,Yes,Yes,No,Yes,No,No,No,No
M627851,None,Yes,No,Yes,Yes,No,No,No,No
Y714370,DSL,Yes,No,No,Yes,No,No,No,No
E617210,Fiber Optic,Yes,Yes,Yes,No,No,No,No,No
H977315,None,Yes,No,No,No,Yes,No,No,Yes
B749266,Fiber Optic,No,Yes,Yes,No,No,No,Yes,Yes
M699985,Fiber Optic,Yes,Yes,Yes,Yes,No,No,Yes,No
X162672,DSL,Yes,No,Yes,No,Yes,Yes,No,Yes
M132487,Fiber Optic,Yes,No,No,No,No,No,Yes,No
K512726,Fiber Optic,Yes,No,Yes,Yes,No,No,No,No
W708909,None,Yes,No,No,Yes,No,Yes,Yes,No
X412171,Fiber Optic,Yes,No,Yes,No,No,Yes,No,Yes
G916594,DSL,Yes,Yes,Yes,Yes,Yes,No,No,No
U646366,None,Yes,No,No,No,Yes,No,No,Yes
E472550,Fiber Optic,No,No,Yes,Yes,No,Yes,No,No
W179760,None,Yes,Yes,Yes,No,Yes,Yes,No,No
N826897,Fiber Optic,Yes,Yes,Yes,No,No,Yes,Yes,Yes
U973354,Fiber Optic,Yes,No,Yes,No,No,Yes,No,No
B754647,Fiber Optic,Yes,Yes,No,No,Yes,No,Yes,No
B246395,DSL,Yes,Yes,No,Yes,Yes,Yes,Yes,Yes
T739016,DSL,Yes,Yes,Yes,No,No,No,Yes,Yes
K596597,DSL,Yes,No,Yes,Yes,Yes,No,Yes,Yes
V892518,DSL,Yes,Yes,No,No,No,No,Yes,No
G557674,DSL,Yes,Yes,No,No,Yes,No,Yes,Yes
X646636,None,Yes,Yes,No,No,Yes,No,Yes,No
Z906336,Fiber Optic,Yes,Yes,No,Yes,No,No,Yes,No
X599390,Fiber Optic,Yes,Yes,No,Yes,No,No,Yes,No
P49474,None,Yes,No,No,No,Yes,No,No,No
B671396,Fiber Optic,Yes,Yes,No,No,No,No,Yes,Yes
B475008,Fiber Optic,Yes,Yes,No,Yes,No,No,Yes,No
U842865,DSL,Yes,No,Yes,No,No,Yes,Yes,No
K970811,DSL,No,No,No,Yes,Yes,Yes,No,Yes
T547180,Fiber Optic,Yes,No,Yes,Yes,Yes,Yes,Yes,No
S70483,DSL,Yes,No,No,No,No,Yes,No,Yes
Q647797,None,Yes,No,Yes,Yes,Yes,No,Yes,Yes
B302343,Fiber Optic,Yes,Yes,No,Yes,Yes,Yes,No,No
D516454,None,Yes,Yes,Yes,Yes,Yes,No,Yes,Yes
D877929,None,Yes,Yes,Yes,No,Yes,No,Yes,Yes
D99094,DSL,Yes,No,No,Yes,No,Yes,Yes,Yes
X170366,DSL,Yes,Yes,Yes,No,No,No,No,No
V173017,Fiber Optic,Yes,Yes,No,No,No,Yes,No,Yes
U412541,DSL,Yes,Yes,Yes,No,Yes,No,No,Yes
E751592,DSL,Yes,Yes,No,No,No,No,Yes,No
E178106,DSL,Yes,Yes,No,No,No,Yes,Yes,No
X359892,None,Yes,No,No,Yes,Yes,No,Yes,Yes
Z551553,Fiber Optic,Yes,Yes,No,No,No,No,No,No
T691997,DSL,Yes,No,Yes,No,Yes,No,Yes,No
L43661,DSL,Yes,Yes,No,No,No,No,Yes,Yes
M153118,DSL,Yes,Yes,No,Yes,No,No,No,Yes
Z825338,DSL,Yes,No,Yes,No,No,Yes,Yes,No
I585269,Fiber Optic,Yes,Yes,No,Yes,No,No,Yes,Yes
B465001,Fiber Optic,Yes,No,Yes,No,No,No,Yes,Yes
U234680,None,Yes,No,Yes,No,No,No,Yes,No
P612442,None,Yes,Yes,Yes,No,Yes,No,Yes,Yes
T866355,Fiber Optic,Yes,Yes,No,Yes,No,Yes,Yes,No
U55456,Fiber Optic,Yes,No,No,Yes,Yes,No,Yes,Yes
E711283,Fiber Optic,Yes,Yes,Yes,Yes,No,No,No,Yes
J93973,None,Yes,No,No,No,No,No,No,Yes
E279536,Fiber Optic,Yes,Yes,No,No,No,No,No,Yes
P35308,Fiber Optic,No,Yes,No,Yes,Yes,No,Yes,No
C383894,None,Yes,No,No,Yes,Yes,No,No,Yes
U707295,None,Yes,No,No,Yes,No,No,No,No
E820218,None,Yes,No,No,Yes,No,Yes,Yes,No
Y956857,Fiber Optic,No,Yes,No,Yes,Yes,Yes,Yes,Yes
X631604,Fiber Optic,Yes,No,Yes,Yes,No,No,No,Yes
N725824,Fiber Optic,Yes,Yes,Yes,No,No,No,Yes,No
G280682,Fiber Optic,Yes,Yes,Yes,No,No,No,Yes,No
D820703,Fiber Optic,No,No,No,Yes,No,Yes,Yes,No
Z469953,Fiber Optic,Yes,No,No,No,No,Yes,Yes,No
J850258,None,Yes,No,Yes,No,No,No,Yes,No
P899160,Fiber Optic,Yes,No,No,No,Yes,No,No,No
A572964,DSL,Yes,Yes,No,Yes,Yes,No,Yes,No
M921632,Fiber Optic,Yes,Yes,No,No,Yes,Yes,No,Yes
F800672,DSL,Yes,No,No,Yes,Yes,No,Yes,No
O366561,Fiber Optic,Yes,No,Yes,No,No,No,No,Yes
S826818,Fiber Optic,Yes,No,No,Yes,Yes,No,No,No
Q611025,None,No,Yes,No,Yes,Yes,No,Yes,No
T986176,Fiber Optic,Yes,No,No,No,Yes,Yes,No,No
L266982,DSL,Yes,No,Yes,No,No,Yes,No,Yes
X161386,Fiber Optic,Yes,No,No,No,No,No,Yes,Yes
Q344342,Fiber Optic,Yes,Yes,No,No,No,No,No,No
Q61554,Fiber Optic,Yes,Yes,No,No,Yes,No,Yes,No
C655768,Fiber Optic,Yes,Yes,Yes,No,No,No,No,Yes
D102709,DSL,Yes,No,Yes,No,No,No,Yes,No
J637021,DSL,Yes,No,No,No,No,Yes,Yes,No
I983906,DSL,Yes,No,No,No,No,Yes,Yes,No
E84336,DSL,Yes,No,No,Yes,No,No,Yes,No
G497362,Fiber Optic,Yes,Yes,No,No,No,No,Yes,Yes
A993007,Fiber Optic,Yes,No,Yes,Yes,No,No,Yes,No
D169453,Fiber Optic,Yes,No,No,Yes,Yes,No,Yes,Yes
H738053,Fiber Optic,Yes,Yes,No,No,Yes,Yes,Yes,No
M651215,DSL,Yes,Yes,No,Yes,No,Yes,Yes,No
V825307,DSL,Yes,No,No,Yes,No,No,Yes,No
X94562,Fiber Optic,Yes,No,Yes,No,No,No,Yes,No
D26059,Fiber Optic,Yes,No,No,No,Yes,Yes,No,Yes
S615734,Fiber Optic,Yes,Yes,Yes,Yes,No,Yes,Yes,No
S328426,Fiber Optic,Yes,Yes,No,No,Yes,No,No,No
G214147,None,Yes,No,Yes,No,No,No,Yes,Yes
Y79840,DSL,Yes,No,No,Yes,Yes,Yes,Yes,Yes
G428249,Fiber Optic,Yes,Yes,No,No,No,No,No,Yes
D171933,DSL,Yes,Yes,No,No,No,No,No,Yes
X294795,DSL,Yes,No,No,Yes,No,No,Yes,No
W214300,Fiber Optic,Yes,Yes,No,No,No,No,No,Yes
S388590,Fiber Optic,Yes,Yes,No,Yes,No,No,No,No
Z404401,None,Yes,No,No,No,No,No,Yes,Yes
L854223,Fiber Optic,Yes,No,No,No,Yes,No,Yes,Yes
L717330,DSL,Yes,Yes,No,No,Yes,No,Yes,Yes
A177150,Fiber Optic,No,Yes,No,Yes,No,Yes,Yes,Yes
R279593,Fiber Optic,Yes,No,No,No,Yes,No,No,No
T74722,Fiber Optic,Yes,No,No,No,No,Yes,Yes,No
E739674,Fiber Optic,Yes,Yes,Yes,No,No,No,Yes,No
S904420,Fiber Optic,Yes,Yes,No,No,No,No,Yes,Yes
P716061,DSL,No,No,No,No,Yes,No,No,Yes
Y596460,DSL,Yes,Yes,No,No,No,No,No,Yes
R101286,Fiber Optic,Yes,No,No,No,No,Yes,No,No
B967208,Fiber Optic,Yes,Yes,No,Yes,No,No,Yes,No
D382079,Fiber Optic,Yes,Yes,Yes,No,No,Yes,Yes,No
Z20231,DSL,Yes,Yes,Yes,No,No,No,Yes,No
D260697,Fiber Optic,Yes,No,Yes,Yes,No,No,No,Yes
Z233220,Fiber Optic,Yes,No,No,No,Yes,Yes,Yes,Yes
Z525344,None,Yes,Yes,No,No,Yes,No,Yes,No
W207606,None,Yes,No,No,No,Yes,No,No,No
D483202,Fiber Optic,Yes,Yes,Yes,No,Yes,No,Yes,Yes
Z611625,DSL,Yes,Yes,No,No,Yes,No,Yes,No
A759341,Fiber Optic,Yes,No,Yes,No,Yes,No,Yes,Yes
P685158,DSL,No,Yes,No,No,No,Yes,No,No
T856966,DSL,Yes,Yes,No,Yes,No,Yes,No,No
L355969,Fiber Optic,Yes,No,No,Yes,Yes,Yes,Yes,Yes
H758978,Fiber Optic,No,No,Yes,No,No,No,No,Yes
N861670,Fiber Optic,Yes,No,No,Yes,No,No,No,Yes
X167970,Fiber Optic,Yes,Yes,Yes,Yes,Yes,No,No,Yes
S731503,DSL,Yes,Yes,Yes,No,Yes,No,Yes,No
Q713051,Fiber Optic,Yes,Yes,No,Yes,No,No,Yes,Yes
P948888,None,Yes,Yes,No,No,No,No,Yes,No
Q120783,Fiber Optic,Yes,Yes,No,No,Yes,No,Yes,Yes
J156250,DSL,Yes,Yes,No,No,Yes,Yes,No,No
O45494,Fiber Optic,Yes,No,No,No,Yes,No,Yes,Yes
M592336,DSL,Yes,No,No,Yes,Yes,Yes,No,No
L116051,DSL,Yes,No,No,Yes,Yes,No,Yes,Yes
H416650,None,Yes,No,Yes,Yes,No,No,No,No
T811107,DSL,Yes,No,No,No,Yes,No,No,No
G99438,DSL,Yes,Yes,Yes,No,Yes,Yes,No,Yes
L368419,Fiber Optic,Yes,No,No,Yes,Yes,Yes,No,No
J997343,Fiber Optic,Yes,Yes,Yes,No,No,No,No,Yes
M713475,Fiber Optic,Yes,Yes,No,Yes,No,No,Yes,Yes
M05287,Fiber Optic,Yes,No,No,Yes,No,No,No,No
I878181,Fiber Optic,Yes,No,No,No,No,Yes,Yes,No
T289355,Fiber Optic,Yes,Yes,No,Yes,Yes,No,Yes,Yes
H468406,DSL,Yes,No,No,Yes,No,No,No,No
R983561,Fiber Optic,Yes,Yes,No,Yes,No,No,Yes,Yes
B788347,DSL,No,No,Yes,No,Yes,No,Yes,Yes
M155745,DSL,Yes,Yes,No,No,No,No,No,Yes
G126132,Fiber Optic,Yes,No,No,No,Yes,No,No,Yes
O148559,None,Yes,No,No,No,No,No,Yes,Yes
P326081,Fiber Optic,Yes,Yes,Yes,No,No,No,No,Yes
U252601,None,Yes,No,No,No,No,No,No,Yes
F85431,DSL,Yes,Yes,Yes,Yes,No,No,No,No
X508119,DSL,Yes,Yes,Yes,Yes,No,No,No,Yes
X300173,Fiber Optic,Yes,Yes,Yes,No,No,No,Yes,Yes
R866150,None,Yes,No,Yes,Yes,Yes,No,Yes,Yes
J124072,None,Yes,Yes,No,No,No,Yes,Yes,Yes
I398459,DSL,Yes,Yes,No,Yes,No,No,Yes,Yes
F747970,DSL,Yes,No,No,No,Yes,Yes,No,No
Y796163,DSL,Yes,Yes,Yes,Yes,Yes,No,Yes,No
Y704266,Fiber Optic,Yes,No,No,No,Yes,Yes,No,No
U191359,Fiber Optic,Yes,No,Yes,No,No,Yes,Yes,No
U315086,DSL,Yes,Yes,No,No,No,No,No,Yes
C231053,Fiber Optic,Yes,No,No,No,No,No,Yes,Yes
R208839,Fiber Optic,Yes,No,No,Yes,No,Yes,Yes,Yes
L285457,Fiber Optic,Yes,No,No,No,No,No,No,Yes
B118484,Fiber Optic,Yes,Yes,Yes,No,Yes,No,Yes,Yes
S892465,DSL,Yes,No,No,No,Yes,Yes,Yes,Yes
S341394,Fiber Optic,Yes,Yes,Yes,No,Yes,No,No,Yes
Z342798,DSL,Yes,Yes,Yes,No,No,No,No,Yes
Z840760,DSL,Yes,Yes,No,Yes,Yes,No,Yes,Yes
Q419416,Fiber Optic,Yes,No,Yes,Yes,No,No,Yes,Yes
C405760,None,No,No,No,No,Yes,No,Yes,No
Y594459,Fiber Optic,Yes,Yes,Yes,Yes,No,No,Yes,Yes
Q640899,Fiber Optic,Yes,Yes,Yes,Yes,Yes,Yes,Yes,No
F791466,None,Yes,No,Yes,Yes,No,No,Yes,No
R624685,Fiber Optic,Yes,No,No,No,Yes,No,Yes,No
A620815,None,Yes,No,Yes,No,No,No,No,Yes
A752269,DSL,Yes,Yes,No,No,No,Yes,No,Yes
R779327,None,No,No,No,No,Yes,Yes,No,No
Y202471,None,Yes,Yes,Yes,No,No,Yes,Yes,No
P793379,DSL,Yes,Yes,No,Yes,No,No,Yes,Yes
Y523332,DSL,Yes,Yes,No,No,No,No,Yes,Yes
Q676795,Fiber Optic,Yes,Yes,No,Yes,Yes,No,Yes,No
Z306637,None,Yes,No,No,No,No,Yes,Yes,Yes
T906392,Fiber Optic,Yes,No,No,No,No,Yes,Yes,No
H17041,Fiber Optic,Yes,No,No,Yes,No,No,No,No
O385646,DSL,No,No,Yes,No,Yes,No,Yes,Yes
L660316,DSL,No,No,No,Yes,No,Yes,No,Yes
Y677034,Fiber Optic,Yes,No,Yes,Yes,Yes,No,Yes,No
W422563,DSL,Yes,No,No,No,Yes,Yes,No,No
J454843,DSL,Yes,Yes,Yes,Yes,No,No,Yes,Yes
K14851,None,No,No,No,No,Yes,No,Yes,Yes
P99854,DSL,Yes,Yes,No,Yes,Yes,No,Yes,Yes
H383527,Fiber Optic,Yes,No,No,No,No,No,No,No
Q491027,None,Yes,No,Yes,No,Yes,Yes,Yes,No
F876097,None,Yes,Yes,No,Yes,Yes,No,No,Yes
U850712,None,Yes,No,No,Yes,No,No,Yes,No
T657677,DSL,Yes,No,No,Yes,Yes,Yes,Yes,Yes
C618476,DSL,Yes,No,No,Yes,No,Yes,No,No
W153623,Fiber Optic,Yes,Yes,Yes,Yes,No,Yes,No,No
A241767,Fiber Optic,Yes,No,No,No,No,No,No,Yes
T157142,Fiber Optic,Yes,No,No,No,Yes,Yes,Yes,No
Z36987,Fiber Optic,Yes,No,No,Yes,No,No,Yes,Yes
M319046,DSL,No,Yes,Yes,No,Yes,No,Yes,Yes
R820189,Fiber Optic,No,No,No,No,No,No,Yes,No
Q32290,DSL,Yes,Yes,Yes,No,Yes,Yes,Yes,No
K785874,DSL,Yes,Yes,Yes,No,Yes,No,No,No
S710563,DSL,Yes,No,No,Yes,Yes,No,No,No
Q486828,Fiber Optic,Yes,No,Yes,No,Yes,Yes,No,No
W119098,None,Yes,No,No,No,No,Yes,Yes,No
L752472,Fiber Optic,Yes,No,No,No,Yes,No,No,Yes
B507028,Fiber Optic,Yes,No,Yes,No,No,No,No,Yes
D395665,Fiber Optic,Yes,Yes,Yes,Yes,No,Yes,No,Yes
X756732,DSL,Yes,No,Yes,Yes,No,No,Yes,Yes
A651960,None,Yes,Yes,Yes,Yes,Yes,No,No,No
X163742,Fiber Optic,Yes,No,No,No,No,No,Yes,Yes
H699311,Fiber Optic,Yes,No,Yes,Yes,No,No,No,No
V226103,DSL,Yes,Yes,No,Yes,No,No,Yes,No
R352582,Fiber Optic,Yes,No,No,No,No,No,Yes,No
D252802,Fiber Optic,Yes,Yes,No,No,Yes,Yes,No,Yes
R19302,Fiber Optic,No,Yes,No,No,No,Yes,Yes,No
P107939,Fiber Optic,Yes,Yes,No,Yes,Yes,No,No,Yes
C700655,Fiber Optic,Yes,No,No,No,No,No,No,No
O66480,DSL,Yes,No,Yes,Yes,Yes,Yes,Yes,No
L697372,DSL,Yes,Yes,Yes,No,Yes,Yes,No,No
I362734,None,Yes,Yes,No,Yes,Yes,No,Yes,No
W541383,Fiber Optic,No,No,Yes,No,No,Yes,Yes,Yes
N505155,DSL,Yes,Yes,Yes,No,Yes,No,No,Yes
D698621,None,Yes,Yes,No,Yes,No,No,Yes,No
P564059,Fiber Optic,Yes,Yes,No,Yes,No,Yes,No,No
A466183,None,Yes,No,Yes,No,No,No,Yes,No
S69773,DSL,Yes,No,No,Yes,No,No,No,Yes
W456654,Fiber Optic,Yes,No,No,No,No,No,Yes,Yes
K600433,None,Yes,No,No,Yes,No,Yes,Yes,No
X342483,None,Yes,No,Yes,No,No,Yes,No,Yes
S161309,Fiber Optic,Yes,Yes,Yes,No,Yes,No,Yes,No
Q817387,DSL,Yes,No,No,No,No,Yes,Yes,Yes
B63345,DSL,Yes,No,No,No,No,No,Yes,No
A748930,DSL,Yes,Yes,Yes,Yes,Yes,No,No,No
T459015,None,Yes,No,Yes,Yes,Yes,No,Yes,No
F652541,Fiber Optic,Yes,Yes,Yes,No,No,Yes,Yes,No
S390033,DSL,Yes,No,No,Yes,No,No,No,No
B382760,Fiber Optic,Yes,No,Yes,No,Yes,No,Yes,Yes
Q485812,None,Yes,No,No,No,No,Yes,No,No
I354960,Fiber Optic,Yes,Yes,No,Yes,No,No,No,No
I125070,None,Yes,Yes,No,No,Yes,No,No,Yes
D116664,DSL,Yes,Yes,Yes,No,No,No,Yes,Yes
X316139,DSL,Yes,Yes,No,Yes,No,No,Yes,Yes
D679267,Fiber Optic,Yes,No,No,No,No,Yes,No,No
X147440,Fiber Optic,Yes,Yes,Yes,No,Yes,No,Yes,No
S337666,Fiber Optic,Yes,No,Yes,No,Yes,No,Yes,Yes
R218463,Fiber Optic,Yes,No,Yes,No,No,No,No,Yes
Z905669,DSL,Yes,No,No,Yes,Yes,Yes,Yes,Yes
R963388,DSL,Yes,Yes,Yes,Yes,Yes,No,No,Yes
A803107,Fiber Optic,Yes,Yes,No,No,Yes,No,No,Yes
R233118,DSL,Yes,No,Yes,Yes,No,Yes,No,Yes
D404497,Fiber Optic,Yes,Yes,No,Yes,Yes,No,Yes,No
V204250,None,Yes,Yes,Yes,No,Yes,No,Yes,No
Q24833,Fiber Optic,Yes,Yes,Yes,No,No,No,Yes,No
B675004,Fiber Optic,Yes,Yes,No,Yes,Yes,Yes,No,No
D37619,None,Yes,No,No,Yes,No,Yes,Yes,No
W65270,None,Yes,No,Yes,No,No,No,No,No
L451303,DSL,Yes,Yes,Yes,Yes,Yes,Yes,No,No
Y59876,Fiber Optic,Yes,No,No,No,No,No,Yes,Yes
J205465,Fiber Optic,Yes,Yes,Yes,Yes,Yes,No,No,Yes
V72326,DSL,Yes,No,Yes,No,No,No,No,No
M283658,Fiber Optic,No,No,No,Yes,Yes,Yes,Yes,Yes
A273885,DSL,Yes,No,No,Yes,Yes,Yes,Yes,Yes
F814308,DSL,Yes,No,No,Yes,No,Yes,Yes,Yes
I359675,DSL,Yes,No,No,Yes,No,No,No,No
V843103,DSL,Yes,No,No,Yes,No,No,Yes,No
A951002,DSL,Yes,Yes,No,No,No,No,Yes,No
O691193,DSL,Yes,Yes,Yes,No,No,No,No,No
P222390,DSL,Yes,Yes,No,No,No,Yes,Yes,Yes
Z368271,None,Yes,No,Yes,No,Yes,Yes,No,Yes
U858751,None,Yes,Yes,No,No,No,No,No,Yes
T993713,Fiber Optic,Yes,Yes,No,No,No,No,No,No
G308571,Fiber Optic,Yes,Yes,No,Yes,No,No,Yes,Yes
H69857,Fiber Optic,Yes,No,No,Yes,Yes,No,Yes,No
Z389606,None,No,Yes,No,Yes,No,Yes,No,No
L553811,DSL,Yes,No,Yes,Yes,No,No,No,No
E448983,DSL,Yes,No,No,No,Yes,No,Yes,No
D158705,Fiber Optic,Yes,No,No,Yes,No,Yes,Yes,Yes
U634061,DSL,Yes,Yes,No,Yes,Yes,No,Yes,Yes
W221914,DSL,Yes,Yes,No,No,Yes,No,No,Yes
U794072,None,Yes,No,Yes,No,Yes,No,Yes,No
B572550,DSL,Yes,Yes,No,No,No,Yes,Yes,No
L317729,Fiber Optic,No,No,No,Yes,Yes,No,No,Yes
T570311,None,No,Yes,No,No,No,Yes,No,Yes
T222357,Fiber Optic,No,Yes,No,No,Yes,Yes,Yes,No
S631327,None,Yes,Yes,No,Yes,Yes,Yes,Yes,No
Q666534,Fiber Optic,Yes,Yes,No,Yes,Yes,Yes,No,Yes
Q466195,Fiber Optic,Yes,No,Yes,Yes,No,Yes,No,No
D40474,None,Yes,Yes,No,Yes,No,No,Yes,No
C602006,None,Yes,No,No,No,Yes,Yes,No,No
L509876,DSL,Yes,No,No,Yes,Yes,Yes,No,Yes
A486964,Fiber Optic,Yes,No,Yes,Yes,Yes,Yes,No,Yes
N543253,DSL,Yes,Yes,No,Yes,No,No,No,No
D834376,Fiber Optic,Yes,Yes,Yes,No,Yes,No,Yes,No
V76718,DSL,Yes,Yes,Yes,No,Yes,Yes,Yes,Yes
S868389,None,Yes,No,No,Yes,No,Yes,No,Yes
H413751,Fiber Optic,Yes,No,Yes,No,Yes,Yes,Yes,Yes
J466874,None,Yes,No,No,No,No,No,No,No
Z460338,Fiber Optic,Yes,Yes,No,Yes,Yes,No,Yes,No
N406535,None,Yes,Yes,Yes,No,Yes,No,No,Yes
N940846,Fiber Optic,Yes,No,Yes,No,Yes,Yes,Yes,No
T417062,DSL,Yes,No,No,No,No,No,No,No
R220815,Fiber Optic,Yes,No,Yes,Yes,No,Yes,No,No
H984949,DSL,Yes,Yes,No,Yes,No,Yes,No,Yes
W436782,DSL,Yes,No,No,Yes,Yes,Yes,Yes,No
Q625380,Fiber Optic,Yes,Yes,No,No,No,No,No,No
N55092,None,Yes,No,No,No,No,Yes,No,No
J357475,None,Yes,No,Yes,Yes,No,No,No,No
D234125,None,Yes,Yes,No,No,No,No,No,Yes
X363280,None,No,No,No,No,No,No,Yes,Yes
D994268,DSL,No,Yes,No,No,No,No,No,No
M674905,DSL,Yes,No,Yes,No,No,No,Yes,No
I385226,DSL,Yes,Yes,Yes,Yes,Yes,No,Yes,No
T18661,Fiber Optic,Yes,No,No,Yes,Yes,No,No,Yes
A131826,None,Yes,Yes,No,No,No,Yes,Yes,No
L820987,None,No,No,No,No,Yes,Yes,Yes,Yes
W337859,None,Yes,Yes,Yes,No,Yes,Yes,No,Yes
D564142,None,Yes,No,No,No,No,Yes,No,No
K888112,Fiber Optic,Yes,No,Yes,Yes,No,Yes,Yes,No
I257652,DSL,No,No,No,Yes,No,No,No,No
N90031,None,Yes,Yes,No,Yes,No,No,No,No
C252636,DSL,Yes,No,No,Yes,No,No,No,Yes
E587771,Fiber Optic,No,No,Yes,No,No,No,No,Yes
V559269,Fiber Optic,No,Yes,No,No,Yes,No,Yes,Yes
W440888,None,Yes,No,No,Yes,No,Yes,Yes,Yes
W531294,Fiber Optic,Yes,No,Yes,No,No,No,Yes,No
O508292,Fiber Optic,Yes,No,No,No,No,No,Yes,No
M138012,Fiber Optic,Yes,Yes,Yes,No,No,No,No,Yes
H994034,Fiber Optic,Yes,Yes,No,No,Yes,No,Yes,No
W302169,DSL,Yes,Yes,Yes,No,No,Yes,Yes,No
R249864,Fiber Optic,Yes,No,No,No,No,No,Yes,Yes
G528920,Fiber Optic,Yes,Yes,Yes,Yes,No,No,No,Yes
S465947,Fiber Optic,Yes,No,No,No,Yes,No,No,Yes
M216559,DSL,Yes,No,Yes,No,No,No,Yes,Yes
Y779119,Fiber Optic,Yes,No,No,Yes,No,Yes,Yes,No
U202709,Fiber Optic,Yes,No,No,No,No,No,No,Yes
S890631,None,No,No,No,Yes,Yes,No,Yes,Yes
S54109,DSL,Yes,Yes,Yes,No,Yes,No,No,Yes
K950044,None,Yes,No,No,Yes,No,Yes,No,Yes
V492997,Fiber Optic,Yes,No,No,No,No,No,No,Yes
F345391,DSL,No,Yes,No,Yes,No,Yes,Yes,No
D886128,DSL,Yes,Yes,No,No,No,No,Yes,No
C431268,Fiber Optic,Yes,No,Yes,No,No,No,Yes,No
D831320,Fiber Optic,Yes,Yes,No,Yes,No,Yes,No,Yes
D548131,Fiber Optic,Yes,No,Yes,No,Yes,No,Yes,No
A638022,Fiber Optic,Yes,Yes,No,Yes,Yes,Yes,No,No
Q455677,Fiber Optic,Yes,Yes,Yes,No,Yes,Yes,No,Yes
H199029,DSL,Yes,No,No,No,Yes,Yes,No,Yes
E568576,Fiber Optic,Yes,Yes,No,Yes,No,No,Yes,Yes
X813396,DSL,Yes,Yes,Yes,Yes,No,Yes,No,Yes
Z938852,Fiber Optic,Yes,Yes,Yes,Yes,No,No,Yes,Yes
K825853,DSL,Yes,Yes,No,Yes,No,Yes,No,No
Q598691,Fiber Optic,Yes,Yes,No,No,No,Yes,Yes,No
V422642,DSL,Yes,Yes,Yes,Yes,Yes,No,No,No
G277541,Fiber Optic,Yes,Yes,No,Yes,Yes,No,No,Yes
F174775,DSL,Yes,No,No,No,No,No,No,No
R456927,Fiber Optic,Yes,Yes,Yes,Yes,Yes,Yes,Yes,Yes
W780451,DSL,Yes,Yes,No,Yes,Yes,No,Yes,No
L60718,Fiber Optic,Yes,Yes,No,No,Yes,No,No,No
H220719,DSL,Yes,No,No,No,Yes,No,Yes,No
T884723,DSL,Yes,Yes,Yes,Yes,No,Yes,Yes,Yes
P979238,Fiber Optic,Yes,No,No,Yes,Yes,No,No,Yes
A34728,Fiber Optic,Yes,No,Yes,Yes,No,No,No,No
F364684,Fiber Optic,Yes,No,No,No,No,Yes,No,No
Q739646,Fiber Optic,Yes,No,No,Yes,No,Yes,No,Yes
Q750226,DSL,No,Yes,No,No,Yes,No,No,No
X473332,Fiber Optic,Yes,No,No,Yes,Yes,No,Yes,Yes
J374258,Fiber Optic,Yes,No,No,No,No,Yes,No,Yes
N858050,Fiber Optic,Yes,Yes,No,No,No,Yes,No,Yes
X292229,Fiber Optic,Yes,No,Yes,No,No,No,No,Yes
N870407,None,Yes,No,No,Yes,Yes,No,Yes,No
W270130,DSL,Yes,No,Yes,No,No,No,Yes,Yes
V334829,DSL,Yes,No,No,No,Yes,Yes,No,Yes
K846524,DSL,Yes,No,Yes,No,No,Yes,Yes,No
J330266,Fiber Optic,Yes,No,Yes,No,No,No,No,Yes
W208663,None,Yes,Yes,Yes,Yes,No,No,Yes,Yes
M809132,Fiber Optic,Yes,Yes,No,Yes,No,No,No,No
Z14744,Fiber Optic,Yes,No,Yes,Yes,No,No,Yes,No
H113197,DSL,Yes,No,No,No,No,Yes,Yes,Yes
M276933,Fiber Optic,No,Yes,No,Yes,Yes,No,Yes,No
R358950,None,Yes,No,No,No,Yes,No,Yes,Yes
O79953,DSL,Yes,No,Yes,No,Yes,No,No,No
F114166,Fiber Optic,Yes,No,No,Yes,No,Yes,No,Yes
C664539,Fiber Optic,Yes,No,Yes,Yes,No,No,Yes,No
C829612,DSL,Yes,Yes,No,No,No,Yes,Yes,Yes
F473020,Fiber Optic,Yes,No,No,No,Yes,No,No,Yes
L998001,Fiber Optic,Yes,Yes,No,Yes,Yes,No,No,No
Y575299,None,Yes,No,No,No,No,No,No,Yes
X361688,DSL,Yes,Yes,No,No,Yes,No,No,No
H10198,DSL,Yes,Yes,No,No,No,No,No,No
L634686,None,Yes,Yes,No,Yes,Yes,Yes,No,Yes
B597868,None,Yes,Yes,No,No,No,No,No,Yes
E378351,Fiber Optic,Yes,No,No,Yes,Yes,Yes,No,Yes
I777737,DSL,Yes,No,Yes,Yes,No,No,No,No
M954789,DSL,Yes,Yes,Yes,No,No,No,Yes,No
R658797,None,Yes,Yes,No,Yes,Yes,No,Yes,No
U233086,Fiber Optic,Yes,No,No,No,No,No,No,Yes
A417108,Fiber Optic,Yes,Yes,Yes,No,Yes,Yes,No,No
W537758,Fiber Optic,Yes,No,No,No,Yes,No,Yes,No
T640348,Fiber Optic,Yes,Yes,No,No,Yes,No,Yes,No
E05259,Fiber Optic,Yes,Yes,No,Yes,Yes,No,No,Yes
J666903,None,Yes,No,Yes,Yes,No,Yes,No,No
L912239,DSL,Yes,Yes,No,Yes,No,No,No,Yes
Y927489,DSL,Yes,Yes,Yes,No,No,No,No,No
T177275,Fiber Optic,Yes,Yes,No,Yes,No,Yes,No,No
B464898,DSL,Yes,Yes,No,Yes,No,No,No,Yes
T709501,DSL,Yes,Yes,No,Yes,No,No,No,Yes
X539813,None,Yes,No,Yes,No,Yes,Yes,No,No
L79617,DSL,Yes,No,No,Yes,Yes,No,No,Yes
R433697,DSL,Yes,No,No,No,No,No,Yes,No
X440051,Fiber Optic,Yes,Yes,No,Yes,No,Yes,Yes,No
E479598,DSL,Yes,Yes,No,Yes,Yes,Yes,No,No
U160756,DSL,Yes,No,Yes,Yes,No,No,No,Yes
Z256617,DSL,Yes,No,No,No,No,Yes,No,Yes
D363991,Fiber Optic,Yes,No,No,Yes,No,No,Yes,No
G137820,DSL,Yes,Yes,No,Yes,No,Yes,Yes,No
L552248,DSL,Yes,No,Yes,No,No,Yes,No,Yes
L913375,DSL,Yes,Yes,No,No,Yes,No,Yes,No
O708479,Fiber Optic,Yes,Yes,No,No,No,No,No,No
T419903,None,Yes,Yes,No,Yes,No,No,Yes,No
F893663,None,Yes,Yes,Yes,No,Yes,Yes,No,No
F307841,DSL,Yes,No,No,No,No,No,Yes,Yes
B387011,None,Yes,Yes,No,Yes,No,No,No,No
E18649,Fiber Optic,Yes,Yes,No,No,No,No,Yes,No
G89397,DSL,No,Yes,Yes,Yes,No,Yes,No,No
O499021,Fiber Optic,Yes,No,No,Yes,Yes,No,No,Yes
C127538,DSL,Yes,No,No,No,Yes,Yes,Yes,No
Z891444,None,Yes,Yes,No,Yes,No,No,No,Yes
Y450426,None,Yes,No,Yes,No,Yes,No,No,Yes
S824416,Fiber Optic,Yes,No,No,No,No,Yes,Yes,Yes
I544024,None,Yes,No,Yes,No,Yes,No,No,No
C260448,None,Yes,No,No,No,Yes,No,Yes,Yes
M526383,DSL,Yes,No,Yes,Yes,No,No,No,No
L931215,None,Yes,No,No,Yes,Yes,Yes,Yes,No
E95831,None,Yes,Yes,No,No,No,Yes,Yes,No
Q588597,None,Yes,Yes,Yes,No,Yes,No,No,Yes
J448017,DSL,Yes,No,Yes,No,Yes,No,Yes,Yes
T148295,Fiber Optic,Yes,No,No,Yes,Yes,No,Yes,Yes
U506004,Fiber Optic,Yes,No,Yes,Yes,No,No,No,No
I789128,None,Yes,Yes,No,Yes,Yes,No,Yes,Yes
S383220,Fiber Optic,Yes,No,No,No,No,No,No,Yes
L448027,DSL,Yes,No,No,No,Yes,No,No,Yes
C421363,Fiber Optic,Yes,No,No,No,Yes,No,No,Yes
R307149,Fiber Optic,No,No,No,Yes,Yes,Yes,No,No
A953728,Fiber Optic,Yes,No,Yes,Yes,Yes,No,Yes,Yes
N713843,Fiber Optic,Yes,Yes,No,No,No,No,No,Yes
A882675,Fiber Optic,Yes,Yes,No,No,No,No,Yes,No
Y553394,None,Yes,No,No,Yes,Yes,No,No,No
M956795,Fiber Optic,Yes,No,No,Yes,Yes,No,No,Yes
T125009,None,No,No,Yes,Yes,No,No,No,No
I583475,None,Yes,No,Yes,No,Yes,Yes,No,No
P303767,None,Yes,No,No,No,Yes,No,Yes,No
D828705,Fiber Optic,Yes,Yes,Yes,No,No,No,No,No
O440485,Fiber Optic,Yes,No,No,Yes,Yes,Yes,No,Yes
Q125031,DSL,Yes,Yes,No,Yes,No,Yes,No,Yes
L823137,None,Yes,No,Yes,Yes,Yes,No,No,Yes
X468841,None,No,No,No,Yes,No,Yes,No,Yes
J756939,Fiber Optic,Yes,No,Yes,Yes,No,Yes,No,Yes
P200154,Fiber Optic,Yes,Yes,No,Yes,No,Yes,Yes,Yes
X447941,Fiber Optic,Yes,Yes,No,Yes,No,No,Yes,No
O720597,DSL,Yes,No,No,No,Yes,No,No,No
K768274,Fiber Optic,Yes,No,No,No,No,Yes,Yes,Yes
I203958,DSL,Yes,Yes,Yes,Yes,Yes,No,No,No
E817880,None,Yes,No,No,No,Yes,No,No,No
C526917,DSL,Yes,Yes,Yes,No,No,Yes,Yes,Yes
X965533,Fiber Optic,Yes,No,No,No,Yes,No,No,Yes
C374537,None,Yes,No,No,Yes,No,Yes,No,No
J223354,Fiber Optic,Yes,No,No,Yes,Yes,No,Yes,No
D655990,DSL,Yes,No,Yes,Yes,Yes,No,Yes,Yes
E424907,None,Yes,Yes,No,Yes,Yes,Yes,No,No
O150988,None,Yes,Yes,No,Yes,No,No,No,No
B66821,Fiber Optic,Yes,No,Yes,Yes,No,No,No,No
T519693,DSL,Yes,Yes,No,Yes,Yes,No,No,No
X59693,Fiber Optic,Yes,Yes,No,Yes,No,No,No,Yes
C834823,None,Yes,No,No,No,No,No,Yes,Yes
W811453,Fiber Optic,Yes,Yes,No,Yes,No,Yes,No,Yes
I401418,DSL,Yes,No,Yes,No,Yes,Yes,Yes,No
A962670,None,Yes,Yes,No,No,Yes,No,Yes,No
E125562,Fiber Optic,Yes,Yes,No,No,No,No,Yes,No
R418240,None,Yes,Yes,No,No,No,No,No,No
N367887,None,Yes,No,No,Yes,Yes,No,Yes,Yes
H623733,DSL,Yes,Yes,No,Yes,Yes,Yes,No,Yes
N51485,Fiber Optic,Yes,No,No,Yes,No,Yes,Yes,Yes
D647144,Fiber Optic,Yes,No,Yes,Yes,Yes,No,Yes,No
T843829,Fiber Optic,Yes,No,Yes,No,Yes,Yes,No,Yes
W916243,None,Yes,No,Yes,No,No,No,Yes,Yes
O525545,DSL,Yes,No,No,No,No,No,Yes,Yes
B263033,Fiber Optic,Yes,No,No,Yes,No,No,No,No
Z786235,Fiber Optic,Yes,Yes,Yes,Yes,Yes,No,Yes,No
Z579205,DSL,Yes,No,Yes,Yes,Yes,No,Yes,Yes
K490083,DSL,Yes,No,Yes,Yes,Yes,No,Yes,Yes
V882354,Fiber Optic,Yes,Yes,No,Yes,Yes,Yes,Yes,No
N717461,Fiber Optic,Yes,No,No,Yes,Yes,Yes,No,No
L272344,Fiber Optic,Yes,No,Yes,Yes,No,Yes,No,No
J553113,None,Yes,Yes,No,Yes,No,No,No,Yes
O162736,Fiber Optic,No,No,No,No,Yes,No,No,No
V643148,Fiber Optic,Yes,No,No,No,No,Yes,Yes,No
Q82956,Fiber Optic,Yes,Yes,Yes,Yes,No,No,No,Yes
S910920,DSL,Yes,No,No,Yes,No,No,No,No
Z343291,Fiber Optic,Yes,No,No,No,No,Yes,No,No
G265562,None,No,No,Yes,No,No,Yes,Yes,No
W28971,DSL,Yes,No,Yes,Yes,Yes,Yes,Yes,Yes
W631017,DSL,Yes,Yes,Yes,Yes,Yes,No,Yes,Yes
K690514,DSL,Yes,No,Yes,No,Yes,Yes,Yes,No
Q430632,Fiber Optic,Yes,Yes,No,Yes,No,No,No,Yes
X137188,DSL,Yes,Yes,No,No,No,No,Yes,Yes
U915144,DSL,Yes,No,No,No,No,No,No,No
E638993,Fiber Optic,Yes,Yes,No,No,Yes,Yes,No,Yes
N305927,DSL,Yes,No,Yes,No,No,No,No,Yes
V527256,Fiber Optic,Yes,No,No,No,No,No,No,No
J269617,None,Yes,No,Yes,Yes,No,No,No,Yes
M919758,Fiber Optic,Yes,No,Yes,Yes,No,No,No,No
Q824410,Fiber Optic,Yes,No,No,No,No,Yes,Yes,Yes
G286091,None,Yes,No,No,No,No,No,No,Yes
F375732,DSL,Yes,No,No,Yes,No,No,Yes,Yes
C47331,None,Yes,No,No,Yes,No,Yes,No,Yes
G120083,DSL,Yes,Yes,No,Yes,Yes,No,No,Yes
P955847,Fiber Optic,Yes,No,No,Yes,Yes,No,Yes,No
D648559,DSL,Yes,No,No,Yes,No,No,Yes,Yes
Z478802,DSL,Yes,No,No,No,No,No,No,No
K750246,DSL,No,Yes,No,No,Yes,No,Yes,Yes
X320753,Fiber Optic,Yes,No,No,Yes,No,Yes,Yes,Yes
A539301,DSL,No,No,No,Yes,No,Yes,No,No
I718294,DSL,Yes,Yes,No,No,No,No,No,Yes
T191186,DSL,Yes,Yes,No,Yes,Yes,Yes,Yes,No
U925717,Fiber Optic,Yes,No,No,Yes,Yes,Yes,No,Yes
Y489449,None,Yes,No,Yes,No,No,No,Yes,No
N16219,Fiber Optic,No,Yes,No,No,Yes,Yes,No,No
G947589,Fiber Optic,Yes,Yes,No,No,Yes,Yes,Yes,No
F572793,Fiber Optic,Yes,No,Yes,Yes,No,Yes,Yes,Yes
N533892,Fiber Optic,Yes,No,Yes,No,Yes,No,No,No
C822766,DSL,No,No,Yes,No,No,Yes,Yes,No
G680326,Fiber Optic,Yes,No,Yes,Yes,No,No,No,No
R501652,Fiber Optic,Yes,Yes,Yes,Yes,Yes,No,No,Yes
X376884,None,Yes,No,No,No,No,No,Yes,No
X12553,Fiber Optic,Yes,Yes,No,No,Yes,Yes,No,No
E380602,None,Yes,Yes,No,Yes,Yes,No,No,Yes
C162796,DSL,Yes,No,No,No,Yes,No,No,Yes
D405206,DSL,Yes,Yes,Yes,No,Yes,Yes,Yes,No
U738468,Fiber Optic,Yes,Yes,No,No,Yes,No,No,No
Z830387,Fiber Optic,Yes,Yes,No,No,No,No,Yes,Yes
B541454,Fiber Optic,Yes,No,Yes,No,Yes,Yes,Yes,Yes
T606858,Fiber Optic,Yes,Yes,No,Yes,No,No,Yes,No
V93948,Fiber Optic,Yes,Yes,Yes,No,Yes,Yes,No,Yes
T208294,Fiber Optic,Yes,Yes,Yes,Yes,Yes,Yes,No,No
U889368,DSL,Yes,Yes,No,Yes,Yes,Yes,Yes,No
Y570228,Fiber Optic,Yes,No,No,Yes,No,Yes,No,Yes
I208078,Fiber Optic,Yes,Yes,Yes,No,Yes,No,No,Yes
K923294,DSL,Yes,No,No,Yes,Yes,Yes,No,Yes
D770694,None,Yes,No,No,Yes,No,No,No,No
X139917,DSL,Yes,Yes,No,No,No,No,Yes,No
N877371,None,Yes,No,No,No,No,No,Yes,No
F691443,DSL,Yes,No,No,No,No,No,No,Yes
R576269,DSL,Yes,Yes,Yes,No,No,Yes,No,No
M796774,Fiber Optic,No,Yes,No,Yes,No,Yes,Yes,No
V601344,None,Yes,Yes,No,No,No,No,No,No
L414924,Fiber Optic,Yes,No,No,Yes,Yes,No,Yes,No
M460547,DSL,Yes,No,Yes,No,No,No,No,No
M589912,Fiber Optic,Yes,No,Yes,No,No,No,Yes,No
Z782108,DSL,Yes,No,No,No,Yes,Yes,No,Yes
K615506,Fiber Optic,Yes,Yes,Yes,Yes,Yes,No,No,Yes
B102250,Fiber Optic,Yes,No,No,Yes,No,No,Yes,Yes
L461534,Fiber Optic,Yes,Yes,Yes,No,No,Yes,No,No
I889626,DSL,Yes,No,Yes,No,No,No,No,Yes
B872896,DSL,Yes,No,No,No,No,No,Yes,No
A70661,DSL,Yes,Yes,No,Yes,Yes,Yes,Yes,No
A86912,DSL,Yes,Yes,Yes,Yes,No,Yes,No,No
H802073,Fiber Optic,Yes,No,No,Yes,Yes,Yes,No,Yes
G502249,Fiber Optic,Yes,No,No,No,No,Yes,No,Yes
D463575,DSL,Yes,No,Yes,No,No,Yes,Yes,Yes
G332624,DSL,Yes,Yes,No,No,Yes,Yes,No,Yes
C656702,None,Yes,No,Yes,Yes,No,Yes,Yes,Yes
V761723,Fiber Optic,Yes,Yes,No,No,No,No,No,No
T224931,None,Yes,Yes,No,No,No,No,Yes,Yes
R855127,DSL,Yes,No,No,Yes,No,No,No,No
Z944509,None,No,No,No,Yes,No,No,Yes,Yes
H286080,DSL,Yes,No,No,No,No,No,No,No
F514518,DSL,Yes,Yes,No,No,No,Yes,No,Yes
M836360,None,Yes,Yes,No,No,Yes,No,No,No
L642358,DSL,Yes,No,No,No,Yes,No,No,Yes
Q993779,DSL,Yes,No,No,No,No,No,No,Yes
W458227,DSL,Yes,Yes,No,No,No,No,Yes,Yes
P104118,None,Yes,No,No,No,No,No,No,Yes
Y208159,None,Yes,No,Yes,No,Yes,No,No,No
D687119,DSL,Yes,No,No,No,Yes,No,No,Yes
J616461,Fiber Optic,No,Yes,No,No,No,No,Yes,No
T632617,Fiber Optic,Yes,Yes,No,Yes,No,No,No,Yes
Y479950,DSL,No,Yes,Yes,Yes,Yes,No,No,Yes
V878052,Fiber Optic,Yes,Yes,No,No,Yes,No,No,No
Z349412,DSL,Yes,Yes,Yes,No,Yes,No,No,No
X233409,None,Yes,Yes,Yes,No,Yes,Yes,No,No
U922017,Fiber Optic,Yes,No,Yes,No,Yes,No,No,Yes
E109021,Fiber Optic,Yes,Yes,No,No,No,No,Yes,Yes
C341505,Fiber Optic,Yes,Yes,Yes,Yes,No,Yes,No,Yes
K853563,None,Yes,Yes,Yes,No,No,Yes,No,No
J495193,DSL,Yes,Yes,No,Yes,No,No,No,Yes
V76665,Fiber Optic,Yes,Yes,Yes,Yes,Yes,No,No,Yes
X106152,DSL,Yes,No,Yes,Yes,Yes,Yes,No,No
C802084,Fiber Optic,Yes,No,No,No,No,Yes,Yes,Yes
K883300,Fiber Optic,Yes,No,Yes,Yes,No,No,No,Yes
F994396,Fiber Optic,Yes,Yes,No,No,Yes,No,No,No
T499528,None,Yes,Yes,Yes,Yes,No,No,No,No
Q575694,DSL,Yes,No,No,No,No,Yes,No,Yes
H202571,None,Yes,Yes,No,Yes,Yes,Yes,No,Yes
D75428,None,Yes,No,No,No,No,No,No,No
Y364408,None,No,Yes,No,No,Yes,No,No,Yes
M222985,DSL,Yes,No,Yes,No,No,No,No,Yes
E138231,Fiber Optic,Yes,Yes,Yes,No,No,No,Yes,No
N466491,DSL,Yes,Yes,Yes,Yes,No,No,No,Yes
T300523,Fiber Optic,Yes,Yes,No,No,Yes,Yes,Yes,Yes
S919318,Fiber Optic,Yes,No,Yes,No,No,Yes,No,No
Z977118,DSL,Yes,No,No,Yes,No,Yes,No,No
X52552,Fiber Optic,Yes,No,Yes,Yes,No,No,Yes,Yes
K870512,None,Yes,No,Yes,No,Yes,No,No,No
H746210,None,Yes,No,No,No,No,No,Yes,Yes
U258018,Fiber Optic,Yes,No,No,Yes,No,No,No,No
T768979,Fiber Optic,No,No,No,No,Yes,No,No,Yes
B635354,Fiber Optic,Yes,Yes,Yes,Yes,No,No,Yes,No
H726356,DSL,Yes,No,No,Yes,Yes,No,No,No
L852596,DSL,Yes,Yes,No,No,No,No,No,No
Z600729,Fiber Optic,Yes,Yes,No,No,Yes,No,Yes,Yes
T65436,None,Yes,No,Yes,No,Yes,No,Yes,Yes
T467141,Fiber Optic,Yes,Yes,No,No,Yes,No,Yes,No
U994685,Fiber Optic,Yes,No,No,Yes,Yes,No,No,No
A17652,DSL,No,No,No,No,Yes,No,Yes,Yes
J295799,Fiber Optic,Yes,No,Yes,No,Yes,No,Yes,Yes
Z288772,Fiber Optic,Yes,No,No,No,No,Yes,No,Yes
N133373,None,No,Yes,No,Yes,Yes,Yes,No,No
M158012,DSL,Yes,No,Yes,Yes,Yes,No,No,No
J230680,Fiber Optic,Yes,No,No,No,No,No,Yes,Yes
F993064,Fiber Optic,Yes,Yes,No,Yes,No,No,No,No
M848259,DSL,Yes,No,No,No,No,No,No,No
G779348,None,Yes,No,No,No,Yes,No,No,Yes
D761106,Fiber Optic,Yes,No,No,Yes,No,Yes,Yes,Yes
C86799,DSL,Yes,No,No,No,Yes,No,Yes,Yes
M920267,DSL,Yes,Yes,No,Yes,Yes,Yes,No,No
I474789,DSL,Yes,Yes,No,No,Yes,No,Yes,No
D871837,None,Yes,Yes,No,Yes,Yes,Yes,No,No
P940638,DSL,Yes,No,Yes,Yes,No,Yes,No,No
U176451,Fiber Optic,Yes,Yes,Yes,Yes,No,No,No,No
T557583,Fiber Optic,No,Yes,No,Yes,Yes,No,No,No
J534989,Fiber Optic,Yes,Yes,No,Yes,No,No,Yes,Yes
J782266,DSL,Yes,No,No,Yes,No,No,No,No
D215686,Fiber Optic,Yes,Yes,No,No,No,No,No,No
P835429,DSL,Yes,No,Yes,No,No,No,Yes,Yes
Z600850,None,No,No,No,No,Yes,Yes,Yes,No
J936618,DSL,Yes,Yes,No,Yes,Yes,Yes,No,No
D194859,None,Yes,No,No,Yes,Yes,No,Yes,No
U164846,DSL,Yes,Yes,No,Yes,No,Yes,No,No
F405951,None,Yes,No,No,No,Yes,Yes,Yes,No
J21342,DSL,Yes,Yes,No,Yes,No,No,Yes,Yes
L631797,Fiber Optic,Yes,No,Yes,No,No,No,No,No
U582130,None,Yes,No,No,No,No,Yes,Yes,No
D621970,None,Yes,Yes,No,No,Yes,No,No,Yes
M596436,Fiber Optic,Yes,No,Yes,No,Yes,No,No,No
L257206,Fiber Optic,No,No,No,No,Yes,No,Yes,Yes
E747706,DSL,Yes,Yes,No,No,No,Yes,Yes,No
F423698,DSL,Yes,Yes,No,No,No,No,No,Yes
G169859,Fiber Optic,Yes,Yes,No,No,Yes,No,No,No
L494196,DSL,Yes,Yes,No,Yes,Yes,Yes,Yes,No
S632772,Fiber Optic,Yes,Yes,No,Yes,No,No,No,Yes
J507623,DSL,Yes,No,No,No,No,No,Yes,No
L786251,Fiber Optic,Yes,Yes,Yes,No,No,Yes,Yes,No
A505732,None,Yes,No,No,Yes,Yes,No,Yes,No
X605976,Fiber Optic,Yes,No,No,Yes,Yes,No,Yes,Yes
Y34712,DSL,Yes,No,Yes,No,No,Yes,Yes,Yes
H445914,Fiber Optic,Yes,No,Yes,No,No,Yes,No,Yes
R518161,Fiber Optic,Yes,No,No,Yes,No,No,Yes,No
R286623,DSL,Yes,Yes,Yes,No,No,No,Yes,No
G563523,Fiber Optic,Yes,No,Yes,No,Yes,Yes,Yes,No
H756625,Fiber Optic,Yes,No,No,No,No,No,Yes,Yes
S517133,DSL,Yes,No,Yes,Yes,Yes,No,Yes,No
B918135,Fiber Optic,Yes,No,Yes,Yes,Yes,Yes,Yes,No
O70821,DSL,Yes,No,No,Yes,No,Yes,No,Yes
U713265,DSL,Yes,No,Yes,No,Yes,Yes,Yes,No
Z501409,Fiber Optic,Yes,Yes,No,Yes,Yes,No,No,Yes
Y953374,Fiber Optic,Yes,Yes,No,No,No,No,No,Yes
L248822,Fiber Optic,Yes,No,No,Yes,Yes,Yes,Yes,Yes
F366337,DSL,Yes,Yes,Yes,Yes,No,Yes,No,No
D590579,Fiber Optic,Yes,Yes,No,No,Yes,No,Yes,Yes
R472225,Fiber Optic,Yes,No,Yes,No,Yes,Yes,Yes,No
Q112325,Fiber Optic,Yes,No,Yes,Yes,No,No,No,No
Z285585,None,Yes,Yes,No,No,Yes,No,Yes,No
Y71861,DSL,Yes,Yes,No,No,No,Yes,No,Yes
O950616,DSL,No,Yes,No,Yes,Yes,Yes,No,No
Q261805,Fiber Optic,Yes,Yes,No,Yes,Yes,No,No,No
X940165,None,Yes,Yes,No,Yes,Yes,No,No,No
V972302,DSL,Yes,Yes,Yes,Yes,No,No,Yes,No
R720761,Fiber Optic,Yes,Yes,No,No,No,No,No,Yes
V220879,DSL,Yes,No,No,No,No,No,Yes,No
U686255,DSL,No,No,No,No,Yes,No,No,Yes
F593304,Fiber Optic,Yes,Yes,No,No,Yes,No,No,Yes
I945563,Fiber Optic,No,No,No,No,Yes,No,No,Yes
R257036,DSL,Yes,No,Yes,No,Yes,No,Yes,Yes
Y473038,DSL,Yes,No,No,Yes,No,No,No,Yes
J166590,Fiber Optic,Yes,No,No,No,Yes,Yes,No,No
E404795,DSL,No,Yes,No,Yes,No,No,Yes,No
L458235,Fiber Optic,Yes,Yes,No,Yes,No,No,No,Yes
J23694,Fiber Optic,Yes,No,Yes,Yes,No,No,No,No
Y295415,None,Yes,Yes,Yes,Yes,No,No,No,Yes
L466451,Fiber Optic,Yes,No,Yes,No,Yes,Yes,Yes,Yes
T177589,Fiber Optic,Yes,No,Yes,No,Yes,No,No,No
M630121,None,Yes,Yes,No,Yes,No,Yes,No,Yes
W588734,Fiber Optic,Yes,Yes,No,Yes,No,No,Yes,Yes
V455035,None,Yes,No,No,No,Yes,No,Yes,No
Y353460,Fiber Optic,Yes,No,No,No,Yes,Yes,Yes,No
O144814,None,Yes,Yes,Yes,No,No,No,Yes,Yes
P804421,Fiber Optic,Yes,No,Yes,Yes,Yes,No,Yes,No
T886343,Fiber Optic,Yes,No,No,No,No,Yes,Yes,No
U905397,None,No,No,Yes,No,Yes,No,Yes,No
A590798,DSL,Yes,No,Yes,Yes,Yes,Yes,Yes,Yes
S839869,Fiber Optic,Yes,No,Yes,Yes,Yes,No,No,Yes
J126105,None,Yes,Yes,No,Yes,Yes,No,No,Yes
A857076,Fiber Optic,Yes,Yes,No,Yes,No,No,Yes,No
U978149,Fiber Optic,Yes,No,No,No,Yes,No,No,Yes
Y13248,DSL,Yes,Yes,Yes,No,No,Yes,No,Yes
E704237,Fiber Optic,Yes,No,No,No,Yes,No,No,Yes
T77622,Fiber Optic,Yes,No,No,Yes,No,No,Yes,No
S11116,Fiber Optic,Yes,Yes,Yes,Yes,No,No,Yes,No
T797871,DSL,Yes,No,Yes,No,No,Yes,Yes,Yes
S557168,DSL,Yes,Yes,Yes,No,No,No,No,No
M177063,None,Yes,No,Yes,No,No,Yes,Yes,No
G30274,Fiber Optic,Yes,Yes,No,No,No,Yes,No,Yes
N532538,Fiber Optic,Yes,Yes,No,No,No,No,Yes,No
Y446917,Fiber Optic,Yes,No,No,Yes,Yes,No,No,Yes
D642766,Fiber Optic,Yes,No,No,No,Yes,Yes,No,Yes
H313345,DSL,Yes,No,No,No,No,Yes,No,Yes
K414359,DSL,Yes,Yes,No,Yes,Yes,Yes,Yes,No
P362867,DSL,Yes,Yes,Yes,Yes,No,No,Yes,No
G516698,DSL,No,No,Yes,No,Yes,No,Yes,Yes
P128869,Fiber Optic,Yes,Yes,No,No,Yes,No,No,No
M964781,DSL,Yes,Yes,Yes,Yes,No,No,No,Yes
G355202,None,Yes,Yes,No,Yes,No,No,No,No
I915810,DSL,Yes,No,No,Yes,No,No,Yes,No
K505061,Fiber Optic,Yes,No,Yes,No,No,No,Yes,No
F280351,Fiber Optic,Yes,Yes,No,No,No,No,Yes,Yes
C893064,Fiber Optic,Yes,Yes,No,Yes,No,Yes,Yes,No
O61652,Fiber Optic,No,Yes,No,No,Yes,Yes,Yes,No
Y330377,DSL,No,No,Yes,No,No,No,Yes,No
Q418090,Fiber Optic,Yes,Yes,No,No,No,No,Yes,No
S228451,Fiber Optic,Yes,Yes,No,Yes,No,No,Yes,No
W174988,None,No,No,No,No,No,No,Yes,No
O160849,Fiber Optic,Yes,Yes,Yes,Yes,No,Yes,Yes,No
P574000,None,Yes,No,No,Yes,Yes,No,Yes,Yes
S05848,Fiber Optic,Yes,Yes,No,Yes,No,No,No,Yes
V511273,None,Yes,No,No,No,No,Yes,No,No
B899093,Fiber Optic,Yes,No,Yes,No,No,No,No,No
X310755,None,Yes,Yes,Yes,No,No,Yes,No,Yes
C311055,DSL,Yes,Yes,Yes,Yes,No,No,No,No
K501124,None,Yes,Yes,No,Yes,No,No,No,Yes
Z960003,None,No,No,Yes,No,No,Yes,No,Yes
L412640,None,No,Yes,No,Yes,Yes,No,Yes,Yes
P692149,None,Yes,No,No,Yes,No,Yes,No,Yes
L245537,DSL,Yes,No,Yes,Yes,No,No,Yes,Yes
V323321,Fiber Optic,Yes,No,No,Yes,No,Yes,No,Yes
I530820,Fiber Optic,Yes,Yes,No,Yes,Yes,No,Yes,No
K234062,None,Yes,No,Yes,No,Yes,Yes,No,No
V283441,DSL,Yes,Yes,Yes,No,No,No,No,Yes
D664916,DSL,Yes,Yes,No,Yes,No,No,Yes,Yes
G742125,Fiber Optic,Yes,No,Yes,No,Yes,No,No,No
G311984,Fiber Optic,Yes,No,No,No,No,Yes,No,No
T110507,None,Yes,Yes,No,No,Yes,No,No,No
V645052,Fiber Optic,Yes,No,Yes,No,No,Yes,No,Yes
I756693,Fiber Optic,No,No,No,Yes,No,No,Yes,Yes
X701131,Fiber Optic,Yes,Yes,No,No,Yes,No,No,Yes
D494080,Fiber Optic,Yes,Yes,Yes,No,No,Yes,No,Yes
L478332,None,Yes,No,Yes,Yes,Yes,Yes,No,No
C230990,Fiber Optic,Yes,No,Yes,No,Yes,Yes,Yes,No
Y689543,DSL,Yes,Yes,No,No,No,Yes,Yes,Yes
T538580,None,Yes,No,Yes,Yes,Yes,No,Yes,Yes
B381427,Fiber Optic,Yes,No,No,Yes,Yes,Yes,Yes,No
L887292,DSL,Yes,No,Yes,No,Yes,No,No,Yes
P704448,Fiber Optic,Yes,Yes,No,No,Yes,Yes,Yes,Yes
F963617,None,Yes,Yes,No,No,No,Yes,No,No
E927955,DSL,Yes,No,No,Yes,No,Yes,Yes,Yes
H418550,DSL,Yes,Yes,Yes,Yes,No,Yes,Yes,Yes
G956439,DSL,Yes,Yes,No,No,No,Yes,Yes,No
C914865,None,Yes,No,Yes,Yes,Yes,No,No,Yes
B04330,Fiber Optic,Yes,Yes,No,Yes,No,Yes,No,No
J692528,Fiber Optic,Yes,No,No,Yes,Yes,No,No,Yes
B392635,None,Yes,Yes,No,No,No,Yes,No,Yes
E518596,DSL,Yes,No,No,Yes,No,No,No,No
Q216774,DSL,Yes,No,No,No,Yes,No,No,No
J876458,DSL,Yes,No,No,No,No,No,No,No
S939395,Fiber Optic,Yes,No,Yes,No,Yes,No,No,Yes
E552099,Fiber Optic,Yes,Yes,No,Yes,No,Yes,Yes,Yes
I900518,DSL,Yes,Yes,No,No,Yes,No,No,Yes
Q127546,Fiber Optic,Yes,No,No,No,No,No,Yes,Yes
W197728,DSL,Yes,No,Yes,No,No,Yes,Yes,Yes
S341578,Fiber Optic,Yes,Yes,Yes,No,No,No,Yes,No
Q359434,DSL,Yes,No,Yes,No,No,No,Yes,Yes
W141887,Fiber Optic,Yes,Yes,No,Yes,Yes,No,Yes,Yes
E898891,None,Yes,Yes,No,Yes,No,No,Yes,Yes
B368622,Fiber Optic,Yes,Yes,Yes,No,Yes,No,Yes,Yes
F159274,DSL,Yes,No,Yes,Yes,No,No,No,Yes
Z329125,None,Yes,No,No,No,No,Yes,Yes,No
C170328,Fiber Optic,Yes,Yes,No,Yes,No,No,No,No
K373462,DSL,Yes,Yes,No,No,No,No,Yes,Yes
C106934,None,Yes,No,No,Yes,Yes,No,No,Yes
L241388,DSL,Yes,No,Yes,No,Yes,No,Yes,Yes
K182811,Fiber Optic,Yes,No,No,Yes,No,No,No,Yes
B19384,DSL,Yes,No,No,Yes,No,No,No,Yes
H906651,DSL,Yes,No,No,No,Yes,No,No,No
C81935,DSL,Yes,No,No,Yes,No,No,No,No
J869887,Fiber Optic,Yes,Yes,No,No,Yes,Yes,Yes,Yes
Y334471,Fiber Optic,Yes,Yes,No,No,No,No,No,No
X680606,None,Yes,Yes,No,Yes,No,No,Yes,Yes
Q768165,None,Yes,No,Yes,Yes,No,No,No,No
U597597,None,Yes,Yes,Yes,No,Yes,Yes,Yes,No
Z760646,Fiber Optic,Yes,No,No,No,Yes,No,Yes,Yes
K509301,Fiber Optic,Yes,No,No,Yes,No,No,Yes,Yes
W709340,None,Yes,No,Yes,No,Yes,No,No,Yes
Y494217,DSL,Yes,No,No,No,No,Yes,No,No
Y772037,DSL,Yes,Yes,No,Yes,No,No,Yes,Yes
F443092,Fiber Optic,Yes,Yes,No,No,Yes,Yes,Yes,No
K609024,DSL,Yes,No,Yes,No,Yes,No,No,Yes
V917439,Fiber Optic,Yes,Yes,No,No,Yes,No,No,No
D756421,DSL,Yes,Yes,No,Yes,No,Yes,No,No
H956759,Fiber Optic,Yes,Yes,Yes,Yes,Yes,Yes,No,No
K326113,Fiber Optic,No,No,Yes,Yes,No,No,No,Yes
S707194,DSL,Yes,No,No,No,No,Yes,Yes,Yes
X950770,None,Yes,Yes,No,No,No,Yes,Yes,Yes
L532661,Fiber Optic,Yes,No,No,No,Yes,No,Yes,No
X333928,Fiber Optic,Yes,No,Yes,No,Yes,Yes,No,Yes
D266802,Fiber Optic,Yes,No,No,Yes,No,No,No,No
A78645,None,No,Yes,No,Yes,No,No,Yes,Yes
K218242,Fiber Optic,Yes,No,No,Yes,No,No,Yes,No
Z06056,None,Yes,No,No,Yes,Yes,No,Yes,Yes
W468183,DSL,No,No,No,Yes,No,No,Yes,No
Q542788,DSL,Yes,Yes,No,No,No,No,No,Yes
B36217,Fiber Optic,Yes,No,Yes,Yes,Yes,Yes,No,No
Y531419,DSL,Yes,No,No,Yes,No,No,No,No
T979569,None,Yes,Yes,No,No,Yes,Yes,Yes,Yes
Y372920,DSL,Yes,Yes,Yes,Yes,No,No,Yes,No
X965054,None,Yes,No,No,Yes,No,Yes,No,No
W348398,Fiber Optic,Yes,No,Yes,Yes,No,Yes,No,Yes
Q880639,Fiber Optic,Yes,No,No,No,No,No,No,No
L331646,DSL,Yes,No,No,No,Yes,No,No,No
H793835,None,Yes,Yes,Yes,Yes,Yes,No,No,No
Z89862,None,Yes,No,Yes,No,No,No,No,Yes
J527231,None,Yes,Yes,Yes,Yes,No,No,Yes,Yes
X14649,None,Yes,Yes,Yes,Yes,Yes,No,Yes,No
Z517265,DSL,Yes,Yes,No,Yes,Yes,No,Yes,Yes
J284026,DSL,Yes,No,No,No,No,Yes,Yes,Yes
T677196,Fiber Optic,Yes,No,No,Yes,Yes,No,No,No
C309857,DSL,Yes,Yes,No,Yes,Yes,No,No,No
C613656,None,Yes,No,No,No,No,Yes,No,Yes
Z449350,Fiber Optic,Yes,No,No,Yes,Yes,No,No,Yes
U52206,None,Yes,Yes,No,No,No,Yes,No,Yes
V148792,Fiber Optic,Yes,Yes,Yes,No,Yes,Yes,No,Yes
I799863,DSL,No,No,Yes,No,No,Yes,No,No
H433038,Fiber Optic,Yes,No,Yes,Yes,No,Yes,No,No
Q17301,Fiber Optic,Yes,Yes,No,No,No,No,No,Yes
H558630,DSL,Yes,Yes,No,Yes,No,No,No,No
Q378814,Fiber Optic,Yes,No,No,No,No,No,No,Yes
N784268,Fiber Optic,Yes,No,No,No,Yes,No,No,No
C78791,DSL,Yes,No,No,Yes,Yes,Yes,No,Yes
U976048,None,Yes,Yes,No,Yes,No,No,Yes,Yes
V739331,Fiber Optic,Yes,No,No,No,Yes,No,Yes,Yes
Z940031,DSL,No,Yes,No,No,No,No,No,Yes
E66024,Fiber Optic,Yes,Yes,No,No,No,No,Yes,No
J246457,Fiber Optic,Yes,No,No,Yes,No,No,Yes,Yes
V579413,DSL,Yes,No,Yes,Yes,No,Yes,No,No
X984998,DSL,Yes,No,No,No,Yes,No,Yes,No
H529435,DSL,Yes,No,No,No,No,Yes,No,No
P268506,Fiber Optic,Yes,Yes,No,No,Yes,Yes,No,No
Z669783,DSL,Yes,No,No,Yes,Yes,Yes,No,Yes
I116479,DSL,Yes,Yes,Yes,No,No,No,Yes,Yes
P314871,DSL,Yes,No,Yes,No,Yes,Yes,Yes,No
R808701,Fiber Optic,Yes,No,No,Yes,Yes,No,No,No
V191422,Fiber Optic,Yes,No,Yes,No,Yes,No,No,No
G214956,DSL,Yes,Yes,No,No,Yes,No,No,No
T419838,Fiber Optic,Yes,No,Yes,No,Yes,Yes,Yes,Yes
B479208,DSL,Yes,Yes,No,Yes,No,Yes,No,Yes
I555658,None,Yes,No,No,No,No,No,No,Yes
O532727,Fiber Optic,Yes,No,No,No,No,No,Yes,No
Y643448,None,Yes,Yes,No,No,No,No,No,Yes
O967292,DSL,Yes,Yes,No,Yes,Yes,No,Yes,Yes
T449876,Fiber Optic,Yes,No,Yes,No,No,Yes,Yes,No
X914915,DSL,Yes,No,Yes,No,Yes,Yes,Yes,Yes
Q423150,DSL,Yes,No,No,Yes,No,No,Yes,No
J779391,Fiber Optic,Yes,No,No,Yes,Yes,No,Yes,No
D991712,Fiber Optic,Yes,Yes,No,No,Yes,No,Yes,No
G29944,Fiber Optic,Yes,Yes,Yes,Yes,No,No,Yes,No
E645811,Fiber Optic,Yes,Yes,Yes,No,Yes,Yes,No,No
N506511,Fiber Optic,Yes,No,Yes,Yes,Yes,No,No,Yes
X451865,Fiber Optic,Yes,Yes,Yes,No,No,No,Yes,No
O848423,Fiber Optic,Yes,Yes,Yes,Yes,Yes,No,No,Yes
U756587,DSL,Yes,Yes,No,No,No,No,No,No
B745310,DSL,Yes,No,No,No,No,No,Yes,Yes
Z245057,DSL,Yes,No,No,Yes,Yes,No,No,No
D941538,Fiber Optic,Yes,Yes,No,Yes,No,No,Yes,Yes
U53701,None,Yes,Yes,Yes,No,No,Yes,No,Yes
Y963009,None,No,No,Yes,No,No,No,Yes,Yes
T983512,DSL,Yes,No,No,No,No,No,Yes,No
F923846,Fiber Optic,Yes,Yes,No,No,No,No,Yes,Yes
I664915,Fiber Optic,Yes,Yes,No,Yes,Yes,No,No,No
Y30837,Fiber Optic,Yes,No,Yes,No,No,No,No,Yes
A861700,DSL,Yes,Yes,Yes,Yes,Yes,No,Yes,No
T761698,DSL,Yes,No,Yes,No,No,No,No,Yes
T805739,Fiber Optic,Yes,No,Yes,Yes,No,Yes,Yes,Yes
N365113,DSL,Yes,No,No,Yes,No,No,No,Yes
P361999,Fiber Optic,Yes,No,No,No,No,No,Yes,No
C242523,Fiber Optic,No,No,No,Yes,No,Yes,No,No
O92507,None,Yes,No,Yes,Yes,No,No,No,Yes
O656797,None,Yes,Yes,No,Yes,No,No,Yes,No
Q263465,Fiber Optic,Yes,Yes,No,Yes,Yes,Yes,No,No
H183654,Fiber Optic,Yes,Yes,No,Yes,No,No,No,Yes
E237381,Fiber Optic,Yes,Yes,No,Yes,Yes,No,Yes,Yes
W635086,None,Yes,Yes,No,No,No,No,No,No
B947503,None,Yes,No,No,Yes,Yes,No,No,No
S853365,None,Yes,No,Yes,No,Yes,No,Yes,Yes
T137451,Fiber Optic,Yes,Yes,Yes,No,Yes,No,No,No
A406844,DSL,Yes,No,No,No,Yes,No,No,No
C941074,DSL,Yes,Yes,Yes,No,Yes,No,No,Yes
I87058,Fiber Optic,Yes,Yes,Yes,No,No,Yes,Yes,Yes
Z634510,DSL,Yes,Yes,No,Yes,No,No,Yes,Yes
F584338,None,Yes,Yes,No,No,Yes,No,Yes,Yes
R202583,Fiber Optic,Yes,No,No,No,No,Yes,No,No
Y670375,Fiber Optic,Yes,No,Yes,No,No,No,No,No
Z28739,None,Yes,No,Yes,Yes,Yes,Yes,Yes,Yes
A95964,DSL,Yes,Yes,No,Yes,Yes,Yes,Yes,Yes
E705447,Fiber Optic,Yes,No,Yes,No,Yes,Yes,Yes,Yes
P288650,Fiber Optic,Yes,Yes,Yes,No,Yes,Yes,No,Yes
R216803,Fiber Optic,Yes,No,No,No,Yes,Yes,No,No
X767288,DSL,Yes,No,Yes,No,No,No,No,No
F952209,Fiber Optic,Yes,No,Yes,No,Yes,No,No,Yes
J349776,DSL,Yes,Yes,No,No,No,Yes,No,Yes
U463810,DSL,Yes,Yes,Yes,No,Yes,Yes,No,Yes
U30387,Fiber Optic,Yes,Yes,No,No,Yes,Yes,No,Yes
J721949,DSL,Yes,No,No,Yes,Yes,Yes,Yes,No
U911080,DSL,Yes,Yes,No,Yes,No,No,No,Yes
M950404,DSL,Yes,Yes,No,No,Yes,No,Yes,No
L836382,None,Yes,No,No,Yes,No,No,No,No
H544748,DSL,Yes,No,Yes,Yes,No,No,Yes,No
A08755,Fiber Optic,Yes,No,No,Yes,Yes,Yes,Yes,No
W471235,None,No,No,No,No,Yes,No,No,No
D238077,DSL,Yes,Yes,Yes,No,Yes,No,No,Yes
C63133,Fiber Optic,No,No,No,No,Yes,No,No,No
Q577098,DSL,Yes,Yes,Yes,Yes,Yes,No,Yes,Yes
G26954,Fiber Optic,Yes,No,Yes,No,No,Yes,Yes,Yes
Y391678,Fiber Optic,Yes,No,Yes,No,Yes,No,No,Yes
Q251689,DSL,Yes,Yes,No,No,No,Yes,Yes,No
T182614,DSL,Yes,Yes,No,No,Yes,No,Yes,No
J483362,Fiber Optic,Yes,No,No,No,No,No,Yes,No
W585637,DSL,No,No,No,Yes,Yes,No,Yes,No
H659207,Fiber Optic,Yes,No,No,Yes,No,Yes,No,No
T928478,Fiber Optic,Yes,No,No,No,No,Yes,No,Yes
Q613302,Fiber Optic,Yes,No,No,Yes,Yes,Yes,No,Yes
K207876,None,Yes,No,No,No,Yes,No,No,No
T289666,None,Yes,Yes,Yes,No,No,No,No,Yes
N337798,None,Yes,Yes,No,No,Yes,No,No,No
M464771,Fiber Optic,Yes,No,No,No,Yes,No,Yes,No
B133896,Fiber Optic,Yes,No,No,No,No,Yes,Yes,Yes
W874851,None,Yes,Yes,No,Yes,No,No,No,No
A985460,DSL,Yes,No,No,No,No,No,Yes,No
N192563,DSL,Yes,Yes,Yes,No,No,No,Yes,No
R532468,DSL,No,Yes,No,Yes,Yes,No,Yes,Yes
D798563,Fiber Optic,No,No,No,Yes,No,No,Yes,No
U449108,DSL,Yes,Yes,Yes,Yes,Yes,No,Yes,No
E817847,None,Yes,No,No,Yes,Yes,Yes,Yes,Yes
R612188,Fiber Optic,Yes,Yes,No,No,No,Yes,Yes,Yes
E638386,DSL,Yes,No,Yes,No,No,No,No,No
M183913,Fiber Optic,Yes,Yes,Yes,Yes,Yes,Yes,Yes,No
V251110,DSL,No,No,No,No,Yes,No,No,No
U229229,Fiber Optic,Yes,No,Yes,Yes,No,Yes,No,Yes
W811626,None,Yes,No,Yes,Yes,No,No,No,No
J927885,DSL,Yes,Yes,No,Yes,No,Yes,No,No
W748883,DSL,No,Yes,Yes,No,No,Yes,No,Yes
S520230,DSL,Yes,Yes,No,Yes,Yes,No,Yes,No
X628021,Fiber Optic,Yes,Yes,No,No,No,No,No,No
T982698,Fiber Optic,Yes,Yes,No,Yes,No,No,No,No
D317154,Fiber Optic,Yes,No,Yes,Yes,Yes,No,Yes,No
K106867,DSL,Yes,Yes,No,Yes,No,No,No,Yes
C710932,Fiber Optic,No,No,Yes,No,Yes,Yes,Yes,No
E855093,Fiber Optic,Yes,No,Yes,Yes,No,Yes,No,No
E957070,DSL,Yes,Yes,No,No,Yes,No,Yes,No
K292470,None,Yes,No,Yes,Yes,Yes,No,Yes,Yes
R94532,None,Yes,No,No,No,Yes,Yes,Yes,Yes
D886497,Fiber Optic,Yes,Yes,No,No,Yes,No,Yes,Yes
A314084,DSL,Yes,No,No,No,No,Yes,Yes,No
Y825102,None,Yes,Yes,No,No,No,No,Yes,Yes
W49921,Fiber Optic,Yes,Yes,No,No,No,Yes,Yes,Yes
Z506472,Fiber Optic,Yes,No,No,No,Yes,Yes,No,No
P576658,DSL,No,Yes,No,No,Yes,Yes,Yes,Yes
P711162,DSL,No,No,No,Yes,Yes,No,No,No
M22624,None,Yes,No,Yes,Yes,Yes,No,No,No
A669802,DSL,Yes,Yes,No,No,Yes,No,Yes,Yes
K837405,Fiber Optic,Yes,No,No,Yes,Yes,No,Yes,Yes
F528242,Fiber Optic,Yes,No,No,No,No,Yes,No,Yes
P573247,DSL,Yes,No,No,No,Yes,Yes,Yes,Yes
W693810,DSL,Yes,Yes,No,Yes,No,No,No,Yes
W837343,Fiber Optic,Yes,Yes,No,Yes,No,Yes,No,No
R611870,None,Yes,No,Yes,Yes,Yes,No,No,No
P91417,DSL,Yes,No,No,No,Yes,Yes,Yes,Yes
Q526622,DSL,Yes,Yes,No,No,Yes,No,Yes,Yes
S424236,Fiber Optic,Yes,No,No,No,No,No,No,No
A771900,Fiber Optic,No,No,No,Yes,No,Yes,No,Yes
T868642,None,Yes,No,No,No,No,Yes,No,No
D565518,DSL,Yes,No,Yes,Yes,Yes,No,No,Yes
J65553,None,No,No,No,No,Yes,No,No,No
E433157,DSL,Yes,No,No,Yes,Yes,No,Yes,Yes
F950195,DSL,Yes,No,No,Yes,No,No,No,Yes
N790632,None,Yes,Yes,No,Yes,Yes,Yes,No,Yes
D651499,Fiber Optic,Yes,No,No,Yes,No,No,No,Yes
N72593,Fiber Optic,Yes,No,No,No,No,Yes,Yes,Yes
J549935,DSL,No,No,No,Yes,No,Yes,Yes,Yes
O949277,DSL,Yes,Yes,Yes,Yes,Yes,Yes,Yes,Yes
X834600,DSL,Yes,Yes,No,Yes,No,No,No,No
R238153,Fiber Optic,No,Yes,Yes,No,No,No,Yes,No
Z990229,DSL,Yes,Yes,Yes,No,Yes,Yes,No,No
T34700,None,Yes,No,No,No,No,No,No,Yes
G265983,None,Yes,Yes,No,Yes,Yes,Yes,No,No
B511896,Fiber Optic,Yes,No,No,Yes,No,Yes,No,No
O256047,DSL,Yes,Yes,No,Yes,No,Yes,Yes,Yes
C280648,DSL,Yes,No,No,No,Yes,Yes,Yes,Yes
Q272209,None,No,No,No,No,Yes,Yes,Yes,No
Y749452,Fiber Optic,Yes,No,No,No,Yes,Yes,Yes,No
T503074,Fiber Optic,Yes,Yes,Yes,Yes,Yes,Yes,No,No
M506093,DSL,Yes,No,No,Yes,No,Yes,No,No
I89849,Fiber Optic,Yes,No,No,No,Yes,No,Yes,No
P619058,Fiber Optic,Yes,Yes,No,No,No,No,Yes,No
P689291,None,No,Yes,No,Yes,No,No,Yes,No
Z608194,DSL,Yes,No,No,No,Yes,No,Yes,No
Q378447,None,Yes,Yes,Yes,Yes,No,No,Yes,Yes
R832481,Fiber Optic,Yes,Yes,Yes,No,Yes,No,No,Yes
K406780,Fiber Optic,Yes,No,No,Yes,No,Yes,Yes,Yes
U775543,Fiber Optic,Yes,Yes,Yes,Yes,Yes,Yes,Yes,No
H888082,Fiber Optic,Yes,Yes,No,No,Yes,No,No,Yes
Y148523,DSL,Yes,Yes,Yes,Yes,Yes,No,No,Yes
J707701,Fiber Optic,Yes,No,No,No,No,No,No,No
Z978862,Fiber Optic,Yes,Yes,No,No,No,No,No,Yes
T938763,Fiber Optic,Yes,No,Yes,Yes,Yes,No,No,Yes
T499909,None,Yes,No,No,Yes,No,No,Yes,No
V840546,DSL,Yes,Yes,No,Yes,No,No,No,Yes
R42852,None,Yes,Yes,Yes,Yes,Yes,No,No,No
T778104,DSL,Yes,No,No,No,No,No,No,No
B541034,DSL,Yes,No,No,No,Yes,No,Yes,No
H93869,Fiber Optic,Yes,Yes,Yes,Yes,No,No,No,No
A439589,DSL,Yes,Yes,No,No,No,No,Yes,No
A509485,DSL,Yes,No,Yes,No,No,No,Yes,Yes
N778124,Fiber Optic,Yes,Yes,No,Yes,Yes,Yes,Yes,Yes
X863186,DSL,Yes,No,No,No,Yes,No,No,Yes
Z83977,Fiber Optic,Yes,No,Yes,No,Yes,Yes,Yes,Yes
G898919,DSL,No,No,No,Yes,No,No,No,Yes
U07639,DSL,Yes,No,Yes,No,Yes,Yes,Yes,No
X674028,Fiber Optic,Yes,No,No,No,No,Yes,No,No
A912311,Fiber Optic,Yes,No,No,No,No,No,No,Yes
L554717,Fiber Optic,Yes,Yes,No,No,No,No,No,Yes
S61695,DSL,No,Yes,No,No,No,Yes,No,Yes
K65163,Fiber Optic,Yes,Yes,No,Yes,No,No,No,No
B817366,DSL,Yes,Yes,No,Yes,Yes,No,Yes,Yes
J620144,DSL,Yes,No,No,Yes,No,No,Yes,Yes
Q617390,None,Yes,No,No,No,Yes,No,Yes,Yes
O269834,None,Yes,No,No,No,No,No,Yes,No
V743976,DSL,Yes,No,No,No,Yes,No,Yes,No
Q686616,Fiber Optic,Yes,Yes,No,No,No,No,No,Yes
Q985154,None,Yes,No,No,Yes,Yes,Yes,No,No
Z972499,Fiber Optic,No,Yes,No,No,No,No,No,Yes
S420653,Fiber Optic,Yes,No,No,No,No,Yes,No,Yes
G178589,None,Yes,Yes,No,Yes,No,Yes,No,No
D280771,Fiber Optic,Yes,Yes,No,No,Yes,No,No,No
L842847,DSL,Yes,Yes,No,No,No,No,No,No
I768412,DSL,Yes,Yes,No,No,No,Yes,Yes,No
I737855,Fiber Optic,Yes,No,Yes,No,Yes,Yes,Yes,No
M601856,Fiber Optic,Yes,Yes,No,Yes,No,No,No,Yes
Q335167,Fiber Optic,Yes,Yes,Yes,Yes,Yes,Yes,No,Yes
T81723,DSL,Yes,Yes,Yes,Yes,No,Yes,Yes,No
U544678,None,Yes,No,No,Yes,No,No,No,Yes
A541966,None,Yes,Yes,Yes,Yes,No,Yes,No,Yes
K314149,DSL,Yes,Yes,Yes,Yes,Yes,No,No,Yes
I553103,DSL,Yes,Yes,Yes,No,No,No,No,Yes
K304782,Fiber Optic,Yes,No,No,No,No,No,Yes,Yes
P486704,DSL,Yes,No,No,No,No,No,No,No
X37721,DSL,Yes,No,No,Yes,No,No,Yes,Yes
J148251,Fiber Optic,Yes,No,No,Yes,Yes,No,Yes,No
H566885,None,Yes,No,Yes,Yes,Yes,No,No,No
A470957,DSL,Yes,No,No,No,No,No,Yes,Yes
P628955,DSL,Yes,No,No,No,No,No,No,No
V188673,Fiber Optic,Yes,Yes,Yes,Yes,No,No,Yes,No
J272172,DSL,Yes,Yes,No,Yes,No,No,No,Yes
A425221,Fiber Optic,No,Yes,Yes,No,Yes,No,No,Yes
N744979,Fiber Optic,Yes,Yes,Yes,No,Yes,No,No,No
U332690,None,Yes,No,No,No,No,Yes,Yes,Yes
J431846,Fiber Optic,Yes,Yes,Yes,Yes,No,No,Yes,No
A727653,None,Yes,No,No,Yes,Yes,No,Yes,No
E585382,DSL,Yes,No,Yes,No,No,No,No,Yes
T531714,None,Yes,No,No,Yes,No,Yes,No,Yes
F523785,None,Yes,No,No,Yes,No,Yes,No,Yes
L928794,DSL,Yes,Yes,Yes,Yes,Yes,Yes,Yes,No
V713912,DSL,Yes,No,No,Yes,No,Yes,No,Yes
J575954,DSL,Yes,No,No,No,No,No,No,No
E65254,Fiber Optic,No,Yes,No,No,No,No,Yes,No
Q958335,Fiber Optic,No,No,Yes,No,Yes,No,Yes,No
T545859,None,Yes,No,No,No,No,No,Yes,Yes
K87708,Fiber Optic,Yes,Yes,No,No,Yes,No,No,Yes
N924475,None,Yes,Yes,Yes,No,No,No,No,Yes
S450872,Fiber Optic,Yes,No,Yes,Yes,Yes,No,Yes,No
B450609,DSL,Yes,Yes,No,No,No,No,Yes,No
Z189601,DSL,Yes,Yes,Yes,No,No,Yes,Yes,No
C704959,Fiber Optic,Yes,No,Yes,No,No,No,No,No
S287194,Fiber Optic,Yes,Yes,Yes,Yes,No,No,Yes,No
A615311,DSL,Yes,Yes,Yes,No,No,No,Yes,Yes
E970292,None,Yes,No,No,No,No,Yes,Yes,No
O207058,None,Yes,No,No,Yes,No,No,Yes,No
M108185,DSL,Yes,No,Yes,Yes,Yes,No,Yes,No
U958988,None,Yes,Yes,No,No,Yes,No,No,No
Z495835,Fiber Optic,Yes,Yes,No,No,No,Yes,No,Yes
U197866,DSL,Yes,Yes,Yes,No,No,Yes,No,No
H406692,Fiber Optic,Yes,Yes,No,No,No,No,Yes,No
H751283,None,Yes,Yes,No,Yes,No,Yes,No,No
U54307,DSL,Yes,Yes,No,No,No,Yes,No,No
N811620,Fiber Optic,Yes,Yes,No,No,Yes,No,Yes,Yes
Z433309,None,Yes,No,No,Yes,Yes,No,Yes,Yes
V277295,DSL,Yes,No,Yes,Yes,No,No,Yes,No
Z360356,DSL,No,No,No,No,No,No,Yes,No
G04878,DSL,Yes,No,No,No,No,No,Yes,Yes
I544574,None,Yes,No,No,No,No,Yes,No,Yes
L499778,None,Yes,No,No,Yes,Yes,No,No,Yes
U819149,None,No,No,Yes,No,Yes,No,Yes,No
T102385,Fiber Optic,Yes,Yes,No,Yes,No,No,Yes,Yes
R18517,None,Yes,No,No,No,No,No,Yes,Yes
P486325,DSL,Yes,No,No,Yes,No,Yes,No,No
U13444,Fiber Optic,Yes,Yes,No,No,No,Yes,Yes,No
N798242,Fiber Optic,Yes,No,No,No,No,No,Yes,No
N204246,Fiber Optic,Yes,Yes,No,No,Yes,No,No,No
F734657,DSL,Yes,No,No,Yes,Yes,Yes,No,No
V224713,None,Yes,Yes,No,No,Yes,No,No,Yes
M38833,Fiber Optic,Yes,No,Yes,No,No,Yes,No,No
M193491,Fiber Optic,No,Yes,No,No,No,No,No,No
X180061,None,Yes,No,No,Yes,No,Yes,Yes,No
M962648,Fiber Optic,Yes,No,Yes,No,Yes,No,No,No
P945462,DSL,Yes,Yes,No,Yes,No,No,No,Yes
H88477,DSL,Yes,Yes,No,Yes,No,Yes,Yes,Yes
D952319,Fiber Optic,Yes,Yes,No,No,Yes,No,No,Yes
O206702,Fiber Optic,Yes,Yes,Yes,No,No,No,No,No
B249580,DSL,Yes,Yes,Yes,No,No,Yes,No,No
W998162,Fiber Optic,Yes,Yes,No,No,Yes,No,No,No
E822965,Fiber Optic,Yes,No,Yes,No,Yes,No,No,No
F286459,Fiber Optic,Yes,Yes,No,No,No,No,No,Yes
T844959,Fiber Optic,Yes,No,Yes,Yes,Yes,Yes,No,Yes
R625579,Fiber Optic,Yes,Yes,Yes,Yes,No,No,Yes,No
X503019,DSL,Yes,No,No,No,Yes,No,Yes,No
E489183,None,Yes,No,No,Yes,No,No,Yes,Yes
O299863,Fiber Optic,Yes,No,Yes,Yes,No,Yes,Yes,No
J127914,DSL,Yes,Yes,Yes,Yes,Yes,No,No,Yes
V635294,Fiber Optic,Yes,Yes,No,No,No,No,No,Yes
Z138174,Fiber Optic,Yes,Yes,No,No,No,Yes,Yes,No
D50805,Fiber Optic,Yes,No,Yes,No,No,No,Yes,Yes
A293164,DSL,Yes,Yes,Yes,Yes,No,No,No,No
S814936,Fiber Optic,No,No,Yes,No,No,Yes,Yes,Yes
Q83387,DSL,No,Yes,Yes,Yes,Yes,Yes,Yes,Yes
M705253,DSL,Yes,No,No,Yes,No,No,Yes,Yes
W647293,Fiber Optic,Yes,Yes,Yes,Yes,Yes,No,No,Yes
M982083,None,Yes,Yes,Yes,No,Yes,No,No,Yes
Z715431,None,Yes,No,No,No,Yes,Yes,Yes,No
C320225,Fiber Optic,Yes,No,No,Yes,No,Yes,No,Yes
G124632,None,Yes,No,No,Yes,Yes,Yes,Yes,Yes
W597120,DSL,Yes,No,No,No,Yes,Yes,Yes,Yes
X713288,Fiber Optic,Yes,Yes,Yes,No,Yes,No,Yes,No
S202920,Fiber Optic,Yes,Yes,No,Yes,No,No,No,No
M979535,None,Yes,Yes,No,Yes,No,Yes,No,No
B110173,None,Yes,Yes,No,Yes,Yes,Yes,No,No
G551449,Fiber Optic,Yes,Yes,Yes,Yes,Yes,Yes,No,Yes
S894096,Fiber Optic,Yes,Yes,Yes,No,No,No,Yes,Yes
S438448,DSL,Yes,No,Yes,Yes,Yes,No,Yes,Yes
G864744,DSL,Yes,No,Yes,Yes,Yes,No,No,Yes
H44900,DSL,Yes,No,No,Yes,Yes,Yes,No,No
T664511,Fiber Optic,Yes,Yes,No,No,No,No,No,No
F596295,DSL,Yes,No,No,Yes,No,No,Yes,Yes
F364598,DSL,Yes,Yes,No,No,No,Yes,Yes,Yes
W03360,None,Yes,No,No,No,Yes,No,No,Yes
M124801,None,Yes,Yes,No,No,No,Yes,No,No
S683859,None,Yes,No,Yes,Yes,No,Yes,Yes,Yes
Q259243,DSL,Yes,Yes,Yes,Yes,Yes,Yes,Yes,Yes
G999447,DSL,Yes,No,Yes,No,Yes,No,No,Yes
R241049,None,Yes,No,No,No,No,Yes,Yes,Yes
L125767,Fiber Optic,Yes,Yes,No,No,No,No,Yes,No
U151000,None,Yes,No,No,Yes,Yes,No,Yes,No
V118979,Fiber Optic,No,No,No,No,Yes,No,Yes,Yes
R512389,Fiber Optic,Yes,Yes,No,No,Yes,Yes,No,No
Y150856,Fiber Optic,Yes,Yes,No,Yes,No,No,No,No
W552884,None,Yes,Yes,No,No,Yes,Yes,Yes,No
N845609,Fiber Optic,Yes,No,No,Yes,Yes,No,Yes,No
M324218,None,No,No,No,No,No,No,No,Yes
Q277283,DSL,Yes,Yes,No,Yes,Yes,No,Yes,Yes
T334778,None,Yes,No,No,Yes,No,No,No,No
G454055,Fiber Optic,Yes,No,No,Yes,No,No,No,No
D793833,DSL,Yes,No,No,Yes,No,No,No,Yes
F271346,DSL,Yes,No,No,Yes,No,No,Yes,No
H262649,None,Yes,No,No,Yes,No,Yes,No,Yes
J406126,DSL,Yes,Yes,No,Yes,Yes,No,No,No
B419814,DSL,Yes,No,No,No,No,Yes,No,No
W385252,Fiber Optic,No,No,No,Yes,No,Yes,Yes,Yes
L04382,Fiber Optic,Yes,No,Yes,No,Yes,Yes,No,No
A175625,None,Yes,Yes,No,Yes,No,No,No,Yes
X542926,DSL,Yes,Yes,No,No,Yes,Yes,No,No
W756537,Fiber Optic,Yes,No,No,Yes,No,No,Yes,No
O199225,DSL,Yes,Yes,Yes,Yes,No,No,Yes,Yes
T179156,None,Yes,Yes,Yes,Yes,No,No,No,Yes
P567328,DSL,Yes,No,No,No,No,No,Yes,Yes
N179727,DSL,Yes,No,No,No,Yes,No,Yes,Yes
G914245,Fiber Optic,Yes,Yes,No,No,Yes,Yes,No,No
Y851652,Fiber Optic,Yes,Yes,No,No,Yes,No,No,Yes
P616131,Fiber Optic,Yes,Yes,No,Yes,No,No,Yes,Yes
K158145,Fiber Optic,Yes,No,Yes,Yes,No,Yes,Yes,No
Z297011,Fiber Optic,Yes,Yes,No,Yes,No,Yes,No,No
L632280,Fiber Optic,Yes,Yes,Yes,No,Yes,No,Yes,No
Y637674,None,Yes,Yes,No,Yes,Yes,No,Yes,No
X763934,Fiber Optic,Yes,Yes,Yes,No,No,No,No,No
W928741,DSL,Yes,Yes,No,No,No,No,Yes,No
B530923,Fiber Optic,Yes,Yes,No,No,No,Yes,No,Yes
O785754,DSL,Yes,No,No,Yes,No,Yes,No,No
I603982,None,Yes,No,No,Yes,No,No,No,No
T730897,Fiber Optic,Yes,Yes,Yes,No,No,Yes,Yes,Yes
D985247,DSL,Yes,No,No,No,Yes,No,Yes,Yes
B327796,Fiber Optic,Yes,Yes,No,No,No,Yes,No,No
Z583427,Fiber Optic,Yes,No,Yes,Yes,Yes,Yes,No,No
I283315,Fiber Optic,Yes,No,No,Yes,Yes,No,Yes,No
T636439,DSL,Yes,Yes,Yes,Yes,Yes,No,No,Yes
E360160,Fiber Optic,No,Yes,No,No,Yes,No,No,Yes
B711602,DSL,Yes,No,Yes,No,Yes,No,Yes,No
X681353,DSL,Yes,Yes,Yes,No,Yes,No,Yes,Yes
A124923,None,Yes,No,No,Yes,No,Yes,Yes,Yes
F643262,Fiber Optic,Yes,No,No,Yes,No,No,Yes,Yes
S380569,DSL,Yes,Yes,No,Yes,No,Yes,Yes,No
Q347541,Fiber Optic,Yes,Yes,Yes,Yes,No,No,No,Yes
R897688,Fiber Optic,Yes,No,Yes,Yes,Yes,No,No,No
U532782,None,Yes,No,No,Yes,No,Yes,Yes,Yes
Z844454,DSL,Yes,No,Yes,Yes,No,Yes,Yes,No
N287930,Fiber Optic,Yes,No,Yes,No,Yes,Yes,Yes,Yes
H300268,DSL,Yes,No,No,Yes,No,No,No,Yes
W347165,Fiber Optic,No,Yes,No,No,No,No,No,Yes
J583536,None,Yes,No,No,Yes,Yes,No,No,Yes
L440081,Fiber Optic,Yes,Yes,No,No,No,Yes,Yes,Yes
D34981,DSL,Yes,Yes,No,No,Yes,Yes,No,Yes
O878720,Fiber Optic,Yes,No,Yes,Yes,Yes,No,No,No
P184363,DSL,Yes,No,Yes,Yes,No,No,Yes,Yes
W791203,None,Yes,No,Yes,Yes,No,No,No,No
Q527467,None,Yes,No,No,Yes,No,Yes,Yes,No
P401883,DSL,Yes,Yes,No,Yes,No,No,Yes,No
N425438,Fiber Optic,Yes,Yes,No,No,No,Yes,No,Yes
O619350,None,Yes,No,Yes,Yes,No,No,No,No
J761550,None,Yes,No,No,No,Yes,Yes,Yes,No
T759009,Fiber Optic,Yes,Yes,No,Yes,Yes,Yes,No,No
A69660,DSL,Yes,No,No,No,Yes,Yes,Yes,Yes
P62772,DSL,Yes,Yes,Yes,No,No,No,Yes,No
F378749,Fiber Optic,Yes,No,Yes,Yes,Yes,No,Yes,Yes
W240882,DSL,No,No,No,Yes,Yes,No,No,No
Q597706,Fiber Optic,Yes,No,No,No,Yes,Yes,Yes,No
D590437,None,Yes,No,No,Yes,No,No,No,Yes
I622745,Fiber Optic,Yes,No,No,Yes,No,No,Yes,No
K938207,DSL,Yes,Yes,No,Yes,Yes,No,No,No
F115253,None,No,No,No,No,Yes,No,Yes,No
O42043,DSL,Yes,No,Yes,No,Yes,No,Yes,Yes
K520487,DSL,Yes,No,No,Yes,No,No,Yes,No
A511583,None,Yes,No,Yes,No,Yes,No,Yes,Yes
T27322,DSL,Yes,No,No,Yes,No,No,Yes,Yes
V758564,DSL,Yes,Yes,No,No,No,Yes,Yes,Yes
M27166,DSL,Yes,Yes,No,Yes,No,No,No,Yes
J413125,Fiber Optic,Yes,Yes,No,Yes,Yes,No,No,No
S983615,Fiber Optic,Yes,Yes,No,Yes,Yes,No,No,Yes
W397694,Fiber Optic,Yes,Yes,No,No,No,Yes,Yes,No
J850495,Fiber Optic,Yes,Yes,No,No,No,Yes,No,Yes
B297001,None,Yes,No,No,No,No,No,Yes,No
A54539,Fiber Optic,Yes,Yes,Yes,Yes,Yes,No,Yes,No
A604312,DSL,Yes,No,No,No,Yes,No,No,Yes
R623602,Fiber Optic,Yes,No,No,No,Yes,Yes,No,No
G64810,None,Yes,Yes,No,Yes,Yes,Yes,Yes,No
J670287,Fiber Optic,Yes,No,Yes,No,No,No,No,No
S815156,DSL,Yes,No,Yes,Yes,No,No,No,No
D397663,Fiber Optic,Yes,No,Yes,No,No,Yes,Yes,No
T240170,None,Yes,No,No,Yes,Yes,No,No,Yes
S320947,None,Yes,Yes,No,Yes,No,Yes,No,Yes
K842241,Fiber Optic,Yes,Yes,No,Yes,Yes,Yes,Yes,Yes
G525533,DSL,Yes,No,No,No,No,No,Yes,No
W05914,Fiber Optic,Yes,No,No,No,Yes,No,Yes,No
W430058,DSL,Yes,No,No,Yes,Yes,No,Yes,No
H100331,Fiber Optic,No,Yes,No,Yes,Yes,Yes,Yes,Yes
L895574,None,Yes,Yes,No,No,No,No,Yes,Yes
Q733674,Fiber Optic,No,No,Yes,No,No,No,No,Yes
E30930,DSL,Yes,No,No,No,No,No,No,Yes
C103156,Fiber Optic,Yes,Yes,No,No,Yes,Yes,Yes,Yes
S814360,DSL,Yes,Yes,No,Yes,No,No,Yes,No
K45184,Fiber Optic,Yes,No,Yes,No,Yes,No,Yes,No
E734784,Fiber Optic,Yes,No,No,No,Yes,No,No,Yes
W569138,Fiber Optic,Yes,Yes,No,No,No,Yes,Yes,No
B428830,DSL,Yes,Yes,No,No,No,No,Yes,Yes
P120842,DSL,Yes,No,No,Yes,Yes,No,Yes,No
B450091,Fiber Optic,Yes,Yes,No,Yes,No,Yes,No,No
S34409,Fiber Optic,Yes,No,No,No,No,No,No,Yes
R235433,None,Yes,Yes,No,Yes,No,No,Yes,No
R490270,DSL,Yes,Yes,Yes,Yes,No,No,No,Yes
G655070,DSL,No,No,No,Yes,Yes,No,No,Yes
B782897,None,Yes,Yes,No,Yes,No,No,No,No
L490795,Fiber Optic,Yes,No,No,Yes,No,Yes,Yes,Yes
P855327,Fiber Optic,Yes,No,No,Yes,Yes,No,No,Yes
I341606,None,Yes,Yes,Yes,Yes,No,No,Yes,No
R967541,Fiber Optic,Yes,No,No,Yes,No,No,No,Yes
B879409,Fiber Optic,Yes,No,No,Yes,Yes,Yes,No,Yes
G733851,DSL,Yes,Yes,No,Yes,No,Yes,Yes,No
V133527,Fiber Optic,Yes,No,No,No,No,Yes,Yes,No
Z378375,Fiber Optic,Yes,No,No,No,Yes,No,Yes,No
U04002,Fiber Optic,No,Yes,Yes,No,Yes,Yes,No,No
Q706124,DSL,Yes,No,Yes,Yes,No,No,Yes,No
S286355,Fiber Optic,Yes,Yes,Yes,No,Yes,No,No,Yes
U889748,Fiber Optic,Yes,No,Yes,No,No,No,No,No
Z865713,None,Yes,No,No,Yes,Yes,No,No,Yes
A593331,Fiber Optic,Yes,Yes,No,No,No,No,No,No
J76647,Fiber Optic,Yes,No,No,Yes,Yes,Yes,Yes,No
Q83552,Fiber Optic,Yes,No,No,No,No,No,No,No
F790476,None,No,No,No,No,Yes,No,Yes,Yes
C607921,DSL,Yes,Yes,No,No,Yes,No,Yes,Yes
B508012,Fiber Optic,No,Yes,No,No,No,No,Yes,Yes
S510047,Fiber Optic,Yes,No,Yes,No,No,No,Yes,Yes
D446709,Fiber Optic,Yes,Yes,Yes,No,No,No,Yes,Yes
E220187,Fiber Optic,Yes,No,Yes,No,Yes,No,Yes,Yes
Y44619,Fiber Optic,Yes,Yes,No,No,Yes,No,Yes,Yes
Q61916,Fiber Optic,Yes,Yes,No,Yes,No,Yes,Yes,No
R629443,DSL,Yes,No,No,Yes,Yes,No,Yes,No
K957862,Fiber Optic,Yes,Yes,Yes,No,No,No,No,No
Y837211,None,Yes,Yes,No,Yes,No,Yes,No,Yes
W969757,DSL,Yes,Yes,No,Yes,Yes,Yes,No,No
W941239,None,Yes,Yes,No,No,Yes,Yes,No,No
X559092,DSL,Yes,Yes,Yes,Yes,No,No,No,No
X421416,Fiber Optic,Yes,No,No,No,Yes,No,No,Yes
V558648,DSL,Yes,Yes,Yes,No,No,Yes,Yes,Yes
P166416,Fiber Optic,Yes,Yes,No,No,No,Yes,Yes,Yes
B749928,DSL,Yes,No,No,Yes,Yes,No,Yes,Yes
U755992,Fiber Optic,Yes,Yes,No,Yes,Yes,Yes,No,Yes
N308609,None,Yes,No,No,No,Yes,Yes,No,No
D929506,DSL,Yes,No,Yes,No,No,No,No,No
A47399,None,Yes,No,No,Yes,No,No,Yes,Yes
K579776,None,Yes,Yes,No,No,No,No,No,No
P57969,None,Yes,Yes,Yes,Yes,Yes,Yes,Yes,No
E323879,None,Yes,No,No,Yes,Yes,Yes,Yes,Yes
N903942,Fiber Optic,Yes,No,No,Yes,No,Yes,Yes,Yes
X664054,Fiber Optic,Yes,Yes,No,Yes,Yes,Yes,Yes,Yes
N538825,DSL,Yes,No,No,Yes,Yes,No,Yes,Yes
V739796,Fiber Optic,Yes,Yes,No,No,No,No,No,Yes
U990275,DSL,Yes,No,No,Yes,No,Yes,Yes,Yes
G11282,None,Yes,No,Yes,No,No,Yes,Yes,Yes
L930681,None,Yes,No,No,No,No,No,Yes,No
P780501,DSL,Yes,Yes,Yes,Yes,Yes,No,Yes,Yes
Y776438,Fiber Optic,Yes,No,No,No,No,Yes,No,No
S235498,DSL,Yes,Yes,Yes,Yes,No,No,Yes,Yes
O560903,DSL,Yes,Yes,No,No,Yes,No,Yes,Yes
S324519,Fiber Optic,No,Yes,Yes,No,No,No,No,Yes
H508349,DSL,No,No,No,No,No,No,No,No
R453449,DSL,Yes,Yes,Yes,No,No,Yes,No,Yes
D985028,DSL,Yes,No,No,Yes,No,No,No,Yes
H104068,Fiber Optic,Yes,No,Yes,No,No,No,Yes,No
Y920568,Fiber Optic,Yes,Yes,No,Yes,No,No,Yes,Yes
O222608,None,Yes,Yes,No,No,No,Yes,Yes,Yes
J652351,DSL,Yes,No,No,Yes,No,Yes,Yes,Yes
X650749,Fiber Optic,Yes,No,No,Yes,Yes,No,Yes,No
R463708,Fiber Optic,Yes,No,Yes,Yes,Yes,Yes,Yes,Yes
T203977,None,Yes,No,No,No,Yes,No,Yes,No
P553271,Fiber Optic,Yes,Yes,No,No,No,No,Yes,No
B340840,Fiber Optic,Yes,No,Yes,Yes,No,No,No,No
W536956,Fiber Optic,Yes,No,No,Yes,No,Yes,No,Yes
Z132576,None,No,No,Yes,No,Yes,No,No,Yes
B905965,Fiber Optic,Yes,No,No,No,Yes,No,No,No
M746958,DSL,Yes,No,Yes,Yes,Yes,Yes,No,No
A304266,None,Yes,Yes,No,Yes,No,Yes,Yes,Yes
J431099,Fiber Optic,Yes,Yes,No,No,No,No,No,Yes
W616428,DSL,Yes,Yes,No,Yes,No,No,No,No
Z292423,Fiber Optic,Yes,Yes,No,Yes,No,No,Yes,Yes
C909763,None,Yes,No,Yes,No,Yes,No,Yes,Yes
O636437,Fiber Optic,Yes,No,Yes,No,Yes,Yes,No,Yes
F638638,Fiber Optic,Yes,Yes,Yes,No,Yes,No,No,No
V189914,Fiber Optic,Yes,No,No,No,No,Yes,No,No
C234795,None,Yes,Yes,No,Yes,No,Yes,No,No
G992361,DSL,Yes,No,No,No,No,No,Yes,No
A316138,Fiber Optic,Yes,Yes,Yes,No,No,No,No,No
P791872,DSL,Yes,No,Yes,No,No,No,Yes,Yes
N476269,DSL,Yes,No,No,No,No,No,Yes,No
M539051,Fiber Optic,Yes,Yes,Yes,Yes,Yes,Yes,No,Yes
J37919,None,Yes,No,No,Yes,Yes,Yes,Yes,No
B947370,Fiber Optic,Yes,Yes,No,No,Yes,No,Yes,No
U76650,Fiber Optic,Yes,No,Yes,No,Yes,No,Yes,Yes
O716781,DSL,Yes,Yes,No,Yes,No,Yes,No,No
Q523567,Fiber Optic,Yes,No,No,Yes,No,No,Yes,Yes
H483436,Fiber Optic,Yes,No,No,Yes,Yes,No,Yes,Yes
L597636,Fiber Optic,Yes,Yes,No,Yes,Yes,No,Yes,No
S189124,DSL,Yes,No,No,No,Yes,No,Yes,No
R190531,DSL,Yes,Yes,Yes,No,Yes,No,No,Yes
N580342,DSL,No,No,No,No,No,No,Yes,No
I62390,Fiber Optic,Yes,No,Yes,No,No,Yes,Yes,No
E976731,Fiber Optic,Yes,No,No,Yes,No,Yes,Yes,Yes
J225496,None,Yes,Yes,No,No,No,Yes,No,No
Z22317,Fiber Optic,Yes,No,Yes,Yes,Yes,Yes,No,No
Z151219,None,Yes,Yes,No,No,Yes,No,No,Yes
V593517,Fiber Optic,Yes,No,No,Yes,Yes,No,No,Yes
Y809841,DSL,Yes,No,No,Yes,No,No,No,Yes
Q627124,Fiber Optic,Yes,Yes,No,No,No,Yes,Yes,No
H05636,Fiber Optic,Yes,Yes,No,Yes,No,Yes,No,No
G761551,Fiber Optic,Yes,No,No,Yes,No,No,No,No
B165487,Fiber Optic,Yes,No,No,Yes,Yes,No,No,No
W419824,Fiber Optic,Yes,No,No,No,No,Yes,No,Yes
Z656999,DSL,Yes,Yes,No,Yes,Yes,No,Yes,No
N08618,None,Yes,Yes,No,Yes,No,No,Yes,No
W852861,DSL,Yes,No,No,No,Yes,No,No,Yes
G134959,DSL,Yes,No,No,Yes,No,No,Yes,No
P318419,Fiber Optic,Yes,Yes,No,No,No,No,No,No
N300915,DSL,Yes,Yes,No,Yes,Yes,No,No,No
S667339,DSL,Yes,No,No,Yes,No,No,Yes,No
O417843,DSL,Yes,No,Yes,No,No,No,No,Yes
F286585,None,Yes,Yes,No,Yes,No,Yes,No,No
Z15707,Fiber Optic,Yes,Yes,Yes,Yes,Yes,No,Yes,No
B110833,Fiber Optic,Yes,No,Yes,No,Yes,No,No,Yes
F24321,Fiber Optic,Yes,No,Yes,Yes,Yes,Yes,Yes,Yes
G483633,DSL,Yes,No,Yes,No,No,No,Yes,Yes
B174619,DSL,Yes,Yes,No,Yes,No,Yes,Yes,Yes
P57385,Fiber Optic,Yes,Yes,Yes,No,Yes,No,No,Yes
J980639,DSL,Yes,Yes,No,No,No,No,No,No
H385829,None,Yes,Yes,Yes,No,No,No,Yes,Yes
T762741,DSL,Yes,No,Yes,No,Yes,No,No,No
S986781,DSL,Yes,No,No,Yes,No,No,Yes,Yes
A854142,DSL,Yes,Yes,No,No,Yes,Yes,Yes,No
Q605061,DSL,Yes,No,No,Yes,Yes,Yes,Yes,Yes
Y585520,Fiber Optic,Yes,Yes,No,Yes,Yes,No,No,No
N558038,Fiber Optic,Yes,Yes,No,No,No,No,No,No
S157500,DSL,Yes,Yes,Yes,No,No,No,No,Yes
R279501,Fiber Optic,Yes,Yes,No,No,Yes,Yes,Yes,Yes
Y608164,DSL,Yes,Yes,Yes,No,No,No,Yes,Yes
R709721,Fiber Optic,Yes,Yes,Yes,No,No,Yes,No,Yes
F884375,DSL,Yes,Yes,Yes,Yes,Yes,No,Yes,Yes
U903738,None,Yes,Yes,Yes,No,No,No,No,Yes
Z482737,DSL,Yes,No,No,No,No,Yes,Yes,Yes
Q424071,None,Yes,Yes,No,No,Yes,No,No,Yes
N699331,None,Yes,No,No,No,No,No,No,No
H841746,Fiber Optic,Yes,Yes,No,No,No,No,No,Yes
W616525,DSL,Yes,Yes,No,Yes,Yes,No,Yes,Yes
F635594,Fiber Optic,Yes,Yes,Yes,Yes,Yes,No,No,Yes
H951971,None,Yes,No,No,Yes,No,No,No,Yes
F552828,DSL,Yes,Yes,Yes,Yes,Yes,Yes,No,Yes
J382426,Fiber Optic,Yes,Yes,No,No,Yes,No,No,No
V929238,DSL,Yes,No,No,No,Yes,No,Yes,Yes
J730494,Fiber Optic,Yes,Yes,Yes,No,No,Yes,No,No
D926717,DSL,Yes,No,No,No,No,No,Yes,Yes
F649912,Fiber Optic,No,Yes,No,No,Yes,No,No,No
O373883,DSL,Yes,No,Yes,Yes,No,No,No,Yes
S397862,DSL,Yes,Yes,No,No,No,No,No,No
X938977,DSL,Yes,No,Yes,Yes,Yes,No,No,Yes
X362392,DSL,Yes,No,Yes,Yes,No,Yes,No,Yes
J205864,None,Yes,No,No,Yes,No,Yes,Yes,No
Q938668,DSL,Yes,No,No,Yes,Yes,Yes,No,Yes
L576279,Fiber Optic,Yes,Yes,Yes,No,Yes,Yes,No,No
M514943,Fiber Optic,Yes,No,No,Yes,No,No,Yes,Yes
O897232,DSL,Yes,Yes,No,No,No,No,Yes,No
E966195,None,Yes,No,Yes,No,Yes,Yes,Yes,No
G705750,Fiber Optic,Yes,Yes,No,Yes,No,No,Yes,No
Y295634,Fiber Optic,Yes,Yes,No,Yes,Yes,No,Yes,Yes
H528993,None,Yes,No,Yes,Yes,No,No,No,No
Z984566,None,Yes,No,Yes,No,Yes,Yes,No,Yes
N887070,None,Yes,Yes,No,No,Yes,No,No,No
I787180,Fiber Optic,Yes,Yes,Yes,Yes,Yes,Yes,No,Yes
S794273,None,Yes,No,No,Yes,Yes,Yes,Yes,Yes
R549694,DSL,Yes,No,Yes,No,No,Yes,No,No
S84616,DSL,Yes,No,Yes,No,No,No,Yes,No
S41472,Fiber Optic,Yes,No,Yes,No,Yes,No,No,Yes
Q918133,Fiber Optic,No,Yes,Yes,Yes,Yes,No,No,Yes
N970700,None,Yes,No,No,No,Yes,No,No,No
N526606,DSL,Yes,No,Yes,Yes,No,No,No,No
I75629,Fiber Optic,Yes,Yes,Yes,Yes,No,No,No,Yes
T931250,Fiber Optic,Yes,No,No,Yes,Yes,No,Yes,No
N735618,Fiber Optic,Yes,No,No,Yes,No,No,No,No
W841435,DSL,Yes,No,Yes,No,No,No,No,No
B583161,DSL,Yes,No,No,Yes,Yes,No,No,Yes
Z100578,Fiber Optic,Yes,No,No,Yes,Yes,No,Yes,Yes
R239359,DSL,Yes,Yes,No,Yes,Yes,Yes,No,No
X472922,None,Yes,Yes,No,No,No,No,Yes,No
J898814,DSL,Yes,No,Yes,Yes,No,No,Yes,No
G298866,DSL,Yes,No,Yes,No,No,No,Yes,No
G924265,DSL,Yes,No,Yes,Yes,No,No,Yes,Yes
I79242,DSL,Yes,No,Yes,Yes,No,No,No,No
W196396,Fiber Optic,No,No,Yes,Yes,No,Yes,Yes,Yes
O216852,Fiber Optic,Yes,No,Yes,Yes,No,Yes,No,No
Q549624,DSL,Yes,Yes,Yes,Yes,Yes,No,No,No
N562498,DSL,Yes,No,No,Yes,Yes,Yes,No,No
D675061,DSL,Yes,Yes,Yes,Yes,Yes,Yes,No,Yes
U549585,DSL,Yes,No,No,Yes,No,Yes,No,No
Y951338,Fiber Optic,Yes,Yes,Yes,Yes,Yes,No,Yes,No
G517180,Fiber Optic,Yes,Yes,No,No,No,No,Yes,No
D672049,Fiber Optic,Yes,No,No,Yes,Yes,No,No,Yes
C230753,Fiber Optic,Yes,No,Yes,Yes,No,No,No,No
Z470192,Fiber Optic,Yes,Yes,No,No,Yes,No,Yes,Yes
Q830116,DSL,Yes,No,No,No,No,No,No,Yes
R457980,None,Yes,No,No,No,Yes,Yes,Yes,Yes
O267434,DSL,Yes,No,No,Yes,No,No,Yes,No
M958538,None,Yes,No,Yes,No,No,No,Yes,No
X476080,DSL,Yes,Yes,Yes,No,No,No,No,Yes
A226212,DSL,Yes,No,Yes,Yes,No,No,Yes,Yes
M867229,Fiber Optic,Yes,Yes,Yes,Yes,Yes,Yes,No,Yes
D94567,None,Yes,No,No,Yes,No,No,Yes,No
E614090,Fiber Optic,Yes,No,Yes,Yes,Yes,Yes,Yes,No
G799295,Fiber Optic,Yes,Yes,Yes,No,No,No,Yes,No
P180229,DSL,No,Yes,No,No,No,Yes,Yes,Yes
V224057,Fiber Optic,Yes,No,Yes,Yes,Yes,Yes,Yes,No
M771691,None,Yes,No,Yes,No,No,Yes,Yes,No
U791762,DSL,Yes,No,Yes,Yes,Yes,No,Yes,Yes
D852754,DSL,No,No,Yes,Yes,No,No,No,Yes
H63784,Fiber Optic,Yes,Yes,Yes,No,Yes,Yes,No,No
L340318,Fiber Optic,Yes,Yes,No,No,No,No,No,Yes
H411705,Fiber Optic,No,Yes,Yes,No,No,No,No,Yes
X300719,Fiber Optic,Yes,No,No,No,Yes,No,Yes,Yes
V234562,Fiber Optic,Yes,No,Yes,No,No,Yes,No,Yes
Q292404,DSL,Yes,No,Yes,No,No,No,Yes,Yes
A595310,Fiber Optic,Yes,No,Yes,Yes,Yes,No,Yes,Yes
S100728,DSL,No,Yes,No,Yes,Yes,No,Yes,Yes
N279918,None,Yes,Yes,Yes,No,Yes,Yes,Yes,Yes
A565557,DSL,Yes,Yes,No,No,No,Yes,Yes,Yes
L973953,DSL,Yes,Yes,No,Yes,No,Yes,No,Yes
S34044,DSL,Yes,Yes,Yes,No,Yes,No,Yes,No
H20147,DSL,Yes,No,Yes,Yes,No,Yes,Yes,Yes
S641857,Fiber Optic,Yes,No,Yes,No,No,No,No,Yes
X208149,Fiber Optic,Yes,No,Yes,No,No,Yes,Yes,Yes
V875157,DSL,Yes,No,Yes,Yes,No,Yes,Yes,No
E353352,Fiber Optic,No,Yes,Yes,No,Yes,Yes,Yes,Yes
V354163,None,Yes,No,No,No,No,Yes,No,No
S953540,None,Yes,No,Yes,No,No,Yes,Yes,No
C557593,None,Yes,Yes,No,No,No,No,No,No
D824545,DSL,Yes,No,No,Yes,No,No,Yes,Yes
R120686,None,Yes,Yes,No,Yes,Yes,No,Yes,No
U933787,Fiber Optic,Yes,Yes,No,Yes,Yes,No,No,No
S390179,None,Yes,No,No,Yes,No,Yes,No,No
C948796,None,Yes,Yes,No,Yes,No,No,Yes,No
Z677194,DSL,Yes,Yes,No,Yes,No,Yes,Yes,Yes
N261701,DSL,Yes,No,Yes,Yes,Yes,Yes,Yes,No
B678171,None,Yes,Yes,No,Yes,Yes,Yes,Yes,No
N520045,Fiber Optic,Yes,Yes,Yes,Yes,No,No,Yes,No
C256948,DSL,Yes,No,No,Yes,No,No,No,No
C289581,Fiber Optic,Yes,Yes,No,No,No,Yes,No,No
S32311,None,Yes,No,No,Yes,No,No,Yes,No
D376081,DSL,Yes,No,Yes,No,Yes,No,No,No
B254351,Fiber Optic,Yes,No,No,No,No,Yes,Yes,No
L308059,DSL,Yes,No,No,No,Yes,No,No,Yes
Q138800,DSL,Yes,No,No,No,No,Yes,Yes,No
P946439,Fiber Optic,No,Yes,No,No,No,No,No,Yes
G734993,DSL,Yes,No,No,Yes,No,Yes,No,No
W346752,Fiber Optic,Yes,Yes,No,Yes,Yes,No,Yes,Yes
T531107,None,Yes,No,No,Yes,No,No,Yes,Yes
J804452,None,Yes,No,Yes,Yes,No,No,Yes,Yes
G114456,DSL,Yes,No,Yes,No,No,No,Yes,Yes
U32685,Fiber Optic,Yes,Yes,No,No,No,No,Yes,Yes
X481087,DSL,Yes,No,No,Yes,No,No,No,No
Q704854,DSL,Yes,No,No,No,No,Yes,Yes,No
B883991,Fiber Optic,Yes,Yes,No,No,Yes,No,Yes,No
L588460,DSL,Yes,Yes,No,No,No,Yes,Yes,Yes
I190323,DSL,Yes,No,No,No,No,No,Yes,Yes
P626190,Fiber Optic,Yes,Yes,No,Yes,No,Yes,No,Yes
G313221,None,Yes,No,Yes,No,No,No,Yes,No
Z286932,Fiber Optic,Yes,No,No,Yes,Yes,Yes,No,No
B29049,None,Yes,Yes,No,Yes,No,Yes,No,Yes
W660567,Fiber Optic,Yes,Yes,Yes,No,No,No,No,No
R350576,DSL,Yes,No,No,Yes,No,No,No,Yes
R590022,DSL,Yes,Yes,No,No,No,Yes,No,Yes
P733036,None,Yes,Yes,No,Yes,No,No,No,Yes
D175468,Fiber Optic,Yes,No,Yes,No,No,No,Yes,Yes
S450861,Fiber Optic,Yes,No,Yes,Yes,No,No,Yes,Yes
I42773,DSL,Yes,No,No,Yes,Yes,Yes,Yes,No
D994982,Fiber Optic,Yes,No,No,No,No,No,No,No
T865307,Fiber Optic,No,No,Yes,No,Yes,No,Yes,No
L690004,Fiber Optic,Yes,Yes,Yes,Yes,No,No,No,No
H185700,None,Yes,Yes,Yes,No,Yes,Yes,Yes,No
K930656,Fiber Optic,Yes,Yes,No,Yes,Yes,No,No,No
U280332,None,Yes,No,Yes,Yes,Yes,No,No,Yes
K817263,Fiber Optic,Yes,No,No,No,No,No,Yes,No
B789652,Fiber Optic,Yes,Yes,No,No,No,No,Yes,Yes
N73923,None,Yes,Yes,No,Yes,No,Yes,Yes,No
B831451,DSL,Yes,Yes,Yes,Yes,No,No,No,No
Q557106,Fiber Optic,Yes,Yes,Yes,Yes,No,No,Yes,Yes
S993555,None,Yes,No,Yes,Yes,No,Yes,No,Yes
T913039,Fiber Optic,No,No,Yes,No,Yes,No,No,No
Z687799,Fiber Optic,Yes,Yes,Yes,No,No,No,Yes,No
T206287,DSL,Yes,No,No,No,No,Yes,Yes,No
I38187,DSL,Yes,Yes,Yes,Yes,Yes,No,Yes,No
L289503,Fiber Optic,Yes,Yes,No,Yes,Yes,No,Yes,No
Q608767,DSL,Yes,Yes,Yes,No,Yes,Yes,Yes,Yes
R789763,DSL,Yes,No,No,No,No,No,Yes,No
O383684,DSL,Yes,No,No,No,Yes,No,Yes,No
I31880,DSL,Yes,Yes,No,No,No,No,No,Yes
C182772,None,No,No,No,No,No,Yes,Yes,No
S534757,Fiber Optic,Yes,Yes,Yes,No,Yes,No,No,Yes
L838387,Fiber Optic,Yes,Yes,Yes,No,No,No,No,No
S693485,Fiber Optic,Yes,Yes,No,No,No,Yes,Yes,No
Y652986,None,Yes,Yes,Yes,Yes,Yes,Yes,No,No
E748050,None,Yes,No,No,Yes,No,No,No,Yes
X758247,None,Yes,No,No,No,No,No,Yes,Yes
I593263,Fiber Optic,Yes,No,No,Yes,No,No,Yes,No
P341958,Fiber Optic,Yes,No,No,No,No,Yes,No,No
M295603,Fiber Optic,Yes,No,No,No,No,No,No,No
V91325,Fiber Optic,Yes,Yes,Yes,Yes,No,No,Yes,Yes
X267385,Fiber Optic,Yes,Yes,Yes,No,No,No,Yes,Yes
K952325,DSL,Yes,Yes,No,No,No,Yes,Yes,No
N409898,Fiber Optic,Yes,Yes,No,No,No,No,Yes,Yes
I650273,Fiber Optic,Yes,No,No,No,No,No,Yes,No
N127495,Fiber Optic,Yes,No,Yes,Yes,Yes,No,Yes,Yes
B242016,Fiber Optic,Yes,No,No,No,No,Yes,Yes,No
K810820,None,Yes,No,Yes,No,No,No,No,Yes
R825099,Fiber Optic,Yes,No,No,Yes,No,No,Yes,Yes
Y341313,DSL,Yes,No,No,No,No,No,Yes,Yes
I761396,Fiber Optic,Yes,Yes,Yes,Yes,No,No,No,Yes
K613908,None,No,No,No,No,No,Yes,Yes,Yes
L927632,Fiber Optic,Yes,No,No,Yes,No,Yes,Yes,Yes
G616093,Fiber Optic,No,Yes,No,No,No,No,Yes,Yes
A273212,Fiber Optic,Yes,No,No,No,Yes,No,Yes,No
I496795,Fiber Optic,Yes,Yes,Yes,No,Yes,Yes,No,No
U795376,Fiber Optic,Yes,Yes,Yes,Yes,Yes,No,Yes,No
T895288,Fiber Optic,Yes,No,No,No,Yes,No,Yes,No
R12402,None,Yes,Yes,Yes,No,Yes,Yes,Yes,No
G73603,Fiber Optic,Yes,No,No,No,No,Yes,Yes,No
B836957,Fiber Optic,Yes,No,No,Yes,Yes,Yes,No,No
E557858,Fiber Optic,Yes,No,Yes,No,Yes,No,Yes,No
E515712,DSL,No,No,No,No,No,Yes,Yes,No
A940663,None,Yes,Yes,No,No,No,No,Yes,No
G336446,DSL,Yes,Yes,No,Yes,No,No,Yes,Yes
U386699,DSL,Yes,No,No,No,No,Yes,Yes,Yes
V21751,DSL,Yes,No,Yes,Yes,No,No,No,Yes
D996350,Fiber Optic,Yes,Yes,No,No,No,No,Yes,No
Z999359,DSL,Yes,No,No,No,Yes,Yes,Yes,Yes
J610196,None,Yes,Yes,No,Yes,Yes,No,No,Yes
S769950,Fiber Optic,Yes,No,No,No,Yes,Yes,Yes,No
B143750,DSL,Yes,No,No,No,No,No,No,No
D836032,None,Yes,No,No,No,No,No,No,No
D290234,Fiber Optic,Yes,No,No,Yes,No,No,No,No
D780864,Fiber Optic,No,No,No,Yes,No,No,Yes,Yes
N286764,Fiber Optic,Yes,No,No,Yes,No,Yes,Yes,Yes
Q941225,Fiber Optic,Yes,No,Yes,Yes,No,No,No,Yes
F371335,Fiber Optic,Yes,No,No,No,No,No,Yes,No
E229160,DSL,Yes,No,No,Yes,Yes,No,No,Yes
F745735,DSL,Yes,No,Yes,No,No,Yes,Yes,Yes
E505445,Fiber Optic,Yes,Yes,No,Yes,No,Yes,Yes,No
C00331,DSL,Yes,Yes,No,Yes,Yes,Yes,Yes,Yes
N07725,None,No,No,Yes,Yes,Yes,No,Yes,No
S467721,DSL,Yes,No,No,No,Yes,Yes,Yes,Yes
S530763,Fiber Optic,Yes,No,Yes,Yes,Yes,Yes,Yes,Yes
J821112,Fiber Optic,Yes,No,No,Yes,Yes,No,No,Yes
H572927,None,Yes,Yes,No,No,No,Yes,Yes,No
J06852,DSL,Yes,Yes,No,No,No,Yes,Yes,No
P261871,Fiber Optic,Yes,No,Yes,No,No,No,Yes,Yes
I258873,DSL,Yes,No,No,Yes,Yes,No,No,No
Z702346,DSL,Yes,No,No,No,No,No,Yes,Yes
K995518,Fiber Optic,Yes,No,No,Yes,No,Yes,No,No
T24419,Fiber Optic,Yes,Yes,Yes,No,No,No,No,Yes
T727607,DSL,Yes,No,No,Yes,No,Yes,No,Yes
B644010,Fiber Optic,Yes,Yes,No,No,No,Yes,Yes,No
A811650,Fiber Optic,No,Yes,No,Yes,No,No,No,No
V645531,DSL,Yes,No,No,Yes,No,Yes,Yes,No
S82041,Fiber Optic,Yes,Yes,Yes,Yes,Yes,Yes,Yes,No
C367217,None,No,Yes,No,No,Yes,No,Yes,No
Y740314,Fiber Optic,No,No,No,Yes,Yes,No,Yes,Yes
Y260658,None,Yes,No,No,No,Yes,No,Yes,No
A812234,None,Yes,No,No,Yes,No,No,Yes,No
O392781,DSL,Yes,No,No,No,No,No,No,No
Z600736,DSL,Yes,Yes,No,Yes,Yes,No,No,No
Q605275,DSL,Yes,Yes,No,No,Yes,No,No,Yes
P127304,Fiber Optic,Yes,Yes,No,Yes,Yes,No,Yes,No
X955722,DSL,Yes,Yes,Yes,No,No,No,No,Yes
P803103,Fiber Optic,No,No,Yes,Yes,Yes,No,No,No
T293484,None,Yes,No,Yes,Yes,No,No,Yes,Yes
C726463,DSL,Yes,No,Yes,No,Yes,No,Yes,Yes
B74964,Fiber Optic,Yes,No,No,No,Yes,Yes,No,No
N925899,None,Yes,No,No,Yes,No,No,Yes,No
W766369,DSL,Yes,Yes,No,No,No,Yes,No,Yes
A849397,DSL,Yes,Yes,Yes,No,Yes,No,No,No
M572384,Fiber Optic,Yes,No,No,No,No,Yes,Yes,No
Y555946,None,No,Yes,No,No,Yes,Yes,Yes,Yes
Q77142,Fiber Optic,Yes,No,Yes,No,Yes,No,No,No
U218866,DSL,Yes,Yes,Yes,No,No,Yes,Yes,No
X392150,DSL,Yes,No,Yes,No,No,Yes,No,No
H44622,DSL,Yes,Yes,Yes,No,Yes,Yes,No,No
M319987,Fiber Optic,Yes,No,No,Yes,Yes,Yes,No,Yes
P861928,Fiber Optic,Yes,No,Yes,Yes,No,Yes,Yes,Yes
V729031,Fiber Optic,Yes,Yes,No,No,No,No,No,No
M715764,Fiber Optic,Yes,No,No,Yes,No,No,No,Yes
Q46672,Fiber Optic,Yes,Yes,No,No,Yes,No,Yes,Yes
C697741,Fiber Optic,Yes,Yes,Yes,Yes,No,No,No,No
H372061,Fiber Optic,Yes,No,No,Yes,No,No,No,No
K493530,DSL,Yes,Yes,No,No,No,No,Yes,No
A48668,DSL,Yes,Yes,Yes,No,Yes,Yes,Yes,No
Z742527,DSL,Yes,Yes,Yes,No,No,No,Yes,Yes
W520409,Fiber Optic,Yes,No,No,Yes,Yes,Yes,Yes,No
S193458,None,Yes,No,No,Yes,Yes,No,Yes,Yes
S257413,Fiber Optic,Yes,Yes,No,No,No,No,No,No
Z765151,DSL,No,No,Yes,No,No,No,No,No
W794512,Fiber Optic,Yes,No,Yes,Yes,Yes,No,Yes,Yes
Z153423,Fiber Optic,Yes,No,Yes,No,Yes,No,Yes,No
S268098,Fiber Optic,No,No,Yes,No,No,No,Yes,Yes
M892824,DSL,Yes,Yes,No,No,No,No,No,No
B41405,DSL,Yes,No,No,No,No,No,No,No
S591549,None,Yes,Yes,No,No,Yes,Yes,Yes,Yes
H584520,Fiber Optic,Yes,No,No,No,Yes,No,Yes,Yes
G973898,None,Yes,No,No,Yes,Yes,No,No,No
T560412,DSL,Yes,No,No,Yes,Yes,Yes,Yes,Yes
U303089,DSL,Yes,No,No,Yes,Yes,No,Yes,No
W449612,Fiber Optic,Yes,Yes,Yes,Yes,Yes,No,No,Yes
F384568,DSL,Yes,No,Yes,No,Yes,No,No,Yes
A04830,DSL,Yes,Yes,Yes,No,Yes,No,Yes,Yes
O574674,Fiber Optic,Yes,Yes,Yes,No,No,Yes,No,Yes
P859987,Fiber Optic,No,Yes,Yes,No,No,Yes,Yes,Yes
Z996577,Fiber Optic,Yes,Yes,Yes,No,No,Yes,Yes,No
Y715945,DSL,Yes,No,Yes,No,No,No,No,Yes
X46834,Fiber Optic,Yes,No,No,Yes,Yes,No,No,No
T806687,None,Yes,Yes,No,Yes,Yes,Yes,No,Yes
T346518,Fiber Optic,Yes,No,No,No,Yes,Yes,No,No
E496789,DSL,Yes,Yes,Yes,Yes,No,No,No,No
Y987315,Fiber Optic,Yes,No,No,No,No,Yes,Yes,Yes
Q517071,DSL,No,No,Yes,Yes,No,Yes,Yes,Yes
V822855,Fiber Optic,Yes,No,No,Yes,No,No,No,Yes
H63433,DSL,Yes,No,Yes,No,No,No,No,Yes
W129762,DSL,No,No,No,Yes,No,Yes,No,Yes
K334096,Fiber Optic,Yes,No,No,No,Yes,No,Yes,No
G912511,DSL,Yes,No,Yes,Yes,No,Yes,Yes,Yes
X785371,DSL,Yes,Yes,Yes,Yes,Yes,Yes,No,No
W986721,DSL,Yes,No,No,No,No,No,No,Yes
E661654,Fiber Optic,Yes,Yes,Yes,Yes,Yes,Yes,No,No
P721661,Fiber Optic,Yes,Yes,No,No,No,Yes,No,Yes
L691713,Fiber Optic,Yes,No,No,Yes,No,No,Yes,No
C288668,Fiber Optic,No,No,No,Yes,No,No,Yes,No
R716458,Fiber Optic,Yes,Yes,No,Yes,Yes,Yes,Yes,Yes
M494039,Fiber Optic,Yes,Yes,No,Yes,Yes,No,Yes,Yes
C450994,DSL,Yes,Yes,No,No,Yes,No,Yes,Yes
V650172,Fiber Optic,Yes,Yes,No,No,Yes,No,Yes,No
O934927,Fiber Optic,Yes,No,No,No,Yes,Yes,No,No
H866338,None,Yes,Yes,No,No,Yes,No,Yes,Yes
D477172,Fiber Optic,Yes,Yes,No,No,Yes,No,No,No
V624141,Fiber Optic,Yes,No,No,Yes,No,No,No,Yes
P639279,Fiber Optic,Yes,Yes,No,Yes,No,Yes,Yes,No
U376096,DSL,Yes,Yes,No,Yes,No,Yes,No,Yes
Q08338,DSL,Yes,No,No,Yes,No,No,Yes,No
K986985,Fiber Optic,Yes,Yes,No,Yes,No,No,No,No
E204987,Fiber Optic,Yes,No,Yes,No,No,No,Yes,Yes
L682106,Fiber Optic,Yes,No,No,Yes,No,Yes,No,Yes
G59211,Fiber Optic,Yes,No,No,Yes,Yes,No,Yes,Yes
T590890,DSL,Yes,Yes,Yes,Yes,No,No,Yes,Yes
K858387,Fiber Optic,Yes,No,No,No,No,No,No,No
T203673,None,No,Yes,No,Yes,No,No,No,Yes
M966711,DSL,Yes,Yes,Yes,No,Yes,No,No,No
Q579568,DSL,Yes,No,Yes,No,No,No,Yes,No
T898110,Fiber Optic,Yes,Yes,Yes,Yes,Yes,Yes,No,Yes
V85177,Fiber Optic,Yes,Yes,No,Yes,Yes,Yes,Yes,No
K399257,Fiber Optic,No,No,No,Yes,No,No,Yes,Yes
K379806,Fiber Optic,Yes,Yes,Yes,Yes,No,No,Yes,Yes
R818704,Fiber Optic,Yes,No,Yes,Yes,Yes,No,Yes,Yes
T545830,Fiber Optic,No,Yes,Yes,Yes,No,Yes,No,No
G421530,Fiber Optic,Yes,No,Yes,No,No,No,Yes,No
Z112267,DSL,Yes,No,Yes,Yes,Yes,Yes,Yes,No
S289971,DSL,Yes,No,No,Yes,Yes,Yes,No,Yes
E833651,None,Yes,No,No,Yes,Yes,Yes,Yes,No
L615653,None,Yes,Yes,Yes,No,Yes,Yes,Yes,Yes
V33143,None,Yes,Yes,No,No,No,Yes,No,No
D381287,DSL,Yes,No,No,No,Yes,No,No,Yes
V502095,Fiber Optic,Yes,Yes,No,No,No,No,No,Yes
M543828,DSL,Yes,No,No,Yes,No,Yes,Yes,Yes
U426077,Fiber Optic,Yes,No,Yes,Yes,Yes,No,Yes,No
W536728,Fiber Optic,Yes,Yes,No,Yes,No,No,No,No
F853511,Fiber Optic,Yes,Yes,Yes,No,Yes,Yes,Yes,Yes
H421614,DSL,Yes,No,Yes,No,Yes,No,No,No
R425303,Fiber Optic,Yes,Yes,No,No,No,No,Yes,Yes
O265761,Fiber Optic,Yes,Yes,No,No,Yes,No,Yes,Yes
C764614,None,Yes,No,Yes,No,Yes,Yes,Yes,No
X262381,DSL,Yes,Yes,No,No,No,No,Yes,Yes
Z709323,None,Yes,No,Yes,Yes,No,No,No,No
T412362,Fiber Optic,Yes,No,No,No,Yes,No,Yes,No
Z12981,Fiber Optic,Yes,No,Yes,No,No,No,No,No
J19867,Fiber Optic,Yes,Yes,Yes,No,No,No,No,No
Y824371,None,Yes,Yes,No,Yes,No,No,Yes,Yes
T420833,Fiber Optic,Yes,Yes,Yes,Yes,No,No,No,Yes
Z135149,None,Yes,No,Yes,No,No,No,No,Yes
Y452565,None,Yes,No,Yes,No,No,No,Yes,Yes
U859942,DSL,Yes,Yes,Yes,Yes,No,No,No,Yes
D683409,DSL,Yes,Yes,No,No,Yes,Yes,Yes,No
O47416,Fiber Optic,Yes,No,Yes,No,No,No,No,No
E529202,Fiber Optic,Yes,Yes,No,No,Yes,No,No,Yes
K145675,Fiber Optic,Yes,No,No,No,No,No,Yes,No
R458698,DSL,Yes,No,No,No,No,No,No,No
H233450,DSL,Yes,Yes,Yes,Yes,No,No,Yes,Yes
A59966,Fiber Optic,Yes,No,No,Yes,Yes,No,No,Yes
D139779,DSL,Yes,No,No,Yes,No,No,No,No
X218433,None,Yes,Yes,Yes,No,No,No,Yes,Yes
Q917221,Fiber Optic,Yes,Yes,No,No,No,Yes,No,No
V405018,Fiber Optic,Yes,Yes,No,No,No,Yes,Yes,Yes
S122516,Fiber Optic,Yes,No,No,Yes,No,No,No,No
W528695,Fiber Optic,Yes,Yes,No,Yes,No,No,No,No
F965908,DSL,Yes,No,No,No,No,No,Yes,Yes
O769028,None,Yes,Yes,Yes,Yes,Yes,No,No,No
B25572,DSL,Yes,Yes,No,No,No,No,Yes,Yes
Z558216,Fiber Optic,No,Yes,Yes,Yes,No,No,Yes,Yes
F995738,Fiber Optic,Yes,No,Yes,No,No,No,Yes,Yes
N582962,DSL,Yes,No,No,No,No,No,Yes,No
L862133,Fiber Optic,Yes,No,No,No,No,Yes,Yes,No
O836447,Fiber Optic,Yes,No,Yes,Yes,Yes,Yes,No,No
X773584,None,Yes,Yes,Yes,No,Yes,Yes,Yes,No
V316925,Fiber Optic,No,Yes,No,Yes,No,No,Yes,Yes
Y349097,None,Yes,Yes,Yes,Yes,No,Yes,No,Yes
V08639,Fiber Optic,Yes,No,No,Yes,No,No,No,Yes
Y465694,Fiber Optic,Yes,No,Yes,Yes,Yes,No,Yes,Yes
Z399108,None,Yes,No,No,No,No,No,Yes,Yes
P496804,Fiber Optic,Yes,No,Yes,No,No,No,Yes,Yes
T976152,Fiber Optic,Yes,Yes,No,No,Yes,No,No,Yes
X497460,Fiber Optic,Yes,Yes,Yes,Yes,No,No,No,Yes
U781970,DSL,Yes,Yes,Yes,No,No,No,No,No
T220266,DSL,Yes,Yes,No,Yes,No,No,Yes,No
R349356,Fiber Optic,Yes,Yes,No,Yes,Yes,No,Yes,No
E585594,Fiber Optic,Yes,No,Yes,No,No,No,Yes,No
T802642,None,Yes,No,No,No,Yes,No,No,No
C628526,None,Yes,Yes,No,No,No,No,Yes,Yes
V779868,Fiber Optic,Yes,No,No,No,No,Yes,No,No
V852074,DSL,Yes,No,No,No,Yes,Yes,No,No
J891959,None,Yes,No,No,Yes,No,Yes,Yes,Yes
S664878,DSL,Yes,Yes,Yes,No,No,Yes,Yes,No
T122908,Fiber Optic,Yes,Yes,Yes,No,No,No,Yes,Yes
N132794,DSL,Yes,No,No,Yes,Yes,No,Yes,Yes
N853478,DSL,Yes,Yes,No,No,No,No,No,No
N21122,Fiber Optic,Yes,Yes,No,No,Yes,No,No,No
Q272593,Fiber Optic,Yes,No,Yes,Yes,No,Yes,No,Yes
K446948,Fiber Optic,Yes,Yes,No,No,No,Yes,Yes,No
O852356,Fiber Optic,Yes,Yes,No,No,No,Yes,No,No
W901724,Fiber Optic,Yes,No,No,Yes,No,No,No,Yes
X451330,None,Yes,No,No,No,No,Yes,Yes,No
H825036,None,Yes,Yes,No,Yes,No,No,No,Yes
T846054,DSL,Yes,No,Yes,Yes,No,No,No,No
N960316,None,Yes,Yes,Yes,Yes,Yes,No,Yes,Yes
D95583,Fiber Optic,Yes,No,No,Yes,No,No,No,No
U935536,Fiber Optic,No,Yes,Yes,No,Yes,Yes,No,Yes
T853936,Fiber Optic,Yes,No,Yes,No,No,Yes,No,No
T364930,None,Yes,No,No,No,No,Yes,No,No
C530000,DSL,Yes,No,No,No,No,Yes,Yes,No
U836701,Fiber Optic,Yes,Yes,No,No,No,No,Yes,No
C125598,DSL,No,Yes,No,Yes,No,No,No,Yes
C585619,DSL,Yes,Yes,No,No,No,Yes,Yes,No
D702658,Fiber Optic,Yes,Yes,Yes,No,Yes,No,No,Yes
X896373,Fiber Optic,Yes,Yes,No,No,No,No,Yes,Yes
G668616,Fiber Optic,Yes,Yes,No,Yes,Yes,Yes,Yes,No
C843114,None,Yes,No,No,Yes,No,Yes,Yes,No
Z351303,Fiber Optic,Yes,Yes,No,Yes,Yes,No,No,No
F679245,DSL,Yes,Yes,No,No,Yes,No,Yes,No
R398309,Fiber Optic,Yes,No,Yes,Yes,No,No,Yes,No
D522183,Fiber Optic,Yes,Yes,Yes,Yes,No,No,No,Yes
A206123,DSL,Yes,Yes,No,No,No,No,No,No
K637432,None,Yes,No,No,No,No,Yes,Yes,No
Q926339,Fiber Optic,Yes,Yes,No,Yes,No,No,No,No
T105381,Fiber Optic,No,Yes,Yes,Yes,No,Yes,No,No
L593727,Fiber Optic,Yes,Yes,No,Yes,Yes,Yes,No,No
V173338,DSL,Yes,No,Yes,Yes,Yes,No,No,Yes
U606583,DSL,No,No,No,No,No,Yes,No,No
G215973,None,Yes,Yes,No,No,Yes,No,Yes,Yes
B319628,DSL,No,No,No,Yes,No,No,Yes,Yes
H633094,Fiber Optic,No,No,No,Yes,No,No,No,Yes
L108717,None,Yes,No,Yes,Yes,Yes,Yes,Yes,No
S302176,DSL,Yes,No,No,Yes,No,Yes,No,Yes
J535647,Fiber Optic,No,Yes,No,No,No,No,No,No
G598131,DSL,Yes,No,Yes,No,Yes,No,Yes,Yes
E338308,Fiber Optic,Yes,Yes,No,No,No,No,Yes,Yes
S596284,Fiber Optic,Yes,Yes,No,No,Yes,No,No,Yes
O931429,Fiber Optic,Yes,Yes,No,No,Yes,No,No,No
A415870,DSL,Yes,No,No,Yes,No,No,No,No
V111312,Fiber Optic,Yes,No,Yes,No,Yes,Yes,No,No
B424640,Fiber Optic,Yes,No,Yes,Yes,No,No,No,No
V914507,DSL,Yes,Yes,No,No,No,No,No,No
X52150,Fiber Optic,No,Yes,Yes,Yes,No,No,Yes,No
N263562,Fiber Optic,Yes,No,No,No,No,Yes,Yes,Yes
F371642,DSL,Yes,No,No,No,No,No,Yes,No
V463431,DSL,Yes,No,Yes,No,No,No,No,No
I552955,DSL,Yes,No,No,No,Yes,No,No,No
T813428,None,Yes,No,No,No,No,No,No,No
Q118737,DSL,Yes,No,Yes,Yes,Yes,Yes,Yes,Yes
R486479,DSL,Yes,No,Yes,Yes,No,No,No,Yes
T174066,Fiber Optic,Yes,No,No,Yes,No,No,No,Yes
V249937,None,Yes,No,No,No,No,No,No,Yes
G946463,Fiber Optic,Yes,No,Yes,Yes,Yes,No,No,Yes
R836772,Fiber Optic,Yes,Yes,Yes,Yes,No,Yes,Yes,No
X789375,DSL,Yes,No,No,Yes,Yes,Yes,Yes,Yes
V142415,None,Yes,No,Yes,Yes,No,No,Yes,Yes
Z968343,None,Yes,Yes,Yes,Yes,No,No,No,Yes
P471639,DSL,Yes,Yes,No,No,No,No,Yes,No
W964977,None,Yes,Yes,No,Yes,No,No,No,Yes
W365170,Fiber Optic,Yes,Yes,Yes,No,No,No,No,No
P802061,Fiber Optic,Yes,No,No,No,Yes,No,No,Yes
Z580866,None,Yes,Yes,No,Yes,No,No,Yes,No
O383133,DSL,Yes,No,No,No,No,No,No,Yes
Z247475,None,Yes,Yes,No,No,Yes,Yes,Yes,No
W603761,Fiber Optic,Yes,No,No,No,Yes,No,Yes,Yes
D384724,None,Yes,No,No,Yes,Yes,Yes,No,Yes
A430952,None,Yes,Yes,Yes,No,No,No,No,Yes
Q848470,None,Yes,Yes,No,No,No,Yes,No,No
U26172,Fiber Optic,No,No,Yes,No,Yes,No,Yes,Yes
V161009,Fiber Optic,Yes,No,No,No,No,Yes,Yes,Yes
Y476794,DSL,Yes,Yes,No,No,Yes,No,No,No
Q981830,DSL,Yes,Yes,No,No,No,Yes,No,No
C908760,Fiber Optic,Yes,Yes,Yes,No,No,No,Yes,Yes
V438879,Fiber Optic,Yes,No,Yes,No,No,Yes,No,Yes
U892775,DSL,Yes,No,Yes,No,Yes,Yes,No,Yes
K234189,Fiber Optic,No,Yes,No,No,Yes,No,No,Yes
X515591,DSL,Yes,Yes,Yes,No,Yes,No,Yes,No
H878507,None,Yes,No,No,No,No,No,No,No
Q951171,Fiber Optic,Yes,Yes,Yes,No,No,No,Yes,Yes
A508226,DSL,Yes,Yes,No,Yes,No,No,No,Yes
G629174,Fiber Optic,Yes,No,No,No,No,Yes,Yes,Yes
B488148,Fiber Optic,Yes,No,No,No,Yes,Yes,No,Yes
I220296,DSL,Yes,No,Yes,No,Yes,No,Yes,No
N580999,DSL,Yes,Yes,No,No,Yes,No,No,Yes
I309319,None,Yes,No,Yes,No,No,Yes,No,Yes
R577652,DSL,Yes,Yes,No,No,No,No,Yes,Yes
U559614,None,Yes,No,No,No,Yes,No,Yes,No
K260487,DSL,Yes,No,No,No,No,No,Yes,No
B918969,Fiber Optic,Yes,Yes,No,Yes,No,No,Yes,Yes
A753189,None,Yes,No,Yes,Yes,Yes,Yes,No,Yes
S631680,None,Yes,No,No,No,Yes,No,Yes,Yes
D665731,Fiber Optic,Yes,Yes,No,No,No,Yes,No,No
N531201,Fiber Optic,Yes,No,Yes,Yes,No,No,No,No
N731402,DSL,Yes,Yes,Yes,Yes,Yes,No,No,Yes
B525987,DSL,Yes,Yes,Yes,No,No,Yes,Yes,Yes
U565222,Fiber Optic,Yes,No,No,Yes,Yes,No,No,Yes
B816555,None,Yes,No,Yes,No,Yes,No,Yes,Yes
X359321,Fiber Optic,Yes,No,No,Yes,Yes,No,Yes,Yes
Q103360,Fiber Optic,Yes,Yes,Yes,No,No,No,No,Yes
V807781,None,Yes,Yes,No,No,No,No,No,No
W166540,DSL,Yes,Yes,Yes,No,Yes,No,Yes,Yes
Z746394,Fiber Optic,Yes,Yes,No,Yes,Yes,Yes,No,No
S248032,DSL,Yes,Yes,No,Yes,No,Yes,Yes,No
N306950,None,Yes,Yes,No,No,No,Yes,No,No
G217247,Fiber Optic,Yes,No,No,No,Yes,No,No,Yes
R655332,DSL,Yes,Yes,No,Yes,No,No,No,No
D84377,DSL,Yes,No,Yes,Yes,Yes,No,No,Yes
V205649,Fiber Optic,Yes,Yes,No,Yes,Yes,Yes,Yes,Yes
L944578,DSL,Yes,No,No,Yes,No,No,Yes,No
E324565,None,Yes,No,No,Yes,Yes,No,No,Yes
I889643,DSL,Yes,No,No,No,No,No,Yes,No
M447069,Fiber Optic,Yes,Yes,No,Yes,Yes,Yes,Yes,Yes
K963843,Fiber Optic,Yes,Yes,Yes,Yes,Yes,No,No,Yes
U825707,None,Yes,Yes,No,Yes,Yes,Yes,Yes,Yes
F229213,Fiber Optic,Yes,No,No,No,Yes,Yes,No,No
C364813,Fiber Optic,Yes,No,Yes,Yes,Yes,No,Yes,Yes
Y98868,Fiber Optic,Yes,Yes,Yes,No,No,No,Yes,Yes
S510657,DSL,Yes,No,No,No,Yes,No,No,No
E11476,Fiber Optic,Yes,No,Yes,Yes,Yes,No,No,Yes
H995944,Fiber Optic,No,Yes,No,No,No,No,Yes,Yes
F112601,DSL,Yes,No,No,Yes,Yes,Yes,Yes,Yes
V632030,DSL,Yes,Yes,No,No,No,No,Yes,No
A516936,None,Yes,No,Yes,No,No,Yes,Yes,No
V412148,None,Yes,No,No,No,Yes,Yes,No,Yes
Z193166,DSL,Yes,Yes,No,Yes,Yes,Yes,Yes,Yes
I873153,None,Yes,Yes,No,Yes,Yes,No,No,No
T59719,DSL,Yes,No,No,Yes,No,Yes,Yes,No
O492751,None,Yes,Yes,No,Yes,No,No,No,Yes
I38410,Fiber Optic,Yes,No,No,No,No,No,No,Yes
O406255,DSL,Yes,Yes,Yes,No,No,No,No,No
C742082,None,Yes,Yes,Yes,Yes,Yes,No,No,Yes
F878212,None,Yes,Yes,No,No,Yes,No,Yes,Yes
T731870,Fiber Optic,Yes,Yes,Yes,Yes,Yes,Yes,No,No
C883014,Fiber Optic,Yes,Yes,Yes,Yes,Yes,Yes,Yes,No
D349985,None,No,Yes,Yes,Yes,Yes,Yes,No,No
I765697,None,Yes,No,No,No,Yes,No,Yes,No
L280248,None,Yes,Yes,Yes,Yes,No,No,Yes,No
V204161,DSL,Yes,Yes,Yes,No,No,No,Yes,Yes
J280317,DSL,Yes,Yes,No,Yes,No,Yes,Yes,No
Y190385,DSL,Yes,No,No,Yes,Yes,No,Yes,Yes
G650321,DSL,Yes,Yes,No,Yes,No,No,No,Yes
P349310,DSL,Yes,No,No,No,Yes,No,Yes,No
T360114,Fiber Optic,No,No,Yes,Yes,No,No,No,Yes
B128794,Fiber Optic,Yes,Yes,Yes,Yes,Yes,No,No,Yes
Y180853,DSL,No,No,Yes,No,No,No,Yes,No
X890251,Fiber Optic,Yes,No,No,No,No,Yes,Yes,No
S550433,Fiber Optic,No,No,Yes,No,Yes,Yes,No,No
Z327230,DSL,Yes,No,No,No,No,No,No,Yes
Z748506,Fiber Optic,Yes,No,Yes,No,Yes,No,Yes,No
U821333,Fiber Optic,Yes,Yes,Yes,No,No,No,No,Yes
P222800,Fiber Optic,Yes,Yes,No,No,Yes,No,No,Yes
W52065,None,Yes,No,Yes,No,Yes,No,Yes,Yes
Q345034,DSL,Yes,Yes,No,Yes,No,Yes,Yes,No
W987217,Fiber Optic,Yes,Yes,No,Yes,No,No,No,Yes
L595428,DSL,Yes,Yes,Yes,Yes,No,No,No,Yes
D808028,Fiber Optic,Yes,No,No,Yes,Yes,Yes,No,Yes
A776577,DSL,Yes,No,No,No,Yes,No,Yes,Yes
R407604,Fiber Optic,Yes,No,Yes,Yes,No,Yes,No,No
W17115,Fiber Optic,No,Yes,Yes,No,No,No,Yes,Yes
B950646,DSL,Yes,Yes,Yes,No,No,No,Yes,No
X33849,DSL,Yes,Yes,No,No,Yes,Yes,No,Yes
S58503,Fiber Optic,Yes,Yes,Yes,Yes,No,No,Yes,Yes
N253276,Fiber Optic,Yes,No,No,No,Yes,No,No,Yes
W405865,DSL,Yes,No,Yes,Yes,No,No,Yes,Yes
N247032,Fiber Optic,Yes,Yes,Yes,No,No,Yes,No,Yes
Z858434,Fiber Optic,Yes,Yes,Yes,Yes,Yes,No,Yes,Yes
B385712,None,Yes,Yes,Yes,Yes,No,Yes,No,Yes
K783774,DSL,Yes,No,No,Yes,No,No,Yes,Yes
J88059,None,Yes,No,No,No,Yes,No,Yes,No
N112517,Fiber Optic,Yes,No,No,No,No,Yes,No,No
K798113,DSL,No,Yes,No,No,No,No,Yes,No
K879725,None,Yes,No,Yes,No,Yes,No,Yes,No
M899572,Fiber Optic,Yes,Yes,Yes,No,Yes,Yes,No,No
I249423,None,Yes,Yes,No,Yes,Yes,No,Yes,Yes
V879846,DSL,Yes,No,No,No,No,Yes,No,Yes
B361009,Fiber Optic,Yes,No,No,Yes,No,No,Yes,No
S911015,Fiber Optic,No,Yes,Yes,No,No,No,No,No
O790940,None,Yes,No,No,Yes,No,No,Yes,Yes
U567243,Fiber Optic,Yes,Yes,No,Yes,Yes,Yes,Yes,No
C757251,DSL,Yes,Yes,No,No,Yes,Yes,No,Yes
P781692,DSL,No,No,Yes,Yes,No,Yes,No,Yes
J07300,Fiber Optic,Yes,No,No,No,No,No,Yes,Yes
S497913,None,Yes,Yes,No,Yes,No,No,Yes,Yes
D155978,Fiber Optic,No,No,Yes,Yes,Yes,No,No,Yes
Z296805,Fiber Optic,Yes,No,No,Yes,No,Yes,No,Yes
F914979,DSL,Yes,Yes,No,No,Yes,Yes,Yes,Yes
N200102,Fiber Optic,Yes,No,No,Yes,Yes,No,No,No
X178794,None,Yes,No,No,Yes,Yes,No,No,Yes
E85379,None,Yes,No,No,Yes,No,No,Yes,No
D820355,Fiber Optic,Yes,No,No,Yes,No,Yes,No,No
C693256,DSL,Yes,Yes,No,No,No,No,Yes,No
A05946,Fiber Optic,No,No,No,No,No,No,Yes,Yes
R768749,Fiber Optic,Yes,Yes,No,No,No,No,No,Yes
Y361686,DSL,Yes,Yes,No,Yes,Yes,Yes,No,Yes
A765364,DSL,No,No,No,Yes,No,Yes,Yes,No
D123626,None,Yes,Yes,No,No,No,No,Yes,No
N780122,Fiber Optic,Yes,No,Yes,No,Yes,Yes,Yes,Yes
V635970,Fiber Optic,Yes,No,No,No,No,Yes,Yes,Yes
M24464,DSL,Yes,Yes,No,No,No,Yes,No,Yes
N15974,Fiber Optic,Yes,Yes,No,No,No,No,Yes,No
K999820,Fiber Optic,Yes,Yes,Yes,Yes,Yes,No,Yes,Yes
O583603,DSL,Yes,Yes,No,No,Yes,No,No,No
Z718044,DSL,Yes,No,Yes,Yes,Yes,No,No,Yes
T716617,None,Yes,Yes,Yes,No,Yes,Yes,No,Yes
C595221,None,Yes,No,Yes,No,No,No,No,Yes
X167846,DSL,Yes,Yes,Yes,No,No,No,Yes,Yes
R42493,DSL,Yes,Yes,No,No,Yes,Yes,Yes,No
E802487,Fiber Optic,Yes,Yes,Yes,Yes,Yes,Yes,Yes,No
A464657,Fiber Optic,Yes,No,No,No,No,No,No,No
Q89705,DSL,Yes,Yes,No,Yes,No,No,No,No
I718942,DSL,Yes,Yes,No,No,No,No,No,No
P725200,DSL,Yes,Yes,Yes,No,Yes,No,Yes,Yes
V116281,DSL,Yes,No,Yes,No,No,No,No,No
N627924,DSL,Yes,Yes,No,No,Yes,No,Yes,No
Y908580,Fiber Optic,Yes,No,No,Yes,No,No,No,Yes
E674288,None,Yes,No,Yes,Yes,No,No,No,Yes
P606795,Fiber Optic,Yes,Yes,No,Yes,Yes,No,No,Yes
V49732,None,Yes,No,Yes,Yes,No,No,Yes,Yes
D302447,DSL,Yes,No,No,Yes,Yes,No,No,Yes
N871548,None,Yes,Yes,Yes,No,Yes,Yes,No,Yes
W622288,None,Yes,No,No,Yes,Yes,No,No,No
D885615,DSL,No,Yes,Yes,No,No,No,Yes,No
W403395,Fiber Optic,Yes,No,No,Yes,No,Yes,Yes,No
M754335,Fiber Optic,Yes,Yes,No,No,Yes,No,Yes,Yes
M170761,Fiber Optic,Yes,No,No,No,Yes,Yes,Yes,No
I488605,None,Yes,No,No,No,No,Yes,No,No
Q206821,DSL,Yes,No,No,No,Yes,Yes,Yes,Yes
W965504,None,Yes,Yes,Yes,Yes,Yes,Yes,No,Yes
R17437,DSL,No,No,No,No,Yes,Yes,No,No
C129717,Fiber Optic,Yes,No,No,No,No,No,No,No
Z494784,DSL,Yes,Yes,Yes,No,No,No,No,Yes
M105252,None,Yes,No,Yes,No,No,Yes,No,No
E520181,Fiber Optic,No,Yes,No,Yes,No,Yes,No,Yes
Q937859,Fiber Optic,Yes,Yes,No,Yes,No,Yes,No,Yes
S300408,Fiber Optic,Yes,No,No,No,Yes,Yes,No,Yes
N634323,Fiber Optic,Yes,No,Yes,No,No,Yes,Yes,No
L275972,None,Yes,Yes,Yes,Yes,No,No,No,No
D905118,None,Yes,Yes,No,No,No,No,Yes,No
S988571,DSL,Yes,No,No,No,No,No,No,No
Q642363,Fiber Optic,No,No,No,Yes,No,Yes,No,No
H396745,Fiber Optic,Yes,No,Yes,Yes,Yes,No,No,Yes
W87449,None,Yes,No,Yes,Yes,No,No,No,No
I580698,Fiber Optic,Yes,Yes,Yes,No,No,No,Yes,Yes
N522883,DSL,Yes,Yes,Yes,No,No,Yes,No,Yes
C35778,None,Yes,Yes,Yes,Yes,No,Yes,Yes,No
B980720,Fiber Optic,Yes,No,No,No,No,No,Yes,Yes
P15322,Fiber Optic,Yes,Yes,No,No,Yes,No,Yes,Yes
F757012,Fiber Optic,Yes,No,Yes,Yes,Yes,No,No,Yes
D745773,DSL,Yes,No,No,Yes,No,No,No,No
T130709,Fiber Optic,Yes,Yes,No,Yes,No,No,No,No
B83164,None,Yes,Yes,Yes,Yes,Yes,No,Yes,Yes
P484759,Fiber Optic,Yes,Yes,No,Yes,Yes,No,Yes,Yes
K43066,Fiber Optic,Yes,Yes,No,No,Yes,No,Yes,Yes
E936988,None,Yes,No,No,No,Yes,No,Yes,Yes
K299226,Fiber Optic,No,Yes,No,No,No,Yes,Yes,Yes
C112139,Fiber Optic,Yes,Yes,No,No,No,No,No,No
T377657,None,Yes,Yes,No,Yes,No,No,No,No
K894220,Fiber Optic,Yes,Yes,No,Yes,No,No,No,Yes
Z909144,DSL,No,No,No,Yes,Yes,No,No,Yes
D153017,Fiber Optic,Yes,No,No,Yes,Yes,No,No,Yes
O758268,DSL,Yes,No,No,No,No,Yes,No,No
H901574,Fiber Optic,Yes,Yes,No,Yes,No,No,Yes,No
L96424,Fiber Optic,Yes,No,No,No,Yes,No,No,Yes
M30051,Fiber Optic,Yes,No,No,No,No,Yes,No,Yes
G426825,None,Yes,No,No,No,No,No,No,Yes
T444872,None,Yes,Yes,No,No,Yes,Yes,No,Yes
W389014,None,Yes,Yes,No,Yes,No,Yes,No,No
Z987566,Fiber Optic,Yes,No,No,No,Yes,No,No,Yes
S987291,DSL,Yes,Yes,No,No,No,Yes,Yes,No
M837325,None,Yes,No,No,No,No,No,Yes,No
Z13801,Fiber Optic,Yes,No,Yes,Yes,No,No,No,Yes
I938194,Fiber Optic,Yes,No,No,Yes,No,No,Yes,No
J101078,Fiber Optic,Yes,Yes,Yes,No,No,Yes,Yes,Yes
Q875442,DSL,Yes,Yes,No,No,No,No,Yes,Yes
O535543,None,Yes,No,No,Yes,No,No,No,No
A06667,DSL,Yes,Yes,No,Yes,Yes,Yes,No,Yes
O985470,Fiber Optic,Yes,No,No,Yes,Yes,No,No,Yes
I439618,DSL,Yes,No,No,Yes,No,Yes,No,No
F175070,DSL,No,Yes,No,No,No,Yes,No,No
B369784,Fiber Optic,Yes,Yes,No,No,No,No,No,Yes
P711855,DSL,Yes,No,No,Yes,No,Yes,No,No
U505928,Fiber Optic,Yes,No,Yes,No,Yes,Yes,No,Yes
Z944286,DSL,No,Yes,No,No,Yes,Yes,Yes,Yes
Z676567,Fiber Optic,Yes,No,No,Yes,No,No,Yes,Yes
H378203,Fiber Optic,Yes,Yes,Yes,Yes,No,No,No,No
Y162835,DSL,No,Yes,Yes,Yes,Yes,No,No,Yes
G88174,Fiber Optic,Yes,Yes,Yes,Yes,No,No,No,No
H247640,Fiber Optic,Yes,No,Yes,No,No,No,No,No
D545228,DSL,Yes,No,No,Yes,Yes,No,No,Yes
J115166,Fiber Optic,Yes,No,No,Yes,Yes,No,No,Yes
P319624,None,Yes,Yes,Yes,Yes,No,Yes,No,Yes
B136240,Fiber Optic,Yes,Yes,Yes,Yes,Yes,No,Yes,No
G851411,Fiber Optic,Yes,No,Yes,No,No,No,Yes,No
Q186415,Fiber Optic,Yes,No,No,Yes,No,Yes,No,Yes
K412150,DSL,Yes,Yes,No,No,Yes,No,No,Yes
J562044,Fiber Optic,Yes,Yes,Yes,Yes,No,No,No,No
C585212,Fiber Optic,Yes,Yes,No,No,No,No,No,No
Q956853,DSL,Yes,No,Yes,Yes,Yes,Yes,Yes,Yes
K840087,DSL,No,No,No,Yes,Yes,No,No,No
E249276,Fiber Optic,Yes,No,No,No,Yes,Yes,Yes,No
G540903,Fiber Optic,Yes,No,No,No,Yes,No,Yes,Yes
M356621,None,Yes,Yes,No,Yes,Yes,Yes,Yes,Yes
B707938,Fiber Optic,No,Yes,Yes,No,No,No,Yes,Yes
C612880,Fiber Optic,Yes,No,Yes,Yes,No,No,No,No
Q531557,Fiber Optic,Yes,No,No,Yes,No,No,Yes,Yes
C271341,Fiber Optic,No,Yes,No,Yes,Yes,No,No,Yes
F57817,Fiber Optic,Yes,Yes,No,Yes,Yes,No,No,Yes
Q722018,Fiber Optic,Yes,No,No,Yes,Yes,No,Yes,No
R65614,Fiber Optic,Yes,Yes,No,No,Yes,No,Yes,Yes
U961818,Fiber Optic,Yes,No,Yes,No,Yes,Yes,Yes,Yes
A267630,None,Yes,No,No,Yes,Yes,Yes,No,Yes
L558926,Fiber Optic,No,Yes,Yes,Yes,No,Yes,Yes,No
E242415,DSL,Yes,Yes,Yes,Yes,No,No,Yes,Yes
T42915,DSL,Yes,No,No,No,No,No,No,No
F186234,DSL,Yes,Yes,Yes,Yes,No,Yes,Yes,No
N663753,DSL,Yes,No,Yes,Yes,Yes,Yes,No,Yes
H960808,DSL,No,No,Yes,No,Yes,Yes,Yes,No
L608283,Fiber Optic,Yes,Yes,No,No,No,Yes,Yes,Yes
Z993409,None,Yes,Yes,Yes,Yes,Yes,Yes,No,No
F774246,Fiber Optic,Yes,No,No,Yes,Yes,No,No,Yes
A36623,None,Yes,No,No,No,Yes,No,Yes,No
E965419,None,Yes,Yes,No,Yes,No,No,Yes,No
G272085,DSL,Yes,No,No,No,No,No,Yes,Yes
K465973,Fiber Optic,Yes,Yes,No,No,Yes,No,No,No
W368790,None,No,No,No,Yes,Yes,No,No,Yes
Q610916,Fiber Optic,Yes,No,Yes,Yes,No,No,No,Yes
O435835,Fiber Optic,Yes,Yes,No,No,No,No,Yes,Yes
Q724137,DSL,Yes,Yes,No,No,Yes,Yes,Yes,Yes
I250725,DSL,No,No,No,Yes,Yes,Yes,Yes,No
J75757,DSL,Yes,No,No,No,Yes,No,No,No
S541475,Fiber Optic,Yes,No,No,No,Yes,No,Yes,Yes
P218738,Fiber Optic,Yes,Yes,Yes,No,Yes,No,No,Yes
O881990,DSL,Yes,No,No,Yes,No,No,Yes,Yes
S883911,Fiber Optic,Yes,No,Yes,Yes,No,No,No,Yes
V588439,Fiber Optic,Yes,Yes,No,Yes,Yes,No,Yes,No
J305888,None,Yes,No,Yes,Yes,Yes,Yes,Yes,No
Q270313,DSL,Yes,Yes,Yes,No,No,Yes,Yes,No
H750600,Fiber Optic,Yes,No,No,Yes,No,No,Yes,Yes
Z401773,DSL,Yes,Yes,No,Yes,Yes,No,Yes,Yes
I475020,DSL,Yes,Yes,No,Yes,No,Yes,No,No
E459915,Fiber Optic,Yes,No,No,No,Yes,Yes,No,Yes
A560329,Fiber Optic,Yes,No,Yes,No,No,Yes,No,No
K400482,DSL,Yes,Yes,Yes,No,No,Yes,Yes,Yes
E705949,Fiber Optic,Yes,Yes,No,Yes,Yes,No,Yes,No
M646019,Fiber Optic,Yes,Yes,Yes,Yes,Yes,Yes,Yes,No
O302793,None,No,No,No,Yes,No,Yes,Yes,No
E698741,Fiber Optic,Yes,No,No,Yes,Yes,Yes,No,Yes
A987044,DSL,Yes,Yes,No,No,Yes,No,Yes,Yes
D956699,DSL,Yes,No,Yes,Yes,No,No,No,Yes
S451747,DSL,Yes,Yes,No,Yes,Yes,No,No,No
R45785,Fiber Optic,Yes,No,No,Yes,Yes,No,No,Yes
R374499,Fiber Optic,Yes,Yes,No,No,Yes,No,Yes,No
Y747047,DSL,Yes,No,Yes,No,Yes,Yes,Yes,No
D666505,None,Yes,Yes,Yes,Yes,No,No,No,No
K492175,DSL,Yes,No,No,No,No,No,No,Yes
G869245,Fiber Optic,Yes,No,No,No,No,Yes,No,No
N954346,DSL,No,No,No,No,Yes,Yes,No,No
I493615,Fiber Optic,Yes,No,No,Yes,No,No,No,No
W345311,Fiber Optic,Yes,Yes,No,No,No,No,Yes,No
F86943,None,Yes,Yes,No,No,Yes,No,No,No
F823751,DSL,No,No,No,No,No,Yes,No,Yes
I369913,Fiber Optic,Yes,No,No,No,No,No,No,No
E702248,Fiber Optic,Yes,No,Yes,Yes,Yes,No,Yes,Yes
H314025,Fiber Optic,Yes,Yes,No,No,Yes,No,No,Yes
C190080,Fiber Optic,Yes,Yes,Yes,Yes,Yes,No,No,Yes
N123959,DSL,Yes,Yes,Yes,No,Yes,Yes,Yes,No
M899189,DSL,Yes,Yes,No,No,No,Yes,No,Yes
J313434,Fiber Optic,Yes,No,Yes,No,Yes,No,Yes,Yes
I958169,None,Yes,No,No,No,No,Yes,Yes,No
C116690,None,Yes,Yes,No,No,No,Yes,Yes,Yes
F882447,DSL,Yes,No,No,Yes,No,Yes,Yes,Yes
E781539,None,Yes,Yes,Yes,No,No,No,No,Yes
N296260,DSL,Yes,No,No,Yes,Yes,No,Yes,Yes
J412316,DSL,Yes,Yes,Yes,No,No,No,Yes,No
T169300,Fiber Optic,Yes,Yes,No,Yes,Yes,No,No,Yes
C708997,Fiber Optic,Yes,Yes,Yes,Yes,Yes,Yes,Yes,No
L277341,Fiber Optic,Yes,Yes,Yes,No,No,No,Yes,No
B84035,Fiber Optic,Yes,No,Yes,No,No,No,Yes,Yes
M65348,Fiber Optic,Yes,Yes,Yes,No,No,No,No,Yes
D560109,None,No,No,No,No,No,Yes,Yes,No
E94706,Fiber Optic,Yes,No,No,No,Yes,No,No,No
U272006,DSL,No,Yes,No,No,No,Yes,No,Yes
P261491,None,Yes,No,Yes,Yes,No,No,Yes,No
J281764,Fiber Optic,Yes,Yes,Yes,No,Yes,Yes,No,No
C34648,DSL,Yes,Yes,No,No,Yes,No,Yes,No
Z501442,DSL,Yes,Yes,No,No,Yes,No,No,No
P338134,DSL,Yes,No,Yes,Yes,Yes,Yes,No,Yes
S704223,Fiber Optic,No,Yes,No,Yes,Yes,No,No,No
U645837,DSL,Yes,Yes,Yes,Yes,No,No,Yes,Yes
F830666,DSL,Yes,No,No,Yes,No,Yes,Yes,Yes
E577272,DSL,Yes,No,Yes,No,Yes,No,Yes,No
P450130,Fiber Optic,Yes,No,Yes,Yes,No,Yes,Yes,No
D292974,None,Yes,No,Yes,Yes,No,Yes,No,Yes
L594942,None,Yes,No,No,Yes,No,Yes,No,No
D449561,Fiber Optic,No,No,No,Yes,No,No,Yes,Yes
Z637015,Fiber Optic,Yes,No,No,Yes,Yes,No,No,No
J215190,None,Yes,Yes,Yes,No,Yes,No,Yes,No
S222652,DSL,Yes,Yes,No,Yes,Yes,Yes,Yes,Yes
R369407,Fiber Optic,Yes,No,No,Yes,No,No,Yes,No
J339712,Fiber Optic,Yes,No,Yes,Yes,Yes,Yes,Yes,Yes
M30542,Fiber Optic,Yes,No,No,No,Yes,No,No,Yes
Z709934,DSL,Yes,No,No,No,No,Yes,No,Yes
M18617,Fiber Optic,Yes,No,Yes,Yes,Yes,Yes,Yes,Yes
A490867,Fiber Optic,Yes,No,Yes,No,No,Yes,No,Yes
E605510,None,Yes,Yes,No,Yes,No,Yes,Yes,Yes
C426956,DSL,Yes,Yes,No,Yes,No,Yes,Yes,No
N312898,DSL,No,Yes,No,No,Yes,Yes,Yes,No
P401215,DSL,Yes,Yes,No,Yes,No,No,No,No
Y168157,DSL,Yes,Yes,No,Yes,No,No,No,No
F702843,Fiber Optic,No,No,No,Yes,Yes,No,Yes,Yes
O346280,DSL,Yes,No,No,No,No,Yes,Yes,No
E798904,DSL,Yes,Yes,Yes,Yes,Yes,No,Yes,Yes
F789317,Fiber Optic,Yes,No,No,No,No,Yes,No,No
D938071,DSL,Yes,Yes,No,Yes,Yes,Yes,Yes,Yes
J237830,DSL,Yes,Yes,Yes,No,No,No,Yes,No
W679652,None,Yes,No,No,No,Yes,No,No,Yes
I317260,DSL,Yes,Yes,No,No,Yes,No,No,No
U00501,DSL,Yes,No,No,No,Yes,Yes,Yes,No
P980194,Fiber Optic,Yes,Yes,No,Yes,No,Yes,Yes,Yes
G417160,None,Yes,Yes,No,No,No,No,No,No
P271479,Fiber Optic,Yes,Yes,Yes,No,No,No,Yes,No
G340831,Fiber Optic,Yes,Yes,No,Yes,Yes,No,Yes,No
E556319,Fiber Optic,Yes,No,No,No,Yes,No,Yes,Yes
V493123,DSL,Yes,Yes,No,No,Yes,Yes,No,No
T431514,Fiber Optic,Yes,Yes,Yes,No,No,No,No,No
K202230,DSL,Yes,No,No,No,No,No,Yes,No
L154203,Fiber Optic,Yes,No,No,No,Yes,No,Yes,No
K960941,Fiber Optic,Yes,Yes,Yes,No,Yes,Yes,Yes,No
W368352,Fiber Optic,Yes,Yes,No,No,No,No,No,No
B568158,DSL,Yes,Yes,Yes,Yes,Yes,No,Yes,Yes
M235859,None,Yes,Yes,No,No,No,No,No,No
X774162,Fiber Optic,Yes,No,Yes,No,No,No,Yes,No
D456001,DSL,No,No,Yes,Yes,Yes,No,Yes,Yes
C356278,DSL,Yes,No,No,Yes,No,Yes,No,No
L319399,DSL,Yes,No,Yes,No,No,Yes,No,Yes
N10509,Fiber Optic,No,No,Yes,No,Yes,No,Yes,Yes
C825312,Fiber Optic,Yes,No,No,Yes,No,No,No,No
L129384,DSL,Yes,Yes,No,No,No,Yes,No,Yes
T56833,Fiber Optic,Yes,Yes,No,Yes,Yes,Yes,No,No
T987467,DSL,Yes,Yes,No,No,Yes,No,No,No
I62827,DSL,Yes,No,Yes,No,No,Yes,No,Yes
K316303,Fiber Optic,Yes,No,No,Yes,No,No,No,No
C661614,Fiber Optic,Yes,No,No,No,No,No,No,No
O884860,Fiber Optic,Yes,Yes,No,No,No,No,No,No
X349441,None,Yes,No,No,No,No,No,Yes,No
F486144,DSL,Yes,Yes,No,Yes,No,No,Yes,Yes
A795602,Fiber Optic,Yes,Yes,Yes,No,Yes,Yes,No,Yes
P374315,DSL,Yes,No,No,Yes,No,Yes,No,No
L393972,None,Yes,No,Yes,Yes,Yes,Yes,Yes,No
L940323,Fiber Optic,Yes,No,No,Yes,Yes,No,No,No
U515711,None,No,Yes,No,Yes,No,No,Yes,Yes
U344970,None,Yes,No,Yes,No,Yes,No,No,Yes
S199014,DSL,Yes,No,No,Yes,No,No,Yes,No
S944238,Fiber Optic,Yes,Yes,No,No,Yes,Yes,No,Yes
M752980,DSL,Yes,Yes,No,No,No,No,Yes,No
T482512,Fiber Optic,Yes,No,No,Yes,No,No,No,No
L542612,None,Yes,No,No,Yes,No,No,Yes,No
I679830,Fiber Optic,Yes,No,Yes,Yes,Yes,Yes,No,Yes
L933426,Fiber Optic,Yes,Yes,No,Yes,No,Yes,Yes,Yes
K725096,DSL,No,No,No,No,No,Yes,Yes,Yes
D225235,Fiber Optic,Yes,No,No,No,No,Yes,No,Yes
Q822881,Fiber Optic,Yes,Yes,No,No,No,Yes,No,No
K112352,Fiber Optic,Yes,Yes,No,Yes,No,No,Yes,No
N523135,Fiber Optic,Yes,Yes,No,No,No,No,No,Yes
Q26506,DSL,Yes,Yes,No,Yes,Yes,No,Yes,Yes
R593883,DSL,Yes,No,No,No,No,Yes,No,Yes
N222050,None,Yes,Yes,Yes,Yes,Yes,No,Yes,No
Z460359,DSL,Yes,No,No,Yes,No,No,Yes,No
K885847,Fiber Optic,Yes,No,Yes,No,Yes,No,No,No
V698076,Fiber Optic,Yes,Yes,Yes,Yes,Yes,No,Yes,No
A825502,Fiber Optic,Yes,Yes,No,Yes,Yes,Yes,Yes,No
H928939,Fiber Optic,Yes,No,Yes,Yes,No,No,No,No
X37445,Fiber Optic,Yes,No,Yes,No,Yes,No,Yes,Yes
J33472,DSL,Yes,Yes,No,Yes,Yes,Yes,No,Yes
C582722,None,Yes,No,No,No,Yes,Yes,No,Yes
L980328,DSL,Yes,Yes,Yes,No,No,No,No,Yes
X808372,Fiber Optic,Yes,Yes,No,Yes,Yes,No,Yes,Yes
B601895,Fiber Optic,Yes,No,No,No,No,Yes,No,Yes
E920808,Fiber Optic,Yes,No,No,Yes,Yes,No,Yes,Yes
X972558,Fiber Optic,Yes,Yes,No,Yes,Yes,Yes,No,Yes
V330988,None,Yes,Yes,Yes,No,Yes,No,Yes,Yes
T767556,None,Yes,Yes,No,Yes,Yes,No,Yes,Yes
R790383,Fiber Optic,No,Yes,No,Yes,No,Yes,Yes,No
B831355,None,Yes,No,Yes,No,No,No,No,Yes
M231870,Fiber Optic,No,No,Yes,No,No,No,No,Yes
P635169,Fiber Optic,Yes,Yes,Yes,No,Yes,No,No,No
Y584273,Fiber Optic,No,No,Yes,No,No,No,Yes,No
E559589,None,Yes,No,No,No,No,Yes,No,No
S812132,Fiber Optic,Yes,No,No,Yes,Yes,Yes,Yes,Yes
A957431,None,Yes,No,No,Yes,No,Yes,No,Yes
X748009,Fiber Optic,Yes,No,No,Yes,No,Yes,No,No
T279040,Fiber Optic,Yes,Yes,Yes,No,No,Yes,No,No
W619405,None,Yes,No,No,No,Yes,No,No,Yes
D683005,DSL,Yes,Yes,No,No,No,Yes,Yes,No
D840710,DSL,Yes,No,No,No,No,Yes,Yes,No
C37582,None,Yes,No,No,Yes,No,Yes,Yes,No
S59586,None,Yes,Yes,No,Yes,Yes,No,Yes,Yes
Z16192,DSL,Yes,No,No,Yes,Yes,Yes,Yes,No
C533700,None,Yes,Yes,Yes,Yes,No,No,No,No
P82698,None,Yes,Yes,No,No,No,No,No,No
X577275,None,Yes,No,No,Yes,No,Yes,No,No
Q857934,None,Yes,No,Yes,Yes,Yes,Yes,No,Yes
W815471,None,Yes,No,No,Yes,No,No,Yes,Yes
Z514718,Fiber Optic,Yes,Yes,Yes,Yes,No,Yes,No,Yes
M144568,Fiber Optic,Yes,No,No,Yes,No,Yes,No,No
V366783,Fiber Optic,Yes,Yes,No,Yes,No,No,Yes,Yes
Q190990,None,Yes,Yes,Yes,No,No,Yes,Yes,Yes
O326088,DSL,Yes,No,Yes,Yes,Yes,No,Yes,No
A300601,DSL,Yes,Yes,No,No,No,No,Yes,Yes
V630491,DSL,Yes,No,Yes,Yes,No,Yes,No,Yes
B469043,Fiber Optic,Yes,Yes,Yes,Yes,No,Yes,Yes,No
P530226,DSL,Yes,Yes,No,No,No,Yes,Yes,No
Y178063,DSL,Yes,Yes,No,Yes,No,No,Yes,No
W674486,DSL,Yes,No,No,No,No,Yes,Yes,Yes
A991604,DSL,Yes,Yes,No,Yes,No,No,Yes,Yes
Q924752,DSL,Yes,No,No,Yes,Yes,Yes,No,No
P576478,DSL,Yes,No,No,No,No,Yes,No,No
U495259,DSL,Yes,No,No,No,No,Yes,No,Yes
T114413,None,Yes,Yes,No,No,No,Yes,No,No
N969918,DSL,Yes,No,No,No,No,Yes,No,Yes
C726077,Fiber Optic,Yes,Yes,No,Yes,Yes,No,No,Yes
E370463,DSL,No,No,Yes,Yes,No,No,No,No
B803995,Fiber Optic,Yes,Yes,Yes,No,No,No,Yes,Yes
I139966,Fiber Optic,Yes,No,No,Yes,No,Yes,Yes,Yes
M750521,None,Yes,No,Yes,Yes,Yes,No,No,No
R75508,Fiber Optic,Yes,No,Yes,Yes,No,No,Yes,Yes
A871046,Fiber Optic,Yes,Yes,No,No,No,No,No,No
O962208,DSL,Yes,Yes,Yes,No,Yes,No,No,Yes
Q170446,DSL,Yes,Yes,Yes,No,No,Yes,No,No
M144232,DSL,Yes,Yes,Yes,No,No,No,Yes,Yes
D229153,Fiber Optic,Yes,No,No,No,No,No,Yes,No
D953868,Fiber Optic,Yes,No,No,No,No,No,Yes,Yes
W453254,DSL,Yes,Yes,No,No,Yes,No,Yes,Yes
W204997,Fiber Optic,Yes,Yes,Yes,Yes,Yes,No,Yes,No
E77227,Fiber Optic,Yes,No,No,Yes,Yes,Yes,No,No
F504193,Fiber Optic,Yes,No,No,No,Yes,Yes,No,No
E941116,DSL,Yes,Yes,Yes,No,No,No,No,No
L403049,Fiber Optic,Yes,No,Yes,No,No,No,No,No
Q461091,Fiber Optic,Yes,Yes,Yes,No,Yes,No,No,Yes
Z357278,Fiber Optic,Yes,No,No,No,No,No,No,Yes
S422197,Fiber Optic,Yes,No,Yes,No,No,No,No,Yes
C647303,Fiber Optic,Yes,No,No,Yes,Yes,No,Yes,Yes
K619026,Fiber Optic,Yes,No,No,Yes,No,No,Yes,No
V409169,DSL,Yes,Yes,Yes,No,No,Yes,Yes,No
N695754,Fiber Optic,Yes,Yes,No,No,Yes,No,Yes,No
G798762,DSL,Yes,No,No,Yes,Yes,No,Yes,Yes
W705014,DSL,Yes,Yes,Yes,Yes,No,Yes,Yes,No
Y93277,Fiber Optic,Yes,No,No,No,No,No,No,No
V155685,Fiber Optic,Yes,Yes,No,No,Yes,No,Yes,Yes
O263182,DSL,Yes,No,Yes,Yes,Yes,No,Yes,Yes
U338809,DSL,Yes,Yes,Yes,No,Yes,No,Yes,No
G569062,DSL,Yes,No,Yes,Yes,Yes,No,Yes,Yes
Y803084,DSL,Yes,Yes,No,Yes,Yes,No,No,Yes
T207990,DSL,Yes,Yes,Yes,Yes,No,No,Yes,Yes
W488390,None,Yes,Yes,No,No,Yes,Yes,No,No
F153748,Fiber Optic,Yes,No,Yes,Yes,Yes,No,Yes,No
Z188926,Fiber Optic,Yes,Yes,Yes,No,No,No,Yes,No
J947579,Fiber Optic,Yes,No,No,No,No,No,No,Yes
I175937,None,Yes,Yes,Yes,Yes,No,No,Yes,Yes
F18401,None,Yes,No,Yes,Yes,Yes,No,Yes,No
X584197,None,Yes,Yes,No,No,No,No,Yes,No
C643455,Fiber Optic,Yes,Yes,No,Yes,Yes,No,Yes,No
J327417,DSL,Yes,No,Yes,No,No,No,No,No
J622447,None,Yes,No,No,No,No,Yes,Yes,No
A948573,None,Yes,Yes,Yes,No,No,Yes,No,Yes
T195574,DSL,Yes,Yes,No,No,Yes,Yes,Yes,No
S88773,Fiber Optic,Yes,Yes,Yes,Yes,No,Yes,No,Yes
W817328,DSL,Yes,No,No,No,Yes,Yes,Yes,No
K154214,Fiber Optic,Yes,No,Yes,No,No,No,No,Yes
S952354,DSL,Yes,No,No,No,No,No,No,No
T474901,Fiber Optic,Yes,Yes,No,No,Yes,Yes,No,No
R243729,None,No,No,Yes,Yes,No,Yes,Yes,Yes
G480012,Fiber Optic,Yes,No,Yes,No,Yes,No,Yes,No
F180372,Fiber Optic,Yes,Yes,No,Yes,No,No,Yes,No
X130405,None,Yes,Yes,No,Yes,No,No,No,No
T470172,Fiber Optic,Yes,No,No,No,Yes,No,No,No
S907944,Fiber Optic,Yes,No,Yes,No,No,No,No,No
W375700,Fiber Optic,Yes,No,No,No,No,No,Yes,No
N516432,Fiber Optic,Yes,Yes,Yes,No,No,Yes,Yes,Yes
D561564,Fiber Optic,Yes,Yes,No,No,No,No,Yes,Yes
H802305,None,Yes,Yes,No,Yes,Yes,Yes,No,No
G752725,Fiber Optic,Yes,No,No,No,Yes,No,No,Yes
Z742463,None,Yes,No,No,Yes,Yes,Yes,No,Yes
F571515,None,Yes,No,No,No,Yes,Yes,No,Yes
P143248,DSL,Yes,Yes,Yes,No,Yes,No,Yes,Yes
N466112,Fiber Optic,Yes,No,Yes,Yes,Yes,Yes,No,No
U616070,None,No,No,Yes,No,Yes,No,Yes,Yes
D138886,DSL,Yes,Yes,No,Yes,No,No,Yes,Yes
X449851,None,Yes,Yes,No,No,Yes,Yes,Yes,Yes
Z818750,None,Yes,No,No,Yes,No,No,No,No
T788611,Fiber Optic,Yes,No,No,Yes,Yes,Yes,Yes,Yes
F185505,None,Yes,No,Yes,No,No,Yes,Yes,No
F780524,None,Yes,No,Yes,Yes,No,No,Yes,Yes
Z53820,DSL,Yes,No,No,Yes,Yes,No,Yes,Yes
P478450,None,Yes,Yes,Yes,Yes,No,Yes,No,No
T81402,DSL,Yes,Yes,No,No,Yes,Yes,No,Yes
K958078,None,Yes,Yes,No,Yes,Yes,No,No,No
K534632,Fiber Optic,No,No,No,No,No,No,Yes,No
Z995043,DSL,Yes,Yes,No,Yes,No,No,No,Yes
J259851,DSL,Yes,No,No,Yes,Yes,Yes,No,Yes
E994144,Fiber Optic,Yes,No,No,Yes,Yes,Yes,No,No
F363929,DSL,No,No,No,Yes,No,Yes,No,Yes
D533301,Fiber Optic,Yes,Yes,No,Yes,Yes,No,No,No
N404807,None,Yes,Yes,Yes,No,Yes,No,No,No
R29520,None,Yes,No,No,Yes,No,Yes,Yes,Yes
P01863,Fiber Optic,Yes,Yes,No,Yes,No,Yes,Yes,Yes
I301776,DSL,Yes,Yes,Yes,Yes,Yes,No,Yes,Yes
Y908340,Fiber Optic,Yes,Yes,Yes,No,Yes,Yes,Yes,Yes
B94067,None,Yes,No,Yes,No,No,Yes,Yes,No
O995027,Fiber Optic,Yes,Yes,No,No,No,No,No,No
R468320,DSL,Yes,Yes,No,No,Yes,Yes,Yes,Yes
F288388,None,Yes,No,No,No,No,No,No,Yes
X181596,Fiber Optic,Yes,No,No,Yes,Yes,No,No,No
P822042,Fiber Optic,Yes,Yes,Yes,No,No,No,No,Yes
S129672,None,Yes,Yes,No,No,Yes,No,Yes,Yes
B507395,DSL,Yes,Yes,No,No,No,No,No,Yes
J988002,Fiber Optic,Yes,Yes,Yes,No,Yes,No,Yes,Yes
D223410,Fiber Optic,Yes,No,No,No,Yes,No,No,No
A301811,Fiber Optic,Yes,Yes,Yes,No,No,No,Yes,No
K720086,Fiber Optic,Yes,No,No,No,Yes,Yes,No,No
J480465,None,Yes,Yes,Yes,Yes,Yes,Yes,Yes,Yes
M385259,Fiber Optic,Yes,No,No,No,No,Yes,No,Yes
W757111,Fiber Optic,Yes,Yes,No,No,No,Yes,Yes,No
G320395,DSL,Yes,No,No,No,No,Yes,No,No
L683375,None,Yes,No,No,Yes,Yes,No,No,No
M686165,Fiber Optic,Yes,No,Yes,No,No,Yes,Yes,No
L599723,Fiber Optic,No,Yes,No,Yes,Yes,No,Yes,Yes
L844920,None,Yes,No,Yes,Yes,No,No,Yes,Yes
Y247087,None,Yes,Yes,Yes,No,No,No,No,No
Q348067,DSL,Yes,No,Yes,No,No,No,No,Yes
E390384,Fiber Optic,Yes,Yes,Yes,No,No,No,No,No
Z888971,Fiber Optic,Yes,Yes,No,Yes,Yes,No,Yes,Yes
I702999,None,Yes,Yes,No,No,Yes,No,Yes,Yes
U369695,Fiber Optic,Yes,No,No,Yes,No,Yes,Yes,No
Q248113,DSL,Yes,Yes,No,No,No,Yes,Yes,Yes
Y934084,None,Yes,No,No,No,Yes,No,Yes,No
C618119,DSL,Yes,No,No,Yes,No,Yes,No,Yes
U736444,DSL,Yes,No,No,No,Yes,No,Yes,No
M275292,None,Yes,Yes,Yes,No,Yes,No,No,No
V599639,Fiber Optic,Yes,Yes,No,No,No,No,No,Yes
R269337,None,Yes,No,No,Yes,Yes,Yes,Yes,No
Q925183,DSL,Yes,Yes,No,No,No,No,No,Yes
B894308,Fiber Optic,Yes,No,No,Yes,No,Yes,No,No
J219576,DSL,Yes,No,Yes,No,No,No,Yes,Yes
K284366,Fiber Optic,Yes,Yes,No,No,No,No,No,Yes
V384695,Fiber Optic,Yes,No,Yes,No,No,No,Yes,No
S697564,Fiber Optic,Yes,Yes,Yes,No,Yes,No,No,Yes
V601914,DSL,Yes,No,Yes,No,No,No,Yes,Yes
J280246,Fiber Optic,No,No,No,Yes,Yes,Yes,Yes,No
W477705,None,Yes,No,Yes,Yes,No,Yes,No,No
K874544,Fiber Optic,Yes,Yes,No,Yes,Yes,No,Yes,No
F132006,None,Yes,Yes,No,No,Yes,No,No,No
W575617,DSL,Yes,Yes,No,No,Yes,No,Yes,No
L388163,Fiber Optic,Yes,No,No,No,Yes,No,Yes,Yes
N21173,DSL,Yes,Yes,No,No,Yes,Yes,No,Yes
J422302,Fiber Optic,Yes,No,Yes,Yes,Yes,Yes,Yes,No
S749342,DSL,Yes,Yes,No,No,No,Yes,No,No
Z974546,None,Yes,No,Yes,Yes,No,No,Yes,No
Z929463,Fiber Optic,Yes,Yes,No,No,Yes,No,No,No
H875358,Fiber Optic,Yes,Yes,Yes,No,No,No,Yes,Yes
L469539,Fiber Optic,No,Yes,Yes,Yes,Yes,No,Yes,Yes
K516166,None,No,No,No,No,Yes,No,Yes,Yes
C615849,None,Yes,No,No,No,No,Yes,Yes,Yes
D73867,DSL,Yes,No,No,Yes,Yes,No,No,No
H251041,Fiber Optic,Yes,Yes,No,Yes,No,No,Yes,No
J541237,None,Yes,No,No,No,Yes,No,Yes,Yes
K632391,DSL,Yes,No,No,No,Yes,Yes,No,No
P36822,Fiber Optic,Yes,Yes,No,Yes,No,No,No,No
Y259434,Fiber Optic,Yes,No,No,Yes,No,No,No,Yes
A764645,Fiber Optic,Yes,No,No,No,No,Yes,Yes,Yes
K795552,DSL,Yes,No,Yes,Yes,No,Yes,Yes,No
T638317,DSL,Yes,Yes,No,Yes,No,Yes,Yes,Yes
L695141,Fiber Optic,Yes,No,No,Yes,No,No,Yes,No
X696049,Fiber Optic,Yes,Yes,No,Yes,Yes,No,Yes,Yes
U99057,DSL,Yes,No,Yes,Yes,No,Yes,No,Yes
R941342,None,Yes,Yes,Yes,No,No,No,No,No
Z232087,DSL,Yes,No,No,No,No,No,Yes,No
S342275,None,No,No,No,No,No,Yes,No,Yes
Z962291,None,Yes,No,No,No,Yes,No,No,Yes
C383896,DSL,Yes,No,Yes,No,Yes,Yes,Yes,No
H687284,Fiber Optic,Yes,No,No,Yes,Yes,No,No,No
X605163,DSL,Yes,No,No,Yes,No,No,Yes,Yes
U724245,DSL,Yes,Yes,Yes,Yes,No,No,No,Yes
C637798,Fiber Optic,Yes,No,No,No,Yes,Yes,Yes,Yes
Q531994,DSL,Yes,No,Yes,No,Yes,No,Yes,Yes
K901994,None,Yes,No,No,No,No,No,No,Yes
E813683,Fiber Optic,Yes,No,Yes,No,Yes,Yes,No,Yes
L219105,DSL,Yes,Yes,No,No,No,No,Yes,No
H908247,Fiber Optic,Yes,No,No,No,No,No,No,No
J588514,None,Yes,Yes,No,No,No,No,No,Yes
V483573,Fiber Optic,Yes,No,Yes,No,No,Yes,No,Yes
P359684,Fiber Optic,Yes,Yes,Yes,Yes,No,No,Yes,No
S217877,None,Yes,Yes,No,No,No,Yes,No,Yes
G280276,None,Yes,Yes,No,Yes,Yes,Yes,Yes,No
H765008,DSL,No,No,No,No,No,No,Yes,Yes
A79548,Fiber Optic,No,Yes,Yes,No,No,No,No,No
Y50015,Fiber Optic,Yes,Yes,No,No,No,No,No,Yes
E444344,DSL,Yes,No,No,No,No,Yes,No,No
N392260,Fiber Optic,Yes,Yes,Yes,Yes,No,Yes,Yes,Yes
A767144,Fiber Optic,Yes,No,No,No,No,No,No,No
N761090,DSL,Yes,Yes,Yes,Yes,No,Yes,Yes,Yes
J636797,DSL,Yes,Yes,No,Yes,Yes,No,Yes,No
F236627,None,Yes,No,No,Yes,Yes,No,No,Yes
Z18210,Fiber Optic,No,No,No,No,No,No,No,Yes
B959713,DSL,Yes,No,No,No,No,Yes,No,Yes
X503544,DSL,Yes,No,No,No,No,Yes,Yes,Yes
J32230,Fiber Optic,Yes,Yes,Yes,No,Yes,Yes,No,Yes
V163590,DSL,Yes,No,No,No,Yes,Yes,Yes,No
K918324,None,Yes,No,Yes,No,Yes,No,No,No
O342390,Fiber Optic,Yes,Yes,No,Yes,No,Yes,No,Yes
R194134,None,Yes,Yes,No,No,Yes,Yes,No,No
S580963,Fiber Optic,Yes,Yes,Yes,Yes,No,No,No,Yes
A822901,None,Yes,Yes,No,Yes,No,Yes,Yes,Yes
C09877,Fiber Optic,Yes,Yes,No,No,No,No,No,Yes
S95379,DSL,Yes,No,No,Yes,No,No,No,No
S459186,Fiber Optic,Yes,Yes,No,Yes,Yes,No,No,No
F466108,None,Yes,No,No,Yes,Yes,No,No,No
S542395,Fiber Optic,Yes,Yes,Yes,No,No,No,No,No
M474053,Fiber Optic,Yes,Yes,No,No,No,Yes,Yes,Yes
F873880,DSL,Yes,Yes,No,No,No,No,Yes,No
P294249,None,Yes,No,Yes,No,No,No,Yes,Yes
B651452,Fiber Optic,Yes,No,Yes,No,No,Yes,Yes,Yes
Y304175,None,Yes,No,Yes,Yes,No,Yes,Yes,Yes
P172027,DSL,Yes,Yes,No,Yes,Yes,No,Yes,No
I229526,Fiber Optic,No,Yes,No,No,Yes,Yes,No,No
I50381,DSL,Yes,No,No,No,Yes,Yes,Yes,Yes
B961799,Fiber Optic,No,Yes,No,No,Yes,No,Yes,Yes
L686238,Fiber Optic,Yes,Yes,No,No,Yes,No,Yes,Yes
I137232,DSL,Yes,No,Yes,Yes,No,No,No,No
C632765,DSL,Yes,No,Yes,No,Yes,No,No,No
O597847,Fiber Optic,Yes,No,No,No,Yes,No,No,No
J108460,Fiber Optic,Yes,No,No,No,No,No,No,Yes
M68775,Fiber Optic,Yes,No,No,No,Yes,No,Yes,No
Q901861,DSL,Yes,No,No,Yes,No,Yes,Yes,Yes
Y380824,Fiber Optic,Yes,No,No,Yes,No,No,Yes,No
S144940,Fiber Optic,Yes,No,No,No,No,Yes,Yes,No
V837342,Fiber Optic,Yes,Yes,No,Yes,No,Yes,No,No
M639958,None,Yes,No,Yes,No,Yes,No,No,Yes
Y778987,Fiber Optic,Yes,No,No,Yes,No,Yes,Yes,No
S421624,Fiber Optic,Yes,No,No,Yes,No,No,Yes,No
T675703,None,Yes,No,Yes,No,Yes,No,Yes,No
X555613,Fiber Optic,Yes,No,No,No,No,Yes,No,No
G213314,None,Yes,Yes,No,Yes,Yes,Yes,Yes,No
A31278,None,Yes,No,Yes,No,Yes,No,Yes,Yes
F721899,Fiber Optic,No,No,No,Yes,No,No,Yes,Yes
S121250,None,Yes,No,Yes,No,No,Yes,Yes,Yes
C843272,DSL,Yes,Yes,No,No,Yes,Yes,No,Yes
N471252,DSL,Yes,No,No,No,Yes,Yes,No,No
R938984,DSL,Yes,Yes,Yes,No,Yes,Yes,Yes,No
Z272227,DSL,Yes,Yes,Yes,Yes,Yes,No,Yes,No
R282758,None,Yes,Yes,No,No,No,No,Yes,No
K966365,Fiber Optic,Yes,No,No,No,No,No,No,No
W295340,Fiber Optic,Yes,Yes,No,Yes,Yes,No,No,Yes
L10778,DSL,Yes,No,No,No,Yes,Yes,Yes,No
M645601,Fiber Optic,No,Yes,No,Yes,Yes,No,No,No
T913744,DSL,Yes,Yes,No,No,No,Yes,Yes,Yes
M782473,None,Yes,Yes,No,Yes,Yes,No,Yes,No
H220560,Fiber Optic,Yes,Yes,No,No,Yes,Yes,No,Yes
C451458,DSL,Yes,Yes,No,No,Yes,Yes,Yes,Yes
H671131,Fiber Optic,Yes,Yes,No,No,No,Yes,No,No
V210365,Fiber Optic,No,No,No,Yes,No,No,No,No
F97446,DSL,Yes,No,No,No,Yes,Yes,Yes,No
Q346035,DSL,Yes,No,No,No,Yes,No,No,Yes
O472020,None,Yes,Yes,No,Yes,Yes,Yes,Yes,No
O285068,DSL,Yes,No,Yes,Yes,No,No,No,No
A166320,Fiber Optic,Yes,Yes,Yes,No,Yes,Yes,No,Yes
L817058,Fiber Optic,Yes,Yes,Yes,No,No,No,Yes,Yes
N251690,None,Yes,Yes,No,No,No,Yes,Yes,No
O463456,Fiber Optic,Yes,Yes,Yes,Yes,Yes,No,Yes,No
K568524,Fiber Optic,Yes,No,No,No,No,No,Yes,No
Y472740,DSL,Yes,Yes,No,No,No,No,No,Yes
Q690485,DSL,Yes,No,Yes,No,Yes,Yes,Yes,No
Q980177,Fiber Optic,Yes,Yes,No,Yes,Yes,Yes,No,No
G581987,Fiber Optic,Yes,No,Yes,Yes,No,No,No,No
D404489,Fiber Optic,Yes,No,No,No,No,No,Yes,Yes
U456991,Fiber Optic,Yes,No,Yes,No,Yes,Yes,Yes,No
J466016,Fiber Optic,No,No,Yes,Yes,No,Yes,Yes,Yes
O362996,Fiber Optic,Yes,Yes,No,No,No,Yes,No,No
S377705,None,No,Yes,No,Yes,No,Yes,Yes,No
M662759,Fiber Optic,Yes,Yes,No,No,No,No,No,Yes
F520630,Fiber Optic,Yes,No,Yes,No,No,No,Yes,Yes
C612366,DSL,Yes,Yes,Yes,Yes,Yes,No,Yes,No
V251779,DSL,Yes,Yes,No,No,Yes,Yes,No,No
Z129927,Fiber Optic,No,Yes,Yes,No,Yes,Yes,Yes,Yes
V378021,Fiber Optic,Yes,No,No,No,Yes,Yes,Yes,Yes
O599935,Fiber Optic,Yes,Yes,No,Yes,Yes,No,No,No
E970987,Fiber Optic,Yes,No,Yes,Yes,No,No,Yes,Yes
Y470985,Fiber Optic,Yes,No,Yes,Yes,No,No,Yes,Yes
M255421,None,No,Yes,No,Yes,Yes,No,Yes,No
G28056,Fiber Optic,Yes,No,No,No,Yes,Yes,No,No
I124834,Fiber Optic,Yes,Yes,No,No,No,Yes,Yes,Yes
V710840,DSL,Yes,Yes,Yes,No,No,Yes,Yes,Yes
D793723,DSL,Yes,Yes,Yes,No,Yes,No,No,No
P494811,DSL,Yes,Yes,Yes,Yes,Yes,No,No,No
O907259,None,Yes,No,Yes,No,No,Yes,Yes,No
C960158,DSL,Yes,Yes,Yes,No,Yes,No,Yes,No
U391073,Fiber Optic,Yes,Yes,No,No,Yes,No,Yes,Yes
I941154,Fiber Optic,Yes,No,Yes,Yes,Yes,No,Yes,No
C432978,Fiber Optic,Yes,Yes,No,No,Yes,Yes,Yes,Yes
J155263,DSL,Yes,No,No,Yes,No,No,No,No
S418516,Fiber Optic,Yes,Yes,Yes,Yes,No,Yes,Yes,Yes
H825420,DSL,Yes,No,No,Yes,Yes,No,Yes,No
A551693,DSL,Yes,Yes,No,Yes,No,No,No,Yes
G278278,DSL,Yes,No,No,No,No,No,No,No
P861065,DSL,Yes,No,No,Yes,Yes,No,No,No
T679908,DSL,Yes,Yes,Yes,No,No,No,No,Yes
Q831079,None,Yes,No,No,Yes,No,No,No,Yes
K544594,Fiber Optic,Yes,No,No,Yes,No,No,No,Yes
V535088,DSL,Yes,No,Yes,Yes,Yes,No,Yes,No
I636534,DSL,Yes,No,No,No,Yes,No,Yes,No
E620176,Fiber Optic,Yes,Yes,No,Yes,No,No,Yes,Yes
N523061,Fiber Optic,Yes,Yes,No,Yes,Yes,Yes,No,No
B713028,DSL,Yes,No,No,Yes,No,No,Yes,Yes
T09250,Fiber Optic,Yes,No,Yes,Yes,Yes,No,No,Yes
K453467,DSL,Yes,No,No,No,Yes,No,Yes,Yes
D01059,None,No,No,Yes,Yes,Yes,Yes,No,Yes
X295143,Fiber Optic,Yes,No,No,Yes,No,No,No,Yes
Z41986,DSL,Yes,Yes,Yes,Yes,Yes,No,No,No
C913229,None,Yes,Yes,No,No,No,No,No,No
I677834,DSL,Yes,Yes,No,No,No,No,No,Yes
A420422,Fiber Optic,Yes,No,Yes,Yes,Yes,No,Yes,No
Q820393,Fiber Optic,Yes,Yes,No,No,Yes,Yes,Yes,No
P342661,None,Yes,No,No,No,No,No,Yes,No
U454955,DSL,Yes,No,Yes,No,No,Yes,No,No
H593898,None,Yes,Yes,Yes,No,No,Yes,No,Yes
D292409,None,Yes,No,Yes,No,Yes,Yes,Yes,Yes
D46478,DSL,Yes,No,Yes,No,Yes,No,No,Yes
L174354,DSL,Yes,No,No,No,Yes,No,No,Yes
I08065,DSL,Yes,Yes,Yes,No,No,No,No,No
B371130,Fiber Optic,Yes,No,Yes,Yes,Yes,No,No,Yes
T268070,DSL,Yes,Yes,No,No,No,Yes,Yes,No
E387250,DSL,Yes,No,Yes,No,No,No,No,No
S788823,DSL,Yes,No,Yes,Yes,No,Yes,No,Yes
E709997,Fiber Optic,Yes,No,No,Yes,No,Yes,Yes,Yes
Q624270,Fiber Optic,Yes,Yes,No,Yes,Yes,No,Yes,Yes
I299891,None,Yes,Yes,Yes,No,Yes,No,No,No
V418789,DSL,Yes,No,No,No,No,Yes,Yes,No
D501659,Fiber Optic,Yes,No,Yes,No,No,Yes,No,Yes
T948793,Fiber Optic,Yes,No,Yes,Yes,Yes,No,Yes,No
N315696,None,Yes,Yes,No,No,No,No,No,Yes
C79053,None,No,No,No,No,Yes,Yes,No,No
J158737,DSL,No,Yes,Yes,Yes,No,No,No,No
C454715,Fiber Optic,Yes,Yes,No,No,Yes,Yes,No,Yes
W142484,Fiber Optic,Yes,No,No,Yes,No,No,No,Yes
Y53879,Fiber Optic,Yes,Yes,No,No,No,Yes,No,Yes
Q795879,Fiber Optic,Yes,No,No,No,No,Yes,No,Yes
R38090,Fiber Optic,Yes,No,Yes,Yes,Yes,No,Yes,Yes
V77948,Fiber Optic,Yes,No,Yes,No,Yes,No,No,No
W597851,Fiber Optic,Yes,No,No,Yes,No,Yes,Yes,No
C973588,DSL,Yes,No,No,Yes,No,No,No,Yes
O911146,Fiber Optic,Yes,Yes,No,Yes,Yes,No,No,Yes
S471248,None,Yes,No,No,Yes,No,Yes,Yes,Yes
W247162,Fiber Optic,Yes,Yes,No,Yes,Yes,Yes,Yes,Yes
B619070,None,Yes,No,No,No,Yes,Yes,No,Yes
O955596,DSL,Yes,Yes,No,No,No,Yes,Yes,Yes
V650308,Fiber Optic,Yes,No,No,Yes,No,No,Yes,No
P677744,DSL,Yes,No,Yes,No,No,No,Yes,No
A874816,Fiber Optic,Yes,No,No,No,No,No,Yes,Yes
H969768,DSL,Yes,No,No,Yes,No,No,No,Yes
W131371,DSL,Yes,No,No,Yes,Yes,No,Yes,No
H497688,DSL,Yes,No,Yes,Yes,No,Yes,Yes,Yes
S32894,Fiber Optic,Yes,No,No,Yes,No,No,Yes,No
Q563541,None,Yes,Yes,No,No,No,Yes,Yes,Yes
V217092,Fiber Optic,Yes,Yes,Yes,Yes,No,Yes,No,No
L565413,None,Yes,Yes,No,Yes,No,Yes,Yes,No
B492262,DSL,Yes,No,No,No,Yes,No,Yes,No
Y89975,None,Yes,No,No,Yes,No,Yes,No,No
F880256,Fiber Optic,Yes,No,Yes,Yes,No,No,Yes,No
L947354,Fiber Optic,Yes,No,No,Yes,No,No,No,No
G557255,DSL,Yes,Yes,Yes,No,Yes,No,Yes,No
E136064,DSL,No,No,No,No,Yes,No,Yes,No
Y199742,None,Yes,No,No,No,Yes,Yes,No,No
D77080,DSL,Yes,Yes,No,No,No,No,No,Yes
O264379,Fiber Optic,Yes,No,No,No,No,Yes,No,Yes
X423883,DSL,Yes,Yes,Yes,Yes,Yes,No,No,No
N602492,DSL,Yes,No,No,No,Yes,No,Yes,No
F442521,Fiber Optic,Yes,Yes,Yes,Yes,Yes,No,Yes,No
P141322,Fiber Optic,Yes,Yes,No,No,No,No,No,Yes
T739616,Fiber Optic,Yes,No,No,No,Yes,No,Yes,Yes
B538877,None,Yes,No,No,Yes,No,No,Yes,Yes
F393894,Fiber Optic,Yes,No,No,No,Yes,Yes,Yes,No
L659263,None,Yes,No,Yes,No,Yes,Yes,Yes,No
D320942,DSL,Yes,No,No,Yes,No,No,Yes,No
Z842961,Fiber Optic,Yes,Yes,No,No,Yes,No,No,Yes
N202401,DSL,Yes,No,Yes,Yes,Yes,Yes,Yes,No
H962925,None,Yes,No,Yes,Yes,No,No,Yes,No
Z112130,DSL,Yes,Yes,No,No,No,Yes,No,No
Z498147,Fiber Optic,Yes,No,Yes,No,No,No,No,Yes
O791333,None,Yes,Yes,Yes,No,Yes,Yes,Yes,Yes
G20890,DSL,No,Yes,Yes,No,No,Yes,Yes,No
Z282127,None,Yes,Yes,Yes,Yes,No,Yes,No,Yes
X801505,Fiber Optic,Yes,No,No,Yes,No,Yes,No,Yes
V615120,DSL,Yes,Yes,No,No,No,Yes,Yes,Yes
F963099,Fiber Optic,Yes,Yes,No,No,No,No,No,No
T543193,Fiber Optic,Yes,No,No,No,Yes,No,Yes,No
X60813,Fiber Optic,No,No,No,Yes,No,Yes,Yes,Yes
Y724513,Fiber Optic,Yes,Yes,No,Yes,Yes,No,Yes,Yes
Q940232,Fiber Optic,Yes,Yes,No,Yes,No,No,No,Yes
A978012,None,Yes,No,No,No,Yes,No,No,Yes
W60561,DSL,Yes,Yes,No,No,Yes,No,No,No
P930411,None,Yes,No,No,No,No,No,Yes,Yes
G837666,None,Yes,No,No,No,Yes,Yes,Yes,No
H457208,Fiber Optic,No,Yes,No,Yes,No,Yes,No,No
M890549,DSL,Yes,Yes,Yes,Yes,No,Yes,No,Yes
Z157225,None,Yes,Yes,No,No,No,No,No,Yes
Y408921,Fiber Optic,Yes,Yes,No,Yes,Yes,No,Yes,Yes
N508508,None,Yes,No,Yes,Yes,Yes,No,No,No
G610690,DSL,Yes,No,No,Yes,Yes,No,Yes,Yes
Z122411,Fiber Optic,Yes,No,No,Yes,No,No,No,Yes
E563177,None,Yes,Yes,No,Yes,No,Yes,No,No
H126929,DSL,Yes,Yes,No,No,No,No,Yes,Yes
U172635,DSL,Yes,Yes,No,No,Yes,No,No,Yes
T885359,DSL,Yes,No,No,Yes,No,No,No,Yes
M384015,Fiber Optic,Yes,Yes,No,Yes,Yes,Yes,Yes,No
T590399,DSL,Yes,Yes,Yes,No,Yes,No,No,No
Y236434,DSL,Yes,Yes,Yes,No,Yes,Yes,No,Yes
B250093,Fiber Optic,Yes,Yes,No,Yes,No,Yes,No,Yes
Q18721,DSL,Yes,No,Yes,No,Yes,No,No,Yes
P214554,Fiber Optic,Yes,Yes,No,Yes,No,Yes,Yes,No
U350920,DSL,Yes,No,No,Yes,No,Yes,No,Yes
U721721,Fiber Optic,Yes,No,No,Yes,No,No,Yes,No
K255778,Fiber Optic,Yes,No,Yes,No,No,No,No,Yes
T849288,Fiber Optic,Yes,Yes,No,Yes,Yes,No,Yes,No
L556964,DSL,Yes,No,No,Yes,Yes,Yes,No,No
I459228,Fiber Optic,Yes,Yes,No,No,No,No,No,Yes
I895720,Fiber Optic,No,No,Yes,Yes,Yes,Yes,No,Yes
U840079,None,Yes,Yes,Yes,No,No,Yes,Yes,Yes
Z749357,Fiber Optic,Yes,No,No,No,Yes,No,Yes,Yes
X915412,DSL,Yes,Yes,No,Yes,No,No,No,No
E782376,Fiber Optic,Yes,Yes,Yes,Yes,No,Yes,Yes,No
A553843,Fiber Optic,Yes,Yes,Yes,Yes,No,No,No,No
E96218,DSL,Yes,Yes,Yes,No,Yes,Yes,Yes,Yes
N621695,None,No,Yes,No,Yes,Yes,Yes,Yes,Yes
V52316,Fiber Optic,Yes,No,No,No,No,No,Yes,Yes
M492061,None,Yes,Yes,No,No,Yes,Yes,No,No
H942511,None,Yes,Yes,No,No,Yes,Yes,Yes,No
E159151,Fiber Optic,Yes,Yes,No,No,Yes,No,Yes,Yes
X823269,None,Yes,No,No,No,No,Yes,Yes,No
I983678,Fiber Optic,Yes,No,No,No,No,No,No,Yes
P376206,DSL,Yes,Yes,No,Yes,No,No,Yes,No
U829331,None,Yes,Yes,No,No,Yes,No,Yes,Yes
E926112,Fiber Optic,Yes,No,Yes,No,Yes,No,No,No
A643000,DSL,Yes,Yes,No,Yes,No,No,No,No
B20759,Fiber Optic,Yes,No,Yes,Yes,Yes,Yes,No,No
E379654,DSL,Yes,No,No,Yes,No,Yes,No,Yes
O341537,DSL,Yes,No,No,No,No,No,Yes,Yes
Q326191,None,Yes,Yes,No,No,No,No,No,Yes
O329801,None,Yes,No,No,Yes,No,No,Yes,Yes
M517236,Fiber Optic,Yes,Yes,No,No,No,No,No,Yes
O877559,Fiber Optic,Yes,Yes,No,No,No,No,No,No
J869207,None,Yes,Yes,Yes,Yes,No,Yes,Yes,No
R640991,Fiber Optic,Yes,No,No,No,Yes,No,Yes,Yes
H375394,DSL,Yes,Yes,No,Yes,No,Yes,Yes,Yes
E827525,Fiber Optic,Yes,No,Yes,Yes,No,Yes,Yes,No
P560448,None,Yes,Yes,Yes,No,No,No,No,No
K934981,DSL,Yes,No,Yes,No,Yes,No,Yes,No
P230270,DSL,Yes,No,No,No,Yes,No,Yes,Yes
P449294,Fiber Optic,Yes,No,No,No,No,Yes,No,No
T374120,Fiber Optic,Yes,Yes,Yes,Yes,Yes,No,Yes,Yes
Y599608,Fiber Optic,Yes,No,No,No,Yes,Yes,No,Yes
P779168,Fiber Optic,Yes,No,Yes,Yes,Yes,No,Yes,Yes
P720243,Fiber Optic,Yes,No,No,No,Yes,No,Yes,Yes
V595168,DSL,Yes,Yes,No,Yes,No,Yes,No,Yes
J752284,DSL,Yes,No,No,Yes,No,Yes,No,Yes
O543653,DSL,Yes,No,No,No,Yes,No,Yes,Yes
J342818,Fiber Optic,Yes,Yes,No,Yes,No,No,No,Yes
Y249104,DSL,No,Yes,No,Yes,Yes,No,Yes,No
X244616,Fiber Optic,No,No,Yes,Yes,No,No,No,No
F58625,None,No,No,No,No,Yes,No,Yes,No
D753480,Fiber Optic,Yes,Yes,No,No,Yes,Yes,No,Yes
K868042,Fiber Optic,Yes,Yes,No,No,No,No,No,No
L730499,DSL,Yes,No,Yes,Yes,No,No,Yes,Yes
Z622003,Fiber Optic,Yes,No,No,No,No,No,No,Yes
F619747,DSL,Yes,No,No,Yes,No,No,No,Yes
J195170,Fiber Optic,Yes,No,Yes,No,Yes,No,Yes,Yes
W909758,DSL,Yes,No,Yes,Yes,No,No,No,Yes
H682238,Fiber Optic,Yes,Yes,Yes,Yes,Yes,Yes,Yes,No
J22125,Fiber Optic,Yes,No,No,No,No,Yes,Yes,Yes
R302272,DSL,No,No,No,Yes,No,No,No,No
U208456,Fiber Optic,Yes,No,Yes,Yes,Yes,Yes,Yes,Yes
T191927,DSL,Yes,No,Yes,No,No,Yes,Yes,No
G671583,Fiber Optic,Yes,Yes,No,No,No,Yes,No,No
U989317,Fiber Optic,Yes,No,No,No,Yes,No,No,No
G879941,Fiber Optic,Yes,No,Yes,No,No,Yes,Yes,No
E231605,Fiber Optic,Yes,No,No,No,No,No,No,Yes
X261372,DSL,Yes,No,No,No,Yes,Yes,Yes,No
D684561,None,Yes,Yes,No,Yes,No,Yes,Yes,No
I383186,DSL,Yes,Yes,No,No,No,No,No,No
X584915,Fiber Optic,Yes,Yes,No,No,No,No,Yes,Yes
G944376,DSL,Yes,Yes,No,Yes,Yes,No,No,No
W283898,Fiber Optic,No,No,Yes,No,Yes,Yes,No,Yes
X738766,DSL,Yes,No,No,No,Yes,No,Yes,No
G198481,Fiber Optic,No,Yes,No,No,No,No,Yes,No
R02060,Fiber Optic,No,No,Yes,No,No,Yes,Yes,No
Z883605,Fiber Optic,Yes,No,No,No,No,Yes,No,Yes
L942140,DSL,Yes,Yes,No,No,No,No,No,Yes
H427572,DSL,Yes,Yes,No,No,No,Yes,No,No
J968084,DSL,Yes,Yes,No,No,Yes,Yes,Yes,No
I484414,DSL,Yes,Yes,Yes,Yes,No,No,Yes,Yes
I347202,None,Yes,Yes,No,Yes,Yes,No,No,No
T629485,Fiber Optic,Yes,No,No,No,Yes,Yes,Yes,Yes
F882723,None,Yes,No,Yes,No,Yes,No,Yes,Yes
Y448055,None,Yes,Yes,Yes,Yes,Yes,No,Yes,Yes
K218096,Fiber Optic,Yes,Yes,No,No,No,Yes,No,Yes
M251973,Fiber Optic,Yes,Yes,No,No,No,No,Yes,No
F557338,Fiber Optic,Yes,No,Yes,No,Yes,No,No,No
X162805,None,Yes,Yes,Yes,Yes,Yes,Yes,No,No
U879145,None,Yes,Yes,Yes,No,Yes,Yes,Yes,No
O763342,DSL,Yes,No,Yes,No,No,No,No,Yes
Z480141,Fiber Optic,Yes,Yes,No,Yes,Yes,No,Yes,Yes
Z110095,Fiber Optic,No,No,Yes,Yes,Yes,No,Yes,No
D774087,DSL,Yes,Yes,Yes,Yes,No,No,No,No
I12222,DSL,Yes,No,Yes,Yes,Yes,No,No,No
Y870899,None,Yes,Yes,No,No,Yes,No,No,Yes
J622479,None,Yes,Yes,No,Yes,No,No,Yes,No
F105245,DSL,Yes,Yes,No,No,No,No,No,No
Q917876,None,Yes,No,No,Yes,No,Yes,No,Yes
W41017,Fiber Optic,Yes,Yes,No,No,No,No,No,Yes
V777418,DSL,Yes,No,No,Yes,No,No,Yes,No
A325803,Fiber Optic,Yes,No,No,No,No,No,Yes,No
U460373,None,Yes,Yes,No,Yes,No,No,Yes,No
O166280,Fiber Optic,Yes,Yes,No,No,Yes,Yes,No,Yes
E756084,Fiber Optic,No,Yes,No,Yes,No,Yes,No,No
U148916,Fiber Optic,Yes,Yes,No,No,Yes,No,Yes,Yes
H315988,DSL,Yes,No,Yes,Yes,Yes,No,Yes,Yes
I621118,None,Yes,Yes,Yes,Yes,No,Yes,Yes,Yes
Z90204,None,Yes,No,No,No,Yes,No,No,No
B920374,None,Yes,Yes,Yes,No,No,No,Yes,No
S989250,DSL,Yes,Yes,No,No,No,Yes,No,No
Z311558,DSL,Yes,No,No,No,No,No,No,No
C290203,Fiber Optic,Yes,No,No,Yes,Yes,Yes,Yes,No
E130506,DSL,Yes,Yes,Yes,Yes,Yes,No,No,No
Q348233,DSL,Yes,Yes,No,No,No,Yes,No,Yes
B15517,None,Yes,Yes,Yes,Yes,No,No,Yes,Yes
D663524,None,No,No,Yes,Yes,No,No,No,No
Z700653,None,Yes,Yes,No,No,No,Yes,Yes,No
T647451,DSL,Yes,Yes,Yes,Yes,No,No,Yes,Yes
L53054,Fiber Optic,Yes,No,Yes,No,Yes,Yes,No,No
U103667,DSL,Yes,No,No,No,No,Yes,Yes,Yes
L702595,None,Yes,Yes,No,No,No,No,No,Yes
I504473,DSL,Yes,No,No,Yes,No,No,No,No
U578094,None,No,No,No,No,No,Yes,Yes,No
G412206,Fiber Optic,Yes,No,No,Yes,No,Yes,No,Yes
P767618,DSL,Yes,No,No,Yes,No,Yes,No,No
V125585,Fiber Optic,Yes,Yes,Yes,Yes,Yes,No,No,Yes
H10521,DSL,Yes,Yes,No,Yes,Yes,Yes,Yes,Yes
V313460,DSL,Yes,Yes,Yes,No,No,No,Yes,No
T509086,DSL,Yes,Yes,No,No,No,Yes,Yes,No
V686523,Fiber Optic,Yes,No,Yes,Yes,Yes,Yes,Yes,No
S22771,Fiber Optic,No,Yes,Yes,No,No,Yes,Yes,Yes
V334127,DSL,Yes,No,No,Yes,Yes,Yes,Yes,Yes
V596931,Fiber Optic,Yes,No,Yes,Yes,No,No,No,Yes
Z710444,Fiber Optic,Yes,No,Yes,Yes,Yes,Yes,No,Yes
W435309,DSL,Yes,No,Yes,Yes,No,No,No,No
W926430,DSL,Yes,Yes,No,No,Yes,No,No,Yes
N171241,DSL,Yes,No,No,Yes,No,Yes,No,Yes
Z867523,Fiber Optic,Yes,Yes,No,Yes,Yes,No,Yes,Yes
F799896,Fiber Optic,No,Yes,No,No,No,No,Yes,No
O970720,None,Yes,Yes,No,Yes,No,No,No,No
D87615,Fiber Optic,Yes,No,Yes,No,No,Yes,Yes,Yes
M651862,Fiber Optic,Yes,No,No,No,No,No,Yes,Yes
M429173,Fiber Optic,Yes,Yes,No,Yes,Yes,No,Yes,Yes
F98604,Fiber Optic,Yes,Yes,No,No,No,No,No,Yes
L809272,None,Yes,No,No,Yes,No,No,No,Yes
J575074,Fiber Optic,Yes,Yes,No,Yes,Yes,No,No,Yes
G954666,Fiber Optic,Yes,No,Yes,Yes,Yes,No,Yes,Yes
V642036,Fiber Optic,Yes,No,No,Yes,Yes,Yes,No,No
I951273,DSL,Yes,Yes,Yes,No,No,No,Yes,Yes
V856441,None,Yes,No,No,Yes,No,Yes,Yes,Yes
J586826,DSL,Yes,Yes,Yes,No,No,Yes,Yes,Yes
Z784446,Fiber Optic,Yes,Yes,No,Yes,No,Yes,Yes,No
W827689,None,Yes,No,No,Yes,No,No,No,No
Q706777,DSL,Yes,Yes,No,No,Yes,No,No,No
P139155,Fiber Optic,Yes,Yes,No,No,No,No,No,Yes
P125179,DSL,Yes,No,No,Yes,Yes,No,Yes,No
J340075,Fiber Optic,Yes,No,No,No,No,Yes,Yes,Yes
K54633,Fiber Optic,Yes,Yes,No,No,No,Yes,No,No
H452286,Fiber Optic,Yes,Yes,Yes,No,Yes,Yes,No,No
L246688,DSL,No,No,No,Yes,Yes,Yes,Yes,No
R711733,DSL,Yes,No,Yes,No,No,Yes,No,Yes
E641527,None,Yes,No,No,No,No,No,Yes,Yes
Y510046,None,No,Yes,No,Yes,Yes,No,Yes,Yes
T764835,DSL,Yes,No,Yes,No,Yes,No,No,Yes
H738392,Fiber Optic,Yes,No,Yes,No,Yes,Yes,No,No
P748671,None,Yes,No,Yes,Yes,No,No,No,No
R490596,None,Yes,No,Yes,Yes,Yes,No,No,Yes
S433497,DSL,No,Yes,No,No,No,Yes,No,Yes
O928853,Fiber Optic,Yes,Yes,Yes,Yes,Yes,No,No,Yes
C276698,Fiber Optic,Yes,No,Yes,No,Yes,No,Yes,No
A995277,DSL,Yes,No,Yes,No,No,No,Yes,No
P651146,None,Yes,No,Yes,No,No,Yes,Yes,No
N190581,None,Yes,No,No,No,No,Yes,Yes,No
Z596629,Fiber Optic,Yes,Yes,No,Yes,No,No,Yes,No
E772877,DSL,Yes,Yes,No,Yes,Yes,No,No,Yes
H759440,Fiber Optic,No,No,Yes,Yes,No,Yes,No,Yes
Z04690,Fiber Optic,Yes,No,No,No,Yes,No,No,No
V300263,DSL,Yes,No,No,Yes,No,No,No,Yes
D150042,DSL,Yes,Yes,No,Yes,Yes,No,No,Yes
V600500,Fiber Optic,No,Yes,Yes,Yes,No,No,Yes,Yes
V137712,None,Yes,Yes,Yes,No,Yes,No,No,Yes
K787280,DSL,Yes,Yes,Yes,Yes,Yes,Yes,No,No
T19437,Fiber Optic,Yes,No,No,No,No,No,Yes,Yes
K917356,Fiber Optic,Yes,No,Yes,No,Yes,Yes,Yes,Yes
E386213,Fiber Optic,Yes,Yes,No,No,Yes,No,No,Yes
E450349,Fiber Optic,Yes,Yes,Yes,No,No,Yes,Yes,Yes
O70963,Fiber Optic,Yes,No,Yes,No,No,Yes,No,No
X87865,None,Yes,Yes,No,No,Yes,Yes,No,No
T390187,None,Yes,No,No,No,No,Yes,Yes,Yes
R703450,Fiber Optic,Yes,No,No,No,No,No,Yes,No
P845623,None,Yes,No,No,Yes,Yes,No,No,No
G861521,Fiber Optic,Yes,Yes,No,Yes,Yes,No,No,No
Z409213,Fiber Optic,Yes,Yes,Yes,Yes,No,No,No,Yes
I542093,DSL,Yes,Yes,No,No,No,No,Yes,No
V598235,Fiber Optic,Yes,Yes,No,No,Yes,No,Yes,Yes
Y998673,DSL,Yes,No,No,Yes,Yes,No,Yes,Yes
X542220,None,Yes,Yes,Yes,No,Yes,No,Yes,No
R962213,Fiber Optic,Yes,Yes,Yes,No,Yes,No,No,Yes
M750817,Fiber Optic,Yes,Yes,Yes,No,Yes,No,No,No
P209261,None,Yes,Yes,No,Yes,No,No,No,No
T726800,None,Yes,Yes,Yes,Yes,Yes,No,Yes,Yes
Z24001,Fiber Optic,No,No,No,No,No,No,No,No
K167525,DSL,Yes,Yes,No,No,No,Yes,Yes,Yes
S418962,Fiber Optic,Yes,Yes,Yes,No,No,Yes,Yes,No
L533388,DSL,Yes,Yes,Yes,No,No,Yes,Yes,No
Y251641,Fiber Optic,Yes,Yes,Yes,No,Yes,No,Yes,No
E753547,DSL,Yes,No,Yes,Yes,Yes,No,No,Yes
U833919,Fiber Optic,Yes,Yes,No,No,Yes,Yes,Yes,Yes
D725603,None,Yes,No,Yes,Yes,No,No,No,No
T11756,Fiber Optic,Yes,No,No,Yes,Yes,No,Yes,Yes
M141263,DSL,Yes,No,No,No,No,Yes,Yes,No
Y702883,Fiber Optic,Yes,Yes,Yes,Yes,No,No,No,Yes
K392319,Fiber Optic,Yes,Yes,No,Yes,No,Yes,Yes,Yes
N600579,DSL,Yes,No,No,No,No,Yes,Yes,No
U102287,DSL,Yes,No,No,Yes,No,No,Yes,Yes
F270670,None,Yes,No,Yes,Yes,No,No,No,No
Q698456,DSL,Yes,Yes,Yes,Yes,No,Yes,Yes,Yes
I75439,None,Yes,No,Yes,No,No,Yes,Yes,No
P558309,Fiber Optic,Yes,No,No,No,No,Yes,Yes,No
Q921359,DSL,Yes,No,No,Yes,No,Yes,No,No
Y498839,None,Yes,No,No,Yes,Yes,Yes,Yes,Yes
U174484,None,No,Yes,Yes,Yes,No,No,Yes,Yes
P242293,Fiber Optic,Yes,No,No,No,Yes,No,Yes,Yes
H510824,Fiber Optic,Yes,No,No,Yes,Yes,No,No,Yes
G975600,DSL,Yes,Yes,No,Yes,No,Yes,Yes,No
P396177,Fiber Optic,Yes,Yes,No,No,No,No,Yes,No
Q246510,DSL,No,Yes,No,Yes,No,No,No,Yes
Z435629,None,Yes,No,Yes,Yes,No,Yes,Yes,Yes
Y482814,DSL,Yes,No,No,Yes,No,No,No,No
I880026,DSL,No,Yes,Yes,No,Yes,No,Yes,Yes
X545968,DSL,Yes,No,Yes,Yes,No,No,Yes,Yes
T302615,DSL,Yes,Yes,Yes,No,No,Yes,Yes,Yes
L296155,Fiber Optic,Yes,No,No,Yes,Yes,No,No,No
P569056,None,Yes,No,Yes,No,No,No,No,Yes
R931562,Fiber Optic,Yes,Yes,No,Yes,No,No,Yes,No
R22735,Fiber Optic,Yes,Yes,No,Yes,No,No,No,No
H131682,Fiber Optic,Yes,Yes,Yes,Yes,No,No,Yes,No
Y916459,Fiber Optic,Yes,Yes,Yes,Yes,No,Yes,No,Yes
E943977,Fiber Optic,Yes,Yes,No,No,No,No,Yes,No
D46232,Fiber Optic,No,No,No,Yes,No,Yes,Yes,No
Z210341,Fiber Optic,Yes,Yes,No,Yes,Yes,No,Yes,No
E643429,Fiber Optic,Yes,No,No,Yes,Yes,Yes,Yes,Yes
U207175,DSL,Yes,No,Yes,Yes,No,No,Yes,No
G294682,None,Yes,No,Yes,No,No,Yes,No,Yes
F38173,None,Yes,Yes,No,No,Yes,No,No,No
C621959,Fiber Optic,Yes,No,Yes,No,No,No,Yes,No
W269029,Fiber Optic,Yes,Yes,No,Yes,Yes,No,Yes,No
F149086,DSL,Yes,No,No,No,Yes,Yes,Yes,Yes
E404310,DSL,Yes,No,Yes,Yes,Yes,Yes,No,No
S291778,Fiber Optic,Yes,Yes,No,No,No,No,Yes,No
E448287,DSL,Yes,No,No,Yes,Yes,No,No,No
C137438,Fiber Optic,Yes,No,No,Yes,No,No,No,Yes
L32467,None,Yes,No,No,No,No,Yes,Yes,Yes
L663344,None,Yes,No,No,No,No,No,Yes,No
W682255,Fiber Optic,No,No,No,Yes,Yes,Yes,Yes,No
R370396,Fiber Optic,Yes,Yes,Yes,Yes,No,No,No,No
R895680,Fiber Optic,Yes,No,No,Yes,No,No,Yes,Yes
W151148,None,Yes,Yes,No,Yes,Yes,No,No,Yes
Q550105,Fiber Optic,Yes,No,No,No,Yes,Yes,Yes,No
H33347,Fiber Optic,Yes,Yes,Yes,No,No,No,No,No
G505754,Fiber Optic,Yes,No,No,Yes,Yes,Yes,No,No
X31491,Fiber Optic,Yes,Yes,No,Yes,No,Yes,Yes,Yes
K300646,DSL,Yes,No,Yes,No,No,Yes,Yes,Yes
T465359,Fiber Optic,Yes,No,No,Yes,Yes,No,Yes,Yes
I325199,Fiber Optic,Yes,No,Yes,Yes,Yes,No,No,No
S795871,Fiber Optic,Yes,No,No,No,Yes,No,Yes,No
S376125,Fiber Optic,Yes,Yes,Yes,No,Yes,Yes,Yes,No
U418693,Fiber Optic,Yes,Yes,Yes,Yes,Yes,No,Yes,Yes
B406551,None,No,No,No,Yes,No,No,Yes,No
X732952,Fiber Optic,Yes,No,No,No,No,No,Yes,Yes
A647291,Fiber Optic,Yes,Yes,No,Yes,Yes,No,No,Yes
Y605585,DSL,Yes,No,No,No,Yes,Yes,Yes,No
P497869,None,Yes,No,No,No,Yes,No,Yes,No
X285403,None,Yes,Yes,No,Yes,Yes,Yes,No,No
Q644455,None,Yes,No,Yes,Yes,Yes,Yes,No,No
O347979,None,Yes,No,No,No,Yes,No,Yes,Yes
Y113488,DSL,Yes,No,No,No,Yes,Yes,No,No
B442664,Fiber Optic,Yes,No,No,No,Yes,No,No,Yes
F390846,Fiber Optic,Yes,No,Yes,No,No,No,Yes,No
J584243,DSL,Yes,Yes,Yes,No,Yes,No,Yes,No
H773690,DSL,Yes,No,No,No,No,Yes,No,No
C534801,None,Yes,No,No,Yes,No,No,Yes,No
Z462095,Fiber Optic,Yes,No,Yes,No,Yes,No,No,No
C744511,DSL,Yes,No,Yes,Yes,Yes,Yes,Yes,Yes
T997038,DSL,Yes,Yes,No,Yes,No,Yes,Yes,No
A651095,DSL,Yes,No,Yes,Yes,No,No,No,No
E542197,None,No,Yes,No,No,Yes,Yes,No,No
V977643,Fiber Optic,Yes,No,No,Yes,No,Yes,Yes,No
W25766,Fiber Optic,Yes,Yes,Yes,No,No,No,Yes,No
L804972,DSL,Yes,No,No,No,No,No,No,No
M959689,Fiber Optic,Yes,No,Yes,No,Yes,Yes,Yes,No
R800834,Fiber Optic,Yes,No,Yes,Yes,No,No,Yes,No
C690204,Fiber Optic,Yes,No,No,Yes,No,No,Yes,No
L698060,DSL,Yes,Yes,Yes,No,Yes,No,Yes,Yes
C984974,Fiber Optic,Yes,No,No,No,No,No,No,Yes
Z866570,Fiber Optic,Yes,No,No,No,Yes,No,No,Yes
K231582,DSL,Yes,No,No,No,No,Yes,No,No
O551817,DSL,Yes,No,Yes,No,Yes,Yes,Yes,No
I226062,DSL,No,Yes,No,Yes,No,No,Yes,No
Y999795,DSL,Yes,Yes,No,Yes,Yes,Yes,Yes,No
F559922,DSL,Yes,No,Yes,Yes,No,Yes,Yes,Yes
S316458,Fiber Optic,Yes,Yes,Yes,Yes,No,No,Yes,Yes
B677068,Fiber Optic,Yes,Yes,Yes,No,No,No,No,No
A67068,DSL,No,No,No,No,No,No,Yes,No
P532607,Fiber Optic,Yes,No,No,Yes,Yes,Yes,Yes,No
K935491,Fiber Optic,Yes,No,No,No,Yes,Yes,No,Yes
C555531,Fiber Optic,Yes,Yes,No,No,Yes,Yes,No,No
L417231,Fiber Optic,Yes,No,No,Yes,No,Yes,No,No
N681983,DSL,Yes,No,No,Yes,No,No,No,Yes
O392580,DSL,Yes,No,Yes,Yes,No,No,No,No
X172041,DSL,Yes,Yes,No,Yes,No,Yes,No,No
O587608,DSL,Yes,Yes,No,Yes,Yes,Yes,No,No
K548677,None,Yes,No,Yes,Yes,No,Yes,Yes,No
E305140,DSL,Yes,Yes,No,No,Yes,Yes,Yes,No
D481847,DSL,Yes,Yes,No,Yes,No,No,Yes,No
Y505439,Fiber Optic,Yes,No,Yes,Yes,No,Yes,No,No
N161747,Fiber Optic,Yes,No,No,Yes,No,No,No,Yes
E135976,DSL,Yes,Yes,No,Yes,No,Yes,No,No
G868055,DSL,Yes,Yes,No,No,Yes,No,No,Yes
O877070,Fiber Optic,Yes,No,No,No,Yes,Yes,Yes,No
R241100,Fiber Optic,Yes,No,No,No,Yes,No,No,Yes
T885233,Fiber Optic,Yes,No,No,No,No,No,Yes,No
B146281,DSL,Yes,Yes,No,Yes,No,No,No,No
X345073,Fiber Optic,Yes,Yes,No,Yes,Yes,No,No,No
U638010,None,Yes,No,No,No,No,No,No,Yes
X45899,DSL,Yes,No,No,No,No,No,No,No
V922402,Fiber Optic,Yes,Yes,Yes,No,No,Yes,No,No
H838222,Fiber Optic,Yes,No,No,Yes,No,Yes,No,No
E819146,DSL,Yes,No,No,No,No,No,Yes,Yes
N297112,Fiber Optic,Yes,Yes,No,Yes,Yes,No,Yes,No
K415852,DSL,Yes,No,No,Yes,Yes,Yes,No,Yes
K320034,Fiber Optic,Yes,No,No,No,No,No,No,No
Y984783,Fiber Optic,Yes,Yes,No,Yes,No,No,No,Yes
D603676,DSL,Yes,Yes,Yes,No,No,No,Yes,No
K945329,Fiber Optic,Yes,Yes,No,Yes,Yes,No,Yes,Yes
G939750,Fiber Optic,Yes,No,No,Yes,No,No,No,Yes
M874750,DSL,Yes,No,No,No,No,No,No,No
B229362,Fiber Optic,Yes,No,No,No,Yes,Yes,Yes,No
J345464,DSL,Yes,No,No,No,No,Yes,Yes,No
J468895,None,No,No,Yes,Yes,No,Yes,Yes,Yes
Y309014,Fiber Optic,Yes,No,No,No,Yes,Yes,No,Yes
E674988,DSL,Yes,Yes,No,Yes,Yes,Yes,Yes,No
V866352,DSL,Yes,No,No,No,Yes,No,Yes,No
B59804,DSL,Yes,No,Yes,Yes,Yes,No,Yes,No
M465754,DSL,Yes,Yes,No,Yes,Yes,Yes,No,Yes
T57126,None,No,Yes,No,Yes,Yes,Yes,No,Yes
A723309,None,Yes,No,No,Yes,No,No,No,No
R639888,Fiber Optic,Yes,No,No,Yes,No,Yes,Yes,No
E967128,None,No,No,No,No,Yes,No,Yes,Yes
Z262787,None,No,No,No,Yes,No,No,Yes,No
S18718,Fiber Optic,Yes,Yes,Yes,No,Yes,No,No,No
C601774,Fiber Optic,Yes,Yes,No,Yes,No,No,No,Yes
Z29904,None,Yes,No,No,Yes,No,Yes,No,No
Z352036,Fiber Optic,No,Yes,No,No,No,Yes,Yes,Yes
X447899,Fiber Optic,Yes,No,Yes,No,No,Yes,Yes,Yes
P315303,None,Yes,Yes,Yes,Yes,Yes,No,Yes,Yes
A155369,Fiber Optic,Yes,Yes,No,No,No,No,Yes,Yes
N247196,DSL,No,Yes,No,Yes,No,No,No,No
M176813,None,Yes,No,No,Yes,No,Yes,Yes,No
B584686,None,No,No,Yes,Yes,Yes,No,No,Yes
W530793,DSL,Yes,Yes,No,No,No,No,Yes,Yes
V885983,DSL,Yes,Yes,Yes,No,No,No,Yes,Yes
Q831134,DSL,Yes,Yes,No,No,No,Yes,No,Yes
O964713,DSL,Yes,No,Yes,Yes,Yes,Yes,No,No
V211448,Fiber Optic,Yes,No,Yes,Yes,Yes,No,Yes,Yes
B813452,Fiber Optic,Yes,Yes,No,Yes,Yes,No,No,Yes
J972903,None,Yes,Yes,Yes,Yes,Yes,Yes,No,Yes
M706056,DSL,Yes,Yes,Yes,No,No,No,Yes,Yes
Y63249,None,Yes,No,Yes,No,No,Yes,Yes,No
U398073,Fiber Optic,Yes,No,No,No,No,Yes,No,No
K685277,Fiber Optic,Yes,Yes,No,Yes,No,Yes,Yes,No
X165506,DSL,Yes,No,Yes,No,No,No,No,No
K768596,DSL,Yes,Yes,No,Yes,No,No,No,Yes
S981572,Fiber Optic,Yes,No,No,Yes,No,No,No,Yes
E43241,DSL,Yes,Yes,Yes,No,No,No,Yes,Yes
Q731114,Fiber Optic,Yes,No,No,No,No,Yes,Yes,No
G578584,Fiber Optic,Yes,Yes,Yes,Yes,No,No,No,No
S250340,DSL,Yes,Yes,No,Yes,Yes,Yes,Yes,Yes
K483384,None,Yes,No,No,No,No,Yes,Yes,Yes
T989731,DSL,Yes,No,No,Yes,No,No,No,Yes
D736184,None,Yes,No,No,Yes,No,No,Yes,Yes
V766311,Fiber Optic,Yes,No,No,No,No,No,Yes,No
U195458,None,Yes,Yes,No,Yes,Yes,No,No,Yes
J629804,DSL,Yes,Yes,Yes,No,No,No,No,Yes
U746779,Fiber Optic,Yes,Yes,No,Yes,No,No,No,No
I300822,DSL,Yes,Yes,No,Yes,No,No,Yes,No
W662241,None,Yes,No,No,No,Yes,No,Yes,Yes
C830851,Fiber Optic,Yes,No,No,Yes,No,No,No,Yes
A223123,Fiber Optic,Yes,Yes,No,Yes,No,Yes,No,Yes
L212558,None,Yes,Yes,No,No,No,No,Yes,Yes
N805051,Fiber Optic,No,Yes,No,No,Yes,No,No,No
A471140,DSL,Yes,No,Yes,Yes,Yes,Yes,No,Yes
C910095,DSL,Yes,Yes,No,Yes,No,No,No,No
K183807,DSL,Yes,Yes,No,Yes,No,Yes,Yes,No
H393650,DSL,No,Yes,No,No,No,No,No,Yes
T234307,DSL,Yes,No,Yes,No,No,Yes,Yes,Yes
Z405442,DSL,Yes,Yes,Yes,Yes,No,Yes,No,Yes
I250569,Fiber Optic,Yes,No,No,No,No,No,Yes,Yes
R659226,Fiber Optic,Yes,No,Yes,No,No,No,Yes,No
W312206,None,No,Yes,No,Yes,No,No,Yes,No
M337097,Fiber Optic,Yes,Yes,No,No,Yes,Yes,No,Yes
A516439,Fiber Optic,Yes,No,No,No,No,No,Yes,Yes
B419356,Fiber Optic,Yes,Yes,No,Yes,No,Yes,No,No
U625153,Fiber Optic,Yes,Yes,No,No,No,No,No,Yes
J554905,Fiber Optic,Yes,Yes,No,Yes,No,Yes,Yes,No
Z259100,DSL,Yes,Yes,No,No,Yes,Yes,Yes,Yes
Z376201,None,Yes,No,No,No,No,No,No,No
Z61025,DSL,Yes,Yes,Yes,No,No,No,Yes,No
V915324,DSL,Yes,Yes,No,Yes,No,No,Yes,No
T341088,None,Yes,No,No,Yes,Yes,No,No,No
N620346,DSL,No,Yes,No,No,Yes,No,No,Yes
P198173,None,Yes,No,Yes,No,No,No,Yes,Yes
K962315,None,Yes,No,No,Yes,Yes,No,Yes,No
H712105,None,No,Yes,No,Yes,Yes,Yes,No,Yes
F456395,DSL,No,Yes,Yes,No,No,No,No,No
P834833,None,Yes,No,No,No,No,Yes,No,Yes
G45989,DSL,Yes,No,No,No,No,No,Yes,No
U862685,DSL,Yes,No,No,Yes,No,Yes,Yes,Yes
F28689,DSL,Yes,Yes,No,No,No,No,No,No
D429172,DSL,Yes,Yes,No,Yes,No,No,No,No
J420961,None,Yes,Yes,Yes,Yes,No,Yes,No,Yes
V207992,DSL,Yes,Yes,No,Yes,No,Yes,Yes,No
C941408,Fiber Optic,Yes,No,No,No,Yes,No,No,No
X923330,None,Yes,Yes,No,Yes,No,No,No,Yes
Y567471,DSL,No,No,Yes,Yes,Yes,Yes,No,Yes
R246702,Fiber Optic,Yes,No,No,Yes,Yes,No,Yes,Yes
Q65833,Fiber Optic,Yes,Yes,No,No,Yes,No,Yes,No
K989845,Fiber Optic,Yes,No,Yes,Yes,Yes,No,No,No
K175026,None,Yes,No,Yes,Yes,No,No,Yes,No
X83659,None,Yes,No,No,No,Yes,Yes,Yes,No
J787685,Fiber Optic,Yes,No,Yes,Yes,Yes,No,No,Yes
B738725,None,Yes,Yes,Yes,Yes,No,Yes,Yes,No
I887277,Fiber Optic,No,No,No,No,No,No,Yes,No
S796673,Fiber Optic,Yes,Yes,No,No,No,Yes,Yes,No
D130964,Fiber Optic,Yes,No,No,Yes,No,No,Yes,Yes
E875593,DSL,No,No,Yes,Yes,No,No,No,Yes
U593443,Fiber Optic,No,Yes,No,Yes,Yes,No,No,No
F763031,None,Yes,No,Yes,Yes,No,No,Yes,No
J838241,Fiber Optic,Yes,No,No,No,No,No,Yes,No
A166877,Fiber Optic,Yes,No,No,No,Yes,Yes,Yes,No
J348423,Fiber Optic,Yes,No,No,No,Yes,Yes,Yes,No
D366186,None,Yes,Yes,No,No,No,No,Yes,No
A764334,Fiber Optic,Yes,Yes,No,No,Yes,Yes,No,No
F515768,DSL,Yes,Yes,Yes,No,Yes,No,No,No
X658080,DSL,Yes,Yes,No,No,No,Yes,Yes,Yes
U449322,Fiber Optic,No,No,No,Yes,Yes,No,No,Yes
N385296,Fiber Optic,Yes,Yes,No,No,No,No,No,No
I928058,DSL,Yes,No,No,No,No,No,No,Yes
A362559,DSL,Yes,No,Yes,Yes,Yes,No,No,Yes
O76955,Fiber Optic,Yes,No,No,No,Yes,No,No,Yes
U887076,DSL,Yes,No,Yes,Yes,No,No,No,No
H906819,DSL,Yes,Yes,No,No,Yes,Yes,No,Yes
D40159,Fiber Optic,No,No,No,Yes,Yes,Yes,No,No
J341138,Fiber Optic,Yes,Yes,Yes,Yes,Yes,No,Yes,Yes
X671633,None,Yes,Yes,No,No,No,No,Yes,No
N739983,Fiber Optic,Yes,No,No,Yes,No,No,No,Yes
I536159,Fiber Optic,Yes,No,No,No,No,Yes,No,No
A544408,None,Yes,No,No,Yes,Yes,No,No,Yes
L628548,Fiber Optic,Yes,Yes,Yes,No,No,No,No,No
W370920,None,Yes,Yes,No,Yes,No,Yes,Yes,No
X581120,Fiber Optic,Yes,No,No,Yes,No,Yes,Yes,No
Z271244,Fiber Optic,Yes,No,No,Yes,No,No,No,Yes
Q408580,DSL,No,Yes,No,Yes,Yes,No,Yes,No
M667303,DSL,No,No,Yes,No,No,Yes,Yes,Yes
T939239,DSL,Yes,Yes,No,No,No,Yes,Yes,No
B689525,DSL,Yes,Yes,No,Yes,No,No,No,No
X809326,None,Yes,Yes,No,No,No,Yes,No,Yes
C304454,Fiber Optic,Yes,No,No,No,No,No,Yes,No
X189820,None,Yes,No,Yes,No,No,No,Yes,Yes
Z874007,None,Yes,No,Yes,No,No,No,Yes,No
P915334,None,Yes,Yes,No,No,No,No,Yes,No
M115442,None,Yes,Yes,No,No,No,Yes,Yes,No
A97903,Fiber Optic,Yes,No,No,No,No,Yes,Yes,Yes
V556375,DSL,Yes,Yes,Yes,Yes,Yes,Yes,Yes,Yes
P849493,DSL,Yes,Yes,No,No,No,Yes,No,Yes
L877029,Fiber Optic,Yes,Yes,No,No,Yes,No,No,Yes
O156883,Fiber Optic,Yes,Yes,Yes,No,Yes,Yes,No,No
T240001,DSL,Yes,Yes,Yes,No,Yes,No,No,Yes
Z809322,DSL,Yes,No,No,No,Yes,No,Yes,Yes
K915391,Fiber Optic,Yes,No,No,Yes,Yes,Yes,No,No
P842540,Fiber Optic,Yes,No,No,Yes,Yes,No,Yes,No
T508881,None,Yes,No,Yes,Yes,Yes,Yes,Yes,No
Q166427,None,Yes,No,No,No,No,No,No,Yes
D455065,DSL,Yes,No,Yes,No,No,No,Yes,No
K830298,None,No,No,No,No,Yes,No,No,No
X682774,Fiber Optic,Yes,Yes,Yes,No,No,No,No,Yes
D998975,Fiber Optic,No,No,Yes,Yes,Yes,No,Yes,Yes
T45538,Fiber Optic,Yes,Yes,Yes,Yes,No,Yes,No,No
D557600,None,Yes,Yes,No,Yes,No,Yes,No,No
L456266,Fiber Optic,Yes,No,Yes,No,No,Yes,No,No
H628307,Fiber Optic,Yes,No,No,Yes,Yes,No,Yes,No
O686657,Fiber Optic,Yes,Yes,No,Yes,No,Yes,Yes,Yes
C859659,Fiber Optic,Yes,No,No,No,Yes,No,Yes,No
O257034,DSL,Yes,Yes,No,No,Yes,No,Yes,No
O974496,Fiber Optic,Yes,No,Yes,Yes,Yes,Yes,No,Yes
R213587,Fiber Optic,Yes,No,No,No,No,No,Yes,No
Y563908,Fiber Optic,Yes,Yes,Yes,Yes,No,No,Yes,Yes
L933769,Fiber Optic,Yes,No,No,Yes,No,No,No,No
M314123,Fiber Optic,Yes,No,No,Yes,No,No,No,Yes
U489831,DSL,No,No,Yes,Yes,No,Yes,No,Yes
K170633,DSL,Yes,Yes,No,No,Yes,No,No,Yes
R389257,DSL,No,No,Yes,Yes,No,No,No,No
A472924,Fiber Optic,Yes,Yes,Yes,No,No,No,Yes,No
V91941,DSL,Yes,Yes,No,No,Yes,No,No,No
G793552,None,Yes,No,Yes,Yes,Yes,Yes,Yes,No
M106741,Fiber Optic,Yes,Yes,No,No,Yes,Yes,No,Yes
E476561,Fiber Optic,Yes,No,No,Yes,Yes,No,No,Yes
P488779,DSL,Yes,Yes,Yes,Yes,No,No,Yes,Yes
W133136,Fiber Optic,Yes,Yes,No,Yes,No,Yes,Yes,Yes
G753886,DSL,Yes,Yes,No,Yes,Yes,Yes,No,No
W100046,Fiber Optic,Yes,No,Yes,No,Yes,Yes,No,No
Y558408,None,Yes,Yes,No,No,Yes,Yes,Yes,No
G670932,DSL,Yes,Yes,No,Yes,No,No,Yes,No
M366659,Fiber Optic,No,No,Yes,No,No,Yes,No,Yes
L628907,Fiber Optic,No,No,No,No,No,Yes,Yes,No
T972795,Fiber Optic,No,Yes,Yes,No,No,No,No,Yes
T30297,Fiber Optic,Yes,Yes,Yes,Yes,Yes,No,No,No
L263294,DSL,Yes,No,No,No,No,Yes,No,Yes
Z05770,Fiber Optic,Yes,No,No,No,Yes,Yes,Yes,No
P351495,None,Yes,Yes,No,Yes,Yes,No,Yes,Yes
E716533,None,Yes,Yes,No,No,Yes,No,Yes,Yes
T137854,Fiber Optic,Yes,No,No,Yes,No,No,Yes,No
F544673,Fiber Optic,Yes,Yes,No,No,No,No,No,Yes
C672333,DSL,Yes,Yes,No,No,Yes,No,No,No
M979438,None,Yes,Yes,Yes,Yes,No,No,No,Yes
T208157,Fiber Optic,Yes,No,No,Yes,Yes,No,No,No
Z624049,None,Yes,Yes,Yes,Yes,No,No,No,No
T908779,None,Yes,No,No,No,No,No,Yes,No
U364727,DSL,Yes,No,No,Yes,No,Yes,Yes,No
U741276,Fiber Optic,Yes,No,No,Yes,Yes,No,Yes,Yes
A258709,Fiber Optic,Yes,No,No,Yes,Yes,Yes,Yes,No
D989861,DSL,Yes,No,No,No,Yes,No,No,Yes
R195318,Fiber Optic,Yes,No,Yes,No,No,No,No,No
H463610,DSL,Yes,Yes,No,Yes,No,No,Yes,No
T186422,Fiber Optic,No,No,Yes,Yes,No,No,No,Yes
R896555,Fiber Optic,No,No,No,Yes,Yes,No,No,No
V930652,Fiber Optic,Yes,Yes,No,No,No,Yes,Yes,No
L200304,Fiber Optic,Yes,No,Yes,Yes,Yes,No,Yes,No
D32957,DSL,Yes,No,No,No,Yes,Yes,No,Yes
G72246,None,Yes,Yes,No,Yes,No,No,No,No
P883191,DSL,Yes,Yes,No,No,Yes,No,Yes,Yes
H850011,DSL,Yes,Yes,No,No,No,No,No,No
H620090,DSL,No,No,No,Yes,Yes,No,Yes,No
N865646,Fiber Optic,No,Yes,No,No,Yes,No,Yes,No
G824974,Fiber Optic,Yes,No,No,No,No,No,Yes,Yes
Q369666,Fiber Optic,No,Yes,Yes,No,No,No,No,Yes
M220404,Fiber Optic,Yes,Yes,No,No,No,No,No,No
Y475968,Fiber Optic,Yes,No,No,No,Yes,No,No,No
A581416,DSL,Yes,Yes,No,Yes,Yes,No,Yes,No
T601214,Fiber Optic,Yes,Yes,No,No,No,Yes,Yes,No
Q705427,DSL,Yes,No,Yes,No,No,Yes,No,Yes
G161967,DSL,Yes,No,Yes,Yes,Yes,No,No,No
B847382,DSL,Yes,No,Yes,Yes,No,Yes,No,No
B346362,None,Yes,Yes,Yes,Yes,No,No,Yes,No
Z629991,DSL,Yes,No,Yes,No,Yes,No,Yes,No
H16644,DSL,Yes,No,No,No,No,Yes,Yes,No
X83894,DSL,Yes,No,No,No,Yes,No,Yes,No
K350921,None,No,No,No,No,No,No,No,No
Q920054,DSL,Yes,No,Yes,No,No,No,No,Yes
P81280,Fiber Optic,Yes,No,No,No,No,Yes,No,Yes
R68561,Fiber Optic,Yes,No,No,No,No,No,Yes,Yes
D553284,None,Yes,Yes,Yes,Yes,No,Yes,Yes,No
N729901,DSL,Yes,Yes,No,Yes,No,No,Yes,No
F413995,Fiber Optic,Yes,Yes,No,No,No,No,Yes,Yes
I728035,DSL,Yes,No,Yes,No,No,No,No,Yes
F582818,Fiber Optic,No,No,Yes,Yes,No,No,No,No
H794689,DSL,No,No,No,No,No,No,No,Yes
W814496,DSL,No,Yes,No,Yes,Yes,No,No,No
E765230,Fiber Optic,Yes,Yes,No,Yes,Yes,No,Yes,No
I858836,DSL,Yes,No,Yes,No,Yes,No,Yes,No
F530804,DSL,Yes,No,Yes,No,No,No,Yes,No
U870891,Fiber Optic,Yes,No,No,No,Yes,No,No,No
H672869,Fiber Optic,Yes,No,Yes,Yes,Yes,No,No,No
J153143,Fiber Optic,Yes,Yes,Yes,No,No,No,Yes,Yes
W516360,None,Yes,No,Yes,No,No,No,Yes,No
A332968,DSL,Yes,Yes,No,No,Yes,Yes,Yes,No
S510707,Fiber Optic,Yes,No,No,Yes,No,No,No,No
Z757915,Fiber Optic,Yes,Yes,Yes,Yes,No,Yes,Yes,No
V867114,None,Yes,Yes,Yes,No,Yes,Yes,No,Yes
M518074,None,Yes,No,No,Yes,Yes,No,No,No
Z32837,DSL,Yes,No,No,No,No,No,Yes,No
T489977,DSL,No,No,No,Yes,Yes,No,Yes,No
W987684,Fiber Optic,Yes,No,Yes,Yes,No,Yes,No,Yes
S767854,None,Yes,Yes,No,No,No,Yes,Yes,Yes
O930073,DSL,Yes,No,No,Yes,No,No,Yes,No
B739624,None,Yes,Yes,No,No,Yes,Yes,No,Yes
H118911,DSL,Yes,Yes,Yes,No,No,No,No,No
I890523,DSL,Yes,No,No,Yes,Yes,Yes,No,No
C406267,Fiber Optic,Yes,Yes,No,No,No,No,No,No
V877781,None,Yes,Yes,Yes,Yes,No,No,Yes,Yes
D924816,DSL,Yes,No,Yes,Yes,Yes,Yes,No,No
E869766,DSL,Yes,Yes,No,Yes,No,Yes,No,Yes
F296062,Fiber Optic,Yes,No,Yes,Yes,Yes,No,No,No
Z131585,DSL,Yes,Yes,Yes,No,No,No,No,Yes
S170981,Fiber Optic,Yes,No,Yes,No,Yes,Yes,No,Yes
D349937,DSL,Yes,No,No,No,No,Yes,No,No
E486950,DSL,Yes,No,No,No,Yes,No,Yes,No
W640527,DSL,Yes,No,No,No,No,Yes,No,Yes
X778990,Fiber Optic,Yes,Yes,No,No,No,Yes,No,No
Q420732,Fiber Optic,No,No,No,No,Yes,No,No,Yes
E208886,Fiber Optic,Yes,No,Yes,Yes,Yes,No,No,No
R409216,DSL,Yes,No,Yes,No,No,No,Yes,Yes
I693169,None,Yes,No,No,No,No,No,Yes,No
H466983,DSL,Yes,Yes,No,No,No,No,Yes,No
J195719,DSL,Yes,Yes,No,No,Yes,No,Yes,Yes
A289117,Fiber Optic,Yes,No,No,Yes,No,No,Yes,Yes
S564416,None,Yes,Yes,No,Yes,Yes,Yes,Yes,Yes
R301897,None,No,Yes,No,No,No,No,No,No
R98590,None,No,Yes,Yes,No,Yes,Yes,Yes,No
X860508,Fiber Optic,No,No,Yes,No,No,No,No,No
F573675,DSL,Yes,No,Yes,No,Yes,No,No,Yes
Y603112,None,Yes,No,No,No,No,No,Yes,Yes
J547555,Fiber Optic,Yes,No,No,No,No,No,No,No
W207292,Fiber Optic,Yes,No,Yes,No,Yes,No,No,No
X342513,DSL,Yes,No,No,Yes,No,No,Yes,Yes
T156561,Fiber Optic,No,No,No,No,No,No,No,Yes
Y373474,Fiber Optic,Yes,No,No,No,No,Yes,No,No
B740110,Fiber Optic,Yes,Yes,No,No,Yes,Yes,No,No
L916940,DSL,Yes,No,No,No,No,No,No,Yes
Q87351,DSL,Yes,Yes,No,No,No,No,No,Yes
N139131,Fiber Optic,Yes,No,No,No,No,Yes,Yes,No
Q491662,None,Yes,Yes,No,No,No,No,Yes,No
S631135,DSL,Yes,No,No,No,Yes,No,Yes,No
S225870,None,Yes,No,Yes,Yes,No,No,Yes,No
B661586,Fiber Optic,Yes,Yes,No,No,Yes,No,Yes,Yes
C486534,DSL,Yes,Yes,Yes,No,No,No,Yes,No
T85540,None,Yes,No,Yes,Yes,Yes,No,No,No
Q06720,None,Yes,Yes,Yes,No,Yes,Yes,Yes,Yes
G999732,Fiber Optic,Yes,No,Yes,No,No,No,No,Yes
T54891,DSL,Yes,Yes,No,No,Yes,Yes,No,No
J966666,None,Yes,No,Yes,No,Yes,Yes,Yes,No
G299299,DSL,Yes,Yes,No,No,Yes,Yes,Yes,Yes
Q804547,Fiber Optic,Yes,Yes,No,No,Yes,No,No,Yes
M593222,DSL,Yes,No,Yes,Yes,Yes,Yes,No,Yes
Y827249,None,Yes,Yes,Yes,No,Yes,Yes,No,No
J237221,Fiber Optic,Yes,Yes,No,Yes,Yes,Yes,Yes,Yes
Y368648,None,No,No,No,No,No,No,No,No
K269027,Fiber Optic,No,No,No,Yes,Yes,No,Yes,Yes
H825808,Fiber Optic,Yes,No,No,Yes,No,Yes,Yes,Yes
Q958555,DSL,Yes,No,Yes,No,Yes,No,Yes,No
O774002,DSL,Yes,No,No,Yes,No,Yes,Yes,Yes
H382978,Fiber Optic,No,No,Yes,No,Yes,Yes,Yes,No
W317275,None,Yes,No,Yes,No,No,Yes,No,No
Z23329,DSL,Yes,No,No,No,Yes,No,Yes,Yes
T636629,DSL,Yes,Yes,Yes,No,Yes,No,No,No
L253253,DSL,Yes,Yes,No,Yes,No,No,No,Yes
X106044,Fiber Optic,Yes,No,No,No,Yes,No,No,Yes
N565761,None,Yes,No,No,Yes,Yes,No,No,Yes
S740171,DSL,Yes,No,No,No,No,Yes,No,Yes
W782763,DSL,Yes,No,No,Yes,No,No,Yes,No
B93818,DSL,No,Yes,No,No,No,Yes,Yes,Yes
T90050,None,Yes,No,No,No,No,No,No,Yes
W52042,Fiber Optic,Yes,No,No,Yes,No,No,No,No
C496971,Fiber Optic,Yes,No,Yes,Yes,No,Yes,No,No
A138113,DSL,Yes,Yes,No,No,No,Yes,Yes,Yes
S600591,DSL,Yes,Yes,No,No,No,Yes,Yes,No
Z661387,None,Yes,Yes,No,Yes,No,Yes,No,Yes
M235015,Fiber Optic,Yes,Yes,No,No,Yes,Yes,Yes,No
X908828,DSL,Yes,Yes,Yes,Yes,Yes,No,Yes,No
A141988,DSL,No,Yes,No,No,Yes,Yes,No,Yes
C779041,DSL,Yes,No,Yes,No,No,Yes,No,No
H576124,Fiber Optic,Yes,Yes,No,Yes,Yes,Yes,Yes,No
I173343,DSL,Yes,No,No,No,No,Yes,Yes,No
H710167,None,Yes,Yes,No,No,Yes,No,Yes,Yes
B374505,DSL,Yes,Yes,Yes,Yes,No,Yes,No,Yes
O292800,Fiber Optic,Yes,Yes,No,Yes,No,Yes,No,Yes
H294328,DSL,Yes,No,Yes,No,Yes,Yes,Yes,Yes
T447873,Fiber Optic,Yes,No,Yes,Yes,Yes,Yes,No,Yes
T44170,None,Yes,Yes,Yes,No,No,No,Yes,Yes
H662697,None,Yes,No,No,No,Yes,Yes,No,Yes
A519289,None,No,No,No,No,Yes,Yes,No,Yes
A994697,DSL,Yes,Yes,No,Yes,Yes,No,Yes,Yes
X329606,Fiber Optic,Yes,No,No,No,Yes,No,No,Yes
T867814,Fiber Optic,Yes,Yes,No,Yes,No,Yes,Yes,No
R252374,DSL,Yes,No,Yes,Yes,Yes,No,Yes,Yes
T801799,DSL,No,No,No,Yes,No,No,No,No
B247549,None,Yes,No,Yes,No,No,No,No,Yes
T295047,None,Yes,Yes,Yes,Yes,Yes,No,Yes,Yes
I543072,None,Yes,Yes,Yes,Yes,No,No,Yes,Yes
I954367,DSL,Yes,No,No,Yes,No,No,Yes,Yes
C383664,None,Yes,No,No,No,No,Yes,No,No
M432757,DSL,Yes,Yes,Yes,Yes,Yes,No,Yes,Yes
F341472,DSL,Yes,No,No,Yes,Yes,Yes,Yes,Yes
K203664,Fiber Optic,Yes,No,No,No,Yes,Yes,No,Yes
T260778,None,Yes,Yes,No,Yes,No,No,No,No
E443113,DSL,Yes,No,Yes,No,Yes,No,Yes,Yes
B428349,None,Yes,No,Yes,No,No,No,No,No
D598970,Fiber Optic,Yes,Yes,Yes,Yes,Yes,No,Yes,No
X833772,Fiber Optic,Yes,Yes,Yes,Yes,No,Yes,Yes,Yes
C668339,Fiber Optic,Yes,Yes,No,Yes,No,No,Yes,No
R186116,DSL,Yes,Yes,No,Yes,No,Yes,Yes,Yes
S09313,DSL,Yes,Yes,No,Yes,No,Yes,No,Yes
M12370,Fiber Optic,Yes,No,No,Yes,No,Yes,Yes,No
P606965,Fiber Optic,Yes,Yes,No,Yes,Yes,No,No,Yes
V808659,DSL,No,No,Yes,No,No,No,No,No
F789013,Fiber Optic,Yes,No,No,Yes,No,Yes,No,Yes
O495486,DSL,Yes,No,No,No,No,No,Yes,Yes
G189405,Fiber Optic,Yes,No,No,No,Yes,Yes,No,No
U213708,Fiber Optic,Yes,No,Yes,Yes,No,No,Yes,No
H716635,Fiber Optic,Yes,No,Yes,Yes,Yes,No,Yes,No
A35543,Fiber Optic,Yes,No,No,Yes,Yes,No,No,No
U921662,Fiber Optic,Yes,Yes,No,No,Yes,Yes,No,Yes
B619322,None,Yes,Yes,Yes,Yes,No,No,No,No
M970266,DSL,Yes,Yes,No,No,No,Yes,No,Yes
R30489,Fiber Optic,Yes,Yes,Yes,Yes,No,No,No,Yes
K559003,DSL,Yes,Yes,Yes,Yes,No,No,No,Yes
Q597995,DSL,Yes,No,No,Yes,No,No,Yes,Yes
L117563,None,Yes,No,No,No,Yes,Yes,Yes,Yes
L435065,DSL,Yes,Yes,No,Yes,Yes,No,No,Yes
X91732,Fiber Optic,Yes,Yes,No,Yes,No,No,Yes,No
G258705,DSL,Yes,Yes,No,No,Yes,No,No,No
F952565,DSL,Yes,No,Yes,No,Yes,Yes,Yes,No
S487094,Fiber Optic,Yes,Yes,No,Yes,No,No,Yes,No
A374706,None,Yes,Yes,No,Yes,Yes,Yes,Yes,Yes
Z334403,Fiber Optic,Yes,Yes,No,No,No,No,No,No
X959290,Fiber Optic,Yes,Yes,Yes,Yes,No,No,Yes,Yes
P282882,DSL,Yes,Yes,Yes,Yes,No,No,Yes,Yes
G988623,None,Yes,No,No,Yes,No,No,Yes,No
O652445,DSL,Yes,Yes,No,No,No,No,Yes,Yes
X360670,DSL,Yes,Yes,No,No,Yes,No,No,Yes
T786944,Fiber Optic,Yes,No,No,Yes,No,No,Yes,Yes
S424834,None,Yes,Yes,Yes,Yes,Yes,No,No,Yes
F378234,None,Yes,No,No,No,Yes,No,No,No
W838935,None,Yes,Yes,No,No,Yes,No,No,No
O298138,Fiber Optic,Yes,No,No,Yes,No,Yes,Yes,Yes
J60514,Fiber Optic,No,Yes,Yes,Yes,No,No,No,Yes
C454652,None,Yes,Yes,No,No,Yes,No,Yes,Yes
G355459,Fiber Optic,Yes,Yes,Yes,Yes,No,No,Yes,No
W719857,None,Yes,No,No,Yes,No,Yes,No,No
N188089,Fiber Optic,Yes,Yes,No,Yes,No,No,Yes,No
K112810,Fiber Optic,Yes,No,Yes,Yes,No,No,Yes,No
B614851,Fiber Optic,Yes,No,No,No,No,No,Yes,No
W608373,None,Yes,No,No,Yes,Yes,Yes,No,Yes
P175475,DSL,Yes,No,Yes,No,Yes,No,No,Yes
M324793,DSL,Yes,Yes,No,Yes,Yes,No,No,No
D861732,Fiber Optic,Yes,Yes,Yes,Yes,Yes,No,Yes,No
I243405,Fiber Optic,Yes,Yes,Yes,Yes,No,No,No,No
I641617,Fiber Optic,No,Yes,No,No,No,Yes,Yes,Yes
T38070,Fiber Optic,Yes,Yes,Yes,Yes,Yes,No,No,Yes
