CustomerID,City,State,Zip_Code,Age,Gender,Senior_Citizen,Marital,Dependents,Tenure_Months,Phone,Multiple_Lines,Internet_Service,Online_Security,Online_Backup,Device_Protection,Tech_Support,Streaming_TV,Streaming_Movies,Contract,Paperless_Billing,Payment_Method,Monthly_Charges,Churn
3668-QPYBK,Los Angeles,CA,90003,78,Male,No,No,No,2,Yes,No,DSL,Yes,Yes,No,No,No,No,Month-to-month,Yes,Mailed check,53.85,Yes
9237-HQITU,Los Angeles,CA,90005,74,Female,No,No,Yes,2,Yes,No,Fiber optic,No,No,No,No,No,No,Month-to-month,Yes,Electronic check,70.7,Yes
9305-CDSKC,Los Angeles,CA,90006,71,Female,No,No,Yes,8,Yes,Yes,Fiber optic,No,No,Yes,No,Yes,Yes,Month-to-month,Yes,Electronic check,99.65,Yes
7892-POOKP,Los Angeles,CA,90010,78,Female,No,Yes,Yes,28,Yes,Yes,Fiber optic,No,No,Yes,Yes,Yes,Yes,Month-to-month,Yes,Electronic check,104.8,Yes
0280-XJGEX,Los Angeles,CA,90015,80,Male,No,No,Yes,49,Yes,Yes,Fiber optic,No,Yes,Yes,No,Yes,Yes,Month-to-month,Yes,Bank transfer (automatic),103.7,Yes
4190-MFLUW,Los Angeles,CA,90020,72,Female,No,Yes,No,10,Yes,No,DSL,No,No,Yes,Yes,No,No,Month-to-month,No,Credit card (automatic),55.2,Yes
8779-QRDMV,Los Angeles,CA,90022,76,Male,Yes,No,No,1,No,No,DSL,No,No,Yes,No,No,Yes,Month-to-month,Yes,Electronic check,39.65,Yes
1066-JKSGK,Los Angeles,CA,90024,66,Male,No,No,No,1,Yes,No,None,No,No,No,No,No,No,Month-to-month,No,Mailed check,20.15,Yes
6467-CHFZW,Los Angeles,CA,90028,70,Male,No,Yes,Yes,47,Yes,Yes,Fiber optic,No,Yes,No,No,Yes,Yes,Month-to-month,Yes,Electronic check,99.35,Yes
8665-UTDHZ,Los Angeles,CA,90029,77,Male,No,Yes,No,1,No,No,DSL,No,Yes,No,No,No,No,Month-to-month,No,Electronic check,30.2,Yes
8773-HHUOZ,Los Angeles,CA,90032,78,Female,No,No,No,17,Yes,No,DSL,No,No,No,No,Yes,Yes,Month-to-month,Yes,Mailed check,64.7,Yes
6047-YHPVI,Los Angeles,CA,90039,65,Male,No,No,Yes,5,Yes,No,Fiber optic,No,No,No,No,No,No,Month-to-month,Yes,Electronic check,69.7,Yes
5380-WJKOV,Los Angeles,CA,90041,77,Male,No,No,Yes,34,Yes,Yes,Fiber optic,No,Yes,Yes,No,Yes,Yes,Month-to-month,Yes,Electronic check,106.35,Yes
8168-UQWWF,Los Angeles,CA,90042,67,Female,No,No,Yes,11,Yes,Yes,Fiber optic,No,No,Yes,No,Yes,Yes,Month-to-month,Yes,Bank transfer (automatic),97.85,Yes
7760-OYPDY,Los Angeles,CA,90056,68,Female,No,No,Yes,2,Yes,No,Fiber optic,No,No,No,No,Yes,No,Month-to-month,Yes,Electronic check,80.65,Yes
9420-LOJKX,Los Angeles,CA,90061,68,Female,No,No,Yes,15,Yes,No,Fiber optic,Yes,Yes,No,No,Yes,Yes,Month-to-month,Yes,Credit card (automatic),99.1,Yes
7495-OOKFY,Los Angeles,CA,90063,66,Female,Yes,Yes,Yes,8,Yes,Yes,Fiber optic,No,Yes,No,No,No,No,Month-to-month,Yes,Credit card (automatic),80.65,Yes
1658-BYGOY,Los Angeles,CA,90065,69,Male,Yes,No,Yes,18,Yes,Yes,Fiber optic,No,No,No,No,Yes,Yes,Month-to-month,Yes,Electronic check,95.45,Yes
5698-BQJOH,Beverly Hills,CA,90211,74,Female,No,No,Yes,9,Yes,Yes,Fiber optic,No,No,No,No,Yes,Yes,Month-to-month,No,Electronic check,94.4,Yes
5919-TMRGD,Huntington Park,CA,90255,76,Female,No,No,Yes,1,Yes,No,Fiber optic,No,No,No,No,Yes,No,Month-to-month,Yes,Electronic check,79.35,Yes
9191-MYQKX,North Bend,WA,98045,77,Female,No,Yes,Yes,7,Yes,No,Fiber optic,No,No,Yes,No,No,No,Month-to-month,Yes,Bank transfer (automatic),75.15,Yes
8637-XJIVR,Everett,WA,98203,70,Female,No,No,Yes,12,Yes,Yes,Fiber optic,Yes,No,No,No,No,No,Month-to-month,Yes,Electronic check,78.95,Yes
0278-YXOOG,Dryden,WA,98821,74,Male,No,No,No,5,Yes,No,None,No,No,No,No,No,No,Month-to-month,No,Mailed check,21.05,Yes
4598-XLKNJ,Pullman,WA,99164,77,Female,Yes,Yes,Yes,25,Yes,No,Fiber optic,No,Yes,Yes,No,Yes,Yes,Month-to-month,Yes,Electronic check,98.5,Yes
3192-NQECA,Malden,WA,99149,71,Male,No,Yes,No,68,Yes,Yes,Fiber optic,No,Yes,Yes,Yes,Yes,Yes,Two year,Yes,Bank transfer (automatic),110,Yes
0486-HECZI,Entiat,WA,98822,79,Male,No,Yes,Yes,55,Yes,Yes,Fiber optic,Yes,Yes,No,No,Yes,No,Month-to-month,Yes,Electronic check,96.75,Yes
4846-WHAFZ,Kettle Falls,WA,99141,66,Female,Yes,Yes,Yes,37,Yes,Yes,Fiber optic,No,No,No,No,No,No,Month-to-month,Yes,Electronic check,76.5,Yes
5299-RULOA,Vader,WA,98593,77,Female,No,Yes,Yes,10,Yes,Yes,Fiber optic,Yes,No,No,No,Yes,Yes,Month-to-month,Yes,Electronic check,100.25,Yes
0404-SWRVG,Mansfield,WA,98830,80,Male,No,No,Yes,3,Yes,Yes,Fiber optic,No,No,No,No,No,No,Month-to-month,Yes,Electronic check,74.4,Yes
4412-YLTKF,Milton,WA,98354,77,Female,Yes,No,Yes,27,Yes,Yes,Fiber optic,No,No,Yes,No,No,No,Month-to-month,Yes,Electronic check,78.05,Yes
6207-WIOLX,Starbuck,WA,99359,77,Female,No,Yes,No,25,No,No,DSL,Yes,Yes,Yes,No,Yes,Yes,Month-to-month,Yes,Credit card (automatic),58.6,Yes
3091-FYHKI,Seaview,WA,98644,72,Male,No,No,No,1,No,No,DSL,No,No,No,No,No,Yes,Month-to-month,Yes,Electronic check,35.45,Yes
2372-HWUHI,Copalis Beach,WA,98535,80,Male,No,No,No,2,Yes,No,DSL,No,No,No,No,No,No,Month-to-month,No,Electronic check,44.35,Yes
0390-DCFDQ,Deer Park,WA,99006,74,Female,Yes,Yes,Yes,1,Yes,No,Fiber optic,No,No,No,No,No,No,Month-to-month,Yes,Mailed check,70.45,Yes
4080-OGPJL,Hansville,WA,98340,68,Female,No,No,No,8,Yes,Yes,DSL,Yes,No,No,Yes,No,Yes,Month-to-month,No,Electronic check,71.15,Yes
2135-RXIHG,Issaquah,WA,98029,78,Male,No,No,No,1,Yes,No,DSL,No,No,No,No,No,No,Month-to-month,Yes,Electronic check,45.65,Yes
3874-EQOEP,Ephrata,WA,98823,75,Male,No,No,Yes,7,Yes,Yes,Fiber optic,No,No,No,No,Yes,Yes,Month-to-month,No,Mailed check,95,Yes
0867-MKZVY,Lincoln,WA,99147,77,Female,No,Yes,Yes,20,Yes,Yes,Fiber optic,Yes,No,No,No,No,No,Month-to-month,No,Electronic check,82.4,Yes
3376-BMGFE,Peshastin,WA,98847,80,Female,No,No,Yes,4,Yes,No,Fiber optic,No,No,No,No,No,No,Month-to-month,Yes,Bank transfer (automatic),70.9,Yes
3445-HXXGF,Bothell,WA,98012,75,Male,Yes,Yes,No,58,No,No,DSL,No,Yes,Yes,No,No,Yes,Month-to-month,Yes,Electronic check,45.3,Yes
1875-QIVME,Bremerton,WA,98311,69,Female,No,Yes,Yes,2,Yes,Yes,Fiber optic,No,No,Yes,Yes,Yes,Yes,Month-to-month,Yes,Electronic check,104.4,Yes
0691-JVSYA,Seattle,WA,98115,74,Female,No,Yes,No,53,Yes,No,Fiber optic,No,No,Yes,No,Yes,Yes,One year,Yes,Bank transfer (automatic),94.85,Yes
2656-FMOKZ,Bothell,WA,98012,76,Female,Yes,No,Yes,15,Yes,Yes,Fiber optic,No,No,No,No,No,No,Month-to-month,Yes,Mailed check,74.45,Yes
2070-FNEXE,Washtucna,WA,99371,69,Female,Yes,No,Yes,7,Yes,No,Fiber optic,Yes,No,No,No,No,No,Month-to-month,No,Bank transfer (automatic),76.45,Yes
6317-YPKDH,Renton,WA,98056,72,Female,No,No,No,1,No,No,DSL,No,Yes,No,No,No,No,Month-to-month,No,Bank transfer (automatic),29.95,Yes
9367-WXLCH,Tacoma,WA,98446,69,Male,No,No,Yes,8,Yes,Yes,Fiber optic,No,No,No,No,No,Yes,Month-to-month,No,Bank transfer (automatic),84.5,Yes
1918-ZBFQJ,Pacific,WA,98047,73,Female,No,No,Yes,13,Yes,No,Fiber optic,No,Yes,Yes,No,No,No,Month-to-month,Yes,Electronic check,79.25,Yes
1024-GUALD,Port Townsend,WA,98368,65,Female,No,Yes,No,1,No,No,DSL,No,No,No,No,No,No,Month-to-month,Yes,Electronic check,24.8,Yes
2472-OVKUP,Seattle,WA,98148,74,Male,No,Yes,Yes,6,Yes,No,Fiber optic,No,Yes,Yes,No,No,Yes,Month-to-month,Yes,Electronic check,91,Yes
1285-OKIPP,Longview,WA,98632,65,Male,No,No,Yes,1,Yes,No,Fiber optic,No,No,No,No,No,Yes,Month-to-month,No,Electronic check,79.9,Yes
7825-ECJRF,Gifford,WA,99131,66,Female,No,No,Yes,19,Yes,No,Fiber optic,Yes,No,Yes,Yes,Yes,Yes,Month-to-month,Yes,Electronic check,106.6,Yes
7841-TZDMQ,Renton,WA,98056,71,Male,No,No,No,2,Yes,No,DSL,No,No,No,No,No,No,Month-to-month,Yes,Credit card (automatic),46,Yes
9408-SSNVZ,Stevenson Ranch,CA,91381,65,Female,No,No,Yes,4,Yes,No,Fiber optic,No,No,No,No,No,No,Month-to-month,Yes,Electronic check,70.15,Yes
0742-MOABM,Panorama City,CA,91402,69,Male,No,Yes,No,4,Yes,No,DSL,No,No,No,Yes,No,No,Month-to-month,No,Mailed check,50.05,Yes
2232-DMLXU,Van Nuys,CA,91411,75,Female,No,Yes,No,1,Yes,No,DSL,No,No,No,No,Yes,No,Month-to-month,No,Mailed check,55.2,Yes
8937-RDTHP,Burbank,CA,91504,75,Male,No,No,Yes,1,Yes,No,Fiber optic,Yes,No,No,No,No,Yes,Month-to-month,Yes,Mailed check,84.6,Yes
1251-KRREG,North Hollywood,CA,91601,68,Male,No,No,No,2,Yes,Yes,DSL,No,Yes,No,No,No,No,Month-to-month,Yes,Mailed check,54.4,Yes
0094-OIFMO,North Hollywood,CA,91605,71,Female,Yes,No,Yes,11,Yes,No,Fiber optic,No,Yes,No,No,Yes,Yes,Month-to-month,Yes,Electronic check,95,Yes
9947-OTFQU,Covina,CA,91722,80,Male,Yes,No,No,15,Yes,No,Fiber optic,No,Yes,No,No,No,No,Month-to-month,Yes,Electronic check,74.4,Yes
0322-YINQP,Covina,CA,91723,66,Male,No,No,No,1,Yes,No,DSL,Yes,No,No,No,No,No,Month-to-month,Yes,Mailed check,48.55,Yes
4629-NRXKX,El Monte,CA,91731,73,Female,No,Yes,No,2,Yes,No,Fiber optic,No,No,No,No,No,No,Month-to-month,No,Electronic check,70.4,Yes
9514-JDSKI,El Monte,CA,91732,77,Male,Yes,Yes,No,1,No,No,DSL,No,Yes,No,No,Yes,No,Month-to-month,No,Electronic check,40.2,Yes
4959-JOSRX,La Puente,CA,91744,76,Female,No,Yes,No,2,Yes,No,DSL,No,No,No,No,No,No,Month-to-month,Yes,Credit card (automatic),44.6,Yes
7273-TEFQD,La Puente,CA,91746,65,Male,Yes,No,No,3,No,No,DSL,No,No,Yes,No,No,Yes,Month-to-month,Yes,Electronic check,41.15,Yes
3606-TWKGI,Rowland Heights,CA,91748,75,Male,Yes,No,No,13,Yes,Yes,Fiber optic,No,Yes,Yes,No,Yes,Yes,Month-to-month,Yes,Electronic check,106.9,Yes
6323-AYBRX,Ontario,CA,91762,75,Male,No,No,No,59,Yes,No,None,No,No,No,No,No,No,Two year,No,Mailed check,19.35,Yes
4385-GZQXV,Ontario,CA,91764,68,Female,Yes,No,No,16,Yes,No,Fiber optic,No,No,No,Yes,Yes,Yes,Month-to-month,Yes,Electronic check,94.45,Yes
6366-ZGQGL,Pomona,CA,91766,71,Male,No,No,No,1,No,No,DSL,No,No,No,No,No,No,Month-to-month,No,Bank transfer (automatic),24.8,Yes
5940-AHUHD,Pomona,CA,91768,74,Male,No,No,No,1,Yes,No,Fiber optic,No,No,No,No,No,No,Month-to-month,No,Mailed check,70.6,Yes
6432-TWQLB,Rosemead,CA,91770,77,Male,No,Yes,No,5,Yes,Yes,Fiber optic,No,Yes,No,Yes,No,No,Month-to-month,Yes,Electronic check,85.4,Yes
4484-GLZOU,San Dimas,CA,91773,73,Female,No,Yes,No,52,Yes,Yes,Fiber optic,No,Yes,Yes,No,Yes,Yes,Month-to-month,Yes,Electronic check,105.05,Yes
9512-UIBFX,West Covina,CA,91791,68,Male,No,Yes,No,18,Yes,No,Fiber optic,No,No,Yes,No,Yes,Yes,Month-to-month,No,Mailed check,95.15,Yes
5583-SXDAG,Alhambra,CA,91803,74,Male,No,Yes,No,1,Yes,No,Fiber optic,No,No,No,No,No,No,Month-to-month,No,Electronic check,70,Yes
3488-PGMQJ,Alpine,CA,91901,65,Male,Yes,No,No,8,Yes,No,Fiber optic,No,Yes,No,No,No,No,Month-to-month,Yes,Electronic check,74.5,Yes
3580-REOAC,Bonita,CA,91902,73,Male,No,No,No,10,Yes,No,DSL,No,No,No,No,No,No,Month-to-month,Yes,Credit card (automatic),44.85,Yes
7534-BFESC,Boulevard,CA,91905,74,Male,Yes,No,No,24,Yes,Yes,Fiber optic,No,No,No,No,No,No,Month-to-month,Yes,Electronic check,76.1,Yes
6390-DSAZX,Guatay,CA,91931,80,Female,No,No,No,1,Yes,No,Fiber optic,Yes,No,No,No,No,No,Month-to-month,Yes,Mailed check,73.6,Yes
8098-LLAZX,Jacumba,CA,91934,76,Female,Yes,No,No,4,Yes,Yes,Fiber optic,No,No,No,No,Yes,Yes,Month-to-month,Yes,Electronic check,95.45,Yes
0265-EDXBD,Mount Laguna,CA,91948,73,Male,Yes,Yes,No,32,Yes,Yes,Fiber optic,No,No,No,No,No,No,Month-to-month,Yes,Electronic check,74.9,Yes
7563-BIUPC,Borrego Springs,CA,92004,70,Male,No,No,No,5,Yes,No,Fiber optic,No,No,No,No,Yes,No,Month-to-month,Yes,Electronic check,80.6,Yes
2321-OMBXY,Carlsbad,CA,92009,75,Female,No,Yes,No,38,Yes,No,DSL,Yes,Yes,No,Yes,Yes,Yes,One year,No,Credit card (automatic),80.3,Yes
2840-XANRC,Del Mar,CA,92014,74,Male,Yes,Yes,No,24,Yes,No,Fiber optic,No,No,Yes,No,Yes,Yes,Month-to-month,Yes,Electronic check,93.15,Yes
5020-ZSTTY,El Cajon,CA,92020,76,Female,Yes,No,No,54,Yes,Yes,DSL,Yes,Yes,No,Yes,Yes,Yes,One year,No,Bank transfer (automatic),82.45,Yes
5804-LEPIM,Escondido,CA,92029,75,Female,Yes,No,No,2,Yes,No,Fiber optic,No,No,No,No,No,No,Month-to-month,Yes,Electronic check,70.35,Yes
0122-OAHPZ,Oceanside,CA,92057,74,Female,No,No,No,7,Yes,Yes,Fiber optic,No,No,No,No,No,No,Month-to-month,Yes,Electronic check,73.85,Yes
2868-SNELZ,Pala,CA,92059,73,Female,No,No,No,2,Yes,Yes,Fiber optic,No,No,Yes,No,No,No,Month-to-month,No,Mailed check,80.6,Yes
4322-RCYMT,Palomar Mountain,CA,92060,69,Male,No,Yes,No,68,Yes,Yes,DSL,No,Yes,Yes,Yes,No,Yes,One year,Yes,Bank transfer (automatic),75.8,Yes
6680-NENYN,Pauma Valley,CA,92061,75,Female,No,No,No,43,Yes,Yes,Fiber optic,No,Yes,Yes,No,Yes,Yes,Two year,Yes,Electronic check,104.6,Yes
1343-EHPYB,Ranchita,CA,92066,65,Male,No,Yes,No,63,Yes,Yes,Fiber optic,No,Yes,Yes,No,Yes,Yes,Month-to-month,Yes,Electronic check,103.4,Yes
2034-GDRCN,Valley Center,CA,92082,77,Female,No,No,No,2,Yes,No,Fiber optic,No,No,No,No,Yes,Yes,Month-to-month,Yes,Electronic check,90.4,Yes
0219-YTZUE,San Diego,CA,92103,67,Male,No,Yes,No,4,Yes,Yes,Fiber optic,No,Yes,Yes,No,No,No,Month-to-month,Yes,Bank transfer (automatic),84.8,Yes
0623-IIHUG,San Diego,CA,92104,78,Female,Yes,No,No,21,No,No,DSL,Yes,No,No,No,Yes,No,Month-to-month,Yes,Electronic check,41.9,Yes
4572-DVCGN,San Diego,CA,92105,65,Female,No,No,No,10,Yes,No,Fiber optic,No,No,No,No,No,Yes,Month-to-month,Yes,Bank transfer (automatic),80.25,Yes
9057-MSWCO,San Diego,CA,92108,74,Male,Yes,Yes,No,27,No,No,DSL,Yes,No,No,No,No,No,Month-to-month,No,Credit card (automatic),30.75,Yes
1010-DIAUQ,San Diego,CA,92116,70,Male,No,No,No,5,Yes,No,Fiber optic,No,No,Yes,No,Yes,Yes,Month-to-month,No,Bank transfer (automatic),96.5,Yes
0259-GBZSH,San Diego,CA,92122,69,Male,No,No,No,2,Yes,Yes,Fiber optic,No,No,No,No,Yes,No,Month-to-month,Yes,Electronic check,85.65,Yes
9601-BRXPO,San Diego,CA,92129,76,Female,No,Yes,No,25,Yes,Yes,Fiber optic,No,No,Yes,Yes,Yes,Yes,Month-to-month,Yes,Bank transfer (automatic),104.95,Yes
6905-NIQIN,San Diego,CA,92154,71,Male,No,No,No,1,Yes,No,DSL,No,Yes,No,No,No,No,Month-to-month,No,Mailed check,50.65,Yes
5167-ZFFMM,Indio,CA,92201,76,Male,No,No,No,1,Yes,Yes,Fiber optic,No,Yes,No,No,No,Yes,Month-to-month,Yes,Credit card (automatic),90.85,Yes
4895-TMWIR,Indian Wells,CA,92210,77,Male,Yes,Yes,No,11,Yes,No,None,No,No,No,No,No,No,Month-to-month,No,Mailed check,19.95,Yes
0533-BNWKF,Palm Desert,CA,92211,74,Female,Yes,Yes,No,55,Yes,Yes,Fiber optic,No,Yes,Yes,No,No,No,Month-to-month,Yes,Electronic check,85.45,Yes
6599-CEBNN,Desert Hot Springs,CA,92240,77,Female,No,No,No,34,Yes,No,Fiber optic,No,Yes,No,No,No,No,Month-to-month,Yes,Credit card (automatic),73.95,Yes
0979-PHULV,Holtville,CA,92250,76,Male,No,Yes,No,69,Yes,Yes,Fiber optic,No,No,Yes,No,Yes,Yes,Month-to-month,Yes,Credit card (automatic),99.45,Yes
4800-VHZKI,Niland,CA,92257,77,Female,No,No,No,1,Yes,No,None,No,No,No,No,No,No,Month-to-month,Yes,Mailed check,19.9,Yes
7989-CHGTL,North Palm Springs,CA,92258,80,Male,No,No,No,1,Yes,No,None,No,No,No,No,No,No,Month-to-month,Yes,Mailed check,19.6,Yes
0334-GDDSO,Ocotillo,CA,92259,68,Male,Yes,No,No,3,Yes,Yes,Fiber optic,No,Yes,No,No,No,No,Month-to-month,Yes,Electronic check,81.35,Yes
0578-SKVMF,Seeley,CA,92273,79,Female,No,Yes,No,22,Yes,No,Fiber optic,No,Yes,No,No,No,Yes,Month-to-month,No,Electronic check,83.3,Yes
5564-NEMQO,Thermal,CA,92274,65,Female,Yes,No,No,1,Yes,No,Fiber optic,No,No,Yes,No,No,No,Month-to-month,Yes,Bank transfer (automatic),75.3,Yes
9063-ZGTUY,Adelanto,CA,92301,68,Female,No,Yes,No,61,Yes,No,None,No,No,No,No,No,No,Month-to-month,Yes,Mailed check,19.4,Yes
2957-LOLHO,Apple Valley,CA,92307,72,Male,No,No,No,12,Yes,No,DSL,No,No,No,No,No,No,Month-to-month,Yes,Bank transfer (automatic),45.4,Yes
7752-XUSCI,Crestline,CA,92325,66,Female,No,No,No,60,Yes,Yes,Fiber optic,No,Yes,Yes,No,Yes,Yes,Month-to-month,Yes,Electronic check,105.9,Yes
4110-PFEUZ,Daggett,CA,92327,68,Female,No,No,No,1,Yes,No,Fiber optic,No,No,No,No,No,No,Month-to-month,No,Mailed check,69.55,Yes
0256-LTHVJ,Ludlow,CA,92338,69,Female,No,Yes,No,28,Yes,No,Fiber optic,No,No,No,No,No,Yes,Month-to-month,Yes,Electronic check,81.05,Yes
0880-TKATG,Lucerne Valley,CA,92356,76,Male,No,Yes,No,4,Yes,Yes,Fiber optic,No,No,Yes,No,Yes,Yes,Month-to-month,No,Electronic check,101.15,Yes
3811-VBYBZ,Lytle Creek,CA,92358,70,Male,No,No,No,7,Yes,Yes,Fiber optic,No,Yes,No,No,Yes,Yes,Month-to-month,Yes,Electronic check,99.8,Yes
4640-UHDOS,Phelan,CA,92371,71,Female,No,Yes,No,13,Yes,No,DSL,No,No,No,No,No,Yes,Month-to-month,No,Electronic check,55.95,Yes
3583-EKAPL,Redlands,CA,92373,75,Male,No,No,No,1,Yes,No,DSL,No,No,No,No,No,Yes,Month-to-month,Yes,Electronic check,55,Yes
9399-APLBT,Rialto,CA,92377,67,Female,No,Yes,No,1,Yes,No,Fiber optic,No,Yes,No,No,No,No,Month-to-month,Yes,Electronic check,74.7,Yes
2359-KMGLI,Running Springs,CA,92382,65,Male,No,No,No,24,Yes,Yes,Fiber optic,No,Yes,No,No,No,No,Month-to-month,Yes,Electronic check,80.25,Yes
0306-JAELE,Tecopa,CA,92389,80,Male,No,No,No,5,Yes,No,Fiber optic,No,No,No,Yes,Yes,Yes,Month-to-month,Yes,Electronic check,96.1,Yes
6227-HWPWX,Victorville,CA,92392,71,Female,No,No,No,15,Yes,No,Fiber optic,No,No,No,No,No,No,Month-to-month,No,Bank transfer (automatic),69,Yes
0447-BEMNG,Wrightwood,CA,92397,70,Female,No,Yes,No,48,No,No,DSL,Yes,No,Yes,No,No,Yes,Month-to-month,Yes,Bank transfer (automatic),45.3,Yes
5949-XIKAE,San Bernardino,CA,92401,73,Female,No,Yes,No,8,Yes,No,Fiber optic,No,Yes,No,No,Yes,No,Month-to-month,Yes,Electronic check,83.55,Yes
8372-JUXUI,San Bernardino,CA,92410,78,Male,No,No,No,1,Yes,Yes,Fiber optic,No,No,No,No,No,No,Month-to-month,Yes,Electronic check,74.35,Yes
0388-EOPEX,Riverside,CA,92503,76,Female,No,Yes,No,2,Yes,No,Fiber optic,Yes,No,No,No,No,No,Month-to-month,Yes,Electronic check,74.4,Yes
8205-OTCHB,Riverside,CA,92506,73,Male,No,No,No,22,No,No,DSL,No,Yes,Yes,No,No,Yes,One year,Yes,Bank transfer (automatic),43.75,Yes
6235-VDHOM,Riverside,CA,92509,68,Female,Yes,No,No,5,No,No,DSL,No,Yes,No,No,No,No,Month-to-month,No,Electronic check,28.45,Yes
7783-YKGDV,March Air Reserve Base,CA,92518,79,Female,No,No,No,12,Yes,Yes,Fiber optic,Yes,Yes,Yes,No,No,Yes,Month-to-month,Yes,Bank transfer (automatic),99.7,Yes
5609-CEBID,Hemet,CA,92544,67,Female,Yes,No,No,20,Yes,Yes,Fiber optic,No,Yes,Yes,No,No,Yes,Month-to-month,Yes,Electronic check,94.1,Yes
7218-HKQFK,Homeland,CA,92548,69,Male,No,Yes,No,2,Yes,No,Fiber optic,No,No,No,Yes,Yes,Yes,Month-to-month,Yes,Electronic check,94.2,Yes
4636-QRJKY,Idyllwild,CA,92549,72,Female,No,Yes,No,6,Yes,Yes,Fiber optic,No,No,No,Yes,No,No,Month-to-month,Yes,Electronic check,80.5,Yes
5956-VKDTT,Moreno Valley,CA,92557,75,Female,Yes,Yes,No,5,Yes,Yes,Fiber optic,No,No,No,No,No,No,Month-to-month,Yes,Electronic check,74.35,Yes
9412-GHEEC,Murrieta,CA,92563,67,Male,No,No,No,40,Yes,Yes,Fiber optic,No,No,Yes,Yes,Yes,Yes,Month-to-month,No,Bank transfer (automatic),104.8,Yes
0257-ZESQC,Perris,CA,92571,72,Female,Yes,Yes,No,27,Yes,No,Fiber optic,Yes,No,No,No,No,No,Month-to-month,Yes,Bank transfer (automatic),75.2,Yes
6825-UYPFK,Sun City,CA,92586,68,Female,No,No,No,23,Yes,Yes,Fiber optic,No,No,No,No,No,No,Month-to-month,No,Bank transfer (automatic),75.6,Yes
8397-MVTAZ,Sun City,CA,92587,68,Male,No,Yes,No,34,Yes,Yes,Fiber optic,No,No,Yes,No,Yes,Yes,Month-to-month,Yes,Electronic check,100.05,Yes
9282-IZGQK,Irvine,CA,92612,75,Female,No,No,No,1,Yes,Yes,Fiber optic,No,No,No,No,No,Yes,Month-to-month,Yes,Electronic check,85,Yes
1342-JPNKI,Lake Forest,CA,92630,74,Male,No,No,No,10,Yes,Yes,Fiber optic,No,No,No,No,Yes,No,Month-to-month,Yes,Bank transfer (automatic),86.05,Yes
2817-NTQDO,Huntington Beach,CA,92646,78,Male,No,No,No,13,No,No,DSL,Yes,No,No,Yes,Yes,No,Month-to-month,Yes,Credit card (automatic),45.55,Yes
6986-IJDHX,Huntington Beach,CA,92648,66,Male,No,Yes,No,39,Yes,No,Fiber optic,No,Yes,No,No,Yes,No,Month-to-month,Yes,Mailed check,86.3,Yes
5301-GAUUY,Newport Beach,CA,92661,73,Male,No,No,No,32,Yes,Yes,Fiber optic,No,Yes,No,No,No,No,Month-to-month,Yes,Bank transfer (automatic),80.35,Yes
0939-YAPAF,Santa Ana,CA,92701,79,Female,No,No,No,35,Yes,Yes,Fiber optic,No,No,Yes,No,Yes,Yes,Month-to-month,Yes,Electronic check,100.25,Yes
4710-FDUIZ,Santa Ana,CA,92707,69,Male,No,Yes,No,56,Yes,Yes,Fiber optic,No,Yes,No,No,Yes,Yes,One year,No,Credit card (automatic),100.3,Yes
1218-VKFPE,Anaheim,CA,92805,65,Female,No,Yes,No,12,Yes,No,None,No,No,No,No,No,No,Month-to-month,No,Mailed check,19,Yes
3627-FHKBK,Anaheim,CA,92806,68,Female,No,No,No,1,Yes,No,Fiber optic,Yes,No,No,No,No,No,Month-to-month,No,Mailed check,75.3,Yes
2865-TCHJW,Anaheim,CA,92807,79,Female,Yes,No,No,4,Yes,Yes,Fiber optic,No,No,Yes,No,Yes,No,Month-to-month,Yes,Electronic check,89.2,Yes
5192-EBGOV,Brea,CA,92823,80,Female,Yes,No,No,1,Yes,Yes,Fiber optic,No,No,No,No,Yes,No,Month-to-month,Yes,Electronic check,85.7,Yes
0719-SYFRB,Norco,CA,92860,77,Female,No,No,No,12,Yes,Yes,DSL,Yes,No,Yes,Yes,No,No,Month-to-month,Yes,Mailed check,61.65,Yes
3419-SNJJD,Yorba Linda,CA,92887,65,Female,Yes,Yes,No,65,Yes,Yes,Fiber optic,Yes,No,Yes,No,Yes,Yes,Month-to-month,No,Bank transfer (automatic),105.25,Yes
6543-CPZMK,Ventura,CA,93001,66,Male,No,Yes,No,9,No,No,DSL,No,Yes,No,No,No,No,Month-to-month,Yes,Electronic check,29.95,Yes
4765-OXPPD,Ventura,CA,93003,75,Female,No,Yes,No,9,Yes,No,DSL,Yes,Yes,Yes,Yes,No,No,Month-to-month,No,Mailed check,65,Yes
1009-IRMNA,Port Hueneme,CA,93041,74,Female,No,No,No,7,Yes,No,None,No,No,No,No,No,No,Month-to-month,No,Bank transfer (automatic),20,Yes
4554-YGZIH,Summerland,CA,93067,80,Male,Yes,Yes,No,49,Yes,Yes,Fiber optic,No,Yes,No,No,No,Yes,Month-to-month,No,Credit card (automatic),90.05,Yes
5099-BAILX,Santa Barbara,CA,93101,74,Male,Yes,Yes,No,43,Yes,Yes,Fiber optic,No,Yes,Yes,Yes,Yes,Yes,Month-to-month,Yes,Bank transfer (automatic),110.75,Yes
7207-RMRDB,Santa Barbara,CA,93110,70,Female,No,Yes,No,65,Yes,Yes,Fiber optic,No,Yes,Yes,No,Yes,Yes,Month-to-month,Yes,Electronic check,105.5,Yes
4913-EHYUI,Alpaugh,CA,93201,76,Male,Yes,Yes,No,56,Yes,Yes,Fiber optic,Yes,No,Yes,No,Yes,Yes,One year,Yes,Bank transfer (automatic),104.55,Yes
0195-IESCP,Armona,CA,93202,72,Male,No,Yes,No,10,Yes,Yes,Fiber optic,No,No,No,No,No,Yes,Month-to-month,Yes,Electronic check,85.25,Yes
4580-TMHJU,Avenal,CA,93204,66,Female,No,Yes,No,43,Yes,No,DSL,No,No,No,No,Yes,No,Month-to-month,No,Electronic check,56.15,Yes
0970-ETWGE,Bodfish,CA,93205,75,Male,No,No,No,1,Yes,No,Fiber optic,No,No,No,No,Yes,Yes,Month-to-month,Yes,Electronic check,89.55,Yes
1626-ERCMM,Camp Nelson,CA,93208,65,Male,Yes,Yes,No,20,Yes,Yes,Fiber optic,No,No,No,No,Yes,Yes,Month-to-month,Yes,Electronic check,94.55,Yes
0887-HJGAR,Coalinga,CA,93210,79,Male,No,No,No,1,Yes,No,DSL,No,No,No,No,No,No,Month-to-month,Yes,Mailed check,45.7,Yes
5644-PDMZC,Delano,CA,93215,73,Female,Yes,No,No,2,Yes,Yes,Fiber optic,No,Yes,No,No,No,Yes,Month-to-month,No,Electronic check,89.5,Yes
9576-ANLXO,Earlimart,CA,93219,79,Female,No,No,No,3,Yes,No,Fiber optic,No,No,No,No,No,No,Month-to-month,Yes,Bank transfer (automatic),69.55,Yes
2024-BASKD,Exeter,CA,93221,70,Female,No,No,No,1,Yes,No,Fiber optic,No,No,Yes,No,No,No,Month-to-month,Yes,Mailed check,74.6,Yes
4160-AMJTL,Fellows,CA,93224,71,Female,Yes,No,No,8,Yes,No,None,No,No,No,No,No,No,Month-to-month,No,Electronic check,19.65,Yes
4464-JCOLN,Huron,CA,93234,69,Male,No,Yes,No,2,Yes,No,None,No,No,No,No,No,No,One year,No,Mailed check,19.85,Yes
5650-VDUDS,Kernville,CA,93238,70,Female,No,No,No,4,No,No,DSL,No,No,No,No,No,No,Month-to-month,Yes,Mailed check,24.25,Yes
7538-GWHML,Lemon Cove,CA,93244,71,Female,No,No,No,2,Yes,No,Fiber optic,No,No,No,No,No,No,Month-to-month,No,Electronic check,69.65,Yes
3859-CVCET,Lindsay,CA,93247,67,Female,No,No,No,4,Yes,No,DSL,No,No,No,No,No,No,Month-to-month,No,Mailed check,45.65,Yes
3276-HDUEG,Maricopa,CA,93252,67,Female,No,No,No,1,Yes,Yes,Fiber optic,No,No,No,No,No,No,Month-to-month,Yes,Mailed check,75.05,Yes
0823-HSCDJ,Onyx,CA,93255,69,Male,Yes,No,No,52,No,No,DSL,No,Yes,No,No,Yes,Yes,Month-to-month,Yes,Electronic check,49.15,Yes
0822-GAVAP,Posey,CA,93260,75,Female,No,No,No,2,No,No,DSL,No,No,No,No,No,Yes,Month-to-month,Yes,Electronic check,34.7,Yes
1448-PWKYE,Shafter,CA,93263,67,Male,No,Yes,No,1,Yes,No,Fiber optic,No,No,No,No,No,Yes,Month-to-month,No,Electronic check,80,Yes
0067-DKWBL,Tipton,CA,93272,66,Male,Yes,No,No,2,Yes,No,DSL,Yes,No,No,No,No,No,Month-to-month,Yes,Electronic check,49.25,Yes
2276-YDAVZ,Wofford Heights,CA,93285,67,Female,No,No,No,3,Yes,Yes,Fiber optic,No,No,No,No,No,No,Month-to-month,Yes,Credit card (automatic),75.1,Yes
5896-NPFWW,Visalia,CA,93292,71,Male,No,Yes,No,3,Yes,No,DSL,No,No,Yes,No,No,No,Month-to-month,Yes,Electronic check,50.15,Yes
7133-VBDCG,Bakersfield,CA,93311,74,Female,No,No,No,25,Yes,No,Fiber optic,Yes,Yes,No,No,No,No,Month-to-month,Yes,Bank transfer (automatic),79.85,Yes
1029-QFBEN,San Luis Obispo,CA,93405,70,Male,No,No,No,1,Yes,No,None,No,No,No,No,No,No,Month-to-month,No,Mailed check,19.55,Yes
4952-YSOGZ,Lompoc,CA,93436,76,Female,No,Yes,No,4,Yes,Yes,Fiber optic,No,No,No,No,No,Yes,Month-to-month,Yes,Electronic check,85.95,Yes
1589-AGTLK,Lompoc,CA,93437,67,Male,No,No,No,3,Yes,No,DSL,No,No,No,No,No,No,Month-to-month,Yes,Electronic check,45.35,Yes
5244-IRFIH,Los Alamos,CA,93440,80,Male,Yes,Yes,No,33,Yes,Yes,Fiber optic,No,No,No,No,Yes,Yes,Month-to-month,Yes,Electronic check,94.5,Yes
2684-EIWEO,Oceano,CA,93445,67,Female,Yes,No,No,30,Yes,Yes,Fiber optic,Yes,Yes,Yes,No,No,No,Month-to-month,No,Credit card (automatic),91.7,Yes
6439-GTPCA,Pismo Beach,CA,93449,68,Female,No,No,No,45,Yes,Yes,Fiber optic,No,No,Yes,Yes,No,No,Month-to-month,Yes,Electronic check,87.25,Yes
5138-WVKYJ,Mojave,CA,93501,69,Male,No,No,No,10,Yes,Yes,Fiber optic,Yes,No,No,No,Yes,Yes,Month-to-month,No,Electronic check,98.55,Yes
6683-VLCTZ,Johannesburg,CA,93528,80,Male,Yes,No,No,20,Yes,Yes,Fiber optic,No,No,Yes,No,Yes,Yes,Month-to-month,Yes,Electronic check,98.55,Yes
2189-WWOEW,Keene,CA,93531,73,Female,No,No,No,15,Yes,No,Fiber optic,No,Yes,No,No,No,Yes,Month-to-month,Yes,Bank transfer (automatic),85.9,Yes
1894-IGFSG,Lancaster,CA,93535,73,Female,No,No,No,22,Yes,No,Fiber optic,No,No,No,No,Yes,Yes,Month-to-month,No,Electronic check,89.25,Yes
7379-POKDZ,Lancaster,CA,93536,65,Male,No,Yes,No,3,Yes,No,Fiber optic,No,No,No,No,No,No,Month-to-month,Yes,Electronic check,70.3,Yes
0236-HFWSV,Palmdale,CA,93552,73,Male,No,No,No,15,Yes,Yes,Fiber optic,No,No,No,No,Yes,Yes,Month-to-month,Yes,Electronic check,93.35,Yes
3900-AQPHZ,Pearblossom,CA,93553,78,Female,No,No,No,1,Yes,No,None,No,No,No,No,No,No,Month-to-month,No,Mailed check,19.9,Yes
5842-POCOP,Randsburg,CA,93554,68,Female,No,Yes,No,5,Yes,No,Fiber optic,Yes,No,Yes,No,No,Yes,Month-to-month,Yes,Mailed check,88.9,Yes
2037-XJFUP,Ridgecrest,CA,93555,65,Male,No,Yes,No,33,Yes,No,Fiber optic,No,No,Yes,No,Yes,Yes,One year,Yes,Electronic check,95.8,Yes
7314-OXENN,Trona,CA,93562,67,Male,No,No,No,2,Yes,Yes,Fiber optic,No,Yes,No,No,No,No,Month-to-month,Yes,Electronic check,82,Yes
0322-CHQRU,Palmdale,CA,93591,70,Male,No,No,No,2,Yes,No,DSL,No,No,No,No,No,No,Month-to-month,No,Electronic check,45.35,Yes
4678-DVQEO,Bass Lake,CA,93604,69,Female,No,No,No,1,Yes,No,DSL,No,No,No,Yes,No,No,Month-to-month,Yes,Electronic check,52.2,Yes
0691-IFBQW,Biola,CA,93606,73,Female,Yes,No,No,46,Yes,Yes,Fiber optic,Yes,Yes,Yes,No,Yes,Yes,One year,Yes,Electronic check,110,Yes
3009-JWMPU,Five Points,CA,93624,74,Male,No,No,No,62,Yes,Yes,Fiber optic,No,No,Yes,No,Yes,Yes,One year,Yes,Electronic check,96.75,Yes
1450-GALXR,Friant,CA,93626,78,Female,No,No,No,10,Yes,Yes,Fiber optic,No,No,No,Yes,Yes,Yes,Month-to-month,Yes,Electronic check,98.5,Yes
3138-BKYAV,Kerman,CA,93630,77,Male,No,No,No,6,Yes,No,Fiber optic,No,Yes,No,No,Yes,No,Month-to-month,Yes,Electronic check,85.35,Yes
4289-DTDKW,Madera,CA,93637,70,Male,No,Yes,No,40,Yes,Yes,Fiber optic,No,Yes,No,No,Yes,Yes,Month-to-month,Yes,Electronic check,101.3,Yes
1820-TQVEV,Madera,CA,93638,78,Male,No,No,No,1,Yes,No,Fiber optic,No,No,No,No,No,No,Month-to-month,Yes,Electronic check,69.55,Yes
2239-JALAW,Mendota,CA,93640,75,Male,No,No,No,58,Yes,Yes,Fiber optic,No,Yes,Yes,No,Yes,Yes,One year,Yes,Bank transfer (automatic),103.25,Yes
4853-RULSV,Miramonte,CA,93641,75,Male,No,No,No,70,Yes,Yes,Fiber optic,Yes,No,No,Yes,Yes,Yes,Two year,Yes,Credit card (automatic),104,Yes
6275-YDUVO,Orosi,CA,93647,76,Female,No,No,No,2,Yes,No,Fiber optic,No,No,Yes,No,No,Yes,Month-to-month,Yes,Mailed check,86.2,Yes
0115-TFERT,Fresno,CA,93650,70,Male,No,Yes,No,21,Yes,Yes,Fiber optic,No,Yes,Yes,Yes,Yes,Yes,Month-to-month,Yes,Electronic check,111.2,Yes
2311-QYMUQ,San Joaquin,CA,93660,67,Female,No,Yes,No,16,Yes,No,Fiber optic,No,Yes,Yes,No,Yes,No,Month-to-month,Yes,Credit card (automatic),89.45,Yes
3643-AHCFP,Selma,CA,93662,69,Male,Yes,Yes,No,7,Yes,Yes,Fiber optic,No,No,No,No,Yes,Yes,Month-to-month,Yes,Bank transfer (automatic),95.6,Yes
3104-OWCGK,South Dos Palos,CA,93665,70,Male,No,Yes,No,60,Yes,No,Fiber optic,No,Yes,Yes,No,Yes,No,One year,No,Electronic check,90.95,Yes
9101-BWFSS,Tollhouse,CA,93667,74,Female,No,Yes,No,50,Yes,Yes,Fiber optic,Yes,Yes,No,Yes,Yes,Yes,One year,No,Electronic check,108.55,Yes
9231-ZJYAM,Squaw Valley,CA,93675,77,Female,Yes,No,No,4,Yes,No,Fiber optic,No,No,No,No,Yes,No,Month-to-month,Yes,Electronic check,78.85,Yes
6982-SSHFK,Fresno,CA,93703,66,Male,No,No,No,1,Yes,No,DSL,No,No,No,No,No,No,Month-to-month,No,Mailed check,44.4,Yes
0727-BMPLR,Fresno,CA,93706,70,Female,Yes,No,No,55,Yes,Yes,Fiber optic,No,No,Yes,No,Yes,Yes,One year,Yes,Electronic check,100,Yes
1038-ZAGBI,Fresno,CA,93711,68,Female,No,Yes,No,12,Yes,No,None,No,No,No,No,No,No,One year,No,Bank transfer (automatic),19.8,Yes
3027-ZTDHO,Fresno,CA,93721,65,Male,No,No,No,1,Yes,No,Fiber optic,No,No,No,No,Yes,Yes,Month-to-month,Yes,Electronic check,89.9,Yes
2382-BCKQJ,Big Sur,CA,93920,76,Female,No,No,No,62,Yes,Yes,Fiber optic,No,No,Yes,No,Yes,Yes,One year,Yes,Electronic check,100.15,Yes
2207-NHRJK,Carmel,CA,93923,73,Male,No,No,No,1,Yes,No,DSL,No,Yes,No,No,No,No,Month-to-month,No,Electronic check,50.8,Yes
0947-MUGVO,Jolon,CA,93928,70,Male,Yes,Yes,No,20,Yes,No,Fiber optic,No,Yes,No,No,No,No,Month-to-month,Yes,Electronic check,73.65,Yes
9944-HKVVB,King City,CA,93930,68,Female,No,No,No,3,Yes,No,Fiber optic,No,Yes,No,No,Yes,Yes,Month-to-month,Yes,Electronic check,95.1,Yes
4124-MMETB,Lockwood,CA,93932,77,Male,No,No,No,22,Yes,Yes,Fiber optic,No,No,No,No,Yes,Yes,Month-to-month,Yes,Credit card (automatic),94.65,Yes
3671-SHRSP,Marina,CA,93933,73,Male,No,Yes,No,4,Yes,No,Fiber optic,No,No,Yes,Yes,No,No,Month-to-month,Yes,Mailed check,80.6,Yes
3313-QKNKB,Pebble Beach,CA,93953,71,Male,No,Yes,No,59,Yes,Yes,Fiber optic,No,No,No,No,No,Yes,One year,No,Electronic check,85.55,Yes
5073-WXOYN,Belmont,CA,94002,69,Female,No,No,No,60,No,No,DSL,No,Yes,No,No,Yes,Yes,Month-to-month,Yes,Electronic check,50.8,Yes
0207-MDKNV,Daly City,CA,94014,80,Female,No,No,No,15,Yes,No,Fiber optic,Yes,No,Yes,Yes,Yes,Yes,Month-to-month,No,Electronic check,105.1,Yes
9851-KIELU,Loma Mar,CA,94021,66,Male,No,No,No,10,Yes,No,Fiber optic,Yes,Yes,Yes,Yes,Yes,Yes,Month-to-month,Yes,Electronic check,110.1,Yes
3908-BLSYF,Los Altos,CA,94024,79,Female,No,No,No,6,Yes,No,Fiber optic,No,No,Yes,No,No,Yes,Month-to-month,No,Electronic check,83.9,Yes
7549-MYGPK,Mountain View,CA,94040,80,Female,No,Yes,No,63,Yes,Yes,Fiber optic,Yes,Yes,Yes,No,Yes,No,Month-to-month,Yes,Electronic check,100.55,Yes
3804-RVTGV,Mountain View,CA,94043,78,Male,No,Yes,No,50,Yes,Yes,Fiber optic,No,Yes,Yes,No,Yes,Yes,Month-to-month,Yes,Bank transfer (automatic),103.85,Yes
9227-LUNBG,Pescadero,CA,94060,67,Female,No,No,No,1,No,No,DSL,No,No,No,No,No,No,Month-to-month,No,Electronic check,24.6,Yes
4315-MURBD,San Bruno,CA,94066,73,Female,No,No,No,12,Yes,No,Fiber optic,Yes,No,No,Yes,Yes,Yes,Month-to-month,Yes,Bank transfer (automatic),98.9,Yes
9734-YWGEX,South San Francisco,CA,94080,75,Female,No,No,No,9,Yes,Yes,Fiber optic,No,No,Yes,No,Yes,Yes,Month-to-month,No,Credit card (automatic),98.3,Yes
2719-BDAQO,Sunnyvale,CA,94086,67,Male,No,No,No,17,Yes,No,Fiber optic,Yes,No,No,No,Yes,Yes,Month-to-month,No,Electronic check,93.85,Yes
0781-LKXBR,San Francisco,CA,94102,75,Male,Yes,No,No,9,Yes,Yes,Fiber optic,No,No,Yes,No,Yes,Yes,Month-to-month,Yes,Electronic check,100.5,Yes
1907-UBQFC,San Francisco,CA,94108,80,Male,Yes,No,No,10,Yes,No,Fiber optic,No,Yes,No,No,No,No,Month-to-month,Yes,Electronic check,72.85,Yes
6513-EECDB,San Francisco,CA,94114,72,Male,Yes,Yes,No,1,Yes,Yes,Fiber optic,No,No,No,No,No,No,Month-to-month,Yes,Electronic check,73.55,Yes
7074-IEVOJ,San Francisco,CA,94130,70,Female,Yes,No,No,3,Yes,Yes,Fiber optic,No,Yes,No,No,No,No,Month-to-month,Yes,Electronic check,79.4,Yes
9625-QSTYE,San Francisco,CA,94131,73,Female,No,No,No,13,Yes,No,Fiber optic,No,Yes,Yes,No,No,No,Month-to-month,Yes,Electronic check,81.15,Yes
4750-ZRXIU,Palo Alto,CA,94304,75,Female,Yes,No,No,4,Yes,Yes,Fiber optic,No,No,No,No,No,Yes,Month-to-month,Yes,Electronic check,84.6,Yes
6400-BWQKW,San Mateo,CA,94402,70,Female,No,No,No,6,Yes,Yes,Fiber optic,Yes,No,No,No,No,No,Month-to-month,Yes,Electronic check,79.05,Yes
6680-WKXRZ,Antioch,CA,94509,77,Female,No,No,No,3,Yes,Yes,Fiber optic,No,No,No,No,No,No,Month-to-month,No,Bank transfer (automatic),74.4,Yes
7028-DVOIQ,Birds Landing,CA,94512,80,Male,Yes,No,No,35,Yes,Yes,Fiber optic,No,No,Yes,No,Yes,Yes,Month-to-month,Yes,Electronic check,99.05,Yes
4208-UFFGW,Byron,CA,94514,78,Male,Yes,No,No,2,Yes,No,DSL,No,No,No,No,No,No,Month-to-month,No,Mailed check,44.95,Yes
9448-REEVD,Concord,CA,94520,69,Male,No,Yes,No,1,Yes,No,DSL,No,No,No,No,No,No,Month-to-month,No,Credit card (automatic),44.7,Yes
9117-SHLZX,Fremont,CA,94538,71,Male,No,No,No,1,Yes,No,DSL,No,No,No,No,No,No,Month-to-month,Yes,Mailed check,45.7,Yes
9889-TMAHG,Fremont,CA,94539,70,Male,Yes,No,No,8,Yes,No,Fiber optic,Yes,No,No,Yes,Yes,Yes,Month-to-month,No,Credit card (automatic),100.3,Yes
4541-RMRLG,Hayward,CA,94541,66,Male,No,No,No,7,Yes,No,None,No,No,No,No,No,No,Month-to-month,No,Electronic check,19.25,Yes
3158-MOERK,Hayward,CA,94545,77,Female,No,No,No,2,Yes,Yes,Fiber optic,No,No,No,No,Yes,Yes,Month-to-month,Yes,Electronic check,96,Yes
7294-TMAOP,Castro Valley,CA,94546,71,Female,No,No,No,1,Yes,No,Fiber optic,No,No,No,No,Yes,Yes,Month-to-month,No,Electronic check,90.55,Yes
8919-FYFQZ,Livermore,CA,94550,68,Male,Yes,Yes,No,44,No,No,DSL,No,Yes,No,No,No,No,Month-to-month,Yes,Electronic check,30.35,Yes
2834-JRTUA,Martinez,CA,94553,71,Male,No,No,No,71,Yes,Yes,Fiber optic,Yes,No,Yes,Yes,Yes,Yes,Two year,Yes,Electronic check,108.05,Yes
5875-YPQFJ,Fremont,CA,94555,79,Male,No,No,No,1,Yes,No,Fiber optic,No,No,No,No,No,No,Month-to-month,Yes,Electronic check,69.9,Yes
6646-QVXLR,Napa,CA,94558,80,Male,Yes,Yes,No,62,Yes,Yes,Fiber optic,No,Yes,Yes,No,Yes,Yes,One year,Yes,Electronic check,103.75,Yes
8603-IJWDN,Pinole,CA,94564,65,Male,No,No,No,1,Yes,Yes,Fiber optic,No,No,No,No,No,Yes,Month-to-month,Yes,Electronic check,86.6,Yes
9369-XFEHK,Pleasanton,CA,94566,70,Female,Yes,Yes,No,33,Yes,Yes,Fiber optic,No,Yes,No,No,No,No,Month-to-month,Yes,Bank transfer (automatic),80.6,Yes
3842-IYKUE,San Leandro,CA,94579,68,Female,No,No,No,35,Yes,Yes,Fiber optic,No,Yes,No,Yes,No,No,Month-to-month,No,Credit card (automatic),85.3,Yes
6641-XRPSU,San Lorenzo,CA,94580,80,Female,No,No,No,34,Yes,No,Fiber optic,No,No,No,No,No,No,Month-to-month,Yes,Credit card (automatic),70,Yes
1374-DMZUI,San Ramon,CA,94583,77,Female,Yes,No,No,4,Yes,Yes,Fiber optic,No,No,No,No,Yes,Yes,Month-to-month,Yes,Electronic check,94.3,Yes
8357-EQXFO,Union City,CA,94587,65,Female,No,No,No,7,Yes,No,Fiber optic,No,No,Yes,No,Yes,Yes,Month-to-month,Yes,Electronic check,95.35,Yes
1989-PRJHP,Pleasanton,CA,94588,66,Male,Yes,Yes,No,27,Yes,Yes,Fiber optic,No,No,No,No,No,No,Month-to-month,Yes,Electronic check,75.5,Yes
9524-EGPJC,Walnut Creek,CA,94595,70,Female,No,No,No,18,Yes,Yes,Fiber optic,No,No,No,Yes,No,Yes,Month-to-month,Yes,Electronic check,90.1,Yes
6993-OHLXR,Walnut Creek,CA,94596,69,Female,No,No,No,2,Yes,No,Fiber optic,No,No,No,No,No,No,Month-to-month,No,Electronic check,68.95,Yes
8818-XYFCQ,Walnut Creek,CA,94598,66,Male,No,Yes,No,32,Yes,Yes,Fiber optic,Yes,No,No,No,Yes,Yes,Month-to-month,Yes,Credit card (automatic),99.55,Yes
4695-VADHF,Oakland,CA,94606,75,Male,No,Yes,No,18,Yes,No,DSL,No,No,Yes,No,No,Yes,Month-to-month,No,Electronic check,57.45,Yes
3863-IUBJR,Oakland,CA,94607,75,Male,No,Yes,No,12,Yes,No,DSL,No,No,No,No,No,Yes,One year,No,Credit card (automatic),53.65,Yes
4822-RVYBB,Berkeley,CA,94704,67,Male,Yes,No,No,8,Yes,Yes,Fiber optic,No,No,Yes,No,Yes,Yes,Month-to-month,Yes,Electronic check,100.6,Yes
8436-BJUMM,Albany,CA,94706,75,Male,No,Yes,No,26,Yes,Yes,Fiber optic,No,No,No,No,Yes,No,Month-to-month,Yes,Electronic check,83.75,Yes
4184-TJFAN,Berkeley,CA,94707,74,Female,Yes,Yes,No,3,Yes,No,Fiber optic,Yes,No,No,Yes,Yes,No,Month-to-month,Yes,Mailed check,88.3,Yes
4145-UQXUQ,Berkeley,CA,94710,74,Female,Yes,No,No,8,Yes,No,Fiber optic,No,No,Yes,No,Yes,Yes,Month-to-month,Yes,Electronic check,92.1,Yes
9948-YPTDG,San Rafael,CA,94903,67,Male,No,Yes,No,38,Yes,No,Fiber optic,Yes,Yes,No,No,No,No,Month-to-month,Yes,Electronic check,79.45,Yes
1236-WFCDV,Greenbrae,CA,94904,74,Male,Yes,No,No,14,Yes,No,Fiber optic,No,No,No,No,Yes,Yes,Month-to-month,No,Credit card (automatic),90.45,Yes
4883-QICIH,Bodega Bay,CA,94923,69,Male,No,Yes,No,32,Yes,No,Fiber optic,No,No,No,No,No,No,Month-to-month,Yes,Bank transfer (automatic),69.75,Yes
8329-IBCTI,Cotati,CA,94931,70,Female,No,No,No,1,Yes,No,None,No,No,No,No,No,No,Month-to-month,No,Mailed check,19.65,Yes
1271-SJBGZ,Forest Knolls,CA,94933,79,Male,Yes,No,No,12,No,No,DSL,No,No,Yes,Yes,No,Yes,Month-to-month,Yes,Electronic check,43.65,Yes
5669-SRAIP,Larkspur,CA,94939,76,Female,No,No,No,5,No,No,DSL,No,No,Yes,No,No,Yes,Month-to-month,No,Electronic check,39.5,Yes
5981-ITEMU,Marshall,CA,94940,78,Male,No,Yes,No,40,Yes,Yes,Fiber optic,No,No,No,No,Yes,Yes,Month-to-month,Yes,Bank transfer (automatic),97.1,Yes
6941-PMGEP,Novato,CA,94945,79,Female,No,No,No,5,Yes,No,Fiber optic,No,No,No,No,No,Yes,Month-to-month,Yes,Electronic check,80,Yes
1624-WOIWJ,Nicasio,CA,94946,73,Female,No,No,No,10,Yes,No,Fiber optic,Yes,No,No,No,Yes,No,Month-to-month,Yes,Mailed check,84.7,Yes
2074-GKOWZ,Novato,CA,94947,74,Male,No,Yes,No,2,Yes,No,Fiber optic,No,No,No,No,Yes,Yes,Month-to-month,Yes,Bank transfer (automatic),89.55,Yes
0376-YMCJC,Novato,CA,94949,73,Male,No,No,No,23,Yes,Yes,Fiber optic,No,No,No,Yes,Yes,No,Month-to-month,Yes,Electronic check,90.6,Yes
0634-SZPQA,San Anselmo,CA,94960,71,Female,No,No,No,23,Yes,Yes,Fiber optic,Yes,No,No,No,Yes,No,Month-to-month,Yes,Bank transfer (automatic),90.05,Yes
5536-RTPWK,Sausalito,CA,94965,68,Male,No,Yes,No,49,Yes,Yes,Fiber optic,No,Yes,No,No,Yes,Yes,Month-to-month,Yes,Bank transfer (automatic),99.05,Yes
6166-ILMNY,Tomales,CA,94971,70,Female,No,No,No,2,Yes,No,Fiber optic,No,No,No,No,No,No,Month-to-month,No,Bank transfer (automatic),69.75,Yes
3097-NNSPB,Valley Ford,CA,94972,66,Female,No,No,No,2,Yes,No,DSL,No,Yes,No,No,No,No,Month-to-month,Yes,Credit card (automatic),49.05,Yes
0655-RBDUG,Alviso,CA,95002,65,Male,No,No,No,7,Yes,Yes,Fiber optic,No,No,Yes,No,Yes,Yes,Month-to-month,Yes,Bank transfer (automatic),98.05,Yes
4361-BKAXE,Boulder Creek,CA,95006,78,Female,No,No,No,41,Yes,Yes,Fiber optic,Yes,Yes,Yes,Yes,Yes,Yes,Month-to-month,Yes,Bank transfer (automatic),114.5,Yes
9878-TNQGW,Davenport,CA,95017,74,Male,No,No,No,2,Yes,No,Fiber optic,No,No,No,No,No,Yes,Month-to-month,Yes,Electronic check,80.95,Yes
4441-NIHPT,Freedom,CA,95019,78,Female,Yes,No,No,13,Yes,No,Fiber optic,No,No,Yes,No,No,No,Month-to-month,Yes,Electronic check,74.3,Yes
8999-BOHSE,Gilroy,CA,95020,79,Female,Yes,No,No,11,Yes,No,Fiber optic,No,No,No,No,Yes,Yes,Month-to-month,No,Bank transfer (automatic),89.7,Yes
7029-RPUAV,Los Gatos,CA,95030,76,Male,Yes,Yes,No,17,Yes,Yes,Fiber optic,No,No,Yes,No,Yes,Yes,Month-to-month,Yes,Credit card (automatic),100.45,Yes
4607-CHPCA,San Martin,CA,95046,67,Male,No,Yes,No,25,Yes,No,Fiber optic,No,No,No,No,Yes,Yes,One year,Yes,Electronic check,90.4,Yes
8824-RWFXJ,Santa Cruz,CA,95062,80,Male,No,Yes,No,3,Yes,No,DSL,No,Yes,Yes,No,No,No,Month-to-month,Yes,Mailed check,56.15,Yes
9763-PDTKK,San Jose,CA,95112,77,Female,No,No,No,4,Yes,No,Fiber optic,Yes,No,Yes,Yes,No,Yes,Month-to-month,Yes,Bank transfer (automatic),94.4,Yes
7627-JKIAZ,San Jose,CA,95116,73,Female,No,Yes,No,37,Yes,Yes,Fiber optic,No,No,Yes,No,No,No,Month-to-month,Yes,Credit card (automatic),78.95,Yes
4081-DYXAV,San Jose,CA,95125,74,Female,No,No,No,19,No,No,DSL,No,No,No,No,Yes,Yes,One year,Yes,Credit card (automatic),44.85,Yes
8111-SLLHI,San Jose,CA,95128,76,Male,Yes,Yes,No,39,Yes,Yes,Fiber optic,No,Yes,Yes,No,Yes,Yes,Month-to-month,Yes,Electronic check,105.65,Yes
0927-LCSMG,San Jose,CA,95129,78,Male,No,No,No,7,Yes,No,Fiber optic,No,No,Yes,No,No,No,Month-to-month,No,Mailed check,74.65,Yes
8257-RZAHR,San Jose,CA,95134,78,Female,No,Yes,No,14,Yes,Yes,DSL,Yes,No,No,No,Yes,No,Month-to-month,Yes,Bank transfer (automatic),64.7,Yes
5293-WXJAK,San Jose,CA,95135,66,Female,Yes,Yes,No,11,Yes,Yes,Fiber optic,No,No,Yes,Yes,Yes,Yes,Month-to-month,Yes,Bank transfer (automatic),104.05,Yes
0841-NULXI,Stockton,CA,95209,69,Male,No,No,No,1,No,No,DSL,No,No,No,No,No,Yes,Month-to-month,Yes,Electronic check,35.55,Yes
7851-WZEKY,Stockton,CA,95219,74,Female,No,No,No,2,Yes,Yes,Fiber optic,No,No,No,No,Yes,Yes,Month-to-month,Yes,Electronic check,95.15,Yes
8844-TONUD,Acampo,CA,95220,68,Male,No,Yes,No,13,Yes,No,Fiber optic,No,No,Yes,No,Yes,Yes,Month-to-month,Yes,Mailed check,96.65,Yes
4086-YQSNZ,Glencoe,CA,95232,68,Female,Yes,Yes,No,3,Yes,No,Fiber optic,No,No,No,No,Yes,No,Month-to-month,Yes,Electronic check,80.4,Yes
5868-CZJDR,Linden,CA,95236,68,Male,No,No,No,1,No,No,DSL,No,Yes,No,No,No,No,Month-to-month,Yes,Mailed check,31.35,Yes
0135-NMXAP,Lodi,CA,95240,75,Female,No,No,No,12,Yes,Yes,Fiber optic,No,Yes,No,No,Yes,No,Month-to-month,Yes,Bank transfer (automatic),89.75,Yes
6270-OMFIW,Valley Springs,CA,95252,73,Male,No,Yes,No,60,Yes,No,Fiber optic,No,Yes,No,No,Yes,Yes,One year,Yes,Electronic check,94.4,Yes
0107-WESLM,West Point,CA,95255,72,Male,No,No,No,1,Yes,No,None,No,No,No,No,No,No,Month-to-month,Yes,Electronic check,19.85,Yes
3992-YWPKO,Atwater,CA,95301,68,Female,No,No,No,6,Yes,Yes,Fiber optic,No,Yes,Yes,Yes,Yes,Yes,Month-to-month,Yes,Credit card (automatic),109.9,Yes
0125-LZQXK,Big Oak Flat,CA,95305,74,Male,No,No,No,15,Yes,No,Fiber optic,No,No,Yes,Yes,Yes,Yes,Month-to-month,Yes,Electronic check,101.35,Yes
8399-YNDCH,Columbia,CA,95310,71,Male,Yes,No,No,21,Yes,No,DSL,No,No,Yes,No,Yes,No,Month-to-month,Yes,Bank transfer (automatic),60.05,Yes
5673-FSSMF,Delhi,CA,95315,75,Female,No,No,No,1,Yes,Yes,DSL,No,No,No,No,No,Yes,Month-to-month,Yes,Electronic check,60.15,Yes
1579-KLYDT,Hickman,CA,95323,66,Male,No,No,No,7,Yes,Yes,Fiber optic,No,No,Yes,No,Yes,No,Month-to-month,Yes,Electronic check,90.45,Yes
3927-NLNRY,Long Barn,CA,95335,76,Male,No,Yes,No,53,Yes,No,Fiber optic,No,Yes,No,No,Yes,Yes,One year,Yes,Bank transfer (automatic),94.25,Yes
6358-LYNGM,Mariposa,CA,95338,67,Male,No,No,No,1,Yes,Yes,Fiber optic,No,No,No,No,No,No,Month-to-month,Yes,Electronic check,74.9,Yes
5494-HECPR,Mi Wuk Village,CA,95346,79,Female,No,No,No,1,Yes,No,Fiber optic,No,No,No,No,Yes,No,Month-to-month,Yes,Electronic check,80.25,Yes
9824-BEMCV,Modesto,CA,95350,78,Male,No,Yes,No,17,Yes,No,Fiber optic,No,No,No,No,No,No,Month-to-month,Yes,Electronic check,69,Yes
1373-ORVIZ,Modesto,CA,95351,79,Female,No,Yes,No,11,Yes,Yes,DSL,No,No,No,Yes,No,Yes,Month-to-month,Yes,Electronic check,66.35,Yes
9866-QEVEE,Modesto,CA,95356,78,Male,No,No,No,19,Yes,Yes,Fiber optic,No,No,No,No,No,Yes,Month-to-month,Yes,Bank transfer (automatic),86,Yes
9897-KXHCM,Modesto,CA,95357,71,Female,No,Yes,No,3,Yes,No,Fiber optic,No,No,No,No,No,Yes,Month-to-month,Yes,Electronic check,80.3,Yes
7979-CORPM,Oakdale,CA,95361,76,Male,No,No,No,24,Yes,Yes,Fiber optic,No,Yes,No,No,Yes,No,Month-to-month,Yes,Credit card (automatic),90.55,Yes
1618-CFHME,Riverbank,CA,95367,65,Female,No,No,No,2,Yes,Yes,Fiber optic,No,No,No,No,No,No,Month-to-month,Yes,Electronic check,75.9,Yes
3165-HDOEW,Salida,CA,95368,75,Male,No,Yes,No,1,Yes,No,DSL,No,No,No,No,No,No,Month-to-month,Yes,Mailed check,45.85,Yes
6581-NQCBA,Snelling,CA,95369,75,Female,No,Yes,No,16,No,No,DSL,No,No,No,Yes,Yes,Yes,Month-to-month,Yes,Electronic check,49.95,Yes
1689-MRZQR,Turlock,CA,95382,69,Male,No,Yes,No,34,Yes,No,Fiber optic,No,No,No,No,Yes,No,Month-to-month,No,Electronic check,78.3,Yes
5835-BEQEU,Westley,CA,95387,68,Male,No,No,No,3,Yes,Yes,Fiber optic,No,No,No,No,No,No,Month-to-month,Yes,Electronic check,76.95,Yes
5565-FILXA,Yosemite National Park,CA,95389,66,Female,Yes,No,No,16,Yes,Yes,Fiber optic,No,No,No,No,Yes,Yes,Month-to-month,Yes,Electronic check,96.15,Yes
5552-ZNFSJ,Santa Rosa,CA,95407,65,Male,No,No,No,1,Yes,No,DSL,No,No,No,No,No,No,Month-to-month,No,Electronic check,45.3,Yes
2223-KAGMX,Santa Rosa,CA,95409,77,Female,No,No,No,15,Yes,No,None,No,No,No,No,No,No,Month-to-month,No,Bank transfer (automatic),19.4,Yes
7321-PKUYW,Branscomb,CA,95417,66,Female,No,No,No,11,Yes,Yes,Fiber optic,No,No,No,Yes,Yes,No,Month-to-month,No,Electronic check,90.15,Yes
2833-SLKDQ,Caspar,CA,95420,72,Male,No,No,No,1,Yes,No,DSL,No,No,No,No,No,No,Month-to-month,No,Mailed check,45.05,Yes
7595-EUIVN,Clearlake,CA,95422,77,Female,No,No,No,1,Yes,No,Fiber optic,No,Yes,No,No,No,No,Month-to-month,No,Electronic check,75.8,Yes
2026-TGDHM,Cloverdale,CA,95425,66,Female,No,No,No,7,Yes,No,Fiber optic,No,No,No,No,No,Yes,Month-to-month,Yes,Electronic check,79.3,Yes
4030-VPZBD,Comptche,CA,95427,80,Female,No,No,No,2,No,No,DSL,No,No,No,Yes,No,No,Month-to-month,Yes,Electronic check,30.9,Yes
4187-CINZD,Eldridge,CA,95431,68,Female,Yes,No,No,46,Yes,No,Fiber optic,No,Yes,No,No,Yes,Yes,One year,No,Credit card (automatic),95.25,Yes
6818-WOBHJ,Fulton,CA,95439,78,Female,Yes,Yes,No,68,Yes,Yes,Fiber optic,No,Yes,No,No,No,Yes,Month-to-month,Yes,Bank transfer (automatic),89.6,Yes
2408-TZMJL,Gualala,CA,95445,74,Male,No,Yes,No,59,Yes,Yes,Fiber optic,Yes,Yes,Yes,No,Yes,Yes,One year,Yes,Electronic check,110.15,Yes
9134-CEQMF,Nice,CA,95464,74,Male,Yes,Yes,No,7,Yes,No,Fiber optic,No,No,No,No,Yes,Yes,Month-to-month,Yes,Electronic check,89.5,Yes
7993-PYKOF,Rio Nido,CA,95471,65,Male,No,Yes,No,8,Yes,No,Fiber optic,Yes,No,No,No,No,No,Month-to-month,No,Electronic check,75,Yes
5027-XWQHA,Ukiah,CA,95482,70,Male,No,No,No,6,Yes,No,DSL,No,No,No,No,No,No,Month-to-month,No,Electronic check,44.75,Yes
4566-QVRRW,Witter Springs,CA,95493,70,Female,No,Yes,No,11,Yes,No,DSL,No,No,No,No,No,No,Month-to-month,Yes,Electronic check,44.05,Yes
8519-IMDHU,Alderpoint,CA,95511,75,Male,Yes,Yes,No,15,Yes,Yes,Fiber optic,No,No,No,No,No,Yes,Month-to-month,Yes,Bank transfer (automatic),85.6,Yes
0201-OAMXR,Mckinleyville,CA,95519,70,Female,No,No,No,70,Yes,Yes,Fiber optic,Yes,Yes,Yes,Yes,Yes,Yes,One year,No,Credit card (automatic),115.55,Yes
3372-KWFBM,Bayside,CA,95524,71,Male,Yes,No,No,16,Yes,Yes,Fiber optic,No,No,No,No,Yes,No,Month-to-month,Yes,Electronic check,86.6,Yes
7831-QGOXH,Blue Lake,CA,95525,79,Female,No,No,No,18,Yes,Yes,Fiber optic,No,No,No,No,Yes,No,Month-to-month,Yes,Electronic check,85.2,Yes
6393-WRYZE,Bridgeville,CA,95526,79,Female,No,Yes,No,34,Yes,Yes,Fiber optic,No,No,No,No,Yes,Yes,Month-to-month,Yes,Electronic check,97.65,Yes
6599-RCLCJ,Crescent City,CA,95531,73,Male,No,Yes,No,47,Yes,Yes,Fiber optic,No,Yes,Yes,Yes,Yes,Yes,Month-to-month,Yes,Electronic check,109.55,Yes
9831-BPFRI,Ferndale,CA,95536,74,Female,No,Yes,No,39,Yes,Yes,Fiber optic,No,Yes,Yes,Yes,No,No,One year,Yes,Electronic check,89.55,Yes
1725-MIMXW,Honeydew,CA,95545,80,Male,No,No,No,1,Yes,No,None,No,No,No,No,No,No,Month-to-month,Yes,Mailed check,19.45,Yes
0031-PVLZI,Korbel,CA,95550,69,Female,No,Yes,No,4,Yes,No,None,No,No,No,No,No,No,Month-to-month,No,Mailed check,20.35,Yes
7206-GZCDC,Loleta,CA,95551,71,Female,Yes,No,No,1,Yes,No,Fiber optic,No,No,No,No,No,No,Month-to-month,Yes,Electronic check,69.25,Yes
4791-QRGMF,Miranda,CA,95553,73,Male,No,Yes,No,59,Yes,Yes,Fiber optic,No,No,Yes,No,Yes,Yes,One year,Yes,Bank transfer (automatic),99.5,Yes
1768-ZAIFU,Rio Dell,CA,95562,79,Female,Yes,No,No,1,No,No,DSL,No,No,No,No,No,No,Month-to-month,Yes,Electronic check,25.2,Yes
4671-LXRDQ,Salyer,CA,95563,67,Male,No,No,No,2,Yes,No,DSL,No,No,No,No,No,No,Month-to-month,Yes,Mailed check,45,Yes
1934-SJVJK,Smith River,CA,95567,72,Male,No,No,No,1,Yes,No,None,No,No,No,No,No,No,Month-to-month,No,Mailed check,20.15,Yes
3838-OZURD,Somes Bar,CA,95568,75,Male,No,Yes,No,66,Yes,Yes,Fiber optic,No,Yes,Yes,No,Yes,Yes,Month-to-month,Yes,Credit card (automatic),105,Yes
9269-CQOOL,Trinidad,CA,95570,76,Male,No,No,No,3,Yes,No,DSL,No,No,No,No,Yes,No,Month-to-month,Yes,Credit card (automatic),54.7,Yes
2845-HSJCY,Whitethorn,CA,95589,69,Female,No,Yes,No,14,Yes,Yes,Fiber optic,No,No,Yes,No,No,Yes,Month-to-month,Yes,Electronic check,87.25,Yes
1184-PJVDB,Amador City,CA,95601,76,Male,No,Yes,No,10,Yes,No,Fiber optic,No,No,No,No,Yes,No,Month-to-month,Yes,Electronic check,79.95,Yes
9415-DPEWS,Carmichael,CA,95608,68,Female,No,No,No,18,Yes,Yes,Fiber optic,No,No,No,Yes,Yes,No,Month-to-month,Yes,Electronic check,88.35,Yes
7943-RQCHR,Davis,CA,95616,77,Female,No,No,No,9,Yes,Yes,Fiber optic,No,No,No,No,Yes,Yes,Month-to-month,Yes,Electronic check,94.75,Yes
3793-MMFUH,Davis,CA,95618,67,Female,Yes,No,No,13,Yes,Yes,Fiber optic,No,No,No,No,Yes,Yes,Month-to-month,Yes,Electronic check,95.05,Yes
3249-ZPQRG,Diamond Springs,CA,95619,67,Male,No,No,No,4,Yes,Yes,Fiber optic,No,Yes,No,No,No,No,Month-to-month,No,Electronic check,78.45,Yes
2568-BRGYX,Dixon,CA,95620,76,Male,No,No,No,4,Yes,No,Fiber optic,No,No,No,No,No,No,Month-to-month,Yes,Electronic check,70.2,Yes
7721-JXEAW,Elk Grove,CA,95624,66,Male,No,Yes,No,59,No,No,DSL,No,Yes,No,No,No,Yes,Month-to-month,Yes,Bank transfer (automatic),41.05,Yes
7249-WBIYX,Elmira,CA,95625,80,Male,No,Yes,No,10,Yes,Yes,Fiber optic,No,No,No,No,Yes,No,Month-to-month,Yes,Electronic check,85.6,Yes
6567-HOOPW,Folsom,CA,95630,78,Female,Yes,No,No,1,Yes,No,Fiber optic,No,No,No,No,Yes,No,Month-to-month,Yes,Electronic check,79.2,Yes
3164-AALRN,Greenwood,CA,95635,69,Male,No,No,No,5,Yes,No,DSL,No,No,Yes,No,Yes,Yes,One year,Yes,Mailed check,70,Yes
3334-CTHOL,Jackson,CA,95642,78,Female,No,No,No,1,Yes,Yes,DSL,No,No,No,No,No,No,Month-to-month,Yes,Bank transfer (automatic),49.95,Yes
4704-ERYFC,Knights Landing,CA,95645,78,Female,No,Yes,No,22,Yes,No,Fiber optic,No,No,No,No,No,No,Month-to-month,Yes,Electronic check,69.25,Yes
8621-MNIHH,Madison,CA,95653,68,Female,Yes,Yes,No,34,Yes,Yes,Fiber optic,No,Yes,Yes,No,No,Yes,Month-to-month,Yes,Electronic check,94.25,Yes
0471-LVHGK,Orangevale,CA,95662,75,Male,No,Yes,No,41,Yes,Yes,DSL,No,No,Yes,No,Yes,Yes,One year,Yes,Electronic check,73,Yes
9518-RWHZL,Penryn,CA,95663,70,Female,No,No,No,64,Yes,Yes,Fiber optic,No,No,Yes,No,Yes,Yes,One year,Yes,Credit card (automatic),100.05,Yes
5419-CONWX,Pleasant Grove,CA,95668,65,Female,Yes,No,No,4,Yes,No,Fiber optic,No,Yes,Yes,No,Yes,Yes,Month-to-month,Yes,Credit card (automatic),99.8,Yes
6240-EURKS,Plymouth,CA,95669,71,Female,No,No,No,18,No,No,DSL,No,No,No,No,No,Yes,Month-to-month,Yes,Electronic check,35,Yes
6960-HVYXR,Rio Linda,CA,95673,72,Female,No,No,No,1,Yes,Yes,Fiber optic,No,No,No,No,No,No,Month-to-month,No,Electronic check,76,Yes
7024-OHCCK,Sheridan,CA,95681,69,Female,Yes,No,No,2,Yes,Yes,Fiber optic,No,No,No,No,Yes,Yes,Month-to-month,Yes,Electronic check,93.85,Yes
7861-UVUFT,Sloughhouse,CA,95683,70,Female,No,Yes,No,15,Yes,No,Fiber optic,No,No,Yes,No,Yes,No,Month-to-month,Yes,Electronic check,84.3,Yes
5357-TZHPP,Wheatland,CA,95692,80,Male,Yes,No,No,9,Yes,Yes,Fiber optic,No,No,No,No,No,Yes,Month-to-month,Yes,Credit card (automatic),84.4,Yes
0680-DFNNY,Winters,CA,95694,73,Male,No,Yes,No,15,Yes,Yes,Fiber optic,No,No,Yes,No,Yes,Yes,Month-to-month,Yes,Electronic check,101.1,Yes
7767-UXAGJ,Colfax,CA,95713,73,Male,No,No,No,1,Yes,Yes,DSL,No,No,No,No,No,No,Month-to-month,Yes,Electronic check,50.45,Yes
1571-SAVHK,Meadow Vista,CA,95722,79,Male,No,No,No,12,Yes,Yes,Fiber optic,No,No,No,Yes,Yes,Yes,Month-to-month,Yes,Mailed check,99.95,Yes
9546-CQJSU,Soda Springs,CA,95728,79,Female,No,No,No,2,Yes,Yes,Fiber optic,No,No,Yes,No,Yes,No,Month-to-month,Yes,Electronic check,91.4,Yes
0506-LVNGN,Rancho Cordova,CA,95742,73,Female,Yes,No,No,5,Yes,No,Fiber optic,No,No,Yes,No,No,No,Month-to-month,Yes,Credit card (automatic),75.55,Yes
2951-QOQTK,Sacramento,CA,95815,77,Male,No,No,No,4,Yes,Yes,Fiber optic,No,No,No,Yes,No,No,Month-to-month,No,Credit card (automatic),80.8,Yes
3473-XIIIT,Sacramento,CA,95824,68,Female,No,Yes,No,16,Yes,Yes,Fiber optic,No,Yes,No,No,Yes,Yes,Month-to-month,Yes,Electronic check,100,Yes
7893-IXHRQ,Sacramento,CA,95826,70,Male,No,No,No,1,Yes,No,None,No,No,No,No,No,No,Month-to-month,No,Electronic check,20.55,Yes
2952-QAYZF,Sacramento,CA,95828,68,Male,No,No,No,5,Yes,Yes,Fiber optic,No,Yes,Yes,No,No,No,Month-to-month,Yes,Electronic check,85.3,Yes
4763-PGDPO,Sacramento,CA,95831,76,Female,No,No,No,4,Yes,No,Fiber optic,No,No,No,No,No,No,Month-to-month,No,Electronic check,70.4,Yes
5394-SVGJV,Sacramento,CA,95838,68,Male,No,No,No,37,Yes,Yes,Fiber optic,No,No,No,Yes,Yes,Yes,Month-to-month,No,Bank transfer (automatic),98.8,Yes
9283-LZQOH,Antelope,CA,95843,80,Male,No,Yes,No,13,Yes,Yes,Fiber optic,No,No,No,No,No,No,Month-to-month,Yes,Credit card (automatic),74.4,Yes
7079-QRCBC,Sacramento,CA,95864,79,Female,No,No,No,24,Yes,Yes,Fiber optic,No,No,Yes,No,Yes,Yes,Month-to-month,Yes,Electronic check,98.75,Yes
5469-CTCWN,Arbuckle,CA,95912,78,Male,No,Yes,No,61,Yes,Yes,Fiber optic,Yes,Yes,No,No,Yes,Yes,One year,Yes,Electronic check,106,Yes
9851-QXEEQ,Bangor,CA,95914,76,Male,No,No,No,41,Yes,Yes,Fiber optic,No,Yes,Yes,No,Yes,Yes,Month-to-month,Yes,Electronic check,104.7,Yes
9809-IMGCQ,Canyon Dam,CA,95923,65,Male,Yes,No,No,22,Yes,Yes,Fiber optic,No,No,No,No,Yes,Yes,Month-to-month,Yes,Electronic check,96.7,Yes
5208-HFSBT,Challenge,CA,95925,80,Female,No,No,No,2,Yes,No,DSL,No,Yes,No,Yes,No,No,Month-to-month,Yes,Credit card (automatic),55.05,Yes
3254-YRILK,Dobbins,CA,95935,65,Male,Yes,No,No,19,Yes,Yes,Fiber optic,No,Yes,No,No,Yes,No,Month-to-month,Yes,Electronic check,88.2,Yes
2667-WYLWJ,Dunnigan,CA,95937,78,Female,No,Yes,No,8,Yes,No,None,No,No,No,No,No,No,One year,Yes,Mailed check,19.75,Yes
0529-ONKER,Forest Ranch,CA,95942,78,Male,Yes,No,No,15,Yes,Yes,Fiber optic,No,No,No,No,No,No,Month-to-month,No,Electronic check,75.65,Yes
5240-IJOQT,Grass Valley,CA,95949,68,Male,Yes,No,No,1,Yes,Yes,Fiber optic,No,No,No,No,No,No,Month-to-month,Yes,Electronic check,74.7,Yes
1092-GANHU,Magalia,CA,95954,73,Male,No,No,No,17,Yes,No,Fiber optic,No,No,Yes,No,No,No,Month-to-month,Yes,Electronic check,76.65,Yes
0661-XEYAN,Nevada City,CA,95959,75,Female,Yes,No,No,1,No,No,DSL,No,No,No,No,No,No,Month-to-month,Yes,Mailed check,25.8,Yes
7881-EVUAD,Oroville,CA,95966,66,Female,No,No,No,2,No,No,DSL,Yes,Yes,No,No,No,Yes,Month-to-month,Yes,Electronic check,42.6,Yes
5766-XQXMQ,Princeton,CA,95970,73,Female,No,No,No,29,Yes,No,DSL,Yes,Yes,Yes,No,No,Yes,Month-to-month,Yes,Bank transfer (automatic),68.85,Yes
3703-VAVCL,Strawberry Valley,CA,95981,73,Male,No,Yes,No,2,Yes,No,Fiber optic,No,No,Yes,Yes,No,Yes,Month-to-month,No,Credit card (automatic),90,Yes
8519-QJGJD,Twain,CA,95984,70,Female,No,No,No,14,Yes,No,Fiber optic,No,No,Yes,No,No,No,Month-to-month,No,Electronic check,75.35,Yes
6326-MTTXK,Yuba City,CA,95993,74,Male,No,No,No,8,Yes,Yes,Fiber optic,No,Yes,No,No,Yes,Yes,Month-to-month,No,Electronic check,100.85,Yes
0330-IVZHA,Anderson,CA,96007,70,Female,No,Yes,No,5,Yes,No,Fiber optic,No,No,No,No,No,No,Month-to-month,No,Electronic check,69.95,Yes
2886-KEFUM,Big Bend,CA,96011,71,Female,No,Yes,No,63,Yes,Yes,Fiber optic,No,Yes,Yes,No,Yes,Yes,One year,Yes,Electronic check,107.5,Yes
4237-RLAQD,Callahan,CA,96014,66,Male,No,No,No,1,Yes,No,DSL,No,No,No,No,No,No,Month-to-month,Yes,Mailed check,45.85,Yes
9651-GTSAQ,Corning,CA,96021,68,Female,No,Yes,No,53,Yes,No,Fiber optic,Yes,Yes,Yes,No,Yes,Yes,One year,Yes,Bank transfer (automatic),106.1,Yes
3186-BAXNB,Cottonwood,CA,96022,73,Female,No,No,No,1,Yes,No,Fiber optic,No,Yes,No,Yes,Yes,No,Month-to-month,No,Electronic check,91.7,Yes
0637-YLETY,Douglas City,CA,96024,77,Female,No,No,No,16,Yes,Yes,Fiber optic,No,Yes,Yes,No,No,Yes,Month-to-month,Yes,Credit card (automatic),95.6,Yes
1157-BQCUW,Fall River Mills,CA,96028,73,Male,No,No,No,1,Yes,Yes,Fiber optic,No,No,No,No,No,No,Month-to-month,Yes,Electronic check,74.95,Yes
2660-EMUBI,Fort Jones,CA,96032,65,Male,Yes,No,No,10,Yes,Yes,Fiber optic,No,No,No,No,Yes,Yes,Month-to-month,Yes,Electronic check,95.35,Yes
7675-OZCZG,Hayfork,CA,96041,65,Female,Yes,No,No,3,Yes,No,DSL,No,No,No,No,No,No,Month-to-month,No,Electronic check,45,Yes
2003-CKLOR,Igo,CA,96047,78,Male,No,No,No,66,Yes,No,Fiber optic,No,Yes,Yes,No,Yes,Yes,Month-to-month,No,Electronic check,99.5,Yes
9254-RBFON,Klamath River,CA,96050,69,Female,No,Yes,No,17,Yes,No,Fiber optic,No,No,Yes,Yes,Yes,Yes,One year,No,Bank transfer (automatic),98.6,Yes
1205-WNWPJ,Lakehead,CA,96051,67,Female,No,No,No,7,Yes,No,DSL,No,No,No,Yes,Yes,No,Month-to-month,Yes,Mailed check,59.5,Yes
9391-EOYLI,Lewiston,CA,96052,74,Male,Yes,Yes,No,12,Yes,No,Fiber optic,No,No,No,No,No,Yes,Month-to-month,Yes,Electronic check,80.45,Yes
8387-MOJJT,Nubieber,CA,96068,77,Female,No,Yes,No,42,Yes,No,Fiber optic,No,No,No,No,Yes,No,Month-to-month,Yes,Credit card (automatic),77.95,Yes
2761-OCIAX,Palo Cedro,CA,96073,79,Male,Yes,No,No,2,Yes,No,Fiber optic,No,Yes,No,No,No,No,Month-to-month,Yes,Electronic check,74.7,Yes
3068-OMWZA,Round Mountain,CA,96084,68,Male,Yes,No,No,1,Yes,Yes,Fiber optic,No,No,Yes,No,Yes,No,Month-to-month,Yes,Electronic check,88.8,Yes
6032-KRXXO,Seiad Valley,CA,96086,76,Male,No,No,No,30,Yes,No,Fiber optic,No,No,No,No,Yes,Yes,Month-to-month,Yes,Electronic check,90.25,Yes
7459-RRWQZ,Shasta,CA,96087,80,Female,No,No,No,15,Yes,Yes,DSL,Yes,No,No,No,No,Yes,Month-to-month,Yes,Bank transfer (automatic),64.65,Yes
4154-AQUGT,Vina,CA,96092,72,Male,Yes,Yes,No,13,Yes,No,Fiber optic,No,Yes,No,Yes,No,Yes,Month-to-month,Yes,Bank transfer (automatic),89.05,Yes
3092-IGHWF,Alturas,CA,96101,78,Male,No,Yes,No,67,Yes,Yes,Fiber optic,No,Yes,Yes,No,No,No,One year,No,Electronic check,87.4,Yes
8017-LXHFA,Davis Creek,CA,96108,67,Female,Yes,No,No,23,Yes,No,Fiber optic,No,Yes,No,No,Yes,Yes,Month-to-month,Yes,Electronic check,94.75,Yes
6352-TWCAU,Stanley,VA,22851,74,Female,No,No,No,35,Yes,Yes,Fiber optic,No,No,No,No,Yes,No,Month-to-month,Yes,Electronic check,86.45,Yes
2929-QNSRW,Port Republic,VA,24471,68,Female,No,Yes,No,56,Yes,Yes,Fiber optic,No,Yes,No,No,Yes,Yes,One year,Yes,Electronic check,98.25,Yes
1262-OPMFY,Faber,VA,22938,66,Female,No,Yes,No,9,Yes,No,Fiber optic,No,No,Yes,No,No,No,Month-to-month,Yes,Bank transfer (automatic),75.75,Yes
4248-QPAVC,Patrick Springs,VA,24133,71,Female,Yes,Yes,No,17,Yes,Yes,Fiber optic,Yes,No,Yes,No,No,No,Month-to-month,Yes,Bank transfer (automatic),85.35,Yes
1899-VXWXM,Wise,VA,24293,65,Male,No,No,No,48,Yes,Yes,Fiber optic,No,Yes,Yes,No,Yes,Yes,One year,Yes,Credit card (automatic),106.1,Yes
4690-LLKUA,Henrico,VA,23238,65,Male,Yes,No,No,17,Yes,No,DSL,No,No,No,No,No,No,Month-to-month,Yes,Electronic check,45.05,Yes
3331-HQDTW,Rice,VA,23966,69,Female,No,No,No,34,Yes,Yes,Fiber optic,Yes,Yes,Yes,No,Yes,Yes,Month-to-month,Yes,Mailed check,109.8,Yes
9490-DFPMD,Elkton,VA,22827,68,Female,Yes,No,No,42,Yes,Yes,Fiber optic,No,No,No,No,Yes,No,Month-to-month,Yes,Electronic check,84.65,Yes
5442-XSDCW,Appomattox,VA,24522,68,Male,No,Yes,No,11,Yes,No,Fiber optic,No,No,No,No,Yes,No,Month-to-month,Yes,Bank transfer (automatic),79.5,Yes
3049-NDXFL,Blackstone,VA,23824,76,Female,No,No,No,1,Yes,Yes,Fiber optic,No,No,No,No,No,Yes,Month-to-month,No,Mailed check,85.8,Yes
8580-AECUZ,Chilhowie,VA,24319,74,Male,Yes,No,No,1,Yes,No,Fiber optic,No,No,No,No,Yes,No,Month-to-month,Yes,Electronic check,79.1,Yes
7963-GQRMY,Hinton,VA,22831,79,Female,No,Yes,No,3,Yes,No,DSL,No,No,No,No,No,No,Month-to-month,No,Mailed check,44.3,Yes
1228-FZFRV,Centreville,VA,20121,69,Male,No,Yes,No,50,Yes,Yes,Fiber optic,Yes,No,Yes,No,Yes,Yes,Month-to-month,No,Credit card (automatic),105.95,Yes
2058-DCJBE,Virginia Beach,VA,23453,74,Male,No,No,No,5,Yes,No,Fiber optic,No,No,No,No,No,No,Month-to-month,Yes,Electronic check,69.75,Yes
5364-XYIRR,Culpeper,VA,22701,71,Male,No,Yes,No,51,Yes,Yes,Fiber optic,No,No,No,No,Yes,Yes,Month-to-month,Yes,Electronic check,94.65,Yes
4829-AUOAX,Hayes,VA,23072,69,Female,No,No,No,46,Yes,Yes,Fiber optic,No,No,No,No,Yes,Yes,Month-to-month,No,Bank transfer (automatic),96.05,Yes
5047-LHVLY,Shawsville,VA,24162,74,Male,Yes,No,No,1,Yes,No,DSL,No,No,Yes,No,No,No,Month-to-month,Yes,Mailed check,50.15,Yes
9158-VCTQB,Boissevain,VA,24606,79,Female,No,Yes,No,41,Yes,Yes,Fiber optic,Yes,Yes,Yes,Yes,Yes,Yes,Month-to-month,Yes,Bank transfer (automatic),113.6,Yes
6311-UEUME,White Plains,VA,23893,69,Female,No,No,No,29,Yes,No,Fiber optic,No,No,No,No,Yes,No,Month-to-month,Yes,Electronic check,78.9,Yes
6839-ITVZJ,Orkney Springs,VA,22845,80,Female,No,Yes,No,26,Yes,Yes,DSL,No,Yes,No,Yes,No,No,Month-to-month,Yes,Electronic check,60.05,Yes
0375-HVGXO,Montvale,VA,24122,65,Female,No,No,No,1,No,No,DSL,No,No,No,No,Yes,No,Month-to-month,Yes,Electronic check,34.7,Yes
8593-WHYHV,Staunton,VA,24401,78,Male,No,No,No,3,Yes,Yes,Fiber optic,No,No,No,No,No,Yes,Month-to-month,Yes,Electronic check,85.3,Yes
6097-EQISJ,Newport News,VA,23602,75,Female,No,Yes,No,66,Yes,Yes,Fiber optic,No,Yes,Yes,No,Yes,Yes,One year,Yes,Credit card (automatic),102.45,Yes
4423-YLHDV,Dahlgren,VA,22448,73,Female,No,Yes,No,21,Yes,Yes,Fiber optic,Yes,No,Yes,No,Yes,Yes,Month-to-month,Yes,Bank transfer (automatic),104.4,Yes
0107-YHINA,Huntly,VA,22640,80,Male,No,No,No,1,Yes,Yes,Fiber optic,No,No,Yes,No,Yes,Yes,Month-to-month,Yes,Electronic check,99.75,Yes
8640-SDGKB,Springfield,VA,22151,74,Male,No,No,No,4,Yes,No,DSL,No,No,Yes,Yes,Yes,Yes,Month-to-month,Yes,Electronic check,74.4,Yes
4116-TZAQJ,Unionville,VA,22567,65,Female,No,No,No,9,Yes,No,Fiber optic,Yes,No,No,No,No,No,Month-to-month,Yes,Credit card (automatic),74.25,Yes
3877-JRJIP,Saint Paul,VA,24283,71,Male,No,No,No,1,Yes,Yes,DSL,No,No,No,No,Yes,No,Month-to-month,Yes,Electronic check,59.85,Yes
8375-DKEBR,New Canton,VA,23123,74,Female,Yes,No,No,1,Yes,No,Fiber optic,No,No,No,No,No,No,Month-to-month,Yes,Electronic check,69.6,Yes
7511-YMXVQ,Falls Church,VA,22044,76,Male,No,No,No,9,No,No,DSL,No,No,No,No,Yes,Yes,Month-to-month,Yes,Electronic check,45.4,Yes
7551-JOHTI,Cardinal,VA,23025,73,Female,No,No,No,1,Yes,No,None,No,No,No,No,No,No,Month-to-month,No,Mailed check,19.5,Yes
9804-ICWBG,Cascade,VA,24069,71,Male,No,No,No,1,Yes,No,Fiber optic,No,No,No,No,No,No,Month-to-month,Yes,Electronic check,69.9,Yes
5318-IXUZF,Boston,VA,22713,72,Female,No,No,No,2,Yes,No,Fiber optic,No,Yes,No,No,Yes,No,Month-to-month,Yes,Bank transfer (automatic),87.15,Yes
3198-VELRD,Richmond,VA,23219,76,Female,No,Yes,No,3,Yes,Yes,Fiber optic,No,No,No,No,No,Yes,Month-to-month,Yes,Bank transfer (automatic),84.75,Yes
9436-ZBZCT,Stevensville,VA,23161,69,Male,No,No,No,14,Yes,Yes,Fiber optic,No,No,No,Yes,Yes,No,Month-to-month,Yes,Electronic check,89.95,Yes
7279-BUYWN,Faber,VA,22938,80,Female,Yes,No,No,41,Yes,Yes,Fiber optic,Yes,Yes,Yes,No,Yes,Yes,Month-to-month,Yes,Electronic check,113.2,Yes
7156-MHUGY,Criders,VA,22820,78,Male,Yes,No,No,13,Yes,No,Fiber optic,No,No,No,No,Yes,Yes,Month-to-month,Yes,Electronic check,90.5,Yes
7198-GLXTC,Moseley,VA,23120,71,Male,No,No,No,2,Yes,No,Fiber optic,No,No,No,No,Yes,No,Month-to-month,No,Electronic check,79,Yes
0516-VRYBW,Appalachia,VA,24216,73,Female,No,No,No,18,Yes,No,None,No,No,No,No,No,No,One year,No,Bank transfer (automatic),20.15,Yes
8380-PEFPE,Chester,VA,23836,79,Male,No,No,No,1,Yes,No,Fiber optic,No,No,No,No,No,No,Month-to-month,Yes,Electronic check,71.65,Yes
5687-DKDTV,Alexandria,VA,22305,72,Female,No,No,No,4,Yes,No,None,No,No,No,No,No,No,Month-to-month,No,Mailed check,20.35,Yes
7530-HDYDS,White Stone,VA,22578,69,Female,No,No,No,38,Yes,No,Fiber optic,No,Yes,Yes,Yes,No,No,Month-to-month,Yes,Credit card (automatic),84.25,Yes
3096-IZETN,Singers Glen,VA,22850,79,Female,No,No,No,12,Yes,No,Fiber optic,No,No,No,No,No,Yes,Month-to-month,No,Bank transfer (automatic),78.1,Yes
5922-ABDVO,Gainesville,VA,20155,68,Female,No,Yes,No,19,Yes,Yes,Fiber optic,No,No,Yes,No,No,Yes,Month-to-month,No,Mailed check,89.65,Yes
9172-ANCRX,Elkwood,VA,22718,77,Female,No,No,No,10,Yes,Yes,Fiber optic,Yes,No,No,No,Yes,Yes,Month-to-month,Yes,Electronic check,98.7,Yes
6910-HADCM,Ekwok,AK,99580,68,Female,No,No,No,1,Yes,No,Fiber optic,No,No,Yes,No,No,No,Month-to-month,No,Electronic check,76.35,Yes
4816-LXZYW,Tenakee Springs,AK,99841,79,Female,No,No,No,23,Yes,Yes,Fiber optic,No,Yes,No,No,No,No,Month-to-month,Yes,Electronic check,79.15,Yes
9606-PBKBQ,Kaltag,AK,99748,68,Male,Yes,Yes,No,32,Yes,Yes,Fiber optic,No,No,No,No,No,Yes,Month-to-month,Yes,Electronic check,85,Yes
3536-IQCTX,Prudhoe Bay,AK,99734,73,Male,Yes,Yes,No,32,Yes,Yes,Fiber optic,No,No,No,No,No,Yes,Month-to-month,No,Electronic check,85.3,Yes
4911-BANWH,Sand Point,AK,99661,79,Female,No,No,No,31,Yes,Yes,Fiber optic,No,No,No,No,Yes,No,Month-to-month,Yes,Credit card (automatic),86.55,Yes
8496-EJAUI,Fort Wainwright,AK,99703,75,Male,No,No,No,19,Yes,No,Fiber optic,No,Yes,No,No,No,No,Month-to-month,Yes,Credit card (automatic),73.85,Yes
3132-TVFDZ,Pilot Point,AK,99649,69,Male,Yes,Yes,No,57,No,No,DSL,No,No,No,No,Yes,Yes,Month-to-month,Yes,Electronic check,44.85,Yes
8080-DDEMJ,Akiachak,AK,99551,79,Male,Yes,No,No,1,Yes,No,DSL,No,No,No,No,No,No,Month-to-month,No,Electronic check,45.1,Yes
6365-MTGZX,Sitka,AK,99835,71,Male,No,No,No,24,Yes,No,Fiber optic,No,No,No,Yes,Yes,Yes,Month-to-month,Yes,Electronic check,96,Yes
1349-WXNGG,Crooked Creek,AK,99575,65,Male,No,No,No,1,Yes,No,None,No,No,No,No,No,No,Month-to-month,No,Bank transfer (automatic),20.05,Yes
6990-YNRIO,Allakaket,AK,99720,65,Male,No,Yes,No,65,Yes,Yes,Fiber optic,Yes,No,Yes,Yes,Yes,Yes,Two year,No,Bank transfer (automatic),108.65,Yes
0621-TWIEM,Anchor Point,AK,99556,72,Male,No,No,No,10,Yes,No,DSL,No,No,No,No,No,No,Month-to-month,Yes,Electronic check,45.55,Yes
2485-ITVKB,Meyers Chuck,AK,99903,77,Female,No,Yes,No,2,No,No,DSL,No,No,No,No,No,Yes,Month-to-month,Yes,Electronic check,35.1,Yes
3669-OYSJI,Unalaska,AK,99685,71,Male,No,No,No,1,Yes,No,DSL,No,No,No,No,No,No,Month-to-month,No,Credit card (automatic),46.2,Yes
1612-EOHDH,Soldotna,AK,99669,73,Female,No,No,No,1,Yes,No,DSL,No,No,No,No,No,No,Month-to-month,No,Electronic check,45.15,Yes
6702-OHFWR,Saint George Island,AK,99591,80,Male,Yes,No,No,1,No,No,DSL,No,Yes,Yes,No,No,Yes,Month-to-month,Yes,Electronic check,43.3,Yes
4510-PYUSH,Craig,AK,99921,79,Female,Yes,No,No,38,Yes,No,DSL,Yes,Yes,No,No,No,No,Month-to-month,Yes,Credit card (automatic),57.15,Yes
7517-SAWMO,Anchorage,AK,99510,65,Female,No,Yes,No,19,Yes,No,Fiber optic,Yes,No,No,No,No,No,Month-to-month,Yes,Electronic check,73.2,Yes
4143-HHPMK,Talkeetna,AK,99676,73,Male,No,No,No,52,Yes,No,Fiber optic,No,Yes,No,No,No,Yes,Month-to-month,Yes,Electronic check,85.35,Yes
7054-LGEQW,Houston,AK,99694,71,Female,No,No,No,1,Yes,No,DSL,No,No,No,No,No,No,Month-to-month,No,Mailed check,45.95,Yes
0923-PNFUB,Deering,AK,99736,66,Female,No,No,No,3,Yes,No,Fiber optic,No,Yes,No,No,Yes,No,Month-to-month,No,Electronic check,83.75,Yes
3494-JCHRQ,Meyers Chuck,AK,99903,66,Male,No,No,No,1,Yes,No,Fiber optic,No,No,No,No,No,No,Month-to-month,Yes,Electronic check,70.05,Yes
6474-FVJLC,Hughes,AK,99745,77,Male,No,No,No,2,Yes,Yes,Fiber optic,No,No,No,No,No,Yes,Month-to-month,Yes,Electronic check,86,Yes
8840-DQLGN,Ouzinkie,AK,99644,68,Female,Yes,Yes,No,35,Yes,Yes,Fiber optic,Yes,Yes,No,Yes,Yes,No,Month-to-month,Yes,Bank transfer (automatic),100.5,Yes
4547-LYTDD,Savoonga,AK,99769,66,Female,No,No,No,16,Yes,Yes,Fiber optic,No,No,No,No,No,No,Month-to-month,No,Electronic check,72.65,Yes
6770-XUAGN,Nikolai,AK,99691,69,Female,No,Yes,No,1,Yes,No,None,No,No,No,No,No,No,Month-to-month,Yes,Electronic check,21,Yes
4193-ORFCL,Girdwood,AK,99587,79,Female,Yes,No,No,1,Yes,No,DSL,No,No,No,No,No,No,Month-to-month,No,Mailed check,45.1,Yes
7776-QWNFX,Wrangell,AK,99929,67,Male,Yes,Yes,No,30,Yes,No,DSL,No,Yes,No,No,No,No,Month-to-month,Yes,Bank transfer (automatic),50.4,Yes
6689-TCZHQ,Anchorage,AK,99519,68,Female,Yes,No,No,5,Yes,No,Fiber optic,No,No,No,No,No,Yes,Month-to-month,No,Electronic check,78.95,Yes
3143-ILDAL,Circle,AK,99733,79,Male,No,No,No,56,Yes,Yes,Fiber optic,No,Yes,No,Yes,No,Yes,Month-to-month,Yes,Electronic check,94.45,Yes
4720-VSTSI,Togiak,AK,99678,77,Female,No,No,No,44,Yes,Yes,Fiber optic,No,Yes,Yes,No,No,No,Month-to-month,Yes,Bank transfer (automatic),84.8,Yes
3946-MHCZW,Willow,AK,99688,73,Male,No,No,No,1,Yes,No,DSL,No,No,Yes,No,No,No,Month-to-month,No,Mailed check,50.9,Yes
6651-AZVTJ,Trafford,AL,35172,71,Male,No,Yes,No,49,Yes,Yes,Fiber optic,No,No,Yes,No,Yes,Yes,Month-to-month,Yes,Electronic check,99.8,Yes
4566-GOLUK,Goodwater,AL,35072,67,Male,No,Yes,No,47,Yes,Yes,Fiber optic,No,No,Yes,Yes,Yes,Yes,Month-to-month,Yes,Bank transfer (automatic),107.35,Yes
2484-DGXPZ,Birmingham,AL,35242,68,Female,No,Yes,No,31,Yes,No,None,No,No,No,No,No,No,Month-to-month,Yes,Mailed check,19.55,Yes
4587-NUKOX,Flat Rock,AL,35966,75,Female,No,No,No,3,Yes,No,Fiber optic,Yes,Yes,No,No,No,No,Month-to-month,Yes,Electronic check,79.1,Yes
0420-BWTPW,Weaver,AL,36277,79,Male,No,No,No,8,No,No,DSL,No,No,No,No,No,No,Month-to-month,No,Mailed check,25.5,Yes
8183-ONMXC,New Brockton,AL,36351,69,Female,No,No,No,2,Yes,No,Fiber optic,No,No,No,No,No,Yes,Month-to-month,No,Electronic check,80.75,Yes
9614-RMGHA,Montrose,AL,36559,72,Male,No,Yes,No,65,Yes,Yes,Fiber optic,No,Yes,No,No,Yes,No,Month-to-month,Yes,Bank transfer (automatic),91.85,Yes
5054-IEXZT,Wedowee,AL,36278,69,Male,No,No,No,1,Yes,No,Fiber optic,No,Yes,No,No,No,No,Month-to-month,Yes,Electronic check,75.35,Yes
5834-ASPWA,Walnut Grove,AL,35990,72,Male,No,No,No,1,Yes,Yes,Fiber optic,No,No,No,No,No,No,Month-to-month,Yes,Electronic check,75.45,Yes
3948-XHGNA,Theodore,AL,36582,70,Male,No,No,No,24,Yes,No,DSL,Yes,No,No,No,No,No,Month-to-month,Yes,Bank transfer (automatic),49.55,Yes
0565-IYCGT,Daphne,AL,36526,78,Male,No,No,No,69,Yes,Yes,DSL,Yes,Yes,Yes,Yes,No,Yes,One year,Yes,Credit card (automatic),78.6,Yes
5445-UTODQ,Leighton,AL,35646,77,Female,No,Yes,No,7,Yes,No,Fiber optic,No,No,No,No,Yes,No,Month-to-month,Yes,Electronic check,81.1,Yes
1024-VRZHF,Millport,AL,35576,73,Male,No,Yes,No,11,Yes,Yes,Fiber optic,No,No,No,No,No,No,Month-to-month,Yes,Electronic check,74.95,Yes
9497-QCMMS,Pinson,AL,35126,76,Male,Yes,No,No,1,Yes,Yes,Fiber optic,No,No,No,No,Yes,Yes,Month-to-month,Yes,Electronic check,93.55,Yes
0348-SDKOL,Mount Vernon,AL,36560,78,Female,No,Yes,No,58,Yes,Yes,Fiber optic,No,No,Yes,Yes,Yes,Yes,Month-to-month,Yes,Credit card (automatic),102.1,Yes
4373-MAVJG,Fackler,AL,35746,74,Female,No,Yes,No,14,Yes,Yes,Fiber optic,No,Yes,No,No,No,Yes,Month-to-month,Yes,Bank transfer (automatic),90.9,Yes
8901-HJXTF,Semmes,AL,36575,71,Female,No,Yes,No,12,No,No,DSL,No,Yes,No,No,No,No,Month-to-month,No,Mailed check,29.2,Yes
5419-KLXBN,Union Grove,AL,35175,72,Female,No,Yes,No,25,Yes,No,Fiber optic,No,Yes,Yes,No,Yes,No,Month-to-month,Yes,Bank transfer (automatic),89.15,Yes
3424-NMNBO,Athens,AL,35611,75,Male,Yes,Yes,No,58,Yes,Yes,Fiber optic,Yes,Yes,Yes,No,Yes,Yes,One year,Yes,Electronic check,108.85,Yes
4514-GFCFI,Newbern,AL,36765,79,Female,Yes,No,No,16,Yes,Yes,Fiber optic,No,No,No,No,Yes,No,Month-to-month,Yes,Electronic check,84.75,Yes
9828-AOQLM,Tallassee,AL,36078,76,Female,No,Yes,No,1,Yes,No,DSL,No,No,No,No,No,No,Month-to-month,Yes,Electronic check,45.7,Yes
8000-REIQB,Athens,AL,35613,78,Female,Yes,No,No,1,Yes,No,Fiber optic,No,No,No,No,No,No,Month-to-month,Yes,Electronic check,69.95,Yes
7615-ESMYF,Stanton,AL,36790,75,Female,No,Yes,No,2,No,No,DSL,No,No,No,No,Yes,Yes,Month-to-month,No,Electronic check,44.6,Yes
3858-VOBET,Birmingham,AL,35235,66,Male,No,No,No,23,Yes,Yes,Fiber optic,No,No,No,No,No,No,Month-to-month,Yes,Electronic check,74.95,Yes
1447-PJGGA,Pine Apple,AL,36768,71,Female,No,No,No,57,Yes,No,Fiber optic,No,No,Yes,No,Yes,Yes,Two year,Yes,Electronic check,95.25,Yes
8565-CLBZW,Brilliant,AL,35548,77,Male,No,No,No,24,Yes,Yes,Fiber optic,No,No,Yes,No,Yes,No,Month-to-month,Yes,Mailed check,89.85,Yes
9139-WQQDY,Estillfork,AL,35745,74,Female,No,Yes,No,49,Yes,Yes,Fiber optic,No,Yes,No,No,Yes,Yes,One year,No,Mailed check,100.45,Yes
0224-HJAPT,Jones,AL,36749,73,Male,No,No,No,5,Yes,Yes,DSL,No,No,No,No,No,No,Month-to-month,No,Electronic check,47.15,Yes
8086-OVPWV,Mobile,AL,36608,73,Male,No,No,No,2,Yes,No,Fiber optic,No,No,No,No,No,Yes,Month-to-month,Yes,Electronic check,80.2,Yes
9430-FRQOC,Piedmont,AL,36272,78,Female,No,No,No,4,Yes,Yes,Fiber optic,No,No,Yes,Yes,No,No,Month-to-month,Yes,Mailed check,87.1,Yes
3074-GQWYX,Albertville,AL,35951,79,Male,No,No,No,5,Yes,Yes,Fiber optic,No,No,No,No,No,No,Month-to-month,Yes,Bank transfer (automatic),75.9,Yes
6845-RGTYS,Cullman,AL,35055,77,Female,No,Yes,No,47,Yes,Yes,Fiber optic,Yes,Yes,Yes,No,Yes,No,Month-to-month,Yes,Electronic check,98.75,Yes
8861-HGGKB,Millbrook,AL,36054,77,Female,No,No,No,10,Yes,Yes,Fiber optic,No,No,No,No,No,Yes,Month-to-month,No,Electronic check,86.45,Yes
7065-YUNRY,New Brockton,AL,36351,80,Female,No,No,No,1,Yes,No,DSL,No,No,No,No,No,No,Month-to-month,Yes,Mailed check,45.3,Yes
7694-VLBWQ,Theodore,AL,36582,80,Male,No,Yes,No,67,Yes,Yes,Fiber optic,No,Yes,Yes,No,Yes,Yes,One year,No,Electronic check,104.1,Yes
4795-KTRTH,Steele,AL,35987,80,Female,Yes,Yes,No,5,Yes,Yes,Fiber optic,No,Yes,No,No,No,No,Month-to-month,Yes,Electronic check,81,Yes
6481-OGDOO,Lenox,AL,36454,74,Male,No,Yes,No,67,Yes,No,Fiber optic,Yes,Yes,No,No,No,Yes,One year,Yes,Credit card (automatic),90.6,Yes
3753-TSEMP,New Hope,AL,35760,76,Female,No,Yes,No,15,Yes,No,Fiber optic,No,No,No,No,Yes,Yes,Month-to-month,No,Electronic check,88.15,Yes
8305-VHZBZ,Valley Head,AL,35989,68,Male,No,No,No,1,Yes,No,None,No,No,No,No,No,No,Month-to-month,Yes,Mailed check,20.2,Yes
9172-JITSM,Clayton,AL,36016,71,Female,No,Yes,No,26,Yes,No,Fiber optic,No,No,No,No,Yes,Yes,Month-to-month,Yes,Electronic check,90.8,Yes
6298-QDFNH,Fort Mitchell,AL,36856,69,Male,No,No,No,22,Yes,Yes,Fiber optic,No,Yes,No,No,No,No,Month-to-month,Yes,Electronic check,79.35,Yes
9961-JBNMK,Empire,AL,35063,73,Male,Yes,No,No,21,Yes,No,Fiber optic,No,No,Yes,No,Yes,Yes,Month-to-month,Yes,Bank transfer (automatic),96.8,Yes
6173-ITPWD,Salem,AL,36874,74,Male,No,Yes,No,47,Yes,Yes,Fiber optic,No,Yes,Yes,No,No,No,Month-to-month,Yes,Bank transfer (automatic),83.35,Yes
9734-UYXQI,Huxford,AL,36543,72,Female,No,No,No,2,Yes,Yes,DSL,No,No,No,No,No,No,Month-to-month,Yes,Electronic check,49.4,Yes
2189-UXTKY,Elmore,AL,36025,70,Female,No,Yes,No,22,Yes,Yes,DSL,Yes,No,No,Yes,Yes,Yes,Month-to-month,Yes,Electronic check,79.2,Yes
4958-GZWIY,Hollytree,AL,35751,74,Male,No,Yes,No,7,Yes,No,DSL,No,No,Yes,No,No,No,Month-to-month,No,Electronic check,48.7,Yes
6356-ELRKD,Magnolia Springs,AL,36555,80,Female,No,No,No,1,Yes,No,Fiber optic,Yes,No,No,No,Yes,Yes,Month-to-month,Yes,Electronic check,95.6,Yes
8624-GIOUT,Panola,AL,35477,74,Female,No,No,No,49,Yes,Yes,DSL,Yes,Yes,No,No,No,No,Month-to-month,Yes,Credit card (automatic),59.75,Yes
6179-GJPSO,Boligee,AL,35443,65,Female,Yes,No,No,43,Yes,No,Fiber optic,Yes,Yes,No,Yes,Yes,Yes,Month-to-month,Yes,Credit card (automatic),108.15,Yes
3177-LASXD,Sycamore,AL,35149,72,Female,No,No,No,1,Yes,No,Fiber optic,No,No,No,No,No,No,Month-to-month,No,Electronic check,71.35,Yes
4897-QSUYC,Millbrook,AL,36054,76,Female,No,No,No,1,Yes,No,None,No,No,No,No,No,No,Month-to-month,Yes,Mailed check,20.15,Yes
1084-UQCHV,Prattville,AL,36066,75,Male,No,No,No,1,Yes,No,Fiber optic,No,No,No,No,No,No,Month-to-month,No,Bank transfer (automatic),69.75,Yes
8290-YWKHZ,Cottonwood,AL,36320,70,Female,Yes,Yes,No,32,Yes,Yes,Fiber optic,No,No,No,No,Yes,Yes,Month-to-month,Yes,Electronic check,93.2,Yes
2955-BJZHG,Courtland,AL,35618,66,Male,No,Yes,No,17,Yes,No,Fiber optic,No,No,No,No,Yes,No,Month-to-month,No,Electronic check,80.85,Yes
3806-DXQOM,Wetumpka,AL,36092,68,Female,No,No,No,4,No,No,DSL,Yes,Yes,No,No,No,No,Month-to-month,Yes,Electronic check,33.65,Yes
9300-RENDD,Notasulga,AL,36866,69,Male,No,No,No,1,Yes,No,Fiber optic,No,No,No,No,Yes,No,Month-to-month,Yes,Electronic check,79.95,Yes
0761-AETCS,Lisman,AL,36912,75,Female,No,No,No,1,Yes,No,None,No,No,No,No,No,No,Month-to-month,No,Electronic check,19.3,Yes
2153-MREFK,Birmingham,AL,35229,74,Female,No,Yes,No,37,Yes,Yes,Fiber optic,Yes,No,Yes,Yes,No,Yes,One year,Yes,Electronic check,99.2,Yes
3106-ULWFW,Dutton,AL,35744,72,Female,No,Yes,No,8,Yes,Yes,Fiber optic,No,No,No,No,No,Yes,Month-to-month,Yes,Credit card (automatic),85.2,Yes
0925-VYDLG,Anderson,AL,35610,65,Female,No,No,No,3,Yes,Yes,Fiber optic,No,No,No,No,No,No,Month-to-month,No,Electronic check,75.25,Yes
4349-GFQHK,Section,AL,35771,70,Male,No,No,No,1,Yes,Yes,DSL,No,No,Yes,No,No,No,Month-to-month,No,Electronic check,54.35,Yes
7802-EFKNY,Forest Home,AL,36030,65,Male,No,Yes,No,5,No,No,DSL,No,No,No,No,No,No,Month-to-month,Yes,Electronic check,24.95,Yes
8035-BUYVG,Notasulga,AL,36866,66,Male,No,Yes,No,40,No,No,DSL,Yes,Yes,Yes,No,No,No,One year,Yes,Electronic check,42.35,Yes
9787-XVQIU,Athens,AL,35614,70,Male,No,No,No,1,Yes,Yes,Fiber optic,No,No,No,No,No,No,Month-to-month,Yes,Electronic check,75.3,Yes
8945-MUQUF,Paint Rock,AL,35764,77,Male,No,No,No,51,Yes,Yes,Fiber optic,Yes,Yes,No,No,Yes,No,One year,Yes,Electronic check,94.8,Yes
8051-HJRLT,Chelsea,AL,35043,72,Female,Yes,No,No,1,Yes,No,Fiber optic,No,No,No,No,No,No,Month-to-month,Yes,Electronic check,70.55,Yes
3023-GFLBR,Cherokee,AL,35616,67,Female,No,Yes,No,33,Yes,Yes,Fiber optic,No,No,No,No,No,Yes,Month-to-month,No,Credit card (automatic),86.15,Yes
0524-IAVZO,Clanton,AL,35046,77,Female,No,Yes,No,30,Yes,Yes,Fiber optic,No,No,No,No,No,Yes,Month-to-month,Yes,Electronic check,85,Yes
2737-YNGYW,Brilliant,AL,35548,73,Female,No,No,No,2,Yes,No,Fiber optic,No,No,No,No,No,Yes,Month-to-month,No,Electronic check,80.55,Yes
5159-YFPKQ,Moody,AL,35004,66,Female,No,No,No,2,Yes,No,Fiber optic,No,No,Yes,No,No,No,Month-to-month,Yes,Electronic check,75.8,Yes
4021-RQSNY,Birmingham,AL,35208,80,Male,Yes,Yes,No,29,Yes,Yes,Fiber optic,No,No,Yes,No,Yes,Yes,Month-to-month,Yes,Electronic check,98.5,Yes
9061-TIHDA,Houston,AL,35572,76,Male,Yes,Yes,No,13,Yes,Yes,Fiber optic,No,No,No,No,Yes,Yes,Month-to-month,Yes,Electronic check,95.25,Yes
8699-ASUFO,Lenox,AL,36454,80,Male,Yes,Yes,No,7,Yes,Yes,Fiber optic,No,No,No,No,No,No,Month-to-month,Yes,Mailed check,74.4,Yes
7927-AUXBZ,Vina,AL,35593,69,Female,No,No,No,30,Yes,No,Fiber optic,No,No,No,Yes,Yes,No,Month-to-month,No,Electronic check,85.15,Yes
4695-WJZUE,Gainesville,AL,35464,69,Female,Yes,No,No,2,Yes,Yes,Fiber optic,No,No,Yes,No,No,Yes,Month-to-month,Yes,Electronic check,88.55,Yes
7619-ODSGN,Green Pond,AL,35074,73,Male,No,Yes,Yes,24,Yes,Yes,DSL,Yes,No,No,No,No,No,Month-to-month,No,Electronic check,54.75,Yes
3988-RQIXO,Lynn,AL,35575,67,Female,Yes,No,No,1,Yes,No,Fiber optic,No,No,No,No,Yes,Yes,Month-to-month,Yes,Electronic check,91.3,Yes
2514-GINMM,Pleasant Grove,AL,35127,69,Male,No,No,No,1,Yes,No,Fiber optic,No,No,No,No,Yes,No,Month-to-month,Yes,Electronic check,79.5,Yes
5931-FLJJF,Laceys Spring,AL,35754,80,Male,Yes,Yes,No,7,Yes,No,Fiber optic,No,No,No,No,No,No,Month-to-month,Yes,Mailed check,70.1,Yes
2659-VXMWZ,Docena,AL,35060,68,Male,No,Yes,No,67,Yes,Yes,Fiber optic,Yes,Yes,Yes,No,Yes,Yes,One year,Yes,Electronic check,111.3,Yes
3207-OYBWH,Wilsonville,AL,35186,71,Male,Yes,Yes,No,57,Yes,Yes,Fiber optic,No,Yes,Yes,No,No,Yes,Month-to-month,Yes,Bank transfer (automatic),95.25,Yes
4285-GYRQC,Summerdale,AL,36580,74,Female,No,Yes,No,7,Yes,No,Fiber optic,No,No,Yes,No,Yes,No,Month-to-month,Yes,Electronic check,86.25,Yes
7216-EWTRS,Irvington,AL,36544,69,Female,Yes,Yes,No,1,Yes,Yes,Fiber optic,No,No,Yes,No,Yes,Yes,Month-to-month,Yes,Electronic check,100.8,Yes
8337-MSSXB,Calera,AL,35040,70,Female,No,No,No,14,Yes,No,Fiber optic,No,Yes,No,No,No,Yes,Month-to-month,Yes,Electronic check,86.3,Yes
8182-BJDSI,Grady,AL,36036,73,Female,No,No,No,28,Yes,Yes,Fiber optic,No,Yes,No,No,No,Yes,Month-to-month,Yes,Electronic check,89.95,Yes
2528-HFYZX,Red Bay,AL,35582,73,Male,Yes,Yes,No,17,Yes,No,Fiber optic,No,Yes,No,No,No,No,Month-to-month,Yes,Electronic check,76.45,Yes
2482-CZGBB,Woodville,AL,35776,65,Male,No,No,No,10,Yes,No,Fiber optic,No,No,No,No,No,No,Month-to-month,Yes,Electronic check,70,Yes
0866-QLSIR,Thomaston,AL,36783,65,Female,No,No,No,34,Yes,Yes,DSL,Yes,Yes,No,Yes,No,No,One year,Yes,Mailed check,64.4,Yes
7181-BQYBV,Gulf Shores,AL,36542,67,Female,No,Yes,No,1,Yes,Yes,Fiber optic,Yes,No,Yes,No,Yes,Yes,Month-to-month,Yes,Electronic check,102.45,Yes
6204-IEUXJ,Lafayette,AL,36862,72,Female,No,No,No,3,Yes,No,Fiber optic,No,No,Yes,Yes,No,No,Month-to-month,No,Credit card (automatic),80.1,Yes
4529-CKBCL,Tuskegee Institute,AL,36088,68,Female,No,No,No,2,Yes,No,Fiber optic,No,No,No,No,Yes,No,Month-to-month,Yes,Electronic check,80.2,Yes
2506-CLAKW,Sylacauga,AL,35150,77,Female,No,No,No,6,Yes,No,Fiber optic,Yes,Yes,Yes,Yes,No,Yes,Month-to-month,Yes,Bank transfer (automatic),98.15,Yes
1583-IHQZE,Haleyville,AL,35565,71,Male,No,No,No,12,Yes,Yes,Fiber optic,No,Yes,Yes,Yes,Yes,Yes,Month-to-month,Yes,Mailed check,112.95,Yes
0151-ONTOV,Wilmer,AL,36587,75,Female,No,No,No,1,Yes,No,Fiber optic,No,No,No,No,No,No,Month-to-month,No,Mailed check,70.9,Yes
4140-MUHUG,Bucks,AL,36512,70,Female,Yes,No,No,3,Yes,No,Fiber optic,No,No,Yes,No,Yes,No,Month-to-month,Yes,Electronic check,86.85,Yes
0320-JDNQG,Leeds,AL,35094,77,Male,No,Yes,No,23,Yes,No,Fiber optic,Yes,No,No,Yes,Yes,Yes,Month-to-month,Yes,Electronic check,99.85,Yes
7180-PISOG,Wedowee,AL,36278,76,Male,No,Yes,No,1,Yes,Yes,Fiber optic,No,No,No,No,No,No,Month-to-month,Yes,Electronic check,74.5,Yes
3571-RFHAR,Northport,AL,35473,67,Male,No,No,No,65,Yes,Yes,Fiber optic,No,Yes,Yes,Yes,Yes,Yes,Month-to-month,Yes,Electronic check,109.15,Yes
9578-VRMNM,Highland Home,AL,36041,67,Female,No,No,No,16,Yes,Yes,DSL,No,No,Yes,No,No,Yes,Month-to-month,Yes,Credit card (automatic),65.2,Yes
1587-FKLZB,Forkland,AL,36740,71,Male,Yes,Yes,No,66,Yes,Yes,Fiber optic,No,No,Yes,No,Yes,Yes,Month-to-month,Yes,Credit card (automatic),99.5,Yes
6140-QNRQQ,Atmore,AL,36502,66,Male,No,No,No,1,Yes,No,Fiber optic,No,No,No,No,No,No,Month-to-month,Yes,Mailed check,71.55,Yes
4307-KTUMW,Kimberly,AL,35091,75,Male,No,Yes,No,53,Yes,Yes,Fiber optic,Yes,No,Yes,No,No,Yes,Month-to-month,No,Electronic check,93.9,Yes
5440-FLBQG,Blountsville,AL,35031,78,Male,Yes,Yes,No,69,Yes,Yes,Fiber optic,No,Yes,Yes,Yes,Yes,Yes,Two year,Yes,Bank transfer (automatic),108.4,Yes
7470-MCQTK,Hope Hull,AL,36043,74,Female,No,Yes,No,13,No,No,DSL,No,No,Yes,No,Yes,Yes,Month-to-month,Yes,Bank transfer (automatic),48.75,Yes
7488-MXJIV,Randolph,AL,36792,75,Female,No,No,No,4,Yes,Yes,Fiber optic,No,No,No,No,Yes,No,Month-to-month,Yes,Electronic check,85.65,Yes
2027-FECZV,Birmingham,AL,35224,71,Male,No,No,No,12,Yes,Yes,Fiber optic,No,Yes,Yes,No,Yes,Yes,Month-to-month,Yes,Electronic check,106.7,Yes
2672-DZUOY,Evergreen,AL,36401,66,Male,No,No,No,1,No,No,DSL,No,No,No,No,No,No,Month-to-month,Yes,Electronic check,25.15,Yes
3870-MQAMG,Waverly,AL,36879,79,Female,No,Yes,No,54,Yes,Yes,Fiber optic,No,Yes,Yes,Yes,Yes,Yes,One year,No,Electronic check,110.35,Yes
4800-CZMPC,Fort Payne,AL,35968,69,Female,No,Yes,No,48,Yes,Yes,Fiber optic,Yes,Yes,No,No,Yes,Yes,One year,Yes,Credit card (automatic),103.25,Yes
7377-DMMRI,Gadsden,AL,35901,70,Male,No,No,No,2,Yes,No,DSL,Yes,No,No,No,No,No,Month-to-month,Yes,Electronic check,47.8,Yes
8949-JTMAY,Goshen,AL,36035,69,Female,No,No,No,29,Yes,Yes,Fiber optic,No,No,Yes,No,Yes,Yes,Month-to-month,Yes,Credit card (automatic),98.6,Yes
2774-LVQUS,Dothan,AL,36301,68,Female,Yes,Yes,No,15,Yes,Yes,Fiber optic,No,No,Yes,Yes,No,No,Month-to-month,Yes,Electronic check,83.05,Yes
3211-ILJTT,New Brockton,AL,36351,66,Male,No,Yes,No,17,Yes,No,Fiber optic,No,No,No,No,No,No,Month-to-month,Yes,Bank transfer (automatic),70.4,Yes
4612-THJBS,Anniston,AL,36207,67,Female,Yes,No,No,56,Yes,Yes,Fiber optic,No,Yes,Yes,No,Yes,Yes,One year,Yes,Bank transfer (automatic),104.75,Yes
4094-NSEDU,Auburn,AL,36830,69,Female,Yes,No,No,21,Yes,Yes,Fiber optic,No,No,No,No,Yes,Yes,Month-to-month,Yes,Electronic check,94.25,Yes
5103-MHMHY,Plantersville,AL,36758,73,Female,No,No,Yes,1,Yes,No,DSL,No,No,No,No,No,No,Month-to-month,No,Mailed check,45.95,Yes
1846-XWOQN,Red Bay,AL,35582,74,Female,Yes,No,No,1,Yes,No,Fiber optic,No,No,No,No,No,No,Month-to-month,Yes,Electronic check,70.15,Yes
0235-KGSLC,Pennington,AL,36916,70,Female,No,No,No,1,Yes,No,Fiber optic,No,No,Yes,No,Yes,No,Month-to-month,Yes,Credit card (automatic),85.55,Yes
2884-GBPFB,Roanoke,AL,36274,73,Female,No,Yes,No,35,Yes,No,Fiber optic,No,No,No,No,No,No,Month-to-month,Yes,Electronic check,70.3,Yes
3757-NJYBX,Anniston,AL,36207,79,Male,Yes,Yes,No,32,Yes,Yes,Fiber optic,No,Yes,Yes,No,Yes,Yes,Month-to-month,No,Bank transfer (automatic),106.35,Yes
5136-KCKGI,Dixons Mills,AL,36736,74,Female,No,Yes,No,33,Yes,Yes,Fiber optic,Yes,No,Yes,No,Yes,Yes,One year,Yes,Mailed check,103.7,Yes
3722-WPXTK,Huxford,AL,36543,74,Male,No,No,No,1,Yes,No,Fiber optic,No,No,No,No,Yes,Yes,Month-to-month,Yes,Electronic check,88.35,Yes
2929-ERCFZ,Verbena,AL,36091,68,Female,No,Yes,No,8,Yes,No,Fiber optic,No,No,Yes,No,Yes,Yes,Month-to-month,Yes,Electronic check,94.2,Yes
7548-SEPYI,Wetumpka,AL,36093,75,Female,No,No,No,5,Yes,No,Fiber optic,No,Yes,No,No,Yes,Yes,Month-to-month,Yes,Electronic check,96.25,Yes
8835-VSDSE,Randolph,AL,36792,77,Female,No,Yes,No,2,Yes,No,Fiber optic,No,No,No,No,No,No,Month-to-month,Yes,Electronic check,70.7,Yes
1623-NLDOT,Trenton,AL,35774,75,Female,No,Yes,No,42,No,No,DSL,No,Yes,No,Yes,No,No,One year,No,Mailed check,33.55,Yes
9898-KZQDZ,Titus,AL,36080,78,Female,Yes,Yes,No,40,Yes,Yes,Fiber optic,No,No,No,No,Yes,Yes,Month-to-month,Yes,Credit card (automatic),94.55,Yes
5236-PERKL,Spruce Pine,AL,35585,73,Female,No,No,No,57,Yes,Yes,Fiber optic,Yes,Yes,Yes,No,Yes,Yes,Two year,Yes,Bank transfer (automatic),112.95,Yes
7854-FOKSF,New Castle,AL,35119,75,Male,No,No,No,1,No,No,DSL,No,No,No,No,No,Yes,Month-to-month,No,Electronic check,35.9,Yes
2519-FAKOD,Bankston,AL,35542,66,Male,No,No,No,38,Yes,Yes,Fiber optic,No,No,Yes,No,Yes,Yes,Month-to-month,Yes,Bank transfer (automatic),99.25,Yes
8263-JQAIK,Birmingham,AL,35208,67,Male,Yes,No,No,2,No,No,DSL,No,No,No,No,No,No,Month-to-month,Yes,Mailed check,24.45,Yes
7089-IVVAZ,Bear Creek,AL,35543,67,Female,No,No,No,8,Yes,Yes,Fiber optic,Yes,No,No,Yes,Yes,Yes,Month-to-month,Yes,Bank transfer (automatic),103.35,Yes
2205-YMZZJ,Coy,AL,36435,68,Male,Yes,No,No,7,Yes,Yes,Fiber optic,No,No,No,No,Yes,No,Month-to-month,Yes,Electronic check,84.8,Yes
1254-IZEYF,Lexington,AL,35648,79,Female,Yes,No,No,31,Yes,Yes,Fiber optic,No,Yes,No,No,Yes,Yes,Month-to-month,Yes,Electronic check,99.95,Yes
9492-TOKRI,Quinton,AL,35130,71,Female,No,No,No,18,Yes,Yes,Fiber optic,No,Yes,No,No,Yes,No,Month-to-month,Yes,Credit card (automatic),90,Yes
9221-OTIVJ,Elkmont,AL,35620,69,Female,Yes,No,No,14,Yes,Yes,Fiber optic,No,Yes,Yes,No,Yes,Yes,Month-to-month,Yes,Electronic check,104.85,Yes
3325-FUYCG,West Blocton,AL,35184,70,Male,No,Yes,No,28,Yes,Yes,Fiber optic,Yes,Yes,No,No,Yes,Yes,One year,No,Electronic check,106.1,Yes
5908-QMGOE,Sylacauga,AL,35150,72,Male,Yes,No,No,15,Yes,Yes,Fiber optic,No,No,No,No,No,No,Month-to-month,Yes,Credit card (automatic),74.2,Yes
8481-YYXWG,Cecil,AL,36013,71,Female,No,No,No,5,Yes,No,Fiber optic,No,Yes,No,Yes,No,Yes,Month-to-month,Yes,Electronic check,89.35,Yes
2609-IAICY,Holy Trinity,AL,36859,68,Female,No,No,No,1,Yes,Yes,Fiber optic,No,No,No,No,No,No,Month-to-month,Yes,Electronic check,77.15,Yes
1740-CSDJP,Fyffe,AL,35971,74,Male,No,No,No,1,No,No,DSL,No,No,No,No,No,Yes,Month-to-month,Yes,Bank transfer (automatic),35.25,Yes
2636-OHFMN,Cecil,AL,36013,69,Male,No,Yes,No,4,No,No,DSL,No,Yes,No,No,Yes,Yes,Month-to-month,Yes,Electronic check,48.55,Yes
1323-OOEPC,Brookside,AL,35036,76,Female,No,Yes,No,53,Yes,Yes,Fiber optic,No,Yes,No,No,Yes,Yes,Month-to-month,Yes,Credit card (automatic),98.4,Yes
0397-GZBBC,Goodwater,AL,35072,79,Male,Yes,Yes,No,59,Yes,Yes,Fiber optic,No,No,No,No,Yes,Yes,Month-to-month,Yes,Bank transfer (automatic),93.85,Yes
7641-EUYET,Satsuma,AL,36572,80,Male,Yes,Yes,No,46,Yes,Yes,Fiber optic,Yes,Yes,Yes,No,Yes,No,Month-to-month,Yes,Electronic check,100.7,Yes
9921-ZVRHG,Excel,AL,36439,75,Female,No,No,No,14,Yes,Yes,Fiber optic,No,No,Yes,No,No,No,Month-to-month,Yes,Electronic check,80.45,Yes
4701-MLJPN,Creola,AL,36525,70,Male,No,No,No,31,Yes,No,DSL,No,No,Yes,Yes,No,No,Month-to-month,Yes,Electronic check,55.25,Yes
9206-GVPEQ,Birmingham,AL,35204,76,Male,No,Yes,No,13,No,No,DSL,Yes,No,No,Yes,Yes,Yes,Month-to-month,Yes,Electronic check,54.45,Yes
1596-BBVTG,Holly Pond,AL,35083,67,Male,No,No,No,35,Yes,Yes,Fiber optic,No,No,No,No,No,No,Month-to-month,No,Credit card (automatic),75.35,Yes
8433-WXGNA,Point Clear,AL,36564,77,Male,No,No,No,2,Yes,No,Fiber optic,Yes,No,No,No,No,No,Month-to-month,Yes,Electronic check,75.7,Yes
3707-GNWHM,Union Grove,AL,35175,80,Male,No,No,No,1,Yes,Yes,Fiber optic,No,No,No,No,No,No,Month-to-month,Yes,Mailed check,74.25,Yes
8922-LIEGH,Sulligent,AL,35586,79,Female,Yes,No,No,25,Yes,Yes,Fiber optic,No,Yes,No,No,No,Yes,Month-to-month,Yes,Electronic check,89.7,Yes
8245-UMPYT,Red Level,AL,36474,79,Female,Yes,No,No,16,Yes,Yes,Fiber optic,No,No,No,No,Yes,Yes,Month-to-month,Yes,Electronic check,96.4,Yes
5186-SAMNZ,Sheffield,AL,35660,66,Male,Yes,No,No,1,Yes,No,Fiber optic,No,No,No,No,No,No,Month-to-month,Yes,Bank transfer (automatic),69.5,Yes
5373-SFODM,Panola,AL,35477,65,Male,Yes,Yes,No,36,Yes,Yes,Fiber optic,No,No,No,No,No,Yes,Month-to-month,Yes,Credit card (automatic),85.25,Yes
5766-ZJYBB,Moundville,AL,35474,73,Male,No,No,No,1,Yes,No,None,No,No,No,No,No,No,Month-to-month,No,Mailed check,19.4,Yes
8931-GJJIQ,Hartselle,AL,35640,69,Female,No,No,No,9,Yes,Yes,Fiber optic,No,No,No,No,No,Yes,Month-to-month,Yes,Electronic check,83.3,Yes
4277-PVRAN,Slocomb,AL,36375,78,Female,No,No,No,8,Yes,No,Fiber optic,No,No,No,No,Yes,No,Month-to-month,Yes,Bank transfer (automatic),80.1,Yes
0022-TCJCI,Montgomery,AL,36117,78,Male,Yes,No,No,45,Yes,No,DSL,Yes,No,Yes,No,No,Yes,One year,No,Credit card (automatic),62.7,Yes
0203-HHYIJ,Ward,AL,36922,76,Male,No,No,No,25,Yes,Yes,None,No,No,No,No,No,No,One year,No,Bank transfer (automatic),25.3,Yes
0952-KMEEH,Bay Minette,AL,36507,71,Male,No,No,No,13,Yes,Yes,Fiber optic,Yes,No,No,No,Yes,Yes,Month-to-month,No,Mailed check,98.15,Yes
8178-EYZUO,Baileyton,AL,35019,72,Male,No,No,No,46,Yes,Yes,Fiber optic,Yes,Yes,No,No,No,Yes,Month-to-month,Yes,Electronic check,93.7,Yes
5130-IEKQT,Brownsboro,AL,35741,70,Male,Yes,No,No,25,Yes,Yes,Fiber optic,No,Yes,Yes,No,Yes,Yes,Month-to-month,No,Mailed check,105.95,Yes
3230-WYKIR,Shorter,AL,36075,71,Male,No,No,No,18,Yes,Yes,DSL,No,No,Yes,Yes,Yes,Yes,One year,Yes,Credit card (automatic),82,Yes
0407-BDJKB,Deatsville,AL,36022,74,Male,No,Yes,No,60,Yes,Yes,Fiber optic,No,Yes,Yes,No,Yes,No,Month-to-month,Yes,Electronic check,95.75,Yes
9600-UDOPK,Jachin,AL,36910,75,Male,No,Yes,No,30,Yes,Yes,Fiber optic,No,No,No,No,Yes,Yes,Month-to-month,Yes,Credit card (automatic),94.05,Yes
4074-SJFFA,Bayou La Batre,AL,36509,65,Female,No,No,No,1,Yes,No,DSL,No,No,No,No,No,Yes,Month-to-month,Yes,Mailed check,54.75,Yes
3269-ATYWD,Panola,AL,35477,80,Male,Yes,No,No,39,Yes,Yes,Fiber optic,No,No,No,No,Yes,Yes,Month-to-month,Yes,Bank transfer (automatic),95.65,Yes
4910-GMJOT,Brownsboro,AL,35741,76,Female,No,No,No,1,Yes,Yes,Fiber optic,No,No,No,No,Yes,Yes,Month-to-month,Yes,Electronic check,94.6,Yes
0354-WYROK,Eight Mile,AL,36613,73,Female,Yes,Yes,No,31,Yes,No,Fiber optic,No,No,Yes,Yes,Yes,Yes,Month-to-month,Yes,Electronic check,98.9,Yes
7576-OYWBN,Estillfork,AL,35745,67,Male,Yes,No,No,3,Yes,Yes,Fiber optic,No,No,No,No,No,No,Month-to-month,Yes,Electronic check,76.05,Yes
5539-TMZLF,Silverhill,AL,36576,66,Male,Yes,No,No,1,Yes,No,Fiber optic,No,No,No,No,No,No,Month-to-month,Yes,Electronic check,69.75,Yes
4323-SADQS,Madison,AL,35757,65,Male,No,Yes,Yes,7,No,No,DSL,Yes,No,No,Yes,No,No,Month-to-month,Yes,Electronic check,34.5,Yes
4446-BZKHU,Cherokee,AL,35616,76,Male,No,Yes,No,61,Yes,Yes,Fiber optic,No,Yes,Yes,No,Yes,Yes,Month-to-month,Yes,Electronic check,105.55,Yes
5202-IVJNU,Altoona,AL,35952,79,Female,No,No,Yes,39,No,No,DSL,No,No,Yes,No,No,No,Month-to-month,No,Credit card (automatic),30.1,Yes
5976-JCJRH,Cecil,AL,36013,76,Male,No,Yes,No,10,Yes,No,Fiber optic,No,No,No,No,No,No,Month-to-month,Yes,Electronic check,70.3,Yes
0137-OCGAB,Roanoke,AL,36274,77,Female,No,No,No,1,Yes,Yes,Fiber optic,No,Yes,No,No,No,No,Month-to-month,Yes,Mailed check,80.2,Yes
3351-NQLDI,Athens,AL,35614,71,Female,No,Yes,No,67,Yes,Yes,Fiber optic,Yes,No,No,Yes,No,Yes,One year,Yes,Credit card (automatic),94.35,Yes
7593-JNWRU,Ashford,AL,36312,75,Male,No,Yes,Yes,6,Yes,No,DSL,No,No,No,No,No,No,Month-to-month,Yes,Bank transfer (automatic),44.6,Yes
4588-YBNIB,New Castle,AL,35119,75,Female,No,No,No,1,Yes,No,None,No,No,No,No,No,No,Month-to-month,Yes,Mailed check,19.6,Yes
3336-JORSO,Pinson,AL,35126,71,Female,Yes,No,No,33,Yes,Yes,Fiber optic,No,Yes,Yes,Yes,Yes,Yes,Month-to-month,Yes,Electronic check,110.45,Yes
5028-GZLDO,Wickes,AR,71973,72,Male,No,No,No,2,Yes,No,Fiber optic,No,No,No,No,No,No,Month-to-month,No,Credit card (automatic),70.7,Yes
6861-XWTWQ,Morrilton,AR,72110,76,Male,Yes,Yes,No,7,Yes,Yes,Fiber optic,No,No,Yes,No,Yes,Yes,Month-to-month,Yes,Electronic check,99.25,Yes
6877-TJMBR,White Hall,AR,71602,70,Male,No,Yes,No,1,Yes,No,Fiber optic,No,No,No,Yes,Yes,No,Month-to-month,Yes,Electronic check,84.8,Yes
6769-DCQLI,Bonnerdale,AR,71933,73,Male,No,No,No,52,Yes,No,Fiber optic,No,Yes,Yes,Yes,Yes,Yes,One year,Yes,Bank transfer (automatic),105,Yes
2433-KMEAS,Pindall,AR,72669,78,Male,No,No,No,22,Yes,Yes,DSL,Yes,No,No,No,No,No,Month-to-month,Yes,Electronic check,54.45,Yes
2195-ZRVAX,Bauxite,AR,72011,74,Female,No,Yes,No,47,Yes,No,Fiber optic,No,No,Yes,No,No,Yes,Month-to-month,Yes,Electronic check,85.3,Yes
3550-SAHFP,Hattieville,AR,72063,73,Female,No,No,No,33,Yes,Yes,Fiber optic,No,No,No,No,No,Yes,Month-to-month,Yes,Electronic check,83.35,Yes
2011-TRQYE,Umpire,AR,71971,69,Male,No,No,No,18,No,No,DSL,No,Yes,Yes,No,No,No,Month-to-month,Yes,Credit card (automatic),33.5,Yes
4873-ILOLJ,Mountain Home,AR,72653,73,Male,No,No,No,24,Yes,No,Fiber optic,No,No,No,No,Yes,Yes,Month-to-month,Yes,Electronic check,90.35,Yes
2725-KXXWT,Wilson,AR,72395,79,Male,No,Yes,No,1,Yes,No,Fiber optic,No,No,No,No,Yes,Yes,Month-to-month,Yes,Electronic check,90.75,Yes
9565-DJPIB,Crumrod,AR,72328,72,Female,No,No,No,4,Yes,Yes,Fiber optic,No,Yes,No,No,Yes,No,Month-to-month,No,Mailed check,89.6,Yes
8348-HFYIV,Ravenden,AR,72459,75,Male,No,No,No,2,No,No,DSL,No,No,Yes,No,Yes,Yes,Month-to-month,Yes,Electronic check,49.25,Yes
6849-WLEYG,Aguas Buenas,PR,703,68,Male,No,No,Yes,1,Yes,No,None,No,No,No,No,No,No,Month-to-month,No,Mailed check,19.75,Yes
4659-NZRUF,Orocovis,PR,720,66,Female,No,No,No,19,Yes,Yes,Fiber optic,Yes,Yes,No,No,No,Yes,Month-to-month,Yes,Electronic check,95.15,Yes
8429-XIBUM,Bayamon,PR,959,74,Male,No,No,No,22,Yes,Yes,Fiber optic,Yes,No,No,No,Yes,Yes,Month-to-month,Yes,Bank transfer (automatic),101.35,Yes
2608-BHKFN,Isabela,PR,662,78,Female,No,No,No,4,Yes,No,Fiber optic,No,No,No,No,No,No,Month-to-month,Yes,Credit card (automatic),70.05,Yes
7341-LXCAF,Adjuntas,PR,601,73,Male,No,Yes,No,4,Yes,Yes,Fiber optic,No,No,No,No,No,No,Month-to-month,Yes,Electronic check,74.65,Yes
9462-MJUAW,Caguas,PR,725,79,Male,No,No,No,4,Yes,Yes,DSL,No,No,No,No,No,No,Month-to-month,No,Mailed check,50.4,Yes
8128-YVJRG,Lajas,PR,667,69,Female,No,No,No,7,Yes,Yes,Fiber optic,Yes,No,No,No,No,No,Month-to-month,Yes,Mailed check,79.65,Yes
4283-FUTGF,Carolina,PR,987,68,Male,Yes,No,No,19,Yes,Yes,Fiber optic,No,No,Yes,No,No,No,Month-to-month,Yes,Electronic check,79.85,Yes
1569-TTNYJ,Garrochales,PR,652,70,Male,No,Yes,No,5,Yes,Yes,Fiber optic,No,Yes,No,No,No,No,Month-to-month,Yes,Electronic check,78.75,Yes
2397-BRLOM,Catano,PR,962,69,Male,Yes,Yes,No,8,Yes,No,Fiber optic,No,No,No,No,Yes,No,Month-to-month,Yes,Credit card (automatic),80.45,Yes
4749-VFKVB,Ensenada,PR,647,75,Female,No,No,No,1,Yes,Yes,DSL,No,No,No,No,No,No,Month-to-month,Yes,Mailed check,50.1,Yes
7598-UAASY,Manati,PR,674,75,Male,No,Yes,No,2,Yes,No,Fiber optic,No,No,Yes,No,No,No,Month-to-month,No,Electronic check,76.4,Yes
7938-OUHIO,Yauco,PR,698,67,Male,No,No,No,3,Yes,No,Fiber optic,No,No,Yes,Yes,Yes,Yes,Month-to-month,Yes,Electronic check,98.7,Yes
8510-AWCXC,Bayamon,PR,959,65,Female,Yes,No,No,13,Yes,Yes,Fiber optic,Yes,No,No,No,Yes,Yes,Month-to-month,Yes,Electronic check,100.8,Yes
0431-APWVY,Barranquitas,PR,794,67,Female,No,Yes,No,28,Yes,No,Fiber optic,No,No,No,No,Yes,Yes,One year,Yes,Bank transfer (automatic),90.1,Yes
3426-NIYYL,Wheatley,AR,72392,74,Male,No,No,No,15,Yes,Yes,DSL,No,No,No,No,No,No,Month-to-month,No,Electronic check,51.55,Yes
8225-BTJAU,Higginson,AR,72068,72,Male,Yes,No,No,10,Yes,No,Fiber optic,No,No,No,No,No,Yes,Month-to-month,Yes,Electronic check,79.25,Yes
3387-VATUS,Brockwell,AR,72517,77,Male,No,No,No,5,Yes,Yes,Fiber optic,No,No,No,No,Yes,Yes,Month-to-month,Yes,Bank transfer (automatic),94.85,Yes
1143-NMNQJ,Trumann,AR,72472,72,Female,No,No,No,2,Yes,Yes,Fiber optic,No,No,No,No,No,Yes,Month-to-month,Yes,Electronic check,85.7,Yes
0415-MOSGF,Mountain Home,AR,72653,75,Female,No,No,No,1,Yes,No,DSL,No,No,No,No,No,No,Month-to-month,No,Mailed check,44.4,Yes
1724-BQUHA,Magnolia,AR,71753,79,Male,Yes,No,No,5,Yes,No,Fiber optic,No,No,No,No,Yes,Yes,Month-to-month,Yes,Electronic check,89.5,Yes
4826-XTSOH,Bigelow,AR,72016,72,Male,Yes,Yes,No,1,Yes,Yes,Fiber optic,No,No,No,No,Yes,No,Month-to-month,Yes,Electronic check,86.05,Yes
2495-INZWQ,Conway,AR,72034,66,Male,No,No,No,4,No,No,DSL,No,No,No,No,Yes,Yes,Month-to-month,Yes,Electronic check,44.55,Yes
4139-SUGLD,Poughkeepsie,AR,72569,65,Male,No,Yes,Yes,31,No,No,DSL,Yes,No,No,Yes,No,No,Month-to-month,No,Bank transfer (automatic),35.4,Yes
6857-VWJDT,Tichnor,AR,72166,66,Female,No,No,No,1,Yes,Yes,Fiber optic,No,No,No,No,Yes,Yes,Month-to-month,No,Mailed check,95.65,Yes
5624-BQSSA,Gentry,AR,72734,77,Female,No,No,No,1,Yes,No,None,No,No,No,No,No,No,Month-to-month,No,Mailed check,20.95,Yes
2408-WITXK,Chester,AR,72934,68,Female,Yes,No,No,10,No,No,DSL,No,No,No,No,No,Yes,Month-to-month,Yes,Electronic check,34.7,Yes
5577-OTWWW,Redfield,AR,72132,65,Female,No,No,No,15,Yes,No,None,No,No,No,No,No,No,Month-to-month,No,Bank transfer (automatic),19.75,Yes
6100-QQHEB,Altus,AR,72821,73,Male,No,Yes,No,17,Yes,Yes,Fiber optic,No,No,No,No,Yes,Yes,Month-to-month,Yes,Electronic check,92.55,Yes
2634-HCZGT,Hackett,AR,72937,69,Male,Yes,Yes,No,53,Yes,Yes,DSL,Yes,No,No,Yes,No,No,One year,Yes,Electronic check,60.05,Yes
7503-QQRVF,Lonsdale,AR,72087,67,Male,Yes,Yes,No,16,Yes,No,Fiber optic,No,Yes,No,No,No,No,Month-to-month,Yes,Credit card (automatic),74.3,Yes
2691-NZETQ,Bryant,AR,72022,67,Male,No,No,No,9,Yes,Yes,Fiber optic,No,No,No,No,Yes,No,Month-to-month,Yes,Electronic check,85.35,Yes
4404-HIBDJ,O Kean,AR,72449,80,Female,No,No,No,25,Yes,No,DSL,Yes,Yes,Yes,Yes,Yes,No,One year,No,Mailed check,74.3,Yes
7295-JOMMD,Brinkley,AR,72021,80,Female,No,No,No,4,Yes,No,Fiber optic,No,No,Yes,Yes,Yes,Yes,Month-to-month,Yes,Bank transfer (automatic),98.1,Yes
5013-SBUIH,Swifton,AR,72471,67,Female,No,No,No,50,Yes,Yes,Fiber optic,Yes,Yes,No,Yes,Yes,Yes,Two year,Yes,Electronic check,109.65,Yes
0709-TVGUR,Bismarck,AR,71929,72,Female,Yes,No,No,9,Yes,Yes,Fiber optic,No,No,No,No,No,No,Month-to-month,Yes,Electronic check,74.55,Yes
6023-YEBUP,Black Rock,AR,72415,73,Male,No,No,No,3,Yes,Yes,Fiber optic,No,No,Yes,No,Yes,Yes,Month-to-month,Yes,Electronic check,100.95,Yes
7209-JCUDS,Mabelvale,AR,72103,74,Male,No,No,No,10,Yes,No,Fiber optic,No,No,Yes,No,Yes,Yes,Month-to-month,Yes,Electronic check,94.9,Yes
3001-CBHLQ,Gurdon,AR,71743,79,Male,Yes,Yes,No,32,Yes,Yes,Fiber optic,No,No,Yes,Yes,Yes,Yes,Month-to-month,Yes,Electronic check,104.9,Yes
6158-DWPZT,Fifty Six,AR,72533,73,Male,No,Yes,No,9,No,No,DSL,No,No,No,No,No,No,One year,No,Bank transfer (automatic),24.1,Yes
3763-GCZHZ,Bradley,AR,71826,65,Male,No,Yes,No,66,Yes,Yes,Fiber optic,No,Yes,No,Yes,Yes,Yes,One year,Yes,Electronic check,104.05,Yes
0772-GYEQQ,Mountain View,AR,72560,79,Male,No,No,No,3,Yes,No,Fiber optic,No,No,Yes,Yes,Yes,No,Month-to-month,Yes,Mailed check,88.35,Yes
4831-EOBFE,Ash Flat,AR,72513,79,Male,No,Yes,No,29,Yes,No,Fiber optic,Yes,No,No,No,Yes,Yes,Month-to-month,No,Credit card (automatic),94.65,Yes
4102-OQUPX,Beedeville,AR,72014,65,Male,Yes,Yes,No,1,Yes,Yes,Fiber optic,No,No,No,No,No,No,Month-to-month,Yes,Electronic check,74.4,Yes
9170-GYZJC,Rector,AR,72461,78,Female,No,Yes,Yes,41,Yes,Yes,DSL,Yes,Yes,Yes,Yes,No,Yes,Month-to-month,No,Credit card (automatic),79.9,Yes
3999-QGRJH,Shirley,AR,72153,75,Male,Yes,No,No,8,Yes,No,Fiber optic,No,No,No,No,No,No,Month-to-month,Yes,Electronic check,69.7,Yes
2454-RPBRZ,London,AR,72847,70,Female,Yes,Yes,No,12,Yes,Yes,Fiber optic,No,Yes,Yes,No,Yes,No,Month-to-month,Yes,Electronic check,98.1,Yes
2002-MZHWP,Alicia,AR,72410,75,Female,No,No,No,1,Yes,No,None,No,No,No,No,No,No,Month-to-month,No,Mailed check,20.5,Yes
2265-CYWIV,Griffithville,AR,72060,75,Female,Yes,Yes,No,4,Yes,Yes,Fiber optic,Yes,No,No,No,Yes,Yes,Month-to-month,Yes,Electronic check,99.6,Yes
2004-OCQXK,Mc Neil,AR,71752,76,Female,No,No,No,1,Yes,No,Fiber optic,No,No,No,No,No,Yes,Month-to-month,Yes,Electronic check,81.95,Yes
5027-QPKTE,Etowah,AR,72428,72,Male,No,Yes,No,7,Yes,No,Fiber optic,No,No,No,No,No,No,Month-to-month,Yes,Electronic check,69.35,Yes
2672-HUYVI,Chidester,AR,71726,69,Female,No,No,No,6,Yes,No,Fiber optic,No,No,No,No,Yes,Yes,Month-to-month,Yes,Electronic check,91.1,Yes
7508-MYBOG,Bluff City,AR,71722,69,Male,No,Yes,No,14,Yes,Yes,Fiber optic,No,No,No,No,Yes,No,Month-to-month,Yes,Electronic check,86.1,Yes
0148-DCDOS,Saint Paul,AR,72760,76,Male,No,No,No,25,Yes,Yes,Fiber optic,No,No,No,No,Yes,Yes,Month-to-month,Yes,Bank transfer (automatic),94.7,Yes
9992-RRAMN,Antoine,AR,71922,78,Male,No,Yes,No,22,Yes,Yes,Fiber optic,No,No,No,No,No,Yes,Month-to-month,Yes,Electronic check,85.1,Yes
0310-MVLET,Altheimer,AR,72004,68,Female,No,Yes,No,61,Yes,Yes,Fiber optic,No,Yes,No,No,Yes,Yes,Month-to-month,Yes,Electronic check,99.15,Yes
4550-VBOFE,Peel,AR,72668,65,Male,Yes,Yes,No,70,Yes,Yes,Fiber optic,No,Yes,Yes,No,Yes,Yes,Month-to-month,Yes,Electronic check,102.95,Yes
5696-QURRL,Poyen,AR,72128,78,Male,No,No,No,1,Yes,No,DSL,No,No,No,No,No,No,Month-to-month,Yes,Mailed check,45.05,Yes
7409-KIUTL,Sims,AR,71969,67,Female,Yes,No,No,1,Yes,No,Fiber optic,No,No,No,No,No,No,Month-to-month,Yes,Electronic check,71,Yes
1732-VHUBQ,Kingsland,AR,71652,73,Female,Yes,Yes,No,47,Yes,No,Fiber optic,No,No,No,No,No,No,Month-to-month,No,Bank transfer (automatic),70.55,Yes
0495-RVCBF,Clarkedale,AR,72325,72,Female,No,No,No,1,Yes,No,Fiber optic,No,No,No,No,No,Yes,Month-to-month,Yes,Electronic check,79.7,Yes
7854-EDSSA,Roe,AR,72134,71,Male,No,No,No,22,Yes,Yes,DSL,Yes,Yes,No,No,No,No,Month-to-month,No,Electronic check,59,Yes
8869-TORSS,Pencil Bluff,AR,71965,78,Female,No,No,No,48,Yes,No,DSL,Yes,No,Yes,Yes,No,No,One year,Yes,Credit card (automatic),60.35,Yes
0679-IDSTG,Hartman,AR,72840,66,Female,Yes,Yes,No,1,Yes,No,Fiber optic,No,No,No,No,No,No,Month-to-month,Yes,Electronic check,69.25,Yes
2115-BFTIW,Hattieville,AR,72063,78,Male,No,No,No,25,Yes,No,Fiber optic,No,No,No,No,No,No,Month-to-month,No,Mailed check,70.95,Yes
0611-DFXKO,Dyer,AR,72935,76,Male,No,Yes,No,20,Yes,No,Fiber optic,No,No,No,No,Yes,Yes,Month-to-month,Yes,Mailed check,89,Yes
7780-OTDSO,Mc Crory,AR,72101,72,Male,No,Yes,No,18,Yes,Yes,Fiber optic,Yes,No,No,No,Yes,Yes,Month-to-month,Yes,Electronic check,99.4,Yes
9747-DDZOS,Little Rock,AR,72202,73,Female,No,No,No,1,Yes,No,Fiber optic,No,No,Yes,No,No,No,Month-to-month,No,Bank transfer (automatic),73.5,Yes
0564-JJHGS,Leslie,AR,72645,75,Male,No,No,No,9,Yes,Yes,Fiber optic,No,No,No,No,Yes,Yes,Month-to-month,Yes,Electronic check,95.5,Yes
3348-CFRNX,Uniontown,AR,72955,74,Female,No,Yes,No,28,Yes,No,Fiber optic,Yes,No,No,No,Yes,Yes,Month-to-month,Yes,Mailed check,92.35,Yes
1428-GTBJJ,Louann,AR,71751,76,Male,No,No,No,11,Yes,No,Fiber optic,No,Yes,No,No,No,No,Month-to-month,Yes,Electronic check,74.55,Yes
8802-UNOJF,Pleasant Plains,AR,72568,68,Male,Yes,No,No,12,Yes,No,Fiber optic,No,Yes,Yes,Yes,No,No,Month-to-month,Yes,Mailed check,83.8,Yes
6313-GIDIT,Portia,AR,72457,66,Male,Yes,No,No,53,No,No,DSL,No,Yes,Yes,No,Yes,Yes,Month-to-month,Yes,Electronic check,54.45,Yes
2845-AFFTX,Poyen,AR,72128,70,Male,Yes,Yes,No,41,Yes,Yes,Fiber optic,No,No,Yes,No,Yes,Yes,Month-to-month,Yes,Electronic check,99.8,Yes
2249-YPRNG,Bigelow,AR,72016,65,Female,No,Yes,No,20,Yes,Yes,Fiber optic,No,Yes,Yes,No,Yes,Yes,Month-to-month,Yes,Bank transfer (automatic),105.85,Yes
7410-YTJIK,Calion,AR,71724,73,Female,No,No,No,7,Yes,Yes,Fiber optic,No,No,No,No,No,No,Month-to-month,No,Mailed check,75.45,Yes
4626-GYCZP,Frenchmans Bayou,AR,72338,68,Male,No,No,No,7,Yes,Yes,Fiber optic,No,No,No,No,Yes,Yes,Month-to-month,Yes,Electronic check,93.85,Yes
5590-BYNII,Wickes,AR,71973,76,Male,No,No,No,22,Yes,Yes,Fiber optic,Yes,No,No,No,Yes,Yes,Month-to-month,Yes,Electronic check,100.75,Yes
3237-AJGEH,Lonsdale,AR,72087,65,Female,No,Yes,Yes,3,No,No,DSL,No,No,No,Yes,No,No,Month-to-month,Yes,Mailed check,31,Yes
1591-NFNLQ,Bella Vista,AR,72714,76,Male,No,No,No,51,Yes,Yes,Fiber optic,No,No,Yes,No,No,No,Month-to-month,No,Credit card (automatic),80,Yes
2815-CPTUL,Black Oak,AR,72414,79,Male,Yes,No,No,5,Yes,No,Fiber optic,No,No,No,No,No,No,Month-to-month,Yes,Mailed check,70.25,Yes
0596-BQCEQ,Gillham,AR,71841,69,Female,No,Yes,No,62,Yes,No,Fiber optic,No,Yes,Yes,No,Yes,Yes,Month-to-month,Yes,Electronic check,100.15,Yes
1481-ZUWZA,Judsonia,AR,72081,78,Male,No,No,No,28,Yes,Yes,Fiber optic,Yes,Yes,No,No,No,Yes,Month-to-month,Yes,Credit card (automatic),94.5,Yes
2309-OSFEU,Bluffton,AR,72827,77,Male,No,No,No,10,No,No,DSL,No,No,No,No,No,Yes,Month-to-month,Yes,Mailed check,33.9,Yes
1891-FZYSA,Scotland,AR,72141,70,Male,Yes,Yes,No,69,Yes,Yes,Fiber optic,No,Yes,No,No,Yes,No,Month-to-month,Yes,Electronic check,89.95,Yes
7613-LLQFO,Banks,AR,71631,71,Male,No,No,No,12,Yes,Yes,Fiber optic,No,No,No,No,Yes,No,Month-to-month,Yes,Electronic check,84.45,Yes
2640-PMGFL,Biscoe,AR,72017,68,Male,No,No,No,27,Yes,Yes,Fiber optic,No,No,No,Yes,No,No,Month-to-month,Yes,Electronic check,79.5,Yes
3801-HMYNL,Gilbert,AR,72636,71,Male,No,Yes,No,1,Yes,No,Fiber optic,No,No,No,No,Yes,Yes,Month-to-month,No,Mailed check,89.15,Yes
9685-WKZGT,Almyra,AR,72003,74,Male,Yes,No,No,14,Yes,Yes,Fiber optic,No,No,No,No,No,No,Month-to-month,Yes,Electronic check,74.95,Yes
6022-UGGSO,Rosie,AR,72571,78,Female,Yes,No,No,32,Yes,No,Fiber optic,No,Yes,No,No,No,No,Month-to-month,Yes,Electronic check,74.4,Yes
4484-CGXFK,Belleville,AR,72824,70,Female,No,No,No,3,Yes,No,DSL,No,No,No,No,No,Yes,Month-to-month,Yes,Electronic check,55.3,Yes
6214-EDAKZ,Magnolia,AR,71753,65,Female,No,Yes,Yes,22,Yes,No,DSL,No,Yes,No,Yes,No,No,Month-to-month,No,Electronic check,55.15,Yes
6127-ISGTU,Knoxville,AR,72845,68,Female,No,Yes,No,16,Yes,Yes,Fiber optic,No,No,No,No,Yes,No,Month-to-month,Yes,Electronic check,84.95,Yes
8740-XLHDR,Diamond City,AR,72630,73,Male,No,No,No,5,No,No,DSL,Yes,Yes,Yes,Yes,No,No,Month-to-month,Yes,Mailed check,43.25,Yes
1208-DNHLN,Lambrook,AR,72353,68,Male,No,Yes,No,23,Yes,Yes,DSL,No,No,No,No,No,No,One year,Yes,Credit card (automatic),48.35,Yes
1761-AEZZR,Patterson,AR,72123,65,Male,No,No,No,1,Yes,No,Fiber optic,No,No,No,No,Yes,No,Month-to-month,Yes,Electronic check,79.55,Yes
3923-CSIHK,Saint Paul,AR,72760,77,Female,Yes,Yes,No,50,Yes,No,Fiber optic,No,No,No,No,No,No,Month-to-month,Yes,Electronic check,71.05,Yes
7120-RFMVS,Center Ridge,AR,72027,68,Male,No,No,No,1,Yes,Yes,Fiber optic,No,No,No,No,Yes,No,Month-to-month,No,Electronic check,84.5,Yes
7317-GGVPB,Story,AR,71970,66,Male,No,Yes,No,71,Yes,Yes,Fiber optic,No,Yes,Yes,Yes,Yes,Yes,Two year,Yes,Credit card (automatic),108.6,Yes
1322-AGOQM,Conway,AR,72034,76,Male,No,No,No,46,No,No,DSL,No,Yes,No,No,No,No,Month-to-month,No,Bank transfer (automatic),30.3,Yes
3677-IYRBF,Hot Springs National Park,AR,71901,67,Female,Yes,No,No,2,No,No,DSL,No,No,Yes,No,No,No,Month-to-month,Yes,Electronic check,30.4,Yes
5692-FPTAH,Elkins,AR,72727,80,Female,No,No,No,1,Yes,No,DSL,No,No,No,No,No,No,Month-to-month,Yes,Mailed check,45.4,Yes
1550-LOAHA,Dierks,AR,71833,67,Female,No,Yes,No,32,Yes,No,Fiber optic,No,Yes,No,No,No,Yes,Month-to-month,No,Bank transfer (automatic),84.15,Yes
0268-QKIWO,Sage,AR,72573,78,Female,No,No,No,3,Yes,No,None,No,No,No,No,No,No,Month-to-month,No,Electronic check,19.75,Yes
0876-WDUUZ,Augusta,AR,72006,66,Female,No,No,No,5,Yes,No,Fiber optic,No,No,No,Yes,No,Yes,Month-to-month,Yes,Credit card (automatic),85.4,Yes
0617-FHSGK,Wesley,AR,72773,76,Male,No,No,No,49,Yes,Yes,Fiber optic,No,No,No,No,No,No,Month-to-month,No,Credit card (automatic),75.2,Yes
2858-MOFSQ,Lexa,AR,72355,79,Female,No,No,No,17,Yes,Yes,DSL,No,No,Yes,No,No,No,One year,Yes,Mailed check,55.85,Yes
8118-LSUEL,Lead Hill,AR,72644,67,Male,Yes,No,No,23,Yes,Yes,Fiber optic,No,Yes,Yes,No,Yes,Yes,Month-to-month,Yes,Electronic check,106.4,Yes
7005-CCBKV,Violet Hill,AR,72584,74,Male,No,No,No,6,Yes,No,Fiber optic,No,Yes,No,No,No,Yes,Month-to-month,Yes,Electronic check,84.4,Yes
4250-FDVOU,Bradley,AR,71826,69,Female,No,No,No,6,Yes,No,DSL,Yes,Yes,No,No,No,No,Month-to-month,No,Electronic check,56.25,Yes
5277-ZLOOR,Mabelvale,AR,72103,65,Female,Yes,No,No,2,Yes,Yes,Fiber optic,No,No,No,No,Yes,No,Month-to-month,Yes,Electronic check,85.55,Yes
2141-RRYGO,Cushman,AR,72526,80,Female,No,No,No,4,Yes,No,DSL,No,Yes,No,No,Yes,Yes,Month-to-month,Yes,Bank transfer (automatic),68.65,Yes
6376-GAHQE,Bay,AR,72411,69,Male,No,No,No,4,Yes,No,Fiber optic,No,No,No,No,Yes,No,Month-to-month,No,Electronic check,77.85,Yes
5052-PNLOS,Marcella,AR,72555,74,Male,No,No,No,3,Yes,Yes,Fiber optic,No,Yes,Yes,No,Yes,Yes,Month-to-month,Yes,Bank transfer (automatic),105.35,Yes
6979-ZNSFF,Benton,AR,72019,71,Female,No,No,No,8,Yes,Yes,Fiber optic,No,No,No,No,Yes,No,Month-to-month,Yes,Electronic check,87.05,Yes
2386-LAHRK,Fulton,AR,71838,71,Male,No,No,No,1,Yes,No,DSL,No,No,No,No,Yes,No,Month-to-month,Yes,Mailed check,53.5,Yes
6032-IGALN,Mount Ida,AR,71957,71,Female,No,No,No,1,No,No,DSL,No,No,No,No,No,No,Month-to-month,Yes,Mailed check,25.1,Yes
4248-HCETZ,Little Rock Air Force Base,AR,72099,67,Male,Yes,Yes,No,30,Yes,No,Fiber optic,No,Yes,Yes,No,No,No,Month-to-month,Yes,Mailed check,79.65,Yes
0516-WJVXC,Gurdon,AR,71743,80,Female,No,No,No,5,Yes,No,DSL,Yes,No,No,Yes,No,No,Month-to-month,No,Electronic check,54.2,Yes
9174-FKWZE,Crocketts Bluff,AR,72038,75,Female,Yes,No,No,1,Yes,No,None,No,No,No,No,No,No,Month-to-month,Yes,Electronic check,19.45,Yes
8809-RIHDD,Pine Bluff,AR,71601,67,Male,No,Yes,No,72,Yes,Yes,Fiber optic,No,Yes,Yes,No,Yes,Yes,Two year,Yes,Electronic check,103.4,Yes
4822-NGOCH,Antoine,AR,71922,68,Female,No,No,No,13,Yes,Yes,Fiber optic,No,Yes,Yes,No,No,No,Month-to-month,Yes,Electronic check,84.45,Yes
5307-DZCVC,Ben Lomond,AR,71823,75,Female,Yes,Yes,No,32,Yes,Yes,Fiber optic,No,No,No,No,Yes,No,Month-to-month,Yes,Credit card (automatic),85.95,Yes
8679-JOEVF,Ozone,AR,72854,74,Female,Yes,No,No,16,Yes,No,DSL,No,No,No,Yes,Yes,No,Month-to-month,No,Electronic check,59.4,Yes
1432-FPAXX,Wilson,AR,72395,80,Female,No,No,No,29,No,No,DSL,No,Yes,No,No,No,No,Month-to-month,Yes,Electronic check,30.6,Yes
4803-AXVYP,Hiwasse,AR,72739,66,Female,Yes,No,No,38,Yes,Yes,Fiber optic,No,No,No,Yes,Yes,Yes,Month-to-month,Yes,Electronic check,99.55,Yes
3884-HCSWG,Elkins,AR,72727,79,Female,No,No,No,17,Yes,No,Fiber optic,No,No,No,No,No,No,Month-to-month,Yes,Electronic check,70,Yes
5077-DXTCG,Peach Orchard,AR,72453,73,Female,No,No,No,1,Yes,No,DSL,No,No,No,No,No,No,Month-to-month,Yes,Electronic check,45.3,Yes
1142-WACZW,Stuttgart,AR,72160,74,Male,No,No,No,2,No,No,DSL,No,No,No,Yes,No,No,Month-to-month,No,Bank transfer (automatic),29.85,Yes
5649-ANRML,Pickens,AR,71662,69,Male,Yes,No,No,2,Yes,No,Fiber optic,No,Yes,Yes,Yes,No,Yes,Month-to-month,Yes,Credit card (automatic),95.1,Yes
4892-VLANZ,Altheimer,AR,72004,71,Male,No,No,No,1,Yes,No,None,No,No,No,No,No,No,Month-to-month,No,Mailed check,19.8,Yes
2919-HBCJO,Berryville,AR,72616,65,Female,No,No,No,4,Yes,No,Fiber optic,No,Yes,No,No,No,No,Month-to-month,Yes,Bank transfer (automatic),76.65,Yes
4236-XPXAV,Bella Vista,AR,72714,73,Female,No,Yes,No,5,Yes,No,Fiber optic,No,Yes,No,Yes,Yes,Yes,Month-to-month,Yes,Mailed check,99.15,Yes
3030-YZADT,Solgohachia,AR,72156,72,Male,No,No,No,9,Yes,No,DSL,No,No,No,No,No,No,Month-to-month,No,Mailed check,44.95,Yes
7410-KTVFV,Jasper,AR,72641,71,Male,No,Yes,No,18,Yes,No,DSL,No,No,Yes,No,No,No,Month-to-month,Yes,Mailed check,49.55,Yes
8393-DLHGA,Pocahontas,AR,72455,74,Male,No,No,No,25,Yes,No,Fiber optic,No,Yes,No,No,Yes,Yes,Month-to-month,Yes,Electronic check,95.9,Yes
7395-IGJOS,Ozan,AR,71855,69,Male,Yes,Yes,No,17,Yes,No,Fiber optic,No,No,No,No,No,Yes,Month-to-month,No,Bank transfer (automatic),81.5,Yes
2834-SPCJV,Prattsville,AR,72129,76,Male,No,Yes,No,52,Yes,No,Fiber optic,Yes,No,No,No,Yes,No,Month-to-month,No,Electronic check,84.1,Yes
7890-VYYWG,Mulberry,AR,72947,69,Male,Yes,Yes,No,3,No,No,DSL,No,No,No,No,Yes,No,Month-to-month,Yes,Mailed check,36.45,Yes
9907-SWKKF,Yellville,AR,72687,73,Female,Yes,No,No,1,No,No,DSL,No,No,No,No,No,No,Month-to-month,No,Mailed check,25.05,Yes
0587-DMGBH,Holly Grove,AR,72069,67,Female,No,No,No,8,Yes,No,DSL,Yes,No,No,No,No,No,Month-to-month,Yes,Electronic check,49.85,Yes
6397-JNZZG,Rogers,AR,72758,70,Female,Yes,Yes,No,43,No,No,DSL,No,Yes,Yes,No,Yes,Yes,Month-to-month,No,Credit card (automatic),55.55,Yes
3523-QRQLL,Jerusalem,AR,72080,79,Female,No,Yes,No,22,Yes,No,DSL,No,Yes,No,No,Yes,Yes,One year,Yes,Bank transfer (automatic),69.5,Yes
0895-DQHEW,Tucker,AR,72168,69,Male,No,Yes,No,54,Yes,Yes,Fiber optic,No,Yes,Yes,No,Yes,Yes,Month-to-month,Yes,Electronic check,104.3,Yes
8149-RSOUN,Almyra,AR,72003,79,Female,No,No,No,1,Yes,Yes,Fiber optic,No,No,No,No,Yes,Yes,Month-to-month,Yes,Electronic check,93.85,Yes
7250-EQKIY,Pencil Bluff,AR,71965,70,Female,No,Yes,Yes,1,Yes,No,DSL,No,No,Yes,No,No,No,Month-to-month,No,Mailed check,50.45,Yes
4013-UBXWQ,Pea Ridge,AR,72751,70,Female,No,No,No,7,Yes,Yes,DSL,No,No,No,Yes,Yes,Yes,Month-to-month,Yes,Electronic check,74.65,Yes
5519-NPHVG,Rogers,AR,72758,79,Female,No,No,No,12,Yes,Yes,Fiber optic,No,No,No,No,Yes,Yes,Month-to-month,Yes,Electronic check,94.2,Yes
8849-GYOKR,Luxora,AR,72358,72,Female,No,Yes,No,54,Yes,Yes,Fiber optic,Yes,Yes,No,No,Yes,Yes,One year,No,Bank transfer (automatic),106.55,Yes
3148-BLQJT,Etowah,AR,72428,76,Male,No,No,No,1,Yes,No,None,No,No,No,No,No,No,Month-to-month,No,Mailed check,20.1,Yes
0461-CVKMU,Marble Falls,AR,72648,70,Female,No,Yes,No,23,Yes,No,Fiber optic,No,Yes,Yes,Yes,No,No,Month-to-month,No,Electronic check,83.8,Yes
8806-EAGWC,Casscoe,AR,72026,70,Male,No,No,No,3,Yes,No,DSL,No,No,No,No,Yes,No,Month-to-month,No,Mailed check,55.15,Yes
7779-LGOVN,North Little Rock,AR,72118,77,Male,Yes,Yes,No,10,Yes,Yes,Fiber optic,No,No,No,No,No,Yes,Month-to-month,Yes,Electronic check,86.65,Yes
9710-ZUSHQ,Clarkedale,AR,72325,71,Female,Yes,No,No,37,Yes,Yes,Fiber optic,Yes,Yes,No,No,Yes,Yes,Month-to-month,Yes,Bank transfer (automatic),106.75,Yes
4183-WCSEP,Bluff City,AR,71722,80,Male,No,No,No,31,Yes,No,Fiber optic,No,Yes,No,Yes,No,No,Month-to-month,Yes,Electronic check,78.45,Yes
5498-TXHLF,Wickes,AR,71973,75,Female,No,Yes,No,34,Yes,Yes,Fiber optic,No,No,Yes,No,Yes,No,Month-to-month,No,Electronic check,87.45,Yes
9722-UJOJR,Danville,AR,72833,72,Male,No,Yes,No,29,Yes,No,Fiber optic,No,No,No,No,No,No,Month-to-month,Yes,Electronic check,70.75,Yes
3902-FOIGH,Desha,AR,72527,68,Male,Yes,Yes,No,12,Yes,Yes,Fiber optic,No,Yes,No,No,Yes,Yes,Month-to-month,Yes,Electronic check,101.35,Yes
6772-KSATR,Moscow,AR,71659,73,Male,No,No,No,1,Yes,Yes,Fiber optic,Yes,No,No,No,No,No,Month-to-month,Yes,Electronic check,81.7,Yes
7112-OPOTK,Enola,AR,72047,79,Male,No,No,No,33,Yes,No,Fiber optic,No,No,No,No,No,No,Month-to-month,No,Electronic check,68.25,Yes
4210-QFJMF,Reyno,AR,72462,72,Female,No,No,No,4,Yes,No,Fiber optic,No,No,No,No,No,Yes,Month-to-month,Yes,Electronic check,79.15,Yes
3318-OSATS,Gilmore,AR,72339,78,Male,Yes,No,No,35,Yes,Yes,Fiber optic,No,No,No,No,Yes,Yes,Month-to-month,Yes,Electronic check,95.45,Yes
5828-AVIPD,Hampton,AR,71744,76,Male,No,Yes,No,19,Yes,Yes,Fiber optic,No,No,No,Yes,Yes,Yes,One year,Yes,Electronic check,100.95,Yes
1086-LXKFY,Mc Crory,AR,72101,77,Female,No,Yes,No,1,Yes,No,Fiber optic,No,No,No,No,No,No,Month-to-month,Yes,Mailed check,69.1,Yes
2636-ALXXZ,Eagar,AZ,85925,69,Female,Yes,No,No,1,Yes,No,Fiber optic,No,No,No,No,No,No,Month-to-month,Yes,Electronic check,69.6,Yes
7774-OJSXI,Saint Michaels,AZ,86511,71,Male,No,No,No,31,Yes,Yes,Fiber optic,No,Yes,Yes,No,Yes,Yes,One year,Yes,Electronic check,103.45,Yes
7786-WBJYI,Rimrock,AZ,86335,65,Female,No,No,No,4,Yes,Yes,Fiber optic,No,Yes,No,No,No,No,Month-to-month,No,Bank transfer (automatic),77.95,Yes
9885-CSMWE,Sun City West,AZ,85375,78,Female,Yes,No,No,1,Yes,No,Fiber optic,No,No,No,No,Yes,No,Month-to-month,No,Electronic check,78.45,Yes
5016-ETTFF,Phoenix,AZ,85023,80,Male,No,No,No,10,No,No,DSL,No,No,Yes,No,No,No,Month-to-month,No,Mailed check,29.5,Yes
3866-MDTUB,Tucson,AZ,85726,71,Female,No,No,No,2,Yes,No,DSL,Yes,No,No,No,Yes,Yes,Month-to-month,Yes,Electronic check,70.75,Yes
8058-JMEQO,Tonto Basin,AZ,85553,79,Female,Yes,No,No,9,Yes,Yes,Fiber optic,No,No,No,No,No,Yes,Month-to-month,Yes,Electronic check,84.45,Yes
0697-ZMSWS,Tacna,AZ,85352,78,Male,No,No,No,4,Yes,Yes,Fiber optic,No,No,No,No,No,Yes,Month-to-month,Yes,Electronic check,85.65,Yes
7657-DYEPJ,Winkelman,AZ,85192,80,Male,Yes,No,No,38,Yes,No,DSL,No,Yes,Yes,Yes,Yes,No,One year,Yes,Credit card (automatic),70.15,Yes
8276-MQBYC,Wickenburg,AZ,85390,67,Male,Yes,No,No,51,Yes,Yes,Fiber optic,No,No,Yes,No,Yes,Yes,Month-to-month,Yes,Electronic check,97.8,Yes
7593-XFKDI,Phoenix,AZ,85028,74,Male,No,No,No,1,Yes,No,DSL,No,No,No,No,No,No,Month-to-month,No,Mailed check,46.3,Yes
0337-CNPZE,Ganado,AZ,86505,73,Female,No,No,No,41,Yes,Yes,Fiber optic,No,Yes,Yes,No,Yes,Yes,Month-to-month,Yes,Electronic check,106.3,Yes
1513-XNPPH,Tucson,AZ,85726,75,Female,No,No,No,12,Yes,No,Fiber optic,No,No,Yes,Yes,No,Yes,Month-to-month,Yes,Electronic check,89.4,Yes
6015-VVHHE,Roosevelt,AZ,85545,80,Female,Yes,No,No,5,Yes,Yes,Fiber optic,No,No,No,No,Yes,No,Month-to-month,Yes,Credit card (automatic),83.15,Yes
6347-DCUIK,Tucson,AZ,85704,65,Male,No,No,No,10,Yes,Yes,Fiber optic,No,No,No,No,No,No,Month-to-month,Yes,Mailed check,74.15,Yes
0897-FEGMU,Miami,AZ,85539,70,Female,No,Yes,No,11,Yes,Yes,Fiber optic,No,No,Yes,No,Yes,Yes,Month-to-month,Yes,Electronic check,99.5,Yes
7663-RGWBC,Hackberry,AZ,86411,80,Male,No,No,No,1,Yes,No,DSL,No,No,No,No,No,No,Month-to-month,Yes,Mailed check,44.15,Yes
1120-BMWUB,Thatcher,AZ,85552,79,Female,No,No,No,16,Yes,No,DSL,No,Yes,No,Yes,No,No,Month-to-month,Yes,Mailed check,53.9,Yes
9124-LHCJQ,Crown King,AZ,86343,68,Female,No,No,No,1,Yes,Yes,Fiber optic,No,No,No,No,No,Yes,Month-to-month,Yes,Mailed check,85.45,Yes
2235-ZGKPT,Surprise,AZ,85379,73,Female,No,Yes,Yes,4,Yes,Yes,DSL,No,No,No,No,No,No,Month-to-month,No,Mailed check,50.85,Yes
3891-PUQOD,Prescott Valley,AZ,86314,70,Female,No,No,Yes,1,Yes,No,DSL,No,No,Yes,No,No,Yes,Month-to-month,No,Electronic check,59.2,Yes
0689-NKYLF,Glendale,AZ,85303,77,Male,No,No,No,13,Yes,No,Fiber optic,No,No,Yes,No,Yes,No,Month-to-month,Yes,Electronic check,83.2,Yes
3658-KIBGF,Arlington,AZ,85322,73,Female,No,No,No,1,Yes,No,DSL,Yes,Yes,No,No,No,No,Month-to-month,Yes,Electronic check,54.9,Yes
5519-YLDGW,Glendale,AZ,85310,74,Female,No,Yes,No,21,Yes,Yes,Fiber optic,Yes,No,Yes,No,Yes,Yes,Month-to-month,Yes,Electronic check,103.9,Yes
4946-EDSEW,Page,AZ,86040,78,Female,No,Yes,Yes,11,Yes,No,None,No,No,No,No,No,No,Month-to-month,Yes,Mailed check,19.25,Yes
2516-VQRRV,Willow Beach,AZ,86445,76,Female,Yes,No,No,2,Yes,Yes,Fiber optic,No,No,No,No,No,No,Month-to-month,Yes,Mailed check,75.45,Yes
7580-UGXNC,Glendale,AZ,85310,66,Female,Yes,No,No,2,Yes,No,DSL,Yes,Yes,No,No,No,No,Month-to-month,No,Mailed check,54.85,Yes
5178-LMXOP,Tolleson,AZ,85353,65,Male,Yes,Yes,No,1,Yes,Yes,Fiber optic,No,No,No,No,Yes,Yes,Month-to-month,Yes,Electronic check,95.1,Yes
8185-UPYBR,Tempe,AZ,85284,65,Male,No,Yes,No,6,Yes,Yes,Fiber optic,No,No,No,No,No,No,Month-to-month,Yes,Electronic check,75.5,Yes
4585-HETAI,Tacna,AZ,85352,76,Female,No,Yes,No,4,Yes,No,Fiber optic,No,No,Yes,No,No,No,Month-to-month,Yes,Electronic check,73.75,Yes
7526-BEZQB,Mohave Valley,AZ,86440,74,Male,No,No,No,12,Yes,Yes,Fiber optic,No,No,No,No,Yes,Yes,Month-to-month,Yes,Electronic check,96.05,Yes
4951-UKAAQ,Sasabe,AZ,85633,76,Female,No,No,No,4,Yes,Yes,Fiber optic,No,Yes,No,No,No,Yes,Month-to-month,Yes,Electronic check,88.95,Yes
2108-YKQTY,Young,AZ,85554,79,Female,No,No,No,4,Yes,No,DSL,No,Yes,No,No,No,No,Month-to-month,No,Credit card (automatic),50.7,Yes
4918-QLLIW,Peoria,AZ,85345,79,Male,No,No,No,3,Yes,No,DSL,No,No,No,No,Yes,No,Month-to-month,No,Credit card (automatic),53.4,Yes
7056-IMHCC,Tucson,AZ,85757,76,Male,Yes,Yes,No,53,Yes,Yes,Fiber optic,No,Yes,No,No,Yes,Yes,Month-to-month,Yes,Electronic check,101.9,Yes
1625-JAIIY,Cameron,AZ,86020,73,Female,No,Yes,No,68,Yes,Yes,Fiber optic,No,No,No,No,Yes,No,One year,Yes,Electronic check,83,Yes
2947-DOMLJ,Tombstone,AZ,85638,79,Male,No,No,Yes,1,Yes,No,DSL,Yes,No,No,No,No,No,Month-to-month,No,Mailed check,50.6,Yes
4112-LUEIZ,Flagstaff,AZ,86001,80,Male,No,No,No,10,Yes,No,Fiber optic,No,No,No,No,Yes,Yes,Month-to-month,Yes,Electronic check,89.5,Yes
4510-HIMLV,New River,AZ,85087,74,Male,No,No,No,1,Yes,No,Fiber optic,No,No,No,No,No,No,Month-to-month,Yes,Electronic check,69.8,Yes
8749-JMNKX,Flagstaff,AZ,86004,68,Male,Yes,Yes,No,51,Yes,Yes,Fiber optic,Yes,No,Yes,No,Yes,No,Month-to-month,Yes,Bank transfer (automatic),93.8,Yes
2430-USGXP,Phoenix,AZ,85027,70,Male,No,Yes,No,24,Yes,Yes,Fiber optic,No,No,Yes,No,Yes,Yes,Month-to-month,Yes,Electronic check,101.05,Yes
5955-ERIHD,Oatman,AZ,86433,70,Male,No,Yes,No,18,Yes,Yes,Fiber optic,No,No,No,No,Yes,Yes,Month-to-month,Yes,Electronic check,94.7,Yes
0917-EZOLA,Gilbert,AZ,85295,71,Male,Yes,Yes,No,72,Yes,Yes,Fiber optic,No,Yes,Yes,No,Yes,Yes,Two year,Yes,Bank transfer (automatic),104.15,Yes
5949-EBSQK,Phoenix,AZ,85043,80,Male,No,Yes,Yes,4,Yes,No,DSL,No,No,No,Yes,No,Yes,Month-to-month,No,Credit card (automatic),61.45,Yes
7274-RTAPZ,Cornville,AZ,86325,80,Male,No,No,No,1,Yes,No,Fiber optic,No,No,No,No,Yes,Yes,Month-to-month,Yes,Electronic check,90.55,Yes
0311-UNPFF,Second Mesa,AZ,86043,80,Female,No,No,No,26,Yes,No,Fiber optic,No,No,No,No,Yes,Yes,Month-to-month,Yes,Bank transfer (automatic),88.8,Yes
3834-XUIFC,Phoenix,AZ,85041,73,Male,No,No,No,7,Yes,Yes,Fiber optic,No,No,No,No,No,Yes,Month-to-month,Yes,Mailed check,85.2,Yes
8414-MYSHR,Temple Bar Marina,AZ,86443,72,Male,Yes,No,No,5,Yes,No,Fiber optic,No,No,No,No,Yes,Yes,Month-to-month,Yes,Electronic check,91.4,Yes
7599-FKVXZ,Tuba City,AZ,86045,74,Male,No,Yes,No,42,Yes,Yes,Fiber optic,No,No,Yes,Yes,Yes,Yes,Month-to-month,Yes,Bank transfer (automatic),106.15,Yes
8229-TNIQA,Hayden,AZ,85135,69,Female,No,No,No,4,Yes,No,DSL,No,No,No,No,No,No,Month-to-month,Yes,Mailed check,45.3,Yes
6221-AVQYL,Chandler,AZ,85286,65,Male,No,No,No,2,Yes,Yes,Fiber optic,No,No,No,No,No,No,Month-to-month,Yes,Credit card (automatic),73.25,Yes
7743-EXURX,Phoenix,AZ,85003,73,Male,No,Yes,Yes,8,Yes,No,DSL,No,No,Yes,No,No,No,Month-to-month,Yes,Electronic check,51.05,Yes
5569-KGJHX,Glendale,AZ,85301,66,Female,No,Yes,No,9,Yes,Yes,Fiber optic,No,No,No,No,Yes,No,Month-to-month,Yes,Bank transfer (automatic),85.35,Yes
4988-IQIGL,Tucson,AZ,85706,68,Male,Yes,No,No,1,Yes,Yes,Fiber optic,No,No,No,No,No,No,Month-to-month,Yes,Electronic check,75.35,Yes
7730-IUTDZ,Carefree,AZ,85377,75,Male,No,No,No,43,Yes,No,Fiber optic,Yes,No,No,No,No,No,Month-to-month,Yes,Electronic check,75.2,Yes
0426-TIRNE,Tucson,AZ,85755,72,Female,No,No,No,1,Yes,No,None,No,No,No,No,No,No,Month-to-month,No,Mailed check,20.9,Yes
7587-RZNME,Maricopa,AZ,85139,69,Male,No,No,No,3,Yes,No,DSL,No,No,No,No,No,No,Month-to-month,Yes,Electronic check,43.3,Yes
0748-RDGGM,Picacho,AZ,85141,67,Male,No,Yes,No,70,Yes,No,Fiber optic,Yes,Yes,Yes,Yes,Yes,Yes,One year,Yes,Bank transfer (automatic),109.5,Yes
4706-AXVKM,Pine,AZ,85544,68,Female,Yes,No,No,11,Yes,Yes,Fiber optic,No,No,No,No,No,Yes,Month-to-month,Yes,Credit card (automatic),84.8,Yes
5889-JTMUL,Paulden,AZ,86334,66,Female,Yes,Yes,No,50,Yes,Yes,Fiber optic,No,Yes,Yes,No,Yes,No,Month-to-month,Yes,Electronic check,95.05,Yes
9026-RNUJS,Tucson,AZ,85742,79,Male,Yes,No,No,5,Yes,No,DSL,No,No,Yes,No,No,No,Month-to-month,No,Electronic check,50.35,Yes
3746-EUBYR,Tumacacori,AZ,85640,67,Male,No,Yes,No,1,Yes,Yes,Fiber optic,No,No,No,No,No,No,Month-to-month,Yes,Bank transfer (automatic),74.6,Yes
2332-EFBJY,Nogales,AZ,85621,77,Male,No,No,No,16,Yes,No,None,No,No,No,No,No,No,Month-to-month,Yes,Mailed check,19.7,Yes
9474-PHLYD,Tubac,AZ,85646,80,Female,No,No,No,15,Yes,No,DSL,No,No,Yes,No,No,Yes,Month-to-month,Yes,Electronic check,59.45,Yes
2165-VOEGB,Bapchule,AZ,85121,68,Female,No,No,No,46,Yes,No,Fiber optic,Yes,Yes,No,Yes,Yes,Yes,One year,Yes,Bank transfer (automatic),105.2,Yes
2219-MVUSO,Phoenix,AZ,85022,80,Male,No,No,No,8,Yes,No,DSL,No,No,No,No,No,No,Month-to-month,Yes,Mailed check,45.15,Yes
8914-RBTSB,Scottsdale,AZ,85254,77,Male,No,Yes,No,31,Yes,Yes,Fiber optic,No,Yes,Yes,No,Yes,No,Month-to-month,No,Electronic check,93.8,Yes
0963-ZBDRN,Pinedale,AZ,85934,75,Male,No,No,No,32,Yes,No,Fiber optic,No,No,No,Yes,Yes,Yes,Month-to-month,Yes,Electronic check,96.2,Yes
7594-RQHXR,Gilbert,AZ,85234,73,Female,No,No,No,1,Yes,No,Fiber optic,No,No,No,No,No,Yes,Month-to-month,Yes,Electronic check,79.6,Yes
6331-EWIEB,Yarnell,AZ,85362,67,Male,No,No,No,20,Yes,Yes,Fiber optic,No,No,No,No,Yes,No,Month-to-month,Yes,Electronic check,85.25,Yes
5998-VVEJY,Chino Valley,AZ,86323,73,Male,No,No,No,26,Yes,Yes,Fiber optic,No,No,No,Yes,No,No,Month-to-month,Yes,Electronic check,80.5,Yes
1624-NALOJ,Alpine,AZ,85920,65,Male,Yes,No,No,5,Yes,Yes,Fiber optic,No,Yes,No,No,No,Yes,Month-to-month,Yes,Electronic check,89.8,Yes
4317-VTEOA,Green Valley,AZ,85622,65,Male,No,No,No,1,Yes,No,DSL,No,Yes,No,No,No,No,Month-to-month,Yes,Electronic check,50.75,Yes
1670-SVOWZ,Glendale,AZ,85302,72,Female,No,Yes,No,14,Yes,No,Fiber optic,No,Yes,No,Yes,No,Yes,Month-to-month,Yes,Credit card (automatic),89.65,Yes
7541-YLXCL,Tucson,AZ,85712,78,Male,No,No,No,36,Yes,No,DSL,No,Yes,No,Yes,No,Yes,One year,Yes,Mailed check,65.4,Yes
0260-ZDLGK,Nogales,AZ,85621,72,Female,No,No,Yes,9,Yes,No,DSL,No,No,Yes,Yes,Yes,Yes,Month-to-month,Yes,Mailed check,72.9,Yes
8722-NGNBH,Aguila,AZ,85320,70,Male,No,No,No,5,No,No,DSL,Yes,No,Yes,Yes,No,No,Month-to-month,No,Mailed check,40,Yes
6210-KBBPI,Salome,AZ,85348,77,Male,Yes,No,No,9,Yes,Yes,Fiber optic,No,Yes,No,No,Yes,Yes,Month-to-month,Yes,Credit card (automatic),99.45,Yes
0133-BMFZO,Phoenix,AZ,85023,65,Female,No,No,No,2,Yes,No,Fiber optic,Yes,Yes,No,Yes,No,No,Month-to-month,Yes,Electronic check,86.25,Yes
6128-CZOMY,Kaibeto,AZ,86053,79,Female,No,No,No,1,Yes,No,DSL,No,No,No,No,No,No,Month-to-month,Yes,Electronic check,45.65,Yes
9540-JYROE,Wellton,AZ,85356,71,Male,No,No,No,8,Yes,No,Fiber optic,No,No,No,No,No,No,Month-to-month,Yes,Mailed check,70.1,Yes
2260-USTRB,Phoenix,AZ,85031,70,Female,Yes,No,No,2,Yes,No,Fiber optic,No,No,No,No,No,No,Month-to-month,Yes,Bank transfer (automatic),70.2,Yes
3656-TKRVZ,Rock Point,AZ,86545,73,Female,No,No,No,3,Yes,No,DSL,Yes,Yes,No,No,No,No,Month-to-month,No,Electronic check,55.35,Yes
8623-TMRBY,Tucson,AZ,85749,65,Male,Yes,Yes,No,51,Yes,Yes,Fiber optic,No,Yes,Yes,No,No,No,Month-to-month,Yes,Electronic check,84.2,Yes
1501-SGHBW,Shonto,AZ,86054,79,Male,No,No,No,2,Yes,No,DSL,No,No,No,No,No,No,Month-to-month,No,Mailed check,45.85,Yes
3208-YPIOE,Elgin,AZ,85611,69,Male,No,No,No,39,Yes,Yes,Fiber optic,No,No,No,No,No,No,Month-to-month,No,Electronic check,75.25,Yes
2612-RANWT,Flagstaff,AZ,86001,66,Female,No,No,No,12,Yes,Yes,Fiber optic,No,No,Yes,No,Yes,Yes,Month-to-month,Yes,Bank transfer (automatic),100.15,Yes
6900-PXRMS,Keams Canyon,AZ,86034,76,Male,Yes,Yes,No,26,Yes,Yes,Fiber optic,No,Yes,Yes,No,Yes,Yes,Month-to-month,No,Electronic check,105.75,Yes
3346-BRMIS,Littlefield,AZ,86432,78,Female,Yes,Yes,No,18,No,No,DSL,No,No,Yes,No,Yes,Yes,Month-to-month,Yes,Electronic check,48.35,Yes
2933-FILNV,Globe,AZ,85501,73,Female,No,Yes,Yes,2,No,No,DSL,No,No,No,No,No,No,Month-to-month,Yes,Mailed check,24.4,Yes
9986-BONCE,San Luis,AZ,85349,65,Female,No,No,No,4,Yes,No,None,No,No,No,No,No,No,Month-to-month,No,Bank transfer (automatic),20.95,Yes
2722-JMONI,Topock,AZ,86436,75,Female,Yes,Yes,No,1,Yes,No,DSL,Yes,No,No,No,No,No,Month-to-month,Yes,Electronic check,49.55,Yes
4083-EUGRJ,Pinetop,AZ,85935,68,Male,No,No,No,9,Yes,No,None,No,No,No,No,No,No,Month-to-month,No,Mailed check,20.25,Yes
7579-OOPEC,Flagstaff,AZ,86011,79,Female,Yes,Yes,No,2,Yes,No,DSL,No,Yes,No,No,No,No,Month-to-month,No,Credit card (automatic),50.15,Yes
1771-OADNZ,Saint Johns,AZ,85936,66,Male,Yes,Yes,No,29,Yes,Yes,Fiber optic,No,Yes,Yes,No,No,Yes,Month-to-month,Yes,Electronic check,95.9,Yes
0612-RTZZA,Sasabe,AZ,85633,73,Female,Yes,No,No,1,No,No,DSL,No,No,No,No,No,No,Month-to-month,No,Electronic check,25.25,Yes
6410-LEFEN,Safford,AZ,85546,80,Female,No,No,No,9,Yes,No,DSL,No,No,No,No,No,No,Month-to-month,No,Electronic check,45.15,Yes
3194-ORPIK,Tucson,AZ,85756,65,Female,No,Yes,No,50,Yes,Yes,Fiber optic,No,No,No,No,Yes,No,Month-to-month,Yes,Bank transfer (automatic),84.4,Yes
8816-VXNZD,Gold Canyon,AZ,85118,73,Female,No,No,No,1,Yes,Yes,Fiber optic,No,No,No,No,No,No,Month-to-month,Yes,Electronic check,75.1,Yes
9378-FXTIZ,Avondale,AZ,85323,73,Female,No,Yes,No,54,Yes,Yes,DSL,No,No,No,No,Yes,Yes,One year,Yes,Credit card (automatic),70.15,Yes
1723-HKXJQ,Phoenix,AZ,85053,70,Male,No,No,No,42,Yes,Yes,Fiber optic,No,Yes,No,No,Yes,Yes,Month-to-month,Yes,Electronic check,101.75,Yes
7825-GKXMW,Tucson,AZ,85736,67,Female,No,No,No,1,Yes,No,DSL,No,No,No,No,No,No,Month-to-month,No,Electronic check,45.8,Yes
1240-KNSEZ,Sanders,AZ,86512,75,Male,No,No,No,1,Yes,No,None,No,No,No,No,No,No,Month-to-month,Yes,Mailed check,20.1,Yes
0836-SEYLU,New River,AZ,85087,65,Male,No,Yes,No,9,No,No,DSL,No,No,No,Yes,Yes,No,Month-to-month,No,Mailed check,40.65,Yes
4433-JCGCG,Tucson,AZ,85748,78,Male,Yes,Yes,No,46,Yes,Yes,Fiber optic,No,No,Yes,No,Yes,Yes,Month-to-month,Yes,Electronic check,101,Yes
3716-BDVDB,Valentine,AZ,86437,79,Male,No,No,No,1,Yes,No,Fiber optic,No,No,No,No,No,No,Month-to-month,Yes,Electronic check,69.1,Yes
5899-MQZZL,Palo Verde,AZ,85343,69,Female,No,No,No,13,Yes,Yes,Fiber optic,No,No,No,No,No,No,Month-to-month,Yes,Mailed check,75,Yes
6849-OYAMU,Phoenix,AZ,85086,72,Male,No,Yes,No,19,Yes,No,Fiber optic,No,Yes,No,Yes,Yes,Yes,One year,No,Bank transfer (automatic),100,Yes
9488-HGMJH,Nutrioso,AZ,85932,69,Female,Yes,No,No,1,Yes,No,Fiber optic,No,No,No,No,No,No,Month-to-month,Yes,Electronic check,71.15,Yes
6038-GCYEC,Sacaton,AZ,85147,77,Female,No,No,No,24,No,No,DSL,No,Yes,Yes,No,Yes,Yes,Month-to-month,Yes,Credit card (automatic),54.15,Yes
1150-WFARN,Sells,AZ,85634,65,Female,No,Yes,No,67,Yes,Yes,Fiber optic,Yes,No,Yes,Yes,Yes,Yes,Two year,Yes,Credit card (automatic),108.75,Yes
3144-AUDBS,Apache Junction,AZ,85120,68,Female,No,Yes,No,6,Yes,No,DSL,No,No,No,Yes,No,No,Month-to-month,Yes,Electronic check,49.15,Yes
5616-PRTNT,Rand,CO,80473,65,Male,No,No,Yes,20,Yes,No,None,No,No,No,No,No,No,Month-to-month,Yes,Electronic check,19.4,Yes
4818-QIUFN,Craig,CO,81625,68,Female,Yes,No,No,20,Yes,Yes,Fiber optic,Yes,No,No,No,No,No,Month-to-month,Yes,Electronic check,79.15,Yes
6961-VCPMC,Pitkin,CO,81241,79,Male,Yes,Yes,No,46,Yes,No,Fiber optic,No,No,No,No,No,Yes,Month-to-month,Yes,Electronic check,80.4,Yes
6688-UZPWD,Ault,CO,80610,65,Female,No,Yes,No,11,Yes,Yes,Fiber optic,No,Yes,No,No,Yes,Yes,Month-to-month,Yes,Electronic check,102,Yes
2839-RFSQE,Crawford,CO,81415,77,Female,No,No,No,2,Yes,No,None,No,No,No,No,No,No,Month-to-month,No,Mailed check,20.65,Yes
0968-GSIKN,Boulder,CO,80305,77,Female,No,No,No,1,Yes,No,Fiber optic,No,No,No,No,No,No,Month-to-month,Yes,Mailed check,70.8,Yes
1965-DDBWU,Paoli,CO,80746,69,Male,No,No,No,16,Yes,Yes,Fiber optic,No,No,No,Yes,No,Yes,Month-to-month,Yes,Credit card (automatic),89.05,Yes
9057-SIHCH,Broomfield,CO,80021,79,Female,No,No,No,3,Yes,Yes,Fiber optic,No,No,No,No,Yes,Yes,Month-to-month,Yes,Electronic check,96.6,Yes
6771-XWBDM,Boulder,CO,80310,73,Female,No,Yes,No,57,Yes,Yes,Fiber optic,No,Yes,Yes,No,Yes,Yes,Month-to-month,Yes,Credit card (automatic),104.5,Yes
8601-QACRS,Olathe,CO,81425,70,Female,No,No,No,5,Yes,Yes,DSL,No,No,No,No,No,No,Month-to-month,Yes,Mailed check,50.6,Yes
2391-SOORI,Telluride,CO,81435,71,Male,No,No,Yes,4,Yes,No,DSL,Yes,No,No,No,No,No,Month-to-month,No,Electronic check,49.35,Yes
2645-QTLMB,Colorado Springs,CO,80926,78,Male,No,No,No,7,Yes,No,Fiber optic,No,Yes,No,No,Yes,Yes,Month-to-month,Yes,Electronic check,94.25,Yes
4806-HIPDW,Westcliffe,CO,81252,73,Female,No,Yes,No,1,Yes,No,Fiber optic,No,No,No,No,No,No,Month-to-month,Yes,Electronic check,68.95,Yes
4424-TKOPW,Colorado Springs,CO,80904,75,Male,Yes,No,No,2,Yes,Yes,Fiber optic,No,No,No,No,Yes,Yes,Month-to-month,Yes,Electronic check,93.85,Yes
8443-ZRDBZ,Gunnison,CO,81230,78,Male,No,No,No,4,Yes,Yes,Fiber optic,No,No,No,No,No,No,Month-to-month,Yes,Electronic check,76.05,Yes
9136-ALYBR,Colorado Springs,CO,80910,67,Male,No,No,No,1,No,No,DSL,No,No,No,No,No,No,Month-to-month,Yes,Mailed check,24.45,Yes
7479-NITWS,Clark,CO,80428,66,Male,No,No,No,7,Yes,Yes,Fiber optic,No,No,Yes,No,Yes,No,Month-to-month,Yes,Credit card (automatic),89.35,Yes
2959-MJHIC,Denver,CO,80209,71,Male,No,Yes,No,4,Yes,No,Fiber optic,No,No,No,No,Yes,No,Month-to-month,Yes,Electronic check,80.35,Yes
4201-JMNGR,Kittredge,CO,80457,74,Female,Yes,No,No,1,Yes,No,DSL,Yes,No,Yes,No,No,No,Month-to-month,Yes,Electronic check,55.8,Yes
5960-WPXQM,Avon,CO,81620,71,Male,No,No,No,1,Yes,No,Fiber optic,No,No,No,No,Yes,No,Month-to-month,Yes,Electronic check,79.05,Yes
0684-AOSIH,Bayfield,CO,81122,69,Male,No,Yes,No,1,Yes,No,Fiber optic,Yes,No,No,No,Yes,Yes,Month-to-month,Yes,Electronic check,95,Yes
8260-NGFNY,Littleton,CO,80122,76,Female,No,No,No,1,No,No,DSL,No,No,No,No,No,No,Month-to-month,No,Mailed check,25.2,Yes
1866-RZZQS,Colorado Springs,CO,80951,78,Male,Yes,No,No,41,Yes,Yes,Fiber optic,No,No,Yes,No,Yes,Yes,Month-to-month,Yes,Electronic check,98.4,Yes
8631-NBHFZ,Englewood,CO,80113,77,Male,Yes,Yes,No,66,Yes,Yes,DSL,Yes,Yes,Yes,Yes,Yes,No,Two year,No,Credit card (automatic),79.4,Yes
4958-XCBDQ,Arboles,CO,81121,72,Male,Yes,No,No,35,Yes,Yes,Fiber optic,No,No,Yes,No,Yes,Yes,Month-to-month,Yes,Electronic check,101.4,Yes
8337-UPOAQ,Oak Creek,CO,80467,76,Male,Yes,Yes,No,10,Yes,Yes,Fiber optic,No,No,Yes,No,No,Yes,Month-to-month,Yes,Electronic check,89.8,Yes
1725-IQNIY,Denver,CO,80246,71,Male,No,Yes,No,54,Yes,No,Fiber optic,Yes,Yes,Yes,Yes,Yes,Yes,Two year,No,Bank transfer (automatic),109.75,Yes
6598-RFFVI,Cimarron,CO,81220,79,Male,No,No,No,2,Yes,No,None,No,No,No,No,No,No,One year,No,Credit card (automatic),19.3,Yes
6712-OAWRH,Victor,CO,80860,72,Female,Yes,No,No,26,Yes,No,Fiber optic,No,No,No,No,Yes,Yes,Month-to-month,Yes,Electronic check,91.25,Yes
8614-VGMMV,Tabernash,CO,80478,77,Female,No,No,No,15,Yes,Yes,DSL,No,No,No,No,No,No,Month-to-month,Yes,Electronic check,49.1,Yes
2930-UOTMB,Oak Creek,CO,80467,65,Female,No,No,No,31,Yes,Yes,DSL,Yes,No,Yes,Yes,No,No,Month-to-month,No,Credit card (automatic),65.25,Yes
5914-DVBWJ,Monarch,CO,81227,72,Female,Yes,No,No,18,Yes,Yes,Fiber optic,No,Yes,No,Yes,No,No,Month-to-month,Yes,Electronic check,85.45,Yes
2533-QVMSK,Estes Park,CO,80517,65,Male,No,Yes,No,61,Yes,Yes,Fiber optic,No,Yes,No,Yes,Yes,No,Two year,Yes,Electronic check,94.1,Yes
8644-XLFBW,Weston,CO,81091,65,Male,Yes,No,No,1,Yes,No,Fiber optic,No,No,No,No,No,No,Month-to-month,Yes,Electronic check,71.65,Yes
8625-AZYZY,Colorado Springs,CO,80923,68,Male,No,Yes,No,24,Yes,Yes,Fiber optic,No,Yes,Yes,No,Yes,Yes,Month-to-month,Yes,Electronic check,104.65,Yes
9306-CPCBC,Glade Park,CO,81523,76,Female,No,No,No,3,Yes,Yes,Fiber optic,No,No,No,No,No,No,Month-to-month,Yes,Electronic check,74.25,Yes
1833-VGRUM,Indian Hills,CO,80454,70,Female,Yes,No,No,1,Yes,Yes,Fiber optic,No,No,No,No,No,No,Month-to-month,Yes,Electronic check,74.2,Yes
8374-XGEJJ,Hartsel,CO,80449,73,Male,Yes,Yes,No,43,Yes,Yes,Fiber optic,No,Yes,No,No,Yes,Yes,Month-to-month,Yes,Electronic check,101,Yes
2656-TABEH,Longmont,CO,80504,77,Male,No,Yes,No,4,Yes,Yes,Fiber optic,No,Yes,No,No,Yes,Yes,Month-to-month,Yes,Electronic check,100.2,Yes
6946-LMSQS,Redvale,CO,81431,74,Male,Yes,Yes,No,25,Yes,Yes,Fiber optic,Yes,No,No,No,No,Yes,One year,Yes,Electronic check,89.05,Yes
2325-ZUSFD,Anton,CO,80801,79,Female,No,Yes,No,57,Yes,No,DSL,Yes,No,No,No,Yes,Yes,One year,Yes,Bank transfer (automatic),70.1,Yes
3932-CMDTD,Longmont,CO,80503,69,Female,No,No,No,4,Yes,No,Fiber optic,No,Yes,Yes,Yes,Yes,Yes,One year,Yes,Electronic check,105.65,Yes
4039-HEUNW,Wellington,CO,80549,80,Male,Yes,Yes,No,36,Yes,Yes,Fiber optic,No,Yes,No,No,Yes,Yes,Month-to-month,Yes,Electronic check,96.5,Yes
0812-WUPTB,Nederland,CO,80466,77,Male,Yes,Yes,No,1,Yes,No,Fiber optic,No,No,No,No,No,No,Month-to-month,No,Mailed check,70.85,Yes
3594-UVONA,Manzanola,CO,81058,67,Female,No,No,No,35,Yes,Yes,DSL,Yes,No,Yes,Yes,Yes,Yes,One year,Yes,Credit card (automatic),85.95,Yes
0004-TLHLJ,Denver,CO,80205,79,Male,No,No,No,4,Yes,No,Fiber optic,No,No,Yes,No,No,No,Month-to-month,Yes,Electronic check,73.9,Yes
5089-IFSDP,Parshall,CO,80468,66,Female,No,Yes,No,58,Yes,Yes,Fiber optic,Yes,Yes,Yes,No,Yes,Yes,Two year,Yes,Bank transfer (automatic),109.45,Yes
4817-VYYWS,Aurora,CO,80017,72,Female,No,No,No,30,Yes,Yes,Fiber optic,No,Yes,No,No,Yes,Yes,Month-to-month,Yes,Electronic check,100.2,Yes
1396-QWFBJ,Hugo,CO,80821,75,Female,No,Yes,No,21,Yes,No,Fiber optic,No,Yes,No,No,No,No,Month-to-month,Yes,Bank transfer (automatic),74.05,Yes
5299-SJCZT,Fountain,CO,80817,65,Male,No,No,No,3,Yes,Yes,Fiber optic,No,No,Yes,No,Yes,Yes,Month-to-month,Yes,Bank transfer (automatic),101.55,Yes
2403-BCASL,Edwards,CO,81632,71,Male,Yes,Yes,No,41,Yes,Yes,Fiber optic,No,Yes,Yes,Yes,Yes,Yes,One year,Yes,Electronic check,111.95,Yes
2898-LSJGD,Aurora,CO,80017,70,Female,No,Yes,No,21,No,No,DSL,Yes,No,Yes,No,Yes,Yes,One year,Yes,Electronic check,55.95,Yes
7359-PTSXY,Ovid,CO,80744,79,Male,No,No,No,1,Yes,No,DSL,No,No,No,No,No,No,Month-to-month,No,Electronic check,45.75,Yes
4503-BDXBD,Glenwood Springs,CO,81601,79,Male,No,No,No,11,Yes,No,Fiber optic,No,Yes,No,No,No,No,Month-to-month,No,Electronic check,74.95,Yes
6086-ESGRL,Parshall,CO,80468,66,Female,No,No,No,1,Yes,No,Fiber optic,No,No,No,No,No,Yes,Month-to-month,No,Credit card (automatic),80.15,Yes
3886-CERTZ,Florence,CO,81226,75,Female,No,Yes,No,72,Yes,Yes,Fiber optic,No,Yes,Yes,Yes,Yes,Yes,One year,Yes,Electronic check,109.25,Yes
5759-RCVCB,Moffat,CO,81143,77,Female,No,No,No,3,No,No,DSL,No,No,No,No,Yes,No,Month-to-month,No,Credit card (automatic),35.2,Yes
6372-RFVNS,Cedaredge,CO,81413,66,Female,No,Yes,No,1,Yes,No,Fiber optic,No,No,No,No,Yes,No,Month-to-month,No,Electronic check,78.8,Yes
8938-UMKPI,Cahone,CO,81320,66,Female,No,No,No,47,Yes,Yes,Fiber optic,No,Yes,Yes,No,Yes,Yes,Month-to-month,Yes,Electronic check,106.4,Yes
0991-BRRFB,Englewood,CO,80113,71,Male,No,No,No,18,Yes,No,DSL,Yes,No,No,No,No,No,Month-to-month,No,Electronic check,49.4,Yes
3871-IKPYH,Agate,CO,80101,65,Male,Yes,No,No,1,Yes,No,Fiber optic,No,No,No,No,No,No,Month-to-month,No,Electronic check,69.1,Yes
6319-IEJWJ,Kittredge,CO,80457,65,Male,No,Yes,No,20,Yes,No,Fiber optic,No,No,No,No,Yes,Yes,Month-to-month,Yes,Electronic check,90.2,Yes
9025-AOMKI,Nathrop,CO,81236,80,Female,No,No,No,6,Yes,Yes,Fiber optic,No,No,No,No,Yes,Yes,Month-to-month,Yes,Bank transfer (automatic),93.55,Yes
5275-SQEIZ,Colorado Springs,CO,80921,76,Male,No,No,No,1,Yes,No,Fiber optic,No,No,No,No,No,Yes,Month-to-month,Yes,Mailed check,80.85,Yes
7716-YTYHG,Denver,CO,80235,74,Female,No,Yes,No,48,Yes,Yes,Fiber optic,No,No,No,No,No,Yes,One year,Yes,Mailed check,82.05,Yes
4390-KYULV,Weldona,CO,80653,74,Male,No,Yes,No,3,Yes,No,None,No,No,No,No,No,No,Month-to-month,Yes,Credit card (automatic),20.55,Yes
1304-NECVQ,Hartman,CO,81043,65,Female,Yes,No,No,2,Yes,Yes,Fiber optic,No,No,Yes,No,No,No,Month-to-month,Yes,Electronic check,78.55,Yes
8945-GRKHX,Arvada,CO,80004,80,Female,No,No,No,1,Yes,No,Fiber optic,No,No,No,No,No,Yes,Month-to-month,No,Electronic check,78.65,Yes
6959-UWKHF,Pueblo,CO,81003,75,Male,No,No,No,1,Yes,No,DSL,No,No,No,No,No,No,Month-to-month,Yes,Electronic check,42.9,Yes
3815-SLMEF,Greeley,CO,80631,70,Female,No,No,No,3,No,No,DSL,Yes,No,No,Yes,No,No,Month-to-month,No,Mailed check,34.25,Yes
5154-VEKBL,Craig,CO,81625,68,Female,No,No,No,9,No,No,DSL,Yes,No,Yes,Yes,Yes,Yes,Month-to-month,No,Mailed check,58.5,Yes
5655-JSMZM,Palmer Lake,CO,80133,76,Male,Yes,No,No,49,Yes,Yes,Fiber optic,No,No,No,No,Yes,Yes,Month-to-month,Yes,Electronic check,96.2,Yes
4505-EXZHB,Mack,CO,81525,70,Female,Yes,No,No,6,Yes,No,Fiber optic,No,No,Yes,No,No,No,Month-to-month,No,Electronic check,74.4,Yes
4587-VVTOX,Eldorado Springs,CO,80025,75,Female,No,Yes,No,6,Yes,Yes,Fiber optic,No,Yes,Yes,No,Yes,Yes,Month-to-month,Yes,Electronic check,105.3,Yes
4652-NNHNY,Fort Morgan,CO,80701,69,Male,No,Yes,No,16,Yes,Yes,Fiber optic,No,No,No,No,No,No,Month-to-month,Yes,Bank transfer (automatic),73.85,Yes
8972-HJWNV,Burns,CO,80426,80,Female,Yes,Yes,No,7,Yes,Yes,Fiber optic,No,No,No,No,No,Yes,Month-to-month,Yes,Electronic check,84.55,Yes
8515-OCTJS,Palisade,CO,81526,72,Female,No,No,No,25,Yes,Yes,None,No,No,No,No,No,No,Two year,No,Credit card (automatic),24.75,Yes
2860-RANUS,Grand Junction,CO,81503,79,Female,Yes,No,No,20,Yes,Yes,Fiber optic,No,No,No,No,No,Yes,Month-to-month,Yes,Credit card (automatic),85.8,Yes
5261-QSHQM,Broomfield,CO,80020,66,Female,No,No,No,4,No,No,DSL,No,No,No,No,No,No,Month-to-month,Yes,Electronic check,24.45,Yes
8868-WOZGU,Hillside,CO,81232,70,Male,No,No,No,28,Yes,Yes,Fiber optic,No,Yes,Yes,No,Yes,Yes,Month-to-month,Yes,Electronic check,105.7,Yes
1334-FJSVR,Holly,CO,81047,68,Male,No,No,No,1,No,No,DSL,No,No,No,No,No,No,Month-to-month,Yes,Electronic check,24.25,Yes
7625-XCQRH,Whitewater,CO,81527,77,Female,No,No,No,11,Yes,Yes,Fiber optic,No,No,No,No,No,No,Month-to-month,Yes,Electronic check,76.5,Yes
1731-TVIUK,Howard,CO,81233,80,Female,No,No,No,4,Yes,Yes,Fiber optic,No,Yes,No,Yes,No,Yes,Month-to-month,Yes,Electronic check,93.5,Yes
0406-BPDVR,Lyons,CO,80540,75,Female,Yes,Yes,No,54,Yes,Yes,Fiber optic,No,Yes,No,No,Yes,Yes,One year,Yes,Credit card (automatic),101.5,Yes
0618-XWMSS,Denver,CO,80205,69,Male,No,No,No,28,Yes,No,Fiber optic,Yes,No,No,No,No,No,Month-to-month,Yes,Bank transfer (automatic),74.9,Yes
5276-KQWHG,Littleton,CO,80128,69,Female,Yes,No,No,2,Yes,No,Fiber optic,No,No,No,No,No,No,Month-to-month,Yes,Electronic check,69.6,Yes
2565-JSLRY,Castle Rock,CO,80108,72,Male,No,No,No,1,Yes,Yes,None,No,No,No,No,No,No,Month-to-month,Yes,Mailed check,24.05,Yes
6689-KXGBO,Cripple Creek,CO,80813,67,Female,No,No,No,1,Yes,No,DSL,No,Yes,No,No,No,No,Month-to-month,No,Electronic check,50.55,Yes
6615-NGGZJ,Haswell,CO,81045,69,Male,No,No,No,14,Yes,Yes,Fiber optic,No,Yes,No,No,Yes,Yes,Month-to-month,Yes,Electronic check,100.55,Yes
4255-DDUOU,Green Mountain Falls,CO,80819,66,Female,No,Yes,Yes,1,Yes,No,None,No,No,No,No,No,No,Month-to-month,Yes,Mailed check,20.5,Yes
2984-MIIZL,Hudson,CO,80642,70,Male,No,No,No,4,Yes,No,Fiber optic,No,No,Yes,No,No,No,Month-to-month,Yes,Bank transfer (automatic),74.8,Yes
5590-YRFJT,Colorado Springs,CO,80914,77,Female,No,Yes,No,20,No,No,DSL,No,No,No,No,No,No,Month-to-month,Yes,Electronic check,24.45,Yes
3677-TNKIO,Grand Junction,CO,81507,71,Female,No,No,No,14,Yes,No,Fiber optic,No,No,No,No,No,No,Month-to-month,Yes,Credit card (automatic),71,Yes
9667-EQRXU,Green Mountain Falls,CO,80819,70,Female,Yes,No,No,30,No,No,DSL,No,No,Yes,No,Yes,No,Month-to-month,Yes,Electronic check,40.3,Yes
3329-WDIOK,Dove Creek,CO,81324,77,Female,No,No,No,3,No,No,DSL,No,Yes,No,No,Yes,Yes,Month-to-month,Yes,Electronic check,50.6,Yes
2873-ZLIWT,Platteville,CO,80651,69,Female,No,Yes,No,40,Yes,Yes,Fiber optic,No,No,Yes,Yes,No,No,Month-to-month,Yes,Electronic check,84.85,Yes
3415-TAILE,Denver,CO,80220,75,Female,No,Yes,Yes,2,Yes,No,DSL,No,No,No,No,Yes,Yes,Month-to-month,No,Mailed check,65.7,Yes
1915-IOFGU,Cheyenne Wells,CO,80810,78,Female,No,No,No,1,Yes,No,Fiber optic,No,No,No,No,No,No,Month-to-month,No,Electronic check,70.5,Yes
3045-XETSH,Denver,CO,80234,68,Female,No,No,No,10,Yes,Yes,Fiber optic,No,Yes,Yes,No,No,Yes,Month-to-month,Yes,Electronic check,94.85,Yes
7239-HZZCX,Grand Junction,CO,81503,68,Male,No,No,No,1,Yes,No,None,No,No,No,No,No,No,Month-to-month,No,Mailed check,19.75,Yes
7683-CBDKJ,Louviers,CO,80131,66,Male,No,Yes,Yes,14,Yes,No,DSL,Yes,Yes,No,No,Yes,No,Month-to-month,Yes,Electronic check,65.45,Yes
0946-CLJTI,Littleton,CO,80125,78,Male,Yes,Yes,No,58,Yes,Yes,Fiber optic,No,No,Yes,No,Yes,Yes,Month-to-month,Yes,Electronic check,98.7,Yes
0628-CNQRM,Palisade,CO,81526,72,Male,No,Yes,No,22,Yes,No,DSL,Yes,No,Yes,Yes,Yes,No,One year,Yes,Bank transfer (automatic),67.5,Yes
7665-TOALD,Colorado Springs,CO,80914,79,Female,No,No,No,1,Yes,No,Fiber optic,No,No,No,No,No,No,Month-to-month,Yes,Electronic check,69.6,Yes
0112-QWPNC,Cheyenne Wells,CO,80810,73,Male,No,Yes,No,49,Yes,Yes,DSL,Yes,No,Yes,Yes,Yes,Yes,One year,No,Electronic check,84.35,Yes
0324-BRPCJ,Holly,CO,81047,67,Female,Yes,Yes,No,68,Yes,Yes,Fiber optic,No,Yes,No,No,Yes,Yes,Month-to-month,Yes,Electronic check,100.2,Yes
2777-PHDEI,Haswell,CO,81045,73,Female,No,No,No,1,Yes,No,Fiber optic,No,No,No,No,Yes,No,Month-to-month,No,Electronic check,78.05,Yes
1196-AMORA,Denver,CO,80215,72,Male,No,No,No,7,Yes,Yes,Fiber optic,No,No,No,No,No,No,Month-to-month,No,Electronic check,73.6,Yes
4282-YMKNA,Pueblo,CO,81007,72,Female,No,No,No,9,Yes,Yes,Fiber optic,No,No,No,No,No,No,Month-to-month,Yes,Electronic check,74.75,Yes
5356-RHIPP,Iliff,CO,80736,68,Male,No,No,No,1,Yes,No,None,No,No,No,No,No,No,Month-to-month,Yes,Mailed check,20.2,Yes
9189-JWSHV,Idaho Springs,CO,80452,75,Female,Yes,Yes,No,24,Yes,Yes,Fiber optic,No,No,No,No,Yes,Yes,Month-to-month,Yes,Electronic check,93.55,Yes
0746-JTRFU,Hotchkiss,CO,81419,76,Male,No,No,No,2,No,No,DSL,No,No,No,No,No,No,Month-to-month,Yes,Electronic check,25.05,Yes
0576-WNXXC,Olney Springs,CO,81062,68,Male,Yes,Yes,No,27,Yes,Yes,Fiber optic,No,Yes,Yes,No,No,Yes,Month-to-month,Yes,Electronic check,95.55,Yes
4628-CTTLA,Laporte,CO,80535,65,Male,No,No,No,57,No,No,DSL,No,Yes,No,No,Yes,No,Month-to-month,Yes,Electronic check,39.3,Yes
2876-VBBBL,Minturn,CO,81645,76,Female,No,No,No,1,Yes,No,None,No,No,No,No,No,No,Month-to-month,Yes,Mailed check,20.25,Yes
6834-NXDCA,Mead,CO,80542,74,Female,No,No,No,13,No,No,DSL,No,No,No,No,No,No,Month-to-month,Yes,Electronic check,23.9,Yes
5597-GLBUC,Las Animas,CO,81054,79,Female,No,No,No,1,Yes,No,Fiber optic,No,No,Yes,No,Yes,No,Month-to-month,Yes,Electronic check,85.45,Yes
2748-MYRVK,Golden,CO,80403,74,Female,No,No,No,63,Yes,Yes,Fiber optic,No,Yes,No,No,Yes,Yes,One year,No,Bank transfer (automatic),99.9,Yes
4822-YCXMX,Wellington,CO,80549,71,Male,No,No,No,25,Yes,Yes,Fiber optic,No,No,No,No,No,Yes,Month-to-month,Yes,Electronic check,84.8,Yes
9821-POOTN,Bellvue,CO,80512,70,Male,No,Yes,No,35,Yes,Yes,Fiber optic,No,No,No,No,No,No,Month-to-month,Yes,Electronic check,75.2,Yes
6559-ILWKJ,Pueblo,CO,81003,77,Male,No,Yes,No,71,No,No,DSL,No,Yes,No,No,Yes,Yes,Two year,No,Electronic check,49.35,Yes
4229-CZMLL,Blanca,CO,81123,71,Male,No,No,No,6,Yes,Yes,Fiber optic,No,No,No,No,No,No,Month-to-month,Yes,Electronic check,74.9,Yes
3663-MITLP,Manassa,CO,81141,77,Female,No,No,No,15,Yes,No,Fiber optic,No,Yes,Yes,No,Yes,Yes,Month-to-month,Yes,Electronic check,101.25,Yes
9025-ZRPVR,Pueblo,CO,81008,71,Male,No,No,No,9,Yes,No,None,No,No,No,No,No,No,Month-to-month,Yes,Mailed check,18.95,Yes
3285-UCQVC,Glade Park,CO,81523,69,Female,No,No,No,37,No,No,DSL,No,No,No,Yes,No,No,Month-to-month,No,Credit card (automatic),28.6,Yes
5482-PLVPE,Cheyenne Wells,CO,80810,67,Female,Yes,No,No,2,No,No,DSL,No,No,No,No,No,No,Month-to-month,No,Electronic check,24.35,Yes
4902-OHLSK,Denver,CO,80232,76,Female,Yes,No,No,29,Yes,Yes,Fiber optic,No,No,No,Yes,Yes,Yes,Month-to-month,No,Electronic check,98.65,Yes
0495-ZBNGW,Henderson,CO,80640,77,Male,Yes,Yes,No,5,Yes,Yes,Fiber optic,No,No,Yes,No,No,No,Month-to-month,Yes,Bank transfer (automatic),79.9,Yes
2357-COQEK,Silverthorne,CO,80497,67,Female,Yes,No,No,28,Yes,Yes,Fiber optic,No,No,Yes,Yes,Yes,Yes,Month-to-month,Yes,Electronic check,103.3,Yes
3737-GCSPV,Paoli,CO,80746,72,Female,No,Yes,No,11,Yes,Yes,Fiber optic,Yes,No,No,Yes,Yes,No,Month-to-month,Yes,Credit card (automatic),96.2,Yes
4088-YLDSU,Littleton,CO,80126,79,Male,No,Yes,No,55,Yes,Yes,Fiber optic,No,No,Yes,Yes,Yes,Yes,One year,Yes,Electronic check,104.15,Yes
2034-CGRHZ,Bayfield,CO,81122,66,Male,Yes,No,No,24,Yes,Yes,Fiber optic,No,Yes,Yes,No,Yes,Yes,Month-to-month,Yes,Credit card (automatic),102.95,Yes
5797-APWZC,Mead,CO,80542,68,Female,No,No,No,1,Yes,No,Fiber optic,No,No,No,No,Yes,Yes,Month-to-month,No,Electronic check,90.6,Yes
3683-QKIUE,Colorado Springs,CO,80910,78,Female,No,No,No,6,Yes,No,DSL,No,No,No,Yes,No,No,Month-to-month,Yes,Bank transfer (automatic),50.8,Yes
4228-ZGYUW,Denver,CO,80247,76,Male,No,No,No,4,Yes,Yes,Fiber optic,No,Yes,No,No,No,Yes,Month-to-month,Yes,Electronic check,90.05,Yes
3519-ZKXGG,Silver Plume,CO,80476,72,Female,No,Yes,No,3,Yes,Yes,Fiber optic,No,No,No,No,No,No,Month-to-month,Yes,Electronic check,75.85,Yes
6416-TVAIH,Henderson,CO,80640,68,Male,No,Yes,No,1,Yes,No,Fiber optic,No,No,No,No,No,No,Month-to-month,Yes,Electronic check,68.5,Yes
5108-ADXWO,Guffey,CO,80820,80,Male,No,No,No,11,Yes,No,Fiber optic,Yes,No,No,No,No,No,Month-to-month,Yes,Electronic check,73.5,Yes
3066-RRJIO,Palisade,CO,81526,76,Female,No,No,No,1,Yes,No,Fiber optic,No,No,No,No,No,No,Month-to-month,Yes,Mailed check,69.95,Yes
6715-OFDBP,Firestone,CO,80520,78,Male,No,No,No,5,Yes,No,DSL,No,No,Yes,No,Yes,Yes,Month-to-month,Yes,Electronic check,70.05,Yes
1567-DSCIC,Alamosa,CO,81101,74,Male,No,No,No,8,Yes,Yes,Fiber optic,No,Yes,Yes,No,Yes,No,Month-to-month,Yes,Electronic check,94,Yes
2150-UWTFY,Sanford,CO,81151,70,Female,No,Yes,Yes,22,Yes,No,DSL,Yes,Yes,Yes,No,No,No,Month-to-month,No,Mailed check,61.15,Yes
2683-BPJSO,Aurora,CO,80019,66,Male,No,Yes,No,29,Yes,Yes,Fiber optic,Yes,Yes,No,No,No,No,Month-to-month,Yes,Electronic check,84.45,Yes
2157-MXBJS,Wiley,CO,81092,67,Male,No,Yes,No,13,Yes,Yes,DSL,No,No,Yes,No,Yes,Yes,One year,Yes,Mailed check,75.3,Yes
9360-AHGNL,Paradox,CO,81429,68,Female,Yes,Yes,No,43,Yes,Yes,Fiber optic,Yes,No,Yes,Yes,Yes,Yes,One year,Yes,Mailed check,109.55,Yes
1087-UDSIH,Twin Lakes,CO,81251,65,Female,No,No,No,3,Yes,No,None,No,No,No,No,No,No,Month-to-month,Yes,Mailed check,19.6,Yes
5485-WUYWF,Clark,CO,80428,76,Male,Yes,No,No,2,Yes,No,DSL,Yes,No,Yes,No,Yes,No,Month-to-month,No,Bank transfer (automatic),66.4,Yes
2632-UCGVD,Wray,CO,80758,74,Male,Yes,Yes,No,66,Yes,Yes,Fiber optic,No,No,No,Yes,Yes,Yes,Month-to-month,Yes,Credit card (automatic),100.05,Yes
5445-PZWGX,Red Cliff,CO,81649,72,Male,No,No,No,62,Yes,Yes,Fiber optic,Yes,Yes,No,Yes,No,Yes,One year,No,Electronic check,102,Yes
9170-CCKOU,Aurora,CO,80017,69,Male,No,Yes,No,17,Yes,Yes,Fiber optic,Yes,Yes,Yes,No,No,No,Month-to-month,No,Credit card (automatic),90.2,Yes
1043-YCUTE,Villa Grove,CO,81155,72,Male,No,Yes,No,56,Yes,Yes,None,No,No,No,No,No,No,Two year,Yes,Credit card (automatic),25.15,Yes
3814-MLAXC,Colorado Springs,CO,80930,80,Female,No,No,No,31,Yes,Yes,Fiber optic,No,No,No,Yes,No,No,Month-to-month,Yes,Credit card (automatic),79.85,Yes
1226-UDFZR,Penrose,CO,81240,77,Female,No,No,No,2,Yes,No,DSL,No,Yes,No,No,No,No,Month-to-month,Yes,Mailed check,49.6,Yes
6425-YQLLO,Denver,CO,80232,65,Female,Yes,Yes,No,66,Yes,Yes,Fiber optic,No,No,Yes,Yes,Yes,Yes,One year,Yes,Credit card (automatic),105.95,Yes
5442-UTCVD,Laporte,CO,80535,69,Male,No,No,No,3,Yes,Yes,Fiber optic,No,No,Yes,No,No,Yes,Month-to-month,No,Electronic check,91.85,Yes
7734-DBOAI,Marlborough,CT,6447,71,Female,No,Yes,Yes,1,No,No,DSL,No,No,No,Yes,Yes,No,Month-to-month,No,Electronic check,40.1,Yes
2091-RFFBA,Waterbury,CT,6704,68,Female,Yes,No,No,31,Yes,Yes,Fiber optic,No,No,No,No,No,No,Month-to-month,Yes,Electronic check,73.9,Yes
2114-MGINA,Vernon Rockville,CT,6066,69,Female,No,No,No,14,Yes,No,Fiber optic,No,No,No,No,Yes,Yes,Month-to-month,Yes,Mailed check,89.8,Yes
4489-SNOJF,West Hartford,CT,6119,75,Female,No,Yes,Yes,35,Yes,Yes,DSL,Yes,No,Yes,Yes,Yes,No,Month-to-month,No,Electronic check,72.25,Yes
6899-PPEEA,Shelton,CT,6484,77,Female,Yes,No,No,37,Yes,Yes,Fiber optic,No,No,No,No,Yes,Yes,Month-to-month,Yes,Electronic check,96.55,Yes
2187-LZGPL,Norwalk,CT,6854,66,Female,No,No,No,7,No,No,DSL,No,Yes,No,No,No,Yes,Month-to-month,Yes,Credit card (automatic),40.1,Yes
4597-NUCQV,Lebanon,CT,6249,79,Male,Yes,No,No,24,Yes,Yes,Fiber optic,No,Yes,No,No,Yes,Yes,Month-to-month,Yes,Electronic check,101.25,Yes
9019-QVLZD,Ledyard,CT,6339,66,Female,No,No,No,1,Yes,No,Fiber optic,No,No,No,No,Yes,No,Month-to-month,No,Electronic check,79.55,Yes
3707-LRWZD,Hartford,CT,6120,77,Female,No,No,No,32,Yes,Yes,Fiber optic,No,No,No,No,Yes,No,One year,No,Electronic check,84.05,Yes
1455-ESIQH,South Windsor,CT,6074,77,Male,No,No,No,1,Yes,No,Fiber optic,No,No,No,No,Yes,Yes,Month-to-month,Yes,Electronic check,89.1,Yes
2979-SXESE,Oakville,CT,6779,72,Female,No,Yes,No,17,Yes,Yes,Fiber optic,Yes,No,Yes,No,Yes,No,Month-to-month,No,Electronic check,94.4,Yes
4013-TLDHQ,East Haddam,CT,6423,78,Male,No,No,No,19,Yes,No,Fiber optic,No,Yes,Yes,No,No,No,Month-to-month,Yes,Electronic check,78.25,Yes
3754-DXMRT,Milford,CT,6461,80,Male,Yes,No,No,2,Yes,No,DSL,No,No,No,No,No,No,Month-to-month,Yes,Electronic check,44.15,Yes
7130-VTEWQ,Storrs Mansfield,CT,6268,77,Female,Yes,No,No,8,Yes,Yes,Fiber optic,No,No,No,No,No,No,Month-to-month,Yes,Electronic check,75.75,Yes
6121-VZNQB,Oakdale,CT,6370,75,Female,No,No,No,1,Yes,No,None,No,No,No,No,No,No,Month-to-month,Yes,Mailed check,19.1,Yes
7903-CMPEY,Broad Brook,CT,6016,67,Male,Yes,Yes,No,1,Yes,Yes,Fiber optic,Yes,No,No,No,No,No,Month-to-month,Yes,Electronic check,80.3,Yes
6996-KNSML,Hartford,CT,6120,37,Female,No,No,No,1,Yes,No,Fiber optic,No,No,Yes,No,No,No,Month-to-month,Yes,Electronic check,74.9,Yes
1704-NRWYE,North Haven,CT,6473,19,Female,Yes,No,No,9,Yes,No,Fiber optic,No,No,No,No,Yes,No,Month-to-month,Yes,Electronic check,80.85,Yes
2592-SEIFQ,Enfield,CT,6082,31,Male,No,No,No,3,No,No,DSL,No,No,No,No,No,No,Month-to-month,No,Electronic check,24.75,Yes
7481-ATQQS,Bridgeport,CT,6606,23,Female,Yes,No,No,49,Yes,Yes,Fiber optic,No,No,Yes,No,No,Yes,Month-to-month,Yes,Credit card (automatic),90.85,Yes
8642-GVWRF,Gales Ferry,CT,6335,38,Female,No,Yes,No,2,Yes,No,Fiber optic,No,Yes,Yes,No,No,No,Month-to-month,No,Bank transfer (automatic),79.7,Yes
3400-ESFUW,Westbrook,CT,6498,21,Male,No,Yes,No,55,Yes,No,DSL,Yes,Yes,No,Yes,No,No,Two year,No,Bank transfer (automatic),57.55,Yes
2057-ZBLPD,Sandy Hook,CT,6482,29,Female,No,Yes,No,21,Yes,Yes,Fiber optic,No,No,No,No,No,Yes,Month-to-month,Yes,Electronic check,86.5,Yes
5502-RLUYV,Danbury,CT,6811,61,Female,No,Yes,No,69,Yes,Yes,Fiber optic,No,Yes,Yes,No,Yes,Yes,Month-to-month,Yes,Electronic check,103.95,Yes
0023-HGHWL,Cos Cob,CT,6807,27,Male,Yes,No,No,1,No,No,DSL,No,No,No,No,No,No,Month-to-month,Yes,Electronic check,25.1,Yes
9039-RBEEE,Norwalk,CT,6853,20,Male,No,No,No,39,No,No,DSL,Yes,Yes,No,Yes,Yes,No,Month-to-month,Yes,Credit card (automatic),48.95,Yes
8417-FMLZI,Norwalk,CT,6853,56,Male,No,Yes,No,6,Yes,No,Fiber optic,No,Yes,No,No,No,Yes,Month-to-month,Yes,Credit card (automatic),83.55,Yes
1792-UXAFY,Stamford,CT,6903,51,Female,Yes,No,No,17,Yes,No,Fiber optic,No,Yes,Yes,No,Yes,No,Month-to-month,Yes,Electronic check,89.15,Yes
0515-YPMCW,Cheshire,CT,6410,48,Male,No,No,No,1,Yes,No,Fiber optic,No,No,No,No,No,No,Month-to-month,Yes,Mailed check,70.45,Yes
0378-XSZPU,Stamford,CT,6903,32,Male,No,Yes,No,58,Yes,No,DSL,Yes,Yes,Yes,No,No,No,One year,No,Credit card (automatic),60.3,Yes
4729-XKASR,New Haven,CT,6511,34,Male,No,No,Yes,1,No,No,DSL,No,No,No,No,No,No,Month-to-month,No,Electronic check,24.75,Yes
5449-FIBXJ,South Windsor,CT,6074,41,Male,No,Yes,No,19,Yes,Yes,Fiber optic,No,No,Yes,Yes,Yes,Yes,Month-to-month,No,Electronic check,103.3,Yes
9837-BMCLM,East Haddam,CT,6423,32,Male,No,No,No,3,Yes,No,Fiber optic,No,No,No,No,Yes,No,Month-to-month,Yes,Electronic check,78.5,Yes
0137-UDEUO,Seymour,CT,6483,34,Female,No,No,No,3,Yes,No,None,No,No,No,No,No,No,Month-to-month,No,Mailed check,19.85,Yes
6161-UUUTA,Canton,CT,6019,34,Male,Yes,No,No,3,Yes,No,Fiber optic,No,No,No,No,Yes,No,Month-to-month,Yes,Electronic check,79.9,Yes
6543-XRMYR,Danbury,CT,6811,30,Female,Yes,No,No,30,Yes,Yes,Fiber optic,No,Yes,No,No,Yes,Yes,Month-to-month,Yes,Electronic check,99.7,Yes
4925-LMHOK,Waterbury,CT,6710,26,Male,No,No,No,15,Yes,Yes,DSL,No,Yes,No,Yes,No,No,Month-to-month,Yes,Credit card (automatic),58.6,Yes
1455-UGQVH,Norwalk,CT,6851,37,Male,No,Yes,No,10,Yes,Yes,Fiber optic,No,No,Yes,No,Yes,Yes,Month-to-month,Yes,Electronic check,98.5,Yes
8280-MQRQN,Central Village,CT,6332,62,Female,No,No,No,1,Yes,No,DSL,No,No,Yes,No,No,No,Month-to-month,Yes,Mailed check,50.45,Yes
2037-SGXHH,Willington,CT,6279,21,Male,No,Yes,No,38,Yes,Yes,Fiber optic,No,Yes,Yes,No,Yes,No,Month-to-month,Yes,Electronic check,94.65,Yes
3178-FESZO,Yantic,CT,6389,27,Female,No,No,No,1,Yes,Yes,Fiber optic,No,Yes,No,No,Yes,Yes,Month-to-month,Yes,Credit card (automatic),100.25,Yes
6087-MVHJH,South Lyme,CT,6376,64,Female,No,No,No,16,Yes,Yes,Fiber optic,No,No,Yes,No,No,Yes,Month-to-month,Yes,Electronic check,88.45,Yes
4603-JANFB,Meriden,CT,6451,45,Male,No,No,No,1,Yes,No,Fiber optic,No,No,No,No,No,No,Month-to-month,Yes,Electronic check,69.85,Yes
3018-TFTSU,North Branford,CT,6471,53,Male,No,No,No,12,Yes,No,Fiber optic,Yes,No,Yes,No,No,No,Month-to-month,No,Bank transfer (automatic),81.7,Yes
4806-KEXQR,Middlebury,CT,6762,63,Male,No,No,No,4,Yes,No,Fiber optic,No,No,No,No,No,Yes,Month-to-month,Yes,Electronic check,79.9,Yes
7083-YNSKY,Coventry,CT,6238,32,Female,No,No,No,15,Yes,Yes,None,No,No,No,No,No,No,Month-to-month,Yes,Credit card (automatic),25.4,Yes
2479-BRAMR,Andover,CT,6232,26,Male,Yes,Yes,No,41,Yes,Yes,Fiber optic,Yes,No,Yes,No,No,No,Month-to-month,Yes,Bank transfer (automatic),83.75,Yes
7434-SHXLS,Riverside,CT,6878,42,Female,No,No,No,1,Yes,No,None,No,No,No,No,No,No,Month-to-month,No,Mailed check,20.9,Yes
7908-QCBCA,Broad Brook,CT,6016,26,Female,No,Yes,No,1,Yes,No,Fiber optic,No,No,No,No,No,No,Month-to-month,Yes,Mailed check,69.4,Yes
6711-FLDFB,West Hartford,CT,6107,24,Female,No,No,No,7,Yes,Yes,Fiber optic,No,No,No,No,No,No,Month-to-month,Yes,Electronic check,74.9,Yes
3714-JTVOV,Groton,CT,6340,54,Female,Yes,Yes,No,42,Yes,No,Fiber optic,Yes,No,No,No,No,No,Month-to-month,Yes,Credit card (automatic),74.15,Yes
4702-IOQDC,West Hartford,CT,6110,51,Female,No,No,No,1,Yes,No,Fiber optic,No,No,No,No,No,No,Month-to-month,Yes,Electronic check,70.1,Yes
6178-KFNHS,Stamford,CT,6906,48,Female,No,No,No,12,Yes,Yes,Fiber optic,Yes,No,No,No,No,No,Month-to-month,Yes,Electronic check,78.3,Yes
1264-BYWMS,Washington,CT,6793,29,Male,No,No,No,55,Yes,Yes,Fiber optic,No,No,No,No,Yes,Yes,Month-to-month,Yes,Electronic check,96.8,Yes
9658-WYUFB,Gilman,CT,6336,39,Female,No,No,No,17,Yes,Yes,Fiber optic,Yes,Yes,No,No,Yes,No,Month-to-month,Yes,Electronic check,94.4,Yes
2013-SGDXK,Somers,CT,6071,62,Female,No,No,No,1,Yes,No,Fiber optic,No,Yes,No,No,Yes,No,Month-to-month,No,Electronic check,84.3,Yes
8580-QVLOC,Woodstock,CT,6281,43,Female,Yes,Yes,No,72,Yes,Yes,DSL,Yes,Yes,Yes,Yes,Yes,Yes,Two year,No,Credit card (automatic),92.45,Yes
2012-NWRPA,Oneco,CT,6373,19,Female,Yes,Yes,No,11,Yes,Yes,Fiber optic,No,No,Yes,No,Yes,Yes,Month-to-month,Yes,Electronic check,99.55,Yes
8808-ELEHO,East Canaan,CT,6024,39,Male,Yes,No,No,8,Yes,Yes,Fiber optic,No,No,Yes,No,No,No,Month-to-month,Yes,Electronic check,81.25,Yes
3506-LCJDC,Bloomfield,CT,6002,50,Male,No,Yes,Yes,1,Yes,No,None,No,No,No,No,No,No,Month-to-month,No,Bank transfer (automatic),19.95,Yes
3934-HXCFZ,Norwalk,CT,6854,22,Male,No,Yes,No,23,Yes,Yes,Fiber optic,Yes,Yes,Yes,No,Yes,No,Month-to-month,Yes,Electronic check,99.25,Yes
7666-WKRON,Bolton,CT,6043,40,Female,No,No,No,39,Yes,No,Fiber optic,No,No,Yes,Yes,No,No,Two year,Yes,Electronic check,80.45,Yes
4910-AQFFX,Waterbury,CT,6710,22,Male,No,Yes,No,9,Yes,Yes,Fiber optic,No,No,Yes,No,No,No,Month-to-month,Yes,Bank transfer (automatic),79.35,Yes
2154-KVJFF,Oneco,CT,6373,37,Female,No,No,No,15,Yes,Yes,Fiber optic,No,Yes,No,No,No,No,Month-to-month,Yes,Electronic check,79.75,Yes
9647-ERGBE,Bethel,CT,6801,47,Female,No,Yes,No,30,Yes,Yes,Fiber optic,No,No,Yes,No,Yes,Yes,Month-to-month,Yes,Electronic check,100.05,Yes
3428-XZMAZ,Waterbury,CT,6706,41,Male,No,No,No,1,Yes,No,Fiber optic,No,No,No,No,No,No,Month-to-month,Yes,Electronic check,69.35,Yes
0378-TOVMS,Quaker Hill,CT,6375,51,Female,No,No,No,3,Yes,No,Fiber optic,No,No,No,Yes,No,Yes,Month-to-month,No,Electronic check,85.8,Yes
4355-HBJHH,Tariffville,CT,6081,60,Male,No,Yes,No,67,Yes,Yes,DSL,Yes,No,Yes,No,Yes,Yes,Two year,Yes,Electronic check,79.7,Yes
9058-CBREO,Stafford Springs,CT,6076,30,Female,Yes,No,No,1,Yes,Yes,DSL,No,No,No,No,No,No,Month-to-month,No,Mailed check,50.55,Yes
0318-QUUOB,Waterbury,CT,6705,51,Male,No,Yes,No,1,Yes,No,Fiber optic,No,No,No,No,Yes,No,Month-to-month,Yes,Electronic check,80.55,Yes
5520-FVEWJ,Hebron,CT,6248,20,Female,No,Yes,No,12,Yes,Yes,Fiber optic,No,Yes,Yes,No,No,No,Month-to-month,Yes,Electronic check,84.5,Yes
5572-ZDXHY,Washington,DC,20017,52,Female,No,No,No,22,Yes,No,Fiber optic,No,Yes,No,No,No,Yes,Month-to-month,Yes,Mailed check,84.3,Yes
3750-CKVKH,Washington,DC,20015,41,Male,No,No,No,2,Yes,No,Fiber optic,No,No,No,No,No,No,Month-to-month,Yes,Electronic check,67.75,Yes
8063-GBATB,Washington,DC,20017,34,Female,Yes,No,No,27,Yes,Yes,Fiber optic,No,No,No,No,No,Yes,Month-to-month,Yes,Electronic check,85.25,Yes
4547-KQRTM,Washington,DC,20005,21,Female,No,No,No,10,Yes,Yes,Fiber optic,No,Yes,No,No,No,No,Month-to-month,Yes,Bank transfer (automatic),80.05,Yes
4877-EVATK,Washington,DC,20052,30,Male,No,No,No,1,Yes,No,None,No,No,No,No,No,No,Month-to-month,No,Mailed check,20,Yes
7639-SUPCW,Washington,DC,20202,55,Female,No,No,No,22,Yes,No,DSL,Yes,No,No,No,No,No,Month-to-month,Yes,Credit card (automatic),48.8,Yes
1069-XAIEM,Washington,DC,20018,29,Female,Yes,No,No,1,Yes,Yes,Fiber optic,No,No,No,No,No,Yes,Month-to-month,Yes,Electronic check,85.05,Yes
4658-HCOHW,Washington,DC,20045,54,Female,No,Yes,No,21,Yes,No,Fiber optic,No,Yes,Yes,Yes,Yes,Yes,Month-to-month,Yes,Electronic check,102.8,Yes
3440-JPSCL,Washington,DC,20317,63,Female,No,No,No,6,Yes,No,Fiber optic,No,No,Yes,Yes,Yes,Yes,Month-to-month,Yes,Mailed check,99.95,Yes
2889-FPWRM,Washington,DC,20202,24,Male,No,Yes,No,72,Yes,Yes,Fiber optic,Yes,Yes,Yes,Yes,Yes,Yes,One year,Yes,Bank transfer (automatic),117.8,Yes
6987-XQSJT,Washington,DC,20037,61,Female,Yes,No,No,54,Yes,Yes,Fiber optic,No,Yes,No,No,No,No,Month-to-month,Yes,Electronic check,79.5,Yes
4290-BSXUX,Washington,DC,20053,47,Male,No,Yes,No,3,Yes,Yes,Fiber optic,No,No,No,Yes,No,No,Month-to-month,Yes,Bank transfer (automatic),79.65,Yes
0325-XBFAC,Washington,DC,20019,26,Male,No,No,No,8,Yes,No,Fiber optic,No,No,Yes,No,Yes,Yes,Month-to-month,Yes,Electronic check,94.7,Yes
2462-XIIJB,Washington,DC,20005,40,Male,No,No,No,5,Yes,Yes,Fiber optic,No,No,Yes,No,Yes,No,Month-to-month,Yes,Electronic check,92.5,Yes
4760-XOHVN,Kenton,DE,19955,54,Female,No,Yes,Yes,1,Yes,No,None,No,No,No,No,No,No,Month-to-month,No,Mailed check,19.45,Yes
7817-BOQPW,Houston,DE,19954,22,Female,No,No,No,2,Yes,Yes,Fiber optic,No,No,No,No,No,No,Month-to-month,Yes,Electronic check,75.55,Yes
1853-UDXBW,Wilmington,DE,19806,48,Male,No,Yes,No,1,Yes,No,Fiber optic,No,No,No,No,No,No,Month-to-month,Yes,Electronic check,70,Yes
5458-CQJTA,Lincoln,DE,19960,26,Male,No,Yes,No,65,Yes,No,DSL,Yes,No,No,Yes,Yes,Yes,Two year,Yes,Bank transfer (automatic),74.8,Yes
5219-YIPTK,Millville,DE,19967,64,Female,No,Yes,No,33,Yes,Yes,Fiber optic,No,Yes,Yes,No,Yes,Yes,Month-to-month,Yes,Electronic check,104.4,Yes
3540-RZJYU,Rehoboth Beach,DE,19971,63,Female,No,No,No,15,Yes,No,Fiber optic,Yes,No,No,No,Yes,No,Month-to-month,No,Electronic check,86.2,Yes
2091-MJTFX,Lincoln,DE,19960,30,Female,No,Yes,Yes,30,No,No,DSL,No,No,No,Yes,Yes,Yes,Month-to-month,No,Credit card (automatic),51.2,Yes
0883-EIBTI,Frederica,DE,19946,59,Female,No,No,No,2,Yes,No,None,No,No,No,No,No,No,Month-to-month,No,Mailed check,19.5,Yes
0722-TROQR,Montchanin,DE,19710,52,Female,Yes,No,No,4,Yes,Yes,Fiber optic,No,No,No,No,No,No,Month-to-month,Yes,Electronic check,74.9,Yes
7571-YXDAD,Yorklyn,DE,19736,23,Female,No,No,No,2,Yes,Yes,Fiber optic,No,No,No,No,No,No,Month-to-month,No,Credit card (automatic),74.9,Yes
3393-FMZPV,Seaford,DE,19973,22,Female,No,No,No,25,Yes,Yes,Fiber optic,No,Yes,No,No,Yes,Yes,Month-to-month,Yes,Electronic check,100.25,Yes
6402-ZFPPI,Dagsboro,DE,19939,49,Female,Yes,No,No,25,Yes,Yes,Fiber optic,Yes,Yes,No,No,Yes,Yes,Month-to-month,Yes,Mailed check,102.8,Yes
7486-KSRVI,Dover,DE,19901,20,Male,No,No,No,43,Yes,Yes,Fiber optic,No,No,No,Yes,Yes,Yes,One year,Yes,Electronic check,100,Yes
8443-WVPSS,Felton,DE,19943,54,Male,No,Yes,No,10,Yes,No,Fiber optic,No,Yes,No,Yes,Yes,Yes,Month-to-month,Yes,Electronic check,99.85,Yes
3006-XIMLN,Frederica,DE,19946,58,Female,No,No,No,2,Yes,Yes,Fiber optic,No,No,No,No,Yes,Yes,Month-to-month,Yes,Bank transfer (automatic),94.2,Yes
9965-YOKZB,Houston,DE,19954,21,Male,Yes,No,No,9,Yes,Yes,Fiber optic,No,No,No,No,No,Yes,Month-to-month,Yes,Electronic check,83.85,Yes
0504-HHAPI,Rehoboth Beach,DE,19971,61,Female,Yes,No,No,27,Yes,Yes,Fiber optic,No,No,Yes,No,No,Yes,Month-to-month,No,Credit card (automatic),88.3,Yes
6305-YLBMM,Delaware City,DE,19706,60,Male,No,No,No,69,Yes,No,Fiber optic,No,Yes,Yes,Yes,Yes,Yes,One year,Yes,Bank transfer (automatic),104.05,Yes
3647-GMGDH,Houston,DE,19954,25,Male,No,Yes,No,22,Yes,No,Fiber optic,No,No,Yes,No,Yes,Yes,Month-to-month,Yes,Credit card (automatic),94.7,Yes
3791-LGQCY,Hartly,DE,19953,52,Female,Yes,Yes,No,56,Yes,Yes,Fiber optic,No,No,Yes,No,Yes,Yes,Month-to-month,Yes,Bank transfer (automatic),100.65,Yes
8166-ZZTFS,Seaford,DE,19973,52,Female,Yes,Yes,No,66,Yes,Yes,DSL,No,Yes,Yes,No,Yes,Yes,Two year,Yes,Bank transfer (automatic),80.55,Yes
2956-GGUCQ,Saint Cloud,FL,34771,61,Male,Yes,Yes,No,24,Yes,Yes,Fiber optic,Yes,No,No,No,No,No,Month-to-month,Yes,Electronic check,78.85,Yes
6595-COKXZ,Saint Augustine,FL,32086,40,Female,No,No,No,1,Yes,No,DSL,No,No,No,No,No,No,Month-to-month,Yes,Mailed check,44.45,Yes
0362-ZBZWJ,Orlando,FL,32804,28,Male,No,No,No,36,Yes,Yes,Fiber optic,No,No,No,No,No,Yes,Month-to-month,Yes,Electronic check,84.9,Yes
4211-MMAZN,San Antonio,FL,33576,32,Male,No,No,No,1,Yes,No,None,No,No,No,No,No,No,Month-to-month,No,Mailed check,20.25,Yes
4274-OWWYO,Cape Coral,FL,33904,32,Male,No,No,No,1,Yes,No,Fiber optic,No,Yes,No,No,No,No,Month-to-month,Yes,Electronic check,74.35,Yes
1541-ETJZO,Dade City,FL,33525,28,Male,No,No,No,1,Yes,Yes,DSL,No,No,Yes,Yes,No,No,Month-to-month,No,Mailed check,62.05,Yes
4106-HADHQ,Clearwater,FL,33756,51,Male,No,Yes,No,39,Yes,No,DSL,Yes,No,Yes,Yes,Yes,Yes,One year,No,Credit card (automatic),80,Yes
2369-UAPKZ,Fort Lauderdale,FL,33306,49,Male,No,No,No,5,Yes,Yes,Fiber optic,No,Yes,Yes,No,Yes,Yes,Month-to-month,No,Mailed check,104.1,Yes
2778-OCLGR,Fort Lauderdale,FL,33321,49,Male,Yes,Yes,No,24,No,No,DSL,Yes,No,No,No,No,Yes,Month-to-month,No,Bank transfer (automatic),39.1,Yes
0637-KVDLV,Fountain,FL,32438,64,Male,No,No,No,2,Yes,Yes,Fiber optic,No,No,No,No,No,No,Month-to-month,Yes,Electronic check,76.5,Yes
6633-MPWBS,Sarasota,FL,34237,55,Male,No,No,No,5,Yes,No,DSL,No,No,No,Yes,No,No,Month-to-month,Yes,Electronic check,49.2,Yes
8785-EPNCG,Madison,FL,32340,47,Male,No,No,No,11,Yes,Yes,None,No,No,No,No,No,No,Month-to-month,No,Credit card (automatic),23.15,Yes
5729-KLZAR,Boynton Beach,FL,33426,22,Female,No,Yes,No,4,Yes,No,Fiber optic,No,No,No,No,No,Yes,Month-to-month,No,Electronic check,80.85,Yes
1582-RAFML,Miami,FL,33133,51,Male,No,No,No,1,Yes,Yes,DSL,No,Yes,No,Yes,No,No,Month-to-month,No,Mailed check,60.1,Yes
8740-CRYFY,Summerland Key,FL,33042,33,Male,No,No,No,1,Yes,No,Fiber optic,No,No,No,No,Yes,No,Month-to-month,Yes,Electronic check,78.95,Yes
2962-XPMCQ,Orange Park,FL,32073,52,Male,No,No,No,2,Yes,No,DSL,No,No,No,No,No,No,Month-to-month,Yes,Electronic check,45.15,Yes
1678-FYZOW,Fort Lauderdale,FL,33331,29,Female,No,No,No,3,Yes,No,Fiber optic,No,No,No,No,Yes,No,Month-to-month,Yes,Electronic check,79.4,Yes
8627-EHGIP,Tampa,FL,33611,31,Male,No,No,No,44,No,No,DSL,No,Yes,Yes,No,Yes,Yes,One year,Yes,Mailed check,53.95,Yes
5480-TBGPH,Spring Hill,FL,34607,44,Female,No,Yes,No,24,Yes,No,Fiber optic,No,Yes,Yes,No,Yes,Yes,Month-to-month,Yes,Credit card (automatic),99.3,Yes
8854-CCVSQ,Sumterville,FL,33585,50,Male,No,No,No,18,Yes,Yes,Fiber optic,No,Yes,No,No,No,No,Month-to-month,Yes,Electronic check,80.65,Yes
0511-JTEOY,Neptune Beach,FL,32266,48,Female,No,No,No,1,Yes,No,Fiber optic,No,No,No,No,No,No,Month-to-month,No,Mailed check,71.1,Yes
7067-KSAZT,Delray Beach,FL,33446,28,Female,Yes,Yes,No,65,Yes,Yes,Fiber optic,No,Yes,Yes,No,Yes,Yes,One year,Yes,Electronic check,106.25,Yes
6532-YLWSI,Balm,FL,33503,52,Female,No,Yes,No,53,Yes,No,None,No,No,No,No,No,No,One year,No,Bank transfer (automatic),20.8,Yes
9300-AGZNL,Bay Pines,FL,33744,32,Male,Yes,No,No,1,Yes,Yes,Fiber optic,No,No,No,No,Yes,Yes,Month-to-month,Yes,Electronic check,94,Yes
1112-CUNAO,Dunnellon,FL,34434,20,Female,Yes,No,No,15,Yes,Yes,Fiber optic,No,Yes,No,No,No,Yes,Month-to-month,No,Electronic check,89.85,Yes
5175-AOBHI,Gainesville,FL,32601,27,Female,No,No,No,4,Yes,No,DSL,No,No,No,No,No,No,Month-to-month,Yes,Mailed check,46,Yes
5174-RNGBH,West Palm Beach,FL,33412,20,Female,No,No,No,9,Yes,No,DSL,No,Yes,No,Yes,Yes,No,Month-to-month,No,Mailed check,66.25,Yes
7270-BDIOA,Port Saint Joe,FL,32456,26,Female,No,No,No,22,Yes,Yes,Fiber optic,No,No,No,Yes,Yes,No,Month-to-month,Yes,Electronic check,90,Yes
9565-JSNFM,Jensen Beach,FL,34957,57,Male,No,No,No,38,Yes,No,Fiber optic,No,No,No,No,No,No,One year,Yes,Bank transfer (automatic),70.45,Yes
0607-DAAHE,Orlando,FL,32810,38,Male,No,No,No,53,Yes,No,None,No,No,No,No,No,No,Two year,No,Bank transfer (automatic),19.75,Yes
9732-KPKBW,Daytona Beach,FL,32118,57,Male,No,No,No,1,Yes,No,DSL,Yes,No,No,Yes,No,No,Month-to-month,Yes,Electronic check,53.95,Yes
3389-YGYAI,Pensacola,FL,32505,30,Female,Yes,No,No,8,Yes,Yes,Fiber optic,No,Yes,Yes,No,Yes,Yes,Month-to-month,Yes,Electronic check,105.5,Yes
9560-ARGQJ,Deland,FL,32720,23,Female,No,No,No,16,Yes,No,Fiber optic,No,No,No,No,Yes,No,Month-to-month,Yes,Electronic check,81,Yes
5134-IKDAY,West Palm Beach,FL,33415,40,Female,No,Yes,No,1,Yes,No,Fiber optic,No,No,No,No,No,No,Month-to-month,Yes,Electronic check,69.8,Yes
3070-DVEYC,Winter Springs,FL,32708,48,Male,Yes,No,No,7,Yes,Yes,Fiber optic,No,No,No,No,No,No,Month-to-month,No,Mailed check,73.75,Yes
5707-ORNDZ,Naples,FL,34112,52,Male,Yes,No,No,9,Yes,Yes,DSL,Yes,No,No,No,No,No,Month-to-month,No,Electronic check,54.55,Yes
8696-JKZNU,Brandon,FL,33511,47,Female,Yes,No,No,37,Yes,Yes,Fiber optic,No,No,No,No,No,No,Month-to-month,Yes,Electronic check,76.25,Yes
5380-AFSSK,Delray Beach,FL,33444,23,Female,No,No,No,5,Yes,Yes,Fiber optic,No,No,No,No,Yes,Yes,Month-to-month,Yes,Mailed check,93.9,Yes
2055-PDADH,Plant City,FL,33566,19,Female,Yes,No,No,3,Yes,No,Fiber optic,No,No,No,No,No,No,Month-to-month,Yes,Electronic check,70.4,Yes
8714-EUHJO,Key West,FL,33040,48,Female,No,Yes,No,31,Yes,Yes,Fiber optic,No,Yes,No,No,No,Yes,Month-to-month,Yes,Electronic check,91.15,Yes
3721-CNEYS,Naples,FL,34105,63,Female,No,No,No,2,Yes,No,Fiber optic,No,No,No,No,No,No,Month-to-month,Yes,Electronic check,70.95,Yes
2568-OIADY,Fort Myers,FL,33916,23,Female,No,Yes,No,37,Yes,Yes,Fiber optic,No,No,Yes,No,Yes,Yes,Month-to-month,Yes,Electronic check,99.5,Yes
1193-RTSLK,Nocatee,FL,34268,54,Female,No,No,No,38,Yes,No,Fiber optic,Yes,Yes,Yes,No,No,No,Month-to-month,Yes,Credit card (automatic),83.9,Yes
2302-ANTDP,Keystone Heights,FL,32656,27,Female,Yes,Yes,No,48,Yes,Yes,Fiber optic,Yes,Yes,Yes,Yes,Yes,Yes,Month-to-month,No,Electronic check,117.45,Yes
5923-GXUOC,Alachua,FL,32615,48,Male,No,No,No,10,Yes,No,Fiber optic,Yes,Yes,Yes,No,Yes,Yes,Month-to-month,Yes,Electronic check,104.4,Yes
5233-GEEAX,Miami,FL,33177,26,Male,Yes,No,No,8,No,No,DSL,No,No,Yes,No,No,No,Month-to-month,Yes,Electronic check,29.4,Yes
4432-ADRLB,Ocala,FL,34473,29,Male,No,No,No,2,Yes,No,DSL,No,No,No,No,No,No,Month-to-month,No,Mailed check,44.65,Yes
8993-PHFWD,Silver Springs,FL,34488,51,Female,No,No,No,3,No,No,DSL,No,No,No,No,No,No,Month-to-month,No,Electronic check,25.25,Yes
1565-RHDJD,Pensacola,FL,32506,37,Female,No,No,No,4,Yes,Yes,Fiber optic,No,Yes,Yes,No,No,No,Month-to-month,No,Bank transfer (automatic),84.05,Yes
7137-RYLPP,Fort Myers,FL,33907,38,Male,Yes,Yes,No,37,Yes,Yes,Fiber optic,No,No,No,No,Yes,No,Month-to-month,Yes,Electronic check,85.7,Yes
3765-JXVKY,Otter Creek,FL,32683,31,Female,No,No,No,1,Yes,No,Fiber optic,No,Yes,No,No,No,No,Month-to-month,Yes,Electronic check,74.7,Yes
7330-WZLNC,Mount Dora,FL,32757,49,Female,No,No,No,5,Yes,Yes,Fiber optic,No,Yes,No,No,Yes,No,Month-to-month,Yes,Electronic check,90.8,Yes
3957-LXOLK,Holt,FL,32564,45,Female,Yes,No,No,28,Yes,Yes,Fiber optic,No,Yes,Yes,No,Yes,Yes,Month-to-month,Yes,Electronic check,106.15,Yes
6635-MYYYZ,Palm Harbor,FL,34685,37,Female,No,No,No,30,Yes,No,DSL,Yes,Yes,Yes,Yes,Yes,Yes,One year,No,Bank transfer (automatic),85.35,Yes
5281-BUZGT,San Antonio,FL,33576,24,Male,Yes,No,No,36,Yes,Yes,Fiber optic,Yes,No,No,No,Yes,No,Month-to-month,Yes,Electronic check,90.85,Yes
5378-IKEEG,Lake Worth,FL,33461,42,Female,No,No,No,1,No,No,DSL,No,No,No,No,Yes,No,Month-to-month,Yes,Electronic check,35.75,Yes
2718-GAXQD,Boynton Beach,FL,33473,63,Female,Yes,Yes,Yes,4,Yes,No,DSL,No,No,No,No,No,No,Month-to-month,No,Electronic check,46,Yes
6413-XKKPU,North Port,FL,34291,41,Male,No,Yes,No,17,Yes,No,Fiber optic,Yes,No,Yes,No,Yes,No,Month-to-month,Yes,Electronic check,89.4,Yes
1449-XQEMT,Deltona,FL,32725,58,Male,No,No,No,3,Yes,No,None,No,No,No,No,No,No,Month-to-month,Yes,Mailed check,19.8,Yes
2626-URJFX,West Palm Beach,FL,33404,33,Male,No,Yes,Yes,4,Yes,Yes,DSL,No,No,No,No,No,No,Month-to-month,Yes,Electronic check,50.9,Yes
2612-RRIDN,West Palm Beach,FL,33405,61,Male,No,No,No,4,Yes,No,Fiber optic,No,No,No,No,Yes,No,Month-to-month,Yes,Electronic check,81,Yes
4735-ASGMA,Clearwater,FL,33755,54,Male,No,No,No,26,Yes,Yes,Fiber optic,No,No,Yes,No,Yes,Yes,Month-to-month,Yes,Electronic check,98.35,Yes
3669-LVWZB,Valrico,FL,33594,27,Male,No,No,No,5,No,No,DSL,No,Yes,No,No,Yes,Yes,Month-to-month,Yes,Mailed check,51,Yes
6892-EZDTG,Century,FL,32535,20,Female,No,Yes,No,4,Yes,Yes,Fiber optic,No,Yes,No,No,Yes,No,Month-to-month,Yes,Electronic check,91.65,Yes
9725-SCPZG,Boca Raton,FL,33487,25,Male,No,No,No,1,Yes,No,Fiber optic,No,No,No,No,Yes,Yes,Month-to-month,Yes,Electronic check,90.85,Yes
5884-GCYMI,Edgewater,FL,32141,62,Male,No,No,No,1,Yes,No,Fiber optic,No,No,No,No,No,No,Month-to-month,No,Mailed check,69.4,Yes
3217-FZDMN,Estero,FL,33928,24,Female,Yes,No,No,8,Yes,No,Fiber optic,No,No,Yes,No,Yes,Yes,Month-to-month,Yes,Credit card (automatic),94.45,Yes
7853-GVUDZ,Ocala,FL,34474,41,Female,No,Yes,Yes,1,Yes,No,None,No,No,No,No,No,No,Month-to-month,Yes,Credit card (automatic),20.15,Yes
7480-QNVZJ,Hollywood,FL,33021,21,Male,Yes,No,No,50,Yes,Yes,Fiber optic,No,No,No,No,Yes,Yes,Month-to-month,Yes,Electronic check,95.7,Yes
3943-KDREE,Horseshoe Beach,FL,32648,58,Female,No,No,No,26,Yes,Yes,Fiber optic,No,No,No,No,No,No,Month-to-month,Yes,Bank transfer (automatic),74.95,Yes
9239-ZBZZV,Fort Pierce,FL,34946,45,Female,No,No,No,6,No,No,DSL,No,No,Yes,No,Yes,Yes,Month-to-month,Yes,Electronic check,47.95,Yes
4398-HSCJH,Naples,FL,34105,59,Female,No,No,No,3,Yes,Yes,DSL,No,No,No,Yes,Yes,No,Month-to-month,Yes,Electronic check,63.6,Yes
4430-UZIPO,Panama City,FL,32403,21,Male,No,No,No,3,No,No,DSL,No,Yes,No,Yes,No,No,Month-to-month,Yes,Mailed check,36.85,Yes
4855-SNKMY,Madison,FL,32340,41,Female,No,No,No,1,Yes,No,DSL,No,No,No,No,No,No,Month-to-month,Yes,Electronic check,44.1,Yes
8008-HAWED,Aripeka,FL,34679,58,Male,No,No,No,14,No,No,DSL,No,No,Yes,No,Yes,Yes,Month-to-month,Yes,Electronic check,50.75,Yes
7124-UGSUR,Dania,FL,33004,55,Female,Yes,Yes,No,61,Yes,Yes,Fiber optic,No,Yes,Yes,No,Yes,Yes,One year,Yes,Credit card (automatic),104.4,Yes
1862-SKORY,Saint Petersburg,FL,33704,52,Female,Yes,Yes,No,40,No,No,DSL,No,Yes,No,No,Yes,No,Month-to-month,Yes,Electronic check,39.3,Yes
1502-XFCVR,West Palm Beach,FL,33409,46,Female,No,No,No,58,Yes,No,Fiber optic,Yes,Yes,Yes,No,Yes,Yes,One year,Yes,Electronic check,106.45,Yes
9692-TUSXH,Sarasota,FL,34232,24,Female,No,No,No,18,Yes,No,Fiber optic,Yes,No,No,No,Yes,Yes,Month-to-month,Yes,Electronic check,96.05,Yes
7912-SYRQT,Boca Raton,FL,33432,58,Female,No,No,No,7,Yes,Yes,Fiber optic,No,No,No,No,No,No,Month-to-month,Yes,Bank transfer (automatic),75.1,Yes
4816-JBHOV,Panama City,FL,32408,54,Male,Yes,No,No,2,Yes,No,DSL,No,No,No,No,No,No,Month-to-month,Yes,Electronic check,44.7,Yes
8292-TYSPY,Holt,FL,32564,53,Male,No,No,No,19,Yes,No,DSL,No,No,Yes,Yes,No,No,Month-to-month,Yes,Credit card (automatic),55,Yes
1867-BDVFH,Kissimmee,FL,34759,40,Male,No,Yes,No,11,Yes,Yes,Fiber optic,No,No,No,No,No,No,Month-to-month,Yes,Electronic check,74.35,Yes
2359-QWQUL,West Palm Beach,FL,33412,48,Female,No,Yes,No,39,Yes,No,Fiber optic,Yes,No,Yes,Yes,Yes,Yes,One year,Yes,Credit card (automatic),104.7,Yes
9103-TCIHJ,Clearwater,FL,33762,55,Female,No,No,No,15,Yes,Yes,DSL,Yes,No,No,No,No,No,Month-to-month,Yes,Mailed check,55.7,Yes
4140-WJAWW,Okeechobee,FL,34974,39,Female,No,No,No,5,Yes,No,None,No,No,No,No,No,No,Month-to-month,No,Credit card (automatic),19.85,Yes
6653-CBBOM,Pensacola,FL,32534,64,Female,No,No,No,1,Yes,No,Fiber optic,No,No,No,No,No,No,Month-to-month,Yes,Electronic check,70.3,Yes
3247-ZVOUO,Davenport,FL,33897,27,Male,Yes,Yes,No,10,Yes,Yes,Fiber optic,No,No,No,No,No,Yes,Month-to-month,No,Electronic check,85.55,Yes
6101-IMRMM,Fort Lauderdale,FL,33330,36,Male,No,No,No,6,Yes,No,Fiber optic,No,No,Yes,No,Yes,Yes,Month-to-month,No,Mailed check,94.5,Yes
1268-ASBGA,Pahokee,FL,33476,37,Female,Yes,Yes,No,16,Yes,Yes,Fiber optic,No,No,No,No,No,Yes,Month-to-month,Yes,Credit card (automatic),85.35,Yes
8943-URTMR,Pensacola,FL,32511,51,Female,No,No,No,2,Yes,No,Fiber optic,No,No,No,No,Yes,No,Month-to-month,Yes,Mailed check,79.65,Yes
4713-LZDRV,Cape Coral,FL,33914,32,Female,Yes,No,No,2,Yes,No,Fiber optic,No,No,No,No,No,Yes,Month-to-month,Yes,Electronic check,79.6,Yes
4325-NFSKC,Clearwater,FL,33755,21,Male,Yes,No,No,19,Yes,Yes,Fiber optic,Yes,No,No,No,Yes,No,Month-to-month,Yes,Electronic check,90.6,Yes
2955-PSXOE,Laurel Hill,FL,32567,36,Female,No,No,No,1,Yes,No,None,No,No,No,No,No,No,Month-to-month,Yes,Bank transfer (automatic),20.2,Yes
7762-URZQH,Miami Beach,FL,33141,53,Male,No,Yes,No,66,Yes,Yes,Fiber optic,Yes,No,Yes,No,Yes,Yes,Two year,Yes,Credit card (automatic),106.05,Yes
6907-NZZIJ,Interlachen,FL,32148,57,Female,No,No,No,36,Yes,Yes,Fiber optic,No,Yes,No,No,Yes,Yes,Month-to-month,Yes,Electronic check,99.15,Yes
2911-UREFD,Boynton Beach,FL,33436,30,Female,No,Yes,No,39,No,No,DSL,Yes,No,Yes,No,Yes,Yes,Month-to-month,No,Electronic check,55.9,Yes
3744-ZRRDZ,Fort Lauderdale,FL,33321,30,Male,No,No,No,21,Yes,Yes,Fiber optic,No,Yes,No,No,No,No,Month-to-month,Yes,Electronic check,82.35,Yes
5673-TIYIB,Bradenton,FL,34211,51,Male,No,No,No,2,No,No,DSL,No,Yes,Yes,Yes,No,No,Month-to-month,Yes,Credit card (automatic),40.4,Yes
1602-IJQQE,Orlando,FL,32824,41,Female,No,No,No,4,Yes,Yes,Fiber optic,No,No,No,No,No,No,Month-to-month,No,Electronic check,75.35,Yes
4628-WQCQQ,Floral City,FL,34436,28,Male,No,No,No,35,Yes,No,Fiber optic,No,No,Yes,No,Yes,No,One year,Yes,Electronic check,85.15,Yes
1644-IRKSF,Saint Petersburg,FL,33714,61,Female,No,Yes,No,33,Yes,No,Fiber optic,No,No,Yes,No,Yes,Yes,One year,Yes,Electronic check,93.8,Yes
3705-PSNGL,Tampa,FL,33613,46,Male,No,No,No,45,Yes,No,None,No,No,No,No,No,No,One year,Yes,Electronic check,20.4,Yes
6502-HCJTI,Hollywood,FL,33025,33,Male,Yes,Yes,No,7,Yes,Yes,Fiber optic,Yes,Yes,No,No,No,Yes,Month-to-month,Yes,Credit card (automatic),94.7,Yes
2606-RMDHZ,Tallahassee,FL,32311,26,Male,No,No,No,6,No,No,DSL,No,Yes,No,No,No,No,Month-to-month,Yes,Credit card (automatic),30.5,Yes
8258-GSTJK,Pensacola,FL,32501,39,Male,Yes,No,No,3,Yes,Yes,Fiber optic,No,No,No,No,No,No,Month-to-month,Yes,Electronic check,77,Yes
6861-OKBCE,Miami,FL,33134,53,Female,No,No,Yes,11,Yes,No,None,No,No,No,No,No,No,Month-to-month,No,Credit card (automatic),20.1,Yes
9940-RHLFB,West Palm Beach,FL,33401,27,Female,No,No,No,1,Yes,No,Fiber optic,No,No,Yes,No,No,No,Month-to-month,No,Electronic check,75.3,Yes
2995-UPRYS,Riverview,FL,33569,62,Female,Yes,Yes,No,40,Yes,No,Fiber optic,No,Yes,No,Yes,Yes,Yes,One year,Yes,Credit card (automatic),99.2,Yes
6686-YPGHK,Ormond Beach,FL,32174,44,Male,Yes,No,No,47,Yes,No,Fiber optic,Yes,No,No,No,No,Yes,Month-to-month,No,Mailed check,85.5,Yes
1383-EZRWL,Saint Petersburg,FL,33704,37,Female,No,No,No,7,Yes,No,None,No,No,No,No,No,No,Month-to-month,No,Mailed check,20.05,Yes
4759-TRPLW,Miami,FL,33180,50,Male,No,No,No,1,Yes,No,Fiber optic,No,No,No,No,No,No,Month-to-month,No,Electronic check,70.4,Yes
8563-IIOXK,Port Richey,FL,34668,55,Male,No,Yes,No,7,Yes,No,DSL,Yes,No,No,No,No,No,One year,Yes,Electronic check,49.75,Yes
8020-BWHYL,Sanford,FL,32773,58,Female,Yes,No,No,15,Yes,No,Fiber optic,No,Yes,No,No,No,No,Month-to-month,Yes,Credit card (automatic),75.3,Yes
2982-VPSGI,Vero Beach,FL,32963,26,Female,No,Yes,No,11,Yes,Yes,Fiber optic,No,No,No,No,Yes,Yes,Month-to-month,Yes,Electronic check,94,Yes
8199-ZLLSA,Port Saint Lucie,FL,34952,40,Male,No,No,No,67,Yes,Yes,Fiber optic,Yes,Yes,Yes,Yes,Yes,Yes,One year,Yes,Bank transfer (automatic),118.35,Yes
4625-EWPTF,Alva,FL,33920,49,Male,No,No,No,8,No,No,DSL,Yes,No,No,No,No,No,Month-to-month,Yes,Electronic check,30.45,Yes
5980-NOPLP,Tampa,FL,33635,21,Female,No,Yes,No,44,Yes,Yes,Fiber optic,No,No,No,No,Yes,Yes,Month-to-month,Yes,Electronic check,96.1,Yes
6892-XPFPU,Naples,FL,34116,64,Male,Yes,Yes,No,24,Yes,Yes,Fiber optic,No,Yes,Yes,No,Yes,Yes,Month-to-month,Yes,Electronic check,104.25,Yes
8010-EZLOU,Saint Augustine,FL,32080,54,Male,Yes,No,No,15,Yes,Yes,Fiber optic,No,Yes,No,No,No,No,Month-to-month,Yes,Electronic check,80.2,Yes
9874-QLCLH,Dover,FL,33527,46,Female,No,Yes,No,17,Yes,Yes,Fiber optic,Yes,No,Yes,No,Yes,Yes,Month-to-month,Yes,Electronic check,104.2,Yes
8062-YBDOE,Howey In The Hills,FL,34737,42,Male,Yes,No,No,1,Yes,No,Fiber optic,No,No,No,No,No,No,Month-to-month,Yes,Electronic check,69.65,Yes
6000-APYLU,Fort Pierce,FL,34945,32,Male,No,No,No,9,Yes,No,Fiber optic,No,No,No,No,No,Yes,Month-to-month,Yes,Electronic check,80.8,Yes
0947-IDHRQ,Lawtey,FL,32058,23,Female,No,No,No,7,Yes,No,Fiber optic,No,No,No,No,Yes,No,Month-to-month,Yes,Mailed check,80.3,Yes
3672-YITQD,Naples,FL,34119,51,Male,Yes,Yes,No,36,Yes,Yes,Fiber optic,No,No,No,No,No,Yes,Month-to-month,Yes,Electronic check,84.1,Yes
9048-JVYVF,Palm Bay,FL,32908,63,Male,No,No,No,3,Yes,No,DSL,No,No,No,Yes,Yes,Yes,Month-to-month,Yes,Electronic check,69.35,Yes
8988-ECPJR,Lake Worth Beach,FL,33460,21,Female,Yes,Yes,No,34,Yes,Yes,Fiber optic,No,Yes,No,No,No,No,Month-to-month,Yes,Mailed check,79.6,Yes
3776-EKTKM,Orlando,FL,32839,59,Female,Yes,No,No,1,No,No,DSL,No,No,No,No,Yes,No,Month-to-month,Yes,Electronic check,36.45,Yes
1902-XBTFB,Orlando,FL,32817,62,Male,No,No,No,22,Yes,No,Fiber optic,No,Yes,Yes,No,Yes,No,Month-to-month,Yes,Electronic check,89.4,Yes
0643-OKLRP,Jacksonville,FL,32216,27,Female,Yes,Yes,No,47,Yes,Yes,Fiber optic,Yes,No,No,No,No,No,Month-to-month,No,Electronic check,80.35,Yes
9381-NDKME,Eglin Afb,FL,32542,23,Female,Yes,Yes,No,24,No,No,DSL,No,No,Yes,No,No,Yes,Month-to-month,Yes,Credit card (automatic),40.65,Yes
2794-XIMMO,Ocala,FL,34482,51,Male,No,Yes,No,53,No,No,DSL,No,Yes,Yes,Yes,Yes,Yes,One year,Yes,Electronic check,60.45,Yes
8382-SHQEH,San Antonio,FL,33576,38,Female,No,Yes,No,8,Yes,Yes,Fiber optic,No,No,No,No,No,Yes,Month-to-month,Yes,Electronic check,84.9,Yes
2983-ZANRP,Yulee,FL,32097,32,Female,No,Yes,No,2,Yes,No,Fiber optic,No,Yes,No,No,No,No,Month-to-month,Yes,Bank transfer (automatic),73.55,Yes
7845-URHJN,Cape Coral,FL,33990,54,Female,No,Yes,No,8,Yes,No,None,No,No,No,No,No,No,Month-to-month,No,Bank transfer (automatic),20.15,Yes
3034-ZBEQN,Fort Myers,FL,33916,41,Female,No,Yes,No,48,No,No,DSL,No,Yes,Yes,No,No,No,One year,No,Mailed check,34.7,Yes
8327-LZKAS,Center Hill,FL,33514,57,Female,Yes,Yes,No,43,Yes,Yes,Fiber optic,No,No,Yes,Yes,Yes,Yes,One year,Yes,Electronic check,107.55,Yes
1075-BGWOH,Valrico,FL,33594,33,Male,Yes,Yes,No,16,Yes,Yes,Fiber optic,No,No,Yes,No,Yes,Yes,Month-to-month,Yes,Electronic check,98.75,Yes
0302-JOIVN,Greenwood,FL,32443,32,Female,No,Yes,No,8,Yes,No,Fiber optic,No,Yes,Yes,No,Yes,Yes,Month-to-month,No,Electronic check,101.15,Yes
5366-IJEQJ,Winter Haven,FL,33884,55,Male,No,No,No,20,Yes,Yes,Fiber optic,No,No,Yes,No,Yes,No,Month-to-month,Yes,Electronic check,88.7,Yes
1981-INRFU,Earleton,FL,32631,42,Female,No,No,No,2,Yes,No,Fiber optic,No,No,No,No,Yes,No,Month-to-month,Yes,Electronic check,79.75,Yes
4971-PUYQO,Jacksonville,FL,32246,19,Female,No,No,No,27,Yes,Yes,Fiber optic,No,No,No,No,Yes,Yes,Month-to-month,Yes,Mailed check,94.55,Yes
8485-GJCDN,North Port,FL,34287,31,Female,Yes,No,No,5,Yes,No,Fiber optic,No,No,No,No,No,No,Month-to-month,Yes,Mailed check,69.05,Yes
1527-SXDPN,Miami Gardens,FL,33056,48,Male,No,Yes,No,52,Yes,Yes,Fiber optic,No,No,Yes,Yes,No,Yes,Two year,Yes,Bank transfer (automatic),96.25,Yes
6029-WTIPC,Deltona,FL,32725,26,Male,Yes,No,No,37,Yes,Yes,Fiber optic,No,No,Yes,No,Yes,Yes,Month-to-month,Yes,Electronic check,101.1,Yes
8634-CILSZ,Placida,FL,33946,34,Male,No,No,No,69,Yes,Yes,Fiber optic,No,Yes,No,Yes,Yes,Yes,One year,Yes,Bank transfer (automatic),104.7,Yes
6682-QJDGB,Hudson,FL,34667,58,Male,No,No,Yes,40,Yes,No,DSL,Yes,Yes,No,No,No,No,Month-to-month,Yes,Mailed check,55.25,Yes
8780-IXSTS,Pompano Beach,FL,33069,62,Female,No,No,No,6,Yes,Yes,Fiber optic,No,Yes,No,No,Yes,No,Month-to-month,Yes,Electronic check,90.1,Yes
9530-EHPOH,Hollywood,FL,33023,58,Male,No,No,No,11,Yes,Yes,DSL,No,No,Yes,No,No,No,Month-to-month,No,Electronic check,53.75,Yes
0345-HKJVM,Madison,FL,32340,37,Female,No,No,No,6,Yes,No,Fiber optic,No,No,No,No,Yes,Yes,Month-to-month,No,Electronic check,89.3,Yes
3049-SOLAY,Fort Lauderdale,FL,33312,40,Female,No,Yes,No,3,Yes,Yes,Fiber optic,No,No,No,No,Yes,Yes,Month-to-month,Yes,Electronic check,95.2,Yes
3317-HRTNN,Pensacola,FL,32506,30,Female,Yes,No,No,5,No,No,DSL,No,No,No,No,Yes,Yes,Month-to-month,No,Electronic check,45.7,Yes
3235-ETOOB,Jacksonville,FL,32277,47,Male,No,Yes,No,8,Yes,No,Fiber optic,Yes,No,No,No,No,No,Month-to-month,Yes,Electronic check,74.5,Yes
8058-INTPH,Sarasota,FL,34236,36,Female,No,No,No,1,Yes,No,Fiber optic,No,No,No,No,Yes,No,Month-to-month,Yes,Electronic check,79.65,Yes
5569-OUICF,Jupiter,FL,33458,36,Female,Yes,Yes,No,28,Yes,Yes,Fiber optic,No,No,No,Yes,Yes,Yes,Month-to-month,Yes,Credit card (automatic),101.3,Yes
8821-XNHVZ,Wauchula,FL,33873,44,Female,No,Yes,No,1,Yes,No,Fiber optic,No,No,No,No,Yes,No,Month-to-month,Yes,Mailed check,80.05,Yes
2082-OJVTK,Hawthorne,FL,32640,49,Male,No,Yes,No,29,Yes,Yes,Fiber optic,No,No,Yes,No,No,Yes,Month-to-month,Yes,Electronic check,89.2,Yes
5940-NFXKV,Hollywood,FL,33023,47,Male,No,Yes,No,19,Yes,Yes,Fiber optic,No,No,No,No,No,Yes,Month-to-month,Yes,Electronic check,83.65,Yes
8053-WWDRO,Tampa,FL,33620,46,Female,No,Yes,No,6,Yes,No,None,No,No,No,No,No,No,Month-to-month,No,Bank transfer (automatic),19.5,Yes
9564-KCLHR,Saint Petersburg,FL,33716,23,Male,No,No,No,1,Yes,No,DSL,No,No,No,Yes,No,No,Month-to-month,No,Mailed check,51.25,Yes
2082-CEFLT,Wesley Chapel,FL,33544,53,Male,No,No,No,1,Yes,No,DSL,No,No,No,No,No,No,Month-to-month,Yes,Electronic check,45.6,Yes
1213-NGCUN,Islamorada,FL,33036,54,Female,No,No,No,6,Yes,No,DSL,No,No,No,Yes,No,No,Month-to-month,Yes,Bank transfer (automatic),49.65,Yes
5688-KZTSN,Dunedin,FL,34698,53,Male,No,Yes,Yes,15,Yes,No,None,No,No,No,No,No,No,Month-to-month,Yes,Electronic check,20,Yes
2894-QOJRX,Naples,FL,34105,43,Female,No,Yes,No,25,No,No,DSL,No,No,No,No,Yes,No,Month-to-month,Yes,Bank transfer (automatic),34,Yes
5747-PMBSQ,Jupiter,FL,33478,20,Male,Yes,Yes,No,10,Yes,No,Fiber optic,No,Yes,Yes,Yes,Yes,No,Month-to-month,Yes,Mailed check,92.5,Yes
3143-JQEGI,Orlando,FL,32832,35,Female,No,Yes,No,13,Yes,No,Fiber optic,No,No,No,No,Yes,Yes,Month-to-month,No,Electronic check,88.35,Yes
6386-SZZKH,Fort Myers,FL,33912,41,Female,No,Yes,No,49,Yes,Yes,Fiber optic,No,Yes,Yes,Yes,Yes,Yes,Two year,Yes,Bank transfer (automatic),107.95,Yes
2982-IHMFT,Gulf Hammock,FL,32639,30,Female,Yes,No,No,1,Yes,Yes,Fiber optic,No,No,No,No,No,No,Month-to-month,Yes,Mailed check,74.45,Yes
3521-SYVOR,Cocoa,FL,32922,27,Female,No,No,No,37,Yes,No,DSL,No,No,No,No,Yes,Yes,Month-to-month,Yes,Electronic check,64.75,Yes
9526-JAWYF,Gainesville,FL,32608,35,Male,No,No,No,26,Yes,No,Fiber optic,No,Yes,Yes,No,Yes,No,Month-to-month,No,Electronic check,89.8,Yes
5649-VUKMC,Lehigh Acres,FL,33936,54,Female,No,No,No,12,Yes,No,Fiber optic,No,No,Yes,No,Yes,Yes,One year,No,Mailed check,95.5,Yes
5143-EGQFK,Sarasota,FL,34240,50,Female,Yes,No,No,10,No,No,DSL,No,No,No,Yes,No,No,Month-to-month,Yes,Electronic check,29.65,Yes
4919-IKATY,Land O Lakes,FL,34639,42,Male,No,Yes,No,5,Yes,Yes,Fiber optic,Yes,No,Yes,No,No,No,Month-to-month,Yes,Electronic check,84.5,Yes
9050-QLROH,Largo,FL,33778,34,Male,No,No,No,18,Yes,Yes,Fiber optic,No,No,Yes,No,No,Yes,Month-to-month,Yes,Credit card (automatic),90.7,Yes
6168-WFVVF,Madison,FL,32340,33,Female,Yes,No,No,3,Yes,No,Fiber optic,No,No,No,No,No,No,Month-to-month,Yes,Electronic check,70.3,Yes
0877-SDMBN,San Mateo,FL,32187,44,Female,No,No,No,54,Yes,Yes,Fiber optic,Yes,No,Yes,No,Yes,Yes,One year,Yes,Bank transfer (automatic),103.95,Yes
8065-YKXKD,Lakeshore,FL,33854,35,Female,No,No,No,10,Yes,Yes,Fiber optic,No,No,No,No,No,No,Month-to-month,Yes,Electronic check,74.75,Yes
9637-EIHEQ,Estero,FL,33928,28,Female,No,No,No,1,Yes,No,DSL,No,No,No,Yes,No,No,Month-to-month,Yes,Electronic check,50.8,Yes
9689-PTNPG,Edgewater,FL,32141,58,Male,No,No,No,2,Yes,No,Fiber optic,No,No,No,No,Yes,No,Month-to-month,Yes,Electronic check,80.25,Yes
9465-RWMXL,Miami,FL,33131,49,Male,No,Yes,No,32,Yes,Yes,Fiber optic,No,No,Yes,No,No,No,Month-to-month,Yes,Electronic check,78.9,Yes
2362-IBOOY,Fort Lauderdale,FL,33314,38,Male,No,No,No,36,Yes,Yes,Fiber optic,No,No,No,No,No,Yes,Month-to-month,Yes,Electronic check,84.75,Yes
0843-WTBXE,Delray Beach,FL,33446,47,Male,No,No,No,53,Yes,Yes,Fiber optic,No,No,No,No,Yes,No,Month-to-month,No,Bank transfer (automatic),85.45,Yes
5515-IDEJJ,Gainesville,FL,32653,34,Male,No,Yes,Yes,1,Yes,No,None,No,No,No,No,No,No,Month-to-month,No,Mailed check,19.9,Yes
7450-NWRTR,Pinellas Park,FL,33782,28,Male,Yes,No,No,12,Yes,Yes,Fiber optic,No,No,Yes,No,Yes,Yes,Month-to-month,Yes,Electronic check,99.45,Yes
5376-DEQCP,Hialeah,FL,33016,43,Female,No,No,No,1,Yes,No,Fiber optic,No,No,No,No,No,No,Month-to-month,Yes,Electronic check,70.6,Yes
9095-HFAFX,Apollo Beach,FL,33572,23,Female,No,No,No,5,Yes,No,Fiber optic,No,No,No,No,Yes,No,Month-to-month,Yes,Credit card (automatic),81,Yes
2379-ENZGV,Ormond Beach,FL,32174,63,Male,No,No,No,6,Yes,No,Fiber optic,No,Yes,No,No,Yes,No,Month-to-month,Yes,Electronic check,84.85,Yes
6005-OBZPH,Port Orange,FL,32128,39,Female,Yes,No,No,26,Yes,Yes,Fiber optic,No,Yes,No,No,Yes,No,Month-to-month,Yes,Electronic check,89.15,Yes
7932-WPTDS,Intercession City,FL,33848,51,Female,Yes,Yes,No,1,No,No,DSL,No,No,No,No,No,No,Month-to-month,Yes,Electronic check,24.8,Yes
2722-VOJQL,Jacksonville,FL,32209,19,Male,No,No,No,64,Yes,Yes,Fiber optic,No,Yes,No,Yes,Yes,Yes,One year,Yes,Credit card (automatic),105.65,Yes
5228-EXCET,Brooksville,FL,34614,34,Male,No,No,No,13,Yes,No,Fiber optic,No,No,No,No,No,Yes,Month-to-month,Yes,Electronic check,80.85,Yes
7394-FKDNK,New Port Richey,FL,34654,39,Female,No,Yes,No,9,Yes,No,Fiber optic,No,No,No,No,Yes,Yes,Month-to-month,No,Electronic check,89.45,Yes
6331-LWDTQ,Sarasota,FL,34232,27,Male,No,No,No,10,Yes,Yes,DSL,No,No,No,No,Yes,Yes,Month-to-month,Yes,Credit card (automatic),72.15,Yes
1597-FZREH,Port Richey,FL,34668,20,Female,No,No,No,2,Yes,No,DSL,No,No,Yes,Yes,Yes,Yes,Month-to-month,No,Electronic check,76.4,Yes
7000-WCEVQ,Bascom,FL,32423,36,Female,Yes,No,No,20,Yes,Yes,DSL,No,No,No,No,No,Yes,Month-to-month,Yes,Mailed check,61.6,Yes
0727-IWKVK,Moore Haven,FL,33471,62,Male,No,Yes,No,9,Yes,No,Fiber optic,No,Yes,Yes,No,No,No,Month-to-month,Yes,Electronic check,79.9,Yes
5959-BELXA,Steinhatchee,FL,32359,37,Male,Yes,No,No,32,Yes,Yes,Fiber optic,No,No,No,No,Yes,Yes,Month-to-month,Yes,Credit card (automatic),96.15,Yes
3512-IZIKN,North Port,FL,34289,20,Female,No,Yes,No,70,Yes,Yes,DSL,Yes,No,Yes,Yes,No,No,Two year,No,Credit card (automatic),65.3,Yes
6141-OOXUQ,Summerfield,FL,34491,50,Male,No,No,No,1,Yes,No,None,No,No,No,No,No,No,Month-to-month,No,Mailed check,19.65,Yes
7503-ZGUZJ,Lake Alfred,FL,33850,28,Male,No,No,No,1,Yes,Yes,Fiber optic,No,No,No,No,Yes,No,Month-to-month,Yes,Mailed check,84.65,Yes
2506-TNFCO,North Port,FL,34286,61,Female,Yes,Yes,No,1,Yes,No,Fiber optic,No,No,No,No,No,No,Month-to-month,Yes,Electronic check,69.55,Yes
8718-PTMEZ,Key West,FL,33040,53,Female,No,No,No,13,No,No,DSL,No,Yes,No,No,No,No,Month-to-month,Yes,Electronic check,31.05,Yes
2207-OBZNX,Callahan,FL,32011,30,Male,No,No,No,7,Yes,No,DSL,Yes,No,No,No,No,No,Month-to-month,Yes,Mailed check,51,Yes
6142-VSJQO,Hollywood,FL,33023,19,Female,No,Yes,Yes,1,Yes,No,DSL,No,No,No,No,No,No,Month-to-month,Yes,Bank transfer (automatic),44.35,Yes
6437-UKHMV,Miami,FL,33186,27,Female,No,No,No,7,Yes,No,Fiber optic,No,No,No,No,Yes,No,Month-to-month,Yes,Electronic check,79.7,Yes
1114-CENIM,Naples,FL,34116,36,Male,No,No,Yes,54,Yes,Yes,DSL,No,Yes,No,No,No,No,Month-to-month,Yes,Credit card (automatic),55,Yes
6060-DRTNL,Zolfo Springs,FL,33890,35,Female,Yes,No,No,5,Yes,No,Fiber optic,No,No,Yes,No,Yes,No,Month-to-month,Yes,Mailed check,84.85,Yes
8473-VUVJN,Bradenton,FL,34209,52,Male,Yes,No,No,1,Yes,Yes,Fiber optic,No,No,No,No,No,No,Month-to-month,Yes,Electronic check,73.65,Yes
6289-CPNLD,Graceville,FL,32440,21,Male,No,Yes,No,33,Yes,No,DSL,No,No,Yes,Yes,Yes,Yes,One year,Yes,Mailed check,73.9,Yes
5536-SLHPM,Polk City,FL,33868,47,Female,No,Yes,No,55,Yes,Yes,Fiber optic,No,No,Yes,No,No,No,Month-to-month,Yes,Electronic check,77.75,Yes
0196-VULGZ,Saint Augustine,FL,32092,44,Female,Yes,Yes,No,6,Yes,Yes,Fiber optic,No,No,No,No,No,Yes,Month-to-month,Yes,Electronic check,84.35,Yes
8837-VVWLQ,Cape Coral,FL,33990,62,Female,No,No,No,8,Yes,No,Fiber optic,Yes,No,No,No,Yes,No,Month-to-month,No,Electronic check,84.95,Yes
2696-NARTR,Clermont,FL,34714,49,Male,No,No,No,11,Yes,No,Fiber optic,No,No,No,Yes,No,No,Month-to-month,Yes,Electronic check,73.85,Yes
7614-QVWQL,Sopchoppy,FL,32358,45,Male,No,Yes,No,49,No,No,DSL,No,Yes,No,No,Yes,Yes,One year,Yes,Bank transfer (automatic),51.8,Yes
1976-CFOCS,Oldsmar,FL,34677,51,Female,Yes,Yes,No,1,Yes,No,DSL,No,No,No,No,No,No,Month-to-month,No,Electronic check,46,Yes
4631-OACRM,Orlando,FL,32812,42,Male,Yes,No,No,15,Yes,No,Fiber optic,No,No,No,No,No,Yes,Month-to-month,Yes,Electronic check,79.4,Yes
3755-JBMNH,Merritt Island,FL,32953,56,Male,Yes,Yes,No,16,Yes,No,Fiber optic,No,No,No,No,No,No,Month-to-month,Yes,Bank transfer (automatic),71.8,Yes
6345-ULYRW,Jacksonville,FL,32246,55,Male,Yes,Yes,No,44,Yes,Yes,Fiber optic,No,Yes,No,No,No,Yes,One year,No,Mailed check,88.4,Yes
1809-DMJHQ,Saint Petersburg,FL,33715,50,Female,No,No,Yes,5,Yes,No,DSL,No,No,No,No,No,No,Month-to-month,No,Mailed check,46,Yes
6923-EFPNL,Tavernier,FL,33070,58,Male,No,No,No,4,Yes,Yes,DSL,No,No,No,No,No,No,Month-to-month,No,Credit card (automatic),51.75,Yes
9574-RKJIF,Lakeland,FL,33811,44,Male,No,Yes,No,30,Yes,Yes,Fiber optic,Yes,Yes,No,No,Yes,No,Month-to-month,Yes,Electronic check,94.4,Yes
2619-WFQWU,Inglis,FL,34449,20,Female,No,No,No,1,Yes,No,Fiber optic,No,No,No,No,No,No,Month-to-month,Yes,Mailed check,70.15,Yes
0778-NELLA,Orlando,FL,32805,39,Male,No,No,No,9,No,No,DSL,No,No,No,No,Yes,No,Month-to-month,Yes,Credit card (automatic),34.7,Yes
4614-NUVZD,Bradenton,FL,34212,59,Female,No,No,No,1,Yes,No,Fiber optic,No,No,No,No,No,Yes,Month-to-month,Yes,Electronic check,81.1,Yes
3803-KMQFW,Opa Locka,FL,33054,62,Female,No,Yes,Yes,1,Yes,No,None,No,No,No,No,No,No,Month-to-month,No,Mailed check,20.55,Yes
6804-GDMOI,Pompano Beach,FL,33062,38,Female,No,No,No,61,Yes,Yes,Fiber optic,No,No,Yes,Yes,Yes,Yes,Two year,Yes,Electronic check,106.6,Yes
9572-MTILT,Bonita Springs,FL,34134,54,Male,No,Yes,No,59,Yes,Yes,Fiber optic,Yes,Yes,Yes,Yes,Yes,No,Month-to-month,Yes,Electronic check,106.75,Yes
9611-CTWIH,Miami,FL,33136,53,Female,No,No,No,3,Yes,No,Fiber optic,No,No,No,No,Yes,Yes,Month-to-month,Yes,Electronic check,89.45,Yes
0329-GTIAJ,Miami,FL,33133,33,Female,No,No,No,3,Yes,No,Fiber optic,No,Yes,No,Yes,Yes,Yes,Month-to-month,Yes,Electronic check,97.9,Yes
6629-CZTTH,Waldo,FL,32694,51,Male,No,No,No,1,Yes,No,DSL,No,No,No,No,No,Yes,Month-to-month,Yes,Mailed check,55.7,Yes
5364-EVNIB,Center Hill,FL,33514,34,Male,No,No,No,13,Yes,No,Fiber optic,No,Yes,Yes,No,No,No,Month-to-month,Yes,Electronic check,79.8,Yes
5087-SUURX,Brandon,FL,33510,32,Female,No,Yes,No,18,No,No,DSL,No,No,Yes,No,Yes,No,Month-to-month,Yes,Electronic check,39.05,Yes
0013-EXCHZ,Sebring,FL,33875,21,Female,Yes,Yes,No,3,Yes,No,Fiber optic,No,No,No,Yes,Yes,No,Month-to-month,Yes,Mailed check,83.9,Yes
5550-VFRLC,Spring Hill,FL,34607,46,Female,Yes,No,No,1,Yes,No,Fiber optic,No,No,No,No,No,No,Month-to-month,Yes,Electronic check,69.85,Yes
4929-BSTRX,Florahome,FL,32140,55,Female,No,No,No,1,Yes,No,DSL,No,No,No,No,Yes,No,Month-to-month,Yes,Mailed check,53.55,Yes
2225-ZRGSG,Lake Mary,FL,32746,23,Female,No,Yes,No,70,Yes,Yes,Fiber optic,Yes,Yes,Yes,Yes,No,No,Two year,No,Bank transfer (automatic),93.9,Yes
5271-YNWVR,Apopka,FL,32703,61,Male,No,Yes,No,68,Yes,Yes,Fiber optic,Yes,Yes,Yes,Yes,Yes,Yes,Two year,Yes,Electronic check,113.15,Yes
2657-ALMWY,Clearwater,FL,33755,30,Female,Yes,Yes,No,26,Yes,No,Fiber optic,No,Yes,No,No,No,Yes,Month-to-month,No,Electronic check,84.95,Yes
6330-JKLPC,Cottondale,FL,32431,19,Male,No,Yes,No,11,Yes,Yes,Fiber optic,No,Yes,No,No,No,No,Month-to-month,Yes,Bank transfer (automatic),80.5,Yes
4667-OHGKG,Estero,FL,33928,37,Male,No,No,No,1,Yes,No,None,No,No,No,No,No,No,Month-to-month,Yes,Mailed check,19.3,Yes
1660-HSOOQ,Sanderson,FL,32087,32,Male,No,No,No,1,Yes,No,DSL,No,No,Yes,No,No,No,Month-to-month,Yes,Mailed check,49.65,Yes
7253-UVNDW,Saint Augustine,FL,32092,44,Female,No,No,No,46,Yes,No,DSL,No,No,Yes,Yes,No,No,Two year,No,Credit card (automatic),54.35,Yes
7228-OMTPN,Tampa,FL,33620,57,Male,No,No,No,4,Yes,No,Fiber optic,No,No,No,No,Yes,Yes,Month-to-month,Yes,Electronic check,88.45,Yes
6284-AHOOQ,Spring Hill,FL,34607,41,Male,Yes,No,No,22,Yes,Yes,Fiber optic,No,No,No,Yes,Yes,No,Month-to-month,Yes,Bank transfer (automatic),90.5,Yes
2344-JMOGN,Gibsonton,FL,33534,37,Male,No,Yes,No,9,Yes,No,Fiber optic,No,Yes,Yes,Yes,Yes,No,Month-to-month,Yes,Mailed check,94.85,Yes
3799-ISUZQ,Live Oak,FL,32064,35,Male,No,Yes,No,7,Yes,No,Fiber optic,No,No,No,No,No,No,Month-to-month,Yes,Bank transfer (automatic),69.95,Yes
1794-HBQTJ,Homestead,FL,33032,31,Female,No,No,No,1,Yes,No,DSL,Yes,No,No,No,No,No,Month-to-month,Yes,Credit card (automatic),48.6,Yes
2460-FPSYH,Brooksville,FL,34601,46,Female,Yes,No,No,40,No,No,DSL,Yes,Yes,No,No,Yes,Yes,Month-to-month,Yes,Electronic check,55.8,Yes
4818-DRBQT,Orlando,FL,32828,41,Male,No,Yes,No,29,Yes,Yes,Fiber optic,No,Yes,No,No,No,No,Month-to-month,Yes,Bank transfer (automatic),80.15,Yes
1320-HTRDR,Boynton Beach,FL,33435,22,Female,No,No,No,3,Yes,Yes,Fiber optic,No,No,No,No,No,No,Month-to-month,Yes,Electronic check,75.5,Yes
1493-AMTIE,Bronson,FL,32621,59,Male,No,No,No,1,Yes,No,None,No,No,No,No,No,No,Month-to-month,Yes,Bank transfer (automatic),20.2,Yes
6424-ELEYH,Tampa,FL,33617,39,Female,No,Yes,No,3,Yes,Yes,Fiber optic,No,No,No,No,No,No,Month-to-month,Yes,Credit card (automatic),74.75,Yes
4391-RESHN,Malone,FL,32445,23,Male,No,No,No,23,Yes,Yes,Fiber optic,No,No,Yes,Yes,Yes,Yes,Month-to-month,Yes,Mailed check,104.05,Yes
6821-BUXUX,Delray Beach,FL,33484,50,Female,No,No,No,13,Yes,Yes,Fiber optic,Yes,Yes,No,No,Yes,No,Month-to-month,Yes,Electronic check,96.65,Yes
5028-HTLJB,Hudson,FL,34667,54,Male,Yes,No,No,1,Yes,No,None,No,No,No,No,No,No,Month-to-month,No,Mailed check,20.05,Yes
9801-GDWGV,Ocala,FL,34482,54,Female,No,No,No,39,Yes,Yes,Fiber optic,No,Yes,Yes,No,Yes,Yes,Month-to-month,Yes,Electronic check,103.45,Yes
2320-JRSDE,Dunnellon,FL,34431,56,Female,No,Yes,Yes,1,Yes,No,None,No,No,No,No,No,No,Month-to-month,Yes,Electronic check,19.9,Yes
0601-WZHJF,Boca Raton,FL,33434,50,Male,No,Yes,No,14,No,No,DSL,No,No,No,No,Yes,Yes,Month-to-month,No,Electronic check,46.35,Yes
5143-WMWOG,Naples,FL,34103,47,Male,No,No,No,1,Yes,No,None,No,No,No,No,No,No,Month-to-month,No,Electronic check,19.95,Yes
5393-RXQSZ,Melrose,FL,32666,40,Male,No,No,No,1,Yes,No,Fiber optic,No,No,No,No,No,Yes,Month-to-month,No,Electronic check,79.6,Yes
0231-LXVAP,Weirsdale,FL,32195,33,Male,No,No,No,1,Yes,No,Fiber optic,No,No,No,Yes,No,No,Month-to-month,Yes,Electronic check,75.9,Yes
9444-JTXHZ,Anthony,FL,32617,39,Male,No,Yes,No,1,Yes,No,Fiber optic,No,No,Yes,No,No,No,Month-to-month,No,Electronic check,76.2,Yes
5510-BOIUJ,Miami,FL,33131,60,Male,No,No,Yes,1,Yes,No,None,No,No,No,No,No,No,Month-to-month,No,Mailed check,19.25,Yes
4471-KXAUH,Cape Coral,FL,33904,35,Female,No,Yes,No,42,Yes,Yes,Fiber optic,No,No,Yes,Yes,No,No,Month-to-month,Yes,Electronic check,84.3,Yes
7638-QVMVY,Indian Rocks Beach,FL,33785,26,Female,No,No,No,7,Yes,No,Fiber optic,No,No,No,No,Yes,No,Month-to-month,Yes,Electronic check,79,Yes
3244-DCJWY,Greenville,FL,32331,32,Female,No,No,No,1,Yes,No,Fiber optic,No,No,No,No,No,No,Month-to-month,Yes,Electronic check,70.25,Yes
0875-CABNR,Miami,FL,33130,20,Female,Yes,No,No,10,Yes,No,Fiber optic,No,No,Yes,No,No,Yes,Month-to-month,Yes,Credit card (automatic),84.6,Yes
7812-FZHPE,Hialeah,FL,33016,35,Female,No,Yes,Yes,17,Yes,Yes,None,No,No,No,No,No,No,Month-to-month,No,Mailed check,24.1,Yes
4797-AXPXK,Milton,FL,32570,63,Female,No,No,Yes,1,Yes,No,DSL,Yes,Yes,No,Yes,No,No,Month-to-month,Yes,Electronic check,60,Yes
5229-PRWKT,Summerland Key,FL,33042,51,Male,No,No,No,8,Yes,Yes,Fiber optic,No,No,No,No,No,Yes,Month-to-month,Yes,Electronic check,86.55,Yes
6982-UQZLY,Gainesville,FL,32641,44,Female,Yes,Yes,No,1,Yes,No,None,No,No,No,No,No,No,Month-to-month,Yes,Mailed check,20.85,Yes
5057-LCOUI,Maitland,FL,32751,47,Female,No,No,No,39,No,No,DSL,No,No,Yes,No,Yes,Yes,Month-to-month,Yes,Electronic check,50.75,Yes
0193-ESZXP,Wacissa,FL,32361,44,Female,Yes,Yes,No,58,Yes,No,Fiber optic,Yes,Yes,No,Yes,Yes,Yes,One year,Yes,Credit card (automatic),105.5,Yes
4369-HTUIF,Hallandale,FL,33009,57,Male,Yes,No,No,6,Yes,No,Fiber optic,Yes,No,No,No,Yes,No,Month-to-month,Yes,Bank transfer (automatic),85.15,Yes
0156-FVPTA,Astatula,FL,34705,53,Male,No,Yes,No,22,Yes,No,DSL,Yes,No,No,Yes,No,No,Month-to-month,Yes,Electronic check,54.2,Yes
1984-FCOWB,Lutz,FL,33549,28,Female,No,Yes,No,70,Yes,Yes,Fiber optic,No,Yes,Yes,Yes,Yes,Yes,One year,Yes,Electronic check,109.5,Yes
0654-HMSHN,Orlando,FL,32817,36,Male,No,Yes,No,21,Yes,Yes,Fiber optic,No,Yes,Yes,No,Yes,Yes,Month-to-month,No,Electronic check,104.4,Yes
5287-QWLKY,Bartow,FL,33830,47,Male,Yes,Yes,No,71,Yes,Yes,Fiber optic,Yes,Yes,No,No,Yes,Yes,Month-to-month,Yes,Credit card (automatic),105.1,Yes
5196-SGOAK,Pensacola,FL,32514,29,Female,No,No,No,1,Yes,No,Fiber optic,No,Yes,No,No,No,No,Month-to-month,Yes,Electronic check,75.7,Yes
1891-UAWWU,Jacksonville,FL,32256,31,Female,Yes,Yes,No,20,Yes,Yes,Fiber optic,No,No,Yes,No,Yes,No,Month-to-month,No,Electronic check,90.8,Yes
6108-OQZDQ,Lithia,FL,33547,46,Female,No,Yes,No,4,Yes,Yes,Fiber optic,No,Yes,No,No,Yes,Yes,Month-to-month,Yes,Electronic check,97.95,Yes
0363-QJVFX,Jacksonville,FL,32205,23,Male,No,No,No,32,Yes,Yes,Fiber optic,Yes,Yes,No,Yes,Yes,Yes,Month-to-month,Yes,Credit card (automatic),108.15,Yes
9840-DVNDC,Mulberry,FL,33860,55,Male,No,No,No,6,Yes,No,Fiber optic,No,No,No,No,Yes,No,Month-to-month,Yes,Credit card (automatic),80.5,Yes
3096-JRDSO,Hollywood,FL,33027,38,Female,Yes,Yes,No,27,Yes,Yes,Fiber optic,Yes,No,No,Yes,Yes,Yes,Month-to-month,Yes,Bank transfer (automatic),104.3,Yes
8042-JVNFH,Pompano Beach,FL,33069,61,Male,No,No,No,1,Yes,No,Fiber optic,No,No,No,No,No,No,Month-to-month,Yes,Mailed check,71.35,Yes
3374-LXDEV,Eustis,FL,32736,35,Female,No,No,No,13,Yes,Yes,Fiber optic,No,Yes,Yes,Yes,No,No,Month-to-month,No,Electronic check,89.4,Yes
5049-GLYVG,Sebring,FL,33876,30,Male,No,No,No,1,Yes,No,None,No,No,No,No,No,No,Month-to-month,No,Mailed check,20.6,Yes
5883-GTGVD,Inlet Beach,FL,32461,21,Male,No,No,No,19,Yes,Yes,Fiber optic,No,Yes,No,No,Yes,Yes,Month-to-month,Yes,Electronic check,99.95,Yes
4817-QRJSX,West Palm Beach,FL,33417,54,Female,No,No,No,10,Yes,Yes,Fiber optic,No,Yes,No,No,No,No,Month-to-month,Yes,Credit card (automatic),81,Yes
2398-YPMUR,Naples,FL,34113,50,Female,Yes,Yes,No,13,Yes,No,Fiber optic,No,No,No,No,No,No,Month-to-month,Yes,Electronic check,70.15,Yes
9985-MWVIX,Tallahassee,FL,32399,27,Female,No,No,No,1,Yes,No,Fiber optic,No,No,No,No,No,No,Month-to-month,Yes,Mailed check,70.15,Yes
1265-XTECC,Altha,FL,32421,43,Female,Yes,Yes,No,68,Yes,Yes,Fiber optic,Yes,Yes,No,No,No,Yes,One year,Yes,Credit card (automatic),96.55,Yes
2237-ZFSMY,Crawfordville,FL,32327,45,Female,No,No,No,39,Yes,No,Fiber optic,Yes,No,Yes,Yes,Yes,No,One year,Yes,Electronic check,95.55,Yes
4871-JTKJF,Saint Cloud,FL,34772,60,Female,Yes,No,No,1,Yes,No,Fiber optic,No,No,No,No,No,No,Month-to-month,Yes,Electronic check,69.65,Yes
1415-YFWLT,Hollywood,FL,33024,40,Female,Yes,No,No,1,Yes,No,Fiber optic,No,No,No,No,Yes,Yes,Month-to-month,Yes,Electronic check,89.3,Yes
6711-VTNRE,Lake Worth,FL,33463,41,Female,No,No,No,36,Yes,No,Fiber optic,No,No,Yes,Yes,No,Yes,Month-to-month,Yes,Electronic check,87.55,Yes
3500-RMZLT,Orlando,FL,32822,29,Female,Yes,No,No,15,Yes,No,Fiber optic,Yes,No,Yes,Yes,No,Yes,Month-to-month,Yes,Mailed check,96.3,Yes
4548-SDBKE,Crystal River,FL,34429,41,Female,No,No,No,5,Yes,Yes,Fiber optic,No,No,No,No,Yes,No,Month-to-month,Yes,Electronic check,85.2,Yes
8066-POXGX,Yulee,FL,32097,55,Female,No,No,No,13,No,No,DSL,No,No,No,No,No,Yes,Month-to-month,Yes,Electronic check,35.1,Yes
4143-OOBWZ,Port Charlotte,FL,33981,35,Male,No,Yes,No,5,Yes,Yes,Fiber optic,No,Yes,No,No,No,No,Month-to-month,Yes,Electronic check,81.3,Yes
7854-EKTJL,Kissimmee,FL,34744,51,Female,No,No,Yes,2,Yes,No,None,No,No,No,No,No,No,Month-to-month,Yes,Electronic check,19.6,Yes
9102-IAYHT,Miami Beach,FL,33141,35,Female,No,Yes,No,17,Yes,Yes,Fiber optic,No,No,No,No,No,Yes,Month-to-month,Yes,Electronic check,85.45,Yes
3422-LYEPQ,Panama City Beach,FL,32413,39,Male,No,Yes,No,1,Yes,No,Fiber optic,No,No,No,No,No,No,Month-to-month,Yes,Electronic check,71,Yes
2642-DTVCO,Miami,FL,33136,33,Male,Yes,No,No,9,Yes,Yes,Fiber optic,No,No,No,No,No,Yes,Month-to-month,Yes,Electronic check,85.05,Yes
4361-JEIVL,Fort Myers,FL,33966,64,Male,No,No,Yes,1,Yes,No,DSL,No,No,No,No,No,No,Month-to-month,Yes,Electronic check,44.4,Yes
1363-TXLSL,Fort Myers,FL,33965,46,Male,Yes,Yes,No,1,Yes,No,Fiber optic,No,No,No,No,No,No,Month-to-month,Yes,Electronic check,70.3,Yes
9507-EXLTT,Gainesville,FL,32641,36,Female,No,Yes,No,1,Yes,No,Fiber optic,No,No,No,No,Yes,No,Month-to-month,Yes,Bank transfer (automatic),79.35,Yes
9846-GKXAS,Middleburg,FL,32068,37,Female,No,No,No,9,Yes,No,Fiber optic,No,No,No,No,Yes,Yes,Month-to-month,Yes,Bank transfer (automatic),90.8,Yes
6017-PPLPX,Sarasota,FL,34232,23,Male,No,Yes,No,20,Yes,No,Fiber optic,No,No,No,No,No,No,Month-to-month,Yes,Electronic check,70.45,Yes
7136-RVDTZ,Santa Rosa Beach,FL,32459,48,Male,Yes,No,No,70,No,No,DSL,No,No,No,No,Yes,Yes,One year,Yes,Electronic check,45.25,Yes
4581-SSPWD,Bronson,FL,32621,39,Female,No,No,No,3,Yes,Yes,Fiber optic,No,No,No,No,No,No,Month-to-month,Yes,Electronic check,75.8,Yes
6927-WTFIV,Tampa,FL,33635,23,Male,Yes,No,No,20,Yes,No,Fiber optic,No,No,No,No,No,No,Month-to-month,No,Credit card (automatic),71.3,Yes
3398-ZOUAA,Miami,FL,33132,35,Male,Yes,Yes,No,21,Yes,No,Fiber optic,No,No,No,No,No,No,Month-to-month,Yes,Electronic check,69.1,Yes
0378-NHQXU,Clearwater,FL,33756,25,Female,No,Yes,No,17,Yes,Yes,Fiber optic,No,No,Yes,No,Yes,No,Month-to-month,No,Electronic check,88.25,Yes
4512-ZUIYL,Delray Beach,FL,33445,58,Female,No,No,No,2,Yes,No,Fiber optic,No,No,No,No,No,No,Month-to-month,No,Bank transfer (automatic),70,Yes
7969-AULMZ,Englewood,FL,34223,33,Female,No,No,No,21,Yes,Yes,Fiber optic,No,No,No,No,Yes,Yes,Month-to-month,Yes,Electronic check,97.35,Yes
0568-ONFPC,Port Charlotte,FL,33981,30,Male,No,Yes,Yes,5,Yes,Yes,None,No,No,No,No,No,No,Month-to-month,Yes,Bank transfer (automatic),25.9,Yes
0733-VUNUW,Riverview,FL,33579,29,Male,No,No,No,24,Yes,Yes,DSL,Yes,No,No,No,No,No,Month-to-month,Yes,Bank transfer (automatic),55.65,Yes
4550-EVXNY,Sebastian,FL,32958,57,Female,No,No,No,1,Yes,No,Fiber optic,No,No,No,No,No,No,Month-to-month,Yes,Electronic check,69.65,Yes
2968-SSGAA,Deerfield Beach,FL,33442,28,Female,No,No,No,10,Yes,Yes,Fiber optic,No,No,Yes,No,Yes,Yes,Month-to-month,Yes,Electronic check,100.6,Yes
4844-JJWUY,Indiantown,FL,34956,61,Female,Yes,No,No,1,Yes,No,Fiber optic,No,Yes,No,No,No,Yes,Month-to-month,Yes,Electronic check,86,Yes
6777-TGHTM,Miami,FL,33132,31,Female,No,No,No,53,Yes,Yes,Fiber optic,Yes,No,Yes,No,Yes,Yes,One year,Yes,Credit card (automatic),106.95,Yes
3538-WZPHD,Jacksonville,FL,32212,21,Male,No,No,No,3,No,No,DSL,No,Yes,No,No,No,No,Month-to-month,Yes,Electronic check,29.6,Yes
4785-QRJHC,Inverness,FL,34452,55,Male,Yes,Yes,No,46,No,No,DSL,No,Yes,Yes,Yes,Yes,Yes,One year,Yes,Bank transfer (automatic),59.9,Yes
8610-WFCJF,Fort Valley,GA,31030,47,Female,No,Yes,No,49,Yes,Yes,Fiber optic,No,No,No,No,Yes,Yes,Month-to-month,Yes,Electronic check,95.6,Yes
4905-JEFDW,Chauncey,GA,31011,48,Male,No,No,No,11,No,No,DSL,No,No,Yes,No,Yes,No,One year,Yes,Electronic check,41.6,Yes
7881-INRLC,Enigma,GA,31749,26,Male,No,No,No,45,Yes,Yes,Fiber optic,No,Yes,No,No,Yes,Yes,Month-to-month,Yes,Credit card (automatic),100.85,Yes
0117-LFRMW,Atlanta,GA,30319,27,Male,No,Yes,Yes,37,No,No,DSL,Yes,Yes,Yes,No,No,No,Month-to-month,No,Bank transfer (automatic),40.2,Yes
6172-FECYY,Valdosta,GA,31601,27,Male,No,Yes,No,49,Yes,Yes,Fiber optic,No,No,No,No,Yes,No,Month-to-month,No,Electronic check,84.5,Yes
1965-AKTSX,Atlanta,GA,30337,61,Female,Yes,No,No,14,Yes,Yes,Fiber optic,No,Yes,No,No,No,No,Month-to-month,Yes,Electronic check,78.95,Yes
4786-UKSNZ,Arnoldsville,GA,30619,29,Male,No,No,No,1,Yes,No,None,No,No,No,No,No,No,Month-to-month,No,Mailed check,20.2,Yes
7248-VZQLC,Nashville,GA,31639,40,Female,Yes,No,No,47,Yes,Yes,Fiber optic,No,Yes,Yes,No,No,No,Month-to-month,Yes,Bank transfer (automatic),85.2,Yes
0011-IGKFF,Rebecca,GA,31783,43,Male,Yes,Yes,No,13,Yes,No,Fiber optic,No,Yes,Yes,No,Yes,Yes,Month-to-month,Yes,Electronic check,98,Yes
4192-GORJT,Martin,GA,30557,42,Male,No,Yes,No,5,Yes,No,Fiber optic,No,No,Yes,No,Yes,Yes,Month-to-month,Yes,Electronic check,94.45,Yes
6496-SLWHQ,Commerce,GA,30529,35,Male,Yes,No,No,3,Yes,Yes,Fiber optic,No,Yes,Yes,No,Yes,Yes,Month-to-month,Yes,Electronic check,105,Yes
9912-GVSEQ,Conyers,GA,30094,41,Female,Yes,Yes,No,26,Yes,Yes,Fiber optic,No,Yes,Yes,No,No,Yes,Month-to-month,Yes,Electronic check,93.85,Yes
5383-MMTWC,Bethlehem,GA,30620,47,Female,Yes,Yes,No,8,Yes,Yes,Fiber optic,No,No,No,No,No,Yes,Month-to-month,Yes,Electronic check,84,Yes
7240-ETPTR,Statesboro,GA,30458,56,Female,No,Yes,No,9,No,No,DSL,No,No,Yes,No,Yes,Yes,Month-to-month,Yes,Electronic check,48.75,Yes
2202-CUYXZ,Arabi,GA,31712,58,Male,No,No,No,1,Yes,No,Fiber optic,No,No,Yes,No,Yes,No,Month-to-month,Yes,Electronic check,84.85,Yes
5995-OIGLP,Ailey,GA,30410,55,Male,No,No,No,12,Yes,No,DSL,Yes,No,No,Yes,No,No,Month-to-month,No,Mailed check,56.65,Yes
6261-RCVNS,Harlem,GA,30814,32,Female,No,No,No,42,Yes,No,DSL,Yes,Yes,Yes,Yes,No,Yes,One year,No,Credit card (automatic),73.9,Yes
7951-QKZPL,Mount Airy,GA,30563,40,Female,No,Yes,No,33,Yes,Yes,None,No,No,No,No,No,No,Two year,Yes,Mailed check,24.5,Yes
3640-PHQXK,Lagrange,GA,30241,30,Female,No,No,No,31,Yes,Yes,Fiber optic,No,No,Yes,No,No,Yes,Month-to-month,Yes,Electronic check,89.9,Yes
6877-LGWXO,Warwick,GA,31796,37,Male,Yes,Yes,No,18,Yes,No,Fiber optic,No,No,No,No,No,Yes,Month-to-month,No,Electronic check,78.55,Yes
8019-ENHXU,Haddock,GA,31033,39,Male,No,Yes,No,42,Yes,Yes,Fiber optic,No,Yes,Yes,Yes,No,Yes,Month-to-month,Yes,Electronic check,99.45,Yes
5167-GBFRE,Waco,GA,30182,38,Male,Yes,No,No,4,No,No,DSL,No,No,No,No,No,No,Month-to-month,Yes,Bank transfer (automatic),25.2,Yes
9033-EOXWV,Rutledge,GA,30663,22,Female,No,No,No,12,Yes,Yes,DSL,No,No,No,Yes,Yes,Yes,One year,No,Mailed check,74.05,Yes
1324-NLTJE,Denton,GA,31532,63,Female,Yes,No,No,15,Yes,Yes,DSL,No,No,No,Yes,No,No,Month-to-month,No,Credit card (automatic),55,Yes
1522-VVDMG,Grayson,GA,30017,25,Male,No,Yes,No,7,Yes,No,Fiber optic,No,Yes,No,Yes,Yes,No,Month-to-month,Yes,Electronic check,89.75,Yes
9185-TQCVP,Iron City,GA,39859,29,Male,No,Yes,No,14,Yes,Yes,Fiber optic,No,No,No,No,No,Yes,Month-to-month,Yes,Electronic check,85.15,Yes
5567-WSELE,Suches,GA,30572,37,Male,Yes,Yes,No,3,Yes,Yes,Fiber optic,No,No,No,No,Yes,Yes,Month-to-month,Yes,Electronic check,94.6,Yes
8063-RJYNF,Cumming,GA,30041,45,Male,No,No,No,16,Yes,No,Fiber optic,Yes,No,No,No,Yes,Yes,Month-to-month,Yes,Electronic check,94.25,Yes
0687-ZVTHB,Snellville,GA,30078,63,Male,No,Yes,No,65,Yes,Yes,DSL,Yes,Yes,Yes,No,No,Yes,One year,No,Credit card (automatic),72.45,Yes
9661-ACXBS,Bainbridge,GA,39819,60,Female,No,No,No,42,Yes,Yes,Fiber optic,Yes,No,Yes,No,Yes,Yes,Month-to-month,Yes,Electronic check,105.2,Yes
3727-RJMEO,Allentown,GA,31003,58,Male,No,Yes,No,6,Yes,Yes,Fiber optic,No,No,No,No,Yes,No,Month-to-month,Yes,Electronic check,82.85,Yes
6646-VRFOL,Brunswick,GA,31520,63,Male,Yes,Yes,No,53,Yes,Yes,Fiber optic,No,Yes,Yes,No,Yes,Yes,Month-to-month,Yes,Electronic check,103.85,Yes
5685-IIXLY,Rochelle,GA,31079,64,Female,No,Yes,No,5,Yes,No,Fiber optic,No,Yes,No,No,No,Yes,Month-to-month,Yes,Electronic check,83.6,Yes
4250-ZBWLV,Clyo,GA,31303,56,Male,No,No,No,68,Yes,Yes,Fiber optic,No,Yes,Yes,Yes,Yes,Yes,One year,No,Electronic check,108.45,Yes
5095-AESKG,Mcdonough,GA,30252,41,Female,No,Yes,No,3,Yes,Yes,Fiber optic,No,Yes,No,No,No,Yes,Month-to-month,Yes,Credit card (automatic),91.5,Yes
1871-MOWRM,Harlem,GA,30814,53,Male,No,Yes,No,12,Yes,No,Fiber optic,Yes,No,No,Yes,No,No,Month-to-month,No,Bank transfer (automatic),80.85,Yes
2027-OAQQC,Fort Oglethorpe,GA,30742,52,Female,No,No,No,43,No,No,DSL,No,No,Yes,No,Yes,Yes,Month-to-month,Yes,Bank transfer (automatic),49.05,Yes
9090-SGQXL,Savannah,GA,31411,30,Male,Yes,Yes,No,68,Yes,Yes,Fiber optic,No,Yes,Yes,No,Yes,Yes,Month-to-month,Yes,Electronic check,105.3,Yes
6595-YGXIT,Ball Ground,GA,30107,51,Male,Yes,No,No,25,Yes,Yes,Fiber optic,No,Yes,No,No,Yes,No,Month-to-month,Yes,Electronic check,88.95,Yes
9835-ZIITK,Savannah,GA,31406,20,Male,Yes,Yes,No,66,Yes,Yes,Fiber optic,No,Yes,Yes,Yes,Yes,Yes,One year,Yes,Electronic check,110.85,Yes
1555-DJEQW,Cornelia,GA,30531,60,Female,No,Yes,No,70,Yes,Yes,Fiber optic,Yes,Yes,Yes,Yes,Yes,Yes,Two year,Yes,Bank transfer (automatic),114.2,Yes
5649-TJHOV,White,GA,30184,43,Male,Yes,Yes,No,27,No,No,DSL,No,No,No,No,No,Yes,Month-to-month,No,Bank transfer (automatic),36.5,Yes
0519-XUZJU,Soperton,GA,30457,28,Female,No,No,No,1,Yes,No,Fiber optic,No,No,No,No,No,No,Month-to-month,No,Mailed check,70.75,Yes
6338-AVWCY,Upatoi,GA,31829,41,Male,No,No,No,3,No,No,DSL,No,No,Yes,No,Yes,No,Month-to-month,Yes,Mailed check,40.15,Yes
9253-QXKBE,Augusta,GA,30903,60,Male,Yes,Yes,No,29,Yes,Yes,Fiber optic,No,No,No,No,Yes,Yes,Month-to-month,Yes,Electronic check,94.45,Yes
9445-SZLCH,Moultrie,GA,31788,48,Female,No,Yes,No,36,Yes,Yes,Fiber optic,No,Yes,Yes,No,Yes,No,Month-to-month,Yes,Bank transfer (automatic),97.35,Yes
7568-PODML,Augusta,GA,30903,42,Male,No,No,No,1,No,No,DSL,No,No,No,No,Yes,Yes,Month-to-month,Yes,Mailed check,45.3,Yes
5349-IECLD,Hogansville,GA,30230,27,Male,No,No,No,2,Yes,No,Fiber optic,No,No,Yes,No,Yes,Yes,Month-to-month,No,Electronic check,94.95,Yes
3945-GFWQL,Boston,GA,31626,42,Female,No,No,Yes,12,Yes,No,DSL,No,No,No,No,No,No,Month-to-month,Yes,Electronic check,44.55,Yes
3797-VTIDR,Pine Mountain,GA,31822,63,Male,No,Yes,No,1,No,No,DSL,No,No,No,No,No,No,Month-to-month,Yes,Electronic check,23.45,Yes
9526-BIHHD,Calhoun,GA,30701,44,Male,No,No,No,1,No,No,DSL,Yes,No,No,No,No,No,Month-to-month,No,Mailed check,29.7,Yes
4523-WXCEF,Atlanta,GA,30339,46,Female,No,Yes,No,59,Yes,Yes,Fiber optic,No,Yes,No,No,Yes,Yes,Month-to-month,No,Electronic check,101.1,Yes
8364-TRMMK,Flowery Branch,GA,30542,21,Female,No,No,No,3,Yes,Yes,DSL,No,No,No,No,No,No,Month-to-month,Yes,Mailed check,50.65,Yes
3063-QFSZL,Atlanta,GA,30337,24,Female,No,No,No,1,Yes,No,DSL,No,No,No,No,No,Yes,Month-to-month,Yes,Electronic check,55.4,Yes
8775-LHDJH,Gordon,GA,31031,35,Female,Yes,Yes,No,1,Yes,Yes,Fiber optic,No,Yes,No,No,Yes,No,Month-to-month,Yes,Electronic check,90.6,Yes
3097-NQYSN,Tarrytown,GA,30470,49,Male,Yes,Yes,No,2,Yes,Yes,Fiber optic,No,No,No,No,Yes,No,Month-to-month,Yes,Mailed check,86.85,Yes
3565-UNOCC,Brunswick,GA,31520,35,Female,Yes,Yes,No,29,Yes,Yes,Fiber optic,No,No,Yes,No,Yes,Yes,Month-to-month,Yes,Bank transfer (automatic),99.05,Yes
9249-FXSCK,Sale City,GA,31784,49,Female,No,No,No,52,Yes,Yes,Fiber optic,Yes,Yes,No,Yes,Yes,Yes,One year,Yes,Credit card (automatic),111.25,Yes
5493-SDRDQ,Atlanta,GA,30354,45,Male,No,No,No,2,Yes,No,DSL,Yes,No,Yes,No,No,No,Month-to-month,Yes,Mailed check,55.1,Yes
0871-URUWO,Griffin,GA,30223,61,Male,No,Yes,No,13,Yes,Yes,Fiber optic,No,No,Yes,No,Yes,Yes,Month-to-month,Yes,Credit card (automatic),102.25,Yes
9190-MFJLN,Atlanta,GA,30312,22,Male,Yes,No,No,19,Yes,No,Fiber optic,No,No,Yes,No,Yes,Yes,Month-to-month,Yes,Credit card (automatic),95.9,Yes
1095-JUDTC,Bowdon,GA,30108,23,Female,Yes,No,No,47,Yes,Yes,Fiber optic,No,Yes,No,Yes,Yes,No,Month-to-month,Yes,Electronic check,95.05,Yes
0870-VEMYL,Forsyth,GA,31029,22,Female,No,No,No,5,Yes,No,DSL,Yes,No,No,Yes,No,No,Month-to-month,No,Credit card (automatic),53.85,Yes
5385-SUIRI,Cornelia,GA,30531,62,Male,Yes,Yes,No,52,Yes,Yes,Fiber optic,Yes,No,Yes,No,Yes,Yes,Month-to-month,Yes,Electronic check,104.2,Yes
3982-XWFZQ,Bowman,GA,30624,28,Female,No,Yes,No,42,Yes,Yes,DSL,No,No,No,No,No,No,Month-to-month,Yes,Electronic check,50.25,Yes
4009-ALQFH,Townsend,GA,31331,55,Female,No,No,No,25,Yes,No,Fiber optic,No,Yes,Yes,No,Yes,Yes,Month-to-month,Yes,Electronic check,99.5,Yes
3627-FCRDW,Woodbine,GA,31569,38,Female,No,No,No,9,Yes,No,Fiber optic,No,No,No,No,No,No,Month-to-month,No,Electronic check,71,Yes
7562-GSUHK,Montrose,GA,31065,54,Female,No,No,No,16,Yes,No,Fiber optic,No,Yes,Yes,No,No,Yes,Month-to-month,Yes,Credit card (automatic),93.2,Yes
4903-UYAVB,Macon,GA,31210,30,Male,No,Yes,No,5,Yes,No,None,No,No,No,No,No,No,Month-to-month,No,Mailed check,19.35,Yes
6776-TLWOI,Byromville,GA,31007,26,Male,No,No,No,3,Yes,No,None,No,No,No,No,No,No,Month-to-month,No,Mailed check,19.85,Yes
4077-CROMM,Sycamore,GA,31790,55,Female,No,Yes,No,31,Yes,Yes,Fiber optic,No,No,Yes,Yes,Yes,Yes,Month-to-month,Yes,Electronic check,104.2,Yes
2868-MZAGQ,Bowersville,GA,30516,58,Male,No,No,No,1,Yes,No,Fiber optic,No,No,No,No,No,Yes,Month-to-month,Yes,Electronic check,79.25,Yes
4847-QNOKA,Homerville,GA,31634,30,Female,No,No,No,1,Yes,No,DSL,No,No,No,No,No,No,Month-to-month,Yes,Bank transfer (automatic),44.9,Yes
6379-RXJRQ,Millen,GA,30442,32,Male,No,Yes,No,10,Yes,No,Fiber optic,No,No,No,No,No,No,Month-to-month,Yes,Electronic check,70.1,Yes
8650-RHRKE,Vidalia,GA,30474,53,Male,No,No,No,4,No,No,DSL,No,No,Yes,No,No,No,Month-to-month,Yes,Electronic check,29.65,Yes
0475-RIJEP,Macon,GA,31201,26,Male,No,No,No,43,Yes,Yes,Fiber optic,No,Yes,No,No,No,No,Month-to-month,Yes,Electronic check,77.85,Yes
1260-TTRXI,Young Harris,GA,30582,45,Male,No,No,No,4,Yes,No,DSL,No,No,No,No,No,Yes,Month-to-month,No,Electronic check,54.3,Yes
6328-ZPBGN,Commerce,GA,30529,44,Female,Yes,No,No,11,Yes,Yes,Fiber optic,No,No,No,No,Yes,Yes,Month-to-month,Yes,Bank transfer (automatic),95.15,Yes
4789-KWMXN,Colbert,GA,30628,60,Male,No,Yes,No,47,Yes,Yes,Fiber optic,Yes,No,Yes,Yes,Yes,Yes,One year,Yes,Credit card (automatic),110.85,Yes
2867-UIMSS,Atlanta,GA,30306,28,Male,No,No,No,1,Yes,No,Fiber optic,No,No,No,No,No,Yes,Month-to-month,No,Electronic check,80.5,Yes
8111-RKSPX,Register,GA,30452,53,Male,No,No,No,4,Yes,Yes,Fiber optic,No,No,No,No,No,No,Month-to-month,Yes,Bank transfer (automatic),72.2,Yes
1585-MQSSU,Dalton,GA,30720,55,Male,No,No,No,17,Yes,No,DSL,No,No,No,Yes,No,No,Month-to-month,No,Mailed check,51.5,Yes
2856-NNASM,Newnan,GA,30263,28,Male,Yes,No,No,43,Yes,No,Fiber optic,No,No,No,No,Yes,Yes,Month-to-month,Yes,Mailed check,89.55,Yes
8559-CIZFV,Marietta,GA,30062,52,Male,No,Yes,No,21,Yes,Yes,DSL,Yes,Yes,No,Yes,Yes,No,One year,No,Mailed check,77.5,Yes
7547-EKNFS,Damascus,GA,39841,46,Male,No,Yes,No,42,Yes,Yes,Fiber optic,No,Yes,Yes,No,Yes,No,Month-to-month,Yes,Bank transfer (automatic),95.25,Yes
6769-DYBQN,Rocky Ford,GA,30455,34,Male,Yes,No,No,46,Yes,No,Fiber optic,Yes,No,No,No,No,Yes,Month-to-month,No,Electronic check,85,Yes
4439-JMPMT,Hazlehurst,GA,31539,62,Female,No,Yes,No,5,Yes,No,Fiber optic,No,No,No,Yes,Yes,No,Month-to-month,Yes,Electronic check,85.75,Yes
2446-BEGGB,Sugar Valley,GA,30746,46,Female,Yes,No,No,6,Yes,Yes,Fiber optic,No,Yes,No,No,Yes,Yes,Month-to-month,Yes,Electronic check,98.25,Yes
1496-GGSUK,Sale City,GA,31784,48,Female,Yes,No,No,1,No,No,DSL,No,No,No,No,No,No,Month-to-month,Yes,Mailed check,25.7,Yes
2575-GFSOE,Columbus,GA,31903,36,Female,No,Yes,No,7,Yes,No,Fiber optic,No,No,No,No,No,No,Month-to-month,Yes,Electronic check,69,Yes
2842-JTCCU,Columbus,GA,31909,59,Male,No,No,No,2,Yes,No,DSL,No,No,No,No,No,No,Month-to-month,No,Bank transfer (automatic),46.05,Yes
3296-SILRA,Carrollton,GA,30117,33,Female,Yes,Yes,No,1,Yes,No,Fiber optic,No,Yes,No,No,No,No,Month-to-month,Yes,Mailed check,76.4,Yes
9681-OXGVC,Dudley,GA,31022,44,Female,No,No,No,5,Yes,Yes,Fiber optic,No,No,Yes,No,Yes,Yes,Month-to-month,Yes,Electronic check,100.5,Yes
5180-UCIIQ,Warwick,GA,31796,56,Male,Yes,Yes,Yes,22,No,No,DSL,Yes,No,No,No,No,Yes,Month-to-month,No,Mailed check,40.05,Yes
7153-OANIO,Centerville,GA,31028,61,Male,No,No,No,1,Yes,No,Fiber optic,No,No,No,No,No,No,Month-to-month,No,Electronic check,69.95,Yes
6521-YYTYI,Lithonia,GA,30058,44,Male,No,No,No,1,Yes,Yes,Fiber optic,No,No,No,No,Yes,Yes,Month-to-month,Yes,Electronic check,93.3,Yes
8878-HMWBV,Wildwood,GA,30757,56,Male,No,No,No,3,Yes,No,DSL,No,No,Yes,No,No,No,Month-to-month,Yes,Electronic check,49.15,Yes
3751-KTZEL,Concord,GA,30206,36,Female,No,No,No,1,No,No,DSL,No,No,No,No,No,Yes,Month-to-month,No,Mailed check,35.05,Yes
1977-STDKI,Palmetto,GA,30268,25,Female,Yes,No,No,1,Yes,No,Fiber optic,No,Yes,No,No,No,No,Month-to-month,Yes,Electronic check,73,Yes
5813-UECBU,Lawrenceville,GA,30043,41,Male,Yes,No,No,33,Yes,Yes,Fiber optic,No,Yes,Yes,No,No,No,Month-to-month,Yes,Credit card (automatic),83.85,Yes
0328-GRPMV,Boston,GA,31626,61,Female,No,No,No,1,Yes,No,Fiber optic,No,No,No,No,No,No,Month-to-month,Yes,Electronic check,70.1,Yes
4342-HENTK,Carrollton,GA,30118,24,Female,Yes,No,No,2,Yes,No,Fiber optic,No,No,No,No,No,No,Month-to-month,Yes,Electronic check,70.65,Yes
4195-SMMNX,Gainesville,GA,30507,21,Male,No,No,No,2,Yes,No,None,No,No,No,No,No,No,Month-to-month,No,Mailed check,20.35,Yes
6956-SMUCM,Mount Vernon,GA,30445,21,Female,No,No,No,3,Yes,No,Fiber optic,Yes,No,Yes,No,Yes,Yes,Month-to-month,Yes,Credit card (automatic),99,Yes
3223-WZWJM,Buford,GA,30518,21,Male,No,No,No,26,Yes,Yes,Fiber optic,No,No,No,No,No,Yes,Month-to-month,Yes,Electronic check,83.95,Yes
9053-JZFKV,Oconee,GA,31067,62,Male,No,No,No,67,Yes,Yes,Fiber optic,Yes,Yes,Yes,Yes,Yes,Yes,Two year,No,Credit card (automatic),116.2,Yes
2530-ENDWQ,Arabi,GA,31712,40,Female,No,Yes,No,71,Yes,Yes,Fiber optic,No,No,No,No,Yes,Yes,Two year,Yes,Bank transfer (automatic),93.7,Yes
6615-ZGEDR,Monticello,GA,31064,51,Male,No,No,No,1,Yes,No,None,No,No,No,No,No,No,Month-to-month,No,Mailed check,19.7,Yes
9250-WYPLL,Pelham,GA,31779,59,Female,No,No,No,5,Yes,Yes,Fiber optic,No,No,No,No,No,No,Month-to-month,No,Electronic check,75.55,Yes
2754-XBHTB,Franklin,GA,30217,64,Female,No,No,No,9,Yes,No,Fiber optic,No,No,No,No,Yes,No,Month-to-month,Yes,Bank transfer (automatic),77.65,Yes
1597-LHYNC,Cecil,GA,31627,26,Female,Yes,No,No,26,Yes,Yes,Fiber optic,Yes,Yes,No,No,No,Yes,Month-to-month,Yes,Electronic check,95,Yes
7055-VKGDA,Riverdale,GA,30296,64,Male,No,No,No,54,Yes,No,Fiber optic,Yes,Yes,No,Yes,Yes,Yes,One year,Yes,Credit card (automatic),105.4,Yes
0754-UKWQP,Glennville,GA,30427,21,Male,No,No,No,2,Yes,No,Fiber optic,No,No,Yes,No,Yes,Yes,Month-to-month,Yes,Electronic check,95.85,Yes
7493-TPUWZ,Tarrytown,GA,30470,43,Male,No,No,No,1,Yes,Yes,Fiber optic,No,Yes,No,No,No,No,Month-to-month,Yes,Electronic check,79.15,Yes
1577-HKTFG,Carrollton,GA,30117,64,Female,No,Yes,No,30,Yes,No,None,No,No,No,No,No,No,Month-to-month,No,Bank transfer (automatic),19.65,Yes
8752-STIVR,Pearson,GA,31642,44,Female,No,No,No,4,Yes,No,Fiber optic,No,No,No,No,Yes,No,Month-to-month,Yes,Electronic check,79,Yes
4558-FANTW,Menlo,GA,30731,46,Female,No,Yes,No,17,Yes,No,Fiber optic,Yes,No,No,Yes,Yes,No,Month-to-month,No,Electronic check,91.85,Yes
8651-ENBZX,Greensboro,GA,30642,24,Female,Yes,No,No,60,Yes,Yes,Fiber optic,No,No,Yes,Yes,Yes,Yes,One year,Yes,Electronic check,106,Yes
7623-TRNQN,Grantville,GA,30220,60,Male,No,No,Yes,1,Yes,No,DSL,No,No,No,Yes,No,No,Month-to-month,Yes,Mailed check,49.9,Yes
9330-IJWIO,Cochran,GA,31014,61,Female,No,No,No,13,Yes,Yes,Fiber optic,Yes,No,No,No,Yes,Yes,Month-to-month,Yes,Electronic check,100.35,Yes
9286-DOJGF,Lumber City,GA,31549,55,Female,Yes,Yes,No,38,Yes,Yes,Fiber optic,No,No,No,No,No,No,Month-to-month,Yes,Bank transfer (automatic),74.95,Yes
9661-MHUMO,Alston,GA,30412,47,Male,Yes,Yes,Yes,1,Yes,No,DSL,No,No,No,Yes,No,No,Month-to-month,Yes,Credit card (automatic),49.25,Yes
1842-EZJMK,Chickamauga,GA,30707,19,Male,No,Yes,No,50,Yes,Yes,Fiber optic,No,Yes,No,Yes,Yes,Yes,Month-to-month,No,Electronic check,103.7,Yes
8079-XRJRS,Rupert,GA,31081,28,Male,No,Yes,No,65,Yes,Yes,Fiber optic,Yes,Yes,Yes,No,No,No,One year,No,Electronic check,89.75,Yes
8073-IJDCM,Rome,GA,30165,37,Female,No,No,No,1,Yes,No,None,No,No,No,No,No,No,Month-to-month,Yes,Mailed check,20.3,Yes
8884-ADFVN,Gainesville,GA,30506,47,Male,Yes,Yes,No,7,Yes,Yes,Fiber optic,No,No,Yes,No,Yes,Yes,Month-to-month,Yes,Electronic check,101.95,Yes
2720-WGKHP,Fayetteville,GA,30215,44,Male,Yes,No,No,2,Yes,Yes,Fiber optic,No,No,No,No,Yes,Yes,Month-to-month,Yes,Electronic check,94,Yes
2869-ADAWR,Camilla,GA,31730,39,Female,No,No,No,45,Yes,Yes,Fiber optic,No,Yes,No,No,Yes,No,Month-to-month,Yes,Credit card (automatic),89.3,Yes
9894-EZEWG,Jonesboro,GA,30236,58,Female,No,No,No,1,Yes,No,Fiber optic,No,Yes,No,No,No,No,Month-to-month,Yes,Credit card (automatic),74.3,Yes
7851-FLGGQ,Zebulon,GA,30295,44,Male,No,No,No,1,No,No,DSL,No,Yes,No,Yes,No,Yes,Month-to-month,Yes,Mailed check,44.65,Yes
0637-UBJRP,Edison,GA,39846,41,Male,No,Yes,No,13,Yes,No,Fiber optic,Yes,No,No,No,No,Yes,Month-to-month,No,Electronic check,84.05,Yes
0940-OUQEC,Trion,GA,30753,45,Male,No,No,No,10,Yes,Yes,Fiber optic,No,Yes,No,No,No,No,Month-to-month,Yes,Bank transfer (automatic),80.7,Yes
0702-PGIBZ,Newton,GA,39870,19,Male,No,No,No,4,Yes,Yes,Fiber optic,No,Yes,No,No,Yes,Yes,Month-to-month,Yes,Electronic check,101.7,Yes
1963-VAUKV,Gray,GA,31032,54,Female,No,No,No,1,Yes,No,None,No,No,No,No,No,No,Month-to-month,No,Mailed check,20.4,Yes
3058-HJCUY,Riceboro,GA,31323,42,Male,No,Yes,No,41,Yes,Yes,Fiber optic,No,No,Yes,Yes,Yes,Yes,One year,Yes,Electronic check,102.6,Yes
3259-FDWOY,Moultrie,GA,31768,28,Male,No,Yes,No,71,Yes,Yes,Fiber optic,No,Yes,Yes,No,Yes,Yes,Two year,Yes,Bank transfer (automatic),106,Yes
0807-ZABDG,Forsyth,GA,31029,48,Female,No,No,Yes,3,Yes,No,DSL,Yes,No,No,Yes,No,No,Month-to-month,Yes,Mailed check,55.1,Yes
5748-RNCJT,Cairo,GA,39827,34,Male,No,No,No,69,Yes,Yes,Fiber optic,No,No,Yes,Yes,Yes,Yes,Two year,Yes,Bank transfer (automatic),106.5,Yes
7739-LAXOG,Bainbridge,GA,39817,63,Female,No,Yes,No,32,Yes,Yes,Fiber optic,No,No,Yes,No,No,Yes,Month-to-month,Yes,Bank transfer (automatic),91.05,Yes
9776-CLUJA,Rockledge,GA,30454,32,Female,Yes,Yes,No,51,Yes,Yes,Fiber optic,Yes,No,No,No,No,No,Month-to-month,Yes,Electronic check,77.5,Yes
6034-ZRYCV,Claxton,GA,30417,25,Female,No,Yes,No,72,No,No,DSL,No,Yes,Yes,No,Yes,Yes,Two year,Yes,Electronic check,54.2,Yes
2079-FBMZK,Ochlocknee,GA,31773,53,Female,No,No,No,6,Yes,No,Fiber optic,No,No,No,No,No,No,Month-to-month,Yes,Mailed check,69.25,Yes
6608-QQLVK,Marietta,GA,30062,23,Male,No,No,No,1,Yes,No,DSL,No,No,Yes,No,No,No,Month-to-month,Yes,Electronic check,50.5,Yes
3551-HUAZH,Atlanta,GA,30309,33,Male,Yes,No,No,1,Yes,Yes,Fiber optic,No,No,No,No,No,No,Month-to-month,Yes,Electronic check,74.4,Yes
6302-JGYRJ,Toomsboro,GA,31090,43,Male,No,No,No,31,Yes,Yes,DSL,No,Yes,No,Yes,Yes,Yes,One year,Yes,Mailed check,79.45,Yes
3685-YLCMQ,Morrow,GA,30260,42,Male,No,No,No,58,Yes,Yes,Fiber optic,No,No,Yes,Yes,Yes,Yes,One year,Yes,Electronic check,104.65,Yes
8634-MPHTR,Colbert,GA,30628,24,Male,Yes,Yes,No,47,Yes,Yes,Fiber optic,No,No,Yes,No,Yes,Yes,Month-to-month,Yes,Electronic check,100.05,Yes
8761-NSOBC,Bloomingdale,GA,31302,44,Male,No,No,No,44,Yes,No,Fiber optic,No,Yes,No,Yes,Yes,Yes,Month-to-month,No,Electronic check,100.55,Yes
8413-VONUO,Dahlonega,GA,30533,39,Male,No,No,No,2,Yes,No,Fiber optic,No,Yes,No,No,Yes,Yes,Month-to-month,No,Electronic check,95.65,Yes
9223-UCPVT,Dallas,GA,30132,53,Female,No,No,No,1,Yes,No,Fiber optic,No,No,Yes,No,Yes,Yes,Month-to-month,No,Electronic check,94.4,Yes
4351-QLCSU,Wildwood,GA,30757,20,Female,No,No,No,1,Yes,No,DSL,No,No,No,No,Yes,No,Month-to-month,Yes,Credit card (automatic),55,Yes
5419-JPRRN,Jekyll Island,GA,31527,41,Male,No,No,No,1,Yes,Yes,Fiber optic,No,No,Yes,No,Yes,Yes,Month-to-month,Yes,Electronic check,101.45,Yes
2100-BDNSN,Daisy,GA,30423,40,Female,No,Yes,No,5,Yes,Yes,DSL,No,No,Yes,Yes,Yes,No,Month-to-month,No,Bank transfer (automatic),67.95,Yes
0488-GSLFR,Brooklet,GA,30415,63,Female,No,No,No,1,Yes,No,Fiber optic,No,No,No,No,No,No,Month-to-month,Yes,Electronic check,69.5,Yes
9318-NKNFC,La Fayette,GA,30728,31,Male,No,No,No,1,Yes,No,None,No,No,No,No,No,No,Month-to-month,Yes,Mailed check,18.85,Yes
9728-FTTVZ,Ringgold,GA,30736,39,Female,No,No,No,1,Yes,No,Fiber optic,No,No,No,No,No,No,Month-to-month,Yes,Electronic check,69.2,Yes
7254-IQWOZ,Axson,GA,31624,46,Male,No,No,No,1,Yes,No,Fiber optic,No,No,No,No,No,No,Month-to-month,Yes,Electronic check,69.65,Yes
2474-BRUCM,Sumner,GA,31789,51,Male,Yes,Yes,No,40,Yes,Yes,Fiber optic,Yes,No,No,No,Yes,Yes,Month-to-month,No,Electronic check,101.85,Yes
0742-NXBGR,Adel,GA,31620,52,Female,No,No,No,1,Yes,No,Fiber optic,No,Yes,Yes,No,No,No,Month-to-month,Yes,Electronic check,82.3,Yes
6110-OHIHY,Tybee Island,GA,31328,35,Male,No,No,No,3,Yes,No,Fiber optic,No,No,No,No,Yes,No,Month-to-month,No,Electronic check,79.25,Yes
5889-LFOLL,Fairmount,GA,30139,51,Female,No,No,No,13,Yes,Yes,Fiber optic,No,No,No,No,No,Yes,Month-to-month,Yes,Electronic check,84.6,Yes
5708-EVONK,Reynolds,GA,31076,50,Female,No,Yes,No,58,Yes,Yes,Fiber optic,Yes,Yes,No,No,No,Yes,Month-to-month,Yes,Bank transfer (automatic),93.4,Yes
8708-XPXHZ,Pine Lake,GA,30072,45,Female,No,Yes,No,42,Yes,Yes,Fiber optic,No,No,No,No,Yes,Yes,Month-to-month,Yes,Electronic check,94.2,Yes
0616-ATFGB,Augusta,GA,30906,47,Male,Yes,Yes,No,1,No,No,DSL,No,No,No,No,No,No,Month-to-month,No,Electronic check,25.05,Yes
7016-BPGEU,Atlanta,GA,30339,20,Female,No,No,No,29,No,No,DSL,No,No,No,No,No,No,Month-to-month,Yes,Credit card (automatic),25.1,Yes
6876-ADESB,Arnoldsville,GA,30619,57,Male,No,No,Yes,1,Yes,No,DSL,No,No,Yes,No,No,No,Month-to-month,No,Electronic check,48.95,Yes
1963-SVUCV,Mount Vernon,GA,30445,35,Male,No,No,No,1,Yes,No,DSL,No,No,No,No,No,No,Month-to-month,No,Electronic check,45.3,Yes
0220-EBGCE,Tignall,GA,30668,60,Male,No,No,No,2,Yes,No,Fiber optic,No,No,Yes,No,No,Yes,Month-to-month,Yes,Electronic check,85.85,Yes
2754-VDLTR,Glenwood,GA,30428,51,Male,No,No,No,10,Yes,Yes,Fiber optic,No,No,No,No,Yes,Yes,Month-to-month,No,Electronic check,95.2,Yes
3190-XFANI,Colbert,GA,30628,43,Male,No,No,No,49,Yes,Yes,Fiber optic,No,No,No,Yes,Yes,Yes,One year,Yes,Bank transfer (automatic),100.6,Yes
7551-DACSP,Morven,GA,31638,38,Male,No,Yes,Yes,6,Yes,No,DSL,No,Yes,Yes,No,No,No,Month-to-month,Yes,Mailed check,55.3,Yes
7235-NXZCP,Brooks,GA,30205,32,Male,Yes,No,No,2,Yes,Yes,Fiber optic,No,No,No,No,No,No,Month-to-month,Yes,Mailed check,74.85,Yes
0520-FDVVT,Lagrange,GA,30240,52,Male,No,No,No,35,Yes,No,Fiber optic,No,Yes,Yes,No,Yes,Yes,One year,Yes,Bank transfer (automatic),102.35,Yes
1444-VVSGW,Cherry Log,GA,30522,42,Male,No,Yes,No,70,Yes,Yes,Fiber optic,Yes,Yes,Yes,Yes,Yes,Yes,One year,No,Credit card (automatic),115.65,Yes
5712-PTIWW,Toccoa,GA,30577,41,Male,No,No,No,2,Yes,No,Fiber optic,No,No,Yes,Yes,No,No,Month-to-month,Yes,Electronic check,79.85,Yes
3315-TOTBP,Atlanta,GA,30319,35,Male,No,No,No,15,Yes,Yes,Fiber optic,No,No,No,No,No,No,Month-to-month,Yes,Mailed check,76,Yes
6661-HBGWL,Tarrytown,GA,30470,44,Female,Yes,No,No,42,Yes,Yes,Fiber optic,No,Yes,Yes,No,Yes,Yes,Month-to-month,Yes,Bank transfer (automatic),104.75,Yes
1518-VOWAV,Allenhurst,GA,31301,45,Female,No,No,No,9,Yes,No,DSL,Yes,Yes,No,No,Yes,Yes,Month-to-month,Yes,Electronic check,74.65,Yes
5909-ECHUI,Homerville,GA,31634,32,Female,No,No,No,1,Yes,No,DSL,No,No,No,No,No,Yes,Month-to-month,Yes,Electronic check,56.25,Yes
1309-BXVOQ,Vidalia,GA,30474,34,Male,No,Yes,No,21,Yes,Yes,Fiber optic,No,No,Yes,Yes,Yes,Yes,Month-to-month,Yes,Electronic check,106.1,Yes
9317-WZPGV,Jeffersonville,GA,31044,30,Female,Yes,No,No,2,Yes,No,Fiber optic,No,No,No,No,No,Yes,Month-to-month,Yes,Bank transfer (automatic),79.75,Yes
2856-HYAPG,Braselton,GA,30517,60,Female,No,No,No,1,Yes,No,Fiber optic,No,No,No,No,No,No,Month-to-month,No,Electronic check,68.65,Yes
4488-PSYCG,Fort Stewart,GA,31314,59,Male,No,No,No,16,Yes,No,None,No,No,No,No,No,No,Month-to-month,No,Bank transfer (automatic),20.25,Yes
3621-CEOVK,Georgetown,GA,39854,31,Female,Yes,Yes,No,14,Yes,Yes,Fiber optic,No,Yes,No,No,Yes,Yes,Month-to-month,Yes,Electronic check,100.2,Yes
6906-ANDWJ,Argyle,GA,31623,57,Male,No,Yes,No,15,Yes,Yes,Fiber optic,No,No,No,No,No,No,Month-to-month,Yes,Bank transfer (automatic),74.9,Yes
1031-IIDEO,Ochlocknee,GA,31773,57,Female,No,No,No,1,Yes,No,Fiber optic,No,No,No,No,No,No,Month-to-month,Yes,Electronic check,70.85,Yes
5832-XKAES,Augusta,GA,30912,32,Male,No,No,No,2,Yes,No,Fiber optic,No,No,No,No,No,No,Month-to-month,Yes,Credit card (automatic),69.8,Yes
4701-AHWMW,Marietta,GA,30067,53,Male,No,Yes,No,55,No,No,DSL,No,No,Yes,Yes,Yes,Yes,Month-to-month,Yes,Bank transfer (automatic),54.55,Yes
9210-IAHGH,Shiloh,GA,31826,41,Female,No,No,No,7,Yes,No,DSL,No,No,No,Yes,Yes,Yes,Month-to-month,Yes,Credit card (automatic),70.75,Yes
0023-XUOPT,Cumming,GA,30041,62,Female,No,Yes,No,13,Yes,Yes,Fiber optic,No,Yes,Yes,No,Yes,No,Month-to-month,No,Electronic check,94.1,Yes
4592-IWTJI,Fayetteville,GA,30214,62,Female,No,Yes,Yes,3,No,No,DSL,Yes,No,No,No,No,No,Month-to-month,No,Credit card (automatic),29.7,Yes
7632-MNYOY,Cairo,GA,39828,50,Male,Yes,No,No,66,Yes,Yes,Fiber optic,No,Yes,Yes,Yes,Yes,Yes,One year,No,Credit card (automatic),110.9,Yes
6518-LGAOV,Flintstone,GA,30725,53,Female,No,Yes,No,38,Yes,Yes,Fiber optic,No,No,Yes,Yes,Yes,Yes,Month-to-month,Yes,Electronic check,105,Yes
7242-QZLXF,Carlton,GA,30627,44,Male,No,No,Yes,1,No,No,DSL,No,No,No,No,No,No,Month-to-month,Yes,Electronic check,25.3,Yes
4576-CSAJH,Madison,GA,30650,51,Male,No,No,No,22,Yes,No,DSL,No,Yes,No,Yes,No,No,One year,Yes,Credit card (automatic),55.15,Yes
1000-AJSLD,Cusseta,GA,31805,48,Male,No,No,No,1,Yes,No,None,No,No,No,No,No,No,Month-to-month,Yes,Mailed check,20.1,Yes
1062-LHZOD,Harrison,GA,31035,50,Male,No,Yes,No,1,Yes,No,Fiber optic,No,No,No,No,No,No,Month-to-month,Yes,Mailed check,69.9,Yes
9600-NAXZN,Wray,GA,31798,48,Male,No,No,No,43,Yes,Yes,Fiber optic,No,Yes,No,No,Yes,Yes,Month-to-month,Yes,Electronic check,101.4,Yes
6457-USBER,Flintstone,GA,30725,22,Male,No,No,No,1,Yes,No,Fiber optic,No,No,No,No,No,Yes,Month-to-month,Yes,Electronic check,80.8,Yes
4662-EKDPQ,Ludowici,GA,31316,35,Male,No,No,No,2,Yes,Yes,DSL,No,No,No,No,No,Yes,Month-to-month,No,Bank transfer (automatic),62.05,Yes
9248-OJYKK,Shiloh,GA,31826,21,Male,Yes,No,No,1,Yes,Yes,Fiber optic,No,No,No,No,No,No,Month-to-month,Yes,Electronic check,76.45,Yes
3398-FSHON,Atlanta,GA,30354,47,Female,Yes,No,No,12,Yes,Yes,Fiber optic,No,Yes,No,No,Yes,No,Month-to-month,Yes,Electronic check,91.3,Yes
3319-DWOEP,Midland,GA,31820,60,Male,Yes,Yes,No,6,Yes,No,Fiber optic,No,No,Yes,No,Yes,Yes,Month-to-month,Yes,Electronic check,95.75,Yes
9259-PACGQ,Lagrange,GA,30241,53,Female,No,Yes,No,34,Yes,Yes,DSL,Yes,Yes,No,Yes,No,No,Month-to-month,No,Electronic check,62.65,Yes
4415-IJZTP,Albany,GA,31707,51,Female,No,No,No,1,Yes,Yes,Fiber optic,No,No,No,No,No,No,Month-to-month,Yes,Electronic check,74.5,Yes
1465-VINDH,Jonesboro,GA,30236,37,Female,No,Yes,No,10,Yes,Yes,Fiber optic,No,Yes,Yes,No,Yes,Yes,Month-to-month,Yes,Credit card (automatic),102.1,Yes
2810-FTLEM,Perry,GA,31069,64,Female,No,No,No,16,Yes,No,DSL,Yes,No,No,No,No,No,Month-to-month,Yes,Electronic check,50.15,Yes
1925-TIBLE,Naylor,GA,31641,40,Female,No,Yes,No,7,Yes,Yes,Fiber optic,No,No,No,No,Yes,No,Month-to-month,Yes,Electronic check,86.5,Yes
0818-OCPZO,Decatur,GA,30030,36,Male,Yes,No,No,27,Yes,Yes,Fiber optic,No,Yes,No,No,No,No,Month-to-month,Yes,Electronic check,81.45,Yes
1447-GIQMR,Surrency,GA,31563,45,Male,No,Yes,No,1,Yes,No,Fiber optic,No,No,No,No,No,No,Month-to-month,Yes,Electronic check,69.15,Yes
0872-NXJYS,Waco,GA,30182,57,Female,No,No,No,9,Yes,No,Fiber optic,No,No,No,No,No,Yes,Month-to-month,Yes,Electronic check,79.55,Yes
9412-ARGBX,Dexter,GA,31019,53,Female,No,No,No,48,Yes,No,Fiber optic,No,Yes,Yes,Yes,Yes,No,Two year,Yes,Mailed check,95.5,Yes
1389-CXMLU,Hazlehurst,GA,31539,55,Male,Yes,No,No,3,Yes,Yes,Fiber optic,No,No,Yes,No,Yes,No,Month-to-month,No,Electronic check,91.05,Yes
5561-NWEVX,Savannah,GA,31408,40,Female,Yes,Yes,No,2,Yes,Yes,Fiber optic,No,No,Yes,No,No,No,Month-to-month,No,Electronic check,79.2,Yes
2737-WFVYW,Pinehurst,GA,31070,48,Female,No,No,No,2,No,No,DSL,No,No,No,No,Yes,Yes,Month-to-month,Yes,Electronic check,45.25,Yes
2272-QAGFO,Conley,GA,30288,22,Female,Yes,No,No,14,Yes,Yes,Fiber optic,No,No,No,No,No,No,Month-to-month,Yes,Electronic check,74.3,Yes
9850-OWRHQ,Blakely,GA,39823,47,Female,No,Yes,No,3,Yes,Yes,Fiber optic,No,No,No,No,No,No,Month-to-month,Yes,Credit card (automatic),74.1,Yes
3768-NLUBH,Homer,GA,30547,49,Male,Yes,Yes,No,57,Yes,Yes,Fiber optic,No,No,Yes,No,Yes,Yes,Month-to-month,No,Electronic check,100.6,Yes
8676-TRMJS,Douglas,GA,31535,47,Male,No,No,No,3,Yes,Yes,Fiber optic,No,No,No,No,No,No,Month-to-month,No,Mailed check,75,Yes
7359-SSBJK,Chula,GA,31733,33,Female,Yes,No,No,64,Yes,No,DSL,Yes,Yes,No,Yes,Yes,No,Two year,Yes,Credit card (automatic),70.2,Yes
0685-MLYYM,Tiger,GA,30576,53,Female,Yes,No,No,2,Yes,No,Fiber optic,No,No,No,No,No,No,Month-to-month,No,Electronic check,70.75,Yes
8182-PNAGI,Mableton,GA,30126,59,Male,No,No,No,12,Yes,No,DSL,No,No,No,Yes,No,No,Month-to-month,No,Bank transfer (automatic),50.25,Yes
7957-RYHQD,Fitzgerald,GA,31750,33,Female,Yes,No,No,40,Yes,No,Fiber optic,Yes,Yes,No,No,No,No,Month-to-month,Yes,Credit card (automatic),79.2,Yes
2180-DXNEG,Homerville,GA,31634,45,Female,No,No,No,12,Yes,No,Fiber optic,No,No,Yes,No,Yes,Yes,Month-to-month,Yes,Electronic check,96,Yes
5515-AKOAJ,Claxton,GA,30417,25,Female,No,No,No,54,Yes,Yes,Fiber optic,No,No,No,Yes,Yes,Yes,Month-to-month,Yes,Electronic check,100.1,Yes
8976-OQHGT,Vidalia,GA,30475,46,Female,No,Yes,Yes,4,Yes,No,DSL,No,Yes,No,Yes,No,No,Month-to-month,No,Mailed check,56.5,Yes
6230-BSUXY,Damascus,GA,39841,39,Female,Yes,No,No,1,Yes,No,Fiber optic,No,No,Yes,No,No,Yes,Month-to-month,Yes,Electronic check,85,Yes
5294-CDGWY,Ocilla,GA,31774,36,Male,No,Yes,No,51,No,No,DSL,Yes,Yes,Yes,No,Yes,Yes,One year,No,Electronic check,59.3,Yes
5295-PCJOO,Jesup,GA,31545,31,Male,No,No,Yes,4,Yes,No,DSL,Yes,No,No,No,No,No,Month-to-month,Yes,Electronic check,49.4,Yes
9863-JZAIC,Statenville,GA,31648,37,Male,No,No,No,35,Yes,No,DSL,No,No,No,No,Yes,No,Month-to-month,No,Mailed check,55,Yes
7660-HDPJV,Fort Benning,GA,31905,41,Female,No,No,No,1,Yes,No,Fiber optic,No,No,No,No,No,No,Month-to-month,Yes,Electronic check,69.2,Yes
7931-PXHFC,Albany,GA,31705,29,Male,No,No,No,38,Yes,No,DSL,No,No,Yes,Yes,No,Yes,One year,Yes,Mailed check,62.3,Yes
3990-QYKBE,Harlem,GA,30814,46,Male,Yes,Yes,No,37,Yes,Yes,Fiber optic,No,No,No,No,Yes,Yes,Month-to-month,Yes,Electronic check,92.5,Yes
4919-MOAVT,Bremen,GA,30110,53,Male,No,No,No,3,Yes,No,Fiber optic,No,No,No,No,No,No,Month-to-month,No,Electronic check,69.65,Yes
3090-HAWSU,Rome,GA,30164,31,Male,No,No,No,61,Yes,Yes,Fiber optic,Yes,No,Yes,Yes,Yes,Yes,Two year,Yes,Credit card (automatic),111.6,Yes
9820-RMCQV,Whigham,GA,39897,46,Female,No,No,No,11,Yes,No,DSL,Yes,No,No,No,No,No,Month-to-month,No,Credit card (automatic),48.55,Yes
7839-QRKXN,Carrollton,GA,30117,64,Female,No,No,No,1,Yes,No,None,No,No,No,No,No,No,Month-to-month,Yes,Mailed check,20.2,Yes
5204-QZXPU,Clarkesville,GA,30523,19,Male,No,No,No,19,No,No,DSL,No,No,Yes,No,Yes,No,Month-to-month,Yes,Electronic check,39.65,Yes
4597-ELFTS,Hauula,HI,96717,39,Male,No,No,No,56,Yes,Yes,None,No,No,No,No,No,No,One year,No,Electronic check,24.9,Yes
8450-JOVAH,Ocean View,HI,96737,63,Male,No,Yes,Yes,2,Yes,Yes,DSL,Yes,No,No,No,No,No,Month-to-month,No,Mailed check,56.7,Yes
1113-IUJYX,Kapaa,HI,96746,36,Female,No,Yes,No,14,Yes,No,Fiber optic,Yes,Yes,No,Yes,Yes,Yes,One year,No,Mailed check,105.95,Yes
9274-CNFMO,Jbphh,HI,96853,28,Male,Yes,Yes,No,4,Yes,Yes,Fiber optic,No,No,No,No,No,No,Month-to-month,No,Electronic check,74.95,Yes
7758-XKCBS,Honolulu,HI,96814,43,Male,No,No,No,15,No,No,DSL,No,No,No,Yes,No,No,Month-to-month,Yes,Electronic check,29.7,Yes
8992-JQYUN,Kailua Kona,HI,96740,44,Male,No,Yes,No,1,No,No,DSL,No,No,Yes,No,Yes,Yes,Month-to-month,Yes,Electronic check,50.35,Yes
0617-AQNWT,Kihei,HI,96753,36,Female,No,Yes,No,64,No,No,DSL,Yes,No,Yes,Yes,No,Yes,Two year,No,Electronic check,47.85,Yes
2446-PLQVO,Haleiwa,HI,96712,22,Male,No,No,No,1,Yes,No,Fiber optic,No,No,No,No,No,No,Month-to-month,Yes,Electronic check,70.3,Yes
3005-NFMTA,Haiku,HI,96708,36,Male,Yes,No,No,55,Yes,Yes,Fiber optic,Yes,No,No,No,Yes,Yes,Month-to-month,Yes,Electronic check,98.8,Yes
8784-CGILN,Laie,HI,96762,40,Female,No,No,No,18,Yes,Yes,Fiber optic,No,No,No,Yes,Yes,Yes,Month-to-month,Yes,Bank transfer (automatic),99.85,Yes
5389-FFVKB,Honolulu,HI,96850,42,Male,Yes,Yes,No,32,Yes,No,Fiber optic,No,No,No,No,No,Yes,Month-to-month,Yes,Credit card (automatic),80.3,Yes
8444-WRIDW,Mountain View,HI,96771,19,Female,Yes,No,No,66,Yes,Yes,Fiber optic,No,Yes,No,No,No,No,Month-to-month,Yes,Credit card (automatic),80.45,Yes
9451-LPGOO,Hakalau,HI,96710,57,Male,No,No,No,7,Yes,Yes,Fiber optic,No,No,No,No,No,Yes,Month-to-month,Yes,Electronic check,86.8,Yes
5868-YWPDW,Hana,HI,96713,35,Male,Yes,Yes,No,6,Yes,No,Fiber optic,No,Yes,No,No,No,Yes,Month-to-month,Yes,Electronic check,84.2,Yes
2025-JKFWI,Waialua,HI,96791,33,Male,No,No,No,13,Yes,Yes,Fiber optic,No,No,No,Yes,Yes,Yes,Month-to-month,Yes,Mailed check,99,Yes
4078-SAYYN,Kekaha,HI,96752,25,Female,No,No,No,11,Yes,Yes,Fiber optic,No,No,Yes,No,Yes,Yes,Month-to-month,Yes,Electronic check,100.75,Yes
9940-HPQPG,Hoolehua,HI,96729,39,Female,No,Yes,No,9,Yes,Yes,Fiber optic,Yes,Yes,Yes,No,No,No,Month-to-month,No,Bank transfer (automatic),91.75,Yes
6618-RYATB,Kunia,HI,96759,30,Female,No,No,No,1,Yes,Yes,Fiber optic,No,No,Yes,No,No,No,Month-to-month,Yes,Mailed check,79.55,Yes
9079-YEXQJ,Honolulu,HI,96819,42,Female,No,No,No,54,Yes,Yes,Fiber optic,No,Yes,Yes,Yes,Yes,Yes,Month-to-month,No,Electronic check,111.1,Yes
2685-SREOM,Keaau,HI,96749,23,Female,No,Yes,No,25,Yes,Yes,Fiber optic,No,No,Yes,No,No,Yes,Month-to-month,Yes,Electronic check,89.1,Yes
0402-CQAJN,Honolulu,HI,96818,42,Female,No,No,No,37,Yes,Yes,Fiber optic,No,Yes,Yes,No,Yes,Yes,Month-to-month,Yes,Bank transfer (automatic),101.9,Yes
6692-UDPJC,Kailua,HI,96734,47,Female,No,Yes,Yes,14,Yes,Yes,Fiber optic,No,No,No,Yes,Yes,No,Month-to-month,Yes,Electronic check,91.65,Yes
1273-MTETI,Aiea,HI,96701,55,Female,Yes,No,No,4,Yes,Yes,Fiber optic,No,No,Yes,No,No,Yes,Month-to-month,Yes,Electronic check,88.85,Yes
5480-HPRRX,Honolulu,HI,96816,50,Female,Yes,No,No,3,No,No,DSL,No,No,No,No,No,No,Month-to-month,No,Electronic check,25.3,Yes
0295-PPHDO,Hakalau,HI,96710,44,Male,No,No,No,1,Yes,Yes,Fiber optic,No,No,No,No,Yes,Yes,Month-to-month,Yes,Electronic check,95.45,Yes
1195-OIYEJ,Eleele,HI,96705,53,Male,No,No,No,13,Yes,No,Fiber optic,No,No,No,No,Yes,Yes,Month-to-month,Yes,Electronic check,91.1,Yes
5906-CVLHP,Honolulu,HI,96814,44,Female,No,Yes,No,45,Yes,No,DSL,No,Yes,No,Yes,No,No,One year,Yes,Credit card (automatic),54.15,Yes
4501-EQDRN,Kealia,HI,96751,20,Female,No,No,No,1,Yes,No,Fiber optic,No,No,No,No,No,No,Month-to-month,No,Bank transfer (automatic),69.7,Yes
2990-HWIML,Hanalei,HI,96714,58,Female,No,No,No,6,Yes,No,Fiber optic,No,No,No,No,Yes,Yes,Month-to-month,Yes,Electronic check,89.5,Yes
7384-GHBPI,Lihue,HI,96766,23,Male,No,Yes,No,3,No,No,DSL,No,No,No,No,No,Yes,Month-to-month,Yes,Electronic check,35.15,Yes
7603-USHJS,Pearl City,HI,96782,54,Male,No,No,Yes,12,Yes,Yes,Fiber optic,No,No,No,No,No,No,Month-to-month,Yes,Credit card (automatic),73.75,Yes
7234-FECYN,Makaweli,HI,96769,36,Female,Yes,No,No,8,Yes,Yes,Fiber optic,No,No,Yes,No,Yes,Yes,Month-to-month,No,Electronic check,101.35,Yes
5876-HZVZM,Honolulu,HI,96850,37,Female,No,Yes,Yes,6,Yes,No,DSL,Yes,Yes,No,No,No,No,Month-to-month,No,Credit card (automatic),55.9,Yes
1400-MMYXY,Maunaloa,HI,96770,47,Male,Yes,Yes,No,3,Yes,Yes,Fiber optic,No,Yes,Yes,No,Yes,Yes,Month-to-month,Yes,Electronic check,105.9,Yes
3085-QUOZK,Kaaawa,HI,96730,63,Female,No,No,No,1,Yes,No,DSL,No,No,No,No,No,No,Month-to-month,No,Mailed check,43.95,Yes
3926-CUQZX,Conesville,IA,52739,63,Male,No,No,No,1,Yes,No,DSL,No,No,No,No,No,No,Month-to-month,Yes,Bank transfer (automatic),45.1,Yes
1041-RXHRA,Mallard,IA,50562,54,Female,No,No,No,41,Yes,No,Fiber optic,No,No,No,No,No,No,Month-to-month,No,Bank transfer (automatic),70.25,Yes
1750-CSKKM,Jolley,IA,50551,23,Male,No,No,Yes,9,Yes,No,DSL,No,No,No,No,Yes,No,Month-to-month,No,Electronic check,55.35,Yes
7142-HVGBG,Coggon,IA,52218,38,Male,Yes,Yes,No,43,Yes,Yes,Fiber optic,No,Yes,Yes,No,Yes,Yes,Month-to-month,Yes,Electronic check,103,Yes
8267-ZNYVZ,Belmond,IA,50421,63,Female,No,Yes,No,33,Yes,No,Fiber optic,Yes,No,Yes,Yes,Yes,Yes,One year,Yes,Electronic check,103.75,Yes
6457-GIRWB,Zearing,IA,50278,35,Male,No,No,No,1,Yes,No,Fiber optic,No,No,No,No,No,No,Month-to-month,Yes,Electronic check,69.35,Yes
1450-SKCVI,Millerton,IA,50165,25,Female,No,No,No,56,Yes,No,Fiber optic,No,Yes,No,No,No,No,Month-to-month,Yes,Electronic check,73.85,Yes
5570-PTWEH,Varina,IA,50593,23,Female,No,Yes,No,3,Yes,Yes,Fiber optic,No,No,No,No,No,No,Month-to-month,Yes,Credit card (automatic),75.15,Yes
6502-MJQAE,Clive,IA,50325,59,Male,No,No,No,1,Yes,No,Fiber optic,No,No,No,No,No,No,Month-to-month,Yes,Electronic check,69.6,Yes
7693-LCKZL,Ira,IA,50127,62,Male,No,Yes,Yes,5,Yes,Yes,Fiber optic,No,Yes,No,No,No,No,Month-to-month,Yes,Electronic check,80.15,Yes
0032-PGELS,Des Moines,IA,50313,45,Female,No,Yes,Yes,1,No,No,DSL,Yes,No,No,No,No,No,Month-to-month,No,Bank transfer (automatic),30.5,Yes
6797-LNAQX,Gilbert,IA,50105,20,Male,No,Yes,No,70,Yes,Yes,Fiber optic,No,Yes,No,No,Yes,Yes,Two year,No,Bank transfer (automatic),98.3,Yes
6394-MFYNG,Eddyville,IA,52553,49,Female,No,No,No,48,Yes,Yes,Fiber optic,No,Yes,Yes,No,Yes,Yes,Month-to-month,Yes,Bank transfer (automatic),107.4,Yes
1564-NTYXF,Oxford Junction,IA,52323,34,Female,Yes,No,No,13,Yes,Yes,Fiber optic,No,No,No,No,No,Yes,Month-to-month,Yes,Electronic check,82,Yes
8155-IBNHG,Des Moines,IA,50314,61,Female,No,Yes,No,24,Yes,Yes,Fiber optic,No,No,No,No,No,No,Month-to-month,Yes,Credit card (automatic),75.4,Yes
0886-QGENL,Colfax,IA,50054,57,Female,Yes,Yes,No,27,Yes,No,Fiber optic,Yes,No,Yes,No,Yes,Yes,Month-to-month,Yes,Electronic check,101.25,Yes
8739-WWKDU,Pierson,IA,51048,25,Male,Yes,No,No,25,Yes,Yes,Fiber optic,No,Yes,No,No,Yes,No,Month-to-month,Yes,Electronic check,89.5,Yes
8685-WHQPW,Wesley,IA,50483,50,Female,Yes,No,No,22,Yes,Yes,Fiber optic,No,No,No,No,No,No,Month-to-month,Yes,Bank transfer (automatic),74.4,Yes
4745-LSPLO,Ferguson,IA,50078,25,Male,No,No,No,1,Yes,No,None,No,No,No,No,No,No,Month-to-month,No,Mailed check,20.5,Yes
8083-YTZES,Lenox,IA,50851,40,Male,No,No,No,4,Yes,Yes,Fiber optic,No,No,No,No,No,No,Month-to-month,Yes,Electronic check,74.35,Yes
7240-FQLHE,Audubon,IA,50025,43,Female,Yes,Yes,No,18,Yes,Yes,Fiber optic,No,No,No,Yes,Yes,Yes,Month-to-month,No,Bank transfer (automatic),99.75,Yes
6664-FPDAC,Alden,IA,50006,30,Female,Yes,No,No,56,Yes,Yes,Fiber optic,No,Yes,Yes,Yes,Yes,Yes,One year,Yes,Electronic check,111.95,Yes
0786-VSSUD,Northwood,IA,50459,19,Male,Yes,No,No,16,No,No,DSL,No,Yes,No,No,Yes,No,Month-to-month,Yes,Mailed check,39,Yes
3976-BWUCK,Parnell,IA,52325,34,Female,No,Yes,No,30,Yes,Yes,Fiber optic,No,Yes,No,Yes,Yes,No,Month-to-month,Yes,Credit card (automatic),94.1,Yes
3585-ISXZP,Gowrie,IA,50543,64,Female,No,No,No,8,Yes,Yes,Fiber optic,No,No,No,No,Yes,Yes,Month-to-month,No,Bank transfer (automatic),95.65,Yes
6583-QGCSI,Readlyn,IA,50668,24,Female,Yes,Yes,No,50,Yes,Yes,Fiber optic,No,Yes,No,No,Yes,No,Month-to-month,Yes,Electronic check,88.05,Yes
4174-LPGTI,Windsor Heights,IA,50324,53,Female,No,Yes,No,41,Yes,No,DSL,No,Yes,No,Yes,No,Yes,One year,Yes,Bank transfer (automatic),66.5,Yes
2108-XWMPY,Mingo,IA,50168,36,Male,No,No,No,3,No,No,DSL,Yes,Yes,No,No,No,No,Month-to-month,Yes,Mailed check,35.45,Yes
6304-IJFSQ,Mondamin,IA,51557,37,Male,No,No,No,3,Yes,No,DSL,No,Yes,No,No,No,No,Month-to-month,Yes,Mailed check,49.9,Yes
0093-XWZFY,Goodell,IA,50439,38,Male,No,No,No,40,Yes,Yes,Fiber optic,No,Yes,Yes,No,Yes,Yes,Month-to-month,Yes,Credit card (automatic),104.5,Yes
1980-KXVPM,Clinton,IA,52732,59,Female,Yes,No,No,3,Yes,Yes,Fiber optic,No,No,No,No,No,No,Month-to-month,Yes,Credit card (automatic),75.05,Yes
7703-ZEKEF,Fonda,IA,50540,36,Male,No,No,No,23,Yes,Yes,Fiber optic,No,No,Yes,No,No,No,Month-to-month,Yes,Electronic check,81,Yes
0723-DRCLG,Ackley,IA,50601,50,Female,Yes,Yes,No,1,Yes,Yes,Fiber optic,No,No,No,No,No,No,Month-to-month,Yes,Electronic check,74.45,Yes
5482-NUPNA,Booneville,IA,50038,64,Female,No,No,No,4,Yes,No,DSL,Yes,Yes,No,Yes,No,No,Month-to-month,Yes,Mailed check,60.4,Yes
1122-JWTJW,Emmetsburg,IA,50536,41,Male,No,Yes,Yes,1,Yes,No,Fiber optic,No,No,No,No,No,No,Month-to-month,Yes,Mailed check,70.65,Yes
1699-HPSBG,Williams,IA,50271,63,Male,No,No,No,12,Yes,No,DSL,No,No,No,Yes,Yes,No,One year,Yes,Electronic check,59.8,Yes
8775-CEBBJ,Wall,TX,76957,64,Female,No,No,No,9,Yes,No,DSL,No,No,No,No,No,No,Month-to-month,Yes,Bank transfer (automatic),44.2,Yes
6894-LFHLY,Sylvester,TX,79560,62,Male,Yes,No,No,1,Yes,Yes,Fiber optic,No,No,No,No,No,No,Month-to-month,Yes,Electronic check,75.75,Yes
0639-TSIQW,Temple,TX,76502,25,Female,No,No,No,67,Yes,Yes,Fiber optic,Yes,Yes,Yes,No,Yes,No,Month-to-month,Yes,Credit card (automatic),102.95,Yes
8361-LTMKD,Lubbock,TX,79423,56,Male,Yes,Yes,No,4,Yes,Yes,Fiber optic,No,No,No,No,No,No,Month-to-month,Yes,Mailed check,74.4,Yes
7590-VHVEG,Nome,TX,77629,25,Female,No,Yes,No,1,No,No,DSL,No,Yes,No,No,No,No,Month-to-month,Yes,Electronic check,29.85,No
5575-GNVDE,Alto,TX,75925,59,Male,No,No,No,34,Yes,No,DSL,Yes,No,Yes,No,No,No,One year,No,Mailed check,56.95,No
7795-CFOCW,Bedias,TX,77831,59,Male,No,No,No,45,No,No,DSL,Yes,No,Yes,Yes,No,No,One year,No,Bank transfer (automatic),42.3,No
1452-KIOVK,Wheeler,TX,79096,30,Male,No,No,Yes,22,Yes,Yes,Fiber optic,No,Yes,No,No,Yes,No,Month-to-month,Yes,Credit card (automatic),89.1,No
6713-OKOMC,Damon,TX,77430,36,Female,No,No,No,10,No,No,DSL,Yes,No,No,No,No,No,Month-to-month,No,Mailed check,29.75,No
6388-TABGU,White Oak,TX,75693,60,Male,No,No,No,62,Yes,No,DSL,Yes,Yes,No,No,No,No,One year,No,Bank transfer (automatic),56.15,No
9763-GRSKD,Deport,TX,75435,23,Male,No,Yes,Yes,13,Yes,No,DSL,Yes,No,No,No,No,No,Month-to-month,Yes,Mailed check,49.95,No
7469-LKBCI,Kountze,TX,77625,37,Male,No,No,No,16,Yes,No,None,No,No,No,No,No,No,Two year,No,Credit card (automatic),18.95,No
8091-TTVAX,Paris,TX,75460,48,Male,No,Yes,No,58,Yes,Yes,Fiber optic,No,No,Yes,No,Yes,Yes,One year,No,Credit card (automatic),100.35,No
5129-JLPIS,Roanoke,TX,76262,47,Male,No,No,No,25,Yes,No,Fiber optic,Yes,No,Yes,Yes,Yes,Yes,Month-to-month,Yes,Electronic check,105.5,No
3655-SNQYZ,Fieldton,TX,79326,54,Female,No,Yes,No,69,Yes,Yes,Fiber optic,Yes,Yes,Yes,Yes,Yes,Yes,Two year,No,Credit card (automatic),113.25,No
8191-XWSZG,El Campo,TX,77437,40,Female,No,No,No,52,Yes,No,None,No,No,No,No,No,No,One year,No,Mailed check,20.65,No
9959-WOFKT,Wortham,TX,76693,22,Male,No,No,No,71,Yes,Yes,Fiber optic,Yes,No,Yes,No,Yes,Yes,Two year,No,Bank transfer (automatic),106.7,No
4183-MYFRB,Leesburg,TX,75451,64,Female,No,No,No,21,Yes,No,Fiber optic,No,Yes,Yes,No,No,Yes,Month-to-month,Yes,Electronic check,90.05,No
1680-VDCWW,Plantersville,TX,77363,62,Male,No,Yes,No,12,Yes,No,None,No,No,No,No,No,No,One year,No,Bank transfer (automatic),19.8,No
3638-WEABW,Donna,TX,78537,44,Female,No,Yes,No,58,Yes,Yes,DSL,No,Yes,No,Yes,No,No,Two year,Yes,Credit card (automatic),59.9,No
6322-HRPFA,Houston,TX,77071,35,Male,No,Yes,Yes,49,Yes,No,DSL,Yes,Yes,No,Yes,No,No,Month-to-month,No,Credit card (automatic),59.6,No
6865-JZNKO,Lewisville,TX,75077,60,Female,No,No,No,30,Yes,No,DSL,Yes,Yes,No,No,No,No,Month-to-month,Yes,Bank transfer (automatic),55.3,No
5248-YGIJN,Natalia,TX,78059,24,Male,No,Yes,No,72,Yes,Yes,DSL,Yes,Yes,Yes,Yes,Yes,Yes,Two year,Yes,Credit card (automatic),90.25,No
3841-NFECX,Sanderson,TX,79848,42,Female,Yes,Yes,No,71,Yes,Yes,Fiber optic,Yes,Yes,Yes,Yes,No,No,Two year,Yes,Credit card (automatic),96.35,No
4929-XIHVW,Smyer,TX,79367,29,Male,Yes,Yes,No,2,Yes,No,Fiber optic,No,No,Yes,No,Yes,Yes,Month-to-month,Yes,Credit card (automatic),95.5,No
6827-IEAUQ,Windthorst,TX,76389,34,Female,No,Yes,No,27,Yes,No,DSL,Yes,Yes,Yes,Yes,No,No,One year,No,Mailed check,66.15,No
7310-EGVHZ,Fred,TX,77616,56,Male,No,No,No,1,Yes,No,None,No,No,No,No,No,No,Month-to-month,No,Bank transfer (automatic),20.2,No
3413-BMNZE,Killeen,TX,76541,33,Male,Yes,No,No,1,Yes,No,DSL,No,No,No,No,No,No,Month-to-month,No,Bank transfer (automatic),45.25,No
6234-RAAPL,Houston,TX,77064,29,Female,No,Yes,No,72,Yes,Yes,Fiber optic,Yes,Yes,No,Yes,Yes,No,Two year,No,Bank transfer (automatic),99.9,No
6572-ADKRS,Bangs,TX,76823,46,Female,No,No,No,46,Yes,No,Fiber optic,No,No,Yes,No,No,No,Month-to-month,Yes,Credit card (automatic),74.8,No
8865-TNMNX,Houston,TX,77051,51,Male,No,Yes,No,10,Yes,No,DSL,No,Yes,No,No,No,No,One year,No,Mailed check,49.55,No
9489-DEDVP,Etoile,TX,75944,44,Female,No,Yes,No,70,Yes,Yes,DSL,Yes,Yes,No,No,Yes,No,Two year,Yes,Credit card (automatic),69.2,No
9867-JCZSP,Austin,TX,78737,57,Female,No,Yes,No,17,Yes,No,None,No,No,No,No,No,No,One year,No,Mailed check,20.75,No
4671-VJLCL,Cuney,TX,75759,46,Female,No,No,No,63,Yes,Yes,DSL,Yes,Yes,Yes,Yes,Yes,No,Two year,Yes,Credit card (automatic),79.85,No
4080-IIARD,Duncanville,TX,75116,29,Female,No,Yes,No,13,Yes,Yes,DSL,Yes,Yes,No,Yes,Yes,No,Month-to-month,Yes,Electronic check,76.2,No
3714-NTNFO,Fate,TX,75132,27,Female,No,No,No,49,Yes,Yes,Fiber optic,No,No,No,No,No,Yes,Month-to-month,Yes,Electronic check,84.5,No
5948-UJZLF,Fort Worth,TX,76120,50,Male,No,No,No,2,Yes,No,DSL,No,Yes,No,No,No,No,Month-to-month,No,Mailed check,49.25,No
7639-LIAYI,Quinlan,TX,75474,39,Male,No,No,No,52,Yes,Yes,DSL,Yes,No,No,Yes,Yes,Yes,Two year,Yes,Credit card (automatic),79.75,No
2954-PIBKO,Kemah,TX,77565,21,Female,No,Yes,No,69,Yes,Yes,DSL,Yes,No,Yes,Yes,No,No,Two year,Yes,Credit card (automatic),64.15,No
8012-SOUDQ,Killeen,TX,76549,32,Female,Yes,No,No,43,Yes,Yes,Fiber optic,No,Yes,No,No,Yes,No,Month-to-month,Yes,Electronic check,90.25,No
6575-SUVOI,Umbarger,TX,79091,57,Female,Yes,Yes,No,25,Yes,Yes,DSL,Yes,No,No,Yes,Yes,No,Month-to-month,Yes,Credit card (automatic),69.5,No
4667-QONEA,Fowlerton,TX,78021,30,Female,Yes,Yes,No,60,Yes,No,DSL,Yes,Yes,Yes,Yes,No,Yes,One year,Yes,Credit card (automatic),74.85,No
8769-KKTPH,San Antonio,TX,78207,36,Female,No,Yes,No,63,Yes,Yes,Fiber optic,Yes,No,No,No,Yes,Yes,One year,Yes,Credit card (automatic),99.65,No
5067-XJQFU,Follett,TX,79034,41,Male,Yes,Yes,No,66,Yes,Yes,Fiber optic,No,Yes,Yes,Yes,Yes,Yes,One year,Yes,Electronic check,108.45,No
3957-SQXML,Harlingen,TX,78552,53,Female,No,Yes,No,34,Yes,Yes,None,No,No,No,No,No,No,Two year,No,Credit card (automatic),24.95,No
5954-BDFSG,Rio Medina,TX,78066,57,Female,No,No,No,72,Yes,Yes,Fiber optic,No,No,Yes,Yes,Yes,Yes,Two year,Yes,Credit card (automatic),107.5,No
0434-CSFON,Brownfield,TX,79316,20,Female,No,Yes,No,47,Yes,Yes,Fiber optic,No,No,Yes,No,Yes,Yes,Month-to-month,Yes,Electronic check,100.5,No
1215-FIGMP,Lubbock,TX,79406,55,Male,No,No,No,60,Yes,Yes,Fiber optic,No,Yes,No,No,Yes,No,Month-to-month,Yes,Bank transfer (automatic),89.9,No
0526-SXDJP,Saint Hedwig,TX,78152,42,Male,No,Yes,No,72,No,No,DSL,Yes,Yes,Yes,No,No,No,Two year,No,Bank transfer (automatic),42.1,No
0557-ASKVU,Cypress,TX,77429,31,Female,No,Yes,No,18,Yes,No,DSL,No,No,Yes,Yes,No,No,One year,Yes,Credit card (automatic),54.4,No
5122-CYFXA,Pleasant Valley,IA,52767,63,Female,No,No,No,3,Yes,No,DSL,No,Yes,No,Yes,Yes,Yes,Month-to-month,Yes,Electronic check,75.3,No
8627-ZYGSZ,Wallingford,IA,51365,42,Male,No,Yes,No,47,Yes,Yes,Fiber optic,No,Yes,No,No,No,No,One year,Yes,Electronic check,78.9,No
3410-YOQBQ,West Branch,IA,52358,64,Female,No,No,No,31,Yes,No,DSL,No,Yes,Yes,Yes,Yes,Yes,Two year,No,Mailed check,79.2,No
3170-NMYVV,Matlock,IA,51244,41,Female,No,Yes,No,50,Yes,No,None,No,No,No,No,No,No,Two year,No,Bank transfer (automatic),20.15,No
7410-OIEDU,Waverly,IA,50677,41,Male,No,No,No,10,Yes,No,Fiber optic,Yes,No,Yes,No,No,No,Month-to-month,Yes,Mailed check,79.85,No
2273-QCKXA,Fairfield,IA,52557,41,Male,No,No,No,1,Yes,No,DSL,No,No,No,Yes,No,No,Month-to-month,No,Mailed check,49.05,No
0731-EBJQB,Saint Olaf,IA,52072,47,Female,No,Yes,No,52,Yes,No,None,No,No,No,No,No,No,One year,Yes,Electronic check,20.4,No
1891-QRQSA,Bennett,IA,52721,26,Male,Yes,Yes,No,64,Yes,Yes,Fiber optic,Yes,No,Yes,Yes,Yes,Yes,Two year,Yes,Bank transfer (automatic),111.6,No
8028-PNXHQ,Polk City,IA,50226,30,Male,No,Yes,No,62,Yes,Yes,None,No,No,No,No,No,No,Two year,Yes,Bank transfer (automatic),24.25,No
5630-AHZIL,Ellsworth,IA,50075,23,Female,No,No,Yes,3,Yes,No,DSL,Yes,No,No,Yes,No,Yes,Month-to-month,Yes,Bank transfer (automatic),64.5,No
2673-CXQEU,Audubon,IA,50025,32,Female,Yes,No,No,56,Yes,Yes,Fiber optic,Yes,Yes,Yes,No,Yes,Yes,One year,No,Electronic check,110.5,No
6416-JNVRK,Lowden,IA,52255,61,Female,No,No,No,46,Yes,No,DSL,No,No,No,No,No,Yes,One year,No,Credit card (automatic),55.65,No
5590-ZSKRV,West Des Moines,IA,50265,31,Female,No,Yes,Yes,8,Yes,No,DSL,Yes,Yes,No,No,No,No,Month-to-month,No,Mailed check,54.65,No
0191-ZHSKZ,Marion,IA,52302,33,Male,Yes,No,No,30,Yes,No,DSL,Yes,Yes,No,No,Yes,Yes,Month-to-month,Yes,Electronic check,74.75,No
3887-PBQAO,Martelle,IA,52305,64,Female,No,Yes,No,45,Yes,Yes,None,No,No,No,No,No,No,One year,Yes,Credit card (automatic),25.9,No
8108-UXRQN,Cedar Rapids,IA,52402,48,Female,No,Yes,Yes,11,No,No,DSL,Yes,No,No,No,Yes,Yes,Month-to-month,No,Electronic check,50.55,No
9919-YLNNG,Meriden,IA,51037,47,Female,No,No,No,42,Yes,No,Fiber optic,No,Yes,Yes,Yes,Yes,Yes,Month-to-month,Yes,Bank transfer (automatic),103.8,No
0318-ZOPWS,Truro,IA,50257,60,Female,No,Yes,No,49,Yes,No,None,No,No,No,No,No,No,Two year,Yes,Bank transfer (automatic),20.15,No
4445-ZJNMU,Kirkville,IA,52566,21,Male,No,No,No,9,Yes,Yes,Fiber optic,No,Yes,No,No,Yes,Yes,Month-to-month,Yes,Credit card (automatic),99.3,No
4808-YNLEU,Sperry,IA,52650,36,Female,No,Yes,No,35,Yes,No,DSL,Yes,No,No,No,Yes,No,One year,Yes,Bank transfer (automatic),62.15,No
1862-QRWPE,Little Sioux,IA,51545,56,Female,No,Yes,No,48,Yes,No,None,No,No,No,No,No,No,Two year,No,Bank transfer (automatic),20.65,No
2796-NNUFI,Emerson,IA,51533,47,Female,No,Yes,No,46,Yes,No,None,No,No,No,No,No,No,Two year,Yes,Mailed check,19.95,No
3016-KSVCP,Ainsworth,IA,52201,51,Male,No,Yes,No,29,No,No,DSL,No,No,No,No,Yes,No,Month-to-month,No,Mailed check,33.75,No
4767-HZZHQ,Blairstown,IA,52209,44,Male,No,Yes,Yes,30,Yes,No,Fiber optic,No,Yes,Yes,No,No,No,Month-to-month,No,Bank transfer (automatic),82.05,No
2424-WVHPL,Calumet,IA,51009,27,Male,Yes,No,No,1,Yes,No,Fiber optic,No,No,No,Yes,No,No,Month-to-month,No,Electronic check,74.7,No
7233-PAHHL,Stanton,IA,51573,56,Male,No,Yes,No,66,Yes,Yes,DSL,Yes,No,Yes,Yes,Yes,Yes,Two year,Yes,Mailed check,84,No
6067-NGCEU,Ames,IA,50014,64,Female,No,No,No,65,Yes,Yes,Fiber optic,Yes,Yes,Yes,No,Yes,Yes,Month-to-month,Yes,Credit card (automatic),111.05,No
9848-JQJTX,New Albin,IA,52160,21,Male,No,No,No,72,Yes,Yes,Fiber optic,No,Yes,Yes,No,Yes,Yes,Two year,Yes,Bank transfer (automatic),100.9,No
9803-FTJCG,Diagonal,IA,50845,53,Male,No,Yes,No,71,Yes,Yes,DSL,Yes,Yes,No,Yes,No,No,One year,Yes,Credit card (automatic),66.85,No
3212-KXOCR,Clear Lake,IA,50428,34,Male,No,No,No,52,Yes,No,None,No,No,No,No,No,No,Two year,No,Bank transfer (automatic),21,No
6380-ARCEH,Davenport,IA,52806,21,Male,No,No,No,1,Yes,No,None,No,No,No,No,No,No,Month-to-month,No,Mailed check,20.2,No
3679-XASPY,Allison,IA,50602,42,Female,No,Yes,Yes,1,Yes,No,None,No,No,No,No,No,No,Month-to-month,No,Electronic check,19.45,No
7123-WQUHX,Kalona,IA,52247,49,Male,No,No,No,38,Yes,Yes,Fiber optic,No,No,Yes,Yes,Yes,No,One year,No,Bank transfer (automatic),95,No
5386-THSLQ,Pleasant Valley,IA,52767,25,Female,Yes,Yes,No,66,No,No,DSL,No,Yes,Yes,No,Yes,No,One year,No,Bank transfer (automatic),45.55,No
6180-YBIQI,Calmar,IA,52132,61,Male,No,No,No,5,No,No,DSL,No,No,No,No,No,No,Month-to-month,No,Mailed check,24.3,No
6728-DKUCO,Holy Cross,IA,52053,20,Female,No,Yes,No,72,Yes,Yes,Fiber optic,Yes,Yes,No,No,Yes,Yes,One year,Yes,Electronic check,104.15,No
9750-BOOHV,Booneville,IA,50038,63,Female,No,No,No,32,No,No,DSL,Yes,No,No,No,No,No,One year,No,Mailed check,30.15,No
8597-CWYHH,Sioux City,IA,51103,55,Male,No,No,No,43,Yes,Yes,Fiber optic,No,No,No,No,Yes,Yes,One year,No,Mailed check,94.35,No
2848-YXSMW,Barnum,IA,50518,38,Male,No,Yes,No,72,Yes,No,None,No,No,No,No,No,No,Two year,No,Credit card (automatic),19.4,No
4549-ZDQYY,Orient,IA,50858,22,Female,No,No,No,52,Yes,No,DSL,Yes,No,Yes,Yes,No,No,One year,No,Credit card (automatic),57.95,No
5712-AHQNN,Creston,IA,50801,23,Female,No,No,No,43,Yes,No,Fiber optic,No,Yes,Yes,No,Yes,No,Month-to-month,Yes,Electronic check,91.65,No
5256-SKJGO,Waukee,IA,50263,64,Female,No,Yes,No,64,No,No,DSL,No,Yes,No,Yes,Yes,Yes,Two year,Yes,Electronic check,54.6,No
3071-VBYPO,Algona,IA,50511,30,Male,No,Yes,Yes,3,Yes,No,Fiber optic,Yes,Yes,No,No,Yes,No,Month-to-month,No,Electronic check,89.85,No
9560-BBZXK,Rembrandt,IA,50576,48,Female,No,No,No,36,No,No,DSL,Yes,No,No,No,No,No,Two year,No,Bank transfer (automatic),31.05,No
8402-OOOHJ,Central City,IA,52214,22,Female,No,No,No,41,Yes,No,None,No,No,No,No,No,No,Two year,No,Mailed check,20.65,No
9445-ZUEQE,Promise City,IA,52583,64,Male,No,Yes,Yes,27,Yes,Yes,Fiber optic,No,Yes,No,Yes,No,No,Month-to-month,Yes,Credit card (automatic),85.2,No
1091-SOZGA,Ames,IA,50010,48,Female,No,Yes,No,56,Yes,Yes,Fiber optic,No,No,Yes,No,Yes,Yes,One year,Yes,Credit card (automatic),99.8,No
2928-HLDBA,Bloomfield,IA,52537,44,Female,No,No,No,6,Yes,No,None,No,No,No,No,No,No,Month-to-month,No,Mailed check,20.7,No
6497-TILVL,Chester,IA,52134,49,Female,No,Yes,Yes,7,Yes,No,DSL,Yes,No,No,No,No,No,Month-to-month,No,Mailed check,50.7,No
7219-TLZHO,Middletown,IA,52638,43,Female,No,Yes,Yes,4,Yes,No,None,No,No,No,No,No,No,Month-to-month,No,Mailed check,20.85,No
4622-YNKIJ,Van Wert,IA,50262,59,Male,No,No,No,33,Yes,No,Fiber optic,Yes,No,No,Yes,Yes,No,Two year,Yes,Electronic check,88.95,No
6734-PSBAW,Ossian,IA,52161,31,Male,No,Yes,No,72,Yes,Yes,None,No,No,No,No,No,No,Two year,Yes,Bank transfer (automatic),23.55,No
3930-ZGWVE,Swan,IA,50252,60,Male,No,No,No,1,Yes,No,None,No,No,No,No,No,No,Month-to-month,No,Mailed check,19.75,No
2639-UGMAZ,Doon,IA,51235,21,Male,Yes,No,No,71,No,No,DSL,Yes,Yes,No,No,Yes,Yes,One year,Yes,Electronic check,56.45,No
2876-GZYZC,Garwin,IA,50632,41,Female,No,No,No,13,Yes,Yes,Fiber optic,No,No,No,No,No,Yes,Month-to-month,Yes,Electronic check,85.95,No
8587-XYZSF,Winterset,IA,50273,51,Male,No,No,No,67,Yes,No,DSL,No,No,No,Yes,No,No,Two year,No,Bank transfer (automatic),50.55,No
7799-LGRDP,Ainsworth,IA,52201,42,Female,No,No,No,43,Yes,Yes,None,No,No,No,No,No,No,Two year,Yes,Credit card (automatic),25.7,No
7850-VWJUU,Somers,IA,50586,61,Female,No,No,No,23,Yes,No,Fiber optic,Yes,No,No,No,No,No,Month-to-month,Yes,Bank transfer (automatic),75,No
3774-VBNXY,Schleswig,IA,51461,39,Female,No,Yes,No,64,Yes,No,None,No,No,No,No,No,No,Two year,No,Mailed check,20.2,No
6217-KDYWC,Malcom,IA,50157,30,Male,No,No,No,57,Yes,No,None,No,No,No,No,No,No,Two year,Yes,Mailed check,19.6,No
3146-MSEGF,Cedar Rapids,IA,52401,29,Female,Yes,Yes,No,72,Yes,Yes,DSL,Yes,Yes,Yes,Yes,Yes,Yes,Two year,Yes,Credit card (automatic),88.05,No
1095-WGNGG,Nashua,IA,50658,52,Female,No,Yes,No,61,Yes,Yes,Fiber optic,No,Yes,No,No,Yes,Yes,Two year,Yes,Bank transfer (automatic),101.05,No
2636-SJDOU,Ames,IA,50014,59,Male,No,No,No,64,Yes,Yes,Fiber optic,Yes,Yes,No,No,No,No,One year,Yes,Credit card (automatic),84.3,No
1131-QQZEB,Dolliver,IA,50531,21,Male,Yes,Yes,No,71,Yes,Yes,None,No,No,No,No,No,No,Two year,No,Bank transfer (automatic),23.95,No
5716-EZXZN,Riverton,IA,51650,37,Female,No,Yes,No,65,Yes,Yes,Fiber optic,Yes,Yes,No,Yes,Yes,No,Two year,Yes,Credit card (automatic),99.05,No
6837-BJYDQ,Sumner,IA,50674,20,Male,No,No,No,3,Yes,No,None,No,No,No,No,No,No,One year,No,Mailed check,19.6,No
6440-DKQGE,Kellerton,IA,50133,38,Male,No,No,No,30,Yes,No,DSL,No,Yes,Yes,No,Yes,No,One year,No,Credit card (automatic),64.5,No
3466-BYAVD,Larchwood,IA,51241,63,Male,No,Yes,Yes,15,Yes,No,DSL,No,Yes,Yes,Yes,No,Yes,Month-to-month,Yes,Mailed check,69.5,No
3780-YVMFA,Altoona,IA,50009,62,Female,No,Yes,Yes,8,Yes,No,DSL,No,No,No,Yes,Yes,Yes,Month-to-month,Yes,Electronic check,68.55,No
1679-JRFBR,Waterloo,IA,50701,19,Female,No,Yes,No,70,Yes,Yes,Fiber optic,Yes,Yes,Yes,No,Yes,Yes,One year,Yes,Credit card (automatic),108.15,No
9073-ZZIAY,Ainsworth,IA,52201,58,Male,No,Yes,No,62,Yes,No,DSL,Yes,Yes,Yes,Yes,Yes,Yes,Two year,No,Electronic check,86.1,No
3077-RSNTJ,Conroy,IA,52220,26,Female,No,Yes,Yes,6,Yes,No,None,No,No,No,No,No,No,Month-to-month,No,Mailed check,19.7,No
6551-GNYDG,Readlyn,IA,50668,53,Female,No,Yes,Yes,14,Yes,No,Fiber optic,No,No,No,No,No,Yes,Month-to-month,Yes,Bank transfer (automatic),80.9,No
9167-APMXZ,New Liberty,IA,52765,42,Female,No,No,No,22,Yes,Yes,Fiber optic,No,No,No,No,Yes,No,Month-to-month,Yes,Bank transfer (automatic),84.15,No
2749-CTKAJ,Melvin,IA,51350,57,Male,No,Yes,No,22,Yes,No,None,No,No,No,No,No,No,One year,No,Mailed check,20.15,No
6371-NZYEG,Dexter,IA,50070,28,Male,No,Yes,No,16,Yes,No,DSL,Yes,No,Yes,No,Yes,No,Two year,No,Mailed check,64.25,No
7554-NEWDD,Montrose,IA,52639,36,Male,No,No,No,10,Yes,Yes,None,No,No,No,No,No,No,Two year,No,Bank transfer (automatic),25.7,No
8992-VONJD,Cedar,IA,52543,58,Female,No,No,Yes,13,Yes,No,DSL,Yes,Yes,No,No,No,No,Month-to-month,Yes,Electronic check,56,No
4482-EWFMI,Berwick,IA,50032,44,Female,No,No,No,2,Yes,No,Fiber optic,No,No,No,No,No,No,Month-to-month,Yes,Electronic check,69.7,No
4648-YPBTM,Dougherty,IA,50433,44,Male,No,No,No,53,Yes,Yes,DSL,No,Yes,Yes,Yes,No,Yes,Two year,Yes,Bank transfer (automatic),73.9,No
2907-ILJBN,Packwood,IA,52580,57,Female,No,Yes,No,11,Yes,No,None,No,No,No,No,No,No,One year,No,Mailed check,20.6,No
6345-FZOQH,Blairsburg,IA,50034,59,Male,No,Yes,No,69,Yes,No,None,No,No,No,No,No,No,Two year,No,Mailed check,19.9,No
5997-OPVFA,Coin,IA,51636,35,Male,No,Yes,No,72,Yes,Yes,DSL,Yes,Yes,Yes,Yes,Yes,Yes,Two year,Yes,Bank transfer (automatic),89.05,No
1159-WFSGR,Scranton,IA,51462,26,Female,No,Yes,Yes,16,Yes,No,None,No,No,No,No,No,No,Month-to-month,No,Electronic check,20.4,No
7654-YWJUF,Livermore,IA,50558,36,Male,No,Yes,No,43,Yes,No,Fiber optic,Yes,No,Yes,Yes,No,No,One year,Yes,Bank transfer (automatic),84.25,No
6727-IOTLZ,Armstrong,IA,50514,25,Male,No,Yes,No,14,Yes,No,DSL,No,Yes,Yes,Yes,Yes,Yes,Two year,No,Mailed check,81.95,No
5918-VUKWP,Knoxville,IA,50138,28,Female,No,No,No,32,Yes,No,None,No,No,No,No,No,No,One year,No,Bank transfer (automatic),20.55,No
1744-JHKYS,Sharpsburg,IA,50862,50,Female,No,Yes,No,34,Yes,Yes,None,No,No,No,No,No,No,Month-to-month,No,Electronic check,24.7,No
5947-SGKCL,Providence,RI,2912,42,Female,No,Yes,Yes,15,Yes,Yes,Fiber optic,No,Yes,Yes,No,Yes,Yes,Month-to-month,Yes,Bank transfer (automatic),105.35,No
3712-PKXZA,Oakland,RI,2858,27,Male,No,Yes,No,61,Yes,No,None,No,No,No,No,No,No,One year,Yes,Credit card (automatic),20.55,No
6582-OIVSP,East Providence,RI,2914,47,Female,No,No,No,1,Yes,No,DSL,No,No,No,No,No,No,Month-to-month,No,Mailed check,45.3,No
5524-KHNJP,Charlestown,RI,2813,42,Male,No,Yes,No,33,Yes,No,DSL,Yes,No,Yes,No,Yes,Yes,One year,No,Credit card (automatic),74.75,No
4827-USJHP,Parksville,SC,29844,31,Male,No,No,No,20,Yes,No,DSL,No,Yes,No,No,No,No,Month-to-month,Yes,Mailed check,51.8,No
8167-GJLRN,Greenville,SC,29613,56,Male,No,No,No,3,No,No,DSL,No,No,No,Yes,No,No,Month-to-month,No,Electronic check,30.4,No
0956-SYCWG,Columbia,SC,29210,34,Female,No,No,No,13,Yes,No,None,No,No,No,No,No,No,One year,No,Electronic check,19.65,No
8017-UVSZU,Sumter,SC,29150,39,Female,No,Yes,No,40,Yes,Yes,DSL,No,Yes,No,No,No,No,Month-to-month,No,Credit card (automatic),56.6,No
7100-FQPRV,Okatie,SC,29909,24,Male,No,Yes,No,43,Yes,Yes,DSL,Yes,No,No,Yes,No,Yes,One year,Yes,Credit card (automatic),71.9,No
2984-RGEYA,Cross,SC,29436,29,Female,No,Yes,No,69,Yes,No,None,No,No,No,No,No,No,Two year,No,Bank transfer (automatic),19.75,No
9680-NIAUV,Ware Shoals,SC,29692,35,Female,No,Yes,No,72,Yes,Yes,Fiber optic,Yes,Yes,Yes,No,Yes,Yes,Two year,No,Credit card (automatic),109.7,No
2146-EGVDT,Camden,SC,29020,39,Male,No,Yes,No,59,Yes,No,None,No,No,No,No,No,No,Two year,No,Credit card (automatic),19.3,No
2604-IJPDU,Piedmont,SC,29673,25,Female,No,Yes,No,20,Yes,No,Fiber optic,Yes,Yes,No,Yes,Yes,No,Month-to-month,Yes,Electronic check,96.55,No
9178-JHUVJ,Saluda,SC,29138,45,Male,No,Yes,Yes,24,Yes,Yes,None,No,No,No,No,No,No,Two year,Yes,Bank transfer (automatic),24.1,No
6168-YBYNP,Ninety Six,SC,29666,44,Male,No,No,No,59,Yes,Yes,Fiber optic,No,Yes,Yes,Yes,Yes,Yes,Month-to-month,Yes,Electronic check,111.35,No
7255-SSFBC,Greer,SC,29651,51,Male,No,Yes,Yes,72,Yes,Yes,Fiber optic,No,Yes,Yes,Yes,Yes,Yes,Two year,Yes,Bank transfer (automatic),112.25,No
3645-DEYGF,Smyrna,SC,29743,44,Male,No,No,Yes,1,Yes,No,None,No,No,No,No,No,No,Month-to-month,No,Mailed check,20.75,No
9323-HGFWY,Greer,SC,29651,27,Female,No,Yes,No,27,Yes,No,Fiber optic,Yes,No,No,Yes,Yes,Yes,One year,Yes,Credit card (automatic),101.9,No
8544-GOQSH,Beech Island,SC,29842,22,Female,No,No,No,14,Yes,No,Fiber optic,No,Yes,No,Yes,No,No,Month-to-month,Yes,Credit card (automatic),80.05,No
3363-DTIVD,Shaw Afb,SC,29152,21,Male,No,Yes,Yes,71,Yes,Yes,Fiber optic,Yes,No,Yes,No,Yes,Yes,Two year,No,Electronic check,105.55,No
7018-WBJNK,Bonneau,SC,29431,47,Male,No,No,Yes,13,Yes,No,Fiber optic,No,No,No,No,Yes,No,Month-to-month,Yes,Credit card (automatic),78.3,No
9142-KZXOP,Seneca,SC,29672,62,Male,No,No,No,44,Yes,No,Fiber optic,No,No,No,No,No,No,Month-to-month,No,Credit card (automatic),68.85,No
7674-YTAFD,Carlisle,SC,29031,58,Female,No,No,No,33,Yes,No,Fiber optic,No,Yes,No,Yes,No,No,One year,Yes,Bank transfer (automatic),79.95,No
6348-SNFUS,Charleston,SC,29403,34,Male,No,Yes,No,72,No,No,DSL,Yes,Yes,Yes,Yes,No,Yes,Two year,Yes,Credit card (automatic),55.45,No
1347-KTTTA,Newry,SC,29665,40,Male,No,Yes,No,64,Yes,No,Fiber optic,No,Yes,Yes,Yes,Yes,Yes,One year,Yes,Credit card (automatic),102.45,No
4195-NZGTA,Clifton,SC,29324,57,Female,No,No,No,1,No,No,DSL,No,No,No,No,No,No,Month-to-month,No,Electronic check,25.25,No
7157-SMCFK,Elloree,SC,29047,27,Male,No,No,Yes,61,Yes,No,None,No,No,No,No,No,No,Two year,No,Mailed check,19.75,No
4709-LKHYG,Glendale,SC,29346,52,Female,No,Yes,No,29,Yes,No,None,No,No,No,No,No,No,One year,No,Electronic check,20,No
2504-DSHIH,Fort Mill,SC,29715,33,Male,Yes,Yes,No,23,Yes,Yes,Fiber optic,No,No,No,No,No,Yes,Month-to-month,No,Electronic check,86.8,No
0699-NDKJM,Awendaw,SC,29429,39,Female,No,Yes,No,57,No,No,DSL,Yes,Yes,Yes,No,Yes,Yes,Month-to-month,Yes,Bank transfer (automatic),58.75,No
9286-BHDQG,Norway,SC,29113,30,Male,No,Yes,No,72,No,No,DSL,Yes,Yes,Yes,Yes,No,No,Two year,No,Credit card (automatic),45.25,No
0230-WEQUW,Irmo,SC,29063,42,Male,No,Yes,No,66,No,No,DSL,Yes,Yes,Yes,Yes,Yes,No,Two year,Yes,Bank transfer (automatic),56.6,No
2040-LDIWQ,Luray,SC,29932,64,Male,No,Yes,No,65,Yes,Yes,DSL,No,Yes,Yes,Yes,Yes,Yes,Two year,Yes,Bank transfer (automatic),84.2,No
6496-JDSSB,Lydia,SC,29079,64,Female,No,No,No,8,Yes,No,Fiber optic,No,No,No,No,Yes,No,Month-to-month,Yes,Bank transfer (automatic),80,No
4443-EMBNA,Newry,SC,29665,20,Female,No,Yes,No,71,Yes,Yes,None,No,No,No,No,No,No,Two year,No,Bank transfer (automatic),24.75,No
6469-MRVET,Denmark,SC,29042,49,Male,No,Yes,No,1,Yes,No,None,No,No,No,No,No,No,One year,Yes,Electronic check,20.2,No
5961-VUSRV,Peak,SC,29122,25,Female,No,No,No,12,Yes,No,None,No,No,No,No,No,No,One year,Yes,Bank transfer (automatic),19.35,No
6778-JFCMK,Startex,SC,29377,28,Male,No,No,No,24,No,No,DSL,Yes,No,No,No,Yes,Yes,One year,Yes,Mailed check,50.6,No
6341-JVQGF,Ames,IA,50010,25,Female,No,Yes,No,31,Yes,No,DSL,Yes,No,Yes,Yes,Yes,Yes,One year,Yes,Mailed check,81.15,No
4811-JBUVU,Northwood,IA,50459,58,Male,No,No,No,30,Yes,Yes,Fiber optic,No,No,No,Yes,No,Yes,Month-to-month,Yes,Credit card (automatic),89.9,No
0945-TSONX,Monticello,IA,52310,60,Female,No,Yes,No,47,Yes,Yes,DSL,Yes,Yes,No,Yes,Yes,Yes,Two year,Yes,Credit card (automatic),85.3,No
2651-ZCBXV,Monticello,IA,52310,30,Male,No,No,No,54,Yes,Yes,Fiber optic,Yes,Yes,No,Yes,Yes,Yes,Two year,Yes,Credit card (automatic),108,No
3316-UWXUY,Ellston,IA,50074,32,Male,No,No,No,50,Yes,No,Fiber optic,Yes,Yes,No,Yes,No,Yes,Month-to-month,Yes,Credit card (automatic),93.5,No
7083-MIOPC,Rockwell,IA,50469,52,Female,No,No,No,72,Yes,No,None,No,No,No,No,No,No,Two year,No,Credit card (automatic),20.25,No
1984-GPTEH,Millersburg,IA,52308,26,Female,No,No,No,29,Yes,Yes,None,No,No,No,No,No,No,Month-to-month,No,Electronic check,25.15,No
0621-JFHOL,Larrabee,IA,51029,31,Female,No,No,No,10,No,No,DSL,No,No,No,Yes,No,No,Two year,Yes,Mailed check,29.6,No
9903-LYSAB,Macksburg,IA,50155,33,Male,No,Yes,No,18,Yes,Yes,Fiber optic,No,No,No,No,No,No,Month-to-month,Yes,Electronic check,73.15,No
9227-UAQFT,Stanhope,IA,50246,44,Male,No,No,No,16,Yes,No,None,No,No,No,No,No,No,Two year,No,Mailed check,19.75,No
7301-ABVAD,Nashua,IA,50658,33,Female,No,No,No,72,Yes,Yes,DSL,No,Yes,Yes,Yes,Yes,Yes,Two year,No,Bank transfer (automatic),86.6,No
6614-FHDBO,Argyle,IA,52619,54,Male,No,No,No,72,Yes,Yes,Fiber optic,No,Yes,Yes,Yes,Yes,Yes,Two year,No,Bank transfer (automatic),109.2,No
7576-ASEJU,Fort Madison,IA,52627,32,Female,No,Yes,No,41,Yes,No,DSL,Yes,No,No,Yes,Yes,Yes,One year,Yes,Credit card (automatic),74.7,No
9058-HRZSV,Oran,IA,50664,38,Female,Yes,Yes,No,65,Yes,No,Fiber optic,Yes,Yes,Yes,No,No,Yes,Month-to-month,No,Electronic check,94.4,No
4522-AKYLR,Birmingham,IA,52535,56,Female,Yes,No,No,13,Yes,No,DSL,No,Yes,Yes,No,No,No,Month-to-month,Yes,Electronic check,54.8,No
0221-WMXNQ,Ventura,IA,50482,46,Male,Yes,No,No,4,Yes,No,Fiber optic,Yes,No,No,No,No,No,Month-to-month,No,Electronic check,75.35,No
0303-UNCIP,Lamoni,IA,50140,21,Male,No,No,No,41,Yes,Yes,DSL,No,No,Yes,No,No,Yes,One year,No,Mailed check,65,No
0959-WHOKV,Cincinnati,IA,52549,57,Male,No,No,No,42,Yes,Yes,Fiber optic,Yes,Yes,Yes,No,No,Yes,One year,Yes,Electronic check,99,No
4075-JFPGR,Granville,IA,51022,23,Female,No,Yes,No,51,Yes,No,Fiber optic,Yes,Yes,Yes,No,Yes,No,One year,Yes,Electronic check,93.5,No
3282-ZISZV,Searsboro,IA,50242,37,Male,No,No,No,32,Yes,Yes,DSL,No,Yes,Yes,Yes,Yes,Yes,One year,No,Credit card (automatic),83.7,No
3675-YDUPJ,Lakota,IA,50451,59,Male,No,No,No,10,Yes,No,None,No,No,No,No,No,No,Month-to-month,Yes,Mailed check,19.85,No
4111-BNXIF,Thor,IA,50591,56,Female,No,Yes,No,67,No,No,DSL,No,Yes,Yes,Yes,Yes,Yes,Two year,Yes,Electronic check,59.55,No
7017-VFHAY,New Liberty,IA,52765,58,Female,No,Yes,Yes,61,Yes,Yes,Fiber optic,Yes,Yes,Yes,Yes,Yes,Yes,Two year,No,Credit card (automatic),115.1,No
6655-LHBYW,Bevington,IA,50033,34,Male,No,No,No,50,Yes,Yes,Fiber optic,Yes,Yes,Yes,Yes,Yes,Yes,One year,No,Credit card (automatic),114.35,No
5046-NUHWD,Waukon,IA,52172,50,Female,Yes,Yes,No,29,No,No,DSL,Yes,No,Yes,No,No,Yes,Month-to-month,Yes,Electronic check,45,No
7529-ZDFXI,Saint Charles,IA,50240,52,Male,Yes,Yes,No,57,Yes,Yes,Fiber optic,No,Yes,No,No,No,Yes,Month-to-month,Yes,Electronic check,89.85,No
7605-BDWDC,Hillsboro,IA,52630,63,Female,No,No,No,31,No,No,DSL,Yes,Yes,No,Yes,No,Yes,Two year,Yes,Bank transfer (automatic),49.85,No
1950-KSVVJ,Wyoming,IA,52362,46,Female,No,Yes,No,45,Yes,Yes,Fiber optic,Yes,Yes,Yes,Yes,Yes,Yes,One year,No,Mailed check,113.3,No
0123-CRBRT,Clermont,IA,52135,41,Female,No,Yes,No,61,Yes,Yes,DSL,Yes,Yes,Yes,Yes,Yes,Yes,Two year,No,Mailed check,88.1,No
6292-TOSSS,Blairstown,IA,52209,56,Male,No,No,No,50,Yes,Yes,None,No,No,No,No,No,No,Two year,No,Bank transfer (automatic),24.9,No
3197-ARFOY,Raymond,IA,50667,58,Female,Yes,No,No,19,Yes,No,Fiber optic,Yes,Yes,No,Yes,Yes,Yes,Month-to-month,Yes,Mailed check,105,No
7014-ZZXAW,Ida Grove,IA,51445,42,Female,No,Yes,No,71,Yes,Yes,None,No,No,No,No,No,No,Two year,Yes,Credit card (automatic),24.25,No
7633-MVPUY,Boone,IA,50036,43,Male,No,Yes,No,57,Yes,No,DSL,Yes,Yes,No,Yes,No,No,Two year,Yes,Electronic check,59.75,No
4716-HHKQH,Haverhill,IA,50120,30,Male,Yes,Yes,No,20,Yes,Yes,Fiber optic,No,Yes,No,Yes,Yes,Yes,Month-to-month,No,Electronic check,107.05,No
3179-GBRWV,Milton,IA,52570,47,Male,Yes,Yes,No,21,Yes,No,DSL,Yes,Yes,No,No,No,Yes,Month-to-month,Yes,Bank transfer (automatic),64.95,No
8645-KWHJO,Nora Springs,IA,50458,42,Male,No,No,No,14,No,No,DSL,No,No,Yes,Yes,Yes,Yes,Month-to-month,Yes,Electronic check,55,No
4130-MZLCC,Rock Valley,IA,51247,22,Female,No,No,No,5,Yes,No,DSL,No,Yes,No,No,No,No,Month-to-month,No,Bank transfer (automatic),50.55,No
0314-TKOSI,Saint Ansgar,IA,50472,26,Female,No,No,No,6,Yes,No,DSL,Yes,Yes,No,No,No,No,Month-to-month,No,Mailed check,55.15,No
8229-MYEJZ,Walford,IA,52351,62,Female,No,No,No,10,Yes,No,DSL,No,Yes,No,No,No,No,Month-to-month,No,Electronic check,51.2,No
2080-SRCDE,Weldon,IA,50264,56,Female,No,No,Yes,1,Yes,Yes,None,No,No,No,No,No,No,Month-to-month,No,Mailed check,25.4,No
9577-WJVCQ,Woodbine,IA,51579,28,Female,No,No,No,68,Yes,Yes,DSL,Yes,No,No,No,No,No,Month-to-month,No,Mailed check,54.45,No
6202-DYYFX,Leon,IA,50144,38,Female,No,No,No,22,Yes,Yes,Fiber optic,No,No,No,No,No,No,One year,Yes,Credit card (automatic),76,No
3808-HFKDE,Mapleton,IA,51034,63,Female,No,No,No,20,Yes,No,DSL,No,No,No,No,No,No,Month-to-month,Yes,Electronic check,44.35,No
3727-OWVYD,Hartwick,IA,52232,58,Male,No,No,No,35,Yes,No,DSL,Yes,Yes,Yes,No,No,No,One year,No,Mailed check,61.2,No
2294-SALNE,West Branch,IA,52358,41,Male,No,Yes,No,23,Yes,No,Fiber optic,No,Yes,Yes,Yes,No,No,One year,No,Mailed check,86.8,No
4847-TAJYI,Tripoli,IA,50676,25,Female,Yes,No,No,6,Yes,No,Fiber optic,No,No,No,No,Yes,Yes,Month-to-month,Yes,Electronic check,89.35,No
1563-IWQEX,Royal,IA,51357,48,Female,No,No,No,12,Yes,No,None,No,No,No,No,No,No,Month-to-month,No,Mailed check,19.7,No
8203-XJZRC,Luzerne,IA,52257,27,Male,No,No,No,1,Yes,No,None,No,No,No,No,No,No,Month-to-month,No,Mailed check,20.25,No
6556-DBKZF,Nichols,IA,52766,60,Female,No,Yes,Yes,71,Yes,No,Fiber optic,No,No,Yes,No,No,No,Two year,No,Electronic check,76.05,No
6851-WEFYX,Hudson,IA,50643,39,Male,Yes,Yes,No,35,Yes,Yes,Fiber optic,No,No,Yes,No,Yes,Yes,Month-to-month,Yes,Electronic check,100.8,No
2985-JUUBZ,Olds,IA,52647,62,Male,No,Yes,Yes,40,Yes,Yes,DSL,No,No,Yes,No,Yes,Yes,Month-to-month,Yes,Electronic check,74.55,No
0895-LMRSF,Thor,IA,50591,49,Male,No,No,No,23,Yes,No,DSL,No,No,No,No,Yes,Yes,One year,Yes,Bank transfer (automatic),64.9,No
8266-VBFQL,Stanhope,IA,50246,40,Male,No,No,No,4,Yes,No,Fiber optic,No,No,Yes,Yes,No,Yes,Month-to-month,Yes,Electronic check,90.4,No
8181-YHCMF,Auburn,IA,51433,34,Female,No,Yes,No,68,No,No,DSL,No,Yes,Yes,Yes,Yes,Yes,Two year,No,Credit card (automatic),60.3,No
2240-HSJQD,Newhall,IA,52315,44,Male,No,No,Yes,38,Yes,Yes,Fiber optic,No,Yes,No,No,No,No,Month-to-month,Yes,Mailed check,81.85,No
1248-DYXUB,Melvin,IA,51350,39,Male,No,Yes,Yes,52,Yes,Yes,None,No,No,No,No,No,No,Two year,No,Mailed check,24.8,No
4115-BNPJY,Blanchard,IA,51630,45,Male,No,Yes,No,29,Yes,No,DSL,No,No,Yes,Yes,Yes,Yes,Two year,No,Mailed check,75.55,No
3167-SNQPL,Norway,IA,52318,26,Male,Yes,Yes,Yes,38,Yes,Yes,Fiber optic,No,Yes,No,No,Yes,Yes,Month-to-month,No,Electronic check,101.15,No
4091-TVOCN,Waukee,IA,50263,26,Male,No,No,No,48,Yes,Yes,DSL,Yes,No,Yes,No,Yes,Yes,One year,Yes,Credit card (automatic),78.75,No
1098-TDVUQ,Guernsey,IA,52221,37,Female,No,No,No,1,Yes,No,None,No,No,No,No,No,No,Month-to-month,Yes,Bank transfer (automatic),19.25,No
7277-OZCGZ,Bellevue,IA,52031,46,Female,No,No,No,22,Yes,No,Fiber optic,Yes,No,No,Yes,No,Yes,Month-to-month,Yes,Electronic check,89.05,No
1557-EMYVT,Scarville,IA,50473,62,Female,No,No,No,43,Yes,Yes,Fiber optic,Yes,Yes,Yes,Yes,Yes,Yes,Two year,No,Credit card (automatic),115.05,No
2799-ARNLO,Mingo,IA,50168,21,Female,Yes,Yes,No,5,Yes,No,Fiber optic,No,No,No,No,No,No,Month-to-month,Yes,Electronic check,69.35,No
5027-YOCXN,Grand Junction,IA,50107,23,Male,No,Yes,No,51,Yes,Yes,Fiber optic,Yes,Yes,No,Yes,Yes,Yes,One year,No,Credit card (automatic),110.05,No
3973-SKMLN,Garwin,IA,50632,25,Male,No,No,No,71,Yes,No,None,No,No,No,No,No,No,Two year,Yes,Credit card (automatic),19.9,No
6745-JEFZB,Fort Madison,IA,52627,59,Male,No,Yes,No,35,Yes,Yes,Fiber optic,No,No,No,Yes,Yes,No,Month-to-month,Yes,Credit card (automatic),91.5,No
9880-TDQAC,Gilmore City,IA,50541,47,Female,No,Yes,No,72,No,No,DSL,No,Yes,Yes,Yes,Yes,Yes,Two year,Yes,Electronic check,60,No
8705-WZCYL,Hailey,ID,83333,54,Male,No,No,No,1,Yes,No,DSL,No,No,No,No,No,No,Month-to-month,Yes,Electronic check,44.8,No
7102-JJVTX,Salmon,ID,83467,33,Female,No,Yes,No,9,Yes,No,DSL,Yes,No,No,No,No,No,One year,No,Mailed check,48.6,No
8626-PTQGE,Troy,ID,83871,55,Male,No,No,No,69,No,No,DSL,Yes,Yes,No,Yes,Yes,Yes,Two year,Yes,Bank transfer (automatic),60.05,No
4983-CLMLV,Lenore,ID,83541,25,Female,No,Yes,No,52,Yes,Yes,Fiber optic,No,Yes,No,Yes,Yes,Yes,Month-to-month,Yes,Credit card (automatic),102.7,No
5701-YVSVF,Garden City,ID,83714,55,Female,Yes,Yes,No,11,Yes,No,Fiber optic,No,No,No,Yes,Yes,No,Month-to-month,Yes,Electronic check,82.9,No
5697-GOMBF,Desmet,ID,83824,20,Female,Yes,Yes,Yes,28,No,No,DSL,No,No,No,No,Yes,No,Month-to-month,Yes,Electronic check,35.9,No
2739-CACDQ,Wallace,ID,83873,55,Female,Yes,No,No,17,Yes,Yes,Fiber optic,No,No,Yes,No,No,No,Month-to-month,Yes,Credit card (automatic),82.65,No
9385-EHGDO,Coeur D Alene,ID,83814,47,Female,No,Yes,Yes,35,Yes,No,None,No,No,No,No,No,No,Two year,Yes,Mailed check,19.85,No
9498-FIMXL,Arbon,ID,83212,62,Female,No,No,No,8,Yes,No,None,No,No,No,No,No,No,One year,Yes,Mailed check,19.2,No
2379-GYFLQ,Eagle,ID,83616,55,Male,No,No,No,46,Yes,Yes,Fiber optic,No,Yes,Yes,No,Yes,No,One year,Yes,Credit card (automatic),94.9,No
2088-IEBAU,Grace,ID,83241,48,Female,No,No,No,68,Yes,Yes,DSL,Yes,Yes,Yes,Yes,Yes,Yes,Two year,Yes,Electronic check,88.15,No
7982-VCELR,Kingston,ID,83839,23,Female,No,No,No,36,Yes,No,Fiber optic,No,Yes,No,No,Yes,Yes,Month-to-month,Yes,Credit card (automatic),94.8,No
6035-BXTTY,Rexburg,ID,83440,57,Female,Yes,No,No,32,Yes,No,DSL,No,Yes,No,Yes,No,No,Month-to-month,No,Bank transfer (automatic),54.65,No
6885-PKOAM,Blanchard,ID,83804,44,Female,No,Yes,No,71,Yes,Yes,DSL,Yes,Yes,Yes,Yes,Yes,Yes,Two year,No,Credit card (automatic),85.75,No
7520-HQWJU,Roberts,ID,83444,31,Female,No,Yes,Yes,66,Yes,Yes,DSL,Yes,Yes,Yes,No,No,No,Month-to-month,Yes,Bank transfer (automatic),67.45,No
9639-BUJXT,Dietrich,ID,83324,38,Male,No,No,No,63,Yes,No,None,No,No,No,No,No,No,One year,No,Mailed check,20.5,No
5924-SNGKP,Declo,ID,83323,57,Female,No,No,No,41,Yes,No,None,No,No,No,No,No,No,One year,Yes,Credit card (automatic),20.25,No
0021-IKXGC,Bancroft,ID,83217,23,Female,Yes,No,No,1,Yes,Yes,Fiber optic,No,No,No,No,No,No,Month-to-month,Yes,Electronic check,72.1,No
8966-SNIZF,Meridian,ID,83646,35,Female,No,Yes,No,70,Yes,No,None,No,No,No,No,No,No,Two year,No,Bank transfer (automatic),19.45,No
6243-OZGFH,Boise,ID,83713,55,Female,No,No,No,23,No,No,DSL,No,No,No,No,Yes,Yes,Month-to-month,Yes,Electronic check,44.95,No
4654-DLAMQ,Elk River,ID,83827,35,Female,Yes,Yes,No,64,Yes,No,Fiber optic,Yes,Yes,Yes,No,No,Yes,One year,No,Bank transfer (automatic),97,No
0513-RBGPE,Hagerman,ID,83332,35,Male,No,Yes,No,37,Yes,Yes,DSL,Yes,No,Yes,Yes,No,No,Two year,Yes,Credit card (automatic),62.8,No
5160-UXJED,Spencer,ID,83446,60,Male,No,No,No,17,Yes,No,DSL,No,No,No,No,No,No,One year,No,Mailed check,44.6,No
4115-NZRKS,Paris,ID,83261,57,Female,Yes,No,No,7,Yes,No,Fiber optic,No,No,No,No,Yes,Yes,Month-to-month,Yes,Electronic check,89.15,No
3351-NGXYI,Moyie Springs,ID,83845,57,Female,Yes,No,No,16,Yes,Yes,DSL,Yes,No,No,No,No,No,Month-to-month,Yes,Electronic check,54.1,No
8984-EYLLL,Filer,ID,83328,53,Male,No,Yes,No,64,Yes,Yes,Fiber optic,No,Yes,No,Yes,Yes,Yes,Two year,Yes,Electronic check,105.25,No
9833-TGFHX,Pingree,ID,83262,56,Male,No,Yes,No,42,Yes,Yes,Fiber optic,Yes,No,No,No,Yes,Yes,One year,No,Electronic check,97.1,No
9294-TDIPC,Spencer,ID,83446,48,Male,No,No,Yes,5,Yes,No,None,No,No,No,No,No,No,Month-to-month,No,Mailed check,20.2,No
5229-DTFYB,Lenore,ID,83541,30,Female,No,No,No,41,Yes,No,Fiber optic,No,Yes,No,Yes,Yes,Yes,Two year,Yes,Bank transfer (automatic),98.8,No
0104-PPXDV,Medimont,ID,83842,54,Male,No,Yes,No,58,Yes,No,DSL,No,No,Yes,No,No,No,One year,No,Credit card (automatic),50.3,No
5176-LMJXE,Rupert,ID,83350,50,Female,No,No,No,47,Yes,No,None,No,No,No,No,No,No,Two year,Yes,Mailed check,20.55,No
3583-KRKMD,Roberts,ID,83444,25,Male,No,No,No,18,Yes,No,Fiber optic,No,No,No,Yes,No,No,Month-to-month,Yes,Bank transfer (automatic),75.9,No
9069-LGEUL,Kamiah,ID,83536,34,Male,No,Yes,No,23,Yes,No,DSL,Yes,No,No,No,No,Yes,Month-to-month,Yes,Bank transfer (automatic),59.95,No
7302-ZHMHP,Macks Inn,ID,83433,42,Female,No,No,No,1,Yes,No,None,No,No,No,No,No,No,Month-to-month,No,Mailed check,19.15,No
9571-EDEBV,Nordman,ID,83848,37,Male,No,Yes,No,71,Yes,Yes,Fiber optic,No,No,Yes,No,Yes,Yes,One year,Yes,Credit card (automatic),98.65,No
3520-FJGCV,New Meadows,ID,83654,48,Male,No,Yes,Yes,72,Yes,Yes,Fiber optic,Yes,Yes,Yes,Yes,Yes,Yes,Two year,Yes,Credit card (automatic),112.6,No
6563-VRERX,Inkom,ID,83245,49,Male,No,Yes,No,33,Yes,No,None,No,No,No,No,No,No,One year,No,Mailed check,20.6,No
6122-EFVKN,Stanley,ID,83278,47,Male,No,No,No,24,No,No,DSL,Yes,No,No,Yes,No,No,Two year,No,Mailed check,35.75,No
2805-EDJPQ,Kooskia,ID,83539,62,Female,No,Yes,No,56,Yes,Yes,Fiber optic,No,Yes,Yes,Yes,No,Yes,One year,Yes,Credit card (automatic),99.75,No
6862-CQUMB,Culdesac,ID,83524,53,Male,No,No,No,37,Yes,No,Fiber optic,No,Yes,No,No,Yes,Yes,Month-to-month,Yes,Credit card (automatic),96.1,No
7156-MXBJE,Bern,ID,83220,62,Female,No,No,No,43,Yes,Yes,DSL,No,Yes,Yes,Yes,Yes,Yes,One year,No,Credit card (automatic),85.1,No
6158-HDPXZ,Worley,ID,83876,40,Male,No,No,No,1,No,No,DSL,No,No,No,No,No,No,Month-to-month,No,Mailed check,25.35,No
2863-IMQDR,Kooskia,ID,83539,24,Female,No,No,No,61,Yes,Yes,DSL,Yes,Yes,Yes,Yes,Yes,Yes,Two year,No,Electronic check,89.65,No
5686-CMAWK,Midvale,ID,83645,64,Male,No,No,No,17,Yes,Yes,Fiber optic,No,No,Yes,Yes,No,No,One year,No,Electronic check,86.75,No
5651-CRHKQ,Sun Valley,ID,83353,53,Female,No,Yes,No,41,Yes,No,Fiber optic,No,Yes,Yes,Yes,No,No,One year,Yes,Bank transfer (automatic),86.2,No
8204-YJCLA,Blackfoot,ID,83221,55,Male,Yes,Yes,No,72,No,No,DSL,Yes,Yes,Yes,Yes,Yes,Yes,Two year,Yes,Bank transfer (automatic),64.8,No
6583-SZVGP,Mullan,ID,83846,19,Male,No,No,No,48,Yes,Yes,Fiber optic,No,Yes,Yes,No,Yes,Yes,Two year,Yes,Bank transfer (automatic),108.1,No
1708-PBBOA,Idaho Falls,ID,83406,38,Female,No,No,No,42,No,No,DSL,Yes,Yes,Yes,Yes,No,Yes,One year,Yes,Electronic check,54.75,No
8782-LKFPK,Thatcher,ID,83283,39,Male,No,No,No,44,Yes,Yes,Fiber optic,No,No,Yes,No,No,Yes,Month-to-month,Yes,Mailed check,90.4,No
5522-JBWMO,Boise,ID,83704,21,Male,No,No,Yes,1,Yes,No,DSL,No,No,No,No,No,No,Month-to-month,No,Electronic check,44,No
3597-MVHJT,Santa,ID,83866,48,Female,No,No,No,27,Yes,Yes,Fiber optic,No,No,No,No,Yes,Yes,Month-to-month,Yes,Bank transfer (automatic),95.6,No
9774-NRNAU,Ucon,ID,83454,39,Male,Yes,Yes,No,27,Yes,Yes,DSL,No,Yes,Yes,Yes,Yes,Yes,Month-to-month,Yes,Bank transfer (automatic),84.8,No
0224-RLWWD,Carey,ID,83320,61,Female,Yes,No,No,2,Yes,No,DSL,No,No,No,No,No,No,Month-to-month,Yes,Electronic check,44.3,No
9967-ATRFS,Wallace,ID,83873,58,Female,No,No,No,19,Yes,No,None,No,No,No,No,No,No,Month-to-month,No,Mailed check,19.9,No
3951-NJCVI,Leadore,ID,83464,27,Female,Yes,Yes,No,42,Yes,Yes,Fiber optic,No,No,No,No,Yes,Yes,Month-to-month,Yes,Electronic check,95.05,No
2977-CEBSX,Harvard,ID,83834,24,Female,No,No,No,66,Yes,Yes,DSL,Yes,Yes,Yes,Yes,Yes,Yes,Two year,Yes,Credit card (automatic),90.05,No
0177-PXBAT,Lemhi,ID,83465,31,Male,Yes,Yes,No,33,Yes,Yes,Fiber optic,Yes,No,Yes,Yes,Yes,Yes,Month-to-month,Yes,Bank transfer (automatic),109.9,No
2519-ERQOJ,Riggins,ID,83549,47,Male,Yes,No,No,33,No,No,DSL,No,No,Yes,Yes,Yes,Yes,Month-to-month,Yes,Electronic check,54.6,No
5876-QMYLD,Horseshoe Bend,ID,83629,20,Female,No,Yes,No,23,Yes,No,None,No,No,No,No,No,No,One year,No,Mailed check,20.05,No
2277-AXSDC,Moyie Springs,ID,83845,44,Female,No,No,No,32,Yes,No,None,No,No,No,No,No,No,One year,No,Bank transfer (automatic),19.75,No
9442-JTWDL,Glenns Ferry,ID,83623,48,Female,No,No,No,11,Yes,No,None,No,No,No,No,No,No,One year,No,Credit card (automatic),20.05,No
3067-SVMTC,Boise,ID,83705,63,Female,No,Yes,No,68,Yes,No,DSL,Yes,No,No,Yes,No,No,One year,No,Bank transfer (automatic),55.9,No
5495-GPSRW,Rigby,ID,83442,52,Male,No,No,No,20,Yes,No,None,No,No,No,No,No,No,Two year,Yes,Mailed check,19.7,No
7606-BPHHN,Picabo,ID,83348,20,Male,No,No,No,72,Yes,No,None,No,No,No,No,No,No,Two year,Yes,Credit card (automatic),19.8,No
4742-DRORA,Weippe,ID,83553,53,Male,No,Yes,No,60,Yes,Yes,Fiber optic,Yes,No,Yes,No,Yes,No,One year,Yes,Bank transfer (automatic),95.4,No
0111-KLBQG,Driggs,ID,83422,60,Male,Yes,Yes,Yes,32,Yes,No,Fiber optic,No,Yes,No,No,Yes,Yes,Month-to-month,Yes,Mailed check,93.95,No
4163-NCJAK,Marsing,ID,83639,43,Female,No,Yes,No,46,Yes,Yes,None,No,No,No,No,No,No,One year,Yes,Bank transfer (automatic),24.45,No
5233-AOZUF,Athol,ID,83801,21,Female,No,Yes,No,29,Yes,Yes,Fiber optic,No,No,No,No,No,No,Month-to-month,Yes,Electronic check,74.95,No
5973-EJGDP,Orofino,ID,83544,51,Male,No,No,No,51,Yes,Yes,Fiber optic,No,Yes,Yes,Yes,No,No,Month-to-month,Yes,Electronic check,87.35,No
1996-DBMUS,Downey,ID,83234,57,Female,Yes,Yes,No,48,Yes,No,Fiber optic,No,No,No,No,No,No,Month-to-month,Yes,Bank transfer (automatic),70.65,No
7916-VCCPB,Teton,ID,83451,53,Female,No,Yes,Yes,16,Yes,No,Fiber optic,No,Yes,No,No,No,No,Month-to-month,No,Bank transfer (automatic),73.25,No
4686-GEFRM,Felt,ID,83424,25,Male,No,Yes,No,70,Yes,Yes,Fiber optic,No,Yes,Yes,Yes,No,Yes,Two year,Yes,Bank transfer (automatic),98.7,No
5249-QYHEX,Fernwood,ID,83830,59,Female,No,Yes,Yes,40,Yes,Yes,None,No,No,No,No,No,No,Two year,Yes,Mailed check,24.8,No
2233-FAGXV,Viola,ID,83872,62,Female,No,Yes,Yes,5,Yes,Yes,None,No,No,No,No,No,No,Month-to-month,Yes,Mailed check,24.3,No
5605-IYGFG,Boise,ID,83703,58,Female,No,No,No,7,Yes,No,Fiber optic,No,No,No,No,No,No,Month-to-month,Yes,Bank transfer (automatic),69.85,No
7663-ZTEGJ,North Fork,ID,83466,31,Male,No,No,No,29,Yes,Yes,Fiber optic,No,Yes,Yes,Yes,No,Yes,One year,No,Credit card (automatic),100.55,No
3935-TBRZZ,Hailey,ID,83333,49,Male,No,Yes,No,44,Yes,Yes,None,No,No,No,No,No,No,One year,No,Mailed check,25.7,No
8111-BKVDS,Georgetown,ID,83239,59,Female,No,No,No,10,No,No,DSL,Yes,Yes,Yes,No,No,No,Month-to-month,No,Bank transfer (automatic),40.7,No
2055-SIFSS,Lowman,ID,83637,19,Female,Yes,Yes,No,55,Yes,Yes,DSL,No,No,No,No,No,No,Month-to-month,No,Bank transfer (automatic),51.65,No
2806-MLNTI,Lewisville,ID,83431,52,Male,Yes,Yes,No,52,Yes,Yes,Fiber optic,No,Yes,Yes,No,Yes,Yes,One year,Yes,Bank transfer (automatic),105.1,No
8734-DKSTZ,Newdale,ID,83436,38,Female,No,Yes,Yes,10,Yes,Yes,Fiber optic,No,No,No,No,No,Yes,Month-to-month,No,Electronic check,85.95,No
4360-PNRQB,Hillside,IL,60162,26,Male,No,No,No,18,Yes,Yes,Fiber optic,No,No,No,No,No,No,Month-to-month,Yes,Bank transfer (automatic),75.6,No
6152-ONASV,Kaneville,IL,60144,49,Female,No,Yes,No,68,Yes,Yes,DSL,Yes,No,No,Yes,No,No,One year,No,Bank transfer (automatic),58.25,No
7781-HVGMK,Chatsworth,IL,60921,61,Female,No,Yes,No,72,No,No,DSL,Yes,Yes,Yes,Yes,Yes,Yes,Two year,Yes,Credit card (automatic),65.2,No
2181-UAESM,Peoria,IL,61606,64,Male,No,No,No,2,Yes,No,DSL,Yes,No,Yes,No,No,No,Month-to-month,No,Electronic check,53.45,No
6048-NJXHX,Delavan,IL,61734,26,Male,No,Yes,No,41,Yes,No,None,No,No,No,No,No,No,Two year,Yes,Electronic check,19.75,No
2320-SLKMB,Wheeling,IL,60090,20,Female,No,No,No,26,No,No,DSL,No,No,Yes,Yes,Yes,No,Month-to-month,Yes,Credit card (automatic),44.45,No
4980-URKXC,Concord,IL,62631,39,Male,No,Yes,No,36,Yes,No,None,No,No,No,No,No,No,One year,No,Bank transfer (automatic),20.85,No
4376-KFVRS,Chicago,IL,60636,20,Male,No,Yes,No,72,Yes,Yes,Fiber optic,Yes,Yes,Yes,Yes,Yes,Yes,Two year,Yes,Credit card (automatic),114.05,No
5886-VLQVU,Claytonville,IL,60926,42,Male,No,Yes,No,35,Yes,Yes,Fiber optic,No,No,No,Yes,No,Yes,Month-to-month,Yes,Bank transfer (automatic),89.85,No
3577-AMVUX,Beaverville,IL,60912,62,Male,No,No,No,1,Yes,No,DSL,No,No,Yes,Yes,No,No,Month-to-month,No,Mailed check,55.05,No
0771-WLCLA,Monroe Center,IL,61052,22,Female,No,Yes,Yes,16,Yes,Yes,Fiber optic,Yes,No,Yes,Yes,Yes,Yes,Month-to-month,Yes,Electronic check,112.95,No
5628-RKIFK,Momence,IL,60954,38,Female,Yes,No,No,49,Yes,Yes,Fiber optic,Yes,No,No,No,Yes,Yes,Month-to-month,No,Credit card (automatic),101.55,No
0206-TBWLC,Malta,IL,60150,46,Female,No,Yes,No,54,Yes,Yes,Fiber optic,Yes,Yes,Yes,Yes,Yes,Yes,One year,Yes,Mailed check,114.65,No
2937-FTHUR,Chicago,IL,60645,48,Female,No,No,Yes,18,Yes,Yes,DSL,Yes,No,No,No,No,Yes,Month-to-month,No,Electronic check,64.8,No
1910-FMXJM,Kingston,IL,60145,61,Female,No,Yes,No,36,Yes,No,Fiber optic,No,No,No,No,No,Yes,Month-to-month,No,Electronic check,80.4,No
0732-OCQOC,Chicago,IL,60639,61,Female,No,Yes,No,52,Yes,Yes,None,No,No,No,No,No,No,Two year,Yes,Bank transfer (automatic),25.05,No
5168-MSWXT,Chicago,IL,60630,30,Male,No,Yes,Yes,8,Yes,No,Fiber optic,No,No,Yes,No,Yes,Yes,Month-to-month,Yes,Electronic check,94.75,No
1090-ESELR,Opdyke,IL,62872,40,Male,No,Yes,No,72,Yes,No,Fiber optic,Yes,Yes,No,Yes,Yes,Yes,Two year,No,Bank transfer (automatic),105.5,No
8592-PLTMQ,Hammond,IL,61929,62,Female,No,No,No,64,Yes,Yes,None,No,No,No,No,No,No,One year,No,Mailed check,24.7,No
5760-WRAHC,West York,IL,62478,49,Female,Yes,No,No,22,Yes,No,DSL,Yes,No,Yes,Yes,No,Yes,Month-to-month,Yes,Mailed check,69.75,No
8847-GEOOQ,Woodland,IL,60974,39,Male,No,Yes,No,60,No,No,DSL,No,Yes,Yes,Yes,Yes,Yes,Month-to-month,Yes,Bank transfer (automatic),60.2,No
4785-FCIFB,Radom,IL,62876,35,Female,No,Yes,No,61,Yes,Yes,None,No,No,No,No,No,No,Two year,No,Mailed check,24.4,No
8313-NDOIA,Wonder Lake,IL,60097,57,Female,No,No,No,24,Yes,Yes,Fiber optic,No,Yes,Yes,No,Yes,Yes,Month-to-month,Yes,Electronic check,104.15,No
5149-CUZUJ,Valmeyer,IL,62295,43,Male,No,Yes,No,28,Yes,No,Fiber optic,No,Yes,Yes,Yes,Yes,No,One year,No,Bank transfer (automatic),92.9,No
0942-KOWSM,Springfield,IL,62707,25,Female,No,Yes,No,30,Yes,No,DSL,No,Yes,Yes,Yes,Yes,Yes,Two year,No,Bank transfer (automatic),80.8,No
4237-CLSMM,La Moille,IL,61330,46,Male,No,Yes,No,2,Yes,No,None,No,No,No,No,No,No,Month-to-month,No,Mailed check,20,No
1452-VOQCH,Grayslake,IL,60030,56,Male,No,No,No,1,Yes,Yes,Fiber optic,No,No,No,No,No,No,Month-to-month,Yes,Electronic check,75.1,No
4719-UMSIY,Fiatt,IL,61433,27,Male,No,No,Yes,6,Yes,No,None,No,No,No,No,No,No,Month-to-month,No,Mailed check,19.65,No
6614-VBEGU,Tremont,IL,61568,31,Female,No,Yes,No,24,Yes,No,DSL,No,Yes,No,No,Yes,Yes,Month-to-month,Yes,Bank transfer (automatic),69.45,No
1480-BKXGA,Grand Chain,IL,62941,43,Male,Yes,Yes,No,72,Yes,Yes,Fiber optic,Yes,Yes,Yes,Yes,Yes,Yes,Two year,Yes,Bank transfer (automatic),116.05,No
2996-XAUVF,Chandlerville,IL,62627,33,Male,No,No,No,70,No,No,DSL,No,No,No,Yes,No,Yes,Two year,Yes,Mailed check,40.05,No
9076-AXYIK,Edgewood,IL,62426,38,Male,Yes,Yes,No,64,Yes,Yes,Fiber optic,No,No,Yes,Yes,Yes,Yes,Two year,No,Electronic check,102.1,No
5968-XQIVE,Pontiac,IL,61764,35,Male,No,Yes,No,72,Yes,Yes,Fiber optic,No,Yes,No,No,Yes,No,One year,Yes,Electronic check,89.7,No
8896-RAZCR,Pecatonica,IL,61063,40,Female,No,No,No,44,Yes,No,None,No,No,No,No,No,No,Two year,No,Mailed check,19.9,No
4933-IKULF,Grafton,IL,62037,57,Female,Yes,No,No,17,Yes,No,None,No,No,No,No,No,No,One year,No,Mailed check,20.65,No
1304-BCCFO,Warrenville,IL,60555,56,Male,No,Yes,No,9,Yes,No,DSL,No,No,Yes,No,Yes,Yes,Month-to-month,Yes,Mailed check,70.05,No
4104-PVRPS,Victoria,IL,61485,39,Male,No,Yes,No,24,Yes,No,DSL,Yes,No,No,Yes,No,No,Month-to-month,No,Mailed check,53.6,No
3780-DDGSE,Addieville,IL,62214,52,Male,Yes,Yes,Yes,35,Yes,No,DSL,No,Yes,No,Yes,Yes,Yes,Month-to-month,Yes,Electronic check,76.05,No
4431-EDMIQ,Woodland,IL,60974,34,Female,No,Yes,Yes,7,Yes,No,DSL,Yes,Yes,Yes,Yes,Yes,No,Month-to-month,Yes,Electronic check,75.7,No
0486-LGCCH,Wayne City,IL,62895,43,Male,No,Yes,Yes,11,Yes,No,None,No,No,No,No,No,No,Two year,No,Mailed check,19.65,No
4612-SSVHJ,Hines,IL,60141,53,Female,Yes,No,No,20,Yes,No,Fiber optic,No,No,No,No,No,Yes,Month-to-month,Yes,Electronic check,81.45,No
5168-MQQCA,Dupo,IL,62239,25,Female,No,Yes,No,72,Yes,Yes,Fiber optic,No,Yes,Yes,Yes,Yes,Yes,One year,Yes,Bank transfer (automatic),108.5,No
7971-HLVXI,Chicago,IL,60604,39,Male,No,Yes,Yes,72,Yes,Yes,Fiber optic,No,No,No,No,No,Yes,Two year,Yes,Credit card (automatic),84.5,No
9094-AZPHK,Granville,IL,61326,47,Female,No,No,No,15,Yes,Yes,Fiber optic,No,Yes,No,No,Yes,Yes,Month-to-month,Yes,Electronic check,100.15,No
3649-JPUGY,Carbondale,IL,62903,56,Male,No,No,No,72,Yes,Yes,DSL,No,Yes,Yes,Yes,Yes,Yes,Two year,Yes,Bank transfer (automatic),88.6,No
4472-LVYGI,Ottawa,IL,61350,40,Female,No,Yes,No,0,No,No,DSL,Yes,No,Yes,Yes,Yes,No,Two year,Yes,Bank transfer (automatic),52.55,No
3552-CTCYF,Raleigh,IL,62977,62,Male,No,Yes,Yes,63,Yes,Yes,Fiber optic,No,Yes,Yes,No,Yes,Yes,Two year,Yes,Bank transfer (automatic),104.8,No
6778-YSNIH,Roscoe,IL,61073,61,Female,No,No,No,2,Yes,No,DSL,No,Yes,No,No,Yes,No,Month-to-month,Yes,Electronic check,59,No
5756-OZRIO,Ladd,IL,61329,46,Male,Yes,Yes,No,61,Yes,Yes,DSL,No,Yes,No,No,No,Yes,One year,No,Bank transfer (automatic),64.05,No
6579-JPICP,Tinley Park,IL,60487,61,Male,No,No,No,1,Yes,No,None,No,No,No,No,No,No,Month-to-month,No,Mailed check,20.4,No
4134-BSXLX,Danville,IL,61834,38,Male,No,Yes,No,28,Yes,No,DSL,Yes,Yes,No,Yes,No,No,Month-to-month,No,Mailed check,60.9,No
0505-SPOOW,Castleton,IL,61426,48,Female,No,Yes,No,70,Yes,No,None,No,No,No,No,No,No,Two year,No,Bank transfer (automatic),19.8,No
4374-YMUSQ,Arlington,IL,61312,42,Male,No,No,No,34,Yes,Yes,Fiber optic,Yes,Yes,Yes,Yes,Yes,Yes,One year,No,Credit card (automatic),116.25,No
4513-CXYIX,Schaumburg,IL,60173,61,Female,Yes,Yes,No,71,Yes,Yes,Fiber optic,Yes,No,No,No,No,No,Two year,Yes,Credit card (automatic),80.7,No
3957-HHLMR,Paxton,IL,60957,60,Female,No,Yes,No,70,Yes,Yes,DSL,Yes,No,No,No,No,Yes,One year,No,Bank transfer (automatic),65.2,No
7803-XOCCZ,Saint Jacob,IL,62281,52,Female,No,Yes,Yes,52,Yes,No,Fiber optic,Yes,No,Yes,Yes,No,No,Month-to-month,Yes,Bank transfer (automatic),84.05,No
5736-YEJAX,Keithsburg,IL,61442,32,Male,No,No,No,69,Yes,Yes,DSL,Yes,Yes,Yes,Yes,Yes,No,Two year,Yes,Credit card (automatic),79.45,No
8981-FJGLA,Chicago Heights,IL,60411,54,Male,No,No,Yes,11,Yes,Yes,Fiber optic,No,No,Yes,No,No,No,Month-to-month,Yes,Mailed check,78,No
1135-LMECX,Rock City,IL,61070,49,Female,No,No,No,1,Yes,No,None,No,No,No,No,No,No,Month-to-month,No,Mailed check,19.85,No
4332-MUOEZ,Peoria,IL,61602,22,Male,Yes,Yes,No,20,Yes,No,Fiber optic,Yes,No,Yes,Yes,No,Yes,One year,No,Credit card (automatic),94.3,No
8535-SFUTN,Littleton,IL,61452,29,Male,No,No,No,61,Yes,Yes,Fiber optic,Yes,No,Yes,No,Yes,Yes,Month-to-month,Yes,Electronic check,106.45,No
8677-HDZEE,Lawndale,IL,61751,30,Female,No,No,No,56,Yes,Yes,Fiber optic,No,Yes,No,Yes,Yes,Yes,Month-to-month,Yes,Bank transfer (automatic),105.45,No
2475-MROZF,Bolingbrook,IL,60490,28,Male,No,No,No,30,Yes,Yes,Fiber optic,Yes,Yes,Yes,Yes,No,No,Month-to-month,Yes,Credit card (automatic),95,No
3482-ABPKK,Leaf River,IL,61047,39,Female,No,No,No,28,Yes,No,DSL,Yes,No,No,Yes,No,No,One year,No,Mailed check,54.3,No
6705-LXORM,Rolling Meadows,IL,60008,49,Female,Yes,Yes,No,5,Yes,No,Fiber optic,No,No,No,No,No,No,Month-to-month,No,Electronic check,70.05,No
7531-GQHME,German Valley,IL,61039,28,Male,No,No,No,12,Yes,No,None,No,No,No,No,No,No,Month-to-month,No,Credit card (automatic),20.05,No
5174-ITUMV,Westmont,IL,60559,52,Male,No,Yes,Yes,67,Yes,Yes,Fiber optic,No,Yes,Yes,No,Yes,Yes,One year,Yes,Electronic check,105.4,No
4109-CYRBD,La Grange,IL,60525,33,Male,Yes,Yes,No,29,Yes,Yes,DSL,No,No,No,No,No,No,Month-to-month,Yes,Electronic check,51.6,No
0913-XWSCN,Colchester,IL,62326,53,Male,No,Yes,Yes,55,Yes,Yes,Fiber optic,No,No,No,No,No,Yes,Month-to-month,No,Bank transfer (automatic),85.5,No
0750-EBAIU,Eldred,IL,62027,62,Male,No,No,No,52,Yes,No,Fiber optic,Yes,No,Yes,No,Yes,No,One year,No,Electronic check,91.25,No
8606-CIQUL,Breese,IL,62230,40,Male,Yes,Yes,Yes,72,Yes,Yes,Fiber optic,Yes,Yes,Yes,Yes,Yes,Yes,Two year,Yes,Credit card (automatic),115.75,No
3571-DPYUH,Palatine,IL,60074,23,Male,No,Yes,Yes,58,Yes,Yes,Fiber optic,No,Yes,No,Yes,Yes,No,One year,Yes,Credit card (automatic),94.7,No
7601-GNDYK,Greenville,IL,62246,53,Male,No,Yes,Yes,35,Yes,No,None,No,No,No,No,No,No,Two year,No,Mailed check,19.6,No
0356-OBMAC,Chrisman,IL,61924,35,Female,Yes,No,No,56,Yes,Yes,Fiber optic,No,Yes,Yes,Yes,Yes,No,Two year,Yes,Bank transfer (automatic),99.9,No
8067-NIOYM,Kingston Mines,IL,61539,58,Female,No,Yes,Yes,24,Yes,No,None,No,No,No,No,No,No,Two year,Yes,Credit card (automatic),21.1,No
1403-GYAFU,Watson,IL,62473,63,Male,No,Yes,Yes,70,Yes,No,None,No,No,No,No,No,No,Two year,No,Credit card (automatic),20.05,No
4234-XTNEA,Tonica,IL,61370,27,Male,No,No,No,2,Yes,No,Fiber optic,No,No,No,No,Yes,No,Month-to-month,Yes,Electronic check,79.95,No
1297-VQDRP,Kasbeer,IL,61328,31,Male,Yes,Yes,Yes,68,Yes,Yes,Fiber optic,No,No,Yes,Yes,Yes,Yes,One year,Yes,Credit card (automatic),107.15,No
5348-CAGXB,Newman,IL,61942,64,Male,No,No,No,12,Yes,Yes,Fiber optic,No,No,Yes,No,Yes,No,Month-to-month,Yes,Electronic check,89.55,No
0621-HJWXJ,Chicago,IL,60618,47,Female,No,Yes,No,63,Yes,Yes,Fiber optic,No,Yes,No,No,No,No,Month-to-month,Yes,Bank transfer (automatic),81.55,No
5844-QVTAT,Murphysboro,IL,62966,35,Female,No,Yes,No,33,Yes,No,DSL,Yes,Yes,Yes,No,No,No,One year,Yes,Mailed check,58.45,No
8905-IAZPF,Cissna Park,IL,60924,48,Female,No,Yes,No,69,Yes,No,Fiber optic,No,Yes,No,No,Yes,Yes,One year,Yes,Credit card (automatic),95.65,No
5394-MEITZ,Millington,IL,60537,21,Female,No,Yes,No,60,Yes,No,DSL,No,Yes,Yes,Yes,Yes,Yes,Two year,Yes,Bank transfer (automatic),80.6,No
6859-QNXIQ,Wyanet,IL,61379,45,Female,No,Yes,Yes,72,Yes,Yes,Fiber optic,Yes,Yes,Yes,Yes,Yes,Yes,Two year,Yes,Bank transfer (automatic),113.1,No
2782-LFZVW,Valmeyer,IL,62295,39,Female,No,No,No,11,Yes,Yes,DSL,No,No,No,No,No,Yes,Month-to-month,Yes,Mailed check,58.95,No
2866-IKBTM,Washington,IL,61571,21,Female,No,No,No,1,Yes,No,None,No,No,No,No,No,No,Month-to-month,No,Mailed check,19.55,No
7129-AZJDE,Arlington Heights,IL,60005,22,Male,No,Yes,Yes,34,Yes,No,Fiber optic,No,No,No,No,No,Yes,One year,Yes,Bank transfer (automatic),78.95,No
2560-PPCHE,Cary,IL,60013,45,Female,No,No,No,65,Yes,Yes,Fiber optic,No,Yes,No,Yes,Yes,Yes,One year,Yes,Bank transfer (automatic),105.05,No
4676-MQUEA,Wayne City,IL,62895,23,Male,Yes,Yes,No,50,Yes,Yes,Fiber optic,Yes,Yes,Yes,No,Yes,No,One year,Yes,Bank transfer (automatic),101.9,No
8138-EALND,Manlius,IL,61338,42,Male,No,No,No,15,Yes,No,None,No,No,No,No,No,No,Month-to-month,No,Mailed check,19.75,No
3580-HYCSP,Alvin,IL,61811,56,Male,No,Yes,Yes,72,Yes,Yes,Fiber optic,Yes,Yes,Yes,No,Yes,Yes,Two year,Yes,Bank transfer (automatic),110.3,No
1352-HNSAW,Tolono,IL,61880,54,Female,No,Yes,Yes,72,Yes,Yes,Fiber optic,Yes,Yes,Yes,Yes,Yes,Yes,Two year,Yes,Bank transfer (automatic),115.6,No
2075-PUEPR,Smithfield,IL,61477,46,Male,No,Yes,Yes,55,Yes,No,None,No,No,No,No,No,No,Two year,No,Bank transfer (automatic),19.35,No
1982-FEBTD,Reddick,IL,60961,53,Female,No,Yes,Yes,23,Yes,Yes,None,No,No,No,No,No,No,Two year,Yes,Credit card (automatic),25.6,No
5791-KAJFD,Normal,IL,61761,29,Female,No,Yes,No,56,Yes,Yes,DSL,Yes,No,Yes,No,No,Yes,One year,Yes,Bank transfer (automatic),68.75,No
2654-VBVPB,Monee,IL,60449,42,Female,No,No,No,1,Yes,No,None,No,No,No,No,No,No,Month-to-month,No,Bank transfer (automatic),19.9,No
1154-HYWWO,Red Bud,IL,62278,26,Male,No,No,No,38,Yes,No,DSL,Yes,Yes,No,Yes,Yes,No,One year,No,Mailed check,70.6,No
2501-XWWTZ,Wolf Lake,IL,62998,28,Male,No,No,No,11,Yes,No,Fiber optic,No,No,No,No,No,No,Month-to-month,No,Electronic check,70.2,No
3716-UVSPD,Troy Grove,IL,61372,33,Male,No,No,No,1,Yes,No,DSL,No,No,No,Yes,No,No,Month-to-month,Yes,Electronic check,49.3,No
6815-ABQFQ,Radom,IL,62876,31,Male,No,Yes,No,56,Yes,Yes,Fiber optic,No,Yes,No,Yes,Yes,Yes,One year,Yes,Electronic check,107.25,No
7343-EOBEU,Huntley,IL,60142,29,Male,No,Yes,No,3,Yes,Yes,None,No,No,No,No,No,No,Month-to-month,Yes,Mailed check,23.6,No
3701-SFMUH,Bingham,IL,62011,57,Male,No,Yes,Yes,7,Yes,No,DSL,Yes,No,No,No,Yes,Yes,Month-to-month,No,Credit card (automatic),69.7,No
6103-LIANB,Bryant,IL,61519,29,Male,No,Yes,Yes,59,Yes,Yes,Fiber optic,No,No,Yes,No,Yes,Yes,Two year,Yes,Credit card (automatic),99.5,No
7319-VENRZ,Omaha,IL,62871,30,Male,No,No,No,7,Yes,No,DSL,No,No,Yes,Yes,Yes,No,Month-to-month,No,Bank transfer (automatic),64.3,No
5846-NEQVZ,Philo,IL,61864,53,Male,No,Yes,No,71,Yes,No,DSL,Yes,No,Yes,Yes,No,Yes,Two year,Yes,Credit card (automatic),70.85,No
6967-QIQRV,Fowler,IL,62338,47,Male,No,Yes,Yes,15,Yes,No,Fiber optic,Yes,No,No,Yes,Yes,Yes,One year,No,Electronic check,101.9,No
5781-RFZRP,Blandinsville,IL,61420,63,Male,No,Yes,No,71,Yes,Yes,DSL,Yes,Yes,No,Yes,Yes,No,Two year,No,Credit card (automatic),73.5,No
0308-IVGOK,South Roxana,IL,62087,31,Female,No,No,No,11,No,No,DSL,No,Yes,Yes,Yes,No,No,One year,Yes,Credit card (automatic),40.4,No
7293-LSCDV,Strasburg,IL,62465,31,Female,No,Yes,Yes,60,Yes,No,None,No,No,No,No,No,No,Two year,Yes,Credit card (automatic),19.25,No
7025-WCBNE,Crossville,IL,62827,63,Male,Yes,No,No,47,Yes,Yes,DSL,No,Yes,No,Yes,No,No,Two year,No,Bank transfer (automatic),59.6,No
5756-JYOJT,Rockwood,IL,62280,34,Female,No,No,No,11,Yes,No,DSL,No,No,Yes,Yes,No,Yes,One year,No,Credit card (automatic),64.9,No
6030-REHUX,Hickory Hills,IL,60457,43,Female,Yes,Yes,No,28,Yes,Yes,Fiber optic,No,Yes,Yes,Yes,Yes,Yes,Month-to-month,Yes,Electronic check,110.85,No
9548-LIGTA,Waverly,IL,62692,52,Male,No,Yes,No,61,Yes,No,DSL,Yes,Yes,No,Yes,Yes,Yes,Two year,Yes,Mailed check,81.05,No
5150-LJNSR,Cissna Park,IL,60924,41,Male,No,Yes,Yes,31,Yes,Yes,Fiber optic,Yes,No,Yes,No,Yes,No,One year,No,Bank transfer (automatic),98.05,No
8270-RKSAP,Georgetown,IL,61846,44,Male,No,No,No,9,Yes,No,Fiber optic,No,No,No,No,No,No,Month-to-month,Yes,Electronic check,70.5,No
6522-YRBXD,Springfield,IL,62704,46,Male,Yes,Yes,No,35,Yes,Yes,Fiber optic,Yes,Yes,No,No,No,Yes,Month-to-month,Yes,Electronic check,94.55,No
2640-LYMOV,Baldwin,IL,62217,53,Male,No,No,No,2,Yes,No,None,No,No,No,No,No,No,Month-to-month,Yes,Mailed check,19.65,No
1423-BMPBQ,Camargo,IL,61919,39,Female,No,Yes,Yes,1,Yes,No,None,No,No,No,No,No,No,Month-to-month,Yes,Mailed check,19,No
2393-DIVAI,South Holland,IL,60473,34,Female,No,No,No,3,Yes,No,None,No,No,No,No,No,No,Month-to-month,Yes,Mailed check,20,No
4568-KNYWR,Donnellson,IL,62019,52,Male,No,No,No,52,Yes,No,DSL,Yes,Yes,No,No,Yes,No,Two year,Yes,Credit card (automatic),63.25,No
8752-IMQOS,Altona,IL,61414,55,Male,No,Yes,No,5,Yes,No,None,No,No,No,No,No,No,One year,No,Mailed check,20.1,No
0742-LAFQK,Camp Grove,IL,61424,45,Male,No,Yes,No,72,Yes,Yes,Fiber optic,Yes,Yes,Yes,No,No,Yes,Two year,Yes,Electronic check,99.15,No
0795-LAFGP,Sandoval,IL,62882,43,Male,No,Yes,No,71,Yes,Yes,DSL,Yes,Yes,Yes,Yes,Yes,Yes,Two year,No,Electronic check,90.4,No
0619-OLYUR,Basco,IL,62313,51,Male,No,Yes,No,72,Yes,Yes,Fiber optic,Yes,No,Yes,Yes,Yes,Yes,Two year,Yes,Credit card (automatic),111.9,No
5512-IDZEI,Hanover,IL,61041,25,Male,No,Yes,No,46,Yes,Yes,None,No,No,No,No,No,No,One year,No,Electronic check,24.9,No
0459-SPZHJ,Wilmette,IL,60091,42,Male,No,Yes,No,63,Yes,Yes,DSL,Yes,Yes,Yes,No,Yes,Yes,Two year,No,Credit card (automatic),83.5,No
0215-BQKGS,Golden Gate,IL,62843,22,Male,No,No,No,30,Yes,No,Fiber optic,Yes,Yes,Yes,No,No,No,Month-to-month,Yes,Credit card (automatic),84.3,No
9244-ZVAPM,Wheeling,IL,60090,21,Male,No,No,No,1,Yes,No,DSL,No,No,No,No,No,No,Month-to-month,No,Mailed check,45.6,No
8208-EUMTE,Carlinville,IL,62626,54,Male,No,No,No,16,No,No,DSL,Yes,Yes,Yes,Yes,Yes,No,Two year,No,Mailed check,54.85,No
5172-MIGPM,Mount Sterling,IL,62353,50,Male,No,No,No,4,Yes,Yes,DSL,No,No,No,Yes,No,Yes,Month-to-month,No,Mailed check,65.55,No
1710-RCXUS,Avon,IL,61415,57,Male,No,Yes,No,51,Yes,Yes,Fiber optic,No,Yes,No,No,No,Yes,One year,Yes,Credit card (automatic),90.35,No
0374-FIUCA,Mode,IL,62444,25,Male,No,Yes,No,65,Yes,No,None,No,No,No,No,No,No,Two year,Yes,Credit card (automatic),20.4,No
5839-SUYVZ,Union,IL,60180,27,Male,No,No,No,16,Yes,No,Fiber optic,No,No,No,Yes,No,No,Month-to-month,Yes,Credit card (automatic),74.55,No
5173-ZXXXL,Dongola,IL,62926,27,Male,No,No,No,2,Yes,No,None,No,No,No,No,No,No,One year,No,Mailed check,19.95,No
1096-ADRUX,Lovington,IL,61937,24,Female,No,Yes,Yes,66,Yes,Yes,Fiber optic,No,No,No,No,No,No,One year,Yes,Bank transfer (automatic),74.25,No
2001-MCUUW,Beason,IL,62512,26,Male,No,No,No,46,Yes,Yes,Fiber optic,No,Yes,Yes,Yes,Yes,Yes,Two year,No,Electronic check,108.65,No
2731-GJRDG,Pleasant Hill,IL,62366,34,Female,No,No,No,32,Yes,Yes,Fiber optic,Yes,No,Yes,Yes,Yes,Yes,One year,Yes,Bank transfer (automatic),109.55,No
4723-BEGSG,Freeport,IL,61032,54,Male,No,Yes,No,72,Yes,Yes,DSL,Yes,No,Yes,Yes,Yes,Yes,Two year,No,Credit card (automatic),86.65,No
6516-NKQBO,Joliet,IL,60433,24,Male,No,Yes,No,38,Yes,No,DSL,Yes,No,Yes,Yes,Yes,Yes,Two year,No,Credit card (automatic),81,No
8672-OAUPW,Galesburg,IL,61401,33,Male,No,No,No,51,Yes,No,DSL,No,No,No,Yes,No,No,One year,No,Credit card (automatic),47.85,No
8207-DMRVL,Manhattan,IL,60442,57,Male,No,Yes,Yes,72,Yes,Yes,Fiber optic,Yes,Yes,Yes,Yes,Yes,Yes,Two year,No,Bank transfer (automatic),114.55,No
2804-ETQDK,Annawan,IL,61234,64,Male,No,No,Yes,66,Yes,No,None,No,No,No,No,No,No,Two year,No,Mailed check,20.55,No
6689-VRRTK,Coulterville,IL,62237,21,Female,Yes,No,No,44,Yes,Yes,Fiber optic,Yes,Yes,Yes,No,Yes,Yes,One year,Yes,Credit card (automatic),109.8,No
7138-GIRSH,Danville,IL,61832,56,Male,No,No,No,50,Yes,Yes,DSL,No,No,Yes,Yes,No,Yes,Two year,No,Bank transfer (automatic),69.5,No
9396-ZSFLL,Laura,IL,61451,19,Female,No,No,No,15,Yes,Yes,DSL,No,No,No,No,No,No,Month-to-month,No,Mailed check,48.85,No
6464-KEXXH,Hennepin,IL,61327,39,Male,No,No,No,8,No,No,DSL,No,No,No,No,No,No,Month-to-month,Yes,Credit card (automatic),25.25,No
7134-MJPDY,Valmeyer,IL,62295,34,Female,Yes,No,No,66,Yes,Yes,Fiber optic,No,No,Yes,Yes,Yes,Yes,One year,Yes,Credit card (automatic),102.85,No
5240-CAOYT,Ransom,IL,60470,61,Female,No,No,No,57,Yes,Yes,Fiber optic,Yes,Yes,No,Yes,No,No,Month-to-month,Yes,Bank transfer (automatic),87.55,No
4059-IIEBK,Danville,IL,61834,33,Female,No,No,No,7,Yes,Yes,Fiber optic,No,Yes,No,No,No,No,Month-to-month,Yes,Bank transfer (automatic),78.55,No
4881-JVQOD,Piasa,IL,62079,55,Male,Yes,Yes,Yes,10,No,No,DSL,No,No,No,No,No,Yes,Month-to-month,Yes,Bank transfer (automatic),34.55,No
0516-UXRMT,Plymouth,IL,62367,30,Female,No,No,No,62,Yes,Yes,Fiber optic,Yes,Yes,Yes,No,No,No,One year,Yes,Electronic check,92.05,No
4851-BQDNX,Kane,IL,62054,21,Male,No,Yes,Yes,40,Yes,No,Fiber optic,No,No,Yes,No,Yes,No,One year,Yes,Electronic check,85.05,No
5148-HKFIR,Algonquin,IL,60102,51,Female,No,No,No,20,Yes,No,None,No,No,No,No,No,No,Two year,No,Mailed check,19.7,No
3003-CMDUU,Cissna Park,IL,60924,37,Female,No,Yes,No,25,Yes,No,Fiber optic,No,No,No,Yes,Yes,Yes,Month-to-month,Yes,Electronic check,95.15,No
5016-IBERQ,Chicago,IL,60616,20,Male,No,Yes,No,23,Yes,Yes,Fiber optic,No,Yes,Yes,No,No,No,Month-to-month,No,Electronic check,84.25,No
6797-UCJHZ,Ashmore,IL,61912,19,Female,Yes,Yes,No,66,Yes,Yes,Fiber optic,No,Yes,Yes,No,Yes,Yes,One year,No,Credit card (automatic),104.6,No
2469-DTSGX,Pekin,IL,61554,36,Female,Yes,No,No,72,Yes,Yes,Fiber optic,No,Yes,Yes,Yes,Yes,Yes,Two year,No,Electronic check,111.65,No
9931-KGHOA,Irving,IL,62051,34,Female,No,Yes,No,46,Yes,Yes,DSL,Yes,No,No,No,No,No,Month-to-month,No,Bank transfer (automatic),55,No
1775-KWJKQ,Calhoun,IL,62419,30,Male,No,Yes,No,72,Yes,Yes,DSL,Yes,Yes,Yes,Yes,Yes,Yes,Two year,No,Credit card (automatic),89.85,No
7665-VIGUD,Elk Grove Village,IL,60007,35,Male,No,No,No,10,Yes,No,None,No,No,No,No,No,No,One year,No,Mailed check,20.35,No
9411-TPQQV,Kempton,IL,60946,49,Female,No,No,No,40,No,No,DSL,Yes,No,No,Yes,Yes,Yes,One year,Yes,Bank transfer (automatic),54.55,No
7954-MLBUN,Tennessee,IL,62374,40,Male,No,No,No,31,Yes,No,Fiber optic,No,No,Yes,Yes,Yes,Yes,Two year,No,Bank transfer (automatic),99.45,No
2077-DDHJK,Junction,IL,62954,53,Female,No,Yes,No,68,Yes,Yes,DSL,Yes,Yes,Yes,Yes,No,No,Two year,No,Credit card (automatic),70.9,No
9574-BOSMD,Madison,IL,62060,29,Male,No,Yes,Yes,68,Yes,Yes,None,No,No,No,No,No,No,Two year,No,Bank transfer (automatic),25.4,No
4908-XAXAY,Rockford,IL,61114,51,Female,Yes,No,No,49,Yes,No,Fiber optic,No,Yes,Yes,No,No,Yes,One year,Yes,Bank transfer (automatic),89.85,No
8404-VLQFB,Littleton,IL,61452,49,Female,No,Yes,Yes,15,Yes,Yes,None,No,No,No,No,No,No,Month-to-month,Yes,Electronic check,25.25,No
2391-IPLOP,Gilberts,IL,60136,30,Male,No,Yes,No,50,Yes,Yes,DSL,No,No,Yes,Yes,Yes,No,One year,Yes,Electronic check,69.65,No
3509-GWQGF,Hooppole,IL,61258,42,Male,Yes,No,No,24,Yes,No,Fiber optic,No,No,No,No,No,No,Month-to-month,No,Credit card (automatic),70,No
5845-BZZIB,Emden,IL,62635,27,Male,No,Yes,Yes,35,Yes,No,None,No,No,No,No,No,No,Two year,No,Mailed check,20.1,No
1140-UKVZG,Chicago,IL,60654,47,Female,No,No,No,17,Yes,Yes,None,No,No,No,No,No,No,Month-to-month,No,Mailed check,24.8,No
5183-SNMJQ,Sterling,IL,61081,64,Male,No,No,No,10,Yes,No,Fiber optic,No,No,No,Yes,Yes,Yes,Month-to-month,Yes,Credit card (automatic),95.1,No
8100-PNJMH,Baldwin,IL,62217,42,Male,No,Yes,No,68,Yes,Yes,DSL,Yes,Yes,Yes,Yes,Yes,Yes,Two year,Yes,Credit card (automatic),88.85,No
7838-LAZFO,Ursa,IL,62376,24,Male,No,Yes,No,45,Yes,No,DSL,Yes,Yes,Yes,No,Yes,Yes,One year,No,Bank transfer (automatic),78.8,No
2085-JVGAD,Lee Center,IL,61331,20,Male,No,Yes,No,37,Yes,No,None,No,No,No,No,No,No,Month-to-month,No,Bank transfer (automatic),20.35,No
8095-WANWK,Mahomet,IL,61853,36,Female,No,No,No,10,Yes,No,DSL,No,No,No,No,No,No,Month-to-month,No,Mailed check,45.25,No
3030-ZKIWL,Knoxville,IL,61448,34,Male,No,No,No,1,Yes,No,None,No,No,No,No,No,No,Month-to-month,No,Mailed check,20.05,No
9565-FLVCG,Dundee,IL,60118,37,Male,No,Yes,No,65,Yes,Yes,DSL,Yes,Yes,No,No,No,Yes,Two year,Yes,Mailed check,69.55,No
8755-OGKNA,German Valley,IL,61039,38,Female,No,Yes,Yes,57,Yes,No,None,No,No,No,No,No,No,Two year,No,Bank transfer (automatic),19.5,No
2800-VEQXM,Beaverville,IL,60912,25,Female,No,No,No,3,Yes,No,Fiber optic,No,No,Yes,No,No,No,Month-to-month,Yes,Mailed check,74.75,No
5533-RJFTJ,Lawndale,IL,61751,27,Male,No,No,No,49,No,No,DSL,No,No,Yes,No,No,No,Month-to-month,Yes,Bank transfer (automatic),30.2,No
0214-JHPFW,Smithshire,IL,61478,54,Female,No,Yes,No,70,No,No,DSL,No,Yes,Yes,Yes,Yes,Yes,Two year,No,Bank transfer (automatic),57.8,No
5642-MHDQT,Kirkwood,IL,61447,48,Female,No,Yes,No,53,Yes,No,None,No,No,No,No,No,No,One year,Yes,Bank transfer (automatic),19.85,No
3088-FVYWK,Waterman,IL,60556,59,Male,No,Yes,Yes,53,Yes,Yes,None,No,No,No,No,No,No,Two year,No,Credit card (automatic),25.55,No
9092-GDZKO,Tennessee,IL,62374,47,Male,No,No,No,22,Yes,Yes,None,No,No,No,No,No,No,Month-to-month,Yes,Credit card (automatic),24.85,No
3729-OWRVL,Lincoln,IL,62656,62,Male,Yes,No,No,65,Yes,Yes,Fiber optic,Yes,No,Yes,Yes,Yes,Yes,Two year,Yes,Electronic check,110.35,No
2324-AALNO,Toledo,IL,62468,43,Female,No,No,No,48,Yes,Yes,None,No,No,No,No,No,No,One year,No,Bank transfer (automatic),24.55,No
5760-IFJOZ,Edwardsville,IL,62025,62,Male,No,No,No,3,Yes,Yes,Fiber optic,No,Yes,Yes,No,Yes,Yes,Month-to-month,No,Mailed check,107.95,No
2826-UWHIS,Madison,IL,62060,29,Male,No,Yes,No,45,Yes,Yes,Fiber optic,No,Yes,No,No,No,No,Month-to-month,No,Bank transfer (automatic),81.4,No
7501-IWUNG,Ellsworth,IL,61737,36,Female,No,Yes,No,61,Yes,No,DSL,No,No,Yes,Yes,Yes,Yes,Two year,Yes,Bank transfer (automatic),73.8,No
4957-TREIR,Rockford,IL,61108,25,Male,No,No,No,3,Yes,No,DSL,Yes,No,No,Yes,Yes,No,Month-to-month,Yes,Credit card (automatic),64.4,No
7251-LJBQN,West Salem,IL,62476,55,Female,Yes,No,No,40,Yes,Yes,Fiber optic,No,No,Yes,Yes,Yes,Yes,One year,Yes,Credit card (automatic),103.75,No
8040-MNRTF,Caseyville,IL,62232,42,Female,No,No,No,1,Yes,No,Fiber optic,No,No,No,No,No,No,Month-to-month,No,Mailed check,71.1,No
1536-HBSWP,Caledonia,IL,61011,20,Female,No,No,No,1,Yes,No,DSL,No,No,No,Yes,No,No,Month-to-month,Yes,Electronic check,49.9,No
5313-FPXWG,Summit Argo,IL,60501,40,Male,No,No,No,51,Yes,Yes,None,No,No,No,No,No,No,One year,Yes,Bank transfer (automatic),24.6,No
0946-FKYTX,Royalton,IL,62983,31,Male,No,No,No,52,No,No,DSL,No,Yes,No,No,No,No,One year,No,Mailed check,30.1,No
5076-YVXCM,Flat Rock,IL,62427,63,Male,No,No,No,51,Yes,Yes,Fiber optic,No,No,No,No,No,Yes,Month-to-month,No,Bank transfer (automatic),83.4,No
8262-COGGB,Mount Erie,IL,62446,64,Male,No,No,No,1,Yes,No,None,No,No,No,No,No,No,Month-to-month,Yes,Mailed check,20.45,No
6663-JOCQO,Keensburg,IL,62852,42,Male,No,Yes,No,31,Yes,Yes,DSL,Yes,Yes,No,Yes,No,Yes,One year,Yes,Bank transfer (automatic),75.25,No
9620-QJREV,Blue Island,IL,60406,61,Male,No,No,No,47,Yes,No,None,No,No,No,No,No,No,One year,No,Credit card (automatic),20.55,No
2682-KEVRP,Chicago,IL,60615,30,Female,Yes,No,No,22,Yes,No,None,No,No,No,No,No,No,One year,Yes,Mailed check,20.05,No
2480-JZOSN,Richton Park,IL,60471,34,Female,No,Yes,No,1,Yes,No,None,No,No,No,No,No,No,Month-to-month,Yes,Mailed check,20.65,No
0078-XZMHT,Fox River Grove,IL,60021,54,Male,No,Yes,No,72,Yes,Yes,DSL,No,Yes,Yes,Yes,Yes,Yes,Two year,Yes,Bank transfer (automatic),85.15,No
9978-HYCIN,Addieville,IL,62214,28,Male,Yes,Yes,Yes,47,Yes,No,Fiber optic,No,Yes,No,No,Yes,No,One year,Yes,Bank transfer (automatic),84.95,No
8338-QIUNR,Pontiac,IL,61764,39,Male,No,Yes,No,72,Yes,Yes,DSL,Yes,No,Yes,Yes,No,No,Two year,Yes,Credit card (automatic),66.5,No
1525-LNLOJ,Martinton,IL,60951,44,Male,No,Yes,No,66,Yes,Yes,DSL,No,No,Yes,No,Yes,No,Two year,Yes,Bank transfer (automatic),63.3,No
9450-TRJUU,Fowler,IL,62338,41,Male,No,No,No,35,Yes,Yes,Fiber optic,No,No,No,No,Yes,No,Month-to-month,No,Electronic check,83.15,No
1766-GKNMI,Chicago,IL,60649,31,Male,No,No,No,29,Yes,Yes,Fiber optic,No,No,No,No,No,Yes,Month-to-month,Yes,Electronic check,84.9,No
6942-LBFDP,Elburn,IL,60119,49,Female,No,No,No,2,Yes,No,None,No,No,No,No,No,No,Month-to-month,Yes,Mailed check,20.55,No
1456-TWCGB,Elizabeth,IL,61028,40,Male,No,No,No,4,Yes,No,DSL,No,Yes,No,No,No,No,Month-to-month,No,Mailed check,49.25,No
7596-ZYWBB,Bloomington,IL,61704,54,Female,No,No,No,65,Yes,No,DSL,Yes,Yes,No,Yes,No,No,Two year,Yes,Mailed check,59.6,No
8329-UTMVM,Rankin,IL,60960,28,Male,Yes,No,No,27,Yes,Yes,Fiber optic,No,Yes,No,Yes,Yes,Yes,One year,Yes,Bank transfer (automatic),104.65,No
3014-WJKSM,Wilmington,IL,60481,31,Male,No,Yes,No,29,Yes,No,Fiber optic,No,No,Yes,No,No,No,Month-to-month,Yes,Credit card (automatic),75.3,No
3347-YJZZE,Bradford,IL,61421,36,Male,No,Yes,Yes,29,Yes,Yes,DSL,No,Yes,Yes,No,Yes,Yes,Month-to-month,No,Credit card (automatic),80.1,No
7929-DMBCV,Flanagan,IL,61740,60,Female,No,Yes,No,20,Yes,No,Fiber optic,No,No,Yes,Yes,No,No,Month-to-month,Yes,Mailed check,81,No
9661-JALZV,Springfield,IL,62703,43,Female,No,No,No,58,Yes,Yes,None,No,No,No,No,No,No,Two year,Yes,Credit card (automatic),24.7,No
5433-KYGHE,Shirley,IL,61772,58,Female,No,No,Yes,14,Yes,Yes,Fiber optic,Yes,No,No,Yes,No,No,Month-to-month,Yes,Mailed check,86,No
4312-KFRXN,Aurora,IL,60504,51,Male,No,Yes,No,72,Yes,Yes,None,No,No,No,No,No,No,Two year,No,Mailed check,25.4,No
5575-TPIZQ,Elliott,IL,60933,51,Male,No,No,No,46,Yes,Yes,Fiber optic,Yes,No,No,No,Yes,No,Month-to-month,Yes,Credit card (automatic),89.15,No
0114-IGABW,Wataga,IL,61488,50,Female,No,Yes,No,71,No,No,DSL,No,Yes,Yes,Yes,Yes,Yes,Two year,No,Bank transfer (automatic),58.25,No
9944-AEXBM,Dix,IL,62830,35,Male,No,No,No,32,Yes,Yes,Fiber optic,No,No,No,No,No,Yes,Month-to-month,Yes,Bank transfer (automatic),85.65,No
1853-ARAAQ,Armington,IL,61721,37,Female,No,No,No,26,No,No,DSL,No,No,Yes,No,Yes,Yes,Month-to-month,Yes,Credit card (automatic),50.35,No
6952-OMNWB,Berwick,IL,61417,34,Male,Yes,Yes,No,68,Yes,Yes,Fiber optic,No,No,Yes,No,No,No,Month-to-month,Yes,Credit card (automatic),80.35,No
4697-LUPSU,Pontiac,IL,61764,41,Male,No,Yes,No,2,Yes,No,None,No,No,No,No,No,No,One year,No,Mailed check,20.2,No
8434-VGEQQ,Benld,IL,62009,34,Male,No,Yes,No,61,Yes,No,None,No,No,No,No,No,No,Two year,No,Credit card (automatic),20.55,No
6549-YMFAW,Monticello,IL,61856,49,Male,Yes,Yes,No,9,Yes,No,None,No,No,No,No,No,No,Month-to-month,Yes,Mailed check,21.25,No
4950-HKQTE,Chicago,IL,60651,47,Female,No,No,No,22,Yes,Yes,None,No,No,No,No,No,No,Two year,No,Mailed check,26.25,No
6786-OBWQR,Petersburg,IL,62675,32,Female,No,Yes,Yes,5,Yes,No,Fiber optic,No,No,No,No,Yes,No,Month-to-month,Yes,Electronic check,80.85,No
2753-JMMCV,Columbia,IL,62236,39,Male,No,No,No,65,Yes,Yes,DSL,No,Yes,Yes,Yes,No,Yes,Two year,Yes,Credit card (automatic),74.2,No
6621-YOBKI,Sandoval,IL,62882,41,Male,No,No,No,5,Yes,No,None,No,No,No,No,No,No,Month-to-month,No,Mailed check,20.35,No
1216-JWVUX,Cornell,IL,61319,53,Male,No,Yes,Yes,25,Yes,No,Fiber optic,No,Yes,No,No,No,No,Month-to-month,Yes,Electronic check,75.5,No
7564-GHCVB,Carmi,IL,62821,44,Female,No,Yes,No,72,Yes,Yes,Fiber optic,Yes,No,No,No,No,No,Two year,No,Bank transfer (automatic),79.05,No
1173-NOEYG,Rockford,IL,61109,30,Female,No,Yes,No,27,Yes,Yes,Fiber optic,No,No,Yes,No,No,Yes,Month-to-month,No,Bank transfer (automatic),90.15,No
7595-EHCDL,Mossville,IL,61552,64,Male,No,Yes,Yes,32,No,No,DSL,No,No,Yes,No,Yes,Yes,Month-to-month,No,Credit card (automatic),50.6,No
6647-ZEDXT,Moweaqua,IL,62550,33,Female,No,No,No,30,Yes,Yes,Fiber optic,No,Yes,Yes,Yes,Yes,Yes,One year,No,Credit card (automatic),110.45,No
2521-NPUZR,Gridley,IL,61744,27,Male,No,Yes,No,70,Yes,No,Fiber optic,Yes,Yes,Yes,Yes,No,Yes,Two year,No,Credit card (automatic),101,No
1307-TVUFB,Jacob,IL,62950,37,Male,Yes,No,No,42,Yes,Yes,Fiber optic,No,Yes,No,No,No,No,Month-to-month,Yes,Bank transfer (automatic),79.35,No
7503-MIOGA,Winslow,IL,61089,25,Female,Yes,Yes,No,72,Yes,Yes,DSL,Yes,Yes,Yes,Yes,Yes,Yes,Two year,Yes,Bank transfer (automatic),89.85,No
4381-MHQDC,Carbon Cliff,IL,61239,53,Female,No,No,No,47,Yes,Yes,DSL,Yes,No,Yes,Yes,No,No,Two year,Yes,Mailed check,65,No
6923-JHPMP,Rockford,IL,61108,22,Female,No,No,No,2,Yes,No,Fiber optic,Yes,No,Yes,No,No,No,Month-to-month,Yes,Electronic check,80.45,No
4018-PPNDW,Saint David,IL,61563,59,Female,No,Yes,No,61,Yes,Yes,None,No,No,No,No,No,No,Two year,Yes,Mailed check,24.1,No
1635-FJFCC,Prophetstown,IL,61277,58,Female,No,No,No,5,Yes,No,DSL,No,No,No,No,No,No,Month-to-month,Yes,Credit card (automatic),44.05,No
2499-AJYUA,South Beloit,IL,61080,54,Female,Yes,Yes,No,72,Yes,Yes,Fiber optic,No,Yes,Yes,Yes,Yes,Yes,Two year,Yes,Credit card (automatic),110.8,No
6919-ELBGL,Divernon,IL,62530,42,Male,Yes,Yes,No,72,Yes,Yes,Fiber optic,Yes,Yes,Yes,Yes,Yes,Yes,Two year,Yes,Bank transfer (automatic),114.95,No
3966-HRMZA,Elburn,IL,60119,49,Female,Yes,No,No,3,Yes,No,Fiber optic,No,No,Yes,No,No,No,Month-to-month,No,Mailed check,75.05,No
6425-JWTDV,Beardstown,IL,62618,26,Male,No,Yes,No,48,Yes,No,None,No,No,No,No,No,No,Two year,No,Mailed check,19.25,No
8405-IGQFX,Maple Park,IL,60151,51,Female,No,No,No,63,Yes,No,Fiber optic,No,No,Yes,Yes,Yes,No,One year,Yes,Credit card (automatic),90.05,No
8224-IVVPA,Niles,IL,60714,46,Female,No,No,No,27,Yes,No,DSL,Yes,Yes,No,No,No,No,Month-to-month,Yes,Mailed check,56.7,No
9477-LGWQI,Equality,IL,62934,29,Male,No,Yes,No,70,Yes,No,DSL,Yes,Yes,Yes,No,Yes,Yes,Two year,Yes,Credit card (automatic),80.15,No
1410-RSCMR,Waterman,IL,60556,31,Male,No,Yes,Yes,7,Yes,No,DSL,Yes,No,Yes,Yes,No,Yes,Month-to-month,Yes,Credit card (automatic),71.35,No
3115-CZMZD,Deer Creek,IL,61733,49,Male,No,No,No,0,Yes,No,None,No,No,No,No,No,No,Two year,No,Mailed check,20.25,No
0139-IVFJG,Redmon,IL,61949,27,Female,No,Yes,No,2,Yes,No,Fiber optic,Yes,Yes,No,No,Yes,No,Month-to-month,No,Electronic check,90.35,No
5730-DBDSI,Fiatt,IL,61433,62,Male,No,No,No,66,Yes,No,None,No,No,No,No,No,No,Two year,No,Bank transfer (automatic),19.7,No
0030-FNXPP,Brimfield,IL,61517,24,Female,No,No,No,3,Yes,No,None,No,No,No,No,No,No,Month-to-month,No,Mailed check,19.85,No
5684-FJVYR,Fairmount,IL,61841,39,Female,No,Yes,No,72,Yes,Yes,Fiber optic,Yes,Yes,No,Yes,No,No,Two year,Yes,Bank transfer (automatic),90.35,No
4013-GUXND,New Boston,IL,61272,51,Male,No,No,No,1,Yes,No,None,No,No,No,No,No,No,Month-to-month,No,Mailed check,20.8,No
1266-NZYUI,Lake Forest,IL,60045,56,Female,No,Yes,No,72,Yes,Yes,DSL,Yes,No,Yes,Yes,No,No,Two year,No,Bank transfer (automatic),66.85,No
7969-FFOWG,Cary,IL,60013,30,Male,No,Yes,No,65,Yes,No,None,No,No,No,No,No,No,Two year,No,Mailed check,19.9,No
4718-DHSMV,Jacksonville,IL,62650,57,Female,No,No,No,11,No,No,DSL,No,No,No,No,Yes,No,Month-to-month,Yes,Mailed check,35.8,No
5175-WLYXL,Maunie,IL,62861,26,Male,No,No,No,22,Yes,Yes,Fiber optic,No,Yes,No,No,No,No,Month-to-month,Yes,Mailed check,78.85,No
7817-OMJNA,Riverdale,IL,60827,46,Male,No,No,No,14,Yes,No,None,No,No,No,No,No,No,One year,No,Bank transfer (automatic),20.4,No
8728-SKJLR,Riverdale,IL,60827,60,Male,No,No,No,41,Yes,No,Fiber optic,No,No,No,Yes,No,No,Month-to-month,Yes,Electronic check,74.25,No
3137-NYQQI,Chicago,IL,60647,20,Male,No,Yes,No,17,Yes,No,DSL,Yes,Yes,No,No,No,Yes,One year,No,Mailed check,64.8,No
7706-DZNKK,New Berlin,IL,62670,22,Male,No,No,No,11,Yes,No,None,No,No,No,No,No,No,Month-to-month,Yes,Credit card (automatic),20.45,No
8823-RLPWL,Camp Grove,IL,61424,25,Female,No,Yes,No,72,Yes,Yes,Fiber optic,Yes,Yes,Yes,No,Yes,Yes,Two year,Yes,Credit card (automatic),110.65,No
9505-SQFSW,Cordova,IL,61242,49,Female,No,Yes,Yes,3,No,No,DSL,No,Yes,No,No,No,Yes,Month-to-month,No,Mailed check,40.3,No
3758-CKOQL,Bryant,IL,61519,39,Female,No,Yes,No,59,Yes,Yes,Fiber optic,Yes,Yes,Yes,Yes,No,Yes,One year,Yes,Credit card (automatic),107,No
5676-CFLYY,Wheeling,IL,60090,34,Male,No,Yes,No,71,Yes,No,DSL,No,Yes,No,Yes,Yes,Yes,Two year,Yes,Credit card (automatic),73.35,No
7521-AFHAB,Cottage Hills,IL,62018,44,Female,No,Yes,Yes,5,Yes,No,DSL,No,No,No,No,No,No,Month-to-month,No,Mailed check,44.8,No
0285-INHLN,Murphysboro,IL,62966,19,Male,No,Yes,Yes,27,Yes,No,DSL,Yes,Yes,No,No,No,No,Month-to-month,Yes,Credit card (automatic),54.75,No
5125-CNDSP,Peoria,IL,61605,33,Male,No,No,No,63,No,No,DSL,Yes,Yes,No,Yes,No,No,One year,Yes,Bank transfer (automatic),40.6,No
4992-LTJNE,Clinton,IL,61727,31,Male,No,Yes,No,72,Yes,Yes,DSL,Yes,No,No,No,No,No,Two year,No,Bank transfer (automatic),55.3,No
2202-OUTMO,Chicago,IL,60643,21,Female,No,Yes,No,34,Yes,Yes,DSL,Yes,No,No,Yes,No,No,Month-to-month,Yes,Bank transfer (automatic),60.85,No
0810-BDHAW,Witt,IL,62094,62,Female,No,Yes,No,24,Yes,Yes,DSL,Yes,Yes,No,No,Yes,Yes,One year,No,Electronic check,78.4,No
0229-LFJAF,Elwood,IL,60421,54,Male,No,No,No,72,Yes,Yes,DSL,Yes,Yes,Yes,Yes,No,No,Two year,No,Bank transfer (automatic),69.65,No
7131-ZQZNK,Hampshire,IL,60140,40,Female,No,Yes,No,60,No,No,DSL,Yes,No,Yes,Yes,Yes,Yes,Two year,No,Credit card (automatic),59.85,No
3442-ZHHCC,Winthrop Harbor,IL,60096,47,Male,No,No,No,68,Yes,Yes,DSL,Yes,Yes,Yes,No,No,Yes,One year,Yes,Credit card (automatic),76.9,No
5726-CVNYA,Amboy,IL,61310,28,Female,No,Yes,No,8,Yes,No,None,No,No,No,No,No,No,Two year,Yes,Mailed check,19.85,No
9871-ELEYA,Sidell,IL,61876,55,Female,No,No,No,34,Yes,No,DSL,Yes,No,Yes,Yes,Yes,No,Two year,No,Credit card (automatic),67.65,No
4257-GAESD,Forsyth,IL,62535,27,Female,No,No,No,6,No,No,DSL,No,No,No,No,Yes,Yes,Month-to-month,No,Credit card (automatic),45,No
5173-WXOQV,Camargo,IL,61919,50,Male,No,Yes,No,2,Yes,No,DSL,No,Yes,No,Yes,No,Yes,Month-to-month,Yes,Mailed check,64.2,No
2040-OBMLJ,Chicago,IL,60630,46,Male,No,No,No,31,Yes,Yes,Fiber optic,No,No,No,Yes,No,No,One year,No,Credit card (automatic),81.7,No
6286-ZHAOK,Chicago,IL,60619,38,Female,No,Yes,Yes,20,Yes,Yes,None,No,No,No,No,No,No,Month-to-month,Yes,Bank transfer (automatic),25.55,No
3807-XHCJH,Berkeley,IL,60163,38,Female,No,Yes,Yes,1,Yes,No,None,No,No,No,No,No,No,Month-to-month,No,Electronic check,20,No
5671-RQRLP,Sherrard,IL,61281,51,Female,Yes,Yes,No,70,Yes,Yes,Fiber optic,No,No,No,No,No,No,Two year,Yes,Credit card (automatic),75.65,No
8859-AXJZP,Morton Grove,IL,60053,44,Male,No,Yes,No,39,Yes,Yes,None,No,No,No,No,No,No,Two year,Yes,Mailed check,23.8,No
3174-AKMAS,Olympia Fields,IL,60461,60,Female,No,Yes,No,46,Yes,No,DSL,No,Yes,No,Yes,Yes,No,Two year,Yes,Credit card (automatic),64.2,No
9926-PJHDQ,Flat Rock,IL,62427,51,Female,No,Yes,No,72,Yes,Yes,DSL,No,No,Yes,No,Yes,Yes,Two year,Yes,Bank transfer (automatic),76.8,No
7382-DFJTU,Anna,IL,62906,46,Male,No,No,No,18,Yes,No,DSL,No,No,Yes,Yes,No,No,Month-to-month,No,Credit card (automatic),55.2,No
2798-NYLMZ,Philo,IL,61864,53,Male,No,Yes,No,71,Yes,Yes,Fiber optic,Yes,No,Yes,Yes,Yes,Yes,Two year,Yes,Credit card (automatic),108.55,No
8098-TDCBU,Barrington,IL,60010,44,Female,No,Yes,No,42,Yes,Yes,None,No,No,No,No,No,No,Two year,No,Electronic check,25.25,No
3551-GAEGL,Jewett,IL,62436,43,Male,No,Yes,No,34,No,No,DSL,Yes,No,No,No,No,No,One year,No,Bank transfer (automatic),30.4,No
4785-NKHCX,Belleville,IL,62220,62,Male,Yes,No,No,5,Yes,No,None,No,No,No,No,No,No,Month-to-month,No,Bank transfer (automatic),20.05,No
3196-NVXLZ,Indianola,IL,61850,50,Female,No,No,No,25,Yes,Yes,Fiber optic,No,No,No,No,Yes,No,Month-to-month,Yes,Mailed check,84.6,No
0036-IHMOT,Ingraham,IL,62434,57,Female,No,Yes,Yes,55,Yes,No,Fiber optic,No,Yes,Yes,Yes,Yes,Yes,One year,Yes,Bank transfer (automatic),103.7,No
4178-EGMON,Bridgeview,IL,60455,62,Male,No,Yes,No,70,Yes,Yes,Fiber optic,Yes,Yes,No,Yes,No,No,Two year,Yes,Credit card (automatic),88,No
4220-TINQT,Hartsburg,IL,62643,59,Female,No,Yes,No,61,Yes,Yes,Fiber optic,No,No,Yes,Yes,Yes,Yes,Month-to-month,Yes,Electronic check,106.35,No
5318-YKDPV,Breese,IL,62230,56,Male,No,Yes,No,43,Yes,No,DSL,Yes,No,Yes,Yes,Yes,Yes,Two year,Yes,Credit card (automatic),79.15,No
7975-TZMLR,Milan,IL,61264,40,Male,No,No,No,47,Yes,Yes,Fiber optic,No,Yes,Yes,No,Yes,Yes,One year,Yes,Electronic check,103.1,No
0295-QVKPB,Mason,IL,62443,61,Male,No,No,No,5,Yes,No,DSL,No,No,Yes,Yes,Yes,No,Month-to-month,Yes,Credit card (automatic),63.95,No
4335-BSMJS,Hamburg,IL,62045,32,Female,No,No,No,62,Yes,Yes,None,No,No,No,No,No,No,Two year,Yes,Credit card (automatic),25.8,No
9146-JRIOX,Chicago,IL,60609,34,Female,No,Yes,Yes,14,Yes,Yes,None,No,No,No,No,No,No,Month-to-month,No,Mailed check,25.55,No
5337-IIWKZ,Ohio,IL,61349,22,Male,No,Yes,Yes,34,No,No,DSL,No,No,Yes,Yes,Yes,No,Month-to-month,Yes,Electronic check,44.85,No
9650-VBUOG,De Land,IL,61839,31,Male,No,Yes,Yes,38,Yes,Yes,None,No,No,No,No,No,No,Two year,No,Credit card (automatic),25.05,No
3487-EARAT,Roscoe,IL,61073,45,Female,No,Yes,No,70,Yes,No,DSL,Yes,Yes,Yes,Yes,No,Yes,One year,No,Credit card (automatic),74.1,No
2672-TGEFF,Big Rock,IL,60511,58,Female,No,Yes,Yes,37,Yes,Yes,Fiber optic,No,Yes,No,No,Yes,No,Month-to-month,Yes,Electronic check,88.8,No
4250-WAROZ,Bolingbrook,IL,60490,56,Male,Yes,Yes,Yes,60,Yes,Yes,Fiber optic,Yes,Yes,No,No,No,Yes,Month-to-month,Yes,Electronic check,93.25,No
8184-WMOFI,Forrest,IL,61741,56,Male,No,Yes,No,62,Yes,No,DSL,Yes,No,Yes,Yes,No,Yes,One year,No,Credit card (automatic),71.4,No
6092-QZVPP,Palatine,IL,60067,36,Male,No,No,No,36,Yes,No,DSL,Yes,No,Yes,Yes,Yes,Yes,Month-to-month,Yes,Credit card (automatic),79.2,No
4625-LAMOB,Princeville,IL,61559,22,Male,No,No,No,44,Yes,No,None,No,No,No,No,No,No,Two year,No,Credit card (automatic),20.4,No
0392-BZIUW,Burlington,IL,60109,61,Female,No,Yes,No,72,Yes,Yes,Fiber optic,Yes,No,Yes,No,Yes,Yes,Two year,Yes,Credit card (automatic),105,No
6549-NNDYT,Latham,IL,62543,56,Female,No,No,No,13,No,No,DSL,Yes,No,No,No,No,No,Month-to-month,Yes,Bank transfer (automatic),30.85,No
0422-OHQHQ,Joppa,IL,62953,54,Female,No,Yes,No,15,Yes,No,None,No,No,No,No,No,No,One year,No,Mailed check,20.55,No
6916-HIJSE,Chatham,IL,62629,60,Female,No,No,No,65,Yes,No,DSL,Yes,Yes,Yes,Yes,Yes,Yes,Two year,Yes,Bank transfer (automatic),84.85,No
2316-ESMLS,Antioch,IL,60002,64,Female,No,Yes,No,12,No,No,DSL,Yes,No,No,Yes,No,No,One year,No,Credit card (automatic),33.15,No
9778-OGKQZ,Noble,IL,62868,58,Male,No,Yes,No,72,Yes,Yes,DSL,Yes,Yes,Yes,Yes,Yes,Yes,Two year,Yes,Credit card (automatic),92,No
7408-OFWXJ,Buffalo Grove,IL,60089,61,Female,No,Yes,No,72,Yes,Yes,DSL,Yes,Yes,Yes,Yes,Yes,Yes,Two year,No,Credit card (automatic),89.8,No
6007-TCTST,Sheldon,IL,60966,27,Female,No,Yes,Yes,72,Yes,Yes,Fiber optic,Yes,Yes,Yes,Yes,Yes,Yes,Two year,Yes,Bank transfer (automatic),115.8,No
2252-NKNSI,Nokomis,IL,62075,55,Male,No,No,No,52,Yes,Yes,DSL,Yes,Yes,No,Yes,Yes,Yes,Two year,Yes,Mailed check,85.15,No
8713-IGZSO,Schaumburg,IL,60193,55,Male,No,No,No,2,Yes,Yes,None,No,No,No,No,No,No,Month-to-month,No,Mailed check,24.85,No
7905-TVXTA,Rockford,IL,61114,27,Female,No,No,No,5,Yes,No,DSL,Yes,No,No,Yes,Yes,No,Month-to-month,Yes,Electronic check,64.35,No
7695-PKLCZ,Keyesport,IL,62253,25,Female,No,No,No,68,Yes,No,None,No,No,No,No,No,No,Two year,No,Credit card (automatic),20.5,No
8374-UULRV,Renault,IL,62279,40,Male,No,No,No,72,Yes,Yes,DSL,Yes,Yes,No,Yes,Yes,Yes,Two year,No,Credit card (automatic),86.05,No
3224-DFQNQ,Danville,IL,61834,47,Female,No,Yes,No,66,Yes,Yes,Fiber optic,Yes,Yes,No,Yes,No,No,One year,No,Electronic check,89,No
5275-PMFUT,Decatur,IL,62522,57,Male,No,Yes,No,72,No,No,DSL,Yes,Yes,Yes,Yes,Yes,Yes,Two year,Yes,Credit card (automatic),64.8,No
4795-UXVCJ,Glenview,IL,60025,22,Male,No,No,No,26,Yes,No,None,No,No,No,No,No,No,One year,No,Credit card (automatic),19.8,No
9777-IQHWP,Chicago,IL,60638,33,Male,No,Yes,Yes,64,Yes,Yes,Fiber optic,Yes,No,Yes,No,No,Yes,Two year,No,Bank transfer (automatic),93.4,No
0979-MOZQI,Lena,IL,61048,27,Male,No,Yes,No,62,No,No,DSL,No,No,No,Yes,Yes,No,Two year,Yes,Bank transfer (automatic),39,No
2732-ISEZX,Chicago,IL,60629,57,Female,No,No,No,5,Yes,No,None,No,No,No,No,No,No,Month-to-month,Yes,Mailed check,20.5,No
0323-XWWTN,Albers,IL,62215,37,Male,No,No,Yes,3,Yes,Yes,None,No,No,No,No,No,No,Two year,Yes,Mailed check,26.4,No
1937-OTUKY,Oglesby,IL,61348,34,Female,No,Yes,No,72,Yes,Yes,Fiber optic,Yes,No,Yes,Yes,Yes,No,Two year,Yes,Bank transfer (automatic),98.2,No
1573-LGXBA,Buda,IL,61314,20,Male,No,Yes,Yes,57,Yes,No,Fiber optic,No,Yes,Yes,No,Yes,Yes,One year,Yes,Credit card (automatic),97.55,No
1764-VUUMT,Sciota,IL,61475,55,Male,No,No,Yes,66,Yes,No,None,No,No,No,No,No,No,Two year,No,Credit card (automatic),19.95,No
4713-ZBURT,Van Orin,IL,61374,22,Male,No,No,Yes,45,Yes,Yes,Fiber optic,No,No,Yes,No,Yes,Yes,Two year,No,Bank transfer (automatic),99.7,No
3050-GBUSH,Chicago,IL,60615,52,Female,No,No,No,3,No,No,DSL,No,No,No,No,Yes,No,Month-to-month,Yes,Credit card (automatic),34.8,No
7876-AEHIG,Redmon,IL,61949,63,Female,No,No,No,51,No,No,DSL,Yes,No,Yes,Yes,Yes,Yes,One year,No,Bank transfer (automatic),60.15,No
7945-HLKEA,Gifford,IL,61847,53,Female,No,No,No,60,Yes,Yes,DSL,Yes,No,Yes,Yes,No,No,One year,No,Electronic check,64.75,No
9342-VNIMQ,Woodhull,IL,61490,49,Male,No,No,No,33,Yes,Yes,DSL,No,Yes,No,No,No,No,Month-to-month,Yes,Bank transfer (automatic),54.65,No
3523-BRGUW,Kasbeer,IL,61328,29,Male,Yes,No,No,26,Yes,No,None,No,No,No,No,No,No,One year,No,Credit card (automatic),19.3,No
3199-NPKCN,Barstow,IL,61236,63,Female,No,Yes,No,67,Yes,Yes,Fiber optic,Yes,No,Yes,Yes,Yes,Yes,One year,Yes,Electronic check,111.25,No
5170-PTRKA,Boody,IL,62514,51,Female,No,Yes,No,49,No,No,DSL,Yes,No,No,Yes,No,No,One year,Yes,Credit card (automatic),35.8,No
4661-NJEUX,Buffalo,IL,62515,47,Male,No,No,No,1,Yes,No,None,No,No,No,No,No,No,Month-to-month,Yes,Mailed check,20.05,No
2123-AGEEN,Villa Ridge,IL,62996,28,Female,Yes,No,No,7,Yes,No,Fiber optic,No,No,Yes,No,Yes,No,Month-to-month,Yes,Electronic check,84.35,No
1258-YMZNM,Red Bud,IL,62278,64,Female,Yes,No,No,27,Yes,Yes,Fiber optic,Yes,Yes,Yes,No,Yes,Yes,One year,Yes,Bank transfer (automatic),110.5,No
0048-LUMLS,Pearl City,IL,61062,44,Male,No,Yes,Yes,37,Yes,No,Fiber optic,No,No,No,No,Yes,Yes,One year,No,Credit card (automatic),91.2,No
5898-IGSLP,Rolling Meadows,IL,60008,40,Male,No,Yes,Yes,31,Yes,Yes,Fiber optic,Yes,No,Yes,Yes,No,No,Month-to-month,No,Electronic check,89.3,No
6259-WJQLC,Ramsey,IL,62080,28,Male,Yes,No,No,32,Yes,Yes,Fiber optic,No,No,Yes,No,No,No,Month-to-month,Yes,Credit card (automatic),81.1,No
7997-EASSD,Pontiac,IL,61764,36,Female,No,Yes,No,63,Yes,Yes,Fiber optic,No,No,No,Yes,No,No,One year,Yes,Credit card (automatic),81.2,No
0730-KOAVE,Rankin,IL,60960,46,Male,No,No,No,30,Yes,Yes,Fiber optic,Yes,Yes,No,No,No,Yes,Month-to-month,Yes,Credit card (automatic),94.3,No
8975-SKGRX,Harvey,IL,60426,53,Male,No,Yes,No,71,Yes,Yes,Fiber optic,Yes,Yes,Yes,Yes,Yes,Yes,Two year,Yes,Bank transfer (automatic),116.1,No
0678-RLHVP,Kell,IL,62853,42,Female,No,No,No,53,Yes,Yes,Fiber optic,No,Yes,Yes,No,Yes,Yes,Two year,No,Electronic check,105.55,No
2267-FPIMA,Plano,IL,60545,42,Male,No,Yes,No,50,Yes,Yes,Fiber optic,Yes,Yes,No,No,No,Yes,Month-to-month,Yes,Credit card (automatic),94.4,No
1051-GEJLJ,Kincaid,IL,62540,48,Female,No,No,No,2,Yes,No,None,No,No,No,No,No,No,Month-to-month,No,Mailed check,19.5,No
5285-MVEHD,Pleasant Hill,IL,62366,37,Female,No,Yes,No,56,Yes,No,Fiber optic,Yes,Yes,Yes,No,Yes,Yes,One year,Yes,Credit card (automatic),105.6,No
0379-DJQHR,Prairie Du Rocher,IL,62277,21,Male,No,Yes,No,67,Yes,No,DSL,Yes,Yes,Yes,No,Yes,Yes,Two year,No,Credit card (automatic),81.35,No
5543-QDCRY,Clay City,IL,62824,39,Male,No,No,No,4,Yes,No,DSL,No,No,No,No,Yes,No,Month-to-month,Yes,Electronic check,56.4,No
0297-RBCSG,Flossmoor,IL,60422,27,Male,No,No,No,19,Yes,No,DSL,No,Yes,No,Yes,No,Yes,One year,Yes,Bank transfer (automatic),65.35,No
4694-PHWFW,Carbondale,IL,62903,48,Female,No,No,Yes,8,Yes,No,None,No,No,No,No,No,No,Month-to-month,No,Mailed check,19.95,No
0835-JKADZ,Grant Park,IL,60940,57,Female,No,No,No,71,Yes,Yes,Fiber optic,No,Yes,Yes,Yes,Yes,Yes,Two year,Yes,Electronic check,111.25,No
7508-SMHXL,Bellmont,IL,62811,61,Female,Yes,No,No,15,Yes,Yes,Fiber optic,No,Yes,No,No,Yes,No,Month-to-month,No,Credit card (automatic),89,No
3865-YIOTT,Du Bois,IL,62831,30,Male,No,Yes,Yes,72,Yes,Yes,Fiber optic,Yes,No,Yes,No,Yes,Yes,One year,Yes,Bank transfer (automatic),106.1,No
5993-BQHEA,Jacksonville,IL,62650,45,Male,No,No,No,12,Yes,No,None,No,No,No,No,No,No,One year,No,Credit card (automatic),20.05,No
6024-RUGGH,Dorsey,IL,62021,25,Male,No,Yes,Yes,72,Yes,Yes,None,No,No,No,No,No,No,Two year,Yes,Bank transfer (automatic),25.2,No
3956-CJUST,Hartsburg,IL,62643,42,Female,Yes,No,No,23,Yes,No,Fiber optic,Yes,No,No,No,No,No,Month-to-month,Yes,Bank transfer (automatic),75.4,No
4079-WWQQQ,Compton,IL,61318,25,Male,No,No,No,72,No,No,DSL,Yes,Yes,Yes,Yes,Yes,Yes,Two year,Yes,Bank transfer (automatic),65.55,No
6103-BOCOU,Fisher,IL,61843,36,Female,No,No,No,26,Yes,Yes,Fiber optic,No,No,Yes,No,No,No,Month-to-month,Yes,Electronic check,80.7,No
5149-TGWDZ,Tolono,IL,61880,46,Female,No,No,No,21,Yes,No,Fiber optic,No,Yes,Yes,Yes,Yes,Yes,One year,Yes,Mailed check,104.55,No
7471-WNSUF,Palatine,IL,60074,35,Male,No,Yes,No,60,Yes,Yes,None,No,No,No,No,No,No,One year,No,Bank transfer (automatic),24.15,No
8942-DBMHZ,Chambersburg,IL,62323,60,Male,No,No,No,12,Yes,No,None,No,No,No,No,No,No,Month-to-month,No,Mailed check,20.45,No
4301-VVZKA,Sainte Marie,IL,62459,19,Male,No,Yes,No,16,Yes,Yes,Fiber optic,No,No,No,No,No,No,Month-to-month,Yes,Electronic check,75.4,No
9199-PWQVC,East Saint Louis,IL,62201,53,Female,No,Yes,No,63,Yes,Yes,DSL,Yes,Yes,No,No,Yes,Yes,One year,Yes,Credit card (automatic),79.7,No
4824-GUCBY,Hettick,IL,62649,52,Female,Yes,No,No,22,Yes,No,Fiber optic,Yes,Yes,No,No,No,No,Month-to-month,No,Electronic check,81.7,No
5393-HJZSM,Logan,IL,62856,28,Female,No,Yes,Yes,32,Yes,No,DSL,Yes,Yes,Yes,Yes,No,Yes,Month-to-month,No,Bank transfer (automatic),76.3,No
0862-PRCBS,Windsor,IL,61957,36,Female,No,Yes,Yes,68,Yes,Yes,Fiber optic,No,Yes,No,Yes,Yes,Yes,Two year,Yes,Credit card (automatic),103.75,No
8812-ZRHFP,Sandoval,IL,62882,42,Female,No,Yes,Yes,30,Yes,No,Fiber optic,No,No,Yes,No,No,Yes,One year,No,Electronic check,86.45,No
5146-CBVOE,Williamsfield,IL,61489,49,Female,No,No,No,16,Yes,No,Fiber optic,No,Yes,No,No,No,No,Month-to-month,No,Bank transfer (automatic),75.1,No
0454-OKRCT,Des Plaines,IL,60016,22,Male,No,No,No,33,Yes,No,Fiber optic,No,Yes,No,Yes,No,No,Two year,No,Bank transfer (automatic),80.6,No
5787-KXGIY,Sandwich,IL,60548,23,Male,No,Yes,No,72,Yes,No,None,No,No,No,No,No,No,Two year,No,Credit card (automatic),19.3,No
4198-VFOEA,Brownstown,IL,62418,64,Female,No,No,No,12,No,No,DSL,Yes,No,No,Yes,No,No,One year,Yes,Mailed check,33.6,No
6630-UJZMY,Gilman,IL,60938,44,Female,Yes,Yes,No,4,Yes,Yes,Fiber optic,No,No,No,No,Yes,No,Month-to-month,Yes,Electronic check,83.25,No
5709-LVOEQ,Creal Springs,IL,62922,61,Female,No,Yes,No,0,Yes,No,DSL,Yes,Yes,Yes,No,Yes,Yes,Two year,No,Mailed check,80.85,No
2692-AQCPF,Somonauk,IL,60552,40,Female,No,Yes,No,65,Yes,Yes,Fiber optic,No,Yes,Yes,Yes,Yes,Yes,One year,Yes,Credit card (automatic),108.05,No
0347-UBKUZ,East Saint Louis,IL,62207,34,Female,No,No,No,15,Yes,No,None,No,No,No,No,No,No,Month-to-month,No,Mailed check,19.9,No
0835-DUUIQ,Sheffield,IL,61361,27,Female,No,No,No,24,Yes,No,None,No,No,No,No,No,No,One year,No,Bank transfer (automatic),21.05,No
0811-GSDTP,Tiskilwa,IL,61368,36,Female,No,No,Yes,13,No,No,DSL,No,Yes,No,No,No,No,Month-to-month,No,Electronic check,30.15,No
7567-ECMCM,Ellisville,IL,61431,43,Male,No,No,No,24,Yes,No,Fiber optic,No,No,No,No,No,Yes,Month-to-month,Yes,Credit card (automatic),79.85,No
6115-ZTBFQ,Findlay,IL,62534,53,Female,No,Yes,No,72,No,No,DSL,Yes,Yes,Yes,Yes,Yes,Yes,Two year,No,Bank transfer (automatic),65.5,No
6353-BRMMA,Prairie Du Rocher,IL,62277,32,Female,No,Yes,Yes,54,Yes,Yes,Fiber optic,Yes,Yes,No,No,Yes,Yes,Month-to-month,Yes,Bank transfer (automatic),104.1,No
6231-WFGFH,Pembroke Township,IL,60958,61,Male,No,Yes,Yes,4,Yes,No,None,No,No,No,No,No,No,Month-to-month,Yes,Mailed check,20.5,No
9904-EHEVJ,Wayne,IL,60184,37,Female,Yes,Yes,Yes,32,Yes,Yes,Fiber optic,No,No,Yes,No,Yes,No,Month-to-month,Yes,Mailed check,91.35,No
6169-PPETC,Lima,IL,62348,29,Male,No,Yes,Yes,35,Yes,No,None,No,No,No,No,No,No,Two year,No,Bank transfer (automatic),20.5,No
8584-KMVXD,Saint Joseph,IL,61873,39,Female,No,No,No,8,Yes,No,Fiber optic,No,Yes,No,No,No,No,Month-to-month,No,Electronic check,75.6,No
8467-WYNSR,Taylorville,IL,62568,24,Male,No,No,No,22,Yes,No,DSL,Yes,No,No,Yes,No,No,Month-to-month,No,Mailed check,55.1,No
0851-DFJKB,Loda,IL,60948,40,Female,No,No,No,15,Yes,No,DSL,Yes,No,Yes,Yes,No,No,Month-to-month,No,Electronic check,58.95,No
5382-SOYZL,Lovejoy,IL,62059,51,Male,No,No,No,22,Yes,Yes,Fiber optic,No,No,No,No,Yes,Yes,Month-to-month,Yes,Electronic check,95.1,No
3261-CQXOL,Millstadt,IL,62260,50,Female,No,Yes,Yes,71,Yes,Yes,None,No,No,No,No,No,No,Two year,No,Bank transfer (automatic),25.45,No
8388-FYNPZ,Hamilton,IL,62341,62,Male,No,No,No,4,Yes,No,DSL,Yes,No,Yes,No,No,No,Month-to-month,No,Electronic check,56.75,No
4002-BQWPQ,Huntley,IL,60142,48,Male,No,No,No,25,Yes,Yes,DSL,Yes,Yes,Yes,Yes,No,Yes,Month-to-month,No,Bank transfer (automatic),81.75,No
5651-YLPRD,Thebes,IL,62990,23,Female,No,Yes,Yes,32,Yes,No,Fiber optic,No,Yes,No,No,Yes,No,Month-to-month,Yes,Electronic check,86.1,No
2826-DXLQO,Mount Olive,IL,62069,38,Male,Yes,Yes,No,7,No,No,DSL,Yes,No,No,No,No,No,Month-to-month,No,Bank transfer (automatic),29.8,No
4378-BZYFP,Rockford,IL,61112,31,Male,No,No,No,17,Yes,No,None,No,No,No,No,No,No,One year,Yes,Mailed check,20.5,No
9489-UTFKA,Chicago,IL,60604,30,Male,Yes,Yes,No,8,Yes,No,DSL,Yes,No,No,No,Yes,No,Month-to-month,No,Bank transfer (automatic),60.9,No
4849-PYRLQ,Warsaw,IL,62379,51,Female,Yes,No,No,56,Yes,Yes,DSL,Yes,No,Yes,Yes,No,Yes,Two year,No,Bank transfer (automatic),73.25,No
7764-BDPEE,Spring Valley,IL,61362,24,Male,No,No,Yes,3,Yes,No,None,No,No,No,No,No,No,Month-to-month,No,Mailed check,20.85,No
3429-IFLEM,Paw Paw,IL,61353,56,Female,No,No,No,71,Yes,No,DSL,Yes,Yes,Yes,Yes,Yes,No,Two year,No,Credit card (automatic),77.35,No
5002-GCQFH,Good Hope,IL,61438,47,Male,No,Yes,No,49,Yes,Yes,Fiber optic,Yes,Yes,No,No,Yes,No,Month-to-month,Yes,Bank transfer (automatic),93.85,No
0556-FJEGU,Worden,IL,62097,32,Male,No,No,No,58,Yes,No,DSL,No,Yes,Yes,Yes,Yes,No,Two year,No,Bank transfer (automatic),70.1,No
0604-THJFP,Opdyke,IL,62872,57,Female,No,Yes,No,59,Yes,No,DSL,No,Yes,No,Yes,Yes,Yes,Two year,Yes,Credit card (automatic),75.95,No
5879-SESNB,Basco,IL,62313,50,Female,No,No,No,11,Yes,Yes,Fiber optic,No,No,No,No,No,No,Month-to-month,No,Electronic check,75.25,No
6461-PPAXN,Anchor,IL,61720,52,Female,No,Yes,No,35,Yes,No,DSL,Yes,No,No,Yes,No,No,One year,Yes,Bank transfer (automatic),54.95,No
3318-ISQFQ,Oak Park,IL,60301,50,Female,No,No,No,20,Yes,No,None,No,No,No,No,No,No,Month-to-month,Yes,Bank transfer (automatic),19.5,No
1106-HRLKZ,Madison,IL,62060,62,Male,No,Yes,Yes,40,Yes,No,None,No,No,No,No,No,No,Two year,No,Mailed check,19.6,No
2483-XSSMZ,Ellsworth,IL,61737,19,Female,No,No,No,39,Yes,No,DSL,Yes,No,No,No,No,No,One year,Yes,Electronic check,47.85,No
8165-ZJRNM,Chicago,IL,60647,38,Female,No,Yes,Yes,72,Yes,Yes,None,No,No,No,No,No,No,Two year,No,Bank transfer (automatic),23.75,No
2604-XVDAM,West Baden Springs,IN,47469,34,Female,No,No,No,12,Yes,No,DSL,No,No,No,No,No,No,Month-to-month,No,Bank transfer (automatic),43.8,No
3717-OFRTN,Clarksville,IN,47129,35,Male,No,No,No,1,Yes,No,None,No,No,No,No,No,No,Month-to-month,No,Bank transfer (automatic),19.75,No
9046-JBFWA,Rockville,IN,47872,25,Male,No,No,Yes,27,Yes,No,None,No,No,No,No,No,No,Month-to-month,No,Mailed check,19.15,No
3280-NMUVX,Fair Oaks,IN,47943,60,Male,No,Yes,No,34,Yes,No,None,No,No,No,No,No,No,One year,No,Credit card (automatic),19.6,No
1206-EHBDD,Markle,IN,46770,50,Female,No,Yes,No,56,Yes,No,Fiber optic,Yes,No,Yes,No,No,No,Two year,No,Bank transfer (automatic),80.3,No
8361-LBRDI,Earl Park,IN,47942,38,Female,No,No,No,58,Yes,Yes,None,No,No,No,No,No,No,Two year,No,Credit card (automatic),24.35,No
4883-KCPZJ,Indianapolis,IN,46228,35,Female,No,Yes,Yes,22,Yes,Yes,None,No,No,No,No,No,No,Two year,No,Credit card (automatic),25.25,No
9108-EQPNQ,Holton,IN,47023,36,Female,No,Yes,Yes,10,Yes,Yes,None,No,No,No,No,No,No,Two year,No,Credit card (automatic),26.1,No
7277-KAMWT,Winslow,IN,47598,48,Male,No,No,No,13,Yes,No,None,No,No,No,No,No,No,Two year,No,Credit card (automatic),20,No
2545-LXYVJ,Mill Creek,IN,46365,38,Male,No,Yes,No,72,Yes,No,None,No,No,No,No,No,No,Two year,No,Bank transfer (automatic),20.7,No
3234-VKACU,Fountaintown,IN,46130,61,Male,No,No,No,2,Yes,No,DSL,No,No,No,Yes,Yes,Yes,Month-to-month,No,Electronic check,70.3,No
8120-JDCAM,Leesburg,IN,46538,53,Male,No,Yes,Yes,4,Yes,No,Fiber optic,No,No,No,No,No,No,Month-to-month,Yes,Mailed check,69.55,No
8917-FAEMR,Romney,IN,47981,33,Female,No,No,No,37,Yes,No,None,No,No,No,No,No,No,Two year,No,Mailed check,19.85,No
7047-YXDMZ,Norman,IN,47264,27,Male,No,No,No,21,Yes,No,None,No,No,No,No,No,No,Month-to-month,No,Mailed check,20,No
2858-EIMXH,Milton,IN,47357,31,Female,Yes,Yes,No,53,Yes,Yes,Fiber optic,No,No,No,No,Yes,Yes,One year,Yes,Credit card (automatic),95.85,No
6419-ZTTLE,Bath,IN,47010,20,Male,Yes,Yes,No,23,Yes,No,None,No,No,No,No,No,No,One year,Yes,Electronic check,20.75,No
0929-HYQEW,Indianapolis,IN,46224,27,Male,No,No,No,3,Yes,No,DSL,Yes,No,No,No,No,No,Month-to-month,Yes,Mailed check,50.15,No
6614-YOLAC,Yeoman,IN,47997,59,Female,No,Yes,No,71,No,No,DSL,Yes,Yes,No,Yes,Yes,Yes,Two year,No,Mailed check,58.65,No
7426-RHZGU,Pierceton,IN,46562,46,Male,No,No,No,9,Yes,No,Fiber optic,No,No,No,Yes,Yes,Yes,Month-to-month,Yes,Bank transfer (automatic),95.9,No
4065-JJAVA,Sellersburg,IN,47172,45,Female,No,No,No,1,Yes,No,DSL,No,Yes,No,No,No,No,Month-to-month,No,Electronic check,49.5,No
7649-SIJJF,Indianapolis,IN,46250,49,Male,No,Yes,No,71,Yes,Yes,DSL,Yes,Yes,Yes,Yes,No,Yes,Two year,Yes,Mailed check,80.1,No
9361-YNQWJ,Howe,IN,46746,60,Female,No,No,No,64,Yes,Yes,None,No,No,No,No,No,No,One year,Yes,Bank transfer (automatic),24.4,No
3748-FVMZZ,Hudson,IN,46747,42,Male,No,No,No,4,No,No,DSL,No,No,No,Yes,No,Yes,Month-to-month,Yes,Electronic check,40.05,No
9391-TTOYH,Cedar Grove,IN,47016,37,Female,No,No,No,23,Yes,No,None,No,No,No,No,No,No,Month-to-month,Yes,Mailed check,19.5,No
1452-XRSJV,Indianapolis,IN,46250,23,Female,No,Yes,Yes,39,Yes,No,DSL,Yes,No,No,No,No,No,Month-to-month,No,Credit card (automatic),51.05,No
3422-WJOYD,Evansville,IN,47715,58,Male,No,Yes,No,28,Yes,No,DSL,Yes,No,No,Yes,No,No,One year,No,Mailed check,54.35,No
8242-SOQUO,Brazil,IN,47834,35,Female,Yes,No,No,5,Yes,No,Fiber optic,No,Yes,No,No,Yes,No,Month-to-month,Yes,Electronic check,84.7,No
7460-ITWWP,Hamlet,IN,46532,34,Female,Yes,Yes,No,45,Yes,No,Fiber optic,No,No,Yes,No,No,Yes,Month-to-month,Yes,Electronic check,86.1,No
7147-AYBAA,Cutler,IN,46920,56,Male,No,No,No,37,Yes,No,Fiber optic,No,No,No,No,No,No,Month-to-month,Yes,Mailed check,70.35,No
7868-TMWMZ,Windfall,IN,46076,42,Female,Yes,Yes,No,60,Yes,No,Fiber optic,Yes,Yes,Yes,Yes,Yes,Yes,Two year,Yes,Bank transfer (automatic),110,No
6732-FZUGP,Salamonia,IN,47381,52,Female,No,No,No,47,Yes,Yes,Fiber optic,Yes,No,Yes,No,Yes,No,One year,No,Credit card (automatic),94.9,No
8329-GWVPJ,Lafayette,IN,47909,50,Female,No,Yes,Yes,50,Yes,No,Fiber optic,No,No,No,No,No,No,Month-to-month,Yes,Bank transfer (automatic),69.75,No
1352-VHKAJ,Brownstown,IN,47220,33,Male,No,Yes,Yes,27,Yes,Yes,DSL,No,No,No,Yes,Yes,Yes,Month-to-month,No,Bank transfer (automatic),71.6,No
2632-TACXW,Moores Hill,IN,47032,27,Female,No,Yes,No,62,Yes,Yes,None,No,No,No,No,No,No,Two year,No,Bank transfer (automatic),23.65,No
8146-QQKZH,Linden,IN,47955,51,Female,No,Yes,No,71,Yes,No,DSL,Yes,No,Yes,Yes,Yes,Yes,Two year,No,Bank transfer (automatic),81.85,No
1767-CJKBA,Munster,IN,46321,29,Male,No,No,No,66,Yes,Yes,None,No,No,No,No,No,No,Two year,No,Mailed check,25.1,No
6445-TNRXS,Kingsford Heights,IN,46346,33,Male,No,Yes,Yes,68,Yes,Yes,Fiber optic,Yes,Yes,Yes,Yes,Yes,Yes,Two year,Yes,Bank transfer (automatic),114.7,No
4581-LNWUM,Ridgeville,IN,47380,23,Female,No,No,No,13,No,No,DSL,No,No,Yes,No,Yes,Yes,Month-to-month,No,Electronic check,49.15,No
4869-EPIUS,Mooresville,IN,46158,37,Male,No,Yes,No,56,Yes,No,Fiber optic,No,No,No,No,No,Yes,One year,Yes,Electronic check,80.9,No
1915-OAKWD,Rosedale,IN,47874,38,Female,No,No,No,16,Yes,No,None,No,No,No,No,No,No,One year,Yes,Bank transfer (automatic),19.3,No
7296-PIXQY,Westpoint,IN,47992,44,Female,No,Yes,Yes,14,Yes,No,Fiber optic,No,No,No,No,No,No,Month-to-month,No,Electronic check,70.2,No
3354-OADJP,Indianapolis,IN,46236,63,Female,No,No,No,8,Yes,No,DSL,Yes,No,No,Yes,No,No,One year,No,Bank transfer (automatic),54.25,No
3524-WQDSG,Noblesville,IN,46062,54,Female,No,Yes,Yes,43,Yes,Yes,Fiber optic,No,No,Yes,No,Yes,Yes,Month-to-month,Yes,Bank transfer (automatic),99.3,No
0810-DHDBD,Indianapolis,IN,46214,35,Female,No,No,No,52,Yes,Yes,DSL,Yes,No,Yes,Yes,Yes,No,One year,No,Credit card (automatic),74,No
4026-SKKHW,Bloomington,IN,47408,21,Male,No,No,No,3,Yes,No,DSL,No,No,No,Yes,No,No,Month-to-month,Yes,Mailed check,50.25,No
2829-HYVZP,Losantville,IN,47354,40,Male,No,No,No,29,Yes,No,None,No,No,No,No,No,No,One year,Yes,Mailed check,19.8,No
3845-JHAMY,Dale,IN,47523,39,Female,No,Yes,Yes,16,No,No,DSL,No,No,No,No,No,Yes,Month-to-month,Yes,Credit card (automatic),35.5,No
7013-PSXHK,Ingalls,IN,46048,59,Female,No,No,No,40,Yes,Yes,DSL,No,No,Yes,Yes,Yes,Yes,One year,Yes,Mailed check,80.75,No
3486-NPGST,Mishawaka,IN,46545,61,Female,No,No,No,36,Yes,No,None,No,No,No,No,No,No,One year,No,Mailed check,19.55,No
6100-FJZDG,Rossville,IN,46065,48,Male,No,Yes,No,26,Yes,No,None,No,No,No,No,No,No,One year,Yes,Bank transfer (automatic),20.05,No
4829-ZLJTK,Grandview,IN,47615,61,Female,Yes,Yes,No,72,Yes,Yes,Fiber optic,Yes,Yes,Yes,No,Yes,Yes,Two year,Yes,Electronic check,112.4,No
1730-VFMWO,Hillsdale,IN,47854,49,Female,No,Yes,No,34,Yes,No,DSL,No,No,No,Yes,No,No,Month-to-month,No,Bank transfer (automatic),50.2,No
7143-BQIBA,Owensburg,IN,47453,19,Male,No,No,No,10,Yes,No,DSL,Yes,No,No,Yes,Yes,No,Month-to-month,No,Bank transfer (automatic),62.25,No
3800-LYTRK,Commiskey,IN,47227,22,Female,No,No,No,14,Yes,No,DSL,Yes,No,No,Yes,No,No,One year,No,Mailed check,55.7,No
9646-NMHXE,Pierceton,IN,46562,25,Male,No,Yes,No,47,Yes,No,None,No,No,No,No,No,No,Two year,No,Mailed check,19.65,No
7030-NJVDP,South Bend,IN,46613,35,Male,No,Yes,No,24,Yes,No,Fiber optic,Yes,No,No,Yes,No,Yes,Month-to-month,Yes,Electronic check,89.25,No
8883-GRDWQ,Indianapolis,IN,46203,45,Male,Yes,No,No,20,Yes,No,DSL,Yes,No,No,Yes,No,No,One year,No,Mailed check,54,No
7771-ZONAT,Lyons,IN,47443,19,Male,No,No,No,22,No,No,DSL,No,No,Yes,Yes,Yes,Yes,Two year,No,Bank transfer (automatic),56.75,No
2111-DWYHN,Liberty Mills,IN,46946,61,Male,No,No,No,1,Yes,No,None,No,No,No,No,No,No,Month-to-month,No,Mailed check,21.1,No
4194-WHFCB,Terre Haute,IN,47805,62,Female,No,Yes,Yes,59,Yes,Yes,Fiber optic,No,Yes,No,Yes,No,Yes,Month-to-month,Yes,Bank transfer (automatic),96.65,No
4121-AGSIN,Star City,IN,46985,24,Female,No,Yes,No,58,Yes,Yes,None,No,No,No,No,No,No,One year,Yes,Credit card (automatic),24.5,No
9845-PEEKO,Goodland,IN,47948,38,Female,Yes,No,No,59,Yes,Yes,Fiber optic,No,Yes,No,No,No,No,Two year,Yes,Credit card (automatic),79.2,No
0455-XFASS,Tunnelton,IN,47467,42,Female,No,Yes,Yes,3,Yes,No,Fiber optic,No,No,No,No,No,No,Month-to-month,Yes,Electronic check,69.55,No
0301-KOBTQ,Wolcottville,IN,46795,33,Male,No,No,No,32,Yes,No,None,No,No,No,No,No,No,Two year,Yes,Bank transfer (automatic),20.05,No
1751-NCDLI,Hudson,IN,46747,32,Male,Yes,Yes,No,46,Yes,Yes,Fiber optic,No,No,Yes,No,Yes,Yes,Month-to-month,Yes,Electronic check,98.85,No
4367-NUYAO,Medora,IN,47260,19,Male,No,Yes,Yes,0,Yes,Yes,None,No,No,No,No,No,No,Two year,No,Mailed check,25.75,No
9170-ARBTB,Smithville,IN,47458,19,Female,No,Yes,No,52,Yes,No,None,No,No,No,No,No,No,One year,No,Credit card (automatic),19.6,No
7241-AJHFS,Dublin,IN,47335,42,Male,No,No,No,32,Yes,Yes,Fiber optic,Yes,No,No,Yes,No,No,Month-to-month,No,Bank transfer (automatic),87.65,No
4546-FOKWR,Economy,IN,47339,29,Female,No,No,No,16,Yes,Yes,Fiber optic,No,No,No,No,No,No,Month-to-month,Yes,Credit card (automatic),74.75,No
9036-CSKBW,Fort Branch,IN,47648,55,Female,No,No,No,51,Yes,Yes,Fiber optic,Yes,Yes,Yes,No,Yes,Yes,One year,No,Bank transfer (automatic),107.45,No
5832-TRLPB,Rising Sun,IN,47040,51,Male,No,No,No,29,Yes,No,DSL,No,No,Yes,Yes,Yes,Yes,One year,Yes,Bank transfer (automatic),75.35,No
8590-YFFQO,New Harmony,IN,47631,55,Male,No,Yes,No,70,Yes,No,DSL,Yes,Yes,Yes,Yes,No,No,Two year,No,Credit card (automatic),64.95,No
8659-IOOPU,Henryville,IN,47126,55,Female,No,Yes,Yes,71,Yes,Yes,Fiber optic,Yes,No,Yes,Yes,No,Yes,Two year,No,Electronic check,100.45,No
1338-CECEE,Scottsburg,IN,47170,41,Male,No,Yes,No,41,Yes,Yes,DSL,No,Yes,Yes,No,Yes,No,One year,No,Bank transfer (automatic),68.5,No
7439-DKZTW,Terre Haute,IN,47804,64,Male,No,No,No,1,Yes,No,Fiber optic,No,No,No,No,Yes,No,Month-to-month,Yes,Electronic check,80.55,No
4646-QZXTF,Odon,IN,47562,30,Female,No,Yes,No,7,Yes,No,DSL,Yes,No,Yes,Yes,Yes,Yes,Month-to-month,No,Bank transfer (automatic),81.25,No
9742-XOKTS,Albion,IN,46701,22,Male,No,Yes,Yes,67,Yes,Yes,Fiber optic,Yes,Yes,No,Yes,No,No,One year,No,Electronic check,89.55,No
6921-OZMFH,Crawfordsville,IN,47933,40,Male,No,Yes,Yes,5,Yes,Yes,DSL,No,No,No,Yes,No,No,Month-to-month,Yes,Mailed check,55.7,No
9578-FOMUK,Waveland,IN,47989,32,Male,No,No,Yes,15,Yes,Yes,None,No,No,No,No,No,No,Month-to-month,Yes,Electronic check,24.8,No
4712-UYOOI,Canaan,IN,47224,23,Female,No,Yes,Yes,20,Yes,No,None,No,No,No,No,No,No,Month-to-month,No,Electronic check,20,No
7722-CVFXN,Stendal,IN,47585,45,Male,No,Yes,Yes,54,Yes,Yes,Fiber optic,No,Yes,No,Yes,Yes,Yes,One year,Yes,Electronic check,105.2,No
8717-VCTXJ,Columbia City,IN,46725,46,Male,No,No,No,42,Yes,No,None,No,No,No,No,No,No,One year,Yes,Mailed check,19.55,No
7363-QTBIW,Elnora,IN,47529,38,Female,No,Yes,No,9,Yes,No,Fiber optic,No,No,No,No,No,Yes,Month-to-month,Yes,Electronic check,79.75,No
4159-NAAIX,Orleans,IN,47452,51,Female,No,No,No,63,Yes,Yes,Fiber optic,No,Yes,No,No,Yes,Yes,Two year,No,Bank transfer (automatic),97.45,No
0971-QIFJK,Cedar Lake,IN,46303,24,Female,No,Yes,No,69,Yes,Yes,None,No,No,No,No,No,No,Two year,No,Bank transfer (automatic),24.25,No
9397-TZSHA,Mellott,IN,47958,55,Female,No,No,No,69,Yes,Yes,None,No,No,No,No,No,No,Two year,No,Credit card (automatic),24.6,No
3391-JSQEW,Hagerstown,IN,47346,32,Male,No,Yes,No,40,Yes,No,DSL,No,Yes,No,No,No,No,Month-to-month,Yes,Mailed check,50.15,No
0343-QLUZP,Glenwood,IN,46133,53,Male,No,No,No,60,No,No,DSL,Yes,Yes,Yes,No,No,No,Two year,No,Bank transfer (automatic),39.6,No
2176-LVPNX,Dunreith,IN,47337,28,Female,Yes,No,No,71,Yes,Yes,DSL,Yes,Yes,Yes,Yes,Yes,Yes,Two year,No,Mailed check,89.85,No
3312-UUMZW,Dunkirk,IN,47336,26,Male,No,Yes,No,32,Yes,Yes,Fiber optic,No,Yes,No,No,Yes,Yes,Month-to-month,Yes,Credit card (automatic),98.85,No
1271-UODNO,Cross Plains,IN,47017,62,Male,No,No,No,39,Yes,Yes,DSL,No,No,No,Yes,No,No,Two year,Yes,Credit card (automatic),53.85,No
8461-EFQYM,Onward,IN,46967,22,Female,No,No,No,38,Yes,Yes,None,No,No,No,No,No,No,One year,Yes,Electronic check,24.25,No
6900-RBKER,West Lafayette,IN,47907,49,Male,No,No,No,52,Yes,Yes,Fiber optic,No,No,Yes,No,No,Yes,Two year,Yes,Credit card (automatic),89.45,No
6891-JPYFF,Elwood,IN,46036,64,Female,No,Yes,Yes,48,Yes,Yes,Fiber optic,Yes,Yes,No,No,Yes,Yes,Month-to-month,Yes,Credit card (automatic),105.25,No
1459-QNFQT,Matthews,IN,46957,62,Male,No,Yes,No,70,No,No,DSL,Yes,No,Yes,Yes,Yes,Yes,Two year,No,Bank transfer (automatic),59.5,No
1047-NNCBF,Elizabeth,IN,47117,47,Male,No,No,No,20,Yes,No,Fiber optic,No,No,No,No,No,No,Month-to-month,No,Credit card (automatic),70.55,No
3696-XRIEN,Farmland,IN,47340,41,Female,No,No,No,50,Yes,Yes,DSL,Yes,No,Yes,Yes,Yes,Yes,One year,Yes,Credit card (automatic),82.5,No
0074-HDKDG,Bunker Hill,IN,46914,42,Male,No,Yes,No,25,Yes,No,DSL,Yes,Yes,Yes,No,No,No,One year,Yes,Bank transfer (automatic),61.6,No
8791-GFXLZ,Westport,IN,47283,40,Male,No,No,No,12,Yes,No,DSL,No,Yes,No,No,No,No,Month-to-month,Yes,Bank transfer (automatic),49.05,No
9330-DHBFL,Indianapolis,IN,46240,37,Female,No,Yes,No,23,Yes,No,DSL,Yes,Yes,Yes,Yes,No,No,One year,Yes,Mailed check,66.25,No
0098-BOWSO,Wabash,IN,46992,49,Male,No,No,No,27,Yes,No,None,No,No,No,No,No,No,Month-to-month,Yes,Electronic check,19.4,No
3452-ABWRL,Liberty Center,IN,46766,38,Male,Yes,No,No,47,Yes,Yes,Fiber optic,No,No,No,No,Yes,No,Month-to-month,Yes,Credit card (automatic),86.05,No
5859-HZYLF,Fort Wayne,IN,46802,35,Male,No,Yes,Yes,26,Yes,No,None,No,No,No,No,No,No,Two year,Yes,Credit card (automatic),19.15,No
3156-QLHBO,Frankton,IN,46044,28,Male,No,No,Yes,2,Yes,No,None,No,No,No,No,No,No,Month-to-month,No,Mailed check,19.25,No
2208-NQBCT,Clinton,IN,47842,27,Female,No,Yes,Yes,26,Yes,No,Fiber optic,Yes,Yes,No,No,No,No,Month-to-month,No,Electronic check,81.95,No
1779-PWPMG,Indianapolis,IN,46228,56,Female,Yes,Yes,No,72,Yes,Yes,Fiber optic,Yes,Yes,Yes,Yes,Yes,Yes,Two year,Yes,Bank transfer (automatic),114.65,No
6621-NRZAK,Warsaw,IN,46582,29,Female,No,Yes,Yes,63,Yes,No,None,No,No,No,No,No,No,Two year,No,Credit card (automatic),20,No
0831-JNISG,Tippecanoe,IN,46570,19,Male,No,Yes,Yes,71,Yes,No,None,No,No,No,No,No,No,Two year,No,Mailed check,19.8,No
0774-IFUVM,Atlanta,IN,46031,42,Male,No,Yes,Yes,11,Yes,Yes,DSL,Yes,No,No,No,Yes,No,Month-to-month,Yes,Bank transfer (automatic),65.15,No
3082-WQRVY,Nineveh,IN,46164,46,Male,Yes,Yes,No,14,Yes,No,None,No,No,No,No,No,No,One year,No,Mailed check,19.65,No
9553-DLCLU,Lucerne,IN,46950,35,Female,No,No,No,13,Yes,Yes,DSL,Yes,Yes,Yes,Yes,Yes,Yes,Two year,No,Credit card (automatic),88.95,No
1641-BYBTK,Fort Branch,IN,47648,57,Male,No,No,Yes,6,Yes,No,None,No,No,No,No,No,No,Month-to-month,Yes,Mailed check,20.2,No
2460-NGXBJ,Rome,IN,47574,62,Male,Yes,Yes,Yes,11,Yes,Yes,Fiber optic,No,No,No,No,No,No,Month-to-month,Yes,Credit card (automatic),75.2,No
2446-ZKVAF,Westphalia,IN,47596,64,Male,No,Yes,No,18,Yes,Yes,DSL,No,Yes,No,No,No,No,Month-to-month,No,Credit card (automatic),56.8,No
3522-CDKHF,Churubusco,IN,46723,30,Female,No,Yes,No,32,Yes,No,Fiber optic,Yes,No,No,No,No,No,Month-to-month,Yes,Bank transfer (automatic),75.5,No
1430-SFQSA,Pendleton,IN,46064,50,Male,No,No,No,29,No,No,DSL,Yes,No,No,Yes,No,No,One year,No,Mailed check,35.6,No
0411-EZJZE,Wakarusa,IN,46573,47,Female,No,No,No,3,Yes,Yes,DSL,No,No,No,No,Yes,No,Month-to-month,Yes,Electronic check,60.25,No
8807-ARQET,Galveston,IN,46932,24,Female,No,No,No,41,No,No,DSL,No,Yes,No,No,No,Yes,Month-to-month,Yes,Electronic check,40.35,No
8992-CEUEN,Jasper,IN,47546,29,Female,No,No,No,1,Yes,No,None,No,No,No,No,No,No,Month-to-month,No,Electronic check,18.85,No
4320-QMLLA,Lynn,IN,47355,44,Male,No,No,No,7,Yes,No,DSL,No,No,No,No,Yes,No,Month-to-month,No,Mailed check,54.85,No
8777-PVYGU,Forest,IN,46039,21,Female,No,Yes,No,52,Yes,No,DSL,Yes,No,Yes,No,Yes,No,One year,Yes,Mailed check,64.3,No
8292-ITGYJ,Markle,IN,46770,24,Female,No,Yes,Yes,45,Yes,Yes,None,No,No,No,No,No,No,Two year,Yes,Bank transfer (automatic),24.65,No
6870-ZWMNX,Lexington,IN,47138,64,Male,No,Yes,No,70,Yes,Yes,DSL,No,Yes,Yes,Yes,Yes,No,Two year,No,Credit card (automatic),76.1,No
0621-CXBKL,Bremen,IN,46506,35,Female,No,No,No,53,Yes,No,None,No,No,No,No,No,No,Two year,No,Mailed check,18.7,No
5268-DSMNQ,Indianapolis,IN,46225,24,Female,Yes,Yes,No,62,Yes,Yes,Fiber optic,No,Yes,Yes,No,Yes,No,One year,Yes,Credit card (automatic),97.95,No
5334-JLAXU,Mooreland,IN,47360,51,Female,No,Yes,No,60,Yes,Yes,Fiber optic,Yes,Yes,No,No,No,Yes,Month-to-month,Yes,Credit card (automatic),94.1,No
6242-MBHPK,Tipton,IN,46072,43,Female,Yes,Yes,No,23,Yes,No,Fiber optic,Yes,No,No,No,Yes,Yes,Month-to-month,Yes,Electronic check,95.1,No
9359-UGBTK,Unionville,IN,47468,44,Female,No,No,No,67,Yes,No,DSL,Yes,No,Yes,Yes,No,Yes,One year,Yes,Bank transfer (automatic),72.35,No
4782-OSFXZ,Hazleton,IN,47640,38,Female,Yes,Yes,No,71,Yes,Yes,DSL,Yes,Yes,Yes,Yes,No,Yes,Two year,Yes,Bank transfer (automatic),82.7,No
6479-OAUSD,Dunreith,IN,47337,32,Male,No,No,No,25,Yes,No,None,No,No,No,No,No,No,One year,No,Credit card (automatic),19.9,No
7129-ACFOG,South Bend,IN,46637,34,Female,No,No,No,5,Yes,Yes,DSL,Yes,No,No,No,No,No,Month-to-month,Yes,Electronic check,53.8,No
4189-NAKJS,Leopold,IN,47551,55,Male,No,No,No,26,Yes,Yes,DSL,No,No,No,No,No,No,One year,Yes,Credit card (automatic),51.55,No
5562-BETPV,Matthews,IN,46957,44,Male,No,Yes,No,1,Yes,No,None,No,No,No,No,No,No,One year,No,Mailed check,19.65,No
1282-IHQAC,Hillsdale,IN,47854,44,Male,Yes,No,No,70,No,No,DSL,No,Yes,Yes,No,Yes,No,One year,Yes,Credit card (automatic),44.05,No
9127-FHJBZ,Campbellsburg,IN,47108,42,Male,No,Yes,Yes,72,Yes,Yes,Fiber optic,Yes,Yes,Yes,Yes,Yes,Yes,Two year,Yes,Electronic check,114,No
1641-RQDAY,Greensboro,IN,47344,60,Female,Yes,Yes,Yes,32,Yes,Yes,Fiber optic,No,Yes,No,No,Yes,Yes,Month-to-month,Yes,Electronic check,100.4,No
6994-ORCWG,Bluffton,IN,46714,51,Female,No,No,No,14,Yes,Yes,DSL,No,Yes,No,No,No,No,One year,Yes,Mailed check,54.25,No
1346-UFHAX,Corydon,IN,47112,34,Female,No,No,No,13,Yes,Yes,Fiber optic,Yes,No,No,No,No,No,Month-to-month,Yes,Credit card (automatic),80,No
2933-XEUJM,South Bend,IN,46617,40,Female,No,No,No,46,Yes,Yes,DSL,Yes,No,Yes,No,Yes,Yes,Two year,No,Mailed check,79.2,No
5461-QKNTN,West Lebanon,IN,47991,25,Male,Yes,Yes,No,43,Yes,Yes,Fiber optic,No,Yes,No,Yes,Yes,No,Month-to-month,Yes,Electronic check,94.3,No
4835-YSJMR,Clarksville,IN,47129,23,Male,No,No,No,39,Yes,No,DSL,No,No,No,Yes,No,No,Two year,Yes,Bank transfer (automatic),49.8,No
3164-YAXFY,Indianapolis,IN,46201,49,Male,No,No,No,57,No,No,DSL,Yes,No,Yes,No,Yes,Yes,Month-to-month,Yes,Electronic check,53.75,No
0887-WBJVH,Reynolds,IN,47980,64,Female,No,Yes,No,53,Yes,No,Fiber optic,No,No,No,Yes,Yes,Yes,One year,Yes,Electronic check,93.45,No
4660-IRIBM,Hope,IN,47246,63,Male,No,Yes,Yes,18,Yes,No,Fiber optic,Yes,No,Yes,No,Yes,No,Month-to-month,Yes,Mailed check,87.9,No
7670-ZBPOQ,Charlottesville,IN,46117,40,Female,No,Yes,No,58,Yes,Yes,DSL,Yes,No,No,Yes,No,No,One year,Yes,Bank transfer (automatic),61.05,No
8089-UZWLX,Orland,IN,46776,31,Female,Yes,No,No,71,Yes,Yes,Fiber optic,No,No,Yes,No,Yes,Yes,Two year,No,Bank transfer (automatic),104.05,No
0080-OROZO,Boston,IN,47324,62,Female,No,No,No,35,Yes,No,Fiber optic,No,No,Yes,Yes,Yes,Yes,One year,Yes,Electronic check,99.25,No
3916-NRPAP,Crown Point,IN,46307,30,Male,No,No,No,3,Yes,No,Fiber optic,No,No,Yes,No,No,Yes,Month-to-month,No,Credit card (automatic),85.7,No
6807-SIWJI,Kouts,IN,46347,37,Male,No,No,No,38,Yes,Yes,Fiber optic,Yes,Yes,No,No,Yes,Yes,One year,Yes,Electronic check,104.85,No
8221-HVAYI,Dayton,IN,47941,31,Male,No,Yes,No,35,Yes,Yes,DSL,Yes,Yes,Yes,Yes,No,No,Two year,Yes,Credit card (automatic),69.15,No
5232-NXPAY,Bloomington,IN,47408,31,Female,No,No,No,47,Yes,No,DSL,No,No,Yes,Yes,Yes,Yes,Two year,No,Mailed check,74.45,No
8967-SZQAS,Corydon,IN,47112,63,Female,No,No,No,14,Yes,No,DSL,No,Yes,No,No,No,No,Month-to-month,No,Electronic check,50.45,No
4468-KAZHE,Wingate,IN,47994,20,Female,Yes,Yes,No,20,Yes,No,DSL,No,Yes,No,No,No,Yes,Month-to-month,Yes,Electronic check,60,No
0455-ENTCR,Kirklin,IN,46050,59,Male,No,Yes,No,66,Yes,Yes,DSL,Yes,Yes,No,Yes,Yes,Yes,Two year,No,Electronic check,85.25,No
8944-AILEF,Frankton,IN,46044,22,Male,No,Yes,No,15,Yes,No,None,No,No,No,No,No,No,Month-to-month,Yes,Credit card (automatic),19.45,No
5542-NKVRU,Cayuga,IN,47928,50,Female,No,No,No,42,Yes,No,None,No,No,No,No,No,No,Two year,Yes,Bank transfer (automatic),20.75,No
7126-RBHSD,Corydon,IN,47112,39,Female,No,Yes,No,17,Yes,Yes,Fiber optic,Yes,No,No,No,No,No,Month-to-month,No,Electronic check,78.9,No
5370-IIVVL,Noblesville,IN,46062,26,Male,No,No,No,37,Yes,Yes,Fiber optic,No,Yes,No,Yes,Yes,Yes,One year,Yes,Credit card (automatic),104.5,No
6789-HJBWG,Chalmers,IN,47929,47,Female,No,No,No,12,Yes,No,DSL,No,Yes,No,No,No,No,Month-to-month,Yes,Electronic check,49.4,No
9087-EYCPR,New Palestine,IN,46163,57,Female,No,No,No,60,Yes,Yes,None,No,No,No,No,No,No,Two year,No,Mailed check,25,No
6791-YBNAK,Camby,IN,46113,27,Male,No,Yes,Yes,18,No,No,DSL,No,No,No,No,No,No,Month-to-month,No,Credit card (automatic),25.55,No
6077-BDPXA,Lebanon,IN,46052,29,Female,No,No,No,3,Yes,No,Fiber optic,No,No,No,No,No,No,Month-to-month,Yes,Electronic check,70.15,No
0013-MHZWF,Indianapolis,IN,46259,62,Female,No,No,Yes,9,Yes,No,DSL,No,No,No,Yes,Yes,Yes,Month-to-month,Yes,Credit card (automatic),69.4,No
8268-YDIXR,Muncie,IN,47305,59,Male,No,Yes,No,56,Yes,Yes,Fiber optic,Yes,Yes,Yes,No,No,No,One year,Yes,Electronic check,93.15,No
4291-SHSBH,Universal,IN,47884,64,Male,No,No,No,7,Yes,No,Fiber optic,No,No,No,No,No,No,Month-to-month,Yes,Electronic check,69.55,No
6980-IMXXE,Jeffersonville,IN,47130,61,Female,No,Yes,Yes,69,Yes,No,None,No,No,No,No,No,No,Two year,No,Bank transfer (automatic),20.2,No
0040-HALCW,Nashville,IN,47448,34,Male,No,Yes,Yes,54,Yes,No,None,No,No,No,No,No,No,Two year,No,Credit card (automatic),20.4,No
0784-GTUUK,Orland,IN,46776,51,Male,No,Yes,No,62,Yes,Yes,None,No,No,No,No,No,No,One year,Yes,Credit card (automatic),23.75,No
2294-DMMUS,Indianapolis,IN,46220,25,Female,No,Yes,Yes,62,Yes,Yes,DSL,No,No,No,No,Yes,Yes,Month-to-month,Yes,Credit card (automatic),70.45,No
0872-JCPIB,Mentone,IN,46539,35,Male,No,No,No,17,Yes,Yes,DSL,Yes,No,No,No,No,Yes,Month-to-month,No,Bank transfer (automatic),65.75,No
3055-MJDSB,Fort Branch,IN,47648,60,Male,No,No,No,9,No,No,DSL,No,No,No,No,No,No,Month-to-month,Yes,Mailed check,24.6,No
9091-WTUUY,New Market,IN,47965,47,Male,No,Yes,No,64,Yes,No,DSL,Yes,No,Yes,Yes,Yes,No,Two year,No,Mailed check,69.25,No
7115-IRDHS,English,IN,47118,63,Female,No,Yes,No,72,Yes,Yes,None,No,No,No,No,No,No,Two year,No,Bank transfer (automatic),24.65,No
8496-DMZUK,Homer,IN,46146,44,Male,No,No,No,30,Yes,Yes,Fiber optic,Yes,Yes,Yes,No,No,No,One year,No,Bank transfer (automatic),90.4,No
2040-VZIKE,Mooresville,IN,46158,45,Female,No,Yes,No,49,Yes,Yes,Fiber optic,Yes,No,No,No,Yes,Yes,Month-to-month,Yes,Mailed check,100.85,No
9068-VPWQQ,Liberty,IN,47353,28,Male,No,Yes,No,61,Yes,Yes,DSL,Yes,No,Yes,Yes,No,Yes,Two year,No,Credit card (automatic),75.35,No
0178-SZBHO,Milton,IN,47357,29,Male,No,Yes,Yes,47,Yes,Yes,Fiber optic,No,Yes,No,No,Yes,No,Month-to-month,No,Electronic check,87.2,No
0384-RVBPI,Goodland,IN,47948,31,Male,No,No,No,20,Yes,No,DSL,Yes,No,Yes,No,No,Yes,Month-to-month,No,Credit card (automatic),64.4,No
1299-AURJA,Scotland,IN,47457,52,Female,No,Yes,Yes,70,Yes,Yes,None,No,No,No,No,No,No,Two year,No,Bank transfer (automatic),24.7,No
4525-VZCZG,Jamestown,IN,46147,41,Male,No,No,Yes,54,Yes,No,Fiber optic,Yes,Yes,No,Yes,Yes,Yes,One year,Yes,Electronic check,105.85,No
1543-LLLFT,South Bend,IN,46615,53,Male,Yes,Yes,No,61,Yes,Yes,Fiber optic,No,Yes,Yes,Yes,Yes,No,One year,Yes,Mailed check,98.3,No
2788-CJQAQ,Butlerville,IN,47223,59,Male,No,No,No,13,Yes,No,None,No,No,No,No,No,No,One year,No,Mailed check,19.45,No
0319-QZTCO,Reynolds,IN,47980,51,Female,No,Yes,Yes,3,Yes,No,DSL,No,Yes,No,No,Yes,No,Month-to-month,Yes,Credit card (automatic),58.7,No
2120-SMPEX,Topeka,IN,46571,50,Male,No,No,No,25,Yes,No,None,No,No,No,No,No,No,Month-to-month,Yes,Mailed check,20.15,No
0096-FCPUF,Fillmore,IN,46128,62,Male,No,No,No,30,Yes,Yes,DSL,Yes,No,No,No,No,Yes,Month-to-month,Yes,Mailed check,64.5,No
0668-OGMHD,Shirley,IN,47384,49,Female,No,Yes,No,21,No,No,DSL,Yes,No,No,No,No,No,Month-to-month,No,Electronic check,28.5,No
6507-ZJSUR,New Carlisle,IN,46552,47,Male,Yes,Yes,No,23,Yes,No,Fiber optic,No,No,No,No,Yes,Yes,Month-to-month,Yes,Electronic check,90.45,No
9408-HRXRK,Mount Summit,IN,47361,61,Female,No,Yes,Yes,45,Yes,Yes,Fiber optic,Yes,Yes,No,No,Yes,Yes,Month-to-month,Yes,Electronic check,105.15,No
5593-SUAOO,Avilla,IN,46710,44,Female,No,Yes,Yes,24,Yes,Yes,Fiber optic,No,Yes,Yes,No,No,No,One year,No,Bank transfer (automatic),83.15,No
6766-HFKLA,Williams,IN,47470,46,Female,No,Yes,No,56,Yes,Yes,Fiber optic,No,No,Yes,Yes,Yes,Yes,Two year,No,Bank transfer (automatic),103.2,No
7617-EYGLW,Laotto,IN,46763,52,Male,No,No,No,1,Yes,No,None,No,No,No,No,No,No,Month-to-month,No,Electronic check,19.45,No
9220-ZNKJI,Flat Rock,IN,47234,49,Female,Yes,Yes,No,55,Yes,No,Fiber optic,No,No,Yes,Yes,Yes,No,Two year,No,Credit card (automatic),88.8,No
2226-ICFDO,Uniondale,IN,46791,62,Female,No,Yes,No,72,Yes,Yes,DSL,Yes,No,Yes,Yes,Yes,Yes,Two year,Yes,Credit card (automatic),85.9,No
0723-VSOBE,Derby,IN,47525,39,Female,Yes,No,No,45,No,No,DSL,No,No,No,No,No,Yes,One year,No,Electronic check,34.2,No
5529-GIBVH,Elnora,IN,47529,59,Female,No,No,No,47,Yes,No,None,No,No,No,No,No,No,Two year,No,Mailed check,20.15,No
9992-UJOEL,Indianapolis,IN,46218,55,Male,No,No,No,2,Yes,No,DSL,No,Yes,No,No,No,No,Month-to-month,Yes,Mailed check,50.3,No
4741-WWJQZ,Michigantown,IN,46057,62,Female,No,Yes,No,2,Yes,No,Fiber optic,Yes,No,No,Yes,No,No,Month-to-month,Yes,Electronic check,80.15,No
6625-UTXEW,Whitestown,IN,46075,21,Female,No,Yes,No,12,Yes,No,DSL,No,Yes,No,No,No,No,Month-to-month,Yes,Electronic check,51.25,No
6244-BESBM,Gary,IN,46409,58,Male,No,Yes,Yes,69,Yes,No,Fiber optic,No,No,No,Yes,Yes,Yes,Two year,Yes,Credit card (automatic),95.2,No
1004-NOZNR,New Castle,IN,47362,23,Male,Yes,No,Yes,56,Yes,No,Fiber optic,Yes,No,No,No,Yes,Yes,One year,No,Credit card (automatic),94.8,No
1251-STYSZ,Elwood,IN,46036,27,Female,Yes,No,No,4,Yes,Yes,Fiber optic,Yes,No,No,No,No,No,Month-to-month,Yes,Electronic check,80.25,No
2612-PHGOX,New Palestine,IN,46163,41,Male,No,Yes,No,64,Yes,Yes,DSL,No,Yes,Yes,Yes,Yes,No,Two year,Yes,Bank transfer (automatic),76.1,No
8480-PPONV,Orleans,IN,47452,61,Male,No,Yes,Yes,62,Yes,Yes,Fiber optic,Yes,Yes,Yes,Yes,Yes,Yes,Two year,No,Bank transfer (automatic),115.55,No
8780-IHCRN,Chalmers,IN,47929,46,Male,No,Yes,Yes,63,Yes,Yes,None,No,No,No,No,No,No,Two year,No,Credit card (automatic),24.65,No
4598-ZADCK,Salem,IN,47167,54,Female,No,No,No,53,No,No,DSL,Yes,Yes,Yes,Yes,Yes,No,One year,Yes,Electronic check,53.6,No
1257-SXUXQ,Solsberry,IN,47459,31,Male,No,Yes,Yes,5,Yes,No,None,No,No,No,No,No,No,Month-to-month,No,Mailed check,19.45,No
9681-KYGYB,Uniondale,IN,46791,20,Male,Yes,Yes,No,49,Yes,Yes,Fiber optic,Yes,Yes,Yes,No,No,No,Month-to-month,Yes,Electronic check,88.2,No
7182-OVLBJ,Lewis,IN,47858,27,Female,No,Yes,Yes,62,Yes,Yes,Fiber optic,Yes,No,No,No,Yes,Yes,Two year,Yes,Bank transfer (automatic),101.15,No
5095-ETBRJ,Fort Wayne,IN,46845,49,Female,No,Yes,No,55,Yes,No,DSL,Yes,Yes,No,Yes,No,No,Two year,No,Mailed check,56.8,No
7005-CYUIL,Delong,IN,46922,56,Female,Yes,Yes,No,71,Yes,No,Fiber optic,Yes,Yes,Yes,Yes,Yes,No,Two year,Yes,Electronic check,99.4,No
4821-WQOYN,Indianapolis,IN,46222,30,Female,No,Yes,Yes,72,Yes,No,None,No,No,No,No,No,No,Two year,Yes,Credit card (automatic),20.1,No
4730-AWNAU,Terre Haute,IN,47805,21,Male,No,Yes,No,36,No,No,DSL,Yes,No,Yes,Yes,Yes,Yes,One year,No,Credit card (automatic),60.7,No
3452-FLHYD,Winslow,IN,47598,46,Male,No,Yes,No,25,Yes,No,None,No,No,No,No,No,No,One year,Yes,Bank transfer (automatic),20.95,No
2388-LAESQ,Unionville,IN,47468,26,Female,Yes,Yes,No,72,Yes,Yes,Fiber optic,Yes,Yes,Yes,Yes,Yes,Yes,Two year,Yes,Bank transfer (automatic),114.85,No
9531-NSBMR,Pittsboro,IN,46167,52,Female,No,No,No,36,Yes,No,None,No,No,No,No,No,No,One year,Yes,Bank transfer (automatic),19.25,No
6260-ONULR,Rome,IN,47574,30,Male,No,No,No,1,Yes,No,DSL,No,No,No,No,Yes,Yes,Month-to-month,Yes,Mailed check,62.8,No
4389-UEFCZ,Troy,IN,47588,59,Female,No,Yes,No,72,Yes,Yes,Fiber optic,Yes,No,Yes,No,Yes,Yes,Two year,Yes,Electronic check,105.5,No
8711-LOBKY,Newtown,IN,47969,49,Male,No,Yes,Yes,59,Yes,No,None,No,No,No,No,No,No,Two year,No,Mailed check,19.85,No
8985-OOPOS,Farmland,IN,47340,63,Female,No,No,No,1,Yes,No,DSL,No,No,Yes,Yes,Yes,Yes,One year,No,Credit card (automatic),74.1,No
8800-ZKRFW,Nineveh,IN,46164,45,Female,No,Yes,Yes,30,Yes,Yes,Fiber optic,No,Yes,Yes,Yes,Yes,Yes,Month-to-month,Yes,Electronic check,107.5,No
2616-FLVQC,Stendal,IN,47585,59,Male,No,No,No,64,Yes,No,None,No,No,No,No,No,No,Two year,No,Mailed check,19.55,No
9968-FFVVH,Elwood,IN,46036,30,Male,No,No,No,63,Yes,Yes,DSL,Yes,Yes,Yes,Yes,No,No,One year,No,Bank transfer (automatic),68.8,No
3108-PCCGG,Cross Plains,IN,47017,26,Male,Yes,Yes,No,72,Yes,Yes,DSL,Yes,Yes,Yes,No,Yes,Yes,Two year,No,Credit card (automatic),84.45,No
8390-FESFV,Liberty Mills,IN,46946,47,Female,No,No,No,62,Yes,Yes,DSL,No,Yes,Yes,Yes,Yes,Yes,Two year,No,Bank transfer (automatic),84.5,No
3022-BEXHZ,Versailles,IN,47042,53,Male,No,Yes,Yes,67,Yes,Yes,Fiber optic,No,Yes,Yes,Yes,Yes,Yes,Two year,Yes,Bank transfer (automatic),111.2,No
6248-TKCQV,Newburgh,IN,47630,34,Female,No,Yes,No,70,Yes,Yes,DSL,Yes,No,No,Yes,Yes,Yes,Two year,Yes,Bank transfer (automatic),80.6,No
6729-GDNGC,Rising Sun,IN,47040,20,Female,Yes,No,No,20,Yes,No,Fiber optic,No,No,No,No,Yes,No,Month-to-month,No,Bank transfer (automatic),80.7,No
6198-ZFIOJ,Mount Vernon,IN,47620,48,Female,No,No,No,5,Yes,Yes,Fiber optic,No,No,No,No,No,No,Month-to-month,No,Electronic check,75.6,No
5989-OMNJE,Gary,IN,46408,35,Female,No,Yes,No,24,No,No,DSL,Yes,Yes,Yes,No,Yes,Yes,One year,No,Electronic check,57.6,No
1291-CUOCY,Laurel,IN,47024,24,Male,No,Yes,No,72,Yes,Yes,Fiber optic,No,Yes,Yes,Yes,Yes,Yes,Two year,Yes,Credit card (automatic),110.6,No
9795-SHUHB,Sumava Resorts,IN,46379,45,Female,No,Yes,No,66,Yes,No,DSL,Yes,Yes,No,Yes,No,No,Two year,Yes,Credit card (automatic),58.2,No
3230-IUALN,Noblesville,IN,46062,61,Female,No,Yes,No,45,Yes,No,DSL,Yes,No,Yes,Yes,Yes,Yes,Two year,Yes,Mailed check,81,No
0042-RLHYP,Wyatt,IN,46595,52,Female,No,Yes,Yes,69,Yes,No,None,No,No,No,No,No,No,Two year,No,Bank transfer (automatic),19.7,No
4945-RVMTE,Upland,IN,46989,23,Female,No,No,No,28,Yes,No,DSL,No,No,Yes,No,Yes,No,Month-to-month,Yes,Bank transfer (automatic),59.55,No
1866-NXPSP,Seymour,IN,47274,25,Female,No,No,No,36,Yes,No,DSL,Yes,Yes,Yes,Yes,No,Yes,One year,Yes,Mailed check,75.55,No
3941-XTSKM,Bloomingdale,IN,47832,32,Male,No,Yes,No,42,No,No,DSL,No,Yes,Yes,No,No,Yes,One year,Yes,Credit card (automatic),45.1,No
1661-CZBAU,Terre Haute,IN,47802,42,Male,No,No,No,48,Yes,Yes,DSL,Yes,No,No,Yes,No,Yes,One year,Yes,Bank transfer (automatic),70.95,No
5158-RIVOP,Holton,IN,47023,24,Female,No,Yes,Yes,11,Yes,No,None,No,No,No,No,No,No,Two year,No,Credit card (automatic),20.9,No
9788-YTFGE,Gary,IN,46402,56,Male,No,No,No,7,Yes,No,None,No,No,No,No,No,No,Month-to-month,Yes,Mailed check,19.95,No
9277-JOOMO,Cannelton,IN,47520,47,Female,No,No,No,3,Yes,Yes,None,No,No,No,No,No,No,Month-to-month,No,Mailed check,24.6,No
1907-YLNYW,Haubstadt,IN,47639,48,Male,No,No,No,8,Yes,No,DSL,Yes,No,Yes,No,No,Yes,Month-to-month,Yes,Electronic check,66.7,No
8947-YRTDV,Gypsum,KS,67448,50,Male,No,Yes,Yes,32,Yes,No,Fiber optic,Yes,Yes,Yes,No,No,Yes,One year,No,Mailed check,94.8,No
3161-ONRWK,Galva,KS,67443,62,Male,No,Yes,No,60,Yes,No,DSL,Yes,Yes,Yes,Yes,No,No,One year,Yes,Bank transfer (automatic),65.85,No
0114-RSRRW,Durham,KS,67438,64,Female,No,Yes,No,10,Yes,No,None,No,No,No,No,No,No,Month-to-month,Yes,Bank transfer (automatic),19.95,No
4565-NLZBV,Hazelton,KS,67061,26,Female,No,Yes,No,71,Yes,Yes,None,No,No,No,No,No,No,Two year,Yes,Bank transfer (automatic),24.65,No
6682-VCIXC,Lucas,KS,67648,43,Female,No,Yes,No,43,No,No,DSL,Yes,Yes,No,Yes,Yes,No,One year,Yes,Bank transfer (automatic),51.25,No
6475-VHUIZ,Halstead,KS,67056,42,Female,No,Yes,No,23,Yes,No,DSL,No,No,Yes,Yes,No,No,Month-to-month,No,Electronic check,54.25,No
3910-MRQOY,Centralia,KS,66415,63,Female,No,Yes,No,72,Yes,No,None,No,No,No,No,No,No,Two year,No,Bank transfer (automatic),19.4,No
0661-WCQNQ,Glasco,KS,67445,31,Male,No,Yes,No,22,Yes,No,DSL,Yes,No,No,Yes,No,No,One year,Yes,Credit card (automatic),56.25,No
7537-RBWEA,Mount Hope,KS,67108,32,Female,No,No,No,1,No,No,DSL,No,No,No,No,No,No,Month-to-month,Yes,Mailed check,25.15,No
4656-CAURT,Talmage,KS,67482,41,Male,No,No,No,69,Yes,Yes,None,No,No,No,No,No,No,Two year,No,Bank transfer (automatic),23.95,No
0121-SNYRK,Mc Donald,KS,67745,64,Male,No,No,No,50,No,No,DSL,Yes,No,No,Yes,No,No,One year,Yes,Mailed check,35.4,No
3733-LSYCE,Ingalls,KS,67853,50,Female,No,Yes,No,15,Yes,No,Fiber optic,No,Yes,No,No,No,No,Month-to-month,No,Bank transfer (automatic),75.35,No
6265-FRMTQ,Atchison,KS,66002,54,Male,No,No,No,31,Yes,No,None,No,No,No,No,No,No,Two year,No,Bank transfer (automatic),20.4,No
1371-DWPAZ,Bonner Springs,KS,66012,23,Female,No,Yes,No,0,No,No,DSL,Yes,Yes,Yes,Yes,Yes,No,Two year,No,Credit card (automatic),56.05,No
2017-CCBLH,Pawnee Rock,KS,67567,63,Female,No,No,No,8,Yes,No,None,No,No,No,No,No,No,Two year,No,Mailed check,20,No
7690-KPNCU,Kansas City,KS,66105,47,Male,No,Yes,No,64,Yes,No,DSL,Yes,No,Yes,No,Yes,Yes,One year,Yes,Credit card (automatic),73.05,No
0536-BGFMZ,Galva,KS,67443,21,Female,No,Yes,No,28,Yes,No,None,No,No,No,No,No,No,Month-to-month,No,Mailed check,20.5,No
2293-IJWPS,Lawrence,KS,66049,42,Female,No,Yes,No,57,Yes,Yes,Fiber optic,No,No,Yes,No,Yes,Yes,One year,Yes,Credit card (automatic),100.75,No
5469-NUJUR,Emmett,KS,66422,36,Male,No,No,No,19,Yes,No,None,No,No,No,No,No,No,Two year,Yes,Mailed check,19.95,No
2625-TRCZQ,South Hutchinson,KS,67505,19,Female,No,Yes,No,51,No,No,DSL,No,Yes,No,No,Yes,Yes,Month-to-month,Yes,Electronic check,49.65,No
4102-HLENU,Ensign,KS,67841,34,Female,No,Yes,No,67,Yes,Yes,DSL,Yes,Yes,Yes,No,No,No,Two year,No,Mailed check,65.65,No
7266-GSSJX,Bremen,KS,66412,37,Male,No,Yes,Yes,11,Yes,No,None,No,No,No,No,No,No,Month-to-month,Yes,Electronic check,20.45,No
7722-VJRQD,Mahaska,KS,66955,29,Male,No,Yes,No,72,No,No,DSL,Yes,No,Yes,Yes,Yes,Yes,Two year,No,Bank transfer (automatic),60.95,No
7073-QETQY,Barnes,KS,66933,43,Male,No,Yes,No,66,Yes,No,None,No,No,No,No,No,No,One year,Yes,Electronic check,20.35,No
5624-RYAMH,Downs,KS,67437,30,Female,No,No,No,9,Yes,No,None,No,No,No,No,No,No,Month-to-month,Yes,Electronic check,19.5,No
0196-JTUQI,Stilwell,KS,66085,52,Female,No,No,No,9,Yes,Yes,Fiber optic,No,No,No,No,No,No,Month-to-month,Yes,Credit card (automatic),75.2,No
7130-YXBRO,Halstead,KS,67056,51,Male,No,Yes,No,48,Yes,Yes,Fiber optic,Yes,Yes,Yes,No,Yes,Yes,Month-to-month,Yes,Bank transfer (automatic),111.45,No
9272-LSVYH,Talmage,KS,67482,47,Male,No,No,No,10,Yes,No,Fiber optic,No,No,No,No,No,No,Month-to-month,No,Mailed check,70.15,No
3084-DOWLE,Fort Leavenworth,KS,66027,25,Female,No,Yes,No,72,Yes,Yes,DSL,Yes,Yes,Yes,Yes,Yes,Yes,Two year,No,Bank transfer (automatic),92,No
1084-MNSMJ,Deerfield,KS,67838,60,Female,No,Yes,No,51,Yes,No,DSL,Yes,Yes,Yes,Yes,Yes,Yes,Two year,No,Credit card (automatic),85.5,No
4238-HFHSN,Kansas City,KS,66111,54,Male,Yes,Yes,No,61,Yes,Yes,Fiber optic,No,Yes,No,No,No,No,Month-to-month,Yes,Electronic check,82.15,No
6250-CGGUN,Leavenworth,KS,66048,24,Male,No,No,No,54,Yes,No,Fiber optic,Yes,No,Yes,Yes,No,No,One year,No,Electronic check,84.4,No
5478-JJVZK,Cummings,KS,66016,32,Female,No,No,No,33,Yes,Yes,DSL,Yes,Yes,No,No,No,No,Month-to-month,Yes,Mailed check,60.9,No
7596-IIWYC,Cunningham,KS,67035,26,Female,No,No,No,27,Yes,No,None,No,No,No,No,No,No,Two year,Yes,Bank transfer (automatic),20.25,No
9793-WECQC,Topeka,KS,66606,43,Male,No,No,No,23,Yes,No,Fiber optic,No,Yes,No,No,Yes,Yes,Month-to-month,No,Mailed check,95.3,No
4291-HPAXL,Mapleton,KS,66754,52,Male,No,No,Yes,1,Yes,No,None,No,No,No,No,No,No,Month-to-month,No,Mailed check,19.85,No
8999-YPYBV,Burdett,KS,67523,57,Male,No,Yes,No,45,Yes,No,DSL,Yes,Yes,Yes,Yes,Yes,Yes,Two year,Yes,Mailed check,84.35,No
1839-FBNFR,Blue Rapids,KS,66411,59,Female,No,Yes,Yes,39,Yes,No,None,No,No,No,No,No,No,Two year,Yes,Bank transfer (automatic),19.85,No
3071-MVJCD,Dorrance,KS,67634,22,Male,No,Yes,No,72,Yes,Yes,DSL,Yes,Yes,Yes,Yes,Yes,No,Two year,No,Bank transfer (automatic),82.3,No
1697-BCSHV,Elbing,KS,67041,35,Female,No,Yes,Yes,58,Yes,Yes,DSL,No,Yes,No,No,Yes,No,Month-to-month,Yes,Bank transfer (automatic),66.8,No
0562-KBDVM,Fowler,KS,67844,44,Female,No,No,No,70,No,No,DSL,Yes,Yes,Yes,Yes,No,No,Two year,Yes,Bank transfer (automatic),44.6,No
1131-SUEKT,Quinter,KS,67752,26,Male,No,Yes,Yes,61,Yes,No,Fiber optic,No,Yes,No,Yes,Yes,Yes,One year,Yes,Bank transfer (automatic),98.45,No
3717-OEAUQ,Oneida,KS,66522,46,Male,No,No,No,2,Yes,No,Fiber optic,No,No,No,No,No,No,Month-to-month,No,Mailed check,70.7,No
4538-WNTMJ,Englewood,KS,67840,27,Female,No,Yes,No,46,Yes,Yes,None,No,No,No,No,No,No,One year,No,Mailed check,24.95,No
9432-RUVSL,Leoti,KS,67861,58,Female,No,No,No,48,Yes,No,Fiber optic,Yes,No,Yes,Yes,Yes,Yes,Two year,Yes,Credit card (automatic),102.5,No
8060-HIWJJ,Narka,KS,66960,22,Male,No,No,No,64,Yes,Yes,DSL,No,Yes,Yes,Yes,Yes,Yes,Two year,No,Credit card (automatic),86.55,No
7684-XSZIY,Russell,KS,67665,55,Male,No,Yes,Yes,72,Yes,Yes,None,No,No,No,No,No,No,Two year,No,Bank transfer (automatic),24.3,No
9089-UOWJG,Fontana,KS,66026,51,Female,No,Yes,Yes,12,Yes,No,DSL,No,No,Yes,No,Yes,No,Month-to-month,Yes,Credit card (automatic),58.35,No
8039-ACLPL,Berryton,KS,66409,54,Female,No,Yes,No,72,Yes,No,DSL,Yes,Yes,Yes,No,No,Yes,Two year,No,Credit card (automatic),68.75,No
9885-AIBVB,Cummings,KS,66016,53,Male,No,Yes,No,29,Yes,Yes,Fiber optic,No,Yes,Yes,No,No,No,Month-to-month,Yes,Electronic check,85.8,No
1934-MKPXS,Ogallah,KS,67656,19,Male,No,Yes,No,33,Yes,No,None,No,No,No,No,No,No,One year,No,Credit card (automatic),20.1,No
2592-YKDIF,Clayton,KS,67629,63,Female,No,No,No,1,Yes,No,None,No,No,No,No,No,No,Month-to-month,No,Mailed check,20.35,No
2272-JKMSI,Atlanta,KS,67008,49,Female,No,Yes,Yes,62,Yes,Yes,Fiber optic,No,Yes,Yes,Yes,Yes,Yes,One year,Yes,Electronic check,110.8,No
8714-CTZJW,Burlington,KS,66839,19,Female,No,No,No,4,Yes,No,Fiber optic,No,No,Yes,No,No,Yes,Month-to-month,Yes,Credit card (automatic),82.85,No
3569-EDBPQ,Junction City,KS,66441,19,Female,No,No,No,24,Yes,Yes,Fiber optic,Yes,No,No,Yes,No,No,Month-to-month,Yes,Electronic check,84.35,No
3131-NWVFJ,Opolis,KS,66760,23,Female,No,Yes,No,14,Yes,No,None,No,No,No,No,No,No,One year,No,Mailed check,19.55,No
7521-YXVZY,Offerle,KS,67563,34,Male,No,No,Yes,3,Yes,No,None,No,No,No,No,No,No,Month-to-month,No,Mailed check,19.95,No
2373-NTKOD,Abilene,KS,67410,23,Male,No,No,No,8,Yes,No,DSL,No,No,No,No,Yes,Yes,Month-to-month,Yes,Electronic check,66.25,No
1970-KKFWL,Holcomb,KS,67851,32,Female,No,No,No,35,Yes,Yes,None,No,No,No,No,No,No,Two year,No,Bank transfer (automatic),23.3,No
9337-SRRNI,North Newton,KS,67117,55,Male,No,No,Yes,66,Yes,Yes,None,No,No,No,No,No,No,Two year,Yes,Credit card (automatic),25.3,No
0895-UADGO,Piqua,KS,66761,26,Male,No,No,No,8,No,No,DSL,Yes,No,No,Yes,No,Yes,Two year,Yes,Mailed check,44.55,No
5678-VFNEQ,Matfield Green,KS,66862,27,Female,No,Yes,No,71,Yes,Yes,Fiber optic,Yes,No,Yes,No,Yes,Yes,One year,Yes,Credit card (automatic),104.1,No
5977-CKHON,Onaga,KS,66521,30,Female,No,Yes,Yes,43,Yes,Yes,Fiber optic,No,No,Yes,No,No,Yes,Month-to-month,Yes,Bank transfer (automatic),92.55,No
2692-BUCFV,Milton,KS,67106,59,Male,Yes,No,No,29,Yes,No,Fiber optic,No,Yes,Yes,No,Yes,Yes,Month-to-month,Yes,Bank transfer (automatic),101.45,No
1830-GGFNM,Kirwin,KS,67644,62,Male,No,Yes,Yes,65,Yes,Yes,Fiber optic,Yes,Yes,Yes,Yes,No,No,Two year,No,Credit card (automatic),94.55,No
5302-BDJNT,Lost Springs,KS,66859,40,Male,No,No,No,35,Yes,Yes,Fiber optic,No,No,Yes,Yes,Yes,No,Month-to-month,No,Electronic check,95.5,No
5223-UZAVK,Danville,KS,67036,56,Male,No,No,No,64,Yes,No,Fiber optic,Yes,Yes,No,No,Yes,Yes,One year,Yes,Credit card (automatic),100.3,No
4859-ZSRDZ,Mc Cune,KS,66753,28,Female,No,Yes,No,58,No,No,DSL,No,No,Yes,Yes,Yes,Yes,Two year,Yes,Credit card (automatic),55.5,No
5651-WYIPH,Potwin,KS,67123,52,Female,Yes,No,No,18,Yes,No,DSL,No,Yes,No,No,No,No,Month-to-month,Yes,Credit card (automatic),49.85,No
9350-VLHMB,Wright,KS,67882,25,Male,No,Yes,Yes,67,Yes,Yes,Fiber optic,No,Yes,No,No,No,Yes,Month-to-month,Yes,Bank transfer (automatic),89.55,No
3498-LZGQZ,Olathe,KS,66062,32,Male,No,Yes,Yes,63,Yes,No,None,No,No,No,No,No,No,Two year,Yes,Mailed check,19.15,No
8785-CJSHH,Chase,KS,67524,56,Female,No,Yes,No,60,Yes,Yes,Fiber optic,No,Yes,No,No,Yes,Yes,Month-to-month,Yes,Electronic check,99.8,No
3870-SPZSI,Narka,KS,66960,19,Female,No,Yes,Yes,70,Yes,Yes,Fiber optic,Yes,Yes,Yes,Yes,Yes,Yes,Two year,Yes,Credit card (automatic),113.05,No
7560-QRBXH,Arcadia,KS,66711,52,Female,No,No,No,48,Yes,No,None,No,No,No,No,No,No,One year,No,Mailed check,19.95,No
7077-XJMET,Arcadia,KS,66711,36,Male,No,Yes,No,12,Yes,No,DSL,No,No,Yes,Yes,Yes,Yes,Month-to-month,Yes,Electronic check,74.15,No
8752-GHJFU,Palco,KS,67657,45,Male,Yes,Yes,No,71,Yes,Yes,Fiber optic,Yes,Yes,Yes,Yes,No,No,One year,Yes,Electronic check,92,No
6896-SRVYQ,Lenexa,KS,66220,22,Male,Yes,No,No,44,Yes,No,Fiber optic,No,No,Yes,No,No,No,Month-to-month,No,Electronic check,73.85,No
4652-ODEVH,Robinson,KS,66532,53,Male,No,Yes,Yes,45,Yes,Yes,None,No,No,No,No,No,No,Two year,No,Mailed check,24.45,No
6510-UPNKS,Elk Falls,KS,67345,59,Female,No,No,No,23,Yes,Yes,None,No,No,No,No,No,No,One year,No,Credit card (automatic),24.8,No
6718-BDGHG,Cherryvale,KS,67335,21,Female,No,Yes,No,43,Yes,Yes,DSL,No,No,No,Yes,Yes,No,One year,Yes,Bank transfer (automatic),64.85,No
9046-DQMTP,Westphalia,KS,66093,47,Male,No,No,No,35,Yes,No,None,No,No,No,No,No,No,Month-to-month,No,Bank transfer (automatic),20.75,No
6439-LAJXL,Topeka,KS,66616,34,Male,No,Yes,No,9,Yes,No,DSL,Yes,Yes,No,Yes,Yes,No,Month-to-month,Yes,Mailed check,68.95,No
9052-VKDUW,Ford,KS,67842,51,Female,Yes,Yes,No,65,Yes,Yes,Fiber optic,Yes,Yes,Yes,No,Yes,Yes,Month-to-month,Yes,Credit card (automatic),109.4,No
1666-JZPZT,Belle Plaine,KS,67013,55,Male,No,No,No,27,Yes,Yes,DSL,No,No,No,No,No,No,Month-to-month,No,Mailed check,49,No
5777-KJIRB,Riverton,KS,66770,35,Female,No,No,No,40,Yes,No,DSL,No,No,Yes,No,No,No,One year,Yes,Mailed check,50.25,No
7677-SJJJK,Jetmore,KS,67854,28,Male,No,Yes,No,8,Yes,No,None,No,No,No,No,No,No,One year,No,Credit card (automatic),19.9,No
2480-EJWYP,Winfield,KS,67156,48,Female,Yes,Yes,No,58,Yes,Yes,Fiber optic,No,Yes,No,No,Yes,Yes,One year,Yes,Bank transfer (automatic),97.8,No
3253-HKOKL,Kansas City,KS,66112,47,Female,No,Yes,Yes,52,Yes,No,Fiber optic,Yes,No,Yes,No,Yes,Yes,One year,No,Electronic check,100.3,No
7055-HNEOJ,Delphos,KS,67436,57,Male,No,Yes,No,3,Yes,No,DSL,No,No,Yes,Yes,No,No,Month-to-month,Yes,Mailed check,55.8,No
5514-YQENT,Prescott,KS,66767,63,Male,No,No,Yes,41,Yes,No,Fiber optic,Yes,Yes,Yes,Yes,Yes,Yes,Two year,Yes,Electronic check,111.15,No
3211-AAPKX,Cedar,KS,67628,64,Male,No,No,No,20,Yes,Yes,Fiber optic,No,No,No,Yes,Yes,Yes,Month-to-month,Yes,Mailed check,98.55,No
8445-DNBAE,Plevna,KS,67568,55,Male,No,No,Yes,1,Yes,Yes,DSL,No,No,No,No,No,No,Month-to-month,Yes,Electronic check,50.05,No
2958-NHPPS,Sylvan Grove,KS,67481,30,Male,No,No,No,23,Yes,No,None,No,No,No,No,No,No,Month-to-month,No,Electronic check,20.85,No
6806-YDEUL,Edna,KS,67342,51,Female,Yes,No,No,6,Yes,No,None,No,No,No,No,No,No,Month-to-month,No,Bank transfer (automatic),19.5,No
1735-XMJVH,Mulberry,KS,66756,27,Male,No,Yes,Yes,8,Yes,No,None,No,No,No,No,No,No,Month-to-month,Yes,Mailed check,19.35,No
6890-PFRQX,Kansas City,KS,66104,56,Male,No,No,No,18,Yes,Yes,DSL,Yes,No,Yes,No,Yes,No,Month-to-month,No,Mailed check,69.5,No
0222-CNVPT,Mount Hope,KS,67108,49,Male,Yes,No,No,52,No,No,DSL,Yes,No,No,No,Yes,Yes,Month-to-month,Yes,Credit card (automatic),48.8,No
5899-OUVKV,Dresden,KS,67635,22,Male,No,No,No,31,Yes,No,Fiber optic,No,Yes,No,No,Yes,Yes,Month-to-month,Yes,Electronic check,94.5,No
8681-ICONS,Circleville,KS,66416,28,Male,No,Yes,Yes,29,Yes,No,None,No,No,No,No,No,No,Month-to-month,Yes,Mailed check,20.65,No
1621-YNCJH,Oakley,KS,67748,48,Female,No,Yes,No,36,Yes,Yes,Fiber optic,Yes,Yes,Yes,Yes,No,Yes,Two year,Yes,Credit card (automatic),106.05,No
6362-QHAFM,Elbing,KS,67041,41,Male,No,Yes,No,42,Yes,Yes,Fiber optic,No,No,Yes,Yes,Yes,Yes,One year,Yes,Electronic check,108.3,No
3070-BDOQC,Lucas,KS,67648,40,Female,No,No,No,60,Yes,No,Fiber optic,No,Yes,Yes,No,Yes,Yes,Two year,Yes,Electronic check,99.65,No
6234-PFPXL,Farlington,KS,66734,31,Male,No,Yes,No,22,Yes,Yes,Fiber optic,Yes,No,No,Yes,Yes,No,Month-to-month,No,Credit card (automatic),95.9,No
9824-QCJPK,Pawnee Rock,KS,67567,41,Male,No,Yes,No,36,Yes,No,None,No,No,No,No,No,No,One year,No,Mailed check,20,No
4283-IVYCI,Topeka,KS,66606,48,Male,No,No,No,9,Yes,No,DSL,Yes,No,No,Yes,No,Yes,Month-to-month,No,Mailed check,64.95,No
1866-OBPNR,Haysville,KS,67060,50,Male,No,Yes,Yes,1,Yes,No,Fiber optic,No,Yes,No,No,No,No,Month-to-month,No,Credit card (automatic),74.6,No
8205-MQUGY,Topeka,KS,66608,21,Male,No,Yes,Yes,12,Yes,No,DSL,Yes,No,No,No,No,No,Month-to-month,Yes,Electronic check,49.2,No
8970-ANWXO,Greeley,KS,66033,25,Female,No,No,No,23,Yes,Yes,DSL,No,No,No,Yes,Yes,Yes,One year,Yes,Mailed check,73.75,No
9480-BQJEI,Moundridge,KS,67107,37,Male,No,No,No,62,Yes,Yes,Fiber optic,Yes,Yes,No,No,No,Yes,One year,Yes,Bank transfer (automatic),92.3,No
6979-TNDEU,Liberty,KS,67351,64,Female,No,No,No,8,Yes,No,None,No,No,No,No,No,No,Month-to-month,No,Mailed check,19.2,No
9777-WJJPR,Topeka,KS,66607,32,Male,No,Yes,No,31,Yes,Yes,Fiber optic,No,No,Yes,No,Yes,No,Month-to-month,No,Credit card (automatic),88.65,No
9495-SKLKD,Opolis,KS,66760,39,Male,No,Yes,Yes,45,Yes,Yes,Fiber optic,No,Yes,Yes,No,No,Yes,Month-to-month,Yes,Bank transfer (automatic),95.95,No
6048-UWKAL,Edna,KS,67342,38,Female,Yes,Yes,No,69,Yes,Yes,Fiber optic,No,Yes,No,Yes,Yes,Yes,Two year,No,Credit card (automatic),105.4,No
5067-DGXLL,Spring Hill,KS,66083,56,Male,No,No,No,2,Yes,No,None,No,No,No,No,No,No,Month-to-month,No,Mailed check,20.25,No
6281-FKEWS,Jennings,KS,67643,46,Female,No,No,No,44,No,No,DSL,No,No,Yes,No,Yes,Yes,One year,Yes,Electronic check,49.05,No
8898-KASCD,Olathe,KS,66062,23,Male,No,No,No,39,No,No,DSL,No,No,Yes,Yes,No,No,One year,No,Mailed check,35.55,No
9242-TKFSV,Edson,KS,67733,40,Male,No,Yes,No,72,No,No,DSL,Yes,Yes,Yes,Yes,Yes,Yes,Two year,Yes,Credit card (automatic),65.1,No
9290-SHCMB,Ellsworth,KS,67439,33,Female,Yes,No,No,13,Yes,No,Fiber optic,No,No,Yes,No,Yes,Yes,Month-to-month,Yes,Electronic check,96.85,No
0743-HNPFG,Topeka,KS,66605,48,Female,No,Yes,No,51,Yes,No,DSL,Yes,Yes,No,Yes,No,Yes,One year,Yes,Credit card (automatic),69.75,No
2277-BKJKN,Spearville,KS,67876,22,Female,Yes,Yes,No,71,Yes,No,Fiber optic,No,Yes,Yes,No,Yes,Yes,Two year,Yes,Electronic check,99.2,No
5035-PGZXH,Manhattan,KS,66506,22,Female,No,No,No,56,Yes,Yes,Fiber optic,No,Yes,Yes,No,Yes,Yes,One year,Yes,Electronic check,106.8,No
8695-WDYEA,Winona,KS,67764,60,Male,No,No,No,1,Yes,No,DSL,Yes,No,No,No,No,No,Month-to-month,No,Mailed check,51.25,No
6543-JXSOO,North Newton,KS,67117,37,Female,No,Yes,No,23,Yes,No,DSL,Yes,Yes,No,Yes,No,No,One year,Yes,Mailed check,57.75,No
8016-ZMGMO,Olathe,KS,66061,49,Female,Yes,Yes,No,66,Yes,Yes,DSL,No,Yes,Yes,No,Yes,No,One year,Yes,Bank transfer (automatic),70.85,No
8605-ITULD,Baxter Springs,KS,66713,63,Female,No,No,No,1,Yes,No,None,No,No,No,No,No,No,Month-to-month,No,Mailed check,19.55,No
6416-YJTTB,Overland Park,KS,66210,57,Male,No,No,No,11,Yes,No,Fiber optic,Yes,No,Yes,No,No,No,Month-to-month,Yes,Bank transfer (automatic),79.5,No
4472-VESGY,La Cygne,KS,66040,64,Female,No,Yes,Yes,52,Yes,Yes,Fiber optic,Yes,Yes,Yes,No,No,Yes,Month-to-month,No,Bank transfer (automatic),98.15,No
3195-TQDZX,Wathena,KS,66090,57,Male,No,No,No,3,Yes,No,None,No,No,No,No,No,No,Month-to-month,Yes,Electronic check,20.25,No
3128-YOVTD,Coats,KS,67028,37,Female,No,Yes,Yes,51,Yes,No,Fiber optic,Yes,Yes,No,No,No,No,Month-to-month,Yes,Bank transfer (automatic),79.15,No
1728-CXQBE,Bucyrus,KS,66013,47,Male,Yes,Yes,No,64,Yes,Yes,Fiber optic,No,Yes,Yes,No,No,Yes,Month-to-month,Yes,Electronic check,94.25,No
7041-TXQJH,Turon,KS,67583,33,Female,No,No,No,37,No,No,DSL,No,No,Yes,No,No,Yes,Month-to-month,Yes,Credit card (automatic),40.2,No
5014-GSOUQ,Mayfield,KS,67103,58,Male,No,No,No,13,Yes,No,None,No,No,No,No,No,No,Two year,No,Mailed check,19.95,No
5724-BIDBU,Potwin,KS,67123,42,Male,No,Yes,No,49,Yes,Yes,DSL,Yes,No,No,No,No,No,One year,Yes,Electronic check,55.35,No
0481-SUMCB,New Century,KS,66031,55,Female,Yes,No,No,45,Yes,Yes,Fiber optic,No,No,Yes,No,Yes,Yes,One year,Yes,Bank transfer (automatic),102.15,No
1769-GRUIK,White City,KS,66872,53,Female,No,No,No,18,Yes,No,Fiber optic,No,No,No,No,No,No,Month-to-month,Yes,Electronic check,71.1,No
8819-WFGGJ,Turon,KS,67583,55,Male,No,Yes,No,68,No,No,DSL,Yes,No,Yes,No,Yes,Yes,Two year,Yes,Bank transfer (automatic),54.1,No
7427-AUFPY,Severy,KS,67137,62,Male,No,No,No,54,Yes,No,None,No,No,No,No,No,No,Two year,No,Credit card (automatic),19.65,No
2811-POVEX,Wilmore,KS,67155,64,Female,Yes,Yes,Yes,23,Yes,No,Fiber optic,No,Yes,Yes,No,No,Yes,Month-to-month,Yes,Bank transfer (automatic),88.45,No
7898-PDWQE,Elmdale,KS,66850,19,Male,No,Yes,No,71,Yes,Yes,DSL,Yes,Yes,Yes,Yes,No,Yes,Two year,No,Credit card (automatic),80.4,No
9972-EWRJS,Minneapolis,KS,67467,23,Female,No,Yes,Yes,67,Yes,No,None,No,No,No,No,No,No,Two year,Yes,Bank transfer (automatic),19.25,No
9314-IJWSQ,Woodbine,KS,67492,34,Female,No,Yes,Yes,14,Yes,Yes,Fiber optic,No,No,No,No,Yes,No,Month-to-month,Yes,Electronic check,84.8,No
5799-JRCZO,Lyons,KS,67554,52,Female,No,No,Yes,63,Yes,No,None,No,No,No,No,No,No,Two year,No,Credit card (automatic),19.5,No
1921-KYSAY,La Crosse,KS,67548,56,Female,No,No,No,41,Yes,Yes,DSL,No,No,Yes,Yes,No,Yes,One year,Yes,Electronic check,68.6,No
6198-RTPMF,Coats,KS,67028,30,Female,No,Yes,No,17,Yes,Yes,Fiber optic,No,No,No,No,Yes,Yes,Month-to-month,No,Electronic check,92.6,No
2924-KHUVI,Alden,KS,67512,34,Male,No,Yes,No,56,Yes,Yes,Fiber optic,Yes,No,No,No,Yes,Yes,One year,Yes,Electronic check,100.55,No
1925-GMVBW,Prescott,KS,66767,19,Female,No,No,No,5,Yes,No,None,No,No,No,No,No,No,Month-to-month,No,Credit card (automatic),20.55,No
6184-DYUOB,Elbing,KS,67041,26,Female,No,Yes,No,3,Yes,No,None,No,No,No,No,No,No,Month-to-month,Yes,Mailed check,19.6,No
9207-ZPANB,Attica,KS,67009,60,Male,No,No,No,37,Yes,Yes,DSL,Yes,Yes,Yes,Yes,No,No,One year,No,Electronic check,67.45,No
9327-QSDED,Mc Cracken,KS,67556,45,Male,No,No,No,8,Yes,No,DSL,No,No,No,No,No,No,Month-to-month,No,Mailed check,43.55,No
1656-DRSMG,Effingham,KS,66023,23,Female,No,No,No,63,Yes,Yes,Fiber optic,No,Yes,Yes,Yes,Yes,Yes,Month-to-month,Yes,Credit card (automatic),109.85,No
3012-VFFMN,Andale,KS,67001,53,Female,No,Yes,Yes,7,Yes,No,None,No,No,No,No,No,No,Month-to-month,No,Mailed check,20.65,No
2984-AFWNC,Medicine Lodge,KS,67104,61,Female,No,No,No,3,Yes,No,Fiber optic,No,Yes,No,No,Yes,Yes,Month-to-month,No,Electronic check,95.4,No
0640-YJTPY,Morrill,KS,66515,21,Male,No,Yes,Yes,72,Yes,No,None,No,No,No,No,No,No,Two year,No,Bank transfer (automatic),21,No
8096-LOIST,Bazine,KS,67516,40,Female,No,No,No,19,Yes,No,DSL,No,No,No,No,No,Yes,Month-to-month,Yes,Electronic check,56.2,No
9764-REAFF,Norton,KS,67654,51,Female,No,Yes,No,59,Yes,No,None,No,No,No,No,No,No,Two year,No,Bank transfer (automatic),18.4,No
7107-UBYKY,Rush Center,KS,67575,47,Female,No,Yes,Yes,35,Yes,Yes,None,No,No,No,No,No,No,Month-to-month,Yes,Electronic check,25.75,No
4881-GQJTW,Circleville,KS,66416,22,Male,No,No,No,14,Yes,No,None,No,No,No,No,No,No,Month-to-month,No,Credit card (automatic),19.6,No
7876-DNYAP,Home,KS,66438,24,Female,No,Yes,Yes,69,Yes,No,None,No,No,No,No,No,No,Two year,No,Credit card (automatic),19.8,No
7905-NJMXS,Bentley,KS,67016,47,Male,Yes,Yes,No,7,Yes,Yes,DSL,Yes,Yes,No,Yes,No,No,Month-to-month,No,Electronic check,64.2,No
2882-WDTBA,Coolidge,KS,67836,20,Male,No,Yes,No,69,Yes,No,DSL,Yes,Yes,Yes,Yes,Yes,No,Two year,Yes,Bank transfer (automatic),75.75,No
2091-GPPIQ,Pratt,KS,67124,41,Female,No,Yes,No,72,Yes,Yes,DSL,No,Yes,No,Yes,Yes,Yes,Two year,Yes,Electronic check,78.95,No
5071-FBJFS,Manhattan,KS,66503,46,Female,No,Yes,Yes,4,Yes,No,DSL,Yes,No,No,No,No,No,Month-to-month,No,Electronic check,50.3,No
2796-UUZZO,Franklin,KS,66735,51,Male,No,Yes,Yes,63,Yes,No,Fiber optic,No,Yes,Yes,No,No,No,Month-to-month,Yes,Credit card (automatic),80.3,No
2429-AYKKO,Collyer,KS,67631,27,Male,No,No,No,72,Yes,No,None,No,No,No,No,No,No,Two year,No,Bank transfer (automatic),19.85,No
9798-OPFEM,Garland,KS,66741,25,Female,No,No,No,46,Yes,No,None,No,No,No,No,No,No,Two year,Yes,Electronic check,21.1,No
3794-NFNCH,Goddard,KS,67052,48,Male,No,Yes,No,30,Yes,No,DSL,No,No,Yes,No,No,No,Month-to-month,Yes,Mailed check,50,No
5193-QLVZB,Ellinwood,KS,67526,19,Male,No,No,No,63,Yes,Yes,Fiber optic,No,Yes,Yes,No,Yes,Yes,Two year,Yes,Bank transfer (automatic),104.75,No
7114-AEOZE,Oberlin,KS,67749,26,Female,No,No,No,60,Yes,No,None,No,No,No,No,No,No,Two year,No,Bank transfer (automatic),19.85,No
5522-NYKPB,Leonardville,KS,66449,38,Male,No,Yes,Yes,25,Yes,No,Fiber optic,No,No,No,Yes,Yes,No,Month-to-month,No,Electronic check,85.9,No
9957-YODKZ,Colby,KS,67701,35,Male,Yes,Yes,No,6,Yes,Yes,Fiber optic,No,No,Yes,No,No,No,Month-to-month,Yes,Electronic check,80.8,No
6518-KZXCB,Bendena,KS,66008,23,Male,No,No,No,22,Yes,Yes,None,No,No,No,No,No,No,Two year,No,Mailed check,25.25,No
2245-ADZFJ,Vassar,KS,66543,46,Female,No,Yes,No,31,Yes,Yes,DSL,No,Yes,No,Yes,Yes,Yes,Two year,No,Bank transfer (automatic),80.55,No
7776-QGYJC,Walnut,KS,66780,43,Female,No,Yes,Yes,39,Yes,No,Fiber optic,No,No,Yes,Yes,No,No,Month-to-month,Yes,Bank transfer (automatic),81.5,No
9313-QOLTZ,Wallace,KS,67761,41,Male,No,No,No,26,Yes,No,None,No,No,No,No,No,No,Month-to-month,No,Mailed check,20.9,No
4672-FOTSD,Schoenchen,KS,67667,35,Male,No,No,No,12,Yes,Yes,DSL,Yes,Yes,No,Yes,No,No,Month-to-month,Yes,Electronic check,67.25,No
9818-XQCUV,Overbrook,KS,66524,28,Female,No,No,No,2,Yes,No,None,No,No,No,No,No,No,Month-to-month,No,Mailed check,20.35,No
7338-ERIVA,St John,KS,67576,47,Male,No,No,No,39,No,No,DSL,Yes,No,No,Yes,Yes,No,One year,No,Bank transfer (automatic),45.05,No
8259-NFJTV,Bluff City,KS,67018,24,Female,No,Yes,Yes,7,No,No,DSL,Yes,No,No,Yes,No,No,Month-to-month,No,Mailed check,34.65,No
3223-DWFIO,Tyro,KS,67364,19,Male,Yes,No,No,4,Yes,No,Fiber optic,No,No,No,No,No,No,Month-to-month,No,Electronic check,69.35,No
6968-GMKPR,Garden City,KS,67846,50,Female,No,No,No,55,Yes,No,Fiber optic,No,Yes,Yes,No,No,No,Month-to-month,Yes,Electronic check,81.55,No
4751-ERMAN,Selden,KS,67757,22,Male,No,Yes,No,72,Yes,No,DSL,No,Yes,Yes,No,Yes,Yes,Two year,Yes,Bank transfer (automatic),75.4,No
1436-ZMJAN,Burns,KS,66840,41,Female,No,Yes,No,10,Yes,No,DSL,No,No,Yes,No,Yes,Yes,Month-to-month,Yes,Credit card (automatic),67.8,No
3292-PBZEJ,Leawood,KS,66211,37,Male,Yes,No,No,11,Yes,Yes,Fiber optic,No,Yes,Yes,Yes,Yes,Yes,Month-to-month,Yes,Electronic check,111.4,No
0799-DDIHE,Cambridge,KS,67023,56,Female,No,Yes,Yes,15,Yes,No,DSL,No,No,No,No,No,No,Month-to-month,No,Electronic check,46.3,No
3070-FNFZQ,Chetopa,KS,67336,30,Female,No,Yes,Yes,23,Yes,No,None,No,No,No,No,No,No,Two year,No,Bank transfer (automatic),20.4,No
2812-SFXMJ,Scranton,KS,66537,22,Male,No,No,Yes,1,Yes,No,None,No,No,No,No,No,No,Month-to-month,No,Mailed check,20.05,No
5014-WUQMG,Mound City,KS,66056,56,Male,No,Yes,Yes,47,Yes,No,Fiber optic,Yes,Yes,Yes,No,No,Yes,One year,Yes,Electronic check,96.1,No
5312-TSZVC,Coolidge,KS,67836,23,Female,No,No,No,15,Yes,No,None,No,No,No,No,No,No,One year,No,Mailed check,19.65,No
0993-OSGPT,Highland,KS,66035,45,Female,Yes,Yes,No,68,Yes,No,DSL,No,Yes,Yes,Yes,No,No,One year,Yes,Bank transfer (automatic),60.65,No
7108-DGVUU,Arma,KS,66712,32,Female,Yes,Yes,No,21,Yes,Yes,DSL,No,Yes,Yes,No,No,Yes,One year,No,Bank transfer (automatic),71.7,No
2782-JEEBU,Oketo,KS,66518,63,Male,No,No,No,21,No,No,DSL,No,Yes,No,Yes,No,No,Month-to-month,Yes,Mailed check,36,No
5127-BZENZ,Eudora,KS,66025,24,Female,No,Yes,No,56,Yes,Yes,DSL,Yes,No,No,No,Yes,No,One year,No,Bank transfer (automatic),65.2,No
2720-FVBQP,Circleville,KS,66416,59,Female,No,Yes,Yes,6,Yes,Yes,DSL,No,No,No,No,No,No,Month-to-month,Yes,Credit card (automatic),48.95,No
9906-NHHVC,Tecumseh,KS,66542,20,Female,Yes,No,No,65,No,No,DSL,No,Yes,Yes,No,Yes,Yes,Two year,Yes,Bank transfer (automatic),53.5,No
4522-XRWWI,Lyons,KS,67554,30,Male,No,Yes,No,42,Yes,Yes,DSL,Yes,No,No,Yes,Yes,Yes,One year,No,Credit card (automatic),80.45,No
3766-EJLFL,Rockfield,KY,42274,45,Female,No,Yes,Yes,68,Yes,Yes,Fiber optic,Yes,No,Yes,Yes,Yes,Yes,Two year,Yes,Bank transfer (automatic),109.05,No
5939-SXWHM,Magnolia,KY,42757,54,Male,No,Yes,Yes,48,Yes,Yes,None,No,No,No,No,No,No,Two year,No,Bank transfer (automatic),26.3,No
8152-UOBNY,Calhoun,KY,42327,48,Female,Yes,No,No,50,Yes,Yes,Fiber optic,No,Yes,No,Yes,Yes,Yes,One year,Yes,Electronic check,106.8,No
7351-KYHQH,Hope,KY,40334,40,Female,Yes,No,No,7,Yes,No,DSL,No,Yes,Yes,No,Yes,No,Month-to-month,Yes,Electronic check,64.95,No
7643-RCHXS,Essie,KY,40827,59,Female,No,Yes,Yes,63,Yes,No,None,No,No,No,No,No,No,Two year,No,Electronic check,19.35,No
8246-SHFGA,Hope,KY,40334,54,Male,No,No,No,17,Yes,No,None,No,No,No,No,No,No,Month-to-month,No,Credit card (automatic),21.1,No
0620-XEFWH,Pathfork,KY,40863,53,Male,No,Yes,Yes,4,Yes,No,None,No,No,No,No,No,No,Month-to-month,No,Mailed check,18.85,No
6485-QXWWE,Worthington,KY,41183,46,Female,No,No,Yes,62,Yes,Yes,None,No,No,No,No,No,No,Two year,No,Bank transfer (automatic),26,No
7321-VGNKU,Pippa Passes,KY,41844,60,Female,No,Yes,No,2,Yes,No,Fiber optic,No,No,No,No,No,No,Month-to-month,Yes,Electronic check,70.35,No
5327-CNLUQ,Siler,KY,40763,44,Male,No,Yes,No,48,Yes,Yes,Fiber optic,Yes,Yes,Yes,No,Yes,No,Two year,Yes,Bank transfer (automatic),96.9,No
7552-KEYGT,Benton,KY,42025,22,Male,No,Yes,No,27,Yes,No,None,No,No,No,No,No,No,Two year,No,Bank transfer (automatic),19.55,No
5816-JMLGY,Chaplin,KY,40012,25,Female,No,Yes,No,70,Yes,No,DSL,No,Yes,Yes,Yes,Yes,Yes,Two year,Yes,Bank transfer (automatic),80.4,No
2927-QRRQV,Saint Charles,KY,42453,38,Male,No,Yes,No,46,Yes,Yes,Fiber optic,No,Yes,Yes,No,Yes,No,One year,Yes,Electronic check,94.65,No
6265-SXWBU,Whick,KY,41390,24,Male,No,Yes,Yes,69,Yes,Yes,Fiber optic,No,Yes,Yes,No,Yes,No,One year,No,Credit card (automatic),95.75,No
7941-RCJOW,Greenville,KY,42345,47,Male,No,No,No,65,Yes,No,None,No,No,No,No,No,No,Two year,Yes,Credit card (automatic),19.55,No
6374-NTQLP,Bypro,KY,41612,21,Male,Yes,Yes,Yes,72,Yes,No,Fiber optic,Yes,No,Yes,Yes,Yes,Yes,Two year,Yes,Credit card (automatic),104.1,No
2387-KDZQY,Grethel,KY,41631,39,Male,No,No,No,17,Yes,No,None,No,No,No,No,No,No,One year,Yes,Mailed check,20.1,No
3584-WKTTW,Goshen,KY,40026,61,Male,No,Yes,No,51,Yes,Yes,Fiber optic,Yes,No,Yes,Yes,Yes,Yes,One year,Yes,Electronic check,111.55,No
3399-BMLVW,Nancy,KY,42544,45,Male,No,Yes,No,51,Yes,No,DSL,Yes,Yes,No,Yes,No,No,Two year,No,Credit card (automatic),60.5,No
1971-DTCZB,Lockport,KY,40036,63,Female,No,Yes,No,72,Yes,Yes,DSL,Yes,Yes,Yes,Yes,Yes,Yes,Two year,Yes,Bank transfer (automatic),90.95,No
3374-PZLXD,Parkers Lake,KY,42634,29,Male,No,No,No,34,Yes,No,None,No,No,No,No,No,No,Month-to-month,No,Mailed check,19.7,No
3813-DHBBB,Pilgrim,KY,41250,55,Male,No,Yes,No,67,No,No,DSL,Yes,Yes,No,Yes,No,Yes,Two year,Yes,Bank transfer (automatic),50.95,No
2812-REYAT,Bonnieville,KY,42713,23,Female,No,Yes,No,49,Yes,No,None,No,No,No,No,No,No,One year,Yes,Bank transfer (automatic),20.05,No
6518-PPLMZ,Argillite,KY,41121,23,Male,No,Yes,Yes,53,Yes,No,None,No,No,No,No,No,No,Two year,Yes,Mailed check,19.4,No
4939-KYYPY,Independence,KY,41051,37,Male,No,No,No,27,Yes,Yes,DSL,No,No,Yes,Yes,No,No,Month-to-month,No,Electronic check,59.45,No
5930-GBIWP,Lexington,KY,40513,30,Male,No,No,No,69,Yes,Yes,DSL,Yes,Yes,Yes,Yes,No,Yes,Two year,Yes,Credit card (automatic),81.5,No
6022-KOUQO,Adams,KY,41201,41,Female,No,Yes,Yes,2,No,No,DSL,No,No,No,Yes,No,No,Month-to-month,No,Bank transfer (automatic),29.05,No
2361-UPSND,Liberty,KY,42539,62,Female,No,Yes,No,46,Yes,No,DSL,Yes,Yes,No,Yes,No,Yes,One year,No,Mailed check,70.6,No
6035-RIIOM,Mount Olivet,KY,41064,37,Female,No,No,No,54,Yes,Yes,Fiber optic,No,Yes,No,No,Yes,Yes,Two year,Yes,Bank transfer (automatic),97.2,No
9504-DSHWM,Neon,KY,41840,38,Male,No,No,No,20,Yes,Yes,DSL,Yes,No,No,Yes,No,No,Month-to-month,No,Bank transfer (automatic),59.2,No
5035-BVCXS,Cromona,KY,41810,55,Male,No,No,No,11,Yes,No,Fiber optic,No,Yes,No,No,No,No,Month-to-month,Yes,Mailed check,75.9,No
6267-DCFFZ,Wittensville,KY,41274,47,Female,Yes,Yes,No,30,Yes,Yes,Fiber optic,No,Yes,No,No,Yes,No,Month-to-month,Yes,Electronic check,90.05,No
3533-UVMOM,Booneville,KY,41314,35,Male,No,Yes,No,68,Yes,No,DSL,Yes,Yes,Yes,No,No,Yes,Two year,No,Bank transfer (automatic),70.95,No
2439-LYPMQ,Pewee Valley,KY,40056,44,Male,Yes,Yes,No,38,Yes,Yes,Fiber optic,No,Yes,Yes,No,Yes,Yes,Month-to-month,Yes,Electronic check,102.6,No
1478-VPOAD,Maple Mount,KY,42356,46,Female,No,No,No,1,Yes,No,DSL,No,No,No,No,No,No,Month-to-month,No,Electronic check,43.8,No
9995-HOTOH,Dixon,KY,42409,33,Male,No,Yes,No,63,No,No,DSL,Yes,Yes,Yes,No,Yes,Yes,Two year,No,Electronic check,59,No
2988-PLAHS,Coxs Creek,KY,40013,47,Female,No,No,No,3,Yes,No,DSL,No,No,Yes,No,Yes,Yes,One year,Yes,Electronic check,69.95,No
1371-OJCEK,Mc Carr,KY,41544,27,Female,No,No,No,48,Yes,Yes,None,No,No,No,No,No,No,One year,No,Bank transfer (automatic),24.35,No
4999-IEZLT,Glencoe,KY,41046,36,Male,No,No,No,66,No,No,DSL,No,No,No,Yes,No,No,One year,No,Credit card (automatic),29.45,No
8883-ANODQ,Hi Hat,KY,41636,44,Female,No,Yes,Yes,68,Yes,Yes,Fiber optic,No,Yes,Yes,No,No,No,Two year,Yes,Credit card (automatic),84.4,No
2351-RRBUE,Hebron,KY,41048,59,Female,No,Yes,No,7,Yes,No,None,No,No,No,No,No,No,One year,No,Mailed check,20.65,No
5980-BDHPY,Big Laurel,KY,40808,23,Male,No,Yes,No,72,Yes,Yes,DSL,Yes,Yes,Yes,Yes,Yes,Yes,Two year,Yes,Bank transfer (automatic),87.1,No
1498-DQNRX,Clayhole,KY,41317,57,Female,No,Yes,No,29,Yes,No,None,No,No,No,No,No,No,Month-to-month,No,Mailed check,19.85,No
9469-WEJBT,Roxana,KY,41848,54,Male,No,Yes,No,37,Yes,No,Fiber optic,No,No,Yes,Yes,No,Yes,Month-to-month,Yes,Electronic check,90.35,No
2581-VKIRT,California,KY,41007,55,Female,No,Yes,No,59,Yes,Yes,DSL,Yes,Yes,No,Yes,No,No,One year,No,Mailed check,65.5,No
7426-WEIJX,Ulysses,KY,41264,23,Male,Yes,Yes,Yes,60,Yes,Yes,Fiber optic,Yes,No,No,No,No,No,Month-to-month,Yes,Electronic check,80.95,No
2851-MMUTZ,Raywick,KY,40060,57,Female,No,No,No,27,Yes,No,DSL,No,Yes,No,Yes,No,No,Month-to-month,Yes,Mailed check,56.15,No
3307-TLCUD,Royalton,KY,41464,63,Male,No,Yes,No,17,No,No,DSL,Yes,No,Yes,No,No,No,Month-to-month,No,Mailed check,34.4,No
6625-FLENO,Marshes Siding,KY,42631,50,Male,No,Yes,No,58,Yes,No,None,No,No,No,No,No,No,Two year,No,Mailed check,20.75,No
2967-MXRAV,Denton,KY,41132,63,Male,No,Yes,No,1,Yes,No,None,No,No,No,No,No,No,One year,No,Mailed check,18.8,No
8189-HBVRW,Lexington,KY,40506,32,Female,No,No,No,53,Yes,Yes,Fiber optic,Yes,Yes,Yes,No,No,No,Month-to-month,No,Electronic check,90.8,No
4163-KIUHY,Pendleton,KY,40055,22,Male,No,No,No,35,Yes,Yes,None,No,No,No,No,No,No,Month-to-month,Yes,Electronic check,25.6,No
3500-NSDOA,Barlow,KY,42024,59,Male,No,Yes,No,68,Yes,Yes,DSL,No,Yes,No,Yes,No,Yes,Two year,No,Credit card (automatic),70.8,No
1171-TYKUR,Letcher,KY,41832,52,Male,No,Yes,No,47,Yes,Yes,None,No,No,No,No,No,No,Month-to-month,No,Electronic check,25.4,No
3761-FLYZI,Siler,KY,40763,63,Female,Yes,Yes,No,65,Yes,Yes,Fiber optic,No,Yes,Yes,No,Yes,Yes,Month-to-month,Yes,Bank transfer (automatic),108.8,No
1219-NNDDO,White Plains,KY,42464,53,Female,No,No,No,9,Yes,Yes,Fiber optic,No,No,No,No,No,No,Month-to-month,Yes,Electronic check,76.85,No
8388-DMKAE,Augusta,KY,41002,61,Female,No,No,No,8,Yes,No,None,No,No,No,No,No,No,Two year,No,Mailed check,20.25,No
4403-BWPAY,Lawrenceburg,KY,40342,44,Male,No,No,No,14,Yes,Yes,None,No,No,No,No,No,No,One year,Yes,Credit card (automatic),24.8,No
9659-QEQSY,Fort Campbell,KY,42223,44,Female,No,No,No,45,Yes,Yes,Fiber optic,Yes,Yes,Yes,Yes,Yes,Yes,Month-to-month,Yes,Electronic check,115.65,No
5405-ZMYXQ,Wallingford,KY,41093,32,Female,No,No,No,8,Yes,Yes,Fiber optic,No,No,No,No,No,No,Month-to-month,Yes,Credit card (automatic),74.6,No
1442-OKRJE,Letcher,KY,41832,26,Male,No,Yes,Yes,66,Yes,No,Fiber optic,Yes,Yes,Yes,No,Yes,Yes,One year,Yes,Bank transfer (automatic),103.15,No
4737-AQCPU,Middleburg,KY,42541,63,Male,No,Yes,No,72,Yes,Yes,DSL,Yes,Yes,Yes,Yes,No,No,Two year,No,Credit card (automatic),72.1,No
2808-CHTDM,Ewing,KY,41039,33,Female,No,Yes,Yes,23,Yes,Yes,None,No,No,No,No,No,No,Two year,No,Mailed check,25.1,No
0793-TWELN,Ekron,KY,40117,25,Female,No,No,No,4,Yes,Yes,Fiber optic,Yes,No,No,No,No,No,Month-to-month,Yes,Electronic check,80.15,No
3283-WCWXT,Cromwell,KY,42333,48,Male,No,Yes,Yes,6,Yes,Yes,None,No,No,No,No,No,No,Two year,No,Mailed check,25.4,No
1060-ENTOF,Saint Francis,KY,40062,29,Female,Yes,Yes,No,67,Yes,Yes,Fiber optic,Yes,Yes,Yes,Yes,No,Yes,One year,Yes,Credit card (automatic),105.4,No
0999-QXNSA,Betsy Layne,KY,41605,62,Male,Yes,No,Yes,7,Yes,No,DSL,No,No,No,No,No,No,Month-to-month,Yes,Mailed check,45.75,No
5451-MHQOF,Jackhorn,KY,41825,39,Male,No,Yes,No,56,Yes,Yes,None,No,No,No,No,No,No,One year,Yes,Mailed check,24.45,No
4836-WNFNO,Cleaton,KY,42332,19,Female,No,Yes,No,72,Yes,Yes,None,No,No,No,No,No,No,Two year,No,Credit card (automatic),25,No
9225-BZLNZ,Fort Campbell,KY,42223,42,Male,No,Yes,No,72,Yes,Yes,DSL,Yes,Yes,Yes,No,Yes,Yes,Two year,Yes,Electronic check,85.25,No
0354-VXMJC,Stoney Fork,KY,40988,23,Male,No,Yes,Yes,23,Yes,No,None,No,No,No,No,No,No,Two year,No,Credit card (automatic),19.6,No
4422-QVIJA,Ezel,KY,41425,37,Female,No,No,Yes,35,Yes,Yes,DSL,No,No,No,No,No,No,Month-to-month,No,Mailed check,50.15,No
9365-SRSZE,Paintsville,KY,41240,56,Male,Yes,Yes,No,27,Yes,No,Fiber optic,No,No,No,No,No,No,Month-to-month,Yes,Electronic check,70.55,No
8332-OSJDW,Hodgenville,KY,42748,53,Male,No,Yes,No,12,Yes,Yes,None,No,No,No,No,No,No,One year,No,Mailed check,26.4,No
4735-BJKOU,Rockport,KY,42369,29,Female,No,No,No,40,Yes,No,None,No,No,No,No,No,No,Two year,No,Mailed check,20.15,No
0274-JKUJR,Ezel,KY,41425,33,Male,No,Yes,Yes,7,No,No,DSL,Yes,Yes,Yes,No,Yes,Yes,Month-to-month,No,Mailed check,58.85,No
5740-YHGTW,Adolphus,KY,42120,27,Male,No,Yes,Yes,70,Yes,Yes,Fiber optic,Yes,Yes,No,No,Yes,No,Month-to-month,Yes,Credit card (automatic),97.55,No
8917-SZTTJ,Green Road,KY,40946,19,Male,No,Yes,Yes,60,Yes,No,None,No,No,No,No,No,No,Two year,No,Credit card (automatic),19.65,No
1696-MZVAU,Louisville,KY,40220,35,Male,No,Yes,No,39,No,No,DSL,No,No,No,No,No,No,One year,Yes,Credit card (automatic),25.25,No
7359-WWYJV,Breeding,KY,42715,60,Male,No,Yes,No,72,Yes,Yes,Fiber optic,Yes,Yes,Yes,Yes,Yes,Yes,Two year,No,Credit card (automatic),114.45,No
4906-ZHGPK,Alvaton,KY,42122,38,Male,No,Yes,No,54,Yes,Yes,DSL,No,Yes,No,Yes,Yes,No,One year,Yes,Electronic check,70.7,No
3795-GWTRD,Bevinsville,KY,41606,61,Female,No,Yes,No,63,Yes,No,DSL,Yes,Yes,Yes,Yes,Yes,No,Two year,No,Credit card (automatic),75.55,No
1298-PHBTI,Essie,KY,40827,26,Male,No,Yes,Yes,71,Yes,Yes,Fiber optic,No,Yes,No,Yes,No,No,Two year,Yes,Electronic check,84.8,No
6223-DHJGV,River,KY,41254,29,Female,No,No,No,42,Yes,No,None,No,No,No,No,No,No,One year,Yes,Mailed check,20.65,No
6961-MJKBO,Debord,KY,41214,40,Male,No,No,No,47,Yes,No,None,No,No,No,No,No,No,Two year,No,Bank transfer (automatic),20.45,No
8158-WPEZG,Pleasureville,KY,40057,42,Male,No,No,No,11,No,No,DSL,No,Yes,No,Yes,No,No,Month-to-month,Yes,Electronic check,35.65,No
4918-FYJNT,Garfield,KY,40140,22,Female,Yes,Yes,No,55,Yes,Yes,Fiber optic,No,Yes,Yes,Yes,No,No,Month-to-month,No,Electronic check,90.45,No
0727-BNRLG,Slemp,KY,41763,45,Male,No,No,No,69,Yes,Yes,Fiber optic,No,Yes,Yes,Yes,Yes,No,Two year,Yes,Credit card (automatic),97.65,No
4854-CIDCF,Lexington,KY,40502,37,Female,Yes,No,No,3,Yes,No,Fiber optic,No,No,Yes,No,No,No,Month-to-month,No,Electronic check,73.85,No
3280-MRDOF,Ermine,KY,41815,48,Male,Yes,No,No,30,Yes,Yes,DSL,No,No,Yes,Yes,Yes,No,Two year,Yes,Credit card (automatic),69.1,No
6435-SRWBJ,Fort Thomas,KY,41075,23,Female,No,No,No,5,Yes,Yes,Fiber optic,No,No,Yes,Yes,No,No,Month-to-month,Yes,Electronic check,82.75,No
9964-WBQDJ,Battletown,KY,40104,26,Female,No,Yes,No,71,Yes,Yes,None,No,No,No,No,No,No,Two year,Yes,Credit card (automatic),24.4,No
6303-KFWSL,Pikeville,KY,41501,25,Female,No,No,No,29,Yes,Yes,DSL,No,Yes,No,No,No,No,One year,Yes,Electronic check,55.25,No
1702-CCFNJ,Perryville,KY,40468,38,Male,No,Yes,No,52,Yes,Yes,DSL,No,Yes,No,Yes,No,No,Month-to-month,No,Bank transfer (automatic),61.35,No
8932-CZHRQ,Mammoth Cave,KY,42259,54,Male,No,No,No,68,Yes,Yes,DSL,Yes,Yes,Yes,No,No,Yes,One year,No,Credit card (automatic),76.75,No
0386-CWRGM,South Shore,KY,41175,32,Female,No,Yes,Yes,46,Yes,No,None,No,No,No,No,No,No,Two year,No,Mailed check,19.4,No
5515-RUGKN,Owensboro,KY,42303,53,Male,No,No,No,8,Yes,No,DSL,No,No,No,No,No,Yes,Month-to-month,Yes,Credit card (automatic),54.75,No
0404-AHASP,Hazel,KY,42049,44,Male,No,Yes,No,72,Yes,No,None,No,No,No,No,No,No,Two year,No,Credit card (automatic),19.7,No
7279-NMVJC,Sandgap,KY,40481,32,Female,No,No,No,17,Yes,No,None,No,No,No,No,No,No,One year,No,Bank transfer (automatic),19.9,No
2081-VEYEH,Canada,KY,41519,54,Male,No,No,No,3,Yes,No,Fiber optic,No,Yes,Yes,Yes,Yes,Yes,Month-to-month,Yes,Electronic check,107.95,No
6407-UTSLV,Muldraugh,KY,40155,58,Female,Yes,No,No,2,Yes,No,Fiber optic,No,Yes,No,No,Yes,No,Month-to-month,Yes,Bank transfer (automatic),83.8,No
9060-HJJRW,Center,KY,42214,40,Female,No,No,No,51,No,No,DSL,No,Yes,Yes,No,Yes,Yes,One year,Yes,Credit card (automatic),56.4,No
2587-YNLES,Louisville,KY,40231,32,Female,No,Yes,Yes,6,Yes,No,None,No,No,No,No,No,No,Two year,No,Mailed check,20.1,No
7398-SKNQZ,Robinson Creek,KY,41560,46,Female,No,Yes,No,3,Yes,Yes,Fiber optic,No,No,No,No,Yes,Yes,Month-to-month,No,Electronic check,94.9,No
5935-FCCNB,Carlisle,KY,40311,55,Female,Yes,No,No,17,Yes,Yes,Fiber optic,No,No,No,No,Yes,Yes,Month-to-month,Yes,Electronic check,94.2,No
1958-RNRKS,Louisville,KY,40228,50,Male,No,Yes,No,30,Yes,Yes,DSL,No,No,No,No,No,No,Month-to-month,No,Electronic check,49.9,No
5136-RGMZO,Mize,KY,41352,23,Male,No,No,No,31,Yes,Yes,DSL,No,Yes,No,Yes,Yes,No,Month-to-month,Yes,Electronic check,71.05,No
8345-MVDYC,Corbin,KY,40701,56,Female,No,No,No,45,Yes,No,DSL,Yes,No,Yes,Yes,Yes,Yes,Two year,No,Bank transfer (automatic),81.65,No
8226-BXGES,Gray Hawk,KY,40434,62,Male,No,Yes,No,64,Yes,Yes,Fiber optic,Yes,Yes,Yes,No,No,No,One year,No,Bank transfer (automatic),89.45,No
9705-IOVQQ,Mount Sterling,KY,40353,39,Male,Yes,Yes,Yes,61,Yes,Yes,Fiber optic,No,Yes,No,No,Yes,Yes,One year,No,Electronic check,99,No
1015-OWJKI,Smilax,KY,41764,42,Male,No,No,No,1,Yes,No,None,No,No,No,No,No,No,Month-to-month,No,Mailed check,19.05,No
2040-XBAVJ,Hallie,KY,41821,64,Male,No,Yes,Yes,72,Yes,Yes,Fiber optic,Yes,Yes,Yes,Yes,Yes,Yes,Two year,No,Bank transfer (automatic),114.45,No
8887-IPQNC,Louisville,KY,40212,62,Female,No,Yes,No,7,Yes,No,DSL,No,No,No,No,No,No,Month-to-month,Yes,Mailed check,44.25,No
8646-JCOMS,Thelma,KY,41260,57,Female,No,Yes,No,66,Yes,Yes,Fiber optic,No,Yes,Yes,Yes,No,No,One year,Yes,Bank transfer (automatic),90.55,No
1222-KJNZD,Clermont,KY,40110,39,Male,No,Yes,Yes,40,Yes,No,None,No,No,No,No,No,No,Month-to-month,Yes,Bank transfer (automatic),20.4,No
0106-GHRQR,Williamstown,KY,41097,33,Male,No,No,No,16,Yes,Yes,DSL,No,Yes,Yes,No,No,Yes,Month-to-month,Yes,Bank transfer (automatic),71.4,No
3768-VHXQO,Chappell,KY,40816,26,Male,No,Yes,No,67,Yes,Yes,None,No,No,No,No,No,No,Two year,No,Credit card (automatic),24.85,No
8952-WCVCD,Campbellsville,KY,42718,59,Female,No,Yes,No,41,Yes,No,Fiber optic,Yes,Yes,Yes,No,Yes,Yes,One year,Yes,Bank transfer (automatic),104.45,No
2418-TPEUN,Lexington,KY,40503,45,Female,No,Yes,Yes,56,Yes,No,None,No,No,No,No,No,No,Two year,Yes,Credit card (automatic),19.8,No
3963-RYFNS,Warfield,KY,41267,41,Female,No,No,No,72,Yes,Yes,Fiber optic,Yes,Yes,Yes,Yes,Yes,Yes,Two year,Yes,Bank transfer (automatic),116.45,No
8540-ZQGEA,Seco,KY,41849,50,Female,No,Yes,No,54,Yes,No,None,No,No,No,No,No,No,Two year,No,Credit card (automatic),20.05,No
1320-REHCS,Phelps,KY,41553,48,Male,Yes,No,No,52,Yes,Yes,Fiber optic,No,Yes,Yes,Yes,Yes,Yes,Month-to-month,Yes,Electronic check,110.75,No
4137-JOPHL,Sturgis,KY,42459,30,Female,No,No,No,50,Yes,No,Fiber optic,No,No,Yes,Yes,No,Yes,Two year,Yes,Bank transfer (automatic),89.7,No
7801-CEDNV,Mayfield,KY,42066,26,Male,No,Yes,No,27,Yes,No,DSL,Yes,No,No,No,No,No,One year,No,Credit card (automatic),48.7,No
2057-BOYKM,Brooksville,KY,41004,40,Female,Yes,Yes,No,72,Yes,Yes,Fiber optic,Yes,Yes,Yes,Yes,No,No,Two year,Yes,Bank transfer (automatic),96.6,No
3658-QQJYD,Mount Vernon,KY,40456,34,Male,No,No,No,62,Yes,No,DSL,Yes,Yes,No,No,Yes,Yes,One year,Yes,Credit card (automatic),74.3,No
1803-BGNBD,Dana,KY,41615,20,Female,No,No,No,12,Yes,No,DSL,No,Yes,No,Yes,No,No,Month-to-month,Yes,Electronic check,54.3,No
0134-XWXCE,Fredonia,KY,42411,23,Female,Yes,No,No,44,Yes,No,DSL,No,No,Yes,Yes,Yes,Yes,One year,No,Bank transfer (automatic),74.85,No
6950-TWMYB,Hulen,KY,40845,21,Male,No,Yes,Yes,54,Yes,No,Fiber optic,No,Yes,No,Yes,No,No,Two year,Yes,Bank transfer (automatic),79.95,No
5848-FHRFC,Jonancy,KY,41538,22,Female,No,No,No,68,Yes,No,None,No,No,No,No,No,No,Two year,No,Bank transfer (automatic),20.05,No
2243-FNMMI,Sandy Hook,KY,41171,62,Male,No,No,No,20,Yes,No,None,No,No,No,No,No,No,Month-to-month,No,Mailed check,19.4,No
2511-MORQY,Verona,KY,41092,54,Male,No,Yes,No,50,Yes,Yes,DSL,No,No,Yes,No,No,No,One year,No,Bank transfer (automatic),54.9,No
5356-KZCKT,Beattyville,KY,41311,48,Male,No,No,No,58,Yes,Yes,None,No,No,No,No,No,No,Two year,Yes,Credit card (automatic),24.45,No
9470-XCCEM,Stopover,KY,41568,20,Male,No,Yes,Yes,35,Yes,Yes,Fiber optic,No,Yes,No,No,Yes,No,Month-to-month,Yes,Bank transfer (automatic),89.65,No
6519-CFDBX,Gracey,KY,42232,53,Female,No,No,No,2,Yes,No,DSL,No,No,No,No,No,No,Month-to-month,Yes,Electronic check,45.4,No
3902-MIVLE,Langley,KY,41645,56,Male,No,Yes,No,63,Yes,Yes,DSL,Yes,No,Yes,Yes,No,Yes,Two year,No,Mailed check,75.7,No
0409-WTMPL,Belfry,KY,41514,31,Female,No,Yes,No,58,Yes,Yes,Fiber optic,Yes,Yes,Yes,No,Yes,Yes,One year,Yes,Credit card (automatic),110.65,No
8763-KIAFH,Beech Creek,KY,42321,30,Female,No,Yes,No,27,Yes,No,None,No,No,No,No,No,No,One year,Yes,Mailed check,20.55,No
3669-WHAFY,Ferguson,KY,42533,27,Female,No,Yes,No,71,Yes,Yes,Fiber optic,Yes,Yes,Yes,Yes,Yes,Yes,Two year,Yes,Credit card (automatic),115.15,No
3055-VTCGS,Crestwood,KY,40014,23,Female,No,No,No,63,Yes,No,DSL,No,No,Yes,No,No,Yes,One year,No,Credit card (automatic),58.55,No
3144-KMTWZ,Middlesboro,KY,40965,19,Male,No,Yes,No,71,Yes,Yes,Fiber optic,No,Yes,Yes,No,No,Yes,Month-to-month,Yes,Bank transfer (automatic),93.25,No
2007-QVGAW,Sonora,KY,42776,21,Female,No,Yes,Yes,68,Yes,No,None,No,No,No,No,No,No,Two year,Yes,Bank transfer (automatic),19.35,No
5207-PLSTK,Blue River,KY,41607,42,Male,No,Yes,Yes,1,Yes,No,DSL,Yes,No,No,No,No,No,Month-to-month,Yes,Mailed check,48.75,No
2307-FYNNL,Rocky Hill,KY,42163,28,Male,Yes,No,No,65,Yes,Yes,Fiber optic,Yes,No,Yes,Yes,Yes,Yes,Two year,Yes,Electronic check,109.05,No
5605-XNWEN,Hagerhill,KY,41222,59,Male,Yes,Yes,No,72,Yes,Yes,None,No,No,No,No,No,No,Two year,Yes,Bank transfer (automatic),25,No
2155-AMQRX,Hope,KY,40334,20,Female,No,No,No,28,Yes,Yes,DSL,No,No,No,Yes,No,No,Month-to-month,Yes,Credit card (automatic),54.9,No
6181-AXXYF,Boston,KY,40107,31,Male,No,Yes,Yes,72,Yes,Yes,None,No,No,No,No,No,No,Two year,No,Credit card (automatic),24.75,No
5091-HFAZW,Harrodsburg,KY,40330,41,Female,No,No,No,2,Yes,No,Fiber optic,Yes,Yes,No,No,Yes,No,Month-to-month,Yes,Electronic check,91.15,No
2519-LBNQL,Greenup,KY,41144,56,Male,Yes,Yes,No,60,Yes,Yes,Fiber optic,No,Yes,Yes,No,Yes,Yes,One year,Yes,Electronic check,104.35,No
8623-ULFNQ,Gray Hawk,KY,40434,36,Female,Yes,No,No,26,Yes,Yes,DSL,No,No,No,Yes,No,Yes,Month-to-month,Yes,Electronic check,66.05,No
1568-LJSZU,Hellier,KY,41534,36,Male,No,Yes,No,68,Yes,Yes,DSL,Yes,Yes,Yes,Yes,Yes,Yes,Two year,Yes,Credit card (automatic),92.2,No
7789-HKSBS,Fairfield,KY,40020,33,Female,Yes,Yes,No,42,Yes,Yes,Fiber optic,Yes,No,Yes,No,Yes,Yes,One year,Yes,Bank transfer (automatic),105.2,No
7416-CKTEP,Blaine,KY,41124,33,Female,No,Yes,No,57,Yes,No,None,No,No,No,No,No,No,Two year,Yes,Bank transfer (automatic),19.6,No
2586-CWXVV,Ary,KY,41712,59,Male,No,Yes,No,54,No,No,DSL,No,Yes,No,No,No,No,Month-to-month,No,Electronic check,30.4,No
2348-KCJLT,Mount Eden,KY,40046,27,Female,No,Yes,No,44,Yes,No,DSL,Yes,Yes,Yes,No,No,No,One year,Yes,Mailed check,61.5,No
8401-EMUWF,Mount Vernon,KY,40456,62,Male,No,Yes,Yes,42,Yes,Yes,DSL,Yes,Yes,No,No,Yes,No,Month-to-month,Yes,Bank transfer (automatic),69.4,No
4193-IBKSW,Rineyville,KY,40162,30,Male,No,Yes,Yes,72,Yes,Yes,None,No,No,No,No,No,No,Two year,No,Bank transfer (automatic),24.75,No
5377-NDTOU,Sassafras,KY,41759,39,Female,No,Yes,No,71,Yes,Yes,DSL,Yes,Yes,Yes,Yes,Yes,Yes,Two year,No,Mailed check,91.05,No
2474-LCNUE,Leburn,KY,41831,30,Female,No,Yes,No,23,Yes,Yes,DSL,No,No,No,Yes,Yes,Yes,Month-to-month,Yes,Credit card (automatic),73.65,No
0839-QNXME,Nazareth,KY,40048,49,Female,No,No,No,30,Yes,No,None,No,No,No,No,No,No,Two year,No,Credit card (automatic),19.4,No
3506-OVLKD,Boaz,KY,42027,25,Male,No,No,No,35,Yes,Yes,None,No,No,No,No,No,No,One year,No,Bank transfer (automatic),26.2,No
6650-VJONK,Betsy Layne,KY,41605,39,Male,No,No,No,1,Yes,No,DSL,No,No,No,No,No,No,Month-to-month,Yes,Bank transfer (automatic),43.85,No
2178-PMGCJ,Hustonville,KY,40437,61,Male,No,No,No,22,Yes,No,Fiber optic,No,No,No,No,No,No,Month-to-month,Yes,Mailed check,69.7,No
7492-TAFJD,Knob Lick,KY,42154,47,Male,No,Yes,No,7,No,No,DSL,Yes,Yes,Yes,No,No,No,Two year,No,Mailed check,38.55,No
2773-MADBQ,Stanville,KY,41659,37,Female,No,No,No,36,No,No,DSL,Yes,Yes,Yes,Yes,No,Yes,Two year,Yes,Mailed check,53.1,No
6016-LVTJQ,Quincy,KY,41166,56,Female,No,Yes,Yes,34,Yes,No,None,No,No,No,No,No,No,Month-to-month,No,Mailed check,20.65,No
7860-KSUGX,Vest,KY,41772,60,Male,No,Yes,No,72,Yes,Yes,DSL,Yes,Yes,Yes,No,No,No,Two year,No,Credit card (automatic),64.45,No
8966-KZXXA,Walker,KY,40997,37,Male,No,Yes,Yes,36,Yes,Yes,None,No,No,No,No,No,No,Two year,No,Credit card (automatic),25.1,No
5149-QYTTU,Keavy,KY,40737,29,Female,No,Yes,Yes,71,Yes,Yes,Fiber optic,Yes,Yes,Yes,Yes,No,No,One year,Yes,Credit card (automatic),95.15,No
2070-XYMFH,Shepherdsville,KY,40165,31,Female,Yes,No,No,23,Yes,Yes,Fiber optic,No,No,Yes,No,No,No,Month-to-month,Yes,Mailed check,79.35,No
2085-BOJKI,Essie,KY,40827,35,Male,No,Yes,No,17,Yes,No,Fiber optic,No,No,Yes,No,Yes,Yes,One year,Yes,Bank transfer (automatic),96.65,No
0817-HSUSE,Booneville,KY,41314,42,Male,No,No,No,1,Yes,No,DSL,No,No,Yes,Yes,Yes,Yes,Month-to-month,Yes,Electronic check,75.5,No
5442-PPTJY,Hinkle,KY,40953,48,Male,No,Yes,Yes,12,Yes,No,None,No,No,No,No,No,No,Two year,No,Mailed check,19.7,No
1927-QEWMY,Fort Knox,KY,40121,41,Female,No,Yes,No,72,Yes,No,None,No,No,No,No,No,No,Two year,No,Credit card (automatic),20.5,No
1663-MHLHE,Linefork,KY,41833,47,Male,No,No,No,1,Yes,No,None,No,No,No,No,No,No,Month-to-month,No,Mailed check,19.2,No
5663-QBGIS,Tutor Key,KY,41263,49,Male,Yes,Yes,No,72,Yes,Yes,Fiber optic,No,Yes,No,No,Yes,Yes,Two year,No,Bank transfer (automatic),98.35,No
4450-MDZFX,Centertown,KY,42328,33,Male,No,Yes,Yes,60,Yes,Yes,Fiber optic,No,No,No,No,No,No,Month-to-month,No,Bank transfer (automatic),74.35,No
6701-DHKWQ,Corinth,KY,41010,32,Female,No,Yes,No,61,No,No,DSL,No,Yes,Yes,Yes,Yes,No,Two year,No,Credit card (automatic),51.35,No
7554-AKDQF,Boaz,KY,42027,52,Female,No,Yes,No,6,Yes,No,DSL,No,No,No,No,No,No,Month-to-month,No,Mailed check,45.65,No
0794-YVSGE,Buckhorn,KY,41721,63,Male,No,Yes,Yes,72,Yes,No,None,No,No,No,No,No,No,Two year,No,Bank transfer (automatic),20.3,No
5423-BHIXO,Louisville,KY,40220,36,Female,No,No,No,32,Yes,Yes,DSL,No,Yes,No,No,No,No,Month-to-month,Yes,Electronic check,54.2,No
6908-VVYHM,Jackson,KY,41339,62,Male,No,Yes,No,65,Yes,Yes,Fiber optic,No,Yes,No,No,No,Yes,Month-to-month,Yes,Electronic check,90.65,No
2959-EEXWB,Pineville,KY,40977,31,Female,No,Yes,Yes,45,No,No,DSL,Yes,No,No,No,Yes,Yes,Month-to-month,Yes,Bank transfer (automatic),50.9,No
1839-UMACK,Campbellsburg,KY,40011,35,Male,No,No,No,42,Yes,Yes,None,No,No,No,No,No,No,One year,No,Electronic check,25.05,No
3030-YDNRM,Wooton,KY,41776,44,Male,No,No,No,8,Yes,Yes,Fiber optic,No,No,No,No,No,No,Month-to-month,Yes,Electronic check,74.85,No
7321-KKSDU,Waddy,KY,40076,61,Male,No,No,Yes,32,Yes,No,None,No,No,No,No,No,No,Two year,No,Mailed check,20.5,No
3402-XRIUO,Cromwell,KY,42333,50,Female,Yes,Yes,No,22,Yes,Yes,DSL,Yes,Yes,No,Yes,No,No,Month-to-month,Yes,Mailed check,63.55,No
8286-AFUYI,Ulysses,KY,41264,39,Male,No,No,No,1,Yes,No,DSL,Yes,No,No,No,No,No,Month-to-month,No,Electronic check,47.95,No
8356-WUAOJ,Corbin,KY,40701,41,Female,No,Yes,No,1,Yes,No,DSL,No,No,No,No,No,No,Month-to-month,Yes,Electronic check,45,No
8058-DMYRU,Boaz,KY,42027,53,Male,Yes,No,No,54,Yes,Yes,Fiber optic,No,Yes,No,No,No,Yes,Month-to-month,Yes,Electronic check,90.05,No
9350-ZXYJC,Paris,KY,40361,35,Female,No,No,No,4,Yes,Yes,None,No,No,No,No,No,No,Two year,Yes,Credit card (automatic),25.3,No
8958-JPTRR,Frankfort,KY,40601,62,Female,No,Yes,No,56,Yes,Yes,None,No,No,No,No,No,No,One year,No,Electronic check,24.3,No
6959-GQEGV,Mayslick,KY,41055,30,Male,No,No,No,45,Yes,No,DSL,Yes,No,Yes,No,Yes,Yes,Month-to-month,Yes,Electronic check,75.95,No
3173-WSSUE,Miracle,KY,40856,24,Female,No,Yes,Yes,71,Yes,No,None,No,No,No,No,No,No,Two year,No,Credit card (automatic),19.7,No
1265-HVPZB,Powderly,KY,42367,25,Male,No,Yes,No,59,Yes,No,DSL,Yes,Yes,Yes,No,Yes,No,One year,No,Credit card (automatic),66.4,No
4115-UMJFQ,Coalgood,KY,40818,28,Male,No,No,No,69,No,No,DSL,No,Yes,Yes,No,No,No,One year,Yes,Bank transfer (automatic),35.75,No
7369-TRPFD,Woodbine,KY,40771,49,Male,No,No,No,19,Yes,No,None,No,No,No,No,No,No,One year,No,Mailed check,18.8,No
1098-KFQEC,Harned,KY,40144,38,Female,No,Yes,Yes,55,Yes,No,None,No,No,No,No,No,No,Two year,No,Credit card (automatic),19.4,No
7190-XHTWJ,Louisville,KY,40223,60,Female,No,No,No,38,Yes,No,None,No,No,No,No,No,No,One year,No,Mailed check,19.3,No
3537-RYBHH,Lebanon,KY,40033,38,Female,Yes,Yes,No,47,Yes,Yes,DSL,Yes,Yes,Yes,No,No,No,Month-to-month,Yes,Credit card (automatic),67.45,No
5296-BFCYD,Lewisburg,KY,42256,53,Male,No,Yes,Yes,46,Yes,No,None,No,No,No,No,No,No,Two year,Yes,Mailed check,20.1,No
9359-JANWS,Clarkson,KY,42726,21,Female,No,Yes,No,65,Yes,No,DSL,Yes,No,Yes,Yes,No,No,Two year,No,Credit card (automatic),58.9,No
3279-DYZQM,Pathfork,KY,40863,50,Male,No,Yes,Yes,71,Yes,No,None,No,No,No,No,No,No,Two year,No,Mailed check,19.45,No
0523-VNGTF,Neon,KY,41840,32,Female,Yes,No,No,52,No,No,DSL,No,Yes,Yes,Yes,Yes,No,Month-to-month,Yes,Electronic check,50.5,No
9575-IWCAZ,David,KY,41616,24,Male,No,Yes,No,6,Yes,Yes,None,No,No,No,No,No,No,One year,No,Mailed check,25.1,No
7105-MXJLL,Garrett,KY,41630,24,Female,Yes,Yes,No,26,Yes,No,DSL,No,No,Yes,No,No,Yes,One year,No,Mailed check,60.7,No
7064-FRRSW,Island,KY,42350,57,Male,Yes,No,No,48,Yes,Yes,Fiber optic,No,Yes,No,No,Yes,Yes,One year,Yes,Electronic check,99,No
7940-UQQUG,London,KY,40741,24,Female,No,Yes,Yes,64,Yes,Yes,Fiber optic,Yes,No,No,Yes,Yes,Yes,One year,Yes,Bank transfer (automatic),104.4,No
3961-SXAXY,Forest Hills,KY,41527,32,Male,No,No,No,1,Yes,No,DSL,No,No,No,No,No,No,Month-to-month,Yes,Bank transfer (automatic),44.05,No
7010-BRBUU,Rousseau,KY,41366,38,Male,No,Yes,Yes,72,Yes,Yes,None,No,No,No,No,No,No,Two year,No,Credit card (automatic),24.1,No
3566-HJGPK,Union Star,KY,40171,33,Male,No,No,No,1,Yes,No,DSL,No,No,No,No,No,No,Month-to-month,Yes,Mailed check,45.55,No
3062-ICYZQ,Wilmore,KY,40390,60,Female,No,Yes,Yes,51,Yes,Yes,Fiber optic,Yes,Yes,No,No,No,Yes,Month-to-month,Yes,Electronic check,93.8,No
9938-PRCVK,Gunlock,KY,41632,36,Female,No,Yes,Yes,41,Yes,No,None,No,No,No,No,No,No,Two year,No,Bank transfer (automatic),19.7,No
0973-KYVNF,Lebanon Junction,KY,40150,32,Female,No,Yes,No,72,Yes,No,DSL,Yes,Yes,Yes,No,Yes,No,Two year,Yes,Credit card (automatic),70.65,No
5129-HHMZC,Belton,KY,42324,57,Female,No,Yes,No,43,Yes,Yes,DSL,Yes,Yes,No,Yes,Yes,Yes,Two year,No,Credit card (automatic),86.45,No
9637-CDTKZ,Sizerock,KY,41762,21,Male,No,Yes,No,72,Yes,Yes,Fiber optic,Yes,Yes,Yes,Yes,Yes,Yes,Two year,Yes,Credit card (automatic),114.1,No
3946-JEWRQ,Beaumont,KY,42124,56,Male,No,Yes,No,47,Yes,Yes,Fiber optic,No,No,No,No,Yes,Yes,One year,Yes,Credit card (automatic),95.2,No
7873-CVMAW,Woodburn,KY,42170,59,Male,No,No,No,72,Yes,Yes,DSL,Yes,Yes,Yes,Yes,Yes,Yes,Two year,No,Credit card (automatic),88.55,No
0463-WZZKO,Nebo,KY,42441,46,Male,No,No,No,3,Yes,No,None,No,No,No,No,No,No,Month-to-month,Yes,Credit card (automatic),20.75,No
4524-QCSSM,Argillite,KY,41121,58,Male,No,No,No,26,No,No,DSL,Yes,Yes,No,No,No,Yes,Month-to-month,Yes,Bank transfer (automatic),44.65,No
5832-EXGTT,Wheatcroft,KY,42463,29,Male,No,Yes,Yes,29,Yes,No,DSL,Yes,No,No,No,No,Yes,Month-to-month,Yes,Mailed check,60.2,No
2039-JONDJ,Hopkinsville,KY,42240,26,Male,No,No,No,27,Yes,No,DSL,Yes,Yes,No,No,No,No,One year,No,Bank transfer (automatic),55.45,No
7217-JYHOQ,Franklin,KY,42134,45,Male,No,Yes,Yes,24,Yes,No,DSL,Yes,Yes,No,Yes,No,Yes,Month-to-month,Yes,Credit card (automatic),70.3,No
6695-FRVEC,Tiline,KY,42083,58,Male,No,Yes,No,67,Yes,No,DSL,Yes,No,Yes,Yes,No,No,Two year,Yes,Bank transfer (automatic),60.4,No
9894-QMIMJ,Loyall,KY,40854,23,Female,No,No,No,23,Yes,No,DSL,No,Yes,Yes,No,No,No,One year,No,Bank transfer (automatic),55.8,No
8069-YQQAJ,Bonnyman,KY,41719,40,Male,No,No,No,14,No,No,DSL,No,Yes,No,No,No,No,Month-to-month,Yes,Mailed check,31.1,No
1636-NTNCO,Ravenna,KY,40472,52,Male,Yes,No,No,4,No,No,DSL,No,Yes,No,No,Yes,Yes,Month-to-month,Yes,Credit card (automatic),50.95,No
3466-WAESX,Royalton,KY,41464,19,Male,No,No,Yes,16,Yes,Yes,DSL,Yes,Yes,No,No,No,Yes,Month-to-month,Yes,Electronic check,69.1,No
9281-PKKZE,Radcliff,KY,40160,30,Female,No,Yes,No,46,No,No,DSL,No,No,No,No,Yes,Yes,Month-to-month,Yes,Electronic check,43.95,No
3638-VBZTA,Springfield,KY,40069,38,Male,No,No,No,68,Yes,Yes,DSL,Yes,Yes,No,Yes,Yes,Yes,Two year,Yes,Bank transfer (automatic),86.5,No
7459-IMVYU,Lowes,KY,42061,19,Male,No,No,No,38,Yes,Yes,DSL,Yes,Yes,Yes,Yes,No,No,Month-to-month,No,Electronic check,69.95,No
8563-OYMQY,South Carrollton,KY,42374,21,Male,No,No,No,17,Yes,No,Fiber optic,No,Yes,Yes,No,No,Yes,Month-to-month,Yes,Credit card (automatic),90.95,No
0754-EEBDC,Bronston,KY,42518,46,Male,No,Yes,Yes,4,Yes,No,None,No,No,No,No,No,No,Two year,No,Mailed check,19.9,No
5777-ZPQNC,White Mills,KY,42788,62,Female,No,No,No,12,Yes,No,None,No,No,No,No,No,No,One year,No,Electronic check,20.15,No
1951-IEYXM,Mount Washington,KY,40047,59,Male,No,Yes,No,72,Yes,Yes,DSL,Yes,Yes,Yes,Yes,Yes,Yes,Two year,Yes,Credit card (automatic),90.6,No
3318-NMQXL,Putney,KY,40865,59,Male,No,No,No,3,Yes,No,Fiber optic,No,No,No,No,Yes,Yes,Month-to-month,Yes,Electronic check,92,No
1022-RKXDR,Bethlehem,KY,40007,57,Female,No,No,No,41,Yes,Yes,None,No,No,No,No,No,No,One year,Yes,Mailed check,24.85,No
2361-FJWNO,Williamsburg,KY,40769,36,Male,No,No,No,40,No,No,DSL,No,Yes,No,Yes,No,No,One year,No,Credit card (automatic),36,No
2272-UOINI,Transylvania,LA,71286,48,Female,No,No,No,7,Yes,No,DSL,Yes,Yes,No,Yes,Yes,Yes,Month-to-month,Yes,Electronic check,78.5,No
8232-UTFOZ,Shreveport,LA,71104,55,Male,No,No,No,69,Yes,No,None,No,No,No,No,No,No,Two year,No,Credit card (automatic),19.95,No
3750-YHRYO,Vidalia,LA,71373,62,Male,No,Yes,No,7,Yes,No,None,No,No,No,No,No,No,One year,No,Mailed check,20.65,No
6637-KYRCV,Alexandria,LA,71302,44,Female,No,Yes,Yes,5,No,No,DSL,No,Yes,No,No,No,No,Month-to-month,Yes,Electronic check,30.5,No
5668-MEISB,Dry Prong,LA,71423,63,Female,No,Yes,Yes,72,Yes,Yes,Fiber optic,Yes,Yes,Yes,Yes,Yes,No,Two year,No,Credit card (automatic),106.1,No
0129-QMPDR,Grand Isle,LA,70358,41,Male,No,Yes,No,44,Yes,No,None,No,No,No,No,No,No,One year,Yes,Bank transfer (automatic),20.5,No
7188-CBBBA,Violet,LA,70092,56,Female,No,No,No,65,Yes,Yes,Fiber optic,No,Yes,Yes,No,Yes,No,One year,Yes,Electronic check,95.5,No
5356-CSVSQ,Reeves,LA,70658,29,Female,No,No,No,3,Yes,Yes,DSL,No,No,No,Yes,Yes,No,Month-to-month,No,Electronic check,64.6,No
3221-CJMSG,Starks,LA,70661,21,Male,No,No,No,24,Yes,No,DSL,No,No,No,Yes,No,No,Month-to-month,Yes,Credit card (automatic),51.1,No
3219-JQRSL,Kenner,LA,70062,60,Female,Yes,Yes,No,72,Yes,Yes,DSL,Yes,Yes,Yes,Yes,Yes,Yes,Two year,No,Credit card (automatic),89.1,No
2801-NISEI,Homer,LA,71040,33,Male,No,No,No,24,Yes,No,DSL,Yes,No,No,Yes,No,No,Month-to-month,No,Electronic check,54.95,No
4623-ZKHLY,Boothville,LA,70038,59,Male,No,Yes,No,22,Yes,No,None,No,No,No,No,No,No,Month-to-month,Yes,Bank transfer (automatic),20.45,No
6732-VAILE,Georgetown,LA,71432,56,Male,No,Yes,No,70,Yes,Yes,DSL,No,Yes,Yes,Yes,Yes,Yes,Two year,Yes,Credit card (automatic),85.95,No
8201-AAXCB,Sarepta,LA,71071,59,Male,No,Yes,Yes,25,Yes,Yes,DSL,No,No,No,No,Yes,No,Month-to-month,No,Electronic check,60.35,No
7696-CFTAT,Marksville,LA,71351,56,Male,No,Yes,Yes,37,Yes,No,None,No,No,No,No,No,No,Two year,No,Bank transfer (automatic),19.8,No
1845-CSBRZ,Loranger,LA,70446,29,Female,Yes,Yes,Yes,22,Yes,Yes,Fiber optic,No,No,No,No,Yes,No,Month-to-month,No,Bank transfer (automatic),85.35,No
2123-VSCOT,Grosse Tete,LA,70740,32,Female,No,Yes,No,59,Yes,Yes,DSL,No,No,Yes,Yes,Yes,No,Two year,Yes,Bank transfer (automatic),72.1,No
2018-QKYGT,Ponchatoula,LA,70454,59,Male,No,Yes,Yes,1,Yes,No,Fiber optic,No,No,No,No,No,Yes,Month-to-month,Yes,Electronic check,81.05,No
2792-VPPET,Saint Rose,LA,70087,38,Male,No,No,No,3,Yes,No,None,No,No,No,No,No,No,Month-to-month,Yes,Electronic check,20.5,No
7409-JURKQ,Natalbany,LA,70451,21,Female,No,Yes,No,53,Yes,Yes,Fiber optic,No,Yes,Yes,Yes,Yes,Yes,One year,Yes,Bank transfer (automatic),111.8,No
3247-MHJKM,Mer Rouge,LA,71261,47,Male,No,No,No,1,Yes,No,None,No,No,No,No,No,No,Month-to-month,No,Mailed check,20.2,No
1964-SVLEA,Pride,LA,70770,60,Male,No,No,No,20,Yes,No,None,No,No,No,No,No,No,One year,Yes,Mailed check,19.7,No
7297-DVYGA,Carville,LA,70721,33,Female,No,No,No,51,Yes,No,None,No,No,No,No,No,No,One year,Yes,Bank transfer (automatic),19.85,No
2239-CGBUZ,Port Sulphur,LA,70083,25,Female,No,Yes,No,51,Yes,No,DSL,Yes,Yes,No,Yes,No,No,One year,Yes,Bank transfer (automatic),60.5,No
0854-UYHZD,Hamburg,LA,71339,58,Female,No,Yes,Yes,13,Yes,No,None,No,No,No,No,No,No,Two year,No,Mailed check,19.55,No
7243-LCGGZ,Pierre Part,LA,70339,26,Female,No,No,No,1,Yes,No,None,No,No,No,No,No,No,Month-to-month,No,Mailed check,20.9,No
8267-KFGYD,Reserve,LA,70084,24,Male,No,No,Yes,1,Yes,No,None,No,No,No,No,No,No,Month-to-month,Yes,Mailed check,21.05,No
4890-VMUAV,Sulphur,LA,70663,53,Male,No,No,No,63,Yes,Yes,DSL,Yes,Yes,Yes,Yes,No,No,One year,No,Electronic check,71.5,No
9261-WDCAF,Delhi,LA,71232,26,Male,No,No,No,3,Yes,No,DSL,No,No,No,No,No,Yes,Month-to-month,No,Mailed check,54.65,No
3764-MNMOI,Reddell,LA,70580,20,Male,No,No,No,46,Yes,No,None,No,No,No,No,No,No,Two year,No,Credit card (automatic),19.2,No
7442-YGZFK,Barksdale Afb,LA,71110,63,Male,No,No,No,1,Yes,Yes,DSL,No,No,No,No,No,No,Month-to-month,Yes,Credit card (automatic),49.8,No
8229-BUJHX,Atlanta,LA,71404,26,Female,No,Yes,Yes,71,Yes,No,None,No,No,No,No,No,No,Two year,No,Bank transfer (automatic),20.5,No
7449-HVPIV,Monroe,LA,71201,56,Male,No,Yes,Yes,55,Yes,Yes,Fiber optic,No,No,Yes,No,Yes,No,Month-to-month,Yes,Credit card (automatic),90.4,No
5504-WSIUR,Innis,LA,70747,23,Female,No,No,No,70,Yes,Yes,Fiber optic,No,Yes,Yes,Yes,No,No,One year,Yes,Bank transfer (automatic),90.25,No
8466-PZBLH,Lettsworth,LA,70753,45,Male,No,Yes,Yes,67,Yes,Yes,Fiber optic,Yes,No,No,Yes,Yes,Yes,Two year,No,Bank transfer (automatic),104.6,No
8735-IJJEG,Fort Polk,LA,71459,25,Male,No,Yes,No,14,Yes,No,DSL,No,No,Yes,No,No,No,Month-to-month,No,Credit card (automatic),50.2,No
0564-MUUQK,Des Allemands,LA,70030,28,Female,No,Yes,Yes,20,Yes,Yes,Fiber optic,No,No,Yes,Yes,No,Yes,Month-to-month,Yes,Bank transfer (automatic),95.5,No
0701-RFGFI,Zwolle,LA,71486,42,Female,No,Yes,Yes,49,Yes,Yes,Fiber optic,No,No,No,No,Yes,Yes,Month-to-month,Yes,Bank transfer (automatic),95.4,No
0019-EFAEP,Baldwin,LA,70514,26,Female,No,No,No,72,Yes,Yes,Fiber optic,Yes,Yes,Yes,No,Yes,No,Two year,Yes,Bank transfer (automatic),101.3,No
5619-PTMIK,Bonita,LA,71223,25,Female,No,Yes,No,46,Yes,Yes,DSL,Yes,No,No,No,No,No,Month-to-month,No,Electronic check,53.1,No
3737-XBQDD,Shreveport,LA,71101,47,Male,No,No,No,24,Yes,Yes,Fiber optic,No,Yes,Yes,No,No,No,Month-to-month,Yes,Bank transfer (automatic),84.85,No
5882-CMAZQ,Marrero,LA,70072,24,Female,No,Yes,Yes,5,No,No,DSL,No,Yes,No,Yes,No,No,Month-to-month,No,Electronic check,34.25,No
5846-QFDFI,Clarence,LA,71414,30,Female,No,Yes,Yes,33,Yes,Yes,Fiber optic,No,Yes,Yes,Yes,No,No,Month-to-month,No,Credit card (automatic),88.6,No
4445-KWOKW,Saint Martinville,LA,70582,64,Female,No,No,No,42,Yes,Yes,DSL,Yes,Yes,No,No,No,No,One year,Yes,Bank transfer (automatic),60.15,No
3511-APPBJ,Farmerville,LA,71241,62,Male,No,No,No,23,Yes,No,Fiber optic,Yes,No,Yes,No,Yes,Yes,One year,Yes,Credit card (automatic),99.95,No
7967-HYCDE,Singer,LA,70660,56,Male,No,No,No,8,Yes,No,Fiber optic,No,No,No,No,No,No,Month-to-month,No,Bank transfer (automatic),70.7,No
2430-RRYUW,Fort Necessity,LA,71243,21,Male,No,No,No,66,Yes,No,DSL,Yes,Yes,No,No,No,No,One year,Yes,Mailed check,54.8,No
3723-BFBGR,Leesville,LA,71446,54,Male,Yes,No,No,24,Yes,Yes,DSL,No,Yes,No,No,No,No,Month-to-month,No,Credit card (automatic),54.8,No
5447-WZAFP,Bossier City,LA,71112,64,Female,No,No,No,53,Yes,No,Fiber optic,No,Yes,Yes,No,Yes,Yes,One year,Yes,Mailed check,100.3,No
5110-CHOPY,Donner,LA,70352,43,Female,No,No,No,60,No,No,DSL,Yes,No,Yes,No,Yes,Yes,Two year,No,Electronic check,53.6,No
4425-OWHWB,Baldwin,LA,70514,58,Female,No,No,No,20,Yes,No,None,No,No,No,No,No,No,One year,Yes,Credit card (automatic),19.35,No
7892-QVYKW,Mangham,LA,71259,39,Female,No,Yes,Yes,23,Yes,Yes,Fiber optic,No,No,No,No,No,Yes,Month-to-month,No,Electronic check,85.6,No
9675-ICXCT,Venice,LA,70091,25,Male,No,Yes,No,72,Yes,No,DSL,Yes,No,Yes,Yes,Yes,Yes,Two year,Yes,Electronic check,80.8,No
4703-MQYKT,Harvey,LA,70058,43,Male,No,No,No,21,Yes,No,None,No,No,No,No,No,No,Two year,No,Mailed check,19.6,No
5692-ICXLW,Deridder,LA,70634,58,Male,Yes,No,No,31,Yes,Yes,Fiber optic,No,Yes,No,No,Yes,No,Month-to-month,Yes,Electronic check,90.7,No
0602-DDUML,New Orleans,LA,70116,20,Female,No,No,No,57,Yes,No,DSL,No,Yes,Yes,Yes,Yes,No,Two year,No,Mailed check,69.75,No
2208-MPXIO,Simsboro,LA,71275,63,Female,No,Yes,Yes,45,Yes,No,None,No,No,No,No,No,No,Two year,Yes,Bank transfer (automatic),20,No
1960-UYCNN,Logansport,LA,71049,60,Male,No,No,No,10,Yes,Yes,Fiber optic,No,Yes,Yes,No,No,Yes,Month-to-month,Yes,Electronic check,95.25,No
3190-FZATL,Urania,LA,71480,60,Male,No,No,Yes,14,Yes,No,None,No,No,No,No,No,No,Month-to-month,No,Mailed check,19.95,No
7336-RLLRH,Effie,LA,71331,62,Male,No,Yes,No,27,Yes,Yes,DSL,Yes,No,No,Yes,Yes,Yes,One year,No,Mailed check,80.85,No
7710-JSYOA,Springfield,LA,70462,39,Female,No,Yes,Yes,69,Yes,Yes,Fiber optic,No,Yes,No,Yes,No,Yes,Two year,Yes,Bank transfer (automatic),93.3,No
9885-MFVSU,Convent,LA,70723,57,Female,No,Yes,No,35,No,No,DSL,Yes,No,No,Yes,Yes,No,Two year,Yes,Credit card (automatic),46.35,No
0607-MVMGC,Folsom,LA,70437,22,Male,No,Yes,No,45,Yes,Yes,DSL,No,Yes,Yes,No,Yes,Yes,One year,No,Credit card (automatic),78.75,No
3365-SAIGS,Welsh,LA,70591,49,Female,No,No,No,17,Yes,No,Fiber optic,No,Yes,No,No,Yes,No,Month-to-month,Yes,Electronic check,83.55,No
8022-BECSI,Garyville,LA,70051,26,Male,No,No,No,22,Yes,No,None,No,No,No,No,No,No,One year,No,Mailed check,19.6,No
9993-LHIEB,Fluker,LA,70436,61,Male,No,Yes,No,67,Yes,No,DSL,Yes,No,Yes,Yes,No,Yes,Two year,No,Mailed check,67.85,No
0266-CLZKZ,Franklin,LA,70538,47,Female,No,Yes,Yes,67,Yes,Yes,Fiber optic,No,No,Yes,Yes,Yes,Yes,Two year,Yes,Bank transfer (automatic),105.65,No
7020-OZKXZ,Kelly,LA,71441,56,Female,Yes,No,No,9,Yes,No,Fiber optic,No,No,Yes,No,No,No,Month-to-month,No,Credit card (automatic),75.5,No
3977-QCRSL,Chauvin,LA,70344,23,Female,No,No,No,5,Yes,No,None,No,No,No,No,No,No,Month-to-month,No,Mailed check,20.15,No
0017-DINOC,Robeline,LA,71469,34,Male,No,No,No,54,No,No,DSL,Yes,No,No,Yes,Yes,No,Two year,No,Credit card (automatic),45.2,No
7639-OPLNG,Marrero,LA,70072,20,Male,No,Yes,No,70,Yes,Yes,DSL,Yes,Yes,Yes,Yes,Yes,No,Two year,Yes,Bank transfer (automatic),79.25,No
1492-QGCLU,Shreveport,LA,71101,32,Male,No,Yes,Yes,53,Yes,Yes,DSL,Yes,No,Yes,Yes,Yes,Yes,Month-to-month,No,Electronic check,85.7,No
7328-OWMOM,Oscar,LA,70762,28,Female,No,No,No,31,Yes,No,None,No,No,No,No,No,No,One year,No,Credit card (automatic),20.1,No
4418-LZMSV,Rougon,LA,70773,25,Male,No,Yes,Yes,13,Yes,No,DSL,No,Yes,Yes,Yes,No,No,Month-to-month,No,Bank transfer (automatic),61.8,No
5155-AZQPB,Belcher,LA,71004,59,Female,No,Yes,Yes,28,Yes,Yes,DSL,No,No,No,No,No,No,Month-to-month,No,Mailed check,49.9,No
1087-GRUYI,French Settlement,LA,70733,47,Male,No,Yes,No,38,Yes,No,None,No,No,No,No,No,No,Two year,No,Bank transfer (automatic),20.4,No
2546-KZAAT,Lakeland,LA,70752,44,Male,No,Yes,No,52,Yes,No,DSL,Yes,Yes,No,No,Yes,Yes,One year,Yes,Mailed check,75.4,No
0181-RITDD,Crowley,LA,70526,55,Male,No,Yes,Yes,62,Yes,No,Fiber optic,Yes,Yes,Yes,Yes,Yes,Yes,Two year,No,Mailed check,108.15,No
5989-PGKJB,Roseland,LA,70456,25,Female,No,No,No,16,Yes,No,Fiber optic,No,Yes,No,No,No,Yes,Month-to-month,Yes,Electronic check,86.25,No
8272-ONJLV,Grand Coteau,LA,70541,50,Male,No,No,No,12,Yes,No,Fiber optic,No,No,Yes,No,Yes,Yes,One year,No,Electronic check,95.7,No
1488-PBLJN,Eunice,LA,70535,54,Female,No,Yes,Yes,72,Yes,Yes,Fiber optic,Yes,Yes,Yes,Yes,Yes,Yes,Two year,Yes,Bank transfer (automatic),116.85,No
0308-GIQJT,New Orleans,LA,70121,62,Male,Yes,No,No,71,Yes,Yes,Fiber optic,No,Yes,No,Yes,Yes,Yes,One year,No,Bank transfer (automatic),105.75,No
3778-FOAQW,Oscar,LA,70762,42,Female,No,Yes,No,24,Yes,No,None,No,No,No,No,No,No,One year,No,Mailed check,20.15,No
4452-ROHMO,Spearsville,LA,71277,20,Female,No,No,No,15,Yes,No,None,No,No,No,No,No,No,Two year,No,Mailed check,19.6,No
3090-LETTY,Thibodaux,LA,70301,60,Male,No,No,Yes,2,Yes,Yes,DSL,Yes,Yes,No,No,No,No,Month-to-month,No,Bank transfer (automatic),60.95,No
5349-AZPEW,Lettsworth,LA,70753,19,Female,No,Yes,Yes,5,No,No,DSL,No,No,No,No,No,No,Month-to-month,No,Mailed check,25.05,No
9720-JJJOR,Homer,LA,71040,37,Male,No,Yes,No,41,Yes,No,DSL,Yes,Yes,Yes,No,No,No,One year,Yes,Bank transfer (automatic),60.3,No
8100-HZZLJ,Shreveport,LA,71105,50,Female,No,No,Yes,43,Yes,No,DSL,Yes,Yes,No,No,No,Yes,Month-to-month,Yes,Electronic check,63.95,No
8775-ERLNB,Pearl River,LA,70452,42,Male,Yes,Yes,No,1,Yes,Yes,Fiber optic,No,No,No,No,No,No,Month-to-month,No,Electronic check,74.3,No
8309-IEYJD,Breaux Bridge,LA,70517,55,Female,Yes,No,No,1,Yes,No,Fiber optic,No,No,No,No,No,No,Month-to-month,Yes,Mailed check,70.6,No
7398-HPYZQ,Palmetto,LA,71358,26,Male,No,Yes,No,71,Yes,Yes,DSL,Yes,Yes,Yes,Yes,Yes,Yes,Two year,No,Bank transfer (automatic),90.55,No
3546-GHEAE,Ida,LA,71044,41,Male,No,No,No,7,Yes,No,None,No,No,No,No,No,No,Two year,No,Mailed check,19.45,No
7361-YPXFS,Zachary,LA,70791,47,Female,Yes,No,No,28,Yes,Yes,DSL,No,Yes,Yes,Yes,No,No,Month-to-month,No,Bank transfer (automatic),64.45,No
6557-BZXLQ,Tullos,LA,71479,57,Male,Yes,No,No,16,Yes,No,Fiber optic,No,No,No,No,No,No,Month-to-month,No,Electronic check,69.65,No
2550-QHZGP,Effie,LA,71331,48,Male,No,No,No,7,Yes,No,None,No,No,No,No,No,No,One year,No,Mailed check,19.5,No
7519-JTWQH,Robeline,LA,71469,32,Female,No,No,No,69,Yes,Yes,Fiber optic,No,Yes,Yes,Yes,Yes,Yes,Two year,Yes,Bank transfer (automatic),110.5,No
2538-OIMXF,Oakdale,LA,71463,50,Female,No,No,Yes,1,No,No,DSL,No,No,No,No,No,No,Month-to-month,No,Mailed check,24.7,No
8543-MSDMF,Jackson,LA,70748,32,Male,No,No,No,3,Yes,No,DSL,Yes,No,Yes,No,Yes,Yes,Month-to-month,Yes,Electronic check,77.4,No
1170-SASML,Summerfield,LA,71079,47,Female,No,Yes,No,69,Yes,Yes,Fiber optic,No,Yes,Yes,No,No,No,Month-to-month,Yes,Bank transfer (automatic),85.4,No
4872-JCVCA,Baskin,LA,71219,27,Female,No,Yes,No,71,No,No,DSL,Yes,Yes,Yes,Yes,No,No,Two year,Yes,Bank transfer (automatic),47.6,No
5346-BZCHP,Lecompte,LA,71346,47,Female,No,Yes,Yes,69,Yes,No,None,No,No,No,No,No,No,Two year,No,Mailed check,19.4,No
2038-LLMLM,Des Allemands,LA,70030,42,Female,No,No,No,48,Yes,Yes,Fiber optic,No,No,Yes,Yes,Yes,Yes,Month-to-month,Yes,Electronic check,103.85,No
1216-BGTSP,Cade,LA,70519,35,Male,No,No,No,45,Yes,Yes,Fiber optic,Yes,No,Yes,Yes,Yes,Yes,Month-to-month,Yes,Credit card (automatic),108.45,No
4138-NAXED,Venice,LA,70091,21,Male,No,No,No,51,Yes,Yes,Fiber optic,No,Yes,No,No,No,No,Month-to-month,No,Bank transfer (automatic),81,No
0744-BIKKF,Harvey,LA,70058,33,Male,No,No,No,72,Yes,Yes,DSL,Yes,Yes,Yes,Yes,Yes,Yes,Two year,No,Bank transfer (automatic),86.65,No
7483-IQWIB,Wisner,LA,71378,61,Male,No,Yes,Yes,37,Yes,Yes,Fiber optic,No,Yes,Yes,No,Yes,No,Month-to-month,Yes,Electronic check,92.95,No
5248-KWLAR,New Llano,LA,71461,47,Male,No,Yes,No,71,Yes,Yes,DSL,Yes,Yes,Yes,Yes,Yes,Yes,Two year,No,Electronic check,90.35,No
7996-MHXLW,Lake Arthur,LA,70549,28,Female,No,No,No,66,Yes,Yes,None,No,No,No,No,No,No,Two year,Yes,Credit card (automatic),25.15,No
7833-PKIHD,Houma,LA,70363,56,Male,No,Yes,No,51,Yes,No,DSL,Yes,No,No,Yes,Yes,Yes,One year,Yes,Bank transfer (automatic),76.4,No
7061-OVMIM,Arabi,LA,70032,19,Female,No,Yes,No,30,Yes,No,None,No,No,No,No,No,No,One year,No,Bank transfer (automatic),19.55,No
5153-RTHKF,Bonita,LA,71223,57,Female,No,No,No,34,Yes,Yes,Fiber optic,No,No,No,No,Yes,No,Month-to-month,No,Electronic check,85.35,No
1852-QSWCD,Monterey,LA,71354,45,Male,No,Yes,Yes,64,Yes,Yes,None,No,No,No,No,No,No,Two year,Yes,Mailed check,24.8,No
4832-VRBMR,Ventress,LA,70783,22,Male,Yes,Yes,No,65,Yes,Yes,Fiber optic,No,Yes,Yes,No,Yes,Yes,One year,Yes,Bank transfer (automatic),103.15,No
9079-LWTFD,Shreveport,LA,71104,56,Male,No,No,No,47,Yes,Yes,Fiber optic,Yes,Yes,No,Yes,Yes,No,Month-to-month,No,Mailed check,100.75,No
3392-EHMNK,Pine Prairie,LA,70576,64,Female,No,Yes,Yes,67,Yes,Yes,Fiber optic,No,Yes,No,Yes,Yes,No,Two year,No,Credit card (automatic),94.1,No
5986-WWXDV,Lisbon,LA,71048,55,Male,No,No,No,39,Yes,No,None,No,No,No,No,No,No,One year,No,Bank transfer (automatic),19.35,No
3061-BCKYI,Arnaudville,LA,70512,20,Male,No,No,No,14,Yes,No,None,No,No,No,No,No,No,Month-to-month,No,Mailed check,19.9,No
7901-TBKJX,Cloutierville,LA,71416,27,Male,Yes,No,No,56,Yes,Yes,Fiber optic,No,No,Yes,No,Yes,Yes,Month-to-month,Yes,Electronic check,101.05,No
7228-PAQPD,Hodge,LA,71247,39,Female,No,No,No,14,Yes,No,DSL,No,No,No,Yes,No,Yes,One year,No,Credit card (automatic),59.1,No
7746-QYVCO,Vacherie,LA,70090,58,Male,No,Yes,No,16,Yes,No,DSL,Yes,Yes,No,No,No,No,One year,Yes,Mailed check,55.85,No
5804-HYIEZ,Benton,LA,71006,21,Male,No,Yes,Yes,70,Yes,Yes,Fiber optic,Yes,Yes,No,No,Yes,Yes,Month-to-month,Yes,Electronic check,106.05,No
9919-FZDED,Dulac,LA,70353,51,Male,Yes,Yes,No,72,Yes,Yes,DSL,Yes,Yes,Yes,No,Yes,Yes,Two year,Yes,Credit card (automatic),84.1,No
5934-TSSAU,Morganza,LA,70759,43,Female,No,Yes,Yes,23,Yes,No,Fiber optic,No,No,Yes,No,No,No,Month-to-month,Yes,Credit card (automatic),75.3,No
3486-KHMLI,Geismar,LA,70734,38,Male,No,No,Yes,21,Yes,Yes,None,No,No,No,No,No,No,Month-to-month,No,Mailed check,24.7,No
6784-XYJAE,Gheens,LA,70355,59,Female,No,No,No,36,Yes,Yes,DSL,No,No,Yes,No,No,No,One year,No,Electronic check,55.8,No
3933-DQPWX,Deville,LA,71328,43,Female,No,No,No,50,No,No,DSL,No,Yes,Yes,Yes,No,No,Two year,No,Credit card (automatic),39.7,No
6661-EIPZC,Gheens,LA,70355,59,Female,No,Yes,Yes,48,No,No,DSL,No,No,No,Yes,No,No,Month-to-month,Yes,Credit card (automatic),29.5,No
8957-THMOA,Destrehan,LA,70047,28,Female,No,No,Yes,50,Yes,No,None,No,No,No,No,No,No,Two year,No,Credit card (automatic),20.15,No
2251-PYLPB,Cameron,LA,70631,23,Male,No,Yes,No,72,Yes,Yes,DSL,Yes,Yes,Yes,Yes,No,Yes,Two year,No,Credit card (automatic),79.55,No
5555-RNPGT,Larose,LA,70373,47,Male,No,No,Yes,10,Yes,Yes,None,No,No,No,No,No,No,Month-to-month,No,Credit card (automatic),24.8,No
1057-FOGLZ,Lafayette,LA,70506,63,Female,No,No,No,18,Yes,No,None,No,No,No,No,No,No,Month-to-month,No,Mailed check,19.65,No
8087-LGYHQ,Avery Island,LA,70513,41,Male,No,No,No,9,Yes,No,Fiber optic,No,No,Yes,No,Yes,Yes,Month-to-month,Yes,Electronic check,94.05,No
4137-BTIKL,Estherwood,LA,70534,38,Male,No,No,No,2,Yes,Yes,Fiber optic,Yes,No,No,No,No,Yes,Month-to-month,No,Mailed check,90.75,No
2190-BCXEC,Morrow,LA,71356,62,Female,No,Yes,No,40,Yes,Yes,Fiber optic,No,No,No,Yes,No,No,Month-to-month,Yes,Credit card (automatic),78.85,No
6227-FBDXH,Dubberly,LA,71024,53,Male,No,Yes,No,69,Yes,Yes,Fiber optic,No,No,Yes,No,Yes,Yes,One year,No,Bank transfer (automatic),99.5,No
2911-WDXMV,Bossier City,LA,71111,63,Male,No,No,Yes,18,Yes,Yes,Fiber optic,No,No,Yes,No,No,No,Month-to-month,Yes,Credit card (automatic),80.55,No
7206-PQBBZ,Mount Airy,LA,70076,63,Male,Yes,Yes,No,11,Yes,No,Fiber optic,No,No,No,No,No,No,Month-to-month,Yes,Electronic check,70.2,No
4547-FZJWE,Estherwood,LA,70534,35,Male,No,Yes,No,55,Yes,No,DSL,Yes,No,No,No,No,Yes,One year,No,Credit card (automatic),59.45,No
7422-WNBTY,Center Point,LA,71323,40,Male,No,Yes,No,33,Yes,Yes,Fiber optic,No,Yes,Yes,No,No,Yes,Month-to-month,Yes,Electronic check,93.35,No
0842-IWYCP,Hayes,LA,70646,44,Female,No,No,No,46,Yes,No,DSL,No,No,No,No,No,No,Month-to-month,No,Bank transfer (automatic),44.95,No
3521-HTQTV,Tickfaw,LA,70466,62,Male,No,No,No,34,Yes,Yes,None,No,No,No,No,No,No,Two year,No,Bank transfer (automatic),26.1,No
3744-ZBHON,Seekonk,MA,2771,41,Female,No,No,No,3,Yes,No,None,No,No,No,No,No,No,Month-to-month,No,Electronic check,20.2,No
3373-DIUUN,Middlefield,MA,1243,37,Male,No,Yes,Yes,30,Yes,No,None,No,No,No,No,No,No,Two year,No,Mailed check,21.25,No
8383-SGHJU,Barre,MA,1005,39,Female,No,No,No,33,Yes,Yes,DSL,Yes,No,No,Yes,No,No,One year,No,Electronic check,59.4,No
7607-QKKTJ,West Springfield,MA,1089,43,Male,No,Yes,Yes,45,Yes,Yes,Fiber optic,No,Yes,Yes,No,No,Yes,One year,Yes,Credit card (automatic),95,No
7707-PYBBH,Boston,MA,2215,35,Male,No,No,No,40,Yes,No,DSL,Yes,Yes,No,Yes,No,No,Month-to-month,Yes,Mailed check,61.9,No
8984-HPEMB,Plympton,MA,2367,53,Female,No,No,No,71,Yes,Yes,Fiber optic,Yes,Yes,Yes,Yes,Yes,Yes,Two year,Yes,Electronic check,118.65,No
4139-DETXS,Cuttyhunk,MA,2713,51,Female,No,Yes,No,72,No,No,DSL,Yes,Yes,Yes,Yes,Yes,Yes,Two year,No,Bank transfer (automatic),64.45,No
9779-DPNEJ,North Easton,MA,2357,29,Female,No,Yes,Yes,22,Yes,No,Fiber optic,No,No,No,No,No,Yes,Month-to-month,Yes,Electronic check,80.15,No
9805-FILKB,Ashland,MA,1721,62,Male,No,Yes,No,46,Yes,No,None,No,No,No,No,No,No,One year,Yes,Bank transfer (automatic),20.2,No
5793-YOLJN,Dracut,MA,1826,21,Female,No,Yes,Yes,55,Yes,No,None,No,No,No,No,No,No,Two year,No,Mailed check,21,No
0673-IGUQO,South Dennis,MA,2660,47,Male,No,No,No,1,Yes,No,None,No,No,No,No,No,No,Month-to-month,No,Mailed check,20.45,No
4123-FCVCB,Hardwick,MA,1037,42,Female,No,No,No,12,Yes,Yes,DSL,No,No,No,Yes,Yes,Yes,One year,Yes,Mailed check,75.85,No
8819-IMISP,Tewksbury,MA,1876,24,Male,No,No,No,31,Yes,Yes,Fiber optic,No,Yes,No,No,No,No,Month-to-month,Yes,Electronic check,80.45,No
8311-UEUAB,New Bedford,MA,2745,44,Female,No,Yes,No,67,Yes,Yes,DSL,Yes,No,No,No,Yes,Yes,Two year,Yes,Electronic check,75.5,No
5858-EAFCZ,South Chatham,MA,2659,56,Male,No,No,No,1,Yes,No,DSL,No,No,No,No,No,No,Month-to-month,No,Mailed check,44.45,No
1163-ONYEY,Pocasset,MA,2559,38,Male,No,Yes,Yes,41,Yes,Yes,DSL,Yes,Yes,Yes,No,Yes,No,Month-to-month,Yes,Credit card (automatic),74.55,No
5656-MJEFC,North Andover,MA,1845,40,Male,No,Yes,No,42,No,No,DSL,Yes,No,Yes,Yes,Yes,No,Two year,No,Credit card (automatic),48.15,No
6082-OQFBA,Deerfield,MA,1342,38,Male,No,Yes,No,23,Yes,No,None,No,No,No,No,No,No,One year,No,Mailed check,19.65,No
8974-OVACP,Boston,MA,2215,64,Female,No,No,No,1,Yes,No,None,No,No,No,No,No,No,Month-to-month,No,Mailed check,20.15,No
4010-YLMVT,Devens,MA,1434,46,Female,No,No,No,56,Yes,Yes,Fiber optic,Yes,Yes,No,No,Yes,Yes,Month-to-month,Yes,Credit card (automatic),106.6,No
1379-FRVEB,Haydenville,MA,1039,19,Male,No,No,Yes,15,Yes,Yes,Fiber optic,No,Yes,No,No,Yes,No,Month-to-month,Yes,Electronic check,91,No
8612-GXIDD,Salisbury,MA,1952,59,Male,No,Yes,Yes,12,Yes,Yes,None,No,No,No,No,No,No,Two year,Yes,Bank transfer (automatic),25.4,No
6288-CHQJB,Acton,MA,1720,35,Female,No,Yes,No,54,Yes,No,DSL,Yes,No,Yes,Yes,No,Yes,Two year,No,Bank transfer (automatic),69.95,No
8160-HOWOX,Wheelwright,MA,1094,27,Female,No,No,No,7,Yes,No,DSL,No,No,No,No,Yes,Yes,Month-to-month,Yes,Electronic check,66.85,No
6648-INWPS,Sagamore Beach,MA,2562,51,Male,No,Yes,Yes,16,Yes,No,None,No,No,No,No,No,No,Month-to-month,No,Electronic check,20.15,No
4223-BKEOR,Lanesborough,MA,1237,58,Female,No,No,No,21,Yes,No,DSL,Yes,No,Yes,No,No,Yes,One year,No,Mailed check,64.85,No
4079-VTGLK,West Dennis,MA,2670,38,Male,Yes,Yes,No,30,Yes,Yes,DSL,No,No,Yes,No,Yes,Yes,Two year,No,Electronic check,74.85,No
1763-WQFUK,Southampton,MA,1073,59,Male,No,No,No,3,Yes,No,DSL,No,No,No,Yes,No,No,Month-to-month,Yes,Mailed check,50.5,No
1391-UBDAR,Wrentham,MA,2093,22,Male,No,No,No,11,Yes,No,Fiber optic,No,No,Yes,No,No,No,Month-to-month,No,Electronic check,72.9,No
8894-JVDCV,Pembroke,MA,2359,56,Female,No,No,No,62,Yes,Yes,Fiber optic,Yes,Yes,Yes,Yes,Yes,Yes,One year,Yes,Credit card (automatic),115.05,No
2023-VQFDL,Somerset,MA,2726,32,Male,No,No,No,18,Yes,No,None,No,No,No,No,No,No,Month-to-month,No,Electronic check,19,No
1345-GKDZZ,Wayland,MA,1778,63,Male,No,No,Yes,6,Yes,No,None,No,No,No,No,No,No,Month-to-month,No,Mailed check,19.55,No
2014-MKGMH,Newton Lower Falls,MA,2462,43,Female,No,No,No,46,Yes,Yes,Fiber optic,No,No,Yes,No,Yes,Yes,One year,Yes,Electronic check,101.1,No
5628-FCGYG,Natick,MA,1760,21,Male,No,No,No,21,Yes,Yes,Fiber optic,No,No,No,No,No,Yes,Month-to-month,Yes,Electronic check,84.1,No
2560-WBWXF,North Easton,MA,2357,64,Male,No,No,No,68,Yes,Yes,None,No,No,No,No,No,No,Two year,Yes,Bank transfer (automatic),24.15,No
0248-IPDFW,Still River,MA,1467,49,Female,No,No,No,1,Yes,Yes,DSL,No,No,No,No,No,No,Month-to-month,Yes,Electronic check,50.1,No
7978-DKUQH,Charlestown,MA,2129,47,Female,No,Yes,No,25,Yes,No,Fiber optic,No,No,Yes,No,No,No,Month-to-month,Yes,Electronic check,74.6,No
4335-UPJSI,Thorndike,MA,1079,61,Female,No,No,Yes,24,Yes,No,None,No,No,No,No,No,No,Two year,No,Mailed check,19.75,No
1784-EZDKJ,Ashfield,MA,1330,61,Male,No,Yes,No,51,Yes,Yes,Fiber optic,No,Yes,Yes,No,Yes,Yes,One year,Yes,Bank transfer (automatic),106.8,No
9297-FVVDH,Chelsea,MA,2150,26,Female,No,Yes,No,57,Yes,Yes,DSL,Yes,No,Yes,Yes,Yes,Yes,Two year,Yes,Electronic check,84.5,No
8007-YYPWD,Woods Hole,MA,2543,31,Female,No,No,No,15,Yes,Yes,None,No,No,No,No,No,No,Two year,No,Bank transfer (automatic),25.05,No
7101-HRBLJ,West Boylston,MA,1583,34,Female,No,Yes,No,72,Yes,No,DSL,Yes,Yes,Yes,Yes,Yes,Yes,Two year,Yes,Bank transfer (automatic),83.7,No
6635-CPNUN,Dennis Port,MA,2639,29,Male,No,Yes,No,28,Yes,Yes,Fiber optic,No,Yes,Yes,No,Yes,No,Month-to-month,No,Credit card (automatic),96.6,No
5453-YBTWV,Newbury,MA,1951,26,Male,No,Yes,Yes,70,Yes,No,Fiber optic,Yes,Yes,Yes,Yes,Yes,No,Two year,Yes,Credit card (automatic),101.1,No
5039-LZRQT,Southampton,MA,1073,24,Female,No,No,No,13,Yes,No,None,No,No,No,No,No,No,One year,No,Mailed check,20.2,No
2931-VUVJN,Somerset,MA,2725,45,Female,Yes,Yes,No,59,Yes,Yes,Fiber optic,Yes,Yes,Yes,Yes,No,No,One year,Yes,Electronic check,94.05,No
6418-PIQSP,Hubbardston,MA,1452,51,Female,No,Yes,No,62,Yes,No,DSL,Yes,No,Yes,Yes,Yes,Yes,Two year,No,Mailed check,81,No
8220-OCUFY,Chatham,MA,2633,56,Female,No,No,No,21,Yes,No,DSL,Yes,No,Yes,Yes,No,No,One year,Yes,Electronic check,60.25,No
3995-WFCSM,Boston,MA,2113,56,Female,No,No,No,2,Yes,No,DSL,No,No,Yes,No,No,Yes,Month-to-month,No,Electronic check,60.85,No
1895-QTKDO,North Grafton,MA,1536,20,Female,No,No,No,1,Yes,No,DSL,No,No,No,No,No,No,Month-to-month,No,Credit card (automatic),43.95,No
2038-OEQZH,Sherborn,MA,1770,54,Male,No,No,No,4,Yes,No,Fiber optic,No,No,Yes,No,No,Yes,Month-to-month,No,Electronic check,86.05,No
1178-PZGAB,Mansfield,MA,2048,53,Female,No,No,No,19,Yes,No,None,No,No,No,No,No,No,One year,No,Credit card (automatic),20.25,No
2626-VEEWG,Williamstown,MA,1267,38,Male,No,Yes,Yes,67,Yes,No,None,No,No,No,No,No,No,Two year,Yes,Credit card (automatic),19.4,No
2878-RMWXY,East Bridgewater,MA,2333,42,Male,Yes,Yes,No,72,Yes,Yes,Fiber optic,Yes,Yes,Yes,No,No,Yes,Two year,Yes,Credit card (automatic),102.65,No
1657-DYMBM,Cambridge,MA,2138,47,Male,No,Yes,No,53,Yes,No,None,No,No,No,No,No,No,Two year,No,Credit card (automatic),19.9,No
7311-MQJCH,Boston,MA,2203,40,Female,No,No,No,5,Yes,No,None,No,No,No,No,No,No,One year,No,Electronic check,19.55,No
7375-WMVMT,East Weymouth,MA,2189,28,Male,Yes,Yes,No,71,Yes,No,Fiber optic,No,Yes,Yes,Yes,No,Yes,Two year,Yes,Credit card (automatic),95.5,No
1136-XGEQU,West Stockbridge,MA,1266,39,Female,No,Yes,No,50,Yes,Yes,DSL,No,Yes,Yes,Yes,Yes,Yes,One year,Yes,Credit card (automatic),84.15,No
2530-FMFXO,Drury,MA,1343,37,Male,No,Yes,Yes,56,Yes,Yes,Fiber optic,No,No,Yes,Yes,Yes,Yes,Two year,Yes,Electronic check,103.2,No
6844-DZKRF,Leicester,MA,1524,35,Male,No,No,No,2,Yes,No,DSL,No,No,No,Yes,No,No,Month-to-month,Yes,Credit card (automatic),50.2,No
5970-GHJAW,New Salem,MA,1355,42,Male,No,Yes,Yes,46,Yes,No,None,No,No,No,No,No,No,Two year,No,Credit card (automatic),19.95,No
8879-XUAHX,Middleboro,MA,2346,46,Male,No,Yes,No,71,Yes,Yes,Fiber optic,Yes,Yes,Yes,Yes,Yes,Yes,Two year,Yes,Electronic check,116.25,No
3689-MOZGR,North Dartmouth,MA,2747,54,Female,No,No,No,29,No,No,DSL,No,No,No,Yes,No,No,Month-to-month,Yes,Electronic check,31.2,No
4195-PNGZS,Waltham,MA,2452,35,Male,No,Yes,Yes,69,Yes,Yes,None,No,No,No,No,No,No,Two year,No,Bank transfer (automatic),24.45,No
5003-XZWWO,Boston,MA,2109,58,Male,No,Yes,No,71,Yes,Yes,DSL,No,Yes,Yes,Yes,Yes,Yes,Two year,No,Credit card (automatic),84.2,No
7622-FWGEW,Hinsdale,MA,1235,41,Male,Yes,Yes,No,56,Yes,No,DSL,Yes,Yes,Yes,Yes,Yes,Yes,Two year,Yes,Bank transfer (automatic),85.65,No
6922-NCEDI,Colrain,MA,1340,53,Male,No,No,No,56,Yes,No,None,No,No,No,No,No,No,One year,Yes,Mailed check,21.2,No
9891-NQDBD,Boston,MA,2210,50,Female,No,Yes,No,28,Yes,Yes,None,No,No,No,No,No,No,One year,No,Mailed check,25.55,No
6131-IUNXN,Reading,MA,1867,49,Female,No,Yes,Yes,19,Yes,No,None,No,No,No,No,No,No,Month-to-month,No,Mailed check,20.2,No
8548-AWOFC,Everett,MA,2149,32,Male,No,Yes,No,66,Yes,Yes,DSL,No,No,No,Yes,No,Yes,Month-to-month,No,Electronic check,63.85,No
9798-DRYDS,South Walpole,MA,2071,30,Female,No,Yes,No,17,Yes,Yes,DSL,No,No,Yes,Yes,No,No,One year,Yes,Mailed check,61.95,No
8532-UEFWH,Cambridge,MA,2139,21,Male,No,Yes,Yes,52,Yes,Yes,None,No,No,No,No,No,No,Two year,No,Mailed check,25.75,No
6296-DDOOR,East Freetown,MA,2717,20,Female,No,No,No,19,Yes,No,DSL,No,Yes,No,No,Yes,No,One year,No,Electronic check,58.2,No
7951-VRDVK,Nantucket,MA,2584,41,Female,No,No,No,36,Yes,No,DSL,Yes,Yes,Yes,Yes,Yes,Yes,One year,No,Bank transfer (automatic),85.85,No
4815-YOSUK,Windsor,MA,1270,19,Male,No,Yes,Yes,72,Yes,Yes,Fiber optic,Yes,Yes,Yes,Yes,No,Yes,One year,Yes,Credit card (automatic),104.9,No
0380-NEAVX,Southbridge,MA,1550,29,Male,Yes,No,No,34,Yes,No,Fiber optic,No,Yes,Yes,No,Yes,Yes,One year,Yes,Electronic check,99.85,No
4365-MSDYN,North Attleboro,MA,2760,64,Male,No,Yes,No,8,Yes,No,None,No,No,No,No,No,No,Month-to-month,Yes,Bank transfer (automatic),19.55,No
7036-TYDEC,Auburndale,MA,2466,59,Female,No,No,No,69,Yes,Yes,Fiber optic,No,No,Yes,Yes,Yes,Yes,Two year,No,Electronic check,104,No
5802-ADBRC,South Deerfield,MA,1373,29,Female,No,Yes,No,50,Yes,Yes,Fiber optic,Yes,No,Yes,No,Yes,Yes,One year,Yes,Mailed check,104.4,No
8076-FEZKJ,Fall River,MA,2723,19,Male,No,No,No,10,Yes,No,None,No,No,No,No,No,No,One year,No,Mailed check,19.5,No
5197-YPYBZ,South Wellfleet,MA,2663,42,Female,No,Yes,Yes,12,Yes,Yes,None,No,No,No,No,No,No,Two year,No,Credit card (automatic),25.25,No
4312-GVYNH,East Walpole,MA,2032,27,Female,No,Yes,No,70,No,No,DSL,Yes,No,Yes,Yes,No,Yes,Two year,Yes,Bank transfer (automatic),49.85,No
8495-LJDFO,Paxton,MA,1612,22,Female,Yes,No,No,64,Yes,Yes,Fiber optic,Yes,No,Yes,Yes,Yes,Yes,Month-to-month,Yes,Bank transfer (automatic),108.95,No
0839-JTCUD,Springfield,MA,1199,56,Female,No,Yes,No,66,Yes,Yes,DSL,Yes,Yes,Yes,Yes,Yes,Yes,Two year,No,Credit card (automatic),89.9,No
5494-WOZRZ,South Easton,MA,2375,46,Female,No,Yes,No,71,Yes,No,DSL,Yes,No,Yes,Yes,Yes,Yes,Two year,Yes,Credit card (automatic),82,No
1302-UHBDD,Haverhill,MA,1830,48,Male,Yes,No,No,20,Yes,No,Fiber optic,No,No,No,No,Yes,Yes,Month-to-month,No,Electronic check,89.95,No
2234-EOFPT,Pocasset,MA,2559,36,Male,No,Yes,No,72,Yes,No,DSL,Yes,Yes,No,Yes,Yes,Yes,Two year,Yes,Bank transfer (automatic),79.35,No
8619-IJNDK,Saugus,MA,1906,46,Female,No,Yes,No,71,Yes,No,DSL,Yes,Yes,Yes,Yes,No,No,Two year,No,Credit card (automatic),64.05,No
8378-LKJAF,Springfield,MA,1129,28,Male,No,Yes,Yes,38,Yes,Yes,Fiber optic,No,No,Yes,No,Yes,Yes,Month-to-month,Yes,Credit card (automatic),101.15,No
1153-GNOLC,Newton Highlands,MA,2461,49,Male,No,No,No,33,No,No,DSL,No,Yes,No,No,Yes,No,One year,Yes,Electronic check,39.1,No
3298-QEICA,Orange,MA,1364,28,Female,No,Yes,No,23,No,No,DSL,Yes,No,No,Yes,No,No,Two year,No,Mailed check,34.6,No
0788-DXBFY,Springfield,MA,1118,42,Male,No,Yes,No,58,Yes,No,None,No,No,No,No,No,No,One year,Yes,Electronic check,19.55,No
3597-YASZG,Newburyport,MA,1950,44,Female,Yes,Yes,No,70,Yes,Yes,Fiber optic,No,Yes,No,Yes,Yes,Yes,Two year,Yes,Bank transfer (automatic),104.45,No
3496-LFSZU,Harwich Port,MA,2646,40,Male,No,Yes,No,4,Yes,No,Fiber optic,No,No,No,No,No,No,Month-to-month,No,Electronic check,70.5,No
5242-UOWHD,Boston,MA,2108,61,Male,No,Yes,Yes,45,Yes,No,None,No,No,No,No,No,No,Two year,No,Mailed check,20.35,No
6479-SZPLM,Lenox Dale,MA,1242,52,Male,No,Yes,Yes,36,Yes,No,None,No,No,No,No,No,No,Two year,No,Credit card (automatic),19.45,No
8097-VBQTZ,Lakeville,MA,2347,19,Male,No,No,No,54,Yes,No,DSL,Yes,Yes,No,Yes,Yes,No,Month-to-month,Yes,Mailed check,69.9,No
4500-HKANN,Templeton,MA,1468,57,Male,No,Yes,No,23,Yes,Yes,DSL,No,Yes,No,Yes,No,No,Two year,No,Mailed check,59.7,No
9917-KWRBE,West Roxbury,MA,2132,60,Female,No,Yes,No,41,Yes,Yes,DSL,Yes,Yes,Yes,No,Yes,No,One year,Yes,Credit card (automatic),78.35,No
3420-ZDBMA,Oxford,MA,1540,62,Male,Yes,No,No,5,Yes,No,Fiber optic,No,No,No,No,No,No,Month-to-month,Yes,Mailed check,71.45,No
2212-LYASK,North Attleboro,MA,2760,64,Male,No,Yes,No,27,No,No,DSL,No,Yes,Yes,No,No,Yes,One year,Yes,Credit card (automatic),45.85,No
1393-IMKZG,Middleboro,MA,2346,29,Female,No,No,No,1,Yes,No,Fiber optic,No,No,No,Yes,Yes,Yes,Month-to-month,Yes,Electronic check,95.85,No
8069-RHUXK,Hingham,MA,2043,64,Female,No,Yes,No,67,No,No,DSL,Yes,No,No,Yes,No,No,Two year,No,Credit card (automatic),35.7,No
3398-GCPMU,Waban,MA,2468,56,Female,Yes,Yes,No,72,Yes,Yes,DSL,Yes,Yes,Yes,Yes,Yes,Yes,Two year,Yes,Credit card (automatic),89.55,No
2908-WGAXL,Lawrence,MA,1843,61,Female,No,Yes,Yes,56,Yes,Yes,None,No,No,No,No,No,No,Two year,Yes,Credit card (automatic),24.95,No
3378-AJRAO,Groveland,MA,1834,30,Male,No,Yes,No,44,Yes,Yes,None,No,No,No,No,No,No,One year,No,Electronic check,24.85,No
1013-QCWAM,Manchester,MA,1944,52,Female,Yes,Yes,No,66,Yes,Yes,Fiber optic,No,Yes,No,No,Yes,Yes,Month-to-month,Yes,Electronic check,100.8,No
6050-FFXES,Greenfield,MA,1301,42,Female,No,Yes,No,69,Yes,Yes,Fiber optic,No,No,Yes,Yes,Yes,Yes,Two year,No,Bank transfer (automatic),105.35,No
0362-RAOQO,Colrain,MA,1340,53,Female,No,No,No,40,Yes,No,None,No,No,No,No,No,No,Two year,No,Credit card (automatic),19.65,No
9554-DFKIC,Three Rivers,MA,1080,52,Male,No,Yes,Yes,30,Yes,Yes,DSL,Yes,No,No,No,No,No,Month-to-month,Yes,Bank transfer (automatic),54.45,No
5527-ACHSO,Newton Center,MA,2459,53,Female,No,No,No,11,Yes,No,DSL,No,No,No,Yes,Yes,Yes,Month-to-month,No,Mailed check,70.5,No
0829-DDVLK,Wendell,MA,1379,26,Female,No,No,No,15,Yes,No,None,No,No,No,No,No,No,One year,No,Credit card (automatic),20.1,No
1399-UBQIU,Wareham,MA,2571,61,Male,No,No,No,11,Yes,No,DSL,No,No,Yes,No,Yes,Yes,Month-to-month,Yes,Electronic check,69.35,No
1813-JLKWR,Brighton,MA,2135,58,Female,No,Yes,No,64,Yes,No,None,No,No,No,No,No,No,One year,No,Bank transfer (automatic),19.8,No
0336-PIKEI,Hadley,MA,1035,64,Male,Yes,Yes,No,72,Yes,No,DSL,Yes,Yes,Yes,Yes,Yes,No,Two year,No,Bank transfer (automatic),74.4,No
7322-OCWHC,Braintree,MA,2184,31,Male,Yes,Yes,No,72,Yes,Yes,Fiber optic,Yes,Yes,Yes,Yes,No,No,Two year,Yes,Bank transfer (automatic),93.05,No
9537-VHDTA,Needham,MA,2492,54,Female,No,No,Yes,1,Yes,No,DSL,Yes,No,No,No,No,No,Month-to-month,No,Mailed check,51.2,No
4957-TIALW,Drury,MA,1343,52,Female,No,No,No,15,Yes,No,DSL,Yes,Yes,Yes,Yes,No,No,One year,No,Credit card (automatic),65.6,No
2054-PJOCK,Norfolk,MA,2056,40,Female,No,No,No,60,Yes,Yes,DSL,No,No,Yes,Yes,Yes,Yes,One year,No,Credit card (automatic),80.55,No
9150-HEPMB,Norfolk,MA,2056,37,Male,No,No,No,56,Yes,No,DSL,Yes,No,Yes,No,No,No,One year,No,Mailed check,52.7,No
9030-QGZNL,Hopedale,MA,1747,39,Female,No,No,No,8,Yes,No,None,No,No,No,No,No,No,Two year,No,Mailed check,20.85,No
3126-WQMGH,Sharon,MA,2067,43,Female,No,Yes,No,49,Yes,Yes,DSL,No,No,No,No,No,No,Month-to-month,Yes,Credit card (automatic),52.15,No
7176-WRTNX,East Orleans,MA,2643,62,Male,No,No,No,70,Yes,Yes,Fiber optic,Yes,Yes,Yes,Yes,Yes,Yes,Two year,Yes,Bank transfer (automatic),114.95,No
5732-IKGQH,Windsor,MA,1270,24,Male,Yes,Yes,No,52,Yes,No,Fiber optic,Yes,No,Yes,Yes,Yes,Yes,One year,Yes,Bank transfer (automatic),104.45,No
9239-GZHZE,Montague,MA,1351,48,Female,No,Yes,No,72,Yes,Yes,Fiber optic,Yes,Yes,Yes,Yes,Yes,Yes,Two year,Yes,Credit card (automatic),113.65,No
7205-BAIAD,Dorchester,MA,2122,46,Female,No,No,No,40,Yes,No,None,No,No,No,No,No,No,Two year,Yes,Bank transfer (automatic),20.6,No
0093-EXYQL,Waltham,MA,2453,23,Female,Yes,No,No,40,Yes,No,Fiber optic,No,No,No,No,Yes,Yes,Month-to-month,Yes,Electronic check,91.55,No
8064-RAVOH,Princeton,MA,1541,36,Male,No,No,Yes,1,Yes,No,DSL,No,No,Yes,No,No,No,Month-to-month,Yes,Electronic check,49.85,No
0219-QAERP,Rockland,MA,2370,39,Male,No,Yes,No,30,Yes,No,None,No,No,No,No,No,No,One year,No,Credit card (automatic),19.8,No
9168-INPSZ,Dedham,MA,2026,62,Female,Yes,Yes,No,44,Yes,Yes,Fiber optic,No,No,Yes,Yes,Yes,Yes,Month-to-month,No,Electronic check,104.15,No
0015-UOCOJ,Auburndale,MA,2466,28,Female,Yes,No,No,7,Yes,No,DSL,Yes,No,No,No,No,No,Month-to-month,Yes,Electronic check,48.2,No
5334-AFQJB,Turners Falls,MA,1376,30,Male,Yes,No,No,72,Yes,Yes,None,No,No,No,No,No,No,Two year,Yes,Credit card (automatic),25.1,No
2754-SDJRD,East Templeton,MA,1438,55,Female,Yes,No,No,8,Yes,Yes,Fiber optic,No,No,No,Yes,Yes,Yes,Month-to-month,Yes,Credit card (automatic),100.15,No
8963-JLGJT,Holbrook,MA,2343,59,Male,No,No,Yes,3,Yes,No,DSL,Yes,No,Yes,No,No,No,Month-to-month,No,Mailed check,55.9,No
1465-LNTLJ,Ayer,MA,1432,31,Male,Yes,Yes,No,8,Yes,No,DSL,No,No,Yes,Yes,No,Yes,Month-to-month,Yes,Credit card (automatic),64.4,No
2135-DQWAQ,Plympton,MA,2367,24,Female,No,No,No,5,Yes,No,Fiber optic,No,Yes,No,No,Yes,No,Month-to-month,Yes,Mailed check,85.3,No
4056-QHXHZ,Sterling,MA,1564,41,Female,No,Yes,Yes,72,Yes,Yes,Fiber optic,Yes,No,Yes,Yes,Yes,Yes,Two year,No,Mailed check,107.45,No
7401-JIXNM,Berlin,MA,1503,51,Female,No,Yes,No,54,Yes,Yes,DSL,Yes,Yes,Yes,Yes,Yes,Yes,Two year,No,Credit card (automatic),91.3,No
9339-FIIJL,Roxbury Crossing,MA,2120,45,Male,No,Yes,No,72,Yes,Yes,DSL,No,Yes,Yes,Yes,Yes,Yes,Two year,No,Bank transfer (automatic),85.95,No
4706-DGAHW,Saugus,MA,1906,33,Male,Yes,No,No,1,Yes,No,DSL,No,No,No,No,No,No,Month-to-month,No,Electronic check,45.2,No
6670-MFRPK,Linwood,MA,1525,53,Male,No,Yes,Yes,69,Yes,Yes,Fiber optic,No,No,Yes,No,No,No,Two year,Yes,Credit card (automatic),79.2,No
6177-PEVRA,Waltham,MA,2452,28,Female,No,No,No,48,Yes,No,DSL,Yes,Yes,No,No,No,No,Two year,No,Credit card (automatic),55.5,No
4813-HQMGZ,Dedham,MA,2026,44,Female,No,Yes,No,8,Yes,Yes,Fiber optic,No,No,No,Yes,No,Yes,Month-to-month,Yes,Electronic check,90.25,No
7579-KKLOE,Somerset,MA,2725,35,Male,No,Yes,No,71,Yes,Yes,DSL,Yes,Yes,Yes,Yes,Yes,Yes,Two year,Yes,Mailed check,91.25,No
8402-EIVQS,Millers Falls,MA,1349,34,Male,No,Yes,No,67,Yes,No,Fiber optic,Yes,Yes,No,No,Yes,Yes,One year,Yes,Credit card (automatic),100.9,No
4947-DSMXK,Marstons Mills,MA,2648,46,Male,No,Yes,Yes,34,Yes,Yes,Fiber optic,No,Yes,No,No,Yes,Yes,Month-to-month,Yes,Bank transfer (automatic),97.7,No
7245-NIIWQ,Springfield,MA,1107,23,Female,No,No,No,3,Yes,No,Fiber optic,No,No,No,No,No,No,Month-to-month,Yes,Electronic check,69.85,No
0002-ORFBO,Danvers,MA,1923,40,Female,No,Yes,No,9,Yes,No,DSL,No,Yes,No,Yes,Yes,No,One year,Yes,Mailed check,65.6,No
3324-OIRTO,Fall River,MA,2723,52,Male,No,Yes,Yes,71,Yes,No,Fiber optic,Yes,Yes,Yes,No,Yes,Yes,One year,Yes,Bank transfer (automatic),104.65,No
5414-OFQCB,South Lee,MA,1260,31,Male,No,No,No,57,Yes,Yes,Fiber optic,No,No,No,Yes,Yes,No,Two year,Yes,Credit card (automatic),90.45,No
4967-WPNCF,Feeding Hills,MA,1030,39,Male,No,No,No,72,No,No,DSL,Yes,Yes,Yes,Yes,Yes,Yes,Two year,Yes,Bank transfer (automatic),63.7,No
8552-OBVRU,Ware,MA,1082,56,Female,Yes,Yes,Yes,48,Yes,No,Fiber optic,Yes,No,Yes,Yes,Yes,Yes,Month-to-month,Yes,Electronic check,104.5,No
8499-BRXTD,Norfolk,MA,2056,38,Male,No,No,No,18,Yes,No,None,No,No,No,No,No,No,One year,No,Mailed check,20.1,No
9154-QDGTH,Assonet,MA,2702,55,Male,No,Yes,Yes,43,Yes,Yes,Fiber optic,No,No,Yes,Yes,Yes,Yes,One year,Yes,Credit card (automatic),104.3,No
8197-BFWVU,Lynn,MA,1901,46,Female,No,Yes,No,72,Yes,Yes,DSL,Yes,Yes,Yes,Yes,Yes,Yes,Two year,Yes,Bank transfer (automatic),93.25,No
2577-GVSIL,Quincy,MA,2171,51,Male,No,Yes,No,35,Yes,Yes,DSL,No,No,No,Yes,Yes,Yes,One year,Yes,Bank transfer (automatic),73.45,No
9367-OIUXP,Longmeadow,MA,1106,45,Male,No,No,No,4,Yes,No,None,No,No,No,No,No,No,Month-to-month,No,Mailed check,20.7,No
6770-UAYGJ,Concord,MA,1742,39,Female,No,Yes,Yes,49,Yes,Yes,None,No,No,No,No,No,No,Two year,No,Mailed check,25.25,No
6463-HHXJR,West Hyannisport,MA,2672,53,Female,No,Yes,Yes,71,Yes,Yes,Fiber optic,Yes,Yes,Yes,No,Yes,No,Two year,No,Bank transfer (automatic),100.5,No
7928-VJYAB,North Truro,MA,2652,20,Male,No,Yes,Yes,11,Yes,No,Fiber optic,No,No,No,No,Yes,Yes,Month-to-month,No,Electronic check,90.6,No
1187-WILMM,East Longmeadow,MA,1028,56,Male,No,Yes,No,63,Yes,Yes,DSL,Yes,Yes,Yes,Yes,Yes,Yes,Two year,Yes,Credit card (automatic),89.4,No
9776-OJUZI,Sandisfield,MA,1255,39,Female,Yes,No,No,65,Yes,Yes,Fiber optic,No,Yes,Yes,No,Yes,No,Month-to-month,Yes,Bank transfer (automatic),95.45,No
1306-RPWXZ,Lancaster,MA,1523,36,Female,No,No,Yes,49,Yes,No,None,No,No,No,No,No,No,Two year,No,Credit card (automatic),20.45,No
3097-PYWXL,Lakeville,MA,2347,58,Female,No,Yes,Yes,4,Yes,No,None,No,No,No,No,No,No,Month-to-month,Yes,Electronic check,19.95,No
2266-SJNAT,East Otis,MA,1029,25,Female,No,Yes,No,72,Yes,Yes,Fiber optic,No,Yes,Yes,Yes,Yes,Yes,One year,No,Credit card (automatic),109.15,No
0869-PAPRP,Siasconset,MA,2564,45,Female,Yes,Yes,No,26,Yes,No,Fiber optic,No,No,Yes,No,Yes,No,Month-to-month,Yes,Credit card (automatic),85.7,No
4238-JSSWH,Great Barrington,MA,1230,44,Female,Yes,Yes,No,35,Yes,Yes,Fiber optic,No,No,Yes,No,Yes,Yes,Month-to-month,No,Bank transfer (automatic),102.05,No
2972-YDYUW,Burlington,MA,1803,20,Female,No,No,No,57,Yes,Yes,Fiber optic,No,Yes,No,Yes,No,Yes,One year,No,Electronic check,94.7,No
1104-FEJAM,Duxbury,MA,2332,48,Male,No,Yes,Yes,28,Yes,Yes,DSL,No,Yes,No,No,No,Yes,Month-to-month,No,Electronic check,64.4,No
2809-ILCYT,Brookfield,MA,1506,46,Female,No,Yes,No,25,Yes,Yes,None,No,No,No,No,No,No,One year,Yes,Mailed check,26.8,No
5499-ECUTN,North Grafton,MA,1536,56,Female,No,Yes,No,47,Yes,No,DSL,Yes,No,Yes,No,Yes,No,One year,Yes,Credit card (automatic),66.05,No
4981-FLTMF,Lynnfield,MA,1940,57,Female,No,Yes,Yes,57,Yes,Yes,DSL,Yes,Yes,No,Yes,No,No,Month-to-month,No,Bank transfer (automatic),65.2,No
9121-PHQSR,Silver Spring,MD,20902,29,Male,Yes,Yes,No,16,Yes,Yes,Fiber optic,No,No,No,No,Yes,No,Month-to-month,Yes,Credit card (automatic),85.05,No
3113-IWHLC,Cecilton,MD,21913,36,Male,No,No,No,5,Yes,No,DSL,Yes,No,Yes,No,No,No,Month-to-month,Yes,Mailed check,55.8,No
4277-BWBML,Great Mills,MD,20634,31,Male,No,Yes,Yes,72,Yes,No,None,No,No,No,No,No,No,Two year,No,Bank transfer (automatic),19.95,No
0234-TEVTT,Germantown,MD,20874,29,Female,No,Yes,Yes,48,No,No,DSL,Yes,No,Yes,No,No,Yes,One year,No,Credit card (automatic),45,No
4304-TSPVK,Dunkirk,MD,20754,50,Female,No,Yes,No,68,Yes,Yes,Fiber optic,Yes,Yes,Yes,Yes,Yes,Yes,Two year,No,Bank transfer (automatic),114.9,No
1552-AAGRX,Joppa,MD,21085,21,Female,No,No,No,30,Yes,Yes,Fiber optic,Yes,No,No,Yes,Yes,Yes,Month-to-month,No,Bank transfer (automatic),106.4,No
2637-FKFSY,East New Market,MD,21631,35,Female,No,Yes,No,3,Yes,No,DSL,No,No,No,No,No,No,Month-to-month,Yes,Mailed check,46.1,No
9796-MVYXX,Warwick,MD,21912,20,Female,Yes,No,No,14,No,No,DSL,Yes,No,Yes,Yes,No,No,Two year,No,Mailed check,39.7,No
7874-ECPQJ,Georgetown,MD,21930,51,Female,No,No,Yes,4,Yes,No,None,No,No,No,No,No,No,Month-to-month,Yes,Bank transfer (automatic),20.05,No
0020-INWCK,Whaleyville,MD,21872,41,Female,No,Yes,Yes,71,Yes,Yes,Fiber optic,No,Yes,Yes,No,No,Yes,Two year,Yes,Credit card (automatic),95.75,No
7089-RKVSZ,Grasonville,MD,21638,40,Male,No,Yes,No,8,Yes,Yes,None,No,No,No,No,No,No,One year,No,Mailed check,24.4,No
2683-JXWQQ,Bryantown,MD,20617,26,Male,No,Yes,Yes,61,No,No,DSL,Yes,No,Yes,No,No,No,Month-to-month,No,Bank transfer (automatic),33.6,No
9548-ZMVTX,Pasadena,MD,21122,21,Male,No,Yes,Yes,72,Yes,Yes,Fiber optic,No,Yes,Yes,Yes,No,No,Two year,No,Bank transfer (automatic),90.45,No
8739-XNIKG,Baltimore,MD,21211,40,Female,No,No,No,5,Yes,Yes,Fiber optic,No,No,No,No,Yes,No,Month-to-month,Yes,Electronic check,84,No
9755-JHNMN,Gaithersburg,MD,20877,39,Female,No,No,No,49,Yes,No,DSL,Yes,Yes,Yes,Yes,No,No,Two year,No,Bank transfer (automatic),67.4,No
3981-QSVQI,Sudlersville,MD,21668,47,Male,No,No,No,8,Yes,No,None,No,No,No,No,No,No,Month-to-month,Yes,Bank transfer (automatic),19.7,No
2789-HQBOU,Fallston,MD,21047,27,Male,No,No,No,3,Yes,No,Fiber optic,No,No,No,No,No,Yes,Month-to-month,Yes,Electronic check,80.35,No
9424-CMPOG,Ewell,MD,21824,58,Male,No,Yes,Yes,9,Yes,No,None,No,No,No,No,No,No,Two year,No,Mailed check,19.6,No
5067-WJEUN,Worton,MD,21678,64,Male,No,Yes,Yes,67,Yes,No,DSL,Yes,Yes,No,No,No,No,Two year,Yes,Bank transfer (automatic),54.2,No
3450-WXOAT,Childs,MD,21916,56,Male,No,No,No,46,Yes,No,DSL,No,No,No,No,No,No,Month-to-month,Yes,Credit card (automatic),45.2,No
9251-WNSOD,Smithsburg,MD,21783,64,Female,No,Yes,No,67,Yes,Yes,DSL,Yes,Yes,Yes,No,No,Yes,One year,No,Mailed check,75.1,No
6974-DAFLI,Catonsville,MD,21228,60,Female,No,Yes,No,55,Yes,No,None,No,No,No,No,No,No,One year,No,Electronic check,19.7,No
2616-UUTFK,Curtis Bay,MD,21226,52,Male,No,Yes,No,33,Yes,Yes,DSL,Yes,Yes,Yes,No,Yes,No,Month-to-month,Yes,Bank transfer (automatic),72.75,No
7064-JHXCE,Capitol Heights,MD,20743,54,Male,No,Yes,Yes,62,Yes,No,None,No,No,No,No,No,No,Two year,No,Credit card (automatic),20.05,No
7989-AWGEH,Dickerson,MD,20842,33,Male,No,Yes,Yes,49,No,No,DSL,Yes,No,No,No,No,Yes,Month-to-month,Yes,Electronic check,39.2,No
4373-VVHQL,Eden,MD,21822,21,Male,No,No,No,1,Yes,No,DSL,No,No,No,No,No,No,Month-to-month,Yes,Electronic check,44.75,No
4559-UWIHT,Kingsville,MD,21087,62,Male,No,Yes,No,14,Yes,Yes,Fiber optic,No,Yes,Yes,No,No,No,Month-to-month,Yes,Electronic check,82.65,No
7268-IGMFD,Annapolis,MD,21402,31,Male,Yes,No,No,18,Yes,Yes,Fiber optic,No,No,Yes,Yes,Yes,No,Month-to-month,No,Bank transfer (automatic),93.9,No
6650-BWFRT,Frostburg,MD,21532,27,Female,No,Yes,No,72,Yes,Yes,Fiber optic,Yes,Yes,Yes,Yes,Yes,Yes,Two year,Yes,Credit card (automatic),117.15,No
9570-KYEUA,Braddock Heights,MD,21714,53,Male,No,No,No,64,Yes,Yes,Fiber optic,Yes,No,Yes,Yes,No,Yes,Two year,No,Credit card (automatic),99.25,No
6993-YGFJV,Charlestown,MD,21914,49,Male,No,Yes,No,69,Yes,Yes,Fiber optic,Yes,Yes,Yes,Yes,Yes,Yes,Two year,Yes,Bank transfer (automatic),112.55,No
2712-SYWAY,Worton,MD,21678,58,Female,No,No,No,1,Yes,Yes,None,No,No,No,No,No,No,Month-to-month,Yes,Electronic check,25.7,No
0730-BGQGF,Aberdeen,MD,21001,40,Male,No,Yes,Yes,71,Yes,Yes,DSL,Yes,Yes,Yes,Yes,Yes,Yes,Two year,No,Credit card (automatic),90.3,No
5498-IBWPI,Germantown,MD,20874,56,Female,No,Yes,Yes,66,Yes,No,DSL,No,No,No,Yes,No,No,One year,Yes,Credit card (automatic),49.4,No
9101-NTIXF,Perryville,MD,21903,27,Male,No,No,No,2,Yes,No,None,No,No,No,No,No,No,Month-to-month,No,Mailed check,19.4,No
0013-SMEOE,Glenn Dale,MD,20769,20,Female,Yes,Yes,No,71,Yes,No,Fiber optic,Yes,Yes,Yes,Yes,Yes,Yes,Two year,Yes,Bank transfer (automatic),109.7,No
9314-QDMDW,Crisfield,MD,21817,41,Male,No,No,No,11,Yes,No,DSL,No,Yes,No,No,Yes,No,One year,Yes,Electronic check,61.25,No
9308-ANMVE,Owings,MD,20736,21,Male,No,No,Yes,47,Yes,No,DSL,Yes,Yes,No,No,No,No,Month-to-month,Yes,Electronic check,55.3,No
3413-DHLPB,Gaithersburg,MD,20899,19,Male,No,Yes,Yes,60,Yes,Yes,Fiber optic,No,Yes,No,Yes,Yes,Yes,Month-to-month,Yes,Bank transfer (automatic),103.75,No
7649-PHJVR,Baltimore,MD,21218,28,Male,No,No,No,11,Yes,No,None,No,No,No,No,No,No,One year,No,Mailed check,19.5,No
6114-TCFID,Churchton,MD,20733,39,Female,No,No,No,29,No,No,DSL,Yes,Yes,No,Yes,No,No,One year,No,Credit card (automatic),39.5,No
3787-TRIAL,Salisbury,MD,21802,40,Male,No,Yes,Yes,21,No,No,DSL,No,No,No,No,No,No,Month-to-month,Yes,Electronic check,26.05,No
2573-GYRUU,Baltimore,MD,21205,61,Male,Yes,Yes,No,48,Yes,Yes,Fiber optic,No,No,Yes,No,No,Yes,Month-to-month,Yes,Credit card (automatic),91.05,No
5156-UMKOW,Frederick,MD,21703,63,Female,No,No,Yes,3,No,No,DSL,No,Yes,No,No,No,No,Month-to-month,No,Mailed check,29.65,No
1247-QBVSH,Bethesda,MD,20817,23,Female,No,Yes,Yes,43,Yes,No,DSL,No,Yes,No,No,No,No,Month-to-month,No,Mailed check,50.2,No
6734-GMPVK,Ewell,MD,21824,38,Male,No,No,No,5,Yes,Yes,Fiber optic,No,Yes,Yes,No,Yes,Yes,Month-to-month,No,Electronic check,105.3,No
9822-OAOVB,Mount Rainier,MD,20712,42,Female,No,No,No,1,Yes,No,DSL,No,No,No,No,No,Yes,Month-to-month,Yes,Electronic check,55.45,No
6161-ERDGD,Marriottsville,MD,21104,52,Male,No,Yes,Yes,71,Yes,Yes,DSL,Yes,No,Yes,Yes,Yes,Yes,One year,No,Electronic check,85.45,No
1226-JZNKR,Wye Mills,MD,21679,52,Female,No,Yes,No,8,Yes,No,None,No,No,No,No,No,No,One year,No,Electronic check,19.8,No
7318-EIVKO,Linthicum Heights,MD,21090,51,Male,No,No,No,8,Yes,Yes,DSL,No,No,No,No,Yes,No,Month-to-month,Yes,Electronic check,59.25,No
3771-PZOBW,Easton,MD,21601,62,Male,No,No,No,20,Yes,Yes,Fiber optic,No,No,Yes,No,Yes,No,Month-to-month,Yes,Credit card (automatic),90.7,No
8231-BSWXX,Nanticoke,MD,21840,39,Male,No,No,No,71,Yes,Yes,Fiber optic,No,Yes,No,No,No,No,One year,Yes,Credit card (automatic),79.05,No
6486-LHTMA,Hydes,MD,21082,57,Female,Yes,Yes,No,31,Yes,Yes,Fiber optic,No,No,Yes,No,Yes,No,One year,Yes,Electronic check,90.7,No
4083-BFNYK,Whaleyville,MD,21872,30,Female,Yes,Yes,No,38,Yes,Yes,Fiber optic,Yes,Yes,No,No,No,Yes,One year,No,Credit card (automatic),95,No
7389-KBFIT,Tylerton,MD,21866,46,Female,No,Yes,Yes,2,No,No,DSL,No,Yes,No,No,No,No,Month-to-month,Yes,Mailed check,30.25,No
7176-WIONM,Whaleyville,MD,21872,51,Female,No,Yes,No,12,No,No,DSL,No,No,Yes,No,Yes,Yes,Month-to-month,Yes,Bank transfer (automatic),49.85,No
5141-ZUVBH,Kensington,MD,20895,61,Female,No,No,Yes,9,Yes,No,Fiber optic,Yes,No,Yes,Yes,No,Yes,Month-to-month,No,Bank transfer (automatic),93,No
1089-HDMKP,Columbia,MD,21046,43,Male,Yes,No,Yes,11,Yes,No,DSL,No,Yes,No,Yes,No,No,Month-to-month,Yes,Electronic check,54.55,No
7623-HKYRK,Maryland Line,MD,21105,61,Male,No,No,Yes,6,Yes,No,None,No,No,No,No,No,No,Month-to-month,No,Mailed check,19.7,No
0310-SUCIN,Centreville,MD,21617,24,Female,No,Yes,No,71,Yes,No,DSL,Yes,Yes,Yes,Yes,Yes,Yes,One year,Yes,Bank transfer (automatic),84.8,No
5197-PYEPU,Boyds,MD,20841,19,Female,No,Yes,Yes,42,Yes,Yes,Fiber optic,Yes,Yes,No,No,Yes,No,One year,Yes,Credit card (automatic),94.45,No
6619-RPLQZ,Towson,MD,21252,45,Female,No,Yes,Yes,45,Yes,No,None,No,No,No,No,No,No,Two year,No,Mailed check,20.85,No
3275-RHRNE,Woolford,MD,21677,58,Male,No,Yes,Yes,28,No,No,DSL,No,Yes,Yes,Yes,Yes,Yes,One year,Yes,Credit card (automatic),60,No
3503-TYDAY,Midland,MD,21542,25,Female,No,Yes,No,43,Yes,Yes,Fiber optic,No,Yes,No,No,No,No,Month-to-month,No,Electronic check,80.45,No
6901-GOGZG,Trappe,MD,21673,58,Male,No,No,Yes,60,Yes,Yes,DSL,Yes,No,Yes,Yes,Yes,Yes,Two year,Yes,Electronic check,84.95,No
7021-XSNYE,College Park,MD,20740,63,Male,No,Yes,Yes,7,No,No,DSL,Yes,No,Yes,Yes,No,Yes,Two year,No,Credit card (automatic),49.65,No
9621-OUPYD,Marydel,MD,21649,33,Female,No,Yes,No,25,Yes,No,None,No,No,No,No,No,No,One year,Yes,Bank transfer (automatic),20.2,No
8982-NHAVY,Centreville,MD,21617,56,Male,No,No,No,27,Yes,Yes,Fiber optic,No,No,Yes,No,Yes,Yes,One year,Yes,Bank transfer (automatic),100.5,No
4307-KWMXE,Cobb Island,MD,20625,59,Male,No,No,No,10,No,No,DSL,No,Yes,No,Yes,No,No,Month-to-month,No,Electronic check,35.75,No
0141-YEAYS,Mount Savage,MD,21545,31,Female,Yes,No,No,27,Yes,Yes,Fiber optic,No,Yes,Yes,No,No,No,Month-to-month,Yes,Bank transfer (automatic),86.45,No
2450-ZKEED,Owings Mills,MD,21117,49,Female,No,No,No,11,Yes,No,DSL,No,No,Yes,Yes,No,No,One year,No,Bank transfer (automatic),53.8,No
3694-DELSO,Pikesville,MD,21208,20,Male,No,Yes,Yes,4,No,No,DSL,Yes,No,No,No,Yes,No,Month-to-month,No,Credit card (automatic),38.55,No
3893-JRNFS,Morganza,MD,20660,46,Male,No,No,No,68,No,No,DSL,No,No,Yes,No,No,Yes,Month-to-month,Yes,Bank transfer (automatic),39.9,No
9603-OAIHC,Montgomery Village,MD,20886,42,Male,Yes,No,No,1,Yes,No,Fiber optic,No,No,No,No,No,No,Month-to-month,Yes,Electronic check,70.05,No
1133-KXCGE,Forest Hill,MD,21050,41,Female,No,No,No,18,Yes,No,None,No,No,No,No,No,No,One year,No,Mailed check,20.1,No
0142-GVYSN,Baltimore,MD,21214,31,Male,No,No,No,26,Yes,No,None,No,No,No,No,No,No,Month-to-month,Yes,Electronic check,20.3,No
1049-FYSYG,Hagerstown,MD,21746,35,Female,No,Yes,No,17,No,No,DSL,No,Yes,Yes,No,No,No,Month-to-month,Yes,Credit card (automatic),35.65,No
8406-LNMHF,Cheltenham,MD,20623,35,Male,Yes,Yes,No,59,Yes,No,Fiber optic,Yes,Yes,Yes,No,No,No,One year,Yes,Credit card (automatic),82.95,No
1821-BUCWY,Westover,MD,21871,37,Male,No,No,No,30,Yes,No,DSL,Yes,No,Yes,No,No,No,Two year,Yes,Mailed check,55.65,No
0023-UYUPN,Frostburg,MD,21532,57,Female,Yes,Yes,No,50,Yes,Yes,None,No,No,No,No,No,No,One year,No,Electronic check,25.2,No
8314-DPQHL,Annapolis Junction,MD,20701,35,Male,No,No,No,9,No,No,DSL,Yes,No,Yes,Yes,No,Yes,One year,No,Mailed check,50.8,No
1465-WCZVT,Childs,MD,21916,40,Female,No,Yes,Yes,3,Yes,No,None,No,No,No,No,No,No,Month-to-month,No,Mailed check,19.65,No
9481-SFCQY,Waldorf,MD,20601,51,Female,No,No,Yes,14,Yes,No,DSL,No,No,Yes,No,Yes,No,Month-to-month,Yes,Credit card (automatic),59.8,No
6360-SVNWV,North Beach,MD,20714,32,Female,Yes,No,No,31,Yes,No,Fiber optic,Yes,No,No,No,No,No,Month-to-month,Yes,Credit card (automatic),73.55,No
0567-GGCAC,Kensington,MD,20895,37,Female,No,No,No,7,Yes,No,DSL,Yes,Yes,Yes,No,No,No,Month-to-month,No,Electronic check,61.4,No
8884-MRNSU,Westernport,MD,21562,54,Male,No,Yes,No,17,Yes,No,None,No,No,No,No,No,No,One year,No,Bank transfer (automatic),19.9,No
2171-UDMFD,Bel Air,MD,21014,36,Male,No,Yes,Yes,32,Yes,No,None,No,No,No,No,No,No,Month-to-month,Yes,Credit card (automatic),19.45,No
9050-IKDZA,Towson,MD,21204,39,Female,Yes,No,No,2,Yes,No,Fiber optic,No,No,No,No,Yes,No,Month-to-month,No,Mailed check,81.5,No
9802-CAQUT,Georgetown,MD,21930,54,Female,No,Yes,Yes,72,Yes,Yes,Fiber optic,Yes,Yes,Yes,No,Yes,Yes,Two year,No,Credit card (automatic),109.55,No
0187-WZNAB,Keymar,MD,21757,45,Female,No,Yes,Yes,27,Yes,No,Fiber optic,Yes,No,No,No,No,No,Month-to-month,No,Mailed check,74.4,No
1475-VWVDO,Wingate,MD,21675,60,Male,No,No,No,7,Yes,No,Fiber optic,No,No,Yes,No,No,No,Month-to-month,Yes,Electronic check,74.9,No
1357-MVDOZ,Randallstown,MD,21133,64,Male,No,Yes,Yes,11,Yes,No,DSL,No,No,Yes,No,Yes,No,Month-to-month,Yes,Bank transfer (automatic),59.65,No
7602-MVRMB,Big Pool,MD,21711,27,Female,No,Yes,Yes,72,Yes,Yes,Fiber optic,Yes,No,Yes,Yes,Yes,Yes,Two year,Yes,Bank transfer (automatic),110.45,No
1197-BVMVG,Curtis Bay,MD,21226,26,Female,Yes,No,No,4,Yes,Yes,Fiber optic,No,No,No,No,No,No,Month-to-month,Yes,Electronic check,74.45,No
5406-KGRMX,Bryantown,MD,20617,20,Female,No,No,No,71,Yes,Yes,None,No,No,No,No,No,No,Two year,No,Electronic check,24.55,No
5968-HYJRZ,Silver Spring,MD,20902,35,Male,No,Yes,Yes,47,Yes,Yes,None,No,No,No,No,No,No,Two year,No,Mailed check,24.55,No
5198-EFNBM,Gibson Island,MD,21056,40,Male,Yes,Yes,No,57,Yes,No,Fiber optic,No,Yes,Yes,No,Yes,No,One year,Yes,Electronic check,90.65,No
7516-GMHUV,Chesapeake City,MD,21915,54,Male,Yes,Yes,No,50,Yes,Yes,Fiber optic,Yes,No,Yes,No,Yes,Yes,Two year,Yes,Credit card (automatic),105.05,No
7140-ADSMJ,Baltimore,MD,21240,22,Male,No,No,No,8,Yes,No,None,No,No,No,No,No,No,Month-to-month,Yes,Credit card (automatic),20.45,No
2230-XTUWL,Burtonsville,MD,20866,26,Female,No,Yes,Yes,48,Yes,No,None,No,No,No,No,No,No,Two year,No,Mailed check,19.55,No
7706-YLMQA,Wingate,MD,21675,46,Female,No,No,No,70,Yes,No,None,No,No,No,No,No,No,One year,No,Bank transfer (automatic),19.7,No
2585-KTFRE,Poolesville,MD,20837,39,Male,No,No,Yes,1,Yes,No,DSL,Yes,Yes,No,Yes,No,Yes,Month-to-month,Yes,Bank transfer (automatic),70.45,No
7994-UYIVZ,Dayton,MD,21036,25,Male,No,Yes,No,8,Yes,Yes,Fiber optic,No,No,No,No,No,Yes,Month-to-month,Yes,Bank transfer (automatic),85.65,No
7717-BICXI,North Beach,MD,20714,48,Male,No,Yes,Yes,60,Yes,No,None,No,No,No,No,No,No,Two year,No,Mailed check,20.55,No
6559-RAKOZ,Hunt Valley,MD,21031,35,Male,No,Yes,Yes,49,Yes,Yes,Fiber optic,No,No,No,Yes,Yes,Yes,One year,Yes,Electronic check,97.95,No
4716-MRVEN,Emmitsburg,MD,21727,33,Female,No,No,No,29,Yes,No,None,No,No,No,No,No,No,One year,No,Mailed check,20,No
2143-LJULT,Bozman,MD,21612,26,Female,No,Yes,No,67,Yes,Yes,None,No,No,No,No,No,No,Two year,Yes,Credit card (automatic),25.25,No
3200-MNQTF,Rockville,MD,20852,44,Male,No,Yes,No,67,Yes,Yes,DSL,Yes,Yes,Yes,Yes,No,No,Two year,No,Credit card (automatic),70.9,No
6164-HXUGH,Funkstown,MD,21734,51,Female,No,Yes,Yes,6,Yes,No,None,No,No,No,No,No,No,Month-to-month,No,Mailed check,19.85,No
5630-IXDXV,Deale,MD,20751,33,Female,No,No,No,47,Yes,Yes,Fiber optic,No,Yes,Yes,No,Yes,Yes,Month-to-month,Yes,Electronic check,106.35,No
0320-DWVTU,Andrews Air Force Base,MD,20762,50,Female,No,No,No,53,Yes,No,Fiber optic,Yes,Yes,Yes,Yes,No,Yes,Two year,No,Mailed check,99.5,No
9135-MGVPY,Crofton,MD,21114,38,Male,No,Yes,No,69,Yes,No,DSL,Yes,Yes,Yes,Yes,Yes,Yes,Two year,Yes,Mailed check,84.7,No
1212-GLHMD,Braddock Heights,MD,21714,27,Male,No,No,No,3,Yes,No,Fiber optic,Yes,No,No,No,No,Yes,Month-to-month,Yes,Mailed check,86.05,No
7878-JGDKK,Hughesville,MD,20637,29,Male,No,No,No,4,Yes,No,DSL,No,No,No,No,No,No,Month-to-month,No,Mailed check,44.55,No
1088-AUUZZ,Marydel,MD,21649,42,Male,No,Yes,Yes,56,Yes,Yes,DSL,Yes,Yes,No,Yes,No,Yes,Two year,Yes,Credit card (automatic),75.85,No
6614-YWYSC,Clements,MD,20624,52,Male,Yes,Yes,No,61,Yes,Yes,None,No,No,No,No,No,No,Two year,No,Bank transfer (automatic),25,No
9588-OZDMQ,Oakland,MD,21550,54,Female,No,Yes,No,2,Yes,No,DSL,No,No,No,No,No,No,Month-to-month,Yes,Electronic check,45,No
6476-EPYZR,Abingdon,MD,21009,20,Male,No,Yes,Yes,12,Yes,No,None,No,No,No,No,No,No,Month-to-month,No,Mailed check,20.5,No
1174-FGIFN,Severn,MD,21144,64,Female,No,Yes,Yes,28,Yes,Yes,Fiber optic,No,No,No,Yes,No,Yes,One year,Yes,Electronic check,90.45,No
6620-HVDUJ,Phoenix,MD,21131,38,Male,No,No,No,24,Yes,No,DSL,Yes,Yes,No,Yes,No,No,Month-to-month,No,Bank transfer (automatic),60.45,No
1032-MAELW,Westminster,MD,21158,33,Female,No,Yes,Yes,68,Yes,Yes,DSL,Yes,Yes,Yes,Yes,No,Yes,One year,Yes,Electronic check,78.45,No
7641-TQFHN,Clarksburg,MD,20871,25,Male,No,No,Yes,39,Yes,Yes,Fiber optic,No,No,No,Yes,Yes,Yes,Two year,No,Mailed check,100.55,No
1552-TKMXS,White Hall,MD,21161,24,Female,No,Yes,No,42,Yes,No,None,No,No,No,No,No,No,Month-to-month,No,Credit card (automatic),20.35,No
8622-ZLFKO,East Livermore,ME,4228,23,Female,No,Yes,No,6,Yes,Yes,Fiber optic,No,Yes,No,No,No,Yes,Month-to-month,Yes,Electronic check,90.75,No
6188-UXBBR,Baileyville,ME,4694,61,Female,No,Yes,No,38,Yes,No,None,No,No,No,No,No,No,One year,Yes,Credit card (automatic),20.25,No
2333-KWEWW,Calais,ME,4619,22,Male,No,No,No,18,Yes,No,None,No,No,No,No,No,No,Two year,No,Credit card (automatic),20.05,No
5702-SKUOB,Alfred,ME,4002,49,Female,No,Yes,No,4,Yes,No,None,No,No,No,No,No,No,Month-to-month,No,Mailed check,19.6,No
1134-YWTYF,East Dixfield,ME,4227,37,Male,No,Yes,No,27,Yes,No,DSL,No,Yes,No,Yes,No,No,Month-to-month,Yes,Electronic check,53.8,No
6061-GWWAV,Prospect Harbor,ME,4669,62,Male,No,No,Yes,41,Yes,No,DSL,Yes,Yes,Yes,No,Yes,No,One year,No,Mailed check,70.2,No
0679-TDGAK,Denmark,ME,4022,24,Male,No,Yes,Yes,50,Yes,No,DSL,Yes,No,No,Yes,Yes,Yes,One year,No,Electronic check,75.5,No
6585-WCEWR,Carmel,ME,4419,48,Male,No,Yes,Yes,72,Yes,No,None,No,No,No,No,No,No,Two year,No,Electronic check,20.35,No
9067-YGSCA,Detroit,ME,4929,35,Female,No,No,No,70,Yes,Yes,None,No,No,No,No,No,No,One year,No,Credit card (automatic),26.05,No
9067-SQTNS,Vassalboro,ME,4989,22,Male,No,Yes,Yes,44,Yes,No,None,No,No,No,No,No,No,One year,No,Bank transfer (automatic),20.6,No
1776-SPBWV,Litchfield,ME,4350,21,Female,No,Yes,Yes,34,Yes,No,None,No,No,No,No,No,No,One year,Yes,Bank transfer (automatic),20.1,No
8735-SDUFN,Orrs Island,ME,4066,37,Female,Yes,Yes,No,72,Yes,Yes,None,No,No,No,No,No,No,Two year,No,Bank transfer (automatic),24.3,No
9668-PUGNU,Brooksville,ME,4617,42,Male,No,Yes,No,71,Yes,Yes,None,No,No,No,No,No,No,Two year,Yes,Electronic check,24.5,No
9405-GPBBG,East Dixfield,ME,4227,49,Female,No,No,No,64,Yes,Yes,Fiber optic,No,Yes,Yes,Yes,Yes,Yes,Two year,Yes,Credit card (automatic),110.5,No
1926-QUZNN,Porter,ME,4068,48,Female,No,Yes,No,72,Yes,Yes,None,No,No,No,No,No,No,Two year,Yes,Bank transfer (automatic),25.25,No
7016-NVRIC,North Waterboro,ME,4061,50,Male,Yes,Yes,No,29,Yes,No,Fiber optic,Yes,No,Yes,No,No,Yes,One year,No,Bank transfer (automatic),90.1,No
5829-NVSQN,Waldoboro,ME,4572,41,Female,No,Yes,No,23,Yes,No,DSL,Yes,No,Yes,Yes,No,Yes,One year,Yes,Bank transfer (automatic),68.75,No
9565-AXSMR,Exeter,ME,4435,45,Male,No,Yes,Yes,52,Yes,No,None,No,No,No,No,No,No,Two year,No,Mailed check,19.2,No
8869-LIHMK,Harrison,ME,4040,59,Female,No,No,No,64,Yes,Yes,Fiber optic,Yes,Yes,Yes,Yes,Yes,Yes,Two year,Yes,Bank transfer (automatic),115.1,No
0447-RXSGD,New Harbor,ME,4554,64,Male,No,No,No,24,Yes,Yes,Fiber optic,No,Yes,No,No,Yes,Yes,Month-to-month,Yes,Bank transfer (automatic),99.65,No
4927-WWOOZ,Fryeburg,ME,4037,64,Male,No,Yes,No,2,Yes,Yes,Fiber optic,No,No,Yes,No,Yes,No,Month-to-month,Yes,Electronic check,91.45,No
5788-YPOEG,Shirley Mills,ME,4485,21,Female,No,Yes,Yes,34,Yes,No,DSL,Yes,Yes,Yes,Yes,Yes,Yes,Two year,No,Mailed check,84.75,No
0661-KBKPA,Unity,ME,4988,61,Male,No,Yes,Yes,53,Yes,Yes,DSL,No,No,Yes,Yes,Yes,Yes,One year,Yes,Mailed check,78.75,No
9081-WWXKP,Rockwood,ME,4478,23,Female,No,Yes,Yes,47,Yes,No,None,No,No,No,No,No,No,Two year,No,Credit card (automatic),20.25,No
0784-ZQJZX,Thorndike,ME,4986,39,Male,No,No,Yes,72,Yes,No,None,No,No,No,No,No,No,Two year,No,Credit card (automatic),19.9,No
3133-PZNSR,Winterport,ME,4496,28,Male,No,Yes,Yes,72,Yes,Yes,Fiber optic,Yes,Yes,No,Yes,No,Yes,Two year,Yes,Credit card (automatic),97.75,No
0722-SVSFK,Burnham,ME,4922,50,Female,No,No,No,7,Yes,No,Fiber optic,No,No,Yes,Yes,Yes,Yes,Month-to-month,Yes,Electronic check,100.4,No
3612-YVGSJ,China Village,ME,4926,30,Female,No,Yes,No,71,Yes,Yes,None,No,No,No,No,No,No,Two year,Yes,Credit card (automatic),24.45,No
9825-YCXWZ,Sorrento,ME,4677,60,Female,Yes,No,No,41,Yes,No,Fiber optic,No,No,Yes,Yes,Yes,Yes,One year,Yes,Bank transfer (automatic),101.1,No
5397-NSKQG,Port Clyde,ME,4855,55,Male,No,Yes,Yes,67,No,No,DSL,Yes,No,No,No,Yes,Yes,Two year,No,Credit card (automatic),50.9,No
8565-HBFNN,Andover,ME,4216,63,Male,No,Yes,No,69,Yes,Yes,Fiber optic,Yes,Yes,Yes,Yes,No,Yes,One year,Yes,Credit card (automatic),107.2,No
2000-DHJUY,Hinckley,ME,4944,46,Female,Yes,Yes,No,70,Yes,Yes,DSL,Yes,Yes,Yes,Yes,Yes,Yes,Two year,Yes,Bank transfer (automatic),92.2,No
8670-ERCJH,Corinna,ME,4928,47,Male,No,No,No,72,Yes,Yes,Fiber optic,Yes,Yes,Yes,Yes,Yes,Yes,Two year,No,Bank transfer (automatic),113.4,No
7758-UJWYS,Frankfort,ME,4438,62,Male,No,Yes,Yes,34,No,No,DSL,No,No,No,Yes,Yes,No,Two year,Yes,Electronic check,40.55,No
2050-ONYDQ,Wallagrass,ME,4781,51,Female,No,Yes,Yes,65,Yes,Yes,None,No,No,No,No,No,No,Two year,No,Credit card (automatic),26,No
7055-JCGNI,Scarborough,ME,4074,49,Female,No,No,No,70,Yes,Yes,Fiber optic,Yes,Yes,Yes,Yes,Yes,Yes,Two year,Yes,Credit card (automatic),111.95,No
0739-UUAJR,Oxford,ME,4270,25,Female,No,Yes,Yes,72,No,No,DSL,Yes,No,Yes,No,Yes,Yes,Two year,Yes,Credit card (automatic),53.8,No
4826-DXMUP,Pemaquid,ME,4558,35,Male,No,No,Yes,35,Yes,No,DSL,No,No,No,Yes,Yes,Yes,One year,Yes,Mailed check,72.1,No
7285-KLOTR,Cape Neddick,ME,3902,57,Female,No,Yes,No,12,Yes,Yes,DSL,Yes,No,Yes,No,Yes,Yes,One year,No,Electronic check,78.85,No
0654-PQKDW,Anson,ME,4911,58,Female,No,Yes,Yes,62,Yes,No,DSL,Yes,No,Yes,Yes,Yes,No,One year,Yes,Bank transfer (automatic),70.75,No
7175-NTIXE,Columbia Falls,ME,4623,38,Female,No,No,No,25,Yes,No,DSL,Yes,No,No,Yes,Yes,Yes,Month-to-month,Yes,Credit card (automatic),76.15,No
7963-SHNDT,Rockland,ME,4841,55,Female,No,No,No,52,No,No,DSL,Yes,Yes,No,Yes,No,No,Two year,No,Mailed check,39.1,No
9796-BPKIW,Bailey Island,ME,4003,44,Male,Yes,No,No,8,Yes,No,Fiber optic,No,No,No,No,No,No,Month-to-month,Yes,Credit card (automatic),69.95,No
0188-GWFLE,West Baldwin,ME,4091,24,Male,No,No,No,2,Yes,No,None,No,No,No,No,No,No,Month-to-month,No,Mailed check,20.05,No
8129-GMVGI,Solon,ME,4979,64,Female,No,Yes,Yes,56,Yes,No,None,No,No,No,No,No,No,Two year,No,Mailed check,20.05,No
2882-DDZPG,West Forks,ME,4985,22,Female,No,No,No,12,Yes,No,None,No,No,No,No,No,No,Month-to-month,No,Bank transfer (automatic),19.45,No
3547-LQRIK,Wesley,ME,4686,57,Female,No,Yes,No,47,Yes,Yes,None,No,No,No,No,No,No,One year,No,Electronic check,26.9,No
9137-NOQKA,Brownfield,ME,4010,64,Male,Yes,No,No,2,Yes,No,None,No,No,No,No,No,No,Month-to-month,No,Electronic check,19.2,No
5843-TTHGI,Chebeague Island,ME,4017,59,Female,No,No,No,18,Yes,No,DSL,No,No,Yes,No,No,No,Month-to-month,Yes,Mailed check,50,No
1849-RJYIG,Buckfield,ME,4220,20,Female,No,No,No,8,Yes,No,DSL,Yes,No,No,No,Yes,No,Month-to-month,Yes,Electronic check,60,No
8868-GAGIO,Hope,ME,4847,45,Male,No,Yes,No,45,Yes,Yes,Fiber optic,Yes,No,Yes,No,No,No,Month-to-month,Yes,Mailed check,84.55,No
4061-UKJWL,Milbridge,ME,4658,28,Male,No,No,No,3,Yes,No,DSL,No,No,No,No,No,No,Month-to-month,No,Mailed check,45.45,No
5380-XPJNZ,Corinth,ME,4427,43,Female,No,No,No,38,Yes,No,None,No,No,No,No,No,No,One year,No,Mailed check,20.05,No
8263-QMNTJ,East Millinocket,ME,4430,33,Male,No,Yes,No,72,Yes,Yes,Fiber optic,Yes,Yes,Yes,Yes,Yes,Yes,Two year,Yes,Electronic check,115.55,No
3230-JCNZS,North Anson,ME,4958,55,Female,No,Yes,Yes,71,Yes,Yes,Fiber optic,Yes,Yes,Yes,No,Yes,No,Two year,Yes,Credit card (automatic),99,No
0277-ORXQS,Fryeburg,ME,4037,24,Male,No,Yes,Yes,66,No,No,DSL,No,No,No,Yes,Yes,Yes,Two year,No,Bank transfer (automatic),50.55,No
7996-BPXHY,Westfield,ME,4787,39,Female,No,Yes,Yes,13,Yes,Yes,None,No,No,No,No,No,No,Two year,Yes,Bank transfer (automatic),25,No
3227-WLKLI,Unity,ME,4988,19,Female,No,Yes,Yes,65,Yes,Yes,DSL,Yes,Yes,Yes,Yes,Yes,Yes,Two year,No,Bank transfer (automatic),91.55,No
2266-FUBDZ,East Wilton,ME,4234,28,Male,No,Yes,Yes,15,Yes,No,None,No,No,No,No,No,No,Two year,No,Mailed check,19.35,No
8237-ULIXL,North Yarmouth,ME,4097,29,Female,No,Yes,No,72,Yes,Yes,None,No,No,No,No,No,No,Two year,No,Credit card (automatic),24.85,No
8216-AZUUZ,Yarmouth,ME,4096,27,Female,No,Yes,Yes,42,Yes,No,Fiber optic,No,No,Yes,Yes,Yes,Yes,Two year,Yes,Electronic check,100.4,No
9153-BTBVV,Cambridge,ME,4923,59,Female,No,Yes,No,71,Yes,Yes,None,No,No,No,No,No,No,Two year,No,Bank transfer (automatic),25,No
5186-PEIZU,New Harbor,ME,4554,61,Female,No,No,No,35,Yes,No,None,No,No,No,No,No,No,Month-to-month,No,Bank transfer (automatic),19.25,No
1074-AMIOH,New Limerick,ME,4761,56,Female,No,Yes,Yes,53,Yes,No,Fiber optic,No,Yes,Yes,Yes,Yes,Yes,Month-to-month,Yes,Bank transfer (automatic),108.25,No
4361-FEBGN,Bucksport,ME,4416,21,Male,No,No,No,48,Yes,No,None,No,No,No,No,No,No,Two year,No,Credit card (automatic),20.15,No
7748-UMTRK,Plymouth,ME,4969,28,Female,Yes,No,Yes,30,Yes,Yes,Fiber optic,No,No,No,Yes,Yes,Yes,Month-to-month,Yes,Electronic check,101.3,No
0380-ZCSBI,Wilton,ME,4294,53,Male,No,No,No,10,Yes,No,None,No,No,No,No,No,No,Month-to-month,No,Credit card (automatic),20,No
7145-FEJWU,Jonesboro,ME,4648,46,Female,No,No,Yes,12,Yes,Yes,Fiber optic,No,Yes,Yes,No,Yes,Yes,Month-to-month,Yes,Electronic check,105.3,No
6463-MVYRY,Thomaston,ME,4861,64,Female,Yes,No,No,57,Yes,No,DSL,Yes,No,Yes,Yes,Yes,No,Two year,No,Bank transfer (automatic),69.85,No
3969-JQABI,North Waterford,ME,4267,49,Female,No,Yes,No,58,Yes,No,DSL,Yes,Yes,No,No,Yes,No,Month-to-month,Yes,Credit card (automatic),65.25,No
9624-EGDEQ,Winter Harbor,ME,4693,31,Female,No,No,No,37,Yes,No,None,No,No,No,No,No,No,Two year,No,Mailed check,19.8,No
1051-EQPZR,Cranberry Isles,ME,4625,60,Female,No,Yes,Yes,44,Yes,No,None,No,No,No,No,No,No,Month-to-month,No,Mailed check,19.6,No
5849-ASHZJ,Rockwood,ME,4478,38,Male,No,No,Yes,27,Yes,No,None,No,No,No,No,No,No,One year,No,Credit card (automatic),20.05,No
5780-INQIK,Wiscasset,ME,4578,38,Female,No,No,No,8,Yes,No,DSL,No,No,No,Yes,No,No,Month-to-month,No,Electronic check,49.4,No
4526-ZJJTM,Morrill,ME,4952,32,Female,Yes,Yes,No,25,Yes,No,Fiber optic,No,Yes,Yes,No,No,Yes,Month-to-month,No,Bank transfer (automatic),88.4,No
8384-FZBJK,Surry,ME,4684,27,Female,No,Yes,Yes,57,Yes,Yes,Fiber optic,No,Yes,No,No,Yes,Yes,Month-to-month,Yes,Electronic check,100.6,No
3750-RNQKR,Acton,ME,4001,28,Female,No,No,No,12,Yes,No,None,No,No,No,No,No,No,Month-to-month,No,Mailed check,19.45,No
0962-CQPWQ,Monmouth,ME,4259,56,Female,No,Yes,Yes,62,Yes,No,None,No,No,No,No,No,No,Two year,No,Bank transfer (automatic),20.3,No
3096-YXENJ,West Newfield,ME,4095,32,Female,No,Yes,No,65,Yes,Yes,Fiber optic,No,Yes,Yes,Yes,Yes,Yes,Two year,Yes,Bank transfer (automatic),107.65,No
1265-BCFEO,Sullivan,ME,4664,25,Female,No,Yes,No,71,Yes,Yes,DSL,No,No,Yes,Yes,Yes,Yes,Two year,Yes,Bank transfer (automatic),80.45,No
5837-LXSDN,New Limerick,ME,4761,57,Female,No,Yes,Yes,21,Yes,No,DSL,No,Yes,No,No,Yes,No,One year,Yes,Credit card (automatic),58.85,No
5945-AZYHT,Calais,ME,4619,52,Male,No,Yes,No,71,Yes,Yes,Fiber optic,Yes,Yes,Yes,No,Yes,Yes,One year,Yes,Electronic check,109.6,No
8325-QRPZR,Denmark,ME,4022,21,Female,No,No,No,7,Yes,No,Fiber optic,No,No,Yes,No,No,No,Month-to-month,Yes,Electronic check,75.15,No
6384-VMJHP,Porter,ME,4068,23,Female,No,No,No,72,Yes,No,DSL,Yes,Yes,Yes,Yes,No,Yes,Two year,Yes,Credit card (automatic),73,No
2262-SLNVK,Levant,ME,4456,21,Female,No,No,No,1,Yes,No,Fiber optic,No,No,No,No,No,No,Month-to-month,No,Electronic check,70.1,No
7730-CLDSV,Pemaquid,ME,4558,26,Female,No,Yes,Yes,72,Yes,Yes,Fiber optic,No,Yes,Yes,Yes,No,Yes,Two year,Yes,Bank transfer (automatic),98.65,No
1135-HIORI,Greenville Junction,ME,4442,32,Female,No,Yes,Yes,64,Yes,Yes,Fiber optic,No,Yes,Yes,Yes,Yes,Yes,One year,Yes,Electronic check,111.45,No
0164-APGRB,Guilford,ME,4443,22,Female,No,No,No,72,Yes,Yes,Fiber optic,Yes,Yes,Yes,Yes,Yes,Yes,Two year,Yes,Electronic check,114.9,No
6481-ESCNL,Springfield,ME,4487,61,Female,No,No,No,29,Yes,Yes,Fiber optic,No,No,Yes,No,Yes,Yes,Month-to-month,No,Bank transfer (automatic),100.55,No
1790-NESIO,Winter Harbor,ME,4693,32,Female,No,No,No,13,Yes,No,None,No,No,No,No,No,No,Two year,Yes,Mailed check,20.4,No
1550-EENBN,Bryant Pond,ME,4219,25,Female,No,No,No,31,Yes,Yes,Fiber optic,Yes,Yes,No,No,Yes,Yes,Month-to-month,No,Electronic check,104.35,No
8198-RKSZG,Waterboro,ME,4087,23,Female,No,Yes,Yes,14,Yes,Yes,DSL,No,Yes,No,Yes,Yes,Yes,Month-to-month,No,Credit card (automatic),80.45,No
9297-EONCV,Vinalhaven,ME,4863,43,Female,No,No,No,72,Yes,Yes,DSL,Yes,Yes,Yes,Yes,Yes,Yes,Two year,Yes,Bank transfer (automatic),91.35,No
1069-QJOEE,Surry,ME,4684,21,Male,No,Yes,Yes,25,Yes,No,None,No,No,No,No,No,No,One year,No,Electronic check,19.9,No
7799-DSEWS,Fryeburg,ME,4037,42,Male,No,No,No,18,Yes,No,DSL,Yes,No,Yes,Yes,Yes,No,Month-to-month,Yes,Electronic check,68.35,No
8766-PAFNE,Rangeley,ME,4970,35,Male,No,Yes,No,71,Yes,No,DSL,No,Yes,Yes,Yes,Yes,Yes,Two year,Yes,Credit card (automatic),79.1,No
5315-CKEQK,Oakland,ME,4963,49,Male,Yes,Yes,Yes,28,Yes,Yes,DSL,No,No,No,No,No,No,One year,Yes,Electronic check,51,No
3130-ICDUP,Brooklin,ME,4616,42,Female,No,No,Yes,2,Yes,Yes,Fiber optic,Yes,No,No,No,No,No,Month-to-month,No,Credit card (automatic),80.55,No
0820-FNRNX,Port Clyde,ME,4855,59,Male,No,Yes,Yes,17,Yes,Yes,DSL,No,Yes,Yes,Yes,No,No,Month-to-month,Yes,Mailed check,66.7,No
0880-FVFWF,Palmyra,ME,4965,59,Male,No,No,No,56,Yes,Yes,Fiber optic,Yes,Yes,No,No,No,No,Month-to-month,Yes,Electronic check,86.4,No
4611-ANLQC,Edgecomb,ME,4556,33,Female,No,Yes,No,60,No,No,DSL,Yes,Yes,Yes,No,No,Yes,One year,No,Electronic check,50.05,No
4213-HKBJO,Bradley,ME,4411,60,Female,No,No,No,33,Yes,Yes,None,No,No,No,No,No,No,Two year,No,Credit card (automatic),25.7,No
2792-LSHWX,Gray,ME,4039,62,Female,No,No,No,1,Yes,No,Fiber optic,Yes,Yes,No,Yes,No,No,Month-to-month,Yes,Mailed check,83.4,No
0014-BMAQU,Stockholm,ME,4783,21,Male,No,Yes,No,63,Yes,Yes,Fiber optic,Yes,No,No,Yes,No,No,Two year,Yes,Credit card (automatic),84.65,No
9018-PCIOK,Readfield,ME,4355,45,Female,No,No,No,55,Yes,No,DSL,No,Yes,Yes,No,No,Yes,Two year,Yes,Mailed check,64.75,No
4837-QUSFT,Stockton Springs,ME,4981,30,Female,No,Yes,No,65,Yes,Yes,Fiber optic,Yes,Yes,No,Yes,Yes,No,One year,Yes,Bank transfer (automatic),100.15,No
9953-ZMKSM,Denmark,ME,4022,47,Male,No,No,No,63,Yes,Yes,None,No,No,No,No,No,No,Two year,No,Mailed check,25.25,No
0907-HQNTS,Presque Isle,ME,4769,56,Female,Yes,Yes,No,70,Yes,Yes,Fiber optic,Yes,Yes,Yes,Yes,Yes,Yes,Two year,Yes,Credit card (automatic),113,No
7665-NKLAV,Hollis Center,ME,4042,51,Female,No,Yes,Yes,36,No,No,DSL,Yes,No,Yes,Yes,No,No,Two year,No,Credit card (automatic),40.65,No
4391-LNRXK,Bremen,ME,4551,63,Male,No,No,No,22,Yes,No,Fiber optic,No,Yes,Yes,Yes,No,Yes,Month-to-month,Yes,Bank transfer (automatic),94.95,No
8250-ZNGGW,Peaks Island,ME,4108,56,Female,Yes,No,No,5,Yes,No,DSL,Yes,Yes,No,Yes,No,No,Month-to-month,No,Credit card (automatic),59.9,No
8562-GHPPI,Machias,ME,4654,33,Female,No,No,No,1,Yes,No,None,No,No,No,No,No,No,Month-to-month,No,Credit card (automatic),19.8,No
5893-PYOLZ,West Branch,MI,48661,62,Male,No,No,No,56,Yes,No,DSL,No,Yes,Yes,Yes,Yes,Yes,Two year,Yes,Credit card (automatic),81.8,No
4986-MXSFP,Erie,MI,48133,28,Female,No,No,No,2,Yes,No,None,No,No,No,No,No,No,Month-to-month,Yes,Mailed check,20,No
6131-FOYAS,Seney,MI,49883,42,Male,No,No,No,35,Yes,Yes,DSL,Yes,No,Yes,No,No,No,Month-to-month,Yes,Electronic check,59.6,No
3027-YNWZU,Albion,MI,49224,40,Female,No,Yes,No,64,Yes,Yes,None,No,No,No,No,No,No,Two year,No,Credit card (automatic),25,No
5609-IMCGG,Sagola,MI,49881,57,Female,No,No,No,15,Yes,Yes,Fiber optic,Yes,No,Yes,No,No,No,Month-to-month,Yes,Credit card (automatic),84.35,No
4727-MCYZG,Sagola,MI,49881,63,Male,No,No,No,1,Yes,No,DSL,No,No,No,No,No,Yes,Month-to-month,No,Mailed check,55.55,No
9481-WHGWY,Reading,MI,49274,33,Female,No,Yes,Yes,70,Yes,No,DSL,Yes,No,No,Yes,Yes,Yes,Two year,No,Credit card (automatic),75.35,No
4328-VUFWD,Portland,MI,48875,64,Female,No,No,No,39,Yes,No,DSL,No,No,No,Yes,No,Yes,One year,No,Electronic check,59.3,No
3301-LSLWQ,Morrice,MI,48857,54,Female,No,No,No,29,Yes,Yes,DSL,Yes,No,No,No,No,Yes,Month-to-month,Yes,Electronic check,66.1,No
7473-ZBDSN,Flat Rock,MI,48134,40,Female,No,Yes,Yes,14,Yes,No,None,No,No,No,No,No,No,Two year,No,Mailed check,18.8,No
3166-PNEOF,Barton City,MI,48705,20,Female,No,No,No,61,Yes,Yes,DSL,Yes,No,Yes,Yes,Yes,Yes,Two year,No,Credit card (automatic),86.45,No
5639-NTUPK,Fountain,MI,49410,26,Male,No,No,Yes,13,Yes,No,DSL,Yes,No,No,No,No,No,Month-to-month,Yes,Credit card (automatic),52.1,No
8780-YRMTT,Dansville,MI,48819,30,Female,No,No,No,66,No,No,DSL,Yes,Yes,Yes,Yes,No,No,Two year,Yes,Mailed check,47.4,No
5140-FOMCQ,Yale,MI,48097,29,Female,No,Yes,No,59,Yes,Yes,Fiber optic,Yes,Yes,Yes,No,Yes,Yes,One year,Yes,Credit card (automatic),109.15,No
6242-SGYTS,Berrien Springs,MI,49104,48,Male,No,Yes,Yes,62,Yes,Yes,Fiber optic,Yes,Yes,No,No,Yes,No,One year,Yes,Credit card (automatic),94.95,No
8166-ORCHU,Copper City,MI,49917,30,Male,Yes,Yes,No,33,Yes,No,Fiber optic,Yes,Yes,No,Yes,No,Yes,One year,Yes,Electronic check,93.55,No
8414-OOEEL,Center Line,MI,48015,29,Male,No,No,Yes,66,Yes,No,DSL,No,Yes,Yes,Yes,Yes,Yes,Two year,Yes,Credit card (automatic),79.5,No
8454-AATJP,Warren,MI,48397,36,Female,No,No,No,72,Yes,Yes,Fiber optic,Yes,Yes,Yes,Yes,Yes,Yes,Two year,No,Credit card (automatic),115.05,No
4531-AUZNK,Perry,MI,48872,33,Female,No,Yes,Yes,51,Yes,Yes,Fiber optic,Yes,No,No,Yes,Yes,No,One year,Yes,Mailed check,95.15,No
4191-XOVOM,Houghton Lake Heights,MI,48630,44,Male,No,No,No,63,Yes,Yes,Fiber optic,No,Yes,No,Yes,Yes,Yes,Month-to-month,No,Electronic check,105.4,No
2150-OEGBV,Saginaw,MI,48638,19,Male,No,No,No,27,Yes,No,None,No,No,No,No,No,No,One year,No,Bank transfer (automatic),20.1,No
1855-CFULU,Black River,MI,48721,35,Female,Yes,No,No,4,Yes,No,None,No,No,No,No,No,No,Month-to-month,No,Mailed check,20.05,No
4878-BUNFV,Saginaw,MI,48638,30,Male,No,Yes,Yes,42,Yes,No,None,No,No,No,No,No,No,Two year,No,Mailed check,20.7,No
1872-EBWSC,Flint,MI,48505,54,Female,No,No,No,29,Yes,No,None,No,No,No,No,No,No,One year,No,Mailed check,20.35,No
7026-YMSBE,Kingsford,MI,49802,39,Male,No,No,No,30,Yes,No,None,No,No,No,No,No,No,One year,No,Mailed check,19.7,No
6997-UVGOX,Cement City,MI,49233,33,Male,No,Yes,Yes,71,Yes,No,DSL,Yes,Yes,Yes,Yes,Yes,Yes,Two year,No,Bank transfer (automatic),85.45,No
9674-EHPPG,Clarkston,MI,48348,31,Male,No,Yes,No,46,No,No,DSL,Yes,No,Yes,Yes,No,No,Two year,No,Credit card (automatic),40.4,No
5440-VHLUL,Willis,MI,48191,51,Male,No,No,No,69,Yes,Yes,Fiber optic,No,Yes,No,Yes,Yes,Yes,One year,Yes,Bank transfer (automatic),105.2,No
5781-BKHOP,Inkster,MI,48141,59,Female,No,Yes,No,72,Yes,Yes,Fiber optic,Yes,Yes,Yes,No,Yes,No,Two year,No,Bank transfer (automatic),100.65,No
5213-TWWJU,Deford,MI,48729,57,Male,No,No,No,28,Yes,No,Fiber optic,No,No,Yes,Yes,No,Yes,Month-to-month,No,Electronic check,91,No
8628-MFKAX,Conklin,MI,49403,26,Female,Yes,Yes,No,72,Yes,Yes,Fiber optic,Yes,Yes,Yes,Yes,Yes,Yes,Two year,Yes,Credit card (automatic),116.75,No
7629-WIXZF,Lansing,MI,48906,62,Female,No,No,No,7,Yes,No,DSL,Yes,No,No,No,No,Yes,One year,Yes,Electronic check,59.1,No
5445-GLVOT,Hamilton,MI,49419,50,Female,No,No,No,22,Yes,No,DSL,Yes,No,No,No,No,No,Month-to-month,Yes,Electronic check,49.8,No
3976-HXHCE,Bangor,MI,49013,53,Male,No,No,No,72,Yes,No,None,No,No,No,No,No,No,Two year,No,Bank transfer (automatic),19.3,No
2466-NEJOJ,Bear Lake,MI,49614,42,Male,No,Yes,Yes,8,Yes,No,None,No,No,No,No,No,No,Month-to-month,No,Credit card (automatic),19.65,No
0254-KCJGT,Oden,MI,49764,27,Male,No,Yes,No,52,Yes,Yes,DSL,Yes,Yes,Yes,Yes,No,Yes,One year,Yes,Credit card (automatic),81.4,No
5472-CVMDX,Perry,MI,48872,19,Female,No,No,No,68,No,No,DSL,Yes,No,Yes,Yes,No,No,Two year,No,Mailed check,38.9,No
6461-SZMCV,Woodland,MI,48897,57,Female,No,Yes,No,71,Yes,Yes,DSL,Yes,Yes,Yes,Yes,Yes,Yes,Two year,No,Bank transfer (automatic),87.95,No
8150-QUDFX,Evart,MI,49631,40,Male,No,No,No,2,Yes,No,None,No,No,No,No,No,No,Month-to-month,No,Mailed check,19.85,No
9508-ILZDG,Chatham,MI,49816,51,Female,Yes,No,No,34,Yes,Yes,Fiber optic,No,Yes,No,Yes,Yes,No,Month-to-month,Yes,Electronic check,96.35,No
2346-DJQTB,Bridgman,MI,49106,53,Female,No,No,No,35,No,No,DSL,No,No,No,No,No,No,Month-to-month,No,Electronic check,24.15,No
1697-LYYYX,Jerome,MI,49249,38,Female,No,Yes,Yes,61,Yes,No,None,No,No,No,No,No,No,One year,No,Credit card (automatic),19.1,No
1942-OQFRW,Marquette,MI,49855,48,Male,No,No,No,1,Yes,No,DSL,No,No,No,No,No,No,Month-to-month,No,Electronic check,44,No
9640-ZSLDC,Stephenson,MI,49887,38,Female,No,Yes,Yes,53,Yes,No,DSL,No,No,Yes,No,No,Yes,One year,No,Credit card (automatic),60.6,No
4231-LZUYM,Elberta,MI,49628,40,Female,No,Yes,No,72,Yes,Yes,None,No,No,No,No,No,No,Two year,No,Bank transfer (automatic),25.65,No
6128-AQBMT,Holland,MI,49423,34,Male,Yes,Yes,No,41,No,No,DSL,No,Yes,Yes,No,Yes,Yes,Month-to-month,Yes,Electronic check,53.95,No
3594-BDSOA,Union City,MI,49094,61,Female,No,Yes,No,24,Yes,No,None,No,No,No,No,No,No,One year,No,Credit card (automatic),20.4,No
5133-VRSAB,Kincheloe,MI,49788,44,Male,No,No,No,8,No,No,DSL,Yes,No,No,No,No,No,Month-to-month,No,Mailed check,29.35,No
5996-DAOQL,South Lyon,MI,48178,40,Male,No,No,No,1,Yes,No,None,No,No,No,No,No,No,Month-to-month,Yes,Mailed check,20.45,No
6838-YAUVY,Northport,MI,49670,55,Female,No,No,No,54,Yes,Yes,Fiber optic,No,No,Yes,Yes,No,Yes,Two year,Yes,Bank transfer (automatic),95.1,No
0484-JPBRU,Flint,MI,48504,61,Male,No,No,No,41,Yes,Yes,None,No,No,No,No,No,No,Month-to-month,Yes,Bank transfer (automatic),25.25,No
7883-ROJOC,Merritt,MI,49667,50,Female,No,Yes,No,19,Yes,No,DSL,No,No,No,No,No,No,Month-to-month,No,Mailed check,44.9,No
0244-LGNFY,Caledonia,MI,49316,29,Female,No,Yes,Yes,72,Yes,Yes,DSL,Yes,Yes,Yes,Yes,Yes,Yes,Two year,No,Bank transfer (automatic),92.65,No
7274-CGTOD,Rockland,MI,49960,24,Male,No,No,No,62,No,No,DSL,Yes,Yes,Yes,Yes,No,No,Two year,Yes,Bank transfer (automatic),43.7,No
4295-YURET,Barbeau,MI,49710,35,Female,Yes,Yes,Yes,56,Yes,No,DSL,Yes,No,No,Yes,Yes,Yes,Two year,Yes,Credit card (automatic),72.6,No
4635-EJYPD,Central Lake,MI,49622,19,Male,No,Yes,Yes,32,Yes,No,None,No,No,No,No,No,No,Two year,No,Mailed check,18.95,No
1866-ZSLJM,Rochester,MI,48309,54,Male,No,No,No,21,Yes,No,None,No,No,No,No,No,No,Month-to-month,No,Credit card (automatic),20.5,No
4636-TVXVG,Clinton Township,MI,48038,64,Male,No,Yes,Yes,62,Yes,No,None,No,No,No,No,No,No,One year,No,Bank transfer (automatic),19.95,No
4236-UJPWO,Livonia,MI,48152,58,Female,No,No,No,2,No,No,DSL,No,No,No,No,No,No,Month-to-month,No,Electronic check,24.5,No
9392-XBGTD,Fairgrove,MI,48733,41,Male,No,No,Yes,27,Yes,No,None,No,No,No,No,No,No,Two year,No,Mailed check,20.6,No
6402-SSEJG,Pentwater,MI,49449,25,Female,No,No,No,25,No,No,DSL,Yes,Yes,Yes,No,Yes,Yes,One year,No,Electronic check,61.05,No
1169-SAOCL,Wells,MI,49894,49,Male,No,No,No,49,Yes,Yes,Fiber optic,No,Yes,No,Yes,Yes,Yes,One year,Yes,Bank transfer (automatic),106.65,No
1110-KYLGQ,Macatawa,MI,49434,58,Female,No,No,No,63,Yes,Yes,Fiber optic,Yes,Yes,Yes,No,Yes,Yes,Month-to-month,No,Credit card (automatic),108.25,No
9929-PLVPA,Highland Park,MI,48203,53,Female,No,No,Yes,4,Yes,No,None,No,No,No,No,No,No,Month-to-month,No,Credit card (automatic),20.4,No
3518-PZXZQ,Bloomfield Hills,MI,48302,59,Female,No,Yes,No,1,Yes,No,DSL,No,No,No,No,Yes,No,Month-to-month,Yes,Mailed check,55.3,No
2371-JUNGC,Detroit,MI,48213,44,Male,No,No,No,11,Yes,No,None,No,No,No,No,No,No,Month-to-month,No,Mailed check,20.25,No
7693-QPEFS,Winn,MI,48896,53,Male,Yes,No,No,52,Yes,Yes,Fiber optic,No,No,No,No,No,No,Month-to-month,Yes,Bank transfer (automatic),72.95,No
0924-BJCRC,Alpha,MI,49902,26,Female,Yes,Yes,No,60,Yes,Yes,Fiber optic,No,Yes,No,No,No,Yes,Month-to-month,No,Electronic check,89.45,No
5074-FBGHB,Greenbush,MI,48738,23,Male,No,No,No,64,Yes,Yes,Fiber optic,No,No,Yes,Yes,Yes,Yes,One year,Yes,Credit card (automatic),104.65,No
2351-BKRZW,Chatham,MI,49816,43,Female,No,Yes,Yes,43,Yes,No,DSL,Yes,No,Yes,No,Yes,Yes,Two year,No,Bank transfer (automatic),75.2,No
4455-BFSPD,Bridgeport,MI,48722,24,Female,No,Yes,No,61,Yes,Yes,Fiber optic,No,No,No,Yes,Yes,Yes,One year,No,Bank transfer (automatic),101.15,No
3948-KXDUF,Bloomingdale,MI,49026,45,Male,No,No,No,66,Yes,Yes,DSL,Yes,Yes,Yes,Yes,No,No,Two year,No,Bank transfer (automatic),68.75,No
2323-ARSVR,Algonac,MI,48001,61,Male,No,Yes,No,67,Yes,No,Fiber optic,Yes,Yes,Yes,Yes,Yes,Yes,Two year,Yes,Electronic check,111.05,No
0815-MFZGM,Williamsburg,MI,49690,48,Female,No,Yes,No,42,Yes,No,Fiber optic,No,No,Yes,Yes,Yes,Yes,Two year,Yes,Credit card (automatic),99,No
5480-XTFFL,Mears,MI,49436,62,Female,No,Yes,Yes,31,Yes,No,None,No,No,No,No,No,No,Two year,No,Mailed check,21,No
8295-FHIVV,Lawton,MI,49065,40,Male,No,No,No,7,Yes,No,None,No,No,No,No,No,No,Month-to-month,Yes,Mailed check,19.4,No
9086-YJYXS,Carleton,MI,48117,25,Male,No,Yes,Yes,34,Yes,Yes,DSL,No,No,Yes,No,Yes,Yes,One year,No,Bank transfer (automatic),77.2,No
1179-INLAT,Rosebush,MI,48878,31,Male,No,No,No,3,Yes,No,None,No,No,No,No,No,No,One year,Yes,Mailed check,19.45,No
7909-FIOIY,Shingleton,MI,49884,55,Female,No,Yes,Yes,19,No,No,DSL,No,No,No,No,No,No,Month-to-month,Yes,Mailed check,24.85,No
6351-SCJKT,Crystal Falls,MI,49920,21,Male,No,No,No,3,No,No,DSL,Yes,No,Yes,Yes,No,No,Month-to-month,No,Mailed check,41.35,No
5468-BPMMO,Otsego,MI,49078,30,Male,No,Yes,No,46,Yes,No,None,No,No,No,No,No,No,Month-to-month,No,Electronic check,19.6,No
0197-PNKNK,Shelby,MI,49455,30,Female,No,Yes,Yes,69,Yes,Yes,Fiber optic,Yes,No,Yes,No,No,No,One year,No,Bank transfer (automatic),84.45,No
2439-QKJUL,Au Gres,MI,48703,55,Male,No,No,No,5,Yes,No,None,No,No,No,No,No,No,Month-to-month,No,Mailed check,20.25,No
1194-SPVSP,Lawrence,MI,49064,45,Male,No,No,No,1,Yes,No,None,No,No,No,No,No,No,Month-to-month,No,Bank transfer (automatic),19.65,No
9534-NSXEM,Lansing,MI,48911,27,Male,No,No,No,26,Yes,No,None,No,No,No,No,No,No,One year,Yes,Credit card (automatic),20.65,No
8929-KSWIH,Imlay City,MI,48444,39,Male,No,No,No,25,Yes,No,Fiber optic,No,No,Yes,Yes,Yes,Yes,Two year,No,Bank transfer (automatic),99.3,No
2250-IVBWA,Plymouth,MI,48170,42,Male,No,Yes,Yes,64,Yes,No,Fiber optic,Yes,Yes,No,No,No,No,Month-to-month,No,Electronic check,81.05,No
1810-MVMAI,Waterford,MI,48327,20,Male,No,Yes,Yes,30,Yes,Yes,DSL,Yes,Yes,Yes,Yes,No,No,Month-to-month,No,Electronic check,67.6,No
9506-UXUSK,Rosebush,MI,48878,45,Male,No,No,No,13,Yes,No,Fiber optic,No,No,No,No,No,No,Month-to-month,Yes,Electronic check,70.15,No
1229-RCALF,Ramsay,MI,49959,46,Female,No,Yes,No,64,Yes,Yes,Fiber optic,Yes,Yes,Yes,Yes,Yes,Yes,One year,Yes,Electronic check,115,No
3572-UOLYZ,Greenbush,MI,48738,45,Female,No,No,Yes,46,Yes,Yes,Fiber optic,No,No,Yes,Yes,No,No,Month-to-month,Yes,Bank transfer (automatic),84.8,No
1429-UYJSV,Clinton Township,MI,48035,19,Female,No,No,No,12,Yes,No,None,No,No,No,No,No,No,One year,No,Mailed check,19.7,No
6366-XIVKZ,Wallace,MI,49893,26,Female,No,Yes,Yes,13,Yes,No,DSL,Yes,No,Yes,No,No,Yes,Month-to-month,Yes,Mailed check,63.15,No
3470-OBUET,Pewamo,MI,48873,57,Female,No,Yes,Yes,67,Yes,Yes,DSL,Yes,Yes,No,Yes,Yes,No,Two year,No,Credit card (automatic),74,No
2770-NSVDG,Lake Ann,MI,49650,31,Male,No,Yes,No,24,No,No,DSL,No,No,Yes,No,No,No,Month-to-month,No,Electronic check,29.1,No
9375-MHRRS,Breckenridge,MI,48615,33,Male,No,No,No,6,Yes,No,DSL,No,No,No,Yes,No,No,Month-to-month,No,Mailed check,50.05,No
4860-YZGZM,New Haven,MI,48050,52,Male,No,No,No,10,Yes,No,None,No,No,No,No,No,No,Month-to-month,No,Electronic check,20,No
6599-GZWCM,Wixom,MI,48393,25,Female,No,No,No,13,Yes,No,Fiber optic,No,Yes,No,No,No,No,One year,Yes,Mailed check,74.65,No
5533-NHFRF,Pellston,MI,49769,25,Male,Yes,No,No,7,No,No,DSL,No,Yes,No,Yes,No,Yes,Month-to-month,Yes,Electronic check,44.4,No
7037-MTYVW,Capac,MI,48014,52,Male,No,Yes,Yes,38,Yes,Yes,DSL,Yes,No,Yes,Yes,Yes,Yes,Two year,Yes,Bank transfer (automatic),85.4,No
4760-THGOT,Detroit,MI,48242,52,Female,No,Yes,No,43,Yes,Yes,Fiber optic,Yes,Yes,No,No,No,Yes,Month-to-month,Yes,Electronic check,94.1,No
4016-BJKTZ,Greenville,MI,48838,49,Female,No,No,No,25,Yes,Yes,Fiber optic,No,Yes,Yes,Yes,Yes,Yes,Two year,No,Electronic check,108.9,No
6584-VQMYT,Mohawk,MI,49950,30,Male,No,No,Yes,27,Yes,No,DSL,Yes,Yes,No,No,No,No,One year,No,Mailed check,56.2,No
9838-BFCQT,Boyne Falls,MI,49713,28,Male,No,Yes,Yes,72,Yes,Yes,None,No,No,No,No,No,No,Two year,No,Mailed check,26.1,No
2790-XUYMV,Fulton,MI,49052,38,Male,No,No,Yes,71,Yes,Yes,Fiber optic,Yes,Yes,No,No,No,No,One year,Yes,Credit card (automatic),85.45,No
0581-MDMPW,Black River,MI,48721,63,Female,No,No,No,24,Yes,Yes,Fiber optic,No,No,Yes,No,Yes,No,Month-to-month,Yes,Credit card (automatic),88.95,No
1023-BQXZE,Bangor,MI,49013,45,Male,No,No,No,57,Yes,No,DSL,Yes,No,Yes,No,Yes,Yes,Two year,Yes,Bank transfer (automatic),74.35,No
9163-GHAYE,Saint Clair Shores,MI,48082,48,Female,No,No,No,15,Yes,No,DSL,No,Yes,No,No,No,No,Month-to-month,No,Electronic check,48.85,No
3904-UKFRE,Luzerne,MI,48636,35,Male,No,No,No,4,Yes,Yes,Fiber optic,Yes,No,No,No,No,No,Month-to-month,Yes,Electronic check,80.1,No
5353-WILCI,Harbor Springs,MI,49740,54,Female,No,No,No,28,Yes,No,DSL,Yes,Yes,No,No,No,No,Month-to-month,No,Electronic check,56.05,No
0058-EVZWM,Conklin,MI,49403,53,Female,No,Yes,No,55,Yes,Yes,Fiber optic,Yes,No,No,No,Yes,No,Month-to-month,Yes,Bank transfer (automatic),89.8,No
7009-PCARS,Henderson,MI,48841,38,Male,No,No,Yes,55,Yes,No,None,No,No,No,No,No,No,One year,No,Bank transfer (automatic),19.1,No
0519-DRGTI,Atlantic Mine,MI,49905,61,Female,No,Yes,Yes,20,Yes,No,None,No,No,No,No,No,No,Month-to-month,No,Mailed check,20.35,No
1017-FBQMM,Grand Ledge,MI,48837,40,Female,No,Yes,Yes,62,Yes,Yes,Fiber optic,No,Yes,No,Yes,Yes,Yes,One year,Yes,Credit card (automatic),106.05,No
1985-MBRYP,Mulliken,MI,48861,42,Female,No,No,No,43,Yes,No,None,No,No,No,No,No,No,Two year,Yes,Bank transfer (automatic),19.65,No
9372-TXXPS,Escanaba,MI,49829,30,Female,No,Yes,No,60,Yes,No,DSL,Yes,Yes,No,Yes,No,No,Two year,No,Bank transfer (automatic),59.85,No
3259-QMXUN,Troy,MI,48084,23,Male,No,Yes,No,58,Yes,Yes,DSL,Yes,Yes,Yes,No,Yes,Yes,Two year,Yes,Electronic check,86.1,No
1015-JPFYW,Ortonville,MI,48462,32,Male,No,No,Yes,7,Yes,No,None,No,No,No,No,No,No,One year,No,Mailed check,19.45,No
6645-MXQJT,Gregory,MI,48137,38,Male,No,Yes,Yes,2,Yes,No,Fiber optic,Yes,No,No,No,Yes,Yes,Month-to-month,No,Electronic check,97.1,No
4360-QRAVE,Fowlerville,MI,48836,22,Male,Yes,No,No,37,No,No,DSL,No,Yes,Yes,No,No,No,Month-to-month,No,Electronic check,36.65,No
8433-WPJTV,Detroit,MI,48216,47,Female,Yes,Yes,Yes,65,Yes,Yes,Fiber optic,No,No,Yes,Yes,Yes,Yes,One year,Yes,Bank transfer (automatic),103.9,No
5804-JMYIO,Howell,MI,48843,21,Female,No,Yes,Yes,39,Yes,No,None,No,No,No,No,No,No,Two year,No,Mailed check,19.75,No
6484-LATFU,Rhodes,MI,48652,52,Male,No,No,No,68,Yes,Yes,None,No,No,No,No,No,No,Two year,No,Mailed check,24.55,No
7599-NTMDP,Hazel Park,MI,48030,61,Female,No,Yes,Yes,62,No,No,DSL,Yes,Yes,No,Yes,Yes,No,Two year,No,Bank transfer (automatic),48.7,No
0536-ACXIP,Goodells,MI,48027,19,Female,No,Yes,No,72,Yes,Yes,Fiber optic,Yes,Yes,Yes,No,Yes,Yes,Two year,Yes,Electronic check,109.55,No
0936-NQLJU,East Leroy,MI,49051,26,Female,No,Yes,No,41,Yes,No,None,No,No,No,No,No,No,Two year,No,Credit card (automatic),20.65,No
1575-KRZZE,Ironwood,MI,49938,22,Female,No,No,No,4,Yes,No,DSL,Yes,Yes,No,No,No,No,Month-to-month,No,Electronic check,55.2,No
3251-YMVWZ,Attica,MI,48412,38,Male,No,No,No,53,Yes,Yes,None,No,No,No,No,No,No,One year,No,Bank transfer (automatic),24.05,No
4884-LEVMQ,Dearborn,MI,48126,44,Male,No,Yes,No,39,Yes,No,None,No,No,No,No,No,No,Two year,Yes,Bank transfer (automatic),20.45,No
8857-CUPFQ,Mount Clemens,MI,48043,57,Male,No,Yes,No,63,Yes,No,None,No,No,No,No,No,No,Two year,No,Mailed check,19.25,No
7610-TVOPG,Flint,MI,48503,58,Male,No,No,No,15,Yes,Yes,None,No,No,No,No,No,No,Month-to-month,Yes,Electronic check,26.35,No
3638-DIMPH,Brimley,MI,49715,39,Female,No,Yes,No,13,Yes,No,DSL,No,No,No,No,No,No,One year,No,Electronic check,43.8,No
1845-ZLLIG,Southgate,MI,48195,46,Male,No,No,No,1,Yes,No,DSL,No,Yes,No,No,No,No,Month-to-month,Yes,Mailed check,50.15,No
8559-WNQZS,Weston,MI,49289,31,Male,No,No,No,1,Yes,No,None,No,No,No,No,No,No,Two year,No,Mailed check,20.45,No
1699-UOTXU,Flint,MI,48507,40,Male,No,No,No,60,Yes,No,DSL,Yes,Yes,Yes,No,No,No,Two year,No,Electronic check,61.4,No
0635-WKOLD,Dansville,MI,48819,48,Male,No,Yes,No,40,Yes,Yes,DSL,No,Yes,No,Yes,Yes,No,One year,No,Credit card (automatic),70.75,No
5993-JSUWV,Moran,MI,49760,64,Female,No,No,No,66,Yes,No,DSL,Yes,Yes,Yes,No,No,No,Two year,Yes,Bank transfer (automatic),61.15,No
4518-FZBSX,Barryton,MI,49305,34,Male,No,Yes,Yes,42,Yes,No,None,No,No,No,No,No,No,One year,No,Mailed check,20.25,No
5387-ASZNZ,Carsonville,MI,48419,62,Female,Yes,No,No,66,Yes,Yes,DSL,Yes,Yes,No,Yes,No,No,One year,Yes,Credit card (automatic),63.85,No
6988-CJEYV,Fremont,MI,49412,27,Male,No,No,No,49,Yes,Yes,Fiber optic,No,Yes,No,No,Yes,Yes,Month-to-month,No,Electronic check,98.7,No
3097-FQTVJ,Maple Rapids,MI,48853,54,Female,No,No,No,41,Yes,No,None,No,No,No,No,No,No,Two year,No,Mailed check,20,No
5465-BUBFA,Corunna,MI,48817,40,Female,No,Yes,Yes,41,Yes,No,None,No,No,No,No,No,No,Two year,No,Bank transfer (automatic),19.3,No
7299-GNVPL,Bentley,MI,48613,24,Female,No,Yes,Yes,23,Yes,No,Fiber optic,Yes,Yes,No,Yes,No,No,Month-to-month,No,Mailed check,84.4,No
9743-DQKQW,Mount Clemens,MI,48043,26,Male,No,No,No,3,No,No,DSL,No,No,No,No,No,No,Month-to-month,No,Electronic check,25.1,No
1215-VFYVK,Southfield,MI,48075,61,Female,No,No,No,4,No,No,DSL,Yes,No,Yes,Yes,No,Yes,Month-to-month,No,Mailed check,48.25,No
9371-BITHB,Holland,MI,49424,33,Female,No,Yes,Yes,52,Yes,No,None,No,No,No,No,No,No,Two year,No,Mailed check,19.85,No
9093-FPDLG,Garden,MI,49835,28,Female,No,No,No,11,Yes,No,Fiber optic,No,Yes,Yes,Yes,No,Yes,Month-to-month,Yes,Electronic check,94.2,No
0541-FITGH,Bronson,MI,49028,25,Female,No,Yes,No,2,Yes,No,DSL,Yes,No,No,No,No,Yes,Month-to-month,Yes,Mailed check,62.15,No
6985-HAYWX,Goodells,MI,48027,50,Female,No,Yes,No,26,Yes,Yes,Fiber optic,No,Yes,No,No,No,No,Month-to-month,No,Bank transfer (automatic),79.3,No
7508-KBIMB,Holland,MI,49424,55,Male,No,Yes,Yes,24,Yes,No,DSL,Yes,No,Yes,No,No,No,One year,Yes,Credit card (automatic),56.25,No
6838-HVLXG,Lyons,MI,48851,40,Female,No,No,No,12,Yes,No,None,No,No,No,No,No,No,Month-to-month,No,Mailed check,20.3,No
2277-DJJDL,Battle Creek,MI,49037,44,Male,Yes,Yes,No,60,Yes,Yes,Fiber optic,No,No,No,Yes,Yes,Yes,Month-to-month,Yes,Electronic check,99,No
1897-OKVMW,Spring Lake,MI,49456,51,Female,No,Yes,Yes,64,Yes,Yes,DSL,Yes,Yes,Yes,Yes,Yes,Yes,Two year,Yes,Mailed check,90.6,No
5485-ITNPC,Holland,MI,49423,48,Male,No,Yes,No,66,Yes,No,DSL,Yes,Yes,Yes,Yes,Yes,Yes,Two year,Yes,Bank transfer (automatic),85.9,No
0233-FTHAV,Armada,MI,48005,50,Female,No,No,No,60,Yes,Yes,Fiber optic,No,No,Yes,No,No,No,One year,Yes,Bank transfer (automatic),79.2,No
4644-PIZRT,Hermansville,MI,49847,38,Male,No,Yes,Yes,17,Yes,Yes,DSL,Yes,No,Yes,No,Yes,No,One year,Yes,Bank transfer (automatic),70.35,No
8922-NPKBJ,Farmington,MI,48334,58,Male,No,Yes,Yes,42,Yes,No,None,No,No,No,No,No,No,Two year,No,Mailed check,19.35,No
2740-TVLFN,Milford,MI,48381,35,Male,No,No,No,1,Yes,Yes,DSL,No,No,No,No,No,No,Month-to-month,Yes,Electronic check,50.15,No
7771-CFQRQ,Detroit,MI,48213,47,Female,No,Yes,Yes,47,Yes,No,DSL,No,Yes,No,Yes,No,Yes,Two year,No,Bank transfer (automatic),63.8,No
9512-PHSMG,Muskegon,MI,49445,42,Female,No,Yes,No,10,Yes,No,None,No,No,No,No,No,No,Month-to-month,Yes,Mailed check,20.55,No
6963-EZQEE,West Bloomfield,MI,48322,26,Male,Yes,Yes,No,70,Yes,Yes,DSL,Yes,Yes,Yes,Yes,Yes,Yes,Two year,Yes,Credit card (automatic),88.55,No
2452-KDRRH,Jackson,MI,49203,32,Male,Yes,No,No,67,Yes,Yes,Fiber optic,No,No,Yes,No,Yes,Yes,Month-to-month,Yes,Credit card (automatic),101.4,No
4146-SVFUD,Roseville,MI,48066,57,Male,No,No,No,1,Yes,No,DSL,No,No,No,No,No,No,Month-to-month,No,Mailed check,44.6,No
1564-HJUVY,Emmett,MI,48022,31,Male,No,No,No,4,Yes,No,DSL,No,Yes,No,Yes,Yes,No,Month-to-month,Yes,Bank transfer (automatic),63.75,No
3617-XLSGQ,Morrice,MI,48857,19,Female,No,Yes,Yes,66,Yes,Yes,Fiber optic,Yes,Yes,Yes,No,Yes,Yes,Two year,No,Bank transfer (automatic),109.25,No
7517-LDMPS,Felch,MI,49831,51,Female,No,No,No,12,Yes,No,Fiber optic,No,Yes,No,No,No,Yes,Month-to-month,Yes,Electronic check,84.6,No
7244-KXYZN,Three Oaks,MI,49128,25,Female,No,No,No,24,Yes,No,None,No,No,No,No,No,No,One year,No,Credit card (automatic),20.45,No
5226-NOZFC,Midland,MI,48642,42,Male,No,No,No,26,Yes,No,Fiber optic,No,Yes,No,No,Yes,No,Month-to-month,Yes,Electronic check,85.75,No
1400-WIVLL,White Lake,MI,48383,44,Male,No,Yes,No,57,Yes,Yes,Fiber optic,No,No,Yes,Yes,Yes,Yes,Two year,No,Electronic check,107.95,No
8148-NLEGT,Branch,MI,49402,33,Female,No,Yes,Yes,42,Yes,Yes,None,No,No,No,No,No,No,Two year,No,Electronic check,22.95,No
8347-GDTMP,Owosso,MI,48867,20,Female,No,Yes,No,64,Yes,No,None,No,No,No,No,No,No,Two year,No,Credit card (automatic),19.45,No
6746-WAUWT,Luther,MI,49656,37,Male,No,No,No,19,Yes,No,None,No,No,No,No,No,No,One year,Yes,Credit card (automatic),19.7,No
0428-IKYCP,Metamora,MI,48455,49,Male,No,Yes,No,22,Yes,No,Fiber optic,No,No,Yes,No,Yes,No,Month-to-month,Yes,Bank transfer (automatic),87,No
2187-PKZAY,Auburn Hills,MI,48326,27,Male,No,No,No,12,Yes,No,Fiber optic,No,No,No,No,No,Yes,Month-to-month,Yes,Bank transfer (automatic),79.95,No
4003-OCTMP,Lake Leelanau,MI,49653,57,Female,No,Yes,No,31,Yes,No,DSL,Yes,No,No,Yes,No,Yes,One year,Yes,Electronic check,64,No
6652-YFFJO,Snover,MI,48472,53,Female,No,No,No,11,Yes,No,DSL,No,No,No,No,Yes,Yes,Month-to-month,Yes,Electronic check,64.9,No
7225-IILWY,Casco,MI,48064,58,Male,No,Yes,Yes,68,Yes,Yes,None,No,No,No,No,No,No,Two year,No,Mailed check,25.75,No
5248-RPYWW,Sand Lake,MI,49343,54,Female,Yes,Yes,Yes,72,Yes,Yes,DSL,Yes,Yes,Yes,Yes,Yes,Yes,Two year,Yes,Bank transfer (automatic),90.15,No
7923-IYJWY,Watersmeet,MI,49969,59,Male,Yes,No,No,67,Yes,Yes,Fiber optic,Yes,Yes,Yes,Yes,Yes,Yes,Two year,Yes,Credit card (automatic),116.1,No
3170-GWYKC,Mackinac Island,MI,49757,40,Female,No,No,No,60,Yes,No,Fiber optic,Yes,No,Yes,Yes,Yes,Yes,Month-to-month,Yes,Bank transfer (automatic),104.95,No
9830-ECLEN,Thompsonville,MI,49683,28,Male,No,Yes,Yes,58,No,No,DSL,Yes,Yes,Yes,No,Yes,No,One year,No,Mailed check,50,No
2668-TZSPS,Wayland,MI,49348,53,Male,No,No,No,1,Yes,No,None,No,No,No,No,No,No,Month-to-month,No,Mailed check,20.45,No
7446-SFAOA,Mikado,MI,48745,37,Female,No,Yes,No,37,Yes,No,None,No,No,No,No,No,No,One year,Yes,Bank transfer (automatic),19.85,No
9522-ZSINC,Spalding,MI,49886,23,Male,No,No,No,13,Yes,No,None,No,No,No,No,No,No,One year,Yes,Electronic check,19.95,No
8234-GSZYK,Lansing,MI,48917,34,Male,No,No,No,43,Yes,Yes,None,No,No,No,No,No,No,Two year,No,Bank transfer (automatic),26.45,No
6505-OZNPG,Cornell,MI,49818,36,Female,No,No,No,6,No,No,DSL,Yes,Yes,Yes,Yes,Yes,Yes,Two year,Yes,Mailed check,63.4,No
6164-HAQTX,Harrisville,MI,48740,28,Male,No,No,No,71,No,No,DSL,Yes,Yes,Yes,Yes,Yes,No,Two year,No,Bank transfer (automatic),53.95,No
7765-LWVVH,Litchfield,MI,49252,20,Female,No,Yes,Yes,72,Yes,Yes,Fiber optic,Yes,Yes,No,No,Yes,No,Two year,Yes,Electronic check,95.1,No
1658-TJVOA,Kalamazoo,MI,49004,62,Female,Yes,No,No,6,Yes,No,Fiber optic,Yes,No,No,No,No,No,Month-to-month,Yes,Electronic check,74.1,No
0953-LGOVU,Mason,MI,48854,61,Male,No,Yes,Yes,12,No,No,DSL,No,Yes,No,Yes,No,No,Month-to-month,No,Mailed check,35.5,No
4692-NNQRU,Detroit,MI,48228,28,Female,No,Yes,No,21,Yes,No,Fiber optic,No,No,Yes,Yes,No,No,One year,No,Electronic check,79.2,No
7742-MYPGI,Fountain,MI,49410,23,Female,No,Yes,Yes,6,Yes,No,DSL,No,No,No,Yes,No,No,Month-to-month,Yes,Mailed check,48.8,No
9619-GSATL,Buckley,MI,49620,61,Female,No,No,No,43,Yes,No,DSL,No,Yes,No,Yes,No,No,One year,No,Electronic check,55.45,No
5622-UEJFI,Goodells,MI,48027,44,Female,No,Yes,Yes,35,Yes,Yes,None,No,No,No,No,No,No,Two year,Yes,Credit card (automatic),25.4,No
0674-DGMAQ,Free Soil,MI,49411,39,Male,Yes,Yes,No,32,Yes,Yes,Fiber optic,No,Yes,Yes,No,No,Yes,Month-to-month,Yes,Electronic check,93.5,No
6203-HBZPA,Lexington,MI,48450,60,Male,No,No,No,52,No,No,DSL,Yes,Yes,Yes,Yes,Yes,Yes,Two year,No,Credit card (automatic),63.9,No
0484-FFVBJ,Port Sanilac,MI,48469,30,Male,No,No,No,32,Yes,No,DSL,No,No,No,No,Yes,Yes,One year,Yes,Bank transfer (automatic),64.85,No
0301-FIDRB,Turner,MI,48765,21,Female,No,Yes,Yes,72,No,No,DSL,Yes,Yes,Yes,Yes,Yes,Yes,Two year,Yes,Bank transfer (automatic),63.8,No
4139-JPIAM,Topinabee,MI,49791,47,Male,No,No,No,51,No,No,DSL,Yes,No,No,Yes,No,Yes,Month-to-month,Yes,Credit card (automatic),44.45,No
2181-TIDSV,Akron,MI,48701,52,Male,No,Yes,Yes,68,Yes,No,None,No,No,No,No,No,No,Two year,Yes,Bank transfer (automatic),19.95,No
2761-XECQW,Fenwick,MI,48834,56,Male,Yes,Yes,No,8,No,No,DSL,No,Yes,Yes,No,No,Yes,Month-to-month,Yes,Mailed check,43.35,No
1936-CZAKF,Jones,MI,49061,49,Male,No,Yes,No,49,No,No,DSL,No,Yes,No,No,Yes,Yes,Two year,No,Credit card (automatic),49.65,No
9453-PATOS,Nottawa,MI,49075,35,Female,No,Yes,No,72,Yes,No,DSL,Yes,Yes,Yes,Yes,Yes,Yes,Two year,No,Mailed check,85.1,No
4402-FTBXC,Dearborn,MI,48126,24,Male,No,No,No,54,Yes,No,Fiber optic,Yes,No,Yes,No,Yes,No,Month-to-month,No,Mailed check,89.8,No
2931-XIQBR,Burton,MI,48529,48,Female,No,Yes,Yes,50,Yes,No,Fiber optic,No,No,Yes,Yes,Yes,Yes,One year,No,Mailed check,103.05,No
0106-UGRDO,Burton,MI,48509,43,Female,No,Yes,No,69,Yes,Yes,Fiber optic,Yes,Yes,Yes,Yes,Yes,Yes,Two year,Yes,Electronic check,116,No
5542-TBBWB,Clio,MI,48420,46,Male,No,No,No,1,Yes,No,Fiber optic,No,No,No,No,No,No,Month-to-month,Yes,Electronic check,69.9,No
1930-QPBVZ,Thompsonville,MI,49683,22,Male,No,Yes,Yes,68,Yes,No,Fiber optic,Yes,Yes,No,Yes,No,Yes,Two year,No,Bank transfer (automatic),95.1,No
2606-PKWJB,Felch,MI,49831,61,Male,No,No,Yes,40,No,No,DSL,Yes,Yes,No,Yes,No,No,One year,No,Mailed check,40.25,No
5322-ZSMZY,Houghton Lake Heights,MI,48630,57,Male,No,Yes,Yes,31,Yes,Yes,None,No,No,No,No,No,No,Two year,No,Mailed check,25.75,No
8059-UDZFY,Troy,MI,48098,58,Female,Yes,No,Yes,33,Yes,Yes,Fiber optic,No,Yes,Yes,No,Yes,Yes,Month-to-month,Yes,Bank transfer (automatic),105.35,No
7740-BTPUX,Lupton,MI,48635,43,Male,Yes,Yes,No,55,Yes,Yes,Fiber optic,No,Yes,Yes,Yes,Yes,Yes,Two year,Yes,Electronic check,113.6,No
5220-AGAAX,Harrietta,MI,49638,24,Male,No,Yes,Yes,68,Yes,Yes,None,No,No,No,No,No,No,Two year,Yes,Bank transfer (automatic),24,No
0208-BPQEJ,Ewen,MI,49925,31,Female,No,Yes,Yes,12,Yes,No,None,No,No,No,No,No,No,Month-to-month,No,Bank transfer (automatic),19.4,No
9435-JMLSX,Saginaw,MI,48601,29,Male,No,Yes,No,71,Yes,No,DSL,Yes,Yes,Yes,Yes,Yes,Yes,Two year,Yes,Bank transfer (automatic),86.1,No
3352-ALMCK,Clinton Township,MI,48035,37,Male,No,No,No,40,Yes,Yes,Fiber optic,No,Yes,Yes,No,Yes,Yes,Month-to-month,Yes,Mailed check,102.65,No
5312-IRCFR,Grand Rapids,MI,49506,28,Female,No,Yes,Yes,64,Yes,Yes,Fiber optic,No,Yes,Yes,No,No,Yes,One year,Yes,Electronic check,92.85,No
5294-IMHHT,Eckerman,MI,49728,60,Male,No,Yes,No,53,Yes,Yes,Fiber optic,No,Yes,No,Yes,No,Yes,One year,No,Bank transfer (automatic),97.75,No
6176-YJWAS,Garden City,MI,48135,53,Male,No,Yes,No,72,Yes,Yes,Fiber optic,Yes,Yes,Yes,No,Yes,No,Two year,Yes,Credit card (automatic),97.95,No
5310-NOOVA,Grosse Pointe,MI,48230,42,Male,No,No,No,46,Yes,No,None,No,No,No,No,No,No,Two year,No,Electronic check,19.95,No
4526-EXKKN,Pleasant Ridge,MI,48069,36,Male,No,No,No,40,Yes,Yes,None,No,No,No,No,No,No,Two year,Yes,Mailed check,24.6,No
5311-IHLEI,Peck,MI,48466,23,Male,No,No,No,12,No,No,DSL,Yes,Yes,No,Yes,Yes,No,Month-to-month,Yes,Bank transfer (automatic),50.95,No
3987-KQDDU,Memphis,MI,48041,54,Male,No,No,No,9,Yes,No,Fiber optic,Yes,No,No,No,No,No,Month-to-month,No,Electronic check,75.6,No
3404-JNXAX,Smiths Creek,MI,48074,54,Female,No,Yes,Yes,51,Yes,Yes,Fiber optic,No,No,No,Yes,No,No,Month-to-month,Yes,Electronic check,80.75,No
5131-PONJI,Lawrence,MI,49064,64,Male,No,Yes,Yes,49,Yes,No,Fiber optic,No,Yes,Yes,No,Yes,No,Month-to-month,Yes,Credit card (automatic),90.4,No
3489-VSFRD,Keego Harbor,MI,48320,24,Female,No,No,No,56,Yes,No,DSL,Yes,No,Yes,Yes,No,No,One year,Yes,Credit card (automatic),60.25,No
3345-JHUEO,Brimley,MI,49715,37,Male,No,No,No,4,Yes,No,None,No,No,No,No,No,No,Month-to-month,Yes,Electronic check,20.2,No
5815-HGGHV,Lansing,MI,48933,37,Male,No,Yes,No,20,Yes,No,DSL,Yes,No,No,Yes,No,Yes,One year,Yes,Mailed check,64.15,No
5260-UMPWX,Nahma,MI,49864,43,Female,No,Yes,Yes,26,Yes,No,None,No,No,No,No,No,No,Month-to-month,Yes,Credit card (automatic),20.25,No
5649-RXQTV,Detroit,MI,48205,38,Male,No,No,No,51,Yes,No,Fiber optic,No,Yes,Yes,No,Yes,Yes,Month-to-month,Yes,Electronic check,99,No
2674-MIAHT,Channing,MI,49815,29,Female,No,No,No,4,Yes,Yes,Fiber optic,No,Yes,No,No,No,No,Month-to-month,Yes,Mailed check,80.3,No
2576-HXMPA,Gregory,MI,48137,30,Female,No,No,No,1,Yes,No,None,No,No,No,No,No,No,Month-to-month,No,Credit card (automatic),19.55,No
7587-AOVVU,Leslie,MI,49251,48,Male,No,Yes,Yes,27,Yes,Yes,Fiber optic,Yes,Yes,No,Yes,Yes,No,Month-to-month,No,Electronic check,100.75,No
6898-MDLZW,Davisburg,MI,48350,34,Male,No,No,No,12,Yes,No,DSL,No,Yes,No,Yes,No,No,Month-to-month,Yes,Mailed check,53.75,No
4707-YNOQA,Rockland,MI,49960,32,Female,No,Yes,Yes,34,Yes,Yes,None,No,No,No,No,No,No,One year,Yes,Credit card (automatic),25.6,No
9357-UJRUN,Chatham,MI,49816,29,Male,No,Yes,No,24,Yes,Yes,DSL,Yes,No,No,Yes,No,No,One year,Yes,Electronic check,58.35,No
8648-PFRMP,Birmingham,MI,48009,52,Female,Yes,No,No,14,No,No,DSL,No,No,No,No,Yes,Yes,Month-to-month,Yes,Electronic check,46.35,No
7663-CUXZB,Eau Claire,MI,49111,57,Male,No,Yes,No,59,Yes,Yes,Fiber optic,Yes,Yes,Yes,Yes,Yes,Yes,Two year,No,Electronic check,113.75,No
0258-NOKBL,Perkins,MI,49872,22,Male,No,No,No,3,Yes,No,Fiber optic,No,Yes,Yes,No,No,Yes,Month-to-month,No,Electronic check,90.4,No
1163-VIPRI,Portage,MI,49002,47,Female,No,Yes,Yes,65,Yes,Yes,Fiber optic,Yes,No,Yes,Yes,Yes,Yes,Two year,No,Electronic check,109.3,No
9348-ROUAI,Newberry,MI,49868,23,Female,No,Yes,Yes,59,Yes,Yes,DSL,Yes,Yes,Yes,Yes,Yes,Yes,Two year,No,Credit card (automatic),90.3,No
9443-JUBUO,Ironwood,MI,49938,44,Male,No,Yes,Yes,72,No,No,DSL,Yes,Yes,Yes,Yes,Yes,Yes,Two year,Yes,Credit card (automatic),65.25,No
3043-TYBNO,Woodland,MI,48897,41,Male,No,No,No,3,Yes,No,DSL,No,No,No,Yes,No,Yes,Month-to-month,No,Mailed check,60.65,No
4830-FAXFM,Middleton,MI,48856,34,Male,No,No,Yes,19,Yes,Yes,None,No,No,No,No,No,No,Month-to-month,Yes,Credit card (automatic),24.1,No
5906-BFOZT,Rockford,MI,49341,63,Male,No,No,No,1,Yes,No,None,No,No,No,No,No,No,Month-to-month,Yes,Mailed check,19.5,No
2960-NKRSO,Rose City,MI,48654,57,Male,No,No,No,24,Yes,No,Fiber optic,No,Yes,Yes,Yes,No,No,Month-to-month,Yes,Electronic check,85.95,No
8996-ZROXE,Luna Pier,MI,48157,20,Male,Yes,No,No,57,Yes,No,DSL,No,No,Yes,Yes,No,No,One year,Yes,Electronic check,53.5,No
5598-IKHQQ,Coral,MI,49322,38,Female,No,No,No,72,Yes,Yes,None,No,No,No,No,No,No,Two year,No,Credit card (automatic),25.45,No
0397-ZXWQF,Gould City,MI,49838,38,Male,No,No,No,67,Yes,No,None,No,No,No,No,No,No,Two year,No,Bank transfer (automatic),20.5,No
5266-PFRQK,Escanaba,MI,49829,44,Male,No,Yes,Yes,52,Yes,No,None,No,No,No,No,No,No,One year,Yes,Credit card (automatic),20.85,No
4674-HGNUA,Jackson,MI,49203,31,Male,No,Yes,Yes,71,Yes,Yes,DSL,Yes,Yes,Yes,Yes,Yes,Yes,Two year,No,Credit card (automatic),89.9,No
6765-MBQNU,Tawas City,MI,48763,24,Female,No,Yes,No,26,Yes,Yes,None,No,No,No,No,No,No,One year,No,Mailed check,26,No
9786-IJYDL,Mecosta,MI,49332,46,Female,No,No,No,35,Yes,Yes,Fiber optic,Yes,Yes,Yes,Yes,Yes,Yes,Two year,Yes,Mailed check,113.2,No
1303-SRDOK,Algonac,MI,48001,46,Female,No,Yes,Yes,55,Yes,No,Fiber optic,No,No,No,No,No,No,Two year,Yes,Credit card (automatic),69.05,No
3769-MHZNV,Dowagiac,MI,49047,50,Female,No,Yes,Yes,33,Yes,No,None,No,No,No,No,No,No,Two year,No,Mailed check,20.1,No
6295-OSINB,Detroit,MI,48213,21,Male,No,Yes,No,72,Yes,Yes,Fiber optic,Yes,Yes,Yes,No,Yes,Yes,Two year,Yes,Electronic check,109.65,No
3308-MHOOC,Tecumseh,MI,49286,24,Male,No,No,Yes,1,Yes,No,None,No,No,No,No,No,No,Month-to-month,Yes,Mailed check,19.2,No
2207-QPJED,Madison Heights,MI,48071,58,Female,Yes,Yes,No,37,Yes,No,Fiber optic,No,No,Yes,Yes,Yes,No,Month-to-month,No,Electronic check,90,No
4177-JPDFU,Ferndale,MI,48220,41,Male,No,No,No,12,No,No,DSL,No,Yes,No,Yes,No,No,Month-to-month,No,Mailed check,34,No
2239-CFOUJ,Fenwick,MI,48834,28,Male,No,Yes,Yes,1,Yes,No,None,No,No,No,No,No,No,One year,No,Mailed check,20.4,No
8046-DNVTL,Southfield,MI,48076,46,Male,No,Yes,No,62,No,No,DSL,Yes,Yes,No,Yes,No,No,Two year,Yes,Credit card (automatic),38.6,No
2209-XADXF,Cement City,MI,49233,21,Female,No,No,No,1,No,No,DSL,No,No,No,No,No,No,Month-to-month,No,Bank transfer (automatic),25.25,No
6620-JDYNW,Melvin,MI,48454,23,Female,No,No,No,18,Yes,Yes,DSL,Yes,No,Yes,No,No,No,Month-to-month,Yes,Mailed check,60.6,No
4770-UEZOX,Mayfield,MI,49666,53,Male,No,No,No,2,Yes,No,Fiber optic,No,Yes,No,No,No,No,Month-to-month,Yes,Electronic check,74.75,No
1038-RQOST,Hudsonville,MI,49426,33,Male,No,Yes,Yes,19,Yes,No,None,No,No,No,No,No,No,Month-to-month,No,Mailed check,20.6,No
4568-TTZRT,Detroit,MI,48226,56,Male,No,No,No,9,Yes,No,None,No,No,No,No,No,No,Month-to-month,No,Mailed check,20.4,No
9513-DXHDA,Toivola,MI,49965,19,Male,No,No,No,27,Yes,No,DSL,Yes,No,Yes,Yes,Yes,Yes,One year,No,Electronic check,81.7,No
0516-QREYC,Mc Bain,MI,49657,38,Female,Yes,No,No,24,Yes,No,None,No,No,No,No,No,No,Month-to-month,Yes,Mailed check,20.3,No
8084-OIVBS,Britton,MI,49229,57,Female,No,No,No,11,Yes,No,None,No,No,No,No,No,No,One year,No,Mailed check,20,No
8896-BQTTI,Montrose,MI,48457,48,Male,No,No,No,1,Yes,Yes,None,No,No,No,No,No,No,Month-to-month,Yes,Mailed check,25,No
3865-QBWSJ,Oakland,MI,48363,35,Male,Yes,No,Yes,38,Yes,Yes,Fiber optic,Yes,No,No,No,No,No,Month-to-month,Yes,Mailed check,80.45,No
3352-RICWQ,Pelkie,MI,49958,61,Female,No,Yes,Yes,9,Yes,No,None,No,No,No,No,No,No,Two year,No,Mailed check,19.75,No
2160-GPFXD,Jackson,MI,49203,44,Male,No,Yes,Yes,54,Yes,Yes,DSL,Yes,Yes,No,Yes,No,No,Two year,Yes,Credit card (automatic),65.65,No
2065-MMKGR,Monroe,MI,48162,44,Female,No,No,No,29,Yes,Yes,DSL,No,No,No,No,Yes,Yes,One year,Yes,Credit card (automatic),71,No
5857-TYBCJ,Watton,MI,49970,38,Male,Yes,Yes,No,44,Yes,Yes,Fiber optic,No,No,Yes,No,Yes,No,Month-to-month,Yes,Electronic check,89.2,No
1498-NHTLT,Pleasant Lake,MI,49272,61,Male,No,Yes,Yes,59,Yes,No,DSL,Yes,Yes,Yes,Yes,Yes,Yes,Two year,Yes,Electronic check,86.75,No
1402-PTHGN,Union Pier,MI,49129,22,Female,No,Yes,Yes,18,Yes,No,DSL,Yes,Yes,No,Yes,No,No,One year,Yes,Mailed check,61.5,No
4176-RELJR,Grand Rapids,MI,49508,27,Male,Yes,No,No,67,Yes,Yes,None,No,No,No,No,No,No,Two year,No,Credit card (automatic),25.1,No
5199-FPUSP,Cadillac,MI,49601,56,Male,No,No,Yes,33,No,No,DSL,Yes,No,No,Yes,No,No,One year,No,Credit card (automatic),34.05,No
6377-KSLXC,Little Falls,MN,56345,55,Male,No,No,No,5,Yes,No,None,No,No,No,No,No,No,Month-to-month,No,Mailed check,19.95,No
1796-JANOW,Angora,MN,55703,25,Female,No,No,No,2,Yes,No,None,No,No,No,No,No,No,Month-to-month,No,Mailed check,19.95,No
0238-WHBIQ,Clitherall,MN,56524,62,Male,No,Yes,Yes,72,Yes,Yes,DSL,Yes,Yes,Yes,Yes,Yes,Yes,Two year,No,Credit card (automatic),89.7,No
8735-NBLWT,Saint Paul,MN,55107,30,Male,No,No,Yes,9,Yes,No,None,No,No,No,No,No,No,Month-to-month,No,Mailed check,20.4,No
6651-RLGGM,Comfrey,MN,56019,28,Male,No,Yes,Yes,67,Yes,Yes,None,No,No,No,No,No,No,Two year,No,Mailed check,26.3,No
1614-JBEBI,Glenville,MN,56036,23,Female,No,No,No,8,Yes,No,None,No,No,No,No,No,No,Month-to-month,Yes,Mailed check,20.7,No
5696-EXCYS,Garrison,MN,56450,20,Male,No,No,No,17,Yes,No,None,No,No,No,No,No,No,Two year,No,Credit card (automatic),19.45,No
5795-KTGUD,Sturgeon Lake,MN,55783,30,Female,No,Yes,No,68,Yes,Yes,Fiber optic,Yes,Yes,Yes,No,Yes,Yes,Two year,Yes,Bank transfer (automatic),110.8,No
7924-GJZFI,Correll,MN,56227,61,Female,Yes,Yes,No,25,Yes,No,Fiber optic,No,No,No,No,No,No,Month-to-month,Yes,Electronic check,69.3,No
4702-HDRKD,Cosmos,MN,56228,62,Male,No,No,No,67,No,No,DSL,Yes,No,Yes,Yes,Yes,No,One year,Yes,Bank transfer (automatic),49.35,No
8512-WIWYV,Hibbing,MN,55746,37,Male,No,No,No,32,Yes,No,None,No,No,No,No,No,No,One year,No,Credit card (automatic),20.35,No
5897-ZYEKH,Nerstrand,MN,55053,61,Female,Yes,Yes,No,67,Yes,Yes,Fiber optic,Yes,Yes,No,No,Yes,Yes,One year,Yes,Electronic check,105.6,No
5456-ITGIC,Hartland,MN,56042,30,Male,Yes,Yes,No,72,No,No,DSL,Yes,Yes,Yes,Yes,Yes,Yes,Two year,Yes,Credit card (automatic),64.45,No
1406-PUQVY,Belview,MN,56214,55,Male,No,No,Yes,1,Yes,No,DSL,No,Yes,No,No,No,No,Month-to-month,Yes,Electronic check,49.9,No
9114-AAFQH,La Crescent,MN,55947,38,Female,No,Yes,No,48,Yes,No,DSL,No,Yes,Yes,No,No,Yes,One year,Yes,Electronic check,65.65,No
8715-KKTFG,Benedict,MN,56436,40,Female,No,Yes,No,61,Yes,Yes,Fiber optic,No,No,Yes,Yes,Yes,Yes,One year,Yes,Bank transfer (automatic),103.3,No
1728-BQDMA,Hutchinson,MN,55350,51,Female,No,No,No,2,Yes,No,DSL,No,No,No,No,No,No,Month-to-month,No,Electronic check,44.45,No
5117-ZSMHQ,Maple Plain,MN,55359,46,Female,No,Yes,Yes,71,Yes,Yes,DSL,Yes,Yes,Yes,Yes,Yes,Yes,Two year,No,Bank transfer (automatic),89.9,No
5151-HQRDG,Hopkins,MN,55305,41,Male,No,Yes,No,37,Yes,Yes,DSL,Yes,No,No,No,No,No,Month-to-month,Yes,Mailed check,55.05,No
0960-HUWBM,Odin,MN,56160,54,Male,No,Yes,Yes,65,Yes,Yes,Fiber optic,No,No,Yes,Yes,Yes,Yes,Two year,Yes,Bank transfer (automatic),104.1,No
6465-GSRCL,Cohasset,MN,55721,38,Female,No,No,Yes,67,Yes,Yes,Fiber optic,No,Yes,No,Yes,Yes,Yes,One year,Yes,Bank transfer (automatic),106.6,No
0263-FJTQO,Welcome,MN,56181,33,Male,No,Yes,Yes,50,Yes,Yes,DSL,Yes,No,No,Yes,Yes,No,Two year,Yes,Credit card (automatic),70.5,No
7319-ZNRTR,Hillman,MN,56338,38,Male,No,Yes,Yes,25,Yes,No,None,No,No,No,No,No,No,One year,No,Electronic check,19.6,No
7503-EPSZW,Jeffers,MN,56145,57,Female,No,Yes,Yes,64,Yes,Yes,None,No,No,No,No,No,No,Two year,Yes,Mailed check,24.05,No
7089-XXAYG,Dilworth,MN,56529,44,Male,No,Yes,No,25,No,No,DSL,No,No,Yes,No,Yes,No,One year,Yes,Credit card (automatic),38.1,No
8070-AAWZP,Euclid,MN,56722,50,Male,Yes,Yes,No,24,No,No,DSL,No,No,Yes,Yes,No,No,Month-to-month,No,Mailed check,34.25,No
1666-JXLKU,Plainview,MN,55964,57,Female,No,No,No,37,Yes,Yes,Fiber optic,No,No,Yes,No,Yes,Yes,Month-to-month,Yes,Electronic check,100.05,No
7855-DIWPO,Alvarado,MN,56710,21,Female,No,No,No,21,Yes,No,Fiber optic,No,No,No,No,No,No,Month-to-month,Yes,Electronic check,68.65,No
5133-POWUA,Glencoe,MN,55336,37,Male,No,No,No,1,Yes,No,DSL,No,No,No,No,No,No,Month-to-month,Yes,Mailed check,45.8,No
5652-MSDEY,Green Isle,MN,55338,56,Female,No,No,No,10,Yes,Yes,Fiber optic,No,No,No,No,No,No,Month-to-month,Yes,Mailed check,75.75,No
1810-BOHSY,Magnolia,MN,56158,47,Male,No,Yes,No,51,Yes,Yes,Fiber optic,Yes,Yes,No,No,No,Yes,One year,Yes,Credit card (automatic),96.4,No
1784-BXEFA,Brownsville,MN,55919,64,Female,No,No,No,10,Yes,No,None,No,No,No,No,No,No,Month-to-month,Yes,Mailed check,20.55,No
7351-MHQVU,Pierz,MN,56364,34,Female,No,No,No,6,No,No,DSL,Yes,Yes,No,Yes,No,Yes,Month-to-month,No,Credit card (automatic),50.95,No
9224-VTYID,Hills,MN,56138,32,Male,No,Yes,Yes,47,Yes,Yes,DSL,Yes,Yes,Yes,Yes,Yes,Yes,Two year,Yes,Mailed check,90.5,No
9500-IWPXQ,Ghent,MN,56239,44,Female,No,Yes,Yes,61,Yes,Yes,DSL,Yes,Yes,Yes,Yes,No,Yes,One year,Yes,Electronic check,79.4,No
5762-TJXGK,Saint Paul,MN,55126,29,Female,No,No,No,52,No,No,DSL,Yes,Yes,Yes,No,Yes,Yes,Two year,Yes,Bank transfer (automatic),58.75,No
4504-YOULA,Lyle,MN,55953,24,Female,No,Yes,Yes,35,Yes,Yes,DSL,Yes,Yes,No,No,No,No,Month-to-month,Yes,Credit card (automatic),59.45,No
5569-IDSEY,Saint Paul,MN,55102,35,Male,No,Yes,No,71,Yes,Yes,Fiber optic,No,Yes,Yes,No,Yes,Yes,One year,Yes,Bank transfer (automatic),105.7,No
7284-ZZLOH,Goodland,MN,55742,37,Male,No,Yes,No,45,Yes,No,DSL,Yes,No,Yes,No,No,No,Two year,No,Credit card (automatic),53.3,No
1777-JYQPJ,Argyle,MN,56713,43,Male,No,No,No,2,No,No,DSL,No,No,No,No,No,No,Month-to-month,No,Mailed check,24.3,No
3401-URHDA,Winsted,MN,55395,20,Male,No,No,No,51,Yes,Yes,DSL,Yes,No,No,Yes,No,No,One year,No,Credit card (automatic),59.9,No
1599-EAHXY,Watson,MN,56295,42,Male,No,Yes,Yes,60,Yes,Yes,None,No,No,No,No,No,No,One year,No,Credit card (automatic),23.95,No
8631-XVRZL,Willernie,MN,55090,45,Male,No,No,No,9,Yes,No,None,No,No,No,No,No,No,One year,Yes,Mailed check,20.15,No
3853-LYGAM,Garrison,MN,56450,38,Male,No,No,No,17,Yes,Yes,Fiber optic,No,No,Yes,Yes,No,Yes,Month-to-month,Yes,Bank transfer (automatic),95.65,No
5751-USDBL,Minneapolis,MN,55402,19,Male,No,Yes,Yes,46,Yes,No,DSL,Yes,No,Yes,Yes,Yes,Yes,Two year,No,Mailed check,81,No
5680-LQOGP,Huntley,MN,56047,51,Female,No,No,No,68,Yes,No,DSL,Yes,Yes,Yes,Yes,Yes,Yes,Two year,Yes,Credit card (automatic),82.45,No
8189-DUKMV,Dumont,MN,56236,39,Female,No,Yes,No,4,Yes,No,None,No,No,No,No,No,No,One year,No,Bank transfer (automatic),20.5,No
9931-DCEZH,Audubon,MN,56511,39,Male,No,No,Yes,28,Yes,No,DSL,No,Yes,No,Yes,No,No,One year,Yes,Credit card (automatic),54.4,No
1898-JSNDC,Dover,MN,55929,41,Female,No,No,No,39,Yes,No,DSL,No,Yes,No,No,Yes,No,One year,Yes,Credit card (automatic),58.6,No
0315-LVCRK,Saint Paul,MN,55111,43,Male,No,No,No,11,Yes,No,Fiber optic,No,No,Yes,No,No,Yes,Month-to-month,No,Electronic check,84.8,No
3911-RSNHI,Miltona,MN,56354,64,Female,No,Yes,No,71,No,No,DSL,No,Yes,Yes,Yes,Yes,Yes,Two year,Yes,Credit card (automatic),61.4,No
2410-CIYFZ,Minnesota City,MN,55959,22,Male,No,No,Yes,2,Yes,No,None,No,No,No,No,No,No,Month-to-month,No,Mailed check,20.4,No
5505-OVWQW,Sawyer,MN,55780,25,Female,No,No,No,17,Yes,No,None,No,No,No,No,No,No,One year,No,Mailed check,20.15,No
7271-AJDTL,Delano,MN,55328,45,Female,No,Yes,No,55,Yes,Yes,Fiber optic,No,Yes,Yes,No,Yes,No,Month-to-month,Yes,Credit card (automatic),94.45,No
1867-TJHTS,Minneapolis,MN,55405,59,Female,No,No,No,58,Yes,Yes,Fiber optic,Yes,No,No,No,No,No,Month-to-month,Yes,Bank transfer (automatic),79.8,No
6860-YRJZP,Eden Valley,MN,55329,39,Male,Yes,No,No,9,Yes,Yes,Fiber optic,No,No,No,No,No,No,Month-to-month,Yes,Electronic check,74.05,No
4429-WYGFR,Wanamingo,MN,55983,51,Male,No,No,No,26,Yes,No,DSL,No,No,No,Yes,No,No,Month-to-month,No,Bank transfer (automatic),49.15,No
2817-LVCPP,Reads Landing,MN,55968,33,Female,No,No,No,50,Yes,No,None,No,No,No,No,No,No,Two year,No,Credit card (automatic),19.4,No
5038-ETMLM,Collegeville,MN,56321,31,Female,No,Yes,No,72,Yes,Yes,Fiber optic,Yes,Yes,Yes,Yes,Yes,Yes,Two year,Yes,Bank transfer (automatic),113.65,No
5056-FIMPT,Saint Paul,MN,55105,48,Female,No,No,Yes,43,Yes,No,Fiber optic,Yes,Yes,No,Yes,Yes,Yes,One year,Yes,Credit card (automatic),106,No
4521-WFJAI,Duluth,MN,55811,60,Male,No,No,No,56,Yes,Yes,None,No,No,No,No,No,No,Two year,Yes,Bank transfer (automatic),25.95,No
6569-KTMDU,South Haven,MN,55382,61,Female,No,No,No,1,Yes,No,None,No,No,No,No,No,No,Month-to-month,No,Mailed check,19.1,No
8809-XKHMD,Inver Grove Heights,MN,55076,23,Male,No,Yes,No,72,Yes,Yes,Fiber optic,Yes,Yes,No,Yes,No,Yes,Two year,Yes,Bank transfer (automatic),100.55,No
0396-YCHWO,Lake Park,MN,56554,46,Male,No,Yes,No,36,Yes,Yes,Fiber optic,No,No,No,No,Yes,Yes,Month-to-month,Yes,Electronic check,95.4,No
0867-LDTTC,La Crescent,MN,55947,58,Male,No,No,No,5,Yes,No,DSL,No,No,Yes,Yes,Yes,Yes,Month-to-month,No,Bank transfer (automatic),75.15,No
9391-DXGGG,Argyle,MN,56713,26,Female,Yes,No,No,44,Yes,No,Fiber optic,No,Yes,Yes,No,No,Yes,One year,No,Credit card (automatic),89.15,No
9844-FELAJ,Ironton,MN,56455,63,Female,Yes,Yes,Yes,70,Yes,Yes,Fiber optic,No,Yes,Yes,Yes,Yes,Yes,One year,Yes,Electronic check,107.9,No
2122-SZZZD,Lewiston,MN,55952,33,Male,No,No,No,44,Yes,No,None,No,No,No,No,No,No,One year,No,Credit card (automatic),19.5,No
3148-AOIQT,Deer River,MN,56636,58,Female,No,Yes,No,69,Yes,Yes,None,No,No,No,No,No,No,Two year,Yes,Credit card (automatic),24.95,No
8395-ETZKQ,Barry,MN,56210,27,Male,Yes,Yes,Yes,68,Yes,No,None,No,No,No,No,No,No,One year,No,Bank transfer (automatic),19.5,No
6692-YQHXC,Perham,MN,56573,20,Male,No,No,No,16,Yes,No,Fiber optic,No,No,No,No,No,No,Month-to-month,Yes,Credit card (automatic),69.95,No
3889-VWBID,Saint Stephen,MN,56375,30,Male,No,Yes,Yes,68,Yes,No,DSL,Yes,Yes,No,Yes,Yes,Yes,Two year,No,Bank transfer (automatic),82.85,No
5222-JCXZT,Minneapolis,MN,55443,43,Male,No,No,No,4,Yes,No,None,No,No,No,No,No,No,Month-to-month,No,Mailed check,19,No
9754-CLVZW,Fisher,MN,56723,49,Female,No,Yes,Yes,26,No,No,DSL,Yes,Yes,No,Yes,No,No,Month-to-month,No,Credit card (automatic),38.85,No
2739-CCZMB,Welch,MN,55089,35,Male,No,No,Yes,5,Yes,No,None,No,No,No,No,No,No,Month-to-month,No,Credit card (automatic),20.35,No
7080-TNUWP,Federal Dam,MN,56641,22,Male,No,Yes,No,70,Yes,Yes,Fiber optic,No,Yes,Yes,No,Yes,No,One year,Yes,Bank transfer (automatic),95,No
0496-AHOOK,Fairmont,MN,56031,46,Male,No,Yes,No,24,Yes,No,DSL,Yes,No,No,Yes,Yes,Yes,One year,No,Bank transfer (automatic),74.4,No
8336-TAVKX,Wright,MN,55798,43,Female,Yes,Yes,No,72,Yes,Yes,DSL,Yes,Yes,Yes,Yes,No,Yes,Two year,No,Bank transfer (automatic),78.45,No
2468-SJFLM,Winnebago,MN,56098,33,Male,No,No,No,1,Yes,No,Fiber optic,No,No,No,Yes,No,No,Month-to-month,Yes,Mailed check,74.3,No
3181-VTHOE,Perley,MN,56574,44,Male,No,Yes,No,70,No,No,DSL,No,Yes,Yes,Yes,No,Yes,One year,Yes,Bank transfer (automatic),51.05,No
7168-HDQHG,Kenyon,MN,55946,52,Female,No,Yes,Yes,36,Yes,No,None,No,No,No,No,No,No,Month-to-month,No,Bank transfer (automatic),19.2,No
4567-AKPIA,Hanover,MN,55341,19,Female,No,Yes,Yes,41,Yes,Yes,Fiber optic,No,Yes,Yes,Yes,Yes,Yes,One year,Yes,Bank transfer (automatic),109.1,No
7901-HXJVA,Minneapolis,MN,55424,21,Male,No,No,No,14,Yes,No,Fiber optic,No,No,Yes,No,No,No,Month-to-month,No,Electronic check,76.45,No
5924-IFQTT,Wolf Lake,MN,56593,42,Male,No,Yes,Yes,13,Yes,Yes,DSL,No,Yes,Yes,Yes,Yes,No,Month-to-month,Yes,Electronic check,72.8,No
7968-QUXNS,Vergas,MN,56587,61,Male,No,No,No,6,Yes,No,None,No,No,No,No,No,No,Month-to-month,No,Mailed check,18.95,No
8903-WMRNW,Minneapolis,MN,55415,31,Female,No,Yes,No,15,Yes,No,Fiber optic,Yes,No,Yes,No,Yes,Yes,Month-to-month,No,Electronic check,101.75,No
2452-SNHFZ,Boyd,MN,56218,38,Female,No,No,No,47,Yes,No,Fiber optic,Yes,No,No,No,No,No,Month-to-month,No,Credit card (automatic),75.45,No
3629-WEAAM,Murdock,MN,56271,41,Female,No,No,No,8,Yes,No,DSL,No,No,Yes,Yes,No,Yes,Month-to-month,No,Mailed check,64.1,No
6029-CSMJE,Mabel,MN,55954,56,Male,No,No,No,17,No,No,DSL,No,No,No,No,No,No,Month-to-month,Yes,Mailed check,25.65,No
7993-NQLJE,Mahnomen,MN,56557,62,Male,No,Yes,Yes,15,Yes,No,Fiber optic,Yes,No,No,No,No,No,Month-to-month,No,Mailed check,75.1,No
9909-DFRJA,Hanska,MN,56041,47,Female,No,No,No,26,Yes,No,Fiber optic,Yes,No,Yes,Yes,No,Yes,One year,Yes,Bank transfer (automatic),95.85,No
9099-FTUHS,Holland,MN,56139,49,Female,No,No,No,23,Yes,Yes,DSL,Yes,No,No,No,No,No,Month-to-month,No,Electronic check,54.4,No
0581-BXBUB,Maynard,MN,56260,21,Female,Yes,No,No,4,Yes,No,Fiber optic,No,Yes,No,No,No,No,Month-to-month,No,Electronic check,72.75,No
4962-CHQPW,Carver,MN,55315,26,Male,No,No,Yes,29,Yes,No,None,No,No,No,No,No,No,One year,No,Mailed check,19.85,No
9467-ROOLM,New Germany,MN,55367,52,Female,No,No,No,25,Yes,No,None,No,No,No,No,No,No,Month-to-month,No,Mailed check,19.05,No
5150-ITWWB,Leota,MN,56153,37,Male,Yes,No,No,3,Yes,Yes,Fiber optic,No,No,No,No,Yes,Yes,Month-to-month,Yes,Electronic check,94.85,No
2253-KPMNB,Annandale,MN,55302,38,Female,No,Yes,Yes,69,No,No,DSL,Yes,Yes,Yes,Yes,No,No,Two year,No,Bank transfer (automatic),46.25,No
1345-ZUKID,Minneapolis,MN,55455,57,Male,No,No,No,14,Yes,No,None,No,No,No,No,No,No,One year,No,Mailed check,19.35,No
6429-SHBCB,Springfield,MN,56087,25,Male,No,No,No,19,Yes,Yes,DSL,No,No,No,No,Yes,Yes,Month-to-month,No,Mailed check,69.6,No
9281-OFDMF,Minneapolis,MN,55418,30,Male,Yes,No,No,39,Yes,Yes,Fiber optic,No,Yes,No,No,No,Yes,Month-to-month,No,Electronic check,90.7,No
2603-HVKCG,Gully,MN,56646,63,Male,No,No,No,31,Yes,No,Fiber optic,No,Yes,Yes,No,Yes,Yes,Month-to-month,Yes,Electronic check,101.4,No
1834-WULEG,Inver Grove Heights,MN,55077,53,Male,No,Yes,Yes,24,Yes,No,None,No,No,No,No,No,No,One year,No,Mailed check,20.25,No
9097-ZUBYC,Henderson,MN,56044,56,Male,No,Yes,No,14,Yes,No,DSL,No,No,No,Yes,No,No,Month-to-month,No,Bank transfer (automatic),48.8,No
5148-ORICT,Fairfax,MN,55332,23,Female,No,Yes,No,64,Yes,No,DSL,Yes,Yes,Yes,Yes,No,Yes,Two year,Yes,Mailed check,74.35,No
4893-GYUJU,Saint James,MN,56081,53,Female,No,No,No,50,Yes,No,None,No,No,No,No,No,No,One year,Yes,Mailed check,19.35,No
4578-PHJYZ,Grand Meadow,MN,55936,61,Male,No,Yes,Yes,52,Yes,No,DSL,No,Yes,Yes,Yes,Yes,No,One year,Yes,Electronic check,68.75,No
7272-QDCKA,Vergas,MN,56587,48,Male,No,No,No,28,Yes,Yes,Fiber optic,No,Yes,No,No,Yes,Yes,One year,No,Electronic check,100.2,No
8908-SLFCJ,Saint Paul Park,MN,55071,56,Female,No,No,No,21,Yes,No,None,No,No,No,No,No,No,Two year,Yes,Credit card (automatic),20.85,No
9766-HGEDE,Saint Paul,MN,55110,33,Female,No,Yes,No,17,Yes,No,None,No,No,No,No,No,No,One year,No,Mailed check,19.35,No
6968-MHOMU,Wannaska,MN,56761,23,Male,No,Yes,No,58,No,No,DSL,No,No,No,No,Yes,Yes,One year,Yes,Credit card (automatic),45,No
5044-XDPYX,Wahkon,MN,56386,23,Female,No,Yes,No,51,Yes,Yes,None,No,No,No,No,No,No,Two year,No,Mailed check,25.5,No
1814-WFGVS,Raymond,MN,56282,43,Male,No,Yes,Yes,72,No,No,DSL,Yes,No,Yes,Yes,Yes,No,Two year,No,Mailed check,48.9,No
3721-WKIIL,Faribault,MN,55021,47,Female,No,No,No,27,Yes,No,None,No,No,No,No,No,No,Two year,Yes,Mailed check,19.6,No
6734-CKRSM,Felton,MN,56536,47,Female,No,No,No,3,Yes,No,None,No,No,No,No,No,No,Month-to-month,No,Mailed check,20,No
1265-ZFOSD,Ottertail,MN,56571,22,Female,No,Yes,No,64,Yes,Yes,DSL,Yes,Yes,Yes,Yes,No,Yes,Two year,Yes,Mailed check,81.3,No
6568-POCUI,Gary,MN,56545,21,Female,No,Yes,No,45,Yes,No,Fiber optic,No,No,No,Yes,Yes,Yes,Two year,Yes,Credit card (automatic),95.2,No
5197-LQXXH,Saint Paul,MN,55109,56,Female,No,Yes,No,71,Yes,Yes,DSL,No,Yes,Yes,Yes,Yes,Yes,Two year,Yes,Credit card (automatic),83.3,No
3457-PQBYH,Warroad,MN,56763,48,Female,No,Yes,Yes,58,Yes,No,None,No,No,No,No,No,No,Two year,No,Credit card (automatic),20.3,No
7682-AZNDK,Danvers,MN,56231,32,Male,No,Yes,Yes,34,Yes,No,Fiber optic,No,Yes,Yes,No,Yes,No,Month-to-month,Yes,Electronic check,89.85,No
5384-ZTTWP,Donnelly,MN,56235,31,Female,No,Yes,Yes,15,Yes,No,None,No,No,No,No,No,No,Month-to-month,No,Mailed check,19.8,No
3745-HRPHI,Norcross,MN,56274,60,Male,No,Yes,Yes,66,No,No,DSL,No,No,Yes,Yes,Yes,Yes,Two year,No,Bank transfer (automatic),54.65,No
7636-OWBPG,Burnsville,MN,55337,49,Male,Yes,No,No,12,No,No,DSL,No,Yes,No,No,No,No,Month-to-month,Yes,Credit card (automatic),29.35,No
1231-YNDEK,Brookston,MN,55711,52,Male,No,No,No,58,Yes,No,None,No,No,No,No,No,No,Two year,Yes,Bank transfer (automatic),19.15,No
1407-DIGZV,Baxter,MN,56425,63,Female,No,Yes,Yes,3,Yes,No,None,No,No,No,No,No,No,Two year,No,Mailed check,19.1,No
0570-BFQHT,Minneapolis,MN,55420,35,Female,No,No,No,9,Yes,No,Fiber optic,No,Yes,Yes,No,No,No,Month-to-month,No,Electronic check,80.55,No
4393-OBCRR,Woodstock,MN,56186,28,Female,No,No,No,3,Yes,No,None,No,No,No,No,No,No,One year,No,Mailed check,20.25,No
8564-LDKFL,Hallock,MN,56728,19,Male,No,Yes,No,40,Yes,Yes,Fiber optic,No,Yes,Yes,No,Yes,Yes,One year,Yes,Bank transfer (automatic),106,No
3696-DFHHB,Erhard,MN,56534,37,Female,No,No,No,68,Yes,Yes,None,No,No,No,No,No,No,Two year,No,Bank transfer (automatic),25.5,No
4717-GHADL,Parkers Prairie,MN,56361,50,Female,No,No,No,50,Yes,Yes,DSL,No,Yes,No,Yes,Yes,Yes,Two year,Yes,Mailed check,79.6,No
5501-TVMGM,Eden Prairie,MN,55347,55,Male,No,No,No,1,Yes,No,DSL,No,No,No,No,No,Yes,Month-to-month,Yes,Electronic check,55.25,No
5879-HMFFH,Gatzke,MN,56724,40,Female,No,Yes,No,72,Yes,Yes,DSL,Yes,Yes,Yes,Yes,Yes,Yes,Two year,No,Bank transfer (automatic),88.05,No
6772-WFQRD,Wheaton,MN,56296,48,Male,No,No,Yes,40,Yes,No,None,No,No,No,No,No,No,One year,Yes,Bank transfer (automatic),20.4,No
3810-DVDQQ,Brandon,MN,56315,44,Female,No,Yes,Yes,72,Yes,Yes,Fiber optic,Yes,Yes,Yes,Yes,Yes,Yes,Two year,Yes,Bank transfer (automatic),117.6,No
6972-SNKKW,Henning,MN,56551,44,Female,No,No,No,6,Yes,No,None,No,No,No,No,No,No,Month-to-month,No,Mailed check,20,No
3694-GLTJM,Ivanhoe,MN,56142,23,Female,No,No,No,5,Yes,No,None,No,No,No,No,No,No,Month-to-month,Yes,Credit card (automatic),19.65,No
8550-XSXUQ,Benedict,MN,56436,35,Male,No,Yes,No,48,Yes,Yes,DSL,No,Yes,Yes,No,No,Yes,One year,Yes,Credit card (automatic),70.55,No
9055-MOJJJ,Duluth,MN,55803,62,Female,No,Yes,Yes,64,Yes,No,DSL,Yes,No,No,Yes,Yes,No,One year,No,Mailed check,65.8,No
4359-INNWN,Northfield,MN,55057,32,Female,No,No,No,17,Yes,No,None,No,No,No,No,No,No,One year,No,Credit card (automatic),20.05,No
0585-EGDDA,Mcintosh,MN,56556,38,Male,No,Yes,No,40,Yes,No,Fiber optic,No,Yes,Yes,No,No,No,Month-to-month,Yes,Electronic check,80,No
4032-RMHCI,Saint Paul,MN,55106,57,Female,No,Yes,Yes,41,No,No,DSL,Yes,No,Yes,No,No,No,One year,No,Credit card (automatic),35.4,No
0549-CYCQN,Hanley Falls,MN,56245,28,Male,Yes,No,No,51,Yes,Yes,Fiber optic,No,Yes,No,No,No,No,One year,Yes,Bank transfer (automatic),79.6,No
3481-JHUZH,Tyler,MN,56178,64,Male,No,Yes,No,41,Yes,Yes,Fiber optic,No,Yes,No,No,No,No,Month-to-month,Yes,Electronic check,80.25,No
3594-IVHJZ,Redlake,MN,56671,52,Female,No,No,No,2,Yes,No,None,No,No,No,No,No,No,Month-to-month,Yes,Mailed check,20.45,No
6869-FGJJC,Minneapolis,MN,55435,19,Male,No,No,No,68,Yes,No,Fiber optic,No,Yes,Yes,No,No,No,One year,No,Credit card (automatic),79.6,No
3896-ZVNET,Minneapolis,MN,55449,48,Female,No,Yes,Yes,24,Yes,Yes,None,No,No,No,No,No,No,Two year,No,Mailed check,24.7,No
8205-VSLRB,Minneapolis,MN,55412,41,Male,No,Yes,No,70,Yes,Yes,DSL,Yes,No,Yes,Yes,No,Yes,Two year,No,Credit card (automatic),77.3,No
5960-MVTUK,Tower,MN,55790,21,Male,No,No,No,3,No,No,DSL,No,No,No,Yes,No,No,Month-to-month,Yes,Electronic check,29.75,No
6817-WTYHE,Redlake,MN,56671,25,Male,No,No,No,2,Yes,No,DSL,No,No,No,No,No,No,Month-to-month,No,Bank transfer (automatic),44.9,No
3082-VQXNH,Cromwell,MN,55726,31,Male,No,Yes,No,3,No,No,DSL,No,Yes,No,No,No,No,Month-to-month,No,Credit card (automatic),29.8,No
4931-TRZWN,Saint Paul,MN,55107,59,Female,No,No,No,13,Yes,No,DSL,Yes,No,No,No,Yes,Yes,Month-to-month,Yes,Electronic check,71.95,No
0750-EKNGL,Waubun,MN,56589,28,Male,No,No,No,7,Yes,No,None,No,No,No,No,No,No,Month-to-month,No,Mailed check,20.75,No
7669-LCRSD,Wolf Lake,MN,56593,62,Male,No,Yes,Yes,12,Yes,No,DSL,No,No,No,No,Yes,No,Month-to-month,Yes,Mailed check,56.3,No
3567-PQTSO,Minneapolis,MN,55422,35,Male,No,Yes,Yes,53,Yes,Yes,Fiber optic,No,Yes,Yes,No,Yes,Yes,One year,Yes,Electronic check,105.25,No
8043-PNYSD,Redby,MN,56670,63,Male,No,Yes,Yes,63,Yes,No,None,No,No,No,No,No,No,Two year,No,Mailed check,19.55,No
9938-EKRGF,Saint Paul,MN,55129,48,Female,No,No,No,15,Yes,No,DSL,Yes,Yes,Yes,Yes,Yes,Yes,Month-to-month,No,Mailed check,84.45,No
2703-AMTUL,Stewart,MN,55385,48,Male,No,Yes,Yes,36,Yes,No,DSL,Yes,Yes,No,No,No,No,One year,No,Mailed check,53.65,No
0928-JMXNP,Farwell,MN,56327,26,Male,Yes,Yes,No,4,No,No,DSL,No,No,Yes,No,No,No,Month-to-month,Yes,Electronic check,29.9,No
8173-RXAYP,Henning,MN,56551,32,Female,No,Yes,Yes,24,Yes,No,None,No,No,No,No,No,No,Two year,No,Mailed check,19.7,No
4825-XJGDM,Motley,MN,56466,64,Female,No,No,No,61,No,No,DSL,Yes,Yes,Yes,Yes,No,No,One year,No,Credit card (automatic),43.7,No
5402-HTOTQ,Angora,MN,55703,57,Male,No,No,No,16,Yes,Yes,DSL,No,Yes,No,No,No,No,Month-to-month,No,Electronic check,55.3,No
6734-JDTTV,Zumbro Falls,MN,55991,58,Male,No,Yes,Yes,65,Yes,No,None,No,No,No,No,No,No,Two year,Yes,Credit card (automatic),19.85,No
7850-THJMU,Longville,MN,56655,64,Female,No,Yes,Yes,26,Yes,No,None,No,No,No,No,No,No,Two year,No,Credit card (automatic),19.65,No
3890-RTCMS,New Prague,MN,56071,21,Male,No,No,No,16,Yes,No,DSL,No,No,No,Yes,No,No,Month-to-month,Yes,Mailed check,49.45,No
3717-FDJFU,Princeton,MN,55371,46,Male,No,No,Yes,5,Yes,No,None,No,No,No,No,No,No,Two year,No,Mailed check,20.45,No
3665-JATSN,Minneapolis,MN,55449,27,Female,No,No,No,19,No,No,DSL,No,Yes,No,No,No,Yes,Month-to-month,Yes,Electronic check,39.7,No
7966-YOTQW,Minneapolis,MN,55446,54,Male,No,No,No,10,Yes,Yes,DSL,Yes,No,No,No,No,No,Month-to-month,Yes,Credit card (automatic),54.5,No
8853-TZDGH,Ogilvie,MN,56358,21,Female,No,No,No,72,Yes,Yes,Fiber optic,No,Yes,Yes,Yes,Yes,Yes,Two year,Yes,Bank transfer (automatic),111.6,No
4324-BZCKL,Winger,MN,56592,62,Female,No,Yes,Yes,10,Yes,No,DSL,No,Yes,Yes,No,No,No,Month-to-month,Yes,Mailed check,55.55,No
6924-TDGMT,Saint Paul,MN,55128,29,Male,No,Yes,No,11,Yes,No,None,No,No,No,No,No,No,One year,Yes,Mailed check,20.55,No
1536-YHDOE,Hutchinson,MN,55350,37,Male,No,Yes,Yes,17,Yes,Yes,DSL,Yes,No,No,Yes,No,No,One year,Yes,Mailed check,62.1,No
8123-QBNAZ,Minneapolis,MN,55436,44,Female,No,Yes,Yes,36,Yes,Yes,Fiber optic,Yes,No,Yes,No,Yes,Yes,Month-to-month,Yes,Credit card (automatic),104.5,No
3629-ZNKXA,Eden Prairie,MN,55346,47,Male,Yes,No,No,17,Yes,No,Fiber optic,No,Yes,Yes,No,Yes,Yes,Month-to-month,Yes,Electronic check,101.8,No
4827-LTQRJ,Carver,MN,55315,28,Female,Yes,Yes,Yes,66,Yes,Yes,Fiber optic,Yes,Yes,No,Yes,Yes,Yes,One year,Yes,Credit card (automatic),110.6,No
7711-YIJWC,Lyle,MN,55953,26,Male,No,Yes,Yes,61,Yes,No,DSL,Yes,Yes,Yes,Yes,Yes,Yes,One year,No,Bank transfer (automatic),84.9,No
5482-VXSXJ,Goodhue,MN,55027,23,Male,No,No,No,22,Yes,No,Fiber optic,No,Yes,No,No,Yes,Yes,Month-to-month,Yes,Mailed check,93.2,No
7365-BVCJH,Brookston,MN,55711,33,Male,No,No,No,1,No,No,DSL,No,No,No,No,No,No,Month-to-month,Yes,Electronic check,24.4,No
9620-ENEJV,Blue Earth,MN,56013,35,Female,No,No,No,6,Yes,No,Fiber optic,No,No,No,No,No,No,Month-to-month,No,Credit card (automatic),70.55,No
2378-YIZKA,Saint Paul,MN,55110,21,Female,No,Yes,Yes,68,Yes,No,DSL,Yes,Yes,Yes,Yes,Yes,Yes,Two year,Yes,Credit card (automatic),85,No
0689-DSXGL,Deerwood,MN,56444,39,Female,No,Yes,Yes,52,Yes,No,Fiber optic,No,Yes,Yes,Yes,No,No,Month-to-month,No,Bank transfer (automatic),85.8,No
6818-DJXAA,Brooks,MN,56715,31,Female,No,No,Yes,10,Yes,No,Fiber optic,No,No,Yes,Yes,Yes,No,Month-to-month,Yes,Electronic check,91.1,No
0464-WJTKO,Brandon,MN,56315,28,Female,No,Yes,Yes,72,Yes,No,None,No,No,No,No,No,No,Two year,No,Bank transfer (automatic),20.1,No
8902-ZEOVF,Spring Park,MN,55384,34,Male,No,Yes,Yes,47,Yes,No,None,No,No,No,No,No,No,One year,No,Mailed check,20.05,No
6778-EICRF,Eyota,MN,55934,42,Male,No,Yes,Yes,24,Yes,Yes,DSL,Yes,No,No,No,Yes,Yes,One year,No,Mailed check,74.8,No
2662-NNTDK,Cohasset,MN,55721,31,Male,No,No,No,65,Yes,Yes,None,No,No,No,No,No,No,One year,No,Credit card (automatic),24.8,No
4132-KALRO,Bingham Lake,MN,56118,45,Female,No,No,No,4,Yes,Yes,Fiber optic,No,No,No,Yes,Yes,Yes,Month-to-month,Yes,Mailed check,100.85,No
2874-YXVVA,Jordan,MN,55352,46,Female,No,No,No,34,Yes,No,Fiber optic,No,Yes,Yes,Yes,Yes,Yes,Month-to-month,Yes,Electronic check,105.1,No
1245-HARPS,Beaver Creek,MN,56116,51,Female,No,Yes,No,14,Yes,No,None,No,No,No,No,No,No,Two year,No,Mailed check,20.4,No
4323-ELYYB,Echo,MN,56237,27,Male,No,Yes,Yes,13,Yes,No,None,No,No,No,No,No,No,One year,No,Mailed check,20,No
4293-ETKAP,Ponemah,MN,56666,46,Female,No,Yes,Yes,65,Yes,Yes,DSL,No,Yes,No,Yes,Yes,Yes,Two year,Yes,Bank transfer (automatic),79.4,No
6064-PUPMC,Pine Island,MN,55963,47,Male,No,Yes,Yes,23,Yes,No,DSL,Yes,No,No,Yes,No,No,One year,No,Credit card (automatic),57.2,No
6504-VBLFL,Minneapolis,MN,55455,30,Male,No,Yes,No,55,Yes,No,DSL,Yes,Yes,Yes,No,No,No,Two year,No,Electronic check,58.6,No
6322-PJJDJ,Beaver Creek,MN,56116,35,Male,No,Yes,No,49,Yes,No,Fiber optic,No,Yes,No,No,Yes,Yes,Two year,Yes,Electronic check,94.8,No
0330-BGYZE,Soudan,MN,55782,64,Male,No,Yes,No,60,Yes,Yes,Fiber optic,No,Yes,Yes,No,Yes,Yes,One year,No,Bank transfer (automatic),102.5,No
1085-LDWAM,Saint Joseph,MN,56374,51,Female,No,Yes,Yes,69,Yes,No,None,No,No,No,No,No,No,One year,Yes,Credit card (automatic),20.35,No
7586-ZATGZ,Swanville,MN,56382,54,Male,No,No,No,40,Yes,Yes,Fiber optic,No,No,No,No,Yes,No,Month-to-month,Yes,Electronic check,84.9,No
7197-VOJMM,Vining,MN,56588,60,Male,No,Yes,No,67,Yes,No,DSL,Yes,Yes,No,Yes,No,Yes,Two year,Yes,Credit card (automatic),69.2,No
1843-TLSGD,Lake Wilson,MN,56151,63,Female,No,Yes,Yes,13,Yes,No,None,No,No,No,No,No,No,Two year,No,Mailed check,20.85,No
9626-VFRGG,Janesville,MN,56048,23,Female,No,No,Yes,41,Yes,Yes,Fiber optic,No,Yes,No,No,Yes,No,Month-to-month,Yes,Bank transfer (automatic),88.5,No
7075-BNDVQ,Norwood Young America,MN,55368,33,Female,No,No,No,4,No,No,DSL,Yes,No,Yes,No,No,No,Month-to-month,No,Mailed check,35,No
9143-CANJF,Naytahwaush,MN,56566,21,Female,No,Yes,Yes,24,Yes,No,DSL,Yes,No,No,Yes,No,No,Month-to-month,No,Electronic check,55.15,No
7284-BUYEC,Hackensack,MN,56452,32,Female,No,No,No,5,No,No,DSL,No,Yes,No,No,Yes,Yes,Month-to-month,Yes,Credit card (automatic),50.95,No
2041-JIJCI,Jacobson,MN,55752,59,Female,No,No,No,5,Yes,Yes,DSL,No,Yes,No,No,No,Yes,Month-to-month,Yes,Electronic check,64,No
4900-MSOMT,Dunnell,MN,56127,47,Female,No,Yes,Yes,72,Yes,Yes,DSL,Yes,Yes,Yes,Yes,Yes,No,Two year,No,Bank transfer (automatic),80.2,No
2229-VWQJH,Minneapolis,MN,55421,31,Female,No,No,No,24,Yes,No,DSL,No,No,Yes,No,No,No,Month-to-month,Yes,Credit card (automatic),49.3,No
9194-GFVOI,Delano,MN,55328,20,Female,No,Yes,No,42,Yes,Yes,DSL,Yes,No,Yes,Yes,Yes,Yes,Two year,No,Credit card (automatic),84.35,No
1336-EZFZY,Kennedy,MN,56733,28,Female,No,No,No,4,Yes,No,None,No,No,No,No,No,No,Month-to-month,No,Mailed check,20.05,No
4282-MSACW,Hitterdal,MN,56552,21,Male,No,No,No,68,Yes,Yes,Fiber optic,Yes,Yes,Yes,Yes,Yes,Yes,One year,Yes,Credit card (automatic),117.2,No
1403-LKLIK,Clontarf,MN,56226,47,Female,No,Yes,Yes,33,Yes,No,None,No,No,No,No,No,No,One year,No,Mailed check,20.1,No
0136-IFMYD,Brownsville,MN,55919,31,Male,Yes,Yes,No,69,Yes,Yes,Fiber optic,No,Yes,Yes,Yes,Yes,Yes,Two year,Yes,Electronic check,109.95,No
5144-TVGLP,Saint Paul,MN,55107,53,Male,Yes,No,No,38,Yes,Yes,Fiber optic,No,No,No,No,Yes,Yes,Month-to-month,No,Electronic check,94.75,No
9643-AVVWI,Fergus Falls,MN,56537,37,Female,No,Yes,Yes,3,Yes,No,Fiber optic,No,Yes,No,Yes,No,No,Month-to-month,Yes,Electronic check,80,No
0253-ZTEOB,Granada,MN,56039,28,Female,No,Yes,Yes,48,Yes,Yes,DSL,No,Yes,No,Yes,Yes,Yes,Two year,No,Electronic check,79.65,No
2706-QZIHY,Dennison,MN,55018,57,Female,No,Yes,No,15,Yes,Yes,None,No,No,No,No,No,No,Two year,No,Mailed check,25.2,No
6061-PQHMK,Pipestone,MN,56164,40,Female,No,No,No,25,Yes,No,None,No,No,No,No,No,No,One year,No,Credit card (automatic),19.9,No
6137-MFAJN,Burnsville,MN,55337,49,Female,No,No,No,48,No,No,DSL,Yes,Yes,No,No,Yes,No,Month-to-month,Yes,Electronic check,44.8,No
9122-UMROB,Saint Cloud,MN,56303,25,Male,No,No,No,1,Yes,No,None,No,No,No,No,No,No,Month-to-month,No,Mailed check,20.3,No
4232-JGKIY,Edgerton,MN,56128,37,Male,No,No,No,1,Yes,No,None,No,No,No,No,No,No,Month-to-month,No,Electronic check,19.2,No
2402-TAIRZ,Wirt,MN,56688,27,Female,No,No,No,37,Yes,No,Fiber optic,No,Yes,Yes,No,No,No,One year,No,Electronic check,80.05,No
9659-ZTWSM,Becker,MN,55308,39,Male,Yes,Yes,No,66,Yes,Yes,Fiber optic,No,Yes,Yes,Yes,Yes,Yes,One year,Yes,Bank transfer (automatic),107.35,No
9139-TWBAS,Saint Paul,MN,55101,26,Female,No,Yes,No,26,No,No,DSL,Yes,Yes,Yes,No,Yes,No,One year,No,Bank transfer (automatic),47.85,No
6685-GBWJZ,Elysian,MN,56028,33,Male,No,Yes,No,63,Yes,No,DSL,Yes,Yes,No,Yes,Yes,No,One year,No,Credit card (automatic),70.8,No
2195-VVRJF,Hibbing,MN,55746,20,Male,Yes,Yes,No,18,Yes,No,DSL,Yes,No,No,No,No,Yes,Month-to-month,Yes,Credit card (automatic),59.1,No
3913-RDSJZ,Rochester,MN,55906,19,Female,No,Yes,No,64,Yes,Yes,None,No,No,No,No,No,No,Two year,No,Mailed check,25.55,No
4203-QGNZA,Minneapolis,MN,55444,61,Female,No,No,Yes,28,Yes,No,None,No,No,No,No,No,No,Month-to-month,No,Mailed check,20.25,No
5043-TRZWM,Mazeppa,MN,55956,19,Female,No,No,No,1,Yes,No,Fiber optic,No,No,Yes,No,No,No,Month-to-month,No,Electronic check,75.55,No
9494-BDNNC,Lynd,MN,56157,63,Male,No,Yes,No,66,Yes,Yes,Fiber optic,No,Yes,Yes,No,No,Yes,One year,No,Electronic check,95.3,No
1640-PLFMP,Sleepy Eye,MN,56085,30,Female,No,No,No,1,Yes,No,Fiber optic,No,No,No,No,No,No,Month-to-month,Yes,Electronic check,70.25,No
5366-OBVMR,Dilworth,MN,56529,34,Female,No,Yes,No,18,Yes,No,DSL,No,No,No,Yes,No,No,Month-to-month,Yes,Mailed check,50.3,No
7644-OMVMY,Nett Lake,MN,55772,27,Male,No,Yes,Yes,0,Yes,No,None,No,No,No,No,No,No,Two year,No,Mailed check,19.85,No
4573-JKNAE,Upsala,MN,56384,51,Male,No,No,Yes,12,Yes,No,None,No,No,No,No,No,No,Two year,No,Bank transfer (automatic),19.35,No
9817-APLHW,Le Roy,MN,55951,37,Male,No,No,No,12,Yes,Yes,None,No,No,No,No,No,No,Month-to-month,No,Electronic check,25,No
8380-MQINP,Trail,MN,56684,53,Female,No,Yes,Yes,55,Yes,No,None,No,No,No,No,No,No,Two year,No,Mailed check,20.3,No
0840-DFEZH,Magnolia,MN,56158,58,Female,No,No,No,7,Yes,Yes,Fiber optic,No,No,No,No,No,No,Month-to-month,Yes,Electronic check,75.35,No
8690-ZVLCL,Eyota,MN,55934,47,Female,No,Yes,Yes,68,Yes,Yes,DSL,Yes,Yes,Yes,Yes,Yes,Yes,Two year,No,Credit card (automatic),88,No
1125-SNVCK,Minneapolis,MN,55435,44,Female,Yes,No,No,49,Yes,No,DSL,No,No,No,No,No,No,Month-to-month,No,Mailed check,43.8,No
0384-LPITE,Saint Paul,MN,55128,49,Male,No,No,No,40,No,No,DSL,Yes,Yes,Yes,No,Yes,Yes,One year,No,Credit card (automatic),62.05,No
4616-EWBNJ,Kabetogama,MN,56669,38,Female,No,No,No,16,Yes,No,None,No,No,No,No,No,No,One year,No,Bank transfer (automatic),20.1,No
1335-HQMKX,Duluth,MN,55810,47,Female,No,Yes,No,72,Yes,Yes,Fiber optic,No,Yes,Yes,No,Yes,Yes,One year,Yes,Electronic check,101.35,No
2545-EBUPK,Hartland,MN,56042,40,Female,Yes,No,No,2,Yes,Yes,Fiber optic,No,No,No,No,No,Yes,Month-to-month,Yes,Electronic check,84.05,No
6923-AQONU,Hoyt Lakes,MN,55750,40,Male,No,Yes,Yes,23,Yes,No,None,No,No,No,No,No,No,Two year,No,Mailed check,20.9,No
2172-EJXVF,Minneapolis,MN,55418,20,Female,Yes,No,No,71,Yes,Yes,Fiber optic,No,Yes,Yes,No,Yes,Yes,One year,Yes,Electronic check,105.9,No
4536-PLEQY,Becker,MN,55308,32,Male,No,Yes,No,12,Yes,No,Fiber optic,No,Yes,No,No,No,Yes,Month-to-month,Yes,Credit card (automatic),85.05,No
7029-IJEJK,Cyrus,MN,56323,34,Female,No,No,No,54,No,No,DSL,Yes,No,No,Yes,No,Yes,One year,No,Bank transfer (automatic),44.1,No
8871-JLMHM,Kiester,MN,56051,40,Female,No,Yes,No,68,Yes,Yes,Fiber optic,No,Yes,Yes,Yes,No,No,Two year,No,Credit card (automatic),90.2,No
5447-VYTKW,Saint Paul,MN,55108,64,Male,No,No,No,27,Yes,No,DSL,Yes,No,No,Yes,No,No,Month-to-month,No,Mailed check,53.45,No
3623-FQBOX,Montgomery,MN,56069,34,Male,No,No,No,21,Yes,No,None,No,No,No,No,No,No,Month-to-month,Yes,Mailed check,19.95,No
8659-HDIYE,Northfield,MN,55057,39,Female,Yes,No,No,64,Yes,Yes,DSL,No,Yes,Yes,Yes,No,Yes,Month-to-month,No,Credit card (automatic),74.65,No
3474-BAFSJ,Strathcona,MN,56759,57,Male,No,Yes,No,57,No,No,DSL,No,Yes,Yes,Yes,Yes,Yes,Two year,Yes,Bank transfer (automatic),57.5,No
3865-ZFZIB,Eden Valley,MN,55329,48,Male,No,No,No,19,Yes,No,None,No,No,No,No,No,No,Two year,No,Mailed check,19.65,No
1855-AGAWH,Emmons,MN,56029,34,Male,No,Yes,No,31,Yes,No,Fiber optic,No,No,Yes,No,Yes,Yes,One year,Yes,Electronic check,93.8,No
7109-CQYUZ,Borup,MN,56519,45,Male,No,No,No,52,Yes,Yes,DSL,Yes,Yes,Yes,Yes,Yes,Yes,Two year,Yes,Mailed check,89.25,No
1370-GGAWX,Nicollet,MN,56074,37,Female,No,No,No,46,Yes,Yes,Fiber optic,No,Yes,Yes,No,No,Yes,One year,Yes,Electronic check,94.15,No
4680-KUTAJ,Royalton,MN,56373,24,Female,Yes,No,No,11,Yes,Yes,DSL,Yes,No,No,No,No,No,Month-to-month,Yes,Electronic check,55.6,No
5307-UVGNB,Royalton,MN,56373,33,Female,No,Yes,Yes,53,No,No,DSL,Yes,Yes,Yes,No,No,Yes,Month-to-month,Yes,Bank transfer (automatic),48.7,No
2883-ILGWO,Oak Island,MN,56741,25,Male,Yes,No,No,57,Yes,Yes,Fiber optic,No,Yes,No,Yes,Yes,Yes,Month-to-month,Yes,Bank transfer (automatic),104.9,No
3642-BYHDO,Howard Lake,MN,55349,57,Female,No,Yes,Yes,71,Yes,No,None,No,No,No,No,No,No,Two year,No,Bank transfer (automatic),19.9,No
9629-NHXFW,Minnesota Lake,MN,56068,56,Female,No,Yes,Yes,1,Yes,No,None,No,No,No,No,No,No,Month-to-month,Yes,Mailed check,19.4,No
2696-RZVZW,Hollandale,MN,56045,23,Male,No,Yes,No,68,Yes,Yes,None,No,No,No,No,No,No,Two year,No,Credit card (automatic),25.05,No
5766-FTRTS,Spring Grove,MN,55974,34,Male,No,Yes,No,72,Yes,No,DSL,Yes,Yes,Yes,Yes,Yes,Yes,Two year,No,Mailed check,84.45,No
0396-HUJBP,Randall,MN,56475,19,Female,No,No,No,2,Yes,No,None,No,No,No,No,No,No,Month-to-month,No,Mailed check,19.3,No
8879-ZKJOF,Eden Prairie,MN,55347,28,Female,No,No,No,41,Yes,No,DSL,Yes,No,Yes,Yes,Yes,Yes,One year,Yes,Bank transfer (automatic),79.85,No
6285-FTQBF,Fort Ripley,MN,56449,19,Male,No,Yes,Yes,72,Yes,Yes,None,No,No,No,No,No,No,Two year,No,Credit card (automatic),25.55,No
1474-JUWSM,Saint Paul,MN,55114,27,Female,No,Yes,No,58,Yes,Yes,DSL,Yes,No,No,Yes,No,Yes,One year,Yes,Electronic check,68.4,No
3530-CRZSB,Makinen,MN,55763,54,Female,No,No,No,7,Yes,No,None,No,No,No,No,No,No,Month-to-month,No,Mailed check,20.65,No
8498-XXGWA,Nevada,MO,64772,59,Female,No,Yes,No,65,Yes,No,DSL,Yes,No,Yes,No,No,No,Month-to-month,Yes,Mailed check,55.15,No
9617-INGJY,Pleasant Hill,MO,64080,50,Male,No,No,No,1,Yes,No,Fiber optic,No,No,No,No,No,No,Month-to-month,Yes,Mailed check,70.6,No
0621-TSSMU,Humansville,MO,65674,33,Male,No,Yes,No,56,Yes,No,None,No,No,No,No,No,No,One year,No,Credit card (automatic),19.95,No
7234-KMNRQ,Reynolds,MO,63666,26,Male,No,No,No,4,Yes,No,None,No,No,No,No,No,No,Month-to-month,No,Mailed check,19,No
7636-PEPNS,Skidmore,MO,64487,44,Female,No,Yes,Yes,58,Yes,No,DSL,No,No,No,No,No,No,One year,Yes,Mailed check,44.1,No
4683-WYDOU,Rockaway Beach,MO,65740,42,Male,No,Yes,No,62,Yes,Yes,Fiber optic,No,No,Yes,Yes,Yes,Yes,Two year,Yes,Bank transfer (automatic),107.6,No
9052-DHNKM,Prairie Home,MO,65068,24,Male,No,No,No,26,Yes,Yes,DSL,Yes,Yes,No,No,No,No,One year,No,Electronic check,61.55,No
6794-HKIAJ,Fletcher,MO,63030,36,Male,No,No,No,62,Yes,Yes,Fiber optic,Yes,Yes,Yes,No,No,No,Month-to-month,No,Bank transfer (automatic),90.7,No
5578-NKCXI,Des Arc,MO,63636,63,Female,No,Yes,Yes,58,Yes,No,Fiber optic,Yes,Yes,No,No,Yes,Yes,One year,No,Credit card (automatic),99.25,No
1642-HMARX,Meadville,MO,64659,42,Female,No,Yes,No,68,Yes,Yes,DSL,Yes,Yes,Yes,Yes,Yes,Yes,Two year,Yes,Electronic check,91.7,No
3096-WPXBT,Saint Thomas,MO,65076,32,Female,No,Yes,Yes,61,Yes,Yes,Fiber optic,Yes,Yes,Yes,No,No,Yes,One year,Yes,Credit card (automatic),100.7,No
8434-PNQZX,Clark,MO,65243,27,Female,No,No,No,42,Yes,Yes,DSL,No,No,Yes,Yes,Yes,Yes,Two year,Yes,Credit card (automatic),78.45,No
5950-AAAGJ,Saint Louis,MO,63111,45,Male,No,No,No,18,Yes,Yes,Fiber optic,No,No,No,No,Yes,No,Month-to-month,No,Bank transfer (automatic),84.3,No
4299-OPXEJ,Taneyville,MO,65759,53,Female,No,No,No,56,Yes,No,None,No,No,No,No,No,No,Two year,Yes,Bank transfer (automatic),19.55,No
9618-LFJRU,Riverside,MO,64150,61,Female,No,No,No,4,Yes,No,None,No,No,No,No,No,No,Month-to-month,No,Credit card (automatic),20.45,No
6693-DJWTY,Houstonia,MO,65333,31,Female,No,No,Yes,35,Yes,No,DSL,Yes,Yes,No,No,No,No,One year,No,Credit card (automatic),55.6,No
0744-GKNGE,Arcola,MO,65603,25,Female,No,Yes,Yes,64,Yes,Yes,Fiber optic,Yes,No,No,Yes,No,No,Month-to-month,Yes,Bank transfer (automatic),86.8,No
6447-EGDIV,Brunswick,MO,65236,48,Female,No,No,No,31,Yes,No,None,No,No,No,No,No,No,One year,No,Mailed check,20.95,No
1167-OYZJF,Valley Park,MO,63088,31,Female,Yes,Yes,No,67,Yes,No,None,No,No,No,No,No,No,Two year,Yes,Bank transfer (automatic),20.05,No
4806-DXQCE,Adrian,MO,64720,47,Female,Yes,Yes,No,70,Yes,Yes,Fiber optic,Yes,Yes,Yes,Yes,Yes,Yes,Two year,Yes,Electronic check,113.65,No
4854-SSLTN,Osage Beach,MO,65065,25,Male,No,Yes,Yes,2,Yes,No,DSL,Yes,Yes,No,Yes,No,No,Two year,No,Mailed check,59.5,No
5294-DMSFH,Rockville,MO,64780,62,Female,No,Yes,Yes,29,Yes,No,Fiber optic,No,No,No,No,Yes,Yes,Month-to-month,Yes,Credit card (automatic),87.8,No
4837-PZTIC,Kansas City,MO,64164,56,Female,No,No,No,47,No,No,DSL,Yes,No,Yes,Yes,No,No,Two year,No,Mailed check,41.9,No
0603-OLQDC,Lenox,MO,65541,23,Male,No,No,Yes,12,Yes,No,DSL,Yes,No,No,No,Yes,Yes,Month-to-month,Yes,Mailed check,69.85,No
3272-VUHPV,Silva,MO,63964,55,Female,No,Yes,Yes,8,Yes,No,DSL,No,Yes,No,Yes,No,No,Month-to-month,No,Bank transfer (automatic),56.3,No
4176-FXYBO,Fulton,MO,65251,42,Male,No,Yes,No,54,Yes,Yes,Fiber optic,Yes,Yes,Yes,No,Yes,Yes,Month-to-month,No,Electronic check,109.55,No
1063-DHQJF,Independence,MO,64052,36,Male,No,Yes,Yes,69,Yes,No,Fiber optic,No,Yes,No,Yes,Yes,No,Two year,Yes,Mailed check,92.15,No
8663-UPDGF,Galena,MO,65656,30,Female,No,No,No,26,Yes,Yes,DSL,Yes,Yes,No,No,Yes,No,Month-to-month,Yes,Bank transfer (automatic),69.5,No
6719-FGEDO,Cole Camp,MO,65325,21,Female,No,Yes,No,72,Yes,Yes,Fiber optic,Yes,Yes,Yes,Yes,No,No,Two year,Yes,Bank transfer (automatic),97,No
1837-YQUCE,Florissant,MO,63034,32,Female,No,No,No,70,No,No,DSL,Yes,No,Yes,Yes,Yes,Yes,Two year,Yes,Bank transfer (automatic),58.35,No
0369-ZGOVK,Rosendale,MO,64483,54,Female,No,Yes,Yes,28,Yes,No,Fiber optic,No,No,No,No,No,No,One year,Yes,Bank transfer (automatic),70.4,No
9919-KNPOO,Saint Louis,MO,63110,34,Female,No,Yes,No,21,Yes,Yes,Fiber optic,No,No,No,No,Yes,Yes,Month-to-month,Yes,Electronic check,94.3,No
7872-BAAZR,Dixon,MO,65459,39,Female,No,Yes,Yes,53,Yes,No,None,No,No,No,No,No,No,One year,No,Bank transfer (automatic),19.55,No
9391-LMANN,Sheridan,MO,64486,21,Male,No,No,Yes,53,Yes,No,Fiber optic,Yes,Yes,Yes,No,No,Yes,One year,No,Electronic check,95.95,No
8174-TBVCF,Matthews,MO,63867,46,Female,No,Yes,No,70,Yes,Yes,DSL,Yes,Yes,Yes,Yes,Yes,Yes,Two year,Yes,Credit card (automatic),94.8,No
1698-XFZCI,Falcon,MO,65470,39,Male,No,No,No,61,Yes,Yes,Fiber optic,Yes,Yes,Yes,No,Yes,Yes,One year,Yes,Electronic check,107.75,No
1877-HKBQX,Marquand,MO,63655,19,Female,No,No,No,11,Yes,No,DSL,Yes,No,No,Yes,No,No,One year,Yes,Mailed check,54.6,No
4450-DLLMH,La Belle,MO,63447,49,Male,No,No,No,2,Yes,No,Fiber optic,No,No,No,No,No,No,Month-to-month,Yes,Credit card (automatic),71.3,No
0428-AXXLJ,Bowling Green,MO,63334,39,Male,No,No,No,25,Yes,No,None,No,No,No,No,No,No,One year,Yes,Bank transfer (automatic),19.5,No
2746-DIJLO,Alton,MO,65606,38,Female,No,No,No,41,Yes,Yes,DSL,No,Yes,No,No,No,No,One year,Yes,Credit card (automatic),56.3,No
3508-VLHCZ,Forsyth,MO,65653,53,Female,No,Yes,Yes,71,Yes,Yes,DSL,Yes,Yes,Yes,Yes,Yes,Yes,Two year,Yes,Credit card (automatic),90.55,No
4086-ATNFV,Ballwin,MO,63011,57,Female,No,Yes,Yes,34,Yes,No,DSL,Yes,Yes,Yes,No,No,No,One year,Yes,Mailed check,60.8,No
0468-YRPXN,Pattonsburg,MO,64670,43,Male,No,No,No,29,Yes,No,Fiber optic,No,No,Yes,Yes,Yes,Yes,Month-to-month,Yes,Credit card (automatic),98.8,No
5996-NRVXR,Higginsville,MO,64037,61,Male,Yes,Yes,No,40,Yes,No,Fiber optic,Yes,Yes,Yes,Yes,Yes,No,One year,Yes,Credit card (automatic),98.15,No
3739-YBWAB,Saint Louis,MO,63120,31,Male,No,Yes,No,36,No,No,DSL,Yes,No,Yes,No,No,No,One year,No,Mailed check,35.35,No
7047-FWEYA,Bevier,MO,63532,47,Female,No,Yes,No,46,Yes,Yes,Fiber optic,No,Yes,No,Yes,Yes,Yes,One year,Yes,Electronic check,103.15,No
2000-MPKCA,Philadelphia,MO,63463,22,Female,No,No,No,58,Yes,Yes,Fiber optic,Yes,Yes,Yes,No,Yes,Yes,One year,Yes,Electronic check,107.75,No
9762-YAQAA,Success,MO,65570,24,Male,No,No,No,39,Yes,Yes,Fiber optic,No,Yes,No,No,No,No,One year,No,Credit card (automatic),81.4,No
5473-KHBPS,Tebbetts,MO,65080,55,Female,No,Yes,Yes,52,Yes,Yes,Fiber optic,No,Yes,Yes,No,Yes,No,One year,Yes,Credit card (automatic),95.7,No
0100-DUVFC,Concordia,MO,64020,41,Male,Yes,Yes,No,70,Yes,Yes,Fiber optic,No,Yes,Yes,No,Yes,Yes,One year,Yes,Electronic check,104.8,No
5397-TUPSH,Old Monroe,MO,63369,55,Male,Yes,Yes,No,65,Yes,No,Fiber optic,No,No,No,No,No,No,One year,Yes,Bank transfer (automatic),70.95,No
8950-MTZNV,Potosi,MO,63664,46,Male,No,No,No,1,Yes,No,DSL,No,No,No,No,No,No,Month-to-month,Yes,Mailed check,44.95,No
0326-VDYXE,Gibson,MO,63847,31,Female,No,Yes,No,70,Yes,Yes,Fiber optic,No,No,Yes,No,Yes,Yes,One year,Yes,Electronic check,97.65,No
6773-LQTVT,Springfield,MO,65809,62,Female,Yes,Yes,Yes,29,No,No,DSL,No,Yes,Yes,No,No,No,Month-to-month,Yes,Mailed check,35.65,No
0436-TWFFZ,Butler,MO,64730,26,Female,No,No,No,67,Yes,Yes,DSL,Yes,No,Yes,Yes,Yes,Yes,Two year,Yes,Mailed check,85.25,No
8566-YPRGL,Kansas City,MO,64102,60,Female,No,No,No,1,Yes,No,None,No,No,No,No,No,No,Month-to-month,Yes,Mailed check,19.5,No
6609-MXJHJ,Saint Louis,MO,63110,48,Female,No,Yes,Yes,30,Yes,Yes,None,No,No,No,No,No,No,Two year,Yes,Mailed check,25.1,No
2669-OIDSD,Gilman City,MO,64642,39,Female,No,Yes,No,48,Yes,No,Fiber optic,No,No,Yes,Yes,Yes,Yes,Month-to-month,Yes,Credit card (automatic),100.05,No
8400-WZICQ,Sullivan,MO,63080,42,Female,No,Yes,Yes,55,Yes,No,DSL,Yes,Yes,No,No,No,No,Month-to-month,No,Electronic check,55.7,No
9576-SYUHJ,Saint Louis,MO,63119,21,Male,No,No,No,37,Yes,Yes,Fiber optic,Yes,No,No,No,Yes,No,Month-to-month,Yes,Electronic check,91.15,No
0410-IPFTY,Atlanta,MO,63530,44,Female,No,Yes,No,31,Yes,No,Fiber optic,No,Yes,No,No,No,Yes,Month-to-month,Yes,Bank transfer (automatic),83.85,No
2831-EBWRN,Saint Joseph,MO,64506,43,Male,No,No,No,4,Yes,No,DSL,No,No,No,No,No,No,Month-to-month,Yes,Electronic check,45.9,No
9430-NKQLY,Carrollton,MO,64633,51,Male,No,Yes,Yes,72,Yes,Yes,None,No,No,No,No,No,No,Two year,Yes,Credit card (automatic),25.1,No
0247-SLUJI,Hunnewell,MO,63443,27,Male,No,Yes,Yes,1,Yes,No,None,No,No,No,No,No,No,Month-to-month,No,Mailed check,19.7,No
9402-ORRAH,Eagleville,MO,64442,45,Female,Yes,No,No,15,Yes,No,Fiber optic,No,No,No,No,Yes,Yes,Month-to-month,Yes,Electronic check,91.5,No
6483-OATDN,Kansas City,MO,64117,58,Male,No,Yes,Yes,8,Yes,No,DSL,Yes,No,No,No,No,No,Month-to-month,Yes,Credit card (automatic),51.3,No
1293-HHSHJ,Miami,MO,65344,40,Female,No,No,No,35,Yes,No,None,No,No,No,No,No,No,One year,No,Mailed check,21.1,No
4840-ORQXB,Slater,MO,65349,62,Female,Yes,No,No,56,Yes,Yes,Fiber optic,No,Yes,Yes,No,Yes,Yes,Month-to-month,No,Electronic check,104.75,No
3982-DQLUS,Forsyth,MO,65653,32,Male,Yes,Yes,Yes,65,Yes,Yes,Fiber optic,Yes,Yes,No,No,No,No,Month-to-month,Yes,Electronic check,85.75,No
8610-ZIKJJ,Caruthersville,MO,63830,29,Female,No,Yes,Yes,2,Yes,No,None,No,No,No,No,No,No,One year,No,Mailed check,20.3,No
3756-VNWDH,Steelville,MO,65565,45,Male,Yes,Yes,No,65,Yes,Yes,Fiber optic,Yes,No,No,No,Yes,Yes,One year,Yes,Electronic check,100.75,No
7801-KICAO,Florissant,MO,63034,41,Female,No,No,No,18,Yes,Yes,Fiber optic,No,No,No,No,No,No,Month-to-month,Yes,Electronic check,74.15,No
7673-LPRNY,Saint Louis,MO,63115,34,Female,No,No,No,23,Yes,Yes,DSL,Yes,No,Yes,No,Yes,Yes,One year,Yes,Electronic check,78.55,No
6060-QBMGV,Bosworth,MO,64623,26,Male,No,Yes,No,70,Yes,No,None,No,No,No,No,No,No,Two year,No,Credit card (automatic),19.85,No
7339-POGZN,Saint Louis,MO,63113,30,Female,No,No,No,4,Yes,Yes,DSL,No,No,No,No,No,No,Month-to-month,No,Electronic check,50.7,No
2828-SLQPF,Bismarck,MO,63624,39,Male,No,No,No,19,Yes,No,DSL,No,No,No,No,No,No,Month-to-month,Yes,Bank transfer (automatic),45,No
4465-VDKIQ,Drexel,MO,64742,53,Female,No,No,No,18,Yes,No,Fiber optic,No,Yes,Yes,No,No,No,Month-to-month,No,Electronic check,77.8,No
2921-XWDJH,Saint Louis,MO,63121,57,Female,Yes,Yes,No,38,Yes,No,Fiber optic,Yes,No,No,No,No,Yes,Month-to-month,Yes,Electronic check,83.45,No
2558-BUOZZ,Saint Clair,MO,63077,50,Male,No,No,No,47,Yes,Yes,Fiber optic,Yes,Yes,No,No,Yes,No,One year,No,Bank transfer (automatic),94.8,No
9257-AZMTZ,Truxton,MO,63381,34,Female,No,Yes,Yes,52,Yes,No,None,No,No,No,No,No,No,Two year,No,Bank transfer (automatic),20.1,No
0003-MKNFE,Collins,MO,64738,22,Male,No,No,No,9,Yes,Yes,DSL,No,No,No,No,No,Yes,Month-to-month,No,Mailed check,59.9,No
0975-UYDTX,Napoleon,MO,64074,22,Female,No,Yes,No,26,Yes,Yes,DSL,Yes,Yes,Yes,Yes,Yes,Yes,One year,Yes,Credit card (automatic),90.1,No
4682-BLBUC,Pittsburg,MO,65724,50,Male,No,Yes,No,44,Yes,No,DSL,No,Yes,Yes,Yes,Yes,No,One year,Yes,Electronic check,70.95,No
0975-VOOVL,Elsberry,MO,63343,24,Female,No,No,No,3,No,No,DSL,No,Yes,No,No,No,No,Month-to-month,No,Mailed check,29.2,No
5968-VXZLG,Springfield,MO,65810,43,Male,No,No,No,2,Yes,No,DSL,No,No,No,No,No,No,Month-to-month,Yes,Bank transfer (automatic),46.6,No
5201-FRKKS,Saint Louis,MO,63119,62,Male,No,No,No,25,Yes,No,Fiber optic,Yes,No,No,No,No,No,Month-to-month,No,Bank transfer (automatic),74.3,No
9799-CAYJJ,Ludlow,MO,64656,54,Female,Yes,Yes,No,2,Yes,No,Fiber optic,No,No,No,No,No,No,Month-to-month,Yes,Electronic check,69.3,No
5443-SCMKX,Steele,MO,63877,60,Female,No,Yes,No,58,Yes,Yes,Fiber optic,No,Yes,Yes,No,No,Yes,One year,Yes,Electronic check,94.3,No
8295-KMENE,Columbia,MO,65215,39,Female,No,Yes,Yes,59,Yes,Yes,DSL,Yes,No,Yes,Yes,Yes,No,Two year,Yes,Mailed check,76.45,No
6738-ISCBM,Gibbs,MO,63540,24,Male,No,No,No,44,No,No,DSL,Yes,No,Yes,No,Yes,Yes,One year,Yes,Electronic check,54,No
9821-BESNZ,Saint Louis,MO,63124,47,Male,No,No,No,66,Yes,Yes,Fiber optic,No,Yes,No,Yes,Yes,Yes,One year,Yes,Electronic check,104.25,No
3678-MNGZX,Phillipsburg,MO,65722,57,Male,No,Yes,Yes,68,Yes,No,None,No,No,No,No,No,No,Two year,No,Bank transfer (automatic),19.95,No
1335-NTIUC,Oxly,MO,63955,56,Male,No,No,No,9,No,No,DSL,No,No,No,No,No,No,Month-to-month,Yes,Electronic check,24.95,No
2916-BQZLN,Grant City,MO,64456,49,Male,No,No,No,19,Yes,Yes,Fiber optic,Yes,No,Yes,No,No,No,Month-to-month,Yes,Electronic check,84.75,No
4558-CGYCZ,Springfield,MO,65810,52,Male,No,No,No,4,Yes,No,None,No,No,No,No,No,No,Month-to-month,No,Mailed check,19.75,No
2368-GAKKQ,Taneyville,MO,65759,61,Female,No,No,No,70,Yes,Yes,Fiber optic,Yes,Yes,Yes,Yes,Yes,Yes,Two year,Yes,Bank transfer (automatic),113.65,No
8710-YGLWG,Eureka,MO,63025,20,Male,No,No,No,1,Yes,No,DSL,No,No,No,No,No,No,Month-to-month,Yes,Mailed check,44.9,No
3199-XGZCY,Kansas City,MO,64158,37,Female,No,No,No,8,Yes,Yes,Fiber optic,No,No,No,No,No,No,Month-to-month,Yes,Electronic check,75.25,No
3785-KTYSH,Steelville,MO,65565,35,Male,No,No,No,53,Yes,Yes,None,No,No,No,No,No,No,Two year,No,Mailed check,24.6,No
6814-ZPWFQ,Coatsville,MO,63535,27,Male,Yes,No,No,51,Yes,Yes,None,No,No,No,No,No,No,One year,No,Bank transfer (automatic),25,No
4063-EIKNQ,Saint Louis,MO,63144,56,Male,No,Yes,Yes,11,Yes,No,None,No,No,No,No,No,No,Month-to-month,No,Bank transfer (automatic),20.95,No
6993-YCOBK,Saverton,MO,63467,40,Male,No,Yes,Yes,60,Yes,Yes,Fiber optic,Yes,No,Yes,Yes,Yes,Yes,Two year,Yes,Electronic check,110.6,No
5206-HPJKM,Saint Louis,MO,63104,64,Male,No,No,No,17,Yes,No,DSL,Yes,Yes,No,No,No,No,Month-to-month,Yes,Credit card (automatic),55.5,No
8393-JMVMB,Linn Creek,MO,65052,19,Male,No,No,No,1,Yes,No,None,No,No,No,No,No,No,Month-to-month,No,Mailed check,19.45,No
5019-GQVCR,Edina,MO,63537,43,Male,Yes,No,No,43,Yes,Yes,Fiber optic,No,No,No,No,Yes,No,Month-to-month,Yes,Electronic check,84.85,No
6036-TTFYU,Novinger,MO,63559,36,Female,No,Yes,No,16,Yes,No,None,No,No,No,No,No,No,Month-to-month,No,Mailed check,19.6,No
2550-AEVRU,Coffey,MO,64636,58,Female,No,Yes,Yes,57,Yes,No,DSL,Yes,Yes,No,No,No,No,One year,No,Electronic check,53.45,No
0969-RGKCU,Cleveland,MO,64734,31,Male,No,Yes,Yes,37,Yes,No,None,No,No,No,No,No,No,One year,No,Credit card (automatic),19.8,No
0378-CJKPV,Roach,MO,65787,41,Female,No,Yes,No,72,Yes,Yes,Fiber optic,Yes,Yes,Yes,Yes,Yes,Yes,Two year,No,Credit card (automatic),112.1,No
2880-FPNAE,Saint Louis,MO,63147,45,Male,Yes,Yes,No,2,Yes,No,Fiber optic,No,No,Yes,No,No,No,Month-to-month,Yes,Electronic check,74.2,No
1703-MGIAB,Marceline,MO,64658,25,Female,No,No,No,17,Yes,Yes,DSL,No,No,Yes,Yes,Yes,No,Month-to-month,Yes,Mailed check,69,No
4311-QTTAI,Levasy,MO,64066,47,Female,No,No,No,16,Yes,No,None,No,No,No,No,No,No,One year,No,Credit card (automatic),19.35,No
4318-RAJVY,Alexandria,MO,63430,21,Female,No,No,No,10,Yes,No,None,No,No,No,No,No,No,One year,Yes,Mailed check,19.8,No
3612-YUNGG,Birch Tree,MO,65438,22,Male,No,Yes,Yes,64,Yes,Yes,Fiber optic,No,Yes,Yes,Yes,Yes,Yes,Two year,Yes,Credit card (automatic),109.2,No
2254-DLXRI,Oak Grove,MO,64075,64,Female,No,No,No,1,Yes,Yes,Fiber optic,No,Yes,No,No,No,No,Month-to-month,Yes,Mailed check,79.15,No
5062-CJJKH,Fulton,MO,65251,31,Male,No,Yes,Yes,25,Yes,No,DSL,No,Yes,Yes,No,No,No,One year,No,Mailed check,53.65,No
9028-LIHRP,Bloomfield,MO,63825,33,Male,No,Yes,Yes,71,Yes,No,Fiber optic,Yes,Yes,Yes,Yes,Yes,No,Two year,No,Credit card (automatic),100.2,No
1053-MXTTK,Ravenwood,MO,64479,25,Female,No,Yes,Yes,72,Yes,No,Fiber optic,Yes,Yes,Yes,Yes,Yes,Yes,Two year,Yes,Bank transfer (automatic),108.65,No
1530-ZTDOZ,Maywood,MO,63454,34,Female,No,Yes,No,49,No,No,DSL,Yes,No,No,No,Yes,No,Month-to-month,No,Bank transfer (automatic),40.65,No
1301-LOPVR,Beaufort,MO,63013,54,Male,No,Yes,Yes,29,No,No,DSL,Yes,Yes,Yes,Yes,No,Yes,One year,Yes,Credit card (automatic),55.35,No
0853-TWRVK,Broseley,MO,63932,59,Male,No,Yes,No,72,Yes,Yes,Fiber optic,Yes,Yes,Yes,Yes,No,Yes,Two year,No,Bank transfer (automatic),105.6,No
6212-ATMLK,Silex,MO,63377,50,Female,No,No,No,50,Yes,Yes,Fiber optic,No,No,No,No,Yes,Yes,Month-to-month,Yes,Electronic check,95.7,No
8200-LGKSR,Stover,MO,65078,61,Male,No,Yes,No,71,Yes,Yes,DSL,Yes,No,Yes,Yes,Yes,Yes,Two year,No,Electronic check,83.2,No
1568-BEKZM,Canton,MO,63435,30,Male,Yes,Yes,No,70,Yes,Yes,DSL,Yes,Yes,Yes,Yes,Yes,Yes,Two year,No,Credit card (automatic),90.05,No
0670-ANMUU,Pilot Knob,MO,63663,20,Male,No,No,No,71,Yes,Yes,Fiber optic,Yes,No,No,Yes,No,Yes,One year,No,Credit card (automatic),97.65,No
6897-RWMUB,Koeltztown,MO,65048,29,Male,No,Yes,Yes,61,Yes,No,DSL,Yes,Yes,Yes,Yes,No,No,Two year,Yes,Bank transfer (automatic),68.05,No
6999-CHVCF,Mooresville,MO,64664,27,Male,No,No,No,68,Yes,Yes,Fiber optic,Yes,Yes,Yes,No,No,Yes,Two year,Yes,Bank transfer (automatic),102.1,No
6134-KWTBV,Wyaconda,MO,63474,63,Male,No,No,No,62,Yes,Yes,None,No,No,No,No,No,No,Two year,No,Bank transfer (automatic),23.4,No
1077-HUUJM,Stanton,MO,63079,22,Female,No,No,Yes,7,Yes,No,Fiber optic,No,No,No,No,No,No,Month-to-month,Yes,Electronic check,71.05,No
0895-LNKRC,Kansas City,MO,64125,22,Male,No,Yes,Yes,6,Yes,No,None,No,No,No,No,No,No,One year,No,Mailed check,19.45,No
2045-BMBTJ,Mercer,MO,64661,57,Female,Yes,No,No,33,No,No,DSL,Yes,Yes,Yes,No,Yes,Yes,Month-to-month,Yes,Bank transfer (automatic),59.45,No
8417-GSODA,Berger,MO,63014,40,Male,No,Yes,Yes,28,Yes,Yes,Fiber optic,No,No,No,No,Yes,Yes,One year,No,Bank transfer (automatic),92.2,No
5171-EPLKN,Success,MO,65570,19,Male,No,No,No,27,Yes,No,None,No,No,No,No,No,No,Two year,No,Credit card (automatic),19.85,No
4452-QIIEB,Hume,MO,64752,53,Male,No,No,No,7,Yes,No,DSL,No,No,No,No,No,No,Month-to-month,No,Mailed check,43.9,No
6741-EGCBI,Bismarck,MO,63624,43,Male,Yes,No,No,30,Yes,Yes,Fiber optic,Yes,No,No,No,No,Yes,Month-to-month,Yes,Credit card (automatic),90.5,No
7820-ZYGNY,Phillipsburg,MO,65722,45,Male,No,No,No,63,Yes,Yes,Fiber optic,No,Yes,No,No,No,Yes,One year,No,Credit card (automatic),90.45,No
9677-AVKED,Mexico,MO,65265,37,Female,No,No,Yes,53,Yes,Yes,DSL,No,Yes,Yes,Yes,Yes,Yes,One year,Yes,Electronic check,84.6,No
2227-JRSJX,Meta,MO,65058,64,Female,No,No,No,21,Yes,No,Fiber optic,No,Yes,No,Yes,Yes,Yes,Month-to-month,Yes,Bank transfer (automatic),99.15,No
9847-HNVGP,Ionia,MO,65335,60,Male,No,No,No,17,Yes,No,None,No,No,No,No,No,No,One year,No,Mailed check,19.95,No
6696-YDAYZ,Dadeville,MO,65635,34,Male,No,Yes,Yes,16,Yes,No,None,No,No,No,No,No,No,Two year,No,Mailed check,20.5,No
8980-WQFWL,Kansas City,MO,64154,37,Female,No,No,No,35,Yes,No,DSL,No,No,Yes,No,No,Yes,Month-to-month,Yes,Electronic check,62.1,No
1730-ZMAME,Gorin,MO,63543,63,Female,Yes,No,No,32,Yes,No,Fiber optic,No,No,No,No,No,Yes,Month-to-month,Yes,Electronic check,79.5,No
6506-EYCNH,Centralia,MO,65240,63,Female,No,Yes,Yes,28,Yes,No,None,No,No,No,No,No,No,Month-to-month,Yes,Bank transfer (automatic),19.55,No
4634-JLRJT,Oak Grove,MO,64075,43,Female,No,No,No,1,Yes,No,None,No,No,No,No,No,No,Month-to-month,Yes,Mailed check,20.35,No
9501-UKKNL,Stockton,MO,65785,30,Male,No,No,No,59,No,No,DSL,No,No,No,Yes,Yes,Yes,Month-to-month,Yes,Electronic check,51.7,No
2560-QTSBS,Saint James,MO,65559,52,Female,No,Yes,Yes,72,Yes,Yes,None,No,No,No,No,No,No,One year,Yes,Bank transfer (automatic),23.3,No
4795-WRNVT,Winston,MO,64689,40,Female,No,No,No,40,Yes,No,DSL,Yes,Yes,No,No,Yes,No,Month-to-month,No,Mailed check,65.1,No
6080-TCMYC,Preston,MO,65732,42,Male,No,Yes,Yes,40,Yes,Yes,Fiber optic,No,No,Yes,No,No,No,Month-to-month,Yes,Electronic check,81.2,No
7860-UXCRM,Lexington,MO,64067,52,Male,No,Yes,Yes,63,Yes,No,DSL,Yes,Yes,Yes,Yes,Yes,No,Two year,No,Credit card (automatic),74.5,No
6357-JJPQT,Whiteman Air Force Base,MO,65305,37,Female,No,No,No,3,Yes,No,Fiber optic,No,No,No,No,Yes,No,Month-to-month,Yes,Electronic check,80.5,No
2292-XQWSV,Kansas City,MO,64124,19,Male,No,Yes,Yes,40,No,No,DSL,No,Yes,Yes,Yes,Yes,Yes,One year,No,Mailed check,60.3,No
9552-TGUZV,Jonesburg,MO,63351,59,Male,No,Yes,No,8,Yes,No,Fiber optic,Yes,No,No,No,No,No,Month-to-month,Yes,Mailed check,75,No
5913-INRQV,Fairfax,MO,64446,37,Male,Yes,Yes,No,34,Yes,No,Fiber optic,Yes,No,No,Yes,Yes,No,One year,No,Mailed check,90.15,No
9643-YBLUR,Robertsville,MO,63072,40,Male,No,Yes,No,9,Yes,Yes,DSL,No,Yes,Yes,No,No,Yes,Month-to-month,Yes,Credit card (automatic),69.05,No
8734-FNWVH,Rockville,MO,64780,58,Male,No,Yes,Yes,31,Yes,Yes,DSL,No,No,No,No,No,Yes,Month-to-month,No,Bank transfer (automatic),59.7,No
9447-YPTBX,Camdenton,MO,65020,37,Female,No,Yes,No,50,Yes,No,None,No,No,No,No,No,No,One year,Yes,Bank transfer (automatic),19.85,No
9026-LHEVG,La Russell,MO,64848,21,Female,No,No,No,9,No,No,DSL,No,Yes,No,No,No,Yes,Month-to-month,No,Electronic check,40.75,No
7011-CVEUC,Weston,MO,64098,52,Male,No,Yes,No,25,Yes,No,Fiber optic,No,No,No,Yes,Yes,Yes,Month-to-month,Yes,Credit card (automatic),95.7,No
6185-TASNN,Hermann,MO,65041,55,Male,Yes,No,No,1,Yes,No,DSL,No,No,No,No,No,No,Month-to-month,No,Electronic check,46.3,No
7925-PNRGI,Amoret,MO,64722,23,Female,No,Yes,Yes,45,Yes,Yes,DSL,Yes,Yes,Yes,Yes,Yes,No,Month-to-month,No,Mailed check,81.3,No
1552-CZCLL,Monett,MO,65708,54,Female,No,Yes,Yes,55,Yes,No,None,No,No,No,No,No,No,Month-to-month,No,Credit card (automatic),20,No
3038-PQIUY,Wyatt,MO,63882,46,Female,No,No,No,38,Yes,Yes,DSL,Yes,Yes,Yes,No,No,No,Month-to-month,Yes,Bank transfer (automatic),66.15,No
9313-CDOGY,Tiff,MO,63674,42,Male,No,Yes,Yes,38,Yes,No,None,No,No,No,No,No,No,Month-to-month,No,Electronic check,19.6,No
8148-BPLZQ,Poplar Bluff,MO,63902,35,Male,No,No,No,34,Yes,No,DSL,No,Yes,No,No,No,No,Month-to-month,Yes,Electronic check,49.8,No
2623-DRYAM,Maysville,MO,64469,64,Female,No,Yes,No,70,Yes,Yes,Fiber optic,No,No,Yes,No,Yes,Yes,One year,Yes,Electronic check,101.75,No
9987-LUTYD,Oak Grove,MO,64075,47,Female,No,No,No,13,Yes,No,DSL,Yes,No,No,Yes,No,No,One year,No,Mailed check,55.15,No
4488-KQFDT,Kansas City,MO,64161,36,Female,No,No,No,61,Yes,Yes,Fiber optic,No,Yes,Yes,No,Yes,Yes,One year,Yes,Electronic check,103.95,No
5693-PIPCS,Stockton,MO,65785,36,Male,No,No,No,41,Yes,No,Fiber optic,No,Yes,No,Yes,Yes,Yes,Two year,Yes,Credit card (automatic),99.65,No
0491-KAPQG,Fort Leonard Wood,MO,65473,35,Male,No,No,No,21,Yes,Yes,Fiber optic,No,No,No,No,No,No,Month-to-month,Yes,Electronic check,73.7,No
1925-LFCZZ,Stockton,MO,65785,47,Male,Yes,No,No,55,No,No,DSL,No,No,Yes,No,Yes,Yes,One year,Yes,Bank transfer (automatic),50.05,No
8039-EQPIM,Parnell,MO,64475,52,Male,No,Yes,No,69,No,No,DSL,Yes,No,Yes,Yes,Yes,Yes,Two year,No,Bank transfer (automatic),60.25,No
8707-RMEZH,Waterville,PA,17776,28,Female,Yes,Yes,No,69,Yes,No,Fiber optic,Yes,Yes,No,No,No,Yes,One year,No,Credit card (automatic),87.3,No
3209-ZPKFI,Philadelphia,PA,19120,62,Male,No,Yes,Yes,47,Yes,Yes,DSL,No,Yes,No,No,No,No,Month-to-month,No,Electronic check,54.25,No
6479-VDGRK,Havertown,PA,19083,58,Female,No,Yes,Yes,72,Yes,No,DSL,Yes,Yes,Yes,Yes,Yes,Yes,Two year,No,Bank transfer (automatic),85.3,No
9373-WSLOY,Stockertown,PA,18083,51,Male,Yes,Yes,No,33,No,No,DSL,No,Yes,Yes,Yes,Yes,No,Month-to-month,Yes,Electronic check,50,No
3569-JFODW,Lancaster,PA,17602,60,Female,No,Yes,Yes,72,Yes,Yes,DSL,Yes,Yes,Yes,Yes,Yes,Yes,Two year,No,Credit card (automatic),90.95,No
9819-FBNSV,Philadelphia,PA,19133,23,Male,Yes,Yes,No,37,Yes,No,Fiber optic,No,No,No,No,No,No,Month-to-month,Yes,Bank transfer (automatic),72.25,No
9544-PYPSJ,Bairdford,PA,15006,43,Female,Yes,Yes,Yes,62,Yes,Yes,Fiber optic,No,Yes,Yes,No,No,Yes,Month-to-month,Yes,Credit card (automatic),96.1,No
1591-XWLGB,York,PA,17403,52,Female,No,Yes,No,71,Yes,No,None,No,No,No,No,No,No,Two year,No,Credit card (automatic),19.85,No
0396-UKGAI,Hatboro,PA,19040,31,Male,No,No,Yes,23,Yes,No,DSL,No,Yes,No,Yes,No,No,Month-to-month,Yes,Bank transfer (automatic),55.3,No
3243-ZHOHY,Terre Hill,PA,17581,40,Female,No,No,No,16,Yes,No,None,No,No,No,No,No,No,One year,No,Mailed check,20.1,No
5186-EJEGL,State College,PA,16803,39,Male,No,No,No,9,Yes,No,DSL,Yes,No,Yes,Yes,Yes,No,Month-to-month,Yes,Mailed check,69.5,No
7527-QNRUS,Coburn,PA,16832,48,Male,No,Yes,Yes,17,Yes,Yes,None,No,No,No,No,No,No,Two year,Yes,Mailed check,25.15,No
2203-GHNWN,Bridgeport,PA,19405,61,Female,No,Yes,No,24,Yes,Yes,Fiber optic,No,No,Yes,No,No,No,Month-to-month,Yes,Mailed check,79.65,No
3878-AVSOQ,Garland,PA,16416,37,Female,Yes,No,No,1,Yes,No,Fiber optic,No,No,No,No,No,No,Month-to-month,Yes,Electronic check,71.25,No
3258-SYSWS,Berwyn,PA,19312,19,Male,Yes,No,No,72,Yes,Yes,Fiber optic,Yes,Yes,Yes,Yes,Yes,Yes,Two year,No,Bank transfer (automatic),113.8,No
5296-PSYVW,Pen Argyl,PA,18072,56,Female,No,Yes,No,72,Yes,Yes,None,No,No,No,No,No,No,Two year,No,Electronic check,24.55,No
6319-QSUSR,Palm,PA,18070,28,Female,No,No,Yes,11,Yes,No,None,No,No,No,No,No,No,Month-to-month,No,Credit card (automatic),19.7,No
0512-FLFDW,Wampum,PA,16157,20,Female,Yes,Yes,No,60,Yes,Yes,Fiber optic,No,No,Yes,No,Yes,Yes,One year,Yes,Credit card (automatic),100.5,No
0487-CRLZF,Pittsburgh,PA,15204,33,Female,No,No,No,49,Yes,No,DSL,No,No,Yes,Yes,Yes,Yes,Two year,Yes,Bank transfer (automatic),74.45,No
2107-FBPTK,Joffre,PA,15053,24,Female,Yes,No,No,30,Yes,Yes,Fiber optic,No,Yes,Yes,No,Yes,Yes,Month-to-month,Yes,Electronic check,104.1,No
9451-WLYRI,Clarington,PA,15828,55,Female,No,Yes,No,53,Yes,No,None,No,No,No,No,No,No,One year,No,Credit card (automatic),19.05,No
8219-VYBVI,Philadelphia,PA,19134,19,Male,No,No,Yes,39,Yes,Yes,None,No,No,No,No,No,No,Two year,No,Mailed check,25,No
1991-VOPLL,Philadelphia,PA,19109,19,Female,No,No,No,9,Yes,No,None,No,No,No,No,No,No,Month-to-month,No,Mailed check,19.05,No
9738-QLWTP,Boiling Springs,PA,17007,63,Male,No,No,No,39,Yes,No,Fiber optic,No,No,Yes,Yes,No,No,One year,No,Electronic check,81.9,No
1016-DJTSV,Midland,PA,15059,39,Male,Yes,No,No,8,Yes,No,Fiber optic,No,No,No,No,No,No,Month-to-month,Yes,Electronic check,69.7,No
9419-IPPBE,Sturgeon,PA,15082,60,Female,No,Yes,Yes,51,Yes,Yes,Fiber optic,No,No,Yes,No,No,Yes,One year,Yes,Electronic check,90.15,No
0174-QRVVY,Mount Pleasant,PA,15666,40,Male,No,Yes,Yes,71,Yes,Yes,None,No,No,No,No,No,No,Two year,No,Credit card (automatic),25.35,No
5699-BNCAS,Mary D,PA,17952,54,Male,Yes,No,No,71,Yes,Yes,None,No,No,No,No,No,No,Two year,Yes,Mailed check,24.65,No
2900-PHPLN,Joffre,PA,15053,50,Female,Yes,Yes,No,70,Yes,No,None,No,No,No,No,No,No,Two year,Yes,Credit card (automatic),19.55,No
8106-GWQOK,Bethlehem,PA,18020,29,Male,No,Yes,No,38,No,No,DSL,Yes,Yes,No,Yes,Yes,Yes,Two year,Yes,Bank transfer (automatic),60,No
8751-EDEKA,Spartansburg,PA,16434,24,Female,No,Yes,No,28,Yes,No,Fiber optic,No,Yes,Yes,No,No,Yes,Month-to-month,No,Credit card (automatic),89.9,No
6878-GGDWG,Mildred,PA,18632,54,Female,No,Yes,No,32,Yes,No,None,No,No,No,No,No,No,Month-to-month,No,Bank transfer (automatic),19.4,No
4039-PIMHX,Millmont,PA,17845,20,Male,Yes,Yes,No,49,Yes,No,DSL,No,Yes,No,No,No,No,Two year,No,Mailed check,49.8,No
8450-LUGUK,Fleming,PA,16835,61,Female,No,Yes,Yes,37,Yes,Yes,None,No,No,No,No,No,No,Two year,Yes,Bank transfer (automatic),24.1,No
3604-WLABM,Landisburg,PA,17040,39,Female,No,No,No,10,Yes,No,DSL,No,No,Yes,Yes,No,No,Month-to-month,No,Electronic check,54.25,No
0795-GMVQO,Grantville,PA,17028,23,Male,No,Yes,No,67,Yes,Yes,Fiber optic,Yes,Yes,Yes,No,Yes,Yes,One year,No,Credit card (automatic),109.9,No
2259-OUUSZ,Waterville,PA,17776,29,Male,No,No,No,7,No,No,DSL,No,No,Yes,Yes,No,No,One year,Yes,Credit card (automatic),35.5,No
1142-IHLOO,Erwinna,PA,18920,45,Female,No,No,No,51,Yes,No,Fiber optic,No,No,No,No,Yes,Yes,One year,No,Credit card (automatic),87.55,No
4633-MKHYU,Beech Creek,PA,16822,31,Female,No,No,No,9,Yes,No,Fiber optic,No,No,No,No,Yes,Yes,Month-to-month,Yes,Mailed check,88.4,No
6257-RJOHI,Scotland,PA,17254,40,Male,No,No,No,4,Yes,No,DSL,No,No,No,Yes,No,No,Month-to-month,Yes,Mailed check,50.8,No
1545-JFUML,Millersburg,PA,17061,33,Male,No,Yes,No,71,Yes,Yes,Fiber optic,Yes,Yes,Yes,No,Yes,No,Two year,Yes,Electronic check,99,No
7826-VVKWT,Parkesburg,PA,19365,53,Female,Yes,Yes,Yes,24,Yes,No,Fiber optic,No,No,Yes,No,Yes,Yes,Two year,Yes,Electronic check,96.55,No
1353-GHZOS,Success,MO,65570,59,Male,No,Yes,No,22,Yes,No,DSL,Yes,No,No,No,Yes,No,One year,Yes,Bank transfer (automatic),59.75,No
2587-EKXTS,Marquand,MO,63655,53,Male,No,No,No,44,Yes,Yes,Fiber optic,Yes,Yes,Yes,No,Yes,Yes,Month-to-month,Yes,Electronic check,111.5,No
5442-BXVND,Kansas City,MO,64119,62,Female,No,Yes,Yes,33,Yes,Yes,None,No,No,No,No,No,No,Month-to-month,No,Bank transfer (automatic),24.25,No
9753-OYLBX,Nevada,MO,64772,38,Female,No,No,No,1,Yes,No,None,No,No,No,No,No,No,Month-to-month,No,Mailed check,20.5,No
2364-UFROM,Montgomery City,MO,63361,33,Male,No,No,No,30,Yes,No,DSL,Yes,Yes,No,Yes,Yes,No,One year,No,Electronic check,70.4,No
6656-JWRQX,Bridgeton,MO,63044,51,Female,No,No,No,1,No,No,DSL,No,No,No,Yes,No,No,Month-to-month,No,Mailed check,30.55,No
6473-ULUHT,Montrose,MO,64770,56,Male,No,Yes,Yes,16,Yes,Yes,DSL,Yes,Yes,No,Yes,Yes,Yes,Month-to-month,No,Electronic check,84.9,No
7688-AWMDX,Ewing,MO,63440,35,Male,No,Yes,No,71,Yes,No,DSL,Yes,No,No,Yes,No,No,Two year,No,Bank transfer (automatic),54.5,No
2842-BCQGE,Blodgett,MO,63824,25,Male,No,No,No,43,Yes,Yes,Fiber optic,No,No,No,No,No,No,Month-to-month,Yes,Credit card (automatic),75.35,No
7244-QWYHG,Hayti,MO,63851,49,Male,No,Yes,No,50,No,No,DSL,Yes,No,No,Yes,Yes,No,One year,Yes,Bank transfer (automatic),44.45,No
5312-UXESG,Bismarck,MO,63624,49,Female,No,No,No,41,Yes,Yes,Fiber optic,No,No,Yes,No,Yes,Yes,Month-to-month,No,Bank transfer (automatic),98.05,No
2150-WLKUW,Powersville,MO,64672,49,Female,No,Yes,No,40,Yes,Yes,DSL,No,Yes,No,No,Yes,No,One year,No,Bank transfer (automatic),63.9,No
7159-FVYPK,Cameron,MO,64429,32,Female,No,Yes,Yes,3,Yes,Yes,DSL,No,Yes,Yes,No,Yes,No,Month-to-month,Yes,Bank transfer (automatic),69.15,No
7032-LMBHI,Sullivan,MO,63080,38,Female,No,No,No,37,Yes,Yes,DSL,Yes,No,No,No,Yes,No,One year,No,Bank transfer (automatic),64.65,No
6088-BXMRG,Fordland,MO,65652,60,Female,No,Yes,Yes,32,Yes,Yes,Fiber optic,No,Yes,No,No,Yes,Yes,Month-to-month,Yes,Electronic check,98.85,No
4821-SJHJV,Kirksville,MO,63501,37,Female,No,Yes,Yes,32,Yes,Yes,Fiber optic,Yes,No,No,No,Yes,No,Month-to-month,No,Electronic check,89.6,No
7346-MEDWM,Stoutsville,MO,65283,50,Female,No,No,No,59,Yes,Yes,Fiber optic,No,Yes,Yes,No,No,No,Month-to-month,Yes,Electronic check,83.25,No
1137-DGOWI,Henrietta,MO,64036,39,Female,No,Yes,No,30,Yes,No,DSL,No,Yes,Yes,Yes,No,Yes,One year,No,Bank transfer (automatic),70.25,No
3812-LRZIR,Hollister,MO,65672,21,Female,No,Yes,Yes,27,Yes,Yes,None,No,No,No,No,No,No,Two year,No,Electronic check,24.5,No
9483-GCPWE,Bucklin,MO,64631,49,Male,No,No,Yes,9,Yes,No,None,No,No,No,No,No,No,One year,No,Mailed check,20.1,No
4227-OJHAL,Kearney,MO,64060,58,Female,No,Yes,Yes,68,Yes,Yes,DSL,Yes,Yes,Yes,No,Yes,No,One year,Yes,Credit card (automatic),73,No
9220-CXRSC,Novinger,MO,63559,28,Female,No,Yes,Yes,69,Yes,Yes,DSL,Yes,No,No,Yes,No,No,Two year,No,Credit card (automatic),61.4,No
4993-JCRGJ,Fulton,MO,65251,60,Male,No,No,No,26,Yes,Yes,Fiber optic,No,No,Yes,Yes,No,No,Month-to-month,Yes,Mailed check,84.3,No
9537-JALFH,Kimberling City,MO,65686,62,Male,No,Yes,Yes,69,Yes,No,None,No,No,No,No,No,No,Two year,No,Bank transfer (automatic),19.9,No
6698-OXETB,Poplar Bluff,MO,63901,41,Male,No,No,No,11,Yes,No,None,No,No,No,No,No,No,Two year,No,Mailed check,20.4,No
2103-ZRXFN,Otterville,MO,65348,39,Male,No,No,No,1,Yes,Yes,DSL,No,No,No,No,No,No,Month-to-month,No,Mailed check,50.75,No
3724-BSCVH,Saint Louis,MO,63143,63,Male,No,Yes,Yes,10,Yes,No,None,No,No,No,No,No,No,One year,No,Mailed check,20.45,No
4877-TSOFF,Williamsville,MO,63967,41,Female,No,Yes,Yes,55,Yes,Yes,DSL,Yes,Yes,No,Yes,No,Yes,One year,Yes,Bank transfer (automatic),75.75,No
9209-NWPGU,Tunas,MO,65764,37,Male,No,No,No,44,Yes,No,DSL,Yes,No,No,Yes,Yes,No,One year,No,Electronic check,65.4,No
7306-YDSOI,Hurdland,MO,63547,36,Male,No,Yes,Yes,69,Yes,No,DSL,Yes,Yes,Yes,No,No,No,Two year,Yes,Bank transfer (automatic),59.75,No
5288-AHOUP,Arbela,MO,63432,31,Male,Yes,No,No,11,Yes,No,Fiber optic,No,No,No,No,No,Yes,Month-to-month,Yes,Electronic check,78.5,No
0655-YDGFJ,Ava,MO,65608,50,Male,No,No,No,29,Yes,No,DSL,No,No,Yes,No,No,No,Month-to-month,No,Bank transfer (automatic),48.95,No
8468-EHYJA,Oran,MO,63771,42,Female,No,Yes,No,57,Yes,Yes,Fiber optic,Yes,No,No,No,Yes,Yes,Month-to-month,Yes,Electronic check,99.65,No
6823-SIDFQ,Hazelwood,MO,63042,22,Male,No,No,No,28,Yes,No,None,No,No,No,No,No,No,One year,No,Credit card (automatic),18.25,No
1097-FSPVW,Rutledge,MO,63563,58,Female,No,No,No,42,Yes,No,DSL,Yes,No,Yes,No,No,No,Month-to-month,No,Credit card (automatic),54.55,No
8328-SKJNO,Livonia,MO,63551,56,Male,No,No,Yes,23,No,No,DSL,Yes,Yes,No,Yes,No,No,One year,No,Bank transfer (automatic),40.65,No
7010-ZMVBF,Wheatland,MO,65779,62,Female,No,Yes,Yes,18,Yes,No,None,No,No,No,No,No,No,Month-to-month,No,Mailed check,20.45,No
5201-CBWYG,Kansas City,MO,64108,54,Male,No,Yes,Yes,62,Yes,Yes,None,No,No,No,No,No,No,One year,No,Bank transfer (automatic),24.8,No
6352-GIGGQ,Palmyra,MO,63461,44,Male,No,No,No,67,Yes,Yes,DSL,Yes,Yes,Yes,Yes,Yes,Yes,One year,Yes,Bank transfer (automatic),88.8,No
3635-QQRQD,Parma,MO,63870,49,Male,No,No,No,62,Yes,No,None,No,No,No,No,No,No,Two year,Yes,Credit card (automatic),20.05,No
2897-DOVND,Lone Jack,MO,64070,40,Male,No,No,No,2,Yes,No,Fiber optic,No,No,No,No,No,No,Month-to-month,Yes,Electronic check,69.8,No
3082-YVEKW,Ballwin,MO,63021,48,Female,No,Yes,Yes,23,Yes,Yes,DSL,Yes,No,Yes,Yes,Yes,No,Two year,Yes,Bank transfer (automatic),77.15,No
0191-EQUUH,Canton,MO,63435,58,Female,No,No,Yes,25,No,No,DSL,Yes,No,No,Yes,No,No,Two year,No,Bank transfer (automatic),35.05,No
7134-HBPBS,Sheridan,MO,64486,40,Female,Yes,No,No,72,Yes,Yes,Fiber optic,No,Yes,Yes,Yes,Yes,Yes,Two year,Yes,Bank transfer (automatic),108.1,No
3489-HHPFY,Richards,MO,64778,51,Female,No,Yes,No,2,Yes,Yes,Fiber optic,No,No,No,No,Yes,No,Month-to-month,Yes,Electronic check,84.05,No
2926-JEJJC,Hurdland,MO,63547,59,Female,No,No,No,8,Yes,No,None,No,No,No,No,No,No,One year,Yes,Bank transfer (automatic),20.2,No
4950-BDEUX,Whitewater,MO,63785,43,Male,No,No,No,35,No,No,DSL,No,No,Yes,No,Yes,Yes,Month-to-month,No,Electronic check,49.2,No
5789-LDFXO,Lebanon,MO,65536,55,Male,No,No,No,24,Yes,Yes,None,No,No,No,No,No,No,One year,No,Electronic check,24.6,No
0508-OOLTO,Saint Louis,MO,63127,40,Female,No,Yes,Yes,2,Yes,No,Fiber optic,No,No,No,No,No,No,Month-to-month,Yes,Electronic check,71.65,No
2984-TBYKU,Saint Louis,MO,63103,29,Male,No,Yes,Yes,72,Yes,Yes,Fiber optic,Yes,Yes,Yes,Yes,No,Yes,Two year,Yes,Credit card (automatic),104.9,No
9822-WMWVG,Lexington,MO,64067,19,Female,No,No,No,41,Yes,Yes,Fiber optic,Yes,Yes,Yes,Yes,Yes,No,Month-to-month,Yes,Electronic check,106.5,No
9040-KZVWO,Lone Jack,MO,64070,19,Male,No,No,No,26,Yes,No,Fiber optic,No,Yes,No,No,No,No,One year,No,Bank transfer (automatic),75.5,No
1548-ARAGG,Verona,MO,65769,29,Female,No,Yes,Yes,4,Yes,Yes,DSL,No,Yes,No,Yes,No,No,Month-to-month,Yes,Mailed check,58.5,No
6339-RZCBJ,Pilot Knob,MO,63663,42,Male,No,No,No,48,Yes,No,DSL,No,Yes,Yes,Yes,Yes,Yes,Two year,No,Credit card (automatic),78.9,No
4415-WNGVR,Bosworth,MO,64623,30,Female,Yes,Yes,No,12,Yes,No,DSL,Yes,No,Yes,Yes,Yes,Yes,One year,Yes,Electronic check,79.2,No
2522-AHJXR,West Alton,MO,63386,34,Male,No,Yes,No,60,Yes,Yes,Fiber optic,Yes,No,Yes,Yes,Yes,Yes,Month-to-month,Yes,Bank transfer (automatic),109.45,No
0412-UCCNP,Viburnum,MO,65566,58,Male,No,No,No,55,Yes,No,DSL,Yes,No,Yes,Yes,No,No,Two year,Yes,Electronic check,59.2,No
1816-FLZDK,Emden,MO,63439,39,Male,No,No,No,1,No,No,DSL,No,No,No,Yes,No,No,Month-to-month,No,Mailed check,29.15,No
7096-UCLNH,Queen City,MO,63561,21,Male,No,No,No,1,Yes,No,None,No,No,No,No,No,No,Month-to-month,No,Mailed check,20.05,No
4615-PIVVU,East Lynne,MO,64743,50,Female,No,No,No,42,Yes,No,DSL,No,No,Yes,Yes,No,Yes,Two year,No,Credit card (automatic),66.5,No
8885-QSQBX,South West City,MO,64863,40,Female,No,No,No,1,Yes,No,DSL,Yes,No,No,No,No,No,Month-to-month,No,Bank transfer (automatic),49.55,No
8617-ENBDS,Lonedell,MO,63060,52,Male,No,No,No,3,Yes,No,Fiber optic,No,No,Yes,No,No,No,Month-to-month,Yes,Credit card (automatic),73.6,No
9385-NXKDA,Stoutsville,MO,65283,61,Female,No,Yes,No,72,Yes,Yes,DSL,Yes,Yes,Yes,No,Yes,Yes,Two year,Yes,Credit card (automatic),82.65,No
0430-IHCDJ,Callao,MO,63534,61,Male,No,No,No,15,Yes,Yes,DSL,No,No,No,No,No,No,Month-to-month,Yes,Electronic check,49,No
6674-KVJHG,Dittmer,MO,63023,43,Female,No,No,No,11,Yes,Yes,None,No,No,No,No,No,No,One year,No,Electronic check,25.2,No
1814-DKOLC,Russellville,MO,65074,39,Female,No,No,No,5,Yes,Yes,None,No,No,No,No,No,No,Month-to-month,No,Mailed check,25.45,No
9351-HXDMR,Armstrong,MO,65230,28,Male,No,Yes,No,72,Yes,Yes,Fiber optic,Yes,No,Yes,Yes,Yes,Yes,Two year,Yes,Credit card (automatic),110.9,No
3537-HPKQT,Sturgeon,MO,65284,57,Female,No,Yes,No,55,Yes,Yes,Fiber optic,No,Yes,No,No,No,No,Month-to-month,Yes,Credit card (automatic),77.75,No
2129-ALKBS,Edgar Springs,MO,65462,50,Female,No,Yes,Yes,40,Yes,Yes,None,No,No,No,No,No,No,Month-to-month,Yes,Electronic check,26.2,No
5821-MMEIL,Kansas City,MO,64109,31,Female,No,Yes,No,57,Yes,No,None,No,No,No,No,No,No,Two year,No,Bank transfer (automatic),19.9,No
1309-XGFSN,Brashear,MO,63533,38,Male,Yes,Yes,Yes,52,Yes,Yes,DSL,No,Yes,Yes,No,Yes,Yes,One year,Yes,Electronic check,80.85,No
6968-URWQU,Isabella,MO,65676,46,Male,No,Yes,No,43,Yes,No,DSL,No,No,No,No,Yes,No,One year,Yes,Mailed check,56.35,No
4742-TXUEX,Fredericktown,MO,63645,54,Female,No,Yes,Yes,47,Yes,No,None,No,No,No,No,No,No,Two year,No,Bank transfer (automatic),19.3,No
9631-XEYKE,De Kalb,MO,64440,42,Male,No,No,No,3,Yes,Yes,DSL,No,No,No,No,No,No,Month-to-month,No,Bank transfer (automatic),50.4,No
1335-MXCSE,Richmond,MO,64085,59,Male,No,Yes,Yes,55,Yes,No,DSL,No,No,Yes,Yes,No,No,Two year,Yes,Credit card (automatic),55.25,No
8873-TMKGR,Tallapoosa,MO,63878,38,Male,No,No,No,29,Yes,No,None,No,No,No,No,No,No,One year,No,Mailed check,19.1,No
8800-JOOCF,Kansas City,MO,64138,58,Female,No,No,Yes,12,Yes,Yes,Fiber optic,No,No,No,No,Yes,No,Month-to-month,Yes,Electronic check,84.05,No
1469-LBJQJ,Cairo,MO,65239,48,Female,No,Yes,No,66,Yes,Yes,Fiber optic,No,Yes,Yes,No,Yes,Yes,Month-to-month,Yes,Electronic check,105.2,No
0064-YIJGF,Fortuna,MO,65034,24,Male,No,Yes,Yes,27,Yes,Yes,Fiber optic,No,No,No,No,No,No,Month-to-month,Yes,Bank transfer (automatic),75.75,No
2386-OWURY,Stanberry,MO,64489,59,Female,No,No,No,58,Yes,No,Fiber optic,No,No,No,Yes,Yes,Yes,Month-to-month,Yes,Electronic check,95.3,No
0310-VQXAM,Tallapoosa,MO,63878,59,Male,No,No,No,9,Yes,No,None,No,No,No,No,No,No,Month-to-month,No,Mailed check,19.85,No
3453-RTHJQ,Marquand,MO,63655,56,Male,No,No,No,6,Yes,No,Fiber optic,No,No,No,No,No,No,Month-to-month,Yes,Electronic check,69.1,No
6278-FEPBZ,Canalou,MO,63828,33,Female,No,No,No,9,Yes,No,None,No,No,No,No,No,No,Month-to-month,No,Mailed check,20.25,No
4280-DLSHD,Excelsior Springs,MO,64024,46,Male,No,Yes,No,8,Yes,No,DSL,No,Yes,Yes,No,No,No,Month-to-month,Yes,Mailed check,54.75,No
1508-DFXCU,De Kalb,MO,64440,29,Male,No,No,No,12,Yes,No,Fiber optic,No,No,No,No,Yes,No,Month-to-month,Yes,Electronic check,81.45,No
7868-BGSZA,Bernie,MO,63822,46,Male,No,Yes,No,43,Yes,Yes,DSL,Yes,No,Yes,No,Yes,Yes,One year,Yes,Electronic check,80.2,No
2800-QQUSO,Willow Springs,MO,65793,37,Male,No,No,No,42,Yes,Yes,Fiber optic,No,No,No,Yes,Yes,Yes,Month-to-month,Yes,Electronic check,100.3,No
7973-DZRKH,Preston,MO,65732,39,Female,No,No,Yes,66,Yes,Yes,Fiber optic,Yes,No,Yes,Yes,No,No,Two year,Yes,Credit card (automatic),90.95,No
7698-YFGEZ,Garden City,MO,64747,34,Male,No,No,No,1,Yes,No,None,No,No,No,No,No,No,Month-to-month,No,Mailed check,20,No
9773-PEQBZ,Moscow Mills,MO,63362,25,Male,No,No,No,10,Yes,Yes,Fiber optic,No,Yes,No,No,No,No,Month-to-month,No,Electronic check,79.85,No
0650-BWOZN,Clinton,MO,64735,33,Female,Yes,No,No,18,Yes,No,Fiber optic,No,Yes,No,No,No,No,Month-to-month,Yes,Electronic check,73.55,No
7785-RDVIG,Golden City,MO,64748,39,Female,No,Yes,Yes,3,Yes,No,None,No,No,No,No,No,No,Month-to-month,No,Mailed check,19.3,No
9602-WCXPI,Russellville,MO,65074,23,Male,No,No,No,50,Yes,No,None,No,No,No,No,No,No,One year,No,Credit card (automatic),20.15,No
2903-YYTBW,Hunnewell,MO,63443,49,Male,No,Yes,Yes,1,Yes,No,DSL,No,No,No,No,No,No,Month-to-month,No,Electronic check,44.55,No
3620-MWJNE,Fillmore,MO,64449,44,Male,No,No,No,2,Yes,No,DSL,Yes,No,No,Yes,No,No,Month-to-month,Yes,Mailed check,54.45,No
8573-JGCZW,Dunnegan,MO,65640,35,Male,No,No,No,17,Yes,No,None,No,No,No,No,No,No,One year,Yes,Bank transfer (automatic),19.65,No
6837-HAEVO,Essex,MO,63846,50,Male,No,Yes,Yes,69,Yes,Yes,Fiber optic,No,Yes,Yes,No,Yes,Yes,Two year,Yes,Electronic check,105,No
6701-YVNQG,Louin,MS,39338,62,Male,No,Yes,No,72,Yes,Yes,DSL,Yes,Yes,Yes,Yes,Yes,Yes,Two year,Yes,Credit card (automatic),88.7,No
4304-XUMGI,Forest,MS,39074,29,Male,Yes,Yes,Yes,50,Yes,Yes,DSL,Yes,Yes,Yes,No,No,Yes,Two year,Yes,Bank transfer (automatic),75.15,No
9504-YAZWB,Bentonia,MS,39040,22,Female,No,No,No,53,Yes,No,None,No,No,No,No,No,No,Two year,No,Mailed check,20.25,No
8819-ZBYNA,Rome,MS,38768,48,Female,No,Yes,No,58,Yes,Yes,Fiber optic,Yes,Yes,No,Yes,Yes,Yes,Two year,Yes,Credit card (automatic),109.1,No
6174-NRBTZ,Lauderdale,MS,39335,34,Male,No,No,No,46,No,No,DSL,Yes,No,No,No,No,No,One year,Yes,Bank transfer (automatic),30.75,No
9481-IEBZY,Ecru,MS,38841,59,Male,Yes,Yes,No,72,Yes,Yes,Fiber optic,Yes,Yes,Yes,Yes,Yes,Yes,Month-to-month,Yes,Credit card (automatic),112.9,No
6137-NICCO,Fulton,MS,38843,40,Female,No,Yes,Yes,6,Yes,Yes,Fiber optic,No,Yes,Yes,No,Yes,No,Month-to-month,Yes,Mailed check,94.05,No
9065-ZCPQX,Farrell,MS,38630,27,Male,No,Yes,No,72,Yes,Yes,DSL,Yes,Yes,Yes,Yes,No,Yes,Two year,No,Bank transfer (automatic),78.85,No
6402-EJMWF,Meridian,MS,39307,32,Male,No,No,No,4,Yes,No,DSL,No,No,No,No,No,Yes,Month-to-month,Yes,Mailed check,55.3,No
3620-EHIMZ,Wesson,MS,39191,36,Female,No,Yes,Yes,52,Yes,No,None,No,No,No,No,No,No,Two year,No,Mailed check,19.35,No
3213-VVOLG,Newton,MS,39345,20,Male,No,Yes,Yes,0,Yes,Yes,None,No,No,No,No,No,No,Two year,No,Mailed check,25.35,No
6870-ECSHE,Diamondhead,MS,39525,42,Female,No,No,No,2,Yes,No,None,No,No,No,No,No,No,One year,No,Mailed check,20.45,No
8747-UDCOI,Valley Park,MS,39177,56,Female,No,Yes,No,65,Yes,No,None,No,No,No,No,No,No,Two year,No,Bank transfer (automatic),19.35,No
4626-OZDTJ,Goodman,MS,39079,44,Female,No,Yes,No,51,Yes,Yes,DSL,No,Yes,No,Yes,Yes,Yes,One year,Yes,Credit card (automatic),78.65,No
9169-BSVIN,Friars Point,MS,38631,37,Male,No,No,No,12,Yes,Yes,DSL,No,No,Yes,No,Yes,Yes,Month-to-month,No,Bank transfer (automatic),74.75,No
8194-PEEBY,Bay Springs,MS,39422,62,Female,No,Yes,Yes,24,Yes,No,None,No,No,No,No,No,No,One year,No,Mailed check,19.9,No
6872-HXFNF,Brooklyn,MS,39425,63,Female,No,Yes,No,64,Yes,Yes,DSL,No,No,Yes,Yes,No,No,One year,No,Bank transfer (automatic),58.35,No
7714-YXSMB,Jackson,MS,39202,49,Female,No,No,No,26,Yes,Yes,Fiber optic,No,No,Yes,No,Yes,Yes,Month-to-month,Yes,Bank transfer (automatic),100.5,No
8387-UGUSU,Ellisville,MS,39437,38,Female,No,Yes,Yes,15,Yes,No,None,No,No,No,No,No,No,Month-to-month,No,Mailed check,20.05,No
1080-BWSYE,Dundee,MS,38626,23,Male,Yes,Yes,No,64,Yes,Yes,None,No,No,No,No,No,No,Two year,No,Credit card (automatic),25.65,No
1194-HVAIF,Prairie,MS,39756,49,Female,No,Yes,No,27,Yes,Yes,Fiber optic,No,No,No,No,Yes,Yes,Month-to-month,No,Credit card (automatic),95,No
1767-TGTKO,Monticello,MS,39654,32,Female,No,Yes,Yes,8,Yes,No,DSL,No,No,No,No,No,No,Month-to-month,Yes,Electronic check,45.45,No
8439-LTUGF,Grenada,MS,38901,44,Male,No,No,No,10,Yes,No,None,No,No,No,No,No,No,Month-to-month,Yes,Credit card (automatic),20,No
8805-JNRAZ,Bellefontaine,MS,39737,52,Female,No,No,No,2,Yes,No,DSL,No,Yes,No,No,No,No,Month-to-month,No,Mailed check,49.2,No
6418-HNFED,Amory,MS,38821,27,Male,No,Yes,No,51,Yes,No,DSL,Yes,Yes,Yes,Yes,Yes,Yes,Two year,Yes,Credit card (automatic),83.25,No
0206-OYVOC,Jackson,MS,39206,53,Female,No,Yes,Yes,46,Yes,No,None,No,No,No,No,No,No,Two year,Yes,Mailed check,19.25,No
7291-CDTMJ,Picayune,MS,39466,34,Male,No,No,No,1,Yes,No,None,No,No,No,No,No,No,Month-to-month,Yes,Bank transfer (automatic),19.65,No
7128-GGCNO,Pattison,MS,39144,27,Male,No,No,No,46,Yes,Yes,Fiber optic,No,No,No,No,No,No,Month-to-month,No,Bank transfer (automatic),72.8,No
0237-YFUTL,Houlka,MS,38850,25,Female,No,Yes,No,50,Yes,Yes,Fiber optic,Yes,Yes,No,Yes,Yes,Yes,Month-to-month,Yes,Bank transfer (automatic),109.65,No
7691-KGKGP,Biloxi,MS,39532,27,Male,No,Yes,Yes,53,Yes,No,DSL,No,Yes,No,Yes,Yes,No,Month-to-month,No,Credit card (automatic),65,No
6710-HSJRD,Brandon,MS,39047,34,Male,No,Yes,No,61,Yes,Yes,Fiber optic,No,Yes,Yes,Yes,Yes,Yes,Month-to-month,Yes,Electronic check,114.1,No
3675-EQOZA,Rienzi,MS,38865,55,Male,No,No,No,5,Yes,No,None,No,No,No,No,No,No,Month-to-month,No,Bank transfer (automatic),20.65,No
0840-DCNZE,Dundee,MS,38626,40,Male,No,No,No,47,Yes,No,DSL,Yes,Yes,Yes,Yes,Yes,Yes,One year,Yes,Bank transfer (automatic),86.95,No
1732-FEKLD,Cleveland,MS,38732,34,Female,No,No,No,54,Yes,Yes,Fiber optic,No,Yes,Yes,No,Yes,No,One year,Yes,Bank transfer (automatic),94.75,No
9862-KJTYK,Southaven,MS,38672,58,Male,No,No,Yes,19,No,No,DSL,No,No,No,No,No,No,Month-to-month,Yes,Credit card (automatic),25.35,No
0479-HMSWA,Blue Mountain,MS,38610,19,Female,No,No,Yes,26,Yes,No,Fiber optic,No,Yes,Yes,Yes,Yes,Yes,Two year,Yes,Electronic check,105.45,No
5854-KSRBJ,Jonestown,MS,38639,35,Male,No,Yes,Yes,70,Yes,Yes,None,No,No,No,No,No,No,Two year,No,Mailed check,25.4,No
0365-BZUWY,Winstonville,MS,38781,34,Male,No,Yes,No,17,Yes,Yes,Fiber optic,No,Yes,Yes,No,Yes,Yes,Month-to-month,Yes,Electronic check,102.55,No
5701-SVCWR,Magee,MS,39111,57,Female,No,No,Yes,1,Yes,Yes,None,No,No,No,No,No,No,Month-to-month,No,Mailed check,24,No
3129-AAQOU,Lena,MS,39094,53,Female,No,Yes,Yes,19,Yes,Yes,None,No,No,No,No,No,No,Two year,No,Mailed check,25.6,No
4922-CVPDX,Pelahatchie,MS,39145,24,Female,No,Yes,No,26,Yes,No,DSL,No,Yes,Yes,No,Yes,Yes,Two year,Yes,Credit card (automatic),73.5,No
1357-BIJKI,Crawford,MS,39743,55,Male,No,Yes,No,50,Yes,Yes,Fiber optic,No,Yes,No,No,Yes,Yes,One year,Yes,Electronic check,98.25,No
1099-BTKWT,Mc Cool,MS,39108,63,Female,No,Yes,No,68,No,No,DSL,Yes,No,Yes,No,Yes,Yes,One year,Yes,Electronic check,54.4,No
2018-PZKMU,Jackson,MS,39202,31,Male,No,Yes,Yes,9,Yes,No,Fiber optic,No,No,Yes,Yes,Yes,Yes,Month-to-month,No,Electronic check,103.1,No
7340-KEFQE,Laurel,MS,39443,29,Female,No,Yes,Yes,51,No,No,DSL,Yes,No,No,Yes,No,No,Two year,No,Bank transfer (automatic),34.2,No
4570-QHXHL,Aberdeen,MS,39730,21,Female,No,No,No,9,Yes,No,DSL,No,No,No,No,No,No,Month-to-month,Yes,Electronic check,43.75,No
7392-YYPYJ,Gulfport,MS,39507,44,Male,No,No,No,22,Yes,Yes,Fiber optic,No,Yes,No,No,Yes,Yes,Month-to-month,Yes,Electronic check,100.65,No
2223-GDSHL,West Point,MS,39773,54,Male,No,Yes,Yes,71,Yes,Yes,Fiber optic,Yes,Yes,Yes,Yes,Yes,Yes,Two year,Yes,Bank transfer (automatic),116.05,No
9470-RTWDV,Lumberton,MS,39455,23,Male,No,Yes,Yes,26,Yes,Yes,DSL,No,No,Yes,Yes,Yes,Yes,One year,Yes,Credit card (automatic),82,No
2176-OSJUV,Belden,MS,38826,44,Male,No,Yes,No,71,Yes,Yes,DSL,Yes,Yes,No,Yes,No,No,Two year,No,Bank transfer (automatic),65.15,No
9348-YVOMK,Beaumont,MS,39423,20,Male,No,No,No,4,Yes,No,DSL,No,No,No,No,No,No,Month-to-month,Yes,Credit card (automatic),44.8,No
8104-OSKWT,Ackerman,MS,39735,45,Female,No,No,No,12,Yes,Yes,Fiber optic,Yes,No,No,No,No,No,Month-to-month,Yes,Electronic check,79.8,No
4521-YEEHE,Duck Hill,MS,38925,60,Female,No,Yes,No,18,Yes,Yes,Fiber optic,No,No,No,Yes,Yes,No,Month-to-month,Yes,Electronic check,88.85,No
4090-KPJIP,Schlater,MS,38952,56,Female,No,No,No,3,Yes,Yes,Fiber optic,No,No,No,No,No,No,Month-to-month,Yes,Electronic check,74.95,No
3786-WOVKF,Soso,MS,39480,19,Female,Yes,Yes,No,72,Yes,Yes,Fiber optic,Yes,Yes,No,No,Yes,Yes,One year,Yes,Bank transfer (automatic),106.85,No
2592-HODOV,Starkville,MS,39759,57,Male,No,No,No,13,Yes,No,None,No,No,No,No,No,No,One year,No,Credit card (automatic),19.3,No
7995-ZHHNZ,Mantee,MS,39751,31,Male,No,Yes,No,42,Yes,Yes,DSL,Yes,No,No,No,No,No,One year,No,Credit card (automatic),56.1,No
3824-RHKVR,De Kalb,MS,39328,46,Female,No,No,No,17,Yes,No,None,No,No,No,No,No,No,Month-to-month,No,Credit card (automatic),19.7,No
5816-SCGFC,Little Rock,MS,39337,31,Female,Yes,No,No,7,Yes,No,DSL,No,Yes,No,No,No,No,Month-to-month,Yes,Mailed check,51.3,No
5989-AXPUC,Collinsville,MS,39325,23,Female,No,Yes,No,68,Yes,Yes,Fiber optic,Yes,Yes,Yes,Yes,Yes,Yes,Two year,No,Mailed check,118.6,No
4979-HPRFL,Greenville,MS,38703,49,Male,No,Yes,Yes,56,Yes,Yes,None,No,No,No,No,No,No,Two year,No,Bank transfer (automatic),24.15,No
8590-OHDIW,Avon,MS,38723,32,Female,No,Yes,Yes,38,Yes,No,None,No,No,No,No,No,No,One year,No,Mailed check,20.3,No
8015-IHCGW,Enterprise,MS,39330,54,Female,No,Yes,Yes,72,Yes,Yes,Fiber optic,Yes,Yes,Yes,Yes,Yes,Yes,Two year,Yes,Electronic check,115.5,No
2332-TODQS,Moorhead,MS,38761,41,Female,No,No,No,48,Yes,Yes,None,No,No,No,No,No,No,One year,No,Credit card (automatic),25.05,No
9278-VZKCD,Hernando,MS,38632,24,Female,Yes,Yes,No,52,Yes,Yes,Fiber optic,Yes,Yes,Yes,No,Yes,Yes,Month-to-month,Yes,Electronic check,109.1,No
8008-OTEZX,Lyon,MS,38645,35,Female,No,Yes,Yes,35,Yes,No,None,No,No,No,No,No,No,One year,No,Mailed check,19.65,No
2773-OVBPK,Stewart,MS,39767,56,Male,No,Yes,No,67,Yes,Yes,Fiber optic,No,Yes,Yes,Yes,Yes,Yes,Two year,Yes,Bank transfer (automatic),111.3,No
5999-LCXAO,Drew,MS,38737,54,Female,No,No,No,1,No,No,DSL,Yes,No,No,No,No,No,Month-to-month,No,Mailed check,29.9,No
5206-XZZQI,Tishomingo,MS,38873,27,Male,No,No,No,53,Yes,No,Fiber optic,No,Yes,No,Yes,No,No,Month-to-month,Yes,Mailed check,80.6,No
4803-LBYPN,Lauderdale,MS,39335,54,Male,No,Yes,Yes,34,Yes,No,None,No,No,No,No,No,No,Month-to-month,No,Mailed check,20.8,No
2139-FQHLM,Soso,MS,39480,56,Male,No,No,No,19,Yes,No,Fiber optic,No,No,Yes,Yes,Yes,No,Month-to-month,No,Mailed check,89.95,No
8261-GWDBQ,Hazlehurst,MS,39083,60,Female,Yes,Yes,No,60,Yes,Yes,Fiber optic,Yes,Yes,Yes,Yes,Yes,Yes,Two year,Yes,Bank transfer (automatic),116.05,No
1093-YSWCA,Bellefontaine,MS,39737,49,Male,No,No,No,11,Yes,No,None,No,No,No,No,No,No,Two year,No,Credit card (automatic),19.55,No
3882-IYOIJ,Heidelberg,MS,39439,38,Female,No,Yes,Yes,60,Yes,Yes,Fiber optic,Yes,Yes,Yes,Yes,Yes,Yes,Two year,No,Credit card (automatic),115.25,No
8749-TZYEC,Farrell,MS,38630,30,Male,No,Yes,No,72,Yes,Yes,None,No,No,No,No,No,No,Two year,No,Credit card (automatic),24.8,No
1755-FZQEC,Buckatunna,MS,39322,30,Male,No,No,No,39,Yes,No,None,No,No,No,No,No,No,One year,No,Mailed check,19.9,No
3115-JPJDD,Tippo,MS,38962,21,Female,No,Yes,No,59,Yes,No,Fiber optic,Yes,No,Yes,No,No,No,One year,Yes,Credit card (automatic),81.25,No
5600-KTXFM,Meridian,MS,39301,53,Male,No,Yes,Yes,2,Yes,No,Fiber optic,No,No,No,No,No,No,Month-to-month,No,Mailed check,69.95,No
6339-TBELP,Indianola,MS,38751,29,Male,No,No,No,71,Yes,Yes,Fiber optic,No,No,Yes,Yes,No,No,Two year,Yes,Credit card (automatic),86.4,No
7964-YESJC,Blue Mountain,MS,38610,40,Female,No,Yes,No,24,Yes,Yes,DSL,Yes,Yes,Yes,No,No,No,Month-to-month,No,Mailed check,66.3,No
6173-GOLSU,Hamilton,MS,39746,43,Male,Yes,Yes,No,67,Yes,Yes,Fiber optic,No,No,No,No,Yes,Yes,Month-to-month,Yes,Credit card (automatic),94.65,No
9938-ZREHM,Ridgeland,MS,39157,34,Female,No,Yes,No,37,Yes,Yes,DSL,No,Yes,No,Yes,No,Yes,One year,No,Mailed check,72.1,No
7950-XWOVN,Walnut Grove,MS,39189,62,Male,No,No,No,11,No,No,DSL,No,Yes,Yes,No,No,No,Month-to-month,No,Mailed check,34.7,No
4647-MUZON,Diamondhead,MS,39525,37,Female,No,Yes,No,18,Yes,No,Fiber optic,No,No,Yes,No,Yes,Yes,Month-to-month,Yes,Credit card (automatic),95.95,No
9702-AIUJO,Smithdale,MS,39664,41,Male,No,Yes,Yes,50,Yes,No,DSL,No,No,No,No,No,No,One year,Yes,Bank transfer (automatic),44.8,No
8849-PRIQJ,Vancleave,MS,39565,51,Female,No,Yes,Yes,67,Yes,Yes,Fiber optic,Yes,No,Yes,Yes,Yes,Yes,One year,Yes,Electronic check,109.4,No
8851-RAGOV,Yazoo City,MS,39194,54,Female,No,Yes,No,25,Yes,No,DSL,Yes,Yes,No,Yes,No,Yes,Month-to-month,Yes,Mailed check,71.05,No
5396-IZEPB,Tylertown,MS,39667,53,Male,No,No,No,9,Yes,No,None,No,No,No,No,No,No,Month-to-month,No,Credit card (automatic),19.7,No
1729-VLAZJ,Jackson,MS,39213,61,Female,No,No,Yes,10,No,No,DSL,Yes,Yes,No,Yes,No,No,One year,No,Mailed check,40.25,No
8285-ABVLB,Vicksburg,MS,39180,21,Female,No,Yes,No,70,Yes,No,None,No,No,No,No,No,No,Two year,No,Credit card (automatic),19.85,No
0701-TJSEF,Jackson,MS,39202,21,Male,No,No,No,9,Yes,No,DSL,Yes,No,Yes,Yes,No,Yes,Month-to-month,Yes,Bank transfer (automatic),68.25,No
5712-VBOXD,Madison,MS,39110,57,Female,No,No,No,4,Yes,No,None,No,No,No,No,No,No,Month-to-month,Yes,Credit card (automatic),20.15,No
6629-LADHQ,Gulfport,MS,39507,39,Female,No,No,No,2,Yes,No,DSL,Yes,No,No,No,No,No,Month-to-month,No,Mailed check,50.95,No
1559-DTODC,Lucedale,MS,39452,58,Male,No,No,No,19,No,No,DSL,No,No,No,No,No,No,Month-to-month,Yes,Bank transfer (automatic),25.15,No
4797-MIWUM,Mississippi State,MS,39762,49,Male,No,Yes,Yes,7,Yes,No,None,No,No,No,No,No,No,Month-to-month,Yes,Bank transfer (automatic),20.25,No
8720-RQSBJ,Robinsonville,MS,38664,29,Male,Yes,No,No,1,Yes,No,DSL,No,No,No,No,No,No,Month-to-month,No,Electronic check,44,No
4537-CIBHB,Hickory Flat,MS,38633,64,Female,No,Yes,Yes,9,Yes,No,None,No,No,No,No,No,No,One year,No,Mailed check,20.25,No
4324-AHJKS,Coahoma,MS,38617,46,Female,No,No,No,5,Yes,No,DSL,Yes,No,Yes,No,No,No,Month-to-month,No,Credit card (automatic),55.8,No
4355-CVPVS,Harrisville,MS,39082,49,Female,No,Yes,Yes,56,Yes,No,Fiber optic,No,No,No,No,Yes,Yes,One year,No,Bank transfer (automatic),88.9,No
4495-LHSSK,Midnight,MS,39115,37,Female,No,No,Yes,18,Yes,Yes,DSL,Yes,No,No,No,No,No,Month-to-month,No,Mailed check,57.65,No
5915-ANOEI,Jackson,MS,39211,47,Male,No,Yes,No,70,Yes,Yes,DSL,Yes,Yes,Yes,Yes,Yes,No,Two year,No,Mailed check,79.15,No
9861-PDSZP,Conehatta,MS,39057,61,Female,No,No,No,72,Yes,Yes,Fiber optic,No,Yes,Yes,Yes,Yes,Yes,Two year,Yes,Credit card (automatic),108.05,No
7225-CBZPL,Burnsville,MS,38833,57,Male,Yes,Yes,No,17,Yes,Yes,Fiber optic,No,No,No,No,Yes,Yes,Month-to-month,Yes,Electronic check,94.8,No
6704-UTUKK,Coahoma,MS,38617,43,Male,No,Yes,No,29,No,No,DSL,No,No,No,No,Yes,Yes,Month-to-month,Yes,Electronic check,45.9,No
2019-HDCZY,Hattiesburg,MS,39402,43,Male,No,Yes,No,63,Yes,Yes,Fiber optic,No,No,Yes,No,Yes,Yes,Two year,No,Electronic check,102.6,No
8788-DOXSU,Cleveland,MS,38732,30,Male,No,No,No,59,Yes,No,DSL,No,No,Yes,No,No,Yes,One year,Yes,Bank transfer (automatic),61.35,No
7404-JLKQG,Hattiesburg,MS,39401,24,Female,No,No,No,3,Yes,No,DSL,No,No,Yes,No,Yes,No,Month-to-month,No,Electronic check,57.55,No
7421-ZLUPA,Gattman,MS,38844,53,Female,No,No,No,8,No,No,DSL,No,Yes,No,No,No,No,Month-to-month,Yes,Mailed check,29.25,No
3274-NSDWE,Fernwood,MS,39635,61,Female,No,No,No,68,Yes,No,None,No,No,No,No,No,No,Two year,No,Credit card (automatic),19.6,No
2632-IVXVF,Hickory,MS,39332,51,Female,No,Yes,Yes,68,Yes,Yes,Fiber optic,Yes,No,Yes,Yes,Yes,Yes,Two year,No,Credit card (automatic),111.75,No
3692-JHONH,Stewart,MS,39767,22,Female,Yes,Yes,No,52,Yes,Yes,Fiber optic,No,Yes,Yes,No,Yes,Yes,One year,Yes,Electronic check,106.5,No
8915-NNTRC,Belden,MS,38826,46,Male,No,Yes,Yes,72,Yes,Yes,Fiber optic,Yes,Yes,No,Yes,Yes,Yes,Two year,Yes,Credit card (automatic),107.7,No
5914-GXMDA,Amory,MS,38821,46,Female,No,Yes,No,32,Yes,No,None,No,No,No,No,No,No,One year,No,Mailed check,19.3,No
7463-IFMQU,Lawrence,MS,39336,19,Female,No,Yes,No,72,Yes,No,None,No,No,No,No,No,No,Two year,No,Bank transfer (automatic),20.05,No
2920-RNCEZ,Rena Lara,MS,38767,34,Male,No,Yes,Yes,1,Yes,No,Fiber optic,No,No,No,No,No,No,Month-to-month,Yes,Credit card (automatic),69.95,No
2541-YGPKE,Waynesboro,MS,39367,45,Male,No,Yes,Yes,42,Yes,No,DSL,Yes,No,No,Yes,No,Yes,One year,No,Credit card (automatic),63.7,No
5382-TEMLV,Laurel,MS,39440,53,Male,No,No,No,45,Yes,No,DSL,Yes,No,No,No,No,No,Month-to-month,Yes,Bank transfer (automatic),50.9,No
3441-CGZJH,Moss Point,MS,39563,49,Female,No,Yes,Yes,43,No,No,DSL,Yes,No,Yes,Yes,Yes,Yes,One year,Yes,Credit card (automatic),60.4,No
9592-ERDKV,Moorhead,MS,38761,33,Male,No,Yes,No,37,Yes,Yes,DSL,Yes,No,Yes,No,Yes,Yes,One year,No,Mailed check,79.25,No
4778-IZARL,Mc Call Creek,MS,39647,55,Male,No,Yes,No,63,Yes,No,Fiber optic,Yes,Yes,Yes,Yes,Yes,Yes,Two year,Yes,Credit card (automatic),110.1,No
0432-CAJZV,Jackson,MS,39201,43,Male,No,No,No,3,Yes,No,Fiber optic,No,No,No,No,Yes,Yes,Month-to-month,No,Mailed check,90.7,No
7008-LZVOZ,Carson,MS,39427,45,Male,No,Yes,Yes,66,Yes,Yes,None,No,No,No,No,No,No,Two year,Yes,Credit card (automatic),25.3,No
1200-TUZHR,Chunky,MS,39323,61,Female,Yes,No,No,8,Yes,Yes,Fiber optic,No,No,No,No,No,Yes,Month-to-month,No,Electronic check,85.2,No
9365-CSLBQ,Verona,MS,38879,29,Male,No,No,Yes,71,Yes,Yes,None,No,No,No,No,No,No,Two year,No,Mailed check,24.35,No
5884-FBCTL,Bogue Chitto,MS,39629,20,Female,No,Yes,Yes,72,Yes,Yes,None,No,No,No,No,No,No,Two year,No,Bank transfer (automatic),25.1,No
7130-CTCUS,Coahoma,MS,38617,28,Male,Yes,Yes,No,16,Yes,No,DSL,Yes,Yes,No,No,No,No,Month-to-month,Yes,Bank transfer (automatic),54.55,No
6242-FEGFD,Homestead,MT,59242,44,Male,No,Yes,No,66,Yes,Yes,Fiber optic,Yes,Yes,Yes,Yes,No,No,Two year,No,Mailed check,96.6,No
6194-HBGQN,Silver Gate,MT,59081,51,Male,No,No,No,51,Yes,Yes,DSL,Yes,Yes,Yes,Yes,Yes,No,One year,Yes,Credit card (automatic),81.15,No
7634-WSWDB,Nashua,MT,59248,24,Female,No,No,Yes,8,No,No,DSL,Yes,No,No,No,No,Yes,Month-to-month,Yes,Electronic check,38.5,No
6986-IXNDM,Saint Marie,MT,59231,33,Male,No,No,No,14,Yes,No,Fiber optic,No,No,No,No,Yes,Yes,Month-to-month,Yes,Electronic check,92.9,No
2987-BJXIK,Glen,MT,59732,48,Female,No,No,No,70,Yes,Yes,DSL,Yes,Yes,Yes,No,Yes,Yes,Two year,No,Mailed check,84.7,No
9769-TSBZE,Medicine Lake,MT,59247,64,Female,No,No,Yes,70,Yes,Yes,DSL,Yes,Yes,No,Yes,No,No,Two year,No,Electronic check,66,No
1395-WSWXR,Olive,MT,59343,34,Male,No,No,No,24,Yes,No,None,No,No,No,No,No,No,Two year,No,Mailed check,20.75,No
6023-GSSXW,Alberton,MT,59820,48,Female,No,Yes,No,69,Yes,No,DSL,No,Yes,No,No,No,Yes,Two year,Yes,Credit card (automatic),61.45,No
6752-APNJL,Arlee,MT,59821,33,Male,No,Yes,Yes,42,Yes,No,DSL,Yes,Yes,No,No,No,No,Month-to-month,No,Mailed check,54.5,No
0420-HLGXF,Hilger,MT,59451,31,Female,Yes,No,No,39,Yes,Yes,Fiber optic,No,No,Yes,No,Yes,Yes,Month-to-month,Yes,Electronic check,99.75,No
7446-KQISO,Babb,MT,59411,56,Male,No,Yes,Yes,45,Yes,Yes,Fiber optic,No,Yes,Yes,Yes,Yes,Yes,Two year,Yes,Bank transfer (automatic),109.75,No
9823-EALYC,Garryowen,MT,59031,53,Male,No,Yes,Yes,72,Yes,Yes,DSL,Yes,Yes,Yes,Yes,Yes,No,Two year,Yes,Bank transfer (automatic),80.85,No
0582-AVCLN,Reed Point,MT,59069,63,Female,No,No,No,38,Yes,No,None,No,No,No,No,No,No,Two year,No,Mailed check,20.3,No
5803-NQJZO,Shelby,MT,59474,57,Male,No,Yes,No,72,Yes,Yes,DSL,Yes,Yes,Yes,Yes,No,No,Two year,Yes,Bank transfer (automatic),67.8,No
2607-DHDAK,Wolf Creek,MT,59648,53,Male,No,Yes,Yes,72,Yes,No,None,No,No,No,No,No,No,Two year,Yes,Credit card (automatic),19.8,No
1073-XXCZD,Winnett,MT,59087,33,Male,No,Yes,No,55,Yes,Yes,None,No,No,No,No,No,No,Two year,No,Bank transfer (automatic),25.7,No
0743-HRVFF,Plains,MT,59859,63,Female,No,Yes,Yes,51,No,No,DSL,No,No,Yes,Yes,Yes,Yes,One year,Yes,Electronic check,56.15,No
4006-HKYHO,Wyola,MT,59089,22,Male,No,No,No,63,Yes,No,DSL,Yes,Yes,Yes,Yes,Yes,Yes,Two year,Yes,Bank transfer (automatic),86.7,No
3727-JEZTU,Fromberg,MT,59029,63,Female,No,No,No,1,Yes,No,None,No,No,No,No,No,No,Month-to-month,No,Mailed check,20.4,No
8143-ETQTI,Brockton,MT,59213,57,Female,No,Yes,Yes,23,Yes,No,None,No,No,No,No,No,No,Two year,Yes,Mailed check,19.65,No
9667-TKTVZ,Butte,MT,59750,62,Female,No,No,No,2,Yes,Yes,DSL,No,No,No,Yes,No,No,Month-to-month,Yes,Mailed check,54.35,No
3657-COGMW,Marysville,MT,59640,59,Female,Yes,No,No,52,Yes,Yes,Fiber optic,Yes,Yes,Yes,No,Yes,Yes,Month-to-month,No,Credit card (automatic),108.1,No
8570-KLJYJ,Noxon,MT,59853,42,Female,No,No,No,36,Yes,Yes,DSL,Yes,No,No,No,No,No,One year,No,Mailed check,54.45,No
7754-IXRMC,Ronan,MT,59864,47,Female,No,No,No,1,Yes,No,DSL,No,No,No,No,No,No,Month-to-month,No,Mailed check,45.35,No
9473-CBZOP,Belt,MT,59412,47,Female,No,No,No,28,Yes,Yes,DSL,Yes,No,Yes,No,No,No,One year,No,Mailed check,59,No
2969-WGHQO,Homestead,MT,59242,23,Female,No,Yes,Yes,7,Yes,No,DSL,Yes,Yes,Yes,No,Yes,No,One year,No,Electronic check,69.45,No
4334-HOWRP,Billings,MT,59105,40,Male,Yes,Yes,No,72,No,No,DSL,Yes,Yes,Yes,Yes,Yes,Yes,Two year,Yes,Credit card (automatic),64.95,No
5863-OOKCL,Fishtail,MT,59028,43,Female,No,No,No,10,Yes,No,None,No,No,No,No,No,No,Month-to-month,No,Mailed check,18.85,No
1686-STUHN,Gardiner,MT,59030,48,Male,No,No,No,42,Yes,No,None,No,No,No,No,No,No,One year,No,Bank transfer (automatic),19.8,No
1329-VHWNP,Three Forks,MT,59752,53,Female,No,No,No,7,No,No,DSL,No,No,No,No,No,No,Month-to-month,No,Bank transfer (automatic),25.05,No
0266-GMEAO,Flaxville,MT,59222,37,Male,No,Yes,Yes,72,Yes,Yes,Fiber optic,Yes,Yes,Yes,Yes,Yes,Yes,Two year,Yes,Credit card (automatic),114.3,No
5574-NXZIU,Power,MT,59468,27,Male,No,No,No,63,Yes,No,Fiber optic,Yes,Yes,Yes,Yes,Yes,Yes,Two year,No,Credit card (automatic),109.2,No
0019-GFNTW,Buffalo,MT,59418,41,Female,No,No,No,56,No,No,DSL,Yes,Yes,Yes,Yes,No,No,Two year,No,Bank transfer (automatic),45.05,No
4256-ZWTZI,Medicine Lake,MT,59247,33,Female,No,No,Yes,5,Yes,No,DSL,No,No,No,Yes,No,No,Month-to-month,Yes,Mailed check,51,No
8309-PPCED,Carter,MT,59420,55,Female,No,Yes,No,72,Yes,Yes,Fiber optic,No,Yes,Yes,Yes,Yes,Yes,Two year,Yes,Bank transfer (automatic),110.45,No
4098-NAUKP,Hays,MT,59527,22,Male,Yes,Yes,Yes,68,Yes,Yes,Fiber optic,No,Yes,Yes,No,No,No,Month-to-month,Yes,Electronic check,84.65,No
5196-WPYOW,Jefferson City,MT,59638,23,Male,No,Yes,Yes,67,Yes,No,DSL,Yes,Yes,No,Yes,No,No,One year,No,Mailed check,60.05,No
4608-LCIMN,Silver Star,MT,59751,30,Male,No,Yes,Yes,8,Yes,No,DSL,No,No,No,No,No,No,Month-to-month,No,Bank transfer (automatic),44.65,No
1485-YDHMM,Springdale,MT,59082,61,Male,No,Yes,Yes,52,Yes,Yes,Fiber optic,No,Yes,No,Yes,No,Yes,Month-to-month,Yes,Bank transfer (automatic),93.25,No
4054-CUMIA,Thompson Falls,MT,59873,27,Female,No,Yes,Yes,18,Yes,No,None,No,No,No,No,No,No,Month-to-month,Yes,Mailed check,20.25,No
0603-TPMIB,Great Falls,MT,59401,30,Female,No,Yes,Yes,59,Yes,Yes,None,No,No,No,No,No,No,Two year,No,Mailed check,25.45,No
2525-GVKQU,Sunburst,MT,59482,43,Female,No,No,No,60,Yes,No,None,No,No,No,No,No,No,Two year,No,Mailed check,20.6,No
8161-QYMTT,Kinsey,MT,59338,26,Male,No,No,No,7,Yes,Yes,Fiber optic,No,No,No,No,Yes,Yes,Month-to-month,Yes,Electronic check,94.1,No
9581-GVBXT,Libby,MT,59923,32,Male,No,Yes,Yes,59,No,No,DSL,Yes,No,Yes,No,No,No,One year,No,Mailed check,34.8,No
5862-BRIXZ,Power,MT,59468,55,Male,No,No,No,46,No,No,DSL,Yes,No,Yes,Yes,Yes,Yes,Two year,Yes,Bank transfer (automatic),60.75,No
5404-GGUKR,Redstone,MT,59257,22,Male,No,No,No,5,Yes,No,DSL,No,Yes,No,No,No,No,Month-to-month,Yes,Electronic check,51.35,No
3308-JSGML,Ovando,MT,59854,48,Male,Yes,Yes,No,59,No,No,DSL,Yes,No,Yes,Yes,Yes,Yes,Two year,Yes,Credit card (automatic),64.05,No
2126-GSEGL,Dodson,MT,59524,19,Female,No,Yes,No,70,Yes,Yes,DSL,No,Yes,Yes,Yes,Yes,Yes,Two year,Yes,Bank transfer (automatic),84.8,No
0440-QEXBZ,Decker,MT,59025,57,Female,No,No,No,44,Yes,Yes,DSL,No,No,No,No,No,No,Month-to-month,Yes,Mailed check,50.15,No
2434-EEVDB,Peerless,MT,59253,27,Female,No,Yes,No,64,Yes,Yes,Fiber optic,Yes,No,Yes,No,Yes,No,Two year,Yes,Credit card (automatic),94.6,No
6762-QVYJO,Ballantine,MT,59006,21,Female,No,Yes,Yes,58,No,No,DSL,Yes,No,Yes,Yes,Yes,Yes,Two year,No,Mailed check,59.75,No
6199-IWKGC,Ekalaka,MT,59324,30,Female,Yes,Yes,No,46,Yes,Yes,Fiber optic,No,No,No,Yes,Yes,Yes,One year,No,Electronic check,100.25,No
2675-DHUTR,Gold Creek,MT,59733,45,Male,Yes,Yes,No,58,Yes,Yes,Fiber optic,No,Yes,No,No,Yes,Yes,Month-to-month,Yes,Electronic check,98.9,No
8152-VETUR,Reserve,MT,59258,51,Female,No,Yes,No,72,Yes,Yes,Fiber optic,No,Yes,No,No,Yes,Yes,Two year,Yes,Credit card (automatic),97.7,No
7446-YPODE,Winnett,MT,59087,51,Male,Yes,No,No,11,Yes,Yes,DSL,Yes,Yes,No,No,No,No,Month-to-month,No,Bank transfer (automatic),60.25,No
9522-BNTHX,Red Lodge,MT,59068,31,Female,Yes,No,No,34,No,No,DSL,No,Yes,Yes,No,Yes,Yes,Month-to-month,Yes,Electronic check,56.25,No
4676-WLUHT,Laurel,MT,59044,39,Male,No,No,No,54,No,No,DSL,Yes,Yes,No,No,No,Yes,Two year,No,Bank transfer (automatic),46.2,No
7980-MHFLQ,Sheridan,MT,59749,40,Female,No,Yes,Yes,72,Yes,Yes,None,No,No,No,No,No,No,Two year,No,Mailed check,24.9,No
0757-WCUUZ,Olney,MT,59927,34,Male,No,Yes,Yes,54,Yes,Yes,DSL,No,No,Yes,No,No,Yes,Two year,No,Credit card (automatic),63.35,No
1629-DQQVB,Lindsay,MT,59339,19,Female,No,No,No,14,Yes,No,DSL,Yes,No,No,No,No,No,Month-to-month,No,Bank transfer (automatic),50.1,No
0374-AACSZ,Colstrip,MT,59323,20,Female,No,No,No,1,Yes,No,DSL,Yes,No,No,No,No,No,Month-to-month,No,Electronic check,50.15,No
4872-VXRIL,Peerless,MT,59253,21,Male,No,No,No,56,Yes,Yes,DSL,Yes,Yes,No,Yes,No,No,One year,Yes,Bank transfer (automatic),64.65,No
9140-CZQZZ,Alberton,MT,59820,29,Female,No,Yes,No,68,Yes,No,DSL,Yes,Yes,No,Yes,Yes,Yes,Two year,Yes,Bank transfer (automatic),79.6,No
3423-HHXAO,Drummond,MT,59832,28,Female,No,Yes,Yes,14,Yes,No,None,No,No,No,No,No,No,One year,Yes,Mailed check,19.5,No
9938-TKDGL,Bozeman,MT,59718,22,Male,No,Yes,Yes,68,Yes,No,Fiber optic,Yes,No,No,Yes,Yes,Yes,Two year,Yes,Electronic check,99.55,No
0531-ZZJWQ,Scobey,MT,59263,28,Male,Yes,Yes,No,55,Yes,Yes,Fiber optic,No,No,No,No,No,No,Month-to-month,Yes,Electronic check,74,No
6537-QLGEX,Great Falls,MT,59404,46,Female,No,No,No,16,No,No,DSL,Yes,No,No,No,Yes,No,Month-to-month,Yes,Electronic check,38.9,No
2688-BHGOG,Butte,MT,59703,20,Male,Yes,No,No,9,Yes,No,Fiber optic,No,No,No,No,No,Yes,Month-to-month,Yes,Electronic check,79.55,No
3160-TYXLT,Willow Creek,MT,59760,44,Male,No,No,No,53,No,No,DSL,Yes,Yes,No,No,No,Yes,Month-to-month,Yes,Bank transfer (automatic),46.3,No
1325-USMEC,Laurel,MT,59044,25,Male,No,Yes,No,70,Yes,Yes,Fiber optic,Yes,Yes,Yes,No,Yes,No,Two year,Yes,Credit card (automatic),99.35,No
0916-QOFDP,Darby,MT,59829,35,Female,Yes,Yes,Yes,14,Yes,Yes,Fiber optic,No,No,No,No,Yes,Yes,Month-to-month,Yes,Electronic check,95.8,No
5606-AMZBO,Nye,MT,59061,24,Female,No,Yes,No,10,Yes,Yes,Fiber optic,Yes,No,No,No,No,No,Month-to-month,Yes,Credit card (automatic),78.15,No
6199-IPCAO,Baker,MT,59313,33,Female,No,Yes,Yes,29,Yes,Yes,None,No,No,No,No,No,No,Two year,No,Mailed check,26.1,No
5640-CAXOA,Fort Shaw,MT,59443,24,Female,No,No,No,30,No,No,DSL,No,No,No,Yes,No,Yes,One year,Yes,Credit card (automatic),40.35,No
2235-EZAIK,Belfry,MT,59008,41,Female,No,Yes,No,72,Yes,Yes,DSL,Yes,Yes,Yes,Yes,Yes,No,Two year,No,Credit card (automatic),79.2,No
3847-BAERP,Roy,MT,59471,57,Female,No,No,No,10,Yes,No,None,No,No,No,No,No,No,Month-to-month,Yes,Mailed check,20.9,No
1453-RZFON,Billings,MT,59106,58,Female,No,No,Yes,1,Yes,No,DSL,Yes,No,No,No,No,No,Month-to-month,No,Mailed check,49.9,No
8263-OKETD,Harlem,MT,59526,50,Female,No,No,No,20,Yes,Yes,DSL,No,Yes,No,Yes,No,Yes,Month-to-month,Yes,Credit card (automatic),68.9,No
0670-KDOMA,Somers,MT,59932,52,Female,No,No,No,1,Yes,No,None,No,No,No,No,No,No,Month-to-month,Yes,Mailed check,20.25,No
2476-YGEFM,Missoula,MT,59804,45,Female,No,No,No,29,Yes,Yes,Fiber optic,No,No,No,No,No,No,Month-to-month,Yes,Credit card (automatic),76,No
8687-BAFGU,Haugan,MT,59842,47,Male,No,No,No,1,Yes,No,Fiber optic,No,No,No,Yes,No,No,Month-to-month,No,Electronic check,74,No
0641-EVBOJ,Pray,MT,59065,21,Male,No,No,No,3,Yes,No,Fiber optic,Yes,No,No,Yes,No,No,Month-to-month,Yes,Mailed check,82.3,No
0829-XXPLX,Missoula,MT,59803,21,Female,No,No,No,20,Yes,No,Fiber optic,Yes,No,Yes,No,Yes,No,Month-to-month,Yes,Bank transfer (automatic),89.4,No
9974-JFBHQ,Lindsay,MT,59339,47,Male,No,No,Yes,64,Yes,No,Fiber optic,No,Yes,No,Yes,Yes,Yes,Month-to-month,Yes,Credit card (automatic),99.15,No
6624-JDRDS,Sweet Grass,MT,59484,56,Female,No,No,No,6,No,No,DSL,Yes,No,No,No,No,No,Month-to-month,No,Bank transfer (automatic),29.45,No
0608-JDVEC,Ulm,MT,59485,57,Male,No,Yes,No,50,Yes,No,None,No,No,No,No,No,No,Two year,No,Electronic check,19.8,No
9780-FKVVF,Bigfork,MT,59911,40,Male,No,No,No,6,Yes,No,DSL,Yes,No,No,No,No,Yes,Month-to-month,Yes,Bank transfer (automatic),59.15,No
1919-RTPQD,Dell,MT,59724,41,Male,No,Yes,Yes,7,Yes,No,DSL,No,No,No,No,No,No,Month-to-month,No,Electronic check,44.75,No
5214-NLTIT,Laurel,MT,59044,36,Male,No,Yes,Yes,72,Yes,Yes,Fiber optic,No,No,Yes,No,No,Yes,Two year,Yes,Credit card (automatic),90.8,No
3345-PBBFH,Frenchtown,MT,59834,28,Male,No,Yes,No,8,Yes,No,DSL,No,Yes,No,No,No,No,Month-to-month,Yes,Bank transfer (automatic),49.55,No
5055-BRMNE,Noxon,MT,59853,36,Female,No,Yes,Yes,67,Yes,Yes,Fiber optic,Yes,No,No,Yes,Yes,Yes,Two year,No,Credit card (automatic),106.7,No
2190-PHBHR,Galata,MT,59444,23,Female,No,Yes,No,72,Yes,Yes,Fiber optic,Yes,Yes,No,No,No,Yes,Two year,Yes,Credit card (automatic),94.45,No
2650-GYRYL,Saint Marie,MT,59231,58,Male,No,Yes,Yes,33,Yes,No,None,No,No,No,No,No,No,One year,Yes,Bank transfer (automatic),19.45,No
5208-FVQKB,Harlowton,MT,59036,50,Male,No,Yes,No,70,Yes,No,DSL,Yes,Yes,No,Yes,No,Yes,Two year,No,Mailed check,67.95,No
7184-LRUUR,Glentana,MT,59240,22,Female,No,No,No,22,Yes,No,DSL,No,Yes,Yes,No,Yes,No,One year,No,Bank transfer (automatic),65.25,No
6627-CFOSN,Noxon,MT,59853,48,Female,No,No,No,59,Yes,Yes,Fiber optic,Yes,Yes,Yes,No,No,Yes,Month-to-month,Yes,Bank transfer (automatic),99.45,No
3982-JGSFD,Parkton,NC,28371,49,Male,No,No,No,36,Yes,No,None,No,No,No,No,No,No,One year,Yes,Credit card (automatic),20.35,No
1574-DYCWE,Lexington,NC,27292,54,Female,No,Yes,Yes,51,Yes,No,None,No,No,No,No,No,No,Two year,No,Mailed check,19.95,No
7247-XOZPB,Aulander,NC,27805,47,Male,No,Yes,No,53,Yes,Yes,DSL,Yes,No,Yes,Yes,Yes,No,One year,No,Bank transfer (automatic),77.4,No
2466-FCCPT,Greensboro,NC,27410,60,Female,No,Yes,Yes,20,Yes,No,None,No,No,No,No,No,No,One year,No,Bank transfer (automatic),19.7,No
6211-WWLTF,Fayetteville,NC,28301,22,Male,No,Yes,No,63,Yes,No,Fiber optic,Yes,No,Yes,No,Yes,Yes,Two year,No,Credit card (automatic),99.7,No
4826-TZEVA,Garysburg,NC,27831,21,Female,No,No,No,40,Yes,No,Fiber optic,No,Yes,No,No,No,No,Month-to-month,No,Credit card (automatic),74.8,No
6016-NXBNJ,Semora,NC,27343,39,Male,No,No,No,35,Yes,No,None,No,No,No,No,No,No,One year,Yes,Mailed check,19.15,No
9138-EFSMO,New Bern,NC,28560,20,Male,No,Yes,Yes,26,Yes,No,Fiber optic,No,No,No,No,No,Yes,One year,No,Bank transfer (automatic),78.95,No
4632-XJMEX,Winston Salem,NC,27103,43,Male,No,No,Yes,53,Yes,No,DSL,Yes,Yes,No,Yes,No,No,One year,No,Credit card (automatic),62.85,No
8910-LEDAG,Pope Army Airfield,NC,28308,27,Male,Yes,Yes,No,34,Yes,No,Fiber optic,No,No,No,No,No,No,Month-to-month,No,Credit card (automatic),71.55,No
3452-GWUIN,Greensboro,NC,27403,23,Female,Yes,Yes,No,19,Yes,Yes,Fiber optic,No,No,No,No,Yes,Yes,Month-to-month,Yes,Electronic check,94.95,No
2716-GFZOR,Lumberton,NC,28360,42,Male,No,Yes,No,43,Yes,No,Fiber optic,Yes,Yes,Yes,No,No,No,Month-to-month,Yes,Credit card (automatic),86.1,No
3724-UCSHY,Engelhard,NC,27824,59,Male,No,Yes,Yes,6,Yes,No,None,No,No,No,No,No,No,Month-to-month,No,Mailed check,19.55,No
8626-XHBIE,Corolla,NC,27927,25,Male,No,No,Yes,56,Yes,Yes,None,No,No,No,No,No,No,Two year,Yes,Mailed check,24.8,No
3192-LNKRK,Caroleen,NC,28019,48,Male,No,Yes,Yes,34,Yes,No,Fiber optic,No,No,Yes,No,Yes,No,Month-to-month,Yes,Mailed check,84.05,No
4439-YRNVD,Ayden,NC,28513,53,Female,No,No,No,10,No,No,DSL,No,Yes,No,Yes,No,No,Month-to-month,No,Electronic check,36.25,No
2208-UGTGR,Newton,NC,28658,51,Male,No,No,No,56,Yes,Yes,Fiber optic,No,Yes,No,No,Yes,Yes,Month-to-month,No,Electronic check,98.6,No
3005-TYFRD,Roaring River,NC,28669,60,Female,No,Yes,No,55,Yes,Yes,Fiber optic,No,Yes,Yes,No,Yes,Yes,Month-to-month,Yes,Credit card (automatic),103.65,No
8670-MEFCP,Jackson,NC,27845,47,Female,No,Yes,Yes,36,Yes,Yes,DSL,Yes,Yes,Yes,Yes,Yes,Yes,Two year,Yes,Credit card (automatic),92.9,No
3079-BCHLN,Greensboro,NC,27405,56,Male,No,Yes,No,47,Yes,No,None,No,No,No,No,No,No,One year,No,Bank transfer (automatic),19.9,No
7777-UNYHB,Sims,NC,27880,62,Female,No,Yes,Yes,12,Yes,No,None,No,No,No,No,No,No,Month-to-month,Yes,Credit card (automatic),20.1,No
7278-CKDNC,Littleton,NC,27850,49,Male,Yes,No,No,24,Yes,Yes,Fiber optic,No,Yes,No,No,No,No,Month-to-month,Yes,Electronic check,80.5,No
8450-UYIBU,Fountain,NC,27829,60,Female,Yes,No,No,35,No,No,DSL,No,No,Yes,No,Yes,No,Month-to-month,Yes,Electronic check,39.85,No
2969-VAPYH,Raleigh,NC,27614,19,Female,No,No,No,67,Yes,No,DSL,Yes,Yes,No,Yes,No,No,One year,No,Credit card (automatic),60.5,No
7181-OQCUT,Walnut Cove,NC,27052,37,Male,No,No,No,21,Yes,Yes,Fiber optic,Yes,No,Yes,No,Yes,Yes,Month-to-month,No,Mailed check,103.85,No
8474-UMLNT,Albemarle,NC,28001,41,Female,No,No,No,13,Yes,No,DSL,Yes,Yes,No,Yes,No,Yes,Month-to-month,No,Bank transfer (automatic),67.8,No
3836-FZSDJ,Glendale Springs,NC,28629,42,Male,Yes,Yes,No,71,Yes,Yes,None,No,No,No,No,No,No,Two year,No,Bank transfer (automatic),24.85,No
9142-XMYJH,Henrietta,NC,28076,32,Female,No,No,No,29,Yes,No,None,No,No,No,No,No,No,Month-to-month,No,Credit card (automatic),19.35,No
0187-QSXOE,Snow Hill,NC,28580,34,Male,Yes,Yes,No,7,Yes,No,Fiber optic,No,No,No,No,Yes,Yes,Month-to-month,Yes,Electronic check,89,No
7733-UDMTP,Raleigh,NC,27608,32,Female,Yes,No,No,57,No,No,DSL,No,Yes,Yes,No,Yes,Yes,Month-to-month,Yes,Electronic check,55,No
2649-HWLYB,Waves,NC,27982,58,Male,No,Yes,No,65,Yes,Yes,DSL,Yes,No,Yes,Yes,No,Yes,Two year,No,Bank transfer (automatic),76.15,No
5214-CHIWJ,Macclesfield,NC,27852,42,Male,No,No,No,27,Yes,No,None,No,No,No,No,No,No,One year,No,Mailed check,20.3,No
6904-JLBGY,Bryson City,NC,28713,61,Female,Yes,No,No,72,Yes,Yes,Fiber optic,Yes,Yes,Yes,Yes,Yes,Yes,Two year,Yes,Credit card (automatic),117.35,No
2465-BLLEU,Rutherford College,NC,28671,39,Male,No,No,No,1,Yes,No,None,No,No,No,No,No,No,Month-to-month,Yes,Mailed check,19.75,No
1685-VAYJF,Pollocksville,NC,28573,60,Male,No,No,No,11,Yes,No,DSL,No,No,No,No,No,No,Month-to-month,No,Credit card (automatic),45.2,No
8874-EJNSR,Rowland,NC,28383,19,Male,No,Yes,Yes,39,Yes,Yes,None,No,No,No,No,No,No,Two year,No,Mailed check,25.2,No
6917-YACBP,Camp Lejeune,NC,28547,19,Female,Yes,No,No,59,Yes,Yes,Fiber optic,Yes,Yes,Yes,No,No,No,Month-to-month,Yes,Electronic check,89.75,No
5049-MUBWG,Merry Hill,NC,27957,31,Male,No,No,No,26,Yes,No,DSL,Yes,No,No,Yes,Yes,Yes,One year,No,Bank transfer (automatic),75,No
4223-WOZCM,Stanley,NC,28164,62,Male,Yes,No,No,2,Yes,No,DSL,No,No,Yes,No,No,No,Month-to-month,No,Mailed check,49.95,No
0769-MURVM,Nashville,NC,27856,32,Female,No,Yes,Yes,72,No,No,DSL,Yes,Yes,Yes,Yes,Yes,Yes,Two year,No,Bank transfer (automatic),65.7,No
9253-VIFJQ,Deep Gap,NC,28618,40,Male,No,Yes,No,65,Yes,Yes,DSL,Yes,Yes,Yes,No,No,No,One year,No,Credit card (automatic),67.05,No
7030-FZTFM,Timberlake,NC,27583,26,Male,No,Yes,Yes,72,Yes,Yes,Fiber optic,No,Yes,Yes,Yes,Yes,Yes,Two year,No,Credit card (automatic),110.9,No
9741-YLNTD,Raleigh,NC,27616,47,Male,No,No,No,6,Yes,Yes,Fiber optic,No,No,No,Yes,No,Yes,Month-to-month,Yes,Bank transfer (automatic),87.95,No
5917-RYRMG,Lakeview,NC,28350,60,Male,Yes,No,No,32,Yes,No,None,No,No,No,No,No,No,One year,No,Credit card (automatic),19.8,No
5120-ZBLAI,Midland,NC,28107,33,Female,No,Yes,No,50,Yes,Yes,DSL,No,No,Yes,No,Yes,Yes,One year,No,Bank transfer (automatic),75.7,No
1194-BHJYC,High Point,NC,27263,38,Male,No,Yes,No,61,No,No,DSL,Yes,No,Yes,Yes,Yes,Yes,Two year,Yes,Mailed check,62.15,No
0906-QVPMS,Alexander,NC,28701,20,Male,No,Yes,No,72,Yes,Yes,Fiber optic,Yes,Yes,Yes,Yes,Yes,Yes,Two year,No,Bank transfer (automatic),115.15,No
1905-OEILC,Hendersonville,NC,28792,59,Female,No,No,No,1,Yes,No,None,No,No,No,No,No,No,Month-to-month,No,Mailed check,19.5,No
7858-GTZSP,Lake Waccamaw,NC,28450,28,Female,No,No,No,12,Yes,Yes,Fiber optic,No,No,No,No,No,Yes,Month-to-month,Yes,Electronic check,86.55,No
6248-BSHKG,Raleigh,NC,27606,45,Male,No,Yes,Yes,61,Yes,No,None,No,No,No,No,No,No,One year,No,Mailed check,20.4,No
4685-TFLLS,Spring Hope,NC,27882,36,Male,No,Yes,Yes,18,Yes,No,None,No,No,No,No,No,No,One year,No,Bank transfer (automatic),19.8,No
3470-BTGQO,Lansing,NC,28643,20,Male,No,No,Yes,21,Yes,No,DSL,No,No,No,No,No,No,Month-to-month,No,Mailed check,45.65,No
1209-VFFOC,Durham,NC,27701,34,Male,No,Yes,Yes,68,No,No,DSL,Yes,Yes,Yes,Yes,No,Yes,Two year,Yes,Mailed check,56.4,No
8224-DWCKX,Plymouth,NC,27962,30,Male,Yes,No,No,12,Yes,Yes,Fiber optic,No,No,No,No,No,No,Month-to-month,Yes,Credit card (automatic),73.3,No
4553-DVPZG,Troy,NC,27371,33,Female,No,Yes,No,62,Yes,Yes,Fiber optic,No,No,Yes,No,Yes,Yes,Month-to-month,Yes,Electronic check,101.35,No
6917-IAYHD,Butner,NC,27509,45,Male,No,No,Yes,1,No,No,DSL,No,Yes,No,Yes,No,No,Month-to-month,No,Mailed check,33.6,No
8620-RJPZN,Gibson,NC,28343,29,Female,No,No,No,1,Yes,No,None,No,No,No,No,No,No,Month-to-month,No,Electronic check,20.7,No
7572-KPVKK,Holly Ridge,NC,28445,53,Male,No,No,Yes,62,Yes,Yes,Fiber optic,No,No,Yes,Yes,Yes,Yes,Two year,Yes,Electronic check,104.05,No
2642-MAWLJ,Concord,NC,28025,40,Female,No,Yes,Yes,36,Yes,No,None,No,No,No,No,No,No,Two year,No,Bank transfer (automatic),20.25,No
7103-ZGVNT,Hurdle Mills,NC,27541,50,Female,No,Yes,Yes,69,Yes,Yes,DSL,Yes,Yes,No,Yes,Yes,No,One year,No,Credit card (automatic),73.7,No
2027-WKXMW,Emerald Isle,NC,28594,63,Female,No,Yes,No,63,Yes,Yes,Fiber optic,No,Yes,Yes,Yes,Yes,Yes,Month-to-month,Yes,Electronic check,108.75,No
7137-NAXML,Salemburg,NC,28385,37,Male,No,No,No,23,Yes,No,None,No,No,No,No,No,No,One year,No,Bank transfer (automatic),20.15,No
2428-ZMCTB,Durham,NC,27713,20,Male,No,No,No,10,Yes,No,None,No,No,No,No,No,No,Month-to-month,No,Credit card (automatic),19.75,No
2961-VNFKL,Gaston,NC,27832,49,Female,No,Yes,No,71,Yes,Yes,None,No,No,No,No,No,No,Two year,Yes,Credit card (automatic),25.95,No
1768-HNVGJ,Piney Creek,NC,28663,43,Female,Yes,No,No,45,Yes,Yes,DSL,Yes,No,No,Yes,No,Yes,Month-to-month,Yes,Electronic check,70.05,No
6963-KQYQB,Pleasant Garden,NC,27313,50,Female,No,Yes,Yes,70,Yes,Yes,None,No,No,No,No,No,No,Two year,No,Mailed check,24.05,No
5934-RMPOV,Rowland,NC,28383,24,Female,No,No,Yes,22,Yes,Yes,Fiber optic,No,No,No,No,No,Yes,Month-to-month,Yes,Electronic check,84.75,No
1207-BLKSA,Atlantic,NC,28511,28,Female,No,Yes,Yes,52,Yes,Yes,None,No,No,No,No,No,No,Two year,No,Mailed check,23.05,No
8316-BBQAY,Fontana Dam,NC,28733,24,Female,No,No,No,65,No,No,DSL,Yes,No,Yes,Yes,Yes,Yes,Two year,No,Credit card (automatic),59.95,No
1166-PQLGG,Hickory,NC,28601,40,Female,No,Yes,Yes,72,Yes,No,None,No,No,No,No,No,No,Two year,No,Bank transfer (automatic),19.55,No
3146-JTQHR,Todd,NC,28684,56,Male,No,Yes,No,10,Yes,No,None,No,No,No,No,No,No,One year,No,Bank transfer (automatic),19.6,No
4291-YZODP,Hassell,NC,27841,39,Female,No,No,Yes,7,Yes,No,None,No,No,No,No,No,No,One year,No,Mailed check,20.05,No
4395-PZMSN,Belews Creek,NC,27009,60,Male,Yes,No,No,5,Yes,No,Fiber optic,No,Yes,No,No,No,Yes,Month-to-month,Yes,Electronic check,85.55,No
6427-FEFIG,Gibson,NC,28343,20,Female,No,Yes,Yes,24,Yes,Yes,DSL,Yes,No,Yes,No,Yes,Yes,Two year,No,Credit card (automatic),78.6,No
0017-IUDMW,Coinjock,NC,27923,56,Female,No,Yes,Yes,72,Yes,Yes,Fiber optic,Yes,Yes,Yes,Yes,Yes,Yes,Two year,Yes,Credit card (automatic),116.8,No
8706-HRADD,Ash,NC,28420,59,Male,No,No,No,21,No,No,DSL,Yes,No,No,Yes,Yes,No,Month-to-month,Yes,Mailed check,43.55,No
9955-QOPOY,Stem,NC,27581,57,Male,No,Yes,No,69,No,No,DSL,No,Yes,Yes,Yes,Yes,Yes,One year,Yes,Credit card (automatic),60.8,No
4385-ZKVNW,Weaverville,NC,28787,36,Male,No,Yes,Yes,44,Yes,No,DSL,No,Yes,No,Yes,No,No,Month-to-month,Yes,Bank transfer (automatic),54.9,No
5446-DKWYW,Goldsboro,NC,27530,32,Female,Yes,Yes,Yes,61,Yes,Yes,DSL,No,No,Yes,No,Yes,No,One year,Yes,Electronic check,65.2,No
9031-ZVQPT,Morrisville,NC,27560,30,Male,No,Yes,No,72,Yes,Yes,Fiber optic,No,Yes,Yes,Yes,Yes,Yes,Two year,Yes,Electronic check,108.2,No
2990-IAJSV,Hayesville,NC,28904,48,Male,No,No,No,72,Yes,Yes,DSL,Yes,Yes,Yes,Yes,Yes,Yes,Two year,No,Bank transfer (automatic),92,No
8107-KNCIM,Raleigh,NC,27606,20,Male,Yes,Yes,No,14,Yes,Yes,Fiber optic,No,No,No,No,No,No,Month-to-month,Yes,Electronic check,75.1,No
9027-YFHQJ,Roanoke Rapids,NC,27870,55,Male,No,No,No,7,Yes,Yes,None,No,No,No,No,No,No,Month-to-month,Yes,Bank transfer (automatic),25.05,No
5176-LDKUH,Durham,NC,27705,43,Female,No,No,No,48,Yes,No,Fiber optic,No,Yes,No,No,No,No,One year,No,Electronic check,75.15,No
4644-OBGFZ,Dunn,NC,28334,53,Male,No,Yes,Yes,55,Yes,No,None,No,No,No,No,No,No,One year,No,Mailed check,19.5,No
7926-IJOOU,Laurel Springs,NC,28644,24,Male,No,No,No,1,Yes,No,None,No,No,No,No,No,No,Month-to-month,No,Credit card (automatic),19.3,No
6480-YAGIY,Weldon,NC,27890,48,Male,No,No,No,45,Yes,No,Fiber optic,Yes,Yes,Yes,Yes,Yes,Yes,One year,No,Credit card (automatic),112.2,No
4029-HPFVY,Dillsboro,NC,28725,32,Male,No,No,No,3,Yes,No,Fiber optic,No,No,No,No,No,No,Month-to-month,Yes,Mailed check,70.3,No
7602-DBTOU,Sunbury,NC,27979,27,Female,No,Yes,No,71,Yes,No,None,No,No,No,No,No,No,Two year,No,Mailed check,19.6,No
5345-BMKWB,Scaly Mountain,NC,28775,47,Male,No,Yes,No,8,Yes,No,None,No,No,No,No,No,No,Month-to-month,No,Mailed check,20.25,No
5457-COLHT,Greensboro,NC,27408,63,Male,No,Yes,Yes,69,Yes,No,DSL,Yes,Yes,No,Yes,Yes,Yes,Two year,No,Bank transfer (automatic),80.65,No
5451-YHYPW,Raleigh,NC,27617,28,Female,Yes,Yes,No,72,Yes,Yes,Fiber optic,Yes,Yes,Yes,Yes,Yes,Yes,Two year,Yes,Credit card (automatic),115.75,No
7998-WNZEM,Wilson,NC,27896,51,Male,No,No,No,71,Yes,Yes,DSL,Yes,Yes,Yes,Yes,No,Yes,Two year,No,Bank transfer (automatic),80.6,No
4664-NJCMS,Murfreesboro,NC,27855,44,Female,No,Yes,No,33,No,No,DSL,Yes,No,Yes,Yes,Yes,Yes,Two year,No,Bank transfer (automatic),59.55,No
0307-BCOPK,Hookerton,NC,28538,39,Female,No,No,No,16,Yes,No,None,No,No,No,No,No,No,One year,No,Mailed check,19.05,No
7629-WFGLW,Middleburg,NC,27556,24,Female,Yes,Yes,No,56,Yes,Yes,Fiber optic,Yes,Yes,Yes,Yes,No,No,One year,No,Electronic check,95.65,No
2542-HYGIQ,Fairview,NC,28730,33,Female,No,No,No,1,Yes,No,None,No,No,No,No,No,No,Month-to-month,No,Credit card (automatic),19.95,No
5016-LIPDW,Pink Hill,NC,28572,44,Male,No,Yes,Yes,57,Yes,No,None,No,No,No,No,No,No,One year,No,Mailed check,19.4,No
6481-LXPWL,Wilson,NC,27896,22,Male,No,Yes,Yes,56,No,No,DSL,No,Yes,Yes,No,No,No,One year,Yes,Credit card (automatic),36.1,No
6124-ACRHJ,Matthews,NC,28104,23,Female,No,No,No,1,Yes,No,None,No,No,No,No,No,No,Month-to-month,No,Mailed check,19.75,No
9362-MWODR,Clemmons,NC,27012,29,Female,No,No,Yes,40,Yes,No,DSL,Yes,No,No,Yes,Yes,No,Month-to-month,Yes,Credit card (automatic),64.1,No
9975-GPKZU,Raeford,NC,28376,35,Male,No,Yes,Yes,46,Yes,No,None,No,No,No,No,No,No,Two year,No,Credit card (automatic),19.75,No
9625-RZFUK,Stonewall,NC,28583,21,Male,No,Yes,Yes,63,Yes,No,None,No,No,No,No,No,No,Two year,No,Mailed check,19.7,No
5153-LXKDT,Haw River,NC,27258,38,Male,No,Yes,Yes,68,Yes,Yes,Fiber optic,Yes,Yes,Yes,No,Yes,Yes,Two year,Yes,Electronic check,110.2,No
5161-UBZXI,Mocksville,NC,27028,27,Male,No,Yes,Yes,69,Yes,No,Fiber optic,Yes,Yes,No,Yes,Yes,Yes,Two year,Yes,Credit card (automatic),106.35,No
1020-JPQOW,Roxobel,NC,27872,60,Female,No,Yes,No,56,Yes,Yes,Fiber optic,No,Yes,Yes,Yes,No,No,Month-to-month,No,Electronic check,90.55,No
7919-ZODZZ,Falcon,NC,28342,57,Female,No,Yes,Yes,10,Yes,No,DSL,No,Yes,Yes,No,No,Yes,One year,Yes,Mailed check,65.9,No
0565-JUPYD,Chapel Hill,NC,27517,21,Male,No,No,No,63,Yes,Yes,Fiber optic,Yes,Yes,Yes,Yes,Yes,No,One year,No,Credit card (automatic),104.5,No
6867-ACCZI,Yanceyville,NC,27379,30,Female,No,Yes,Yes,24,No,No,DSL,Yes,Yes,Yes,Yes,No,Yes,Two year,Yes,Mailed check,52.5,No
5939-XAIXZ,Greensboro,NC,27455,51,Female,No,No,No,19,Yes,Yes,DSL,No,No,Yes,No,No,No,Month-to-month,Yes,Mailed check,56.1,No
9054-FOWNV,Laurel Springs,NC,28644,44,Male,No,Yes,Yes,22,Yes,Yes,Fiber optic,No,No,Yes,No,Yes,No,Month-to-month,Yes,Electronic check,88.75,No
8207-VVMYB,East Bend,NC,27018,33,Female,No,Yes,No,70,Yes,Yes,None,No,No,No,No,No,No,Two year,Yes,Bank transfer (automatic),26,No
9732-EQMWY,Scottville,NC,28672,52,Female,No,Yes,No,49,Yes,No,Fiber optic,No,Yes,Yes,No,Yes,Yes,Month-to-month,No,Electronic check,99.4,No
5269-NRGDP,Grifton,NC,28530,40,Male,No,Yes,Yes,42,Yes,No,DSL,No,No,Yes,Yes,Yes,Yes,One year,No,Electronic check,73.15,No
6195-MELTI,Apex,NC,27523,38,Male,No,No,No,57,Yes,No,DSL,No,Yes,No,Yes,No,No,One year,Yes,Mailed check,54.65,No
2121-JAFOM,Midland,NC,28107,62,Female,No,Yes,No,72,Yes,Yes,Fiber optic,Yes,Yes,Yes,Yes,Yes,Yes,Two year,Yes,Credit card (automatic),115.55,No
8818-DOPVL,Roxboro,NC,27573,31,Female,Yes,No,No,46,Yes,Yes,Fiber optic,No,Yes,Yes,No,Yes,Yes,Month-to-month,Yes,Electronic check,104.45,No
1227-UDMZR,Durham,NC,27705,48,Female,No,Yes,No,72,Yes,Yes,DSL,Yes,Yes,Yes,Yes,Yes,Yes,Two year,Yes,Bank transfer (automatic),91.15,No
5198-HQAEN,Raleigh,NC,27616,40,Male,No,Yes,Yes,35,Yes,No,Fiber optic,No,Yes,No,Yes,Yes,No,One year,Yes,Electronic check,89.7,No
2167-FQSTQ,Weaverville,NC,28787,33,Female,No,Yes,No,72,Yes,Yes,DSL,Yes,Yes,Yes,Yes,Yes,Yes,Two year,Yes,Electronic check,92.4,No
2819-GWENI,Linville,NC,28646,30,Female,No,Yes,Yes,28,Yes,No,None,No,No,No,No,No,No,One year,No,Mailed check,19.9,No
3572-UUHRS,Boone,NC,28607,19,Male,No,No,No,45,Yes,No,None,No,No,No,No,No,No,One year,No,Bank transfer (automatic),18.85,No
2692-PFYTJ,Garner,NC,27529,63,Female,No,No,No,1,Yes,Yes,None,No,No,No,No,No,No,Month-to-month,Yes,Mailed check,25.75,No
5955-EPOAZ,Cofield,NC,27922,31,Female,No,No,No,6,Yes,No,None,No,No,No,No,No,No,Month-to-month,Yes,Mailed check,20.95,No
6821-JPCDC,Summerfield,NC,27358,58,Female,No,Yes,No,48,Yes,No,Fiber optic,No,Yes,Yes,No,Yes,Yes,One year,Yes,Electronic check,97.05,No
8815-LMFLX,Lake Waccamaw,NC,28450,45,Male,No,Yes,Yes,25,Yes,Yes,None,No,No,No,No,No,No,Month-to-month,Yes,Bank transfer (automatic),25.4,No
9135-HSWOC,Spruce Pine,NC,28777,50,Male,No,Yes,Yes,64,Yes,No,None,No,No,No,No,No,No,Two year,Yes,Bank transfer (automatic),19.7,No
8582-KRHPJ,Cherryville,NC,28021,23,Male,No,No,No,50,No,No,DSL,Yes,Yes,No,No,No,No,Month-to-month,Yes,Mailed check,35,No
5811-IWXYM,Atkinson,NC,28421,46,Female,No,Yes,Yes,52,Yes,Yes,Fiber optic,No,No,Yes,No,Yes,Yes,One year,No,Bank transfer (automatic),101.25,No
7044-YAACC,Asheville,NC,28806,58,Male,Yes,Yes,No,4,Yes,No,Fiber optic,No,No,No,No,No,No,Month-to-month,Yes,Electronic check,70.2,No
8189-XRIKE,Roaring Gap,NC,28668,32,Female,Yes,No,No,32,Yes,No,Fiber optic,No,No,No,No,Yes,Yes,Month-to-month,No,Electronic check,90.95,No
1506-YJTYT,Sharpsburg,NC,27878,23,Male,No,Yes,Yes,45,Yes,Yes,DSL,Yes,Yes,No,Yes,Yes,No,Two year,No,Credit card (automatic),73.85,No
4123-DVHPH,Woodleaf,NC,27054,48,Male,No,Yes,No,9,Yes,Yes,Fiber optic,Yes,No,No,No,No,Yes,Month-to-month,Yes,Electronic check,88.05,No
2228-BZDEE,Winterville,NC,28590,26,Female,No,No,No,54,Yes,No,None,No,No,No,No,No,No,Two year,No,Mailed check,20.1,No
2789-CZANW,Bullock,NC,27507,41,Female,No,Yes,Yes,64,Yes,Yes,Fiber optic,Yes,Yes,No,Yes,Yes,Yes,Two year,No,Bank transfer (automatic),110.3,No
7596-LDUXP,Fort Bragg,NC,28310,51,Female,No,No,No,12,Yes,No,Fiber optic,Yes,No,No,No,Yes,No,One year,Yes,Credit card (automatic),85.15,No
3740-RLMVT,Cedar Island,NC,28520,29,Male,Yes,Yes,No,67,Yes,No,DSL,Yes,Yes,No,Yes,No,No,One year,Yes,Bank transfer (automatic),60.95,No
2192-OZITF,Raleigh,NC,27612,28,Female,No,No,No,45,Yes,Yes,DSL,Yes,No,No,Yes,No,Yes,Two year,No,Mailed check,73.55,No
5651-CPDND,Jefferson,NC,28640,61,Male,No,No,No,10,Yes,No,DSL,No,No,No,No,No,No,Month-to-month,No,Mailed check,46,No
2186-QZEYA,Grantsboro,NC,28529,23,Female,Yes,No,No,29,Yes,Yes,DSL,Yes,Yes,No,No,No,No,Month-to-month,Yes,Bank transfer (automatic),58.55,No
1131-ALZWV,Fayetteville,NC,28305,42,Female,No,No,No,24,Yes,Yes,None,No,No,No,No,No,No,One year,No,Bank transfer (automatic),24.6,No
7729-XBTWX,Oak Island,NC,28465,44,Male,No,Yes,Yes,66,Yes,No,None,No,No,No,No,No,No,Two year,Yes,Mailed check,19.75,No
9134-WYRVP,Pilot Mountain,NC,27041,56,Male,No,No,No,51,Yes,No,Fiber optic,Yes,No,No,No,Yes,No,One year,No,Mailed check,86.35,No
3284-SVCRO,Vass,NC,28394,27,Female,No,Yes,No,45,Yes,Yes,None,No,No,No,No,No,No,Two year,No,Mailed check,25.5,No
9732-OUYRN,Granite Falls,NC,28630,27,Female,No,Yes,No,49,Yes,No,None,No,No,No,No,No,No,One year,No,Credit card (automatic),19,No
0559-CKHUS,Greensboro,NC,27406,54,Female,No,Yes,No,29,Yes,No,None,No,No,No,No,No,No,Two year,Yes,Mailed check,19.55,No
2931-SVLTV,Liberty,NC,27298,52,Male,No,Yes,Yes,40,Yes,Yes,Fiber optic,Yes,Yes,No,Yes,Yes,Yes,Month-to-month,Yes,Credit card (automatic),110.1,No
7504-UWHNB,Morven,NC,28119,53,Male,No,No,No,25,Yes,No,Fiber optic,No,No,No,No,No,No,Month-to-month,No,Electronic check,69.75,No
2582-FFFZR,Emerald Isle,NC,28594,44,Female,No,No,No,22,No,No,DSL,No,No,Yes,No,Yes,Yes,Month-to-month,Yes,Electronic check,50.6,No
8908-NMQTX,Dunn,NC,28334,30,Male,No,No,No,72,No,No,DSL,Yes,Yes,Yes,Yes,Yes,Yes,Two year,Yes,Bank transfer (automatic),65.6,No
1431-AIDJQ,Columbia,NC,27925,60,Male,No,Yes,Yes,33,Yes,No,DSL,No,Yes,Yes,Yes,Yes,Yes,Two year,No,Credit card (automatic),82.1,No
6288-LBEAR,Raleigh,NC,27617,42,Female,No,No,No,23,Yes,No,Fiber optic,No,Yes,No,Yes,No,No,Month-to-month,Yes,Mailed check,79.1,No
8413-YNHNV,Cashiers,NC,28717,56,Male,No,No,No,69,Yes,Yes,DSL,Yes,Yes,Yes,Yes,Yes,Yes,Two year,No,Mailed check,90.65,No
5808-TOTXO,Landis,NC,28088,44,Female,No,No,Yes,3,Yes,No,None,No,No,No,No,No,No,One year,Yes,Credit card (automatic),20.55,No
4369-NYSCF,Richfield,NC,28137,49,Male,No,No,No,56,Yes,No,DSL,No,Yes,No,Yes,Yes,Yes,One year,Yes,Bank transfer (automatic),75.75,No
6333-YDVLT,Bakersville,NC,28705,45,Male,No,No,No,65,Yes,Yes,Fiber optic,Yes,No,Yes,Yes,Yes,Yes,One year,Yes,Credit card (automatic),110,No
5324-KTGCG,Hubert,NC,28539,41,Male,No,Yes,No,71,Yes,No,None,No,No,No,No,No,No,One year,No,Electronic check,20.85,No
5599-HVLTW,Balsam,NC,28707,38,Female,Yes,No,No,14,Yes,Yes,Fiber optic,No,No,Yes,No,No,No,Month-to-month,Yes,Bank transfer (automatic),80.35,No
7394-LWLYN,Burlington,NC,27215,26,Female,No,No,No,2,Yes,No,Fiber optic,No,No,No,No,No,No,Month-to-month,Yes,Electronic check,70.15,No
6873-UDNLD,Middleburg,NC,27556,43,Male,No,No,No,40,Yes,No,DSL,Yes,No,Yes,No,No,Yes,Month-to-month,No,Electronic check,67.45,No
2700-LUEVA,Germanton,NC,27019,48,Male,No,No,No,1,Yes,No,None,No,No,No,No,No,No,Month-to-month,No,Credit card (automatic),20.75,No
0958-YHXGP,Gates,NC,27937,53,Female,No,No,No,7,Yes,No,Fiber optic,No,No,No,No,No,No,Month-to-month,Yes,Mailed check,69.9,No
1101-SSWAG,Charlotte,NC,28212,21,Female,No,Yes,No,15,Yes,Yes,DSL,No,No,No,No,No,No,Month-to-month,Yes,Electronic check,51.1,No
5743-KHMNA,Wake Forest,NC,27587,41,Male,No,No,No,71,Yes,Yes,None,No,No,No,No,No,No,Two year,No,Bank transfer (automatic),25.55,No
4194-FJARJ,Jackson Springs,NC,27281,60,Female,No,Yes,Yes,54,Yes,Yes,DSL,Yes,No,No,Yes,No,No,Two year,No,Bank transfer (automatic),60,No
5325-UWTWJ,Camden,NC,27921,56,Male,No,Yes,No,31,Yes,Yes,Fiber optic,Yes,Yes,No,Yes,No,No,Month-to-month,Yes,Credit card (automatic),90.55,No
3969-GYXEL,Elk Park,NC,28622,22,Female,No,No,No,11,Yes,No,Fiber optic,Yes,No,No,No,No,No,Month-to-month,No,Electronic check,76.4,No
9208-OLGAQ,Mayodan,NC,27027,53,Female,Yes,No,No,18,Yes,No,Fiber optic,No,No,Yes,No,No,Yes,Month-to-month,Yes,Electronic check,84.95,No
3244-CQPHU,Elon,NC,27244,25,Female,Yes,No,No,72,Yes,Yes,Fiber optic,Yes,Yes,No,Yes,Yes,Yes,Two year,Yes,Bank transfer (automatic),110.1,No
2674-MLXMN,Rodanthe,NC,27968,37,Female,Yes,No,No,71,Yes,Yes,Fiber optic,No,Yes,No,No,Yes,Yes,Month-to-month,Yes,Credit card (automatic),99.65,No
9708-HPXWZ,Drexel,NC,28619,52,Male,Yes,No,No,5,No,No,DSL,No,No,Yes,Yes,Yes,No,Month-to-month,No,Credit card (automatic),45.4,No
6992-TKNYO,Monroe,NC,28112,34,Male,No,Yes,No,38,Yes,Yes,DSL,No,No,Yes,Yes,No,Yes,One year,No,Credit card (automatic),69,No
4468-YDOVK,Hillsborough,NC,27278,45,Male,No,No,Yes,5,Yes,No,DSL,No,No,No,Yes,No,No,Month-to-month,Yes,Bank transfer (automatic),48.65,No
5792-JALQC,Moncure,NC,27559,53,Female,Yes,No,No,52,Yes,Yes,DSL,Yes,No,Yes,No,No,No,Two year,No,Bank transfer (automatic),59.85,No
2200-DSAAL,Gibsonville,NC,27249,42,Female,No,No,No,68,Yes,Yes,DSL,No,Yes,Yes,No,Yes,Yes,Two year,Yes,Electronic check,80.65,No
4302-ZYFEL,Saxapahaw,NC,27340,37,Male,No,Yes,Yes,69,Yes,No,None,No,No,No,No,No,No,One year,Yes,Credit card (automatic),20.55,No
9351-LZYGF,Clayton,NC,27527,22,Female,No,Yes,No,42,Yes,Yes,DSL,Yes,Yes,No,Yes,No,No,Month-to-month,Yes,Credit card (automatic),66.4,No
4366-CTOUZ,Raleigh,NC,27616,59,Female,No,No,No,50,Yes,No,Fiber optic,No,Yes,No,Yes,Yes,Yes,Two year,Yes,Mailed check,100.2,No
1518-OMDIK,Powells Point,NC,27966,42,Male,No,Yes,No,33,Yes,No,DSL,No,No,No,No,No,No,Month-to-month,Yes,Credit card (automatic),44.55,No
6671-NGWON,Franklinton,NC,27525,49,Female,No,No,No,7,Yes,No,None,No,No,No,No,No,No,Month-to-month,No,Mailed check,20.35,No
0595-ITUDF,Stokesdale,NC,27357,25,Male,No,Yes,Yes,64,Yes,Yes,Fiber optic,Yes,Yes,Yes,No,No,No,Month-to-month,Yes,Electronic check,91.8,No
1955-IBMMB,Edward,NC,27821,40,Male,No,No,No,59,Yes,No,None,No,No,No,No,No,No,Two year,Yes,Bank transfer (automatic),20.2,No
0096-BXERS,Sherrills Ford,NC,28673,19,Female,No,Yes,No,6,Yes,Yes,DSL,No,No,No,No,No,No,Month-to-month,No,Electronic check,50.35,No
3806-YAZOV,Pendleton,NC,27862,43,Female,No,No,No,3,Yes,No,None,No,No,No,No,No,No,Month-to-month,No,Mailed check,18.8,No
7998-ZLXWN,Lewisville,NC,27023,35,Female,No,Yes,No,15,Yes,No,None,No,No,No,No,No,No,Month-to-month,No,Credit card (automatic),20.45,No
6253-WRFHY,Carolina Beach,NC,28428,46,Male,No,Yes,Yes,13,Yes,No,DSL,No,No,No,No,Yes,Yes,One year,Yes,Electronic check,64.75,No
9133-AYJZG,Biscoe,NC,27209,21,Female,No,No,No,23,Yes,Yes,Fiber optic,No,Yes,No,No,Yes,Yes,Month-to-month,Yes,Credit card (automatic),98.7,No
2675-OTVVJ,Glendale Springs,NC,28629,57,Male,Yes,Yes,No,31,Yes,Yes,Fiber optic,Yes,No,No,No,Yes,No,Month-to-month,No,Electronic check,89.45,No
8680-CGLTP,Statesville,NC,28677,37,Male,No,No,No,29,Yes,No,DSL,Yes,Yes,No,Yes,No,No,One year,Yes,Electronic check,58.75,No
8430-TWCBX,Murphy,NC,28906,40,Female,No,Yes,No,49,Yes,No,None,No,No,No,No,No,No,One year,No,Credit card (automatic),20.7,No
5018-GWURO,Hookerton,NC,28538,29,Female,No,Yes,No,56,Yes,Yes,Fiber optic,No,No,No,No,Yes,No,Month-to-month,Yes,Bank transfer (automatic),85.6,No
6741-QRLUP,Point Harbor,NC,27964,42,Female,No,No,No,63,Yes,Yes,DSL,Yes,Yes,Yes,Yes,No,Yes,Two year,Yes,Credit card (automatic),80.3,No
4737-HOBAX,Salisbury,NC,28147,44,Male,No,Yes,No,63,Yes,Yes,DSL,No,No,Yes,Yes,Yes,Yes,Two year,No,Credit card (automatic),79.8,No
0537-QYZZN,Maysville,NC,28555,46,Male,Yes,Yes,Yes,24,Yes,Yes,Fiber optic,Yes,No,No,No,No,No,Month-to-month,Yes,Electronic check,79.85,No
3340-QBBFM,Mc Leansville,NC,27301,29,Male,Yes,Yes,No,36,Yes,No,DSL,No,No,Yes,Yes,No,No,One year,No,Credit card (automatic),54.1,No
8200-KLNYW,Mebane,NC,27302,45,Female,No,Yes,No,21,Yes,No,DSL,Yes,No,Yes,Yes,Yes,Yes,One year,No,Mailed check,80.9,No
3372-CDXFJ,Enfield,NC,27823,46,Male,No,Yes,Yes,13,Yes,Yes,None,No,No,No,No,No,No,One year,No,Bank transfer (automatic),24.5,No
4781-ZXYGU,Salvo,NC,27972,43,Male,No,Yes,Yes,1,Yes,No,None,No,No,No,No,No,No,Month-to-month,Yes,Bank transfer (automatic),20.15,No
7632-YUTXB,Grimesland,NC,27837,46,Female,No,Yes,Yes,25,Yes,No,None,No,No,No,No,No,No,One year,No,Mailed check,20.05,No
2718-YSKCS,Carthage,NC,28327,47,Male,No,Yes,Yes,71,Yes,No,None,No,No,No,No,No,No,Two year,Yes,Bank transfer (automatic),19.6,No
9896-UYMIE,Landis,NC,28088,59,Male,No,No,No,66,Yes,Yes,Fiber optic,Yes,Yes,Yes,Yes,Yes,Yes,One year,Yes,Bank transfer (automatic),114.3,No
0853-NWIFK,Charlotte,NC,28269,36,Female,No,No,No,45,Yes,No,Fiber optic,Yes,Yes,No,No,Yes,Yes,One year,Yes,Electronic check,100.3,No
8212-CRQXP,Rosman,NC,28772,43,Female,No,Yes,No,22,Yes,No,Fiber optic,No,No,No,No,Yes,No,Month-to-month,Yes,Credit card (automatic),80,No
6980-CDGFC,Supply,NC,28462,43,Female,No,Yes,No,67,Yes,No,None,No,No,No,No,No,No,One year,Yes,Bank transfer (automatic),20.85,No
7691-XVTZH,Maiden,NC,28650,22,Female,No,Yes,No,68,Yes,Yes,Fiber optic,No,No,Yes,No,Yes,No,Two year,Yes,Bank transfer (automatic),89.95,No
2520-SGTTA,Elizabethtown,NC,28337,22,Female,No,Yes,Yes,0,Yes,No,None,No,No,No,No,No,No,Two year,No,Mailed check,20,No
2277-VWCNI,Waco,NC,28169,47,Female,Yes,No,No,4,Yes,Yes,DSL,No,No,No,No,No,No,Month-to-month,No,Mailed check,48.75,No
1088-CNNKB,Willard,NC,28478,44,Male,No,Yes,No,63,Yes,Yes,DSL,Yes,Yes,Yes,Yes,No,Yes,One year,No,Credit card (automatic),80,No
1930-BZLHI,Kernersville,NC,27284,54,Male,No,No,No,21,Yes,No,None,No,No,No,No,No,No,One year,Yes,Mailed check,20.35,No
5868-YTYKS,Knightdale,NC,27545,40,Male,No,No,Yes,1,Yes,No,None,No,No,No,No,No,No,Month-to-month,Yes,Mailed check,20.25,No
3525-DVKFN,Spring Lake,NC,28390,27,Female,No,No,No,17,Yes,No,None,No,No,No,No,No,No,Two year,No,Mailed check,19.4,No
1482-OXZSY,High Shoals,NC,28077,30,Male,No,No,No,30,Yes,Yes,Fiber optic,Yes,No,No,No,Yes,Yes,Month-to-month,Yes,Bank transfer (automatic),100.4,No
0377-JBKKT,Calypso,NC,28325,62,Male,No,Yes,Yes,22,Yes,No,DSL,Yes,Yes,No,Yes,No,No,Month-to-month,Yes,Mailed check,57.95,No
5778-BVOFB,Fairview,NC,28730,55,Female,No,No,No,9,Yes,No,DSL,No,No,No,Yes,Yes,No,Month-to-month,Yes,Bank transfer (automatic),59.5,No
3373-YZZYM,Raleigh,NC,27601,43,Male,No,Yes,Yes,1,Yes,No,None,No,No,No,No,No,No,Month-to-month,No,Mailed check,19.2,No
0228-MAUWC,Garner,NC,27529,46,Male,No,No,No,19,Yes,Yes,DSL,No,No,Yes,Yes,No,No,Month-to-month,No,Electronic check,59.55,No
7663-YJHSN,Casar,NC,28020,54,Female,No,Yes,No,72,Yes,Yes,Fiber optic,Yes,Yes,Yes,Yes,Yes,No,Two year,Yes,Bank transfer (automatic),103.95,No
4915-BFSXL,Rhodhiss,NC,28667,54,Male,No,Yes,Yes,70,Yes,Yes,DSL,Yes,No,Yes,No,Yes,No,Two year,No,Credit card (automatic),68.95,No
3086-RUCRN,Murfreesboro,NC,27855,42,Female,No,No,No,66,Yes,Yes,Fiber optic,Yes,Yes,Yes,Yes,No,Yes,Month-to-month,Yes,Bank transfer (automatic),103.1,No
5215-LNLDJ,Buxton,NC,27920,24,Female,No,Yes,Yes,7,No,No,DSL,No,No,No,No,No,No,Month-to-month,Yes,Electronic check,24.7,No
7576-JMYWV,Franklin,NC,28734,29,Female,Yes,Yes,Yes,46,Yes,Yes,Fiber optic,Yes,Yes,No,Yes,Yes,Yes,Month-to-month,Yes,Electronic check,110.2,No
0257-KXZGU,Littleton,NC,27850,24,Female,No,Yes,Yes,32,Yes,Yes,DSL,No,Yes,Yes,No,No,No,Month-to-month,No,Bank transfer (automatic),62.45,No
1307-ATKGB,Fayetteville,NC,28301,38,Male,No,No,No,24,Yes,No,Fiber optic,No,Yes,Yes,No,No,Yes,Month-to-month,Yes,Electronic check,89.55,No
3714-XPXBW,Greensboro,NC,27455,40,Female,No,No,No,37,Yes,Yes,DSL,Yes,Yes,Yes,Yes,Yes,No,Month-to-month,Yes,Credit card (automatic),78.9,No
1850-AKQEP,Vandemere,NC,28587,39,Male,No,No,Yes,8,Yes,No,None,No,No,No,No,No,No,Month-to-month,No,Mailed check,20.35,No
2824-DXNKN,Brunswick,NC,28424,35,Female,No,Yes,Yes,72,Yes,Yes,DSL,Yes,No,Yes,No,Yes,No,Two year,Yes,Bank transfer (automatic),71.45,No
5227-JSCFE,Raleigh,NC,27605,39,Male,Yes,Yes,No,71,No,No,DSL,Yes,Yes,Yes,Yes,No,No,Two year,No,Credit card (automatic),46.35,No
0848-ZGQIJ,Stovall,NC,27582,60,Female,No,Yes,No,16,Yes,No,Fiber optic,No,Yes,No,No,Yes,Yes,Month-to-month,Yes,Bank transfer (automatic),94.65,No
3621-CHYVB,Engelhard,NC,27824,55,Female,No,Yes,No,57,No,No,DSL,Yes,No,Yes,Yes,No,Yes,Month-to-month,Yes,Bank transfer (automatic),49.9,No
8042-RNLKO,Jacksonville,NC,28540,42,Male,No,No,No,66,Yes,Yes,None,No,No,No,No,No,No,One year,No,Bank transfer (automatic),25.45,No
5372-FBKBN,Albemarle,NC,28001,43,Female,No,No,Yes,21,Yes,No,None,No,No,No,No,No,No,Month-to-month,No,Mailed check,20.75,No
0420-TXVSG,Bahama,NC,27503,36,Male,No,Yes,No,66,Yes,Yes,DSL,Yes,Yes,Yes,No,No,No,Two year,Yes,Credit card (automatic),66.1,No
6217-TOWGS,Collettsville,NC,28611,39,Female,No,Yes,No,17,Yes,Yes,DSL,No,Yes,No,No,Yes,Yes,Month-to-month,Yes,Bank transfer (automatic),75.4,No
1045-LTCYT,Sharpsburg,NC,27878,22,Female,No,Yes,Yes,8,Yes,No,None,No,No,No,No,No,No,Month-to-month,No,Credit card (automatic),21.05,No
1544-JJMYL,Raleigh,NC,27605,33,Male,No,No,No,27,Yes,No,DSL,Yes,No,Yes,Yes,Yes,No,One year,No,Credit card (automatic),69.35,No
4636-JGAAI,White Oak,NC,28399,43,Male,No,Yes,No,34,Yes,Yes,Fiber optic,No,Yes,No,No,No,Yes,Month-to-month,No,Mailed check,88.85,No
6874-SGLHU,Grantsboro,NC,28529,45,Male,No,No,No,30,Yes,No,Fiber optic,No,Yes,No,No,Yes,Yes,One year,Yes,Bank transfer (automatic),97,No
5951-AOFIH,Advance,NC,27006,49,Male,No,No,No,33,Yes,No,DSL,No,Yes,Yes,No,Yes,No,Month-to-month,Yes,Credit card (automatic),66.4,No
3059-NGMXB,Fayetteville,NC,28305,29,Male,No,Yes,Yes,14,Yes,Yes,DSL,Yes,Yes,No,No,No,Yes,Month-to-month,No,Mailed check,69.2,No
8652-YHIYU,Jarvisburg,NC,27947,40,Female,No,No,Yes,16,Yes,Yes,Fiber optic,No,No,No,Yes,No,No,One year,Yes,Credit card (automatic),79.5,No
5278-PNYOX,Raleigh,NC,27615,60,Female,No,No,No,49,Yes,No,Fiber optic,No,No,Yes,Yes,Yes,Yes,Two year,No,Credit card (automatic),100.65,No
3486-HOOGQ,Grantsboro,NC,28529,55,Female,No,Yes,Yes,70,Yes,Yes,DSL,Yes,Yes,Yes,Yes,Yes,No,Two year,No,Bank transfer (automatic),79.7,No
5061-PBXFW,Drexel,NC,28619,59,Female,No,Yes,Yes,32,Yes,No,DSL,Yes,Yes,No,Yes,No,No,Month-to-month,No,Bank transfer (automatic),61.4,No
8630-FJLIB,Currie,NC,28435,33,Female,No,No,No,18,Yes,No,Fiber optic,No,No,No,No,No,No,Month-to-month,Yes,Electronic check,69.8,No
3891-NLXJB,Faison,NC,28341,39,Male,No,No,No,37,No,No,DSL,Yes,Yes,No,Yes,No,No,Two year,Yes,Mailed check,40.55,No
4749-OJKQU,Fremont,NC,27830,53,Female,No,No,No,4,Yes,Yes,Fiber optic,No,No,No,No,No,No,Month-to-month,Yes,Electronic check,75.65,No
0577-WHMEV,Ellenboro,NC,28040,64,Female,No,Yes,No,16,Yes,Yes,Fiber optic,Yes,Yes,Yes,No,No,No,Month-to-month,No,Electronic check,90.7,No
5453-AXEPF,Waves,NC,27982,45,Male,No,Yes,No,17,Yes,Yes,Fiber optic,No,Yes,No,No,No,No,Month-to-month,Yes,Bank transfer (automatic),80.5,No
3639-XJHKQ,Misenheimer,NC,28109,25,Female,No,No,Yes,19,Yes,No,DSL,Yes,Yes,Yes,No,No,No,Month-to-month,Yes,Electronic check,60.6,No
3716-LRGXK,Maxton,NC,28364,26,Male,No,Yes,No,60,Yes,Yes,Fiber optic,No,No,Yes,No,Yes,Yes,Two year,No,Credit card (automatic),101.15,No
2263-SFSQZ,Hillsborough,NC,27278,51,Male,No,Yes,Yes,51,Yes,Yes,None,No,No,No,No,No,No,Two year,Yes,Mailed check,24.95,No
9950-MTGYX,Vale,NC,28168,42,Male,No,Yes,Yes,28,Yes,No,None,No,No,No,No,No,No,Two year,Yes,Credit card (automatic),20.3,No
3397-AVTKU,Harrells,NC,28444,29,Male,No,No,No,43,Yes,No,DSL,No,Yes,No,No,No,Yes,Two year,Yes,Electronic check,60,No
4825-FUREZ,Evergreen,NC,28438,19,Male,No,Yes,No,42,Yes,No,None,No,No,No,No,No,No,Two year,No,Electronic check,20.25,No
2672-OJQZP,Fort Bragg,NC,28310,63,Female,No,No,No,1,Yes,No,DSL,No,No,No,No,No,No,Month-to-month,No,Mailed check,44.75,No
3134-DSHVC,Orrum,NC,28369,22,Female,No,No,No,63,Yes,Yes,Fiber optic,Yes,Yes,Yes,No,Yes,No,Two year,No,Credit card (automatic),98,No
7821-DPRQE,Westfield,NC,27053,38,Male,No,Yes,No,68,Yes,Yes,Fiber optic,Yes,Yes,No,Yes,Yes,Yes,Month-to-month,Yes,Electronic check,107.7,No
2001-EWBQU,Newland,NC,28657,58,Female,No,No,No,60,Yes,Yes,Fiber optic,No,Yes,Yes,No,Yes,Yes,Two year,No,Electronic check,104.7,No
1608-GMEWB,Olin,NC,28660,38,Male,Yes,No,No,45,Yes,Yes,Fiber optic,No,No,No,No,Yes,Yes,Month-to-month,Yes,Bank transfer (automatic),93.9,No
6695-AMZUF,Ennice,NC,28623,34,Female,No,Yes,No,70,Yes,No,DSL,Yes,Yes,Yes,Yes,Yes,Yes,Two year,No,Credit card (automatic),86.45,No
8410-BGQXN,Peachland,NC,28133,37,Male,No,No,No,4,Yes,No,None,No,No,No,No,No,No,Month-to-month,No,Mailed check,19.4,No
1619-YWUBB,Iron Station,NC,28080,58,Female,No,Yes,No,68,Yes,Yes,None,No,No,No,No,No,No,Two year,Yes,Credit card (automatic),24.95,No
7611-YKYTC,Collettsville,NC,28611,23,Male,No,Yes,Yes,22,Yes,No,Fiber optic,Yes,No,No,No,No,No,Month-to-month,No,Bank transfer (automatic),75,No
0365-GXEZS,Monroe,NC,28112,62,Male,No,Yes,No,18,Yes,No,Fiber optic,No,No,Yes,Yes,No,No,Month-to-month,No,Electronic check,78.2,No
0082-OQIQY,Raleigh,NC,27609,23,Male,No,No,No,29,Yes,No,Fiber optic,No,No,No,Yes,Yes,Yes,Month-to-month,Yes,Electronic check,94.2,No
3606-SBKRY,Harmony,NC,28634,21,Male,No,No,No,31,No,No,DSL,No,No,Yes,No,Yes,Yes,One year,Yes,Electronic check,50.05,No
0667-NSRGI,Fletcher,NC,28732,27,Female,No,Yes,No,48,Yes,Yes,DSL,No,No,Yes,Yes,No,Yes,One year,Yes,Mailed check,69.55,No
6893-ODYYE,Mc Farlan,NC,28102,39,Male,No,No,No,50,Yes,No,Fiber optic,Yes,Yes,Yes,Yes,No,No,One year,Yes,Credit card (automatic),90.1,No
8242-JSVBO,Leland,NC,28451,44,Male,No,No,No,7,Yes,No,DSL,No,No,No,No,No,No,Month-to-month,Yes,Bank transfer (automatic),44.65,No
9541-ZPSEA,Pineola,NC,28662,42,Male,No,Yes,Yes,68,Yes,No,Fiber optic,Yes,No,Yes,No,No,No,Two year,No,Credit card (automatic),80.35,No
2665-NPTGL,Fayetteville,NC,28303,24,Female,Yes,Yes,No,26,Yes,Yes,Fiber optic,No,No,Yes,No,Yes,Yes,Month-to-month,Yes,Bank transfer (automatic),98.1,No
1139-WUOAH,Windsor,NC,27983,34,Male,No,No,No,57,No,No,DSL,No,No,Yes,Yes,Yes,Yes,Two year,No,Credit card (automatic),53.35,No
4693-VWVBO,Clyde,NC,28721,61,Female,No,No,No,3,Yes,No,None,No,No,No,No,No,No,Month-to-month,No,Electronic check,19.55,No
6937-GCDGQ,Ruffin,NC,27326,48,Male,No,Yes,Yes,19,Yes,No,DSL,Yes,No,No,No,No,No,One year,Yes,Bank transfer (automatic),48.95,No
0988-JRWWP,Semora,NC,27343,31,Female,No,No,No,3,Yes,No,DSL,No,No,No,No,Yes,No,Month-to-month,Yes,Electronic check,54.2,No
5075-JSDKI,Bethel,NC,27812,22,Female,No,No,No,59,Yes,Yes,None,No,No,No,No,No,No,Two year,No,Electronic check,24.45,No
8644-XYTSV,Candor,NC,27229,55,Male,No,Yes,No,42,No,No,DSL,Yes,No,No,No,Yes,No,Month-to-month,Yes,Bank transfer (automatic),40.15,No
3873-WOSBC,Kernersville,NC,27284,60,Male,No,Yes,No,67,Yes,Yes,None,No,No,No,No,No,No,Two year,No,Credit card (automatic),25.6,No
7465-ZZRVX,Harrisburg,NC,28075,42,Male,No,No,No,1,Yes,No,Fiber optic,No,No,No,No,No,No,Month-to-month,Yes,Electronic check,70.35,No
7975-JMZNT,Maysville,NC,28555,22,Male,No,Yes,No,66,Yes,Yes,DSL,Yes,Yes,Yes,Yes,Yes,Yes,Two year,No,Bank transfer (automatic),91.7,No
7251-XFOIL,Harvey,ND,58341,24,Female,No,No,No,61,Yes,Yes,Fiber optic,No,No,Yes,No,No,Yes,Month-to-month,No,Mailed check,89.2,No
4116-IQRFR,Stanley,ND,58784,35,Male,No,Yes,Yes,4,Yes,Yes,None,No,No,No,No,No,No,One year,No,Credit card (automatic),24.1,No
8259-DZLIZ,Mayville,ND,58257,22,Female,No,Yes,Yes,64,Yes,Yes,DSL,No,Yes,No,No,No,No,One year,Yes,Bank transfer (automatic),53.85,No
0442-ZXKVS,Taylor,ND,58656,25,Female,Yes,Yes,No,54,Yes,Yes,Fiber optic,Yes,Yes,Yes,Yes,Yes,Yes,One year,Yes,Bank transfer (automatic),115.6,No
7853-WNZSY,Harwood,ND,58042,41,Male,No,No,No,1,Yes,No,None,No,No,No,No,No,No,Month-to-month,Yes,Credit card (automatic),19.75,No
3120-FAZKD,Mantador,ND,58058,22,Male,No,Yes,Yes,54,Yes,Yes,None,No,No,No,No,No,No,Two year,Yes,Bank transfer (automatic),24.05,No
8606-OEGQZ,Fort Ransom,ND,58033,54,Female,No,No,Yes,18,Yes,Yes,None,No,No,No,No,No,No,Two year,No,Credit card (automatic),25.3,No
0225-ZORZP,Alexander,ND,58831,37,Male,No,No,No,3,Yes,No,Fiber optic,No,Yes,No,No,No,Yes,Month-to-month,No,Electronic check,84.3,No
9489-JMTTN,Buxton,ND,58218,60,Female,No,Yes,Yes,72,Yes,Yes,DSL,Yes,Yes,Yes,Yes,Yes,Yes,Two year,No,Credit card (automatic),89.75,No
0575-CUQOV,Cando,ND,58324,52,Male,Yes,Yes,No,60,Yes,No,Fiber optic,No,Yes,Yes,No,Yes,Yes,One year,Yes,Electronic check,97.95,No
0967-BMLBD,Crystal,ND,58222,50,Female,No,Yes,Yes,11,Yes,No,None,No,No,No,No,No,No,One year,Yes,Mailed check,20,No
2830-LEWOA,Grafton,ND,58237,46,Male,No,Yes,Yes,61,Yes,No,Fiber optic,No,Yes,Yes,Yes,Yes,Yes,One year,No,Credit card (automatic),103.9,No
5006-MXVRN,Binford,ND,58416,50,Female,No,No,No,39,Yes,No,None,No,No,No,No,No,No,Two year,No,Credit card (automatic),20.7,No
8327-WKMIE,Richardton,ND,58652,53,Male,No,No,No,37,Yes,No,None,No,No,No,No,No,No,One year,No,Credit card (automatic),20.15,No
6917-FIJHC,Zeeland,ND,58581,54,Female,No,Yes,No,72,Yes,Yes,None,No,No,No,No,No,No,Two year,Yes,Mailed check,26,No
5329-KRDTM,Lefor,ND,58641,20,Male,Yes,Yes,No,72,Yes,Yes,DSL,No,Yes,Yes,Yes,Yes,No,Two year,No,Credit card (automatic),77.35,No
7797-EJMDP,Milnor,ND,58060,48,Female,No,No,No,8,Yes,No,DSL,Yes,No,No,Yes,No,Yes,Month-to-month,No,Bank transfer (automatic),66.05,No
3530-VWVGU,Forest River,ND,58233,48,Female,No,Yes,Yes,22,Yes,No,None,No,No,No,No,No,No,Month-to-month,No,Mailed check,19.9,No
6368-NWMCE,Balfour,ND,58712,48,Female,No,No,No,38,Yes,Yes,DSL,No,Yes,No,Yes,No,Yes,Month-to-month,No,Credit card (automatic),68.15,No
3633-CDBUW,Mayville,ND,58257,63,Male,No,No,Yes,17,Yes,No,DSL,No,Yes,Yes,Yes,Yes,Yes,One year,No,Electronic check,80.85,No
0707-HOVVN,Bismarck,ND,58503,33,Female,Yes,No,No,70,Yes,Yes,DSL,No,Yes,Yes,Yes,Yes,No,Two year,Yes,Bank transfer (automatic),75.5,No
3956-MGXOG,Hurdsfield,ND,58451,62,Female,No,No,No,28,Yes,No,Fiber optic,No,No,No,No,No,Yes,Month-to-month,Yes,Electronic check,80.6,No
9274-UARKJ,Binford,ND,58416,54,Female,No,No,No,15,Yes,No,Fiber optic,No,Yes,No,No,Yes,No,Month-to-month,Yes,Bank transfer (automatic),83.2,No
4077-HWUYD,Ray,ND,58849,23,Male,No,Yes,Yes,72,Yes,Yes,DSL,Yes,Yes,Yes,Yes,Yes,Yes,Two year,Yes,Bank transfer (automatic),87.55,No
0103-CSITQ,Napoleon,ND,58561,26,Female,No,Yes,No,57,Yes,Yes,Fiber optic,No,Yes,Yes,Yes,Yes,Yes,One year,Yes,Bank transfer (automatic),109.4,No
8671-KKKOS,Towner,ND,58788,43,Female,No,Yes,No,46,No,No,DSL,Yes,Yes,No,No,Yes,No,Month-to-month,No,Electronic check,45.55,No
7305-ZWMAJ,Page,ND,58064,28,Male,No,Yes,No,30,Yes,No,None,No,No,No,No,No,No,One year,No,Credit card (automatic),20.7,No
9518-XXBXE,Aneta,ND,58212,60,Male,Yes,Yes,No,10,Yes,No,Fiber optic,Yes,No,No,No,No,No,Month-to-month,No,Electronic check,75.3,No
6578-KRMAW,Fargo,ND,58103,36,Male,No,No,No,32,Yes,No,Fiber optic,Yes,Yes,Yes,No,No,Yes,Month-to-month,Yes,Credit card (automatic),93.4,No
4860-IJUDE,Grafton,ND,58237,46,Male,No,No,No,13,Yes,No,Fiber optic,Yes,No,No,No,No,No,Month-to-month,Yes,Credit card (automatic),73.75,No
9688-YGXVR,Bowdon,ND,58418,45,Female,No,No,No,44,Yes,No,Fiber optic,No,Yes,Yes,No,Yes,No,Month-to-month,Yes,Credit card (automatic),88.15,No
0423-UDIJQ,Spiritwood,ND,58481,44,Male,Yes,No,No,9,Yes,No,DSL,No,No,No,Yes,No,No,Month-to-month,No,Mailed check,49.2,No
1945-XISKS,Baldwin,ND,58521,31,Female,No,Yes,No,67,Yes,No,None,No,No,No,No,No,No,Two year,No,Mailed check,19.65,No
5360-LJCNJ,Mandan,ND,58554,44,Female,No,Yes,No,71,Yes,Yes,Fiber optic,No,Yes,Yes,No,Yes,Yes,Two year,Yes,Bank transfer (automatic),105.15,No
2607-FBDFF,Linton,ND,58552,64,Male,No,No,No,1,Yes,No,DSL,No,No,No,Yes,No,No,Month-to-month,No,Credit card (automatic),49,No
1100-DDVRV,Maxbass,ND,58760,24,Male,No,Yes,No,17,No,No,DSL,No,Yes,No,No,Yes,Yes,Month-to-month,Yes,Mailed check,49.8,No
6728-WYQBC,Wing,ND,58494,44,Male,No,No,No,1,Yes,No,None,No,No,No,No,No,No,Month-to-month,No,Bank transfer (automatic),20.95,No
9029-FEGVJ,Flaxton,ND,58737,50,Female,Yes,Yes,No,32,Yes,Yes,Fiber optic,No,No,Yes,No,No,No,Month-to-month,No,Mailed check,79.3,No
7216-KAOID,Hensel,ND,58241,31,Male,No,Yes,Yes,41,Yes,No,None,No,No,No,No,No,No,One year,No,Bank transfer (automatic),19.5,No
6145-NNPNO,Wilton,ND,58579,37,Female,No,No,No,1,Yes,No,DSL,No,No,No,No,No,No,Month-to-month,No,Bank transfer (automatic),44.15,No
5339-TJFEK,Gwinner,ND,58040,40,Male,No,Yes,Yes,62,Yes,Yes,Fiber optic,Yes,Yes,No,No,Yes,Yes,Month-to-month,Yes,Electronic check,105.5,No
2074-GUHPQ,Woodworth,ND,58496,22,Female,No,No,Yes,17,Yes,Yes,Fiber optic,No,Yes,Yes,Yes,No,No,Month-to-month,Yes,Credit card (automatic),92.7,No
4625-XMOYM,Ross,ND,58776,29,Female,No,Yes,Yes,72,Yes,Yes,None,No,No,No,No,No,No,Two year,Yes,Bank transfer (automatic),26.25,No
5827-MWCZK,Bowman,ND,58623,42,Male,No,Yes,Yes,56,Yes,Yes,Fiber optic,No,Yes,No,Yes,Yes,No,Month-to-month,Yes,Credit card (automatic),96.95,No
1385-TQOZW,Grand Forks,ND,58203,33,Female,No,No,No,9,Yes,No,None,No,No,No,No,No,No,Month-to-month,Yes,Credit card (automatic),20.45,No
5914-XRFQB,Reeder,ND,58649,42,Male,No,Yes,No,72,Yes,Yes,Fiber optic,Yes,Yes,Yes,Yes,Yes,Yes,Two year,Yes,Bank transfer (automatic),115.8,No
4329-YPDDQ,Cavalier,ND,58220,39,Male,No,No,No,20,Yes,No,Fiber optic,Yes,Yes,Yes,Yes,Yes,Yes,Month-to-month,Yes,Bank transfer (automatic),108.2,No
4804-NCPET,Linton,ND,58552,60,Male,No,Yes,Yes,19,Yes,No,None,No,No,No,No,No,No,Two year,No,Mailed check,20.2,No
5944-UGLLK,Milton,ND,58260,47,Male,No,No,No,53,No,No,DSL,No,No,Yes,Yes,Yes,Yes,One year,No,Credit card (automatic),54.9,No
7787-BNTZM,Mantador,ND,58058,30,Male,No,No,No,6,Yes,No,None,No,No,No,No,No,No,Month-to-month,No,Bank transfer (automatic),20.15,No
2252-ISRNH,Glen Ullin,ND,58631,44,Male,No,Yes,Yes,9,Yes,Yes,Fiber optic,No,No,Yes,No,Yes,No,One year,Yes,Electronic check,90.35,No
9415-TPKRV,Osnabrock,ND,58269,27,Female,No,Yes,Yes,8,Yes,Yes,DSL,No,Yes,No,No,No,No,Month-to-month,No,Electronic check,55.75,No
5322-TEUJK,Fort Yates,ND,58538,44,Female,No,Yes,Yes,71,Yes,Yes,Fiber optic,Yes,Yes,Yes,Yes,Yes,Yes,Two year,No,Bank transfer (automatic),114.6,No
1866-DIOQZ,Fullerton,ND,58441,26,Female,No,Yes,No,71,No,No,DSL,Yes,Yes,Yes,Yes,Yes,Yes,One year,No,Bank transfer (automatic),66.8,No
8375-KVTHK,Blanchard,ND,58009,59,Male,No,Yes,No,68,Yes,No,Fiber optic,No,Yes,No,Yes,Yes,Yes,One year,Yes,Electronic check,100.3,No
2697-NQBPF,Noonan,ND,58765,49,Male,No,No,No,34,Yes,Yes,Fiber optic,No,Yes,No,Yes,Yes,Yes,Month-to-month,Yes,Electronic check,105.35,No
3709-OIJEA,Mantador,ND,58058,63,Male,No,No,No,26,Yes,No,Fiber optic,No,Yes,Yes,Yes,No,No,One year,Yes,Electronic check,85.2,No
1386-ZIKUV,Jamestown,ND,58401,24,Male,No,No,No,7,Yes,No,None,No,No,No,No,No,No,Month-to-month,Yes,Mailed check,18.95,No
0599-XNYDO,Page,ND,58064,42,Female,No,Yes,No,20,Yes,No,Fiber optic,No,No,No,No,No,No,Month-to-month,Yes,Bank transfer (automatic),69.8,No
6377-WHAOX,Hurdsfield,ND,58451,24,Female,No,Yes,No,60,Yes,Yes,Fiber optic,No,Yes,Yes,No,Yes,Yes,Month-to-month,Yes,Electronic check,106.15,No
6855-VLGOS,Tappen,ND,58487,32,Male,No,Yes,Yes,72,Yes,No,None,No,No,No,No,No,No,Two year,No,Electronic check,20.55,No
8999-XXGNS,Buffalo,ND,58011,42,Female,Yes,Yes,No,72,Yes,Yes,Fiber optic,No,Yes,Yes,No,Yes,Yes,One year,Yes,Credit card (automatic),105.75,No
8746-OQQRW,Forbes,ND,58439,45,Male,No,No,No,4,Yes,Yes,None,No,No,No,No,No,No,Month-to-month,No,Mailed check,25.25,No
3181-MIZBN,Rogers,ND,58479,58,Male,No,Yes,Yes,16,Yes,No,None,No,No,No,No,No,No,Month-to-month,No,Electronic check,19.75,No
0471-ARVMX,Jessie,ND,58452,23,Female,Yes,Yes,No,62,Yes,Yes,Fiber optic,Yes,No,Yes,No,Yes,Yes,One year,Yes,Electronic check,104.85,No
7766-CLTIC,Flaxton,ND,58737,56,Female,No,No,No,10,Yes,No,DSL,No,No,No,Yes,No,Yes,Month-to-month,Yes,Mailed check,60.95,No
5650-YLIBA,Penn,ND,58362,63,Male,No,No,No,31,Yes,Yes,Fiber optic,No,Yes,No,No,No,No,Month-to-month,Yes,Electronic check,81.15,No
0825-CPPQH,Mooreton,ND,58061,25,Female,No,Yes,No,71,Yes,No,None,No,No,No,No,No,No,Two year,No,Credit card (automatic),19.1,No
9084-OAYKL,Marmarth,ND,58643,29,Male,No,No,No,58,Yes,No,None,No,No,No,No,No,No,Two year,No,Mailed check,20.8,No
6122-LJADA,Belcourt,ND,58316,23,Male,No,Yes,Yes,70,Yes,Yes,DSL,Yes,Yes,Yes,Yes,Yes,Yes,Two year,Yes,Credit card (automatic),90.15,No
2400-XIWIO,Amidon,ND,58620,58,Female,No,Yes,No,71,Yes,Yes,DSL,Yes,Yes,Yes,Yes,Yes,Yes,Two year,No,Electronic check,90.1,No
7524-VRLPL,Arvilla,ND,58214,21,Male,Yes,No,No,69,Yes,Yes,DSL,Yes,No,Yes,Yes,No,Yes,Two year,No,Credit card (automatic),74.1,No
7569-NMZYQ,Lansford,ND,58750,55,Female,No,Yes,Yes,72,Yes,Yes,Fiber optic,Yes,Yes,Yes,Yes,Yes,Yes,Two year,Yes,Bank transfer (automatic),118.75,No
5201-USSQZ,Drake,ND,58736,26,Female,No,Yes,No,26,Yes,No,Fiber optic,No,No,No,Yes,No,Yes,Month-to-month,No,Credit card (automatic),85.9,No
2105-PHWON,Woodworth,ND,58496,64,Female,No,Yes,No,33,Yes,Yes,Fiber optic,No,No,Yes,Yes,No,Yes,Month-to-month,Yes,Credit card (automatic),95,No
1494-EJZDW,Drayton,ND,58225,43,Female,No,Yes,Yes,10,Yes,No,None,No,No,No,No,No,No,Two year,No,Mailed check,20.15,No
4884-TVUQF,Tuttle,ND,58488,50,Female,Yes,No,No,57,Yes,Yes,Fiber optic,Yes,No,Yes,Yes,No,Yes,Two year,No,Credit card (automatic),101.3,No
8003-EWNDZ,Rogers,ND,58479,57,Female,No,No,No,10,Yes,No,None,No,No,No,No,No,No,Month-to-month,Yes,Electronic check,21.2,No
1897-RCFUM,Sawyer,ND,58781,35,Female,No,Yes,Yes,39,Yes,Yes,None,No,No,No,No,No,No,One year,Yes,Mailed check,24.2,No
9256-JTBNZ,Bismarck,ND,58501,46,Female,No,No,No,11,Yes,No,None,No,No,No,No,No,No,Month-to-month,No,Bank transfer (automatic),20.3,No
2211-RMNHO,Cooperstown,ND,58425,29,Female,No,Yes,Yes,68,Yes,Yes,DSL,No,Yes,Yes,Yes,Yes,Yes,Two year,No,Bank transfer (automatic),85.3,No
2432-TFSMK,Rugby,ND,58368,48,Male,No,No,No,18,Yes,Yes,Fiber optic,No,No,Yes,No,Yes,No,One year,Yes,Credit card (automatic),89.6,No
4929-ROART,Ruso,ND,58778,51,Male,No,No,No,18,Yes,Yes,DSL,Yes,No,No,No,No,No,Month-to-month,No,Mailed check,56.25,No
1834-ABKHQ,Minot,ND,58707,52,Female,No,Yes,Yes,52,Yes,No,DSL,No,No,Yes,No,No,No,One year,Yes,Bank transfer (automatic),50.95,No
1741-WTPON,Montpelier,ND,58472,62,Male,No,Yes,Yes,56,Yes,Yes,Fiber optic,Yes,Yes,Yes,Yes,Yes,Yes,Two year,No,Mailed check,115.85,No
3932-IJWDZ,Dazey,ND,58429,58,Male,No,No,No,45,Yes,Yes,Fiber optic,No,No,Yes,Yes,Yes,Yes,Month-to-month,Yes,Bank transfer (automatic),103.65,No
1240-HCBOH,Lansford,ND,58750,45,Female,No,No,No,67,Yes,Yes,None,No,No,No,No,No,No,Two year,Yes,Mailed check,26.1,No
3594-KADLU,Keene,ND,58847,61,Male,No,Yes,No,3,No,No,DSL,Yes,No,No,Yes,No,No,Month-to-month,No,Mailed check,35.1,No
8065-BVEPF,Steele,ND,58482,59,Male,Yes,No,No,65,Yes,No,Fiber optic,No,Yes,Yes,No,Yes,Yes,Month-to-month,Yes,Bank transfer (automatic),99.1,No
3796-ENZGF,Lidgerwood,ND,58053,63,Male,No,Yes,No,63,Yes,Yes,DSL,No,Yes,No,Yes,No,Yes,Two year,No,Mailed check,67.25,No
1734-ZMNTZ,Robinson,ND,58478,62,Female,No,Yes,Yes,11,Yes,Yes,None,No,No,No,No,No,No,Two year,No,Mailed check,25,No
2853-CWQFQ,Petersburg,ND,58272,47,Male,No,No,Yes,1,Yes,No,DSL,No,No,No,Yes,No,Yes,Month-to-month,Yes,Mailed check,59.55,No
0813-TAXXS,Fingal,ND,58031,51,Male,No,No,No,55,Yes,Yes,DSL,No,No,Yes,No,Yes,Yes,Two year,Yes,Bank transfer (automatic),77.8,No
2519-TWKFS,Linton,ND,58552,38,Male,No,Yes,Yes,25,Yes,Yes,DSL,No,No,No,Yes,No,No,One year,Yes,Mailed check,55.1,No
0626-QXNGV,Pettibone,ND,58475,63,Female,No,Yes,No,72,Yes,Yes,None,No,No,No,No,No,No,Two year,Yes,Credit card (automatic),24.15,No
6723-CEGQI,Roseglen,ND,58775,32,Female,No,No,Yes,65,No,No,DSL,No,Yes,No,Yes,Yes,No,Two year,No,Mailed check,45.25,No
4732-RRJZC,Dawson,ND,58428,26,Male,No,Yes,Yes,7,Yes,No,None,No,No,No,No,No,No,Month-to-month,No,Mailed check,20.25,No
9499-XPZXM,Marmarth,ND,58643,34,Female,No,Yes,No,72,Yes,Yes,DSL,Yes,Yes,No,Yes,No,No,Two year,No,Bank transfer (automatic),64.75,No
4338-EYCER,Baldwin,ND,58521,54,Male,No,Yes,No,21,Yes,No,DSL,No,No,No,No,Yes,No,Month-to-month,No,Bank transfer (automatic),54.6,No
3007-FDPEA,Cannon Ball,ND,58528,53,Female,No,No,No,2,Yes,No,None,No,No,No,No,No,No,Month-to-month,Yes,Bank transfer (automatic),20.7,No
6350-XFYGW,Abercrombie,ND,58001,44,Male,Yes,No,No,4,Yes,No,Fiber optic,No,No,Yes,No,Yes,Yes,Month-to-month,Yes,Electronic check,94.75,No
8513-OLYGY,Cathay,ND,58422,20,Male,No,Yes,No,72,Yes,Yes,Fiber optic,Yes,Yes,Yes,Yes,Yes,Yes,Two year,No,Credit card (automatic),115.8,No
0311-QYWSS,Fairmount,ND,58030,54,Female,No,No,No,6,Yes,No,DSL,Yes,No,No,No,No,No,Month-to-month,Yes,Electronic check,49.45,No
8705-DWKTI,Berthold,ND,58718,57,Male,No,No,No,52,Yes,No,Fiber optic,No,No,Yes,No,No,Yes,Month-to-month,Yes,Credit card (automatic),83.8,No
8755-IWJHN,Rocklake,ND,58365,23,Male,Yes,Yes,No,69,Yes,Yes,Fiber optic,No,Yes,Yes,No,No,Yes,Month-to-month,Yes,Bank transfer (automatic),95.35,No
4480-QQRHC,Mapleton,ND,58059,53,Female,Yes,No,No,8,Yes,No,Fiber optic,No,No,Yes,No,No,No,Month-to-month,Yes,Bank transfer (automatic),74.05,No
0929-PECLO,Caledonia,ND,58219,50,Female,Yes,No,No,63,Yes,Yes,Fiber optic,No,No,Yes,No,No,Yes,Month-to-month,Yes,Bank transfer (automatic),89.6,No
3680-CTHUH,Calvin,ND,58323,20,Male,No,No,No,60,Yes,Yes,Fiber optic,Yes,Yes,Yes,Yes,Yes,Yes,One year,Yes,Credit card (automatic),116.6,No
1202-KKGFU,Belfield,ND,58622,64,Female,No,Yes,No,12,Yes,No,DSL,Yes,No,No,Yes,No,No,Month-to-month,No,Bank transfer (automatic),54.2,No
6112-KTHFQ,Burlington,ND,58722,47,Female,No,No,No,13,Yes,No,None,No,No,No,No,No,No,Month-to-month,Yes,Mailed check,19.3,No
1852-XEMDW,Sherwood,ND,58782,23,Male,No,No,No,22,Yes,Yes,DSL,Yes,Yes,Yes,No,No,No,Month-to-month,No,Mailed check,65.05,No
1820-DJFPH,Page,ND,58064,40,Female,No,Yes,Yes,72,Yes,Yes,None,No,No,No,No,No,No,Two year,Yes,Bank transfer (automatic),24.05,No
9426-SXNHE,Warwick,ND,58381,29,Female,No,No,No,2,Yes,No,None,No,No,No,No,No,No,Month-to-month,No,Bank transfer (automatic),18.75,No
9068-FHQHD,Jamestown,ND,58401,61,Female,No,Yes,Yes,40,Yes,No,None,No,No,No,No,No,No,Two year,No,Bank transfer (automatic),20.15,No
1269-FOYWN,Butte,ND,58723,28,Male,No,Yes,Yes,44,Yes,No,None,No,No,No,No,No,No,One year,No,Bank transfer (automatic),20,No
9470-YFUYI,Absaraka,ND,58002,51,Male,Yes,Yes,No,71,Yes,No,DSL,Yes,Yes,No,Yes,Yes,No,One year,Yes,Bank transfer (automatic),71,No
7402-EYFXX,Fairfield,ND,58627,20,Male,Yes,No,No,26,Yes,Yes,Fiber optic,No,No,No,No,Yes,Yes,Month-to-month,Yes,Electronic check,93.6,No
9895-VFOXH,Fargo,ND,58103,21,Female,No,No,No,1,No,No,DSL,No,No,No,No,No,No,Month-to-month,No,Mailed check,24.4,No
1230-QAJDW,Miller,NE,68858,49,Male,No,No,No,3,Yes,Yes,DSL,No,No,No,Yes,Yes,No,Month-to-month,Yes,Mailed check,65.25,No
5701-ZIKJE,Valparaiso,NE,68065,45,Male,No,No,No,13,Yes,No,DSL,No,No,No,Yes,No,No,Month-to-month,Yes,Mailed check,50.55,No
5032-MIYKT,Pleasant Dale,NE,68423,49,Female,No,No,No,1,Yes,No,Fiber optic,No,No,No,No,No,No,Month-to-month,Yes,Mailed check,70.7,No
7396-VJUZB,Hildreth,NE,68947,61,Male,No,Yes,Yes,4,Yes,No,DSL,No,No,No,No,No,No,Month-to-month,No,Mailed check,45.25,No
9717-QEBGU,Ashton,NE,68817,60,Male,No,No,No,2,Yes,No,Fiber optic,No,No,No,No,No,No,Month-to-month,Yes,Electronic check,70.3,No
5172-RKOCB,Lynch,NE,68746,45,Male,No,Yes,No,72,Yes,Yes,Fiber optic,Yes,Yes,No,Yes,Yes,Yes,Two year,Yes,Credit card (automatic),108.95,No
6509-TSGWN,Oakdale,NE,68761,58,Female,No,Yes,Yes,37,Yes,Yes,None,No,No,No,No,No,No,Month-to-month,No,Mailed check,26.45,No
3178-CIFOT,Barneston,NE,68309,62,Female,No,No,No,23,Yes,No,None,No,No,No,No,No,No,One year,Yes,Credit card (automatic),19.65,No
4530-NDRKU,Johnson,NE,68378,51,Female,No,Yes,Yes,42,Yes,No,None,No,No,No,No,No,No,One year,Yes,Electronic check,19.05,No
5985-TBABQ,Orleans,NE,68966,35,Female,No,No,No,32,Yes,Yes,DSL,Yes,No,No,No,Yes,Yes,One year,No,Mailed check,74.75,No
9800-ONTFE,Weeping Water,NE,68463,54,Female,No,Yes,Yes,22,Yes,Yes,Fiber optic,No,No,No,No,No,No,Month-to-month,Yes,Bank transfer (automatic),75.8,No
6743-HHQPF,Wynot,NE,68792,44,Male,No,Yes,No,42,No,No,DSL,No,No,No,No,No,No,Month-to-month,Yes,Credit card (automatic),25.1,No
8455-HIRAQ,Dorchester,NE,68343,59,Female,No,No,No,8,Yes,No,DSL,No,No,No,No,No,No,Month-to-month,No,Mailed check,44.45,No
6616-AALSR,Herman,NE,68029,42,Female,No,Yes,Yes,65,Yes,Yes,Fiber optic,Yes,No,Yes,No,Yes,Yes,Two year,Yes,Credit card (automatic),104.3,No
9415-ZNBSX,Odessa,NE,68861,34,Female,No,Yes,Yes,70,Yes,Yes,DSL,Yes,Yes,Yes,Yes,Yes,Yes,Two year,Yes,Bank transfer (automatic),89,No
4018-KJYUY,Omaha,NE,68136,36,Male,No,No,Yes,22,Yes,No,None,No,No,No,No,No,No,Month-to-month,No,Credit card (automatic),20.15,No
3884-UEBXB,Wilcox,NE,68982,44,Female,No,Yes,Yes,67,No,No,DSL,Yes,Yes,No,No,No,No,Two year,No,Bank transfer (automatic),36.15,No
8780-RSYYU,Alma,NE,68920,22,Female,No,No,No,25,Yes,No,None,No,No,No,No,No,No,Month-to-month,Yes,Credit card (automatic),19.2,No
5537-UXXVS,Anselmo,NE,68813,42,Female,No,Yes,No,20,Yes,No,None,No,No,No,No,No,No,Month-to-month,No,Bank transfer (automatic),19.25,No
1791-PQHBB,Omaha,NE,68132,37,Female,No,No,Yes,2,Yes,No,DSL,Yes,No,No,No,No,Yes,Month-to-month,Yes,Credit card (automatic),61.2,No
8701-DGLVH,Valparaiso,NE,68065,61,Male,No,No,No,51,Yes,No,None,No,No,No,No,No,No,Two year,No,Mailed check,20.45,No
8741-LQOBK,Bee,NE,68314,61,Female,No,Yes,Yes,46,No,No,DSL,Yes,Yes,No,No,No,No,Month-to-month,No,Bank transfer (automatic),35.05,No
8082-GHXOP,Rushville,NE,69360,55,Male,No,No,Yes,13,Yes,No,DSL,No,No,No,No,No,No,Month-to-month,No,Mailed check,44,No
0980-FEXWF,Surprise,NE,68667,57,Male,No,Yes,Yes,26,Yes,No,DSL,No,No,Yes,No,No,No,One year,No,Mailed check,50.35,No
3011-WQKSZ,Magnet,NE,68749,28,Male,No,No,Yes,19,Yes,No,None,No,No,No,No,No,No,Month-to-month,Yes,Electronic check,20,No
8218-FFJDS,Axtell,NE,68924,49,Female,No,Yes,No,72,Yes,Yes,DSL,Yes,Yes,No,Yes,Yes,Yes,Two year,Yes,Bank transfer (automatic),86.4,No
1986-PHGZF,Omaha,NE,68164,25,Male,Yes,No,No,18,Yes,Yes,DSL,Yes,Yes,No,No,No,No,Month-to-month,Yes,Credit card (automatic),58.4,No
9360-OMDZZ,Palmyra,NE,68418,60,Male,No,No,No,24,Yes,Yes,Fiber optic,No,No,No,No,Yes,Yes,Month-to-month,Yes,Electronic check,94.1,No
0345-XMMUG,Rosalie,NE,68055,43,Female,No,Yes,No,46,Yes,Yes,Fiber optic,No,Yes,Yes,Yes,Yes,Yes,Two year,Yes,Credit card (automatic),108.9,No
8024-XNAFQ,Nenzel,NE,69219,22,Female,Yes,No,No,72,Yes,Yes,Fiber optic,Yes,Yes,Yes,Yes,No,Yes,Two year,Yes,Bank transfer (automatic),107.4,No
2988-GBIVW,Lincoln,NE,68531,47,Female,Yes,Yes,No,70,Yes,Yes,Fiber optic,Yes,No,No,No,No,Yes,Month-to-month,Yes,Electronic check,90.85,No
2832-SCUCO,Max,NE,69037,46,Female,No,No,No,2,Yes,No,None,No,No,No,No,No,No,Month-to-month,No,Electronic check,19.9,No
7036-ZZKBD,Cedar Creek,NE,68016,34,Male,No,Yes,No,31,Yes,No,DSL,No,No,Yes,Yes,No,Yes,Month-to-month,Yes,Credit card (automatic),66.4,No
0265-PSUAE,Callaway,NE,68825,57,Female,No,Yes,Yes,16,Yes,No,Fiber optic,Yes,No,Yes,No,Yes,Yes,Month-to-month,No,Bank transfer (automatic),100.7,No
0463-TXOAK,Bellevue,NE,68123,52,Male,No,No,Yes,52,Yes,Yes,None,No,No,No,No,No,No,Two year,No,Credit card (automatic),25.6,No
0594-UFTUL,Surprise,NE,68667,23,Male,No,Yes,Yes,13,Yes,No,None,No,No,No,No,No,No,Month-to-month,Yes,Mailed check,19.85,No
9509-MPYOD,Kearney,NE,68849,56,Female,No,No,No,35,Yes,No,None,No,No,No,No,No,No,One year,No,Mailed check,20.75,No
9128-CPXKI,Rosalie,NE,68055,36,Female,No,No,No,59,Yes,No,Fiber optic,No,No,Yes,No,Yes,Yes,Two year,No,Electronic check,95.8,No
0129-KPTWJ,Union,NE,68455,23,Male,No,Yes,No,72,Yes,No,Fiber optic,No,No,Yes,No,Yes,Yes,Month-to-month,Yes,Electronic check,94.65,No
5855-EIBDE,Hendley,NE,68946,43,Female,No,Yes,No,49,Yes,Yes,Fiber optic,Yes,Yes,Yes,Yes,No,Yes,Two year,No,Credit card (automatic),106.65,No
5365-LLFYV,Bancroft,NE,68004,21,Female,No,No,No,2,Yes,No,DSL,No,No,No,No,No,No,Month-to-month,Yes,Mailed check,45.85,No
5956-YHHRX,Lyons,NE,68038,47,Male,Yes,No,No,21,Yes,Yes,Fiber optic,No,Yes,Yes,No,Yes,Yes,Month-to-month,Yes,Electronic check,104.35,No
6008-NAIXK,Brady,NE,69123,30,Male,Yes,No,No,54,No,No,DSL,No,Yes,Yes,No,Yes,Yes,One year,Yes,Electronic check,55.45,No
1928-BXYIV,Willow Island,NE,69171,44,Male,No,No,No,1,Yes,Yes,DSL,Yes,Yes,No,No,No,No,Month-to-month,No,Electronic check,61.15,No
5760-FXFVO,Danbury,NE,69026,21,Male,No,No,No,6,Yes,No,Fiber optic,Yes,Yes,No,No,No,No,Month-to-month,Yes,Electronic check,78.95,No
0961-ZWLVI,West Point,NE,68788,59,Male,No,No,Yes,49,Yes,Yes,Fiber optic,Yes,Yes,Yes,No,Yes,Yes,One year,Yes,Credit card (automatic),109.2,No
5181-OABFK,Hartington,NE,68739,40,Female,No,Yes,Yes,56,Yes,No,DSL,Yes,Yes,Yes,No,No,No,Two year,Yes,Credit card (automatic),61.3,No
4007-NHVHI,Curtis,NE,69025,35,Female,Yes,No,No,56,Yes,Yes,Fiber optic,Yes,Yes,No,No,No,Yes,Month-to-month,Yes,Electronic check,96.85,No
7816-VGHTO,Bladen,NE,68928,62,Female,No,Yes,Yes,6,No,No,DSL,No,Yes,Yes,Yes,No,No,Two year,No,Mailed check,40.55,No
5871-DGTXZ,Elk Creek,NE,68348,25,Male,No,No,No,32,Yes,No,None,No,No,No,No,No,No,One year,No,Mailed check,19.8,No
7550-WIQVA,Fairbury,NE,68352,50,Male,No,Yes,Yes,50,Yes,Yes,Fiber optic,Yes,Yes,Yes,No,Yes,Yes,One year,Yes,Electronic check,108.25,No
7544-ZVIKX,Washington,NE,68068,51,Male,No,Yes,Yes,58,Yes,Yes,Fiber optic,No,No,Yes,Yes,Yes,Yes,One year,Yes,Bank transfer (automatic),105.05,No
0016-QLJIS,Battle Creek,NE,68715,55,Female,No,Yes,Yes,65,Yes,Yes,DSL,Yes,Yes,Yes,Yes,Yes,Yes,Two year,Yes,Mailed check,90.45,No
7508-DQAKK,Bridgeport,NE,69336,31,Female,No,No,No,64,Yes,Yes,DSL,Yes,Yes,Yes,Yes,Yes,Yes,Two year,Yes,Credit card (automatic),86.4,No
5176-OLSKT,Du Bois,NE,68345,25,Female,No,Yes,No,66,Yes,Yes,DSL,Yes,Yes,Yes,No,No,No,Two year,No,Bank transfer (automatic),66.9,No
9356-AXGMP,Omaha,NE,68135,52,Male,No,Yes,No,38,Yes,Yes,Fiber optic,Yes,No,Yes,Yes,Yes,Yes,One year,Yes,Electronic check,110.7,No
3556-BVQGL,Cozad,NE,69130,64,Female,No,Yes,No,20,Yes,No,None,No,No,No,No,No,No,One year,Yes,Mailed check,20,No
8979-CAMGB,Lincoln,NE,68510,27,Male,Yes,No,No,64,Yes,Yes,Fiber optic,No,No,Yes,Yes,Yes,Yes,One year,No,Electronic check,102.1,No
7581-EBBOU,Kilgore,NE,69216,27,Female,No,No,No,60,Yes,No,DSL,No,Yes,Yes,Yes,Yes,No,One year,Yes,Credit card (automatic),70.15,No
5073-RZGBK,Primrose,NE,68655,20,Female,No,Yes,Yes,50,Yes,Yes,DSL,Yes,Yes,Yes,Yes,No,Yes,One year,Yes,Bank transfer (automatic),80.05,No
2192-CKRLV,Omaha,NE,68118,57,Female,No,Yes,No,72,No,No,DSL,Yes,Yes,Yes,No,No,Yes,Two year,Yes,Electronic check,49.2,No
3154-HMWUU,Curtis,NE,69025,30,Male,No,Yes,No,60,Yes,No,None,No,No,No,No,No,No,Two year,Yes,Bank transfer (automatic),20.5,No
6119-SPUDB,Firth,NE,68358,23,Male,No,No,No,46,No,No,DSL,Yes,No,Yes,Yes,No,No,Two year,No,Mailed check,38.25,No
6522-OIQSX,Holbrook,NE,68948,34,Female,No,Yes,Yes,69,No,No,DSL,No,Yes,Yes,No,Yes,Yes,Two year,Yes,Credit card (automatic),54.95,No
7813-ZGGAW,Benedict,NE,68316,31,Male,Yes,No,No,31,Yes,Yes,Fiber optic,No,No,Yes,Yes,Yes,No,Month-to-month,Yes,Bank transfer (automatic),96.6,No
8748-HFWBO,Alliance,NE,69301,21,Male,No,Yes,Yes,19,Yes,No,None,No,No,No,No,No,No,One year,No,Mailed check,19.9,No
1052-QJIBV,Alma,NE,68920,58,Female,No,Yes,Yes,71,Yes,No,None,No,No,No,No,No,No,Two year,No,Credit card (automatic),19.9,No
1319-YLZJG,Elwood,NE,68937,45,Male,No,Yes,No,12,Yes,No,Fiber optic,Yes,Yes,Yes,No,No,No,Month-to-month,Yes,Electronic check,84.6,No
0723-FDLAY,Bayard,NE,69334,21,Male,No,No,No,44,Yes,Yes,DSL,No,Yes,Yes,Yes,Yes,Yes,One year,Yes,Bank transfer (automatic),85.25,No
3050-RLLXC,Ericson,NE,68637,33,Female,No,Yes,Yes,56,Yes,Yes,DSL,Yes,Yes,Yes,Yes,Yes,No,Two year,No,Credit card (automatic),81.25,No
9298-WGMRW,Lincoln,NE,68521,57,Female,No,Yes,No,72,Yes,Yes,Fiber optic,Yes,Yes,Yes,Yes,Yes,Yes,Two year,Yes,Bank transfer (automatic),115.5,No
3088-LHEFH,Aurora,NE,68818,40,Female,No,No,No,11,Yes,Yes,Fiber optic,Yes,No,No,No,No,No,Month-to-month,Yes,Bank transfer (automatic),79,No
6583-KQJLK,Ashton,NE,68817,33,Female,Yes,Yes,No,15,Yes,No,Fiber optic,No,Yes,No,No,Yes,Yes,Month-to-month,Yes,Electronic check,94.65,No
8544-JNBOX,Lincoln,NE,68516,49,Male,No,No,No,72,Yes,No,None,No,No,No,No,No,No,Two year,Yes,Mailed check,20.8,No
6681-ZSEXG,Coleridge,NE,68727,33,Male,No,Yes,No,56,Yes,Yes,DSL,No,Yes,Yes,No,No,No,Two year,No,Credit card (automatic),59.5,No
6139-ZZRBQ,Indianola,NE,69034,20,Male,Yes,No,No,64,Yes,No,None,No,No,No,No,No,No,Two year,Yes,Bank transfer (automatic),20.05,No
6116-RFVHN,Big Springs,NE,69122,29,Female,No,Yes,No,34,Yes,Yes,Fiber optic,No,No,Yes,No,Yes,Yes,Month-to-month,Yes,Electronic check,100.45,No
8884-FEEWR,Elsmere,NE,69135,21,Male,No,No,No,35,Yes,No,None,No,No,No,No,No,No,One year,No,Bank transfer (automatic),20.6,No
3125-RAHBV,Nehawka,NE,68413,43,Male,No,No,No,22,Yes,No,None,No,No,No,No,No,No,One year,No,Credit card (automatic),20.3,No
0373-AIVNJ,Burchard,NE,68323,61,Male,No,No,No,9,No,No,DSL,Yes,Yes,Yes,No,No,No,One year,No,Mailed check,39.55,No
1682-VCOIO,Bartlett,NE,68622,26,Male,No,No,No,23,Yes,No,None,No,No,No,No,No,No,One year,No,Mailed check,20.45,No
2072-ZVJJX,Harrisburg,NE,69345,56,Male,No,Yes,No,68,Yes,Yes,None,No,No,No,No,No,No,Two year,No,Bank transfer (automatic),25.25,No
8849-AYPTR,Creighton,NE,68729,44,Male,No,Yes,No,33,Yes,No,Fiber optic,No,No,No,No,Yes,Yes,Month-to-month,No,Electronic check,91.25,No
9518-IMLHK,Martell,NE,68404,40,Male,No,No,No,31,Yes,No,DSL,Yes,Yes,Yes,Yes,Yes,No,Month-to-month,Yes,Bank transfer (automatic),72.45,No
3646-ITDGM,Neligh,NE,68756,38,Female,No,No,No,56,Yes,No,None,No,No,No,No,No,No,Two year,No,Bank transfer (automatic),19.7,No
3569-VLDHH,Magnet,NE,68749,43,Male,No,Yes,Yes,66,Yes,No,DSL,Yes,Yes,Yes,Yes,Yes,No,One year,Yes,Electronic check,75.1,No
8224-KDLKN,Bertrand,NE,68927,29,Male,No,Yes,Yes,72,Yes,Yes,None,No,No,No,No,No,No,Two year,No,Bank transfer (automatic),25,No
7594-LZNWR,Papillion,NE,68046,54,Male,Yes,No,No,34,Yes,No,Fiber optic,No,No,No,No,No,No,Month-to-month,No,Credit card (automatic),69.15,No
4001-TSBTV,Hampton,NE,68843,19,Female,No,Yes,Yes,58,Yes,No,Fiber optic,No,Yes,Yes,No,Yes,No,Month-to-month,Yes,Electronic check,91.55,No
8727-XDPUD,Falls City,NE,68355,28,Male,No,No,No,37,No,No,DSL,No,No,No,No,Yes,No,Two year,No,Credit card (automatic),35.8,No
1043-UXOVO,Keystone,NE,69144,44,Female,No,No,No,71,Yes,Yes,Fiber optic,Yes,Yes,Yes,Yes,Yes,Yes,Two year,Yes,Credit card (automatic),113.15,No
1064-FBXNK,Champion,NE,69023,19,Male,No,Yes,Yes,1,Yes,No,None,No,No,No,No,No,No,One year,No,Credit card (automatic),19.85,No
3996-ZNWYK,Lincoln,NE,68508,52,Male,Yes,Yes,Yes,71,Yes,No,None,No,No,No,No,No,No,Two year,No,Credit card (automatic),19.8,No
2878-DHMIN,Ogallala,NE,69153,30,Male,No,Yes,Yes,35,Yes,No,None,No,No,No,No,No,No,One year,No,Electronic check,19.9,No
7762-ONLJY,Fort Calhoun,NE,68023,49,Female,No,Yes,Yes,6,Yes,No,None,No,No,No,No,No,No,One year,No,Mailed check,19.7,No
5795-BKOYE,Imperial,NE,69033,44,Female,No,Yes,Yes,69,Yes,No,DSL,No,Yes,Yes,Yes,No,No,One year,No,Bank transfer (automatic),59.1,No
7402-PWYJJ,North Platte,NE,69101,49,Female,No,Yes,No,53,Yes,Yes,Fiber optic,No,No,No,Yes,No,Yes,One year,Yes,Electronic check,91.15,No
0018-NYROU,Lincoln,NE,68517,35,Female,No,Yes,No,5,Yes,No,Fiber optic,No,No,No,No,No,No,Month-to-month,Yes,Electronic check,68.95,No
7501-VTYLJ,Schuyler,NE,68661,26,Female,No,No,Yes,2,Yes,No,DSL,No,Yes,No,No,No,No,Month-to-month,No,Mailed check,51.55,No
7608-RGIRO,Farwell,NE,68838,36,Male,No,No,Yes,62,Yes,Yes,None,No,No,No,No,No,No,Two year,Yes,Mailed check,24.4,No
0480-BIXDE,Nelson,NE,68961,19,Female,No,Yes,No,19,Yes,No,Fiber optic,No,No,Yes,No,Yes,Yes,Month-to-month,Yes,Electronic check,96.8,No
5895-QSXOD,Dwight,NE,68635,31,Male,No,No,No,9,Yes,No,Fiber optic,No,No,No,No,No,No,Month-to-month,No,Mailed check,70.05,No
9814-AOUDH,Thurston,NE,68062,52,Male,No,No,No,53,Yes,No,None,No,No,No,No,No,No,Two year,No,Credit card (automatic),19.5,No
6175-IRFIT,Meadow Grove,NE,68752,27,Male,No,No,No,5,Yes,No,Fiber optic,No,No,No,No,No,Yes,Month-to-month,No,Mailed check,78.75,No
8760-ZRHKE,Scotia,NE,68875,46,Female,Yes,Yes,Yes,71,Yes,Yes,DSL,Yes,Yes,No,No,Yes,No,One year,No,Electronic check,69.2,No
1622-HSHSF,Omaha,NE,68117,30,Female,No,No,No,1,Yes,No,None,No,No,No,No,No,No,Month-to-month,Yes,Mailed check,19.55,No
6749-UTDVX,Marquette,NE,68854,64,Male,No,No,No,72,Yes,Yes,Fiber optic,No,Yes,Yes,No,Yes,Yes,Two year,Yes,Electronic check,103.65,No
5542-DHSXL,Plattsmouth,NE,68048,49,Female,No,Yes,No,4,Yes,No,DSL,Yes,Yes,No,No,No,No,Month-to-month,No,Mailed check,54.7,No
9102-OXKFY,Saint Helena,NE,68774,35,Male,No,No,No,59,Yes,Yes,DSL,No,No,Yes,No,No,No,Two year,No,Credit card (automatic),54.15,No
5216-WASFJ,Amelia,NE,68711,49,Female,Yes,Yes,No,31,Yes,Yes,Fiber optic,No,No,No,No,No,Yes,Month-to-month,Yes,Electronic check,84.85,No
7808-DVWEP,Yutan,NE,68073,25,Male,No,Yes,No,3,Yes,No,None,No,No,No,No,No,No,Month-to-month,No,Bank transfer (automatic),20,No
2284-VFLKH,Riverton,NE,68972,23,Male,No,Yes,No,49,Yes,No,Fiber optic,No,No,Yes,Yes,Yes,Yes,One year,Yes,Credit card (automatic),99.25,No
0366-NQSHS,Upland,NE,68981,31,Male,No,No,No,2,Yes,No,None,No,No,No,No,No,No,Month-to-month,No,Mailed check,19.35,No
3807-BPOMJ,Albion,NE,68620,26,Female,No,Yes,No,55,Yes,No,Fiber optic,Yes,No,No,No,Yes,Yes,One year,Yes,Electronic check,94.75,No
3892-NXAZG,Manley,NE,68403,38,Male,No,Yes,Yes,72,Yes,Yes,Fiber optic,Yes,Yes,Yes,Yes,Yes,Yes,Two year,Yes,Credit card (automatic),114.05,No
4948-WBBKL,Stanton,NE,68779,50,Female,Yes,No,No,36,Yes,Yes,Fiber optic,No,No,No,No,No,No,Month-to-month,Yes,Bank transfer (automatic),74.9,No
4182-BGSIQ,Minatare,NE,69356,55,Female,No,Yes,Yes,10,Yes,No,None,No,No,No,No,No,No,Month-to-month,Yes,Bank transfer (automatic),19.8,No
0988-AADSA,Arlington,NE,68002,50,Female,No,Yes,Yes,72,Yes,Yes,DSL,Yes,Yes,Yes,Yes,No,Yes,Two year,No,Bank transfer (automatic),80.85,No
9972-NKTFD,Winnetoon,NE,68789,35,Female,No,No,No,28,Yes,No,DSL,No,Yes,No,Yes,No,No,Month-to-month,No,Bank transfer (automatic),54.65,No
3717-LNXKW,Shickley,NE,68436,45,Male,No,Yes,No,38,Yes,Yes,Fiber optic,Yes,No,No,No,Yes,No,Month-to-month,No,Bank transfer (automatic),91.7,No
5734-EJKXG,Riverton,NE,68972,34,Female,No,No,No,61,Yes,Yes,Fiber optic,Yes,Yes,Yes,Yes,Yes,Yes,One year,Yes,Electronic check,118.6,No
2207-RYYRL,Callaway,NE,68825,22,Male,No,Yes,Yes,52,Yes,Yes,None,No,No,No,No,No,No,Two year,No,Mailed check,24.55,No
6729-FZWSY,David City,NE,68632,25,Male,No,No,No,67,Yes,No,None,No,No,No,No,No,No,One year,Yes,Mailed check,19.45,No
9695-IDRZR,Stratton,NE,69043,33,Female,No,No,Yes,34,Yes,Yes,Fiber optic,Yes,Yes,Yes,Yes,Yes,Yes,Two year,Yes,Credit card (automatic),116.15,No
8144-DGHXP,Nenzel,NE,69219,60,Female,No,No,No,54,Yes,No,DSL,Yes,No,Yes,Yes,Yes,Yes,Two year,No,Electronic check,80.6,No
7814-LEEVE,Omaha,NE,68110,59,Female,No,Yes,No,1,Yes,No,None,No,No,No,No,No,No,Month-to-month,Yes,Bank transfer (automatic),20.3,No
8631-WUXGY,Stockville,NE,69042,50,Female,No,No,Yes,46,Yes,No,Fiber optic,No,Yes,Yes,No,Yes,Yes,Month-to-month,Yes,Electronic check,99.8,No
5906-DVAPM,Brady,NE,69123,64,Female,No,Yes,Yes,55,Yes,Yes,DSL,Yes,Yes,No,Yes,Yes,No,One year,Yes,Credit card (automatic),75,No
6654-QGBZZ,Orleans,NE,68966,37,Female,No,No,No,1,Yes,No,None,No,No,No,No,No,No,Month-to-month,No,Mailed check,19.9,No
8348-JLBUG,Grant,NE,69140,58,Male,Yes,Yes,No,64,Yes,No,Fiber optic,Yes,No,Yes,No,No,No,One year,No,Credit card (automatic),80.3,No
5641-DMBFJ,Valentine,NE,69201,63,Female,No,Yes,No,58,Yes,Yes,DSL,Yes,No,Yes,Yes,Yes,Yes,Two year,Yes,Electronic check,84.3,No
9200-NLNPD,Upland,NE,68981,19,Male,No,Yes,No,56,No,No,DSL,No,No,Yes,Yes,Yes,Yes,One year,Yes,Bank transfer (automatic),54.05,No
2664-XJZNO,Danbury,NE,69026,60,Male,No,Yes,Yes,72,Yes,No,Fiber optic,Yes,No,Yes,Yes,Yes,Yes,Two year,Yes,Credit card (automatic),104.9,No
3339-EAQNV,Lyons,NE,68038,55,Male,Yes,Yes,No,72,Yes,Yes,Fiber optic,No,Yes,No,No,Yes,Yes,One year,Yes,Credit card (automatic),97.25,No
0921-OHLVP,Kearney,NE,68849,53,Male,No,No,No,22,Yes,Yes,Fiber optic,No,No,No,No,No,Yes,Month-to-month,No,Electronic check,83.05,No
8350-NYMVI,Ohiowa,NE,68416,58,Female,No,No,No,39,No,No,DSL,No,Yes,Yes,Yes,No,No,Month-to-month,No,Bank transfer (automatic),41.1,No
1600-DILPE,Johnson,NE,68378,19,Female,No,No,No,12,Yes,No,DSL,No,No,No,No,No,No,Month-to-month,Yes,Bank transfer (automatic),45,No
0536-ESJEP,Salem,NE,68433,45,Male,No,Yes,No,54,Yes,No,DSL,Yes,Yes,No,No,Yes,Yes,Two year,Yes,Bank transfer (automatic),74.55,No
4654-GGUII,Douglas,NE,68344,46,Female,No,No,No,18,No,No,DSL,Yes,Yes,No,Yes,No,No,One year,Yes,Mailed check,40.2,No
6478-HRRCZ,Ravenna,NE,68869,41,Male,No,Yes,No,32,Yes,No,DSL,Yes,Yes,No,Yes,No,Yes,One year,No,Mailed check,70.5,No
8510-BBWMU,Cedar Creek,NE,68016,37,Female,No,No,No,41,Yes,No,None,No,No,No,No,No,No,One year,Yes,Mailed check,19.75,No
6857-TKDJV,Cedar Bluffs,NE,68015,37,Male,No,Yes,Yes,67,Yes,Yes,None,No,No,No,No,No,No,Two year,No,Bank transfer (automatic),24.65,No
2360-RDGRO,Shelby,NE,68662,23,Male,No,Yes,No,65,Yes,Yes,Fiber optic,Yes,No,Yes,No,Yes,Yes,Month-to-month,Yes,Electronic check,104.25,No
0584-BJQGZ,Madison,NE,68748,36,Female,No,No,No,25,Yes,Yes,DSL,Yes,Yes,Yes,Yes,Yes,No,Month-to-month,Yes,Bank transfer (automatic),78.35,No
1360-XFJMR,Dalton,NE,69131,60,Female,No,Yes,No,67,Yes,Yes,Fiber optic,No,Yes,Yes,Yes,Yes,Yes,One year,Yes,Credit card (automatic),109.7,No
5730-RIITO,Hoskins,NE,68740,34,Female,Yes,No,No,43,No,No,DSL,Yes,Yes,No,No,No,No,Month-to-month,Yes,Credit card (automatic),33.45,No
9058-MJLZC,Verdigre,NE,68783,27,Female,No,No,No,24,Yes,No,Fiber optic,Yes,No,No,No,Yes,Yes,Month-to-month,Yes,Electronic check,94.6,No
0902-XKXPN,Superior,NE,68978,61,Male,No,Yes,Yes,69,Yes,No,None,No,No,No,No,No,No,Two year,No,Bank transfer (automatic),20.2,No
5177-RVZNU,Homer,NE,68030,25,Female,No,No,Yes,37,Yes,No,None,No,No,No,No,No,No,One year,No,Bank transfer (automatic),20.3,No
0056-EPFBG,Mead,NE,68041,62,Male,No,Yes,Yes,20,No,No,DSL,Yes,No,Yes,Yes,No,No,Two year,Yes,Credit card (automatic),39.4,No
8993-IZEUX,Newman Grove,NE,68758,60,Male,No,No,No,7,Yes,No,Fiber optic,No,No,No,No,No,No,Month-to-month,No,Bank transfer (automatic),69.15,No
8190-ZTQFB,Scotia,NE,68875,59,Male,No,No,No,41,No,No,DSL,No,No,Yes,No,Yes,Yes,One year,Yes,Electronic check,51.35,No
0931-MHTEM,Dunbar,NE,68346,20,Female,No,No,No,54,Yes,No,Fiber optic,Yes,Yes,No,No,Yes,Yes,One year,Yes,Credit card (automatic),100.05,No
7515-LODFU,Waterbury,NE,68785,50,Male,Yes,No,No,69,Yes,No,None,No,No,No,No,No,No,Two year,No,Credit card (automatic),20.3,No
0440-UEDAI,Spalding,NE,68665,45,Female,No,No,No,53,Yes,No,Fiber optic,No,Yes,Yes,Yes,No,Yes,One year,Yes,Credit card (automatic),94.45,No
1337-BOZWO,Brewster,NE,68821,22,Male,No,Yes,Yes,18,No,No,DSL,No,Yes,Yes,No,Yes,No,One year,No,Credit card (automatic),46.4,No
0868-VJRDR,Ragan,NE,68969,34,Male,No,Yes,No,64,Yes,No,Fiber optic,Yes,Yes,No,Yes,Yes,Yes,Two year,Yes,Credit card (automatic),104.05,No
6344-SFJVH,Omaha,NE,68136,35,Female,No,No,No,20,No,No,DSL,No,No,No,No,No,No,Month-to-month,No,Credit card (automatic),24.9,No
3950-VPYJB,Beaver Crossing,NE,68313,22,Male,No,Yes,Yes,57,Yes,No,DSL,Yes,Yes,No,Yes,No,No,One year,No,Mailed check,59.6,No
8041-TMEID,Clatonia,NE,68328,37,Male,Yes,Yes,No,63,Yes,Yes,Fiber optic,Yes,Yes,Yes,No,Yes,Yes,Two year,No,Credit card (automatic),108.5,No
7321-ZNSLA,Marsland,NE,69354,32,Male,No,Yes,Yes,13,No,No,DSL,Yes,Yes,No,Yes,No,No,Two year,No,Mailed check,40.55,No
6941-KXRRV,Daykin,NE,68338,27,Female,Yes,Yes,No,48,Yes,No,DSL,No,Yes,No,No,No,Yes,One year,Yes,Bank transfer (automatic),58.95,No
8727-JQFHV,Seneca,NE,69161,52,Male,No,Yes,Yes,57,Yes,No,None,No,No,No,No,No,No,Two year,No,Mailed check,20.75,No
9475-NNDGC,Clarkson,NE,68629,27,Male,No,Yes,No,71,Yes,Yes,Fiber optic,No,Yes,Yes,Yes,Yes,Yes,One year,Yes,Bank transfer (automatic),113.15,No
1355-KUSBG,Virginia,NE,68458,45,Female,No,Yes,Yes,7,Yes,Yes,DSL,No,No,No,No,No,No,Month-to-month,No,Electronic check,48.8,No
3688-FTHLT,Kenesaw,NE,68956,22,Female,No,No,No,16,Yes,Yes,DSL,No,No,No,No,No,Yes,Month-to-month,Yes,Bank transfer (automatic),63.05,No
0899-LIIBW,Clatonia,NE,68328,37,Male,No,Yes,No,34,Yes,Yes,Fiber optic,No,No,Yes,No,Yes,Yes,Month-to-month,No,Electronic check,100.85,No
1384-RCUXW,Hordville,NE,68846,37,Male,No,No,No,16,Yes,Yes,Fiber optic,No,Yes,No,No,No,No,Month-to-month,Yes,Mailed check,80.55,No
5825-XJOCM,Central City,NE,68826,39,Male,No,No,Yes,48,Yes,Yes,DSL,Yes,Yes,Yes,No,No,No,One year,Yes,Bank transfer (automatic),64.4,No
6848-YLDFR,Weston,NE,68070,32,Male,No,Yes,Yes,58,Yes,No,DSL,No,Yes,No,Yes,Yes,Yes,One year,Yes,Credit card (automatic),75.2,No
8125-QPFJD,Bruno,NE,68014,58,Female,No,Yes,No,72,Yes,Yes,DSL,Yes,No,Yes,Yes,Yes,Yes,Two year,Yes,Bank transfer (automatic),84.9,No
2320-YKQBO,Humphrey,NE,68642,40,Female,No,No,No,7,Yes,No,None,No,No,No,No,No,No,Month-to-month,No,Mailed check,19.3,No
4973-RLZVI,Venango,NE,69168,32,Female,No,No,No,30,Yes,No,DSL,Yes,Yes,Yes,Yes,Yes,No,One year,No,Credit card (automatic),74.65,No
7869-ZYDST,Bennington,NE,68007,62,Male,No,Yes,No,31,Yes,Yes,DSL,No,No,No,No,Yes,No,Month-to-month,Yes,Credit card (automatic),59.05,No
4501-UYKBC,Davey,NE,68336,56,Female,Yes,No,No,46,Yes,Yes,DSL,No,No,Yes,Yes,No,Yes,One year,Yes,Credit card (automatic),69.1,No
1215-EXRMO,Phillips,NE,68865,22,Male,No,Yes,No,50,Yes,No,None,No,No,No,No,No,No,Two year,No,Mailed check,20.55,No
2305-MRGLV,Wauneta,NE,69045,62,Male,No,Yes,No,28,Yes,No,Fiber optic,No,No,No,Yes,No,No,Month-to-month,No,Bank transfer (automatic),76.55,No
8404-VIOMB,Belden,NE,68717,45,Female,No,No,No,66,No,No,DSL,Yes,Yes,Yes,Yes,Yes,Yes,Two year,Yes,Bank transfer (automatic),62.5,No
2359-KLTEK,Lincoln,NE,68531,23,Female,No,Yes,Yes,41,Yes,No,Fiber optic,No,No,Yes,No,Yes,Yes,Month-to-month,Yes,Bank transfer (automatic),94.9,No
5304-EFJLP,Clay Center,NE,68933,43,Male,Yes,Yes,No,72,Yes,Yes,Fiber optic,No,Yes,Yes,Yes,Yes,Yes,Two year,Yes,Bank transfer (automatic),111.65,No
2673-ZALNP,Burchard,NE,68323,51,Female,No,No,No,7,Yes,No,None,No,No,No,No,No,No,One year,No,Mailed check,19.9,No
9184-GALIL,Hudson,NH,3051,51,Female,No,Yes,Yes,38,Yes,No,None,No,No,No,No,No,No,Month-to-month,No,Mailed check,20.45,No
4393-RYCRE,Wilmot,NH,3287,42,Male,No,No,No,44,Yes,No,Fiber optic,Yes,Yes,Yes,No,Yes,Yes,One year,Yes,Electronic check,106.05,No
9746-MDMBK,Monroe,NH,3771,51,Male,No,Yes,Yes,47,Yes,Yes,Fiber optic,Yes,Yes,Yes,Yes,Yes,Yes,One year,Yes,Bank transfer (automatic),113.45,No
3162-ZJZFU,Gilmanton,NH,3237,48,Male,No,Yes,Yes,53,Yes,No,Fiber optic,No,Yes,No,Yes,Yes,No,Month-to-month,Yes,Electronic check,92.55,No
8404-GFGCZ,North Walpole,NH,3609,51,Male,No,Yes,No,4,Yes,Yes,DSL,No,No,Yes,No,Yes,No,Month-to-month,No,Electronic check,65.6,No
8875-AKBYH,Goffstown,NH,3045,64,Male,Yes,No,No,20,Yes,Yes,Fiber optic,No,No,No,No,Yes,No,Month-to-month,Yes,Electronic check,84.35,No
0533-UCAAU,Littleton,NH,3561,40,Male,Yes,Yes,No,57,Yes,Yes,DSL,No,Yes,Yes,No,Yes,No,One year,Yes,Credit card (automatic),71.1,No
1394-SUIUH,Jackson,NH,3846,58,Female,Yes,Yes,No,44,Yes,No,Fiber optic,Yes,Yes,No,Yes,No,No,Month-to-month,Yes,Electronic check,85.15,No
3521-MNKLV,Henniker,NH,3242,60,Male,No,No,No,24,Yes,No,DSL,No,No,Yes,No,No,No,Month-to-month,Yes,Mailed check,49.7,No
2533-TIBIX,Merrimack,NH,3054,26,Male,No,Yes,Yes,15,No,No,DSL,Yes,No,No,No,No,No,Month-to-month,Yes,Bank transfer (automatic),30.2,No
5092-STPKP,Peterborough,NH,3458,29,Female,No,No,No,24,Yes,No,DSL,Yes,No,No,Yes,No,No,Month-to-month,No,Credit card (automatic),56.35,No
0114-PEGZZ,Freedom,NH,3836,31,Female,No,No,No,33,Yes,Yes,Fiber optic,No,Yes,Yes,No,Yes,Yes,Month-to-month,No,Electronic check,107.55,No
3359-DSRKA,Manchester,NH,3101,30,Female,No,Yes,Yes,58,Yes,No,None,No,No,No,No,No,No,Two year,Yes,Mailed check,19.85,No
8639-NHQEI,Center Tuftonboro,NH,3816,33,Female,No,Yes,Yes,72,Yes,Yes,Fiber optic,Yes,Yes,No,No,Yes,No,Two year,Yes,Bank transfer (automatic),95.9,No
7161-DFHUF,Greenfield,NH,3047,56,Female,No,Yes,No,71,Yes,Yes,None,No,No,No,No,No,No,Two year,No,Mailed check,23.85,No
3720-DBRWL,North Hampton,NH,3862,41,Male,No,Yes,No,51,Yes,No,DSL,Yes,Yes,Yes,Yes,Yes,Yes,Two year,Yes,Credit card (automatic),83.85,No
8565-WUXZU,Fremont,NH,3044,51,Male,Yes,Yes,No,72,Yes,No,Fiber optic,Yes,Yes,No,Yes,No,No,Two year,Yes,Credit card (automatic),84.8,No
4994-OBRSZ,East Hampstead,NH,3826,52,Male,No,No,Yes,14,Yes,No,DSL,Yes,Yes,Yes,Yes,No,Yes,Two year,No,Bank transfer (automatic),76.1,No
0562-FGDCR,Littleton,NH,3561,31,Female,No,Yes,Yes,72,Yes,Yes,DSL,Yes,Yes,No,Yes,Yes,No,Two year,No,Mailed check,74.55,No
2436-QBZFP,West Lebanon,NH,3784,40,Female,No,Yes,Yes,22,No,No,DSL,No,Yes,No,No,Yes,No,Month-to-month,No,Electronic check,39.2,No
3420-YJLQT,Hanover,NH,3755,36,Female,No,No,No,2,Yes,Yes,Fiber optic,No,Yes,No,No,No,No,Month-to-month,No,Electronic check,79.55,No
6040-CGACY,Acworth,NH,3601,43,Female,No,No,No,15,Yes,No,None,No,No,No,No,No,No,Month-to-month,No,Mailed check,19.6,No
6582-PLFUU,Center Harbor,NH,3226,47,Male,No,Yes,Yes,51,Yes,No,None,No,No,No,No,No,No,Two year,No,Credit card (automatic),19.55,No
8242-PDSGJ,Manchester,NH,3102,59,Male,No,Yes,No,70,No,No,DSL,Yes,No,Yes,Yes,No,No,Two year,Yes,Credit card (automatic),39.15,No
0264-CNITK,Temple,NH,3084,42,Female,No,Yes,Yes,71,Yes,No,None,No,No,No,No,No,No,Two year,No,Bank transfer (automatic),20.1,No
0089-IIQKO,Amherst,NH,3031,51,Female,No,Yes,Yes,39,Yes,Yes,Fiber optic,No,No,No,Yes,Yes,Yes,Month-to-month,Yes,Credit card (automatic),99.95,No
7839-NUIAA,Milton,NH,3851,45,Female,No,Yes,Yes,61,Yes,Yes,DSL,Yes,Yes,No,No,No,No,Month-to-month,No,Electronic check,59.8,No
6075-QMNRR,Gorham,NH,3581,33,Female,No,No,No,52,Yes,No,DSL,Yes,No,No,No,No,No,Month-to-month,Yes,Bank transfer (automatic),49.75,No
5966-EMAZU,New Hampton,NH,3256,52,Male,No,Yes,No,64,Yes,Yes,Fiber optic,Yes,No,Yes,Yes,Yes,Yes,One year,Yes,Mailed check,108.5,No
0440-EKDCF,Melvin Village,NH,3850,50,Male,No,Yes,No,62,Yes,No,DSL,No,Yes,Yes,Yes,No,No,Two year,Yes,Credit card (automatic),60.15,No
4774-HHGGS,Nashua,NH,3062,20,Male,No,Yes,No,30,Yes,No,None,No,No,No,No,No,No,Two year,No,Mailed check,19.05,No
2055-BFOCC,Hudson,NH,3051,48,Male,Yes,Yes,No,63,Yes,No,DSL,Yes,Yes,Yes,Yes,Yes,Yes,One year,Yes,Bank transfer (automatic),84,No
8180-AKMJV,Melvin Village,NH,3850,34,Female,No,No,No,1,Yes,No,DSL,No,No,No,No,No,No,Month-to-month,Yes,Credit card (automatic),44.55,No
4298-OYIFC,New Ipswich,NH,3071,55,Male,No,Yes,No,15,Yes,Yes,Fiber optic,No,No,Yes,Yes,Yes,Yes,Month-to-month,Yes,Electronic check,103.45,No
5566-SOEZD,Nashua,NH,3060,33,Male,No,Yes,Yes,27,Yes,No,Fiber optic,Yes,Yes,No,No,No,No,One year,Yes,Credit card (automatic),80.65,No
9842-EFSYY,Canterbury,NH,3224,31,Female,No,No,Yes,4,No,No,DSL,Yes,Yes,Yes,No,Yes,Yes,Month-to-month,Yes,Mailed check,57.2,No
2272-WUSPA,Whitefield,NH,3598,45,Female,No,Yes,No,72,Yes,Yes,Fiber optic,Yes,Yes,Yes,No,Yes,Yes,Two year,Yes,Electronic check,110.75,No
4584-LBNMK,Rumney,NH,3266,57,Male,Yes,Yes,No,45,Yes,Yes,None,No,No,No,No,No,No,One year,No,Credit card (automatic),24.7,No
3898-GUYTS,Berlin,NH,3570,28,Female,Yes,No,No,45,Yes,Yes,Fiber optic,Yes,Yes,No,Yes,Yes,No,Month-to-month,Yes,Electronic check,97.05,No
0930-EHUZA,Washington,NH,3280,50,Female,No,No,No,36,Yes,No,DSL,Yes,Yes,Yes,Yes,Yes,No,One year,Yes,Mailed check,76.35,No
9975-SKRNR,Campton,NH,3223,63,Male,No,No,No,1,Yes,No,None,No,No,No,No,No,No,Month-to-month,No,Mailed check,18.9,No
3703-KBKZP,New Hampton,NH,3256,58,Male,Yes,No,No,16,Yes,Yes,Fiber optic,No,No,No,No,No,No,Month-to-month,Yes,Bank transfer (automatic),74.45,No
4973-MGTON,Barrington,NH,3825,22,Female,No,Yes,No,71,Yes,No,DSL,Yes,Yes,Yes,Yes,Yes,Yes,Two year,Yes,Credit card (automatic),84.4,No
3682-YEUWS,Jaffrey,NH,3452,24,Male,No,Yes,Yes,10,Yes,Yes,None,No,No,No,No,No,No,Month-to-month,Yes,Mailed check,24.4,No
1223-UNPKS,Center Sandwich,NH,3227,50,Male,No,Yes,Yes,20,Yes,No,None,No,No,No,No,No,No,Two year,No,Mailed check,20.05,No
3446-QDSZF,Manchester,NH,3103,20,Female,No,No,No,4,Yes,No,DSL,No,No,No,No,Yes,No,Month-to-month,No,Credit card (automatic),55.5,No
5117-IFGPS,Orford,NH,3777,59,Male,Yes,Yes,No,29,Yes,Yes,Fiber optic,No,No,No,No,No,Yes,Month-to-month,Yes,Electronic check,84.3,No
7379-FNIUJ,Salem,NH,3079,23,Male,No,No,No,2,Yes,No,Fiber optic,Yes,Yes,No,No,Yes,Yes,Month-to-month,No,Electronic check,100.2,No
1627-AFWVJ,New Boston,NH,3070,42,Female,No,No,No,29,Yes,No,None,No,No,No,No,No,No,Two year,No,Mailed check,19.4,No
4486-EFAEB,North Sandwich,NH,3259,23,Male,No,No,No,13,Yes,No,None,No,No,No,No,No,No,Month-to-month,Yes,Electronic check,20.4,No
0060-FUALY,Temple,NH,3084,19,Female,No,Yes,No,59,Yes,Yes,Fiber optic,Yes,Yes,No,No,Yes,No,Month-to-month,Yes,Electronic check,94.75,No
6954-OOYZZ,Union,NH,3887,32,Male,No,Yes,No,18,Yes,No,DSL,No,No,No,No,No,No,Month-to-month,Yes,Bank transfer (automatic),44.35,No
7088-FBAWU,Freedom,NH,3836,28,Female,No,Yes,Yes,17,Yes,No,DSL,Yes,Yes,No,No,Yes,Yes,Month-to-month,No,Mailed check,74.55,No
8313-AFGBW,Londonderry,NH,3053,19,Male,No,Yes,No,47,Yes,No,DSL,No,Yes,Yes,No,Yes,Yes,Two year,No,Electronic check,73.6,No
3097-IDVPU,Elkins,NH,3233,33,Male,No,Yes,Yes,19,Yes,Yes,DSL,No,No,No,No,No,No,Month-to-month,No,Credit card (automatic),50.1,No
2197-OMWGI,Keene,NH,3431,51,Female,Yes,Yes,Yes,68,No,No,DSL,No,Yes,Yes,No,Yes,Yes,Two year,Yes,Electronic check,53,No
2303-PJYHN,West Lebanon,NH,3784,28,Female,No,Yes,No,2,Yes,No,None,No,No,No,No,No,No,Month-to-month,No,Bank transfer (automatic),19.85,No
9795-VOWON,Center Sandwich,NH,3227,42,Male,No,No,No,7,No,No,DSL,No,No,No,No,No,No,One year,Yes,Credit card (automatic),24.35,No
1237-WIYYZ,Rochester,NH,3867,34,Female,No,No,No,18,Yes,No,None,No,No,No,No,No,No,Month-to-month,Yes,Mailed check,19.55,No
1987-AUELQ,Bedford,NH,3110,31,Female,No,Yes,No,71,Yes,Yes,None,No,No,No,No,No,No,Two year,No,Credit card (automatic),25.05,No
7852-LECYP,Merrimack,NH,3054,45,Male,Yes,Yes,No,13,Yes,Yes,Fiber optic,Yes,Yes,No,No,No,Yes,Month-to-month,No,Credit card (automatic),93.8,No
4822-LPTYJ,Guild,NH,3754,59,Male,No,Yes,No,72,Yes,Yes,Fiber optic,No,Yes,Yes,No,Yes,Yes,Two year,Yes,Bank transfer (automatic),103.75,No
8165-CBKXO,Rumney,NH,3266,26,Male,No,Yes,Yes,66,No,No,DSL,No,Yes,Yes,No,Yes,Yes,Two year,Yes,Credit card (automatic),56.75,No
6527-PZFPV,North Conway,NH,3860,56,Male,No,Yes,Yes,24,Yes,No,None,No,No,No,No,No,No,One year,Yes,Credit card (automatic),20.8,No
9593-CVZKR,Pittsburg,NH,3592,23,Female,No,Yes,Yes,56,Yes,Yes,None,No,No,No,No,No,No,Two year,Yes,Mailed check,24.45,No
8595-SIZNC,Sanbornton,NH,3269,30,Female,Yes,Yes,No,22,Yes,Yes,None,No,No,No,No,No,No,One year,No,Bank transfer (automatic),25.6,No
5236-XMZJY,Alton Bay,NH,3810,43,Female,No,No,No,42,Yes,No,DSL,Yes,Yes,Yes,No,No,No,Month-to-month,No,Bank transfer (automatic),59.65,No
4827-DPADN,Rye Beach,NH,3871,58,Female,No,Yes,Yes,72,Yes,Yes,DSL,Yes,No,Yes,Yes,Yes,Yes,Two year,Yes,Bank transfer (automatic),83.3,No
2694-CIUMO,Salisbury,NH,3268,42,Female,No,No,No,12,Yes,Yes,Fiber optic,No,No,No,Yes,No,No,Month-to-month,Yes,Credit card (automatic),79.55,No
5846-ABOBJ,Manchester,NH,3109,49,Male,No,Yes,No,71,Yes,Yes,None,No,No,No,No,No,No,Two year,No,Bank transfer (automatic),24.45,No
1439-LCGVL,Twin Mountain,NH,3595,28,Female,No,Yes,No,26,Yes,No,None,No,No,No,No,No,No,One year,No,Mailed check,19.2,No
0909-SDHNU,Holderness,NH,3245,36,Female,No,No,Yes,7,No,No,DSL,Yes,No,No,No,No,No,Month-to-month,No,Mailed check,29.8,No
4647-XXZAM,Danville,NH,3819,27,Female,No,Yes,Yes,6,Yes,No,DSL,No,No,No,No,No,No,Month-to-month,No,Mailed check,45.5,No
7740-KKCXF,Raymond,NH,3077,20,Male,No,Yes,No,51,No,No,DSL,No,Yes,No,No,No,No,Month-to-month,Yes,Credit card (automatic),30.05,No
5360-XGYAZ,Bradford,NH,3221,32,Male,No,Yes,Yes,72,No,No,DSL,Yes,Yes,Yes,Yes,Yes,Yes,Two year,Yes,Bank transfer (automatic),65.65,No
3557-HTYWR,Springfield,NH,3284,41,Female,No,No,No,47,Yes,Yes,DSL,Yes,Yes,No,Yes,No,Yes,Two year,No,Mailed check,74.05,No
8920-NAVAY,Canterbury,NH,3224,21,Male,Yes,No,No,62,Yes,Yes,Fiber optic,No,Yes,Yes,Yes,Yes,Yes,One year,Yes,Bank transfer (automatic),110.75,No
1699-TLDLZ,Contoocook,NH,3229,60,Female,No,Yes,Yes,16,Yes,No,None,No,No,No,No,No,No,Two year,No,Mailed check,19.7,No
5600-PDUJF,Glencliff,NH,3238,29,Male,No,No,No,6,Yes,No,DSL,No,No,No,Yes,No,No,Month-to-month,Yes,Credit card (automatic),49.5,No
0567-XRHCU,Kingston,NH,3848,52,Female,No,Yes,Yes,69,No,No,DSL,Yes,No,Yes,No,No,Yes,Two year,Yes,Credit card (automatic),43.95,No
2067-QYTCF,Milton,NH,3851,56,Female,No,Yes,No,64,Yes,Yes,Fiber optic,No,Yes,Yes,Yes,Yes,Yes,Month-to-month,Yes,Electronic check,111.15,No
7407-SUJIZ,Manchester,NH,3104,57,Male,No,No,No,25,Yes,No,None,No,No,No,No,No,No,Month-to-month,No,Mailed check,20.6,No
9150-KPBJQ,East Wakefield,NH,3830,26,Female,No,No,No,6,Yes,No,None,No,No,No,No,No,No,Two year,No,Credit card (automatic),19.65,No
0052-DCKON,Woodstock,NH,3293,35,Male,No,Yes,No,66,Yes,Yes,Fiber optic,Yes,Yes,Yes,Yes,Yes,Yes,One year,No,Bank transfer (automatic),115.8,No
3654-ARMGP,Bath,NH,3740,34,Female,No,No,No,61,Yes,Yes,DSL,No,Yes,Yes,Yes,Yes,Yes,Two year,No,Credit card (automatic),88.65,No
9699-UBQFS,Lafayette,NJ,7848,36,Female,Yes,Yes,No,43,Yes,Yes,Fiber optic,Yes,Yes,No,No,Yes,No,Month-to-month,Yes,Electronic check,94.5,No
9367-TCUYN,Mantoloking,NJ,8738,39,Female,No,No,No,12,Yes,No,None,No,No,No,No,No,No,Month-to-month,No,Mailed check,20.1,No
1261-FWTTE,Ogdensburg,NJ,7439,35,Male,Yes,No,No,23,No,No,DSL,No,No,No,No,No,Yes,Month-to-month,Yes,Bank transfer (automatic),34.65,No
3528-HFRIQ,Ringoes,NJ,8551,43,Male,Yes,Yes,No,71,No,No,DSL,No,Yes,Yes,No,Yes,Yes,Month-to-month,Yes,Bank transfer (automatic),52.3,No
0708-SJDIS,East Hanover,NJ,7936,47,Female,No,No,No,34,Yes,Yes,DSL,No,No,No,Yes,Yes,No,Month-to-month,No,Mailed check,65,No
2073-QBVBI,Swedesboro,NJ,8085,55,Female,No,Yes,No,41,No,No,DSL,No,Yes,No,Yes,No,No,One year,No,Mailed check,35.45,No
6928-ONTRW,Newport,NJ,8345,35,Female,No,Yes,Yes,72,Yes,No,None,No,No,No,No,No,No,Two year,No,Credit card (automatic),19.7,No
3320-VEOYC,Whitehouse Station,NJ,8889,59,Male,Yes,No,No,14,Yes,Yes,Fiber optic,No,No,No,No,Yes,Yes,Month-to-month,Yes,Electronic check,95.6,No
5231-FIQPA,Marlton,NJ,8053,61,Female,No,No,No,41,Yes,No,None,No,No,No,No,No,No,Two year,Yes,Mailed check,19.85,No
6617-WLBQC,Barnegat,NJ,8005,55,Female,No,Yes,Yes,23,Yes,Yes,Fiber optic,Yes,No,No,No,No,No,One year,No,Credit card (automatic),81.85,No
2599-CIPQE,Elizabeth,NJ,7201,34,Male,No,Yes,Yes,71,Yes,No,Fiber optic,Yes,Yes,Yes,Yes,Yes,Yes,Two year,No,Credit card (automatic),109.3,No
8774-GSBUN,Williamstown,NJ,8094,33,Male,No,Yes,No,72,Yes,Yes,None,No,No,No,No,No,No,Two year,No,Mailed check,25.4,No
7326-RIGQZ,Joint Base Mdl,NJ,8641,43,Male,No,Yes,Yes,6,Yes,No,Fiber optic,No,No,No,No,No,No,Month-to-month,Yes,Electronic check,69.8,No
1401-FTHFQ,Basking Ridge,NJ,7920,21,Male,No,Yes,Yes,23,Yes,No,None,No,No,No,No,No,No,One year,Yes,Credit card (automatic),20,No
0254-FNMCI,Bound Brook,NJ,8805,49,Female,No,No,No,72,Yes,No,Fiber optic,Yes,Yes,Yes,Yes,Yes,Yes,Two year,Yes,Electronic check,109.9,No
1848-LBZHY,Ocean City,NJ,8226,59,Female,No,Yes,No,7,Yes,No,DSL,Yes,No,No,No,No,No,Month-to-month,Yes,Bank transfer (automatic),50.3,No
8118-TJAFG,Norwood,NJ,7648,21,Male,No,Yes,Yes,9,Yes,No,Fiber optic,No,Yes,No,Yes,Yes,Yes,Month-to-month,Yes,Electronic check,101.5,No
5429-LWCMV,Gibbsboro,NJ,8026,49,Female,No,No,No,12,Yes,Yes,Fiber optic,No,Yes,No,No,No,Yes,Month-to-month,Yes,Electronic check,89.15,No
7298-IZWLY,Fairview,NJ,7022,50,Female,No,No,No,1,Yes,No,None,No,No,No,No,No,No,Month-to-month,Yes,Mailed check,19.4,No
9758-MFWGD,Convent Station,NJ,7961,57,Female,Yes,Yes,Yes,48,No,No,DSL,No,Yes,No,No,No,No,One year,No,Bank transfer (automatic),29.9,No
3955-JBZZM,Beach Haven,NJ,8008,28,Male,No,No,No,20,Yes,No,Fiber optic,No,No,No,No,Yes,No,Month-to-month,No,Electronic check,78.8,No
4815-TUMEQ,Rutherford,NJ,7070,40,Female,No,No,No,10,Yes,No,None,No,No,No,No,No,No,One year,Yes,Mailed check,19.3,No
9909-IDLEK,Trenton,NJ,8638,60,Male,No,Yes,Yes,20,Yes,Yes,Fiber optic,No,Yes,No,Yes,Yes,No,Month-to-month,No,Mailed check,96.8,No
4092-OFQZS,Harrington Park,NJ,7640,49,Male,No,Yes,No,20,Yes,No,None,No,No,No,No,No,No,One year,No,Mailed check,20.65,No
1561-BWHIN,Westville,NJ,8093,28,Male,No,Yes,Yes,19,Yes,No,None,No,No,No,No,No,No,One year,No,Mailed check,19.8,No
9927-DSWDF,Trenton,NJ,8619,62,Male,No,Yes,No,22,Yes,No,Fiber optic,Yes,Yes,No,Yes,Yes,Yes,Month-to-month,Yes,Electronic check,104.6,No
9500-LTVBP,Gillette,NJ,7933,54,Female,No,No,No,35,Yes,Yes,Fiber optic,No,No,No,Yes,No,No,Month-to-month,No,Credit card (automatic),80.05,No
7252-NTGSS,Dayton,NJ,8810,51,Female,No,No,No,1,Yes,No,DSL,No,No,No,No,No,No,Month-to-month,No,Mailed check,45.15,No
8149-AIQCG,Roselle Park,NJ,7204,26,Male,No,No,No,39,Yes,Yes,Fiber optic,No,No,No,No,No,No,Month-to-month,Yes,Credit card (automatic),73.15,No
1360-JYXKQ,Asbury Park,NJ,7712,28,Female,Yes,Yes,No,54,Yes,No,Fiber optic,No,No,Yes,Yes,Yes,Yes,One year,Yes,Electronic check,99.1,No
0899-WZRSD,Wharton,NJ,7885,31,Male,No,No,No,56,Yes,Yes,Fiber optic,Yes,No,No,Yes,Yes,Yes,Month-to-month,Yes,Mailed check,105.35,No
3255-GRXMG,Greenwich,NJ,8323,34,Male,No,No,Yes,18,Yes,No,DSL,No,No,No,No,No,No,Month-to-month,Yes,Credit card (automatic),45.65,No
4828-FAZPK,Broadway,NJ,8808,20,Female,No,Yes,Yes,16,Yes,Yes,Fiber optic,No,Yes,No,No,No,No,Month-to-month,Yes,Credit card (automatic),79.95,No
6094-ZIVKX,Elizabeth,NJ,7202,22,Female,No,No,No,68,Yes,No,DSL,Yes,No,Yes,No,No,No,One year,Yes,Credit card (automatic),54.45,No
6925-BAYGL,Westfield,NJ,7090,24,Female,Yes,Yes,No,53,Yes,Yes,None,No,No,No,No,No,No,Two year,No,Credit card (automatic),25.1,No
3262-EIDHV,Asbury,NJ,8802,34,Female,No,Yes,Yes,72,Yes,Yes,DSL,Yes,No,Yes,Yes,Yes,Yes,Two year,No,Credit card (automatic),84.7,No
7354-OIJLX,Brick,NJ,8723,56,Male,No,No,No,9,Yes,Yes,Fiber optic,No,No,No,No,No,No,Month-to-month,Yes,Electronic check,75.85,No
1376-HHBDV,Gibbsboro,NJ,8026,47,Female,No,No,No,30,Yes,No,DSL,Yes,No,No,No,No,No,Month-to-month,Yes,Mailed check,48.8,No
6133-OZILE,South Seaville,NJ,8246,55,Female,No,No,No,18,No,No,DSL,No,No,Yes,Yes,No,No,Month-to-month,Yes,Electronic check,35.2,No
4135-FRWKJ,Woodbridge,NJ,7095,48,Female,Yes,Yes,Yes,55,Yes,Yes,DSL,Yes,No,Yes,Yes,Yes,No,One year,No,Electronic check,76.25,No
6551-ZCOTS,Barrington,NJ,8007,42,Male,Yes,No,No,33,Yes,Yes,None,No,No,No,No,No,No,One year,Yes,Bank transfer (automatic),24.9,No
7191-ADRGF,Hampton,NJ,8827,59,Male,No,Yes,No,44,No,No,DSL,No,Yes,Yes,No,Yes,Yes,Two year,No,Bank transfer (automatic),54.3,No
5018-LXQQG,Paterson,NJ,7502,22,Female,No,Yes,Yes,30,Yes,No,DSL,Yes,No,No,Yes,No,Yes,Month-to-month,No,Bank transfer (automatic),66.3,No
6892-BOGQE,Glenwood,NJ,7418,49,Female,No,Yes,No,71,Yes,No,None,No,No,No,No,No,No,Two year,Yes,Bank transfer (automatic),20.9,No
1746-TGTWV,Paterson,NJ,7505,51,Male,No,Yes,No,1,Yes,No,Fiber optic,No,No,Yes,No,No,No,Month-to-month,No,Credit card (automatic),75.35,No
5995-SNNEW,Berkeley Heights,NJ,7922,25,Male,Yes,Yes,No,23,Yes,Yes,Fiber optic,No,Yes,Yes,No,Yes,Yes,Month-to-month,Yes,Electronic check,104.45,No
8050-WYBND,Gillette,NJ,7933,55,Female,No,No,Yes,22,No,No,DSL,No,No,Yes,No,Yes,Yes,One year,Yes,Credit card (automatic),49.45,No
2821-WARNZ,Rumson,NJ,7760,63,Female,No,No,Yes,49,Yes,No,None,No,No,No,No,No,No,One year,No,Credit card (automatic),19.45,No
4879-GZLFH,Bloomingdale,NJ,7403,62,Female,No,Yes,Yes,42,Yes,No,Fiber optic,No,No,Yes,No,Yes,Yes,Month-to-month,Yes,Electronic check,92.15,No
8314-HTWVE,Berkeley Heights,NJ,7922,47,Female,No,Yes,Yes,7,Yes,No,None,No,No,No,No,No,No,Two year,No,Mailed check,19.85,No
9402-ROUMJ,Brielle,NJ,8730,21,Female,No,Yes,Yes,67,Yes,Yes,Fiber optic,Yes,No,Yes,Yes,No,Yes,One year,Yes,Bank transfer (automatic),100.25,No
2507-QZPQS,Moonachie,NJ,7074,58,Male,No,No,No,15,Yes,Yes,Fiber optic,No,Yes,No,Yes,No,Yes,Month-to-month,No,Electronic check,95.7,No
7159-NOKYQ,Mount Tabor,NJ,7878,21,Male,No,Yes,No,67,Yes,Yes,Fiber optic,No,Yes,Yes,No,No,Yes,Two year,Yes,Electronic check,93.15,No
5707-ZMDJP,Leonia,NJ,7605,62,Male,No,Yes,Yes,53,Yes,No,DSL,Yes,Yes,No,Yes,Yes,No,Two year,Yes,Mailed check,69.7,No
8779-YIQQA,Tenafly,NJ,7670,58,Male,No,Yes,Yes,21,Yes,No,None,No,No,No,No,No,No,One year,No,Mailed check,19.8,No
7136-IHZJA,Martinsville,NJ,8836,42,Female,No,Yes,Yes,40,Yes,No,DSL,Yes,Yes,No,Yes,No,Yes,Month-to-month,Yes,Mailed check,71.35,No
8966-OIQHG,Clayton,NJ,8312,29,Female,No,Yes,Yes,22,Yes,No,None,No,No,No,No,No,No,One year,No,Bank transfer (automatic),20.75,No
7074-STDCN,Secaucus,NJ,7094,32,Male,No,No,No,39,No,No,DSL,No,No,No,Yes,No,Yes,Month-to-month,Yes,Electronic check,40.6,No
8739-QOTTN,Lebanon,NJ,8833,44,Female,No,Yes,No,2,Yes,No,None,No,No,No,No,No,No,Month-to-month,No,Mailed check,20.35,No
1399-OUPJN,Linwood,NJ,8221,64,Female,No,Yes,Yes,57,Yes,No,None,No,No,No,No,No,No,Two year,No,Bank transfer (automatic),19.75,No
0277-BKSQP,Kearny,NJ,7032,36,Male,No,Yes,Yes,8,Yes,No,DSL,No,No,No,No,Yes,No,Month-to-month,Yes,Electronic check,54.4,No
5774-XZTQC,Wayne,NJ,7470,35,Female,No,Yes,Yes,7,Yes,No,None,No,No,No,No,No,No,Month-to-month,No,Mailed check,20.45,No
2676-SSLTO,Richland,NJ,8350,51,Male,No,No,No,49,Yes,Yes,DSL,No,No,No,Yes,Yes,No,Two year,Yes,Bank transfer (automatic),66.15,No
6266-QHOJZ,Teaneck,NJ,7666,23,Female,No,No,No,65,Yes,Yes,Fiber optic,Yes,Yes,No,Yes,No,No,One year,Yes,Electronic check,89.85,No
7269-JISCY,Englewood Cliffs,NJ,7632,42,Female,No,No,No,55,Yes,No,DSL,No,No,No,No,No,No,One year,No,Bank transfer (automatic),45.05,No
0363-SVHYR,Jobstown,NJ,8041,59,Male,No,Yes,Yes,71,Yes,Yes,DSL,Yes,Yes,Yes,Yes,Yes,Yes,Two year,No,Bank transfer (automatic),86.85,No
8547-NSBBO,Newark,NJ,7114,56,Male,No,No,No,35,Yes,Yes,Fiber optic,Yes,Yes,Yes,Yes,No,No,Month-to-month,Yes,Mailed check,96.75,No
6591-QGOYB,Demarest,NJ,7627,46,Male,No,No,No,17,Yes,Yes,Fiber optic,Yes,Yes,Yes,Yes,Yes,No,Month-to-month,Yes,Bank transfer (automatic),106.65,No
9070-BCKQP,Alpine,NJ,7620,40,Female,No,Yes,No,72,Yes,Yes,Fiber optic,Yes,No,Yes,Yes,Yes,Yes,Two year,Yes,Credit card (automatic),110.15,No
6421-SZVEM,Verona,NJ,7044,55,Female,No,Yes,Yes,28,Yes,No,Fiber optic,Yes,No,No,No,No,Yes,One year,Yes,Bank transfer (automatic),82.85,No
1328-EUZHC,Rutherford,NJ,7070,36,Female,No,Yes,No,18,Yes,No,None,No,No,No,No,No,No,Two year,No,Mailed check,20.1,No
8878-RYUKI,Absecon,NJ,8205,25,Female,No,No,No,52,Yes,No,DSL,No,No,Yes,No,No,Yes,Month-to-month,Yes,Electronic check,59.45,No
9633-DENPU,Dumont,NJ,7628,34,Female,No,Yes,No,47,Yes,No,DSL,No,Yes,No,No,Yes,No,Month-to-month,Yes,Bank transfer (automatic),58.6,No
7811-JIVPF,Merchantville,NJ,8109,45,Female,No,No,No,23,Yes,No,DSL,No,No,Yes,No,No,No,Month-to-month,No,Credit card (automatic),49.7,No
7113-HIPFI,New Milford,NJ,7646,26,Male,No,Yes,Yes,66,Yes,No,DSL,Yes,Yes,Yes,Yes,No,No,Two year,No,Mailed check,65.85,No
8541-QVFKM,Milltown,NJ,8850,46,Female,No,No,No,8,Yes,Yes,Fiber optic,No,No,No,No,No,No,Month-to-month,Yes,Electronic check,73.5,No
9258-CNWAC,Raritan,NJ,8869,60,Female,No,Yes,Yes,71,Yes,Yes,Fiber optic,Yes,Yes,Yes,Yes,Yes,Yes,Two year,No,Credit card (automatic),113.65,No
5371-VYLSX,Asbury,NJ,8802,26,Female,Yes,No,No,50,Yes,Yes,Fiber optic,Yes,Yes,No,No,No,No,Month-to-month,Yes,Electronic check,83.4,No
6374-AFWOX,Clifton,NJ,7014,27,Male,No,Yes,No,46,Yes,No,DSL,Yes,Yes,Yes,Yes,No,No,Two year,No,Mailed check,65.65,No
5317-FLPJF,Sicklerville,NJ,8081,21,Female,No,No,No,66,No,No,DSL,Yes,No,Yes,Yes,Yes,Yes,Two year,Yes,Bank transfer (automatic),61.35,No
7621-VPNET,Woodbury Heights,NJ,8097,29,Female,No,Yes,No,42,Yes,Yes,Fiber optic,No,No,Yes,Yes,No,No,Month-to-month,Yes,Credit card (automatic),85.9,No
6034-YMTOB,Hightstown,NJ,8520,20,Female,No,No,No,5,Yes,No,Fiber optic,No,No,No,Yes,No,No,Month-to-month,Yes,Mailed check,75.65,No
4903-CNOZC,Pleasantville,NJ,8232,43,Male,No,No,No,29,Yes,Yes,DSL,No,Yes,Yes,No,No,Yes,One year,No,Credit card (automatic),70.9,No
4353-HYOJD,Wildwood,NJ,8260,35,Female,No,Yes,Yes,27,Yes,No,DSL,No,Yes,No,No,No,No,Month-to-month,No,Mailed check,49.85,No
7267-FRMJW,Garwood,NJ,7027,35,Female,No,Yes,Yes,25,Yes,No,None,No,No,No,No,No,No,Two year,No,Mailed check,20.1,No
4188-FRABG,Joint Base Mdl,NJ,8640,47,Male,No,Yes,No,57,Yes,Yes,Fiber optic,Yes,Yes,Yes,Yes,Yes,No,Month-to-month,Yes,Electronic check,103.05,No
4128-ETESU,Englewood Cliffs,NJ,7632,48,Female,Yes,Yes,No,47,Yes,Yes,Fiber optic,No,No,Yes,No,Yes,Yes,Month-to-month,No,Electronic check,99.7,No
0620-DLSLK,Roselle Park,NJ,7204,28,Female,No,No,No,13,Yes,No,Fiber optic,No,No,No,No,Yes,No,Month-to-month,Yes,Mailed check,81.9,No
3850-OKINF,Lincoln Park,NJ,7035,47,Male,No,Yes,Yes,71,Yes,Yes,DSL,Yes,No,No,No,Yes,No,One year,Yes,Electronic check,66.2,No
1156-ZFYDO,Ventnor City,NJ,8406,40,Female,No,No,No,1,Yes,No,None,No,No,No,No,No,No,Month-to-month,No,Electronic check,19.75,No
3295-YVUSR,Gillette,NJ,7933,60,Male,Yes,No,No,2,Yes,Yes,Fiber optic,No,No,No,No,No,No,Month-to-month,Yes,Mailed check,72.6,No
8016-NCFVO,Ho Ho Kus,NJ,7423,48,Male,Yes,No,No,55,Yes,Yes,Fiber optic,Yes,Yes,Yes,Yes,Yes,Yes,Month-to-month,Yes,Electronic check,116.5,No
4119-ZYPZY,Stewartsville,NJ,8886,19,Male,Yes,No,No,71,Yes,Yes,Fiber optic,No,Yes,No,Yes,Yes,Yes,Two year,Yes,Electronic check,106.8,No
5549-ZGHFB,Fanwood,NJ,7023,50,Male,No,Yes,Yes,50,Yes,Yes,None,No,No,No,No,No,No,Two year,No,Mailed check,24.95,No
7577-SWIFR,Teterboro,NJ,7608,37,Male,No,No,No,1,Yes,No,Fiber optic,No,No,No,No,Yes,Yes,Month-to-month,Yes,Electronic check,89.25,No
0303-WMMRN,Barrington,NJ,8007,29,Male,No,No,No,5,Yes,No,None,No,No,No,No,No,No,Month-to-month,Yes,Mailed check,19.25,No
6408-OTUBZ,High Bridge,NJ,8829,28,Female,No,No,No,66,Yes,Yes,Fiber optic,Yes,Yes,Yes,Yes,Yes,No,One year,Yes,Bank transfer (automatic),104.55,No
5204-HMGYF,Manasquan,NJ,8736,33,Female,No,Yes,Yes,49,Yes,No,DSL,Yes,Yes,Yes,Yes,Yes,Yes,One year,Yes,Mailed check,87.2,No
1078-TDCRN,Camden,NJ,8102,54,Female,Yes,Yes,No,3,No,No,DSL,No,Yes,No,No,No,No,Month-to-month,Yes,Electronic check,30.75,No
3727-OVPRY,Edison,NJ,8837,50,Male,No,Yes,Yes,66,Yes,Yes,None,No,No,No,No,No,No,One year,Yes,Credit card (automatic),25.7,No
3797-FKOGQ,Somerville,NJ,8876,36,Male,No,No,Yes,11,Yes,Yes,Fiber optic,No,No,No,No,No,Yes,Month-to-month,No,Electronic check,86.2,No
7622-NXQZR,Merchantville,NJ,8109,59,Male,No,No,No,28,No,No,DSL,No,No,No,Yes,No,No,Month-to-month,Yes,Credit card (automatic),30.1,No
6196-HBOBZ,South Seaville,NJ,8246,25,Male,No,Yes,No,65,Yes,Yes,Fiber optic,Yes,Yes,Yes,No,Yes,No,Two year,Yes,Electronic check,99.35,No
3970-XGJDU,Emerson,NJ,7630,61,Female,No,No,No,62,Yes,No,None,No,No,No,No,No,No,Two year,Yes,Credit card (automatic),19.2,No
7017-VFULY,Clifton,NJ,7014,41,Female,No,Yes,No,2,Yes,No,None,No,No,No,No,No,No,Month-to-month,No,Bank transfer (automatic),20.1,No
5562-YJQGT,Lebanon,NJ,8833,37,Female,No,No,No,2,Yes,No,None,No,No,No,No,No,No,Month-to-month,No,Credit card (automatic),20.35,No
8807-OPMBM,Port Republic,NJ,8241,58,Female,No,Yes,Yes,55,Yes,Yes,None,No,No,No,No,No,No,Two year,Yes,Credit card (automatic),25.65,No
5439-WIKXB,Towaco,NJ,7082,60,Male,Yes,Yes,No,41,Yes,No,Fiber optic,No,Yes,No,No,Yes,Yes,Month-to-month,Yes,Electronic check,94.55,No
8294-UIMBA,Hackettstown,NJ,7840,50,Female,No,No,No,30,Yes,No,Fiber optic,No,No,No,Yes,Yes,Yes,One year,Yes,Bank transfer (automatic),94.4,No
8109-YUOHE,Lanoka Harbor,NJ,8734,56,Male,No,No,No,17,Yes,No,DSL,Yes,Yes,No,No,No,No,One year,No,Mailed check,56.1,No
5840-NVDCG,Trenton,NJ,8618,56,Female,No,Yes,Yes,16,Yes,No,DSL,Yes,Yes,No,Yes,No,Yes,Two year,No,Bank transfer (automatic),68.25,No
8092-NLTGF,Little Silver,NJ,7739,21,Male,No,No,No,72,Yes,Yes,None,No,No,No,No,No,No,Two year,No,Bank transfer (automatic),24.75,No
5928-QLDHB,Roselle Park,NJ,7204,58,Male,No,No,No,9,Yes,Yes,Fiber optic,No,No,No,No,No,No,Month-to-month,Yes,Electronic check,76.25,No
9840-EFJQB,Fairview,NJ,7022,39,Female,No,No,No,1,Yes,No,Fiber optic,No,Yes,No,No,No,No,Month-to-month,No,Electronic check,74.35,No
0696-UKTOX,Harrison,NJ,7029,54,Male,No,No,Yes,23,Yes,No,DSL,No,Yes,No,Yes,No,No,Month-to-month,No,Electronic check,54.15,No
4801-KFYKL,Little Ferry,NJ,7643,36,Male,No,No,Yes,8,Yes,No,None,No,No,No,No,No,No,Month-to-month,No,Bank transfer (automatic),19.45,No
3472-OAOOR,Mountainside,NJ,7092,51,Male,No,Yes,Yes,19,No,No,DSL,Yes,Yes,No,No,No,No,Month-to-month,Yes,Mailed check,34.95,No
6135-OZQVA,Mount Holly,NJ,8060,52,Female,No,No,No,7,Yes,Yes,DSL,Yes,No,No,No,No,No,Month-to-month,Yes,Electronic check,53.65,No
2252-JHJGE,Paramus,NJ,7652,33,Male,No,No,No,61,Yes,Yes,Fiber optic,Yes,No,Yes,No,Yes,Yes,One year,No,Electronic check,104,No
4188-PCPIG,Lawrence Township,NJ,8648,32,Female,No,Yes,No,57,Yes,No,DSL,Yes,Yes,No,Yes,Yes,No,Two year,Yes,Credit card (automatic),70.35,No
7105-BENQF,Tenafly,NJ,7670,31,Male,No,No,Yes,15,Yes,No,DSL,Yes,No,Yes,No,No,Yes,One year,No,Mailed check,64.85,No
7721-DVEKZ,Oradell,NJ,7649,52,Female,No,No,No,1,Yes,No,None,No,No,No,No,No,No,Month-to-month,No,Mailed check,19.65,No
3566-VVORZ,Newark,NJ,7103,25,Female,No,Yes,No,12,Yes,No,DSL,No,No,No,No,No,No,Month-to-month,No,Bank transfer (automatic),45.9,No
9507-HSMMZ,National Park,NJ,8063,29,Male,No,No,No,54,Yes,No,None,No,No,No,No,No,No,Two year,No,Mailed check,20,No
2480-SQIOB,Thorofare,NJ,8086,26,Male,No,Yes,Yes,4,Yes,No,DSL,No,No,No,No,No,No,Month-to-month,No,Electronic check,44.8,No
7813-TKCVO,Clifton,NJ,7012,25,Female,No,Yes,No,20,Yes,No,None,No,No,No,No,No,No,One year,No,Mailed check,20.35,No
0128-MKWSG,Convent Station,NJ,7961,58,Female,No,No,Yes,26,No,No,DSL,Yes,No,No,Yes,No,Yes,Month-to-month,No,Mailed check,45.8,No
4350-ZTLPI,Middlesex,NJ,8846,25,Female,No,Yes,No,53,Yes,Yes,Fiber optic,No,Yes,Yes,Yes,Yes,Yes,One year,Yes,Bank transfer (automatic),108.95,No
0361-HJRDX,Brookside,NJ,7926,49,Female,No,No,No,68,No,No,DSL,Yes,Yes,Yes,Yes,Yes,Yes,Two year,No,Credit card (automatic),64.35,No
5727-MYATE,Eatontown,NJ,7724,25,Male,No,Yes,Yes,72,Yes,Yes,DSL,Yes,Yes,Yes,Yes,Yes,Yes,Two year,Yes,Credit card (automatic),90.8,No
3823-KYNQY,Florham Park,NJ,7932,59,Male,No,No,No,12,Yes,Yes,None,No,No,No,No,No,No,One year,No,Credit card (automatic),24.95,No
7570-WELNY,Parsippany,NJ,7054,45,Female,No,Yes,No,68,Yes,Yes,Fiber optic,Yes,Yes,No,No,No,No,Two year,Yes,Bank transfer (automatic),84.7,No
3021-VLNRJ,Brielle,NJ,8730,39,Female,No,No,Yes,50,Yes,No,DSL,Yes,No,Yes,Yes,Yes,No,One year,Yes,Credit card (automatic),70.8,No
2080-CAZNM,Voorhees,NJ,8043,48,Female,Yes,No,No,41,Yes,Yes,Fiber optic,No,Yes,Yes,No,Yes,Yes,Month-to-month,Yes,Electronic check,104.4,No
1028-FFNJK,Absecon,NJ,8201,26,Male,Yes,Yes,No,30,Yes,Yes,Fiber optic,No,No,No,Yes,Yes,Yes,Month-to-month,Yes,Electronic check,101.5,No
6907-FLBER,Williamstown,NJ,8094,55,Male,No,No,No,1,Yes,Yes,DSL,No,Yes,No,No,No,No,Month-to-month,No,Electronic check,54.3,No
3001-UNBTL,Mine Hill,NJ,7803,20,Male,Yes,Yes,Yes,29,Yes,Yes,Fiber optic,No,No,Yes,No,Yes,Yes,Month-to-month,Yes,Electronic check,103.95,No
5982-PSMKW,Hillside,NJ,7205,24,Female,No,Yes,Yes,23,Yes,Yes,DSL,Yes,Yes,Yes,Yes,Yes,Yes,Two year,Yes,Credit card (automatic),91.1,No
3507-GASNP,Manasquan,NJ,8736,61,Male,No,No,Yes,60,Yes,No,None,No,No,No,No,No,No,Two year,No,Mailed check,19.95,No
7096-ZNBZI,Belford,NJ,7718,53,Female,No,Yes,No,72,Yes,Yes,None,No,No,No,No,No,No,Two year,No,Credit card (automatic),26.45,No
1676-MQAOA,Lambertville,NJ,8530,45,Male,No,No,No,72,Yes,No,DSL,Yes,Yes,Yes,Yes,Yes,No,Two year,Yes,Bank transfer (automatic),75.1,No
0786-IVLAW,Mount Arlington,NJ,7856,48,Female,Yes,No,No,66,Yes,Yes,Fiber optic,No,Yes,Yes,No,Yes,Yes,One year,No,Bank transfer (automatic),108.1,No
7566-DSRLQ,Marlboro,NJ,7746,40,Female,No,Yes,No,72,Yes,Yes,Fiber optic,No,Yes,Yes,Yes,Yes,Yes,Two year,Yes,Electronic check,110.15,No
7245-JMTTQ,Fair Haven,NJ,7704,47,Female,No,No,No,51,Yes,Yes,Fiber optic,No,Yes,Yes,Yes,Yes,Yes,One year,Yes,Electronic check,111.5,No
6050-IJRHS,Collingswood,NJ,8108,45,Female,No,Yes,Yes,70,Yes,Yes,Fiber optic,No,Yes,Yes,No,Yes,Yes,One year,Yes,Electronic check,106.5,No
6202-JVYEU,Port Elizabeth,NJ,8348,35,Male,No,No,No,9,Yes,No,None,No,No,No,No,No,No,One year,Yes,Electronic check,19.9,No
8591-TKMZH,Perth Amboy,NJ,8861,27,Male,No,Yes,Yes,59,Yes,Yes,Fiber optic,Yes,Yes,No,Yes,Yes,Yes,Two year,Yes,Mailed check,111.1,No
0734-OXWBT,Springfield,NJ,7081,33,Male,No,No,Yes,3,Yes,No,DSL,No,No,No,Yes,Yes,Yes,Month-to-month,No,Mailed check,70.7,No
4282-ACRXS,Arkansaw,WI,54721,27,Male,Yes,Yes,No,38,No,No,DSL,No,No,No,No,No,No,Month-to-month,Yes,Electronic check,24.85,No
0365-TRTPY,Tomah,WI,54660,47,Female,No,No,No,37,Yes,Yes,Fiber optic,Yes,Yes,Yes,No,No,No,Month-to-month,No,Bank transfer (automatic),91.2,No
7349-ALMUX,Colgate,WI,53017,64,Male,No,No,No,37,Yes,No,DSL,Yes,Yes,Yes,Yes,No,No,Two year,No,Bank transfer (automatic),65.6,No
6502-KUGLL,Dodgeville,WI,53533,27,Female,No,Yes,Yes,14,Yes,No,DSL,Yes,Yes,No,Yes,No,No,Month-to-month,No,Bank transfer (automatic),59.45,No
1841-YSJGV,Forest Junction,WI,54123,59,Male,No,Yes,No,72,Yes,Yes,Fiber optic,Yes,Yes,No,Yes,Yes,Yes,Two year,Yes,Credit card (automatic),109.95,No
3511-BFTJW,Prairie Farm,WI,54762,47,Male,No,Yes,Yes,72,No,No,DSL,Yes,Yes,Yes,No,No,No,Two year,No,Credit card (automatic),38.5,No
7668-XCFYV,Cuba City,WI,53807,31,Female,Yes,Yes,No,17,Yes,Yes,Fiber optic,No,No,No,No,Yes,Yes,Month-to-month,Yes,Electronic check,92.55,No
5018-HEKFO,Hancock,WI,54943,48,Female,No,No,No,10,Yes,Yes,None,No,No,No,No,No,No,Month-to-month,Yes,Mailed check,24.5,No
2923-ARZLG,Fredonia,WI,53021,33,Male,No,Yes,Yes,0,Yes,No,None,No,No,No,No,No,No,One year,Yes,Mailed check,19.7,No
3976-NLDEZ,Irma,WI,54442,24,Male,No,No,No,1,Yes,No,None,No,No,No,No,No,No,Month-to-month,No,Mailed check,20.6,No
2282-YGNOR,Princeton,WI,54968,33,Female,No,No,No,29,Yes,No,DSL,Yes,No,Yes,Yes,No,No,One year,No,Credit card (automatic),58,No
5336-UFNZP,Westboro,WI,54490,27,Female,Yes,Yes,Yes,65,Yes,Yes,Fiber optic,No,Yes,Yes,No,Yes,Yes,One year,Yes,Electronic check,107.45,No
6854-EXGSF,Fennimore,WI,53809,55,Female,No,No,No,8,Yes,Yes,DSL,Yes,Yes,Yes,No,No,No,Month-to-month,Yes,Bank transfer (automatic),65.5,No
1241-EZFMJ,Bristol,WI,53104,57,Male,No,Yes,No,61,Yes,Yes,None,No,No,No,No,No,No,Two year,No,Bank transfer (automatic),25.45,No
9233-PSYHO,Dunbar,WI,54119,49,Female,Yes,No,No,45,Yes,Yes,Fiber optic,No,No,Yes,No,Yes,Yes,One year,Yes,Bank transfer (automatic),100.15,No
5376-PCKNB,Abrams,WI,54101,30,Male,No,Yes,Yes,72,Yes,Yes,Fiber optic,No,Yes,Yes,No,Yes,Yes,One year,Yes,Credit card (automatic),104.45,No
8044-BGWPI,Merrillan,WI,54754,56,Male,No,Yes,Yes,12,Yes,No,None,No,No,No,No,No,No,Month-to-month,Yes,Electronic check,21.15,No
4060-LDNLU,Shiocton,WI,54170,60,Male,No,No,No,7,Yes,Yes,Fiber optic,No,No,No,No,Yes,Yes,Month-to-month,No,Electronic check,96.2,No
3589-PPVKW,Orfordville,WI,53576,41,Male,No,No,No,9,Yes,No,DSL,No,No,No,No,No,No,Month-to-month,Yes,Mailed check,44.4,No
5887-IKKYO,Orfordville,WI,53576,22,Male,No,Yes,Yes,58,Yes,Yes,Fiber optic,No,No,Yes,Yes,No,Yes,Two year,No,Bank transfer (automatic),94.35,No
1755-RMCXH,Mc Farland,WI,53558,55,Male,No,Yes,Yes,2,Yes,No,None,No,No,No,No,No,No,Month-to-month,No,Mailed check,20.3,No
3858-XHYJO,Janesville,WI,53548,51,Female,No,Yes,No,40,Yes,Yes,Fiber optic,Yes,No,Yes,No,Yes,Yes,One year,No,Bank transfer (automatic),105.75,No
4299-SIMNS,Waukesha,WI,53188,27,Male,No,No,No,9,Yes,Yes,Fiber optic,Yes,No,No,No,No,No,Month-to-month,Yes,Electronic check,81.15,No
7025-IWFHT,Belleville,WI,53508,23,Male,No,No,No,41,Yes,No,Fiber optic,No,Yes,No,Yes,Yes,No,One year,Yes,Electronic check,89.55,No
6261-LHRTG,Milwaukee,WI,53224,49,Female,No,No,No,26,Yes,No,DSL,No,Yes,Yes,No,No,No,Month-to-month,Yes,Credit card (automatic),54.75,No
7841-FCRQD,Hewitt,WI,54441,46,Female,No,Yes,No,33,Yes,No,DSL,No,Yes,No,Yes,No,No,One year,Yes,Credit card (automatic),53.75,No
2056-EVGZL,Radisson,WI,54867,38,Male,No,Yes,Yes,68,Yes,No,Fiber optic,No,Yes,Yes,Yes,Yes,Yes,One year,No,Credit card (automatic),105.75,No
8777-MBMTS,Greenleaf,WI,54126,35,Female,Yes,Yes,No,65,Yes,No,Fiber optic,No,Yes,Yes,Yes,Yes,Yes,Two year,Yes,Credit card (automatic),105.85,No
7753-USQYQ,Roberts,WI,54023,19,Male,No,No,No,55,Yes,No,DSL,No,Yes,No,Yes,No,Yes,One year,Yes,Electronic check,64.2,No
7661-CPURM,Butler,WI,53007,20,Male,No,No,No,19,Yes,No,Fiber optic,No,No,No,Yes,No,Yes,One year,Yes,Credit card (automatic),87.7,No
6233-HXJMX,Elton,WI,54430,27,Female,No,No,No,45,Yes,Yes,Fiber optic,No,No,Yes,No,No,Yes,Month-to-month,Yes,Credit card (automatic),89.3,No
5902-WBLSE,Colfax,WI,54730,28,Female,No,Yes,Yes,70,Yes,No,None,No,No,No,No,No,No,Two year,Yes,Credit card (automatic),20.15,No
3239-TPHPZ,Washington Island,WI,54246,47,Female,No,Yes,No,12,Yes,No,None,No,No,No,No,No,No,Two year,Yes,Electronic check,20.05,No
5115-GZDEL,Johnson Creek,WI,53038,24,Male,No,No,Yes,72,No,No,DSL,Yes,Yes,Yes,Yes,Yes,Yes,Two year,No,Credit card (automatic),67.2,No
3338-CVVEH,Jefferson,WI,53549,42,Male,No,No,No,12,Yes,Yes,Fiber optic,No,No,No,No,Yes,Yes,Month-to-month,No,Electronic check,94.55,No
2615-YVMYX,Johnson Creek,WI,53038,33,Male,Yes,Yes,No,71,Yes,Yes,Fiber optic,Yes,Yes,Yes,No,Yes,Yes,Month-to-month,Yes,Electronic check,107.5,No
2851-STERV,Welch,WV,24801,41,Male,Yes,No,No,35,Yes,No,DSL,No,No,Yes,Yes,Yes,Yes,One year,Yes,Electronic check,73,No
4393-GEADV,Buckhannon,WV,26201,61,Male,No,Yes,Yes,70,Yes,Yes,Fiber optic,Yes,Yes,Yes,Yes,Yes,Yes,Two year,No,Credit card (automatic),114.75,No
8486-AYEQH,Barboursville,WV,25504,32,Female,No,No,No,31,Yes,Yes,Fiber optic,No,No,No,No,No,No,Month-to-month,Yes,Electronic check,76.05,No
5419-JKZNQ,Metz,WV,26585,56,Male,Yes,Yes,No,30,Yes,Yes,Fiber optic,No,No,No,No,No,No,Month-to-month,No,Mailed check,77.9,No
2495-KZNFB,Kistler,WV,25628,44,Female,No,No,No,33,Yes,Yes,Fiber optic,Yes,No,No,No,No,Yes,Month-to-month,Yes,Electronic check,90.65,No
1409-PHXTF,Masontown,WV,26542,60,Male,Yes,Yes,No,54,Yes,Yes,Fiber optic,No,Yes,Yes,Yes,Yes,Yes,Two year,Yes,Electronic check,110.45,No
4560-WQAQW,Wyoming,WV,24898,19,Female,No,No,No,59,Yes,Yes,DSL,Yes,No,No,Yes,No,Yes,One year,No,Bank transfer (automatic),68.7,No
9591-YVTEB,Buckeye,WV,24924,41,Male,Yes,No,No,55,No,No,DSL,Yes,Yes,No,No,Yes,No,Month-to-month,Yes,Electronic check,44.85,No
9309-BZGNT,Hilltop,WV,25855,33,Male,Yes,Yes,No,69,No,No,DSL,No,No,Yes,No,No,No,One year,Yes,Credit card (automatic),29.8,No
4274-DRSQT,Huntington,WV,25702,43,Female,No,No,No,66,Yes,Yes,Fiber optic,No,Yes,No,No,Yes,No,One year,Yes,Bank transfer (automatic),88.9,No
2027-DNKIV,Rhodell,WV,25915,28,Male,No,Yes,Yes,37,Yes,No,DSL,Yes,No,Yes,Yes,No,No,One year,Yes,Mailed check,58.75,No
8075-GXIUB,Charleston,WV,25304,60,Male,Yes,Yes,No,9,Yes,No,None,No,No,No,No,No,No,One year,No,Credit card (automatic),19.85,No
2885-HIJDH,Shady Spring,WV,25918,25,Male,No,Yes,Yes,69,Yes,Yes,DSL,Yes,No,Yes,Yes,Yes,Yes,Two year,No,Bank transfer (automatic),86.9,No
5424-RLQLC,Petroleum,WV,26161,32,Male,No,No,No,10,Yes,No,DSL,No,Yes,No,No,Yes,No,Month-to-month,Yes,Mailed check,59.65,No
6507-DTJZV,Cyclone,WV,24827,59,Male,No,No,Yes,13,Yes,No,DSL,No,No,No,No,Yes,Yes,Month-to-month,No,Credit card (automatic),66.4,No
7673-BQGKU,Piney View,WV,25906,53,Female,No,Yes,Yes,69,Yes,No,None,No,No,No,No,No,No,Two year,No,Bank transfer (automatic),20.15,No
6723-WSNTY,Eleanor,WV,25070,53,Female,Yes,Yes,No,66,Yes,Yes,Fiber optic,No,Yes,Yes,Yes,Yes,Yes,One year,Yes,Credit card (automatic),108.1,No
2725-IWWBA,Elkhorn,WV,24831,51,Male,No,Yes,Yes,46,Yes,No,DSL,Yes,No,Yes,Yes,No,No,One year,No,Mailed check,56.9,No
1061-PNTHC,Midway,WV,25878,36,Female,No,Yes,Yes,56,Yes,Yes,Fiber optic,Yes,No,Yes,Yes,Yes,Yes,Month-to-month,Yes,Mailed check,109.6,No
0394-YONDK,Swiss,WV,26690,40,Male,No,Yes,Yes,70,Yes,Yes,None,No,No,No,No,No,No,Two year,No,Credit card (automatic),25.15,No
6574-MCOEH,Hambleton,WV,26269,48,Female,No,Yes,Yes,33,Yes,Yes,DSL,No,No,Yes,Yes,Yes,Yes,One year,Yes,Electronic check,79.15,No
7399-QHBJS,Walker,WV,26180,64,Female,No,Yes,Yes,72,Yes,Yes,DSL,Yes,Yes,No,Yes,No,No,Two year,No,Credit card (automatic),66.75,No
0997-YTLNY,Rock View,WV,24880,19,Female,No,No,Yes,19,Yes,No,DSL,No,No,No,Yes,No,No,Month-to-month,No,Mailed check,48.8,No
9479-HYNYL,Paynesville,WV,24873,19,Female,No,Yes,No,71,Yes,No,DSL,No,Yes,Yes,Yes,Yes,Yes,Two year,Yes,Credit card (automatic),80.7,No
9708-KFDBY,Gandeeville,WV,25243,33,Male,No,No,No,1,Yes,No,None,No,No,No,No,No,No,Month-to-month,No,Credit card (automatic),20.55,No
3642-GKTCT,Salem,WV,26426,52,Female,No,No,No,61,Yes,Yes,Fiber optic,Yes,Yes,Yes,Yes,Yes,Yes,One year,Yes,Mailed check,115.1,No
0774-RMNUW,Princeton,WV,24740,43,Female,No,Yes,Yes,71,No,No,DSL,Yes,Yes,No,Yes,Yes,Yes,Two year,No,Bank transfer (automatic),59.7,No
1334-PDUKM,Bunker Hill,WV,25413,45,Female,No,Yes,No,68,Yes,Yes,Fiber optic,No,Yes,Yes,No,No,No,One year,No,Credit card (automatic),86.45,No
0756-MPZRL,Peach Creek,WV,25639,25,Male,No,No,No,46,No,No,DSL,No,No,Yes,Yes,No,No,One year,No,Credit card (automatic),33.7,No
2242-MFOTG,Matewan,WV,25678,32,Male,No,No,No,33,Yes,Yes,Fiber optic,Yes,No,No,No,No,No,One year,No,Bank transfer (automatic),80.1,No
2927-CVULT,Folsom,WV,26348,27,Female,No,Yes,Yes,53,Yes,Yes,Fiber optic,Yes,Yes,Yes,Yes,No,Yes,Two year,Yes,Bank transfer (automatic),104.05,No
2144-BFDSO,Arthurdale,WV,26520,33,Female,Yes,Yes,No,50,Yes,Yes,Fiber optic,Yes,Yes,Yes,No,Yes,Yes,Month-to-month,No,Bank transfer (automatic),108.75,No
8745-PVESG,Old Fields,WV,26845,53,Female,No,No,No,57,No,No,DSL,Yes,No,Yes,Yes,No,No,One year,Yes,Credit card (automatic),41.1,No
7647-GYYKX,Martinsburg,WV,25405,63,Female,No,Yes,Yes,54,Yes,No,None,No,No,No,No,No,No,Two year,Yes,Bank transfer (automatic),20.35,No
5647-FXOTP,Macfarlan,WV,26148,43,Female,Yes,Yes,No,60,Yes,Yes,Fiber optic,No,Yes,Yes,No,Yes,Yes,Month-to-month,Yes,Electronic check,105.9,No
9700-ISPUP,Frametown,WV,26623,43,Female,No,Yes,Yes,10,Yes,No,DSL,No,Yes,No,Yes,No,Yes,Month-to-month,Yes,Electronic check,65.5,No
9839-ETQOE,Mallory,WV,25634,31,Male,No,No,Yes,43,No,No,DSL,Yes,Yes,Yes,No,No,No,Month-to-month,Yes,Electronic check,40.45,No
6078-VESFR,Ireland,WV,26376,58,Male,Yes,Yes,No,13,Yes,No,Fiber optic,No,No,No,No,No,No,Month-to-month,No,Bank transfer (automatic),70.45,No
9027-TMATR,Allen Junction,WV,25810,30,Female,No,Yes,No,43,Yes,No,DSL,Yes,No,Yes,Yes,Yes,Yes,Two year,Yes,Electronic check,78.8,No
1941-HOSAM,Gassaway,WV,26624,45,Male,No,Yes,Yes,1,Yes,No,Fiber optic,No,No,No,No,Yes,Yes,Month-to-month,Yes,Electronic check,90.1,No
9110-HSGTV,Camden,WV,26338,46,Female,No,No,No,69,Yes,No,DSL,Yes,No,Yes,Yes,Yes,Yes,Two year,Yes,Credit card (automatic),82.45,No
0704-VCUMB,New Cumberland,WV,26047,52,Female,No,Yes,No,61,Yes,No,None,No,No,No,No,No,No,Two year,No,Credit card (automatic),20.25,No
6171-ZTVYB,Hometown,WV,25109,37,Male,No,Yes,No,43,Yes,Yes,DSL,Yes,Yes,No,Yes,No,No,Month-to-month,No,Bank transfer (automatic),66.25,No
1935-IMVBB,Moatsville,WV,26405,45,Male,No,Yes,No,56,Yes,No,Fiber optic,No,No,No,No,Yes,Yes,Month-to-month,No,Mailed check,89.7,No
2535-PBCGC,Coalton,WV,26257,63,Female,No,Yes,No,70,No,No,DSL,Yes,Yes,Yes,Yes,Yes,Yes,Two year,No,Bank transfer (automatic),64.55,No
1470-PSXNM,Proctor,WV,26055,47,Male,No,Yes,Yes,49,Yes,Yes,Fiber optic,No,Yes,Yes,No,Yes,No,One year,Yes,Electronic check,93.65,No
2498-XLDZR,Mount Storm,WV,26739,44,Female,No,Yes,Yes,32,Yes,No,DSL,Yes,Yes,Yes,Yes,No,Yes,Two year,No,Mailed check,73.6,No
9866-OCCKE,Peach Creek,WV,25639,32,Female,Yes,Yes,No,72,Yes,Yes,Fiber optic,Yes,No,Yes,Yes,Yes,Yes,Two year,Yes,Mailed check,109.75,No
5338-YHWYT,Hillsboro,WV,24946,55,Male,No,No,Yes,37,Yes,No,DSL,Yes,Yes,No,Yes,No,No,Two year,No,Credit card (automatic),61.45,No
7718-UPSKJ,Salem,WV,26426,25,Female,No,Yes,No,69,Yes,No,Fiber optic,Yes,Yes,No,Yes,Yes,Yes,One year,Yes,Credit card (automatic),106.4,No
8731-WBBMB,Exchange,WV,26619,33,Female,No,Yes,No,26,Yes,No,DSL,No,Yes,Yes,Yes,Yes,Yes,Month-to-month,No,Bank transfer (automatic),81.9,No
1448-CYWKC,Ellamore,WV,26267,38,Female,No,Yes,Yes,58,Yes,Yes,Fiber optic,No,Yes,Yes,No,Yes,Yes,One year,Yes,Credit card (automatic),105.2,No
7901-IIDQV,Cyclone,WV,24827,52,Male,No,No,No,24,Yes,Yes,DSL,No,No,No,Yes,No,No,One year,No,Bank transfer (automatic),54.6,No
2690-DVRVK,Fence Lake,NM,87315,24,Male,No,Yes,Yes,5,Yes,No,None,No,No,No,No,No,No,One year,No,Electronic check,20.55,No
1270-XKUCC,Estancia,NM,87016,42,Female,No,Yes,Yes,30,Yes,No,None,No,No,No,No,No,No,Two year,No,Mailed check,19.7,No
0334-ZFJSR,Santa Rosa,NM,88435,61,Female,No,Yes,No,55,Yes,Yes,DSL,Yes,Yes,No,Yes,No,No,One year,Yes,Credit card (automatic),66.05,No
5583-EJXRD,Alto,NM,88312,38,Male,No,Yes,Yes,44,No,No,DSL,Yes,Yes,Yes,Yes,No,Yes,Two year,Yes,Credit card (automatic),54.05,No
4565-EVZMJ,Jal,NM,88252,30,Female,No,No,No,47,Yes,No,DSL,Yes,Yes,No,Yes,No,No,One year,Yes,Mailed check,58.9,No
3327-YBAKM,Lovington,NM,88260,49,Female,No,Yes,No,64,Yes,No,Fiber optic,Yes,No,No,Yes,Yes,Yes,One year,Yes,Mailed check,96.9,No
9441-QHEVC,El Prado,NM,87529,25,Male,No,No,No,1,Yes,No,None,No,No,No,No,No,No,Month-to-month,No,Mailed check,19.1,No
6705-LNMDD,Chaparral,NM,88081,35,Male,No,No,No,20,Yes,No,DSL,No,No,No,Yes,No,No,Month-to-month,No,Mailed check,50,No
2580-ASVVY,Newcomb,NM,87455,43,Female,No,Yes,No,37,No,No,DSL,Yes,No,No,Yes,Yes,No,Two year,No,Electronic check,45.4,No
3370-GQEAL,Willard,NM,87063,49,Male,No,Yes,Yes,30,Yes,Yes,Fiber optic,No,No,No,No,Yes,No,Month-to-month,No,Electronic check,85.45,No
5032-USPKF,Navajo Dam,NM,87419,30,Female,No,No,No,38,Yes,Yes,DSL,Yes,Yes,Yes,No,Yes,Yes,One year,No,Bank transfer (automatic),84.1,No
4254-QPEDE,Nageezi,NM,87037,49,Female,No,Yes,No,52,No,No,DSL,Yes,Yes,Yes,Yes,Yes,Yes,Two year,No,Credit card (automatic),66.25,No
6283-GITPX,Reserve,NM,87830,47,Male,No,No,Yes,71,Yes,No,DSL,Yes,Yes,Yes,Yes,Yes,No,Two year,Yes,Credit card (automatic),76.9,No
0771-CHWSK,Las Cruces,NM,88011,48,Male,No,No,No,66,Yes,Yes,DSL,Yes,Yes,Yes,No,No,Yes,Two year,Yes,Credit card (automatic),74.6,No
9788-HNGUT,Magdalena,NM,87825,28,Male,No,Yes,No,72,Yes,Yes,Fiber optic,Yes,Yes,Yes,Yes,Yes,Yes,Two year,Yes,Credit card (automatic),116.95,No
9495-REDIY,Mayhill,NM,88339,62,Male,No,No,Yes,25,No,No,DSL,Yes,No,No,No,Yes,No,One year,Yes,Credit card (automatic),40.65,No
5375-XLDOF,Moriarty,NM,87035,29,Male,No,Yes,Yes,69,Yes,Yes,Fiber optic,Yes,Yes,Yes,Yes,Yes,Yes,Two year,Yes,Bank transfer (automatic),114.35,No
1172-VIYBP,Glenwood,NM,88039,20,Male,No,Yes,Yes,53,Yes,Yes,DSL,Yes,Yes,No,No,No,Yes,Two year,No,Bank transfer (automatic),69.7,No
6559-PDZLR,Ranchos De Taos,NM,87557,30,Male,No,No,No,26,Yes,No,Fiber optic,No,No,Yes,Yes,Yes,Yes,Month-to-month,Yes,Electronic check,98.65,No
8992-OBVDG,Algodones,NM,87001,59,Male,No,No,No,21,Yes,No,DSL,No,No,Yes,No,No,Yes,Month-to-month,No,Mailed check,61.65,No
4273-MBHYA,Stanley,NM,87056,30,Female,No,No,Yes,1,Yes,No,Fiber optic,No,No,No,No,Yes,Yes,Month-to-month,Yes,Electronic check,89.35,No
4724-WXVWF,Kirtland Afb,NM,87117,53,Male,No,No,No,48,Yes,Yes,Fiber optic,Yes,No,No,Yes,No,Yes,Month-to-month,Yes,Electronic check,95.4,No
5701-GUXDC,El Rito,NM,87530,44,Female,No,Yes,No,26,No,No,DSL,Yes,No,Yes,No,No,No,One year,No,Credit card (automatic),35.4,No
1460-UZPRJ,Aztec,NM,87410,59,Male,No,Yes,No,60,Yes,No,None,No,No,No,No,No,No,Two year,No,Mailed check,19.95,No
6082-GLJIX,La Mesa,NM,88044,22,Male,No,No,No,18,Yes,No,None,No,No,No,No,No,No,Month-to-month,No,Mailed check,19.25,No
2495-TTHBQ,Tatum,NM,88267,23,Female,No,No,Yes,4,Yes,No,None,No,No,No,No,No,No,One year,Yes,Mailed check,20.4,No
0485-ZBSLN,El Prado,NM,87529,23,Male,No,Yes,Yes,65,Yes,Yes,None,No,No,No,No,No,No,Two year,No,Credit card (automatic),24.75,No
3810-PJUHR,Espanola,NM,87532,25,Male,No,Yes,Yes,70,Yes,Yes,None,No,No,No,No,No,No,Two year,No,Mailed check,25.35,No
0847-HGRML,Willard,NM,87063,60,Male,No,No,Yes,62,Yes,No,None,No,No,No,No,No,No,Two year,No,Bank transfer (automatic),20,No
8232-CTLKO,Hernandez,NM,87537,62,Female,No,Yes,Yes,66,Yes,No,DSL,Yes,No,No,No,Yes,No,Two year,Yes,Electronic check,59.75,No
9227-YBAXE,Mescalero,NM,88340,25,Female,No,Yes,Yes,65,Yes,Yes,DSL,Yes,Yes,No,Yes,Yes,Yes,Two year,Yes,Bank transfer (automatic),82.5,No
9860-LISIZ,Ocate,NM,87734,37,Female,No,No,No,34,Yes,No,None,No,No,No,No,No,No,Month-to-month,No,Mailed check,20.35,No
0112-QAWRZ,Costilla,NM,87524,25,Male,No,Yes,Yes,16,Yes,Yes,Fiber optic,No,No,Yes,No,Yes,No,Month-to-month,Yes,Bank transfer (automatic),90.8,No
2786-GCDPI,Gila,NM,88038,36,Female,Yes,No,No,50,Yes,Yes,Fiber optic,No,No,Yes,Yes,Yes,Yes,Month-to-month,Yes,Electronic check,104.95,No
4043-MKDTV,Mora,NM,87732,47,Male,No,Yes,No,71,Yes,No,Fiber optic,No,Yes,Yes,Yes,Yes,Yes,Two year,Yes,Electronic check,105.25,No
9229-RQABD,Mayhill,NM,88339,42,Male,No,No,No,18,Yes,Yes,None,No,No,No,No,No,No,One year,No,Mailed check,23.75,No
8313-KTIHG,Guadalupita,NM,87722,57,Male,No,No,No,4,Yes,No,DSL,No,No,No,Yes,Yes,No,Month-to-month,Yes,Electronic check,61.3,No
5320-BRKGK,Pinos Altos,NM,88053,33,Female,No,Yes,Yes,58,Yes,Yes,DSL,Yes,No,Yes,Yes,Yes,No,Two year,No,Mailed check,75.8,No
6284-KMNUF,Albuquerque,NM,87121,49,Female,No,Yes,No,56,Yes,Yes,Fiber optic,Yes,No,No,No,Yes,Yes,One year,Yes,Electronic check,98,No
6229-UOLQL,Albuquerque,NM,87122,32,Male,No,Yes,Yes,56,No,No,DSL,Yes,Yes,No,Yes,Yes,No,One year,Yes,Mailed check,52,No
3137-LUPIX,Ojo Caliente,NM,87549,44,Female,No,No,No,4,Yes,Yes,DSL,No,No,No,Yes,Yes,No,Month-to-month,Yes,Mailed check,64.4,No
6143-JQKEA,Cochiti Lake,NM,87083,32,Male,No,No,No,10,Yes,No,DSL,No,No,No,No,No,No,Month-to-month,Yes,Credit card (automatic),45.8,No
8676-OOQEJ,Arroyo Hondo,NM,87513,32,Male,No,No,No,4,No,No,DSL,No,No,No,Yes,No,No,Month-to-month,No,Electronic check,30.5,No
9701-CDXHR,Bard,NM,88411,31,Female,No,Yes,No,51,Yes,No,Fiber optic,No,No,No,No,No,No,Month-to-month,No,Mailed check,69.15,No
8124-NZVGJ,Zuni,NM,87327,29,Female,No,No,No,6,No,No,DSL,No,No,No,Yes,Yes,Yes,One year,Yes,Mailed check,49.25,No
2162-FRZAA,Regina,NM,87046,31,Male,No,Yes,Yes,63,No,No,DSL,No,Yes,Yes,Yes,No,No,Two year,No,Bank transfer (automatic),39.35,No
5118-MUEYH,Eunice,NM,88231,45,Female,No,Yes,No,48,Yes,Yes,Fiber optic,No,Yes,No,Yes,Yes,Yes,Month-to-month,Yes,Credit card (automatic),105.1,No
5627-TVBPP,Hobbs,NM,88242,38,Female,No,No,Yes,35,Yes,No,None,No,No,No,No,No,No,One year,Yes,Credit card (automatic),20.1,No
3936-QQFLL,Pie Town,NM,87827,57,Male,No,No,No,2,Yes,No,None,No,No,No,No,No,No,Month-to-month,No,Mailed check,19.75,No
2589-AYCRP,Ruidoso Downs,NM,88346,36,Female,No,No,No,50,Yes,No,None,No,No,No,No,No,No,One year,No,Bank transfer (automatic),19.75,No
4067-HLYQI,Clovis,NM,88101,64,Female,No,No,No,33,Yes,No,Fiber optic,No,No,No,No,No,No,Month-to-month,Yes,Bank transfer (automatic),70.4,No
5124-EOGYE,Silver City,NM,88061,58,Male,No,No,No,31,Yes,No,None,No,No,No,No,No,No,Two year,No,Mailed check,20.45,No
5057-RKGLH,Chaparral,NM,88081,32,Female,No,Yes,Yes,9,Yes,No,None,No,No,No,No,No,No,Two year,No,Mailed check,20.35,No
0292-WEGCH,Willard,NM,87063,25,Female,No,Yes,Yes,54,Yes,Yes,DSL,No,Yes,Yes,Yes,Yes,Yes,Month-to-month,Yes,Electronic check,86.2,No
8910-ICHIU,Rogers,NM,88132,48,Female,No,No,No,46,Yes,No,Fiber optic,Yes,Yes,Yes,No,Yes,No,One year,Yes,Credit card (automatic),95.65,No
4097-YODCF,Dixon,NM,87527,43,Male,No,No,Yes,34,Yes,Yes,Fiber optic,Yes,Yes,No,No,Yes,Yes,One year,Yes,Electronic check,103.8,No
9715-WZCLW,Fort Sumner,NM,88119,64,Male,No,Yes,Yes,71,Yes,Yes,Fiber optic,Yes,No,No,No,Yes,Yes,Two year,Yes,Electronic check,97.2,No
9786-YWNHU,Rio Rancho,NM,87124,28,Female,No,Yes,Yes,63,Yes,No,DSL,Yes,Yes,Yes,Yes,No,No,Two year,No,Mailed check,63.55,No
6407-GSJNL,New Laguna,NM,87038,23,Female,No,No,No,51,Yes,Yes,None,No,No,No,No,No,No,Two year,No,Bank transfer (automatic),24.95,No
4049-ZPALD,Laguna,NM,87026,46,Female,No,Yes,No,64,Yes,No,Fiber optic,Yes,No,Yes,No,Yes,Yes,Two year,Yes,Bank transfer (automatic),99,No
3733-UOCWF,Hope,NM,88250,24,Male,Yes,Yes,No,61,Yes,Yes,Fiber optic,No,Yes,No,Yes,No,No,One year,Yes,Bank transfer (automatic),85.55,No
6833-JMZYP,Causey,NM,88113,32,Female,No,No,No,15,Yes,No,Fiber optic,No,No,Yes,No,Yes,Yes,Month-to-month,Yes,Credit card (automatic),94,No
1310-QRITU,Bloomfield,NM,87413,31,Female,No,No,No,18,Yes,Yes,DSL,No,No,No,No,No,No,Month-to-month,Yes,Electronic check,50.3,No
8961-QDZZJ,Embudo,NM,87531,42,Female,No,Yes,Yes,57,Yes,No,Fiber optic,No,Yes,No,No,Yes,Yes,One year,Yes,Electronic check,95,No
9715-SBVSU,Stanley,NM,87056,39,Male,No,Yes,Yes,14,Yes,No,DSL,Yes,Yes,No,No,No,Yes,Two year,Yes,Bank transfer (automatic),61.4,No
8490-BXHEO,Folsom,NM,88419,48,Male,Yes,No,No,18,Yes,Yes,Fiber optic,No,Yes,No,No,No,No,Month-to-month,Yes,Credit card (automatic),80.55,No
7173-TETGO,Santa Clara,NM,88026,40,Female,Yes,Yes,No,72,Yes,Yes,Fiber optic,Yes,No,No,No,No,No,Two year,No,Bank transfer (automatic),78.5,No
7929-SKFGK,Silver Springs,NV,89429,23,Male,No,Yes,No,70,Yes,Yes,Fiber optic,Yes,Yes,Yes,Yes,Yes,Yes,Two year,No,Credit card (automatic),114.3,No
2300-RQGOI,Reno,NV,89508,51,Female,No,No,No,38,Yes,No,None,No,No,No,No,No,No,Two year,No,Mailed check,20.05,No
3563-SVYLG,Las Vegas,NV,89147,36,Male,No,Yes,Yes,68,Yes,No,DSL,Yes,Yes,Yes,Yes,No,No,Two year,No,Credit card (automatic),62.65,No
6435-VWCCY,Incline Village,NV,89451,38,Male,Yes,Yes,No,65,Yes,Yes,Fiber optic,Yes,Yes,No,No,Yes,No,Two year,Yes,Credit card (automatic),92.7,No
4998-IKFSE,Hiko,NV,89017,64,Female,No,No,No,30,Yes,Yes,Fiber optic,No,No,Yes,No,Yes,Yes,Month-to-month,No,Electronic check,100.45,No
8630-QSGXK,Wadsworth,NV,89442,61,Male,No,Yes,No,51,Yes,Yes,DSL,No,No,No,Yes,Yes,Yes,Two year,Yes,Bank transfer (automatic),75.2,No
2455-USLMV,Henderson,NV,89074,52,Female,No,No,No,31,Yes,Yes,Fiber optic,Yes,No,Yes,No,No,No,Month-to-month,Yes,Credit card (automatic),84.75,No
9488-FVZCC,Las Vegas,NV,89142,25,Female,No,Yes,Yes,72,Yes,Yes,DSL,Yes,Yes,Yes,Yes,No,Yes,Two year,Yes,Bank transfer (automatic),79.5,No
5995-WWKKG,Las Vegas,NV,89166,62,Female,No,No,No,37,Yes,No,None,No,No,No,No,No,No,One year,Yes,Electronic check,19.8,No
7879-CGSFV,Orovada,NV,89425,20,Male,No,No,No,55,Yes,No,Fiber optic,Yes,Yes,No,No,Yes,Yes,One year,Yes,Mailed check,100.9,No
9921-EZKBY,Sloan,NV,89054,49,Male,No,No,Yes,33,Yes,Yes,Fiber optic,Yes,No,Yes,No,No,Yes,Month-to-month,Yes,Bank transfer (automatic),95.3,No
7432-FFVAR,Zephyr Cove,NV,89448,21,Female,No,Yes,Yes,46,Yes,No,Fiber optic,No,No,Yes,Yes,No,Yes,One year,No,Bank transfer (automatic),90.95,No
7246-ZGQDF,Las Vegas,NV,89128,32,Female,No,No,Yes,1,Yes,No,DSL,Yes,No,No,Yes,No,No,Month-to-month,No,Electronic check,54.5,No
4456-RHSNB,Las Vegas,NV,89161,54,Female,No,Yes,Yes,19,Yes,No,DSL,No,No,Yes,No,No,No,Month-to-month,Yes,Bank transfer (automatic),49.6,No
2481-SBOYW,Reno,NV,89519,19,Female,No,No,Yes,61,Yes,Yes,None,No,No,No,No,No,No,Two year,Yes,Credit card (automatic),25,No
7109-MFBYV,Jarbidge,NV,89826,47,Male,No,No,No,26,Yes,No,DSL,No,No,No,No,No,No,Month-to-month,No,Electronic check,45.45,No
1833-TCXKK,Elko,NV,89801,28,Male,No,Yes,No,45,Yes,Yes,Fiber optic,No,Yes,Yes,No,Yes,Yes,Month-to-month,Yes,Bank transfer (automatic),107.75,No
1832-PEUTS,Reno,NV,89523,40,Male,No,Yes,Yes,62,Yes,Yes,Fiber optic,No,No,Yes,No,Yes,No,Two year,Yes,Credit card (automatic),89.1,No
8660-BUETV,Las Vegas,NV,89148,44,Female,No,No,No,3,Yes,No,DSL,No,No,No,No,No,No,Month-to-month,No,Mailed check,44.75,No
0580-PIQHM,Overton,NV,89040,52,Female,No,Yes,Yes,41,Yes,Yes,Fiber optic,Yes,Yes,Yes,No,No,Yes,One year,Yes,Bank transfer (automatic),101.6,No
5696-CEIQJ,Las Vegas,NV,89169,35,Male,No,Yes,Yes,67,Yes,No,Fiber optic,No,Yes,Yes,Yes,Yes,Yes,Two year,No,Bank transfer (automatic),103.15,No
1696-HXOWK,Henderson,NV,89014,29,Female,No,Yes,No,71,Yes,Yes,Fiber optic,Yes,Yes,No,No,Yes,No,One year,No,Mailed check,95.65,No
3026-ATZYV,Smith,NV,89430,58,Female,No,Yes,Yes,37,Yes,No,DSL,Yes,Yes,No,No,Yes,Yes,One year,No,Bank transfer (automatic),75.1,No
4012-YCFAI,Glenbrook,NV,89413,25,Male,No,Yes,No,60,Yes,No,DSL,Yes,Yes,No,Yes,No,No,Two year,Yes,Mailed check,61.35,No
9970-QBCDA,Schurz,NV,89427,51,Female,No,No,No,6,Yes,No,None,No,No,No,No,No,No,Month-to-month,No,Credit card (automatic),19.7,No
9496-IVVRP,Las Vegas,NV,89145,38,Female,No,Yes,Yes,11,Yes,No,DSL,Yes,No,No,No,No,No,Month-to-month,No,Bank transfer (automatic),51,No
2657-VPXTA,Fernley,NV,89408,55,Female,No,Yes,Yes,10,Yes,No,Fiber optic,No,No,No,No,Yes,Yes,Month-to-month,Yes,Electronic check,88.85,No
6551-VLJMV,Logandale,NV,89021,42,Male,No,Yes,No,34,Yes,No,None,No,No,No,No,No,No,Two year,No,Credit card (automatic),20.05,No
1221-GHZEP,Manhattan,NV,89022,37,Female,No,No,No,62,Yes,No,DSL,Yes,No,No,Yes,No,Yes,Two year,Yes,Mailed check,65.1,No
9289-LBQVU,Cal Nev Ari,NV,89039,48,Male,No,Yes,No,64,Yes,Yes,DSL,No,Yes,No,Yes,No,Yes,One year,Yes,Mailed check,70.15,No
3458-IDMFK,Mountain City,NV,89831,35,Male,No,No,No,25,Yes,No,None,No,No,No,No,No,No,Two year,Yes,Mailed check,20.75,No
6933-FHBZC,North Las Vegas,NV,89030,50,Female,No,No,No,26,Yes,No,DSL,No,Yes,Yes,No,No,No,One year,Yes,Mailed check,56.05,No
0221-NAUXK,Nellis Afb,NV,89191,22,Male,No,No,Yes,10,Yes,No,None,No,No,No,No,No,No,One year,Yes,Bank transfer (automatic),19.95,No
9770-KXGQU,Golconda,NV,89414,19,Female,No,No,No,53,Yes,Yes,Fiber optic,Yes,Yes,Yes,No,Yes,No,One year,No,Mailed check,98.6,No
6538-POCHL,Lovelock,NV,89419,54,Male,No,No,No,33,Yes,No,Fiber optic,No,Yes,Yes,No,No,No,Month-to-month,Yes,Credit card (automatic),79,No
6726-NNFWD,Searchlight,NV,89046,37,Female,Yes,Yes,No,71,Yes,No,Fiber optic,No,Yes,Yes,No,No,Yes,Two year,No,Credit card (automatic),89.45,No
3002-WQZWT,North Las Vegas,NV,89030,24,Female,No,No,No,29,Yes,Yes,Fiber optic,No,No,No,No,No,No,Month-to-month,Yes,Electronic check,74.2,No
4277-UDIEF,Imlay,NV,89418,43,Male,No,Yes,Yes,24,Yes,Yes,DSL,Yes,No,No,Yes,Yes,Yes,Month-to-month,No,Bank transfer (automatic),81,No
1208-NBVFH,Moapa,NV,89025,62,Male,No,Yes,Yes,20,Yes,No,DSL,No,No,Yes,No,No,No,Month-to-month,Yes,Electronic check,49.6,No
4912-PIGUY,Gabbs,NV,89409,27,Female,No,No,No,1,Yes,Yes,Fiber optic,No,No,No,No,Yes,No,Month-to-month,Yes,Electronic check,84.6,No
2725-TTRIQ,Carson City,NV,89705,27,Female,No,Yes,Yes,72,Yes,Yes,DSL,Yes,No,Yes,Yes,Yes,Yes,Two year,Yes,Bank transfer (automatic),84.2,No
3374-TTZTK,Winnemucca,NV,89446,56,Male,No,Yes,No,52,Yes,No,Fiber optic,Yes,Yes,Yes,Yes,Yes,Yes,Two year,Yes,Electronic check,106.3,No
8990-ZXLSU,Las Vegas,NV,89101,47,Female,No,No,No,9,Yes,No,Fiber optic,No,No,No,No,No,No,Month-to-month,No,Electronic check,69.05,No
2275-RBYQS,Las Vegas,NV,89101,49,Female,No,No,No,1,Yes,No,DSL,No,No,No,No,No,No,Month-to-month,Yes,Mailed check,45.4,No
4419-UJMUS,Cal Nev Ari,NV,89039,42,Male,No,Yes,Yes,69,Yes,Yes,Fiber optic,No,No,No,Yes,Yes,Yes,Two year,Yes,Electronic check,99.35,No
7794-JASDG,Las Vegas,NV,89131,32,Male,No,No,No,1,Yes,No,DSL,Yes,No,No,No,No,No,Month-to-month,Yes,Mailed check,50.75,No
7609-YBPXG,Caliente,NV,89008,60,Male,No,No,No,54,Yes,Yes,DSL,Yes,No,Yes,Yes,Yes,Yes,Two year,No,Bank transfer (automatic),87.1,No
5519-TEEUH,Las Vegas,NV,89104,20,Male,No,No,Yes,33,Yes,No,None,No,No,No,No,No,No,One year,Yes,Mailed check,20.15,No
7856-GANIL,Whitesboro,NY,13492,38,Male,Yes,Yes,No,45,Yes,Yes,Fiber optic,No,Yes,Yes,Yes,Yes,No,One year,Yes,Bank transfer (automatic),98.7,No
0804-XBFBV,New York,NY,10035,54,Female,No,No,Yes,11,No,No,DSL,No,No,No,No,No,No,Month-to-month,No,Electronic check,25.2,No
2676-OXPPQ,Ozone Park,NY,11417,30,Male,No,No,No,6,Yes,No,DSL,Yes,Yes,No,No,No,No,Month-to-month,Yes,Bank transfer (automatic),55.7,No
3703-TTEPD,Buchanan,NY,10511,26,Male,No,No,No,21,Yes,No,DSL,Yes,No,Yes,No,Yes,No,Month-to-month,No,Bank transfer (automatic),65.35,No
2799-TSLAG,Canaseraga,NY,14822,62,Female,No,Yes,Yes,65,Yes,Yes,None,No,No,No,No,No,No,Two year,Yes,Bank transfer (automatic),25.3,No
2208-NKVVH,Watkins Glen,NY,14891,33,Male,No,Yes,Yes,43,Yes,Yes,None,No,No,No,No,No,No,Two year,No,Mailed check,24.25,No
7139-JZFVG,Parish,NY,13131,28,Male,No,Yes,Yes,60,Yes,No,DSL,Yes,Yes,Yes,No,No,No,Two year,No,Bank transfer (automatic),60.5,No
4987-GQWPO,Bullville,NY,10915,47,Male,No,No,No,17,No,No,DSL,No,No,No,No,No,No,Month-to-month,No,Credit card (automatic),25.1,No
1757-TCATG,Calcium,NY,13616,36,Male,No,Yes,Yes,35,Yes,No,None,No,No,No,No,No,No,One year,No,Bank transfer (automatic),20.05,No
4776-XSKYQ,Wyandanch,NY,11798,50,Female,No,Yes,Yes,12,No,No,DSL,No,No,No,Yes,No,No,One year,No,Credit card (automatic),30.25,No
8048-DSDFQ,Nichols,NY,13812,64,Male,No,No,No,1,Yes,No,None,No,No,No,No,No,No,Month-to-month,No,Mailed check,20.2,No
5753-QQWPW,Valley Stream,NY,11580,52,Female,No,No,No,28,Yes,No,DSL,Yes,Yes,No,Yes,No,No,One year,Yes,Electronic check,59.9,No
6010-DDPPW,North Brookfield,NY,13418,36,Male,No,Yes,No,70,Yes,Yes,None,No,No,No,No,No,No,Two year,No,Bank transfer (automatic),25.15,No
6693-FRIRW,Kanona,NY,14856,28,Male,No,No,No,18,Yes,No,Fiber optic,No,Yes,Yes,No,Yes,Yes,Month-to-month,No,Credit card (automatic),101.3,No
6586-MYGKD,New Rochelle,NY,10805,47,Male,No,Yes,No,70,Yes,Yes,DSL,Yes,No,No,Yes,Yes,Yes,Two year,Yes,Credit card (automatic),76.95,No
3173-NVMPX,Germantown,NY,12526,56,Female,No,Yes,Yes,9,Yes,Yes,DSL,No,Yes,No,No,No,No,Month-to-month,Yes,Mailed check,55.3,No
0248-PGHBZ,Roosevelt,NY,11575,59,Female,Yes,No,No,67,Yes,No,Fiber optic,Yes,Yes,No,Yes,Yes,No,Two year,Yes,Bank transfer (automatic),92.45,No
0623-GDISB,Brockport,NY,14420,48,Female,No,No,No,1,Yes,No,DSL,Yes,No,No,No,No,No,Month-to-month,Yes,Bank transfer (automatic),48.45,No
2892-GESUL,Buffalo,NY,14206,29,Female,No,Yes,Yes,18,Yes,No,None,No,No,No,No,No,No,Two year,No,Mailed check,19.35,No
7472-EQOAV,Black Creek,NY,14714,58,Male,Yes,Yes,Yes,71,Yes,No,Fiber optic,Yes,Yes,Yes,No,No,No,One year,Yes,Bank transfer (automatic),86.7,No
2043-WVTQJ,Gainesville,NY,14066,44,Male,No,Yes,No,1,Yes,No,DSL,Yes,No,Yes,No,No,No,Month-to-month,No,Mailed check,55.7,No
8034-RYTVV,Burlington Flats,NY,13315,48,Female,No,No,No,55,Yes,Yes,Fiber optic,Yes,No,Yes,No,No,No,One year,Yes,Credit card (automatic),84.25,No
3863-QSTYI,Durham,NY,12422,35,Male,No,No,No,59,Yes,No,DSL,No,No,Yes,Yes,Yes,No,Month-to-month,Yes,Electronic check,64.65,No
5044-LRQAQ,New York,NY,10001,29,Female,No,Yes,No,7,Yes,No,Fiber optic,No,No,No,No,No,No,Month-to-month,Yes,Bank transfer (automatic),69.2,No
1716-LSAMB,Blue Mountain Lake,NY,12812,64,Male,No,Yes,Yes,45,Yes,No,DSL,Yes,No,No,Yes,No,No,Two year,No,Bank transfer (automatic),54.65,No
1333-PBMXB,Oneonta,NY,13820,44,Female,No,Yes,Yes,54,Yes,Yes,None,No,No,No,No,No,No,One year,Yes,Bank transfer (automatic),24.75,No
6546-OPBBH,Lyons,NY,14489,48,Male,No,Yes,Yes,51,Yes,Yes,None,No,No,No,No,No,No,One year,Yes,Mailed check,23.95,No
5985-BEHZK,Geneva,NY,14456,59,Female,Yes,Yes,No,72,Yes,Yes,Fiber optic,No,Yes,Yes,No,Yes,Yes,One year,No,Credit card (automatic),105,No
9127-QRZMH,Brooklyn,NY,11205,41,Male,No,Yes,No,44,Yes,No,DSL,Yes,Yes,No,Yes,No,No,One year,Yes,Bank transfer (automatic),59.85,No
5919-VCZYM,New Paltz,NY,12561,42,Male,No,No,No,2,Yes,No,None,No,No,No,No,No,No,Month-to-month,No,Mailed check,20.05,No
9644-KVCNC,Kirkwood,NY,13795,20,Female,No,No,No,66,Yes,Yes,Fiber optic,No,No,Yes,No,Yes,No,One year,Yes,Bank transfer (automatic),92.15,No
2137-DQMEV,Bayside,NY,11359,46,Male,No,Yes,Yes,68,No,No,DSL,Yes,Yes,No,No,Yes,No,One year,No,Mailed check,44.8,No
8174-LNWMW,Brooklyn,NY,11206,64,Female,No,No,No,31,Yes,No,None,No,No,No,No,No,No,Two year,No,Credit card (automatic),20.9,No
9279-CJEOJ,Islandia,NY,11749,42,Female,Yes,No,No,21,Yes,Yes,Fiber optic,No,No,No,No,Yes,Yes,Month-to-month,Yes,Bank transfer (automatic),95.4,No
7964-VEXDG,Albertson,NY,11507,43,Male,No,No,Yes,21,Yes,Yes,Fiber optic,Yes,No,No,No,No,No,Month-to-month,No,Electronic check,80.35,No
2404-JIBFC,Greenwood Lake,NY,10925,21,Female,No,Yes,Yes,55,Yes,Yes,DSL,Yes,No,Yes,Yes,Yes,Yes,Two year,Yes,Bank transfer (automatic),85.1,No
8029-XYPWT,Lyndonville,NY,14098,27,Male,Yes,Yes,No,71,Yes,Yes,Fiber optic,Yes,Yes,Yes,Yes,Yes,Yes,Two year,Yes,Bank transfer (automatic),115.05,No
4632-PAOYU,Cleveland,NY,13042,26,Male,No,Yes,Yes,22,Yes,No,None,No,No,No,No,No,No,One year,No,Mailed check,19.95,No
2990-OGYTD,East Chatham,NY,12060,45,Female,No,Yes,No,67,Yes,Yes,DSL,No,Yes,Yes,Yes,Yes,Yes,Two year,No,Bank transfer (automatic),86.15,No
6646-JPPHA,Barneveld,NY,13304,59,Female,Yes,No,No,14,Yes,No,Fiber optic,Yes,Yes,No,No,No,No,Month-to-month,No,Electronic check,78.85,No
7658-UYUQS,Newfield,NY,14867,26,Male,Yes,Yes,No,21,Yes,No,Fiber optic,No,No,Yes,No,Yes,No,Month-to-month,No,Bank transfer (automatic),86.55,No
7880-XSOJX,Caledonia,NY,14423,61,Male,No,No,No,4,No,No,DSL,Yes,Yes,No,Yes,No,No,Month-to-month,No,Mailed check,42.4,No
4589-IUAJB,Stamford,NY,12167,28,Male,No,Yes,No,70,Yes,Yes,None,No,No,No,No,No,No,Two year,No,Bank transfer (automatic),24.25,No
8746-BFOAJ,Thiells,NY,10984,27,Male,Yes,No,No,21,Yes,No,None,No,No,No,No,No,No,One year,No,Bank transfer (automatic),20.5,No
8457-XIGKN,Tivoli,NY,12583,24,Male,No,No,No,20,Yes,No,None,No,No,No,No,No,No,Month-to-month,Yes,Credit card (automatic),19.6,No
6072-NUQCB,New York,NY,10020,41,Male,No,Yes,Yes,22,Yes,No,None,No,No,No,No,No,No,One year,No,Bank transfer (automatic),20.25,No
8838-GPHZP,Baldwin,NY,11510,19,Female,No,No,No,63,Yes,No,None,No,No,No,No,No,No,Two year,Yes,Mailed check,20.6,No
8750-QWZAJ,Angelica,NY,14709,55,Female,No,Yes,Yes,70,Yes,No,None,No,No,No,No,No,No,Two year,No,Bank transfer (automatic),19.8,No
6918-UMQCG,Port Jefferson Station,NY,11776,31,Female,No,No,No,5,Yes,No,Fiber optic,No,No,No,No,Yes,No,Month-to-month,No,Electronic check,80.2,No
0675-NCDYU,Cuddebackville,NY,12729,61,Female,No,Yes,Yes,72,Yes,Yes,Fiber optic,Yes,Yes,Yes,Yes,Yes,Yes,Two year,Yes,Credit card (automatic),116.4,No
6339-DKLMK,Constableville,NY,13325,38,Female,No,No,No,13,No,No,DSL,No,Yes,No,No,No,No,Month-to-month,Yes,Electronic check,31.65,No
1346-PJWTK,Saint Bonaventure,NY,14778,23,Male,No,Yes,No,61,Yes,No,Fiber optic,No,Yes,Yes,Yes,No,Yes,Month-to-month,No,Credit card (automatic),94.15,No
5088-QZLRL,Cragsmoor,NY,12420,63,Male,No,No,No,1,Yes,No,None,No,No,No,No,No,No,Month-to-month,No,Electronic check,20.65,No
8023-QHAIO,Masonville,NY,13804,57,Female,Yes,Yes,No,56,Yes,Yes,Fiber optic,No,No,No,Yes,No,No,Month-to-month,Yes,Bank transfer (automatic),76.85,No
4397-FRLTA,Dale,NY,14039,22,Female,No,No,No,4,Yes,No,None,No,No,No,No,No,No,Month-to-month,No,Mailed check,20.15,No
3057-VJJQE,Newark,NY,14513,20,Male,No,No,No,35,Yes,Yes,DSL,Yes,No,No,No,No,No,Two year,No,Mailed check,55.25,No
2302-OUZXB,Eastchester,NY,10709,56,Male,No,Yes,No,72,Yes,Yes,DSL,No,Yes,Yes,No,Yes,Yes,Two year,No,Bank transfer (automatic),82.15,No
8133-ANHHJ,Barrytown,NY,12507,45,Female,Yes,No,No,49,Yes,Yes,Fiber optic,Yes,Yes,Yes,Yes,No,Yes,One year,No,Bank transfer (automatic),103,No
2270-CHBFN,Far Rockaway,NY,11693,56,Female,No,Yes,No,44,Yes,Yes,Fiber optic,Yes,Yes,Yes,Yes,No,No,Month-to-month,Yes,Credit card (automatic),95.1,No
5982-FPVQN,Thompson Ridge,NY,10985,24,Female,No,Yes,Yes,37,Yes,Yes,Fiber optic,No,Yes,Yes,No,No,Yes,Month-to-month,Yes,Electronic check,95.15,No
9107-UKCKY,Deansboro,NY,13328,54,Male,No,Yes,No,61,Yes,Yes,DSL,No,Yes,Yes,No,Yes,Yes,One year,Yes,Electronic check,79.8,No
4654-ULTTN,Syracuse,NY,13208,26,Male,No,Yes,No,70,Yes,Yes,DSL,Yes,No,Yes,Yes,No,Yes,Two year,Yes,Credit card (automatic),74.8,No
5546-BYZSM,Round Top,NY,12473,25,Female,No,No,No,41,Yes,No,None,No,No,No,No,No,No,Month-to-month,No,Electronic check,20.45,No
1492-KGETH,Sand Lake,NY,12153,38,Male,No,Yes,Yes,70,Yes,Yes,DSL,Yes,Yes,Yes,Yes,No,Yes,One year,No,Bank transfer (automatic),78.35,No
4163-HFTUK,Palmyra,NY,14522,28,Male,No,No,No,51,Yes,No,None,No,No,No,No,No,No,One year,No,Electronic check,19.1,No
8215-NGSPE,Harpersfield,NY,13786,24,Female,No,Yes,Yes,42,Yes,No,None,No,No,No,No,No,No,Two year,No,Mailed check,20,No
8859-YSTWS,Stottville,NY,12172,39,Male,No,No,No,48,Yes,No,None,No,No,No,No,No,No,One year,No,Bank transfer (automatic),19.95,No
7601-DHFWZ,Dover Plains,NY,12522,50,Female,No,No,No,48,Yes,Yes,None,No,No,No,No,No,No,Two year,No,Credit card (automatic),24,No
1998-VHJHK,Findley Lake,NY,14736,52,Female,No,No,No,27,Yes,No,None,No,No,No,No,No,No,One year,No,Mailed check,19.15,No
1707-HABPF,Henrietta,NY,14467,52,Female,Yes,No,No,46,Yes,No,Fiber optic,No,Yes,Yes,No,Yes,No,One year,Yes,Bank transfer (automatic),91.3,No
0487-VVUVK,Manhasset,NY,11030,63,Male,No,Yes,Yes,25,Yes,No,None,No,No,No,No,No,No,Month-to-month,Yes,Mailed check,19.15,No
5063-IUOKK,Port Henry,NY,12974,44,Male,No,No,No,13,Yes,No,None,No,No,No,No,No,No,Two year,No,Mailed check,19.75,No
4508-OEBEY,Maple Springs,NY,14756,58,Male,No,Yes,No,31,Yes,No,DSL,Yes,Yes,Yes,Yes,No,Yes,One year,Yes,Credit card (automatic),75.5,No
0027-KWYKW,Ocean Beach,NY,11770,23,Female,No,Yes,Yes,23,Yes,Yes,Fiber optic,No,No,No,No,Yes,No,Month-to-month,Yes,Electronic check,83.75,No
2308-STERM,Troy,NY,12182,19,Female,No,No,No,2,Yes,No,None,No,No,No,No,No,No,Month-to-month,No,Mailed check,19.4,No
5982-XMDEX,Atlantic Beach,NY,11509,49,Female,No,No,No,65,Yes,Yes,None,No,No,No,No,No,No,Two year,No,Bank transfer (automatic),26.5,No
6051-PTVNS,Elmsford,NY,10523,54,Female,No,Yes,Yes,55,Yes,No,None,No,No,No,No,No,No,One year,No,Credit card (automatic),19.15,No
2877-VDUER,Southampton,NY,11968,45,Female,No,Yes,Yes,35,No,No,DSL,No,No,No,Yes,Yes,No,One year,No,Mailed check,40.9,No
9152-AMKAK,New York,NY,10271,54,Male,No,No,No,6,Yes,No,DSL,Yes,No,Yes,Yes,Yes,Yes,Two year,Yes,Mailed check,80.25,No
9432-VOFYX,Highland Mills,NY,10930,28,Male,No,No,No,17,Yes,No,Fiber optic,No,No,No,No,No,No,Month-to-month,Yes,Electronic check,70.8,No
8049-WJCLQ,Brooklyn,NY,11230,33,Male,No,Yes,Yes,10,Yes,No,DSL,No,No,Yes,No,Yes,No,Month-to-month,No,Mailed check,60.2,No
6586-PSJOX,Hogansburg,NY,13655,24,Male,No,No,Yes,15,Yes,No,DSL,No,No,Yes,Yes,No,No,One year,No,Credit card (automatic),55.2,No
9705-ZJBCG,Manlius,NY,13104,58,Female,No,Yes,Yes,13,Yes,No,DSL,Yes,No,No,Yes,No,No,One year,No,Bank transfer (automatic),54.15,No
6847-KJLTS,Kendall,NY,14476,34,Female,Yes,Yes,No,58,Yes,Yes,Fiber optic,No,No,No,Yes,Yes,Yes,Month-to-month,Yes,Bank transfer (automatic),100.4,No
9670-BPNXF,Athens,NY,12015,52,Female,No,No,No,45,Yes,No,DSL,Yes,Yes,No,Yes,No,No,One year,Yes,Credit card (automatic),62.55,No
3913-FCUUW,La Fayette,NY,13084,63,Female,No,Yes,Yes,72,Yes,Yes,DSL,Yes,Yes,Yes,Yes,No,No,Two year,Yes,Bank transfer (automatic),70.45,No
3301-VKTGC,Shandaken,NY,12480,29,Male,No,Yes,Yes,68,Yes,Yes,Fiber optic,Yes,Yes,No,No,No,No,One year,Yes,Bank transfer (automatic),85.5,No
9555-SAHUZ,Davenport Center,NY,13751,45,Female,No,Yes,Yes,38,Yes,No,DSL,Yes,Yes,No,No,No,No,Month-to-month,No,Electronic check,54.5,No
0816-TSPHQ,Collins,NY,14034,22,Male,No,No,No,2,Yes,No,None,No,No,No,No,No,No,Month-to-month,No,Mailed check,20.75,No
9932-WBWIK,Skaneateles,NY,13152,44,Male,No,No,No,11,Yes,No,None,No,No,No,No,No,No,Month-to-month,No,Mailed check,20.35,No
4619-EVPHY,New York,NY,10039,58,Female,Yes,Yes,No,20,Yes,No,Fiber optic,No,No,No,No,Yes,Yes,One year,Yes,Bank transfer (automatic),91,No
5286-YHCVC,Childwold,NY,12922,63,Male,No,Yes,No,72,Yes,Yes,Fiber optic,No,Yes,Yes,No,Yes,Yes,Two year,Yes,Bank transfer (automatic),104.8,No
9115-YQHGA,Jordanville,NY,13361,43,Male,No,No,No,40,Yes,No,DSL,No,No,No,Yes,No,No,Month-to-month,Yes,Electronic check,51.1,No
4462-CYWMH,Spencerport,NY,14559,59,Male,Yes,Yes,No,62,Yes,Yes,Fiber optic,No,Yes,No,No,No,Yes,Month-to-month,Yes,Bank transfer (automatic),89.8,No
8963-MQVYN,Valatie,NY,12184,22,Female,No,No,Yes,22,Yes,No,None,No,No,No,No,No,No,Month-to-month,Yes,Electronic check,20.55,No
2458-EOMRE,Brooklyn,NY,11208,40,Female,No,No,No,11,Yes,No,DSL,Yes,No,Yes,No,No,Yes,Month-to-month,No,Bank transfer (automatic),64.05,No
9334-GWGOW,Williamstown,NY,13493,27,Male,Yes,Yes,No,7,Yes,Yes,Fiber optic,No,No,No,No,No,No,Month-to-month,Yes,Electronic check,74.85,No
6542-LWGXJ,Rochester,NY,14620,35,Male,No,Yes,No,3,No,No,DSL,No,No,No,No,No,No,Month-to-month,No,Mailed check,25,No
5567-GZKQY,Rochester,NY,14614,28,Male,No,No,No,58,Yes,No,None,No,No,No,No,No,No,Two year,No,Credit card (automatic),20.3,No
1222-LRYKO,South Otselic,NY,13155,62,Male,No,No,Yes,6,Yes,Yes,None,No,No,No,No,No,No,Month-to-month,No,Mailed check,26.35,No
2087-QAREY,Bohemia,NY,11716,56,Female,No,Yes,No,22,Yes,No,DSL,No,Yes,Yes,No,No,No,Month-to-month,Yes,Mailed check,54.7,No
4423-JWZJN,West Stockholm,NY,13696,35,Male,No,Yes,Yes,64,Yes,Yes,Fiber optic,No,No,Yes,No,No,Yes,One year,No,Credit card (automatic),90.25,No
6490-FGZAT,Jewett,NY,12444,54,Male,No,No,No,6,Yes,No,None,No,No,No,No,No,No,Month-to-month,No,Mailed check,20.65,No
7452-FOLON,Grand Island,NY,14072,40,Male,No,No,Yes,39,Yes,Yes,None,No,No,No,No,No,No,One year,No,Bank transfer (automatic),25.45,No
2320-TZRRH,Lakeville,NY,14480,35,Female,No,No,No,20,Yes,No,None,No,No,No,No,No,No,One year,No,Mailed check,19.5,No
4942-VZZOM,Redford,NY,12978,20,Male,No,Yes,No,64,Yes,Yes,DSL,Yes,No,No,No,Yes,No,One year,Yes,Credit card (automatic),66.15,No
7502-BNYGS,Strykersville,NY,14145,23,Female,No,Yes,No,46,Yes,No,DSL,No,Yes,No,No,Yes,Yes,Month-to-month,Yes,Credit card (automatic),69.1,No
4291-HYEBC,Cooperstown,NY,13326,33,Female,Yes,Yes,Yes,28,No,No,DSL,No,Yes,No,No,No,Yes,One year,Yes,Electronic check,39.1,No
6147-CBCRA,Ava,NY,13303,38,Female,No,Yes,No,33,Yes,No,None,No,No,No,No,No,No,Month-to-month,No,Mailed check,20.05,No
6047-SUHPR,Cold Spring,NY,10516,27,Male,No,Yes,Yes,39,Yes,No,DSL,Yes,Yes,Yes,No,No,No,One year,No,Electronic check,59.8,No
9752-ZNQUT,Feura Bush,NY,12067,39,Female,No,No,No,1,Yes,No,DSL,No,Yes,No,No,No,No,Month-to-month,Yes,Electronic check,48.6,No
1576-PFZIW,Dresden,NY,14441,30,Male,Yes,Yes,No,70,Yes,No,Fiber optic,Yes,Yes,Yes,No,Yes,Yes,Two year,No,Credit card (automatic),105.35,No
5666-MBJPT,Alma,NY,14708,35,Male,No,No,No,65,Yes,Yes,None,No,No,No,No,No,No,Two year,Yes,Bank transfer (automatic),25.1,No
7312-XSBAT,New York,NY,10075,62,Male,No,No,No,1,Yes,No,DSL,Yes,No,No,No,No,No,Month-to-month,No,Electronic check,49.75,No
3096-GKWEB,Highmount,NY,12441,19,Male,No,Yes,No,18,Yes,Yes,Fiber optic,No,No,No,No,Yes,Yes,Month-to-month,Yes,Electronic check,94.75,No
2371-JQHZZ,South Plymouth,NY,13844,55,Male,No,Yes,No,24,Yes,Yes,Fiber optic,No,No,No,No,Yes,Yes,Month-to-month,Yes,Electronic check,93,No
0674-GCDXG,Sparrow Bush,NY,12780,23,Male,No,No,No,63,Yes,Yes,DSL,Yes,No,Yes,Yes,No,Yes,Two year,Yes,Bank transfer (automatic),71.9,No
1121-QSIVB,Piermont,NY,10968,63,Female,No,No,Yes,44,Yes,Yes,DSL,No,Yes,No,No,Yes,Yes,One year,Yes,Mailed check,77.55,No
4396-KLSEH,West Sayville,NY,11796,43,Male,No,No,No,4,Yes,No,None,No,No,No,No,No,No,Month-to-month,Yes,Electronic check,19.85,No
2824-MYYBN,Worcester,NY,12197,62,Female,No,Yes,Yes,37,Yes,Yes,Fiber optic,No,No,No,No,Yes,Yes,Month-to-month,Yes,Electronic check,95.25,No
6345-HOVES,Mahopac,NY,10541,28,Male,No,No,No,34,No,No,DSL,No,No,No,No,No,No,Month-to-month,Yes,Bank transfer (automatic),25.05,No
8318-LCNBW,Panama,NY,14767,50,Male,No,Yes,No,35,No,No,DSL,Yes,No,Yes,No,Yes,Yes,One year,No,Credit card (automatic),53.15,No
6469-QJKZW,Roseboom,NY,13450,23,Female,No,Yes,No,4,Yes,No,None,No,No,No,No,No,No,Month-to-month,No,Electronic check,20.15,No
0147-ESWWR,Niagara Falls,NY,14302,37,Female,Yes,Yes,No,39,Yes,Yes,Fiber optic,No,No,No,Yes,Yes,Yes,Month-to-month,Yes,Electronic check,101.25,No
1217-VASWC,Cold Brook,NY,13324,21,Male,Yes,Yes,No,43,Yes,No,Fiber optic,No,Yes,Yes,No,Yes,Yes,One year,Yes,Bank transfer (automatic),100.55,No
6370-ZVHDV,Orient,NY,11957,31,Female,No,Yes,No,61,Yes,Yes,None,No,No,No,No,No,No,Two year,No,Bank transfer (automatic),25.3,No
5915-DGNVC,Brooklyn,NY,11223,53,Female,No,Yes,No,49,Yes,Yes,DSL,Yes,Yes,Yes,No,No,Yes,One year,No,Electronic check,71.8,No
6260-XLACS,East Meadow,NY,11554,32,Male,No,No,No,4,Yes,No,None,No,No,No,No,No,No,One year,No,Mailed check,19.7,No
3566-CAAYU,Bellmore,NY,11710,45,Female,No,Yes,Yes,64,No,No,DSL,No,Yes,Yes,Yes,No,Yes,Two year,No,Electronic check,49.85,No
4983-CCWMC,Youngsville,NY,12791,50,Male,No,No,No,3,Yes,No,Fiber optic,No,No,No,No,No,No,Month-to-month,Yes,Mailed check,69.6,No
9103-CXVOK,Marcellus,NY,13108,42,Male,No,Yes,Yes,1,Yes,No,None,No,No,No,No,No,No,Month-to-month,No,Electronic check,19.75,No
2896-TBNBE,Raquette Lake,NY,13436,45,Male,No,Yes,No,40,Yes,No,Fiber optic,No,Yes,Yes,No,No,No,One year,No,Electronic check,80.8,No
2522-WLNSF,Richville,NY,13681,44,Female,Yes,Yes,No,34,Yes,No,DSL,No,No,Yes,Yes,Yes,No,One year,No,Bank transfer (automatic),64.2,No
3841-CONLJ,Flushing,NY,11351,45,Female,No,Yes,No,1,No,No,DSL,No,No,No,No,No,Yes,Month-to-month,No,Electronic check,35,No
4475-NVTLU,Cazenovia,NY,13035,24,Male,No,Yes,Yes,45,Yes,No,None,No,No,No,No,No,No,Two year,No,Electronic check,19.2,No
9386-LDCZR,New York,NY,10177,29,Male,No,No,No,43,Yes,No,Fiber optic,Yes,Yes,Yes,Yes,No,No,One year,Yes,Credit card (automatic),90.65,No
9585-KKMFD,Oswegatchie,NY,13670,30,Male,No,Yes,Yes,41,Yes,No,None,No,No,No,No,No,No,Two year,Yes,Mailed check,20,No
5399-ZIMKF,Canaseraga,NY,14822,22,Male,No,No,No,5,Yes,No,Fiber optic,No,Yes,No,No,No,No,Month-to-month,Yes,Electronic check,74.65,No
0336-KXKFK,Chenango Forks,NY,13746,52,Male,No,No,No,72,No,No,DSL,Yes,No,Yes,Yes,Yes,Yes,Two year,Yes,Credit card (automatic),61.2,No
5619-XZZKR,Rhinecliff,NY,12574,59,Male,No,No,No,4,Yes,No,None,No,No,No,No,No,No,One year,No,Mailed check,19.95,No
3948-FVVRP,Keuka Park,NY,14478,25,Male,No,Yes,Yes,9,Yes,No,DSL,No,Yes,No,Yes,No,No,Month-to-month,No,Mailed check,54.8,No
5327-XOKKY,Thompson Ridge,NY,10985,51,Male,Yes,Yes,No,72,Yes,Yes,DSL,No,No,Yes,No,Yes,Yes,Two year,Yes,Credit card (automatic),73.45,No
0983-TATYJ,Southfields,NY,10975,63,Female,No,Yes,No,33,Yes,No,DSL,No,No,No,Yes,No,No,One year,Yes,Mailed check,51.45,No
1813-JYWTO,Churubusco,NY,12923,44,Female,No,Yes,No,72,Yes,Yes,Fiber optic,Yes,No,No,No,No,No,Two year,No,Bank transfer (automatic),80.45,No
6719-OXYBR,Brooklyn,NY,11233,45,Male,No,No,No,15,Yes,No,Fiber optic,No,No,Yes,No,Yes,No,Month-to-month,No,Electronic check,85.3,No
3312-ZWLGF,Montour Falls,NY,14865,26,Male,Yes,Yes,No,29,Yes,Yes,Fiber optic,No,No,No,Yes,No,No,Month-to-month,Yes,Electronic check,79.3,No
6476-YHMGA,Jamaica,NY,11451,63,Female,No,Yes,Yes,15,Yes,No,DSL,No,Yes,Yes,Yes,Yes,Yes,Month-to-month,No,Bank transfer (automatic),76.5,No
0795-XCCTE,Brier Hill,NY,13614,38,Male,Yes,No,No,72,Yes,Yes,None,No,No,No,No,No,No,Two year,No,Bank transfer (automatic),25.4,No
0168-XZKBB,Alpine,NY,14805,55,Female,No,Yes,No,19,Yes,Yes,Fiber optic,No,No,No,No,Yes,No,Month-to-month,Yes,Electronic check,86.85,No
3785-NRHYR,Syracuse,NY,13210,37,Male,No,No,No,1,Yes,No,None,No,No,No,No,No,No,Month-to-month,No,Mailed check,19.65,No
4537-DKTAL,Syracuse,NY,13215,60,Female,No,No,No,2,Yes,No,DSL,No,No,No,No,No,No,Month-to-month,No,Electronic check,45.55,No
7072-MBHEV,Croghan,NY,13327,51,Female,Yes,Yes,Yes,11,Yes,Yes,Fiber optic,No,No,Yes,No,No,No,Month-to-month,Yes,Credit card (automatic),78.1,No
5602-BVFMK,Saint Regis Falls,NY,12980,49,Female,No,No,No,12,Yes,No,None,No,No,No,No,No,No,One year,No,Mailed check,19.3,No
6297-NOOPG,Narrowsburg,NY,12764,22,Female,No,Yes,No,70,Yes,Yes,Fiber optic,No,Yes,Yes,Yes,Yes,Yes,Two year,Yes,Electronic check,110.5,No
8204-TIFGJ,Pine City,NY,14871,28,Female,No,No,No,23,Yes,No,None,No,No,No,No,No,No,Month-to-month,Yes,Bank transfer (automatic),20.3,No
8050-DVOJX,Hadley,NY,12835,25,Male,Yes,No,No,49,Yes,Yes,DSL,Yes,Yes,Yes,Yes,No,Yes,Two year,No,Credit card (automatic),81.35,No
8903-XEBGX,Le Roy,NY,14482,60,Male,No,No,Yes,2,Yes,No,DSL,No,No,No,No,No,Yes,Month-to-month,Yes,Electronic check,55.3,No
8169-SAEJD,Sabael,NY,12864,37,Male,Yes,Yes,No,69,No,No,DSL,Yes,Yes,No,No,Yes,Yes,Two year,No,Credit card (automatic),56.55,No
1089-XZWHH,Constable,NY,12926,48,Female,No,Yes,Yes,24,Yes,No,None,No,No,No,No,No,No,Two year,Yes,Mailed check,19.7,No
2325-WINES,Putnam Valley,NY,10579,24,Female,No,No,No,32,Yes,Yes,Fiber optic,No,Yes,Yes,No,Yes,Yes,One year,Yes,Credit card (automatic),104.05,No
6064-ZATLR,Big Flats,NY,14814,48,Female,No,No,No,27,Yes,No,DSL,Yes,Yes,No,No,No,No,Two year,No,Bank transfer (automatic),52.85,No
7824-PANSQ,Delmar,NY,12054,63,Male,No,No,No,58,Yes,Yes,Fiber optic,No,No,No,Yes,No,No,Month-to-month,No,Bank transfer (automatic),80.65,No
9648-BCHKM,Hartwick,NY,13348,57,Female,No,Yes,Yes,18,Yes,Yes,None,No,No,No,No,No,No,Two year,Yes,Credit card (automatic),24.65,No
2888-ADFAO,Westford,NY,13488,61,Female,No,Yes,Yes,47,Yes,No,None,No,No,No,No,No,No,Two year,Yes,Bank transfer (automatic),21.3,No
8707-HOEDG,Chestertown,NY,12817,61,Female,No,Yes,Yes,70,Yes,Yes,Fiber optic,No,Yes,Yes,Yes,Yes,Yes,Two year,Yes,Electronic check,110.2,No
4072-IPYLT,New York,NY,10153,46,Female,No,Yes,Yes,36,Yes,No,DSL,Yes,No,No,No,No,No,Month-to-month,No,Credit card (automatic),51.05,No
7167-PCEYD,Pearl River,NY,10965,51,Male,No,No,No,67,Yes,No,None,No,No,No,No,No,No,Two year,Yes,Mailed check,19.8,No
4936-YPJNK,Jacksonville,NY,14854,63,Female,No,No,No,10,Yes,No,None,No,No,No,No,No,No,Month-to-month,Yes,Mailed check,19.9,No
1580-BMCMR,Clifton Springs,NY,14432,20,Male,Yes,No,No,19,Yes,No,Fiber optic,Yes,No,No,No,No,Yes,Month-to-month,Yes,Electronic check,87.3,No
4817-KEQSP,Atlantic Beach,NY,11509,61,Female,No,Yes,Yes,71,Yes,No,None,No,No,No,No,No,No,Two year,No,Bank transfer (automatic),19.85,No
6408-WHTEF,Trout Creek,NY,13847,19,Male,No,Yes,Yes,72,Yes,Yes,DSL,Yes,Yes,Yes,Yes,Yes,Yes,Two year,Yes,Mailed check,89.4,No
9251-AWQGT,Cohoes,NY,12047,60,Female,No,Yes,Yes,48,Yes,No,None,No,No,No,No,No,No,Two year,No,Mailed check,20,No
8749-CLJXC,La Fargeville,NY,13656,19,Male,No,No,No,1,Yes,No,None,No,No,No,No,No,No,Month-to-month,No,Mailed check,20.05,No
7989-VCQOH,Limestone,NY,14753,21,Male,No,Yes,Yes,18,Yes,No,DSL,Yes,No,Yes,Yes,Yes,Yes,Month-to-month,No,Electronic check,83.25,No
4199-QHJNM,Oswego,NY,13126,40,Male,Yes,Yes,No,67,Yes,Yes,Fiber optic,No,Yes,No,Yes,Yes,Yes,Two year,No,Bank transfer (automatic),102.9,No
8882-TLVRW,Nanuet,NY,10954,40,Male,No,Yes,Yes,69,No,No,DSL,Yes,No,Yes,Yes,No,No,Two year,No,Mailed check,39.1,No
5135-GRQJV,Constableville,NY,13325,39,Male,Yes,Yes,No,72,Yes,Yes,Fiber optic,Yes,Yes,Yes,Yes,Yes,Yes,Two year,Yes,Mailed check,114.5,No
2384-OVPSA,Glens Falls,NY,12801,19,Female,Yes,No,No,38,Yes,No,None,No,No,No,No,No,No,Two year,No,Mailed check,20.2,No
1371-WEPDS,Islip,NY,11751,49,Male,Yes,Yes,No,40,Yes,No,DSL,No,No,No,No,No,Yes,One year,No,Electronic check,55.8,No
3580-GICBM,Old Westbury,NY,11568,39,Female,No,Yes,Yes,61,Yes,Yes,None,No,No,No,No,No,No,Two year,Yes,Mailed check,24.2,No
9730-DRTMJ,Buffalo,NY,14221,52,Male,No,Yes,No,32,Yes,Yes,DSL,Yes,No,No,Yes,Yes,No,One year,Yes,Credit card (automatic),72.8,No
4686-UXDML,Cobleskill,NY,12043,61,Female,No,No,No,21,Yes,Yes,Fiber optic,No,Yes,No,No,Yes,Yes,Month-to-month,Yes,Credit card (automatic),99.85,No
3349-ANQNH,Union Springs,NY,13160,37,Female,Yes,No,No,59,Yes,Yes,Fiber optic,No,No,Yes,No,Yes,Yes,One year,Yes,Electronic check,99.5,No
0932-YIXYU,Hunter,NY,12442,37,Female,No,No,No,47,Yes,No,None,No,No,No,No,No,No,Two year,No,Credit card (automatic),20.25,No
7480-SPLEF,Tonawanda,NY,14150,41,Male,No,Yes,Yes,69,Yes,Yes,None,No,No,No,No,No,No,Two year,Yes,Bank transfer (automatic),26,No
7636-XUHWW,New York,NY,10154,50,Male,No,No,No,2,Yes,No,None,No,No,No,No,No,No,Month-to-month,Yes,Credit card (automatic),19.9,No
1431-CYWMH,Cobleskill,NY,12043,36,Female,No,Yes,Yes,22,Yes,No,None,No,No,No,No,No,No,Month-to-month,No,Bank transfer (automatic),19.05,No
5937-EORGB,Cameron,NY,14819,46,Male,Yes,Yes,No,15,Yes,Yes,Fiber optic,Yes,No,Yes,No,Yes,No,Month-to-month,Yes,Electronic check,96.5,No
6349-JDHQP,Wells,NY,12190,50,Female,No,No,No,53,Yes,No,None,No,No,No,No,No,No,Two year,No,Credit card (automatic),19.85,No
5539-HIVAK,Rochester,NY,14611,25,Female,Yes,Yes,No,28,Yes,Yes,None,No,No,No,No,No,No,Month-to-month,No,Mailed check,25.7,No
5847-MXBEO,Barker,NY,14012,38,Male,No,No,No,22,Yes,No,None,No,No,No,No,No,No,One year,No,Mailed check,20.3,No
4583-PARNH,West Monroe,NY,13167,25,Male,Yes,Yes,No,16,Yes,No,Fiber optic,No,No,Yes,Yes,No,Yes,Month-to-month,Yes,Electronic check,91.55,No
1116-FRYVH,Dundee,NY,14837,61,Female,No,Yes,Yes,48,No,No,DSL,Yes,Yes,No,Yes,No,No,Two year,No,Mailed check,39.4,No
1421-HCERK,Denver,NY,12421,27,Male,Yes,Yes,No,30,Yes,Yes,Fiber optic,Yes,Yes,Yes,Yes,Yes,No,Month-to-month,Yes,Bank transfer (automatic),105.7,No
9633-XQABV,Ellenburg Center,NY,12934,63,Female,No,No,No,3,Yes,No,Fiber optic,No,No,No,No,No,No,Month-to-month,Yes,Electronic check,70.25,No
0716-BQNDX,Ballston Lake,NY,12019,50,Male,Yes,No,No,57,Yes,Yes,Fiber optic,Yes,No,No,Yes,No,Yes,Two year,No,Electronic check,93.75,No
1183-CANVH,Grand Island,NY,14072,35,Female,No,Yes,No,23,Yes,No,DSL,No,No,No,Yes,Yes,No,One year,No,Bank transfer (automatic),60,No
1972-XMUWV,Sag Harbor,NY,11963,64,Female,No,Yes,No,65,Yes,No,DSL,No,No,No,Yes,Yes,No,Two year,Yes,Credit card (automatic),59.8,No
8679-LZBMD,Obernburg,NY,12767,62,Male,No,Yes,No,44,Yes,No,Fiber optic,No,No,No,No,Yes,Yes,One year,Yes,Bank transfer (automatic),90.65,No
3407-JMJQQ,Lagrangeville,NY,12540,46,Female,No,Yes,Yes,71,Yes,Yes,Fiber optic,Yes,Yes,Yes,No,Yes,Yes,Two year,Yes,Bank transfer (automatic),109,No
6252-DFGTK,Copiague,NY,11726,40,Female,No,Yes,No,37,Yes,Yes,DSL,Yes,No,Yes,Yes,No,No,One year,No,Credit card (automatic),68.1,No
1539-LNKHM,Thendara,NY,13472,36,Female,No,No,No,12,Yes,No,None,No,No,No,No,No,No,Month-to-month,No,Mailed check,20.4,No
8645-KOMJQ,North Pitcher,NY,13124,34,Male,No,Yes,Yes,69,Yes,Yes,DSL,No,Yes,Yes,Yes,Yes,Yes,Two year,Yes,Bank transfer (automatic),81.95,No
0289-IVARM,Mount Sinai,NY,11766,52,Female,No,No,No,35,Yes,No,DSL,Yes,Yes,Yes,No,No,No,Month-to-month,No,Electronic check,60.55,No
9761-XUJWD,Philmont,NY,12565,25,Male,No,No,No,5,Yes,No,DSL,No,Yes,No,Yes,No,Yes,Month-to-month,Yes,Bank transfer (automatic),65.6,No
4057-FKCZK,Forestport,NY,13338,34,Male,No,Yes,Yes,58,Yes,Yes,Fiber optic,No,No,No,No,Yes,No,Two year,No,Bank transfer (automatic),82.5,No
4291-TPNFG,Buffalo,NY,14225,63,Male,No,Yes,No,72,Yes,Yes,DSL,Yes,Yes,Yes,Yes,No,Yes,Two year,Yes,Bank transfer (automatic),82.3,No
6087-YPWHO,Strykersville,NY,14145,43,Male,No,Yes,No,72,Yes,Yes,DSL,Yes,Yes,Yes,Yes,No,No,Two year,No,Mailed check,68.15,No
3090-QFUVD,Palisades,NY,10964,54,Female,No,No,No,1,Yes,No,None,No,No,No,No,No,No,Month-to-month,No,Credit card (automatic),20.3,No
1722-LDZJS,Lyons Falls,NY,13368,36,Male,No,Yes,Yes,53,Yes,No,None,No,No,No,No,No,No,One year,No,Credit card (automatic),20.2,No
1818-ESQMW,Glenford,NY,12433,49,Female,No,No,No,27,Yes,No,Fiber optic,No,No,Yes,Yes,No,Yes,Month-to-month,Yes,Electronic check,89.2,No
7401-RUBNK,West Bloomfield,NY,14585,56,Female,No,Yes,No,18,Yes,No,Fiber optic,Yes,No,No,No,No,No,Month-to-month,No,Electronic check,74.8,No
0506-YLVKJ,Syracuse,NY,13290,41,Male,No,Yes,Yes,46,Yes,No,None,No,No,No,No,No,No,Two year,Yes,Mailed check,20.2,No
8661-BOYNW,Selkirk,NY,12158,30,Female,No,Yes,No,72,Yes,Yes,DSL,Yes,No,Yes,Yes,Yes,Yes,Two year,Yes,Credit card (automatic),84.4,No
4815-GBTCD,South Otselic,NY,13155,58,Female,No,Yes,No,4,No,No,DSL,No,No,No,No,No,No,Month-to-month,Yes,Electronic check,25.15,No
2805-AUFQN,Collins,NY,14034,42,Female,No,No,No,25,Yes,No,None,No,No,No,No,No,No,Two year,No,Credit card (automatic),19.8,No
0980-PVMRC,Witherbee,NY,12998,31,Female,No,Yes,Yes,40,No,No,DSL,No,Yes,No,No,Yes,Yes,Month-to-month,Yes,Electronic check,50.85,No
7233-DRTRF,Dewittville,NY,14728,36,Male,No,Yes,No,63,Yes,Yes,Fiber optic,No,Yes,Yes,No,Yes,Yes,Month-to-month,Yes,Electronic check,102.4,No
3873-NFTGI,Malone,NY,12953,50,Male,No,No,No,14,Yes,Yes,DSL,No,Yes,No,No,No,No,Month-to-month,Yes,Credit card (automatic),55.5,No
1162-ECVII,Cutchogue,NY,11935,26,Male,Yes,Yes,No,72,Yes,Yes,Fiber optic,No,Yes,Yes,Yes,Yes,Yes,Two year,Yes,Bank transfer (automatic),109.75,No
7048-GXDAY,Mineola,NY,11501,50,Male,No,No,No,39,Yes,Yes,Fiber optic,Yes,Yes,No,No,Yes,Yes,Month-to-month,Yes,Electronic check,106.4,No
8571-ZCMCX,New York,NY,10154,62,Female,No,Yes,Yes,47,No,No,DSL,Yes,Yes,Yes,No,Yes,Yes,Two year,Yes,Credit card (automatic),60,No
1169-WCVAK,Berkshire,NY,13736,51,Male,No,Yes,No,19,Yes,Yes,Fiber optic,Yes,Yes,No,Yes,No,No,Month-to-month,Yes,Credit card (automatic),88.8,No
7129-CAKJW,Jamaica,NY,11433,48,Female,No,No,No,17,Yes,Yes,Fiber optic,No,No,Yes,No,No,No,Month-to-month,No,Bank transfer (automatic),80.05,No
8695-ARGXZ,Skaneateles Falls,NY,13153,52,Male,Yes,Yes,No,34,Yes,Yes,Fiber optic,No,No,No,No,No,No,Month-to-month,Yes,Electronic check,75.55,No
3570-YUEKJ,Erieville,NY,13061,27,Female,No,No,No,42,Yes,No,DSL,No,Yes,No,No,No,No,Month-to-month,Yes,Electronic check,49.55,No
1555-HAPSU,Lowman,NY,14861,30,Female,No,Yes,Yes,71,Yes,Yes,None,No,No,No,No,No,No,Two year,No,Credit card (automatic),23.9,No
1697-NVVGY,Norwood,NY,13668,35,Male,Yes,Yes,No,19,Yes,No,DSL,Yes,No,Yes,No,Yes,No,Month-to-month,No,Bank transfer (automatic),66.4,No
8464-EETCQ,Hagaman,NY,12086,43,Male,No,No,No,57,Yes,No,None,No,No,No,No,No,No,Two year,No,Credit card (automatic),18.8,No
2419-FSORS,Buffalo,NY,14261,58,Male,No,Yes,No,72,Yes,Yes,Fiber optic,No,Yes,Yes,Yes,Yes,Yes,Two year,Yes,Electronic check,108.4,No
8132-YPVBX,New York,NY,10170,26,Female,No,No,No,6,Yes,No,Fiber optic,No,Yes,No,No,No,Yes,Month-to-month,Yes,Mailed check,85.95,No
6754-LZUKA,Jamaica,NY,11436,28,Male,No,Yes,No,61,Yes,Yes,DSL,No,Yes,Yes,No,Yes,Yes,Two year,No,Bank transfer (automatic),80.9,No
8099-MZPUJ,Bronx,NY,10459,19,Male,No,Yes,Yes,48,Yes,Yes,Fiber optic,Yes,Yes,Yes,Yes,Yes,Yes,Two year,No,Credit card (automatic),111.8,No
0787-LHDYT,Kill Buck,NY,14748,46,Male,No,No,No,16,Yes,No,None,No,No,No,No,No,No,Month-to-month,Yes,Credit card (automatic),20.6,No
0374-IOEGQ,Hinckley,NY,13352,58,Female,No,No,No,3,Yes,No,DSL,No,No,No,No,No,No,Month-to-month,No,Electronic check,44.6,No
3197-NNYNB,North Brookfield,NY,13418,21,Male,No,No,No,65,Yes,Yes,Fiber optic,No,Yes,Yes,No,Yes,Yes,Two year,No,Credit card (automatic),105.1,No
3396-DKDEL,Dexter,NY,13634,60,Female,No,Yes,Yes,70,Yes,Yes,Fiber optic,Yes,Yes,Yes,Yes,Yes,Yes,Two year,Yes,Credit card (automatic),115.15,No
1752-OZXFY,New York,NY,10169,57,Male,No,Yes,No,60,Yes,No,DSL,Yes,No,No,No,Yes,No,One year,Yes,Mailed check,59.8,No
9066-QRSDU,Roseboom,NY,13450,33,Female,No,Yes,No,69,Yes,Yes,None,No,No,No,No,No,No,One year,Yes,Electronic check,26.3,No
9112-WSNPU,Fabius,NY,13063,45,Female,Yes,No,No,35,Yes,No,Fiber optic,No,No,No,No,No,No,Month-to-month,No,Electronic check,70.55,No
9867-NNXLC,Baldwin Place,NY,10505,38,Female,No,No,No,22,Yes,No,None,No,No,No,No,No,No,Month-to-month,Yes,Mailed check,20.05,No
5321-NTRKC,Cambria Heights,NY,11411,40,Male,No,Yes,Yes,66,Yes,Yes,DSL,No,Yes,Yes,No,Yes,Yes,Two year,No,Bank transfer (automatic),79.85,No
3161-GETRM,Rensselaerville,NY,12147,29,Male,No,Yes,Yes,34,Yes,Yes,Fiber optic,No,No,Yes,No,No,Yes,Month-to-month,Yes,Credit card (automatic),90.05,No
0402-OAMEN,Linwood,NY,14486,34,Female,No,Yes,Yes,72,Yes,Yes,None,No,No,No,No,No,No,Two year,No,Bank transfer (automatic),24.45,No
6933-VLYFX,Slate Hill,NY,10973,60,Male,No,Yes,Yes,31,No,No,DSL,Yes,No,Yes,Yes,Yes,Yes,One year,No,Electronic check,59.95,No
6754-WKSHP,Chazy,NY,12921,51,Male,No,No,Yes,30,Yes,Yes,None,No,No,No,No,No,No,One year,No,Bank transfer (automatic),25.35,No
4976-LNFVV,Whitesboro,NY,13492,22,Male,Yes,Yes,No,19,No,No,DSL,No,Yes,Yes,No,No,No,Month-to-month,Yes,Credit card (automatic),34.3,No
5055-MGMGF,Cazenovia,NY,13035,47,Female,No,Yes,No,65,Yes,Yes,Fiber optic,Yes,No,Yes,No,Yes,Yes,Month-to-month,Yes,Electronic check,105.05,No
4641-FROLU,Rose,NY,14542,42,Female,No,Yes,Yes,30,Yes,No,None,No,No,No,No,No,No,Two year,No,Mailed check,19.3,No
2862-JVEOY,Cohoes,NY,12047,54,Male,No,No,No,6,Yes,No,None,No,No,No,No,No,No,One year,No,Mailed check,19.15,No
2969-QWUBZ,Summitville,NY,12781,20,Female,No,No,No,2,No,No,DSL,No,Yes,No,No,Yes,Yes,Month-to-month,No,Electronic check,51.4,No
9822-BIIGN,Lily Dale,NY,14752,39,Male,No,Yes,Yes,53,Yes,Yes,DSL,Yes,No,No,Yes,No,Yes,Month-to-month,No,Electronic check,71.85,No
2077-MPJQO,Erin,NY,14838,26,Male,Yes,Yes,No,7,Yes,Yes,Fiber optic,No,No,No,No,No,No,Month-to-month,Yes,Electronic check,75.4,No
1534-OULXE,Westdale,NY,13483,43,Female,No,Yes,Yes,61,Yes,No,DSL,Yes,No,No,No,No,No,One year,Yes,Bank transfer (automatic),49.7,No
2971-SGAFL,Harrison,NY,10528,59,Female,No,No,No,13,Yes,Yes,DSL,Yes,No,Yes,No,Yes,Yes,Month-to-month,Yes,Electronic check,78.75,No
1480-IVEVR,Petersburg,NY,12138,53,Male,Yes,Yes,No,35,Yes,Yes,Fiber optic,No,No,Yes,No,No,No,One year,Yes,Bank transfer (automatic),81.6,No
2905-KFQUV,Bouckville,NY,13310,35,Female,No,Yes,No,2,Yes,No,Fiber optic,No,No,No,No,No,No,Month-to-month,Yes,Credit card (automatic),70.4,No
3370-HXOPH,Earlville,NY,13332,52,Female,No,No,No,3,Yes,Yes,Fiber optic,No,No,No,No,No,No,Month-to-month,No,Electronic check,76.1,No
9391-YZEJW,Edmeston,NY,13335,47,Female,No,No,No,62,Yes,Yes,Fiber optic,No,No,No,No,Yes,Yes,One year,Yes,Bank transfer (automatic),94,No
9958-MEKUC,Durhamville,NY,13054,49,Male,No,Yes,Yes,72,Yes,Yes,Fiber optic,Yes,Yes,Yes,Yes,No,Yes,Two year,No,Credit card (automatic),103.95,No
0281-CNTZX,Alexander,NY,14005,28,Male,No,Yes,No,63,Yes,No,None,No,No,No,No,No,No,Two year,Yes,Bank transfer (automatic),19.95,No
4118-CEVPF,North Java,NY,14113,43,Female,Yes,No,No,35,Yes,Yes,Fiber optic,Yes,Yes,Yes,Yes,Yes,Yes,One year,Yes,Bank transfer (automatic),110.8,No
9114-VEPUF,West Stockholm,NY,13696,31,Male,No,Yes,No,62,Yes,Yes,Fiber optic,Yes,Yes,No,No,No,Yes,One year,No,Electronic check,96.1,No
7876-BEUTG,Chestertown,NY,12817,46,Female,No,No,No,15,Yes,Yes,DSL,No,No,No,No,No,No,Month-to-month,Yes,Mailed check,48.8,No
2338-BQEZT,Childwold,NY,12922,33,Female,No,No,No,55,Yes,No,DSL,Yes,No,No,No,No,No,Month-to-month,Yes,Credit card (automatic),50.55,No
9873-MNDKV,Somers,NY,10589,21,Female,No,No,No,11,Yes,No,DSL,No,No,No,No,No,No,Month-to-month,Yes,Mailed check,44.65,No
8241-JUIQO,Climax,NY,12042,19,Female,No,No,No,61,Yes,No,None,No,No,No,No,No,No,One year,No,Bank transfer (automatic),19.45,No
2194-IIQOF,Lima,NY,14485,24,Female,No,Yes,No,71,Yes,Yes,DSL,Yes,Yes,Yes,Yes,Yes,Yes,Two year,No,Credit card (automatic),89.3,No
9631-RXVJM,Mannsville,NY,13661,58,Male,No,No,No,35,Yes,No,None,No,No,No,No,No,No,Two year,No,Mailed check,19.25,No
9584-EXCDZ,Valley Stream,NY,11580,43,Female,No,No,No,17,Yes,No,Fiber optic,No,No,No,No,No,No,Month-to-month,No,Bank transfer (automatic),70.5,No
5093-FEGLU,Staten Island,NY,10301,47,Female,No,Yes,No,47,Yes,No,None,No,No,No,No,No,No,Two year,No,Bank transfer (automatic),19.65,No
2621-UDNLU,Hawthorne,NY,10532,43,Female,No,Yes,No,3,Yes,No,None,No,No,No,No,No,No,Month-to-month,No,Mailed check,20.85,No
7526-IVLYU,East Marion,NY,11939,42,Male,No,No,No,3,Yes,No,None,No,No,No,No,No,No,Month-to-month,Yes,Mailed check,19.65,No
2428-HYUNX,Pompey,NY,13138,59,Male,Yes,Yes,No,44,Yes,No,None,No,No,No,No,No,No,Two year,Yes,Credit card (automatic),19.35,No
9214-EKVXR,Buffalo,NY,14203,41,Female,No,No,No,1,Yes,No,DSL,No,No,No,No,No,No,Month-to-month,Yes,Mailed check,44,No
3410-MHHUM,Richmond Hill,NY,11418,63,Female,No,Yes,Yes,44,Yes,Yes,Fiber optic,No,Yes,Yes,No,No,Yes,One year,No,Electronic check,94.4,No
2122-YWVYA,Richmondville,NY,12149,34,Female,No,No,No,18,Yes,No,Fiber optic,Yes,No,No,No,No,No,Month-to-month,Yes,Electronic check,75.4,No
2296-DKZFP,Philmont,NY,12565,40,Female,No,Yes,No,65,Yes,No,DSL,Yes,Yes,Yes,No,No,Yes,Two year,No,Bank transfer (automatic),71,No
8909-BOLNL,Aquebogue,NY,11931,26,Male,No,No,No,3,Yes,No,None,No,No,No,No,No,No,One year,No,Mailed check,21.2,No
6603-YRDCJ,Greene,NY,13778,58,Male,No,Yes,No,33,Yes,No,DSL,Yes,Yes,No,Yes,No,No,Two year,Yes,Mailed check,61.05,No
3229-USWAR,Hampton,NY,12837,41,Female,No,No,No,34,Yes,No,DSL,Yes,No,Yes,Yes,Yes,Yes,One year,Yes,Bank transfer (automatic),79.95,No
2138-VFAPZ,New York,NY,10075,38,Female,No,Yes,Yes,14,Yes,No,None,No,No,No,No,No,No,Two year,Yes,Mailed check,19.7,No
6131-JLWZM,Richland,NY,13144,22,Female,No,No,No,13,Yes,No,None,No,No,No,No,No,No,Month-to-month,Yes,Mailed check,20.3,No
0269-XFESX,Margaretville,NY,12455,43,Male,No,Yes,Yes,23,Yes,Yes,None,No,No,No,No,No,No,One year,No,Mailed check,24.35,No
1709-EJDOX,Brooklyn,NY,11229,44,Female,No,Yes,Yes,47,Yes,No,None,No,No,No,No,No,No,Two year,No,Mailed check,19.75,No
4316-XCSLJ,Bronx,NY,10464,44,Male,No,No,Yes,17,Yes,No,DSL,Yes,No,No,No,No,No,Month-to-month,Yes,Mailed check,50.3,No
9693-XMUOB,Clinton,NY,13323,52,Male,Yes,Yes,No,59,No,No,DSL,No,Yes,No,No,Yes,Yes,Month-to-month,Yes,Electronic check,50.25,No
0383-CLDDA,Greene,NY,13778,22,Female,No,No,No,69,Yes,Yes,DSL,Yes,No,Yes,Yes,Yes,Yes,Two year,Yes,Credit card (automatic),85.35,No
2709-UQGNP,Buffalo,NY,14208,47,Male,No,No,No,10,Yes,No,DSL,Yes,No,No,No,No,No,Month-to-month,Yes,Mailed check,51.65,No
3549-ZTMNH,White Sulphur Springs,NY,12787,26,Male,No,Yes,Yes,12,Yes,Yes,None,No,No,No,No,No,No,Two year,Yes,Bank transfer (automatic),24,No
8033-ATFAS,Cohocton,NY,14826,32,Female,No,Yes,Yes,39,Yes,No,DSL,No,No,Yes,No,Yes,No,Month-to-month,Yes,Mailed check,59.85,No
1635-NZATJ,Wingdale,NY,12594,31,Male,Yes,Yes,No,71,Yes,Yes,None,No,No,No,No,No,No,Two year,No,Credit card (automatic),25.45,No
0562-HKHML,Leeds,NY,12451,56,Male,No,Yes,Yes,71,Yes,Yes,None,No,No,No,No,No,No,Two year,No,Credit card (automatic),23.9,No
8277-RVRSV,New York,NY,10169,43,Female,No,Yes,Yes,33,Yes,Yes,None,No,No,No,No,No,No,One year,No,Credit card (automatic),24.15,No
9943-VSZUV,Brewster,NY,10509,45,Male,Yes,No,No,67,Yes,Yes,Fiber optic,No,No,No,No,No,No,Month-to-month,Yes,Mailed check,75.7,No
7054-ENNGU,Bullville,NY,10915,19,Female,No,Yes,No,9,Yes,No,DSL,No,Yes,No,No,No,No,Month-to-month,No,Mailed check,50.85,No
1455-HFBXA,Bronx,NY,10473,56,Male,No,Yes,No,52,Yes,Yes,Fiber optic,Yes,No,Yes,Yes,No,No,Two year,Yes,Credit card (automatic),91.6,No
9402-CXWPL,Interlaken,NY,14847,29,Female,No,No,No,70,Yes,Yes,Fiber optic,No,Yes,No,No,Yes,Yes,One year,No,Electronic check,98.9,No
1628-BIZYP,Westons Mills,NY,14788,52,Male,No,No,No,1,Yes,No,Fiber optic,No,Yes,No,No,No,Yes,Month-to-month,Yes,Electronic check,85,No
0082-LDZUE,Albany,NY,12206,56,Male,No,No,No,1,Yes,No,DSL,No,No,No,No,No,No,Month-to-month,Yes,Mailed check,44.3,No
5343-SGUBI,Rensselaer Falls,NY,13680,26,Female,No,No,No,52,Yes,Yes,Fiber optic,No,Yes,No,No,No,No,One year,Yes,Mailed check,80.2,No
0856-NAOES,Woodmere,NY,11598,24,Male,No,No,No,6,Yes,No,DSL,No,No,Yes,No,Yes,No,Month-to-month,No,Mailed check,60.9,No
1976-AZZPJ,Buffalo,NY,14222,50,Male,No,Yes,No,7,No,No,DSL,Yes,Yes,No,No,No,No,Month-to-month,No,Mailed check,34.2,No
6156-UZDLF,Bronx,NY,10463,63,Female,No,No,No,26,Yes,No,Fiber optic,Yes,No,Yes,Yes,No,No,One year,Yes,Credit card (automatic),87.15,No
3099-OONVS,Randolph,NY,14772,56,Male,No,Yes,Yes,25,Yes,No,DSL,Yes,No,No,Yes,No,No,Month-to-month,No,Electronic check,54.3,No
9500-WBGRP,Lyons,NY,14489,35,Male,No,No,No,69,Yes,No,None,No,No,No,No,No,No,Two year,Yes,Mailed check,19.1,No
5183-KLYEM,Austerlitz,NY,12017,62,Female,No,No,No,72,Yes,Yes,Fiber optic,Yes,Yes,Yes,Yes,Yes,Yes,Two year,Yes,Credit card (automatic),112.75,No
5144-PQCDZ,Ghent,NY,12075,42,Male,No,No,No,4,Yes,No,None,No,No,No,No,No,No,Month-to-month,Yes,Mailed check,19.95,No
8514-VZHEB,Saint Regis Falls,NY,12980,29,Male,No,Yes,Yes,59,Yes,No,None,No,No,No,No,No,No,Two year,No,Mailed check,19.5,No
6625-IUTTT,La Fayette,NY,13084,33,Male,No,No,No,67,Yes,No,DSL,Yes,No,Yes,No,No,Yes,Two year,No,Bank transfer (automatic),65.55,No
9355-NPPFS,Wayne,NY,14893,55,Female,Yes,No,No,26,Yes,No,Fiber optic,No,No,No,No,No,Yes,Month-to-month,Yes,Electronic check,78.8,No
0068-FIGTF,Richfield Springs,NY,13439,46,Female,No,No,No,27,Yes,No,DSL,No,Yes,Yes,Yes,Yes,Yes,One year,No,Mailed check,78.2,No
5965-GGPRW,Utica,NY,13501,30,Male,No,Yes,Yes,72,Yes,Yes,Fiber optic,Yes,No,Yes,No,Yes,Yes,Two year,No,Bank transfer (automatic),105.25,No
8035-PWSEV,North Branch,NY,12766,22,Female,No,No,No,6,Yes,No,Fiber optic,No,No,Yes,Yes,No,Yes,Month-to-month,Yes,Electronic check,89.25,No
2236-HILPA,Lagrangeville,NY,12540,64,Male,No,Yes,Yes,62,Yes,No,None,No,No,No,No,No,No,Two year,No,Credit card (automatic),20.65,No
1840-BIUOG,West Henrietta,NY,14586,53,Male,No,No,No,20,Yes,Yes,DSL,No,Yes,No,Yes,Yes,No,One year,Yes,Electronic check,68.7,No
1356-MKYSK,Spring Glen,NY,12483,20,Male,No,No,No,6,Yes,No,DSL,Yes,No,Yes,Yes,Yes,Yes,Month-to-month,No,Credit card (automatic),78.65,No
6080-LNESI,Delevan,NY,14042,57,Male,No,No,No,51,Yes,Yes,None,No,No,No,No,No,No,Two year,No,Mailed check,24.75,No
1830-IPXVJ,Verbank,NY,12585,22,Female,No,Yes,Yes,61,Yes,No,None,No,No,No,No,No,No,Two year,No,Credit card (automatic),19.75,No
5828-DWPIL,Larchmont,NY,10538,40,Male,Yes,Yes,No,62,Yes,Yes,Fiber optic,Yes,Yes,Yes,No,No,No,Month-to-month,Yes,Electronic check,89.1,No
8398-TBIYD,Mill Neck,NY,11765,56,Female,No,No,No,72,Yes,Yes,Fiber optic,Yes,No,No,Yes,No,No,Two year,Yes,Bank transfer (automatic),84.7,No
2931-FSOHN,Staten Island,NY,10307,56,Male,Yes,No,No,13,Yes,No,DSL,No,Yes,No,No,Yes,No,Month-to-month,Yes,Electronic check,59.9,No
9418-RUKPH,Richmondville,NY,12149,48,Female,No,Yes,Yes,38,Yes,No,None,No,No,No,No,No,No,Two year,Yes,Mailed check,19.95,No
9971-ZWPBF,Buffalo,NY,14223,38,Male,Yes,Yes,Yes,34,Yes,Yes,Fiber optic,No,Yes,Yes,Yes,Yes,Yes,Month-to-month,Yes,Electronic check,108.9,No
4712-AUQZO,Elmira,NY,14903,31,Male,No,No,No,18,No,No,DSL,Yes,No,Yes,No,No,No,Month-to-month,No,Mailed check,33.6,No
9711-FJTBX,Montrose,NY,10548,25,Male,No,Yes,Yes,56,Yes,No,Fiber optic,No,Yes,Yes,Yes,No,No,One year,Yes,Mailed check,85.85,No
2908-ZTPNF,Hartsdale,NY,10530,54,Female,No,No,No,36,No,No,DSL,No,Yes,No,Yes,No,No,Month-to-month,Yes,Bank transfer (automatic),34.85,No
8421-WZOOW,Heuvelton,NY,13654,38,Female,Yes,Yes,Yes,57,Yes,No,Fiber optic,No,Yes,Yes,Yes,Yes,No,Month-to-month,Yes,Credit card (automatic),95.3,No
1414-YADCW,Cherry Creek,NY,14723,55,Male,No,Yes,No,70,Yes,No,Fiber optic,Yes,Yes,No,Yes,No,No,Two year,No,Bank transfer (automatic),84.6,No
8756-RDDLT,Wilmington,NY,12997,42,Female,No,No,No,68,No,No,DSL,No,Yes,No,Yes,No,Yes,Month-to-month,No,Electronic check,44.95,No
2862-PFNIK,Margaretville,NY,12455,27,Male,No,No,Yes,1,No,No,DSL,No,No,No,No,No,No,Month-to-month,Yes,Electronic check,24.7,No
5816-QVHRX,Ballston Lake,NY,12019,47,Female,No,No,No,37,Yes,Yes,Fiber optic,No,No,No,Yes,Yes,Yes,Month-to-month,No,Credit card (automatic),100.3,No
4430-YHXGG,Harpersfield,NY,13786,54,Female,No,No,Yes,4,Yes,Yes,None,No,No,No,No,No,No,Month-to-month,Yes,Mailed check,25.45,No
6888-SBYAI,Medford,NY,11763,55,Male,No,No,No,1,Yes,No,DSL,Yes,No,No,No,No,No,Month-to-month,Yes,Mailed check,50.7,No
7395-XWZOY,Island Park,NY,11558,37,Male,No,No,No,20,No,No,DSL,Yes,Yes,Yes,Yes,Yes,No,Month-to-month,Yes,Credit card (automatic),55,No
7169-YWAMK,South Cairo,NY,12482,42,Male,No,Yes,Yes,72,Yes,No,DSL,Yes,Yes,No,Yes,Yes,No,Two year,No,Bank transfer (automatic),68.4,No
6859-RKMZJ,Bayport,NY,11705,62,Male,No,Yes,No,11,Yes,No,DSL,No,No,No,No,Yes,No,Month-to-month,Yes,Bank transfer (automatic),55.05,No
2729-VNVAP,Bath,NY,14810,40,Female,No,Yes,Yes,33,Yes,No,None,No,No,No,No,No,No,Two year,No,Credit card (automatic),19.8,No
2957-JIRMN,Phillipsport,NY,12769,25,Female,Yes,No,No,62,Yes,Yes,Fiber optic,No,No,No,No,Yes,No,One year,No,Electronic check,84.45,No
2049-BAFNW,Buffalo,NY,14222,45,Female,No,No,No,1,No,No,DSL,No,No,Yes,Yes,No,No,Month-to-month,No,Mailed check,35.9,No
3842-QTGDL,Bridgewater,NY,13313,29,Male,No,Yes,No,16,Yes,No,Fiber optic,Yes,Yes,No,No,No,No,Month-to-month,No,Bank transfer (automatic),80.75,No
7163-OCEQI,Oneonta,NY,13820,28,Male,No,Yes,Yes,22,Yes,Yes,DSL,No,No,Yes,Yes,Yes,Yes,One year,Yes,Mailed check,78.65,No
9782-LGXMC,Shrub Oak,NY,10588,29,Female,No,Yes,Yes,49,Yes,No,DSL,Yes,No,Yes,Yes,No,No,Month-to-month,No,Bank transfer (automatic),61.75,No
5975-BAICR,Afton,NY,13730,49,Male,No,Yes,Yes,36,Yes,No,DSL,Yes,No,Yes,No,No,Yes,One year,Yes,Credit card (automatic),63.7,No
4673-KKSLS,Roslyn Heights,NY,11577,36,Female,No,No,No,31,Yes,No,Fiber optic,Yes,No,Yes,Yes,No,No,Month-to-month,No,Electronic check,87.6,No
4853-OITSN,Earlton,NY,12058,62,Male,No,Yes,No,5,Yes,Yes,Fiber optic,Yes,No,No,No,No,Yes,Month-to-month,Yes,Electronic check,89.15,No
9800-OUIGR,West Sayville,NY,11796,47,Male,No,Yes,Yes,66,Yes,No,None,No,No,No,No,No,No,Two year,No,Credit card (automatic),20,No
2324-EFHVG,West Point,NY,10996,45,Male,No,No,No,64,Yes,Yes,Fiber optic,No,Yes,Yes,No,Yes,Yes,Two year,Yes,Bank transfer (automatic),104.4,No
7094-MSZAO,North Creek,NY,12853,39,Male,No,Yes,Yes,10,Yes,No,None,No,No,No,No,No,No,Month-to-month,Yes,Credit card (automatic),20.05,No
6907-CQGPN,Delanson,NY,12053,23,Male,No,No,No,29,No,No,DSL,No,Yes,No,Yes,No,No,Month-to-month,No,Electronic check,34.3,No
0780-XNZFN,Portland,NY,14769,43,Male,No,No,No,57,Yes,No,None,No,No,No,No,No,No,Two year,No,Bank transfer (automatic),20.65,No
0239-OXEXL,Ovid,NY,14521,25,Female,No,No,No,46,Yes,Yes,Fiber optic,Yes,Yes,No,No,No,No,Month-to-month,No,Mailed check,84.25,No
2675-IJRGJ,Truxton,NY,13158,61,Male,No,No,No,53,Yes,No,None,No,No,No,No,No,No,Two year,No,Bank transfer (automatic),19.65,No
7049-GKVZY,Laurens,NY,13796,36,Female,No,No,No,17,Yes,No,DSL,Yes,Yes,No,Yes,Yes,Yes,One year,No,Credit card (automatic),79.85,No
8577-QSOCG,Cropseyville,NY,12052,64,Female,No,Yes,Yes,38,Yes,No,None,No,No,No,No,No,No,Two year,Yes,Mailed check,20.2,No
3721-CNZHX,Watervliet,NY,12189,61,Male,No,No,No,15,Yes,No,None,No,No,No,No,No,No,One year,No,Mailed check,19.8,No
0212-ISBBF,Wellesley Island,NY,13640,35,Female,No,No,No,22,No,No,DSL,No,Yes,No,No,Yes,Yes,Month-to-month,Yes,Electronic check,50.35,No
3585-YNADK,Astoria,NY,11106,49,Female,No,Yes,No,57,Yes,Yes,DSL,No,Yes,Yes,Yes,Yes,No,One year,No,Bank transfer (automatic),74.6,No
5271-DBYSJ,Davenport Center,NY,13751,33,Male,Yes,No,No,11,Yes,No,Fiber optic,No,No,No,No,No,Yes,Month-to-month,Yes,Credit card (automatic),79.15,No
1099-GODLO,Carle Place,NY,11514,53,Female,No,Yes,Yes,1,Yes,No,None,No,No,No,No,No,No,Two year,No,Mailed check,20.35,No
6828-HMKWP,Chelsea,NY,12512,61,Male,No,Yes,Yes,12,Yes,No,None,No,No,No,No,No,No,Two year,No,Bank transfer (automatic),21.05,No
1472-TNCWL,Lake Hill,NY,12448,34,Male,No,No,Yes,36,Yes,No,Fiber optic,No,Yes,No,No,Yes,Yes,Month-to-month,Yes,Electronic check,94.7,No
2080-GKCWQ,Mount Vernon,NY,10553,34,Male,No,No,No,2,Yes,No,Fiber optic,No,Yes,No,No,No,No,Month-to-month,No,Electronic check,74.95,No
2193-SFWQW,Callicoon Center,NY,12724,61,Male,No,Yes,Yes,72,Yes,No,Fiber optic,Yes,Yes,Yes,Yes,Yes,Yes,Two year,No,Bank transfer (automatic),111.95,No
5656-JAMLX,Baldwin Place,NY,10505,50,Male,No,No,No,62,Yes,No,None,No,No,No,No,No,No,Two year,No,Bank transfer (automatic),19.85,No
3462-BJQQA,Cohocton,NY,14826,42,Female,No,No,No,6,Yes,Yes,Fiber optic,No,Yes,No,No,Yes,No,Month-to-month,Yes,Electronic check,89.75,No
0442-TDYUO,North Brookfield,NY,13418,26,Male,No,Yes,No,48,Yes,No,None,No,No,No,No,No,No,Two year,Yes,Mailed check,20.05,No
6733-LRIZX,Spencertown,NY,12165,56,Male,No,No,No,35,Yes,Yes,Fiber optic,Yes,No,Yes,Yes,Yes,Yes,Two year,Yes,Electronic check,108.95,No
9503-XJUME,Branchport,NY,14418,19,Male,No,No,Yes,52,Yes,No,None,No,No,No,No,No,No,One year,No,Credit card (automatic),19.65,No
4367-NHWMM,Lyons Falls,NY,13368,34,Female,No,No,No,1,No,No,DSL,No,No,No,No,No,No,Month-to-month,Yes,Mailed check,24.9,No
3779-OSWCF,Sabael,NY,12864,38,Female,No,Yes,No,71,Yes,Yes,DSL,Yes,Yes,Yes,Yes,Yes,Yes,Two year,No,Credit card (automatic),93.2,No
6736-DHUQI,West Hempstead,NY,11552,59,Female,No,Yes,Yes,67,Yes,No,Fiber optic,Yes,Yes,Yes,No,No,No,One year,No,Bank transfer (automatic),84.8,No
3915-ODIYG,Roslyn,NY,11576,24,Male,Yes,No,No,60,Yes,Yes,DSL,Yes,Yes,No,No,No,Yes,One year,Yes,Electronic check,71.75,No
1360-RCYRT,Fredonia,NY,14063,38,Male,No,Yes,Yes,23,No,No,DSL,No,No,No,Yes,No,No,Month-to-month,Yes,Bank transfer (automatic),30.35,No
2724-FJDYW,West Hurley,NY,12491,33,Male,No,No,Yes,39,No,No,DSL,No,No,Yes,Yes,Yes,Yes,One year,No,Bank transfer (automatic),54.85,No
4451-RWASJ,Westhampton Beach,NY,11978,53,Male,No,Yes,Yes,15,Yes,No,None,No,No,No,No,No,No,One year,Yes,Mailed check,19.5,No
3460-TJBWI,East Greenbush,NY,12061,21,Male,No,Yes,Yes,24,Yes,Yes,None,No,No,No,No,No,No,Two year,No,Mailed check,24.2,No
5917-HBSDW,Leonardsville,NY,13364,35,Female,No,Yes,Yes,37,Yes,No,None,No,No,No,No,No,No,Month-to-month,No,Electronic check,19.35,No
5671-UUNXD,Glen Cove,NY,11542,46,Female,Yes,Yes,No,50,Yes,Yes,Fiber optic,No,No,No,Yes,Yes,Yes,One year,Yes,Electronic check,100.65,No
0956-ACVZC,New York,NY,10069,51,Female,No,No,No,54,Yes,No,Fiber optic,No,No,Yes,No,Yes,Yes,One year,Yes,Credit card (automatic),94.1,No
2325-NBPZG,Mount Vernon,NY,10552,40,Female,No,No,No,3,Yes,No,Fiber optic,Yes,No,No,No,No,No,Month-to-month,Yes,Electronic check,74.55,No
4482-FTFFX,Hamden,NY,13782,44,Male,No,No,No,5,Yes,No,DSL,No,No,Yes,Yes,No,No,Month-to-month,No,Electronic check,56.15,No
8859-DZTGQ,Greenfield Park,NY,12435,25,Male,No,No,No,33,Yes,No,None,No,No,No,No,No,No,Two year,No,Mailed check,20.35,No
0440-MOGPM,East Meadow,NY,11554,40,Female,No,No,No,41,Yes,Yes,DSL,No,Yes,Yes,No,Yes,Yes,One year,Yes,Electronic check,80.55,No
0020-JDNXP,Jamaica,NY,11451,19,Female,No,Yes,Yes,34,No,No,DSL,Yes,No,Yes,Yes,Yes,Yes,One year,No,Mailed check,61.25,No
3752-CQSJI,Tupper Lake,NY,12986,40,Female,No,Yes,Yes,13,Yes,No,None,No,No,No,No,No,No,Month-to-month,Yes,Mailed check,20.45,No
5025-GOOKI,New York,NY,10036,40,Female,No,No,No,20,Yes,No,None,No,No,No,No,No,No,Month-to-month,Yes,Credit card (automatic),18.9,No
4698-KVLLG,Elmsford,NY,10523,27,Female,Yes,No,No,51,Yes,No,None,No,No,No,No,No,No,Two year,No,Credit card (automatic),19.6,No
2887-JPYLU,Fort Drum,NY,13602,22,Female,No,No,Yes,41,Yes,No,DSL,No,No,No,No,No,No,Month-to-month,No,Bank transfer (automatic),45.2,No
4770-QAZXN,Newfield,NY,14867,33,Female,No,No,No,13,Yes,No,None,No,No,No,No,No,No,Month-to-month,No,Credit card (automatic),19.45,No
4896-CPRPF,Buffalo,NY,14210,35,Male,No,Yes,Yes,35,Yes,Yes,None,No,No,No,No,No,No,Two year,No,Bank transfer (automatic),25.45,No
9714-EDSUC,Spencerport,NY,14559,42,Male,No,No,No,4,Yes,No,Fiber optic,Yes,Yes,No,Yes,No,Yes,Month-to-month,Yes,Mailed check,94.9,No
0282-NVSJS,Woodside,NY,11377,38,Female,Yes,Yes,Yes,12,No,No,DSL,No,No,No,Yes,No,No,Month-to-month,Yes,Mailed check,29.3,No
7353-YOWFP,Larchmont,NY,10538,56,Female,No,No,No,7,Yes,No,None,No,No,No,No,No,No,One year,No,Mailed check,20.25,No
8008-ESFLK,Montrose,NY,10548,32,Female,No,Yes,No,53,Yes,No,Fiber optic,Yes,Yes,Yes,Yes,Yes,Yes,One year,No,Electronic check,110.5,No
7537-CBQUZ,Chautauqua,NY,14722,39,Male,Yes,No,No,63,Yes,Yes,Fiber optic,Yes,Yes,Yes,No,Yes,Yes,Month-to-month,Yes,Bank transfer (automatic),109.4,No
3363-EWLGO,Claryville,NY,12725,22,Female,No,No,No,5,Yes,No,None,No,No,No,No,No,No,Month-to-month,No,Mailed check,19.95,No
4750-UKWJK,Rochester,NY,14609,19,Female,Yes,Yes,No,37,Yes,No,None,No,No,No,No,No,No,One year,No,Mailed check,19.6,No
1689-YQBYY,Rhinebeck,NY,12572,61,Female,No,No,Yes,12,Yes,Yes,Fiber optic,No,No,No,No,No,No,Month-to-month,Yes,Electronic check,76.6,No
4487-ZYJZK,Jasper,NY,14855,25,Female,No,Yes,Yes,38,Yes,No,None,No,No,No,No,No,No,One year,No,Credit card (automatic),19.6,No
2959-FENLU,South Kortright,NY,13842,60,Female,No,No,No,9,Yes,No,Fiber optic,No,No,Yes,No,No,Yes,Month-to-month,Yes,Credit card (automatic),85.3,No
0708-LGSMF,Candor,NY,13743,54,Male,No,Yes,No,13,Yes,Yes,DSL,Yes,No,No,No,No,Yes,Month-to-month,Yes,Electronic check,65.85,No
7634-HLQJR,Portlandville,NY,13834,43,Female,No,Yes,Yes,47,Yes,No,None,No,No,No,No,No,No,Two year,No,Credit card (automatic),20.05,No
0487-RPVUM,Buffalo,NY,14228,29,Male,No,Yes,No,61,Yes,Yes,Fiber optic,Yes,No,Yes,Yes,Yes,No,Month-to-month,No,Bank transfer (automatic),99.4,No
4079-ULGFR,Mumford,NY,14511,47,Male,No,No,No,16,Yes,No,None,No,No,No,No,No,No,Month-to-month,No,Mailed check,20,No
2516-XSJKX,Woodstock,NY,12498,19,Female,No,Yes,Yes,41,Yes,No,DSL,Yes,Yes,No,Yes,Yes,Yes,Two year,No,Electronic check,78.45,No
0057-QBUQH,Stillwater,NY,12170,34,Female,No,No,Yes,43,Yes,Yes,None,No,No,No,No,No,No,Two year,Yes,Electronic check,25.1,No
6599-SFQVE,Afton,NY,13730,19,Female,No,No,No,6,Yes,No,DSL,No,No,No,No,No,Yes,Month-to-month,Yes,Electronic check,55,No
8331-ZXFOE,Woodstock,NY,12498,30,Female,No,No,No,58,Yes,Yes,DSL,Yes,Yes,Yes,Yes,No,No,One year,Yes,Credit card (automatic),71.1,No
4003-FUSHP,Rochester,NY,14618,55,Male,No,No,No,19,Yes,No,DSL,No,No,No,Yes,Yes,No,Month-to-month,Yes,Credit card (automatic),61.55,No
0356-ERHVT,North Collins,NY,14111,35,Male,No,Yes,No,11,Yes,No,DSL,No,No,No,No,No,No,Month-to-month,Yes,Bank transfer (automatic),45.9,No
7325-ENZFI,Oxford,NY,13830,29,Female,No,No,No,39,No,No,DSL,Yes,Yes,No,Yes,No,No,One year,Yes,Bank transfer (automatic),40.3,No
4884-ZTHVF,Harpersfield,NY,13786,20,Female,Yes,No,No,8,Yes,No,Fiber optic,No,Yes,No,No,Yes,No,Month-to-month,Yes,Electronic check,87.1,No
3920-HIHMQ,West Henrietta,NY,14586,41,Female,No,No,Yes,26,Yes,Yes,DSL,No,No,No,No,No,No,Month-to-month,Yes,Mailed check,49.5,No
3055-OYMSE,New York,NY,10039,60,Female,Yes,No,No,53,Yes,No,Fiber optic,No,Yes,No,No,No,No,Month-to-month,Yes,Credit card (automatic),73.8,No
0613-WUXUM,Trout Creek,NY,13847,55,Female,No,Yes,Yes,70,Yes,No,None,No,No,No,No,No,No,Two year,Yes,Mailed check,19.2,No
4458-KVRBJ,Voorheesville,NY,12186,23,Male,No,No,No,59,Yes,Yes,None,No,No,No,No,No,No,Two year,No,Mailed check,25,No
1397-XKKWR,Richmondville,NY,12149,44,Male,No,No,No,7,No,No,DSL,Yes,No,Yes,No,No,No,One year,No,Mailed check,35.3,No
8097-OMULG,New York,NY,10013,63,Male,No,Yes,Yes,59,Yes,No,DSL,No,Yes,Yes,Yes,Yes,Yes,One year,No,Credit card (automatic),76.75,No
6013-BHCAW,Montezuma,NY,13117,44,Male,No,Yes,Yes,61,Yes,Yes,DSL,No,No,Yes,Yes,Yes,Yes,Two year,Yes,Bank transfer (automatic),81,No
0401-WDBXM,Clemons,NY,12819,45,Male,No,Yes,Yes,72,Yes,Yes,Fiber optic,Yes,No,Yes,No,Yes,Yes,Two year,Yes,Bank transfer (automatic),105.55,No
3387-PLKUI,New York Mills,NY,13417,26,Female,No,Yes,Yes,13,Yes,No,None,No,No,No,No,No,No,Month-to-month,No,Mailed check,18.8,No
6096-EGVTU,Newcomb,NY,12852,53,Female,No,Yes,Yes,64,Yes,Yes,None,No,No,No,No,No,No,One year,No,Mailed check,24.9,No
5081-NWSUP,New Hartford,NY,13413,60,Female,No,No,No,10,Yes,No,DSL,No,Yes,No,Yes,No,Yes,One year,No,Mailed check,64.9,No
2580-ATZSQ,Kanona,NY,14856,41,Female,No,Yes,Yes,65,Yes,No,DSL,Yes,Yes,Yes,No,No,No,One year,No,Bank transfer (automatic),61.35,No
8085-MSNLK,West Lebanon,NY,12195,45,Female,No,Yes,No,62,Yes,Yes,Fiber optic,Yes,Yes,Yes,Yes,Yes,Yes,Two year,No,Mailed check,113.95,No
9691-HKOVS,Buffalo,NY,14209,53,Female,No,Yes,No,55,Yes,Yes,DSL,Yes,Yes,Yes,Yes,Yes,Yes,One year,Yes,Electronic check,90.15,No
9881-VCZEP,Richville,NY,13681,47,Female,No,Yes,No,25,Yes,Yes,DSL,No,Yes,No,No,No,No,Month-to-month,No,Electronic check,54.1,No
8757-TFHHJ,West Lebanon,NY,12195,26,Male,No,No,No,1,Yes,No,DSL,Yes,No,No,No,No,No,Month-to-month,Yes,Credit card (automatic),49.8,No
1468-DEFNC,Willow,NY,12495,20,Male,Yes,Yes,Yes,64,Yes,Yes,None,No,No,No,No,No,No,Two year,Yes,Bank transfer (automatic),24.4,No
5119-KEPFY,Bronx,NY,10466,56,Male,No,Yes,No,36,Yes,Yes,Fiber optic,No,No,No,No,Yes,Yes,Month-to-month,Yes,Bank transfer (automatic),95,No
0916-KNFAJ,Barryville,NY,12719,45,Male,No,Yes,No,61,Yes,Yes,DSL,Yes,No,Yes,No,No,Yes,Two year,Yes,Mailed check,69.9,No
8319-QBEHW,Bliss,NY,14024,52,Male,No,No,Yes,26,No,No,DSL,No,Yes,No,No,Yes,No,One year,Yes,Bank transfer (automatic),39.95,No
9625-QNLUX,Lake Clear,NY,12945,38,Male,No,Yes,Yes,68,Yes,No,Fiber optic,Yes,Yes,Yes,No,Yes,Yes,Two year,Yes,Credit card (automatic),103.25,No
4024-CSNBY,Woodstock,NY,12498,35,Female,No,Yes,No,72,Yes,Yes,Fiber optic,Yes,Yes,Yes,Yes,No,No,Two year,Yes,Bank transfer (automatic),94.25,No
7110-BDTWG,Victory Mills,NY,12884,60,Female,No,Yes,No,71,No,No,DSL,No,No,Yes,Yes,No,Yes,Two year,Yes,Electronic check,47.05,No
7493-GVFIO,Eden,NY,14057,59,Male,No,No,No,57,Yes,No,None,No,No,No,No,No,No,Two year,No,Credit card (automatic),20.55,No
0690-SRQID,Farmington,NY,14425,64,Male,No,No,No,4,Yes,No,None,No,No,No,No,No,No,Month-to-month,Yes,Mailed check,19.65,No
9605-WGJVW,East Chatham,NY,12060,35,Female,Yes,No,No,1,Yes,No,Fiber optic,No,No,No,No,No,No,Month-to-month,Yes,Electronic check,70.2,No
9114-DPSIA,Cassville,NY,13318,36,Male,No,Yes,Yes,72,Yes,Yes,DSL,Yes,Yes,Yes,Yes,No,Yes,Two year,No,Credit card (automatic),81,No
4700-UBQMV,Alexander,NY,14005,56,Male,No,Yes,Yes,21,Yes,Yes,DSL,Yes,No,No,No,Yes,Yes,One year,Yes,Bank transfer (automatic),75.9,No
7711-GQBZC,Poland,NY,13431,33,Female,No,Yes,Yes,71,Yes,Yes,None,No,No,No,No,No,No,Two year,No,Bank transfer (automatic),24.7,No
4627-MIHJH,Montour Falls,NY,14865,61,Female,Yes,No,No,69,Yes,Yes,Fiber optic,Yes,No,Yes,Yes,Yes,Yes,Two year,No,Credit card (automatic),110.25,No
9795-NREXC,Van Etten,NY,14889,37,Female,No,Yes,No,64,Yes,Yes,DSL,Yes,No,Yes,Yes,Yes,Yes,Two year,Yes,Credit card (automatic),85,No
8573-CGOCC,Rochester,NY,14625,55,Male,No,No,No,16,Yes,No,None,No,No,No,No,No,No,Month-to-month,No,Credit card (automatic),19.75,No
7356-AYNJP,Surprise,NY,12176,40,Female,No,No,No,4,Yes,Yes,None,No,No,No,No,No,No,One year,No,Electronic check,23.9,No
6286-SUUWT,Elka Park,NY,12427,60,Male,No,No,No,1,Yes,No,None,No,No,No,No,No,No,Month-to-month,No,Mailed check,19.95,No
4819-HJPIW,Bullville,NY,10915,37,Male,No,No,No,18,No,No,DSL,No,No,No,No,No,No,Month-to-month,No,Mailed check,25.15,No
8654-DHAOW,Herkimer,NY,13350,62,Female,No,No,No,2,Yes,Yes,DSL,No,Yes,No,No,No,No,Month-to-month,No,Mailed check,54.15,No
5438-QMDDL,Greenfield Park,NY,12435,45,Female,No,Yes,No,19,Yes,No,DSL,No,Yes,No,No,No,Yes,Month-to-month,Yes,Mailed check,59.8,No
9812-GHVRI,Spencerport,NY,14559,54,Female,No,No,No,40,Yes,Yes,Fiber optic,No,No,No,No,No,Yes,Month-to-month,No,Bank transfer (automatic),83.85,No
5553-AOINX,Lake Peekskill,NY,10537,49,Female,Yes,Yes,Yes,66,Yes,Yes,Fiber optic,No,Yes,Yes,No,Yes,Yes,One year,Yes,Electronic check,104.9,No
1228-ZLNBX,Sackets Harbor,NY,13685,51,Male,No,No,No,21,Yes,Yes,Fiber optic,No,No,No,No,No,No,Month-to-month,No,Mailed check,75.3,No
4226-KKDON,West Sayville,NY,11796,25,Male,No,No,No,8,Yes,No,DSL,No,Yes,No,Yes,Yes,No,Month-to-month,Yes,Electronic check,66.65,No
3831-YCPUO,Forestport,NY,13338,62,Female,No,Yes,Yes,72,Yes,No,Fiber optic,Yes,Yes,Yes,Yes,Yes,Yes,Two year,Yes,Credit card (automatic),109.5,No
7445-WMRBW,Bronx,NY,10475,24,Female,No,No,No,48,Yes,Yes,DSL,No,Yes,Yes,Yes,Yes,No,One year,Yes,Bank transfer (automatic),73.85,No
3308-DGHKL,North Rose,NY,14516,55,Male,No,No,No,69,Yes,No,None,No,No,No,No,No,No,Two year,Yes,Bank transfer (automatic),19.3,No
9924-JPRMC,Vernon,NY,13476,54,Male,No,No,No,72,Yes,Yes,Fiber optic,Yes,Yes,Yes,Yes,Yes,Yes,Two year,Yes,Electronic check,118.2,No
0080-EMYVY,Geneseo,NY,14454,47,Female,No,No,No,14,Yes,No,DSL,No,Yes,No,No,No,No,One year,No,Credit card (automatic),51.45,No
6218-KNUBD,Staten Island,NY,10306,29,Male,No,No,No,6,Yes,No,DSL,No,Yes,No,No,Yes,No,Month-to-month,No,Electronic check,59.45,No
7337-CINUD,Frankfort,NY,13340,23,Female,No,Yes,Yes,8,Yes,No,None,No,No,No,No,No,No,Two year,No,Bank transfer (automatic),19.5,No
7609-NRNCA,Bombay,NY,12914,44,Female,No,No,No,17,Yes,No,None,No,No,No,No,No,No,One year,No,Mailed check,19.55,No
0623-EJQEG,Chappaqua,NY,10514,42,Male,No,No,No,65,Yes,Yes,Fiber optic,Yes,No,No,Yes,No,Yes,One year,No,Electronic check,93.55,No
7153-CHRBV,Glen Head,NY,11545,23,Female,No,Yes,Yes,57,Yes,No,DSL,Yes,No,Yes,Yes,No,No,One year,Yes,Mailed check,59.3,No
6198-PNNSZ,Moravia,NY,13118,37,Female,No,Yes,No,56,Yes,Yes,Fiber optic,Yes,Yes,Yes,No,Yes,Yes,One year,No,Bank transfer (automatic),109.8,No
3317-VLGQT,Whitesboro,NY,13492,38,Female,No,Yes,No,14,Yes,No,Fiber optic,No,No,No,No,No,Yes,Month-to-month,Yes,Electronic check,78.1,No
4132-POCZS,Bronx,NY,10467,64,Male,No,Yes,No,52,No,No,DSL,Yes,No,No,No,No,Yes,Month-to-month,Yes,Electronic check,39.9,No
5614-DNZCE,New Hampton,NY,10958,45,Female,No,No,No,58,Yes,No,DSL,Yes,Yes,Yes,Yes,No,No,Two year,Yes,Credit card (automatic),64.9,No
3896-RCYYE,Limestone,NY,14753,31,Female,No,No,No,67,No,No,DSL,No,No,Yes,Yes,Yes,Yes,Month-to-month,Yes,Credit card (automatic),53.4,No
9638-JIQYA,Boonville,NY,13309,35,Male,No,No,No,2,No,No,DSL,No,No,No,No,No,No,Month-to-month,Yes,Credit card (automatic),24.9,No
3258-SANFR,Beacon,NY,12508,58,Male,Yes,No,No,6,Yes,No,DSL,No,No,No,No,No,No,Month-to-month,No,Credit card (automatic),44.7,No
3726-TBHQT,Thompsonville,NY,12784,20,Male,No,Yes,Yes,71,Yes,Yes,Fiber optic,Yes,Yes,Yes,Yes,Yes,Yes,Two year,Yes,Bank transfer (automatic),114,No
3190-ITQXP,Glenmont,NY,12077,23,Female,No,Yes,Yes,46,Yes,No,None,No,No,No,No,No,No,Two year,No,Bank transfer (automatic),20.25,No
4833-QTJNO,Cossayuna,NY,12823,20,Male,Yes,Yes,No,67,Yes,Yes,Fiber optic,Yes,Yes,No,No,No,No,Month-to-month,No,Bank transfer (automatic),83.85,No
3039-MJSLN,Obernburg,NY,12767,23,Male,No,No,Yes,3,Yes,No,None,No,No,No,No,No,No,Month-to-month,No,Bank transfer (automatic),20.2,No
0178-CIIKR,Ceres,NY,14721,21,Female,No,No,No,3,Yes,No,None,No,No,No,No,No,No,Month-to-month,No,Mailed check,19.95,No
5774-QPLTF,Kent,NY,14477,51,Male,No,Yes,Yes,50,Yes,No,None,No,No,No,No,No,No,One year,Yes,Mailed check,20.35,No
2322-VCZHZ,Petersburg,NY,12138,52,Male,Yes,Yes,No,23,Yes,No,Fiber optic,Yes,Yes,No,No,No,Yes,Month-to-month,Yes,Electronic check,90,No
5010-IPEAQ,West Camp,NY,12490,59,Female,No,Yes,Yes,67,No,No,DSL,Yes,Yes,Yes,Yes,Yes,No,Two year,No,Credit card (automatic),54.2,No
6383-ZTSIW,New York,NY,10034,46,Female,Yes,Yes,No,39,Yes,No,Fiber optic,Yes,Yes,No,No,Yes,Yes,One year,No,Mailed check,99.1,No
8990-YOZLV,Cattaraugus,NY,14719,58,Female,No,No,No,69,Yes,Yes,DSL,Yes,Yes,No,Yes,No,No,Two year,Yes,Mailed check,66.9,No
3069-SSVSN,West Valley,NY,14171,42,Female,No,No,No,1,No,No,DSL,No,No,No,No,No,No,One year,No,Mailed check,25.85,No
5222-IMUKT,Jamaica,NY,11424,38,Male,No,No,No,32,Yes,No,Fiber optic,No,No,No,No,Yes,Yes,Month-to-month,No,Electronic check,91.05,No
6685-XSHHU,Wingdale,NY,12594,25,Male,No,Yes,Yes,60,Yes,No,None,No,No,No,No,No,No,Two year,Yes,Bank transfer (automatic),20.95,No
8901-UPRHR,Red Creek,NY,13143,41,Female,No,Yes,Yes,72,Yes,Yes,Fiber optic,No,Yes,Yes,Yes,Yes,Yes,Two year,Yes,Bank transfer (automatic),109.2,No
0118-JPNOY,Spencertown,NY,12165,43,Female,Yes,No,No,26,Yes,No,Fiber optic,Yes,No,No,No,Yes,No,Month-to-month,Yes,Credit card (automatic),85.8,No
3845-FXCYS,Buffalo,NY,14215,33,Male,No,No,No,2,Yes,No,None,No,No,No,No,No,No,Month-to-month,Yes,Electronic check,19.65,No
5857-XRECV,Windham,NY,12496,43,Female,No,No,Yes,2,Yes,No,None,No,No,No,No,No,No,One year,No,Bank transfer (automatic),20.5,No
0725-CXOTM,Stillwater,NY,12170,60,Female,No,No,No,36,Yes,Yes,DSL,Yes,No,Yes,Yes,Yes,Yes,One year,Yes,Credit card (automatic),89.65,No
4343-EJVQB,Oriskany,NY,13424,64,Male,No,No,No,7,Yes,No,Fiber optic,Yes,No,No,No,No,No,Month-to-month,No,Mailed check,74.35,No
9000-PLFUZ,Glen Head,NY,11545,56,Female,Yes,Yes,No,60,No,No,DSL,No,Yes,No,No,Yes,Yes,Two year,Yes,Credit card (automatic),49.45,No
3427-GGZZI,Whitesville,NY,14897,52,Female,No,Yes,No,19,Yes,Yes,Fiber optic,No,Yes,No,No,No,Yes,Month-to-month,Yes,Electronic check,89.1,No
7779-ORAEL,West Henrietta,NY,14586,49,Male,Yes,Yes,No,45,Yes,Yes,DSL,Yes,No,Yes,Yes,No,Yes,Two year,No,Credit card (automatic),75.15,No
0644-OQMDK,Jordanville,NY,13361,22,Male,Yes,No,No,4,Yes,No,Fiber optic,No,No,No,No,No,No,Month-to-month,Yes,Electronic check,70.65,No
3154-CFSZG,Derby,NY,14047,20,Male,No,Yes,Yes,47,Yes,No,Fiber optic,Yes,No,Yes,No,No,Yes,Month-to-month,No,Electronic check,90.05,No
2220-IAHLS,Masonville,NY,13804,31,Female,No,No,No,1,Yes,No,None,No,No,No,No,No,No,Month-to-month,No,Credit card (automatic),19.4,No
1658-XUHBX,Albany,NY,12203,27,Female,Yes,Yes,Yes,59,Yes,Yes,Fiber optic,No,No,Yes,No,No,Yes,Month-to-month,Yes,Credit card (automatic),88.75,No
2378-HTWFW,Hempstead,NY,11549,56,Male,Yes,No,No,35,Yes,Yes,Fiber optic,Yes,No,No,No,No,Yes,Month-to-month,No,Credit card (automatic),91,No
4377-VDHYI,Cayuta,NY,14824,62,Male,No,Yes,Yes,32,Yes,No,Fiber optic,Yes,Yes,No,No,No,Yes,One year,Yes,Electronic check,90.8,No
3719-TDVQB,Ouaquaga,NY,13826,54,Female,Yes,Yes,No,54,Yes,No,None,No,No,No,No,No,No,Two year,Yes,Mailed check,18.95,No
0201-MIBOL,Jacksonville,NY,14854,37,Female,Yes,No,No,66,Yes,Yes,Fiber optic,Yes,No,No,No,Yes,Yes,Two year,Yes,Bank transfer (automatic),102.4,No
4937-QPZPO,Buffalo,NY,14211,53,Male,No,Yes,Yes,61,Yes,Yes,Fiber optic,No,No,Yes,No,Yes,Yes,One year,Yes,Electronic check,99.9,No
2925-VDZHY,Smyrna,NY,13464,38,Male,No,Yes,Yes,72,Yes,Yes,DSL,Yes,Yes,Yes,Yes,Yes,Yes,Two year,No,Credit card (automatic),88.7,No
6981-TDRFT,Fredonia,NY,14063,25,Male,No,Yes,Yes,44,No,No,DSL,No,No,Yes,Yes,Yes,Yes,One year,Yes,Electronic check,54.3,No
3413-CSSTH,New York,NY,10033,47,Male,No,No,No,41,Yes,Yes,DSL,No,No,Yes,No,No,No,Month-to-month,Yes,Bank transfer (automatic),55.7,No
8033-VCZGH,Clifton Park,NY,12065,63,Male,No,Yes,No,50,Yes,Yes,Fiber optic,Yes,No,Yes,No,Yes,Yes,One year,Yes,Electronic check,103.95,No
0224-NIJLP,Westfield,NY,14787,27,Male,No,Yes,Yes,8,Yes,No,None,No,No,No,No,No,No,Two year,No,Mailed check,20.15,No
7542-CYDDM,Burt,NY,14028,22,Male,No,No,No,18,Yes,No,None,No,No,No,No,No,No,Month-to-month,No,Mailed check,20.05,No
4718-WXBGI,Manlius,NY,13104,27,Male,No,Yes,Yes,72,Yes,Yes,DSL,Yes,Yes,Yes,Yes,Yes,Yes,Two year,Yes,Credit card (automatic),91.95,No
8495-PRWFH,Sharon Springs,NY,13459,50,Female,Yes,No,No,42,Yes,Yes,DSL,No,No,Yes,No,No,No,Month-to-month,No,Electronic check,55.65,No
0439-IFYUN,Inlet,NY,13360,54,Female,Yes,No,No,18,Yes,No,Fiber optic,No,Yes,No,No,No,No,Month-to-month,Yes,Electronic check,74.7,No
5716-LIBJC,Syracuse,NY,13202,55,Female,No,No,Yes,13,Yes,Yes,Fiber optic,No,Yes,Yes,No,Yes,Yes,One year,Yes,Credit card (automatic),104.15,No
2868-LLSKM,Deer Park,NY,11729,21,Female,No,Yes,Yes,68,Yes,Yes,Fiber optic,No,Yes,No,Yes,No,No,One year,Yes,Bank transfer (automatic),83.65,No
2988-QRAJY,Wyandanch,NY,11798,20,Male,No,No,No,69,Yes,Yes,Fiber optic,Yes,Yes,Yes,No,Yes,Yes,Two year,Yes,Credit card (automatic),110.05,No
0071-NDAFP,Castle Creek,NY,13744,29,Male,No,Yes,Yes,25,Yes,Yes,None,No,No,No,No,No,No,Two year,No,Credit card (automatic),25.5,No
7328-ZJAJO,Wading River,NY,11792,55,Female,No,Yes,Yes,59,Yes,No,None,No,No,No,No,No,No,Two year,No,Credit card (automatic),19.5,No
6458-CYIDZ,Stony Brook,NY,11794,50,Female,Yes,No,No,5,Yes,No,Fiber optic,Yes,Yes,No,No,No,No,Month-to-month,No,Electronic check,80.7,No
1090-PYKCI,Babylon,NY,11702,37,Female,No,Yes,Yes,69,Yes,Yes,Fiber optic,Yes,Yes,Yes,Yes,Yes,No,One year,Yes,Credit card (automatic),105.1,No
3058-WQDRE,Rochester,NY,14625,32,Male,No,No,No,13,No,No,DSL,No,No,No,No,No,No,Month-to-month,Yes,Bank transfer (automatic),25.15,No
2279-AXJJK,New York,NY,10021,51,Male,No,Yes,No,52,Yes,Yes,Fiber optic,No,Yes,No,Yes,No,Yes,Month-to-month,Yes,Credit card (automatic),95.65,No
0909-SELIE,Linwood,NY,14486,39,Male,No,Yes,No,61,Yes,Yes,DSL,Yes,Yes,Yes,Yes,No,Yes,Two year,Yes,Bank transfer (automatic),80.8,No
3417-TSCIC,Rochester,NY,14604,59,Male,No,No,No,29,No,No,DSL,No,No,No,No,No,No,One year,Yes,Mailed check,24.85,No
1042-HFUCW,Davenport Center,NY,13751,56,Female,No,No,Yes,25,Yes,No,DSL,No,Yes,No,Yes,No,No,One year,Yes,Credit card (automatic),54.75,No
6537-OTKMY,Orient,NY,11957,20,Male,No,No,No,15,No,No,DSL,No,No,Yes,No,Yes,Yes,One year,No,Electronic check,50.75,No
8999-EXMNO,New York,NY,10031,22,Female,No,Yes,Yes,19,Yes,No,None,No,No,No,No,No,No,Two year,No,Mailed check,20.15,No
6725-TPKJO,Machias,NY,14101,42,Male,No,No,No,44,Yes,No,None,No,No,No,No,No,No,Two year,No,Mailed check,20.05,No
7162-WPHPM,Blue Point,NY,11715,42,Male,No,Yes,Yes,58,Yes,Yes,DSL,Yes,Yes,Yes,Yes,No,No,Two year,No,Credit card (automatic),71.6,No
1599-MMYRQ,Moira,NY,12957,41,Male,No,Yes,Yes,62,Yes,No,Fiber optic,Yes,Yes,No,No,No,No,One year,Yes,Credit card (automatic),81.45,No
8821-KVZKQ,Rochester,NY,14611,48,Female,No,Yes,Yes,70,No,No,DSL,No,Yes,Yes,Yes,Yes,Yes,One year,Yes,Bank transfer (automatic),58.4,No
6434-TTGJP,Wellesley Island,NY,13640,33,Male,No,Yes,Yes,10,No,No,DSL,Yes,Yes,Yes,Yes,No,Yes,Two year,No,Credit card (automatic),53.7,No
0042-JVWOJ,New York,NY,10152,44,Male,No,No,No,26,Yes,No,None,No,No,No,No,No,No,One year,Yes,Bank transfer (automatic),19.6,No
0130-SXOUN,Cleveland,NY,13042,32,Male,No,No,No,66,Yes,Yes,Fiber optic,No,Yes,No,No,No,Yes,Month-to-month,No,Credit card (automatic),89.4,No
2330-PQGDQ,Retsof,NY,14539,47,Male,No,Yes,Yes,51,Yes,Yes,Fiber optic,No,Yes,No,Yes,No,No,One year,No,Bank transfer (automatic),84.2,No
1452-UZOSF,Gouverneur,NY,13642,20,Male,No,Yes,Yes,72,Yes,Yes,Fiber optic,Yes,Yes,Yes,Yes,Yes,No,Two year,Yes,Credit card (automatic),106.1,No
2097-YVPKN,Apulia Station,NY,13020,50,Male,No,No,No,65,Yes,Yes,None,No,No,No,No,No,No,Two year,No,Mailed check,25.75,No
8597-CTXVJ,Brooklyn,NY,11238,25,Male,No,No,Yes,70,Yes,Yes,DSL,Yes,Yes,No,Yes,No,No,One year,No,Bank transfer (automatic),64.95,No
6631-HMANX,Rochester,NY,14624,41,Male,No,Yes,No,72,Yes,Yes,DSL,No,Yes,Yes,Yes,Yes,Yes,Two year,Yes,Credit card (automatic),85.45,No
9962-BFPDU,Amsterdam,NY,12010,38,Female,No,Yes,Yes,1,Yes,No,None,No,No,No,No,No,No,Month-to-month,No,Mailed check,20.05,No
6394-HHHZM,Middlesex,NY,14507,49,Male,No,No,No,3,Yes,No,None,No,No,No,No,No,No,Month-to-month,No,Mailed check,20.7,No
5995-LFTLE,Hoosick Falls,NY,12090,54,Male,No,No,No,58,Yes,Yes,None,No,No,No,No,No,No,Two year,Yes,Credit card (automatic),25.3,No
1932-UEDCX,Westdale,NY,13483,60,Male,Yes,Yes,No,33,Yes,Yes,Fiber optic,No,Yes,No,No,Yes,Yes,Month-to-month,Yes,Bank transfer (automatic),100.6,No
5188-HGMLP,Wellsville,NY,14895,64,Male,Yes,Yes,No,54,Yes,Yes,Fiber optic,No,No,No,No,No,No,Month-to-month,No,Bank transfer (automatic),74,No
0665-XHDJU,New York,NY,10005,58,Male,No,Yes,No,72,Yes,Yes,Fiber optic,No,Yes,No,No,Yes,Yes,Two year,Yes,Electronic check,99.4,No
8265-HKSOW,Lakeville,NY,14480,48,Female,No,Yes,Yes,72,Yes,Yes,Fiber optic,Yes,Yes,Yes,Yes,No,Yes,Two year,No,Credit card (automatic),107.45,No
3544-FBCAS,Buffalo,NY,14207,21,Female,No,Yes,Yes,72,Yes,Yes,DSL,Yes,Yes,Yes,No,Yes,Yes,Two year,Yes,Credit card (automatic),83.6,No
5331-RGMTT,Athens,NY,12015,50,Male,Yes,Yes,No,54,Yes,Yes,Fiber optic,No,No,Yes,No,Yes,Yes,Month-to-month,Yes,Credit card (automatic),99.05,No
4759-PXTAN,Bowmansville,NY,14026,54,Female,No,Yes,No,59,Yes,Yes,DSL,No,Yes,No,Yes,Yes,Yes,One year,Yes,Electronic check,80.1,No
7054-DMVAS,Gloversville,NY,12078,54,Male,No,No,No,54,Yes,No,DSL,Yes,Yes,No,No,Yes,No,Two year,Yes,Bank transfer (automatic),65.3,No
3428-MMGUB,Portlandville,NY,13834,50,Male,No,No,No,60,Yes,Yes,Fiber optic,No,No,Yes,No,Yes,No,Two year,Yes,Electronic check,89.55,No
6549-BTYPG,Jay,NY,12941,47,Female,No,Yes,No,60,No,No,DSL,No,Yes,Yes,Yes,Yes,Yes,Two year,No,Credit card (automatic),60.8,No
7823-JSOAG,Nyack,NY,10960,56,Male,No,No,No,3,Yes,Yes,Fiber optic,No,No,No,No,No,No,Month-to-month,No,Electronic check,74.5,No
3705-RHRFR,Albany,NY,12222,61,Female,No,Yes,No,69,Yes,Yes,Fiber optic,Yes,No,No,No,Yes,Yes,Two year,No,Bank transfer (automatic),99.15,No
9374-YOLBJ,Melrose,NY,12121,22,Female,No,Yes,Yes,1,Yes,No,None,No,No,No,No,No,No,Month-to-month,No,Electronic check,19.25,No
9074-KGVOX,Porter Corners,NY,12859,25,Male,No,Yes,Yes,50,No,No,DSL,Yes,No,No,No,Yes,No,Month-to-month,Yes,Credit card (automatic),39.45,No
6128-DAFVY,Walton,NY,13856,42,Female,No,No,No,56,No,No,DSL,No,No,No,No,Yes,Yes,Month-to-month,Yes,Credit card (automatic),44.85,No
9933-QRGTX,Buffalo,NY,14219,36,Female,No,Yes,No,60,Yes,No,Fiber optic,Yes,No,No,Yes,Yes,Yes,Two year,Yes,Electronic check,97.2,No
4476-OSWTN,Smyrna,NY,13464,60,Male,Yes,Yes,No,69,Yes,Yes,Fiber optic,Yes,No,Yes,Yes,Yes,Yes,One year,Yes,Mailed check,110.55,No
5066-GFJMM,West Kill,NY,12492,40,Female,No,Yes,No,3,Yes,No,None,No,No,No,No,No,No,Month-to-month,Yes,Mailed check,19.9,No
2661-GKBTK,Cincinnati,OH,45237,29,Male,No,Yes,Yes,60,Yes,No,DSL,No,Yes,No,Yes,Yes,Yes,Two year,No,Bank transfer (automatic),76.95,No
0458-HEUZG,Columbus,OH,43215,46,Female,No,No,No,13,No,No,DSL,No,No,Yes,Yes,No,No,Two year,No,Mailed check,35.4,No
7268-WNTCP,Williamsburg,OH,45176,50,Male,No,Yes,Yes,62,Yes,No,None,No,No,No,No,No,No,Two year,No,Bank transfer (automatic),20.45,No
0824-VWDPO,Sherwood,OH,43556,40,Female,No,No,No,45,Yes,Yes,Fiber optic,Yes,Yes,No,No,No,Yes,One year,No,Bank transfer (automatic),96.75,No
8409-WQJUX,North Royalton,OH,44133,45,Female,No,No,No,25,No,No,DSL,No,No,Yes,Yes,Yes,Yes,One year,No,Electronic check,54.2,No
2578-JQPHZ,Cadiz,OH,43907,40,Male,No,No,No,44,Yes,No,Fiber optic,No,No,Yes,Yes,Yes,Yes,Two year,No,Bank transfer (automatic),100.1,No
3278-FSIXX,Warren,OH,44485,55,Female,No,No,No,2,Yes,No,DSL,No,No,No,No,No,No,Month-to-month,Yes,Mailed check,45.25,No
9746-UGFAC,Dennison,OH,44621,44,Female,No,No,No,22,Yes,No,None,No,No,No,No,No,No,One year,No,Bank transfer (automatic),20.85,No
2946-KIQSP,Toledo,OH,43613,29,Female,No,No,No,35,No,No,DSL,No,No,Yes,Yes,No,No,Month-to-month,Yes,Mailed check,33.45,No
0625-AFOHS,Midvale,OH,44653,48,Female,No,Yes,Yes,29,Yes,No,None,No,No,No,No,No,No,Two year,No,Mailed check,20.2,No
6726-WEXXK,Fredericktown,OH,43019,30,Male,Yes,Yes,No,27,Yes,Yes,Fiber optic,Yes,No,Yes,No,No,No,One year,Yes,Electronic check,85.9,No
4636-OLWOE,Willard,OH,44890,57,Male,No,No,Yes,54,Yes,No,DSL,No,Yes,Yes,Yes,No,No,One year,Yes,Electronic check,61,No
4685-ERGHK,Polk,OH,44866,49,Male,No,No,No,57,Yes,Yes,Fiber optic,No,No,No,No,Yes,No,One year,Yes,Electronic check,86.9,No
0885-HMGPY,Orient,OH,43146,29,Male,No,No,No,62,Yes,Yes,DSL,Yes,Yes,Yes,Yes,No,No,Two year,No,Bank transfer (automatic),69.4,No
5003-OKNNK,Dublin,OH,43016,62,Female,No,Yes,Yes,15,Yes,No,None,No,No,No,No,No,No,One year,No,Credit card (automatic),20.35,No
7208-PSIHR,Akron,OH,44310,64,Female,No,Yes,No,70,Yes,Yes,Fiber optic,No,No,Yes,Yes,Yes,Yes,Two year,Yes,Bank transfer (automatic),104.3,No
4012-ZTHBR,Akron,OH,44311,25,Female,No,Yes,Yes,21,Yes,No,DSL,No,No,No,No,No,No,Month-to-month,Yes,Electronic check,44.95,No
0489-WMEMG,Smithfield,OH,43948,40,Female,No,No,Yes,23,Yes,No,DSL,No,No,No,Yes,No,No,One year,Yes,Electronic check,49.45,No
7435-ZNUYY,Rittman,OH,44270,27,Male,No,No,No,6,Yes,No,None,No,No,No,No,No,No,One year,No,Mailed check,20.6,No
1354-YZFNB,Haskins,OH,43525,30,Male,No,Yes,Yes,4,Yes,No,None,No,No,No,No,No,No,Two year,No,Credit card (automatic),19.55,No
2985-FMWYF,Tontogany,OH,43565,61,Female,No,No,No,23,Yes,Yes,Fiber optic,No,No,No,No,Yes,Yes,Month-to-month,Yes,Electronic check,93.5,No
2812-ENYMO,Cambridge,OH,43725,21,Male,No,No,No,26,No,No,DSL,Yes,No,No,Yes,Yes,Yes,One year,No,Credit card (automatic),54.55,No
2717-HVIZY,Malinta,OH,43535,29,Female,No,No,Yes,8,Yes,No,None,No,No,No,No,No,No,Month-to-month,No,Mailed check,20.05,No
3422-GALYP,Elyria,OH,44035,50,Male,No,No,No,2,Yes,Yes,Fiber optic,No,Yes,No,No,No,No,Month-to-month,Yes,Electronic check,79.45,No
2890-WFBHU,Westerville,OH,43081,27,Female,No,No,No,59,Yes,Yes,DSL,Yes,Yes,Yes,Yes,No,Yes,One year,No,Credit card (automatic),79.85,No
0327-WFZSY,Brilliant,OH,43913,31,Male,No,Yes,Yes,39,Yes,Yes,Fiber optic,No,No,Yes,No,Yes,Yes,One year,No,Electronic check,100,No
7977-HXJKU,Millbury,OH,43447,19,Male,No,No,Yes,21,Yes,No,None,No,No,No,No,No,No,Two year,No,Mailed check,19.6,No
7033-CLAMM,Potsdam,OH,45361,19,Female,No,Yes,Yes,48,Yes,No,None,No,No,No,No,No,No,Two year,No,Bank transfer (automatic),20.2,No
4023-RTIQM,Beallsville,OH,43716,37,Female,Yes,Yes,No,31,No,No,DSL,Yes,Yes,Yes,No,No,Yes,One year,Yes,Credit card (automatic),50.4,No
0864-FVJNJ,Cincinnati,OH,45249,27,Female,No,Yes,Yes,64,Yes,Yes,Fiber optic,Yes,Yes,Yes,Yes,Yes,Yes,One year,No,Electronic check,113.35,No
7356-IWLFW,Girard,OH,44420,53,Male,No,Yes,Yes,46,Yes,Yes,Fiber optic,No,Yes,No,No,No,No,Month-to-month,Yes,Bank transfer (automatic),80,No
9541-PWTWO,Toledo,OH,43623,19,Female,No,No,No,52,Yes,Yes,DSL,No,No,Yes,Yes,Yes,Yes,Two year,Yes,Bank transfer (automatic),80.95,No
3967-VQOGC,Cherry Fork,OH,45618,37,Female,No,Yes,Yes,67,Yes,Yes,None,No,No,No,No,No,No,Two year,Yes,Mailed check,24.9,No
7872-RDDLZ,Woodsfield,OH,43793,52,Female,Yes,No,No,67,Yes,Yes,DSL,No,Yes,No,No,No,No,Month-to-month,No,Electronic check,54.9,No
6308-CQRBU,South Webster,OH,45682,48,Female,No,Yes,No,71,Yes,Yes,Fiber optic,No,Yes,Yes,Yes,Yes,Yes,Two year,No,Electronic check,109.25,No
0186-CAERR,Garrettsville,OH,44231,28,Male,No,No,No,71,Yes,Yes,Fiber optic,Yes,Yes,Yes,Yes,Yes,Yes,One year,Yes,Bank transfer (automatic),116.3,No
3043-SUDUA,North Robinson,OH,44856,44,Female,No,No,No,32,Yes,No,None,No,No,No,No,No,No,Month-to-month,No,Bank transfer (automatic),19.9,No
5442-BHQNG,Euclid,OH,44123,27,Female,No,No,No,2,Yes,No,Fiber optic,No,No,No,No,No,No,Month-to-month,No,Electronic check,70.35,No
2169-RRLFW,Sabina,OH,45169,52,Female,No,Yes,No,71,Yes,Yes,None,No,No,No,No,No,No,Two year,No,Credit card (automatic),25.6,No
5872-OEQNH,Felicity,OH,45120,49,Female,No,No,No,60,No,No,DSL,Yes,No,Yes,No,No,Yes,One year,Yes,Electronic check,44.45,No
3162-KKZXO,Pickerington,OH,43147,64,Female,Yes,No,No,55,Yes,Yes,Fiber optic,No,No,Yes,No,Yes,Yes,One year,Yes,Electronic check,100.15,No
8873-GLDMH,Coalton,OH,45621,55,Female,No,No,No,6,Yes,Yes,Fiber optic,No,No,No,No,No,No,Month-to-month,Yes,Mailed check,73.85,No
5696-JVVQY,New Haven,OH,44850,36,Female,No,Yes,Yes,48,Yes,No,DSL,Yes,Yes,Yes,No,No,Yes,Two year,Yes,Credit card (automatic),70.1,No
8946-BFWSG,Clyde,OH,43410,31,Male,No,Yes,Yes,63,Yes,Yes,None,No,No,No,No,No,No,Two year,No,Mailed check,25.25,No
0547-HURJB,Gypsum,OH,43433,56,Male,No,No,Yes,12,Yes,No,None,No,No,No,No,No,No,Month-to-month,No,Credit card (automatic),21.05,No
8904-OPDCK,Shawnee,OH,43782,31,Male,Yes,Yes,No,54,No,No,DSL,No,No,No,No,No,No,Month-to-month,Yes,Bank transfer (automatic),24.95,No
8845-LWKGE,Brinkhaven,OH,43006,39,Female,No,Yes,Yes,30,Yes,No,DSL,No,No,Yes,Yes,Yes,No,One year,Yes,Electronic check,64.5,No
0691-NIKRI,Streetsboro,OH,44241,61,Female,No,No,No,40,Yes,Yes,Fiber optic,No,No,Yes,Yes,Yes,Yes,One year,Yes,Credit card (automatic),105.95,No
5022-JNQEQ,Somerset,OH,43783,27,Female,No,Yes,Yes,9,Yes,No,Fiber optic,No,No,No,Yes,No,No,Month-to-month,Yes,Electronic check,75.85,No
3249-VHRIP,Cleveland,OH,44108,39,Female,No,No,No,62,No,No,DSL,No,Yes,Yes,No,No,Yes,Two year,Yes,Credit card (automatic),43.6,No
3736-BLEPA,Brookpark,OH,44142,21,Male,No,No,No,28,Yes,No,Fiber optic,No,Yes,No,Yes,Yes,No,One year,Yes,Bank transfer (automatic),91.25,No
4701-LKOZD,Cincinnati,OH,45212,35,Female,No,No,No,70,Yes,Yes,DSL,Yes,Yes,Yes,Yes,Yes,Yes,Two year,No,Credit card (automatic),89.75,No
6603-QWSPR,Deersville,OH,44693,36,Female,No,No,No,46,Yes,No,Fiber optic,No,Yes,Yes,Yes,Yes,Yes,Two year,Yes,Bank transfer (automatic),104.4,No
9921-QFQUL,Toledo,OH,43614,34,Female,No,Yes,No,23,Yes,Yes,Fiber optic,No,No,Yes,No,No,Yes,Month-to-month,No,Mailed check,90.15,No
1929-ZCBHE,Botkins,OH,45306,47,Male,No,Yes,Yes,47,No,No,DSL,Yes,No,Yes,Yes,No,No,One year,No,Electronic check,40.3,No
4378-MYPGO,Gettysburg,OH,45328,34,Male,No,Yes,Yes,68,Yes,No,Fiber optic,Yes,Yes,Yes,No,Yes,Yes,Two year,Yes,Bank transfer (automatic),105.25,No
4129-LYCOI,Euclid,OH,44117,19,Female,No,No,Yes,67,Yes,Yes,Fiber optic,No,Yes,No,Yes,Yes,Yes,Two year,Yes,Electronic check,104,No
7798-JVXYM,New Weston,OH,45348,39,Female,No,No,No,14,Yes,No,DSL,No,No,No,Yes,Yes,Yes,Month-to-month,Yes,Electronic check,69.65,No
8647-SDTWQ,Dayton,OH,45428,52,Male,No,Yes,Yes,57,Yes,Yes,Fiber optic,No,No,No,No,No,No,Month-to-month,Yes,Electronic check,74.3,No
2696-ECXKC,North Bloomfield,OH,44450,29,Female,No,Yes,Yes,55,Yes,Yes,Fiber optic,Yes,No,No,No,Yes,Yes,One year,No,Mailed check,100.9,No
2081-KJSQF,Rogers,OH,44455,44,Male,No,No,No,1,Yes,No,None,No,No,No,No,No,No,Month-to-month,Yes,Mailed check,20.25,No
3323-CPBWR,Akron,OH,44310,58,Male,No,No,No,23,Yes,Yes,Fiber optic,No,No,Yes,Yes,Yes,No,Month-to-month,Yes,Credit card (automatic),96.9,No
3384-CTMSF,Martinsville,OH,45146,59,Male,No,Yes,No,47,Yes,Yes,Fiber optic,No,Yes,Yes,No,Yes,Yes,Month-to-month,Yes,Electronic check,104.1,No
0902-RFHOF,Dresden,OH,43821,55,Male,No,No,No,38,Yes,No,None,No,No,No,No,No,No,One year,No,Mailed check,20.1,No
6048-QBXKL,Mount Eaton,OH,44659,39,Female,Yes,No,No,2,Yes,Yes,DSL,No,Yes,No,No,No,No,Month-to-month,Yes,Credit card (automatic),56.55,No
7718-RXDGG,Englewood,OH,45322,58,Male,No,Yes,No,15,Yes,No,Fiber optic,No,No,No,No,No,No,Month-to-month,Yes,Bank transfer (automatic),68.6,No
1025-FALIX,Blue Rock,OH,43720,45,Female,No,No,No,26,Yes,No,Fiber optic,No,No,No,No,No,No,Month-to-month,Yes,Credit card (automatic),69.05,No
3451-VAWLI,Brookville,OH,45309,58,Female,No,Yes,Yes,35,Yes,No,None,No,No,No,No,No,No,Two year,No,Credit card (automatic),19.7,No
3407-QGWLG,Thurman,OH,45685,37,Male,No,No,Yes,3,Yes,No,None,No,No,No,No,No,No,Month-to-month,Yes,Mailed check,20.05,No
2347-WKKAE,South Webster,OH,45682,30,Male,No,Yes,No,42,Yes,Yes,Fiber optic,Yes,No,Yes,No,No,Yes,Month-to-month,Yes,Electronic check,94.4,No
8735-DCXNF,Salem,OH,44460,34,Male,No,Yes,No,10,Yes,No,DSL,Yes,No,No,Yes,No,No,Month-to-month,Yes,Credit card (automatic),54.95,No
3214-IYUUQ,Garrison,UT,84728,50,Female,No,Yes,No,61,Yes,No,Fiber optic,Yes,Yes,No,Yes,No,Yes,One year,No,Bank transfer (automatic),93.7,No
1936-UAFEH,Toquerville,UT,84774,59,Female,No,No,No,68,Yes,Yes,Fiber optic,Yes,Yes,No,Yes,Yes,Yes,Two year,No,Credit card (automatic),110.25,No
3587-PMCOY,Altamont,UT,84001,40,Male,No,No,No,10,Yes,No,Fiber optic,Yes,No,Yes,No,Yes,Yes,One year,Yes,Electronic check,98.9,No
1027-LKKQQ,La Sal,UT,84530,20,Female,No,Yes,Yes,72,Yes,No,DSL,Yes,No,Yes,Yes,Yes,Yes,Two year,Yes,Bank transfer (automatic),80.45,No
7148-XZPHA,Salina,UT,84654,45,Male,No,Yes,Yes,55,Yes,No,Fiber optic,No,Yes,No,Yes,No,No,Month-to-month,No,Electronic check,79.4,No
5309-TAIKL,Midway,UT,84049,55,Female,No,No,No,7,Yes,No,DSL,No,No,Yes,Yes,No,Yes,Month-to-month,No,Bank transfer (automatic),62.8,No
6856-RAURS,Laketown,UT,84038,44,Female,No,No,No,2,Yes,Yes,Fiber optic,No,No,No,No,No,No,Month-to-month,Yes,Mailed check,74.9,No
8778-LMWTJ,Hildale,UT,84784,50,Female,No,No,No,9,Yes,No,Fiber optic,Yes,No,No,No,No,No,Month-to-month,Yes,Electronic check,74.85,No
9717-IOAAF,Sterling,UT,84665,33,Male,No,No,Yes,27,Yes,Yes,None,No,No,No,No,No,No,Two year,Yes,Credit card (automatic),25.85,No
2845-KDHVX,Sandy,UT,84094,61,Female,No,Yes,No,64,Yes,No,DSL,No,Yes,Yes,Yes,No,Yes,Two year,Yes,Mailed check,68.3,No
0848-SOMKO,Dugway,UT,84022,24,Male,No,No,No,70,No,No,DSL,Yes,No,Yes,Yes,No,Yes,Two year,No,Bank transfer (automatic),48.4,No
6734-FQAJX,Catlett,VA,20119,53,Male,Yes,No,No,67,Yes,No,Fiber optic,Yes,Yes,No,Yes,Yes,Yes,Two year,Yes,Electronic check,105.05,No
1535-VTJOQ,Alexandria,VA,22306,46,Female,No,No,No,24,Yes,Yes,None,No,No,No,No,No,No,Two year,No,Credit card (automatic),25.15,No
6368-TZZDT,Centreville,VA,20120,22,Male,No,Yes,Yes,4,Yes,No,None,No,No,No,No,No,No,Two year,No,Credit card (automatic),19.5,No
0943-ZQPXH,Rocky Mount,VA,24151,24,Male,No,Yes,Yes,44,Yes,No,Fiber optic,No,No,Yes,No,Yes,Yes,Month-to-month,Yes,Bank transfer (automatic),92.95,No
1293-BSEUN,Somerset,VA,22972,20,Female,No,Yes,Yes,72,Yes,No,None,No,No,No,No,No,No,Two year,Yes,Mailed check,20.7,No
1302-TPUBN,North Garden,VA,22959,26,Male,No,No,No,66,Yes,No,None,No,No,No,No,No,No,Two year,No,Bank transfer (automatic),19.35,No
2378-VTKDH,Brightwood,VA,22715,62,Male,Yes,Yes,No,65,Yes,Yes,Fiber optic,No,Yes,Yes,No,Yes,Yes,Month-to-month,Yes,Electronic check,104.35,No
0927-CNGRH,Vienna,VA,22180,45,Male,No,No,Yes,1,Yes,No,None,No,No,No,No,No,No,Month-to-month,No,Mailed check,19.55,No
8608-OZTLB,Upperville,VA,20184,60,Male,No,Yes,Yes,38,Yes,No,DSL,Yes,Yes,Yes,Yes,Yes,No,One year,No,Electronic check,74.05,No
2335-GSODA,Centreville,VA,20121,63,Male,No,No,Yes,23,No,No,DSL,Yes,No,Yes,Yes,No,No,Two year,No,Mailed check,40.1,No
1952-DVVSW,Critz,VA,24082,43,Female,No,Yes,No,10,Yes,No,None,No,No,No,No,No,No,One year,No,Mailed check,20.1,No
6656-GULJQ,Baskerville,VA,23915,32,Male,No,Yes,Yes,72,Yes,Yes,DSL,Yes,No,Yes,Yes,Yes,Yes,Two year,Yes,Credit card (automatic),83.55,No
9853-JFZDU,Duffield,VA,24244,54,Female,No,Yes,No,35,Yes,No,DSL,No,Yes,No,Yes,No,No,Month-to-month,No,Electronic check,56.85,No
3777-XROBG,Fishersville,VA,22939,32,Female,No,Yes,Yes,58,Yes,No,None,No,No,No,No,No,No,Two year,No,Credit card (automatic),19.55,No
6994-FGRHH,Boissevain,VA,24606,22,Male,No,Yes,Yes,70,Yes,No,Fiber optic,No,Yes,Yes,Yes,Yes,Yes,One year,Yes,Electronic check,106.15,No
4000-VGMQP,Natural Bridge,VA,24578,35,Male,No,Yes,Yes,38,Yes,Yes,DSL,No,Yes,Yes,No,Yes,Yes,One year,No,Credit card (automatic),78.95,No
3999-WRNGR,West Point,VA,23181,32,Female,No,Yes,Yes,60,No,No,DSL,No,Yes,No,No,Yes,Yes,Month-to-month,Yes,Electronic check,49.75,No
3466-RITXD,Steeles Tavern,VA,24476,48,Male,No,No,No,26,Yes,Yes,Fiber optic,Yes,Yes,No,No,Yes,No,Month-to-month,Yes,Credit card (automatic),92.4,No
2680-XKKNJ,Vernon Hill,VA,24597,29,Female,No,No,No,8,Yes,No,DSL,Yes,Yes,No,Yes,No,No,One year,No,Bank transfer (automatic),58.2,No
2974-GGUXS,Newport News,VA,23605,45,Female,Yes,Yes,No,36,Yes,Yes,Fiber optic,No,Yes,No,No,Yes,No,Month-to-month,Yes,Credit card (automatic),91.95,No
7994-XIRTR,Pound,VA,24279,56,Male,Yes,No,No,54,Yes,No,DSL,No,No,Yes,Yes,No,Yes,One year,No,Bank transfer (automatic),65.25,No
2101-RANCD,Clinchco,VA,24226,19,Female,No,No,No,55,Yes,Yes,Fiber optic,No,No,No,No,No,No,Month-to-month,Yes,Electronic check,73.1,No
7921-BEPCI,Dinwiddie,VA,23841,19,Female,No,No,No,72,Yes,Yes,DSL,Yes,Yes,No,No,No,No,Two year,No,Bank transfer (automatic),59.75,No
8510-TMWYB,Paint Bank,VA,24131,56,Female,No,Yes,Yes,54,Yes,Yes,DSL,No,Yes,Yes,No,No,No,Two year,Yes,Bank transfer (automatic),59.8,No
3258-ZKPAI,Dayton,VA,22821,41,Male,No,Yes,Yes,72,Yes,Yes,Fiber optic,Yes,Yes,Yes,Yes,Yes,Yes,Two year,Yes,Bank transfer (automatic),116.6,No
1428-IEDPR,Purcellville,VA,20132,39,Male,No,No,No,52,Yes,Yes,Fiber optic,Yes,No,Yes,Yes,Yes,Yes,Two year,Yes,Electronic check,109.3,No
5298-GSTLM,Mount Solon,VA,22843,38,Female,Yes,No,No,60,Yes,Yes,Fiber optic,Yes,No,No,No,Yes,Yes,One year,Yes,Bank transfer (automatic),101.4,No
4450-YOOHP,Critz,VA,24082,50,Female,No,No,No,39,No,No,DSL,No,No,Yes,No,Yes,Yes,Month-to-month,Yes,Credit card (automatic),50.65,No
6728-CZFEI,Springfield,VA,22152,64,Female,No,No,No,15,Yes,No,DSL,No,No,No,No,Yes,No,One year,No,Mailed check,56.15,No
3653-NCRDJ,Norton,VA,24273,20,Male,No,Yes,Yes,43,Yes,No,None,No,No,No,No,No,No,One year,Yes,Mailed check,19.2,No
6121-TNHBO,Richmond,VA,23222,33,Female,Yes,No,No,63,Yes,Yes,DSL,Yes,Yes,Yes,Yes,Yes,No,One year,No,Bank transfer (automatic),83,No
5119-NZPTV,Wirtz,VA,24184,27,Male,Yes,Yes,No,2,Yes,No,Fiber optic,No,No,No,No,No,No,Month-to-month,No,Electronic check,70.1,No
6519-ZHPXP,Bluefield,VA,24605,41,Female,No,Yes,Yes,72,Yes,No,Fiber optic,Yes,Yes,Yes,Yes,Yes,Yes,Two year,Yes,Bank transfer (automatic),108.3,No
3472-QPRCH,Halifax,VA,24558,28,Male,No,Yes,Yes,40,Yes,Yes,None,No,No,No,No,No,No,Two year,No,Credit card (automatic),25.25,No
8224-UAXBZ,Mount Crawford,VA,22841,52,Female,No,Yes,No,58,No,No,DSL,Yes,Yes,No,No,Yes,No,One year,Yes,Electronic check,45.35,No
9610-WCESF,King And Queen Court House,VA,23085,59,Male,No,No,No,67,No,No,DSL,Yes,No,No,Yes,Yes,No,Two year,No,Electronic check,43.9,No
2486-WYVVE,Brodnax,VA,23920,34,Male,No,Yes,No,31,Yes,Yes,DSL,No,No,Yes,Yes,Yes,Yes,One year,Yes,Mailed check,79.3,No
3865-ZYKAD,Waverly,VA,23891,25,Male,Yes,Yes,No,69,Yes,Yes,Fiber optic,Yes,Yes,No,No,No,No,Month-to-month,Yes,Credit card (automatic),84.9,No
1422-DGUBX,Moon,VA,23119,61,Male,No,Yes,No,32,Yes,Yes,Fiber optic,No,No,No,Yes,No,No,One year,Yes,Electronic check,79.25,No
2999-AANRQ,Susan,VA,23163,61,Female,No,No,No,21,Yes,No,DSL,Yes,Yes,No,Yes,Yes,No,Two year,No,Credit card (automatic),71.05,No
8668-KNZTI,Suffolk,VA,23436,38,Male,No,No,No,52,Yes,No,DSL,Yes,No,Yes,No,No,No,One year,No,Electronic check,53.75,No
0480-KYJVA,Alexandria,VA,22310,54,Female,No,Yes,Yes,72,Yes,Yes,None,No,No,No,No,No,No,Two year,No,Credit card (automatic),24.25,No
9746-YKGXB,Dyke,VA,22935,49,Male,No,Yes,Yes,52,No,No,DSL,Yes,No,Yes,No,No,Yes,One year,No,Bank transfer (automatic),44.25,No
3926-YZVVX,Chesapeake,VA,23320,62,Female,No,No,No,41,Yes,No,DSL,No,No,No,Yes,No,No,One year,No,Bank transfer (automatic),50.05,No
6000-UKLWI,Copper Hill,VA,24079,23,Male,No,No,No,41,Yes,No,None,No,No,No,No,No,No,Two year,No,Mailed check,20.15,No
6332-FBZRI,Ford,VA,23850,52,Male,No,Yes,Yes,67,Yes,Yes,DSL,Yes,Yes,Yes,Yes,No,No,One year,Yes,Credit card (automatic),69.35,No
2096-XOTMO,Daleville,VA,24083,34,Female,No,Yes,Yes,16,Yes,No,None,No,No,No,No,No,No,Month-to-month,No,Mailed check,19.35,No
3266-FTKHB,Bumpass,VA,23024,19,Male,No,No,No,17,Yes,No,None,No,No,No,No,No,No,Two year,No,Mailed check,19.15,No
8221-EQDGL,Mechanicsville,VA,23116,43,Male,No,Yes,No,35,Yes,No,DSL,Yes,Yes,Yes,No,No,No,Month-to-month,No,Mailed check,61,No
2346-LOCWC,Hurt,VA,24563,37,Female,No,Yes,Yes,58,Yes,No,None,No,No,No,No,No,No,Two year,No,Credit card (automatic),20.5,No
0298-XACET,Burkeville,VA,23922,35,Male,No,Yes,Yes,52,No,No,DSL,No,Yes,Yes,Yes,Yes,No,Two year,No,Mailed check,50.2,No
7560-QJAVJ,Orient,OH,43146,43,Female,No,No,No,70,Yes,No,DSL,Yes,No,Yes,Yes,Yes,Yes,Two year,No,Bank transfer (automatic),79.6,No
2995-YWTCD,Senecaville,OH,43780,42,Female,No,Yes,Yes,19,Yes,Yes,None,No,No,No,No,No,No,Two year,Yes,Bank transfer (automatic),24.9,No
9137-UIYPG,Columbus,OH,43227,50,Female,No,Yes,Yes,35,Yes,No,Fiber optic,Yes,No,Yes,Yes,Yes,Yes,Month-to-month,Yes,Electronic check,106.9,No
2809-ZMYOQ,Bidwell,OH,45614,28,Female,No,No,No,32,Yes,Yes,Fiber optic,No,No,Yes,No,Yes,Yes,Month-to-month,Yes,Electronic check,101.35,No
5084-OOVCJ,Syracuse,OH,45779,54,Female,No,Yes,Yes,17,Yes,No,DSL,Yes,No,No,Yes,No,No,Month-to-month,Yes,Credit card (automatic),55.35,No
0254-WWRKD,Alexandria,OH,43001,57,Female,No,Yes,Yes,67,Yes,No,DSL,No,Yes,No,No,No,No,One year,No,Credit card (automatic),50.55,No
7727-SHVZV,Andover,OH,44003,23,Female,No,No,No,9,Yes,No,None,No,No,No,No,No,No,Month-to-month,No,Bank transfer (automatic),19.5,No
5339-PXDVH,Fairpoint,OH,43927,19,Male,No,No,No,4,Yes,Yes,Fiber optic,Yes,No,No,No,Yes,No,Month-to-month,No,Electronic check,90.65,No
2205-LPVGL,Columbus,OH,43215,62,Male,Yes,Yes,Yes,58,Yes,Yes,Fiber optic,Yes,Yes,No,Yes,No,No,One year,Yes,Bank transfer (automatic),89.85,No
8782-NUUOL,Dennison,OH,44621,46,Male,No,No,No,60,Yes,No,DSL,Yes,No,Yes,Yes,Yes,Yes,One year,No,Mailed check,79,No
7601-WFVZV,New Lexington,OH,43764,64,Male,No,No,No,1,Yes,No,None,No,No,No,No,No,No,Month-to-month,No,Mailed check,19.55,No
4609-KNNWG,East Liberty,OH,43319,58,Female,No,Yes,Yes,27,Yes,No,None,No,No,No,No,No,No,Two year,No,Mailed check,19.9,No
4868-AADLV,Frazeysburg,OH,43822,42,Male,Yes,Yes,Yes,66,Yes,Yes,Fiber optic,Yes,Yes,Yes,Yes,Yes,Yes,One year,Yes,Electronic check,116.25,No
9529-OFXHY,Lima,OH,45807,59,Male,No,No,No,15,Yes,Yes,Fiber optic,Yes,No,No,No,Yes,No,Month-to-month,Yes,Bank transfer (automatic),87.75,No
2669-QVCRG,Cleveland,OH,44130,36,Female,No,No,No,41,Yes,Yes,Fiber optic,Yes,No,No,No,No,No,Month-to-month,Yes,Credit card (automatic),81.3,No
2478-EEWWM,Gambier,OH,43022,23,Male,No,Yes,No,59,No,No,DSL,No,No,No,No,Yes,Yes,Month-to-month,Yes,Electronic check,44.3,No
9174-IHETN,Sugar Grove,OH,43155,25,Female,No,No,Yes,50,Yes,No,Fiber optic,No,No,No,No,No,No,Two year,No,Credit card (automatic),70.35,No
2233-TXSIU,Columbus,OH,43210,20,Male,No,Yes,Yes,17,No,No,DSL,Yes,No,Yes,No,Yes,No,One year,No,Credit card (automatic),44.45,No
9644-UMGQA,Glenford,OH,43739,52,Male,No,Yes,Yes,6,Yes,No,DSL,Yes,No,No,No,No,No,Month-to-month,Yes,Electronic check,49.15,No
3256-EZDBI,Masury,OH,44438,37,Male,Yes,Yes,No,51,No,No,DSL,No,Yes,No,No,No,No,Month-to-month,Yes,Credit card (automatic),29.45,No
0419-YAAPX,Clarksburg,OH,43115,56,Male,No,Yes,No,49,Yes,No,Fiber optic,No,Yes,No,No,Yes,No,Month-to-month,Yes,Credit card (automatic),85.3,No
0872-CASZJ,Uniontown,OH,44685,39,Male,No,Yes,No,59,Yes,Yes,DSL,Yes,No,No,Yes,No,Yes,One year,Yes,Mailed check,69.1,No
4726-DLWQN,Toledo,OH,43615,34,Male,Yes,No,No,50,Yes,Yes,DSL,Yes,Yes,No,No,Yes,No,Month-to-month,Yes,Bank transfer (automatic),70.35,No
8164-OCKUJ,Bloomingburg,OH,43106,60,Female,No,Yes,Yes,59,Yes,No,None,No,No,No,No,No,No,Two year,No,Mailed check,20.6,No
3094-JOJAI,Columbus,OH,43240,50,Male,No,No,No,18,Yes,Yes,Fiber optic,No,No,No,No,No,No,Month-to-month,No,Mailed check,74.15,No
9494-MRNYX,Stony Ridge,OH,43463,40,Male,No,No,No,10,Yes,Yes,Fiber optic,No,No,No,No,No,No,Month-to-month,No,Electronic check,75.05,No
2599-CZABP,Cincinnati,OH,45255,61,Male,No,Yes,No,14,Yes,No,DSL,No,No,No,No,No,No,One year,No,Electronic check,44.6,No
7945-PRBVF,Rittman,OH,44270,26,Male,No,No,No,35,Yes,No,None,No,No,No,No,No,No,Two year,No,Bank transfer (automatic),21.45,No
4544-RXFMG,Arcadia,OH,44804,54,Male,No,Yes,Yes,8,Yes,No,DSL,No,No,No,No,No,No,One year,Yes,Mailed check,43.45,No
0859-YGKFW,Sinking Spring,OH,45172,56,Male,No,Yes,Yes,18,Yes,No,None,No,No,No,No,No,No,One year,No,Bank transfer (automatic),20.05,No
1150-FTQGN,Warsaw,OH,43844,28,Female,No,Yes,Yes,60,Yes,Yes,Fiber optic,Yes,Yes,No,No,Yes,No,One year,No,Bank transfer (automatic),94.15,No
7196-LIWRH,Mansfield,OH,44905,39,Female,No,No,No,6,Yes,No,None,No,No,No,No,No,No,Two year,No,Mailed check,19.55,No
5448-VWNAM,Hamden,OH,45634,51,Female,No,No,Yes,19,Yes,Yes,DSL,Yes,Yes,No,Yes,Yes,No,Month-to-month,Yes,Mailed check,75.9,No
1177-XZBJL,Malvern,OH,44644,43,Male,No,Yes,Yes,53,Yes,Yes,DSL,Yes,Yes,No,Yes,No,No,One year,No,Bank transfer (automatic),64.15,No
3518-FSTWG,Holmesville,OH,44633,55,Male,Yes,Yes,No,72,Yes,Yes,Fiber optic,Yes,Yes,Yes,No,Yes,Yes,Two year,Yes,Bank transfer (automatic),109.55,No
9330-VOFSZ,Cincinnati,OH,45239,44,Female,No,Yes,No,60,Yes,Yes,Fiber optic,No,Yes,Yes,Yes,Yes,Yes,Two year,Yes,Credit card (automatic),110.8,No
0939-EREMR,Lynx,OH,45650,47,Female,No,No,Yes,13,Yes,No,DSL,No,No,Yes,Yes,No,No,Month-to-month,No,Mailed check,53.45,No
9389-ACWBI,Oregonia,OH,45054,64,Female,No,Yes,Yes,5,Yes,No,Fiber optic,No,No,No,No,No,No,Month-to-month,No,Credit card (automatic),69.95,No
3644-QXEHN,Pleasant Hill,OH,45359,23,Male,No,Yes,Yes,13,Yes,No,Fiber optic,No,No,Yes,No,Yes,Yes,Month-to-month,No,Electronic check,97,No
2911-IJORQ,Warren,OH,44484,42,Male,No,No,No,37,Yes,Yes,DSL,Yes,Yes,Yes,Yes,Yes,Yes,One year,Yes,Bank transfer (automatic),90.6,No
5921-NGYRH,Stafford,OH,43786,42,Male,No,Yes,No,64,Yes,No,Fiber optic,Yes,No,No,No,No,No,Month-to-month,Yes,Mailed check,73.55,No
5998-DZLYR,Oak Harbor,OH,43449,48,Female,No,Yes,No,61,Yes,Yes,Fiber optic,No,Yes,No,Yes,No,Yes,Two year,Yes,Bank transfer (automatic),94.35,No
3985-HOYPM,Zanesfield,OH,43360,62,Male,No,No,No,26,Yes,No,None,No,No,No,No,No,No,One year,No,Mailed check,19.4,No
9548-LERKT,Cleveland,OH,44118,46,Male,No,Yes,No,24,Yes,No,None,No,No,No,No,No,No,Two year,No,Mailed check,19.75,No
6576-FBXOJ,Akron,OH,44310,39,Male,No,Yes,No,17,No,No,DSL,No,No,Yes,Yes,Yes,Yes,One year,No,Electronic check,54.6,No
4310-KEDTB,Hopewell,OH,43746,40,Female,No,No,Yes,26,No,No,DSL,No,No,Yes,No,No,No,Month-to-month,Yes,Mailed check,29.8,No
4062-HBMOS,Osgood,OH,45351,35,Male,No,No,No,52,Yes,Yes,Fiber optic,No,Yes,Yes,No,Yes,Yes,Month-to-month,Yes,Electronic check,103.05,No
2676-ISHSF,Brownsville,VT,5037,27,Male,No,No,No,1,Yes,No,None,No,No,No,No,No,No,Month-to-month,No,Mailed check,20.3,No
9236-NDUCW,Eden,VT,5652,52,Female,No,No,No,21,No,No,DSL,Yes,No,No,Yes,No,No,Two year,No,Mailed check,35.1,No
4753-PADAS,Waitsfield,VT,5673,35,Female,No,Yes,No,67,Yes,Yes,Fiber optic,No,Yes,Yes,No,Yes,Yes,One year,Yes,Bank transfer (automatic),105.7,No
6103-QCKFX,Cavendish,VT,5142,60,Female,No,Yes,Yes,44,Yes,No,DSL,Yes,No,No,Yes,No,No,Month-to-month,No,Bank transfer (automatic),56.25,No
7781-EWARA,East Berkshire,VT,5447,20,Male,No,Yes,Yes,70,No,No,DSL,No,Yes,Yes,Yes,Yes,Yes,One year,No,Electronic check,60.35,No
7018-FPXHH,Montpelier,VT,5602,33,Male,No,Yes,Yes,56,Yes,No,DSL,Yes,Yes,Yes,No,No,No,Two year,Yes,Bank transfer (automatic),59.8,No
0572-ZJKLT,East Burke,VT,5832,33,Female,No,Yes,Yes,46,Yes,Yes,Fiber optic,Yes,No,Yes,Yes,No,Yes,Two year,No,Mailed check,99.65,No
5135-RDDQL,Franklin,VT,5457,25,Female,No,Yes,Yes,63,Yes,No,DSL,Yes,No,No,No,No,No,Two year,Yes,Bank transfer (automatic),50.65,No
1353-LJWEM,Putney,VT,5346,44,Male,No,No,No,11,Yes,No,DSL,No,Yes,Yes,Yes,No,No,Month-to-month,Yes,Electronic check,60.9,No
1794-SWWKL,South Hero,VT,5486,56,Male,No,Yes,Yes,15,Yes,Yes,DSL,No,No,Yes,Yes,No,No,Month-to-month,Yes,Bank transfer (automatic),59.65,No
6166-YIPFO,Manchester Center,VT,5255,43,Male,No,Yes,No,72,No,No,DSL,Yes,Yes,Yes,Yes,Yes,Yes,Two year,Yes,Electronic check,64.7,No
9332-GYWLO,Brandon,VT,5733,62,Female,No,Yes,Yes,6,Yes,No,DSL,No,No,No,No,Yes,No,Month-to-month,No,Electronic check,54.85,No
4184-VODJZ,Marshfield,VT,5658,35,Male,No,Yes,Yes,63,Yes,Yes,Fiber optic,No,Yes,No,No,No,Yes,One year,Yes,Electronic check,91.35,No
1092-WPIVQ,Sheldon Springs,VT,5485,36,Female,No,Yes,Yes,18,Yes,Yes,None,No,No,No,No,No,No,Two year,No,Mailed check,25.1,No
7233-IOQNP,Windsor,VT,5089,20,Female,No,Yes,No,43,No,No,DSL,Yes,No,No,Yes,No,No,Month-to-month,No,Bank transfer (automatic),34,No
2834-JKOOW,Cabot,VT,5647,32,Female,No,No,No,15,No,No,DSL,Yes,Yes,Yes,Yes,No,No,One year,No,Mailed check,45.9,No
2400-FEQME,Eden,VT,5652,21,Male,No,Yes,Yes,55,Yes,No,None,No,No,No,No,No,No,Two year,No,Mailed check,20.5,No
4957-SREEC,Craftsbury Common,VT,5827,45,Male,No,Yes,Yes,70,Yes,No,None,No,No,No,No,No,No,Two year,No,Credit card (automatic),20.35,No
0230-UBYPQ,Craftsbury,VT,5826,20,Male,Yes,Yes,No,63,No,No,DSL,Yes,No,No,Yes,No,No,One year,No,Bank transfer (automatic),36.1,No
4923-ADWXJ,Newport Center,VT,5857,48,Female,No,No,No,25,Yes,No,DSL,No,Yes,No,Yes,No,Yes,Month-to-month,Yes,Bank transfer (automatic),65.8,No
1763-KUAAW,Cuttingsville,VT,5738,44,Female,Yes,No,No,18,Yes,No,None,No,No,No,No,No,No,One year,No,Bank transfer (automatic),20.35,No
1104-TNLZA,Bradford,VT,5033,30,Male,Yes,Yes,No,28,Yes,Yes,Fiber optic,No,Yes,No,Yes,Yes,Yes,Month-to-month,Yes,Electronic check,105.8,No
5195-KPUNQ,Newcomerstown,OH,43832,45,Female,Yes,No,No,53,Yes,No,Fiber optic,Yes,Yes,No,Yes,No,Yes,One year,Yes,Mailed check,96.75,No
3439-GVUSX,Grover Hill,OH,45849,63,Male,No,No,No,1,No,No,DSL,No,No,No,No,No,No,Month-to-month,No,Mailed check,24.4,No
5949-HGVJL,Sugar Grove,OH,43155,22,Female,No,Yes,No,26,Yes,No,DSL,No,Yes,No,Yes,Yes,Yes,Month-to-month,Yes,Electronic check,73.05,No
5203-XEHAX,Steubenville,OH,43953,57,Female,No,No,No,34,Yes,No,DSL,Yes,Yes,No,No,No,Yes,One year,No,Electronic check,64.35,No
1635-HDGFT,Parkman,OH,44080,47,Female,No,No,Yes,19,Yes,No,None,No,No,No,No,No,No,Two year,No,Mailed check,20.5,No
8050-XGRVL,Lewis Center,OH,43035,48,Female,No,Yes,Yes,62,Yes,No,DSL,Yes,No,Yes,No,No,No,One year,No,Credit card (automatic),54.75,No
9828-QHFBK,Somerset,OH,43783,56,Male,No,No,No,24,Yes,No,DSL,Yes,No,No,No,No,No,Month-to-month,Yes,Electronic check,51.15,No
3908-MKIMJ,Newtonsville,OH,45158,35,Male,Yes,Yes,No,68,No,No,DSL,Yes,Yes,Yes,No,No,No,Two year,Yes,Electronic check,41.95,No
5012-YSPJJ,New Weston,OH,45348,61,Male,No,Yes,Yes,31,Yes,No,DSL,No,No,Yes,Yes,No,No,Month-to-month,No,Mailed check,54.35,No
6728-VOIFY,Blanchester,OH,45107,49,Female,No,Yes,No,63,Yes,No,Fiber optic,No,Yes,No,No,Yes,Yes,One year,Yes,Electronic check,96,No
4891-NLUBA,Rossburg,OH,45362,35,Female,No,Yes,Yes,61,No,No,DSL,No,Yes,Yes,Yes,Yes,Yes,Two year,Yes,Bank transfer (automatic),61.45,No
8969-PRHFK,Waverly,OH,45690,34,Male,No,No,No,18,Yes,No,None,No,No,No,No,No,No,One year,No,Mailed check,19.65,No
0661-KQHNK,Holgate,OH,43527,40,Female,No,Yes,Yes,6,Yes,No,None,No,No,No,No,No,No,One year,No,Credit card (automatic),19,No
8709-KRDVL,Pemberton,OH,45353,47,Female,No,No,No,33,Yes,Yes,Fiber optic,No,Yes,No,No,Yes,Yes,Month-to-month,Yes,Electronic check,100,No
1427-VERSM,Williamsfield,OH,44093,60,Female,No,Yes,No,56,Yes,No,Fiber optic,No,No,Yes,Yes,Yes,Yes,Month-to-month,Yes,Electronic check,98.7,No
9801-NOSHQ,Bidwell,OH,45614,42,Male,No,No,Yes,23,Yes,No,None,No,No,No,No,No,No,One year,No,Mailed check,19.8,No
6339-YPSAH,Shiloh,OH,44878,40,Male,No,No,No,9,Yes,No,Fiber optic,No,No,Yes,No,No,No,Month-to-month,Yes,Electronic check,73.8,No
2159-TURXX,London,OH,43140,55,Male,No,No,No,5,Yes,No,None,No,No,No,No,No,No,Month-to-month,No,Credit card (automatic),20.05,No
1548-FEHVL,Cincinnati,OH,45255,29,Male,No,Yes,No,61,Yes,Yes,Fiber optic,Yes,Yes,No,No,Yes,Yes,Month-to-month,Yes,Electronic check,106.2,No
3795-CAWEX,Bidwell,OH,45614,32,Male,No,Yes,Yes,70,Yes,Yes,Fiber optic,Yes,Yes,Yes,Yes,Yes,Yes,Two year,Yes,Credit card (automatic),116.55,No
6215-NQCPY,Bloomdale,OH,44817,29,Male,No,No,No,15,Yes,Yes,Fiber optic,Yes,No,No,No,Yes,Yes,Month-to-month,Yes,Electronic check,99.7,No
5647-URDKA,Cleveland,OH,44134,24,Male,No,Yes,Yes,8,Yes,No,None,No,No,No,No,No,No,Two year,No,Mailed check,19.7,No
2229-DPMBI,Bloomingburg,OH,43106,33,Female,No,Yes,Yes,8,Yes,No,None,No,No,No,No,No,No,Two year,No,Mailed check,19.5,No
9626-WEQRM,Cincinnati,OH,45247,22,Female,No,No,No,4,No,No,DSL,Yes,No,No,No,No,No,Month-to-month,Yes,Mailed check,29.15,No
2188-SXWVT,Pomeroy,OH,45769,34,Female,No,No,No,34,Yes,No,DSL,Yes,Yes,No,No,No,No,One year,No,Mailed check,55,No
6258-PVZWJ,North Bend,OH,45052,23,Male,No,Yes,No,68,Yes,Yes,DSL,Yes,Yes,Yes,Yes,Yes,Yes,Two year,Yes,Credit card (automatic),90.8,No
1094-BKOSX,Lucasville,OH,45648,36,Female,No,Yes,Yes,45,No,No,DSL,No,Yes,Yes,Yes,No,Yes,One year,No,Bank transfer (automatic),51,No
6969-MVBAI,Mogadore,OH,44260,19,Female,Yes,No,No,9,Yes,Yes,Fiber optic,No,No,Yes,No,Yes,No,Month-to-month,Yes,Electronic check,90.1,No
2978-XXSOG,New Riegel,OH,44853,45,Female,No,No,No,22,Yes,Yes,DSL,Yes,No,No,Yes,No,No,Month-to-month,Yes,Mailed check,59.05,No
2342-CKIAO,Delta,OH,43515,32,Female,No,No,No,2,Yes,No,None,No,No,No,No,No,No,Month-to-month,No,Mailed check,20.3,No
6953-PBDIN,Wauseon,OH,43567,37,Male,No,Yes,No,70,Yes,Yes,DSL,No,Yes,Yes,Yes,Yes,No,Two year,No,Bank transfer (automatic),72.95,No
3898-BSJYF,Antwerp,OH,45813,23,Female,No,No,Yes,10,Yes,Yes,DSL,Yes,No,Yes,Yes,No,Yes,One year,No,Credit card (automatic),73.55,No
3938-YFPXD,Lansing,OH,43934,22,Male,No,No,No,72,Yes,Yes,DSL,Yes,No,Yes,Yes,Yes,Yes,Two year,No,Credit card (automatic),84.3,No
7696-AMHOD,Washington Court House,OH,43160,33,Female,No,Yes,Yes,49,Yes,No,DSL,No,Yes,Yes,No,Yes,Yes,One year,No,Credit card (automatic),78,No
2453-SAFNS,Oakwood,OH,45873,23,Female,Yes,No,No,54,Yes,Yes,DSL,No,Yes,No,Yes,Yes,No,One year,No,Mailed check,72.1,No
9558-IHEZX,New Washington,OH,44854,62,Female,No,No,No,71,Yes,Yes,Fiber optic,Yes,Yes,Yes,No,Yes,Yes,Two year,Yes,Credit card (automatic),106.75,No
9617-UDPEU,Oregonia,OH,45054,33,Female,No,No,No,22,Yes,No,None,No,No,No,No,No,No,One year,Yes,Mailed check,19.25,No
6340-DACFT,Clifton,OH,45316,34,Female,No,Yes,Yes,50,Yes,No,None,No,No,No,No,No,No,Two year,No,Credit card (automatic),20.55,No
4955-VCWBI,Stockport,OH,43787,60,Female,No,Yes,Yes,43,Yes,No,None,No,No,No,No,No,No,One year,No,Mailed check,20,No
6813-GZQCG,Jerry City,OH,43437,57,Female,No,Yes,Yes,45,Yes,Yes,None,No,No,No,No,No,No,Two year,Yes,Credit card (automatic),24.65,No
7426-GSWPO,Mantua,OH,44255,38,Male,Yes,No,No,64,Yes,Yes,Fiber optic,Yes,Yes,No,No,Yes,Yes,Month-to-month,Yes,Bank transfer (automatic),103.5,No
3389-KTRXV,Jackson,OH,45640,33,Female,No,Yes,Yes,23,Yes,Yes,None,No,No,No,No,No,No,Two year,No,Mailed check,23.85,No
3118-UHVVQ,Jacobsburg,OH,43933,45,Female,No,Yes,No,68,Yes,Yes,None,No,No,No,No,No,No,Two year,No,Credit card (automatic),25.8,No
3205-MXZRA,Millersport,OH,43046,35,Male,No,No,No,26,Yes,No,DSL,No,No,No,Yes,Yes,No,One year,No,Credit card (automatic),59.45,No
8317-BVKSO,Trenton,OH,45067,55,Male,No,No,No,14,Yes,No,None,No,No,No,No,No,No,Month-to-month,Yes,Electronic check,20.05,No
5702-KVQRD,Columbus,OH,43230,29,Male,No,Yes,No,71,Yes,No,DSL,Yes,No,Yes,Yes,Yes,Yes,Two year,Yes,Electronic check,82.55,No
0083-PIVIK,Versailles,OH,45380,22,Male,No,No,No,64,Yes,Yes,DSL,Yes,Yes,Yes,Yes,Yes,No,One year,No,Electronic check,81.25,No
6169-PGNCD,West Milton,OH,45383,60,Female,No,No,No,57,Yes,No,DSL,Yes,Yes,Yes,Yes,Yes,No,Two year,Yes,Credit card (automatic),74.3,No
4909-JOUPP,Glenmont,OH,44628,20,Male,Yes,Yes,No,72,Yes,Yes,Fiber optic,No,Yes,Yes,Yes,Yes,Yes,Two year,No,Credit card (automatic),109.7,No
4657-FWVFY,Wauseon,OH,43567,20,Female,No,Yes,Yes,40,Yes,Yes,Fiber optic,No,Yes,Yes,No,Yes,No,Month-to-month,Yes,Credit card (automatic),96.35,No
2257-BOVXD,Greenwich,OH,44837,46,Male,No,Yes,No,14,Yes,Yes,DSL,No,No,No,Yes,Yes,No,Month-to-month,Yes,Credit card (automatic),66.6,No
7729-JTEEC,Cleveland,OH,44108,32,Male,No,Yes,Yes,2,Yes,No,DSL,No,No,No,No,No,No,Month-to-month,Yes,Electronic check,44.5,No
9696-RMYBA,Gallipolis,OH,45631,38,Male,No,No,No,5,Yes,No,Fiber optic,No,No,No,No,Yes,No,Month-to-month,Yes,Mailed check,80.1,No
8690-UPCZI,East Sparta,OH,44626,44,Male,No,Yes,Yes,29,Yes,Yes,DSL,Yes,No,No,Yes,Yes,No,One year,No,Bank transfer (automatic),69.05,No
9770-LXDBK,Youngstown,OH,44504,62,Female,No,No,No,3,Yes,No,None,No,No,No,No,No,No,Month-to-month,No,Mailed check,20.4,No
4086-WITJG,Trinway,OH,43842,50,Male,No,Yes,Yes,71,Yes,No,None,No,No,No,No,No,No,Two year,No,Credit card (automatic),19.7,No
8344-WFMFH,Cleveland,OH,44120,54,Male,No,No,Yes,9,Yes,No,DSL,No,Yes,No,No,No,No,Month-to-month,Yes,Electronic check,50.1,No
8822-KNBHV,Bellbrook,OH,45305,26,Female,No,No,No,48,Yes,Yes,DSL,Yes,Yes,Yes,No,Yes,Yes,One year,Yes,Credit card (automatic),83.45,No
8404-FYDIB,West Chester,OH,45069,40,Male,No,No,No,26,Yes,Yes,Fiber optic,Yes,Yes,No,No,No,No,Month-to-month,Yes,Credit card (automatic),86.65,No
2791-SFVEW,Petersburg,OH,44454,21,Female,No,No,No,9,Yes,No,None,No,No,No,No,No,No,Month-to-month,No,Bank transfer (automatic),20.15,No
6762-NSODU,Big Prairie,OH,44611,53,Female,No,Yes,Yes,46,Yes,No,None,No,No,No,No,No,No,Two year,No,Credit card (automatic),19.4,No
9888-ZCUMM,Versailles,OH,45380,27,Male,No,Yes,Yes,64,No,No,DSL,Yes,No,Yes,Yes,Yes,Yes,Two year,Yes,Bank transfer (automatic),60.05,No
1074-WVEVG,Beach City,OH,44608,19,Female,No,Yes,No,59,Yes,No,None,No,No,No,No,No,No,One year,No,Mailed check,20.35,No
9979-RGMZT,Buckland,OH,45819,53,Female,No,No,No,7,Yes,No,Fiber optic,No,Yes,No,No,Yes,Yes,One year,Yes,Mailed check,94.05,No
6437-UDQJM,Alledonia,OH,43902,31,Female,Yes,Yes,No,72,Yes,Yes,DSL,Yes,Yes,Yes,No,Yes,Yes,Two year,Yes,Credit card (automatic),84.1,No
1226-IENZN,Leipsic,OH,45856,38,Male,Yes,No,No,16,Yes,No,Fiber optic,No,No,No,No,No,Yes,Month-to-month,Yes,Electronic check,78.75,No
2108-GLPQB,Pleasantville,OH,43148,52,Male,No,Yes,No,25,Yes,Yes,DSL,No,No,Yes,No,No,No,Month-to-month,No,Credit card (automatic),55.55,No
5474-LAMUQ,Fort Loramie,OH,45845,33,Male,No,Yes,No,24,Yes,No,None,No,No,No,No,No,No,One year,No,Mailed check,20.1,No
3468-DRVQJ,Akron,OH,44308,39,Female,No,Yes,Yes,10,Yes,Yes,DSL,Yes,Yes,No,No,Yes,No,One year,No,Electronic check,70.3,No
1122-YJBCS,Tiltonsville,OH,43963,50,Male,No,Yes,No,69,Yes,No,DSL,Yes,Yes,No,No,No,No,One year,Yes,Credit card (automatic),53.65,No
4990-ALDGW,North Hampton,OH,45349,23,Male,No,No,No,57,Yes,No,None,No,No,No,No,No,No,Two year,No,Mailed check,20.75,No
4816-OKWNX,Springfield,OH,45505,55,Male,No,Yes,Yes,50,Yes,No,Fiber optic,No,Yes,Yes,Yes,Yes,Yes,One year,Yes,Bank transfer (automatic),103.4,No
3315-IKYZQ,Somerville,OH,45064,23,Male,No,Yes,Yes,28,No,No,DSL,Yes,No,Yes,Yes,Yes,No,One year,No,Mailed check,50.8,No
4747-LCAQL,Spencerville,OH,45887,57,Male,No,No,No,25,Yes,No,DSL,Yes,Yes,No,Yes,Yes,Yes,Month-to-month,Yes,Mailed check,79,No
3411-WLRSQ,Ada,OH,45810,50,Female,Yes,Yes,No,3,Yes,No,Fiber optic,No,Yes,No,No,No,No,Month-to-month,Yes,Bank transfer (automatic),74.6,No
0898-XCGTF,Homerville,OH,44235,37,Male,No,Yes,No,61,Yes,Yes,Fiber optic,No,No,No,No,Yes,Yes,One year,Yes,Bank transfer (automatic),96.5,No
8006-PYCSW,Trinway,OH,43842,51,Female,No,No,No,2,Yes,No,None,No,No,No,No,No,No,Month-to-month,No,Mailed check,20.1,No
8249-THVEC,Clayton,OH,45315,21,Male,No,Yes,Yes,51,Yes,No,None,No,No,No,No,No,No,One year,No,Mailed check,19.4,No
8722-PRFDV,Columbus,OH,43213,61,Female,No,Yes,Yes,71,Yes,No,DSL,Yes,No,Yes,No,Yes,Yes,Two year,No,Credit card (automatic),77.55,No
2164-SOQXL,Mount Vernon,OH,43050,41,Female,No,Yes,Yes,20,Yes,No,None,No,No,No,No,No,No,Month-to-month,No,Mailed check,20.05,No
4020-KIUDI,Belle Center,OH,43310,47,Male,No,Yes,Yes,6,Yes,No,None,No,No,No,No,No,No,Month-to-month,No,Credit card (automatic),19.85,No
5850-BDWCY,Medina,OH,44256,27,Female,No,No,No,6,Yes,No,None,No,No,No,No,No,No,Month-to-month,No,Mailed check,20.2,No
2038-YSEZE,Huntsburg,OH,44046,34,Female,No,No,No,29,Yes,Yes,DSL,Yes,Yes,No,Yes,No,No,Month-to-month,No,Mailed check,67.45,No
0827-ITJPH,Peebles,OH,45660,25,Male,No,No,No,36,Yes,No,None,No,No,No,No,No,No,Two year,Yes,Credit card (automatic),18.55,No
8799-OXZMD,Woodsfield,OH,43793,61,Female,No,No,No,28,No,No,DSL,No,No,Yes,No,No,No,Month-to-month,Yes,Mailed check,29.75,No
1705-GUHPV,Columbus,OH,43204,51,Female,No,No,No,63,Yes,Yes,None,No,No,No,No,No,No,Two year,No,Mailed check,24.2,No
4779-ZGICK,Willow Wood,OH,45696,48,Male,No,Yes,Yes,48,Yes,Yes,None,No,No,No,No,No,No,Two year,No,Mailed check,23.55,No
0048-PIHNL,Lorain,OH,44052,33,Female,No,Yes,No,49,Yes,No,None,No,No,No,No,No,No,One year,No,Bank transfer (automatic),20.45,No
3967-KXAPS,Broadview Heights,OH,44147,56,Male,No,Yes,No,72,Yes,Yes,DSL,Yes,Yes,Yes,Yes,Yes,Yes,Two year,No,Credit card (automatic),92.3,No
3704-IEAXF,Alger,OH,45812,26,Female,No,Yes,Yes,72,No,No,DSL,No,Yes,No,Yes,Yes,Yes,Two year,No,Credit card (automatic),53.65,No
6810-VCAEX,Martinsville,OH,45146,42,Female,No,No,No,47,No,No,DSL,Yes,Yes,No,Yes,No,No,One year,No,Credit card (automatic),39.65,No
0674-EYYZV,Cincinnati,OH,45217,53,Female,No,No,No,1,Yes,No,DSL,No,No,No,No,Yes,No,Month-to-month,Yes,Electronic check,54.65,No
4480-MBMLB,Cuyahoga Falls,OH,44221,34,Female,No,No,No,36,Yes,Yes,Fiber optic,No,Yes,Yes,No,Yes,Yes,One year,Yes,Bank transfer (automatic),104.8,No
1395-OFUWC,Miller City,OH,45864,30,Male,No,Yes,Yes,43,No,No,DSL,No,Yes,No,No,No,No,Month-to-month,No,Credit card (automatic),29.3,No
0822-QGCXA,Dresden,OH,43821,19,Female,Yes,Yes,No,27,Yes,Yes,DSL,No,Yes,Yes,Yes,Yes,Yes,Month-to-month,No,Electronic check,83.85,No
2832-KJCRD,Kirby,OH,43330,63,Female,No,No,No,38,Yes,Yes,Fiber optic,No,No,Yes,Yes,Yes,Yes,Month-to-month,Yes,Electronic check,103.65,No
3588-WSTTJ,Newbury,OH,44065,46,Female,Yes,No,No,35,Yes,Yes,Fiber optic,Yes,No,No,No,Yes,Yes,Month-to-month,Yes,Electronic check,99.05,No
4075-WKNIU,Bowling Green,OH,43402,48,Female,No,Yes,Yes,0,Yes,Yes,DSL,No,Yes,Yes,Yes,Yes,No,Two year,No,Mailed check,73.35,No
5090-EMGTC,Byesville,OH,43723,29,Female,No,Yes,No,59,Yes,No,Fiber optic,No,Yes,No,Yes,Yes,Yes,Two year,Yes,Mailed check,100.05,No
2346-CZYIL,Uniopolis,OH,45888,20,Male,No,No,No,27,Yes,No,None,No,No,No,No,No,No,Two year,No,Credit card (automatic),20.35,No
3798-EPWRR,Cleveland,OH,44106,49,Female,Yes,No,No,2,Yes,No,DSL,No,No,No,No,No,No,Month-to-month,No,Electronic check,43.95,No
6258-NGCNG,Reedsville,OH,45772,56,Male,No,No,No,7,Yes,Yes,None,No,No,No,No,No,No,Month-to-month,No,Mailed check,23.5,No
4186-ZBUEW,Cincinnati,OH,45205,42,Female,No,No,No,36,Yes,Yes,DSL,No,Yes,No,Yes,No,Yes,One year,Yes,Mailed check,70.7,No
5274-XHAKY,Toledo,OH,43610,36,Female,No,Yes,Yes,41,Yes,Yes,Fiber optic,Yes,Yes,No,No,Yes,No,Month-to-month,Yes,Bank transfer (automatic),94.3,No
1442-BQPVU,Piketon,OH,45661,37,Female,No,No,No,13,No,No,DSL,No,Yes,No,No,No,No,Month-to-month,No,Electronic check,29.15,No
3978-YNKDD,Cleves,OH,45002,38,Male,No,No,Yes,19,Yes,No,None,No,No,No,No,No,No,Two year,No,Credit card (automatic),20.85,No
4940-KHCWD,Lithopolis,OH,43136,42,Female,No,Yes,No,60,No,No,DSL,Yes,Yes,No,Yes,No,No,Two year,No,Bank transfer (automatic),37.7,No
9589-ABEPT,Dayton,OH,45405,28,Male,No,Yes,No,69,Yes,Yes,Fiber optic,No,Yes,No,Yes,Yes,No,Two year,Yes,Mailed check,92.45,No
9388-ZEYVT,Piedmont,OH,43983,46,Male,No,No,No,43,No,No,DSL,No,No,Yes,Yes,No,Yes,One year,No,Electronic check,44.15,No
0305-SQECB,Toledo,OH,43604,60,Female,No,No,Yes,11,No,No,DSL,Yes,No,No,Yes,No,No,One year,Yes,Mailed check,36.05,No
7605-SNLQG,Rosewood,OH,43070,38,Female,No,Yes,No,45,Yes,No,DSL,No,No,Yes,No,No,No,Month-to-month,Yes,Credit card (automatic),50.25,No
4670-TABXH,Masury,OH,44438,21,Male,No,Yes,No,72,Yes,Yes,Fiber optic,No,Yes,Yes,Yes,Yes,Yes,Two year,Yes,Credit card (automatic),109.75,No
0064-SUDOG,Cincinnati,OH,45227,31,Female,No,Yes,Yes,12,Yes,No,None,No,No,No,No,No,No,Two year,No,Bank transfer (automatic),20.3,No
8561-NMTBD,Mentor,OH,44060,54,Female,No,Yes,Yes,67,Yes,Yes,Fiber optic,No,Yes,Yes,Yes,Yes,Yes,One year,Yes,Credit card (automatic),112.35,No
5161-XEUVX,Plain City,OH,43064,64,Male,No,Yes,No,37,Yes,Yes,Fiber optic,No,No,Yes,Yes,Yes,No,Two year,No,Mailed check,94.3,No
8292-FRFZQ,Harbor View,OH,43434,48,Female,No,No,No,39,No,No,DSL,Yes,Yes,No,Yes,No,No,One year,No,Bank transfer (automatic),41.15,No
8591-NXRCV,New Springfield,OH,44443,33,Female,No,No,No,41,Yes,Yes,DSL,Yes,No,Yes,Yes,No,Yes,Month-to-month,Yes,Bank transfer (automatic),74.65,No
7895-VONWT,Amherst,OH,44001,35,Female,No,No,No,25,No,No,DSL,No,No,Yes,No,Yes,Yes,Month-to-month,Yes,Electronic check,48.25,No
4526-RMTLL,Morral,OH,43337,64,Male,No,Yes,Yes,8,Yes,Yes,DSL,Yes,Yes,No,Yes,No,Yes,Two year,Yes,Credit card (automatic),76.15,No
6253-GNHWH,Robertsville,OH,44670,39,Female,No,Yes,Yes,71,Yes,Yes,DSL,Yes,Yes,Yes,Yes,No,No,Two year,No,Mailed check,71.1,No
4566-NECEV,Mc Arthur,OH,45651,48,Male,No,No,No,5,Yes,Yes,Fiber optic,No,Yes,Yes,No,No,Yes,Month-to-month,No,Electronic check,96.55,No
8080-POTJR,Dayton,OH,45430,42,Female,No,No,No,30,Yes,Yes,DSL,Yes,No,Yes,No,Yes,Yes,One year,Yes,Credit card (automatic),79.3,No
6906-MPARY,Rocky River,OH,44116,49,Male,No,No,No,40,Yes,No,Fiber optic,No,Yes,No,Yes,No,Yes,One year,Yes,Credit card (automatic),89.6,No
3662-FXJFO,Edison,OH,43320,57,Female,No,No,No,54,Yes,No,None,No,No,No,No,No,No,Two year,Yes,Mailed check,20.5,No
8107-RZLNV,Stockport,OH,43787,41,Male,No,Yes,No,72,Yes,Yes,Fiber optic,No,Yes,Yes,No,Yes,Yes,Two year,Yes,Bank transfer (automatic),106.3,No
0516-OOHAR,Middlefield,OH,44062,52,Male,No,Yes,Yes,28,Yes,No,Fiber optic,No,Yes,Yes,No,Yes,Yes,One year,No,Bank transfer (automatic),100.35,No
2027-CWDNU,Okeana,OH,45053,44,Male,No,Yes,Yes,18,Yes,No,Fiber optic,No,No,No,Yes,No,Yes,Month-to-month,Yes,Electronic check,85.6,No
9912-OMZDS,Cincinnati,OH,45237,22,Female,No,Yes,Yes,59,Yes,Yes,Fiber optic,No,Yes,Yes,No,Yes,Yes,One year,Yes,Electronic check,106.15,No
3733-ZEECP,Rutland,OH,45775,25,Male,No,Yes,Yes,22,Yes,No,DSL,No,No,No,Yes,No,No,Month-to-month,Yes,Electronic check,51.1,No
7878-RTCZG,Coolville,OH,45723,32,Female,No,No,No,1,Yes,No,None,No,No,No,No,No,No,Month-to-month,No,Mailed check,19.9,No
2452-MRMZF,Rootstown,OH,44272,42,Female,Yes,Yes,No,72,Yes,Yes,None,No,No,No,No,No,No,Two year,Yes,Credit card (automatic),25.7,No
7103-IPXPJ,Ripley,OH,45167,54,Male,No,Yes,No,50,Yes,Yes,Fiber optic,No,No,No,Yes,Yes,Yes,One year,No,Electronic check,99.4,No
4342-HFXWS,Canal Fulton,OH,44614,55,Female,No,Yes,Yes,48,Yes,No,DSL,Yes,No,Yes,Yes,Yes,No,One year,No,Bank transfer (automatic),69.7,No
3545-CNWRG,East Palestine,OH,44413,19,Female,No,Yes,Yes,49,Yes,Yes,Fiber optic,No,Yes,No,No,Yes,Yes,Month-to-month,Yes,Electronic check,98.35,No
1785-BPHTP,Seven Mile,OH,45062,33,Male,No,Yes,Yes,28,Yes,No,Fiber optic,No,No,Yes,No,Yes,No,Month-to-month,No,Electronic check,85.45,No
4989-LIXVT,Leesburg,OH,45135,62,Male,Yes,No,No,68,Yes,Yes,Fiber optic,No,Yes,Yes,No,No,Yes,Month-to-month,Yes,Electronic check,95.9,No
7315-WYOAW,Mc Donald,OH,44437,61,Male,No,No,No,13,Yes,Yes,Fiber optic,No,No,No,Yes,Yes,Yes,Month-to-month,No,Electronic check,100.75,No
1173-XZPYF,Hiram,OH,44234,47,Female,No,No,No,11,Yes,Yes,Fiber optic,No,No,Yes,No,Yes,No,Month-to-month,Yes,Electronic check,89.2,No
2509-TFPJU,New Bavaria,OH,43548,63,Male,No,Yes,No,72,Yes,Yes,None,No,No,No,No,No,No,Two year,No,Credit card (automatic),25.75,No
9530-GRMJG,Cuyahoga Falls,OH,44221,54,Male,No,Yes,Yes,70,Yes,Yes,DSL,No,Yes,Yes,Yes,Yes,Yes,Two year,Yes,Electronic check,84.1,No
6898-RBTLU,Higginsport,OH,45131,42,Female,No,Yes,Yes,49,Yes,Yes,DSL,No,Yes,No,Yes,Yes,Yes,Two year,No,Bank transfer (automatic),79.3,No
5481-NTDOH,Sullivan,OH,44880,53,Female,Yes,Yes,No,67,Yes,Yes,Fiber optic,Yes,No,Yes,No,Yes,Yes,One year,Yes,Credit card (automatic),107.05,No
2068-WWXQZ,Akron,OH,44310,48,Male,No,No,No,46,Yes,No,None,No,No,No,No,No,No,Two year,No,Bank transfer (automatic),20.05,No
2061-VVFST,Cardington,OH,43315,20,Female,No,Yes,No,37,Yes,No,None,No,No,No,No,No,No,Month-to-month,No,Bank transfer (automatic),19.5,No
0749-IRGQE,Continental,OH,45831,23,Female,Yes,Yes,No,13,No,No,DSL,No,No,No,No,Yes,Yes,Month-to-month,No,Electronic check,45.3,No
2380-DAMQP,Dayton,OH,45428,19,Female,No,Yes,No,72,Yes,Yes,Fiber optic,Yes,Yes,Yes,Yes,Yes,Yes,Two year,No,Electronic check,115.15,No
2256-YLYLP,Mesopotamia,OH,44439,47,Male,No,Yes,Yes,68,Yes,No,DSL,No,No,Yes,Yes,Yes,Yes,Two year,Yes,Bank transfer (automatic),72.95,No
1272-ILHFG,Akron,OH,44333,20,Male,No,Yes,Yes,15,Yes,No,None,No,No,No,No,No,No,One year,No,Mailed check,19.65,No
0164-XAIRP,Mason,OH,45040,32,Female,No,No,No,24,Yes,No,None,No,No,No,No,No,No,Two year,Yes,Bank transfer (automatic),19.55,No
5666-CYCYZ,Coolville,OH,45723,63,Female,No,No,No,24,Yes,Yes,Fiber optic,No,No,No,Yes,No,Yes,Month-to-month,Yes,Electronic check,89.55,No
4011-ARPHK,Euclid,OH,44117,40,Male,No,No,No,27,Yes,No,DSL,Yes,No,No,No,No,No,Month-to-month,No,Mailed check,50.35,No
6365-HITVU,Chickasaw,OH,45826,59,Female,No,Yes,Yes,71,Yes,No,DSL,Yes,Yes,Yes,Yes,Yes,Yes,Two year,No,Credit card (automatic),87.25,No
7558-IMLMT,Bay Village,OH,44140,30,Male,No,Yes,Yes,67,Yes,No,None,No,No,No,No,No,No,Two year,Yes,Mailed check,20.8,No
9488-FYQAU,Bloomingburg,OH,43106,44,Female,No,Yes,No,63,Yes,Yes,Fiber optic,No,Yes,Yes,Yes,Yes,Yes,Two year,Yes,Bank transfer (automatic),109.25,No
3590-TCXTB,Columbus,OH,43217,22,Male,No,No,No,1,Yes,No,None,No,No,No,No,No,No,Month-to-month,No,Mailed check,20.35,No
6994-KERXL,Toledo,OH,43611,39,Male,No,No,No,4,Yes,No,DSL,No,No,No,No,No,Yes,Month-to-month,Yes,Electronic check,55.9,No
1960-UOTYM,Hollansburg,OH,45332,45,Male,No,Yes,Yes,52,Yes,No,DSL,Yes,Yes,Yes,No,Yes,Yes,Two year,No,Electronic check,79.2,No
2740-JFBOK,Oklahoma City,OK,73109,63,Male,No,No,No,10,Yes,Yes,None,No,No,No,No,No,No,Month-to-month,Yes,Electronic check,24,No
6500-JVEGC,Springer,OK,73458,29,Male,No,No,No,68,Yes,Yes,Fiber optic,Yes,Yes,Yes,No,Yes,No,One year,No,Bank transfer (automatic),101.35,No
5245-VDBUR,Porum,OK,74455,55,Female,No,Yes,No,52,No,No,DSL,Yes,No,Yes,No,No,No,One year,No,Mailed check,35.45,No
8469-SNFFH,Thomas,OK,73669,44,Male,No,Yes,No,70,Yes,Yes,DSL,Yes,Yes,Yes,Yes,Yes,No,One year,No,Bank transfer (automatic),79.4,No
2144-ESWKO,Carney,OK,74832,19,Male,No,No,No,43,No,No,DSL,Yes,No,Yes,No,No,No,One year,Yes,Credit card (automatic),35.2,No
1241-FPMOF,Leon,OK,73441,52,Male,No,No,No,52,Yes,No,None,No,No,No,No,No,No,Two year,No,Mailed check,19.65,No
9928-BZVLZ,Orlando,OK,73073,64,Female,No,No,No,12,No,No,DSL,Yes,No,Yes,Yes,No,Yes,Two year,No,Mailed check,49.85,No
4114-QMKVN,Whitefield,OK,74472,29,Female,No,Yes,Yes,56,Yes,Yes,DSL,Yes,Yes,No,No,No,Yes,One year,No,Bank transfer (automatic),68.75,No
2775-SEFEE,Claremore,OK,74019,60,Male,No,No,Yes,0,Yes,Yes,DSL,Yes,Yes,No,Yes,No,No,Two year,Yes,Bank transfer (automatic),61.9,No
9003-CPATH,Yale,OK,74085,62,Male,No,No,No,42,Yes,Yes,Fiber optic,No,No,Yes,No,No,No,Month-to-month,No,Electronic check,79.9,No
1754-GKYPY,Oklahoma City,OK,73128,63,Male,Yes,Yes,No,22,Yes,No,Fiber optic,No,No,No,No,Yes,Yes,Month-to-month,Yes,Bank transfer (automatic),89.75,No
7956-XQWGU,Howe,OK,74940,47,Male,No,No,No,27,Yes,No,None,No,No,No,No,No,No,Month-to-month,Yes,Credit card (automatic),19.4,No
1591-MQJTP,Edmond,OK,73034,61,Male,Yes,Yes,No,51,Yes,Yes,Fiber optic,Yes,No,Yes,No,No,Yes,One year,Yes,Bank transfer (automatic),93.65,No
2369-FEVNO,Wilburton,OK,74578,57,Male,No,No,No,1,Yes,No,None,No,No,No,No,No,No,Month-to-month,Yes,Mailed check,19.9,No
7471-MQPOS,Norman,OK,73069,63,Male,Yes,Yes,Yes,71,Yes,Yes,DSL,No,Yes,Yes,Yes,No,Yes,One year,Yes,Bank transfer (automatic),72.9,No
5115-SQAAU,Copan,OK,74022,45,Female,No,Yes,Yes,69,Yes,Yes,None,No,No,No,No,No,No,Two year,Yes,Bank transfer (automatic),25.6,No
9845-QOMAD,Hopeton,OK,73746,48,Male,No,Yes,Yes,14,Yes,No,None,No,No,No,No,No,No,One year,No,Mailed check,19.75,No
7672-VFMXZ,Union City,OK,73090,51,Male,No,Yes,No,57,Yes,No,DSL,Yes,No,No,Yes,No,No,Month-to-month,No,Electronic check,55.7,No
9739-JLPQJ,Westville,OK,74965,21,Female,No,Yes,Yes,72,Yes,Yes,Fiber optic,Yes,Yes,Yes,Yes,Yes,Yes,Two year,No,Credit card (automatic),117.5,No
9916-AYHTC,Tulsa,OK,74127,59,Male,No,No,No,48,Yes,No,None,No,No,No,No,No,No,Two year,No,Credit card (automatic),19.85,No
3855-ONCAR,Maud,OK,74854,24,Female,No,Yes,Yes,4,Yes,No,Fiber optic,No,No,No,No,Yes,No,Month-to-month,Yes,Mailed check,78.9,No
1488-SYSFC,Milfay,OK,74046,48,Male,No,Yes,Yes,31,Yes,No,None,No,No,No,No,No,No,Month-to-month,Yes,Electronic check,20.65,No
0970-QXPXW,Texhoma,OK,73949,64,Female,No,No,No,1,Yes,No,None,No,No,No,No,No,No,Month-to-month,No,Mailed check,19.65,No
3259-KNMRR,Vinita,OK,74301,50,Male,Yes,No,No,57,Yes,Yes,DSL,No,Yes,Yes,No,Yes,Yes,Two year,Yes,Bank transfer (automatic),79.75,No
6120-RJKLU,Edmond,OK,73003,51,Female,Yes,Yes,No,62,Yes,No,DSL,Yes,No,Yes,Yes,Yes,Yes,Two year,Yes,Credit card (automatic),79.95,No
9572-WUKSB,Sayre,OK,73662,61,Male,No,Yes,No,3,No,No,DSL,No,No,No,Yes,No,No,Month-to-month,Yes,Electronic check,29.9,No
5893-KCLGT,Heavener,OK,74937,35,Female,No,No,Yes,72,Yes,No,None,No,No,No,No,No,No,Two year,Yes,Mailed check,19.75,No
0076-LVEPS,Oklahoma City,OK,73108,56,Male,No,No,Yes,29,No,No,DSL,Yes,Yes,Yes,Yes,No,No,Month-to-month,Yes,Mailed check,45,No
3640-JQGJG,Woodward,OK,73801,58,Male,No,Yes,Yes,13,Yes,No,DSL,No,No,No,No,No,No,Month-to-month,No,Bank transfer (automatic),44.8,No
1596-OQSPS,Pittsburg,OK,74560,40,Female,No,No,No,11,Yes,No,DSL,No,Yes,No,No,No,No,Month-to-month,No,Electronic check,51.1,No
9867-XOBQA,Aline,OK,73716,47,Female,No,No,Yes,21,No,No,DSL,Yes,Yes,Yes,Yes,Yes,No,Two year,No,Mailed check,53.15,No
9546-KDTRB,Osage,OK,74054,31,Female,No,No,No,19,Yes,Yes,None,No,No,No,No,No,No,Month-to-month,No,Bank transfer (automatic),24.7,No
3174-RKMOW,Amber,OK,73004,58,Male,No,Yes,Yes,35,Yes,Yes,Fiber optic,No,Yes,Yes,Yes,Yes,Yes,Month-to-month,Yes,Electronic check,109.95,No
1760-CAZHT,Grove,OK,74344,25,Male,No,No,Yes,25,Yes,No,None,No,No,No,No,No,No,Month-to-month,No,Mailed check,20.8,No
8441-SHIPE,Oklahoma City,OK,73120,56,Female,No,No,No,67,Yes,Yes,None,No,No,No,No,No,No,Two year,Yes,Bank transfer (automatic),25.6,No
1320-GVNHT,Sentinel,OK,73664,53,Male,No,Yes,Yes,72,Yes,Yes,Fiber optic,Yes,Yes,Yes,No,Yes,Yes,Two year,Yes,Credit card (automatic),108.4,No
1047-RNXZV,Bartlesville,OK,74003,43,Male,No,No,No,43,Yes,No,None,No,No,No,No,No,No,Two year,No,Mailed check,19.55,No
3541-ZNUHK,Stuart,OK,74570,36,Female,No,Yes,Yes,55,Yes,Yes,Fiber optic,Yes,Yes,No,No,No,No,Month-to-month,Yes,Electronic check,85.1,No
8725-JEDFD,Norman,OK,73072,55,Male,No,No,No,27,Yes,No,Fiber optic,No,No,No,No,No,No,Month-to-month,Yes,Mailed check,69.05,No
7562-UXTPG,Stringtown,OK,74569,38,Female,No,No,No,13,Yes,No,Fiber optic,No,No,No,No,No,No,Month-to-month,Yes,Mailed check,70.15,No
8071-SBTRN,Hennepin,OK,73444,31,Female,No,No,No,70,Yes,Yes,Fiber optic,Yes,Yes,Yes,No,Yes,Yes,Two year,Yes,Mailed check,111.15,No
6668-CNMFP,Clayton,OK,74536,58,Female,No,Yes,Yes,19,Yes,Yes,Fiber optic,No,No,No,Yes,No,Yes,One year,Yes,Bank transfer (automatic),89.35,No
5626-MGTUK,Alderson,OK,74522,63,Female,No,No,No,20,Yes,Yes,Fiber optic,Yes,No,No,No,Yes,No,Month-to-month,Yes,Bank transfer (automatic),89.1,No
5681-LLOEI,Watts,OK,74964,35,Male,No,Yes,Yes,43,Yes,Yes,Fiber optic,Yes,No,Yes,Yes,No,No,One year,Yes,Credit card (automatic),91.25,No
8212-DJRCH,Carnegie,OK,73015,31,Male,No,Yes,Yes,5,Yes,No,Fiber optic,Yes,No,Yes,No,No,Yes,Month-to-month,Yes,Mailed check,90.35,No
4323-OHFOW,Boley,OK,74829,28,Female,Yes,Yes,No,70,Yes,Yes,Fiber optic,No,Yes,No,Yes,Yes,Yes,One year,Yes,Bank transfer (automatic),105.55,No
4933-BSAIP,Hobart,OK,73651,22,Female,No,Yes,No,40,Yes,No,None,No,No,No,No,No,No,Two year,No,Mailed check,19.1,No
2030-BTZRO,Webbers Falls,OK,74470,56,Male,No,Yes,Yes,6,Yes,No,None,No,No,No,No,No,No,Two year,Yes,Credit card (automatic),20.4,No
1116-DXXDF,Broken Arrow,OK,74012,57,Male,No,No,No,39,Yes,No,Fiber optic,Yes,No,Yes,No,Yes,Yes,Two year,Yes,Electronic check,100.45,No
6563-VNPMN,Sentinel,OK,73664,25,Female,Yes,No,No,45,Yes,No,Fiber optic,Yes,Yes,No,Yes,No,No,Month-to-month,Yes,Bank transfer (automatic),85.7,No
2267-WTPYD,Kremlin,OK,73753,64,Female,Yes,Yes,No,57,Yes,Yes,Fiber optic,No,Yes,Yes,No,No,Yes,Month-to-month,No,Credit card (automatic),94,No
0270-THENM,Tryon,OK,74875,59,Male,No,Yes,Yes,72,Yes,Yes,DSL,Yes,Yes,Yes,Yes,No,No,Two year,No,Bank transfer (automatic),69.85,No
4707-MAXGU,Antlers,OK,74523,62,Male,No,Yes,No,72,Yes,Yes,None,No,No,No,No,No,No,Two year,No,Credit card (automatic),25.85,No
2710-WYVXG,Mannford,OK,74044,24,Female,No,No,No,3,Yes,No,DSL,Yes,Yes,No,Yes,No,Yes,Two year,No,Mailed check,71.1,No
6300-BWMJX,Oklahoma City,OK,73102,55,Female,No,Yes,No,59,Yes,Yes,Fiber optic,No,No,Yes,Yes,Yes,No,Month-to-month,No,Electronic check,93.35,No
7009-LGECI,Eagletown,OK,74734,53,Female,No,No,No,4,Yes,No,DSL,Yes,No,No,No,No,No,Month-to-month,Yes,Bank transfer (automatic),50.55,No
5022-KVDQT,Carney,OK,74832,56,Male,No,No,No,27,Yes,Yes,Fiber optic,No,No,Yes,No,No,No,Month-to-month,Yes,Electronic check,81.3,No
7976-CICYS,Arcadia,OK,73007,57,Male,No,No,No,4,Yes,No,None,No,No,No,No,No,No,Month-to-month,Yes,Credit card (automatic),20.7,No
1036-GUDCL,Marietta,OK,73448,51,Male,No,Yes,Yes,60,Yes,No,DSL,Yes,Yes,No,Yes,Yes,Yes,Month-to-month,Yes,Credit card (automatic),79.05,No
2005-DWQZJ,Comanche,OK,73529,26,Female,No,Yes,Yes,8,Yes,No,None,No,No,No,No,No,No,Two year,No,Mailed check,19.05,No
8148-WOCMK,Granite,OK,73547,40,Male,No,Yes,Yes,8,Yes,No,None,No,No,No,No,No,No,Two year,No,Credit card (automatic),19.6,No
7815-PDTHL,Laverne,OK,73848,63,Male,No,No,No,35,Yes,No,None,No,No,No,No,No,No,Two year,Yes,Mailed check,20.2,No
9173-IVZVP,Laverne,OK,73848,24,Female,No,Yes,Yes,53,Yes,No,None,No,No,No,No,No,No,Two year,No,Mailed check,20.9,No
9129-UXERG,Park Hill,OK,74451,50,Female,Yes,No,No,18,Yes,Yes,Fiber optic,No,Yes,No,Yes,Yes,Yes,Month-to-month,Yes,Credit card (automatic),103.6,No
3635-JBPSG,Haileyville,OK,74546,59,Female,No,No,No,15,No,No,DSL,No,Yes,No,No,No,Yes,Two year,Yes,Mailed check,38.8,No
7964-ZRKKG,Mustang,OK,73064,33,Male,No,Yes,No,67,Yes,Yes,Fiber optic,No,Yes,No,No,Yes,No,One year,Yes,Bank transfer (automatic),88.4,No
6229-LSCKB,Kaw City,OK,74641,39,Male,Yes,No,No,6,Yes,No,Fiber optic,No,No,No,No,Yes,No,Month-to-month,Yes,Electronic check,79.7,No
1724-IQWNM,Oklahoma City,OK,73102,54,Male,No,No,Yes,1,Yes,No,None,No,No,No,No,No,No,Month-to-month,Yes,Mailed check,19.3,No
8217-QYOHV,Velma,OK,73491,38,Male,No,No,No,5,Yes,No,DSL,Yes,No,No,Yes,No,No,Month-to-month,Yes,Mailed check,55.75,No
5546-QUERU,Yukon,OK,73099,62,Male,No,No,No,13,Yes,No,None,No,No,No,No,No,No,One year,Yes,Mailed check,19.95,No
6897-UUBNU,Oklahoma City,OK,73127,36,Male,No,No,No,29,Yes,No,Fiber optic,No,Yes,No,Yes,Yes,No,Month-to-month,No,Mailed check,89.65,No
6127-IYJOZ,Oklahoma City,OK,73121,36,Male,Yes,No,No,1,Yes,No,DSL,No,No,No,No,No,No,Month-to-month,Yes,Mailed check,45.85,No
8930-XOTDP,Edmond,OK,73012,45,Female,No,Yes,Yes,18,Yes,No,DSL,No,No,No,No,Yes,No,Month-to-month,No,Mailed check,55.95,No
5916-QEWPT,Lenapah,OK,74042,24,Female,No,Yes,No,2,Yes,No,DSL,No,No,Yes,No,Yes,Yes,Month-to-month,No,Credit card (automatic),69,No
5060-TQUQN,Tulsa,OK,74128,20,Male,No,Yes,Yes,30,Yes,Yes,Fiber optic,No,Yes,No,Yes,No,No,Month-to-month,Yes,Bank transfer (automatic),83.55,No
0531-XBKMM,Norman,OK,73019,49,Male,No,No,Yes,66,Yes,Yes,DSL,Yes,Yes,No,Yes,No,No,Two year,No,Bank transfer (automatic),65.7,No
8465-SBRXP,Goodwell,OK,73939,59,Male,No,Yes,Yes,38,Yes,Yes,Fiber optic,No,No,Yes,Yes,Yes,No,Two year,Yes,Bank transfer (automatic),94.9,No
2408-PSJVE,Leon,OK,73441,26,Male,No,Yes,Yes,44,Yes,No,DSL,No,Yes,Yes,Yes,No,No,Month-to-month,Yes,Mailed check,61.9,No
9700-ZCLOT,Canute,OK,73626,54,Male,No,No,No,2,Yes,No,None,No,No,No,No,No,No,Month-to-month,No,Mailed check,20,No
8738-JOKAR,Ardmore,OK,73401,64,Female,No,No,No,42,Yes,No,DSL,Yes,Yes,No,Yes,No,Yes,One year,Yes,Mailed check,67.7,No
4534-WGCIR,Catoosa,OK,74015,48,Female,No,Yes,Yes,58,Yes,Yes,None,No,No,No,No,No,No,Two year,No,Credit card (automatic),25.15,No
1930-WNXSB,Schulter,OK,74460,49,Male,No,Yes,Yes,58,Yes,No,Fiber optic,No,Yes,No,No,Yes,Yes,Month-to-month,Yes,Electronic check,92.85,No
3508-CFVZL,Spencer,OK,73084,44,Female,No,No,No,71,Yes,Yes,Fiber optic,Yes,Yes,Yes,Yes,Yes,Yes,Two year,No,Mailed check,111.3,No
0657-DOGUM,El Reno,OK,73036,37,Female,No,Yes,No,48,Yes,Yes,DSL,Yes,No,No,Yes,No,No,One year,Yes,Bank transfer (automatic),60.6,No
8792-AOROI,Moyers,OK,74557,27,Female,No,Yes,No,8,Yes,No,DSL,Yes,No,No,Yes,No,Yes,Two year,No,Mailed check,65.5,No
5146-YYFRZ,Colbert,OK,74733,42,Male,No,No,No,67,Yes,No,None,No,No,No,No,No,No,Two year,No,Bank transfer (automatic),19.95,No
3452-SRFEG,Tipton,OK,73570,39,Male,No,No,No,49,Yes,Yes,Fiber optic,No,No,No,No,No,No,Month-to-month,Yes,Bank transfer (automatic),74.6,No
4070-OKWVH,Altus,OK,73521,33,Female,No,Yes,No,52,Yes,Yes,Fiber optic,No,Yes,Yes,No,Yes,No,Month-to-month,No,Bank transfer (automatic),94.6,No
5297-MDOIR,Okemah,OK,74859,61,Female,No,Yes,No,63,Yes,No,Fiber optic,Yes,No,Yes,No,No,No,One year,Yes,Credit card (automatic),81.15,No
6369-MCAKO,Mcalester,OK,74501,19,Female,No,Yes,Yes,68,Yes,Yes,DSL,Yes,Yes,Yes,Yes,Yes,Yes,Two year,Yes,Bank transfer (automatic),89.05,No
4926-UMJZD,Fairview,OK,73737,37,Female,No,Yes,No,31,Yes,No,DSL,No,No,No,Yes,No,No,Month-to-month,Yes,Mailed check,49.2,No
6848-HJTXY,Idabel,OK,74745,32,Female,No,Yes,No,64,Yes,No,None,No,No,No,No,No,No,Two year,No,Credit card (automatic),19.45,No
6341-AEVKX,Fittstown,OK,74842,41,Female,No,Yes,No,62,Yes,No,Fiber optic,Yes,No,Yes,Yes,Yes,Yes,One year,Yes,Electronic check,104.3,No
0682-USIXD,Carrier,OK,73727,46,Female,No,Yes,No,21,Yes,No,Fiber optic,No,No,No,Yes,Yes,No,Month-to-month,Yes,Electronic check,86.05,No
6976-BWGLQ,Dougherty,OK,73032,55,Female,No,Yes,Yes,72,Yes,Yes,None,No,No,No,No,No,No,Two year,No,Bank transfer (automatic),25.2,No
7078-NVFAM,Arcadia,OK,73007,56,Female,No,Yes,Yes,32,No,No,DSL,Yes,Yes,No,No,No,No,Month-to-month,Yes,Electronic check,35.15,No
8065-QBYTO,Tulsa,OK,74134,38,Female,Yes,No,No,71,Yes,Yes,Fiber optic,Yes,Yes,No,Yes,Yes,No,One year,Yes,Credit card (automatic),99.65,No
2133-TSRRM,Dustin,OK,74839,55,Female,No,No,Yes,34,Yes,No,Fiber optic,Yes,Yes,Yes,No,Yes,Yes,Month-to-month,Yes,Bank transfer (automatic),105.35,No
2511-ALLCS,Edmond,OK,73013,35,Female,No,Yes,Yes,35,Yes,Yes,None,No,No,No,No,No,No,Two year,No,Bank transfer (automatic),24.3,No
3191-CSNMG,Vinita,OK,74301,23,Female,No,Yes,Yes,3,Yes,No,Fiber optic,No,No,No,No,Yes,No,Month-to-month,Yes,Electronic check,80.7,No
7952-OBOYL,Eldorado,OK,73537,32,Male,No,No,No,3,Yes,No,Fiber optic,No,No,Yes,Yes,Yes,No,Month-to-month,Yes,Mailed check,89.85,No
7470-DYNOE,Tulsa,OK,74145,39,Male,No,No,No,53,Yes,No,DSL,No,No,Yes,No,No,Yes,One year,Yes,Electronic check,61.1,No
7853-OETYL,Fargo,OK,73840,60,Female,No,Yes,No,4,No,No,DSL,Yes,No,No,No,No,No,Month-to-month,Yes,Electronic check,29.05,No
1545-ACTAS,Rosston,OK,73855,20,Female,No,Yes,Yes,48,Yes,No,Fiber optic,Yes,No,Yes,No,Yes,Yes,One year,Yes,Bank transfer (automatic),99.7,No
5126-RCXYW,Valliant,OK,74764,50,Male,No,Yes,Yes,54,No,No,DSL,No,No,Yes,Yes,No,Yes,Two year,No,Credit card (automatic),46,No
2363-BJLSL,Kremlin,OK,73753,51,Male,No,No,No,62,Yes,No,DSL,No,Yes,Yes,Yes,Yes,Yes,Month-to-month,Yes,Bank transfer (automatic),80.4,No
1956-YIFGE,Langston,OK,73050,41,Male,No,Yes,Yes,22,Yes,No,Fiber optic,No,Yes,Yes,No,Yes,Yes,One year,Yes,Mailed check,100.05,No
7921-LMDFQ,Addington,OK,73520,37,Male,Yes,No,No,51,Yes,No,Fiber optic,No,No,Yes,No,Yes,Yes,One year,Yes,Bank transfer (automatic),94,No
2925-MXLSX,Marland,OK,74644,40,Female,No,No,No,30,Yes,Yes,DSL,No,Yes,Yes,No,Yes,No,One year,Yes,Credit card (automatic),68.95,No
5820-PTRYM,Crescent,OK,73028,64,Female,Yes,Yes,No,56,Yes,Yes,DSL,Yes,Yes,Yes,Yes,No,No,One year,Yes,Credit card (automatic),68.45,No
9609-BENEA,Cleveland,OK,74020,57,Male,No,Yes,No,35,Yes,Yes,DSL,No,Yes,No,Yes,Yes,No,One year,Yes,Electronic check,69,No
6211-WHMYA,Manitou,OK,73555,47,Female,Yes,No,No,64,No,No,DSL,No,Yes,No,Yes,Yes,No,Month-to-month,Yes,Electronic check,43.85,No
4459-BBGHE,Ames,OK,73718,38,Male,No,No,Yes,30,No,No,DSL,No,No,No,No,Yes,Yes,Month-to-month,Yes,Electronic check,44.5,No
9945-PSVIP,Mcalester,OK,74501,57,Female,No,Yes,Yes,25,Yes,No,None,No,No,No,No,No,No,Two year,Yes,Mailed check,18.7,No
9108-EJFJP,Blanco,OK,74528,24,Female,No,Yes,No,1,Yes,No,DSL,Yes,Yes,No,No,No,No,Month-to-month,Yes,Mailed check,53.55,No
0530-IJVDB,Oklahoma City,OK,73122,37,Male,No,No,Yes,70,Yes,Yes,Fiber optic,Yes,Yes,Yes,Yes,Yes,Yes,Two year,Yes,Electronic check,114.6,No
0508-SQWPL,Milburn,OK,73450,40,Female,No,Yes,Yes,57,Yes,No,None,No,No,No,No,No,No,Two year,Yes,Bank transfer (automatic),20.1,No
2215-ZAFGX,Anadarko,OK,73005,53,Male,No,No,No,9,Yes,Yes,Fiber optic,No,No,No,No,Yes,No,Month-to-month,Yes,Electronic check,85.5,No
8213-TAZPM,Ramona,OK,74061,41,Female,No,Yes,Yes,69,Yes,Yes,Fiber optic,No,Yes,Yes,Yes,Yes,Yes,One year,Yes,Bank transfer (automatic),108.75,No
1304-SEGFY,Cookson,OK,74427,49,Female,No,Yes,No,72,Yes,Yes,Fiber optic,No,No,Yes,No,Yes,Yes,Two year,Yes,Electronic check,97.85,No
7242-EDTYC,Wapanucka,OK,73461,36,Male,No,No,Yes,44,Yes,No,None,No,No,No,No,No,No,Two year,No,Bank transfer (automatic),19.55,No
2904-GGUAZ,Ratliff City,OK,73481,37,Female,No,Yes,No,72,Yes,Yes,Fiber optic,Yes,Yes,No,No,No,No,Two year,Yes,Bank transfer (automatic),84.05,No
5136-GFPMB,Oklahoma City,OK,73149,50,Male,No,No,No,54,Yes,Yes,Fiber optic,No,No,Yes,No,No,Yes,Month-to-month,No,Credit card (automatic),89.4,No
2595-KIWPV,El Reno,OK,73036,61,Male,No,No,Yes,27,Yes,No,None,No,No,No,No,No,No,Two year,No,Credit card (automatic),19.7,No
5243-SAOTC,Catoosa,OK,74015,36,Male,No,No,No,54,Yes,Yes,Fiber optic,No,Yes,No,No,No,No,Month-to-month,Yes,Bank transfer (automatic),79.85,No
9398-MMQTO,Oklahoma City,OK,73109,21,Male,No,No,No,3,Yes,No,Fiber optic,No,Yes,No,No,No,No,Month-to-month,No,Credit card (automatic),74.45,No
7619-PLRLP,Porter,OK,74454,36,Female,No,Yes,No,53,Yes,Yes,DSL,Yes,Yes,Yes,No,No,Yes,One year,No,Bank transfer (automatic),74.1,No
6508-NJYRO,Carrier,OK,73727,32,Male,No,Yes,No,15,Yes,No,None,No,No,No,No,No,No,One year,No,Mailed check,18.8,No
4710-NKCAW,Putnam,OK,73659,35,Male,No,Yes,Yes,5,Yes,Yes,DSL,Yes,Yes,No,Yes,No,No,Month-to-month,No,Credit card (automatic),64.4,No
5306-BVTKJ,Tryon,OK,74875,45,Male,No,Yes,Yes,48,Yes,No,DSL,No,Yes,Yes,No,No,No,One year,Yes,Credit card (automatic),55.8,No
0357-NVCRI,Carrier,OK,73727,57,Female,No,No,Yes,25,Yes,No,None,No,No,No,No,No,No,Month-to-month,No,Credit card (automatic),20.05,No
2371-KFUOG,Clinton,OK,73601,48,Male,No,No,No,58,Yes,No,Fiber optic,Yes,Yes,No,No,Yes,Yes,One year,No,Bank transfer (automatic),99.15,No
0463-ZSDNT,Eucha,OK,74342,24,Male,No,No,No,10,Yes,No,DSL,No,No,No,No,No,Yes,Month-to-month,Yes,Bank transfer (automatic),56.75,No
6257-DTAYD,Hugo,OK,74743,44,Male,No,Yes,No,71,Yes,Yes,Fiber optic,No,Yes,No,Yes,Yes,Yes,Two year,Yes,Credit card (automatic),104.15,No
4616-ULAOA,Omega,OK,73764,48,Female,No,Yes,Yes,65,Yes,Yes,Fiber optic,No,Yes,Yes,Yes,Yes,Yes,Two year,Yes,Credit card (automatic),110.8,No
7746-AWNQW,Forgan,OK,73938,36,Female,No,No,No,28,No,No,DSL,No,No,Yes,Yes,No,No,Month-to-month,Yes,Mailed check,35.75,No
5996-EBTKM,Jennings,OK,74038,41,Female,No,Yes,Yes,67,Yes,Yes,DSL,No,No,Yes,Yes,No,Yes,Two year,Yes,Bank transfer (automatic),69.9,No
2758-RNWXS,Blanchard,OK,73010,41,Male,No,No,No,35,Yes,No,Fiber optic,Yes,No,No,Yes,No,Yes,One year,Yes,Electronic check,89.2,No
2314-TNDJQ,Lawton,OK,73505,36,Female,No,Yes,Yes,72,No,No,DSL,Yes,Yes,Yes,Yes,No,Yes,Two year,No,Credit card (automatic),55.65,No
2405-LBMUW,Oklahoma City,OK,73149,42,Female,No,Yes,Yes,61,No,No,DSL,Yes,Yes,No,Yes,No,Yes,One year,Yes,Bank transfer (automatic),50.7,No
3454-JFUBC,Manchester,OK,73758,20,Male,Yes,No,No,68,Yes,No,None,No,No,No,No,No,No,Two year,Yes,Credit card (automatic),20,No
9039-ZVJDC,Tatums,OK,73487,41,Male,No,No,No,3,Yes,No,None,No,No,No,No,No,No,Month-to-month,Yes,Mailed check,19.1,No
9013-AQORL,Cache,OK,73527,54,Female,No,No,Yes,48,No,No,DSL,No,Yes,Yes,No,No,Yes,Month-to-month,No,Credit card (automatic),45.55,No
2898-MRKPI,Freedom,OK,73842,23,Male,No,Yes,Yes,68,Yes,Yes,Fiber optic,No,Yes,No,No,Yes,Yes,One year,Yes,Credit card (automatic),101.05,No
2750-BJLSB,Hennessey,OK,73742,27,Female,No,No,No,47,Yes,No,Fiber optic,Yes,No,Yes,Yes,Yes,Yes,One year,Yes,Electronic check,103.7,No
3648-GZPHF,Frederick,OK,73542,33,Male,No,Yes,Yes,32,No,No,DSL,No,No,Yes,Yes,No,No,One year,Yes,Mailed check,36.25,No
2075-RMJIK,Shattuck,OK,73858,62,Female,No,Yes,Yes,5,Yes,No,DSL,Yes,No,No,No,No,No,Month-to-month,Yes,Mailed check,49.4,No
9588-YRFHY,Bessie,OK,73622,46,Male,No,No,No,49,Yes,No,None,No,No,No,No,No,No,Two year,Yes,Credit card (automatic),19.9,No
9364-YKUVW,Newkirk,OK,74647,60,Male,No,No,No,15,Yes,No,None,No,No,No,No,No,No,Month-to-month,Yes,Mailed check,19.8,No
5392-AKEMH,Disney,OK,74340,28,Female,No,No,No,12,Yes,No,DSL,No,No,No,No,No,No,Month-to-month,Yes,Electronic check,45.05,No
2451-YMUXS,Slick,OK,74071,25,Male,Yes,No,No,67,Yes,Yes,DSL,Yes,Yes,No,Yes,No,No,Two year,Yes,Bank transfer (automatic),64.55,No
3914-FDRHP,Oklahoma City,OK,73130,49,Male,No,No,No,9,Yes,No,Fiber optic,No,No,No,Yes,Yes,No,Month-to-month,No,Electronic check,86.25,No
3078-ZKNTS,Billings,OK,74630,26,Female,No,Yes,Yes,13,Yes,No,None,No,No,No,No,No,No,Two year,Yes,Bank transfer (automatic),19.75,No
1024-KPRBB,Marlow,OK,73055,36,Female,No,No,No,38,Yes,No,Fiber optic,No,No,No,No,Yes,Yes,One year,Yes,Mailed check,89.1,No
4690-PKDQG,Morris,OK,74445,32,Female,Yes,Yes,No,42,Yes,Yes,Fiber optic,No,Yes,Yes,No,Yes,No,Month-to-month,Yes,Electronic check,95.55,No
9547-ITEFG,Stuart,OK,74570,48,Male,No,Yes,Yes,9,Yes,Yes,Fiber optic,No,Yes,Yes,No,Yes,Yes,Month-to-month,Yes,Credit card (automatic),102.6,No
1264-FUHCX,Broken Arrow,OK,74012,54,Female,No,Yes,No,49,No,No,DSL,No,Yes,No,Yes,Yes,Yes,One year,Yes,Credit card (automatic),56.3,No
7789-CRUVC,Tulsa,OK,74120,19,Female,Yes,Yes,No,61,Yes,Yes,Fiber optic,Yes,Yes,Yes,Yes,No,No,Month-to-month,Yes,Credit card (automatic),94.2,No
6598-KELSS,Edmond,OK,73013,53,Male,No,No,Yes,50,No,No,DSL,Yes,Yes,No,No,Yes,No,One year,Yes,Bank transfer (automatic),43.05,No
9972-VAFJJ,Dewey,OK,74029,50,Female,Yes,Yes,No,53,Yes,No,Fiber optic,No,Yes,Yes,Yes,Yes,No,One year,Yes,Electronic check,94,No
0422-UXFAP,Deer Creek,OK,74636,25,Female,No,Yes,No,51,Yes,Yes,Fiber optic,No,No,Yes,No,Yes,Yes,One year,Yes,Electronic check,98.85,No
1904-WAJAA,Talala,OK,74080,45,Female,No,Yes,Yes,24,Yes,Yes,DSL,Yes,Yes,Yes,No,No,No,Two year,No,Electronic check,64.35,No
5130-YPIRV,Keota,OK,74941,63,Female,No,Yes,No,62,Yes,No,DSL,Yes,Yes,Yes,No,Yes,No,Two year,Yes,Credit card (automatic),72,No
2843-CQMEG,Edmond,OK,73012,32,Male,No,No,No,24,Yes,No,DSL,No,Yes,No,No,No,No,Month-to-month,Yes,Mailed check,49.7,No
6439-PKTRR,Welch,OK,74369,51,Female,No,Yes,Yes,70,Yes,Yes,DSL,Yes,Yes,Yes,Yes,Yes,No,Two year,No,Electronic check,80.7,No
5351-QESIO,Claremore,OK,74019,40,Male,No,No,Yes,1,No,No,DSL,No,No,No,No,No,No,Month-to-month,No,Mailed check,24.2,No
5568-DMXZS,Stratford,OK,74872,34,Female,No,No,No,8,Yes,No,DSL,No,Yes,No,Yes,Yes,No,Month-to-month,Yes,Electronic check,65.45,No
8468-FZTOE,Fairview,OK,73737,23,Female,No,Yes,Yes,72,Yes,No,DSL,Yes,Yes,Yes,Yes,No,Yes,Two year,Yes,Electronic check,74.35,No
6633-SYEUS,Lone Wolf,OK,73655,22,Female,No,No,No,23,Yes,No,Fiber optic,No,Yes,Yes,Yes,No,No,Month-to-month,No,Bank transfer (automatic),83.2,No
6447-GORXK,Duke,OK,73532,21,Male,No,No,Yes,31,No,No,DSL,No,No,No,No,No,No,Month-to-month,No,Credit card (automatic),25,No
6967-PEJLL,Wynona,OK,74084,50,Male,No,Yes,Yes,37,No,No,DSL,Yes,No,Yes,Yes,No,No,One year,Yes,Electronic check,40.2,No
5981-ZVXOT,Fitzhugh,OK,74843,64,Female,Yes,No,No,35,Yes,Yes,Fiber optic,Yes,Yes,Yes,No,Yes,Yes,One year,Yes,Electronic check,108.35,No
1684-FLBGS,Blanchard,OK,73010,36,Female,No,Yes,Yes,23,Yes,Yes,DSL,No,Yes,No,Yes,Yes,No,Month-to-month,Yes,Credit card (automatic),69.5,No
1389-WNUIB,Oklahoma City,OK,73106,61,Female,No,Yes,Yes,20,Yes,Yes,DSL,Yes,No,No,No,Yes,Yes,One year,No,Bank transfer (automatic),76,No
0376-OIWME,Putnam,OK,73659,23,Male,No,Yes,No,36,Yes,No,Fiber optic,Yes,No,No,No,Yes,Yes,Month-to-month,Yes,Electronic check,93.6,No
0218-QNVAS,Ketchum,OK,74349,20,Male,No,Yes,Yes,71,Yes,Yes,Fiber optic,No,Yes,No,No,Yes,Yes,One year,No,Bank transfer (automatic),100.55,No
0804-YGEQV,Honobia,OK,74549,23,Female,No,Yes,Yes,43,Yes,Yes,None,No,No,No,No,No,No,One year,Yes,Bank transfer (automatic),24.45,No
7164-BPTUT,Oklahoma City,OK,73103,60,Male,No,No,Yes,57,Yes,Yes,DSL,Yes,Yes,Yes,Yes,Yes,Yes,Two year,No,Mailed check,89.55,No
2523-EWWZL,Medford,OR,97504,21,Female,No,Yes,No,27,Yes,No,Fiber optic,No,Yes,No,No,No,No,Month-to-month,Yes,Electronic check,76.1,No
0928-XUTSN,Silverton,OR,97381,24,Female,No,No,No,13,Yes,No,Fiber optic,No,No,No,No,No,Yes,Month-to-month,Yes,Electronic check,80.5,No
0052-YNYOT,Oceanside,OR,97134,22,Female,No,No,No,67,Yes,No,None,No,No,No,No,No,No,One year,No,Electronic check,20.55,No
9586-JGQKH,John Day,OR,97845,59,Female,No,Yes,No,64,Yes,Yes,Fiber optic,No,Yes,No,Yes,Yes,Yes,Two year,Yes,Bank transfer (automatic),105.4,No
4501-VCPFK,Powell Butte,OR,97753,55,Male,No,No,No,26,No,No,DSL,No,No,Yes,Yes,No,No,Month-to-month,No,Electronic check,35.75,No
6075-SLNIL,Bridgeport,OR,97819,26,Male,No,No,No,38,Yes,Yes,Fiber optic,No,Yes,Yes,No,No,Yes,Month-to-month,Yes,Credit card (automatic),95.1,No
9347-AERRL,Blodgett,OR,97326,22,Male,No,Yes,No,23,Yes,No,None,No,No,No,No,No,No,One year,No,Credit card (automatic),19.3,No
2274-XUATA,Dundee,OR,97115,28,Male,Yes,Yes,No,72,No,No,DSL,Yes,Yes,Yes,Yes,Yes,Yes,Two year,Yes,Bank transfer (automatic),63.1,No
6691-CCIHA,Redmond,OR,97756,61,Female,No,Yes,No,62,Yes,Yes,DSL,Yes,Yes,No,Yes,Yes,Yes,Two year,Yes,Electronic check,84.95,No
1685-BQULA,Astoria,OR,97103,25,Female,No,No,No,40,Yes,Yes,Fiber optic,No,Yes,Yes,No,Yes,No,Month-to-month,Yes,Bank transfer (automatic),93.4,No
9053-EJUNL,Pendleton,OR,97801,47,Male,No,No,No,41,Yes,Yes,Fiber optic,No,Yes,No,No,Yes,No,Month-to-month,Yes,Electronic check,89.2,No
0666-UXTJO,Tenmile,OR,97481,60,Male,Yes,Yes,No,34,Yes,No,Fiber optic,No,No,Yes,No,Yes,No,Month-to-month,Yes,Credit card (automatic),85.2,No
1471-GIQKQ,Gales Creek,OR,97117,46,Female,No,No,No,1,Yes,No,DSL,No,Yes,No,No,No,No,Month-to-month,No,Electronic check,49.95,No
4807-IZYOZ,Woodburn,OR,97071,54,Female,No,No,No,51,Yes,No,None,No,No,No,No,No,No,Two year,No,Bank transfer (automatic),20.65,No
9710-NJERN,Creswell,OR,97426,35,Female,No,No,No,39,Yes,No,None,No,No,No,No,No,No,Two year,No,Mailed check,20.15,No
9837-FWLCH,Beaver,OR,97108,37,Male,No,Yes,Yes,12,Yes,No,None,No,No,No,No,No,No,Month-to-month,Yes,Electronic check,19.2,No
7203-OYKCT,Jones,OK,73049,25,Male,No,No,No,72,Yes,Yes,Fiber optic,No,Yes,Yes,No,Yes,Yes,One year,Yes,Electronic check,104.95,No
1035-IPQPU,Sasakwa,OK,74867,30,Female,Yes,Yes,No,63,Yes,Yes,Fiber optic,No,Yes,Yes,No,Yes,Yes,Month-to-month,Yes,Electronic check,103.5,No
7398-LXGYX,Mannford,OK,74044,39,Male,No,Yes,No,44,Yes,Yes,Fiber optic,Yes,No,Yes,No,No,No,Month-to-month,Yes,Credit card (automatic),84.8,No
2823-LKABH,Burlington,OK,73722,45,Female,No,No,No,18,Yes,Yes,Fiber optic,No,No,Yes,Yes,No,Yes,Month-to-month,Yes,Bank transfer (automatic),95.05,No
0550-DCXLH,Nowata,OK,74048,53,Male,No,No,No,13,Yes,No,DSL,No,Yes,No,Yes,Yes,Yes,Month-to-month,No,Mailed check,73.35,No
9281-CEDRU,Salina,OK,74365,51,Female,No,Yes,No,68,Yes,No,DSL,No,Yes,No,Yes,Yes,No,Two year,No,Bank transfer (automatic),64.1,No
2235-DWLJU,Cordell,OK,73632,64,Female,Yes,No,No,6,No,No,DSL,No,No,No,No,Yes,Yes,Month-to-month,Yes,Electronic check,44.4,No
0871-OPBXW,Tulsa,OK,74106,23,Female,No,No,No,2,Yes,No,None,No,No,No,No,No,No,Month-to-month,Yes,Mailed check,20.05,No
3605-JISKB,Hanna,OK,74845,57,Male,Yes,Yes,No,55,Yes,Yes,DSL,Yes,Yes,No,No,No,No,One year,No,Credit card (automatic),60,No
9767-FFLEM,Yamhill,OR,97148,63,Male,No,No,No,38,Yes,No,Fiber optic,No,No,No,No,No,No,Month-to-month,Yes,Credit card (automatic),69.5,No
8456-QDAVC,Roseburg,OR,97470,57,Male,No,No,No,19,Yes,No,Fiber optic,No,No,No,No,Yes,No,Month-to-month,Yes,Bank transfer (automatic),78.7,No
7750-EYXWZ,Reedsport,OR,97467,62,Female,No,No,No,12,No,No,DSL,No,Yes,Yes,Yes,Yes,Yes,One year,No,Electronic check,60.65,No
2569-WGERO,Elmira,OR,97437,30,Female,No,No,No,72,Yes,No,None,No,No,No,No,No,No,Two year,Yes,Bank transfer (automatic),21.15,No
6840-RESVB,Oxbow,OR,97840,38,Male,No,Yes,Yes,24,Yes,Yes,DSL,Yes,No,Yes,Yes,Yes,Yes,One year,Yes,Mailed check,84.8,No
2234-XADUH,Vernonia,OR,97064,30,Female,No,Yes,Yes,72,Yes,Yes,Fiber optic,No,Yes,Yes,No,Yes,Yes,One year,Yes,Credit card (automatic),103.2,No
4801-JZAZL,Gilchrist,OR,97737,32,Female,No,Yes,Yes,11,No,No,DSL,Yes,No,No,No,No,No,Month-to-month,Yes,Electronic check,29.6,No
3186-AJIEK,Bonanza,OR,97623,44,Male,No,No,No,66,Yes,No,Fiber optic,Yes,No,Yes,Yes,Yes,Yes,Two year,Yes,Bank transfer (automatic),105.65,No
